N,M_configured_slots,frequency_Hz,FULL_Mbit_s,DELTA_K0_Mbit_s,DELTA_K240_Mbit_s,DELTA_K480_Mbit_s,USB_raw_Mbit_s,q_ESKF_total,T_sync_s,DELTA_K0_no_ESKF_bound_Mbit_s,DELTA_K240_no_ESKF_bound_Mbit_s,DELTA_K480_no_ESKF_bound_Mbit_s
1,4,0,0.0,0.0,0.0,0.0,480.0,0.0,1.0,0.0,0.0,0.0
1,4,25,0.2168,0.03248,0.12463999999999999,0.2168,480.0,0.04,1.0,0.0248,0.1208,0.2168
1,4,50,0.4336,0.05727999999999999,0.24544,0.4336,480.0,0.02,1.0,0.0496,0.2416,0.4336
1,4,75,0.6504,0.08208,0.36624,0.6504,480.0,0.013333333333333334,1.0,0.0744,0.3624,0.6504
1,4,100,0.8672,0.10688,0.4870400000000001,0.8672,480.0,0.01,1.0,0.0992,0.4832,0.8672
1,4,125,1.084,0.13168,0.6078399999999999,1.084,480.0,0.008,1.0,0.124,0.604,1.084
1,4,150,1.3008,0.15648,0.72864,1.3008,480.0,0.006666666666666667,1.0,0.1488,0.7248,1.3008
1,4,175,1.5176,0.18128,0.84944,1.5176,480.0,0.005714285714285714,1.0,0.1736,0.8456,1.5176
1,4,200,1.7344,0.20608000000000004,0.97024,1.7344,480.0,0.005,1.0,0.1984,0.9664,1.7344
1,4,225,1.9512,0.23087999999999997,1.09104,1.9512,480.0,0.0044444444444444444,1.0,0.2232,1.0872,1.9512
1,4,250,2.168,0.25568,1.2118400000000003,2.168,480.0,0.004,1.0,0.248,1.208,2.168
1,4,275,2.3848,0.28048,1.3326399999999998,2.3848,480.0,0.0036363636363636364,1.0,0.2728,1.3288,2.3848
1,4,300,2.6016,0.30528,1.45344,2.6016,480.0,0.0033333333333333335,1.0,0.2976,1.4496,2.6016
1,4,325,2.8184,0.33008,1.57424,2.8184,480.0,0.003076923076923077,1.0,0.3224,1.5704,2.8184
1,4,350,3.0352,0.35488,1.6950399999999997,3.0352,480.0,0.002857142857142857,1.0,0.3472,1.6912,3.0352
1,4,375,3.252,0.37968,1.81584,3.252,480.0,0.0026666666666666666,1.0,0.372,1.812,3.252
1,4,400,3.4688,0.40448,1.9366400000000001,3.4688,480.0,0.0025,1.0,0.3968,1.9328,3.4688
1,4,425,3.6856,0.42928,2.0574400000000006,3.6856,480.0,0.002352941176470588,1.0,0.4216,2.0536,3.6856
1,4,450,3.9024,0.45408,2.17824,3.9024,480.0,0.0022222222222222222,1.0,0.4464,2.1744,3.9024
1,4,475,4.1192,0.4788799999999999,2.2990400000000006,4.1192,480.0,0.002105263157894737,1.0,0.4712,2.2952,4.1192
1,4,500,4.336,0.5036799999999999,2.4198399999999993,4.336,480.0,0.002,1.0,0.496,2.416,4.336
1,4,525,4.5528,0.52848,2.54064,4.552800000000001,480.0,0.0019047619047619048,1.0,0.5208,2.5368,4.5528
1,4,550,4.7696,0.55328,2.66144,4.7696,480.0,0.0018181818181818182,1.0,0.5456,2.6576,4.7696
1,4,575,4.9864,0.57808,2.78224,4.9864,480.0,0.0017391304347826088,1.0,0.5704,2.7784,4.9864
1,4,600,5.2032,0.60288,2.90304,5.2032,480.0,0.0016666666666666668,1.0,0.5952,2.8992,5.2032
1,4,625,5.42,0.62768,3.0238399999999994,5.42,480.0,0.0016,1.0,0.62,3.02,5.42
1,4,650,5.6368,0.65248,3.1446399999999994,5.6368,480.0,0.0015384615384615385,1.0,0.6448,3.1408,5.6368
1,4,675,5.8536,0.67728,3.2654399999999995,5.8536,480.0,0.0014814814814814814,1.0,0.6696,3.2616,5.8536
1,4,700,6.0704,0.70208,3.38624,6.0704,480.0,0.0014285714285714286,1.0,0.6944,3.3824,6.0704
2,4,0,0.0,0.0,0.0,0.0,480.0,0.0,1.0,0.0,0.0,0.0
2,4,25,0.4256,0.05696,0.24127999999999997,0.4256,480.0,0.04,1.0,0.0416,0.2336,0.4256
2,4,50,0.8512,0.09855999999999998,0.47488,0.8512,480.0,0.02,1.0,0.0832,0.4672,0.8512
2,4,75,1.2768,0.14016,0.70848,1.2768,480.0,0.013333333333333334,1.0,0.1248,0.7008,1.2768
2,4,100,1.7024,0.18176,0.9420800000000001,1.7024,480.0,0.01,1.0,0.1664,0.9344,1.7024
2,4,125,2.128,0.22336,1.1756799999999998,2.128,480.0,0.008,1.0,0.208,1.168,2.128
2,4,150,2.5536,0.26496,1.40928,2.5536,480.0,0.006666666666666667,1.0,0.2496,1.4016,2.5536
2,4,175,2.9792,0.30656,1.64288,2.9792,480.0,0.005714285714285714,1.0,0.2912,1.6352,2.9792
2,4,200,3.4048,0.34816,1.87648,3.4048,480.0,0.005,1.0,0.3328,1.8688,3.4048
2,4,225,3.8304,0.38976,2.11008,3.8304,480.0,0.0044444444444444444,1.0,0.3744,2.1024,3.8304
2,4,250,4.256,0.43136,2.3436800000000004,4.256,480.0,0.004,1.0,0.416,2.336,4.256
2,4,275,4.6816,0.47296,2.5772799999999996,4.6816,480.0,0.0036363636363636364,1.0,0.4576,2.5696,4.6816
2,4,300,5.1072,0.51456,2.81088,5.1072,480.0,0.0033333333333333335,1.0,0.4992,2.8032,5.1072
2,4,325,5.5328,0.55616,3.04448,5.5328,480.0,0.003076923076923077,1.0,0.5408,3.0368,5.5328
2,4,350,5.9584,0.59776,3.2780799999999997,5.9584,480.0,0.002857142857142857,1.0,0.5824,3.2704,5.9584
2,4,375,6.384,0.63936,3.51168,6.384,480.0,0.0026666666666666666,1.0,0.624,3.504,6.384
2,4,400,6.8096,0.68096,3.7452800000000006,6.8096,480.0,0.0025,1.0,0.6656,3.7376,6.8096
2,4,425,7.2352,0.72256,3.978880000000001,7.2352,480.0,0.002352941176470588,1.0,0.7072,3.9712,7.2352
2,4,450,7.6608,0.76416,4.21248,7.6608,480.0,0.0022222222222222222,1.0,0.7488,4.2048,7.6608
2,4,475,8.0864,0.8057599999999999,4.446080000000001,8.0864,480.0,0.002105263157894737,1.0,0.7904,4.4384,8.0864
2,4,500,8.512,0.8473599999999999,4.679679999999999,8.512,480.0,0.002,1.0,0.832,4.672,8.512
2,4,525,8.9376,0.8889600000000001,4.91328,8.937600000000002,480.0,0.0019047619047619048,1.0,0.8736,4.9056,8.9376
2,4,550,9.3632,0.9305599999999998,5.14688,9.3632,480.0,0.0018181818181818182,1.0,0.9152,5.1392,9.3632
2,4,575,9.7888,0.9721599999999999,5.38048,9.7888,480.0,0.0017391304347826088,1.0,0.9568,5.3728,9.7888
2,4,600,10.2144,1.01376,5.61408,10.2144,480.0,0.0016666666666666668,1.0,0.9984,5.6064,10.2144
2,4,625,10.64,1.05536,5.847679999999999,10.64,480.0,0.0016,1.0,1.04,5.84,10.64
2,4,650,11.0656,1.09696,6.081279999999999,11.0656,480.0,0.0015384615384615385,1.0,1.0816,6.0736,11.0656
2,4,675,11.4912,1.13856,6.314879999999999,11.4912,480.0,0.0014814814814814814,1.0,1.1232,6.3072,11.4912
2,4,700,11.9168,1.18016,6.54848,11.9168,480.0,0.0014285714285714286,1.0,1.1648,6.5408,11.9168
3,4,0,0.0,0.0,0.0,0.0,480.0,0.0,1.0,0.0,0.0,0.0
3,4,25,0.6344,0.08144000000000001,0.35792,0.6344,480.0,0.04,1.0,0.0584,0.3464,0.6344
3,4,50,1.2688,0.13984,0.7043200000000002,1.2688,480.0,0.02,1.0,0.1168,0.6928,1.2688
3,4,75,1.9032,0.19824,1.05072,1.9032,480.0,0.013333333333333334,1.0,0.1752,1.0392,1.9032
3,4,100,2.5376,0.25664,1.39712,2.5376,480.0,0.01,1.0,0.2336,1.3856,2.5376
3,4,125,3.172,0.31504,1.7435199999999997,3.172,480.0,0.008,1.0,0.292,1.732,3.172
3,4,150,3.8064,0.37344000000000005,2.08992,3.8064,480.0,0.006666666666666667,1.0,0.3504,2.0784,3.8064
3,4,175,4.4408,0.43184000000000006,2.43632,4.4408,480.0,0.005714285714285714,1.0,0.4088,2.4248,4.4408
3,4,200,5.0752,0.49023999999999995,2.7827199999999994,5.0752,480.0,0.005,1.0,0.4672,2.7712,5.0752
3,4,225,5.7096,0.54864,3.12912,5.7096,480.0,0.0044444444444444444,1.0,0.5256,3.1176,5.7096
3,4,250,6.344,0.60704,3.4755200000000004,6.344,480.0,0.004,1.0,0.584,3.464,6.344
3,4,275,6.9784,0.6654399999999999,3.8219199999999995,6.9784,480.0,0.0036363636363636364,1.0,0.6424,3.8104,6.9784
3,4,300,7.6128,0.72384,4.1683200000000005,7.6128,480.0,0.0033333333333333335,1.0,0.7008,4.1568,7.6128
3,4,325,8.2472,0.7822399999999999,4.51472,8.2472,480.0,0.003076923076923077,1.0,0.7592,4.5032,8.2472
3,4,350,8.8816,0.8406399999999998,4.861119999999999,8.8816,480.0,0.002857142857142857,1.0,0.8176,4.8496,8.8816
3,4,375,9.516,0.89904,5.20752,9.516,480.0,0.0026666666666666666,1.0,0.876,5.196,9.516
3,4,400,10.1504,0.9574400000000001,5.55392,10.1504,480.0,0.0025,1.0,0.9344,5.5424,10.1504
3,4,425,10.7848,1.01584,5.900320000000001,10.7848,480.0,0.002352941176470588,1.0,0.9928,5.8888,10.7848
3,4,450,11.4192,1.07424,6.246720000000001,11.4192,480.0,0.0022222222222222222,1.0,1.0512,6.2352,11.4192
3,4,475,12.0536,1.13264,6.593120000000001,12.0536,480.0,0.002105263157894737,1.0,1.1096,6.5816,12.0536
3,4,500,12.688,1.19104,6.939519999999999,12.688,480.0,0.002,1.0,1.168,6.928,12.688
3,4,525,13.3224,1.2494400000000003,7.28592,13.322400000000004,480.0,0.0019047619047619048,1.0,1.2264,7.2744,13.3224
3,4,550,13.9568,1.3078399999999997,7.632319999999999,13.9568,480.0,0.0018181818181818182,1.0,1.2848,7.6208,13.9568
3,4,575,14.5912,1.3662399999999997,7.978719999999999,14.5912,480.0,0.0017391304347826088,1.0,1.3432,7.9672,14.5912
3,4,600,15.2256,1.4246399999999997,8.325119999999998,15.2256,480.0,0.0016666666666666668,1.0,1.4016,8.3136,15.2256
3,4,625,15.86,1.48304,8.671519999999997,15.86,480.0,0.0016,1.0,1.46,8.66,15.86
3,4,650,16.4944,1.5414400000000001,9.01792,16.4944,480.0,0.0015384615384615385,1.0,1.5184,9.0064,16.4944
3,4,675,17.1288,1.59984,9.364319999999998,17.1288,480.0,0.0014814814814814814,1.0,1.5768,9.3528,17.1288
3,4,700,17.7632,1.65824,9.71072,17.7632,480.0,0.0014285714285714286,1.0,1.6352,9.6992,17.7632
4,4,0,0.0,0.0,0.0,0.0,480.0,0.0,1.0,0.0,0.0,0.0
4,4,25,0.8432,0.10592,0.4745599999999999,0.8432,480.0,0.04,1.0,0.0752,0.4592,0.8432
4,4,50,1.6864,0.18111999999999998,0.93376,1.6864,480.0,0.02,1.0,0.1504,0.9184,1.6864
4,4,75,2.5296,0.25632,1.39296,2.5296,480.0,0.013333333333333334,1.0,0.2256,1.3776,2.5296
4,4,100,3.3728,0.33152,1.8521600000000003,3.3728,480.0,0.01,1.0,0.3008,1.8368,3.3728
4,4,125,4.216,0.40672,2.3113599999999996,4.216,480.0,0.008,1.0,0.376,2.296,4.216
4,4,150,5.0592,0.48192,2.77056,5.0592,480.0,0.006666666666666667,1.0,0.4512,2.7552,5.0592
4,4,175,5.9024,0.55712,3.22976,5.9024,480.0,0.005714285714285714,1.0,0.5264,3.2144,5.9024
4,4,200,6.7456,0.63232,3.68896,6.7456,480.0,0.005,1.0,0.6016,3.6736,6.7456
4,4,225,7.5888,0.70752,4.14816,7.5888,480.0,0.0044444444444444444,1.0,0.6768,4.1328,7.5888
4,4,250,8.432,0.78272,4.607360000000001,8.432,480.0,0.004,1.0,0.752,4.592,8.432
4,4,275,9.2752,0.85792,5.066559999999999,9.2752,480.0,0.0036363636363636364,1.0,0.8272,5.0512,9.2752
4,4,300,10.1184,0.93312,5.52576,10.1184,480.0,0.0033333333333333335,1.0,0.9024,5.5104,10.1184
4,4,325,10.9616,1.0083199999999999,5.98496,10.9616,480.0,0.003076923076923077,1.0,0.9776,5.9696,10.9616
4,4,350,11.8048,1.08352,6.444159999999999,11.8048,480.0,0.002857142857142857,1.0,1.0528,6.4288,11.8048
4,4,375,12.648,1.15872,6.90336,12.648,480.0,0.0026666666666666666,1.0,1.128,6.888,12.648
4,4,400,13.4912,1.23392,7.362560000000001,13.4912,480.0,0.0025,1.0,1.2032,7.3472,13.4912
4,4,425,14.3344,1.30912,7.821760000000002,14.3344,480.0,0.002352941176470588,1.0,1.2784,7.8064,14.3344
4,4,450,15.1776,1.38432,8.28096,15.1776,480.0,0.0022222222222222222,1.0,1.3536,8.2656,15.1776
4,4,475,16.0208,1.4595199999999997,8.740160000000001,16.0208,480.0,0.002105263157894737,1.0,1.4288,8.7248,16.0208
4,4,500,16.864,1.5347199999999999,9.199359999999999,16.864,480.0,0.002,1.0,1.504,9.184,16.864
4,4,525,17.7072,1.6099200000000002,9.65856,17.707200000000004,480.0,0.0019047619047619048,1.0,1.5792,9.6432,17.7072
4,4,550,18.5504,1.6851199999999997,10.11776,18.5504,480.0,0.0018181818181818182,1.0,1.6544,10.1024,18.5504
4,4,575,19.3936,1.7603199999999997,10.57696,19.3936,480.0,0.0017391304347826088,1.0,1.7296,10.5616,19.3936
4,4,600,20.2368,1.83552,11.03616,20.2368,480.0,0.0016666666666666668,1.0,1.8048,11.0208,20.2368
4,4,625,21.08,1.91072,11.495359999999998,21.08,480.0,0.0016,1.0,1.88,11.48,21.08
4,4,650,21.9232,1.9859200000000001,11.954559999999999,21.9232,480.0,0.0015384615384615385,1.0,1.9552,11.9392,21.9232
4,4,675,22.7664,2.06112,12.413759999999998,22.7664,480.0,0.0014814814814814814,1.0,2.0304,12.3984,22.7664
4,4,700,23.6096,2.13632,12.87296,23.6096,480.0,0.0014285714285714286,1.0,2.1056,12.8576,23.6096
5,5,0,0.0,0.0,0.0,0.0,480.0,0.0,1.0,0.0,0.0,0.0
5,5,25,1.0528,0.1312,0.5919999999999999,1.0528,480.0,0.04,1.0,0.0928,0.5728,1.0528
5,5,50,2.1056,0.224,1.1648,2.1056,480.0,0.02,1.0,0.1856,1.1456,2.1056
5,5,75,3.1584,0.3168,1.7376,3.1584,480.0,0.013333333333333334,1.0,0.2784,1.7184,3.1584
5,5,100,4.2112,0.4096,2.3104000000000005,4.2112,480.0,0.01,1.0,0.3712,2.2912,4.2112
5,5,125,5.264,0.5024000000000001,2.8832,5.264,480.0,0.008,1.0,0.464,2.864,5.264
5,5,150,6.3168,0.5952,3.456,6.3168,480.0,0.006666666666666667,1.0,0.5568,3.4368,6.3168
5,5,175,7.3696,0.688,4.0288,7.3696,480.0,0.005714285714285714,1.0,0.6496,4.0096,7.3696
5,5,200,8.4224,0.7808,4.6016,8.4224,480.0,0.005,1.0,0.7424,4.5824,8.4224
5,5,225,9.4752,0.8736,5.1744,9.4752,480.0,0.0044444444444444444,1.0,0.8352,5.1552,9.4752
5,5,250,10.528,0.9664000000000001,5.747200000000001,10.528,480.0,0.004,1.0,0.928,5.728,10.528
5,5,275,11.5808,1.0592,6.3199999999999985,11.5808,480.0,0.0036363636363636364,1.0,1.0208,6.3008,11.5808
5,5,300,12.6336,1.152,6.8928,12.6336,480.0,0.0033333333333333335,1.0,1.1136,6.8736,12.6336
5,5,325,13.6864,1.2447999999999997,7.4656,13.6864,480.0,0.003076923076923077,1.0,1.2064,7.4464,13.6864
5,5,350,14.7392,1.3375999999999997,8.0384,14.7392,480.0,0.002857142857142857,1.0,1.2992,8.0192,14.7392
5,5,375,15.792,1.4304,8.611199999999998,15.792,480.0,0.0026666666666666666,1.0,1.392,8.592,15.792
5,5,400,16.8448,1.5232,9.184,16.8448,480.0,0.0025,1.0,1.4848,9.1648,16.8448
5,5,425,17.8976,1.616,9.756800000000002,17.8976,480.0,0.002352941176470588,1.0,1.5776,9.7376,17.8976
5,5,450,18.9504,1.7087999999999999,10.3296,18.9504,480.0,0.0022222222222222222,1.0,1.6704,10.3104,18.9504
5,5,475,20.0032,1.8015999999999999,10.9024,20.0032,480.0,0.002105263157894737,1.0,1.7632,10.8832,20.0032
5,5,500,21.056,1.8943999999999996,11.475199999999997,21.056,480.0,0.002,1.0,1.856,11.456,21.056
5,5,525,22.1088,1.9872,12.048,22.108800000000002,480.0,0.0019047619047619048,1.0,1.9488,12.0288,22.1088
5,5,550,23.1616,2.0799999999999996,12.6208,23.1616,480.0,0.0018181818181818182,1.0,2.0416,12.6016,23.1616
5,5,575,24.2144,2.1728,13.193599999999998,24.2144,480.0,0.0017391304347826088,1.0,2.1344,13.1744,24.2144
5,5,600,25.2672,2.2656,13.7664,25.2672,480.0,0.0016666666666666668,1.0,2.2272,13.7472,25.2672
5,5,625,26.32,2.3584,14.339199999999998,26.32,480.0,0.0016,1.0,2.32,14.32,26.32
5,5,650,27.3728,2.4512,14.912,27.3728,480.0,0.0015384615384615385,1.0,2.4128,14.8928,27.3728
5,5,675,28.4256,2.544,15.484799999999996,28.4256,480.0,0.0014814814814814814,1.0,2.5056,15.4656,28.4256
5,5,700,29.4784,2.6368,16.0576,29.4784,480.0,0.0014285714285714286,1.0,2.5984,16.0384,29.4784
6,6,0,0.0,0.0,0.0,0.0,480.0,0.0,1.0,0.0,0.0,0.0
6,6,25,1.2624,0.15648000000000004,0.70944,1.2624,480.0,0.04,1.0,0.1104,0.6864,1.2624
6,6,50,2.5248,0.26688,1.3958400000000002,2.5248,480.0,0.02,1.0,0.2208,1.3728,2.5248
6,6,75,3.7872,0.37728,2.0822399999999996,3.7872,480.0,0.013333333333333334,1.0,0.3312,2.0592,3.7872
6,6,100,5.0496,0.48767999999999995,2.76864,5.0496,480.0,0.01,1.0,0.4416,2.7456,5.0496
6,6,125,6.312,0.59808,3.4550399999999994,6.312,480.0,0.008,1.0,0.552,3.432,6.312
6,6,150,7.5744,0.7084800000000001,4.14144,7.5744,480.0,0.006666666666666667,1.0,0.6624,4.1184,7.5744
6,6,175,8.8368,0.8188800000000002,4.82784,8.8368,480.0,0.005714285714285714,1.0,0.7728,4.8048,8.8368
6,6,200,10.0992,0.9292799999999999,5.514239999999999,10.0992,480.0,0.005,1.0,0.8832,5.4912,10.0992
6,6,225,11.3616,1.03968,6.20064,11.3616,480.0,0.0044444444444444444,1.0,0.9936,6.1776,11.3616
6,6,250,12.624,1.15008,6.887040000000001,12.624,480.0,0.004,1.0,1.104,6.864,12.624
6,6,275,13.8864,1.2604799999999998,7.573439999999999,13.8864,480.0,0.0036363636363636364,1.0,1.2144,7.5504,13.8864
6,6,300,15.1488,1.37088,8.25984,15.1488,480.0,0.0033333333333333335,1.0,1.3248,8.2368,15.1488
6,6,325,16.4112,1.4812799999999997,8.94624,16.4112,480.0,0.003076923076923077,1.0,1.4352,8.9232,16.4112
6,6,350,17.6736,1.5916799999999998,9.632639999999999,17.6736,480.0,0.002857142857142857,1.0,1.5456,9.6096,17.6736
6,6,375,18.936,1.70208,10.31904,18.936,480.0,0.0026666666666666666,1.0,1.656,10.296,18.936
6,6,400,20.1984,1.8124800000000003,11.00544,20.1984,480.0,0.0025,1.0,1.7664,10.9824,20.1984
6,6,425,21.4608,1.9228800000000001,11.691840000000003,21.4608,480.0,0.002352941176470588,1.0,1.8768,11.6688,21.4608
6,6,450,22.7232,2.03328,12.378240000000002,22.7232,480.0,0.0022222222222222222,1.0,1.9872,12.3552,22.7232
6,6,475,23.9856,2.14368,13.064640000000002,23.9856,480.0,0.002105263157894737,1.0,2.0976,13.0416,23.9856
6,6,500,25.248,2.25408,13.751039999999998,25.248,480.0,0.002,1.0,2.208,13.728,25.248
6,6,525,26.5104,2.3644800000000004,14.43744,26.510400000000008,480.0,0.0019047619047619048,1.0,2.3184,14.4144,26.5104
6,6,550,27.7728,2.4748799999999997,15.123839999999998,27.7728,480.0,0.0018181818181818182,1.0,2.4288,15.1008,27.7728
6,6,575,29.0352,2.5852799999999996,15.810239999999999,29.0352,480.0,0.0017391304347826088,1.0,2.5392,15.7872,29.0352
6,6,600,30.2976,2.6956799999999994,16.49664,30.2976,480.0,0.0016666666666666668,1.0,2.6496,16.4736,30.2976
6,6,625,31.56,2.80608,17.183039999999995,31.56,480.0,0.0016,1.0,2.76,17.16,31.56
6,6,650,32.8224,2.9164800000000004,17.86944,32.8224,480.0,0.0015384615384615385,1.0,2.8704,17.8464,32.8224
6,6,675,34.0848,3.02688,18.555839999999996,34.0848,480.0,0.0014814814814814814,1.0,2.9808,18.5328,34.0848
6,6,700,35.3472,3.13728,19.24224,35.3472,480.0,0.0014285714285714286,1.0,3.0912,19.2192,35.3472
7,7,0,0.0,0.0,0.0,0.0,480.0,0.0,1.0,0.0,0.0,0.0
7,7,25,1.472,0.18176,0.8268799999999998,1.472,480.0,0.04,1.0,0.128,0.8,1.472
7,7,50,2.944,0.3097599999999999,1.62688,2.944,480.0,0.02,1.0,0.256,1.6,2.944
7,7,75,4.416,0.43776,2.42688,4.416,480.0,0.013333333333333334,1.0,0.384,2.4,4.416
7,7,100,5.888,0.56576,3.2268800000000004,5.888,480.0,0.01,1.0,0.512,3.2,5.888
7,7,125,7.36,0.69376,4.026879999999999,7.36,480.0,0.008,1.0,0.64,4.0,7.36
7,7,150,8.832,0.8217600000000002,4.826880000000001,8.832,480.0,0.006666666666666667,1.0,0.768,4.8,8.832
7,7,175,10.304,0.9497600000000002,5.62688,10.304,480.0,0.005714285714285714,1.0,0.896,5.6,10.304
7,7,200,11.776,1.07776,6.42688,11.776,480.0,0.005,1.0,1.024,6.4,11.776
7,7,225,13.248,1.20576,7.22688,13.248,480.0,0.0044444444444444444,1.0,1.152,7.2,13.248
7,7,250,14.72,1.33376,8.02688,14.72,480.0,0.004,1.0,1.28,8.0,14.72
7,7,275,16.192,1.4617599999999997,8.826879999999997,16.192,480.0,0.0036363636363636364,1.0,1.408,8.8,16.192
7,7,300,17.664,1.58976,9.62688,17.664,480.0,0.0033333333333333335,1.0,1.536,9.6,17.664
7,7,325,19.136,1.7177599999999997,10.42688,19.136,480.0,0.003076923076923077,1.0,1.664,10.4,19.136
7,7,350,20.608,1.8457599999999998,11.226879999999998,20.608,480.0,0.002857142857142857,1.0,1.792,11.2,20.608
7,7,375,22.08,1.9737600000000002,12.02688,22.08,480.0,0.0026666666666666666,1.0,1.92,12.0,22.08
7,7,400,23.552,2.10176,12.826880000000003,23.552,480.0,0.0025,1.0,2.048,12.8,23.552
7,7,425,25.024,2.22976,13.626880000000003,25.024,480.0,0.002352941176470588,1.0,2.176,13.6,25.024
7,7,450,26.496,2.35776,14.426880000000002,26.496,480.0,0.0022222222222222222,1.0,2.304,14.4,26.496
7,7,475,27.968,2.4857599999999995,15.226880000000003,27.968,480.0,0.002105263157894737,1.0,2.432,15.2,27.968
7,7,500,29.44,2.6137599999999996,16.02688,29.44,480.0,0.002,1.0,2.56,16.0,29.44
7,7,525,30.912,2.7417600000000006,16.82688,30.912000000000006,480.0,0.0019047619047619048,1.0,2.688,16.8,30.912
7,7,550,32.384,2.8697599999999994,17.62688,32.384,480.0,0.0018181818181818182,1.0,2.816,17.6,32.384
7,7,575,33.856,2.9977599999999995,18.42688,33.856,480.0,0.0017391304347826088,1.0,2.944,18.4,33.856
7,7,600,35.328,3.1257599999999996,19.226879999999998,35.328,480.0,0.0016666666666666668,1.0,3.072,19.2,35.328
7,7,625,36.8,3.2537599999999993,20.026879999999995,36.8,480.0,0.0016,1.0,3.2,20.0,36.8
7,7,650,38.272,3.3817600000000003,20.826879999999996,38.272,480.0,0.0015384615384615385,1.0,3.328,20.8,38.272
7,7,675,39.744,3.50976,21.626879999999996,39.744,480.0,0.0014814814814814814,1.0,3.456,21.6,39.744
7,7,700,41.216,3.6377599999999997,22.42688,41.216,480.0,0.0014285714285714286,1.0,3.584,22.4,41.216
8,8,0,0.0,0.0,0.0,0.0,480.0,0.0,1.0,0.0,0.0,0.0
8,8,25,1.6816,0.20704,0.9443199999999999,1.6816,480.0,0.04,1.0,0.1456,0.9136,1.6816
8,8,50,3.3632,0.35263999999999995,1.85792,3.3632,480.0,0.02,1.0,0.2912,1.8272,3.3632
8,8,75,5.0448,0.49824,2.77152,5.0448,480.0,0.013333333333333334,1.0,0.4368,2.7408,5.0448
8,8,100,6.7264,0.64384,3.6851200000000004,6.7264,480.0,0.01,1.0,0.5824,3.6544,6.7264
8,8,125,8.408,0.78944,4.598719999999999,8.408,480.0,0.008,1.0,0.728,4.568,8.408
8,8,150,10.0896,0.93504,5.51232,10.0896,480.0,0.006666666666666667,1.0,0.8736,5.4816,10.0896
8,8,175,11.7712,1.08064,6.42592,11.7712,480.0,0.005714285714285714,1.0,1.0192,6.3952,11.7712
8,8,200,13.4528,1.22624,7.33952,13.4528,480.0,0.005,1.0,1.1648,7.3088,13.4528
8,8,225,15.1344,1.37184,8.25312,15.1344,480.0,0.0044444444444444444,1.0,1.3104,8.2224,15.1344
8,8,250,16.816,1.51744,9.166720000000002,16.816,480.0,0.004,1.0,1.456,9.136,16.816
8,8,275,18.4976,1.66304,10.080319999999999,18.4976,480.0,0.0036363636363636364,1.0,1.6016,10.0496,18.4976
8,8,300,20.1792,1.80864,10.99392,20.1792,480.0,0.0033333333333333335,1.0,1.7472,10.9632,20.1792
8,8,325,21.8608,1.9542399999999998,11.90752,21.8608,480.0,0.003076923076923077,1.0,1.8928,11.8768,21.8608
8,8,350,23.5424,2.09984,12.821119999999999,23.5424,480.0,0.002857142857142857,1.0,2.0384,12.7904,23.5424
8,8,375,25.224,2.24544,13.73472,25.224,480.0,0.0026666666666666666,1.0,2.184,13.704,25.224
8,8,400,26.9056,2.39104,14.648320000000002,26.9056,480.0,0.0025,1.0,2.3296,14.6176,26.9056
8,8,425,28.5872,2.53664,15.561920000000004,28.5872,480.0,0.002352941176470588,1.0,2.4752,15.5312,28.5872
8,8,450,30.2688,2.68224,16.475520000000003,30.2688,480.0,0.0022222222222222222,1.0,2.6208,16.4448,30.2688
8,8,475,31.9504,2.8278399999999997,17.389120000000005,31.9504,480.0,0.002105263157894737,1.0,2.7664,17.3584,31.9504
8,8,500,33.632,2.9734399999999996,18.302719999999997,33.632,480.0,0.002,1.0,2.912,18.272,33.632
8,8,525,35.3136,3.1190400000000005,19.21632,35.31360000000001,480.0,0.0019047619047619048,1.0,3.0576,19.1856,35.3136
8,8,550,36.9952,3.2646399999999995,20.12992,36.9952,480.0,0.0018181818181818182,1.0,3.2032,20.0992,36.9952
8,8,575,38.6768,3.4102399999999995,21.04352,38.6768,480.0,0.0017391304347826088,1.0,3.3488,21.0128,38.6768
8,8,600,40.3584,3.55584,21.95712,40.3584,480.0,0.0016666666666666668,1.0,3.4944,21.9264,40.3584
8,8,625,42.04,3.70144,22.870719999999995,42.04,480.0,0.0016,1.0,3.64,22.84,42.04
8,8,650,43.7216,3.8470400000000007,23.784319999999997,43.7216,480.0,0.0015384615384615385,1.0,3.7856,23.7536,43.7216
8,8,675,45.4032,3.99264,24.697919999999996,45.4032,480.0,0.0014814814814814814,1.0,3.9312,24.6672,45.4032
8,8,700,47.0848,4.13824,25.61152,47.0848,480.0,0.0014285714285714286,1.0,4.0768,25.5808,47.0848
9,9,0,0.0,0.0,0.0,0.0,480.0,0.0,1.0,0.0,0.0,0.0
9,9,25,1.8912,0.23232000000000003,1.0617599999999998,1.8912,480.0,0.04,1.0,0.1632,1.0272,1.8912
9,9,50,3.7824,0.39552,2.08896,3.7824,480.0,0.02,1.0,0.3264,2.0544,3.7824
9,9,75,5.6736,0.55872,3.1161599999999994,5.6736,480.0,0.013333333333333334,1.0,0.4896,3.0816,5.6736
9,9,100,7.5648,0.72192,4.14336,7.5648,480.0,0.01,1.0,0.6528,4.1088,7.5648
9,9,125,9.456,0.8851200000000001,5.170559999999999,9.456,480.0,0.008,1.0,0.816,5.136,9.456
9,9,150,11.3472,1.04832,6.19776,11.3472,480.0,0.006666666666666667,1.0,0.9792,6.1632,11.3472
9,9,175,13.2384,1.21152,7.22496,13.2384,480.0,0.005714285714285714,1.0,1.1424,7.1904,13.2384
9,9,200,15.1296,1.37472,8.25216,15.1296,480.0,0.005,1.0,1.3056,8.2176,15.1296
9,9,225,17.0208,1.53792,9.27936,17.0208,480.0,0.0044444444444444444,1.0,1.4688,9.2448,17.0208
9,9,250,18.912,1.7011200000000002,10.306560000000001,18.912,480.0,0.004,1.0,1.632,10.272,18.912
9,9,275,20.8032,1.86432,11.333759999999998,20.8032,480.0,0.0036363636363636364,1.0,1.7952,11.2992,20.8032
9,9,300,22.6944,2.0275200000000004,12.360960000000002,22.6944,480.0,0.0033333333333333335,1.0,1.9584,12.3264,22.6944
9,9,325,24.5856,2.1907199999999993,13.38816,24.5856,480.0,0.003076923076923077,1.0,2.1216,13.3536,24.5856
9,9,350,26.4768,2.3539199999999996,14.415359999999998,26.4768,480.0,0.002857142857142857,1.0,2.2848,14.3808,26.4768
9,9,375,28.368,2.51712,15.442559999999999,28.368,480.0,0.0026666666666666666,1.0,2.448,15.408,28.368
9,9,400,30.2592,2.68032,16.46976,30.2592,480.0,0.0025,1.0,2.6112,16.4352,30.2592
9,9,425,32.1504,2.84352,17.496960000000005,32.1504,480.0,0.002352941176470588,1.0,2.7744,17.4624,32.1504
9,9,450,34.0416,3.0067199999999996,18.52416,34.0416,480.0,0.0022222222222222222,1.0,2.9376,18.4896,34.0416
9,9,475,35.9328,3.16992,19.55136,35.9328,480.0,0.002105263157894737,1.0,3.1008,19.5168,35.9328
9,9,500,37.824,3.3331199999999996,20.578559999999996,37.824,480.0,0.002,1.0,3.264,20.544,37.824
9,9,525,39.7152,3.49632,21.60576,39.71520000000001,480.0,0.0019047619047619048,1.0,3.4272,21.5712,39.7152
9,9,550,41.6064,3.6595199999999997,22.63296,41.6064,480.0,0.0018181818181818182,1.0,3.5904,22.5984,41.6064
9,9,575,43.4976,3.8227199999999995,23.660159999999998,43.4976,480.0,0.0017391304347826088,1.0,3.7536,23.6256,43.4976
9,9,600,45.3888,3.98592,24.68736,45.3888,480.0,0.0016666666666666668,1.0,3.9168,24.6528,45.3888
9,9,625,47.28,4.149120000000001,25.714559999999995,47.28,480.0,0.0016,1.0,4.08,25.68,47.28
9,9,650,49.1712,4.31232,26.74176,49.1712,480.0,0.0015384615384615385,1.0,4.2432,26.7072,49.1712
9,9,675,51.0624,4.47552,27.768959999999993,51.0624,480.0,0.0014814814814814814,1.0,4.4064,27.7344,51.0624
9,9,700,52.9536,4.63872,28.79616,52.9536,480.0,0.0014285714285714286,1.0,4.5696,28.7616,52.9536
10,10,0,0.0,0.0,0.0,0.0,480.0,0.0,1.0,0.0,0.0,0.0
10,10,25,2.1008,0.2576,1.1791999999999998,2.1008,480.0,0.04,1.0,0.1808,1.1408,2.1008
10,10,50,4.2016,0.4384,2.32,4.2016,480.0,0.02,1.0,0.3616,2.2816,4.2016
10,10,75,6.3024,0.6192,3.4608,6.3024,480.0,0.013333333333333334,1.0,0.5424,3.4224,6.3024
10,10,100,8.4032,0.8,4.601600000000001,8.4032,480.0,0.01,1.0,0.7232,4.5632,8.4032
10,10,125,10.504,0.9808000000000001,5.7424,10.504,480.0,0.008,1.0,0.904,5.704,10.504
10,10,150,12.6048,1.1616,6.8832,12.6048,480.0,0.006666666666666667,1.0,1.0848,6.8448,12.6048
10,10,175,14.7056,1.3424,8.024,14.7056,480.0,0.005714285714285714,1.0,1.2656,7.9856,14.7056
10,10,200,16.8064,1.5232,9.1648,16.8064,480.0,0.005,1.0,1.4464,9.1264,16.8064
10,10,225,18.9072,1.704,10.3056,18.9072,480.0,0.0044444444444444444,1.0,1.6272,10.2672,18.9072
10,10,250,21.008,1.8848000000000003,11.446400000000002,21.008,480.0,0.004,1.0,1.808,11.408,21.008
10,10,275,23.1088,2.0656,12.587199999999996,23.1088,480.0,0.0036363636363636364,1.0,1.9888,12.5488,23.1088
10,10,300,25.2096,2.2464,13.728,25.2096,480.0,0.0033333333333333335,1.0,2.1696,13.6896,25.2096
10,10,325,27.3104,2.4271999999999996,14.8688,27.3104,480.0,0.003076923076923077,1.0,2.3504,14.8304,27.3104
10,10,350,29.4112,2.6079999999999997,16.0096,29.4112,480.0,0.002857142857142857,1.0,2.5312,15.9712,29.4112
10,10,375,31.512,2.7888,17.150399999999998,31.512,480.0,0.0026666666666666666,1.0,2.712,17.112,31.512
10,10,400,33.6128,2.9696,18.2912,33.6128,480.0,0.0025,1.0,2.8928,18.2528,33.6128
10,10,425,35.7136,3.1504,19.432000000000002,35.7136,480.0,0.002352941176470588,1.0,3.0736,19.3936,35.7136
10,10,450,37.8144,3.3311999999999995,20.5728,37.8144,480.0,0.0022222222222222222,1.0,3.2544,20.5344,37.8144
10,10,475,39.9152,3.5119999999999996,21.7136,39.9152,480.0,0.002105263157894737,1.0,3.4352,21.6752,39.9152
10,10,500,42.016,3.692799999999999,22.854399999999995,42.016,480.0,0.002,1.0,3.616,22.816,42.016
10,10,525,44.1168,3.8736,23.9952,44.116800000000005,480.0,0.0019047619047619048,1.0,3.7968,23.9568,44.1168
10,10,550,46.2176,4.054399999999999,25.136,46.2176,480.0,0.0018181818181818182,1.0,3.9776,25.0976,46.2176
10,10,575,48.3184,4.2352,26.276799999999998,48.3184,480.0,0.0017391304347826088,1.0,4.1584,26.2384,48.3184
10,10,600,50.4192,4.416,27.4176,50.4192,480.0,0.0016666666666666668,1.0,4.3392,27.3792,50.4192
10,10,625,52.52,4.5968,28.558399999999995,52.52,480.0,0.0016,1.0,4.52,28.52,52.52
10,10,650,54.6208,4.7776,29.6992,54.6208,480.0,0.0015384615384615385,1.0,4.7008,29.6608,54.6208
10,10,675,56.7216,4.9584,30.839999999999993,56.7216,480.0,0.0014814814814814814,1.0,4.8816,30.8016,56.7216
10,10,700,58.8224,5.1392,31.9808,58.8224,480.0,0.0014285714285714286,1.0,5.0624,31.9424,58.8224
11,11,0,0.0,0.0,0.0,0.0,480.0,0.0,1.0,0.0,0.0,0.0
11,11,25,2.3104,0.28288,1.2966399999999998,2.3104,480.0,0.04,1.0,0.1984,1.2544,2.3104
11,11,50,4.6208,0.48127999999999993,2.55104,4.6208,480.0,0.02,1.0,0.3968,2.5088,4.6208
11,11,75,6.9312,0.67968,3.80544,6.9312,480.0,0.013333333333333334,1.0,0.5952,3.7632,6.9312
11,11,100,9.2416,0.8780799999999999,5.059840000000001,9.2416,480.0,0.01,1.0,0.7936,5.0176,9.2416
11,11,125,11.552,1.07648,6.314239999999999,11.552,480.0,0.008,1.0,0.992,6.272,11.552
11,11,150,13.8624,1.27488,7.568640000000001,13.8624,480.0,0.006666666666666667,1.0,1.1904,7.5264,13.8624
11,11,175,16.1728,1.47328,8.82304,16.1728,480.0,0.005714285714285714,1.0,1.3888,8.7808,16.1728
11,11,200,18.4832,1.67168,10.07744,18.4832,480.0,0.005,1.0,1.5872,10.0352,18.4832
11,11,225,20.7936,1.87008,11.33184,20.7936,480.0,0.0044444444444444444,1.0,1.7856,11.2896,20.7936
11,11,250,23.104,2.06848,12.586240000000002,23.104,480.0,0.004,1.0,1.984,12.544,23.104
11,11,275,25.4144,2.26688,13.840639999999999,25.4144,480.0,0.0036363636363636364,1.0,2.1824,13.7984,25.4144
11,11,300,27.7248,2.46528,15.09504,27.7248,480.0,0.0033333333333333335,1.0,2.3808,15.0528,27.7248
11,11,325,30.0352,2.6636799999999994,16.34944,30.0352,480.0,0.003076923076923077,1.0,2.5792,16.3072,30.0352
11,11,350,32.3456,2.8620799999999997,17.60384,32.3456,480.0,0.002857142857142857,1.0,2.7776,17.5616,32.3456
11,11,375,34.656,3.0604800000000005,18.85824,34.656,480.0,0.0026666666666666666,1.0,2.976,18.816,34.656
11,11,400,36.9664,3.2588800000000004,20.112640000000003,36.9664,480.0,0.0025,1.0,3.1744,20.0704,36.9664
11,11,425,39.2768,3.45728,21.367040000000003,39.2768,480.0,0.002352941176470588,1.0,3.3728,21.3248,39.2768
11,11,450,41.5872,3.6556799999999994,22.62144,41.5872,480.0,0.0022222222222222222,1.0,3.5712,22.5792,41.5872
11,11,475,43.8976,3.8540799999999997,23.875840000000004,43.8976,480.0,0.002105263157894737,1.0,3.7696,23.8336,43.8976
11,11,500,46.208,4.052479999999999,25.130239999999997,46.208,480.0,0.002,1.0,3.968,25.088,46.208
11,11,525,48.5184,4.25088,26.38464,48.51840000000001,480.0,0.0019047619047619048,1.0,4.1664,26.3424,48.5184
11,11,550,50.8288,4.44928,27.63904,50.8288,480.0,0.0018181818181818182,1.0,4.3648,27.5968,50.8288
11,11,575,53.1392,4.647679999999999,28.893439999999995,53.1392,480.0,0.0017391304347826088,1.0,4.5632,28.8512,53.1392
11,11,600,55.4496,4.84608,30.147839999999995,55.4496,480.0,0.0016666666666666668,1.0,4.7616,30.1056,55.4496
11,11,625,57.76,5.04448,31.402239999999995,57.76,480.0,0.0016,1.0,4.96,31.36,57.76
11,11,650,60.0704,5.24288,32.656639999999996,60.0704,480.0,0.0015384615384615385,1.0,5.1584,32.6144,60.0704
11,11,675,62.3808,5.44128,33.91103999999999,62.3808,480.0,0.0014814814814814814,1.0,5.3568,33.8688,62.3808
11,11,700,64.6912,5.639679999999999,35.16544,64.6912,480.0,0.0014285714285714286,1.0,5.5552,35.1232,64.6912
12,12,0,0.0,0.0,0.0,0.0,480.0,0.0,1.0,0.0,0.0,0.0
12,12,25,2.52,0.30816000000000004,1.41408,2.52,480.0,0.04,1.0,0.216,1.368,2.52
12,12,50,5.04,0.52416,2.7820800000000006,5.04,480.0,0.02,1.0,0.432,2.736,5.04
12,12,75,7.56,0.74016,4.150079999999999,7.56,480.0,0.013333333333333334,1.0,0.648,4.104,7.56
12,12,100,10.08,0.9561599999999999,5.51808,10.08,480.0,0.01,1.0,0.864,5.472,10.08
12,12,125,12.6,1.17216,6.886079999999999,12.6,480.0,0.008,1.0,1.08,6.84,12.6
12,12,150,15.12,1.3881600000000003,8.25408,15.12,480.0,0.006666666666666667,1.0,1.296,8.208,15.12
12,12,175,17.64,1.6041600000000003,9.62208,17.64,480.0,0.005714285714285714,1.0,1.512,9.576,17.64
12,12,200,20.16,1.8201599999999998,10.990079999999999,20.16,480.0,0.005,1.0,1.728,10.944,20.16
12,12,225,22.68,2.03616,12.35808,22.68,480.0,0.0044444444444444444,1.0,1.944,12.312,22.68
12,12,250,25.2,2.25216,13.726080000000001,25.2,480.0,0.004,1.0,2.16,13.68,25.2
12,12,275,27.72,2.4681599999999997,15.094079999999998,27.72,480.0,0.0036363636363636364,1.0,2.376,15.048,27.72
12,12,300,30.24,2.68416,16.46208,30.24,480.0,0.0033333333333333335,1.0,2.592,16.416,30.24
12,12,325,32.76,2.9001599999999996,17.83008,32.76,480.0,0.003076923076923077,1.0,2.808,17.784,32.76
12,12,350,35.28,3.1161599999999994,19.198079999999997,35.28,480.0,0.002857142857142857,1.0,3.024,19.152,35.28
12,12,375,37.8,3.33216,20.56608,37.8,480.0,0.0026666666666666666,1.0,3.24,20.52,37.8
12,12,400,40.32,3.5481600000000006,21.93408,40.32,480.0,0.0025,1.0,3.456,21.888,40.32
12,12,425,42.84,3.7641600000000004,23.302080000000004,42.84,480.0,0.002352941176470588,1.0,3.672,23.256,42.84
12,12,450,45.36,3.9801599999999997,24.670080000000002,45.36,480.0,0.0022222222222222222,1.0,3.888,24.624,45.36
12,12,475,47.88,4.19616,26.038080000000004,47.88,480.0,0.002105263157894737,1.0,4.104,25.992,47.88
12,12,500,50.4,4.41216,27.406079999999996,50.4,480.0,0.002,1.0,4.32,27.36,50.4
12,12,525,52.92,4.628160000000001,28.77408,52.920000000000016,480.0,0.0019047619047619048,1.0,4.536,28.728,52.92
12,12,550,55.44,4.844159999999999,30.142079999999996,55.44,480.0,0.0018181818181818182,1.0,4.752,30.096,55.44
12,12,575,57.96,5.060159999999999,31.510079999999995,57.96,480.0,0.0017391304347826088,1.0,4.968,31.464,57.96
12,12,600,60.48,5.276159999999999,32.87808,60.48,480.0,0.0016666666666666668,1.0,5.184,32.832,60.48
12,12,625,63.0,5.49216,34.24607999999999,63.0,480.0,0.0016,1.0,5.4,34.2,63.0
12,12,650,65.52,5.708160000000001,35.61408,65.52,480.0,0.0015384615384615385,1.0,5.616,35.568,65.52
12,12,675,68.04,5.92416,36.98207999999999,68.04,480.0,0.0014814814814814814,1.0,5.832,36.936,68.04
12,12,700,70.56,6.14016,38.35008,70.56,480.0,0.0014285714285714286,1.0,6.048,38.304,70.56
13,13,0,0.0,0.0,0.0,0.0,480.0,0.0,1.0,0.0,0.0,0.0
13,13,25,2.7296,0.33344,1.53152,2.7296,480.0,0.04,1.0,0.2336,1.4816,2.7296
13,13,50,5.4592,0.56704,3.01312,5.4592,480.0,0.02,1.0,0.4672,2.9632,5.4592
13,13,75,8.1888,0.8006399999999999,4.49472,8.1888,480.0,0.013333333333333334,1.0,0.7008,4.4448,8.1888
13,13,100,10.9184,1.03424,5.97632,10.9184,480.0,0.01,1.0,0.9344,5.9264,10.9184
13,13,125,13.648,1.2678400000000003,7.457919999999999,13.648,480.0,0.008,1.0,1.168,7.408,13.648
13,13,150,16.3776,1.50144,8.93952,16.3776,480.0,0.006666666666666667,1.0,1.4016,8.8896,16.3776
13,13,175,19.1072,1.7350400000000001,10.42112,19.1072,480.0,0.005714285714285714,1.0,1.6352,10.3712,19.1072
13,13,200,21.8368,1.9686399999999997,11.90272,21.8368,480.0,0.005,1.0,1.8688,11.8528,21.8368
13,13,225,24.5664,2.20224,13.38432,24.5664,480.0,0.0044444444444444444,1.0,2.1024,13.3344,24.5664
13,13,250,27.296,2.43584,14.865920000000003,27.296,480.0,0.004,1.0,2.336,14.816,27.296
13,13,275,30.0256,2.6694399999999994,16.347519999999996,30.0256,480.0,0.0036363636363636364,1.0,2.5696,16.2976,30.0256
13,13,300,32.7552,2.9030400000000003,17.82912,32.7552,480.0,0.0033333333333333335,1.0,2.8032,17.7792,32.7552
13,13,325,35.4848,3.1366399999999994,19.31072,35.4848,480.0,0.003076923076923077,1.0,3.0368,19.2608,35.4848
13,13,350,38.2144,3.37024,20.792319999999997,38.2144,480.0,0.002857142857142857,1.0,3.2704,20.7424,38.2144
13,13,375,40.944,3.60384,22.27392,40.944,480.0,0.0026666666666666666,1.0,3.504,22.224,40.944
13,13,400,43.6736,3.83744,23.75552,43.6736,480.0,0.0025,1.0,3.7376,23.7056,43.6736
13,13,425,46.4032,4.071040000000001,25.237120000000004,46.4032,480.0,0.002352941176470588,1.0,3.9712,25.1872,46.4032
13,13,450,49.1328,4.304639999999999,26.718720000000005,49.1328,480.0,0.0022222222222222222,1.0,4.2048,26.6688,49.1328
13,13,475,51.8624,4.53824,28.200320000000005,51.8624,480.0,0.002105263157894737,1.0,4.4384,28.1504,51.8624
13,13,500,54.592,4.771839999999999,29.681919999999995,54.592,480.0,0.002,1.0,4.672,29.632,54.592
13,13,525,57.3216,5.005440000000001,31.16352,57.32160000000002,480.0,0.0019047619047619048,1.0,4.9056,31.1136,57.3216
13,13,550,60.0512,5.239039999999999,32.64512,60.0512,480.0,0.0018181818181818182,1.0,5.1392,32.5952,60.0512
13,13,575,62.7808,5.47264,34.12672,62.7808,480.0,0.0017391304347826088,1.0,5.3728,34.0768,62.7808
13,13,600,65.5104,5.70624,35.60832,65.5104,480.0,0.0016666666666666668,1.0,5.6064,35.5584,65.5104
13,13,625,68.24,5.93984,37.08991999999999,68.24,480.0,0.0016,1.0,5.84,37.04,68.24
13,13,650,70.9696,6.17344,38.57152,70.9696,480.0,0.0015384615384615385,1.0,6.0736,38.5216,70.9696
13,13,675,73.6992,6.40704,40.05311999999999,73.6992,480.0,0.0014814814814814814,1.0,6.3072,40.0032,73.6992
13,13,700,76.4288,6.64064,41.53472,76.4288,480.0,0.0014285714285714286,1.0,6.5408,41.4848,76.4288
14,14,0,0.0,0.0,0.0,0.0,480.0,0.0,1.0,0.0,0.0,0.0
14,14,25,2.9392,0.35872,1.6489599999999998,2.9392,480.0,0.04,1.0,0.2512,1.5952,2.9392
14,14,50,5.8784,0.6099199999999999,3.24416,5.8784,480.0,0.02,1.0,0.5024,3.1904,5.8784
14,14,75,8.8176,0.86112,4.83936,8.8176,480.0,0.013333333333333334,1.0,0.7536,4.7856,8.8176
14,14,100,11.7568,1.11232,6.434560000000001,11.7568,480.0,0.01,1.0,1.0048,6.3808,11.7568
14,14,125,14.696,1.36352,8.029759999999998,14.696,480.0,0.008,1.0,1.256,7.976,14.696
14,14,150,17.6352,1.6147200000000002,9.624960000000002,17.6352,480.0,0.006666666666666667,1.0,1.5072,9.5712,17.6352
14,14,175,20.5744,1.8659200000000002,11.22016,20.5744,480.0,0.005714285714285714,1.0,1.7584,11.1664,20.5744
14,14,200,23.5136,2.11712,12.81536,23.5136,480.0,0.005,1.0,2.0096,12.7616,23.5136
14,14,225,26.4528,2.36832,14.41056,26.4528,480.0,0.0044444444444444444,1.0,2.2608,14.3568,26.4528
14,14,250,29.392,2.61952,16.005760000000002,29.392,480.0,0.004,1.0,2.512,15.952,29.392
14,14,275,32.3312,2.8707199999999995,17.600959999999997,32.3312,480.0,0.0036363636363636364,1.0,2.7632,17.5472,32.3312
14,14,300,35.2704,3.12192,19.19616,35.2704,480.0,0.0033333333333333335,1.0,3.0144,19.1424,35.2704
14,14,325,38.2096,3.3731199999999997,20.79136,38.2096,480.0,0.003076923076923077,1.0,3.2656,20.7376,38.2096
14,14,350,41.1488,3.6243199999999995,22.386559999999996,41.1488,480.0,0.002857142857142857,1.0,3.5168,22.3328,41.1488
14,14,375,44.088,3.8755200000000003,23.98176,44.088,480.0,0.0026666666666666666,1.0,3.768,23.928,44.088
14,14,400,47.0272,4.126720000000001,25.576960000000003,47.0272,480.0,0.0025,1.0,4.0192,25.5232,47.0272
14,14,425,49.9664,4.37792,27.17216000000001,49.9664,480.0,0.002352941176470588,1.0,4.2704,27.1184,49.9664
14,14,450,52.9056,4.62912,28.767360000000004,52.9056,480.0,0.0022222222222222222,1.0,4.5216,28.7136,52.9056
14,14,475,55.8448,4.880319999999999,30.36256000000001,55.8448,480.0,0.002105263157894737,1.0,4.7728,30.3088,55.8448
14,14,500,58.784,5.131519999999999,31.957759999999997,58.784,480.0,0.002,1.0,5.024,31.904,58.784
14,14,525,61.7232,5.382720000000001,33.55296,61.72320000000001,480.0,0.0019047619047619048,1.0,5.2752,33.4992,61.7232
14,14,550,64.6624,5.633919999999999,35.14816,64.6624,480.0,0.0018181818181818182,1.0,5.5264,35.0944,64.6624
14,14,575,67.6016,5.885119999999999,36.74336,67.6016,480.0,0.0017391304347826088,1.0,5.7776,36.6896,67.6016
14,14,600,70.5408,6.136319999999999,38.338559999999994,70.5408,480.0,0.0016666666666666668,1.0,6.0288,38.2848,70.5408
14,14,625,73.48,6.387519999999999,39.93375999999999,73.48,480.0,0.0016,1.0,6.28,39.88,73.48
14,14,650,76.4192,6.638720000000001,41.52895999999999,76.4192,480.0,0.0015384615384615385,1.0,6.5312,41.4752,76.4192
14,14,675,79.3584,6.88992,43.12415999999999,79.3584,480.0,0.0014814814814814814,1.0,6.7824,43.0704,79.3584
14,14,700,82.2976,7.141119999999999,44.71936,82.2976,480.0,0.0014285714285714286,1.0,7.0336,44.6656,82.2976
15,15,0,0.0,0.0,0.0,0.0,480.0,0.0,1.0,0.0,0.0,0.0
15,15,25,3.1488,0.384,1.7663999999999995,3.1488,480.0,0.04,1.0,0.2688,1.7088,3.1488
15,15,50,6.2976,0.6527999999999999,3.4752,6.2976,480.0,0.02,1.0,0.5376,3.4176,6.2976
15,15,75,9.4464,0.9216,5.184,9.4464,480.0,0.013333333333333334,1.0,0.8064,5.1264,9.4464
15,15,100,12.5952,1.1904,6.892800000000002,12.5952,480.0,0.01,1.0,1.0752,6.8352,12.5952
15,15,125,15.744,1.4592,8.601599999999998,15.744,480.0,0.008,1.0,1.344,8.544,15.744
15,15,150,18.8928,1.728,10.3104,18.8928,480.0,0.006666666666666667,1.0,1.6128,10.2528,18.8928
15,15,175,22.0416,1.9968000000000001,12.0192,22.0416,480.0,0.005714285714285714,1.0,1.8816,11.9616,22.0416
15,15,200,25.1904,2.2656,13.728,25.1904,480.0,0.005,1.0,2.1504,13.6704,25.1904
15,15,225,28.3392,2.5344,15.4368,28.3392,480.0,0.0044444444444444444,1.0,2.4192,15.3792,28.3392
15,15,250,31.488,2.8032000000000004,17.145600000000005,31.488,480.0,0.004,1.0,2.688,17.088,31.488
15,15,275,34.6368,3.072,18.854399999999995,34.6368,480.0,0.0036363636363636364,1.0,2.9568,18.7968,34.6368
15,15,300,37.7856,3.3408,20.5632,37.7856,480.0,0.0033333333333333335,1.0,3.2256,20.5056,37.7856
15,15,325,40.9344,3.6095999999999995,22.272,40.9344,480.0,0.003076923076923077,1.0,3.4944,22.2144,40.9344
15,15,350,44.0832,3.878399999999999,23.980799999999995,44.0832,480.0,0.002857142857142857,1.0,3.7632,23.9232,44.0832
15,15,375,47.232,4.147200000000001,25.689599999999995,47.232,480.0,0.0026666666666666666,1.0,4.032,25.632,47.232
15,15,400,50.3808,4.416,27.3984,50.3808,480.0,0.0025,1.0,4.3008,27.3408,50.3808
15,15,425,53.5296,4.6848,29.107200000000002,53.5296,480.0,0.002352941176470588,1.0,4.5696,29.0496,53.5296
15,15,450,56.6784,4.9536,30.816,56.6784,480.0,0.0022222222222222222,1.0,4.8384,30.7584,56.6784
15,15,475,59.8272,5.2224,32.524800000000006,59.8272,480.0,0.002105263157894737,1.0,5.1072,32.4672,59.8272
15,15,500,62.976,5.491199999999999,34.2336,62.976,480.0,0.002,1.0,5.376,34.176,62.976
15,15,525,66.1248,5.760000000000001,35.9424,66.12480000000002,480.0,0.0019047619047619048,1.0,5.6448,35.8848,66.1248
15,15,550,69.2736,6.0287999999999995,37.6512,69.2736,480.0,0.0018181818181818182,1.0,5.9136,37.5936,69.2736
15,15,575,72.4224,6.2976,39.36,72.4224,480.0,0.0017391304347826088,1.0,6.1824,39.3024,72.4224
15,15,600,75.5712,6.5664,41.0688,75.5712,480.0,0.0016666666666666668,1.0,6.4512,41.0112,75.5712
15,15,625,78.72,6.8352,42.77759999999999,78.72,480.0,0.0016,1.0,6.72,42.72,78.72
15,15,650,81.8688,7.104,44.48639999999999,81.8688,480.0,0.0015384615384615385,1.0,6.9888,44.4288,81.8688
15,15,675,85.0176,7.3728,46.195199999999986,85.0176,480.0,0.0014814814814814814,1.0,7.2576,46.1376,85.0176
15,15,700,88.1664,7.6415999999999995,47.904,88.1664,480.0,0.0014285714285714286,1.0,7.5264,47.8464,88.1664
16,16,0,0.0,0.0,0.0,0.0,480.0,0.0,1.0,0.0,0.0,0.0
16,16,25,3.3584,0.40928,1.8838399999999997,3.3584,480.0,0.04,1.0,0.2864,1.8224,3.3584
16,16,50,6.7168,0.6956799999999999,3.70624,6.7168,480.0,0.02,1.0,0.5728,3.6448,6.7168
16,16,75,10.0752,0.98208,5.52864,10.0752,480.0,0.013333333333333334,1.0,0.8592,5.4672,10.0752
16,16,100,13.4336,1.26848,7.351040000000001,13.4336,480.0,0.01,1.0,1.1456,7.2896,13.4336
16,16,125,16.792,1.55488,9.173439999999998,16.792,480.0,0.008,1.0,1.432,9.112,16.792
16,16,150,20.1504,1.84128,10.99584,20.1504,480.0,0.006666666666666667,1.0,1.7184,10.9344,20.1504
16,16,175,23.5088,2.12768,12.81824,23.5088,480.0,0.005714285714285714,1.0,2.0048,12.7568,23.5088
16,16,200,26.8672,2.41408,14.64064,26.8672,480.0,0.005,1.0,2.2912,14.5792,26.8672
16,16,225,30.2256,2.70048,16.46304,30.2256,480.0,0.0044444444444444444,1.0,2.5776,16.4016,30.2256
16,16,250,33.584,2.98688,18.285440000000005,33.584,480.0,0.004,1.0,2.864,18.224,33.584
16,16,275,36.9424,3.27328,20.107839999999996,36.9424,480.0,0.0036363636363636364,1.0,3.1504,20.0464,36.9424
16,16,300,40.3008,3.55968,21.93024,40.3008,480.0,0.0033333333333333335,1.0,3.4368,21.8688,40.3008
16,16,325,43.6592,3.8460799999999997,23.75264,43.6592,480.0,0.003076923076923077,1.0,3.7232,23.6912,43.6592
16,16,350,47.0176,4.132479999999999,25.575039999999998,47.0176,480.0,0.002857142857142857,1.0,4.0096,25.5136,47.0176
16,16,375,50.376,4.41888,27.39744,50.376,480.0,0.0026666666666666666,1.0,4.296,27.336,50.376
16,16,400,53.7344,4.70528,29.219840000000005,53.7344,480.0,0.0025,1.0,4.5824,29.1584,53.7344
16,16,425,57.0928,4.99168,31.042240000000007,57.0928,480.0,0.002352941176470588,1.0,4.8688,30.9808,57.0928
16,16,450,60.4512,5.27808,32.86464,60.4512,480.0,0.0022222222222222222,1.0,5.1552,32.8032,60.4512
16,16,475,63.8096,5.564479999999999,34.68704000000001,63.8096,480.0,0.002105263157894737,1.0,5.4416,34.6256,63.8096
16,16,500,67.168,5.850879999999999,36.50943999999999,67.168,480.0,0.002,1.0,5.728,36.448,67.168
16,16,525,70.5264,6.1372800000000005,38.33184,70.52640000000001,480.0,0.0019047619047619048,1.0,6.0144,38.2704,70.5264
16,16,550,73.8848,6.423679999999999,40.15424,73.8848,480.0,0.0018181818181818182,1.0,6.3008,40.0928,73.8848
16,16,575,77.2432,6.710079999999999,41.97664,77.2432,480.0,0.0017391304347826088,1.0,6.5872,41.9152,77.2432
16,16,600,80.6016,6.99648,43.79904,80.6016,480.0,0.0016666666666666668,1.0,6.8736,43.7376,80.6016
16,16,625,83.96,7.28288,45.62143999999999,83.96,480.0,0.0016,1.0,7.16,45.56,83.96
16,16,650,87.3184,7.569280000000001,47.443839999999994,87.3184,480.0,0.0015384615384615385,1.0,7.4464,47.3824,87.3184
16,16,675,90.6768,7.85568,49.26623999999999,90.6768,480.0,0.0014814814814814814,1.0,7.7328,49.2048,90.6768
16,16,700,94.0352,8.14208,51.08864,94.0352,480.0,0.0014285714285714286,1.0,8.0192,51.0272,94.0352
17,17,0,0.0,0.0,0.0,0.0,480.0,0.0,1.0,0.0,0.0,0.0
17,17,25,3.568,0.43456000000000006,2.00128,3.568,480.0,0.04,1.0,0.304,1.936,3.568
17,17,50,7.136,0.73856,3.9372800000000003,7.136,480.0,0.02,1.0,0.608,3.872,7.136
17,17,75,10.704,1.04256,5.87328,10.704,480.0,0.013333333333333334,1.0,0.912,5.808,10.704
17,17,100,14.272,1.3465599999999998,7.80928,14.272,480.0,0.01,1.0,1.216,7.744,14.272
17,17,125,17.84,1.6505600000000002,9.745279999999998,17.84,480.0,0.008,1.0,1.52,9.68,17.84
17,17,150,21.408,1.9545600000000003,11.681280000000001,21.408,480.0,0.006666666666666667,1.0,1.824,11.616,21.408
17,17,175,24.976,2.25856,13.61728,24.976,480.0,0.005714285714285714,1.0,2.128,13.552,24.976
17,17,200,28.544,2.56256,15.553279999999997,28.544,480.0,0.005,1.0,2.432,15.488,28.544
17,17,225,32.112,2.86656,17.48928,32.112,480.0,0.0044444444444444444,1.0,2.736,17.424,32.112
17,17,250,35.68,3.17056,19.425280000000004,35.68,480.0,0.004,1.0,3.04,19.36,35.68
17,17,275,39.248,3.47456,21.361279999999997,39.248,480.0,0.0036363636363636364,1.0,3.344,21.296,39.248
17,17,300,42.816,3.77856,23.29728,42.816,480.0,0.0033333333333333335,1.0,3.648,23.232,42.816
17,17,325,46.384,4.08256,25.23328,46.384,480.0,0.003076923076923077,1.0,3.952,25.168,46.384
17,17,350,49.952,4.38656,27.169279999999997,49.952,480.0,0.002857142857142857,1.0,4.256,27.104,49.952
17,17,375,53.52,4.69056,29.10528,53.52,480.0,0.0026666666666666666,1.0,4.56,29.04,53.52
17,17,400,57.088,4.994560000000001,31.041280000000004,57.088,480.0,0.0025,1.0,4.864,30.976,57.088
17,17,425,60.656,5.29856,32.97728000000001,60.656,480.0,0.002352941176470588,1.0,5.168,32.912,60.656
17,17,450,64.224,5.602559999999999,34.91328000000001,64.224,480.0,0.0022222222222222222,1.0,5.472,34.848,64.224
17,17,475,67.792,5.906559999999999,36.84928000000001,67.792,480.0,0.002105263157894737,1.0,5.776,36.784,67.792
17,17,500,71.36,6.210559999999999,38.78527999999999,71.36,480.0,0.002,1.0,6.08,38.72,71.36
17,17,525,74.928,6.514560000000001,40.72128,74.92800000000001,480.0,0.0019047619047619048,1.0,6.384,40.656,74.928
17,17,550,78.496,6.818559999999999,42.65728,78.496,480.0,0.0018181818181818182,1.0,6.688,42.592,78.496
17,17,575,82.064,7.122559999999999,44.59328,82.064,480.0,0.0017391304347826088,1.0,6.992,44.528,82.064
17,17,600,85.632,7.426559999999999,46.52927999999999,85.632,480.0,0.0016666666666666668,1.0,7.296,46.464,85.632
17,17,625,89.2,7.73056,48.46527999999999,89.2,480.0,0.0016,1.0,7.6,48.4,89.2
17,17,650,92.768,8.03456,50.40127999999999,92.768,480.0,0.0015384615384615385,1.0,7.904,50.336,92.768
17,17,675,96.336,8.33856,52.33727999999999,96.336,480.0,0.0014814814814814814,1.0,8.208,52.272,96.336
17,17,700,99.904,8.64256,54.27328000000001,99.904,480.0,0.0014285714285714286,1.0,8.512,54.208,99.904
18,18,0,0.0,0.0,0.0,0.0,480.0,0.0,1.0,0.0,0.0,0.0
18,18,25,3.7776,0.4598400000000001,2.1187199999999997,3.7776,480.0,0.04,1.0,0.3216,2.0496,3.7776
18,18,50,7.5552,0.78144,4.1683200000000005,7.5552,480.0,0.02,1.0,0.6432,4.0992,7.5552
18,18,75,11.3328,1.10304,6.2179199999999994,11.3328,480.0,0.013333333333333334,1.0,0.9648,6.1488,11.3328
18,18,100,15.1104,1.42464,8.267520000000001,15.1104,480.0,0.01,1.0,1.2864,8.1984,15.1104
18,18,125,18.888,1.7462400000000002,10.317119999999997,18.888,480.0,0.008,1.0,1.608,10.248,18.888
18,18,150,22.6656,2.06784,12.36672,22.6656,480.0,0.006666666666666667,1.0,1.9296,12.2976,22.6656
18,18,175,26.4432,2.38944,14.41632,26.4432,480.0,0.005714285714285714,1.0,2.2512,14.3472,26.4432
18,18,200,30.2208,2.71104,16.465919999999997,30.2208,480.0,0.005,1.0,2.5728,16.3968,30.2208
18,18,225,33.9984,3.03264,18.51552,33.9984,480.0,0.0044444444444444444,1.0,2.8944,18.4464,33.9984
18,18,250,37.776,3.3542400000000003,20.565120000000004,37.776,480.0,0.004,1.0,3.216,20.496,37.776
18,18,275,41.5536,3.67584,22.614719999999995,41.5536,480.0,0.0036363636363636364,1.0,3.5376,22.5456,41.5536
18,18,300,45.3312,3.9974400000000005,24.664320000000004,45.3312,480.0,0.0033333333333333335,1.0,3.8592,24.5952,45.3312
18,18,325,49.1088,4.319039999999999,26.71392,49.1088,480.0,0.003076923076923077,1.0,4.1808,26.6448,49.1088
18,18,350,52.8864,4.640639999999999,28.763519999999996,52.8864,480.0,0.002857142857142857,1.0,4.5024,28.6944,52.8864
18,18,375,56.664,4.96224,30.813119999999998,56.664,480.0,0.0026666666666666666,1.0,4.824,30.744,56.664
18,18,400,60.4416,5.28384,32.86272,60.4416,480.0,0.0025,1.0,5.1456,32.7936,60.4416
18,18,425,64.2192,5.60544,34.91232000000001,64.2192,480.0,0.002352941176470588,1.0,5.4672,34.8432,64.2192
18,18,450,67.9968,5.927039999999999,36.96192,67.9968,480.0,0.0022222222222222222,1.0,5.7888,36.8928,67.9968
18,18,475,71.7744,6.24864,39.01152,71.7744,480.0,0.002105263157894737,1.0,6.1104,38.9424,71.7744
18,18,500,75.552,6.570239999999999,41.061119999999995,75.552,480.0,0.002,1.0,6.432,40.992,75.552
18,18,525,79.3296,6.89184,43.11072,79.32960000000001,480.0,0.0019047619047619048,1.0,6.7536,43.0416,79.3296
18,18,550,83.1072,7.213439999999999,45.16032,83.1072,480.0,0.0018181818181818182,1.0,7.0752,45.0912,83.1072
18,18,575,86.8848,7.535039999999999,47.20991999999999,86.8848,480.0,0.0017391304347826088,1.0,7.3968,47.1408,86.8848
18,18,600,90.6624,7.85664,49.25952,90.6624,480.0,0.0016666666666666668,1.0,7.7184,49.1904,90.6624
18,18,625,94.44,8.17824,51.30911999999999,94.44,480.0,0.0016,1.0,8.04,51.24,94.44
18,18,650,98.2176,8.49984,53.35872,98.2176,480.0,0.0015384615384615385,1.0,8.3616,53.2896,98.2176
18,18,675,101.9952,8.82144,55.40831999999998,101.9952,480.0,0.0014814814814814814,1.0,8.6832,55.3392,101.9952
18,18,700,105.7728,9.14304,57.45792,105.7728,480.0,0.0014285714285714286,1.0,9.0048,57.3888,105.7728
19,19,0,0.0,0.0,0.0,0.0,480.0,0.0,1.0,0.0,0.0,0.0
19,19,25,3.9872,0.48512,2.23616,3.9872,480.0,0.04,1.0,0.3392,2.1632,3.9872
19,19,50,7.9744,0.8243199999999998,4.39936,7.9744,480.0,0.02,1.0,0.6784,4.3264,7.9744
19,19,75,11.9616,1.16352,6.56256,11.9616,480.0,0.013333333333333334,1.0,1.0176,6.4896,11.9616
19,19,100,15.9488,1.50272,8.72576,15.9488,480.0,0.01,1.0,1.3568,8.6528,15.9488
19,19,125,19.936,1.84192,10.88896,19.936,480.0,0.008,1.0,1.696,10.816,19.936
19,19,150,23.9232,2.18112,13.052160000000002,23.9232,480.0,0.006666666666666667,1.0,2.0352,12.9792,23.9232
19,19,175,27.9104,2.52032,15.21536,27.9104,480.0,0.005714285714285714,1.0,2.3744,15.1424,27.9104
19,19,200,31.8976,2.85952,17.37856,31.8976,480.0,0.005,1.0,2.7136,17.3056,31.8976
19,19,225,35.8848,3.19872,19.54176,35.8848,480.0,0.0044444444444444444,1.0,3.0528,19.4688,35.8848
19,19,250,39.872,3.53792,21.704960000000003,39.872,480.0,0.004,1.0,3.392,21.632,39.872
19,19,275,43.8592,3.87712,23.868159999999992,43.8592,480.0,0.0036363636363636364,1.0,3.7312,23.7952,43.8592
19,19,300,47.8464,4.21632,26.03136,47.8464,480.0,0.0033333333333333335,1.0,4.0704,25.9584,47.8464
19,19,325,51.8336,4.555519999999999,28.194559999999996,51.8336,480.0,0.003076923076923077,1.0,4.4096,28.1216,51.8336
19,19,350,55.8208,4.894719999999999,30.357759999999995,55.8208,480.0,0.002857142857142857,1.0,4.7488,30.2848,55.8208
19,19,375,59.808,5.23392,32.52096,59.808,480.0,0.0026666666666666666,1.0,5.088,32.448,59.808
19,19,400,63.7952,5.57312,34.68416,63.7952,480.0,0.0025,1.0,5.4272,34.6112,63.7952
19,19,425,67.7824,5.91232,36.84736000000001,67.7824,480.0,0.002352941176470588,1.0,5.7664,36.7744,67.7824
19,19,450,71.7696,6.25152,39.010560000000005,71.7696,480.0,0.0022222222222222222,1.0,6.1056,38.9376,71.7696
19,19,475,75.7568,6.590719999999999,41.17376,75.7568,480.0,0.002105263157894737,1.0,6.4448,41.1008,75.7568
19,19,500,79.744,6.929919999999999,43.33695999999999,79.744,480.0,0.002,1.0,6.784,43.264,79.744
19,19,525,83.7312,7.26912,45.50016,83.73120000000002,480.0,0.0019047619047619048,1.0,7.1232,45.4272,83.7312
19,19,550,87.7184,7.608319999999999,47.66336,87.7184,480.0,0.0018181818181818182,1.0,7.4624,47.5904,87.7184
19,19,575,91.7056,7.947519999999999,49.82655999999999,91.7056,480.0,0.0017391304347826088,1.0,7.8016,49.7536,91.7056
19,19,600,95.6928,8.286719999999999,51.98975999999999,95.6928,480.0,0.0016666666666666668,1.0,8.1408,51.9168,95.6928
19,19,625,99.68,8.62592,54.15295999999999,99.68,480.0,0.0016,1.0,8.48,54.08,99.68
19,19,650,103.6672,8.965120000000002,56.31616,103.6672,480.0,0.0015384615384615385,1.0,8.8192,56.2432,103.6672
19,19,675,107.6544,9.30432,58.47935999999999,107.6544,480.0,0.0014814814814814814,1.0,9.1584,58.4064,107.6544
19,19,700,111.6416,9.64352,60.64256,111.6416,480.0,0.0014285714285714286,1.0,9.4976,60.5696,111.6416
20,20,0,0.0,0.0,0.0,0.0,480.0,0.0,1.0,0.0,0.0,0.0
20,20,25,4.1968,0.5104,2.3535999999999997,4.1968,480.0,0.04,1.0,0.3568,2.2768,4.1968
20,20,50,8.3936,0.8672,4.6304,8.3936,480.0,0.02,1.0,0.7136,4.5536,8.3936
20,20,75,12.5904,1.224,6.9072,12.5904,480.0,0.013333333333333334,1.0,1.0704,6.8304,12.5904
20,20,100,16.7872,1.5808,9.184000000000001,16.7872,480.0,0.01,1.0,1.4272,9.1072,16.7872
20,20,125,20.984,1.9376000000000002,11.4608,20.984,480.0,0.008,1.0,1.784,11.384,20.984
20,20,150,25.1808,2.2944,13.7376,25.1808,480.0,0.006666666666666667,1.0,2.1408,13.6608,25.1808
20,20,175,29.3776,2.6512,16.0144,29.3776,480.0,0.005714285714285714,1.0,2.4976,15.9376,29.3776
20,20,200,33.5744,3.008,18.2912,33.5744,480.0,0.005,1.0,2.8544,18.2144,33.5744
20,20,225,37.7712,3.3648,20.568,37.7712,480.0,0.0044444444444444444,1.0,3.2112,20.4912,37.7712
20,20,250,41.968,3.7216000000000005,22.844800000000003,41.968,480.0,0.004,1.0,3.568,22.768,41.968
20,20,275,46.1648,4.0784,25.121599999999994,46.1648,480.0,0.0036363636363636364,1.0,3.9248,25.0448,46.1648
20,20,300,50.3616,4.4352,27.3984,50.3616,480.0,0.0033333333333333335,1.0,4.2816,27.3216,50.3616
20,20,325,54.5584,4.791999999999999,29.6752,54.5584,480.0,0.003076923076923077,1.0,4.6384,29.5984,54.5584
20,20,350,58.7552,5.148799999999999,31.951999999999995,58.7552,480.0,0.002857142857142857,1.0,4.9952,31.8752,58.7552
20,20,375,62.952,5.5056,34.22879999999999,62.952,480.0,0.0026666666666666666,1.0,5.352,34.152,62.952
20,20,400,67.1488,5.8624,36.5056,67.1488,480.0,0.0025,1.0,5.7088,36.4288,67.1488
20,20,425,71.3456,6.2192,38.78240000000001,71.3456,480.0,0.002352941176470588,1.0,6.0656,38.7056,71.3456
20,20,450,75.5424,6.575999999999999,41.0592,75.5424,480.0,0.0022222222222222222,1.0,6.4224,40.9824,75.5424
20,20,475,79.7392,6.932799999999999,43.336,79.7392,480.0,0.002105263157894737,1.0,6.7792,43.2592,79.7392
20,20,500,83.936,7.289599999999998,45.61279999999999,83.936,480.0,0.002,1.0,7.136,45.536,83.936
20,20,525,88.1328,7.6464,47.8896,88.13280000000002,480.0,0.0019047619047619048,1.0,7.4928,47.8128,88.1328
20,20,550,92.3296,8.0032,50.1664,92.3296,480.0,0.0018181818181818182,1.0,7.8496,50.0896,92.3296
20,20,575,96.5264,8.36,52.44319999999999,96.5264,480.0,0.0017391304347826088,1.0,8.2064,52.3664,96.5264
20,20,600,100.7232,8.7168,54.72,100.7232,480.0,0.0016666666666666668,1.0,8.5632,54.6432,100.7232
20,20,625,104.92,9.0736,56.99679999999999,104.92,480.0,0.0016,1.0,8.92,56.92,104.92
20,20,650,109.1168,9.4304,59.2736,109.1168,480.0,0.0015384615384615385,1.0,9.2768,59.1968,109.1168
20,20,675,113.3136,9.7872,61.55039999999998,113.3136,480.0,0.0014814814814814814,1.0,9.6336,61.4736,113.3136
20,20,700,117.5104,10.144,63.8272,117.5104,480.0,0.0014285714285714286,1.0,9.9904,63.7504,117.5104
21,21,0,0.0,0.0,0.0,0.0,480.0,0.0,1.0,0.0,0.0,0.0
21,21,25,4.4064,0.53568,2.47104,4.4064,480.0,0.04,1.0,0.3744,2.3904,4.4064
21,21,50,8.8128,0.9100799999999999,4.86144,8.8128,480.0,0.02,1.0,0.7488,4.7808,8.8128
21,21,75,13.2192,1.28448,7.25184,13.2192,480.0,0.013333333333333334,1.0,1.1232,7.1712,13.2192
21,21,100,17.6256,1.65888,9.64224,17.6256,480.0,0.01,1.0,1.4976,9.5616,17.6256
21,21,125,22.032,2.0332800000000004,12.032639999999999,22.032,480.0,0.008,1.0,1.872,11.952,22.032
21,21,150,26.4384,2.40768,14.42304,26.4384,480.0,0.006666666666666667,1.0,2.2464,14.3424,26.4384
21,21,175,30.8448,2.7820800000000006,16.81344,30.8448,480.0,0.005714285714285714,1.0,2.6208,16.7328,30.8448
21,21,200,35.2512,3.15648,19.20384,35.2512,480.0,0.005,1.0,2.9952,19.1232,35.2512
21,21,225,39.6576,3.53088,21.59424,39.6576,480.0,0.0044444444444444444,1.0,3.3696,21.5136,39.6576
21,21,250,44.064,3.90528,23.984640000000002,44.064,480.0,0.004,1.0,3.744,23.904,44.064
21,21,275,48.4704,4.27968,26.375039999999995,48.4704,480.0,0.0036363636363636364,1.0,4.1184,26.2944,48.4704
21,21,300,52.8768,4.65408,28.76544,52.8768,480.0,0.0033333333333333335,1.0,4.4928,28.6848,52.8768
21,21,325,57.2832,5.028479999999999,31.15584,57.2832,480.0,0.003076923076923077,1.0,4.8672,31.0752,57.2832
21,21,350,61.6896,5.40288,33.54624,61.6896,480.0,0.002857142857142857,1.0,5.2416,33.4656,61.6896
21,21,375,66.096,5.77728,35.93664,66.096,480.0,0.0026666666666666666,1.0,5.616,35.856,66.096
21,21,400,70.5024,6.15168,38.32704,70.5024,480.0,0.0025,1.0,5.9904,38.2464,70.5024
21,21,425,74.9088,6.52608,40.71744000000001,74.9088,480.0,0.002352941176470588,1.0,6.3648,40.6368,74.9088
21,21,450,79.3152,6.900479999999999,43.10784000000001,79.3152,480.0,0.0022222222222222222,1.0,6.7392,43.0272,79.3152
21,21,475,83.7216,7.27488,45.49824000000001,83.7216,480.0,0.002105263157894737,1.0,7.1136,45.4176,83.7216
21,21,500,88.128,7.649279999999999,47.888639999999995,88.128,480.0,0.002,1.0,7.488,47.808,88.128
21,21,525,92.5344,8.02368,50.27904,92.53440000000002,480.0,0.0019047619047619048,1.0,7.8624,50.1984,92.5344
21,21,550,96.9408,8.39808,52.66944,96.9408,480.0,0.0018181818181818182,1.0,8.2368,52.5888,96.9408
21,21,575,101.3472,8.77248,55.059839999999994,101.3472,480.0,0.0017391304347826088,1.0,8.6112,54.9792,101.3472
21,21,600,105.7536,9.14688,57.45024,105.7536,480.0,0.0016666666666666668,1.0,8.9856,57.3696,105.7536
21,21,625,110.16,9.52128,59.84063999999999,110.16,480.0,0.0016,1.0,9.36,59.76,110.16
21,21,650,114.5664,9.895680000000002,62.23103999999999,114.5664,480.0,0.0015384615384615385,1.0,9.7344,62.1504,114.5664
21,21,675,118.9728,10.27008,64.62143999999998,118.9728,480.0,0.0014814814814814814,1.0,10.1088,64.5408,118.9728
21,21,700,123.3792,10.64448,67.01184,123.3792,480.0,0.0014285714285714286,1.0,10.4832,66.9312,123.3792
22,22,0,0.0,0.0,0.0,0.0,480.0,0.0,1.0,0.0,0.0,0.0
22,22,25,4.616,0.56096,2.5884799999999997,4.616,480.0,0.04,1.0,0.392,2.504,4.616
22,22,50,9.232,0.9529599999999999,5.09248,9.232,480.0,0.02,1.0,0.784,5.008,9.232
22,22,75,13.848,1.34496,7.59648,13.848,480.0,0.013333333333333334,1.0,1.176,7.512,13.848
22,22,100,18.464,1.7369599999999998,10.100480000000001,18.464,480.0,0.01,1.0,1.568,10.016,18.464
22,22,125,23.08,2.12896,12.604479999999999,23.08,480.0,0.008,1.0,1.96,12.52,23.08
22,22,150,27.696,2.52096,15.108480000000002,27.696,480.0,0.006666666666666667,1.0,2.352,15.024,27.696
22,22,175,32.312,2.91296,17.61248,32.312,480.0,0.005714285714285714,1.0,2.744,17.528,32.312
22,22,200,36.928,3.30496,20.11648,36.928,480.0,0.005,1.0,3.136,20.032,36.928
22,22,225,41.544,3.69696,22.62048,41.544,480.0,0.0044444444444444444,1.0,3.528,22.536,41.544
22,22,250,46.16,4.08896,25.124480000000005,46.16,480.0,0.004,1.0,3.92,25.04,46.16
22,22,275,50.776,4.48096,27.628479999999996,50.776,480.0,0.0036363636363636364,1.0,4.312,27.544,50.776
22,22,300,55.392,4.87296,30.13248,55.392,480.0,0.0033333333333333335,1.0,4.704,30.048,55.392
22,22,325,60.008,5.264959999999999,32.63648,60.008,480.0,0.003076923076923077,1.0,5.096,32.552,60.008
22,22,350,64.624,5.656959999999999,35.14048,64.624,480.0,0.002857142857142857,1.0,5.488,35.056,64.624
22,22,375,69.24,6.048960000000001,37.64448,69.24,480.0,0.0026666666666666666,1.0,5.88,37.56,69.24
22,22,400,73.856,6.440960000000001,40.148480000000006,73.856,480.0,0.0025,1.0,6.272,40.064,73.856
22,22,425,78.472,6.83296,42.652480000000004,78.472,480.0,0.002352941176470588,1.0,6.664,42.568,78.472
22,22,450,83.088,7.224959999999999,45.15648,83.088,480.0,0.0022222222222222222,1.0,7.056,45.072,83.088
22,22,475,87.704,7.616959999999999,47.66048000000001,87.704,480.0,0.002105263157894737,1.0,7.448,47.576,87.704
22,22,500,92.32,8.008959999999998,50.16447999999999,92.32,480.0,0.002,1.0,7.84,50.08,92.32
22,22,525,96.936,8.40096,52.66848,96.93600000000002,480.0,0.0019047619047619048,1.0,8.232,52.584,96.936
22,22,550,101.552,8.79296,55.17248,101.552,480.0,0.0018181818181818182,1.0,8.624,55.088,101.552
22,22,575,106.168,9.184959999999998,57.67647999999999,106.168,480.0,0.0017391304347826088,1.0,9.016,57.592,106.168
22,22,600,110.784,9.57696,60.180479999999996,110.784,480.0,0.0016666666666666668,1.0,9.408,60.096,110.784
22,22,625,115.4,9.96896,62.68447999999999,115.4,480.0,0.0016,1.0,9.8,62.6,115.4
22,22,650,120.016,10.36096,65.18848,120.016,480.0,0.0015384615384615385,1.0,10.192,65.104,120.016
22,22,675,124.632,10.75296,67.69247999999999,124.632,480.0,0.0014814814814814814,1.0,10.584,67.608,124.632
22,22,700,129.248,11.144959999999998,70.19648,129.248,480.0,0.0014285714285714286,1.0,10.976,70.112,129.248
23,23,0,0.0,0.0,0.0,0.0,480.0,0.0,1.0,0.0,0.0,0.0
23,23,25,4.8256,0.58624,2.7059199999999994,4.8256,480.0,0.04,1.0,0.4096,2.6176,4.8256
23,23,50,9.6512,0.99584,5.32352,9.6512,480.0,0.02,1.0,0.8192,5.2352,9.6512
23,23,75,14.4768,1.40544,7.941119999999999,14.4768,480.0,0.013333333333333334,1.0,1.2288,7.8528,14.4768
23,23,100,19.3024,1.8150399999999998,10.558720000000001,19.3024,480.0,0.01,1.0,1.6384,10.4704,19.3024
23,23,125,24.128,2.2246400000000004,13.176319999999999,24.128,480.0,0.008,1.0,2.048,13.088,24.128
23,23,150,28.9536,2.6342400000000006,15.79392,28.9536,480.0,0.006666666666666667,1.0,2.4576,15.7056,28.9536
23,23,175,33.7792,3.0438400000000003,18.41152,33.7792,480.0,0.005714285714285714,1.0,2.8672,18.3232,33.7792
23,23,200,38.6048,3.4534399999999996,21.02912,38.6048,480.0,0.005,1.0,3.2768,20.9408,38.6048
23,23,225,43.4304,3.86304,23.64672,43.4304,480.0,0.0044444444444444444,1.0,3.6864,23.5584,43.4304
23,23,250,48.256,4.27264,26.264320000000005,48.256,480.0,0.004,1.0,4.096,26.176,48.256
23,23,275,53.0816,4.682239999999999,28.881919999999997,53.0816,480.0,0.0036363636363636364,1.0,4.5056,28.7936,53.0816
23,23,300,57.9072,5.091840000000001,31.499520000000004,57.9072,480.0,0.0033333333333333335,1.0,4.9152,31.4112,57.9072
23,23,325,62.7328,5.50144,34.11712,62.7328,480.0,0.003076923076923077,1.0,5.3248,34.0288,62.7328
23,23,350,67.5584,5.911039999999999,36.73472,67.5584,480.0,0.002857142857142857,1.0,5.7344,36.6464,67.5584
23,23,375,72.384,6.32064,39.35231999999999,72.384,480.0,0.0026666666666666666,1.0,6.144,39.264,72.384
23,23,400,77.2096,6.730239999999999,41.96992,77.2096,480.0,0.0025,1.0,6.5536,41.8816,77.2096
23,23,425,82.0352,7.13984,44.587520000000005,82.0352,480.0,0.002352941176470588,1.0,6.9632,44.4992,82.0352
23,23,450,86.8608,7.54944,47.20512000000001,86.8608,480.0,0.0022222222222222222,1.0,7.3728,47.1168,86.8608
23,23,475,91.6864,7.959039999999999,49.82272000000001,91.6864,480.0,0.002105263157894737,1.0,7.7824,49.7344,91.6864
23,23,500,96.512,8.36864,52.44031999999999,96.512,480.0,0.002,1.0,8.192,52.352,96.512
23,23,525,101.3376,8.77824,55.05792,101.33760000000001,480.0,0.0019047619047619048,1.0,8.6016,54.9696,101.3376
23,23,550,106.1632,9.18784,57.67552,106.1632,480.0,0.0018181818181818182,1.0,9.0112,57.5872,106.1632
23,23,575,110.9888,9.597439999999999,60.293119999999995,110.9888,480.0,0.0017391304347826088,1.0,9.4208,60.2048,110.9888
23,23,600,115.8144,10.00704,62.91072,115.8144,480.0,0.0016666666666666668,1.0,9.8304,62.8224,115.8144
23,23,625,120.64,10.41664,65.52832,120.64,480.0,0.0016,1.0,10.24,65.44,120.64
23,23,650,125.4656,10.826240000000002,68.14591999999999,125.4656,480.0,0.0015384615384615385,1.0,10.6496,68.0576,125.4656
23,23,675,130.2912,11.235839999999998,70.76351999999999,130.2912,480.0,0.0014814814814814814,1.0,11.0592,70.6752,130.2912
23,23,700,135.1168,11.645439999999999,73.38112,135.1168,480.0,0.0014285714285714286,1.0,11.4688,73.2928,135.1168
24,24,0,0.0,0.0,0.0,0.0,480.0,0.0,1.0,0.0,0.0,0.0
24,24,25,5.0352,0.6115200000000001,2.82336,5.0352,480.0,0.04,1.0,0.4272,2.7312,5.0352
24,24,50,10.0704,1.0387199999999999,5.554560000000001,10.0704,480.0,0.02,1.0,0.8544,5.4624,10.0704
24,24,75,15.1056,1.46592,8.28576,15.1056,480.0,0.013333333333333334,1.0,1.2816,8.1936,15.1056
24,24,100,20.1408,1.8931199999999997,11.01696,20.1408,480.0,0.01,1.0,1.7088,10.9248,20.1408
24,24,125,25.176,2.32032,13.748159999999999,25.176,480.0,0.008,1.0,2.136,13.656,25.176
24,24,150,30.2112,2.7475200000000006,16.479360000000003,30.2112,480.0,0.006666666666666667,1.0,2.5632,16.3872,30.2112
24,24,175,35.2464,3.1747200000000007,19.21056,35.2464,480.0,0.005714285714285714,1.0,2.9904,19.1184,35.2464
24,24,200,40.2816,3.6019199999999993,21.941759999999995,40.2816,480.0,0.005,1.0,3.4176,21.8496,40.2816
24,24,225,45.3168,4.02912,24.67296,45.3168,480.0,0.0044444444444444444,1.0,3.8448,24.5808,45.3168
24,24,250,50.352,4.45632,27.404160000000005,50.352,480.0,0.004,1.0,4.272,27.312,50.352
24,24,275,55.3872,4.883519999999999,30.135359999999995,55.3872,480.0,0.0036363636363636364,1.0,4.6992,30.0432,55.3872
24,24,300,60.4224,5.31072,32.86656000000001,60.4224,480.0,0.0033333333333333335,1.0,5.1264,32.7744,60.4224
24,24,325,65.4576,5.737919999999999,35.59776,65.4576,480.0,0.003076923076923077,1.0,5.5536,35.5056,65.4576
24,24,350,70.4928,6.165119999999999,38.328959999999995,70.4928,480.0,0.002857142857142857,1.0,5.9808,38.2368,70.4928
24,24,375,75.528,6.59232,41.06016,75.528,480.0,0.0026666666666666666,1.0,6.408,40.968,75.528
24,24,400,80.5632,7.019520000000001,43.79136,80.5632,480.0,0.0025,1.0,6.8352,43.6992,80.5632
24,24,425,85.5984,7.446720000000001,46.522560000000006,85.5984,480.0,0.002352941176470588,1.0,7.2624,46.4304,85.5984
24,24,450,90.6336,7.873919999999999,49.25376000000001,90.6336,480.0,0.0022222222222222222,1.0,7.6896,49.1616,90.6336
24,24,475,95.6688,8.30112,51.98496000000001,95.6688,480.0,0.002105263157894737,1.0,8.1168,51.8928,95.6688
24,24,500,100.704,8.72832,54.716159999999995,100.704,480.0,0.002,1.0,8.544,54.624,100.704
24,24,525,105.7392,9.155520000000001,57.44736,105.73920000000003,480.0,0.0019047619047619048,1.0,8.9712,57.3552,105.7392
24,24,550,110.7744,9.582719999999998,60.17855999999999,110.7744,480.0,0.0018181818181818182,1.0,9.3984,60.0864,110.7744
24,24,575,115.8096,10.009919999999997,62.90975999999999,115.8096,480.0,0.0017391304347826088,1.0,9.8256,62.8176,115.8096
24,24,600,120.8448,10.437119999999998,65.64095999999999,120.8448,480.0,0.0016666666666666668,1.0,10.2528,65.5488,120.8448
24,24,625,125.88,10.86432,68.37215999999998,125.88,480.0,0.0016,1.0,10.68,68.28,125.88
24,24,650,130.9152,11.291520000000002,71.10336,130.9152,480.0,0.0015384615384615385,1.0,11.1072,71.0112,130.9152
24,24,675,135.9504,11.71872,73.83455999999998,135.9504,480.0,0.0014814814814814814,1.0,11.5344,73.7424,135.9504
24,24,700,140.9856,12.14592,76.56576,140.9856,480.0,0.0014285714285714286,1.0,11.9616,76.4736,140.9856
25,25,0,0.0,0.0,0.0,0.0,480.0,0.0,1.0,0.0,0.0,0.0
25,25,25,5.2448,0.6368,2.9407999999999994,5.2448,480.0,0.04,1.0,0.4448,2.8448,5.2448
25,25,50,10.4896,1.0815999999999997,5.7856,10.4896,480.0,0.02,1.0,0.8896,5.6896,10.4896
25,25,75,15.7344,1.5264,8.6304,15.7344,480.0,0.013333333333333334,1.0,1.3344,8.5344,15.7344
25,25,100,20.9792,1.9712,11.475200000000003,20.9792,480.0,0.01,1.0,1.7792,11.3792,20.9792
25,25,125,26.224,2.416,14.319999999999999,26.224,480.0,0.008,1.0,2.224,14.224,26.224
25,25,150,31.4688,2.8608,17.164800000000003,31.4688,480.0,0.006666666666666667,1.0,2.6688,17.0688,31.4688
25,25,175,36.7136,3.3056000000000005,20.0096,36.7136,480.0,0.005714285714285714,1.0,3.1136,19.9136,36.7136
25,25,200,41.9584,3.7504,22.8544,41.9584,480.0,0.005,1.0,3.5584,22.7584,41.9584
25,25,225,47.2032,4.1952,25.6992,47.2032,480.0,0.0044444444444444444,1.0,4.0032,25.6032,47.2032
25,25,250,52.448,4.64,28.544000000000004,52.448,480.0,0.004,1.0,4.448,28.448,52.448
25,25,275,57.6928,5.084799999999999,31.388799999999993,57.6928,480.0,0.0036363636363636364,1.0,4.8928,31.2928,57.6928
25,25,300,62.9376,5.5296,34.2336,62.9376,480.0,0.0033333333333333335,1.0,5.3376,34.1376,62.9376
25,25,325,68.1824,5.974399999999999,37.0784,68.1824,480.0,0.003076923076923077,1.0,5.7824,36.9824,68.1824
25,25,350,73.4272,6.4192,39.923199999999994,73.4272,480.0,0.002857142857142857,1.0,6.2272,39.8272,73.4272
25,25,375,78.672,6.864,42.768,78.672,480.0,0.0026666666666666666,1.0,6.672,42.672,78.672
25,25,400,83.9168,7.3088,45.61280000000001,83.9168,480.0,0.0025,1.0,7.1168,45.5168,83.9168
25,25,425,89.1616,7.7536,48.45760000000001,89.1616,480.0,0.002352941176470588,1.0,7.5616,48.3616,89.1616
25,25,450,94.4064,8.1984,51.302400000000006,94.4064,480.0,0.0022222222222222222,1.0,8.0064,51.2064,94.4064
25,25,475,99.6512,8.643199999999998,54.147200000000005,99.6512,480.0,0.002105263157894737,1.0,8.4512,54.0512,99.6512
25,25,500,104.896,9.087999999999997,56.99199999999999,104.896,480.0,0.002,1.0,8.896,56.896,104.896
25,25,525,110.1408,9.5328,59.8368,110.14080000000003,480.0,0.0019047619047619048,1.0,9.3408,59.7408,110.1408
25,25,550,115.3856,9.9776,62.6816,115.3856,480.0,0.0018181818181818182,1.0,9.7856,62.5856,115.3856
25,25,575,120.6304,10.4224,65.5264,120.6304,480.0,0.0017391304347826088,1.0,10.2304,65.4304,120.6304
25,25,600,125.8752,10.8672,68.37119999999999,125.8752,480.0,0.0016666666666666668,1.0,10.6752,68.2752,125.8752
25,25,625,131.12,11.312,71.21599999999998,131.12,480.0,0.0016,1.0,11.12,71.12,131.12
25,25,650,136.3648,11.756800000000002,74.0608,136.3648,480.0,0.0015384615384615385,1.0,11.5648,73.9648,136.3648
25,25,675,141.6096,12.2016,76.90559999999998,141.6096,480.0,0.0014814814814814814,1.0,12.0096,76.8096,141.6096
25,25,700,146.8544,12.6464,79.75040000000001,146.8544,480.0,0.0014285714285714286,1.0,12.4544,79.6544,146.8544
26,26,0,0.0,0.0,0.0,0.0,480.0,0.0,1.0,0.0,0.0,0.0
26,26,25,5.4544,0.66208,3.05824,5.4544,480.0,0.04,1.0,0.4624,2.9584,5.4544
26,26,50,10.9088,1.12448,6.01664,10.9088,480.0,0.02,1.0,0.9248,5.9168,10.9088
26,26,75,16.3632,1.5868799999999998,8.97504,16.3632,480.0,0.013333333333333334,1.0,1.3872,8.8752,16.3632
26,26,100,21.8176,2.04928,11.93344,21.8176,480.0,0.01,1.0,1.8496,11.8336,21.8176
26,26,125,27.272,2.5116800000000006,14.891839999999998,27.272,480.0,0.008,1.0,2.312,14.792,27.272
26,26,150,32.7264,2.97408,17.85024,32.7264,480.0,0.006666666666666667,1.0,2.7744,17.7504,32.7264
26,26,175,38.1808,3.4364800000000004,20.80864,38.1808,480.0,0.005714285714285714,1.0,3.2368,20.7088,38.1808
26,26,200,43.6352,3.8988799999999997,23.76704,43.6352,480.0,0.005,1.0,3.6992,23.6672,43.6352
26,26,225,49.0896,4.36128,26.72544,49.0896,480.0,0.0044444444444444444,1.0,4.1616,26.6256,49.0896
26,26,250,54.544,4.82368,29.683840000000004,54.544,480.0,0.004,1.0,4.624,29.584,54.544
26,26,275,59.9984,5.286079999999999,32.642239999999994,59.9984,480.0,0.0036363636363636364,1.0,5.0864,32.5424,59.9984
26,26,300,65.4528,5.748480000000001,35.60064,65.4528,480.0,0.0033333333333333335,1.0,5.5488,35.5008,65.4528
26,26,325,70.9072,6.2108799999999995,38.55904,70.9072,480.0,0.003076923076923077,1.0,6.0112,38.4592,70.9072
26,26,350,76.3616,6.67328,41.51743999999999,76.3616,480.0,0.002857142857142857,1.0,6.4736,41.4176,76.3616
26,26,375,81.816,7.13568,44.47584,81.816,480.0,0.0026666666666666666,1.0,6.936,44.376,81.816
26,26,400,87.2704,7.59808,47.43424,87.2704,480.0,0.0025,1.0,7.3984,47.3344,87.2704
26,26,425,92.7248,8.06048,50.39264000000001,92.7248,480.0,0.002352941176470588,1.0,7.8608,50.2928,92.7248
26,26,450,98.1792,8.522879999999999,53.351040000000005,98.1792,480.0,0.0022222222222222222,1.0,8.3232,53.2512,98.1792
26,26,475,103.6336,8.98528,56.30944000000001,103.6336,480.0,0.002105263157894737,1.0,8.7856,56.2096,103.6336
26,26,500,109.088,9.447679999999998,59.26783999999999,109.088,480.0,0.002,1.0,9.248,59.168,109.088
26,26,525,114.5424,9.910080000000002,62.22624,114.54240000000003,480.0,0.0019047619047619048,1.0,9.7104,62.1264,114.5424
26,26,550,119.9968,10.372479999999998,65.18464,119.9968,480.0,0.0018181818181818182,1.0,10.1728,65.0848,119.9968
26,26,575,125.4512,10.83488,68.14304,125.4512,480.0,0.0017391304347826088,1.0,10.6352,68.0432,125.4512
26,26,600,130.9056,11.29728,71.10144,130.9056,480.0,0.0016666666666666668,1.0,11.0976,71.0016,130.9056
26,26,625,136.36,11.75968,74.05983999999998,136.36,480.0,0.0016,1.0,11.56,73.96,136.36
26,26,650,141.8144,12.22208,77.01824,141.8144,480.0,0.0015384615384615385,1.0,12.0224,76.9184,141.8144
26,26,675,147.2688,12.68448,79.97663999999999,147.2688,480.0,0.0014814814814814814,1.0,12.4848,79.8768,147.2688
26,26,700,152.7232,13.14688,82.93504,152.7232,480.0,0.0014285714285714286,1.0,12.9472,82.8352,152.7232
27,27,0,0.0,0.0,0.0,0.0,480.0,0.0,1.0,0.0,0.0,0.0
27,27,25,5.664,0.68736,3.1756799999999994,5.664,480.0,0.04,1.0,0.48,3.072,5.664
27,27,50,11.328,1.1673599999999997,6.24768,11.328,480.0,0.02,1.0,0.96,6.144,11.328
27,27,75,16.992,1.64736,9.31968,16.992,480.0,0.013333333333333334,1.0,1.44,9.216,16.992
27,27,100,22.656,2.12736,12.391680000000003,22.656,480.0,0.01,1.0,1.92,12.288,22.656
27,27,125,28.32,2.60736,15.463679999999998,28.32,480.0,0.008,1.0,2.4,15.36,28.32
27,27,150,33.984,3.08736,18.53568,33.984,480.0,0.006666666666666667,1.0,2.88,18.432,33.984
27,27,175,39.648,3.56736,21.60768,39.648,480.0,0.005714285714285714,1.0,3.36,21.504,39.648
27,27,200,45.312,4.04736,24.67968,45.312,480.0,0.005,1.0,3.84,24.576,45.312
27,27,225,50.976,4.52736,27.75168,50.976,480.0,0.0044444444444444444,1.0,4.32,27.648,50.976
27,27,250,56.64,5.007360000000001,30.823680000000003,56.64,480.0,0.004,1.0,4.8,30.72,56.64
27,27,275,62.304,5.487359999999999,33.89567999999999,62.304,480.0,0.0036363636363636364,1.0,5.28,33.792,62.304
27,27,300,67.968,5.96736,36.96768,67.968,480.0,0.0033333333333333335,1.0,5.76,36.864,67.968
27,27,325,73.632,6.44736,40.03968,73.632,480.0,0.003076923076923077,1.0,6.24,39.936,73.632
27,27,350,79.296,6.927359999999999,43.11167999999999,79.296,480.0,0.002857142857142857,1.0,6.72,43.008,79.296
27,27,375,84.96,7.40736,46.18368,84.96,480.0,0.0026666666666666666,1.0,7.2,46.08,84.96
27,27,400,90.624,7.887360000000001,49.255680000000005,90.624,480.0,0.0025,1.0,7.68,49.152,90.624
27,27,425,96.288,8.36736,52.32768000000001,96.288,480.0,0.002352941176470588,1.0,8.16,52.224,96.288
27,27,450,101.952,8.84736,55.39968000000001,101.952,480.0,0.0022222222222222222,1.0,8.64,55.296,101.952
27,27,475,107.616,9.32736,58.471680000000006,107.616,480.0,0.002105263157894737,1.0,9.12,58.368,107.616
27,27,500,113.28,9.807359999999997,61.543679999999995,113.28,480.0,0.002,1.0,9.6,61.44,113.28
27,27,525,118.944,10.28736,64.61568,118.94400000000003,480.0,0.0019047619047619048,1.0,10.08,64.512,118.944
27,27,550,124.608,10.76736,67.68768,124.608,480.0,0.0018181818181818182,1.0,10.56,67.584,124.608
27,27,575,130.272,11.247359999999999,70.75968,130.272,480.0,0.0017391304347826088,1.0,11.04,70.656,130.272
27,27,600,135.936,11.72736,73.83168,135.936,480.0,0.0016666666666666668,1.0,11.52,73.728,135.936
27,27,625,141.6,12.207360000000001,76.90367999999998,141.6,480.0,0.0016,1.0,12.0,76.8,141.6
27,27,650,147.264,12.687360000000002,79.97568,147.264,480.0,0.0015384615384615385,1.0,12.48,79.872,147.264
27,27,675,152.928,13.167359999999999,83.04767999999999,152.928,480.0,0.0014814814814814814,1.0,12.96,82.944,152.928
27,27,700,158.592,13.64736,86.11968,158.592,480.0,0.0014285714285714286,1.0,13.44,86.016,158.592
28,28,0,0.0,0.0,0.0,0.0,480.0,0.0,1.0,0.0,0.0,0.0
28,28,25,5.8736,0.71264,3.2931199999999996,5.8736,480.0,0.04,1.0,0.4976,3.1856,5.8736
28,28,50,11.7472,1.2102399999999998,6.47872,11.7472,480.0,0.02,1.0,0.9952,6.3712,11.7472
28,28,75,17.6208,1.70784,9.66432,17.6208,480.0,0.013333333333333334,1.0,1.4928,9.5568,17.6208
28,28,100,23.4944,2.20544,12.849920000000003,23.4944,480.0,0.01,1.0,1.9904,12.7424,23.4944
28,28,125,29.368,2.70304,16.035519999999995,29.368,480.0,0.008,1.0,2.488,15.928,29.368
28,28,150,35.2416,3.2006400000000004,19.221120000000003,35.2416,480.0,0.006666666666666667,1.0,2.9856,19.1136,35.2416
28,28,175,41.1152,3.6982400000000006,22.40672,41.1152,480.0,0.005714285714285714,1.0,3.4832,22.2992,41.1152
28,28,200,46.9888,4.19584,25.59232,46.9888,480.0,0.005,1.0,3.9808,25.4848,46.9888
28,28,225,52.8624,4.69344,28.77792,52.8624,480.0,0.0044444444444444444,1.0,4.4784,28.6704,52.8624
28,28,250,58.736,5.19104,31.963520000000003,58.736,480.0,0.004,1.0,4.976,31.856,58.736
28,28,275,64.6096,5.6886399999999995,35.14911999999999,64.6096,480.0,0.0036363636363636364,1.0,5.4736,35.0416,64.6096
28,28,300,70.4832,6.18624,38.33472,70.4832,480.0,0.0033333333333333335,1.0,5.9712,38.2272,70.4832
28,28,325,76.3568,6.683839999999999,41.52032,76.3568,480.0,0.003076923076923077,1.0,6.4688,41.4128,76.3568
28,28,350,82.2304,7.181439999999999,44.70591999999999,82.2304,480.0,0.002857142857142857,1.0,6.9664,44.5984,82.2304
28,28,375,88.104,7.6790400000000005,47.89152,88.104,480.0,0.0026666666666666666,1.0,7.464,47.784,88.104
28,28,400,93.9776,8.17664,51.07712000000001,93.9776,480.0,0.0025,1.0,7.9616,50.9696,93.9776
28,28,425,99.8512,8.67424,54.262720000000016,99.8512,480.0,0.002352941176470588,1.0,8.4592,54.1552,99.8512
28,28,450,105.7248,9.17184,57.44832000000001,105.7248,480.0,0.0022222222222222222,1.0,8.9568,57.3408,105.7248
28,28,475,111.5984,9.669439999999998,60.63392000000002,111.5984,480.0,0.002105263157894737,1.0,9.4544,60.5264,111.5984
28,28,500,117.472,10.167039999999998,63.81951999999999,117.472,480.0,0.002,1.0,9.952,63.712,117.472
28,28,525,123.3456,10.664640000000002,67.00512,123.34560000000003,480.0,0.0019047619047619048,1.0,10.4496,66.8976,123.3456
28,28,550,129.2192,11.162239999999999,70.19072,129.2192,480.0,0.0018181818181818182,1.0,10.9472,70.0832,129.2192
28,28,575,135.0928,11.659839999999997,73.37632,135.0928,480.0,0.0017391304347826088,1.0,11.4448,73.2688,135.0928
28,28,600,140.9664,12.157439999999998,76.56191999999999,140.9664,480.0,0.0016666666666666668,1.0,11.9424,76.4544,140.9664
28,28,625,146.84,12.655039999999998,79.74751999999998,146.84,480.0,0.0016,1.0,12.44,79.64,146.84
28,28,650,152.7136,13.152640000000002,82.93311999999999,152.7136,480.0,0.0015384615384615385,1.0,12.9376,82.8256,152.7136
28,28,675,158.5872,13.65024,86.11871999999998,158.5872,480.0,0.0014814814814814814,1.0,13.4352,86.0112,158.5872
28,28,700,164.4608,14.147839999999999,89.30432,164.4608,480.0,0.0014285714285714286,1.0,13.9328,89.1968,164.4608
29,29,0,0.0,0.0,0.0,0.0,480.0,0.0,1.0,0.0,0.0,0.0
29,29,25,6.0832,0.7379200000000001,3.41056,6.0832,480.0,0.04,1.0,0.5152,3.2992,6.0832
29,29,50,12.1664,1.25312,6.709760000000001,12.1664,480.0,0.02,1.0,1.0304,6.5984,12.1664
29,29,75,18.2496,1.76832,10.00896,18.2496,480.0,0.013333333333333334,1.0,1.5456,9.8976,18.2496
29,29,100,24.3328,2.2835199999999993,13.30816,24.3328,480.0,0.01,1.0,2.0608,13.1968,24.3328
29,29,125,30.416,2.7987200000000003,16.607359999999996,30.416,480.0,0.008,1.0,2.576,16.496,30.416
29,29,150,36.4992,3.3139200000000004,19.906560000000002,36.4992,480.0,0.006666666666666667,1.0,3.0912,19.7952,36.4992
29,29,175,42.5824,3.82912,23.20576,42.5824,480.0,0.005714285714285714,1.0,3.6064,23.0944,42.5824
29,29,200,48.6656,4.34432,26.504959999999997,48.6656,480.0,0.005,1.0,4.1216,26.3936,48.6656
29,29,225,54.7488,4.85952,29.804159999999996,54.7488,480.0,0.0044444444444444444,1.0,4.6368,29.6928,54.7488
29,29,250,60.832,5.37472,33.10336,60.832,480.0,0.004,1.0,5.152,32.992,60.832
29,29,275,66.9152,5.889919999999999,36.402559999999994,66.9152,480.0,0.0036363636363636364,1.0,5.6672,36.2912,66.9152
29,29,300,72.9984,6.40512,39.70176,72.9984,480.0,0.0033333333333333335,1.0,6.1824,39.5904,72.9984
29,29,325,79.0816,6.920319999999999,43.00096,79.0816,480.0,0.003076923076923077,1.0,6.6976,42.8896,79.0816
29,29,350,85.1648,7.4355199999999995,46.30016,85.1648,480.0,0.002857142857142857,1.0,7.2128,46.1888,85.1648
29,29,375,91.248,7.950720000000001,49.59936,91.248,480.0,0.0026666666666666666,1.0,7.728,49.488,91.248
29,29,400,97.3312,8.465920000000002,52.89856000000001,97.3312,480.0,0.0025,1.0,8.2432,52.7872,97.3312
29,29,425,103.4144,8.98112,56.19776000000001,103.4144,480.0,0.002352941176470588,1.0,8.7584,56.0864,103.4144
29,29,450,109.4976,9.496319999999999,59.49696,109.4976,480.0,0.0022222222222222222,1.0,9.2736,59.3856,109.4976
29,29,475,115.5808,10.01152,62.79616000000001,115.5808,480.0,0.002105263157894737,1.0,9.7888,62.6848,115.5808
29,29,500,121.664,10.52672,66.09535999999999,121.664,480.0,0.002,1.0,10.304,65.984,121.664
29,29,525,127.7472,11.04192,69.39456,127.74720000000003,480.0,0.0019047619047619048,1.0,10.8192,69.2832,127.7472
29,29,550,133.8304,11.55712,72.69376,133.8304,480.0,0.0018181818181818182,1.0,11.3344,72.5824,133.8304
29,29,575,139.9136,12.072319999999998,75.99296,139.9136,480.0,0.0017391304347826088,1.0,11.8496,75.8816,139.9136
29,29,600,145.9968,12.587519999999998,79.29215999999998,145.9968,480.0,0.0016666666666666668,1.0,12.3648,79.1808,145.9968
29,29,625,152.08,13.10272,82.59135999999998,152.08,480.0,0.0016,1.0,12.88,82.48,152.08
29,29,650,158.1632,13.617920000000002,85.89055999999998,158.1632,480.0,0.0015384615384615385,1.0,13.3952,85.7792,158.1632
29,29,675,164.2464,14.13312,89.18975999999998,164.2464,480.0,0.0014814814814814814,1.0,13.9104,89.0784,164.2464
29,29,700,170.3296,14.648319999999998,92.48896000000002,170.3296,480.0,0.0014285714285714286,1.0,14.4256,92.3776,170.3296
30,30,0,0.0,0.0,0.0,0.0,480.0,0.0,1.0,0.0,0.0,0.0
30,30,25,6.2928,0.7632,3.527999999999999,6.2928,480.0,0.04,1.0,0.5328,3.4128,6.2928
30,30,50,12.5856,1.2959999999999998,6.9408,12.5856,480.0,0.02,1.0,1.0656,6.8256,12.5856
30,30,75,18.8784,1.8288,10.3536,18.8784,480.0,0.013333333333333334,1.0,1.5984,10.2384,18.8784
30,30,100,25.1712,2.3616,13.766400000000004,25.1712,480.0,0.01,1.0,2.1312,13.6512,25.1712
30,30,125,31.464,2.8944,17.179199999999998,31.464,480.0,0.008,1.0,2.664,17.064,31.464
30,30,150,37.7568,3.4272,20.592,37.7568,480.0,0.006666666666666667,1.0,3.1968,20.4768,37.7568
30,30,175,44.0496,3.9600000000000004,24.0048,44.0496,480.0,0.005714285714285714,1.0,3.7296,23.8896,44.0496
30,30,200,50.3424,4.4928,27.4176,50.3424,480.0,0.005,1.0,4.2624,27.3024,50.3424
30,30,225,56.6352,5.0256,30.8304,56.6352,480.0,0.0044444444444444444,1.0,4.7952,30.7152,56.6352
30,30,250,62.928,5.558400000000001,34.24320000000001,62.928,480.0,0.004,1.0,5.328,34.128,62.928
30,30,275,69.2208,6.0912,37.65599999999999,69.2208,480.0,0.0036363636363636364,1.0,5.8608,37.5408,69.2208
30,30,300,75.5136,6.624,41.0688,75.5136,480.0,0.0033333333333333335,1.0,6.3936,40.9536,75.5136
30,30,325,81.8064,7.156799999999999,44.4816,81.8064,480.0,0.003076923076923077,1.0,6.9264,44.3664,81.8064
30,30,350,88.0992,7.689599999999998,47.89439999999999,88.0992,480.0,0.002857142857142857,1.0,7.4592,47.7792,88.0992
30,30,375,94.392,8.2224,51.307199999999995,94.392,480.0,0.0026666666666666666,1.0,7.992,51.192,94.392
30,30,400,100.6848,8.7552,54.72,100.6848,480.0,0.0025,1.0,8.5248,54.6048,100.6848
30,30,425,106.9776,9.288,58.13280000000001,106.9776,480.0,0.002352941176470588,1.0,9.0576,58.0176,106.9776
30,30,450,113.2704,9.8208,61.5456,113.2704,480.0,0.0022222222222222222,1.0,9.5904,61.4304,113.2704
30,30,475,119.5632,10.3536,64.95840000000001,119.5632,480.0,0.002105263157894737,1.0,10.1232,64.8432,119.5632
30,30,500,125.856,10.886399999999998,68.3712,125.856,480.0,0.002,1.0,10.656,68.256,125.856
30,30,525,132.1488,11.419200000000002,71.784,132.14880000000002,480.0,0.0019047619047619048,1.0,11.1888,71.6688,132.1488
30,30,550,138.4416,11.951999999999998,75.1968,138.4416,480.0,0.0018181818181818182,1.0,11.7216,75.0816,138.4416
30,30,575,144.7344,12.4848,78.6096,144.7344,480.0,0.0017391304347826088,1.0,12.2544,78.4944,144.7344
30,30,600,151.0272,13.0176,82.0224,151.0272,480.0,0.0016666666666666668,1.0,12.7872,81.9072,151.0272
30,30,625,157.32,13.5504,85.43519999999998,157.32,480.0,0.0016,1.0,13.32,85.32,157.32
30,30,650,163.6128,14.0832,88.84799999999998,163.6128,480.0,0.0015384615384615385,1.0,13.8528,88.7328,163.6128
30,30,675,169.9056,14.616,92.26079999999997,169.9056,480.0,0.0014814814814814814,1.0,14.3856,92.1456,169.9056
30,30,700,176.1984,15.148799999999998,95.6736,176.1984,480.0,0.0014285714285714286,1.0,14.9184,95.5584,176.1984
31,31,0,0.0,0.0,0.0,0.0,480.0,0.0,1.0,0.0,0.0,0.0
31,31,25,6.5024,0.78848,3.6454399999999993,6.5024,480.0,0.04,1.0,0.5504,3.5264,6.5024
31,31,50,13.0048,1.33888,7.171840000000001,13.0048,480.0,0.02,1.0,1.1008,7.0528,13.0048
31,31,75,19.5072,1.8892799999999998,10.698239999999998,19.5072,480.0,0.013333333333333334,1.0,1.6512,10.5792,19.5072
31,31,100,26.0096,2.43968,14.224640000000003,26.0096,480.0,0.01,1.0,2.2016,14.1056,26.0096
31,31,125,32.512,2.9900800000000003,17.751039999999996,32.512,480.0,0.008,1.0,2.752,17.632,32.512
31,31,150,39.0144,3.54048,21.27744,39.0144,480.0,0.006666666666666667,1.0,3.3024,21.1584,39.0144
31,31,175,45.5168,4.09088,24.80384,45.5168,480.0,0.005714285714285714,1.0,3.8528,24.6848,45.5168
31,31,200,52.0192,4.64128,28.330239999999996,52.0192,480.0,0.005,1.0,4.4032,28.2112,52.0192
31,31,225,58.5216,5.19168,31.856639999999995,58.5216,480.0,0.0044444444444444444,1.0,4.9536,31.7376,58.5216
31,31,250,65.024,5.74208,35.38304000000001,65.024,480.0,0.004,1.0,5.504,35.264,65.024
31,31,275,71.5264,6.29248,38.90943999999999,71.5264,480.0,0.0036363636363636364,1.0,6.0544,38.7904,71.5264
31,31,300,78.0288,6.842880000000001,42.435840000000006,78.0288,480.0,0.0033333333333333335,1.0,6.6048,42.3168,78.0288
31,31,325,84.5312,7.39328,45.96224,84.5312,480.0,0.003076923076923077,1.0,7.1552,45.8432,84.5312
31,31,350,91.0336,7.943679999999999,49.48864,91.0336,480.0,0.002857142857142857,1.0,7.7056,49.3696,91.0336
31,31,375,97.536,8.49408,53.01504,97.536,480.0,0.0026666666666666666,1.0,8.256,52.896,97.536
31,31,400,104.0384,9.04448,56.54144,104.0384,480.0,0.0025,1.0,8.8064,56.4224,104.0384
31,31,425,110.5408,9.59488,60.06784000000002,110.5408,480.0,0.002352941176470588,1.0,9.3568,59.9488,110.5408
31,31,450,117.0432,10.14528,63.594240000000006,117.0432,480.0,0.0022222222222222222,1.0,9.9072,63.4752,117.0432
31,31,475,123.5456,10.695679999999998,67.12064000000001,123.5456,480.0,0.002105263157894737,1.0,10.4576,67.0016,123.5456
31,31,500,130.048,11.246079999999997,70.64704,130.048,480.0,0.002,1.0,11.008,70.528,130.048
31,31,525,136.5504,11.79648,74.17344,136.55040000000002,480.0,0.0019047619047619048,1.0,11.5584,74.0544,136.5504
31,31,550,143.0528,12.34688,77.69984,143.0528,480.0,0.0018181818181818182,1.0,12.1088,77.5808,143.0528
31,31,575,149.5552,12.897279999999999,81.22623999999999,149.5552,480.0,0.0017391304347826088,1.0,12.6592,81.1072,149.5552
31,31,600,156.0576,13.44768,84.75264,156.0576,480.0,0.0016666666666666668,1.0,13.2096,84.6336,156.0576
31,31,625,162.56,13.99808,88.27903999999998,162.56,480.0,0.0016,1.0,13.76,88.16,162.56
31,31,650,169.0624,14.548480000000001,91.80543999999999,169.0624,480.0,0.0015384615384615385,1.0,14.3104,91.6864,169.0624
31,31,675,175.5648,15.098879999999998,95.33183999999997,175.5648,480.0,0.0014814814814814814,1.0,14.8608,95.2128,175.5648
31,31,700,182.0672,15.649279999999997,98.85824,182.0672,480.0,0.0014285714285714286,1.0,15.4112,98.7392,182.0672
32,32,0,0.0,0.0,0.0,0.0,480.0,0.0,1.0,0.0,0.0,0.0
32,32,25,6.712,0.81376,3.7628799999999996,6.712,480.0,0.04,1.0,0.568,3.64,6.712
32,32,50,13.424,1.3817599999999999,7.40288,13.424,480.0,0.02,1.0,1.136,7.28,13.424
32,32,75,20.136,1.94976,11.04288,20.136,480.0,0.013333333333333334,1.0,1.704,10.92,20.136
32,32,100,26.848,2.51776,14.682880000000003,26.848,480.0,0.01,1.0,2.272,14.56,26.848
32,32,125,33.56,3.08576,18.322879999999998,33.56,480.0,0.008,1.0,2.84,18.2,33.56
32,32,150,40.272,3.65376,21.96288,40.272,480.0,0.006666666666666667,1.0,3.408,21.84,40.272
32,32,175,46.984,4.22176,25.60288,46.984,480.0,0.005714285714285714,1.0,3.976,25.48,46.984
32,32,200,53.696,4.78976,29.24288,53.696,480.0,0.005,1.0,4.544,29.12,53.696
32,32,225,60.408,5.35776,32.88288,60.408,480.0,0.0044444444444444444,1.0,5.112,32.76,60.408
32,32,250,67.12,5.92576,36.52288000000001,67.12,480.0,0.004,1.0,5.68,36.4,67.12
32,32,275,73.832,6.49376,40.162879999999994,73.832,480.0,0.0036363636363636364,1.0,6.248,40.04,73.832
32,32,300,80.544,7.06176,43.80288,80.544,480.0,0.0033333333333333335,1.0,6.816,43.68,80.544
32,32,325,87.256,7.629759999999999,47.44288,87.256,480.0,0.003076923076923077,1.0,7.384,47.32,87.256
32,32,350,93.968,8.197759999999999,51.082879999999996,93.968,480.0,0.002857142857142857,1.0,7.952,50.96,93.968
32,32,375,100.68,8.76576,54.72288,100.68,480.0,0.0026666666666666666,1.0,8.52,54.6,100.68
32,32,400,107.392,9.33376,58.362880000000004,107.392,480.0,0.0025,1.0,9.088,58.24,107.392
32,32,425,114.104,9.90176,62.00288000000001,114.104,480.0,0.002352941176470588,1.0,9.656,61.88,114.104
32,32,450,120.816,10.46976,65.64288,120.816,480.0,0.0022222222222222222,1.0,10.224,65.52,120.816
32,32,475,127.528,11.037759999999999,69.28288000000002,127.528,480.0,0.002105263157894737,1.0,10.792,69.16,127.528
32,32,500,134.24,11.605759999999998,72.92287999999999,134.24,480.0,0.002,1.0,11.36,72.8,134.24
32,32,525,140.952,12.173760000000001,76.56288,140.95200000000003,480.0,0.0019047619047619048,1.0,11.928,76.44,140.952
32,32,550,147.664,12.741759999999998,80.20288,147.664,480.0,0.0018181818181818182,1.0,12.496,80.08,147.664
32,32,575,154.376,13.309759999999999,83.84288,154.376,480.0,0.0017391304347826088,1.0,13.064,83.72,154.376
32,32,600,161.088,13.87776,87.48288,161.088,480.0,0.0016666666666666668,1.0,13.632,87.36,161.088
32,32,625,167.8,14.44576,91.12287999999998,167.8,480.0,0.0016,1.0,14.2,91.0,167.8
32,32,650,174.512,15.013760000000001,94.76287999999998,174.512,480.0,0.0015384615384615385,1.0,14.768,94.64,174.512
32,32,675,181.224,15.58176,98.40287999999998,181.224,480.0,0.0014814814814814814,1.0,15.336,98.28,181.224
32,32,700,187.936,16.14976,102.04288,187.936,480.0,0.0014285714285714286,1.0,15.904,101.92,187.936
33,33,0,0.0,0.0,0.0,0.0,480.0,0.0,1.0,0.0,0.0,0.0
33,33,25,6.9216,0.8390400000000001,3.8803199999999993,6.9216,480.0,0.04,1.0,0.5856,3.7536,6.9216
33,33,50,13.8432,1.4246399999999997,7.63392,13.8432,480.0,0.02,1.0,1.1712,7.5072,13.8432
33,33,75,20.7648,2.01024,11.38752,20.7648,480.0,0.013333333333333334,1.0,1.7568,11.2608,20.7648
33,33,100,27.6864,2.59584,15.141120000000003,27.6864,480.0,0.01,1.0,2.3424,15.0144,27.6864
33,33,125,34.608,3.18144,18.894719999999996,34.608,480.0,0.008,1.0,2.928,18.768,34.608
33,33,150,41.5296,3.7670400000000006,22.648320000000005,41.5296,480.0,0.006666666666666667,1.0,3.5136,22.5216,41.5296
33,33,175,48.4512,4.352640000000001,26.40192,48.4512,480.0,0.005714285714285714,1.0,4.0992,26.2752,48.4512
33,33,200,55.3728,4.93824,30.15552,55.3728,480.0,0.005,1.0,4.6848,30.0288,55.3728
33,33,225,62.2944,5.52384,33.90912,62.2944,480.0,0.0044444444444444444,1.0,5.2704,33.7824,62.2944
33,33,250,69.216,6.109440000000001,37.66272,69.216,480.0,0.004,1.0,5.856,37.536,69.216
33,33,275,76.1376,6.69504,41.416319999999985,76.1376,480.0,0.0036363636363636364,1.0,6.4416,41.2896,76.1376
33,33,300,83.0592,7.28064,45.16992,83.0592,480.0,0.0033333333333333335,1.0,7.0272,45.0432,83.0592
33,33,325,89.9808,7.866239999999999,48.92352,89.9808,480.0,0.003076923076923077,1.0,7.6128,48.7968,89.9808
33,33,350,96.9024,8.45184,52.677119999999995,96.9024,480.0,0.002857142857142857,1.0,8.1984,52.5504,96.9024
33,33,375,103.824,9.03744,56.430719999999994,103.824,480.0,0.0026666666666666666,1.0,8.784,56.304,103.824
33,33,400,110.7456,9.62304,60.18432000000001,110.7456,480.0,0.0025,1.0,9.3696,60.0576,110.7456
33,33,425,117.6672,10.208640000000003,63.937920000000005,117.6672,480.0,0.002352941176470588,1.0,9.9552,63.8112,117.6672
33,33,450,124.5888,10.794239999999999,67.69152,124.5888,480.0,0.0022222222222222222,1.0,10.5408,67.5648,124.5888
33,33,475,131.5104,11.37984,71.44512000000002,131.5104,480.0,0.002105263157894737,1.0,11.1264,71.3184,131.5104
33,33,500,138.432,11.965439999999997,75.19871999999998,138.432,480.0,0.002,1.0,11.712,75.072,138.432
33,33,525,145.3536,12.551040000000002,78.95232,145.35360000000003,480.0,0.0019047619047619048,1.0,12.2976,78.8256,145.3536
33,33,550,152.2752,13.136639999999998,82.70592,152.2752,480.0,0.0018181818181818182,1.0,12.8832,82.5792,152.2752
33,33,575,159.1968,13.722239999999998,86.45952,159.1968,480.0,0.0017391304347826088,1.0,13.4688,86.3328,159.1968
33,33,600,166.1184,14.307839999999999,90.21311999999999,166.1184,480.0,0.0016666666666666668,1.0,14.0544,90.0864,166.1184
33,33,625,173.04,14.89344,93.96671999999998,173.04,480.0,0.0016,1.0,14.64,93.84,173.04
33,33,650,179.9616,15.47904,97.72031999999999,179.9616,480.0,0.0015384615384615385,1.0,15.2256,97.5936,179.9616
33,33,675,186.8832,16.06464,101.47391999999998,186.8832,480.0,0.0014814814814814814,1.0,15.8112,101.3472,186.8832
33,33,700,193.8048,16.65024,105.22752000000001,193.8048,480.0,0.0014285714285714286,1.0,16.3968,105.1008,193.8048
34,34,0,0.0,0.0,0.0,0.0,480.0,0.0,1.0,0.0,0.0,0.0
34,34,25,7.1312,0.8643200000000001,3.99776,7.1312,480.0,0.04,1.0,0.6032,3.8672,7.1312
34,34,50,14.2624,1.46752,7.864960000000001,14.2624,480.0,0.02,1.0,1.2064,7.7344,14.2624
34,34,75,21.3936,2.07072,11.73216,21.3936,480.0,0.013333333333333334,1.0,1.8096,11.6016,21.3936
34,34,100,28.5248,2.6739199999999994,15.59936,28.5248,480.0,0.01,1.0,2.4128,15.4688,28.5248
34,34,125,35.656,3.2771200000000005,19.466559999999998,35.656,480.0,0.008,1.0,3.016,19.336,35.656
34,34,150,42.7872,3.8803200000000007,23.333760000000005,42.7872,480.0,0.006666666666666667,1.0,3.6192,23.2032,42.7872
34,34,175,49.9184,4.48352,27.20096,49.9184,480.0,0.005714285714285714,1.0,4.2224,27.0704,49.9184
34,34,200,57.0496,5.08672,31.068159999999995,57.0496,480.0,0.005,1.0,4.8256,30.9376,57.0496
34,34,225,64.1808,5.68992,34.93536,64.1808,480.0,0.0044444444444444444,1.0,5.4288,34.8048,64.1808
34,34,250,71.312,6.29312,38.80256000000001,71.312,480.0,0.004,1.0,6.032,38.672,71.312
34,34,275,78.4432,6.89632,42.66975999999999,78.4432,480.0,0.0036363636363636364,1.0,6.6352,42.5392,78.4432
34,34,300,85.5744,7.49952,46.53696,85.5744,480.0,0.0033333333333333335,1.0,7.2384,46.4064,85.5744
34,34,325,92.7056,8.10272,50.40416,92.7056,480.0,0.003076923076923077,1.0,7.8416,50.2736,92.7056
34,34,350,99.8368,8.70592,54.271359999999994,99.8368,480.0,0.002857142857142857,1.0,8.4448,54.1408,99.8368
34,34,375,106.968,9.30912,58.13856,106.968,480.0,0.0026666666666666666,1.0,9.048,58.008,106.968
34,34,400,114.0992,9.912320000000001,62.00576000000001,114.0992,480.0,0.0025,1.0,9.6512,61.8752,114.0992
34,34,425,121.2304,10.51552,65.87296000000002,121.2304,480.0,0.002352941176470588,1.0,10.2544,65.7424,121.2304
34,34,450,128.3616,11.118719999999998,69.74016000000002,128.3616,480.0,0.0022222222222222222,1.0,10.8576,69.6096,128.3616
34,34,475,135.4928,11.721919999999999,73.60736000000001,135.4928,480.0,0.002105263157894737,1.0,11.4608,73.4768,135.4928
34,34,500,142.624,12.325119999999998,77.47455999999998,142.624,480.0,0.002,1.0,12.064,77.344,142.624
34,34,525,149.7552,12.928320000000001,81.34176,149.75520000000003,480.0,0.0019047619047619048,1.0,12.6672,81.2112,149.7552
34,34,550,156.8864,13.531519999999999,85.20896,156.8864,480.0,0.0018181818181818182,1.0,13.2704,85.0784,156.8864
34,34,575,164.0176,14.134719999999998,89.07616,164.0176,480.0,0.0017391304347826088,1.0,13.8736,88.9456,164.0176
34,34,600,171.1488,14.737919999999999,92.94335999999998,171.1488,480.0,0.0016666666666666668,1.0,14.4768,92.8128,171.1488
34,34,625,178.28,15.34112,96.81055999999998,178.28,480.0,0.0016,1.0,15.08,96.68,178.28
34,34,650,185.4112,15.944320000000001,100.67775999999999,185.4112,480.0,0.0015384615384615385,1.0,15.6832,100.5472,185.4112
34,34,675,192.5424,16.54752,104.54495999999999,192.5424,480.0,0.0014814814814814814,1.0,16.2864,104.4144,192.5424
34,34,700,199.6736,17.15072,108.41216000000001,199.6736,480.0,0.0014285714285714286,1.0,16.8896,108.2816,199.6736
35,35,0,0.0,0.0,0.0,0.0,480.0,0.0,1.0,0.0,0.0,0.0
35,35,25,7.3408,0.8896,4.115199999999999,7.3408,480.0,0.04,1.0,0.6208,3.9808,7.3408
35,35,50,14.6816,1.5103999999999997,8.096,14.6816,480.0,0.02,1.0,1.2416,7.9616,14.6816
35,35,75,22.0224,2.1312,12.0768,22.0224,480.0,0.013333333333333334,1.0,1.8624,11.9424,22.0224
35,35,100,29.3632,2.752,16.057600000000004,29.3632,480.0,0.01,1.0,2.4832,15.9232,29.3632
35,35,125,36.704,3.3728,20.038399999999996,36.704,480.0,0.008,1.0,3.104,19.904,36.704
35,35,150,44.0448,3.9936,24.0192,44.0448,480.0,0.006666666666666667,1.0,3.7248,23.8848,44.0448
35,35,175,51.3856,4.614400000000001,28.0,51.3856,480.0,0.005714285714285714,1.0,4.3456,27.8656,51.3856
35,35,200,58.7264,5.2352,31.9808,58.7264,480.0,0.005,1.0,4.9664,31.8464,58.7264
35,35,225,66.0672,5.856,35.9616,66.0672,480.0,0.0044444444444444444,1.0,5.5872,35.8272,66.0672
35,35,250,73.408,6.4768,39.942400000000006,73.408,480.0,0.004,1.0,6.208,39.808,73.408
35,35,275,80.7488,7.0976,43.923199999999994,80.7488,480.0,0.0036363636363636364,1.0,6.8288,43.7888,80.7488
35,35,300,88.0896,7.7184,47.904,88.0896,480.0,0.0033333333333333335,1.0,7.4496,47.7696,88.0896
35,35,325,95.4304,8.3392,51.8848,95.4304,480.0,0.003076923076923077,1.0,8.0704,51.7504,95.4304
35,35,350,102.7712,8.959999999999997,55.86559999999999,102.7712,480.0,0.002857142857142857,1.0,8.6912,55.7312,102.7712
35,35,375,110.112,9.5808,59.8464,110.112,480.0,0.0026666666666666666,1.0,9.312,59.712,110.112
35,35,400,117.4528,10.2016,63.8272,117.4528,480.0,0.0025,1.0,9.9328,63.6928,117.4528
35,35,425,124.7936,10.822400000000002,67.80800000000002,124.7936,480.0,0.002352941176470588,1.0,10.5536,67.6736,124.7936
35,35,450,132.1344,11.4432,71.78880000000001,132.1344,480.0,0.0022222222222222222,1.0,11.1744,71.6544,132.1344
35,35,475,139.4752,12.063999999999998,75.7696,139.4752,480.0,0.002105263157894737,1.0,11.7952,75.6352,139.4752
35,35,500,146.816,12.684799999999997,79.7504,146.816,480.0,0.002,1.0,12.416,79.616,146.816
35,35,525,154.1568,13.305600000000002,83.7312,154.15680000000003,480.0,0.0019047619047619048,1.0,13.0368,83.5968,154.1568
35,35,550,161.4976,13.926399999999997,87.712,161.4976,480.0,0.0018181818181818182,1.0,13.6576,87.5776,161.4976
35,35,575,168.8384,14.5472,91.69279999999999,168.8384,480.0,0.0017391304347826088,1.0,14.2784,91.5584,168.8384
35,35,600,176.1792,15.168,95.6736,176.1792,480.0,0.0016666666666666668,1.0,14.8992,95.5392,176.1792
35,35,625,183.52,15.788800000000002,99.65439999999998,183.52,480.0,0.0016,1.0,15.52,99.52,183.52
35,35,650,190.8608,16.4096,103.6352,190.8608,480.0,0.0015384615384615385,1.0,16.1408,103.5008,190.8608
35,35,675,198.2016,17.030399999999997,107.61599999999997,198.2016,480.0,0.0014814814814814814,1.0,16.7616,107.4816,198.2016
35,35,700,205.5424,17.6512,111.5968,205.5424,480.0,0.0014285714285714286,1.0,17.3824,111.4624,205.5424
36,36,0,0.0,0.0,0.0,0.0,480.0,0.0,1.0,0.0,0.0,0.0
36,36,25,7.5504,0.9148800000000001,4.232639999999999,7.5504,480.0,0.04,1.0,0.6384,4.0944,7.5504
36,36,50,15.1008,1.55328,8.32704,15.1008,480.0,0.02,1.0,1.2768,8.1888,15.1008
36,36,75,22.6512,2.19168,12.421439999999999,22.6512,480.0,0.013333333333333334,1.0,1.9152,12.2832,22.6512
36,36,100,30.2016,2.83008,16.51584,30.2016,480.0,0.01,1.0,2.5536,16.3776,30.2016
36,36,125,37.752,3.4684800000000005,20.610239999999997,37.752,480.0,0.008,1.0,3.192,20.472,37.752
36,36,150,45.3024,4.10688,24.70464,45.3024,480.0,0.006666666666666667,1.0,3.8304,24.5664,45.3024
36,36,175,52.8528,4.74528,28.79904,52.8528,480.0,0.005714285714285714,1.0,4.4688,28.6608,52.8528
36,36,200,60.4032,5.38368,32.89344,60.4032,480.0,0.005,1.0,5.1072,32.7552,60.4032
36,36,225,67.9536,6.02208,36.98784,67.9536,480.0,0.0044444444444444444,1.0,5.7456,36.8496,67.9536
36,36,250,75.504,6.660480000000001,41.082240000000006,75.504,480.0,0.004,1.0,6.384,40.944,75.504
36,36,275,83.0544,7.29888,45.17663999999999,83.0544,480.0,0.0036363636363636364,1.0,7.0224,45.0384,83.0544
36,36,300,90.6048,7.937280000000001,49.271040000000006,90.6048,480.0,0.0033333333333333335,1.0,7.6608,49.1328,90.6048
36,36,325,98.1552,8.575679999999998,53.36544,98.1552,480.0,0.003076923076923077,1.0,8.2992,53.2272,98.1552
36,36,350,105.7056,9.214079999999997,57.45983999999999,105.7056,480.0,0.002857142857142857,1.0,8.9376,57.3216,105.7056
36,36,375,113.256,9.85248,61.55423999999999,113.256,480.0,0.0026666666666666666,1.0,9.576,61.416,113.256
36,36,400,120.8064,10.49088,65.64864,120.8064,480.0,0.0025,1.0,10.2144,65.5104,120.8064
36,36,425,128.3568,11.12928,69.74304000000002,128.3568,480.0,0.002352941176470588,1.0,10.8528,69.6048,128.3568
36,36,450,135.9072,11.767679999999999,73.83744,135.9072,480.0,0.0022222222222222222,1.0,11.4912,73.6992,135.9072
36,36,475,143.4576,12.40608,77.93184,143.4576,480.0,0.002105263157894737,1.0,12.1296,77.7936,143.4576
36,36,500,151.008,13.044479999999998,82.02623999999999,151.008,480.0,0.002,1.0,12.768,81.888,151.008
36,36,525,158.5584,13.68288,86.12064,158.55840000000003,480.0,0.0019047619047619048,1.0,13.4064,85.9824,158.5584
36,36,550,166.1088,14.321279999999998,90.21504,166.1088,480.0,0.0018181818181818182,1.0,14.0448,90.0768,166.1088
36,36,575,173.6592,14.959679999999999,94.30943999999998,173.6592,480.0,0.0017391304347826088,1.0,14.6832,94.1712,173.6592
36,36,600,181.2096,15.59808,98.40384,181.2096,480.0,0.0016666666666666668,1.0,15.3216,98.2656,181.2096
36,36,625,188.76,16.23648,102.49823999999998,188.76,480.0,0.0016,1.0,15.96,102.36,188.76
36,36,650,196.3104,16.87488,106.59264,196.3104,480.0,0.0015384615384615385,1.0,16.5984,106.4544,196.3104
36,36,675,203.8608,17.51328,110.68703999999997,203.8608,480.0,0.0014814814814814814,1.0,17.2368,110.5488,203.8608
36,36,700,211.4112,18.15168,114.78144,211.4112,480.0,0.0014285714285714286,1.0,17.8752,114.6432,211.4112
37,37,0,0.0,0.0,0.0,0.0,480.0,0.0,1.0,0.0,0.0,0.0
37,37,25,7.76,0.94016,4.35008,7.76,480.0,0.04,1.0,0.656,4.208,7.76
37,37,50,15.52,1.5961599999999998,8.55808,15.52,480.0,0.02,1.0,1.312,8.416,15.52
37,37,75,23.28,2.25216,12.76608,23.28,480.0,0.013333333333333334,1.0,1.968,12.624,23.28
37,37,100,31.04,2.90816,16.97408,31.04,480.0,0.01,1.0,2.624,16.832,31.04
37,37,125,38.8,3.5641600000000007,21.182079999999996,38.8,480.0,0.008,1.0,3.28,21.04,38.8
37,37,150,46.56,4.22016,25.39008,46.56,480.0,0.006666666666666667,1.0,3.936,25.248,46.56
37,37,175,54.32,4.8761600000000005,29.59808,54.32,480.0,0.005714285714285714,1.0,4.592,29.456,54.32
37,37,200,62.08,5.53216,33.80608,62.08,480.0,0.005,1.0,5.248,33.664,62.08
37,37,225,69.84,6.18816,38.01408,69.84,480.0,0.0044444444444444444,1.0,5.904,37.872,69.84
37,37,250,77.6,6.84416,42.22208,77.6,480.0,0.004,1.0,6.56,42.08,77.6
37,37,275,85.36,7.50016,46.43007999999999,85.36,480.0,0.0036363636363636364,1.0,7.216,46.288,85.36
37,37,300,93.12,8.15616,50.63808,93.12,480.0,0.0033333333333333335,1.0,7.872,50.496,93.12
37,37,325,100.88,8.812159999999999,54.84608000000001,100.88,480.0,0.003076923076923077,1.0,8.528,54.704,100.88
37,37,350,108.64,9.46816,59.05407999999999,108.64,480.0,0.002857142857142857,1.0,9.184,58.912,108.64
37,37,375,116.4,10.12416,63.26208,116.4,480.0,0.0026666666666666666,1.0,9.84,63.12,116.4
37,37,400,124.16,10.78016,67.47008,124.16,480.0,0.0025,1.0,10.496,67.328,124.16
37,37,425,131.92,11.436160000000001,71.67808000000001,131.92,480.0,0.002352941176470588,1.0,11.152,71.536,131.92
37,37,450,139.68,12.092159999999998,75.88608,139.68,480.0,0.0022222222222222222,1.0,11.808,75.744,139.68
37,37,475,147.44,12.748159999999999,80.09408,147.44,480.0,0.002105263157894737,1.0,12.464,79.952,147.44
37,37,500,155.2,13.404159999999997,84.30207999999999,155.2,480.0,0.002,1.0,13.12,84.16,155.2
37,37,525,162.96,14.060160000000002,88.51008,162.96000000000004,480.0,0.0019047619047619048,1.0,13.776,88.368,162.96
37,37,550,170.72,14.716159999999999,92.71808,170.72,480.0,0.0018181818181818182,1.0,14.432,92.576,170.72
37,37,575,178.48,15.372159999999997,96.92608,178.48,480.0,0.0017391304347826088,1.0,15.088,96.784,178.48
37,37,600,186.24,16.02816,101.13408,186.24,480.0,0.0016666666666666668,1.0,15.744,100.992,186.24
37,37,625,194.0,16.68416,105.34207999999998,194.0,480.0,0.0016,1.0,16.4,105.2,194.0
37,37,650,201.76,17.34016,109.55008,201.76,480.0,0.0015384615384615385,1.0,17.056,109.408,201.76
37,37,675,209.52,17.99616,113.75807999999996,209.52,480.0,0.0014814814814814814,1.0,17.712,113.616,209.52
37,37,700,217.28,18.652159999999995,117.96608000000002,217.28,480.0,0.0014285714285714286,1.0,18.368,117.824,217.28
38,38,0,0.0,0.0,0.0,0.0,480.0,0.0,1.0,0.0,0.0,0.0
38,38,25,7.9696,0.96544,4.46752,7.9696,480.0,0.04,1.0,0.6736,4.3216,7.9696
38,38,50,15.9392,1.6390399999999998,8.78912,15.9392,480.0,0.02,1.0,1.3472,8.6432,15.9392
38,38,75,23.9088,2.31264,13.11072,23.9088,480.0,0.013333333333333334,1.0,2.0208,12.9648,23.9088
38,38,100,31.8784,2.98624,17.43232,31.8784,480.0,0.01,1.0,2.6944,17.2864,31.8784
38,38,125,39.848,3.65984,21.75392,39.848,480.0,0.008,1.0,3.368,21.608,39.848
38,38,150,47.8176,4.33344,26.075520000000004,47.8176,480.0,0.006666666666666667,1.0,4.0416,25.9296,47.8176
38,38,175,55.7872,5.00704,30.39712,55.7872,480.0,0.005714285714285714,1.0,4.7152,30.2512,55.7872
38,38,200,63.7568,5.68064,34.71872,63.7568,480.0,0.005,1.0,5.3888,34.5728,63.7568
38,38,225,71.7264,6.35424,39.04032,71.7264,480.0,0.0044444444444444444,1.0,6.0624,38.8944,71.7264
38,38,250,79.696,7.02784,43.361920000000005,79.696,480.0,0.004,1.0,6.736,43.216,79.696
38,38,275,87.6656,7.70144,47.68351999999999,87.6656,480.0,0.0036363636363636364,1.0,7.4096,47.5376,87.6656
38,38,300,95.6352,8.37504,52.00512,95.6352,480.0,0.0033333333333333335,1.0,8.0832,51.8592,95.6352
38,38,325,103.6048,9.048639999999999,56.326719999999995,103.6048,480.0,0.003076923076923077,1.0,8.7568,56.1808,103.6048
38,38,350,111.5744,9.722239999999998,60.64831999999999,111.5744,480.0,0.002857142857142857,1.0,9.4304,60.5024,111.5744
38,38,375,119.544,10.39584,64.96992,119.544,480.0,0.0026666666666666666,1.0,10.104,64.824,119.544
38,38,400,127.5136,11.06944,69.29152,127.5136,480.0,0.0025,1.0,10.7776,69.1456,127.5136
38,38,425,135.4832,11.74304,73.61312000000001,135.4832,480.0,0.002352941176470588,1.0,11.4512,73.4672,135.4832
38,38,450,143.4528,12.41664,77.93472000000001,143.4528,480.0,0.0022222222222222222,1.0,12.1248,77.7888,143.4528
38,38,475,151.4224,13.090239999999998,82.25632,151.4224,480.0,0.002105263157894737,1.0,12.7984,82.1104,151.4224
38,38,500,159.392,13.763839999999998,86.57791999999999,159.392,480.0,0.002,1.0,13.472,86.432,159.392
38,38,525,167.3616,14.43744,90.89952,167.36160000000004,480.0,0.0019047619047619048,1.0,14.1456,90.7536,167.3616
38,38,550,175.3312,15.111039999999997,95.22112,175.3312,480.0,0.0018181818181818182,1.0,14.8192,95.0752,175.3312
38,38,575,183.3008,15.784639999999998,99.54271999999999,183.3008,480.0,0.0017391304347826088,1.0,15.4928,99.3968,183.3008
38,38,600,191.2704,16.458239999999996,103.86431999999998,191.2704,480.0,0.0016666666666666668,1.0,16.1664,103.7184,191.2704
38,38,625,199.24,17.13184,108.18591999999998,199.24,480.0,0.0016,1.0,16.84,108.04,199.24
38,38,650,207.2096,17.805440000000004,112.50752,207.2096,480.0,0.0015384615384615385,1.0,17.5136,112.3616,207.2096
38,38,675,215.1792,18.47904,116.82911999999999,215.1792,480.0,0.0014814814814814814,1.0,18.1872,116.6832,215.1792
38,38,700,223.1488,19.15264,121.15072,223.1488,480.0,0.0014285714285714286,1.0,18.8608,121.0048,223.1488
39,39,0,0.0,0.0,0.0,0.0,480.0,0.0,1.0,0.0,0.0,0.0
39,39,25,8.1792,0.9907200000000002,4.584959999999999,8.1792,480.0,0.04,1.0,0.6912,4.4352,8.1792
39,39,50,16.3584,1.6819199999999999,9.02016,16.3584,480.0,0.02,1.0,1.3824,8.8704,16.3584
39,39,75,24.5376,2.37312,13.45536,24.5376,480.0,0.013333333333333334,1.0,2.0736,13.3056,24.5376
39,39,100,32.7168,3.0643199999999995,17.890560000000004,32.7168,480.0,0.01,1.0,2.7648,17.7408,32.7168
39,39,125,40.896,3.7555200000000006,22.32576,40.896,480.0,0.008,1.0,3.456,22.176,40.896
39,39,150,49.0752,4.44672,26.760960000000004,49.0752,480.0,0.006666666666666667,1.0,4.1472,26.6112,49.0752
39,39,175,57.2544,5.137920000000001,31.19616,57.2544,480.0,0.005714285714285714,1.0,4.8384,31.0464,57.2544
39,39,200,65.4336,5.82912,35.63136,65.4336,480.0,0.005,1.0,5.5296,35.4816,65.4336
39,39,225,73.6128,6.52032,40.06656,73.6128,480.0,0.0044444444444444444,1.0,6.2208,39.9168,73.6128
39,39,250,81.792,7.21152,44.501760000000004,81.792,480.0,0.004,1.0,6.912,44.352,81.792
39,39,275,89.9712,7.90272,48.93695999999999,89.9712,480.0,0.0036363636363636364,1.0,7.6032,48.7872,89.9712
39,39,300,98.1504,8.59392,53.37216,98.1504,480.0,0.0033333333333333335,1.0,8.2944,53.2224,98.1504
39,39,325,106.3296,9.28512,57.807359999999996,106.3296,480.0,0.003076923076923077,1.0,8.9856,57.6576,106.3296
39,39,350,114.5088,9.976319999999998,62.24255999999999,114.5088,480.0,0.002857142857142857,1.0,9.6768,62.0928,114.5088
39,39,375,122.688,10.66752,66.67775999999999,122.688,480.0,0.0026666666666666666,1.0,10.368,66.528,122.688
39,39,400,130.8672,11.358720000000002,71.11296000000002,130.8672,480.0,0.0025,1.0,11.0592,70.9632,130.8672
39,39,425,139.0464,12.049920000000002,75.54816000000001,139.0464,480.0,0.002352941176470588,1.0,11.7504,75.3984,139.0464
39,39,450,147.2256,12.74112,79.98336000000002,147.2256,480.0,0.0022222222222222222,1.0,12.4416,79.8336,147.2256
39,39,475,155.4048,13.43232,84.41856,155.4048,480.0,0.002105263157894737,1.0,13.1328,84.2688,155.4048
39,39,500,163.584,14.123519999999997,88.85376,163.584,480.0,0.002,1.0,13.824,88.704,163.584
39,39,525,171.7632,14.814720000000001,93.28896,171.76320000000004,480.0,0.0019047619047619048,1.0,14.5152,93.1392,171.7632
39,39,550,179.9424,15.505919999999998,97.72416000000001,179.9424,480.0,0.0018181818181818182,1.0,15.2064,97.5744,179.9424
39,39,575,188.1216,16.197119999999998,102.15935999999998,188.1216,480.0,0.0017391304347826088,1.0,15.8976,102.0096,188.1216
39,39,600,196.3008,16.88832,106.59455999999999,196.3008,480.0,0.0016666666666666668,1.0,16.5888,106.4448,196.3008
39,39,625,204.48,17.57952,111.02975999999998,204.48,480.0,0.0016,1.0,17.28,110.88,204.48
39,39,650,212.6592,18.270720000000004,115.46496,212.6592,480.0,0.0015384615384615385,1.0,17.9712,115.3152,212.6592
39,39,675,220.8384,18.961919999999996,119.90015999999999,220.8384,480.0,0.0014814814814814814,1.0,18.6624,119.7504,220.8384
39,39,700,229.0176,19.65312,124.33536,229.0176,480.0,0.0014285714285714286,1.0,19.3536,124.1856,229.0176
40,40,0,0.0,0.0,0.0,0.0,480.0,0.0,1.0,0.0,0.0,0.0
40,40,25,8.3888,1.016,4.702399999999999,8.3888,480.0,0.04,1.0,0.7088,4.5488,8.3888
40,40,50,16.7776,1.7248,9.2512,16.7776,480.0,0.02,1.0,1.4176,9.0976,16.7776
40,40,75,25.1664,2.4336,13.8,25.1664,480.0,0.013333333333333334,1.0,2.1264,13.6464,25.1664
40,40,100,33.5552,3.1424,18.348800000000004,33.5552,480.0,0.01,1.0,2.8352,18.1952,33.5552
40,40,125,41.944,3.8512000000000004,22.8976,41.944,480.0,0.008,1.0,3.544,22.744,41.944
40,40,150,50.3328,4.56,27.4464,50.3328,480.0,0.006666666666666667,1.0,4.2528,27.2928,50.3328
40,40,175,58.7216,5.2688,31.9952,58.7216,480.0,0.005714285714285714,1.0,4.9616,31.8416,58.7216
40,40,200,67.1104,5.9776,36.544,67.1104,480.0,0.005,1.0,5.6704,36.3904,67.1104
40,40,225,75.4992,6.6864,41.0928,75.4992,480.0,0.0044444444444444444,1.0,6.3792,40.9392,75.4992
40,40,250,83.888,7.395200000000001,45.641600000000004,83.888,480.0,0.004,1.0,7.088,45.488,83.888
40,40,275,92.2768,8.104,50.19039999999998,92.2768,480.0,0.0036363636363636364,1.0,7.7968,50.0368,92.2768
40,40,300,100.6656,8.8128,54.7392,100.6656,480.0,0.0033333333333333335,1.0,8.5056,54.5856,100.6656
40,40,325,109.0544,9.521599999999998,59.288,109.0544,480.0,0.003076923076923077,1.0,9.2144,59.1344,109.0544
40,40,350,117.4432,10.230399999999998,63.83679999999999,117.4432,480.0,0.002857142857142857,1.0,9.9232,63.6832,117.4432
40,40,375,125.832,10.9392,68.38559999999998,125.832,480.0,0.0026666666666666666,1.0,10.632,68.232,125.832
40,40,400,134.2208,11.648,72.9344,134.2208,480.0,0.0025,1.0,11.3408,72.7808,134.2208
40,40,425,142.6096,12.3568,77.48320000000001,142.6096,480.0,0.002352941176470588,1.0,12.0496,77.3296,142.6096
40,40,450,150.9984,13.065599999999998,82.032,150.9984,480.0,0.0022222222222222222,1.0,12.7584,81.8784,150.9984
40,40,475,159.3872,13.774399999999998,86.5808,159.3872,480.0,0.002105263157894737,1.0,13.4672,86.4272,159.3872
40,40,500,167.776,14.483199999999997,91.12959999999998,167.776,480.0,0.002,1.0,14.176,90.976,167.776
40,40,525,176.1648,15.192,95.6784,176.16480000000004,480.0,0.0019047619047619048,1.0,14.8848,95.5248,176.1648
40,40,550,184.5536,15.900799999999998,100.2272,184.5536,480.0,0.0018181818181818182,1.0,15.5936,100.0736,184.5536
40,40,575,192.9424,16.6096,104.77599999999998,192.9424,480.0,0.0017391304347826088,1.0,16.3024,104.6224,192.9424
40,40,600,201.3312,17.3184,109.3248,201.3312,480.0,0.0016666666666666668,1.0,17.0112,109.1712,201.3312
40,40,625,209.72,18.0272,113.87359999999998,209.72,480.0,0.0016,1.0,17.72,113.72,209.72
40,40,650,218.1088,18.736,118.4224,218.1088,480.0,0.0015384615384615385,1.0,18.4288,118.2688,218.1088
40,40,675,226.4976,19.4448,122.97119999999997,226.4976,480.0,0.0014814814814814814,1.0,19.1376,122.8176,226.4976
40,40,700,234.8864,20.1536,127.52,234.8864,480.0,0.0014285714285714286,1.0,19.8464,127.3664,234.8864
41,41,0,0.0,0.0,0.0,0.0,480.0,0.0,1.0,0.0,0.0,0.0
41,41,25,8.5984,1.0412800000000002,4.819839999999999,8.5984,480.0,0.04,1.0,0.7264,4.6624,8.5984
41,41,50,17.1968,1.76768,9.48224,17.1968,480.0,0.02,1.0,1.4528,9.3248,17.1968
41,41,75,25.7952,2.4940799999999994,14.144639999999999,25.7952,480.0,0.013333333333333334,1.0,2.1792,13.9872,25.7952
41,41,100,34.3936,3.22048,18.807040000000004,34.3936,480.0,0.01,1.0,2.9056,18.6496,34.3936
41,41,125,42.992,3.94688,23.469439999999995,42.992,480.0,0.008,1.0,3.632,23.312,42.992
41,41,150,51.5904,4.67328,28.13184,51.5904,480.0,0.006666666666666667,1.0,4.3584,27.9744,51.5904
41,41,175,60.1888,5.399680000000001,32.79424,60.1888,480.0,0.005714285714285714,1.0,5.0848,32.6368,60.1888
41,41,200,68.7872,6.12608,37.45664,68.7872,480.0,0.005,1.0,5.8112,37.2992,68.7872
41,41,225,77.3856,6.85248,42.11904,77.3856,480.0,0.0044444444444444444,1.0,6.5376,41.9616,77.3856
41,41,250,85.984,7.57888,46.78144,85.984,480.0,0.004,1.0,7.264,46.624,85.984
41,41,275,94.5824,8.30528,51.443839999999994,94.5824,480.0,0.0036363636363636364,1.0,7.9904,51.2864,94.5824
41,41,300,103.1808,9.03168,56.10624000000001,103.1808,480.0,0.0033333333333333335,1.0,8.7168,55.9488,103.1808
41,41,325,111.7792,9.758079999999998,60.76864,111.7792,480.0,0.003076923076923077,1.0,9.4432,60.6112,111.7792
41,41,350,120.3776,10.48448,65.43104,120.3776,480.0,0.002857142857142857,1.0,10.1696,65.2736,120.3776
41,41,375,128.976,11.21088,70.09344,128.976,480.0,0.0026666666666666666,1.0,10.896,69.936,128.976
41,41,400,137.5744,11.93728,74.75584,137.5744,480.0,0.0025,1.0,11.6224,74.5984,137.5744
41,41,425,146.1728,12.663680000000001,79.41824000000001,146.1728,480.0,0.002352941176470588,1.0,12.3488,79.2608,146.1728
41,41,450,154.7712,13.390079999999998,84.08064000000002,154.7712,480.0,0.0022222222222222222,1.0,13.0752,83.9232,154.7712
41,41,475,163.3696,14.116479999999997,88.74304000000002,163.3696,480.0,0.002105263157894737,1.0,13.8016,88.5856,163.3696
41,41,500,171.968,14.842879999999997,93.40543999999998,171.968,480.0,0.002,1.0,14.528,93.248,171.968
41,41,525,180.5664,15.569280000000003,98.06784,180.56640000000002,480.0,0.0019047619047619048,1.0,15.2544,97.9104,180.5664
41,41,550,189.1648,16.295679999999997,102.73024,189.1648,480.0,0.0018181818181818182,1.0,15.9808,102.5728,189.1648
41,41,575,197.7632,17.02208,107.39264,197.7632,480.0,0.0017391304347826088,1.0,16.7072,107.2352,197.7632
41,41,600,206.3616,17.74848,112.05504,206.3616,480.0,0.0016666666666666668,1.0,17.4336,111.8976,206.3616
41,41,625,214.96,18.47488,116.71743999999998,214.96,480.0,0.0016,1.0,18.16,116.56,214.96
41,41,650,223.5584,19.201280000000004,121.37983999999999,223.5584,480.0,0.0015384615384615385,1.0,18.8864,121.2224,223.5584
41,41,675,232.1568,19.92768,126.04223999999996,232.1568,480.0,0.0014814814814814814,1.0,19.6128,125.8848,232.1568
41,41,700,240.7552,20.65408,130.70464,240.7552,480.0,0.0014285714285714286,1.0,20.3392,130.5472,240.7552
42,42,0,0.0,0.0,0.0,0.0,480.0,0.0,1.0,0.0,0.0,0.0
42,42,25,8.808,1.06656,4.93728,8.808,480.0,0.04,1.0,0.744,4.776,8.808
42,42,50,17.616,1.8105599999999997,9.71328,17.616,480.0,0.02,1.0,1.488,9.552,17.616
42,42,75,26.424,2.55456,14.48928,26.424,480.0,0.013333333333333334,1.0,2.232,14.328,26.424
42,42,100,35.232,3.29856,19.26528,35.232,480.0,0.01,1.0,2.976,19.104,35.232
42,42,125,44.04,4.042560000000001,24.041279999999997,44.04,480.0,0.008,1.0,3.72,23.88,44.04
42,42,150,52.848,4.78656,28.81728,52.848,480.0,0.006666666666666667,1.0,4.464,28.656,52.848
42,42,175,61.656,5.530560000000001,33.59328,61.656,480.0,0.005714285714285714,1.0,5.208,33.432,61.656
42,42,200,70.464,6.27456,38.36928,70.464,480.0,0.005,1.0,5.952,38.208,70.464
42,42,225,79.272,7.01856,43.14528,79.272,480.0,0.0044444444444444444,1.0,6.696,42.984,79.272
42,42,250,88.08,7.76256,47.92128000000001,88.08,480.0,0.004,1.0,7.44,47.76,88.08
42,42,275,96.888,8.50656,52.69727999999999,96.888,480.0,0.0036363636363636364,1.0,8.184,52.536,96.888
42,42,300,105.696,9.25056,57.47328,105.696,480.0,0.0033333333333333335,1.0,8.928,57.312,105.696
42,42,325,114.504,9.994559999999998,62.24928,114.504,480.0,0.003076923076923077,1.0,9.672,62.088,114.504
42,42,350,123.312,10.73856,67.02528,123.312,480.0,0.002857142857142857,1.0,10.416,66.864,123.312
42,42,375,132.12,11.48256,71.80128,132.12,480.0,0.0026666666666666666,1.0,11.16,71.64,132.12
42,42,400,140.928,12.22656,76.57728,140.928,480.0,0.0025,1.0,11.904,76.416,140.928
42,42,425,149.736,12.97056,81.35328000000001,149.736,480.0,0.002352941176470588,1.0,12.648,81.192,149.736
42,42,450,158.544,13.714559999999999,86.12928000000001,158.544,480.0,0.0022222222222222222,1.0,13.392,85.968,158.544
42,42,475,167.352,14.45856,90.90528000000002,167.352,480.0,0.002105263157894737,1.0,14.136,90.744,167.352
42,42,500,176.16,15.202559999999998,95.68127999999999,176.16,480.0,0.002,1.0,14.88,95.52,176.16
42,42,525,184.968,15.94656,100.45728,184.96800000000002,480.0,0.0019047619047619048,1.0,15.624,100.296,184.968
42,42,550,193.776,16.690559999999998,105.23328,193.776,480.0,0.0018181818181818182,1.0,16.368,105.072,193.776
42,42,575,202.584,17.43456,110.00927999999999,202.584,480.0,0.0017391304347826088,1.0,17.112,109.848,202.584
42,42,600,211.392,18.17856,114.78528,211.392,480.0,0.0016666666666666668,1.0,17.856,114.624,211.392
42,42,625,220.2,18.92256,119.56127999999998,220.2,480.0,0.0016,1.0,18.6,119.4,220.2
42,42,650,229.008,19.666560000000004,124.33727999999998,229.008,480.0,0.0015384615384615385,1.0,19.344,124.176,229.008
42,42,675,237.816,20.41056,129.11327999999997,237.816,480.0,0.0014814814814814814,1.0,20.088,128.952,237.816
42,42,700,246.624,21.15456,133.88928,246.624,480.0,0.0014285714285714286,1.0,20.832,133.728,246.624
43,43,0,0.0,0.0,0.0,0.0,480.0,0.0,1.0,0.0,0.0,0.0
43,43,25,9.0176,1.09184,5.05472,9.0176,480.0,0.04,1.0,0.7616,4.8896,9.0176
43,43,50,18.0352,1.8534399999999998,9.94432,18.0352,480.0,0.02,1.0,1.5232,9.7792,18.0352
43,43,75,27.0528,2.61504,14.83392,27.0528,480.0,0.013333333333333334,1.0,2.2848,14.6688,27.0528
43,43,100,36.0704,3.3766399999999996,19.72352,36.0704,480.0,0.01,1.0,3.0464,19.5584,36.0704
43,43,125,45.088,4.13824,24.613119999999995,45.088,480.0,0.008,1.0,3.808,24.448,45.088
43,43,150,54.1056,4.89984,29.502720000000004,54.1056,480.0,0.006666666666666667,1.0,4.5696,29.3376,54.1056
43,43,175,63.1232,5.66144,34.39232,63.1232,480.0,0.005714285714285714,1.0,5.3312,34.2272,63.1232
43,43,200,72.1408,6.42304,39.28192,72.1408,480.0,0.005,1.0,6.0928,39.1168,72.1408
43,43,225,81.1584,7.18464,44.17152,81.1584,480.0,0.0044444444444444444,1.0,6.8544,44.0064,81.1584
43,43,250,90.176,7.946240000000001,49.06112000000001,90.176,480.0,0.004,1.0,7.616,48.896,90.176
43,43,275,99.1936,8.70784,53.95071999999998,99.1936,480.0,0.0036363636363636364,1.0,8.3776,53.7856,99.1936
43,43,300,108.2112,9.46944,58.84032,108.2112,480.0,0.0033333333333333335,1.0,9.1392,58.6752,108.2112
43,43,325,117.2288,10.23104,63.72992,117.2288,480.0,0.003076923076923077,1.0,9.9008,63.5648,117.2288
43,43,350,126.2464,10.992639999999998,68.61951999999998,126.2464,480.0,0.002857142857142857,1.0,10.6624,68.4544,126.2464
43,43,375,135.264,11.75424,73.50911999999998,135.264,480.0,0.0026666666666666666,1.0,11.424,73.344,135.264
43,43,400,144.2816,12.51584,78.39872,144.2816,480.0,0.0025,1.0,12.1856,78.2336,144.2816
43,43,425,153.2992,13.277440000000002,83.28832000000001,153.2992,480.0,0.002352941176470588,1.0,12.9472,83.1232,153.2992
43,43,450,162.3168,14.03904,88.17792,162.3168,480.0,0.0022222222222222222,1.0,13.7088,88.0128,162.3168
43,43,475,171.3344,14.800639999999998,93.06752000000002,171.3344,480.0,0.002105263157894737,1.0,14.4704,92.9024,171.3344
43,43,500,180.352,15.562239999999997,97.95711999999999,180.352,480.0,0.002,1.0,15.232,97.792,180.352
43,43,525,189.3696,16.32384,102.84672,189.36960000000002,480.0,0.0019047619047619048,1.0,15.9936,102.6816,189.3696
43,43,550,198.3872,17.085439999999995,107.73632,198.3872,480.0,0.0018181818181818182,1.0,16.7552,107.5712,198.3872
43,43,575,207.4048,17.847039999999996,112.62591999999998,207.4048,480.0,0.0017391304347826088,1.0,17.5168,112.4608,207.4048
43,43,600,216.4224,18.60864,117.51551999999998,216.4224,480.0,0.0016666666666666668,1.0,18.2784,117.3504,216.4224
43,43,625,225.44,19.37024,122.40511999999998,225.44,480.0,0.0016,1.0,19.04,122.24,225.44
43,43,650,234.4576,20.13184,127.29471999999998,234.4576,480.0,0.0015384615384615385,1.0,19.8016,127.1296,234.4576
43,43,675,243.4752,20.893439999999995,132.18431999999996,243.4752,480.0,0.0014814814814814814,1.0,20.5632,132.0192,243.4752
43,43,700,252.4928,21.65504,137.07392,252.4928,480.0,0.0014285714285714286,1.0,21.3248,136.9088,252.4928
44,44,0,0.0,0.0,0.0,0.0,480.0,0.0,1.0,0.0,0.0,0.0
44,44,25,9.2272,1.11712,5.172159999999999,9.2272,480.0,0.04,1.0,0.7792,5.0032,9.2272
44,44,50,18.4544,1.8963199999999998,10.17536,18.4544,480.0,0.02,1.0,1.5584,10.0064,18.4544
44,44,75,27.6816,2.67552,15.17856,27.6816,480.0,0.013333333333333334,1.0,2.3376,15.0096,27.6816
44,44,100,36.9088,3.4547199999999996,20.181760000000004,36.9088,480.0,0.01,1.0,3.1168,20.0128,36.9088
44,44,125,46.136,4.23392,25.184959999999997,46.136,480.0,0.008,1.0,3.896,25.016,46.136
44,44,150,55.3632,5.01312,30.188160000000003,55.3632,480.0,0.006666666666666667,1.0,4.6752,30.0192,55.3632
44,44,175,64.5904,5.79232,35.19136,64.5904,480.0,0.005714285714285714,1.0,5.4544,35.0224,64.5904
44,44,200,73.8176,6.57152,40.19456,73.8176,480.0,0.005,1.0,6.2336,40.0256,73.8176
44,44,225,83.0448,7.35072,45.19776,83.0448,480.0,0.0044444444444444444,1.0,7.0128,45.0288,83.0448
44,44,250,92.272,8.12992,50.20096000000001,92.272,480.0,0.004,1.0,7.792,50.032,92.272
44,44,275,101.4992,8.90912,55.204159999999995,101.4992,480.0,0.0036363636363636364,1.0,8.5712,55.0352,101.4992
44,44,300,110.7264,9.68832,60.20736,110.7264,480.0,0.0033333333333333335,1.0,9.3504,60.0384,110.7264
44,44,325,119.9536,10.467519999999999,65.21056,119.9536,480.0,0.003076923076923077,1.0,10.1296,65.0416,119.9536
44,44,350,129.1808,11.246719999999998,70.21376,129.1808,480.0,0.002857142857142857,1.0,10.9088,70.0448,129.1808
44,44,375,138.408,12.025920000000001,75.21696,138.408,480.0,0.0026666666666666666,1.0,11.688,75.048,138.408
44,44,400,147.6352,12.805120000000002,80.22016000000002,147.6352,480.0,0.0025,1.0,12.4672,80.0512,147.6352
44,44,425,156.8624,13.58432,85.22336000000001,156.8624,480.0,0.002352941176470588,1.0,13.2464,85.0544,156.8624
44,44,450,166.0896,14.363519999999998,90.22656,166.0896,480.0,0.0022222222222222222,1.0,14.0256,90.0576,166.0896
44,44,475,175.3168,15.142719999999999,95.22976000000001,175.3168,480.0,0.002105263157894737,1.0,14.8048,95.0608,175.3168
44,44,500,184.544,15.921919999999998,100.23295999999999,184.544,480.0,0.002,1.0,15.584,100.064,184.544
44,44,525,193.7712,16.70112,105.23616,193.77120000000002,480.0,0.0019047619047619048,1.0,16.3632,105.0672,193.7712
44,44,550,202.9984,17.48032,110.23936,202.9984,480.0,0.0018181818181818182,1.0,17.1424,110.0704,202.9984
44,44,575,212.2256,18.259519999999995,115.24255999999998,212.2256,480.0,0.0017391304347826088,1.0,17.9216,115.0736,212.2256
44,44,600,221.4528,19.03872,120.24575999999999,221.4528,480.0,0.0016666666666666668,1.0,18.7008,120.0768,221.4528
44,44,625,230.68,19.81792,125.24895999999998,230.68,480.0,0.0016,1.0,19.48,125.08,230.68
44,44,650,239.9072,20.59712,130.25215999999998,239.9072,480.0,0.0015384615384615385,1.0,20.2592,130.0832,239.9072
44,44,675,249.1344,21.37632,135.25535999999997,249.1344,480.0,0.0014814814814814814,1.0,21.0384,135.0864,249.1344
44,44,700,258.3616,22.155519999999996,140.25856,258.3616,480.0,0.0014285714285714286,1.0,21.8176,140.0896,258.3616
45,45,0,0.0,0.0,0.0,0.0,480.0,0.0,1.0,0.0,0.0,0.0
45,45,25,9.4368,1.1424,5.289599999999999,9.4368,480.0,0.04,1.0,0.7968,5.1168,9.4368
45,45,50,18.8736,1.9391999999999996,10.4064,18.8736,480.0,0.02,1.0,1.5936,10.2336,18.8736
45,45,75,28.3104,2.736,15.5232,28.3104,480.0,0.013333333333333334,1.0,2.3904,15.3504,28.3104
45,45,100,37.7472,3.5328,20.640000000000004,37.7472,480.0,0.01,1.0,3.1872,20.4672,37.7472
45,45,125,47.184,4.3296,25.756799999999995,47.184,480.0,0.008,1.0,3.984,25.584,47.184
45,45,150,56.6208,5.1264,30.873600000000003,56.6208,480.0,0.006666666666666667,1.0,4.7808,30.7008,56.6208
45,45,175,66.0576,5.9232,35.9904,66.0576,480.0,0.005714285714285714,1.0,5.5776,35.8176,66.0576
45,45,200,75.4944,6.72,41.1072,75.4944,480.0,0.005,1.0,6.3744,40.9344,75.4944
45,45,225,84.9312,7.5168,46.224,84.9312,480.0,0.0044444444444444444,1.0,7.1712,46.0512,84.9312
45,45,250,94.368,8.3136,51.3408,94.368,480.0,0.004,1.0,7.968,51.168,94.368
45,45,275,103.8048,9.1104,56.457599999999985,103.8048,480.0,0.0036363636363636364,1.0,8.7648,56.2848,103.8048
45,45,300,113.2416,9.9072,61.5744,113.2416,480.0,0.0033333333333333335,1.0,9.5616,61.4016,113.2416
45,45,325,122.6784,10.703999999999999,66.6912,122.6784,480.0,0.003076923076923077,1.0,10.3584,66.5184,122.6784
45,45,350,132.1152,11.500799999999998,71.80799999999998,132.1152,480.0,0.002857142857142857,1.0,11.1552,71.6352,132.1152
45,45,375,141.552,12.297600000000001,76.9248,141.552,480.0,0.0026666666666666666,1.0,11.952,76.752,141.552
45,45,400,150.9888,13.094400000000002,82.04160000000002,150.9888,480.0,0.0025,1.0,12.7488,81.8688,150.9888
45,45,425,160.4256,13.891200000000001,87.15840000000001,160.4256,480.0,0.002352941176470588,1.0,13.5456,86.9856,160.4256
45,45,450,169.8624,14.687999999999999,92.27520000000001,169.8624,480.0,0.0022222222222222222,1.0,14.3424,92.1024,169.8624
45,45,475,179.2992,15.4848,97.39200000000001,179.2992,480.0,0.002105263157894737,1.0,15.1392,97.2192,179.2992
45,45,500,188.736,16.281599999999997,102.50879999999998,188.736,480.0,0.002,1.0,15.936,102.336,188.736
45,45,525,198.1728,17.0784,107.6256,198.17280000000002,480.0,0.0019047619047619048,1.0,16.7328,107.4528,198.1728
45,45,550,207.6096,17.875199999999996,112.7424,207.6096,480.0,0.0018181818181818182,1.0,17.5296,112.5696,207.6096
45,45,575,217.0464,18.671999999999997,117.8592,217.0464,480.0,0.0017391304347826088,1.0,18.3264,117.6864,217.0464
45,45,600,226.4832,19.468799999999995,122.97599999999998,226.4832,480.0,0.0016666666666666668,1.0,19.1232,122.8032,226.4832
45,45,625,235.92,20.2656,128.09279999999998,235.92,480.0,0.0016,1.0,19.92,127.92,235.92
45,45,650,245.3568,21.062400000000004,133.2096,245.3568,480.0,0.0015384615384615385,1.0,20.7168,133.0368,245.3568
45,45,675,254.7936,21.8592,138.32639999999998,254.7936,480.0,0.0014814814814814814,1.0,21.5136,138.1536,254.7936
45,45,700,264.2304,22.655999999999995,143.4432,264.2304,480.0,0.0014285714285714286,1.0,22.3104,143.2704,264.2304
46,46,0,0.0,0.0,0.0,0.0,480.0,0.0,1.0,0.0,0.0,0.0
46,46,25,9.6464,1.16768,5.407039999999999,9.6464,480.0,0.04,1.0,0.8144,5.2304,9.6464
46,46,50,19.2928,1.98208,10.63744,19.2928,480.0,0.02,1.0,1.6288,10.4608,19.2928
46,46,75,28.9392,2.79648,15.867839999999998,28.9392,480.0,0.013333333333333334,1.0,2.4432,15.6912,28.9392
46,46,100,38.5856,3.6108799999999994,21.098240000000004,38.5856,480.0,0.01,1.0,3.2576,20.9216,38.5856
46,46,125,48.232,4.425280000000001,26.328639999999996,48.232,480.0,0.008,1.0,4.072,26.152,48.232
46,46,150,57.8784,5.239680000000001,31.55904,57.8784,480.0,0.006666666666666667,1.0,4.8864,31.3824,57.8784
46,46,175,67.5248,6.054080000000001,36.78944,67.5248,480.0,0.005714285714285714,1.0,5.7008,36.6128,67.5248
46,46,200,77.1712,6.868479999999999,42.01984,77.1712,480.0,0.005,1.0,6.5152,41.8432,77.1712
46,46,225,86.8176,7.68288,47.25024,86.8176,480.0,0.0044444444444444444,1.0,7.3296,47.0736,86.8176
46,46,250,96.464,8.49728,52.48064000000001,96.464,480.0,0.004,1.0,8.144,52.304,96.464
46,46,275,106.1104,9.311679999999997,57.71103999999999,106.1104,480.0,0.0036363636363636364,1.0,8.9584,57.5344,106.1104
46,46,300,115.7568,10.126080000000002,62.94144000000001,115.7568,480.0,0.0033333333333333335,1.0,9.7728,62.7648,115.7568
46,46,325,125.4032,10.94048,68.17184,125.4032,480.0,0.003076923076923077,1.0,10.5872,67.9952,125.4032
46,46,350,135.0496,11.754879999999998,73.40224,135.0496,480.0,0.002857142857142857,1.0,11.4016,73.2256,135.0496
46,46,375,144.696,12.56928,78.63263999999998,144.696,480.0,0.0026666666666666666,1.0,12.216,78.456,144.696
46,46,400,154.3424,13.383679999999998,83.86304,154.3424,480.0,0.0025,1.0,13.0304,83.6864,154.3424
46,46,425,163.9888,14.19808,89.09344000000002,163.9888,480.0,0.002352941176470588,1.0,13.8448,88.9168,163.9888
46,46,450,173.6352,15.01248,94.32384000000002,173.6352,480.0,0.0022222222222222222,1.0,14.6592,94.1472,173.6352
46,46,475,183.2816,15.826879999999997,99.55424000000002,183.2816,480.0,0.002105263157894737,1.0,15.4736,99.3776,183.2816
46,46,500,192.928,16.64128,104.78463999999998,192.928,480.0,0.002,1.0,16.288,104.608,192.928
46,46,525,202.5744,17.45568,110.01504,202.57440000000003,480.0,0.0019047619047619048,1.0,17.1024,109.8384,202.5744
46,46,550,212.2208,18.27008,115.24544,212.2208,480.0,0.0018181818181818182,1.0,17.9168,115.0688,212.2208
46,46,575,221.8672,19.084479999999996,120.47583999999999,221.8672,480.0,0.0017391304347826088,1.0,18.7312,120.2992,221.8672
46,46,600,231.5136,19.89888,125.70624,231.5136,480.0,0.0016666666666666668,1.0,19.5456,125.5296,231.5136
46,46,625,241.16,20.71328,130.93663999999998,241.16,480.0,0.0016,1.0,20.36,130.76,241.16
46,46,650,250.8064,21.527680000000004,136.16703999999996,250.8064,480.0,0.0015384615384615385,1.0,21.1744,135.9904,250.8064
46,46,675,260.4528,22.342079999999996,141.39743999999996,260.4528,480.0,0.0014814814814814814,1.0,21.9888,141.2208,260.4528
46,46,700,270.0992,23.156479999999995,146.62784,270.0992,480.0,0.0014285714285714286,1.0,22.8032,146.4512,270.0992
47,47,0,0.0,0.0,0.0,0.0,480.0,0.0,1.0,0.0,0.0,0.0
47,47,25,9.856,1.19296,5.52448,9.856,480.0,0.04,1.0,0.832,5.344,9.856
47,47,50,19.712,2.0249599999999996,10.86848,19.712,480.0,0.02,1.0,1.664,10.688,19.712
47,47,75,29.568,2.8569599999999995,16.21248,29.568,480.0,0.013333333333333334,1.0,2.496,16.032,29.568
47,47,100,39.424,3.68896,21.55648,39.424,480.0,0.01,1.0,3.328,21.376,39.424
47,47,125,49.28,4.52096,26.900479999999995,49.28,480.0,0.008,1.0,4.16,26.72,49.28
47,47,150,59.136,5.35296,32.24448,59.136,480.0,0.006666666666666667,1.0,4.992,32.064,59.136
47,47,175,68.992,6.184960000000001,37.58848,68.992,480.0,0.005714285714285714,1.0,5.824,37.408,68.992
47,47,200,78.848,7.016959999999999,42.93248,78.848,480.0,0.005,1.0,6.656,42.752,78.848
47,47,225,88.704,7.848959999999999,48.27648,88.704,480.0,0.0044444444444444444,1.0,7.488,48.096,88.704
47,47,250,98.56,8.680960000000002,53.62048000000001,98.56,480.0,0.004,1.0,8.32,53.44,98.56
47,47,275,108.416,9.51296,58.96447999999999,108.416,480.0,0.0036363636363636364,1.0,9.152,58.784,108.416
47,47,300,118.272,10.344960000000002,64.30848,118.272,480.0,0.0033333333333333335,1.0,9.984,64.128,118.272
47,47,325,128.128,11.17696,69.65248,128.128,480.0,0.003076923076923077,1.0,10.816,69.472,128.128
47,47,350,137.984,12.008959999999998,74.99647999999999,137.984,480.0,0.002857142857142857,1.0,11.648,74.816,137.984
47,47,375,147.84,12.84096,80.34048,147.84,480.0,0.0026666666666666666,1.0,12.48,80.16,147.84
47,47,400,157.696,13.67296,85.68448,157.696,480.0,0.0025,1.0,13.312,85.504,157.696
47,47,425,167.552,14.50496,91.02848000000002,167.552,480.0,0.002352941176470588,1.0,14.144,90.848,167.552
47,47,450,177.408,15.33696,96.37248,177.408,480.0,0.0022222222222222222,1.0,14.976,96.192,177.408
47,47,475,187.264,16.16896,101.71648000000002,187.264,480.0,0.002105263157894737,1.0,15.808,101.536,187.264
47,47,500,197.12,17.00096,107.06047999999998,197.12,480.0,0.002,1.0,16.64,106.88,197.12
47,47,525,206.976,17.832960000000003,112.40448,206.97600000000003,480.0,0.0019047619047619048,1.0,17.472,112.224,206.976
47,47,550,216.832,18.66496,117.74848,216.832,480.0,0.0018181818181818182,1.0,18.304,117.568,216.832
47,47,575,226.688,19.496959999999998,123.09247999999998,226.688,480.0,0.0017391304347826088,1.0,19.136,122.912,226.688
47,47,600,236.544,20.32896,128.43648,236.544,480.0,0.0016666666666666668,1.0,19.968,128.256,236.544
47,47,625,246.4,21.16096,133.78047999999998,246.4,480.0,0.0016,1.0,20.8,133.6,246.4
47,47,650,256.256,21.99296,139.12447999999998,256.256,480.0,0.0015384615384615385,1.0,21.632,138.944,256.256
47,47,675,266.112,22.824959999999997,144.46847999999997,266.112,480.0,0.0014814814814814814,1.0,22.464,144.288,266.112
47,47,700,275.968,23.65696,149.81248,275.968,480.0,0.0014285714285714286,1.0,23.296,149.632,275.968
48,48,0,0.0,0.0,0.0,0.0,480.0,0.0,1.0,0.0,0.0,0.0
48,48,25,10.0656,1.2182400000000002,5.64192,10.0656,480.0,0.04,1.0,0.8496,5.4576,10.0656
48,48,50,20.1312,2.06784,11.099520000000002,20.1312,480.0,0.02,1.0,1.6992,10.9152,20.1312
48,48,75,30.1968,2.91744,16.557119999999998,30.1968,480.0,0.013333333333333334,1.0,2.5488,16.3728,30.1968
48,48,100,40.2624,3.7670399999999997,22.01472,40.2624,480.0,0.01,1.0,3.3984,21.8304,40.2624
48,48,125,50.328,4.61664,27.472319999999996,50.328,480.0,0.008,1.0,4.248,27.288,50.328
48,48,150,60.3936,5.466240000000001,32.92992,60.3936,480.0,0.006666666666666667,1.0,5.0976,32.7456,60.3936
48,48,175,70.4592,6.315840000000001,38.38752,70.4592,480.0,0.005714285714285714,1.0,5.9472,38.2032,70.4592
48,48,200,80.5248,7.165439999999999,43.845119999999994,80.5248,480.0,0.005,1.0,6.7968,43.6608,80.5248
48,48,225,90.5904,8.01504,49.30272,90.5904,480.0,0.0044444444444444444,1.0,7.6464,49.1184,90.5904
48,48,250,100.656,8.86464,54.76032000000001,100.656,480.0,0.004,1.0,8.496,54.576,100.656
48,48,275,110.7216,9.714239999999998,60.21791999999999,110.7216,480.0,0.0036363636363636364,1.0,9.3456,60.0336,110.7216
48,48,300,120.7872,10.56384,65.67552,120.7872,480.0,0.0033333333333333335,1.0,10.1952,65.4912,120.7872
48,48,325,130.8528,11.413439999999998,71.13312,130.8528,480.0,0.003076923076923077,1.0,11.0448,70.9488,130.8528
48,48,350,140.9184,12.263039999999998,76.59071999999999,140.9184,480.0,0.002857142857142857,1.0,11.8944,76.4064,140.9184
48,48,375,150.984,13.11264,82.04832,150.984,480.0,0.0026666666666666666,1.0,12.744,81.864,150.984
48,48,400,161.0496,13.962240000000001,87.50592,161.0496,480.0,0.0025,1.0,13.5936,87.3216,161.0496
48,48,425,171.1152,14.811840000000002,92.96352000000002,171.1152,480.0,0.002352941176470588,1.0,14.4432,92.7792,171.1152
48,48,450,181.1808,15.661439999999999,98.42112000000002,181.1808,480.0,0.0022222222222222222,1.0,15.2928,98.2368,181.1808
48,48,475,191.2464,16.51104,103.87872000000002,191.2464,480.0,0.002105263157894737,1.0,16.1424,103.6944,191.2464
48,48,500,201.312,17.36064,109.33631999999999,201.312,480.0,0.002,1.0,16.992,109.152,201.312
48,48,525,211.3776,18.210240000000002,114.79392,211.37760000000006,480.0,0.0019047619047619048,1.0,17.8416,114.6096,211.3776
48,48,550,221.4432,19.059839999999998,120.25151999999999,221.4432,480.0,0.0018181818181818182,1.0,18.6912,120.0672,221.4432
48,48,575,231.5088,19.909439999999996,125.70911999999998,231.5088,480.0,0.0017391304347826088,1.0,19.5408,125.5248,231.5088
48,48,600,241.5744,20.759039999999995,131.16672,241.5744,480.0,0.0016666666666666668,1.0,20.3904,130.9824,241.5744
48,48,625,251.64,21.60864,136.62431999999998,251.64,480.0,0.0016,1.0,21.24,136.44,251.64
48,48,650,261.7056,22.458240000000004,142.08192,261.7056,480.0,0.0015384615384615385,1.0,22.0896,141.8976,261.7056
48,48,675,271.7712,23.30784,147.53951999999998,271.7712,480.0,0.0014814814814814814,1.0,22.9392,147.3552,271.7712
48,48,700,281.8368,24.15744,152.99712,281.8368,480.0,0.0014285714285714286,1.0,23.7888,152.8128,281.8368
49,49,0,0.0,0.0,0.0,0.0,480.0,0.0,1.0,0.0,0.0,0.0
49,49,25,10.2752,1.24352,5.759359999999999,10.2752,480.0,0.04,1.0,0.8672,5.5712,10.2752
49,49,50,20.5504,2.1107199999999997,11.33056,20.5504,480.0,0.02,1.0,1.7344,11.1424,20.5504
49,49,75,30.8256,2.97792,16.90176,30.8256,480.0,0.013333333333333334,1.0,2.6016,16.7136,30.8256
49,49,100,41.1008,3.8451199999999996,22.472960000000004,41.1008,480.0,0.01,1.0,3.4688,22.2848,41.1008
49,49,125,51.376,4.712320000000001,28.044159999999998,51.376,480.0,0.008,1.0,4.336,27.856,51.376
49,49,150,61.6512,5.57952,33.61536,61.6512,480.0,0.006666666666666667,1.0,5.2032,33.4272,61.6512
49,49,175,71.9264,6.44672,39.18656,71.9264,480.0,0.005714285714285714,1.0,6.0704,38.9984,71.9264
49,49,200,82.2016,7.31392,44.75776,82.2016,480.0,0.005,1.0,6.9376,44.5696,82.2016
49,49,225,92.4768,8.18112,50.32896,92.4768,480.0,0.0044444444444444444,1.0,7.8048,50.1408,92.4768
49,49,250,102.752,9.04832,55.90016,102.752,480.0,0.004,1.0,8.672,55.712,102.752
49,49,275,113.0272,9.91552,61.47135999999999,113.0272,480.0,0.0036363636363636364,1.0,9.5392,61.2832,113.0272
49,49,300,123.3024,10.78272,67.04256,123.3024,480.0,0.0033333333333333335,1.0,10.4064,66.8544,123.3024
49,49,325,133.5776,11.649919999999998,72.61376,133.5776,480.0,0.003076923076923077,1.0,11.2736,72.4256,133.5776
49,49,350,143.8528,12.517119999999998,78.18495999999999,143.8528,480.0,0.002857142857142857,1.0,12.1408,77.9968,143.8528
49,49,375,154.128,13.384320000000002,83.75616,154.128,480.0,0.0026666666666666666,1.0,13.008,83.568,154.128
49,49,400,164.4032,14.251520000000001,89.32736000000001,164.4032,480.0,0.0025,1.0,13.8752,89.1392,164.4032
49,49,425,174.6784,15.118720000000001,94.89856000000002,174.6784,480.0,0.002352941176470588,1.0,14.7424,94.7104,174.6784
49,49,450,184.9536,15.985919999999998,100.46976000000001,184.9536,480.0,0.0022222222222222222,1.0,15.6096,100.2816,184.9536
49,49,475,195.2288,16.85312,106.04096000000001,195.2288,480.0,0.002105263157894737,1.0,16.4768,105.8528,195.2288
49,49,500,205.504,17.720319999999997,111.61215999999999,205.504,480.0,0.002,1.0,17.344,111.424,205.504
49,49,525,215.7792,18.58752,117.18336,215.77920000000006,480.0,0.0019047619047619048,1.0,18.2112,116.9952,215.7792
49,49,550,226.0544,19.454719999999995,122.75456,226.0544,480.0,0.0018181818181818182,1.0,19.0784,122.5664,226.0544
49,49,575,236.3296,20.32192,128.32576,236.3296,480.0,0.0017391304347826088,1.0,19.9456,128.1376,236.3296
49,49,600,246.6048,21.18912,133.89695999999998,246.6048,480.0,0.0016666666666666668,1.0,20.8128,133.7088,246.6048
49,49,625,256.88,22.05632,139.46815999999998,256.88,480.0,0.0016,1.0,21.68,139.28,256.88
49,49,650,267.1552,22.92352,145.03936,267.1552,480.0,0.0015384615384615385,1.0,22.5472,144.8512,267.1552
49,49,675,277.4304,23.79072,150.61055999999996,277.4304,480.0,0.0014814814814814814,1.0,23.4144,150.4224,277.4304
49,49,700,287.7056,24.65792,156.18176,287.7056,480.0,0.0014285714285714286,1.0,24.2816,155.9936,287.7056
50,50,0,0.0,0.0,0.0,0.0,480.0,0.0,1.0,0.0,0.0,0.0
50,50,25,10.4848,1.2688,5.876799999999999,10.4848,480.0,0.04,1.0,0.8848,5.6848,10.4848
50,50,50,20.9696,2.1535999999999995,11.5616,20.9696,480.0,0.02,1.0,1.7696,11.3696,20.9696
50,50,75,31.4544,3.0384,17.2464,31.4544,480.0,0.013333333333333334,1.0,2.6544,17.0544,31.4544
50,50,100,41.9392,3.9232,22.931200000000004,41.9392,480.0,0.01,1.0,3.5392,22.7392,41.9392
50,50,125,52.424,4.808,28.615999999999996,52.424,480.0,0.008,1.0,4.424,28.424,52.424
50,50,150,62.9088,5.6928,34.30080000000001,62.9088,480.0,0.006666666666666667,1.0,5.3088,34.1088,62.9088
50,50,175,73.3936,6.577600000000001,39.9856,73.3936,480.0,0.005714285714285714,1.0,6.1936,39.7936,73.3936
50,50,200,83.8784,7.4624,45.6704,83.8784,480.0,0.005,1.0,7.0784,45.4784,83.8784
50,50,225,94.3632,8.347199999999999,51.3552,94.3632,480.0,0.0044444444444444444,1.0,7.9632,51.1632,94.3632
50,50,250,104.848,9.232,57.040000000000006,104.848,480.0,0.004,1.0,8.848,56.848,104.848
50,50,275,115.3328,10.116799999999998,62.72479999999999,115.3328,480.0,0.0036363636363636364,1.0,9.7328,62.5328,115.3328
50,50,300,125.8176,11.0016,68.4096,125.8176,480.0,0.0033333333333333335,1.0,10.6176,68.2176,125.8176
50,50,325,136.3024,11.886399999999998,74.0944,136.3024,480.0,0.003076923076923077,1.0,11.5024,73.9024,136.3024
50,50,350,146.7872,12.7712,79.77919999999999,146.7872,480.0,0.002857142857142857,1.0,12.3872,79.5872,146.7872
50,50,375,157.272,13.656,85.464,157.272,480.0,0.0026666666666666666,1.0,13.272,85.272,157.272
50,50,400,167.7568,14.5408,91.14880000000001,167.7568,480.0,0.0025,1.0,14.1568,90.9568,167.7568
50,50,425,178.2416,15.4256,96.83360000000003,178.2416,480.0,0.002352941176470588,1.0,15.0416,96.6416,178.2416
50,50,450,188.7264,16.310399999999998,102.51840000000001,188.7264,480.0,0.0022222222222222222,1.0,15.9264,102.3264,188.7264
50,50,475,199.2112,17.195199999999996,108.20320000000001,199.2112,480.0,0.002105263157894737,1.0,16.8112,108.0112,199.2112
50,50,500,209.696,18.079999999999995,113.88799999999999,209.696,480.0,0.002,1.0,17.696,113.696,209.696
50,50,525,220.1808,18.9648,119.5728,220.18080000000006,480.0,0.0019047619047619048,1.0,18.5808,119.3808,220.1808
50,50,550,230.6656,19.8496,125.2576,230.6656,480.0,0.0018181818181818182,1.0,19.4656,125.0656,230.6656
50,50,575,241.1504,20.7344,130.9424,241.1504,480.0,0.0017391304347826088,1.0,20.3504,130.7504,241.1504
50,50,600,251.6352,21.6192,136.62719999999996,251.6352,480.0,0.0016666666666666668,1.0,21.2352,136.4352,251.6352
50,50,625,262.12,22.504,142.31199999999998,262.12,480.0,0.0016,1.0,22.12,142.12,262.12
50,50,650,272.6048,23.388800000000003,147.9968,272.6048,480.0,0.0015384615384615385,1.0,23.0048,147.8048,272.6048
50,50,675,283.0896,24.2736,153.68159999999997,283.0896,480.0,0.0014814814814814814,1.0,23.8896,153.4896,283.0896
50,50,700,293.5744,25.1584,159.36640000000003,293.5744,480.0,0.0014285714285714286,1.0,24.7744,159.1744,293.5744
51,51,0,0.0,0.0,0.0,0.0,480.0,0.0,1.0,0.0,0.0,0.0
51,51,25,10.6944,1.29408,5.994239999999999,10.6944,480.0,0.04,1.0,0.9024,5.7984,10.6944
51,51,50,21.3888,2.19648,11.79264,21.3888,480.0,0.02,1.0,1.8048,11.5968,21.3888
51,51,75,32.0832,3.09888,17.59104,32.0832,480.0,0.013333333333333334,1.0,2.7072,17.3952,32.0832
51,51,100,42.7776,4.0012799999999995,23.389440000000004,42.7776,480.0,0.01,1.0,3.6096,23.1936,42.7776
51,51,125,53.472,4.90368,29.187839999999998,53.472,480.0,0.008,1.0,4.512,28.992,53.472
51,51,150,64.1664,5.806080000000001,34.98624,64.1664,480.0,0.006666666666666667,1.0,5.4144,34.7904,64.1664
51,51,175,74.8608,6.708480000000001,40.78464,74.8608,480.0,0.005714285714285714,1.0,6.3168,40.5888,74.8608
51,51,200,85.5552,7.61088,46.58304,85.5552,480.0,0.005,1.0,7.2192,46.3872,85.5552
51,51,225,96.2496,8.51328,52.38144,96.2496,480.0,0.0044444444444444444,1.0,8.1216,52.1856,96.2496
51,51,250,106.944,9.41568,58.179840000000006,106.944,480.0,0.004,1.0,9.024,57.984,106.944
51,51,275,117.6384,10.31808,63.97823999999999,117.6384,480.0,0.0036363636363636364,1.0,9.9264,63.7824,117.6384
51,51,300,128.3328,11.22048,69.77664,128.3328,480.0,0.0033333333333333335,1.0,10.8288,69.5808,128.3328
51,51,325,139.0272,12.12288,75.57504,139.0272,480.0,0.003076923076923077,1.0,11.7312,75.3792,139.0272
51,51,350,149.7216,13.02528,81.37343999999999,149.7216,480.0,0.002857142857142857,1.0,12.6336,81.1776,149.7216
51,51,375,160.416,13.927680000000002,87.17184,160.416,480.0,0.0026666666666666666,1.0,13.536,86.976,160.416
51,51,400,171.1104,14.830080000000002,92.97024,171.1104,480.0,0.0025,1.0,14.4384,92.7744,171.1104
51,51,425,181.8048,15.732480000000002,98.76864000000002,181.8048,480.0,0.002352941176470588,1.0,15.3408,98.5728,181.8048
51,51,450,192.4992,16.63488,104.56704,192.4992,480.0,0.0022222222222222222,1.0,16.2432,104.3712,192.4992
51,51,475,203.1936,17.53728,110.36544000000002,203.1936,480.0,0.002105263157894737,1.0,17.1456,110.1696,203.1936
51,51,500,213.888,18.439679999999996,116.16383999999998,213.888,480.0,0.002,1.0,18.048,115.968,213.888
51,51,525,224.5824,19.342080000000003,121.96223999999998,224.58240000000006,480.0,0.0019047619047619048,1.0,18.9504,121.7664,224.5824
51,51,550,235.2768,20.244479999999996,127.76064,235.2768,480.0,0.0018181818181818182,1.0,19.8528,127.5648,235.2768
51,51,575,245.9712,21.14688,133.55903999999998,245.9712,480.0,0.0017391304347826088,1.0,20.7552,133.3632,245.9712
51,51,600,256.6656,22.049279999999996,139.35744,256.6656,480.0,0.0016666666666666668,1.0,21.6576,139.1616,256.6656
51,51,625,267.36,22.95168,145.15583999999998,267.36,480.0,0.0016,1.0,22.56,144.96,267.36
51,51,650,278.0544,23.854080000000003,150.95424,278.0544,480.0,0.0015384615384615385,1.0,23.4624,150.7584,278.0544
51,51,675,288.7488,24.756479999999996,156.75263999999996,288.7488,480.0,0.0014814814814814814,1.0,24.3648,156.5568,288.7488
51,51,700,299.4432,25.65888,162.55104,299.4432,480.0,0.0014285714285714286,1.0,25.2672,162.3552,299.4432
52,52,0,0.0,0.0,0.0,0.0,480.0,0.0,1.0,0.0,0.0,0.0
52,52,25,10.904,1.31936,6.11168,10.904,480.0,0.04,1.0,0.92,5.912,10.904
52,52,50,21.808,2.23936,12.02368,21.808,480.0,0.02,1.0,1.84,11.824,21.808
52,52,75,32.712,3.1593599999999995,17.93568,32.712,480.0,0.013333333333333334,1.0,2.76,17.736,32.712
52,52,100,43.616,4.07936,23.84768,43.616,480.0,0.01,1.0,3.68,23.648,43.616
52,52,125,54.52,4.999360000000001,29.759679999999996,54.52,480.0,0.008,1.0,4.6,29.56,54.52
52,52,150,65.424,5.91936,35.67168,65.424,480.0,0.006666666666666667,1.0,5.52,35.472,65.424
52,52,175,76.328,6.839360000000001,41.58368,76.328,480.0,0.005714285714285714,1.0,6.44,41.384,76.328
52,52,200,87.232,7.759359999999999,47.49568,87.232,480.0,0.005,1.0,7.36,47.296,87.232
52,52,225,98.136,8.67936,53.40768,98.136,480.0,0.0044444444444444444,1.0,8.28,53.208,98.136
52,52,250,109.04,9.59936,59.319680000000005,109.04,480.0,0.004,1.0,9.2,59.12,109.04
52,52,275,119.944,10.519359999999999,65.23167999999998,119.944,480.0,0.0036363636363636364,1.0,10.12,65.032,119.944
52,52,300,130.848,11.439360000000002,71.14368,130.848,480.0,0.0033333333333333335,1.0,11.04,70.944,130.848
52,52,325,141.752,12.359359999999999,77.05568,141.752,480.0,0.003076923076923077,1.0,11.96,76.856,141.752
52,52,350,152.656,13.27936,82.96767999999999,152.656,480.0,0.002857142857142857,1.0,12.88,82.768,152.656
52,52,375,163.56,14.19936,88.87968,163.56,480.0,0.0026666666666666666,1.0,13.8,88.68,163.56
52,52,400,174.464,15.11936,94.79168,174.464,480.0,0.0025,1.0,14.72,94.592,174.464
52,52,425,185.368,16.039360000000002,100.70368000000002,185.368,480.0,0.002352941176470588,1.0,15.64,100.504,185.368
52,52,450,196.272,16.959359999999997,106.61568000000001,196.272,480.0,0.0022222222222222222,1.0,16.56,106.416,196.272
52,52,475,207.176,17.87936,112.52768000000002,207.176,480.0,0.002105263157894737,1.0,17.48,112.328,207.176
52,52,500,218.08,18.799359999999997,118.43967999999998,218.08,480.0,0.002,1.0,18.4,118.24,218.08
52,52,525,228.984,19.719360000000005,124.35168,228.98400000000007,480.0,0.0019047619047619048,1.0,19.32,124.152,228.984
52,52,550,239.888,20.639359999999996,130.26368,239.888,480.0,0.0018181818181818182,1.0,20.24,130.064,239.888
52,52,575,250.792,21.55936,136.17568,250.792,480.0,0.0017391304347826088,1.0,21.16,135.976,250.792
52,52,600,261.696,22.47936,142.08768,261.696,480.0,0.0016666666666666668,1.0,22.08,141.888,261.696
52,52,625,272.6,23.39936,147.99967999999998,272.6,480.0,0.0016,1.0,23.0,147.8,272.6
52,52,650,283.504,24.31936,153.91168,283.504,480.0,0.0015384615384615385,1.0,23.92,153.712,283.504
52,52,675,294.408,25.23936,159.82367999999997,294.408,480.0,0.0014814814814814814,1.0,24.84,159.624,294.408
52,52,700,305.312,26.15936,165.73568,305.312,480.0,0.0014285714285714286,1.0,25.76,165.536,305.312
53,53,0,0.0,0.0,0.0,0.0,480.0,0.0,1.0,0.0,0.0,0.0
53,53,25,11.1136,1.3446400000000003,6.229119999999999,11.1136,480.0,0.04,1.0,0.9376,6.0256,11.1136
53,53,50,22.2272,2.28224,12.254720000000002,22.2272,480.0,0.02,1.0,1.8752,12.0512,22.2272
53,53,75,33.3408,3.21984,18.28032,33.3408,480.0,0.013333333333333334,1.0,2.8128,18.0768,33.3408
53,53,100,44.4544,4.157439999999999,24.305920000000004,44.4544,480.0,0.01,1.0,3.7504,24.1024,44.4544
53,53,125,55.568,5.09504,30.331519999999998,55.568,480.0,0.008,1.0,4.688,30.128,55.568
53,53,150,66.6816,6.032640000000001,36.35712,66.6816,480.0,0.006666666666666667,1.0,5.6256,36.1536,66.6816
53,53,175,77.7952,6.97024,42.38272,77.7952,480.0,0.005714285714285714,1.0,6.5632,42.1792,77.7952
53,53,200,88.9088,7.907839999999999,48.40831999999999,88.9088,480.0,0.005,1.0,7.5008,48.2048,88.9088
53,53,225,100.0224,8.84544,54.43392,100.0224,480.0,0.0044444444444444444,1.0,8.4384,54.2304,100.0224
53,53,250,111.136,9.78304,60.459520000000005,111.136,480.0,0.004,1.0,9.376,60.256,111.136
53,53,275,122.2496,10.72064,66.48512,122.2496,480.0,0.0036363636363636364,1.0,10.3136,66.2816,122.2496
53,53,300,133.3632,11.65824,72.51072,133.3632,480.0,0.0033333333333333335,1.0,11.2512,72.3072,133.3632
53,53,325,144.4768,12.595839999999997,78.53632,144.4768,480.0,0.003076923076923077,1.0,12.1888,78.3328,144.4768
53,53,350,155.5904,13.533439999999999,84.56191999999999,155.5904,480.0,0.002857142857142857,1.0,13.1264,84.3584,155.5904
53,53,375,166.704,14.47104,90.58752,166.704,480.0,0.0026666666666666666,1.0,14.064,90.384,166.704
53,53,400,177.8176,15.408640000000002,96.61312,177.8176,480.0,0.0025,1.0,15.0016,96.4096,177.8176
53,53,425,188.9312,16.34624,102.63872000000003,188.9312,480.0,0.002352941176470588,1.0,15.9392,102.4352,188.9312
53,53,450,200.0448,17.28384,108.66432000000002,200.0448,480.0,0.0022222222222222222,1.0,16.8768,108.4608,200.0448
53,53,475,211.1584,18.221439999999998,114.68992000000001,211.1584,480.0,0.002105263157894737,1.0,17.8144,114.4864,211.1584
53,53,500,222.272,19.159039999999997,120.71551999999998,222.272,480.0,0.002,1.0,18.752,120.512,222.272
53,53,525,233.3856,20.09664,126.74112,233.38560000000007,480.0,0.0019047619047619048,1.0,19.6896,126.5376,233.3856
53,53,550,244.4992,21.034239999999997,132.76672,244.4992,480.0,0.0018181818181818182,1.0,20.6272,132.5632,244.4992
53,53,575,255.6128,21.971839999999997,138.79232,255.6128,480.0,0.0017391304347826088,1.0,21.5648,138.5888,255.6128
53,53,600,266.7264,22.909439999999996,144.81792,266.7264,480.0,0.0016666666666666668,1.0,22.5024,144.6144,266.7264
53,53,625,277.84,23.84704,150.84351999999998,277.84,480.0,0.0016,1.0,23.44,150.64,277.84
53,53,650,288.9536,24.784640000000003,156.86912,288.9536,480.0,0.0015384615384615385,1.0,24.3776,156.6656,288.9536
53,53,675,300.0672,25.72224,162.89471999999998,300.0672,480.0,0.0014814814814814814,1.0,25.3152,162.6912,300.0672
53,53,700,311.1808,26.65984,168.92032,311.1808,480.0,0.0014285714285714286,1.0,26.2528,168.7168,311.1808
54,54,0,0.0,0.0,0.0,0.0,480.0,0.0,1.0,0.0,0.0,0.0
54,54,25,11.3232,1.36992,6.346559999999999,11.3232,480.0,0.04,1.0,0.9552,6.1392,11.3232
54,54,50,22.6464,2.3251199999999996,12.48576,22.6464,480.0,0.02,1.0,1.9104,12.2784,22.6464
54,54,75,33.9696,3.28032,18.62496,33.9696,480.0,0.013333333333333334,1.0,2.8656,18.4176,33.9696
54,54,100,45.2928,4.23552,24.764160000000004,45.2928,480.0,0.01,1.0,3.8208,24.5568,45.2928
54,54,125,56.616,5.19072,30.903359999999996,56.616,480.0,0.008,1.0,4.776,30.696,56.616
54,54,150,67.9392,6.14592,37.04256,67.9392,480.0,0.006666666666666667,1.0,5.7312,36.8352,67.9392
54,54,175,79.2624,7.10112,43.18176,79.2624,480.0,0.005714285714285714,1.0,6.6864,42.9744,79.2624
54,54,200,90.5856,8.05632,49.32096,90.5856,480.0,0.005,1.0,7.6416,49.1136,90.5856
54,54,225,101.9088,9.01152,55.46016,101.9088,480.0,0.0044444444444444444,1.0,8.5968,55.2528,101.9088
54,54,250,113.232,9.966720000000002,61.599360000000004,113.232,480.0,0.004,1.0,9.552,61.392,113.232
54,54,275,124.5552,10.921919999999998,67.73855999999998,124.5552,480.0,0.0036363636363636364,1.0,10.5072,67.5312,124.5552
54,54,300,135.8784,11.87712,73.87776,135.8784,480.0,0.0033333333333333335,1.0,11.4624,73.6704,135.8784
54,54,325,147.2016,12.83232,80.01696,147.2016,480.0,0.003076923076923077,1.0,12.4176,79.8096,147.2016
54,54,350,158.5248,13.787519999999999,86.15615999999999,158.5248,480.0,0.002857142857142857,1.0,13.3728,85.9488,158.5248
54,54,375,169.848,14.74272,92.29536,169.848,480.0,0.0026666666666666666,1.0,14.328,92.088,169.848
54,54,400,181.1712,15.697920000000002,98.43456000000002,181.1712,480.0,0.0025,1.0,15.2832,98.2272,181.1712
54,54,425,192.4944,16.65312,104.57376000000002,192.4944,480.0,0.002352941176470588,1.0,16.2384,104.3664,192.4944
54,54,450,203.8176,17.60832,110.71296000000001,203.8176,480.0,0.0022222222222222222,1.0,17.1936,110.5056,203.8176
54,54,475,215.1408,18.56352,116.85216000000001,215.1408,480.0,0.002105263157894737,1.0,18.1488,116.6448,215.1408
54,54,500,226.464,19.518719999999995,122.99135999999999,226.464,480.0,0.002,1.0,19.104,122.784,226.464
54,54,525,237.7872,20.47392,129.13056,237.78720000000007,480.0,0.0019047619047619048,1.0,20.0592,128.9232,237.7872
54,54,550,249.1104,21.42912,135.26976,249.1104,480.0,0.0018181818181818182,1.0,21.0144,135.0624,249.1104
54,54,575,260.4336,22.384319999999995,141.40896,260.4336,480.0,0.0017391304347826088,1.0,21.9696,141.2016,260.4336
54,54,600,271.7568,23.33952,147.54816,271.7568,480.0,0.0016666666666666668,1.0,22.9248,147.3408,271.7568
54,54,625,283.08,24.294720000000005,153.68735999999998,283.08,480.0,0.0016,1.0,23.88,153.48,283.08
54,54,650,294.4032,25.249920000000003,159.82656,294.4032,480.0,0.0015384615384615385,1.0,24.8352,159.6192,294.4032
54,54,675,305.7264,26.205119999999997,165.96575999999996,305.7264,480.0,0.0014814814814814814,1.0,25.7904,165.7584,305.7264
54,54,700,317.0496,27.16032,172.10496,317.0496,480.0,0.0014285714285714286,1.0,26.7456,171.8976,317.0496
55,55,0,0.0,0.0,0.0,0.0,480.0,0.0,1.0,0.0,0.0,0.0
55,55,25,11.5328,1.3952,6.463999999999999,11.5328,480.0,0.04,1.0,0.9728,6.2528,11.5328
55,55,50,23.0656,2.3679999999999994,12.7168,23.0656,480.0,0.02,1.0,1.9456,12.5056,23.0656
55,55,75,34.5984,3.3408,18.9696,34.5984,480.0,0.013333333333333334,1.0,2.9184,18.7584,34.5984
55,55,100,46.1312,4.3136,25.222400000000004,46.1312,480.0,0.01,1.0,3.8912,25.0112,46.1312
55,55,125,57.664,5.286400000000001,31.475199999999997,57.664,480.0,0.008,1.0,4.864,31.264,57.664
55,55,150,69.1968,6.2592,37.72800000000001,69.1968,480.0,0.006666666666666667,1.0,5.8368,37.5168,69.1968
55,55,175,80.7296,7.232000000000001,43.9808,80.7296,480.0,0.005714285714285714,1.0,6.8096,43.7696,80.7296
55,55,200,92.2624,8.2048,50.2336,92.2624,480.0,0.005,1.0,7.7824,50.0224,92.2624
55,55,225,103.7952,9.1776,56.4864,103.7952,480.0,0.0044444444444444444,1.0,8.7552,56.2752,103.7952
55,55,250,115.328,10.1504,62.73920000000002,115.328,480.0,0.004,1.0,9.728,62.528,115.328
55,55,275,126.8608,11.1232,68.99199999999999,126.8608,480.0,0.0036363636363636364,1.0,10.7008,68.7808,126.8608
55,55,300,138.3936,12.096,75.2448,138.3936,480.0,0.0033333333333333335,1.0,11.6736,75.0336,138.3936
55,55,325,149.9264,13.0688,81.4976,149.9264,480.0,0.003076923076923077,1.0,12.6464,81.2864,149.9264
55,55,350,161.4592,14.041599999999999,87.7504,161.4592,480.0,0.002857142857142857,1.0,13.6192,87.5392,161.4592
55,55,375,172.992,15.0144,94.0032,172.992,480.0,0.0026666666666666666,1.0,14.592,93.792,172.992
55,55,400,184.5248,15.9872,100.25600000000001,184.5248,480.0,0.0025,1.0,15.5648,100.0448,184.5248
55,55,425,196.0576,16.960000000000004,106.50880000000001,196.0576,480.0,0.002352941176470588,1.0,16.5376,106.2976,196.0576
55,55,450,207.5904,17.9328,112.7616,207.5904,480.0,0.0022222222222222222,1.0,17.5104,112.5504,207.5904
55,55,475,219.1232,18.9056,119.01440000000001,219.1232,480.0,0.002105263157894737,1.0,18.4832,118.8032,219.1232
55,55,500,230.656,19.878399999999996,125.26719999999999,230.656,480.0,0.002,1.0,19.456,125.056,230.656
55,55,525,242.1888,20.851200000000002,131.52,242.18880000000007,480.0,0.0019047619047619048,1.0,20.4288,131.3088,242.1888
55,55,550,253.7216,21.823999999999995,137.7728,253.7216,480.0,0.0018181818181818182,1.0,21.4016,137.5616,253.7216
55,55,575,265.2544,22.796799999999998,144.02559999999997,265.2544,480.0,0.0017391304347826088,1.0,22.3744,143.8144,265.2544
55,55,600,276.7872,23.7696,150.27839999999998,276.7872,480.0,0.0016666666666666668,1.0,23.3472,150.0672,276.7872
55,55,625,288.32,24.742400000000004,156.53119999999998,288.32,480.0,0.0016,1.0,24.32,156.32,288.32
55,55,650,299.8528,25.7152,162.784,299.8528,480.0,0.0015384615384615385,1.0,25.2928,162.5728,299.8528
55,55,675,311.3856,26.687999999999995,169.03679999999997,311.3856,480.0,0.0014814814814814814,1.0,26.2656,168.8256,311.3856
55,55,700,322.9184,27.6608,175.2896,322.9184,480.0,0.0014285714285714286,1.0,27.2384,175.0784,322.9184
56,56,0,0.0,0.0,0.0,0.0,480.0,0.0,1.0,0.0,0.0,0.0
56,56,25,11.7424,1.42048,6.581439999999999,11.7424,480.0,0.04,1.0,0.9904,6.3664,11.7424
56,56,50,23.4848,2.4108799999999997,12.94784,23.4848,480.0,0.02,1.0,1.9808,12.7328,23.4848
56,56,75,35.2272,3.40128,19.31424,35.2272,480.0,0.013333333333333334,1.0,2.9712,19.0992,35.2272
56,56,100,46.9696,4.39168,25.680640000000004,46.9696,480.0,0.01,1.0,3.9616,25.4656,46.9696
56,56,125,58.712,5.38208,32.047039999999996,58.712,480.0,0.008,1.0,4.952,31.832,58.712
56,56,150,70.4544,6.372480000000001,38.41344000000001,70.4544,480.0,0.006666666666666667,1.0,5.9424,38.1984,70.4544
56,56,175,82.1968,7.3628800000000005,44.77984,82.1968,480.0,0.005714285714285714,1.0,6.9328,44.5648,82.1968
56,56,200,93.9392,8.35328,51.14624,93.9392,480.0,0.005,1.0,7.9232,50.9312,93.9392
56,56,225,105.6816,9.34368,57.51264,105.6816,480.0,0.0044444444444444444,1.0,8.9136,57.2976,105.6816
56,56,250,117.424,10.33408,63.87904000000001,117.424,480.0,0.004,1.0,9.904,63.664,117.424
56,56,275,129.1664,11.324479999999998,70.24543999999999,129.1664,480.0,0.0036363636363636364,1.0,10.8944,70.0304,129.1664
56,56,300,140.9088,12.31488,76.61184,140.9088,480.0,0.0033333333333333335,1.0,11.8848,76.3968,140.9088
56,56,325,152.6512,13.305279999999998,82.97824,152.6512,480.0,0.003076923076923077,1.0,12.8752,82.7632,152.6512
56,56,350,164.3936,14.295679999999997,89.34463999999998,164.3936,480.0,0.002857142857142857,1.0,13.8656,89.1296,164.3936
56,56,375,176.136,15.286080000000002,95.71104,176.136,480.0,0.0026666666666666666,1.0,14.856,95.496,176.136
56,56,400,187.8784,16.276480000000003,102.07744000000001,187.8784,480.0,0.0025,1.0,15.8464,101.8624,187.8784
56,56,425,199.6208,17.26688,108.44384000000002,199.6208,480.0,0.002352941176470588,1.0,16.8368,108.2288,199.6208
56,56,450,211.3632,18.25728,114.81024000000002,211.3632,480.0,0.0022222222222222222,1.0,17.8272,114.5952,211.3632
56,56,475,223.1056,19.247679999999995,121.17664000000003,223.1056,480.0,0.002105263157894737,1.0,18.8176,120.9616,223.1056
56,56,500,234.848,20.238079999999997,127.54303999999999,234.848,480.0,0.002,1.0,19.808,127.328,234.848
56,56,525,246.5904,21.228480000000005,133.90944,246.59040000000007,480.0,0.0019047619047619048,1.0,20.7984,133.6944,246.5904
56,56,550,258.3328,22.218879999999995,140.27584,258.3328,480.0,0.0018181818181818182,1.0,21.7888,140.0608,258.3328
56,56,575,270.0752,23.209279999999996,146.64224,270.0752,480.0,0.0017391304347826088,1.0,22.7792,146.4272,270.0752
56,56,600,281.8176,24.199679999999997,153.00863999999996,281.8176,480.0,0.0016666666666666668,1.0,23.7696,152.7936,281.8176
56,56,625,293.56,25.190079999999995,159.37503999999998,293.56,480.0,0.0016,1.0,24.76,159.16,293.56
56,56,650,305.3024,26.180480000000003,165.74143999999998,305.3024,480.0,0.0015384615384615385,1.0,25.7504,165.5264,305.3024
56,56,675,317.0448,27.17088,172.10783999999998,317.0448,480.0,0.0014814814814814814,1.0,26.7408,171.8928,317.0448
56,56,700,328.7872,28.161279999999998,178.47424,328.7872,480.0,0.0014285714285714286,1.0,27.7312,178.2592,328.7872
57,57,0,0.0,0.0,0.0,0.0,480.0,0.0,1.0,0.0,0.0,0.0
57,57,25,11.952,1.44576,6.698879999999999,11.952,480.0,0.04,1.0,1.008,6.48,11.952
57,57,50,23.904,2.45376,13.178879999999998,23.904,480.0,0.02,1.0,2.016,12.96,23.904
57,57,75,35.856,3.4617599999999995,19.65888,35.856,480.0,0.013333333333333334,1.0,3.024,19.44,35.856
57,57,100,47.808,4.46976,26.13888,47.808,480.0,0.01,1.0,4.032,25.92,47.808
57,57,125,59.76,5.47776,32.61887999999999,59.76,480.0,0.008,1.0,5.04,32.4,59.76
57,57,150,71.712,6.48576,39.09888,71.712,480.0,0.006666666666666667,1.0,6.048,38.88,71.712
57,57,175,83.664,7.493760000000001,45.57888,83.664,480.0,0.005714285714285714,1.0,7.056,45.36,83.664
57,57,200,95.616,8.50176,52.05888,95.616,480.0,0.005,1.0,8.064,51.84,95.616
57,57,225,107.568,9.50976,58.53888,107.568,480.0,0.0044444444444444444,1.0,9.072,58.32,107.568
57,57,250,119.52,10.51776,65.01888000000001,119.52,480.0,0.004,1.0,10.08,64.8,119.52
57,57,275,131.472,11.52576,71.49887999999999,131.472,480.0,0.0036363636363636364,1.0,11.088,71.28,131.472
57,57,300,143.424,12.533760000000003,77.97888,143.424,480.0,0.0033333333333333335,1.0,12.096,77.76,143.424
57,57,325,155.376,13.541759999999998,84.45888,155.376,480.0,0.003076923076923077,1.0,13.104,84.24,155.376
57,57,350,167.328,14.549759999999997,90.93888,167.328,480.0,0.002857142857142857,1.0,14.112,90.72,167.328
57,57,375,179.28,15.55776,97.41888,179.28,480.0,0.0026666666666666666,1.0,15.12,97.2,179.28
57,57,400,191.232,16.56576,103.89888,191.232,480.0,0.0025,1.0,16.128,103.68,191.232
57,57,425,203.184,17.57376,110.37888000000002,203.184,480.0,0.002352941176470588,1.0,17.136,110.16,203.184
57,57,450,215.136,18.581759999999996,116.85888000000001,215.136,480.0,0.0022222222222222222,1.0,18.144,116.64,215.136
57,57,475,227.088,19.58976,123.33888000000002,227.088,480.0,0.002105263157894737,1.0,19.152,123.12,227.088
57,57,500,239.04,20.59776,129.81887999999998,239.04,480.0,0.002,1.0,20.16,129.6,239.04
57,57,525,250.992,21.60576,136.29888,250.99200000000005,480.0,0.0019047619047619048,1.0,21.168,136.08,250.992
57,57,550,262.944,22.613759999999996,142.77888,262.944,480.0,0.0018181818181818182,1.0,22.176,142.56,262.944
57,57,575,274.896,23.621759999999995,149.25888,274.896,480.0,0.0017391304347826088,1.0,23.184,149.04,274.896
57,57,600,286.848,24.62976,155.73888,286.848,480.0,0.0016666666666666668,1.0,24.192,155.52,286.848
57,57,625,298.8,25.63776,162.21887999999996,298.8,480.0,0.0016,1.0,25.2,162.0,298.8
57,57,650,310.752,26.645760000000003,168.69887999999997,310.752,480.0,0.0015384615384615385,1.0,26.208,168.48,310.752
57,57,675,322.704,27.65376,175.17887999999996,322.704,480.0,0.0014814814814814814,1.0,27.216,174.96,322.704
57,57,700,334.656,28.661759999999997,181.65888,334.656,480.0,0.0014285714285714286,1.0,28.224,181.44,334.656
58,58,0,0.0,0.0,0.0,0.0,480.0,0.0,1.0,0.0,0.0,0.0
58,58,25,12.1616,1.4710400000000001,6.81632,12.1616,480.0,0.04,1.0,1.0256,6.5936,12.1616
58,58,50,24.3232,2.49664,13.409920000000001,24.3232,480.0,0.02,1.0,2.0512,13.1872,24.3232
58,58,75,36.4848,3.52224,20.00352,36.4848,480.0,0.013333333333333334,1.0,3.0768,19.7808,36.4848
58,58,100,48.6464,4.547839999999999,26.59712,48.6464,480.0,0.01,1.0,4.1024,26.3744,48.6464
58,58,125,60.808,5.573440000000001,33.19071999999999,60.808,480.0,0.008,1.0,5.128,32.968,60.808
58,58,150,72.9696,6.599040000000001,39.78432000000001,72.9696,480.0,0.006666666666666667,1.0,6.1536,39.5616,72.9696
58,58,175,85.1312,7.62464,46.37792,85.1312,480.0,0.005714285714285714,1.0,7.1792,46.1552,85.1312
58,58,200,97.2928,8.65024,52.97151999999999,97.2928,480.0,0.005,1.0,8.2048,52.7488,97.2928
58,58,225,109.4544,9.67584,59.56511999999999,109.4544,480.0,0.0044444444444444444,1.0,9.2304,59.3424,109.4544
58,58,250,121.616,10.70144,66.15872,121.616,480.0,0.004,1.0,10.256,65.936,121.616
58,58,275,133.7776,11.727039999999999,72.75231999999998,133.7776,480.0,0.0036363636363636364,1.0,11.2816,72.5296,133.7776
58,58,300,145.9392,12.75264,79.34592,145.9392,480.0,0.0033333333333333335,1.0,12.3072,79.1232,145.9392
58,58,325,158.1008,13.778239999999998,85.93952,158.1008,480.0,0.003076923076923077,1.0,13.3328,85.7168,158.1008
58,58,350,170.2624,14.803839999999997,92.53312,170.2624,480.0,0.002857142857142857,1.0,14.3584,92.3104,170.2624
58,58,375,182.424,15.829440000000002,99.12672,182.424,480.0,0.0026666666666666666,1.0,15.384,98.904,182.424
58,58,400,194.5856,16.855040000000002,105.72032000000002,194.5856,480.0,0.0025,1.0,16.4096,105.4976,194.5856
58,58,425,206.7472,17.88064,112.31392000000001,206.7472,480.0,0.002352941176470588,1.0,17.4352,112.0912,206.7472
58,58,450,218.9088,18.906239999999997,118.90752,218.9088,480.0,0.0022222222222222222,1.0,18.4608,118.6848,218.9088
58,58,475,231.0704,19.93184,125.50112000000001,231.0704,480.0,0.002105263157894737,1.0,19.4864,125.2784,231.0704
58,58,500,243.232,20.95744,132.09471999999997,243.232,480.0,0.002,1.0,20.512,131.872,243.232
58,58,525,255.3936,21.98304,138.68832,255.39360000000005,480.0,0.0019047619047619048,1.0,21.5376,138.4656,255.3936
58,58,550,267.5552,23.00864,145.28192,267.5552,480.0,0.0018181818181818182,1.0,22.5632,145.0592,267.5552
58,58,575,279.7168,24.034239999999997,151.87552,279.7168,480.0,0.0017391304347826088,1.0,23.5888,151.6528,279.7168
58,58,600,291.8784,25.059839999999998,158.46911999999998,291.8784,480.0,0.0016666666666666668,1.0,24.6144,158.2464,291.8784
58,58,625,304.04,26.08544,165.06271999999996,304.04,480.0,0.0016,1.0,25.64,164.84,304.04
58,58,650,316.2016,27.111040000000003,171.65631999999997,316.2016,480.0,0.0015384615384615385,1.0,26.6656,171.4336,316.2016
58,58,675,328.3632,28.13664,178.24991999999997,328.3632,480.0,0.0014814814814814814,1.0,27.6912,178.0272,328.3632
58,58,700,340.5248,29.162239999999997,184.84352000000004,340.5248,480.0,0.0014285714285714286,1.0,28.7168,184.6208,340.5248
59,59,0,0.0,0.0,0.0,0.0,480.0,0.0,1.0,0.0,0.0,0.0
59,59,25,12.3712,1.49632,6.9337599999999995,12.3712,480.0,0.04,1.0,1.0432,6.7072,12.3712
59,59,50,24.7424,2.5395199999999996,13.64096,24.7424,480.0,0.02,1.0,2.0864,13.4144,24.7424
59,59,75,37.1136,3.58272,20.34816,37.1136,480.0,0.013333333333333334,1.0,3.1296,20.1216,37.1136
59,59,100,49.4848,4.62592,27.055360000000004,49.4848,480.0,0.01,1.0,4.1728,26.8288,49.4848
59,59,125,61.856,5.669120000000001,33.76256,61.856,480.0,0.008,1.0,5.216,33.536,61.856
59,59,150,74.2272,6.71232,40.46976,74.2272,480.0,0.006666666666666667,1.0,6.2592,40.2432,74.2272
59,59,175,86.5984,7.755520000000001,47.17696,86.5984,480.0,0.005714285714285714,1.0,7.3024,46.9504,86.5984
59,59,200,98.9696,8.79872,53.88416,98.9696,480.0,0.005,1.0,8.3456,53.6576,98.9696
59,59,225,111.3408,9.84192,60.59136,111.3408,480.0,0.0044444444444444444,1.0,9.3888,60.3648,111.3408
59,59,250,123.712,10.88512,67.29856000000001,123.712,480.0,0.004,1.0,10.432,67.072,123.712
59,59,275,136.0832,11.92832,74.00575999999998,136.0832,480.0,0.0036363636363636364,1.0,11.4752,73.7792,136.0832
59,59,300,148.4544,12.97152,80.71296,148.4544,480.0,0.0033333333333333335,1.0,12.5184,80.4864,148.4544
59,59,325,160.8256,14.014719999999999,87.42016,160.8256,480.0,0.003076923076923077,1.0,13.5616,87.1936,160.8256
59,59,350,173.1968,15.05792,94.12735999999998,173.1968,480.0,0.002857142857142857,1.0,14.6048,93.9008,173.1968
59,59,375,185.568,16.10112,100.83455999999998,185.568,480.0,0.0026666666666666666,1.0,15.648,100.608,185.568
59,59,400,197.9392,17.14432,107.54176000000001,197.9392,480.0,0.0025,1.0,16.6912,107.3152,197.9392
59,59,425,210.3104,18.187520000000003,114.24896000000001,210.3104,480.0,0.002352941176470588,1.0,17.7344,114.0224,210.3104
59,59,450,222.6816,19.230719999999998,120.95616,222.6816,480.0,0.0022222222222222222,1.0,18.7776,120.7296,222.6816
59,59,475,235.0528,20.273919999999997,127.66336000000001,235.0528,480.0,0.002105263157894737,1.0,19.8208,127.4368,235.0528
59,59,500,247.424,21.317119999999996,134.37055999999998,247.424,480.0,0.002,1.0,20.864,134.144,247.424
59,59,525,259.7952,22.360320000000005,141.07776,259.7952000000001,480.0,0.0019047619047619048,1.0,21.9072,140.8512,259.7952
59,59,550,272.1664,23.403519999999997,147.78496,272.1664,480.0,0.0018181818181818182,1.0,22.9504,147.5584,272.1664
59,59,575,284.5376,24.44672,154.49215999999998,284.5376,480.0,0.0017391304347826088,1.0,23.9936,154.2656,284.5376
59,59,600,296.9088,25.48992,161.19936,296.9088,480.0,0.0016666666666666668,1.0,25.0368,160.9728,296.9088
59,59,625,309.28,26.53312,167.90656,309.28,480.0,0.0016,1.0,26.08,167.68,309.28
59,59,650,321.6512,27.576320000000003,174.61376,321.6512,480.0,0.0015384615384615385,1.0,27.1232,174.3872,321.6512
59,59,675,334.0224,28.619519999999998,181.32095999999996,334.0224,480.0,0.0014814814814814814,1.0,28.1664,181.0944,334.0224
59,59,700,346.3936,29.662719999999997,188.02816,346.3936,480.0,0.0014285714285714286,1.0,29.2096,187.8016,346.3936
60,60,0,0.0,0.0,0.0,0.0,480.0,0.0,1.0,0.0,0.0,0.0
60,60,25,12.5808,1.5216,7.051199999999998,12.5808,480.0,0.04,1.0,1.0608,6.8208,12.5808
60,60,50,25.1616,2.5823999999999994,13.872,25.1616,480.0,0.02,1.0,2.1216,13.6416,25.1616
60,60,75,37.7424,3.6432,20.6928,37.7424,480.0,0.013333333333333334,1.0,3.1824,20.4624,37.7424
60,60,100,50.3232,4.704,27.513600000000007,50.3232,480.0,0.01,1.0,4.2432,27.2832,50.3232
60,60,125,62.904,5.7648,34.334399999999995,62.904,480.0,0.008,1.0,5.304,34.104,62.904
60,60,150,75.4848,6.8256,41.1552,75.4848,480.0,0.006666666666666667,1.0,6.3648,40.9248,75.4848
60,60,175,88.0656,7.886400000000001,47.976,88.0656,480.0,0.005714285714285714,1.0,7.4256,47.7456,88.0656
60,60,200,100.6464,8.9472,54.7968,100.6464,480.0,0.005,1.0,8.4864,54.5664,100.6464
60,60,225,113.2272,10.008,61.6176,113.2272,480.0,0.0044444444444444444,1.0,9.5472,61.3872,113.2272
60,60,250,125.808,11.068800000000001,68.43840000000002,125.808,480.0,0.004,1.0,10.608,68.208,125.808
60,60,275,138.3888,12.1296,75.25919999999998,138.3888,480.0,0.0036363636363636364,1.0,11.6688,75.0288,138.3888
60,60,300,150.9696,13.1904,82.08,150.9696,480.0,0.0033333333333333335,1.0,12.7296,81.8496,150.9696
60,60,325,163.5504,14.251199999999999,88.9008,163.5504,480.0,0.003076923076923077,1.0,13.7904,88.6704,163.5504
60,60,350,176.1312,15.311999999999996,95.72159999999998,176.1312,480.0,0.002857142857142857,1.0,14.8512,95.4912,176.1312
60,60,375,188.712,16.3728,102.54239999999999,188.712,480.0,0.0026666666666666666,1.0,15.912,102.312,188.712
60,60,400,201.2928,17.4336,109.3632,201.2928,480.0,0.0025,1.0,16.9728,109.1328,201.2928
60,60,425,213.8736,18.4944,116.18400000000001,213.8736,480.0,0.002352941176470588,1.0,18.0336,115.9536,213.8736
60,60,450,226.4544,19.5552,123.0048,226.4544,480.0,0.0022222222222222222,1.0,19.0944,122.7744,226.4544
60,60,475,239.0352,20.616,129.8256,239.0352,480.0,0.002105263157894737,1.0,20.1552,129.5952,239.0352
60,60,500,251.616,21.676799999999997,136.6464,251.616,480.0,0.002,1.0,21.216,136.416,251.616
60,60,525,264.1968,22.737600000000004,143.4672,264.19680000000005,480.0,0.0019047619047619048,1.0,22.2768,143.2368,264.1968
60,60,550,276.7776,23.798399999999997,150.288,276.7776,480.0,0.0018181818181818182,1.0,23.3376,150.0576,276.7776
60,60,575,289.3584,24.8592,157.1088,289.3584,480.0,0.0017391304347826088,1.0,24.3984,156.8784,289.3584
60,60,600,301.9392,25.92,163.9296,301.9392,480.0,0.0016666666666666668,1.0,25.4592,163.6992,301.9392
60,60,625,314.52,26.9808,170.75039999999996,314.52,480.0,0.0016,1.0,26.52,170.52,314.52
60,60,650,327.1008,28.0416,177.57119999999998,327.1008,480.0,0.0015384615384615385,1.0,27.5808,177.3408,327.1008
60,60,675,339.6816,29.1024,184.39199999999994,339.6816,480.0,0.0014814814814814814,1.0,28.6416,184.1616,339.6816
60,60,700,352.2624,30.163199999999996,191.2128,352.2624,480.0,0.0014285714285714286,1.0,29.7024,190.9824,352.2624
61,61,0,0.0,0.0,0.0,0.0,480.0,0.0,1.0,0.0,0.0,0.0
61,61,25,12.7904,1.54688,7.168639999999999,12.7904,480.0,0.04,1.0,1.0784,6.9344,12.7904
61,61,50,25.5808,2.6252799999999996,14.10304,25.5808,480.0,0.02,1.0,2.1568,13.8688,25.5808
61,61,75,38.3712,3.70368,21.03744,38.3712,480.0,0.013333333333333334,1.0,3.2352,20.8032,38.3712
61,61,100,51.1616,4.78208,27.971840000000004,51.1616,480.0,0.01,1.0,4.3136,27.7376,51.1616
61,61,125,63.952,5.860480000000001,34.90624,63.952,480.0,0.008,1.0,5.392,34.672,63.952
61,61,150,76.7424,6.938880000000001,41.84064000000001,76.7424,480.0,0.006666666666666667,1.0,6.4704,41.6064,76.7424
61,61,175,89.5328,8.017280000000001,48.775040000000004,89.5328,480.0,0.005714285714285714,1.0,7.5488,48.5408,89.5328
61,61,200,102.3232,9.09568,55.70944,102.3232,480.0,0.005,1.0,8.6272,55.4752,102.3232
61,61,225,115.1136,10.17408,62.64384,115.1136,480.0,0.0044444444444444444,1.0,9.7056,62.4096,115.1136
61,61,250,127.904,11.25248,69.57824,127.904,480.0,0.004,1.0,10.784,69.344,127.904
61,61,275,140.6944,12.33088,76.51263999999999,140.6944,480.0,0.0036363636363636364,1.0,11.8624,76.2784,140.6944
61,61,300,153.4848,13.40928,83.44704,153.4848,480.0,0.0033333333333333335,1.0,12.9408,83.2128,153.4848
61,61,325,166.2752,14.487679999999997,90.38144,166.2752,480.0,0.003076923076923077,1.0,14.0192,90.1472,166.2752
61,61,350,179.0656,15.566079999999998,97.31584,179.0656,480.0,0.002857142857142857,1.0,15.0976,97.0816,179.0656
61,61,375,191.856,16.64448,104.25024,191.856,480.0,0.0026666666666666666,1.0,16.176,104.016,191.856
61,61,400,204.6464,17.72288,111.18464000000002,204.6464,480.0,0.0025,1.0,17.2544,110.9504,204.6464
61,61,425,217.4368,18.80128,118.11904000000003,217.4368,480.0,0.002352941176470588,1.0,18.3328,117.8848,217.4368
61,61,450,230.2272,19.87968,125.05344000000002,230.2272,480.0,0.0022222222222222222,1.0,19.4112,124.8192,230.2272
61,61,475,243.0176,20.958079999999995,131.98784,243.0176,480.0,0.002105263157894737,1.0,20.4896,131.7536,243.0176
61,61,500,255.808,22.036479999999997,138.92224,255.808,480.0,0.002,1.0,21.568,138.688,255.808
61,61,525,268.5984,23.11488,145.85664,268.5984000000001,480.0,0.0019047619047619048,1.0,22.6464,145.6224,268.5984
61,61,550,281.3888,24.193279999999998,152.79104,281.3888,480.0,0.0018181818181818182,1.0,23.7248,152.5568,281.3888
61,61,575,294.1792,25.27168,159.72544,294.1792,480.0,0.0017391304347826088,1.0,24.8032,159.4912,294.1792
61,61,600,306.9696,26.350079999999995,166.65983999999997,306.9696,480.0,0.0016666666666666668,1.0,25.8816,166.4256,306.9696
61,61,625,319.76,27.42848,173.59424,319.76,480.0,0.0016,1.0,26.96,173.36,319.76
61,61,650,332.5504,28.506880000000002,180.52864,332.5504,480.0,0.0015384615384615385,1.0,28.0384,180.2944,332.5504
61,61,675,345.3408,29.58528,187.46303999999998,345.3408,480.0,0.0014814814814814814,1.0,29.1168,187.2288,345.3408
61,61,700,358.1312,30.663679999999996,194.39744,358.1312,480.0,0.0014285714285714286,1.0,30.1952,194.1632,358.1312
62,62,0,0.0,0.0,0.0,0.0,480.0,0.0,1.0,0.0,0.0,0.0
62,62,25,13.0,1.57216,7.286079999999999,13.0,480.0,0.04,1.0,1.096,7.048,13.0
62,62,50,26.0,2.66816,14.334080000000002,26.0,480.0,0.02,1.0,2.192,14.096,26.0
62,62,75,39.0,3.7641599999999995,21.382079999999995,39.0,480.0,0.013333333333333334,1.0,3.288,21.144,39.0
62,62,100,52.0,4.86016,28.430080000000004,52.0,480.0,0.01,1.0,4.384,28.192,52.0
62,62,125,65.0,5.956160000000001,35.47807999999999,65.0,480.0,0.008,1.0,5.48,35.24,65.0
62,62,150,78.0,7.05216,42.52608,78.0,480.0,0.006666666666666667,1.0,6.576,42.288,78.0
62,62,175,91.0,8.14816,49.57408,91.0,480.0,0.005714285714285714,1.0,7.672,49.336,91.0
62,62,200,104.0,9.24416,56.62207999999999,104.0,480.0,0.005,1.0,8.768,56.384,104.0
62,62,225,117.0,10.34016,63.67007999999999,117.0,480.0,0.0044444444444444444,1.0,9.864,63.432,117.0
62,62,250,130.0,11.43616,70.71808000000001,130.0,480.0,0.004,1.0,10.96,70.48,130.0
62,62,275,143.0,12.53216,77.76607999999999,143.0,480.0,0.0036363636363636364,1.0,12.056,77.528,143.0
62,62,300,156.0,13.628160000000001,84.81408000000002,156.0,480.0,0.0033333333333333335,1.0,13.152,84.576,156.0
62,62,325,169.0,14.72416,91.86208,169.0,480.0,0.003076923076923077,1.0,14.248,91.624,169.0
62,62,350,182.0,15.820159999999998,98.91008,182.0,480.0,0.002857142857142857,1.0,15.344,98.672,182.0
62,62,375,195.0,16.91616,105.95808,195.0,480.0,0.0026666666666666666,1.0,16.44,105.72,195.0
62,62,400,208.0,18.01216,113.00608,208.0,480.0,0.0025,1.0,17.536,112.768,208.0
62,62,425,221.0,19.10816,120.05408000000003,221.0,480.0,0.002352941176470588,1.0,18.632,119.816,221.0
62,62,450,234.0,20.20416,127.10208000000002,234.0,480.0,0.0022222222222222222,1.0,19.728,126.864,234.0
62,62,475,247.0,21.300159999999995,134.15008,247.0,480.0,0.002105263157894737,1.0,20.824,133.912,247.0
62,62,500,260.0,22.396159999999995,141.19808,260.0,480.0,0.002,1.0,21.92,140.96,260.0
62,62,525,273.0,23.49216,148.24608,273.00000000000006,480.0,0.0019047619047619048,1.0,23.016,148.008,273.0
62,62,550,286.0,24.58816,155.29408,286.0,480.0,0.0018181818181818182,1.0,24.112,155.056,286.0
62,62,575,299.0,25.684159999999995,162.34207999999998,299.0,480.0,0.0017391304347826088,1.0,25.208,162.104,299.0
62,62,600,312.0,26.78016,169.39008,312.0,480.0,0.0016666666666666668,1.0,26.304,169.152,312.0
62,62,625,325.0,27.87616,176.43807999999996,325.0,480.0,0.0016,1.0,27.4,176.2,325.0
62,62,650,338.0,28.972160000000002,183.48607999999996,338.0,480.0,0.0015384615384615385,1.0,28.496,183.248,338.0
62,62,675,351.0,30.068159999999995,190.53407999999993,351.0,480.0,0.0014814814814814814,1.0,29.592,190.296,351.0
62,62,700,364.0,31.164159999999995,197.58208,364.0,480.0,0.0014285714285714286,1.0,30.688,197.344,364.0
63,63,0,0.0,0.0,0.0,0.0,480.0,0.0,1.0,0.0,0.0,0.0
63,63,25,13.2096,1.5974400000000002,7.40352,13.2096,480.0,0.04,1.0,1.1136,7.1616,13.2096
63,63,50,26.4192,2.71104,14.565120000000002,26.4192,480.0,0.02,1.0,2.2272,14.3232,26.4192
63,63,75,39.6288,3.82464,21.72672,39.6288,480.0,0.013333333333333334,1.0,3.3408,21.4848,39.6288
63,63,100,52.8384,4.938239999999999,28.88832,52.8384,480.0,0.01,1.0,4.4544,28.6464,52.8384
63,63,125,66.048,6.05184,36.04992,66.048,480.0,0.008,1.0,5.568,35.808,66.048
63,63,150,79.2576,7.165440000000001,43.21152000000001,79.2576,480.0,0.006666666666666667,1.0,6.6816,42.9696,79.2576
63,63,175,92.4672,8.27904,50.37312000000001,92.4672,480.0,0.005714285714285714,1.0,7.7952,50.1312,92.4672
63,63,200,105.6768,9.39264,57.53471999999999,105.6768,480.0,0.005,1.0,8.9088,57.2928,105.6768
63,63,225,118.8864,10.50624,64.69632,118.8864,480.0,0.0044444444444444444,1.0,10.0224,64.4544,118.8864
63,63,250,132.096,11.61984,71.85792000000002,132.096,480.0,0.004,1.0,11.136,71.616,132.096
63,63,275,145.3056,12.73344,79.01951999999999,145.3056,480.0,0.0036363636363636364,1.0,12.2496,78.7776,145.3056
63,63,300,158.5152,13.84704,86.18112,158.5152,480.0,0.0033333333333333335,1.0,13.3632,85.9392,158.5152
63,63,325,171.7248,14.960639999999998,93.34272,171.7248,480.0,0.003076923076923077,1.0,14.4768,93.1008,171.7248
63,63,350,184.9344,16.07424,100.50431999999998,184.9344,480.0,0.002857142857142857,1.0,15.5904,100.2624,184.9344
63,63,375,198.144,17.18784,107.66592,198.144,480.0,0.0026666666666666666,1.0,16.704,107.424,198.144
63,63,400,211.3536,18.301440000000003,114.82752000000002,211.3536,480.0,0.0025,1.0,17.8176,114.5856,211.3536
63,63,425,224.5632,19.415040000000005,121.98912000000003,224.5632,480.0,0.002352941176470588,1.0,18.9312,121.7472,224.5632
63,63,450,237.7728,20.52864,129.15072,237.7728,480.0,0.0022222222222222222,1.0,20.0448,128.9088,237.7728
63,63,475,250.9824,21.64224,136.31232000000003,250.9824,480.0,0.002105263157894737,1.0,21.1584,136.0704,250.9824
63,63,500,264.192,22.755839999999996,143.47391999999996,264.192,480.0,0.002,1.0,22.272,143.232,264.192
63,63,525,277.4016,23.869440000000004,150.63552,277.4016000000001,480.0,0.0019047619047619048,1.0,23.3856,150.3936,277.4016
63,63,550,290.6112,24.983039999999995,157.79712,290.6112,480.0,0.0018181818181818182,1.0,24.4992,157.5552,290.6112
63,63,575,303.8208,26.096639999999997,164.95871999999997,303.8208,480.0,0.0017391304347826088,1.0,25.6128,164.7168,303.8208
63,63,600,317.0304,27.210239999999995,172.12031999999996,317.0304,480.0,0.0016666666666666668,1.0,26.7264,171.8784,317.0304
63,63,625,330.24,28.32384,179.28192,330.24,480.0,0.0016,1.0,27.84,179.04,330.24
63,63,650,343.4496,29.43744,186.44352,343.4496,480.0,0.0015384615384615385,1.0,28.9536,186.2016,343.4496
63,63,675,356.6592,30.551039999999997,193.60511999999997,356.6592,480.0,0.0014814814814814814,1.0,30.0672,193.3632,356.6592
63,63,700,369.8688,31.664639999999995,200.76672000000002,369.8688,480.0,0.0014285714285714286,1.0,31.1808,200.5248,369.8688
64,64,0,0.0,0.0,0.0,0.0,480.0,0.0,1.0,0.0,0.0,0.0
64,64,25,13.4192,1.62272,7.520959999999999,13.4192,480.0,0.04,1.0,1.1312,7.2752,13.4192
64,64,50,26.8384,2.7539199999999995,14.79616,26.8384,480.0,0.02,1.0,2.2624,14.5504,26.8384
64,64,75,40.2576,3.88512,22.07136,40.2576,480.0,0.013333333333333334,1.0,3.3936,21.8256,40.2576
64,64,100,53.6768,5.01632,29.346560000000004,53.6768,480.0,0.01,1.0,4.5248,29.1008,53.6768
64,64,125,67.096,6.14752,36.621759999999995,67.096,480.0,0.008,1.0,5.656,36.376,67.096
64,64,150,80.5152,7.27872,43.89696,80.5152,480.0,0.006666666666666667,1.0,6.7872,43.6512,80.5152
64,64,175,93.9344,8.40992,51.17216,93.9344,480.0,0.005714285714285714,1.0,7.9184,50.9264,93.9344
64,64,200,107.3536,9.54112,58.44736,107.3536,480.0,0.005,1.0,9.0496,58.2016,107.3536
64,64,225,120.7728,10.67232,65.72256,120.7728,480.0,0.0044444444444444444,1.0,10.1808,65.4768,120.7728
64,64,250,134.192,11.80352,72.99776000000001,134.192,480.0,0.004,1.0,11.312,72.752,134.192
64,64,275,147.6112,12.93472,80.27295999999998,147.6112,480.0,0.0036363636363636364,1.0,12.4432,80.0272,147.6112
64,64,300,161.0304,14.06592,87.54816,161.0304,480.0,0.0033333333333333335,1.0,13.5744,87.3024,161.0304
64,64,325,174.4496,15.197119999999998,94.82336,174.4496,480.0,0.003076923076923077,1.0,14.7056,94.5776,174.4496
64,64,350,187.8688,16.328319999999998,102.09855999999999,187.8688,480.0,0.002857142857142857,1.0,15.8368,101.8528,187.8688
64,64,375,201.288,17.45952,109.37376,201.288,480.0,0.0026666666666666666,1.0,16.968,109.128,201.288
64,64,400,214.7072,18.59072,116.64896000000002,214.7072,480.0,0.0025,1.0,18.0992,116.4032,214.7072
64,64,425,228.1264,19.72192,123.92416000000003,228.1264,480.0,0.002352941176470588,1.0,19.2304,123.6784,228.1264
64,64,450,241.5456,20.85312,131.19936,241.5456,480.0,0.0022222222222222222,1.0,20.3616,130.9536,241.5456
64,64,475,254.9648,21.984319999999997,138.47456000000003,254.9648,480.0,0.002105263157894737,1.0,21.4928,138.2288,254.9648
64,64,500,268.384,23.115519999999997,145.74975999999998,268.384,480.0,0.002,1.0,22.624,145.504,268.384
64,64,525,281.8032,24.246720000000003,153.02496,281.80320000000006,480.0,0.0019047619047619048,1.0,23.7552,152.7792,281.8032
64,64,550,295.2224,25.377919999999996,160.30016,295.2224,480.0,0.0018181818181818182,1.0,24.8864,160.0544,295.2224
64,64,575,308.6416,26.509119999999996,167.57536,308.6416,480.0,0.0017391304347826088,1.0,26.0176,167.3296,308.6416
64,64,600,322.0608,27.64032,174.85056,322.0608,480.0,0.0016666666666666668,1.0,27.1488,174.6048,322.0608
64,64,625,335.48,28.77152,182.12575999999996,335.48,480.0,0.0016,1.0,28.28,181.88,335.48
64,64,650,348.8992,29.902720000000002,189.40095999999997,348.8992,480.0,0.0015384615384615385,1.0,29.4112,189.1552,348.8992
64,64,675,362.3184,31.03392,196.67615999999998,362.3184,480.0,0.0014814814814814814,1.0,30.5424,196.4304,362.3184
64,64,700,375.7376,32.16512,203.95136,375.7376,480.0,0.0014285714285714286,1.0,31.6736,203.7056,375.7376
65,65,0,0.0,0.0,0.0,0.0,480.0,0.0,1.0,0.0,0.0,0.0
65,65,25,13.6288,1.648,7.638399999999998,13.6288,480.0,0.04,1.0,1.1488,7.3888,13.6288
65,65,50,27.2576,2.7967999999999997,15.0272,27.2576,480.0,0.02,1.0,2.2976,14.7776,27.2576
65,65,75,40.8864,3.9456,22.416,40.8864,480.0,0.013333333333333334,1.0,3.4464,22.1664,40.8864
65,65,100,54.5152,5.0944,29.804800000000007,54.5152,480.0,0.01,1.0,4.5952,29.5552,54.5152
65,65,125,68.144,6.243200000000001,37.19359999999999,68.144,480.0,0.008,1.0,5.744,36.944,68.144
65,65,150,81.7728,7.392,44.5824,81.7728,480.0,0.006666666666666667,1.0,6.8928,44.3328,81.7728
65,65,175,95.4016,8.540800000000003,51.971199999999996,95.4016,480.0,0.005714285714285714,1.0,8.0416,51.7216,95.4016
65,65,200,109.0304,9.6896,59.36,109.0304,480.0,0.005,1.0,9.1904,59.1104,109.0304
65,65,225,122.6592,10.8384,66.74879999999999,122.6592,480.0,0.0044444444444444444,1.0,10.3392,66.4992,122.6592
65,65,250,136.288,11.9872,74.1376,136.288,480.0,0.004,1.0,11.488,73.888,136.288
65,65,275,149.9168,13.135999999999997,81.52639999999998,149.9168,480.0,0.0036363636363636364,1.0,12.6368,81.2768,149.9168
65,65,300,163.5456,14.2848,88.9152,163.5456,480.0,0.0033333333333333335,1.0,13.7856,88.6656,163.5456
65,65,325,177.1744,15.433599999999998,96.304,177.1744,480.0,0.003076923076923077,1.0,14.9344,96.0544,177.1744
65,65,350,190.8032,16.5824,103.6928,190.8032,480.0,0.002857142857142857,1.0,16.0832,103.4432,190.8032
65,65,375,204.432,17.7312,111.08159999999998,204.432,480.0,0.0026666666666666666,1.0,17.232,110.832,204.432
65,65,400,218.0608,18.88,118.4704,218.0608,480.0,0.0025,1.0,18.3808,118.2208,218.0608
65,65,425,231.6896,20.0288,125.85920000000002,231.6896,480.0,0.002352941176470588,1.0,19.5296,125.6096,231.6896
65,65,450,245.3184,21.177599999999995,133.24800000000002,245.3184,480.0,0.0022222222222222222,1.0,20.6784,132.9984,245.3184
65,65,475,258.9472,22.326399999999996,140.63680000000002,258.9472,480.0,0.002105263157894737,1.0,21.8272,140.3872,258.9472
65,65,500,272.576,23.475199999999997,148.02559999999997,272.576,480.0,0.002,1.0,22.976,147.776,272.576
65,65,525,286.2048,24.624,155.4144,286.20480000000003,480.0,0.0019047619047619048,1.0,24.1248,155.1648,286.2048
65,65,550,299.8336,25.7728,162.8032,299.8336,480.0,0.0018181818181818182,1.0,25.2736,162.5536,299.8336
65,65,575,313.4624,26.921599999999998,170.192,313.4624,480.0,0.0017391304347826088,1.0,26.4224,169.9424,313.4624
65,65,600,327.0912,28.0704,177.5808,327.0912,480.0,0.0016666666666666668,1.0,27.5712,177.3312,327.0912
65,65,625,340.72,29.2192,184.96959999999993,340.72,480.0,0.0016,1.0,28.72,184.72,340.72
65,65,650,354.3488,30.368000000000002,192.35839999999996,354.3488,480.0,0.0015384615384615385,1.0,29.8688,192.1088,354.3488
65,65,675,367.9776,31.5168,199.74719999999994,367.9776,480.0,0.0014814814814814814,1.0,31.0176,199.4976,367.9776
65,65,700,381.6064,32.6656,207.136,381.6064,480.0,0.0014285714285714286,1.0,32.1664,206.8864,381.6064
66,66,0,0.0,0.0,0.0,0.0,480.0,0.0,1.0,0.0,0.0,0.0
66,66,25,13.8384,1.6732800000000003,7.755839999999999,13.8384,480.0,0.04,1.0,1.1664,7.5024,13.8384
66,66,50,27.6768,2.8396799999999995,15.25824,27.6768,480.0,0.02,1.0,2.3328,15.0048,27.6768
66,66,75,41.5152,4.00608,22.76064,41.5152,480.0,0.013333333333333334,1.0,3.4992,22.5072,41.5152
66,66,100,55.3536,5.17248,30.263040000000004,55.3536,480.0,0.01,1.0,4.6656,30.0096,55.3536
66,66,125,69.192,6.33888,37.76543999999999,69.192,480.0,0.008,1.0,5.832,37.512,69.192
66,66,150,83.0304,7.505280000000001,45.26784000000001,83.0304,480.0,0.006666666666666667,1.0,6.9984,45.0144,83.0304
66,66,175,96.8688,8.671680000000002,52.77024,96.8688,480.0,0.005714285714285714,1.0,8.1648,52.5168,96.8688
66,66,200,110.7072,9.83808,60.27264,110.7072,480.0,0.005,1.0,9.3312,60.0192,110.7072
66,66,225,124.5456,11.00448,67.77504,124.5456,480.0,0.0044444444444444444,1.0,10.4976,67.5216,124.5456
66,66,250,138.384,12.170880000000002,75.27744,138.384,480.0,0.004,1.0,11.664,75.024,138.384
66,66,275,152.2224,13.33728,82.77983999999996,152.2224,480.0,0.0036363636363636364,1.0,12.8304,82.5264,152.2224
66,66,300,166.0608,14.50368,90.28224,166.0608,480.0,0.0033333333333333335,1.0,13.9968,90.0288,166.0608
66,66,325,179.8992,15.670079999999997,97.78464,179.8992,480.0,0.003076923076923077,1.0,15.1632,97.5312,179.8992
66,66,350,193.7376,16.83648,105.28703999999999,193.7376,480.0,0.002857142857142857,1.0,16.3296,105.0336,193.7376
66,66,375,207.576,18.00288,112.78943999999998,207.576,480.0,0.0026666666666666666,1.0,17.496,112.536,207.576
66,66,400,221.4144,19.16928,120.29184000000002,221.4144,480.0,0.0025,1.0,18.6624,120.0384,221.4144
66,66,425,235.2528,20.335680000000004,127.79424000000002,235.2528,480.0,0.002352941176470588,1.0,19.8288,127.5408,235.2528
66,66,450,249.0912,21.502079999999996,135.29664,249.0912,480.0,0.0022222222222222222,1.0,20.9952,135.0432,249.0912
66,66,475,262.9296,22.66848,142.79904000000002,262.9296,480.0,0.002105263157894737,1.0,22.1616,142.5456,262.9296
66,66,500,276.768,23.834879999999995,150.30143999999996,276.768,480.0,0.002,1.0,23.328,150.048,276.768
66,66,525,290.6064,25.001280000000005,157.80384,290.60640000000006,480.0,0.0019047619047619048,1.0,24.4944,157.5504,290.6064
66,66,550,304.4448,26.167679999999997,165.30624,304.4448,480.0,0.0018181818181818182,1.0,25.6608,165.0528,304.4448
66,66,575,318.2832,27.334079999999997,172.80864,318.2832,480.0,0.0017391304347826088,1.0,26.8272,172.5552,318.2832
66,66,600,332.1216,28.500479999999996,180.31103999999996,332.1216,480.0,0.0016666666666666668,1.0,27.9936,180.0576,332.1216
66,66,625,345.96,29.66688,187.81343999999996,345.96,480.0,0.0016,1.0,29.16,187.56,345.96
66,66,650,359.7984,30.83328,195.31583999999998,359.7984,480.0,0.0015384615384615385,1.0,30.3264,195.0624,359.7984
66,66,675,373.6368,31.99968,202.81823999999997,373.6368,480.0,0.0014814814814814814,1.0,31.4928,202.5648,373.6368
66,66,700,387.4752,33.16608,210.32064000000003,387.4752,480.0,0.0014285714285714286,1.0,32.6592,210.0672,387.4752
67,67,0,0.0,0.0,0.0,0.0,480.0,0.0,1.0,0.0,0.0,0.0
67,67,25,14.048,1.6985600000000003,7.873279999999999,14.048,480.0,0.04,1.0,1.184,7.616,14.048
67,67,50,28.096,2.88256,15.489280000000003,28.096,480.0,0.02,1.0,2.368,15.232,28.096
67,67,75,42.144,4.06656,23.105279999999997,42.144,480.0,0.013333333333333334,1.0,3.552,22.848,42.144
67,67,100,56.192,5.25056,30.721280000000004,56.192,480.0,0.01,1.0,4.736,30.464,56.192
67,67,125,70.24,6.43456,38.33727999999999,70.24,480.0,0.008,1.0,5.92,38.08,70.24
67,67,150,84.288,7.61856,45.95328,84.288,480.0,0.006666666666666667,1.0,7.104,45.696,84.288
67,67,175,98.336,8.80256,53.56927999999999,98.336,480.0,0.005714285714285714,1.0,8.288,53.312,98.336
67,67,200,112.384,9.98656,61.18527999999999,112.384,480.0,0.005,1.0,9.472,60.928,112.384
67,67,225,126.432,11.17056,68.80128,126.432,480.0,0.0044444444444444444,1.0,10.656,68.544,126.432
67,67,250,140.48,12.354560000000001,76.41728000000002,140.48,480.0,0.004,1.0,11.84,76.16,140.48
67,67,275,154.528,13.538559999999999,84.03327999999999,154.528,480.0,0.0036363636363636364,1.0,13.024,83.776,154.528
67,67,300,168.576,14.722560000000001,91.64928000000002,168.576,480.0,0.0033333333333333335,1.0,14.208,91.392,168.576
67,67,325,182.624,15.906559999999999,99.26528,182.624,480.0,0.003076923076923077,1.0,15.392,99.008,182.624
67,67,350,196.672,17.09056,106.88127999999999,196.672,480.0,0.002857142857142857,1.0,16.576,106.624,196.672
67,67,375,210.72,18.27456,114.49727999999999,210.72,480.0,0.0026666666666666666,1.0,17.76,114.24,210.72
67,67,400,224.768,19.45856,122.11328,224.768,480.0,0.0025,1.0,18.944,121.856,224.768
67,67,425,238.816,20.642560000000003,129.72928000000002,238.816,480.0,0.002352941176470588,1.0,20.128,129.472,238.816
67,67,450,252.864,21.826559999999997,137.34528,252.864,480.0,0.0022222222222222222,1.0,21.312,137.088,252.864
67,67,475,266.912,23.010559999999995,144.96128000000002,266.912,480.0,0.002105263157894737,1.0,22.496,144.704,266.912
67,67,500,280.96,24.194559999999996,152.57727999999997,280.96,480.0,0.002,1.0,23.68,152.32,280.96
67,67,525,295.008,25.378560000000004,160.19327999999996,295.00800000000004,480.0,0.0019047619047619048,1.0,24.864,159.936,295.008
67,67,550,309.056,26.562559999999998,167.80928,309.056,480.0,0.0018181818181818182,1.0,26.048,167.552,309.056
67,67,575,323.104,27.746559999999995,175.42527999999996,323.104,480.0,0.0017391304347826088,1.0,27.232,175.168,323.104
67,67,600,337.152,28.93056,183.04128,337.152,480.0,0.0016666666666666668,1.0,28.416,182.784,337.152
67,67,625,351.2,30.11456,190.65727999999993,351.2,480.0,0.0016,1.0,29.6,190.4,351.2
67,67,650,365.248,31.298560000000005,198.27327999999997,365.248,480.0,0.0015384615384615385,1.0,30.784,198.016,365.248
67,67,675,379.296,32.48256,205.88927999999993,379.296,480.0,0.0014814814814814814,1.0,31.968,205.632,379.296
67,67,700,393.344,33.66656,213.50528,393.344,480.0,0.0014285714285714286,1.0,33.152,213.248,393.344
68,68,0,0.0,0.0,0.0,0.0,480.0,0.0,1.0,0.0,0.0,0.0
68,68,25,14.2576,1.7238400000000003,7.99072,14.2576,480.0,0.04,1.0,1.2016,7.7296,14.2576
68,68,50,28.5152,2.92544,15.720320000000003,28.5152,480.0,0.02,1.0,2.4032,15.4592,28.5152
68,68,75,42.7728,4.12704,23.44992,42.7728,480.0,0.013333333333333334,1.0,3.6048,23.1888,42.7728
68,68,100,57.0304,5.328639999999999,31.17952,57.0304,480.0,0.01,1.0,4.8064,30.9184,57.0304
68,68,125,71.288,6.530240000000001,38.909119999999994,71.288,480.0,0.008,1.0,6.008,38.648,71.288
68,68,150,85.5456,7.731840000000001,46.638720000000006,85.5456,480.0,0.006666666666666667,1.0,7.2096,46.3776,85.5456
68,68,175,99.8032,8.93344,54.36832,99.8032,480.0,0.005714285714285714,1.0,8.4112,54.1072,99.8032
68,68,200,114.0608,10.13504,62.097919999999995,114.0608,480.0,0.005,1.0,9.6128,61.8368,114.0608
68,68,225,128.3184,11.33664,69.82752,128.3184,480.0,0.0044444444444444444,1.0,10.8144,69.5664,128.3184
68,68,250,142.576,12.53824,77.55712000000001,142.576,480.0,0.004,1.0,12.016,77.296,142.576
68,68,275,156.8336,13.73984,85.28671999999999,156.8336,480.0,0.0036363636363636364,1.0,13.2176,85.0256,156.8336
68,68,300,171.0912,14.94144,93.01632,171.0912,480.0,0.0033333333333333335,1.0,14.4192,92.7552,171.0912
68,68,325,185.3488,16.14304,100.74592,185.3488,480.0,0.003076923076923077,1.0,15.6208,100.4848,185.3488
68,68,350,199.6064,17.34464,108.47551999999999,199.6064,480.0,0.002857142857142857,1.0,16.8224,108.2144,199.6064
68,68,375,213.864,18.54624,116.20512,213.864,480.0,0.0026666666666666666,1.0,18.024,115.944,213.864
68,68,400,228.1216,19.747840000000004,123.93472000000001,228.1216,480.0,0.0025,1.0,19.2256,123.6736,228.1216
68,68,425,242.3792,20.94944,131.66432000000003,242.3792,480.0,0.002352941176470588,1.0,20.4272,131.4032,242.3792
68,68,450,256.6368,22.151039999999995,139.39392000000004,256.6368,480.0,0.0022222222222222222,1.0,21.6288,139.1328,256.6368
68,68,475,270.8944,23.352639999999997,147.12352000000004,270.8944,480.0,0.002105263157894737,1.0,22.8304,146.8624,270.8944
68,68,500,285.152,24.554239999999997,154.85311999999996,285.152,480.0,0.002,1.0,24.032,154.592,285.152
68,68,525,299.4096,25.755840000000003,162.58272,299.40960000000007,480.0,0.0019047619047619048,1.0,25.2336,162.3216,299.4096
68,68,550,313.6672,26.957439999999995,170.31232,313.6672,480.0,0.0018181818181818182,1.0,26.4352,170.0512,313.6672
68,68,575,327.9248,28.159039999999997,178.04192,327.9248,480.0,0.0017391304347826088,1.0,27.6368,177.7808,327.9248
68,68,600,342.1824,29.360639999999997,185.77151999999998,342.1824,480.0,0.0016666666666666668,1.0,28.8384,185.5104,342.1824
68,68,625,356.44,30.56224,193.50111999999996,356.44,480.0,0.0016,1.0,30.04,193.24,356.44
68,68,650,370.6976,31.763840000000005,201.23071999999996,370.6976,480.0,0.0015384615384615385,1.0,31.2416,200.9696,370.6976
68,68,675,384.9552,32.96544,208.96031999999997,384.9552,480.0,0.0014814814814814814,1.0,32.4432,208.6992,384.9552
68,68,700,399.2128,34.16704,216.68992000000003,399.2128,480.0,0.0014285714285714286,1.0,33.6448,216.4288,399.2128
69,69,0,0.0,0.0,0.0,0.0,480.0,0.0,1.0,0.0,0.0,0.0
69,69,25,14.4672,1.74912,8.10816,14.4672,480.0,0.04,1.0,1.2192,7.8432,14.4672
69,69,50,28.9344,2.9683199999999994,15.95136,28.9344,480.0,0.02,1.0,2.4384,15.6864,28.9344
69,69,75,43.4016,4.18752,23.79456,43.4016,480.0,0.013333333333333334,1.0,3.6576,23.5296,43.4016
69,69,100,57.8688,5.40672,31.637760000000004,57.8688,480.0,0.01,1.0,4.8768,31.3728,57.8688
69,69,125,72.336,6.62592,39.480959999999996,72.336,480.0,0.008,1.0,6.096,39.216,72.336
69,69,150,86.8032,7.84512,47.32416,86.8032,480.0,0.006666666666666667,1.0,7.3152,47.0592,86.8032
69,69,175,101.2704,9.064320000000002,55.167359999999995,101.2704,480.0,0.005714285714285714,1.0,8.5344,54.9024,101.2704
69,69,200,115.7376,10.28352,63.01056,115.7376,480.0,0.005,1.0,9.7536,62.7456,115.7376
69,69,225,130.2048,11.50272,70.85376,130.2048,480.0,0.0044444444444444444,1.0,10.9728,70.5888,130.2048
69,69,250,144.672,12.72192,78.69696,144.672,480.0,0.004,1.0,12.192,78.432,144.672
69,69,275,159.1392,13.941119999999998,86.54015999999999,159.1392,480.0,0.0036363636363636364,1.0,13.4112,86.2752,159.1392
69,69,300,173.6064,15.16032,94.38336,173.6064,480.0,0.0033333333333333335,1.0,14.6304,94.1184,173.6064
69,69,325,188.0736,16.37952,102.22656,188.0736,480.0,0.003076923076923077,1.0,15.8496,101.9616,188.0736
69,69,350,202.5408,17.598719999999997,110.06976,202.5408,480.0,0.002857142857142857,1.0,17.0688,109.8048,202.5408
69,69,375,217.008,18.81792,117.91296,217.008,480.0,0.0026666666666666666,1.0,18.288,117.648,217.008
69,69,400,231.4752,20.03712,125.75616000000001,231.4752,480.0,0.0025,1.0,19.5072,125.4912,231.4752
69,69,425,245.9424,21.25632,133.59936000000002,245.9424,480.0,0.002352941176470588,1.0,20.7264,133.3344,245.9424
69,69,450,260.4096,22.47552,141.44256000000004,260.4096,480.0,0.0022222222222222222,1.0,21.9456,141.1776,260.4096
69,69,475,274.8768,23.69472,149.28576000000004,274.8768,480.0,0.002105263157894737,1.0,23.1648,149.0208,274.8768
69,69,500,289.344,24.91392,157.12896,289.344,480.0,0.002,1.0,24.384,156.864,289.344
69,69,525,303.8112,26.13312,164.97216,303.81120000000004,480.0,0.0019047619047619048,1.0,25.6032,164.7072,303.8112
69,69,550,318.2784,27.35232,172.81536000000003,318.2784,480.0,0.0018181818181818182,1.0,26.8224,172.5504,318.2784
69,69,575,332.7456,28.571519999999996,180.65856,332.7456,480.0,0.0017391304347826088,1.0,28.0416,180.3936,332.7456
69,69,600,347.2128,29.79072,188.50176,347.2128,480.0,0.0016666666666666668,1.0,29.2608,188.2368,347.2128
69,69,625,361.68,31.009920000000005,196.34495999999996,361.68,480.0,0.0016,1.0,30.48,196.08,361.68
69,69,650,376.1472,32.22912,204.18815999999998,376.1472,480.0,0.0015384615384615385,1.0,31.6992,203.9232,376.1472
69,69,675,390.6144,33.44832,212.03135999999998,390.6144,480.0,0.0014814814814814814,1.0,32.9184,211.7664,390.6144
69,69,700,405.0816,34.66752,219.87456000000003,405.0816,480.0,0.0014285714285714286,1.0,34.1376,219.6096,405.0816
70,70,0,0.0,0.0,0.0,0.0,480.0,0.0,1.0,0.0,0.0,0.0
70,70,25,14.6768,1.7744,8.225599999999998,14.6768,480.0,0.04,1.0,1.2368,7.9568,14.6768
70,70,50,29.3536,3.0111999999999997,16.1824,29.3536,480.0,0.02,1.0,2.4736,15.9136,29.3536
70,70,75,44.0304,4.248,24.1392,44.0304,480.0,0.013333333333333334,1.0,3.7104,23.8704,44.0304
70,70,100,58.7072,5.4848,32.09600000000001,58.7072,480.0,0.01,1.0,4.9472,31.8272,58.7072
70,70,125,73.384,6.7216,40.05279999999999,73.384,480.0,0.008,1.0,6.184,39.784,73.384
70,70,150,88.0608,7.9584,48.0096,88.0608,480.0,0.006666666666666667,1.0,7.4208,47.7408,88.0608
70,70,175,102.7376,9.195200000000002,55.9664,102.7376,480.0,0.005714285714285714,1.0,8.6576,55.6976,102.7376
70,70,200,117.4144,10.432,63.9232,117.4144,480.0,0.005,1.0,9.8944,63.6544,117.4144
70,70,225,132.0912,11.6688,71.88,132.0912,480.0,0.0044444444444444444,1.0,11.1312,71.6112,132.0912
70,70,250,146.768,12.9056,79.83680000000001,146.768,480.0,0.004,1.0,12.368,79.568,146.768
70,70,275,161.4448,14.1424,87.79359999999998,161.4448,480.0,0.0036363636363636364,1.0,13.6048,87.5248,161.4448
70,70,300,176.1216,15.3792,95.7504,176.1216,480.0,0.0033333333333333335,1.0,14.8416,95.4816,176.1216
70,70,325,190.7984,16.616,103.7072,190.7984,480.0,0.003076923076923077,1.0,16.0784,103.4384,190.7984
70,70,350,205.4752,17.852799999999995,111.66399999999999,205.4752,480.0,0.002857142857142857,1.0,17.3152,111.3952,205.4752
70,70,375,220.152,19.0896,119.6208,220.152,480.0,0.0026666666666666666,1.0,18.552,119.352,220.152
70,70,400,234.8288,20.3264,127.5776,234.8288,480.0,0.0025,1.0,19.7888,127.3088,234.8288
70,70,425,249.5056,21.563200000000005,135.53440000000003,249.5056,480.0,0.002352941176470588,1.0,21.0256,135.2656,249.5056
70,70,450,264.1824,22.8,143.49120000000002,264.1824,480.0,0.0022222222222222222,1.0,22.2624,143.2224,264.1824
70,70,475,278.8592,24.036799999999996,151.448,278.8592,480.0,0.002105263157894737,1.0,23.4992,151.1792,278.8592
70,70,500,293.536,25.273599999999995,159.4048,293.536,480.0,0.002,1.0,24.736,159.136,293.536
70,70,525,308.2128,26.510400000000004,167.3616,308.2128000000001,480.0,0.0019047619047619048,1.0,25.9728,167.0928,308.2128
70,70,550,322.8896,27.747199999999996,175.3184,322.8896,480.0,0.0018181818181818182,1.0,27.2096,175.0496,322.8896
70,70,575,337.5664,28.984,183.27519999999998,337.5664,480.0,0.0017391304347826088,1.0,28.4464,183.0064,337.5664
70,70,600,352.2432,30.2208,191.232,352.2432,480.0,0.0016666666666666668,1.0,29.6832,190.9632,352.2432
70,70,625,366.92,31.457600000000003,199.18879999999996,366.92,480.0,0.0016,1.0,30.92,198.92,366.92
70,70,650,381.5968,32.6944,207.1456,381.5968,480.0,0.0015384615384615385,1.0,32.1568,206.8768,381.5968
70,70,675,396.2736,33.93119999999999,215.10239999999993,396.2736,480.0,0.0014814814814814814,1.0,33.3936,214.8336,396.2736
70,70,700,410.9504,35.168,223.0592,410.9504,480.0,0.0014285714285714286,1.0,34.6304,222.7904,410.9504
71,71,0,0.0,0.0,0.0,0.0,480.0,0.0,1.0,0.0,0.0,0.0
71,71,25,14.8864,1.79968,8.343039999999998,14.8864,480.0,0.04,1.0,1.2544,8.0704,14.8864
71,71,50,29.7728,3.0540799999999995,16.41344,29.7728,480.0,0.02,1.0,2.5088,16.1408,29.7728
71,71,75,44.6592,4.30848,24.48384,44.6592,480.0,0.013333333333333334,1.0,3.7632,24.2112,44.6592
71,71,100,59.5456,5.56288,32.55424000000001,59.5456,480.0,0.01,1.0,5.0176,32.2816,59.5456
71,71,125,74.432,6.817280000000001,40.62463999999999,74.432,480.0,0.008,1.0,6.272,40.352,74.432
71,71,150,89.3184,8.07168,48.695040000000006,89.3184,480.0,0.006666666666666667,1.0,7.5264,48.4224,89.3184
71,71,175,104.2048,9.32608,56.76543999999999,104.2048,480.0,0.005714285714285714,1.0,8.7808,56.4928,104.2048
71,71,200,119.0912,10.58048,64.83584,119.0912,480.0,0.005,1.0,10.0352,64.5632,119.0912
71,71,225,133.9776,11.83488,72.90624,133.9776,480.0,0.0044444444444444444,1.0,11.2896,72.6336,133.9776
71,71,250,148.864,13.08928,80.97664000000002,148.864,480.0,0.004,1.0,12.544,80.704,148.864
71,71,275,163.7504,14.343679999999997,89.04703999999997,163.7504,480.0,0.0036363636363636364,1.0,13.7984,88.7744,163.7504
71,71,300,178.6368,15.59808,97.11744,178.6368,480.0,0.0033333333333333335,1.0,15.0528,96.8448,178.6368
71,71,325,193.5232,16.85248,105.18784,193.5232,480.0,0.003076923076923077,1.0,16.3072,104.9152,193.5232
71,71,350,208.4096,18.106879999999997,113.25823999999999,208.4096,480.0,0.002857142857142857,1.0,17.5616,112.9856,208.4096
71,71,375,223.296,19.36128,121.32863999999998,223.296,480.0,0.0026666666666666666,1.0,18.816,121.056,223.296
71,71,400,238.1824,20.61568,129.39904,238.1824,480.0,0.0025,1.0,20.0704,129.1264,238.1824
71,71,425,253.0688,21.870080000000005,137.46944000000002,253.0688,480.0,0.002352941176470588,1.0,21.3248,137.1968,253.0688
71,71,450,267.9552,23.12448,145.53984,267.9552,480.0,0.0022222222222222222,1.0,22.5792,145.2672,267.9552
71,71,475,282.8416,24.378879999999995,153.61024,282.8416,480.0,0.002105263157894737,1.0,23.8336,153.3376,282.8416
71,71,500,297.728,25.633279999999996,161.68063999999998,297.728,480.0,0.002,1.0,25.088,161.408,297.728
71,71,525,312.6144,26.887680000000003,169.75104,312.61440000000005,480.0,0.0019047619047619048,1.0,26.3424,169.4784,312.6144
71,71,550,327.5008,28.142079999999996,177.82144,327.5008,480.0,0.0018181818181818182,1.0,27.5968,177.5488,327.5008
71,71,575,342.3872,29.39648,185.89183999999997,342.3872,480.0,0.0017391304347826088,1.0,28.8512,185.6192,342.3872
71,71,600,357.2736,30.650879999999997,193.96223999999998,357.2736,480.0,0.0016666666666666668,1.0,30.1056,193.6896,357.2736
71,71,625,372.16,31.905280000000005,202.03263999999996,372.16,480.0,0.0016,1.0,31.36,201.76,372.16
71,71,650,387.0464,33.15968,210.10303999999996,387.0464,480.0,0.0015384615384615385,1.0,32.6144,209.8304,387.0464
71,71,675,401.9328,34.41408,218.17343999999997,401.9328,480.0,0.0014814814814814814,1.0,33.8688,217.9008,401.9328
71,71,700,416.8192,35.66848,226.24384000000003,416.8192,480.0,0.0014285714285714286,1.0,35.1232,225.9712,416.8192
72,72,0,0.0,0.0,0.0,0.0,480.0,0.0,1.0,0.0,0.0,0.0
72,72,25,15.096,1.8249600000000001,8.460479999999999,15.096,480.0,0.04,1.0,1.272,8.184,15.096
72,72,50,30.192,3.09696,16.64448,30.192,480.0,0.02,1.0,2.544,16.368,30.192
72,72,75,45.288,4.36896,24.828479999999995,45.288,480.0,0.013333333333333334,1.0,3.816,24.552,45.288
72,72,100,60.384,5.64096,33.012480000000004,60.384,480.0,0.01,1.0,5.088,32.736,60.384
72,72,125,75.48,6.912960000000001,41.196479999999994,75.48,480.0,0.008,1.0,6.36,40.92,75.48
72,72,150,90.576,8.18496,49.38048,90.576,480.0,0.006666666666666667,1.0,7.632,49.104,90.576
72,72,175,105.672,9.45696,57.56448,105.672,480.0,0.005714285714285714,1.0,8.904,57.288,105.672
72,72,200,120.768,10.72896,65.74847999999999,120.768,480.0,0.005,1.0,10.176,65.472,120.768
72,72,225,135.864,12.00096,73.93248,135.864,480.0,0.0044444444444444444,1.0,11.448,73.656,135.864
72,72,250,150.96,13.272960000000001,82.11648000000001,150.96,480.0,0.004,1.0,12.72,81.84,150.96
72,72,275,166.056,14.54496,90.30047999999998,166.056,480.0,0.0036363636363636364,1.0,13.992,90.024,166.056
72,72,300,181.152,15.816960000000002,98.48448000000002,181.152,480.0,0.0033333333333333335,1.0,15.264,98.208,181.152
72,72,325,196.248,17.088959999999997,106.66848,196.248,480.0,0.003076923076923077,1.0,16.536,106.392,196.248
72,72,350,211.344,18.360959999999995,114.85247999999999,211.344,480.0,0.002857142857142857,1.0,17.808,114.576,211.344
72,72,375,226.44,19.63296,123.03647999999998,226.44,480.0,0.0026666666666666666,1.0,19.08,122.76,226.44
72,72,400,241.536,20.90496,131.22048,241.536,480.0,0.0025,1.0,20.352,130.944,241.536
72,72,425,256.632,22.17696,139.40448000000004,256.632,480.0,0.002352941176470588,1.0,21.624,139.128,256.632
72,72,450,271.728,23.448959999999996,147.58848,271.728,480.0,0.0022222222222222222,1.0,22.896,147.312,271.728
72,72,475,286.824,24.72096,155.77248,286.824,480.0,0.002105263157894737,1.0,24.168,155.496,286.824
72,72,500,301.92,25.992959999999997,163.95647999999997,301.92,480.0,0.002,1.0,25.44,163.68,301.92
72,72,525,317.016,27.26496,172.14048,317.0160000000001,480.0,0.0019047619047619048,1.0,26.712,171.864,317.016
72,72,550,332.112,28.536959999999997,180.32448,332.112,480.0,0.0018181818181818182,1.0,27.984,180.048,332.112
72,72,575,347.208,29.808959999999995,188.50847999999996,347.208,480.0,0.0017391304347826088,1.0,29.256,188.232,347.208
72,72,600,362.304,31.08096,196.69248,362.304,480.0,0.0016666666666666668,1.0,30.528,196.416,362.304
72,72,625,377.4,32.35296,204.87647999999996,377.4,480.0,0.0016,1.0,31.8,204.6,377.4
72,72,650,392.496,33.62496,213.06048,392.496,480.0,0.0015384615384615385,1.0,33.072,212.784,392.496
72,72,675,407.592,34.89696,221.24447999999995,407.592,480.0,0.0014814814814814814,1.0,34.344,220.968,407.592
72,72,700,422.688,36.16896,229.42848,422.688,480.0,0.0014285714285714286,1.0,35.616,229.152,422.688
73,73,0,0.0,0.0,0.0,0.0,480.0,0.0,1.0,0.0,0.0,0.0
73,73,25,15.3056,1.8502400000000003,8.57792,15.3056,480.0,0.04,1.0,1.2896,8.2976,15.3056
73,73,50,30.6112,3.13984,16.87552,30.6112,480.0,0.02,1.0,2.5792,16.5952,30.6112
73,73,75,45.9168,4.42944,25.17312,45.9168,480.0,0.013333333333333334,1.0,3.8688,24.8928,45.9168
73,73,100,61.2224,5.719039999999999,33.47072,61.2224,480.0,0.01,1.0,5.1584,33.1904,61.2224
73,73,125,76.528,7.00864,41.768319999999996,76.528,480.0,0.008,1.0,6.448,41.488,76.528
73,73,150,91.8336,8.298240000000002,50.065920000000006,91.8336,480.0,0.006666666666666667,1.0,7.7376,49.7856,91.8336
73,73,175,107.1392,9.58784,58.363519999999994,107.1392,480.0,0.005714285714285714,1.0,9.0272,58.0832,107.1392
73,73,200,122.4448,10.87744,66.66112,122.4448,480.0,0.005,1.0,10.3168,66.3808,122.4448
73,73,225,137.7504,12.16704,74.95872,137.7504,480.0,0.0044444444444444444,1.0,11.6064,74.6784,137.7504
73,73,250,153.056,13.456640000000002,83.25632,153.056,480.0,0.004,1.0,12.896,82.976,153.056
73,73,275,168.3616,14.746239999999998,91.55391999999999,168.3616,480.0,0.0036363636363636364,1.0,14.1856,91.2736,168.3616
73,73,300,183.6672,16.03584,99.85152,183.6672,480.0,0.0033333333333333335,1.0,15.4752,99.5712,183.6672
73,73,325,198.9728,17.325439999999997,108.14912,198.9728,480.0,0.003076923076923077,1.0,16.7648,107.8688,198.9728
73,73,350,214.2784,18.61504,116.44672,214.2784,480.0,0.002857142857142857,1.0,18.0544,116.1664,214.2784
73,73,375,229.584,19.90464,124.74431999999999,229.584,480.0,0.0026666666666666666,1.0,19.344,124.464,229.584
73,73,400,244.8896,21.194240000000004,133.04192,244.8896,480.0,0.0025,1.0,20.6336,132.7616,244.8896
73,73,425,260.1952,22.48384,141.33952000000002,260.1952,480.0,0.002352941176470588,1.0,21.9232,141.0592,260.1952
73,73,450,275.5008,23.773439999999997,149.63712,275.5008,480.0,0.0022222222222222222,1.0,23.2128,149.3568,275.5008
73,73,475,290.8064,25.063039999999997,157.93472,290.8064,480.0,0.002105263157894737,1.0,24.5024,157.6544,290.8064
73,73,500,306.112,26.352639999999997,166.23231999999996,306.112,480.0,0.002,1.0,25.792,165.952,306.112
73,73,525,321.4176,27.64224,174.52992,321.41760000000005,480.0,0.0019047619047619048,1.0,27.0816,174.2496,321.4176
73,73,550,336.7232,28.93184,182.82752,336.7232,480.0,0.0018181818181818182,1.0,28.3712,182.5472,336.7232
73,73,575,352.0288,30.221439999999998,191.12512,352.0288,480.0,0.0017391304347826088,1.0,29.6608,190.8448,352.0288
73,73,600,367.3344,31.511039999999998,199.42271999999997,367.3344,480.0,0.0016666666666666668,1.0,30.9504,199.1424,367.3344
73,73,625,382.64,32.80064,207.72031999999996,382.64,480.0,0.0016,1.0,32.24,207.44,382.64
73,73,650,397.9456,34.09024000000001,216.01791999999998,397.9456,480.0,0.0015384615384615385,1.0,33.5296,215.7376,397.9456
73,73,675,413.2512,35.37984,224.31551999999996,413.2512,480.0,0.0014814814814814814,1.0,34.8192,224.0352,413.2512
73,73,700,428.5568,36.669439999999994,232.61312,428.5568,480.0,0.0014285714285714286,1.0,36.1088,232.3328,428.5568
74,74,0,0.0,0.0,0.0,0.0,480.0,0.0,1.0,0.0,0.0,0.0
74,74,25,15.5152,1.87552,8.69536,15.5152,480.0,0.04,1.0,1.3072,8.4112,15.5152
74,74,50,31.0304,3.1827199999999993,17.10656,31.0304,480.0,0.02,1.0,2.6144,16.8224,31.0304
74,74,75,46.5456,4.48992,25.51776,46.5456,480.0,0.013333333333333334,1.0,3.9216,25.2336,46.5456
74,74,100,62.0608,5.79712,33.92896,62.0608,480.0,0.01,1.0,5.2288,33.6448,62.0608
74,74,125,77.576,7.104320000000001,42.34015999999999,77.576,480.0,0.008,1.0,6.536,42.056,77.576
74,74,150,93.0912,8.41152,50.75136,93.0912,480.0,0.006666666666666667,1.0,7.8432,50.4672,93.0912
74,74,175,108.6064,9.718720000000001,59.16256,108.6064,480.0,0.005714285714285714,1.0,9.1504,58.8784,108.6064
74,74,200,124.1216,11.02592,67.57376,124.1216,480.0,0.005,1.0,10.4576,67.2896,124.1216
74,74,225,139.6368,12.33312,75.98496,139.6368,480.0,0.0044444444444444444,1.0,11.7648,75.7008,139.6368
74,74,250,155.152,13.64032,84.39616,155.152,480.0,0.004,1.0,13.072,84.112,155.152
74,74,275,170.6672,14.94752,92.80735999999999,170.6672,480.0,0.0036363636363636364,1.0,14.3792,92.5232,170.6672
74,74,300,186.1824,16.25472,101.21856,186.1824,480.0,0.0033333333333333335,1.0,15.6864,100.9344,186.1824
74,74,325,201.6976,17.561919999999997,109.62976000000002,201.6976,480.0,0.003076923076923077,1.0,16.9936,109.3456,201.6976
74,74,350,217.2128,18.86912,118.04095999999998,217.2128,480.0,0.002857142857142857,1.0,18.3008,117.7568,217.2128
74,74,375,232.728,20.17632,126.45216,232.728,480.0,0.0026666666666666666,1.0,19.608,126.168,232.728
74,74,400,248.2432,21.48352,134.86336,248.2432,480.0,0.0025,1.0,20.9152,134.5792,248.2432
74,74,425,263.7584,22.790720000000004,143.27456000000004,263.7584,480.0,0.002352941176470588,1.0,22.2224,142.9904,263.7584
74,74,450,279.2736,24.097919999999995,151.68576,279.2736,480.0,0.0022222222222222222,1.0,23.5296,151.4016,279.2736
74,74,475,294.7888,25.405119999999997,160.09696,294.7888,480.0,0.002105263157894737,1.0,24.8368,159.8128,294.7888
74,74,500,310.304,26.712319999999995,168.50815999999998,310.304,480.0,0.002,1.0,26.144,168.224,310.304
74,74,525,325.8192,28.019520000000004,176.91936,325.8192000000001,480.0,0.0019047619047619048,1.0,27.4512,176.6352,325.8192
74,74,550,341.3344,29.326719999999995,185.33056,341.3344,480.0,0.0018181818181818182,1.0,28.7584,185.0464,341.3344
74,74,575,356.8496,30.633919999999996,193.74176,356.8496,480.0,0.0017391304347826088,1.0,30.0656,193.4576,356.8496
74,74,600,372.3648,31.94112,202.15296,372.3648,480.0,0.0016666666666666668,1.0,31.3728,201.8688,372.3648
74,74,625,387.88,33.24832,210.56415999999996,387.88,480.0,0.0016,1.0,32.68,210.28,387.88
74,74,650,403.3952,34.55552,218.97536,403.3952,480.0,0.0015384615384615385,1.0,33.9872,218.6912,403.3952
74,74,675,418.9104,35.86272,227.38655999999995,418.9104,480.0,0.0014814814814814814,1.0,35.2944,227.1024,418.9104
74,74,700,434.4256,37.16991999999999,235.79776000000004,434.4256,480.0,0.0014285714285714286,1.0,36.6016,235.5136,434.4256
75,75,0,0.0,0.0,0.0,0.0,480.0,0.0,1.0,0.0,0.0,0.0
75,75,25,15.7248,1.9008,8.812799999999998,15.7248,480.0,0.04,1.0,1.3248,8.5248,15.7248
75,75,50,31.4496,3.2255999999999996,17.3376,31.4496,480.0,0.02,1.0,2.6496,17.0496,31.4496
75,75,75,47.1744,4.5504,25.8624,47.1744,480.0,0.013333333333333334,1.0,3.9744,25.5744,47.1744
75,75,100,62.8992,5.8752,34.38720000000001,62.8992,480.0,0.01,1.0,5.2992,34.0992,62.8992
75,75,125,78.624,7.200000000000001,42.91199999999999,78.624,480.0,0.008,1.0,6.624,42.624,78.624
75,75,150,94.3488,8.5248,51.4368,94.3488,480.0,0.006666666666666667,1.0,7.9488,51.1488,94.3488
75,75,175,110.0736,9.849600000000002,59.96159999999999,110.0736,480.0,0.005714285714285714,1.0,9.2736,59.6736,110.0736
75,75,200,125.7984,11.1744,68.4864,125.7984,480.0,0.005,1.0,10.5984,68.1984,125.7984
75,75,225,141.5232,12.4992,77.0112,141.5232,480.0,0.0044444444444444444,1.0,11.9232,76.7232,141.5232
75,75,250,157.248,13.824,85.53600000000002,157.248,480.0,0.004,1.0,13.248,85.248,157.248
75,75,275,172.9728,15.148799999999998,94.06079999999999,172.9728,480.0,0.0036363636363636364,1.0,14.5728,93.7728,172.9728
75,75,300,188.6976,16.4736,102.5856,188.6976,480.0,0.0033333333333333335,1.0,15.8976,102.2976,188.6976
75,75,325,204.4224,17.7984,111.11039999999998,204.4224,480.0,0.003076923076923077,1.0,17.2224,110.8224,204.4224
75,75,350,220.1472,19.1232,119.63519999999998,220.1472,480.0,0.002857142857142857,1.0,18.5472,119.3472,220.1472
75,75,375,235.872,20.448,128.16,235.872,480.0,0.0026666666666666666,1.0,19.872,127.872,235.872
75,75,400,251.5968,21.7728,136.6848,251.5968,480.0,0.0025,1.0,21.1968,136.3968,251.5968
75,75,425,267.3216,23.0976,145.20960000000002,267.3216,480.0,0.002352941176470588,1.0,22.5216,144.9216,267.3216
75,75,450,283.0464,24.422399999999996,153.73440000000002,283.0464,480.0,0.0022222222222222222,1.0,23.8464,153.4464,283.0464
75,75,475,298.7712,25.7472,162.2592,298.7712,480.0,0.002105263157894737,1.0,25.1712,161.9712,298.7712
75,75,500,314.496,27.071999999999996,170.78399999999996,314.496,480.0,0.002,1.0,26.496,170.496,314.496
75,75,525,330.2208,28.396800000000002,179.3088,330.22080000000005,480.0,0.0019047619047619048,1.0,27.8208,179.0208,330.2208
75,75,550,345.9456,29.721599999999995,187.8336,345.9456,480.0,0.0018181818181818182,1.0,29.1456,187.5456,345.9456
75,75,575,361.6704,31.046399999999995,196.35839999999996,361.6704,480.0,0.0017391304347826088,1.0,30.4704,196.0704,361.6704
75,75,600,377.3952,32.3712,204.8832,377.3952,480.0,0.0016666666666666668,1.0,31.7952,204.5952,377.3952
75,75,625,393.12,33.696,213.40799999999996,393.12,480.0,0.0016,1.0,33.12,213.12,393.12
75,75,650,408.8448,35.0208,221.93279999999996,408.8448,480.0,0.0015384615384615385,1.0,34.4448,221.6448,408.8448
75,75,675,424.5696,36.3456,230.45759999999993,424.5696,480.0,0.0014814814814814814,1.0,35.7696,230.1696,424.5696
75,75,700,440.2944,37.6704,238.9824,440.2944,480.0,0.0014285714285714286,1.0,37.0944,238.6944,440.2944
76,76,0,0.0,0.0,0.0,0.0,480.0,0.0,1.0,0.0,0.0,0.0
76,76,25,15.9344,1.92608,8.93024,15.9344,480.0,0.04,1.0,1.3424,8.6384,15.9344
76,76,50,31.8688,3.2684799999999994,17.56864,31.8688,480.0,0.02,1.0,2.6848,17.2768,31.8688
76,76,75,47.8032,4.61088,26.20704,47.8032,480.0,0.013333333333333334,1.0,4.0272,25.9152,47.8032
76,76,100,63.7376,5.95328,34.84544,63.7376,480.0,0.01,1.0,5.3696,34.5536,63.7376
76,76,125,79.672,7.29568,43.48384,79.672,480.0,0.008,1.0,6.712,43.192,79.672
76,76,150,95.6064,8.63808,52.122240000000005,95.6064,480.0,0.006666666666666667,1.0,8.0544,51.8304,95.6064
76,76,175,111.5408,9.98048,60.76064,111.5408,480.0,0.005714285714285714,1.0,9.3968,60.4688,111.5408
76,76,200,127.4752,11.32288,69.39904,127.4752,480.0,0.005,1.0,10.7392,69.1072,127.4752
76,76,225,143.4096,12.66528,78.03744,143.4096,480.0,0.0044444444444444444,1.0,12.0816,77.7456,143.4096
76,76,250,159.344,14.00768,86.67584000000001,159.344,480.0,0.004,1.0,13.424,86.384,159.344
76,76,275,175.2784,15.35008,95.31423999999997,175.2784,480.0,0.0036363636363636364,1.0,14.7664,95.0224,175.2784
76,76,300,191.2128,16.69248,103.95264,191.2128,480.0,0.0033333333333333335,1.0,16.1088,103.6608,191.2128
76,76,325,207.1472,18.034879999999998,112.59103999999998,207.1472,480.0,0.003076923076923077,1.0,17.4512,112.2992,207.1472
76,76,350,223.0816,19.377279999999995,121.22943999999998,223.0816,480.0,0.002857142857142857,1.0,18.7936,120.9376,223.0816
76,76,375,239.016,20.71968,129.86784,239.016,480.0,0.0026666666666666666,1.0,20.136,129.576,239.016
76,76,400,254.9504,22.06208,138.50624,254.9504,480.0,0.0025,1.0,21.4784,138.2144,254.9504
76,76,425,270.8848,23.40448,147.14464000000004,270.8848,480.0,0.002352941176470588,1.0,22.8208,146.8528,270.8848
76,76,450,286.8192,24.74688,155.78304000000003,286.8192,480.0,0.0022222222222222222,1.0,24.1632,155.4912,286.8192
76,76,475,302.7536,26.089279999999995,164.42144,302.7536,480.0,0.002105263157894737,1.0,25.5056,164.1296,302.7536
76,76,500,318.688,27.431679999999997,173.05983999999998,318.688,480.0,0.002,1.0,26.848,172.768,318.688
76,76,525,334.6224,28.77408,181.69824,334.6224000000001,480.0,0.0019047619047619048,1.0,28.1904,181.4064,334.6224
76,76,550,350.5568,30.116479999999996,190.33664,350.5568,480.0,0.0018181818181818182,1.0,29.5328,190.0448,350.5568
76,76,575,366.4912,31.458879999999997,198.97503999999998,366.4912,480.0,0.0017391304347826088,1.0,30.8752,198.6832,366.4912
76,76,600,382.4256,32.80128,207.61343999999997,382.4256,480.0,0.0016666666666666668,1.0,32.2176,207.3216,382.4256
76,76,625,398.36,34.14368,216.25183999999996,398.36,480.0,0.0016,1.0,33.56,215.96,398.36
76,76,650,414.2944,35.48608000000001,224.89024,414.2944,480.0,0.0015384615384615385,1.0,34.9024,224.5984,414.2944
76,76,675,430.2288,36.82848,233.52863999999997,430.2288,480.0,0.0014814814814814814,1.0,36.2448,233.2368,430.2288
76,76,700,446.1632,38.17088,242.16704,446.1632,480.0,0.0014285714285714286,1.0,37.5872,241.8752,446.1632
77,77,0,0.0,0.0,0.0,0.0,480.0,0.0,1.0,0.0,0.0,0.0
77,77,25,16.144,1.9513600000000002,9.047679999999998,16.144,480.0,0.04,1.0,1.36,8.752,16.144
77,77,50,32.288,3.311359999999999,17.79968,32.288,480.0,0.02,1.0,2.72,17.504,32.288
77,77,75,48.432,4.67136,26.551679999999998,48.432,480.0,0.013333333333333334,1.0,4.08,26.256,48.432
77,77,100,64.576,6.03136,35.30368000000001,64.576,480.0,0.01,1.0,5.44,35.008,64.576
77,77,125,80.72,7.391360000000001,44.055679999999995,80.72,480.0,0.008,1.0,6.8,43.76,80.72
77,77,150,96.864,8.75136,52.80768,96.864,480.0,0.006666666666666667,1.0,8.16,52.512,96.864
77,77,175,113.008,10.11136,61.55967999999999,113.008,480.0,0.005714285714285714,1.0,9.52,61.264,113.008
77,77,200,129.152,11.47136,70.31168,129.152,480.0,0.005,1.0,10.88,70.016,129.152
77,77,225,145.296,12.83136,79.06368,145.296,480.0,0.0044444444444444444,1.0,12.24,78.768,145.296
77,77,250,161.44,14.19136,87.81568000000001,161.44,480.0,0.004,1.0,13.6,87.52,161.44
77,77,275,177.584,15.551359999999999,96.56767999999998,177.584,480.0,0.0036363636363636364,1.0,14.96,96.272,177.584
77,77,300,193.728,16.91136,105.31968000000002,193.728,480.0,0.0033333333333333335,1.0,16.32,105.024,193.728
77,77,325,209.872,18.271359999999998,114.07167999999999,209.872,480.0,0.003076923076923077,1.0,17.68,113.776,209.872
77,77,350,226.016,19.631359999999997,122.82368,226.016,480.0,0.002857142857142857,1.0,19.04,122.528,226.016
77,77,375,242.16,20.99136,131.57568,242.16,480.0,0.0026666666666666666,1.0,20.4,131.28,242.16
77,77,400,258.304,22.35136,140.32768,258.304,480.0,0.0025,1.0,21.76,140.032,258.304
77,77,425,274.448,23.71136,149.07968000000002,274.448,480.0,0.002352941176470588,1.0,23.12,148.784,274.448
77,77,450,290.592,25.07136,157.83168000000003,290.592,480.0,0.0022222222222222222,1.0,24.48,157.536,290.592
77,77,475,306.736,26.431359999999998,166.58368,306.736,480.0,0.002105263157894737,1.0,25.84,166.288,306.736
77,77,500,322.88,27.791359999999997,175.33567999999997,322.88,480.0,0.002,1.0,27.2,175.04,322.88
77,77,525,339.024,29.15136,184.08768,339.02400000000006,480.0,0.0019047619047619048,1.0,28.56,183.792,339.024
77,77,550,355.168,30.51136,192.83968,355.168,480.0,0.0018181818181818182,1.0,29.92,192.544,355.168
77,77,575,371.312,31.871359999999996,201.59168,371.312,480.0,0.0017391304347826088,1.0,31.28,201.296,371.312
77,77,600,387.456,33.23136,210.34368,387.456,480.0,0.0016666666666666668,1.0,32.64,210.048,387.456
77,77,625,403.6,34.59136,219.09567999999996,403.6,480.0,0.0016,1.0,34.0,218.8,403.6
77,77,650,419.744,35.95136,227.84767999999997,419.744,480.0,0.0015384615384615385,1.0,35.36,227.552,419.744
77,77,675,435.888,37.31136,236.59967999999995,435.888,480.0,0.0014814814814814814,1.0,36.72,236.304,435.888
77,77,700,452.032,38.67136,245.35168000000002,452.032,480.0,0.0014285714285714286,1.0,38.08,245.056,452.032
78,78,0,0.0,0.0,0.0,0.0,480.0,0.0,1.0,0.0,0.0,0.0
78,78,25,16.3536,1.9766400000000002,9.165119999999998,16.3536,480.0,0.04,1.0,1.3776,8.8656,16.3536
78,78,50,32.7072,3.3542399999999994,18.03072,32.7072,480.0,0.02,1.0,2.7552,17.7312,32.7072
78,78,75,49.0608,4.73184,26.89632,49.0608,480.0,0.013333333333333334,1.0,4.1328,26.5968,49.0608
78,78,100,65.4144,6.109439999999999,35.76192000000001,65.4144,480.0,0.01,1.0,5.5104,35.4624,65.4144
78,78,125,81.768,7.487040000000001,44.62752,81.768,480.0,0.008,1.0,6.888,44.328,81.768
78,78,150,98.1216,8.86464,53.493120000000005,98.1216,480.0,0.006666666666666667,1.0,8.2656,53.1936,98.1216
78,78,175,114.4752,10.242240000000002,62.35872,114.4752,480.0,0.005714285714285714,1.0,9.6432,62.0592,114.4752
78,78,200,130.8288,11.61984,71.22432,130.8288,480.0,0.005,1.0,11.0208,70.9248,130.8288
78,78,225,147.1824,12.99744,80.08992,147.1824,480.0,0.0044444444444444444,1.0,12.3984,79.7904,147.1824
78,78,250,163.536,14.37504,88.95552000000002,163.536,480.0,0.004,1.0,13.776,88.656,163.536
78,78,275,179.8896,15.75264,97.82111999999998,179.8896,480.0,0.0036363636363636364,1.0,15.1536,97.5216,179.8896
78,78,300,196.2432,17.13024,106.68672,196.2432,480.0,0.0033333333333333335,1.0,16.5312,106.3872,196.2432
78,78,325,212.5968,18.50784,115.55231999999998,212.5968,480.0,0.003076923076923077,1.0,17.9088,115.2528,212.5968
78,78,350,228.9504,19.885439999999996,124.41791999999998,228.9504,480.0,0.002857142857142857,1.0,19.2864,124.1184,228.9504
78,78,375,245.304,21.26304,133.28351999999998,245.304,480.0,0.0026666666666666666,1.0,20.664,132.984,245.304
78,78,400,261.6576,22.640640000000005,142.14912000000004,261.6576,480.0,0.0025,1.0,22.0416,141.8496,261.6576
78,78,425,278.0112,24.018240000000002,151.01472000000004,278.0112,480.0,0.002352941176470588,1.0,23.4192,150.7152,278.0112
78,78,450,294.3648,25.39584,159.88032000000004,294.3648,480.0,0.0022222222222222222,1.0,24.7968,159.5808,294.3648
78,78,475,310.7184,26.77344,168.74592,310.7184,480.0,0.002105263157894737,1.0,26.1744,168.4464,310.7184
78,78,500,327.072,28.151039999999995,177.61152,327.072,480.0,0.002,1.0,27.552,177.312,327.072
78,78,525,343.4256,29.528640000000003,186.47712,343.42560000000003,480.0,0.0019047619047619048,1.0,28.9296,186.1776,343.4256
78,78,550,359.7792,30.906239999999997,195.34272000000004,359.7792,480.0,0.0018181818181818182,1.0,30.3072,195.0432,359.7792
78,78,575,376.1328,32.28384,204.20831999999996,376.1328,480.0,0.0017391304347826088,1.0,31.6848,203.9088,376.1328
78,78,600,392.4864,33.66144,213.07391999999996,392.4864,480.0,0.0016666666666666668,1.0,33.0624,212.7744,392.4864
78,78,625,408.84,35.03904,221.93951999999996,408.84,480.0,0.0016,1.0,34.44,221.64,408.84
78,78,650,425.1936,36.41664000000001,230.80512,425.1936,480.0,0.0015384615384615385,1.0,35.8176,230.5056,425.1936
78,78,675,441.5472,37.794239999999995,239.67071999999996,441.5472,480.0,0.0014814814814814814,1.0,37.1952,239.3712,441.5472
78,78,700,457.9008,39.17184,248.53632,457.9008,480.0,0.0014285714285714286,1.0,38.5728,248.2368,457.9008
79,79,0,0.0,0.0,0.0,0.0,480.0,0.0,1.0,0.0,0.0,0.0
79,79,25,16.5632,2.00192,9.28256,16.5632,480.0,0.04,1.0,1.3952,8.9792,16.5632
79,79,50,33.1264,3.3971199999999997,18.26176,33.1264,480.0,0.02,1.0,2.7904,17.9584,33.1264
79,79,75,49.6896,4.79232,27.24096,49.6896,480.0,0.013333333333333334,1.0,4.1856,26.9376,49.6896
79,79,100,66.2528,6.18752,36.22016,66.2528,480.0,0.01,1.0,5.5808,35.9168,66.2528
79,79,125,82.816,7.58272,45.19935999999999,82.816,480.0,0.008,1.0,6.976,44.896,82.816
79,79,150,99.3792,8.97792,54.17856,99.3792,480.0,0.006666666666666667,1.0,8.3712,53.8752,99.3792
79,79,175,115.9424,10.373120000000002,63.15775999999999,115.9424,480.0,0.005714285714285714,1.0,9.7664,62.8544,115.9424
79,79,200,132.5056,11.76832,72.13696,132.5056,480.0,0.005,1.0,11.1616,71.8336,132.5056
79,79,225,149.0688,13.16352,81.11616,149.0688,480.0,0.0044444444444444444,1.0,12.5568,80.8128,149.0688
79,79,250,165.632,14.558720000000001,90.09536000000001,165.632,480.0,0.004,1.0,13.952,89.792,165.632
79,79,275,182.1952,15.953919999999998,99.07455999999999,182.1952,480.0,0.0036363636363636364,1.0,15.3472,98.7712,182.1952
79,79,300,198.7584,17.34912,108.05376,198.7584,480.0,0.0033333333333333335,1.0,16.7424,107.7504,198.7584
79,79,325,215.3216,18.74432,117.03296,215.3216,480.0,0.003076923076923077,1.0,18.1376,116.7296,215.3216
79,79,350,231.8848,20.139519999999997,126.01215999999998,231.8848,480.0,0.002857142857142857,1.0,19.5328,125.7088,231.8848
79,79,375,248.448,21.53472,134.99136,248.448,480.0,0.0026666666666666666,1.0,20.928,134.688,248.448
79,79,400,265.0112,22.92992,143.97056,265.0112,480.0,0.0025,1.0,22.3232,143.6672,265.0112
79,79,425,281.5744,24.32512,152.94976000000003,281.5744,480.0,0.002352941176470588,1.0,23.7184,152.6464,281.5744
79,79,450,298.1376,25.72032,161.92896,298.1376,480.0,0.0022222222222222222,1.0,25.1136,161.6256,298.1376
79,79,475,314.7008,27.115519999999997,170.90816,314.7008,480.0,0.002105263157894737,1.0,26.5088,170.6048,314.7008
79,79,500,331.264,28.510719999999996,179.88736,331.264,480.0,0.002,1.0,27.904,179.584,331.264
79,79,525,347.8272,29.905920000000005,188.86656,347.82720000000006,480.0,0.0019047619047619048,1.0,29.2992,188.5632,347.8272
79,79,550,364.3904,31.301119999999997,197.84576,364.3904,480.0,0.0018181818181818182,1.0,30.6944,197.5424,364.3904
79,79,575,380.9536,32.69631999999999,206.82495999999998,380.9536,480.0,0.0017391304347826088,1.0,32.0896,206.5216,380.9536
79,79,600,397.5168,34.09152,215.80416,397.5168,480.0,0.0016666666666666668,1.0,33.4848,215.5008,397.5168
79,79,625,414.08,35.48672,224.78335999999996,414.08,480.0,0.0016,1.0,34.88,224.48,414.08
79,79,650,430.6432,36.88192000000001,233.76255999999998,430.6432,480.0,0.0015384615384615385,1.0,36.2752,233.4592,430.6432
79,79,675,447.2064,38.27712,242.74175999999994,447.2064,480.0,0.0014814814814814814,1.0,37.6704,242.4384,447.2064
79,79,700,463.7696,39.67232,251.72096000000002,463.7696,480.0,0.0014285714285714286,1.0,39.0656,251.4176,463.7696
80,80,0,0.0,0.0,0.0,0.0,480.0,0.0,1.0,0.0,0.0,0.0
80,80,25,16.7728,2.0272,9.399999999999999,16.7728,480.0,0.04,1.0,1.4128,9.0928,16.7728
80,80,50,33.5456,3.44,18.4928,33.5456,480.0,0.02,1.0,2.8256,18.1856,33.5456
80,80,75,50.3184,4.8528,27.5856,50.3184,480.0,0.013333333333333334,1.0,4.2384,27.2784,50.3184
80,80,100,67.0912,6.2656,36.67840000000001,67.0912,480.0,0.01,1.0,5.6512,36.3712,67.0912
80,80,125,83.864,7.678400000000001,45.7712,83.864,480.0,0.008,1.0,7.064,45.464,83.864
80,80,150,100.6368,9.0912,54.864,100.6368,480.0,0.006666666666666667,1.0,8.4768,54.5568,100.6368
80,80,175,117.4096,10.504,63.9568,117.4096,480.0,0.005714285714285714,1.0,9.8896,63.6496,117.4096
80,80,200,134.1824,11.9168,73.0496,134.1824,480.0,0.005,1.0,11.3024,72.7424,134.1824
80,80,225,150.9552,13.3296,82.1424,150.9552,480.0,0.0044444444444444444,1.0,12.7152,81.8352,150.9552
80,80,250,167.728,14.742400000000002,91.23520000000002,167.728,480.0,0.004,1.0,14.128,90.928,167.728
80,80,275,184.5008,16.1552,100.32799999999997,184.5008,480.0,0.0036363636363636364,1.0,15.5408,100.0208,184.5008
80,80,300,201.2736,17.568,109.4208,201.2736,480.0,0.0033333333333333335,1.0,16.9536,109.1136,201.2736
80,80,325,218.0464,18.980799999999995,118.5136,218.0464,480.0,0.003076923076923077,1.0,18.3664,118.2064,218.0464
80,80,350,234.8192,20.393599999999996,127.60639999999998,234.8192,480.0,0.002857142857142857,1.0,19.7792,127.2992,234.8192
80,80,375,251.592,21.8064,136.69919999999996,251.592,480.0,0.0026666666666666666,1.0,21.192,136.392,251.592
80,80,400,268.3648,23.2192,145.792,268.3648,480.0,0.0025,1.0,22.6048,145.4848,268.3648
80,80,425,285.1376,24.632,154.88480000000004,285.1376,480.0,0.002352941176470588,1.0,24.0176,154.5776,285.1376
80,80,450,301.9104,26.044799999999995,163.9776,301.9104,480.0,0.0022222222222222222,1.0,25.4304,163.6704,301.9104
80,80,475,318.6832,27.457599999999996,173.0704,318.6832,480.0,0.002105263157894737,1.0,26.8432,172.7632,318.6832
80,80,500,335.456,28.870399999999993,182.16319999999996,335.456,480.0,0.002,1.0,28.256,181.856,335.456
80,80,525,352.2288,30.2832,191.256,352.22880000000004,480.0,0.0019047619047619048,1.0,29.6688,190.9488,352.2288
80,80,550,369.0016,31.695999999999998,200.3488,369.0016,480.0,0.0018181818181818182,1.0,31.0816,200.0416,369.0016
80,80,575,385.7744,33.1088,209.44159999999997,385.7744,480.0,0.0017391304347826088,1.0,32.4944,209.1344,385.7744
80,80,600,402.5472,34.5216,218.5344,402.5472,480.0,0.0016666666666666668,1.0,33.9072,218.2272,402.5472
80,80,625,419.32,35.9344,227.62719999999996,419.32,480.0,0.0016,1.0,35.32,227.32,419.32
80,80,650,436.0928,37.3472,236.72,436.0928,480.0,0.0015384615384615385,1.0,36.7328,236.4128,436.0928
80,80,675,452.8656,38.76,245.81279999999995,452.8656,480.0,0.0014814814814814814,1.0,38.1456,245.5056,452.8656
80,80,700,469.6384,40.1728,254.9056,469.6384,480.0,0.0014285714285714286,1.0,39.5584,254.5984,469.6384
81,81,0,0.0,0.0,0.0,0.0,480.0,0.0,1.0,0.0,0.0,0.0
81,81,25,16.9824,2.05248,9.51744,16.9824,480.0,0.04,1.0,1.4304,9.2064,16.9824
81,81,50,33.9648,3.4828799999999998,18.72384,33.9648,480.0,0.02,1.0,2.8608,18.4128,33.9648
81,81,75,50.9472,4.91328,27.93024,50.9472,480.0,0.013333333333333334,1.0,4.2912,27.6192,50.9472
81,81,100,67.9296,6.34368,37.13664,67.9296,480.0,0.01,1.0,5.7216,36.8256,67.9296
81,81,125,84.912,7.7740800000000005,46.343039999999995,84.912,480.0,0.008,1.0,7.152,46.032,84.912
81,81,150,101.8944,9.20448,55.549440000000004,101.8944,480.0,0.006666666666666667,1.0,8.5824,55.2384,101.8944
81,81,175,118.8768,10.63488,64.75584,118.8768,480.0,0.005714285714285714,1.0,10.0128,64.4448,118.8768
81,81,200,135.8592,12.06528,73.96224,135.8592,480.0,0.005,1.0,11.4432,73.6512,135.8592
81,81,225,152.8416,13.49568,83.16864,152.8416,480.0,0.0044444444444444444,1.0,12.8736,82.8576,152.8416
81,81,250,169.824,14.92608,92.37504000000001,169.824,480.0,0.004,1.0,14.304,92.064,169.824
81,81,275,186.8064,16.356479999999998,101.58143999999997,186.8064,480.0,0.0036363636363636364,1.0,15.7344,101.2704,186.8064
81,81,300,203.7888,17.78688,110.78784,203.7888,480.0,0.0033333333333333335,1.0,17.1648,110.4768,203.7888
81,81,325,220.7712,19.217279999999995,119.99424,220.7712,480.0,0.003076923076923077,1.0,18.5952,119.6832,220.7712
81,81,350,237.7536,20.647679999999998,129.20063999999996,237.7536,480.0,0.002857142857142857,1.0,20.0256,128.8896,237.7536
81,81,375,254.736,22.07808,138.40704,254.736,480.0,0.0026666666666666666,1.0,21.456,138.096,254.736
81,81,400,271.7184,23.50848,147.61344,271.7184,480.0,0.0025,1.0,22.8864,147.3024,271.7184
81,81,425,288.7008,24.938880000000005,156.81984000000003,288.7008,480.0,0.002352941176470588,1.0,24.3168,156.5088,288.7008
81,81,450,305.6832,26.369279999999996,166.02624,305.6832,480.0,0.0022222222222222222,1.0,25.7472,165.7152,305.6832
81,81,475,322.6656,27.79968,175.23264000000003,322.6656,480.0,0.002105263157894737,1.0,27.1776,174.9216,322.6656
81,81,500,339.648,29.230079999999997,184.43903999999998,339.648,480.0,0.002,1.0,28.608,184.128,339.648
81,81,525,356.6304,30.660480000000003,193.64544,356.63040000000007,480.0,0.0019047619047619048,1.0,30.0384,193.3344,356.6304
81,81,550,373.6128,32.09088,202.85184,373.6128,480.0,0.0018181818181818182,1.0,31.4688,202.5408,373.6128
81,81,575,390.5952,33.52128,212.05824,390.5952,480.0,0.0017391304347826088,1.0,32.8992,211.7472,390.5952
81,81,600,407.5776,34.95168,221.26463999999996,407.5776,480.0,0.0016666666666666668,1.0,34.3296,220.9536,407.5776
81,81,625,424.56,36.38208,230.47103999999996,424.56,480.0,0.0016,1.0,35.76,230.16,424.56
81,81,650,441.5424,37.81248000000001,239.67743999999996,441.5424,480.0,0.0015384615384615385,1.0,37.1904,239.3664,441.5424
81,81,675,458.5248,39.24288,248.88383999999994,458.5248,480.0,0.0014814814814814814,1.0,38.6208,248.5728,458.5248
81,81,700,475.5072,40.67328,258.09024,475.5072,480.0,0.0014285714285714286,1.0,40.0512,257.7792,475.5072
82,82,0,0.0,0.0,0.0,0.0,480.0,0.0,1.0,0.0,0.0,0.0
82,82,25,17.192,2.07776,9.634879999999999,17.192,480.0,0.04,1.0,1.448,9.32,17.192
82,82,50,34.384,3.52576,18.95488,34.384,480.0,0.02,1.0,2.896,18.64,34.384
82,82,75,51.576,4.973759999999999,28.274879999999996,51.576,480.0,0.013333333333333334,1.0,4.344,27.96,51.576
82,82,100,68.768,6.42176,37.59488000000001,68.768,480.0,0.01,1.0,5.792,37.28,68.768
82,82,125,85.96,7.86976,46.91487999999999,85.96,480.0,0.008,1.0,7.24,46.6,85.96
82,82,150,103.152,9.31776,56.23488,103.152,480.0,0.006666666666666667,1.0,8.688,55.92,103.152
82,82,175,120.344,10.765760000000002,65.55488,120.344,480.0,0.005714285714285714,1.0,10.136,65.24,120.344
82,82,200,137.536,12.21376,74.87488,137.536,480.0,0.005,1.0,11.584,74.56,137.536
82,82,225,154.728,13.66176,84.19488,154.728,480.0,0.0044444444444444444,1.0,13.032,83.88,154.728
82,82,250,171.92,15.10976,93.51488,171.92,480.0,0.004,1.0,14.48,93.2,171.92
82,82,275,189.112,16.55776,102.83487999999998,189.112,480.0,0.0036363636363636364,1.0,15.928,102.52,189.112
82,82,300,206.304,18.00576,112.15488000000002,206.304,480.0,0.0033333333333333335,1.0,17.376,111.84,206.304
82,82,325,223.496,19.453759999999996,121.47488,223.496,480.0,0.003076923076923077,1.0,18.824,121.16,223.496
82,82,350,240.688,20.90176,130.79487999999998,240.688,480.0,0.002857142857142857,1.0,20.272,130.48,240.688
82,82,375,257.88,22.34976,140.11488,257.88,480.0,0.0026666666666666666,1.0,21.72,139.8,257.88
82,82,400,275.072,23.79776,149.43488,275.072,480.0,0.0025,1.0,23.168,149.12,275.072
82,82,425,292.264,25.245760000000004,158.75488000000004,292.264,480.0,0.002352941176470588,1.0,24.616,158.44,292.264
82,82,450,309.456,26.693759999999997,168.07488000000004,309.456,480.0,0.0022222222222222222,1.0,26.064,167.76,309.456
82,82,475,326.648,28.141759999999998,177.39488000000003,326.648,480.0,0.002105263157894737,1.0,27.512,177.08,326.648
82,82,500,343.84,29.589759999999995,186.71487999999997,343.84,480.0,0.002,1.0,28.96,186.4,343.84
82,82,525,361.032,31.037760000000002,196.03488,361.03200000000004,480.0,0.0019047619047619048,1.0,30.408,195.72,361.032
82,82,550,378.224,32.48576,205.35488,378.224,480.0,0.0018181818181818182,1.0,31.856,205.04,378.224
82,82,575,395.416,33.93376,214.67488,395.416,480.0,0.0017391304347826088,1.0,33.304,214.36,395.416
82,82,600,412.608,35.38176,223.99488,412.608,480.0,0.0016666666666666668,1.0,34.752,223.68,412.608
82,82,625,429.8,36.82976,233.31487999999996,429.8,480.0,0.0016,1.0,36.2,233.0,429.8
82,82,650,446.992,38.27776000000001,242.63487999999998,446.992,480.0,0.0015384615384615385,1.0,37.648,242.32,446.992
82,82,675,464.184,39.72576,251.95487999999995,464.184,480.0,0.0014814814814814814,1.0,39.096,251.64,464.184
82,82,700,481.376,41.17376,261.27488000000005,481.376,480.0,0.0014285714285714286,1.0,40.544,260.96,481.376
83,83,0,0.0,0.0,0.0,0.0,480.0,0.0,1.0,0.0,0.0,0.0
83,83,25,17.4016,2.10304,9.752319999999997,17.4016,480.0,0.04,1.0,1.4656,9.4336,17.4016
83,83,50,34.8032,3.5686399999999994,19.18592,34.8032,480.0,0.02,1.0,2.9312,18.8672,34.8032
83,83,75,52.2048,5.03424,28.61952,52.2048,480.0,0.013333333333333334,1.0,4.3968,28.3008,52.2048
83,83,100,69.6064,6.499839999999999,38.05312000000001,69.6064,480.0,0.01,1.0,5.8624,37.7344,69.6064
83,83,125,87.008,7.965440000000001,47.48671999999999,87.008,480.0,0.008,1.0,7.328,47.168,87.008
83,83,150,104.4096,9.43104,56.92032000000001,104.4096,480.0,0.006666666666666667,1.0,8.7936,56.6016,104.4096
83,83,175,121.8112,10.896640000000001,66.35392,121.8112,480.0,0.005714285714285714,1.0,10.2592,66.0352,121.8112
83,83,200,139.2128,12.36224,75.78752,139.2128,480.0,0.005,1.0,11.7248,75.4688,139.2128
83,83,225,156.6144,13.82784,85.22112,156.6144,480.0,0.0044444444444444444,1.0,13.1904,84.9024,156.6144
83,83,250,174.016,15.29344,94.65472000000001,174.016,480.0,0.004,1.0,14.656,94.336,174.016
83,83,275,191.4176,16.75904,104.08831999999998,191.4176,480.0,0.0036363636363636364,1.0,16.1216,103.7696,191.4176
83,83,300,208.8192,18.22464,113.52192,208.8192,480.0,0.0033333333333333335,1.0,17.5872,113.2032,208.8192
83,83,325,226.2208,19.69024,122.95552,226.2208,480.0,0.003076923076923077,1.0,19.0528,122.6368,226.2208
83,83,350,243.6224,21.15584,132.38912,243.6224,480.0,0.002857142857142857,1.0,20.5184,132.0704,243.6224
83,83,375,261.024,22.62144,141.82272,261.024,480.0,0.0026666666666666666,1.0,21.984,141.504,261.024
83,83,400,278.4256,24.087040000000005,151.25632000000002,278.4256,480.0,0.0025,1.0,23.4496,150.9376,278.4256
83,83,425,295.8272,25.55264,160.68992000000003,295.8272,480.0,0.002352941176470588,1.0,24.9152,160.3712,295.8272
83,83,450,313.2288,27.018239999999995,170.12352000000004,313.2288,480.0,0.0022222222222222222,1.0,26.3808,169.8048,313.2288
83,83,475,330.6304,28.483839999999997,179.55712000000003,330.6304,480.0,0.002105263157894737,1.0,27.8464,179.2384,330.6304
83,83,500,348.032,29.949439999999996,188.99071999999998,348.032,480.0,0.002,1.0,29.312,188.672,348.032
83,83,525,365.4336,31.415040000000005,198.42432,365.43360000000007,480.0,0.0019047619047619048,1.0,30.7776,198.1056,365.4336
83,83,550,382.8352,32.88064,207.85792,382.8352,480.0,0.0018181818181818182,1.0,32.2432,207.5392,382.8352
83,83,575,400.2368,34.34624,217.29151999999996,400.2368,480.0,0.0017391304347826088,1.0,33.7088,216.9728,400.2368
83,83,600,417.6384,35.81184,226.72511999999998,417.6384,480.0,0.0016666666666666668,1.0,35.1744,226.4064,417.6384
83,83,625,435.04,37.27744,236.15871999999996,435.04,480.0,0.0016,1.0,36.64,235.84,435.04
83,83,650,452.4416,38.74304,245.59231999999997,452.4416,480.0,0.0015384615384615385,1.0,38.1056,245.2736,452.4416
83,83,675,469.8432,40.20864,255.02591999999996,469.8432,480.0,0.0014814814814814814,1.0,39.5712,254.7072,469.8432
83,83,700,487.2448,41.67424,264.45952,487.2448,480.0,0.0014285714285714286,1.0,41.0368,264.1408,487.2448
84,84,0,0.0,0.0,0.0,0.0,480.0,0.0,1.0,0.0,0.0,0.0
84,84,25,17.6112,2.12832,9.86976,17.6112,480.0,0.04,1.0,1.4832,9.5472,17.6112
84,84,50,35.2224,3.6115199999999996,19.41696,35.2224,480.0,0.02,1.0,2.9664,19.0944,35.2224
84,84,75,52.8336,5.09472,28.96416,52.8336,480.0,0.013333333333333334,1.0,4.4496,28.6416,52.8336
84,84,100,70.4448,6.57792,38.51136,70.4448,480.0,0.01,1.0,5.9328,38.1888,70.4448
84,84,125,88.056,8.06112,48.05855999999999,88.056,480.0,0.008,1.0,7.416,47.736,88.056
84,84,150,105.6672,9.54432,57.60576,105.6672,480.0,0.006666666666666667,1.0,8.8992,57.2832,105.6672
84,84,175,123.2784,11.027520000000003,67.15296,123.2784,480.0,0.005714285714285714,1.0,10.3824,66.8304,123.2784
84,84,200,140.8896,12.51072,76.70016,140.8896,480.0,0.005,1.0,11.8656,76.3776,140.8896
84,84,225,158.5008,13.99392,86.24736,158.5008,480.0,0.0044444444444444444,1.0,13.3488,85.9248,158.5008
84,84,250,176.112,15.47712,95.79456000000002,176.112,480.0,0.004,1.0,14.832,95.472,176.112
84,84,275,193.7232,16.96032,105.34175999999998,193.7232,480.0,0.0036363636363636364,1.0,16.3152,105.0192,193.7232
84,84,300,211.3344,18.44352,114.88896,211.3344,480.0,0.0033333333333333335,1.0,17.7984,114.5664,211.3344
84,84,325,228.9456,19.926719999999996,124.43616,228.9456,480.0,0.003076923076923077,1.0,19.2816,124.1136,228.9456
84,84,350,246.5568,21.40992,133.98335999999998,246.5568,480.0,0.002857142857142857,1.0,20.7648,133.6608,246.5568
84,84,375,264.168,22.89312,143.53056,264.168,480.0,0.0026666666666666666,1.0,22.248,143.208,264.168
84,84,400,281.7792,24.37632,153.07776,281.7792,480.0,0.0025,1.0,23.7312,152.7552,281.7792
84,84,425,299.3904,25.85952,162.62496000000002,299.3904,480.0,0.002352941176470588,1.0,25.2144,162.3024,299.3904
84,84,450,317.0016,27.342719999999996,172.17216000000002,317.0016,480.0,0.0022222222222222222,1.0,26.6976,171.8496,317.0016
84,84,475,334.6128,28.82592,181.71936000000002,334.6128,480.0,0.002105263157894737,1.0,28.1808,181.3968,334.6128
84,84,500,352.224,30.309119999999997,191.26655999999997,352.224,480.0,0.002,1.0,29.664,190.944,352.224
84,84,525,369.8352,31.79232,200.81376,369.83520000000004,480.0,0.0019047619047619048,1.0,31.1472,200.4912,369.8352
84,84,550,387.4464,33.27551999999999,210.36096,387.4464,480.0,0.0018181818181818182,1.0,32.6304,210.0384,387.4464
84,84,575,405.0576,34.75872,219.90815999999998,405.0576,480.0,0.0017391304347826088,1.0,34.1136,219.5856,405.0576
84,84,600,422.6688,36.24192,229.45536,422.6688,480.0,0.0016666666666666668,1.0,35.5968,229.1328,422.6688
84,84,625,440.28,37.72512,239.00255999999996,440.28,480.0,0.0016,1.0,37.08,238.68,440.28
84,84,650,457.8912,39.20832000000001,248.54975999999996,457.8912,480.0,0.0015384615384615385,1.0,38.5632,248.2272,457.8912
84,84,675,475.5024,40.69152,258.09695999999997,475.5024,480.0,0.0014814814814814814,1.0,40.0464,257.7744,475.5024
84,84,700,493.1136,42.17472,267.64416000000006,493.1136,480.0,0.0014285714285714286,1.0,41.5296,267.3216,493.1136
85,85,0,0.0,0.0,0.0,0.0,480.0,0.0,1.0,0.0,0.0,0.0
85,85,25,17.8208,2.1536,9.987199999999998,17.8208,480.0,0.04,1.0,1.5008,9.6608,17.8208
85,85,50,35.6416,3.654399999999999,19.648,35.6416,480.0,0.02,1.0,3.0016,19.3216,35.6416
85,85,75,53.4624,5.1552,29.3088,53.4624,480.0,0.013333333333333334,1.0,4.5024,28.9824,53.4624
85,85,100,71.2832,6.656,38.96960000000001,71.2832,480.0,0.01,1.0,6.0032,38.6432,71.2832
85,85,125,89.104,8.1568,48.630399999999995,89.104,480.0,0.008,1.0,7.504,48.304,89.104
85,85,150,106.9248,9.657600000000002,58.29120000000001,106.9248,480.0,0.006666666666666667,1.0,9.0048,57.9648,106.9248
85,85,175,124.7456,11.1584,67.952,124.7456,480.0,0.005714285714285714,1.0,10.5056,67.6256,124.7456
85,85,200,142.5664,12.6592,77.6128,142.5664,480.0,0.005,1.0,12.0064,77.2864,142.5664
85,85,225,160.3872,14.16,87.2736,160.3872,480.0,0.0044444444444444444,1.0,13.5072,86.9472,160.3872
85,85,250,178.208,15.660800000000002,96.93440000000001,178.208,480.0,0.004,1.0,15.008,96.608,178.208
85,85,275,196.0288,17.1616,106.59519999999998,196.0288,480.0,0.0036363636363636364,1.0,16.5088,106.2688,196.0288
85,85,300,213.8496,18.6624,116.256,213.8496,480.0,0.0033333333333333335,1.0,18.0096,115.9296,213.8496
85,85,325,231.6704,20.163199999999996,125.9168,231.6704,480.0,0.003076923076923077,1.0,19.5104,125.5904,231.6704
85,85,350,249.4912,21.663999999999998,135.57759999999996,249.4912,480.0,0.002857142857142857,1.0,21.0112,135.2512,249.4912
85,85,375,267.312,23.1648,145.2384,267.312,480.0,0.0026666666666666666,1.0,22.512,144.912,267.312
85,85,400,285.1328,24.665600000000005,154.89920000000004,285.1328,480.0,0.0025,1.0,24.0128,154.5728,285.1328
85,85,425,302.9536,26.166400000000003,164.56000000000003,302.9536,480.0,0.002352941176470588,1.0,25.5136,164.2336,302.9536
85,85,450,320.7744,27.6672,174.22080000000003,320.7744,480.0,0.0022222222222222222,1.0,27.0144,173.8944,320.7744
85,85,475,338.5952,29.167999999999996,183.88160000000002,338.5952,480.0,0.002105263157894737,1.0,28.5152,183.5552,338.5952
85,85,500,356.416,30.668799999999997,193.54239999999996,356.416,480.0,0.002,1.0,30.016,193.216,356.416
85,85,525,374.2368,32.1696,203.2032,374.2368000000001,480.0,0.0019047619047619048,1.0,31.5168,202.8768,374.2368
85,85,550,392.0576,33.670399999999994,212.864,392.0576,480.0,0.0018181818181818182,1.0,33.0176,212.5376,392.0576
85,85,575,409.8784,35.1712,222.5248,409.8784,480.0,0.0017391304347826088,1.0,34.5184,222.1984,409.8784
85,85,600,427.6992,36.67199999999999,232.18559999999997,427.6992,480.0,0.0016666666666666668,1.0,36.0192,231.8592,427.6992
85,85,625,445.52,38.1728,241.84639999999996,445.52,480.0,0.0016,1.0,37.52,241.52,445.52
85,85,650,463.3408,39.6736,251.50719999999998,463.3408,480.0,0.0015384615384615385,1.0,39.0208,251.1808,463.3408
85,85,675,481.1616,41.1744,261.16799999999995,481.1616,480.0,0.0014814814814814814,1.0,40.5216,260.8416,481.1616
85,85,700,498.9824,42.6752,270.8288,498.9824,480.0,0.0014285714285714286,1.0,42.0224,270.5024,498.9824
86,86,0,0.0,0.0,0.0,0.0,480.0,0.0,1.0,0.0,0.0,0.0
86,86,25,18.0304,2.17888,10.10464,18.0304,480.0,0.04,1.0,1.5184,9.7744,18.0304
86,86,50,36.0608,3.6972799999999997,19.87904,36.0608,480.0,0.02,1.0,3.0368,19.5488,36.0608
86,86,75,54.0912,5.21568,29.65344,54.0912,480.0,0.013333333333333334,1.0,4.5552,29.3232,54.0912
86,86,100,72.1216,6.734079999999999,39.42784,72.1216,480.0,0.01,1.0,6.0736,39.0976,72.1216
86,86,125,90.152,8.25248,49.20223999999999,90.152,480.0,0.008,1.0,7.592,48.872,90.152
86,86,150,108.1824,9.77088,58.97664000000001,108.1824,480.0,0.006666666666666667,1.0,9.1104,58.6464,108.1824
86,86,175,126.2128,11.28928,68.75104,126.2128,480.0,0.005714285714285714,1.0,10.6288,68.4208,126.2128
86,86,200,144.2432,12.80768,78.52544,144.2432,480.0,0.005,1.0,12.1472,78.1952,144.2432
86,86,225,162.2736,14.32608,88.29984,162.2736,480.0,0.0044444444444444444,1.0,13.6656,87.9696,162.2736
86,86,250,180.304,15.844480000000003,98.07424000000002,180.304,480.0,0.004,1.0,15.184,97.744,180.304
86,86,275,198.3344,17.36288,107.84863999999997,198.3344,480.0,0.0036363636363636364,1.0,16.7024,107.5184,198.3344
86,86,300,216.3648,18.88128,117.62304,216.3648,480.0,0.0033333333333333335,1.0,18.2208,117.2928,216.3648
86,86,325,234.3952,20.39968,127.39744,234.3952,480.0,0.003076923076923077,1.0,19.7392,127.0672,234.3952
86,86,350,252.4256,21.918079999999996,137.17183999999997,252.4256,480.0,0.002857142857142857,1.0,21.2576,136.8416,252.4256
86,86,375,270.456,23.43648,146.94623999999996,270.456,480.0,0.0026666666666666666,1.0,22.776,146.616,270.456
86,86,400,288.4864,24.95488,156.72064,288.4864,480.0,0.0025,1.0,24.2944,156.3904,288.4864
86,86,425,306.5168,26.473280000000003,166.49504000000002,306.5168,480.0,0.002352941176470588,1.0,25.8128,166.1648,306.5168
86,86,450,324.5472,27.99168,176.26944,324.5472,480.0,0.0022222222222222222,1.0,27.3312,175.9392,324.5472
86,86,475,342.5776,29.510079999999995,186.04384000000002,342.5776,480.0,0.002105263157894737,1.0,28.8496,185.7136,342.5776
86,86,500,360.608,31.028479999999995,195.81823999999997,360.608,480.0,0.002,1.0,30.368,195.488,360.608
86,86,525,378.6384,32.54688,205.59264,378.63840000000005,480.0,0.0019047619047619048,1.0,31.8864,205.2624,378.6384
86,86,550,396.6688,34.065279999999994,215.36704,396.6688,480.0,0.0018181818181818182,1.0,33.4048,215.0368,396.6688
86,86,575,414.6992,35.583679999999994,225.14143999999996,414.6992,480.0,0.0017391304347826088,1.0,34.9232,224.8112,414.6992
86,86,600,432.7296,37.10208,234.91583999999997,432.7296,480.0,0.0016666666666666668,1.0,36.4416,234.5856,432.7296
86,86,625,450.76,38.62048,244.69023999999996,450.76,480.0,0.0016,1.0,37.96,244.36,450.76
86,86,650,468.7904,40.13888,254.46463999999997,468.7904,480.0,0.0015384615384615385,1.0,39.4784,254.1344,468.7904
86,86,675,486.8208,41.65727999999999,264.23903999999993,486.8208,480.0,0.0014814814814814814,1.0,40.9968,263.9088,486.8208
86,86,700,504.8512,43.17568,274.01344,504.8512,480.0,0.0014285714285714286,1.0,42.5152,273.6832,504.8512
87,87,0,0.0,0.0,0.0,0.0,480.0,0.0,1.0,0.0,0.0,0.0
87,87,25,18.24,2.20416,10.222079999999998,18.24,480.0,0.04,1.0,1.536,9.888,18.24
87,87,50,36.48,3.74016,20.11008,36.48,480.0,0.02,1.0,3.072,19.776,36.48
87,87,75,54.72,5.27616,29.998079999999995,54.72,480.0,0.013333333333333334,1.0,4.608,29.664,54.72
87,87,100,72.96,6.812160000000001,39.88608000000001,72.96,480.0,0.01,1.0,6.144,39.552,72.96
87,87,125,91.2,8.34816,49.77407999999999,91.2,480.0,0.008,1.0,7.68,49.44,91.2
87,87,150,109.44,9.88416,59.66208,109.44,480.0,0.006666666666666667,1.0,9.216,59.328,109.44
87,87,175,127.68,11.420160000000001,69.55008,127.68,480.0,0.005714285714285714,1.0,10.752,69.216,127.68
87,87,200,145.92,12.95616,79.43808,145.92,480.0,0.005,1.0,12.288,79.104,145.92
87,87,225,164.16,14.49216,89.32608,164.16,480.0,0.0044444444444444444,1.0,13.824,88.992,164.16
87,87,250,182.4,16.02816,99.21408000000001,182.4,480.0,0.004,1.0,15.36,98.88,182.4
87,87,275,200.64,17.56416,109.10207999999999,200.64,480.0,0.0036363636363636364,1.0,16.896,108.768,200.64
87,87,300,218.88,19.10016,118.99008000000002,218.88,480.0,0.0033333333333333335,1.0,18.432,118.656,218.88
87,87,325,237.12,20.63616,128.87808,237.12,480.0,0.003076923076923077,1.0,19.968,128.544,237.12
87,87,350,255.36,22.172159999999995,138.76608,255.36,480.0,0.002857142857142857,1.0,21.504,138.432,255.36
87,87,375,273.6,23.70816,148.65408,273.6,480.0,0.0026666666666666666,1.0,23.04,148.32,273.6
87,87,400,291.84,25.24416,158.54208,291.84,480.0,0.0025,1.0,24.576,158.208,291.84
87,87,425,310.08,26.78016,168.43008000000003,310.08,480.0,0.002352941176470588,1.0,26.112,168.096,310.08
87,87,450,328.32,28.316159999999996,178.31808,328.32,480.0,0.0022222222222222222,1.0,27.648,177.984,328.32
87,87,475,346.56,29.85216,188.20608000000004,346.56,480.0,0.002105263157894737,1.0,29.184,187.872,346.56
87,87,500,364.8,31.388159999999996,198.09408,364.8,480.0,0.002,1.0,30.72,197.76,364.8
87,87,525,383.04,32.92416,207.98208,383.0400000000001,480.0,0.0019047619047619048,1.0,32.256,207.648,383.04
87,87,550,401.28,34.46016,217.87008000000003,401.28,480.0,0.0018181818181818182,1.0,33.792,217.536,401.28
87,87,575,419.52,35.99615999999999,227.75807999999998,419.52,480.0,0.0017391304347826088,1.0,35.328,227.424,419.52
87,87,600,437.76,37.53216,237.64608,437.76,480.0,0.0016666666666666668,1.0,36.864,237.312,437.76
87,87,625,456.0,39.06816,247.53407999999996,456.0,480.0,0.0016,1.0,38.4,247.2,456.0
87,87,650,474.24,40.60416000000001,257.42208,474.24,480.0,0.0015384615384615385,1.0,39.936,257.088,474.24
87,87,675,492.48,42.14016,267.3100799999999,492.48,480.0,0.0014814814814814814,1.0,41.472,266.976,492.48
87,87,700,510.72,43.67616,277.19808,510.72,480.0,0.0014285714285714286,1.0,43.008,276.864,510.72
88,88,0,0.0,0.0,0.0,0.0,480.0,0.0,1.0,0.0,0.0,0.0
88,88,25,18.4496,2.22944,10.339519999999998,18.4496,480.0,0.04,1.0,1.5536,10.0016,18.4496
88,88,50,36.8992,3.7830399999999997,20.34112,36.8992,480.0,0.02,1.0,3.1072,20.0032,36.8992
88,88,75,55.3488,5.33664,30.34272,55.3488,480.0,0.013333333333333334,1.0,4.6608,30.0048,55.3488
88,88,100,73.7984,6.8902399999999995,40.34432000000001,73.7984,480.0,0.01,1.0,6.2144,40.0064,73.7984
88,88,125,92.248,8.44384,50.34591999999999,92.248,480.0,0.008,1.0,7.768,50.008,92.248
88,88,150,110.6976,9.99744,60.34752000000001,110.6976,480.0,0.006666666666666667,1.0,9.3216,60.0096,110.6976
88,88,175,129.1472,11.55104,70.34912,129.1472,480.0,0.005714285714285714,1.0,10.8752,70.0112,129.1472
88,88,200,147.5968,13.10464,80.35072,147.5968,480.0,0.005,1.0,12.4288,80.0128,147.5968
88,88,225,166.0464,14.65824,90.35232,166.0464,480.0,0.0044444444444444444,1.0,13.9824,90.0144,166.0464
88,88,250,184.496,16.21184,100.35392000000002,184.496,480.0,0.004,1.0,15.536,100.016,184.496
88,88,275,202.9456,17.76544,110.35551999999998,202.9456,480.0,0.0036363636363636364,1.0,17.0896,110.0176,202.9456
88,88,300,221.3952,19.31904,120.35712,221.3952,480.0,0.0033333333333333335,1.0,18.6432,120.0192,221.3952
88,88,325,239.8448,20.872639999999997,130.35872,239.8448,480.0,0.003076923076923077,1.0,20.1968,130.0208,239.8448
88,88,350,258.2944,22.426239999999996,140.36032,258.2944,480.0,0.002857142857142857,1.0,21.7504,140.0224,258.2944
88,88,375,276.744,23.979840000000003,150.36192,276.744,480.0,0.0026666666666666666,1.0,23.304,150.024,276.744
88,88,400,295.1936,25.533440000000002,160.36352000000002,295.1936,480.0,0.0025,1.0,24.8576,160.0256,295.1936
88,88,425,313.6432,27.08704,170.36512000000002,313.6432,480.0,0.002352941176470588,1.0,26.4112,170.0272,313.6432
88,88,450,332.0928,28.640639999999998,180.36672,332.0928,480.0,0.0022222222222222222,1.0,27.9648,180.0288,332.0928
88,88,475,350.5424,30.194239999999997,190.36832000000004,350.5424,480.0,0.002105263157894737,1.0,29.5184,190.0304,350.5424
88,88,500,368.992,31.747839999999997,200.36991999999998,368.992,480.0,0.002,1.0,31.072,200.032,368.992
88,88,525,387.4416,33.30144,210.37152,387.44160000000005,480.0,0.0019047619047619048,1.0,32.6256,210.0336,387.4416
88,88,550,405.8912,34.85504,220.37312,405.8912,480.0,0.0018181818181818182,1.0,34.1792,220.0352,405.8912
88,88,575,424.3408,36.40863999999999,230.37471999999997,424.3408,480.0,0.0017391304347826088,1.0,35.7328,230.0368,424.3408
88,88,600,442.7904,37.96224,240.37631999999996,442.7904,480.0,0.0016666666666666668,1.0,37.2864,240.0384,442.7904
88,88,625,461.24,39.51584,250.37791999999996,461.24,480.0,0.0016,1.0,38.84,250.04,461.24
88,88,650,479.6896,41.06944,260.37951999999996,479.6896,480.0,0.0015384615384615385,1.0,40.3936,260.0416,479.6896
88,88,675,498.1392,42.62304,270.38111999999995,498.1392,480.0,0.0014814814814814814,1.0,41.9472,270.0432,498.1392
88,88,700,516.5888,44.17663999999999,280.38272,516.5888,480.0,0.0014285714285714286,1.0,43.5008,280.0448,516.5888
89,89,0,0.0,0.0,0.0,0.0,480.0,0.0,1.0,0.0,0.0,0.0
89,89,25,18.6592,2.25472,10.45696,18.6592,480.0,0.04,1.0,1.5712,10.1152,18.6592
89,89,50,37.3184,3.8259199999999995,20.57216,37.3184,480.0,0.02,1.0,3.1424,20.2304,37.3184
89,89,75,55.9776,5.397119999999999,30.68736,55.9776,480.0,0.013333333333333334,1.0,4.7136,30.3456,55.9776
89,89,100,74.6368,6.96832,40.80256,74.6368,480.0,0.01,1.0,6.2848,40.4608,74.6368
89,89,125,93.296,8.53952,50.917759999999994,93.296,480.0,0.008,1.0,7.856,50.576,93.296
89,89,150,111.9552,10.11072,61.03296,111.9552,480.0,0.006666666666666667,1.0,9.4272,60.6912,111.9552
89,89,175,130.6144,11.68192,71.14816,130.6144,480.0,0.005714285714285714,1.0,10.9984,70.8064,130.6144
89,89,200,149.2736,13.253120000000003,81.26336,149.2736,480.0,0.005,1.0,12.5696,80.9216,149.2736
89,89,225,167.9328,14.82432,91.37856,167.9328,480.0,0.0044444444444444444,1.0,14.1408,91.0368,167.9328
89,89,250,186.592,16.39552,101.49376000000001,186.592,480.0,0.004,1.0,15.712,101.152,186.592
89,89,275,205.2512,17.96672,111.60895999999997,205.2512,480.0,0.0036363636363636364,1.0,17.2832,111.2672,205.2512
89,89,300,223.9104,19.53792,121.72416,223.9104,480.0,0.0033333333333333335,1.0,18.8544,121.3824,223.9104
89,89,325,242.5696,21.109119999999997,131.83936,242.5696,480.0,0.003076923076923077,1.0,20.4256,131.4976,242.5696
89,89,350,261.2288,22.680319999999995,141.95455999999996,261.2288,480.0,0.002857142857142857,1.0,21.9968,141.6128,261.2288
89,89,375,279.888,24.25152,152.06976,279.888,480.0,0.0026666666666666666,1.0,23.568,151.728,279.888
89,89,400,298.5472,25.82272,162.18496,298.5472,480.0,0.0025,1.0,25.1392,161.8432,298.5472
89,89,425,317.2064,27.393920000000005,172.30016000000003,317.2064,480.0,0.002352941176470588,1.0,26.7104,171.9584,317.2064
89,89,450,335.8656,28.965119999999995,182.41536000000002,335.8656,480.0,0.0022222222222222222,1.0,28.2816,182.0736,335.8656
89,89,475,354.5248,30.536319999999996,192.53056000000004,354.5248,480.0,0.002105263157894737,1.0,29.8528,192.1888,354.5248
89,89,500,373.184,32.107519999999994,202.64575999999997,373.184,480.0,0.002,1.0,31.424,202.304,373.184
89,89,525,391.8432,33.678720000000006,212.76096,391.8432000000001,480.0,0.0019047619047619048,1.0,32.9952,212.4192,391.8432
89,89,550,410.5024,35.249919999999996,222.87616,410.5024,480.0,0.0018181818181818182,1.0,34.5664,222.5344,410.5024
89,89,575,429.1616,36.82111999999999,232.99136,429.1616,480.0,0.0017391304347826088,1.0,36.1376,232.6496,429.1616
89,89,600,447.8208,38.39232,243.10656,447.8208,480.0,0.0016666666666666668,1.0,37.7088,242.7648,447.8208
89,89,625,466.48,39.96352,253.22175999999996,466.48,480.0,0.0016,1.0,39.28,252.88,466.48
89,89,650,485.1392,41.53472000000001,263.33696,485.1392,480.0,0.0015384615384615385,1.0,40.8512,262.9952,485.1392
89,89,675,503.7984,43.10592,273.45215999999994,503.7984,480.0,0.0014814814814814814,1.0,42.4224,273.1104,503.7984
89,89,700,522.4576,44.677119999999995,283.56736,522.4576,480.0,0.0014285714285714286,1.0,43.9936,283.2256,522.4576
90,90,0,0.0,0.0,0.0,0.0,480.0,0.0,1.0,0.0,0.0,0.0
90,90,25,18.8688,2.28,10.574399999999999,18.8688,480.0,0.04,1.0,1.5888,10.2288,18.8688
90,90,50,37.7376,3.868799999999999,20.8032,37.7376,480.0,0.02,1.0,3.1776,20.4576,37.7376
90,90,75,56.6064,5.4576,31.032,56.6064,480.0,0.013333333333333334,1.0,4.7664,30.6864,56.6064
90,90,100,75.4752,7.0464,41.26080000000001,75.4752,480.0,0.01,1.0,6.3552,40.9152,75.4752
90,90,125,94.344,8.6352,51.489599999999996,94.344,480.0,0.008,1.0,7.944,51.144,94.344
90,90,150,113.2128,10.224,61.71840000000001,113.2128,480.0,0.006666666666666667,1.0,9.5328,61.3728,113.2128
90,90,175,132.0816,11.8128,71.9472,132.0816,480.0,0.005714285714285714,1.0,11.1216,71.6016,132.0816
90,90,200,150.9504,13.4016,82.176,150.9504,480.0,0.005,1.0,12.7104,81.8304,150.9504
90,90,225,169.8192,14.9904,92.4048,169.8192,480.0,0.0044444444444444444,1.0,14.2992,92.0592,169.8192
90,90,250,188.688,16.5792,102.6336,188.688,480.0,0.004,1.0,15.888,102.288,188.688
90,90,275,207.5568,18.168,112.86239999999997,207.5568,480.0,0.0036363636363636364,1.0,17.4768,112.5168,207.5568
90,90,300,226.4256,19.7568,123.0912,226.4256,480.0,0.0033333333333333335,1.0,19.0656,122.7456,226.4256
90,90,325,245.2944,21.345599999999997,133.32,245.2944,480.0,0.003076923076923077,1.0,20.6544,132.9744,245.2944
90,90,350,264.1632,22.9344,143.54879999999997,264.1632,480.0,0.002857142857142857,1.0,22.2432,143.2032,264.1632
90,90,375,283.032,24.5232,153.7776,283.032,480.0,0.0026666666666666666,1.0,23.832,153.432,283.032
90,90,400,301.9008,26.112000000000005,164.00640000000004,301.9008,480.0,0.0025,1.0,25.4208,163.6608,301.9008
90,90,425,320.7696,27.700800000000005,174.23520000000002,320.7696,480.0,0.002352941176470588,1.0,27.0096,173.8896,320.7696
90,90,450,339.6384,29.289599999999997,184.46400000000003,339.6384,480.0,0.0022222222222222222,1.0,28.5984,184.1184,339.6384
90,90,475,358.5072,30.8784,194.69280000000003,358.5072,480.0,0.002105263157894737,1.0,30.1872,194.3472,358.5072
90,90,500,377.376,32.4672,204.92159999999998,377.376,480.0,0.002,1.0,31.776,204.576,377.376
90,90,525,396.2448,34.056,215.1504,396.24480000000005,480.0,0.0019047619047619048,1.0,33.3648,214.8048,396.2448
90,90,550,415.1136,35.64479999999999,225.3792,415.1136,480.0,0.0018181818181818182,1.0,34.9536,225.0336,415.1136
90,90,575,433.9824,37.233599999999996,235.608,433.9824,480.0,0.0017391304347826088,1.0,36.5424,235.2624,433.9824
90,90,600,452.8512,38.822399999999995,245.83679999999998,452.8512,480.0,0.0016666666666666668,1.0,38.1312,245.4912,452.8512
90,90,625,471.72,40.4112,256.06559999999996,471.72,480.0,0.0016,1.0,39.72,255.72,471.72
90,90,650,490.5888,42.00000000000001,266.2944,490.5888,480.0,0.0015384615384615385,1.0,41.3088,265.9488,490.5888
90,90,675,509.4576,43.5888,276.5231999999999,509.4576,480.0,0.0014814814814814814,1.0,42.8976,276.1776,509.4576
90,90,700,528.3264,45.17759999999999,286.752,528.3264,480.0,0.0014285714285714286,1.0,44.4864,286.4064,528.3264
91,91,0,0.0,0.0,0.0,0.0,480.0,0.0,1.0,0.0,0.0,0.0
91,91,25,19.0784,2.30528,10.69184,19.0784,480.0,0.04,1.0,1.6064,10.3424,19.0784
91,91,50,38.1568,3.9116799999999996,21.03424,38.1568,480.0,0.02,1.0,3.2128,20.6848,38.1568
91,91,75,57.2352,5.51808,31.37664,57.2352,480.0,0.013333333333333334,1.0,4.8192,31.0272,57.2352
91,91,100,76.3136,7.12448,41.71904,76.3136,480.0,0.01,1.0,6.4256,41.3696,76.3136
91,91,125,95.392,8.730880000000003,52.06143999999999,95.392,480.0,0.008,1.0,8.032,51.712,95.392
91,91,150,114.4704,10.33728,62.40384000000001,114.4704,480.0,0.006666666666666667,1.0,9.6384,62.0544,114.4704
91,91,175,133.5488,11.943680000000002,72.74624,133.5488,480.0,0.005714285714285714,1.0,11.2448,72.3968,133.5488
91,91,200,152.6272,13.550079999999998,83.08864,152.6272,480.0,0.005,1.0,12.8512,82.7392,152.6272
91,91,225,171.7056,15.15648,93.43104,171.7056,480.0,0.0044444444444444444,1.0,14.4576,93.0816,171.7056
91,91,250,190.784,16.762880000000003,103.77344000000001,190.784,480.0,0.004,1.0,16.064,103.424,190.784
91,91,275,209.8624,18.369279999999996,114.11583999999998,209.8624,480.0,0.0036363636363636364,1.0,17.6704,113.7664,209.8624
91,91,300,228.9408,19.97568,124.45824,228.9408,480.0,0.0033333333333333335,1.0,19.2768,124.1088,228.9408
91,91,325,248.0192,21.582079999999998,134.80064,248.0192,480.0,0.003076923076923077,1.0,20.8832,134.4512,248.0192
91,91,350,267.0976,23.188479999999995,145.14304,267.0976,480.0,0.002857142857142857,1.0,22.4896,144.7936,267.0976
91,91,375,286.176,24.794879999999996,155.48544,286.176,480.0,0.0026666666666666666,1.0,24.096,155.136,286.176
91,91,400,305.2544,26.401280000000003,165.82784,305.2544,480.0,0.0025,1.0,25.7024,165.4784,305.2544
91,91,425,324.3328,28.00768,176.17024000000004,324.3328,480.0,0.002352941176470588,1.0,27.3088,175.8208,324.3328
91,91,450,343.4112,29.614079999999994,186.51264000000003,343.4112,480.0,0.0022222222222222222,1.0,28.9152,186.1632,343.4112
91,91,475,362.4896,31.220479999999995,196.85504000000003,362.4896,480.0,0.002105263157894737,1.0,30.5216,196.5056,362.4896
91,91,500,381.568,32.82687999999999,207.19743999999997,381.568,480.0,0.002,1.0,32.128,206.848,381.568
91,91,525,400.6464,34.43328000000001,217.53984,400.6464000000001,480.0,0.0019047619047619048,1.0,33.7344,217.1904,400.6464
91,91,550,419.7248,36.03968,227.88224,419.7248,480.0,0.0018181818181818182,1.0,35.3408,227.5328,419.7248
91,91,575,438.8032,37.64608,238.22463999999997,438.8032,480.0,0.0017391304347826088,1.0,36.9472,237.8752,438.8032
91,91,600,457.8816,39.25248,248.56703999999996,457.8816,480.0,0.0016666666666666668,1.0,38.5536,248.2176,457.8816
91,91,625,476.96,40.85888,258.90943999999996,476.96,480.0,0.0016,1.0,40.16,258.56,476.96
91,91,650,496.0384,42.46528,269.25184,496.0384,480.0,0.0015384615384615385,1.0,41.7664,268.9024,496.0384
91,91,675,515.1168,44.07168,279.59423999999996,515.1168,480.0,0.0014814814814814814,1.0,43.3728,279.2448,515.1168
91,91,700,534.1952,45.678079999999994,289.93664,534.1952,480.0,0.0014285714285714286,1.0,44.9792,289.5872,534.1952
92,92,0,0.0,0.0,0.0,0.0,480.0,0.0,1.0,0.0,0.0,0.0
92,92,25,19.288,2.33056,10.809279999999998,19.288,480.0,0.04,1.0,1.624,10.456,19.288
92,92,50,38.576,3.95456,21.26528,38.576,480.0,0.02,1.0,3.248,20.912,38.576
92,92,75,57.864,5.57856,31.721279999999997,57.864,480.0,0.013333333333333334,1.0,4.872,31.368,57.864
92,92,100,77.152,7.202559999999999,42.17728000000001,77.152,480.0,0.01,1.0,6.496,41.824,77.152
92,92,125,96.44,8.826560000000002,52.63327999999999,96.44,480.0,0.008,1.0,8.12,52.28,96.44
92,92,150,115.728,10.450560000000001,63.08928,115.728,480.0,0.006666666666666667,1.0,9.744,62.736,115.728
92,92,175,135.016,12.074560000000002,73.54528,135.016,480.0,0.005714285714285714,1.0,11.368,73.192,135.016
92,92,200,154.304,13.698559999999999,84.00128,154.304,480.0,0.005,1.0,12.992,83.648,154.304
92,92,225,173.592,15.32256,94.45728,173.592,480.0,0.0044444444444444444,1.0,14.616,94.104,173.592
92,92,250,192.88,16.94656,104.91328000000001,192.88,480.0,0.004,1.0,16.24,104.56,192.88
92,92,275,212.168,18.570559999999997,115.36927999999999,212.168,480.0,0.0036363636363636364,1.0,17.864,115.016,212.168
92,92,300,231.456,20.194560000000003,125.82528000000002,231.456,480.0,0.0033333333333333335,1.0,19.488,125.472,231.456
92,92,325,250.744,21.81856,136.28128,250.744,480.0,0.003076923076923077,1.0,21.112,135.928,250.744
92,92,350,270.032,23.442559999999997,146.73728,270.032,480.0,0.002857142857142857,1.0,22.736,146.384,270.032
92,92,375,289.32,25.06656,157.19327999999996,289.32,480.0,0.0026666666666666666,1.0,24.36,156.84,289.32
92,92,400,308.608,26.690559999999998,167.64928,308.608,480.0,0.0025,1.0,25.984,167.296,308.608
92,92,425,327.896,28.31456,178.10528000000002,327.896,480.0,0.002352941176470588,1.0,27.608,177.752,327.896
92,92,450,347.184,29.93856,188.56128000000004,347.184,480.0,0.0022222222222222222,1.0,29.232,188.208,347.184
92,92,475,366.472,31.562559999999998,199.01728000000003,366.472,480.0,0.002105263157894737,1.0,30.856,198.664,366.472
92,92,500,385.76,33.18655999999999,209.47327999999996,385.76,480.0,0.002,1.0,32.48,209.12,385.76
92,92,525,405.048,34.81056,219.92928,405.04800000000006,480.0,0.0019047619047619048,1.0,34.104,219.576,405.048
92,92,550,424.336,36.43456,230.38528,424.336,480.0,0.0018181818181818182,1.0,35.728,230.032,424.336
92,92,575,443.624,38.05855999999999,240.84127999999998,443.624,480.0,0.0017391304347826088,1.0,37.352,240.488,443.624
92,92,600,462.912,39.68256,251.29728,462.912,480.0,0.0016666666666666668,1.0,38.976,250.944,462.912
92,92,625,482.2,41.30656,261.75327999999996,482.2,480.0,0.0016,1.0,40.6,261.4,482.2
92,92,650,501.488,42.93056000000001,272.2092799999999,501.488,480.0,0.0015384615384615385,1.0,42.224,271.856,501.488
92,92,675,520.776,44.554559999999995,282.66527999999994,520.776,480.0,0.0014814814814814814,1.0,43.848,282.312,520.776
92,92,700,540.064,46.17855999999999,293.12128,540.064,480.0,0.0014285714285714286,1.0,45.472,292.768,540.064
93,93,0,0.0,0.0,0.0,0.0,480.0,0.0,1.0,0.0,0.0,0.0
93,93,25,19.4976,2.35584,10.926719999999998,19.4976,480.0,0.04,1.0,1.6416,10.5696,19.4976
93,93,50,38.9952,3.9974399999999997,21.49632,38.9952,480.0,0.02,1.0,3.2832,21.1392,38.9952
93,93,75,58.4928,5.63904,32.06592,58.4928,480.0,0.013333333333333334,1.0,4.9248,31.7088,58.4928
93,93,100,77.9904,7.280639999999999,42.63552000000001,77.9904,480.0,0.01,1.0,6.5664,42.2784,77.9904
93,93,125,97.488,8.92224,53.205119999999994,97.488,480.0,0.008,1.0,8.208,52.848,97.488
93,93,150,116.9856,10.56384,63.77472000000001,116.9856,480.0,0.006666666666666667,1.0,9.8496,63.4176,116.9856
93,93,175,136.4832,12.205440000000001,74.34432,136.4832,480.0,0.005714285714285714,1.0,11.4912,73.9872,136.4832
93,93,200,155.9808,13.84704,84.91392,155.9808,480.0,0.005,1.0,13.1328,84.5568,155.9808
93,93,225,175.4784,15.488639999999998,95.48352,175.4784,480.0,0.0044444444444444444,1.0,14.7744,95.1264,175.4784
93,93,250,194.976,17.130239999999997,106.05312000000002,194.976,480.0,0.004,1.0,16.416,105.696,194.976
93,93,275,214.4736,18.77184,116.62271999999999,214.4736,480.0,0.0036363636363636364,1.0,18.0576,116.2656,214.4736
93,93,300,233.9712,20.41344,127.19232,233.9712,480.0,0.0033333333333333335,1.0,19.6992,126.8352,233.9712
93,93,325,253.4688,22.055039999999995,137.76192,253.4688,480.0,0.003076923076923077,1.0,21.3408,137.4048,253.4688
93,93,350,272.9664,23.696639999999995,148.33151999999998,272.9664,480.0,0.002857142857142857,1.0,22.9824,147.9744,272.9664
93,93,375,292.464,25.33824,158.90112,292.464,480.0,0.0026666666666666666,1.0,24.624,158.544,292.464
93,93,400,311.9616,26.979840000000003,169.47072000000003,311.9616,480.0,0.0025,1.0,26.2656,169.1136,311.9616
93,93,425,331.4592,28.621440000000007,180.04032000000007,331.4592,480.0,0.002352941176470588,1.0,27.9072,179.6832,331.4592
93,93,450,350.9568,30.26304,190.60992000000002,350.9568,480.0,0.0022222222222222222,1.0,29.5488,190.2528,350.9568
93,93,475,370.4544,31.904640000000004,201.17952000000002,370.4544,480.0,0.002105263157894737,1.0,31.1904,200.8224,370.4544
93,93,500,389.952,33.54623999999999,211.74911999999998,389.952,480.0,0.002,1.0,32.832,211.392,389.952
93,93,525,409.4496,35.18784000000001,222.31872,409.44960000000003,480.0,0.0019047619047619048,1.0,34.4736,221.9616,409.4496
93,93,550,428.9472,36.82943999999999,232.88832,428.9472,480.0,0.0018181818181818182,1.0,36.1152,232.5312,428.9472
93,93,575,448.4448,38.471039999999995,243.45792,448.4448,480.0,0.0017391304347826088,1.0,37.7568,243.1008,448.4448
93,93,600,467.9424,40.11264,254.02751999999998,467.9424,480.0,0.0016666666666666668,1.0,39.3984,253.6704,467.9424
93,93,625,487.44,41.75424,264.59711999999996,487.44,480.0,0.0016,1.0,41.04,264.24,487.44
93,93,650,506.9376,43.39584000000001,275.16672,506.9376,480.0,0.0015384615384615385,1.0,42.6816,274.8096,506.9376
93,93,675,526.4352,45.03744,285.7363199999999,526.4352,480.0,0.0014814814814814814,1.0,44.3232,285.3792,526.4352
93,93,700,545.9328,46.67904,296.30592,545.9328,480.0,0.0014285714285714286,1.0,45.9648,295.9488,545.9328
94,94,0,0.0,0.0,0.0,0.0,480.0,0.0,1.0,0.0,0.0,0.0
94,94,25,19.7072,2.38112,11.04416,19.7072,480.0,0.04,1.0,1.6592,10.6832,19.7072
94,94,50,39.4144,4.0403199999999995,21.72736,39.4144,480.0,0.02,1.0,3.3184,21.3664,39.4144
94,94,75,59.1216,5.699519999999999,32.41056,59.1216,480.0,0.013333333333333334,1.0,4.9776,32.0496,59.1216
94,94,100,78.8288,7.35872,43.09376,78.8288,480.0,0.01,1.0,6.6368,42.7328,78.8288
94,94,125,98.536,9.01792,53.776959999999995,98.536,480.0,0.008,1.0,8.296,53.416,98.536
94,94,150,118.2432,10.67712,64.46016,118.2432,480.0,0.006666666666666667,1.0,9.9552,64.0992,118.2432
94,94,175,137.9504,12.336320000000002,75.14336,137.9504,480.0,0.005714285714285714,1.0,11.6144,74.7824,137.9504
94,94,200,157.6576,13.995519999999997,85.82656,157.6576,480.0,0.005,1.0,13.2736,85.4656,157.6576
94,94,225,177.3648,15.654719999999998,96.50976,177.3648,480.0,0.0044444444444444444,1.0,14.9328,96.1488,177.3648
94,94,250,197.072,17.313920000000003,107.19296000000001,197.072,480.0,0.004,1.0,16.592,106.832,197.072
94,94,275,216.7792,18.97312,117.87615999999997,216.7792,480.0,0.0036363636363636364,1.0,18.2512,117.5152,216.7792
94,94,300,236.4864,20.632320000000004,128.55936,236.4864,480.0,0.0033333333333333335,1.0,19.9104,128.1984,236.4864
94,94,325,256.1936,22.29152,139.24256,256.1936,480.0,0.003076923076923077,1.0,21.5696,138.8816,256.1936
94,94,350,275.9008,23.950719999999997,149.92575999999997,275.9008,480.0,0.002857142857142857,1.0,23.2288,149.5648,275.9008
94,94,375,295.608,25.60992,160.60896,295.608,480.0,0.0026666666666666666,1.0,24.888,160.248,295.608
94,94,400,315.3152,27.26912,171.29216,315.3152,480.0,0.0025,1.0,26.5472,170.9312,315.3152
94,94,425,335.0224,28.92832,181.97536000000002,335.0224,480.0,0.002352941176470588,1.0,28.2064,181.6144,335.0224
94,94,450,354.7296,30.58752,192.65856,354.7296,480.0,0.0022222222222222222,1.0,29.8656,192.2976,354.7296
94,94,475,374.4368,32.24672,203.34176000000002,374.4368,480.0,0.002105263157894737,1.0,31.5248,202.9808,374.4368
94,94,500,394.144,33.90592,214.02495999999996,394.144,480.0,0.002,1.0,33.184,213.664,394.144
94,94,525,413.8512,35.56512000000001,224.70816,413.85120000000006,480.0,0.0019047619047619048,1.0,34.8432,224.3472,413.8512
94,94,550,433.5584,37.22432,235.39136,433.5584,480.0,0.0018181818181818182,1.0,36.5024,235.0304,433.5584
94,94,575,453.2656,38.88351999999999,246.07455999999996,453.2656,480.0,0.0017391304347826088,1.0,38.1616,245.7136,453.2656
94,94,600,472.9728,40.54272,256.75776,472.9728,480.0,0.0016666666666666668,1.0,39.8208,256.3968,472.9728
94,94,625,492.68,42.20192,267.44095999999996,492.68,480.0,0.0016,1.0,41.48,267.08,492.68
94,94,650,512.3872,43.86112,278.12415999999996,512.3872,480.0,0.0015384615384615385,1.0,43.1392,277.7632,512.3872
94,94,675,532.0944,45.52031999999999,288.80735999999996,532.0944,480.0,0.0014814814814814814,1.0,44.7984,288.4464,532.0944
94,94,700,551.8016,47.17952,299.49056,551.8016,480.0,0.0014285714285714286,1.0,46.4576,299.1296,551.8016
95,95,0,0.0,0.0,0.0,0.0,480.0,0.0,1.0,0.0,0.0,0.0
95,95,25,19.9168,2.4064,11.161599999999998,19.9168,480.0,0.04,1.0,1.6768,10.7968,19.9168
95,95,50,39.8336,4.083199999999999,21.9584,39.8336,480.0,0.02,1.0,3.3536,21.5936,39.8336
95,95,75,59.7504,5.76,32.7552,59.7504,480.0,0.013333333333333334,1.0,5.0304,32.3904,59.7504
95,95,100,79.6672,7.4368,43.55200000000001,79.6672,480.0,0.01,1.0,6.7072,43.1872,79.6672
95,95,125,99.584,9.1136,54.34879999999999,99.584,480.0,0.008,1.0,8.384,53.984,99.584
95,95,150,119.5008,10.7904,65.1456,119.5008,480.0,0.006666666666666667,1.0,10.0608,64.7808,119.5008
95,95,175,139.4176,12.467200000000002,75.9424,139.4176,480.0,0.005714285714285714,1.0,11.7376,75.5776,139.4176
95,95,200,159.3344,14.144,86.7392,159.3344,480.0,0.005,1.0,13.4144,86.3744,159.3344
95,95,225,179.2512,15.820800000000002,97.536,179.2512,480.0,0.0044444444444444444,1.0,15.0912,97.1712,179.2512
95,95,250,199.168,17.497600000000002,108.33280000000002,199.168,480.0,0.004,1.0,16.768,107.968,199.168
95,95,275,219.0848,19.1744,119.12959999999997,219.0848,480.0,0.0036363636363636364,1.0,18.4448,118.7648,219.0848
95,95,300,239.0016,20.8512,129.9264,239.0016,480.0,0.0033333333333333335,1.0,20.1216,129.5616,239.0016
95,95,325,258.9184,22.527999999999995,140.7232,258.9184,480.0,0.003076923076923077,1.0,21.7984,140.3584,258.9184
95,95,350,278.8352,24.204799999999995,151.52,278.8352,480.0,0.002857142857142857,1.0,23.4752,151.1552,278.8352
95,95,375,298.752,25.881600000000002,162.3168,298.752,480.0,0.0026666666666666666,1.0,25.152,161.952,298.752
95,95,400,318.6688,27.5584,173.11360000000002,318.6688,480.0,0.0025,1.0,26.8288,172.7488,318.6688
95,95,425,338.5856,29.235200000000003,183.91040000000004,338.5856,480.0,0.002352941176470588,1.0,28.5056,183.5456,338.5856
95,95,450,358.5024,30.911999999999995,194.7072,358.5024,480.0,0.0022222222222222222,1.0,30.1824,194.3424,358.5024
95,95,475,378.4192,32.5888,205.50400000000002,378.4192,480.0,0.002105263157894737,1.0,31.8592,205.1392,378.4192
95,95,500,398.336,34.26559999999999,216.30079999999998,398.336,480.0,0.002,1.0,33.536,215.936,398.336
95,95,525,418.2528,35.9424,227.0976,418.25280000000004,480.0,0.0019047619047619048,1.0,35.2128,226.7328,418.2528
95,95,550,438.1696,37.61919999999999,237.8944,438.1696,480.0,0.0018181818181818182,1.0,36.8896,237.5296,438.1696
95,95,575,458.0864,39.29599999999999,248.69119999999998,458.0864,480.0,0.0017391304347826088,1.0,38.5664,248.3264,458.0864
95,95,600,478.0032,40.9728,259.48799999999994,478.0032,480.0,0.0016666666666666668,1.0,40.2432,259.1232,478.0032
95,95,625,497.92,42.6496,270.28479999999996,497.92,480.0,0.0016,1.0,41.92,269.92,497.92
95,95,650,517.8368,44.32640000000001,281.0816,517.8368,480.0,0.0015384615384615385,1.0,43.5968,280.7168,517.8368
95,95,675,537.7536,46.00319999999999,291.87839999999994,537.7536,480.0,0.0014814814814814814,1.0,45.2736,291.5136,537.7536
95,95,700,557.6704,47.68,302.6752,557.6704,480.0,0.0014285714285714286,1.0,46.9504,302.3104,557.6704
96,96,0,0.0,0.0,0.0,0.0,480.0,0.0,1.0,0.0,0.0,0.0
96,96,25,20.1264,2.4316800000000005,11.27904,20.1264,480.0,0.04,1.0,1.6944,10.9104,20.1264
96,96,50,40.2528,4.12608,22.189440000000005,40.2528,480.0,0.02,1.0,3.3888,21.8208,40.2528
96,96,75,60.3792,5.82048,33.09983999999999,60.3792,480.0,0.013333333333333334,1.0,5.0832,32.7312,60.3792
96,96,100,80.5056,7.514879999999999,44.01024,80.5056,480.0,0.01,1.0,6.7776,43.6416,80.5056
96,96,125,100.632,9.20928,54.92063999999999,100.632,480.0,0.008,1.0,8.472,54.552,100.632
96,96,150,120.7584,10.903680000000001,65.83104,120.7584,480.0,0.006666666666666667,1.0,10.1664,65.4624,120.7584
96,96,175,140.8848,12.598080000000001,76.74144,140.8848,480.0,0.005714285714285714,1.0,11.8608,76.3728,140.8848
96,96,200,161.0112,14.292479999999998,87.65183999999998,161.0112,480.0,0.005,1.0,13.5552,87.2832,161.0112
96,96,225,181.1376,15.98688,98.56224,181.1376,480.0,0.0044444444444444444,1.0,15.2496,98.1936,181.1376
96,96,250,201.264,17.68128,109.47264000000001,201.264,480.0,0.004,1.0,16.944,109.104,201.264
96,96,275,221.3904,19.375679999999996,120.38303999999998,221.3904,480.0,0.0036363636363636364,1.0,18.6384,120.0144,221.3904
96,96,300,241.5168,21.07008,131.29344,241.5168,480.0,0.0033333333333333335,1.0,20.3328,130.9248,241.5168
96,96,325,261.6432,22.764479999999995,142.20384,261.6432,480.0,0.003076923076923077,1.0,22.0272,141.8352,261.6432
96,96,350,281.7696,24.458879999999997,153.11423999999997,281.7696,480.0,0.002857142857142857,1.0,23.7216,152.7456,281.7696
96,96,375,301.896,26.15328,164.02464,301.896,480.0,0.0026666666666666666,1.0,25.416,163.656,301.896
96,96,400,322.0224,27.847680000000004,174.93504,322.0224,480.0,0.0025,1.0,27.1104,174.5664,322.0224
96,96,425,342.1488,29.542080000000002,185.84544000000002,342.1488,480.0,0.002352941176470588,1.0,28.8048,185.4768,342.1488
96,96,450,362.2752,31.236479999999997,196.75584000000003,362.2752,480.0,0.0022222222222222222,1.0,30.4992,196.3872,362.2752
96,96,475,382.4016,32.93088,207.66624000000002,382.4016,480.0,0.002105263157894737,1.0,32.1936,207.2976,382.4016
96,96,500,402.528,34.62528,218.57663999999997,402.528,480.0,0.002,1.0,33.888,218.208,402.528
96,96,525,422.6544,36.319680000000005,229.48704,422.6544000000001,480.0,0.0019047619047619048,1.0,35.5824,229.1184,422.6544
96,96,550,442.7808,38.01407999999999,240.39743999999996,442.7808,480.0,0.0018181818181818182,1.0,37.2768,240.0288,442.7808
96,96,575,462.9072,39.708479999999994,251.30783999999997,462.9072,480.0,0.0017391304347826088,1.0,38.9712,250.9392,462.9072
96,96,600,483.0336,41.40287999999999,262.21824,483.0336,480.0,0.0016666666666666668,1.0,40.6656,261.8496,483.0336
96,96,625,503.16,43.09728,273.12863999999996,503.16,480.0,0.0016,1.0,42.36,272.76,503.16
96,96,650,523.2864,44.79168000000001,284.03904,523.2864,480.0,0.0015384615384615385,1.0,44.0544,283.6704,523.2864
96,96,675,543.4128,46.48608,294.9494399999999,543.4128,480.0,0.0014814814814814814,1.0,45.7488,294.5808,543.4128
96,96,700,563.5392,48.18048,305.85984,563.5392,480.0,0.0014285714285714286,1.0,47.4432,305.4912,563.5392
97,97,0,0.0,0.0,0.0,0.0,480.0,0.0,1.0,0.0,0.0,0.0
97,97,25,20.336,2.45696,11.396479999999999,20.336,480.0,0.04,1.0,1.712,11.024,20.336
97,97,50,40.672,4.16896,22.42048,40.672,480.0,0.02,1.0,3.424,22.048,40.672
97,97,75,61.008,5.88096,33.44448,61.008,480.0,0.013333333333333334,1.0,5.136,33.072,61.008
97,97,100,81.344,7.592959999999999,44.46848000000001,81.344,480.0,0.01,1.0,6.848,44.096,81.344
97,97,125,101.68,9.304960000000001,55.492479999999986,101.68,480.0,0.008,1.0,8.56,55.12,101.68
97,97,150,122.016,11.016960000000003,66.51648,122.016,480.0,0.006666666666666667,1.0,10.272,66.144,122.016
97,97,175,142.352,12.72896,77.54048,142.352,480.0,0.005714285714285714,1.0,11.984,77.168,142.352
97,97,200,162.688,14.44096,88.56448,162.688,480.0,0.005,1.0,13.696,88.192,162.688
97,97,225,183.024,16.15296,99.58848,183.024,480.0,0.0044444444444444444,1.0,15.408,99.216,183.024
97,97,250,203.36,17.86496,110.61248000000002,203.36,480.0,0.004,1.0,17.12,110.24,203.36
97,97,275,223.696,19.57696,121.63647999999999,223.696,480.0,0.0036363636363636364,1.0,18.832,121.264,223.696
97,97,300,244.032,21.28896,132.66048,244.032,480.0,0.0033333333333333335,1.0,20.544,132.288,244.032
97,97,325,264.368,23.00096,143.68448,264.368,480.0,0.003076923076923077,1.0,22.256,143.312,264.368
97,97,350,284.704,24.712959999999995,154.70847999999998,284.704,480.0,0.002857142857142857,1.0,23.968,154.336,284.704
97,97,375,305.04,26.42496,165.73248,305.04,480.0,0.0026666666666666666,1.0,25.68,165.36,305.04
97,97,400,325.376,28.136960000000002,176.75648,325.376,480.0,0.0025,1.0,27.392,176.384,325.376
97,97,425,345.712,29.848960000000005,187.78048000000004,345.712,480.0,0.002352941176470588,1.0,29.104,187.408,345.712
97,97,450,366.048,31.560959999999998,198.80448000000004,366.048,480.0,0.0022222222222222222,1.0,30.816,198.432,366.048
97,97,475,386.384,33.27296,209.82848000000004,386.384,480.0,0.002105263157894737,1.0,32.528,209.456,386.384
97,97,500,406.72,34.984959999999994,220.85247999999996,406.72,480.0,0.002,1.0,34.24,220.48,406.72
97,97,525,427.056,36.69696,231.87648,427.0560000000001,480.0,0.0019047619047619048,1.0,35.952,231.504,427.056
97,97,550,447.392,38.40895999999999,242.90048,447.392,480.0,0.0018181818181818182,1.0,37.664,242.528,447.392
97,97,575,467.728,40.12096,253.92448,467.728,480.0,0.0017391304347826088,1.0,39.376,253.552,467.728
97,97,600,488.064,41.83295999999999,264.94848,488.064,480.0,0.0016666666666666668,1.0,41.088,264.576,488.064
97,97,625,508.4,43.54496,275.97247999999996,508.4,480.0,0.0016,1.0,42.8,275.6,508.4
97,97,650,528.736,45.25696000000001,286.99647999999996,528.736,480.0,0.0015384615384615385,1.0,44.512,286.624,528.736
97,97,675,549.072,46.968959999999996,298.02047999999996,549.072,480.0,0.0014814814814814814,1.0,46.224,297.648,549.072
97,97,700,569.408,48.68096,309.04448,569.408,480.0,0.0014285714285714286,1.0,47.936,308.672,569.408
98,98,0,0.0,0.0,0.0,0.0,480.0,0.0,1.0,0.0,0.0,0.0
98,98,25,20.5456,2.48224,11.513919999999999,20.5456,480.0,0.04,1.0,1.7296,11.1376,20.5456
98,98,50,41.0912,4.211839999999999,22.65152,41.0912,480.0,0.02,1.0,3.4592,22.2752,41.0912
98,98,75,61.6368,5.94144,33.78912,61.6368,480.0,0.013333333333333334,1.0,5.1888,33.4128,61.6368
98,98,100,82.1824,7.671039999999999,44.92672000000001,82.1824,480.0,0.01,1.0,6.9184,44.5504,82.1824
98,98,125,102.728,9.400640000000001,56.064319999999995,102.728,480.0,0.008,1.0,8.648,55.688,102.728
98,98,150,123.2736,11.13024,67.20192,123.2736,480.0,0.006666666666666667,1.0,10.3776,66.8256,123.2736
98,98,175,143.8192,12.85984,78.33952,143.8192,480.0,0.005714285714285714,1.0,12.1072,77.9632,143.8192
98,98,200,164.3648,14.58944,89.47712,164.3648,480.0,0.005,1.0,13.8368,89.1008,164.3648
98,98,225,184.9104,16.31904,100.61472,184.9104,480.0,0.0044444444444444444,1.0,15.5664,100.2384,184.9104
98,98,250,205.456,18.04864,111.75232,205.456,480.0,0.004,1.0,17.296,111.376,205.456
98,98,275,226.0016,19.77824,122.88991999999999,226.0016,480.0,0.0036363636363636364,1.0,19.0256,122.5136,226.0016
98,98,300,246.5472,21.50784,134.02752,246.5472,480.0,0.0033333333333333335,1.0,20.7552,133.6512,246.5472
98,98,325,267.0928,23.237439999999996,145.16512,267.0928,480.0,0.003076923076923077,1.0,22.4848,144.7888,267.0928
98,98,350,287.6384,24.967039999999997,156.30271999999997,287.6384,480.0,0.002857142857142857,1.0,24.2144,155.9264,287.6384
98,98,375,308.184,26.696640000000002,167.44032,308.184,480.0,0.0026666666666666666,1.0,25.944,167.064,308.184
98,98,400,328.7296,28.426240000000004,178.57792000000003,328.7296,480.0,0.0025,1.0,27.6736,178.2016,328.7296
98,98,425,349.2752,30.155840000000005,189.71552000000003,349.2752,480.0,0.002352941176470588,1.0,29.4032,189.3392,349.2752
98,98,450,369.8208,31.885439999999996,200.85312000000002,369.8208,480.0,0.0022222222222222222,1.0,31.1328,200.4768,369.8208
98,98,475,390.3664,33.61504,211.99072000000004,390.3664,480.0,0.002105263157894737,1.0,32.8624,211.6144,390.3664
98,98,500,410.912,35.34463999999999,223.12831999999997,410.912,480.0,0.002,1.0,34.592,222.752,410.912
98,98,525,431.4576,37.07424,234.26592,431.4576000000001,480.0,0.0019047619047619048,1.0,36.3216,233.8896,431.4576
98,98,550,452.0032,38.803839999999994,245.40352,452.0032,480.0,0.0018181818181818182,1.0,38.0512,245.0272,452.0032
98,98,575,472.5488,40.53344,256.54112,472.5488,480.0,0.0017391304347826088,1.0,39.7808,256.1648,472.5488
98,98,600,493.0944,42.26304,267.67872,493.0944,480.0,0.0016666666666666668,1.0,41.5104,267.3024,493.0944
98,98,625,513.64,43.99264,278.81631999999996,513.64,480.0,0.0016,1.0,43.24,278.44,513.64
98,98,650,534.1856,45.72224,289.95392,534.1856,480.0,0.0015384615384615385,1.0,44.9696,289.5776,534.1856
98,98,675,554.7312,47.45184,301.09151999999995,554.7312,480.0,0.0014814814814814814,1.0,46.6992,300.7152,554.7312
98,98,700,575.2768,49.18144,312.22912,575.2768,480.0,0.0014285714285714286,1.0,48.4288,311.8528,575.2768
99,99,0,0.0,0.0,0.0,0.0,480.0,0.0,1.0,0.0,0.0,0.0
99,99,25,20.7552,2.50752,11.63136,20.7552,480.0,0.04,1.0,1.7472,11.2512,20.7552
99,99,50,41.5104,4.25472,22.88256,41.5104,480.0,0.02,1.0,3.4944,22.5024,41.5104
99,99,75,62.2656,6.001919999999999,34.13376,62.2656,480.0,0.013333333333333334,1.0,5.2416,33.7536,62.2656
99,99,100,83.0208,7.74912,45.38496,83.0208,480.0,0.01,1.0,6.9888,45.0048,83.0208
99,99,125,103.776,9.496320000000003,56.63615999999999,103.776,480.0,0.008,1.0,8.736,56.256,103.776
99,99,150,124.5312,11.24352,67.88736,124.5312,480.0,0.006666666666666667,1.0,10.4832,67.5072,124.5312
99,99,175,145.2864,12.99072,79.13856,145.2864,480.0,0.005714285714285714,1.0,12.2304,78.7584,145.2864
99,99,200,166.0416,14.737919999999999,90.38976,166.0416,480.0,0.005,1.0,13.9776,90.0096,166.0416
99,99,225,186.7968,16.48512,101.64096,186.7968,480.0,0.0044444444444444444,1.0,15.7248,101.2608,186.7968
99,99,250,207.552,18.23232,112.89216000000002,207.552,480.0,0.004,1.0,17.472,112.512,207.552
99,99,275,228.3072,19.979519999999997,124.14335999999997,228.3072,480.0,0.0036363636363636364,1.0,19.2192,123.7632,228.3072
99,99,300,249.0624,21.726720000000004,135.39456,249.0624,480.0,0.0033333333333333335,1.0,20.9664,135.0144,249.0624
99,99,325,269.8176,23.473919999999996,146.64576,269.8176,480.0,0.003076923076923077,1.0,22.7136,146.2656,269.8176
99,99,350,290.5728,25.22112,157.89696,290.5728,480.0,0.002857142857142857,1.0,24.4608,157.5168,290.5728
99,99,375,311.328,26.96832,169.14815999999996,311.328,480.0,0.0026666666666666666,1.0,26.208,168.768,311.328
99,99,400,332.0832,28.71552,180.39936,332.0832,480.0,0.0025,1.0,27.9552,180.0192,332.0832
99,99,425,352.8384,30.46272,191.65056000000004,352.8384,480.0,0.002352941176470588,1.0,29.7024,191.2704,352.8384
99,99,450,373.5936,32.20992,202.90176000000002,373.5936,480.0,0.0022222222222222222,1.0,31.4496,202.5216,373.5936
99,99,475,394.3488,33.95711999999999,214.15296000000004,394.3488,480.0,0.002105263157894737,1.0,33.1968,213.7728,394.3488
99,99,500,415.104,35.704319999999996,225.40415999999996,415.104,480.0,0.002,1.0,34.944,225.024,415.104
99,99,525,435.8592,37.45152000000001,236.65536,435.8592000000001,480.0,0.0019047619047619048,1.0,36.6912,236.2752,435.8592
99,99,550,456.6144,39.19872,247.90656,456.6144,480.0,0.0018181818181818182,1.0,38.4384,247.5264,456.6144
99,99,575,477.3696,40.94592,259.15776,477.3696,480.0,0.0017391304347826088,1.0,40.1856,258.7776,477.3696
99,99,600,498.1248,42.69312,270.40896,498.1248,480.0,0.0016666666666666668,1.0,41.9328,270.0288,498.1248
99,99,625,518.88,44.44032,281.66015999999996,518.88,480.0,0.0016,1.0,43.68,281.28,518.88
99,99,650,539.6352,46.18752,292.91135999999995,539.6352,480.0,0.0015384615384615385,1.0,45.4272,292.5312,539.6352
99,99,675,560.3904,47.93471999999999,304.1625599999999,560.3904,480.0,0.0014814814814814814,1.0,47.1744,303.7824,560.3904
99,99,700,581.1456,49.68192,315.41376,581.1456,480.0,0.0014285714285714286,1.0,48.9216,315.0336,581.1456
100,100,0,0.0,0.0,0.0,0.0,480.0,0.0,1.0,0.0,0.0,0.0
100,100,25,20.9648,2.5328,11.748799999999997,20.9648,480.0,0.04,1.0,1.7648,11.3648,20.9648
100,100,50,41.9296,4.297599999999999,23.1136,41.9296,480.0,0.02,1.0,3.5296,22.7296,41.9296
100,100,75,62.8944,6.0624,34.4784,62.8944,480.0,0.013333333333333334,1.0,5.2944,34.0944,62.8944
100,100,100,83.8592,7.8272,45.84320000000001,83.8592,480.0,0.01,1.0,7.0592,45.4592,83.8592
100,100,125,104.824,9.592,57.20799999999999,104.824,480.0,0.008,1.0,8.824,56.824,104.824
100,100,150,125.7888,11.3568,68.57280000000002,125.7888,480.0,0.006666666666666667,1.0,10.5888,68.1888,125.7888
100,100,175,146.7536,13.121600000000003,79.9376,146.7536,480.0,0.005714285714285714,1.0,12.3536,79.5536,146.7536
100,100,200,167.7184,14.8864,91.3024,167.7184,480.0,0.005,1.0,14.1184,90.9184,167.7184
100,100,225,188.6832,16.6512,102.6672,188.6832,480.0,0.0044444444444444444,1.0,15.8832,102.2832,188.6832
100,100,250,209.648,18.416,114.03200000000001,209.648,480.0,0.004,1.0,17.648,113.648,209.648
100,100,275,230.6128,20.180799999999998,125.39679999999997,230.6128,480.0,0.0036363636363636364,1.0,19.4128,125.0128,230.6128
100,100,300,251.5776,21.9456,136.7616,251.5776,480.0,0.0033333333333333335,1.0,21.1776,136.3776,251.5776
100,100,325,272.5424,23.710399999999996,148.1264,272.5424,480.0,0.003076923076923077,1.0,22.9424,147.7424,272.5424
100,100,350,293.5072,25.4752,159.49119999999996,293.5072,480.0,0.002857142857142857,1.0,24.7072,159.1072,293.5072
100,100,375,314.472,27.24,170.856,314.472,480.0,0.0026666666666666666,1.0,26.472,170.472,314.472
100,100,400,335.4368,29.0048,182.22080000000003,335.4368,480.0,0.0025,1.0,28.2368,181.8368,335.4368
100,100,425,356.4016,30.7696,193.58560000000006,356.4016,480.0,0.002352941176470588,1.0,30.0016,193.2016,356.4016
100,100,450,377.3664,32.5344,204.95040000000003,377.3664,480.0,0.0022222222222222222,1.0,31.7664,204.5664,377.3664
100,100,475,398.3312,34.29919999999999,216.31520000000003,398.3312,480.0,0.002105263157894737,1.0,33.5312,215.9312,398.3312
100,100,500,419.296,36.06399999999999,227.67999999999998,419.296,480.0,0.002,1.0,35.296,227.296,419.296
100,100,525,440.2608,37.8288,239.0448,440.26080000000013,480.0,0.0019047619047619048,1.0,37.0608,238.6608,440.2608
100,100,550,461.2256,39.5936,250.4096,461.2256,480.0,0.0018181818181818182,1.0,38.8256,250.0256,461.2256
100,100,575,482.1904,41.3584,261.77439999999996,482.1904,480.0,0.0017391304347826088,1.0,40.5904,261.3904,482.1904
100,100,600,503.1552,43.1232,273.13919999999996,503.1552,480.0,0.0016666666666666668,1.0,42.3552,272.7552,503.1552
100,100,625,524.12,44.888,284.50399999999996,524.12,480.0,0.0016,1.0,44.12,284.12,524.12
100,100,650,545.0848,46.652800000000006,295.8688,545.0848,480.0,0.0015384615384615385,1.0,45.8848,295.4848,545.0848
100,100,675,566.0496,48.4176,307.23359999999997,566.0496,480.0,0.0014814814814814814,1.0,47.6496,306.8496,566.0496
100,100,700,587.0144,50.1824,318.5984000000001,587.0144,480.0,0.0014285714285714286,1.0,49.4144,318.2144,587.0144
