elapsed_s,mul_start_time,raw_offset,packet_sequence,declared_length,received_bytes,outer_crc_ok,parse_ok,updated_mask,module_statuses,algorithms,error
0.006056,2026-09-01T19:10:10.687+01:00,0,134105,3172,3172,True,True,0x0B,"OK,OK,NO_IRQ,OK","FULL,FULL,NONE,FULL",
0.006428,2026-09-01T19:10:10.693+01:00,3172,134106,3172,3172,True,True,0x0B,"OK,OK,NO_IRQ,OK","FULL,FULL,NONE,FULL",
0.008675,2026-09-01T19:10:10.694+01:00,6344,134107,3172,3172,True,True,0x0B,"OK,OK,NO_IRQ,OK","FULL,FULL,NONE,FULL",
0.013926,2026-09-01T19:10:10.696+01:00,9516,134108,3172,3172,True,True,0x0B,"OK,OK,NO_IRQ,OK","FULL,FULL,NONE,FULL",
0.024500,2026-09-01T19:10:10.701+01:00,12688,134109,3172,3172,True,True,0x0B,"OK,OK,NO_IRQ,OK","FULL,FULL,NONE,FULL",
0.050827,2026-09-01T19:10:10.738+01:00,15860,134110,3172,3172,True,True,0x0B,"OK,OK,NO_IRQ,OK","FULL,FULL,NONE,FULL",
0.058226,2026-09-01T19:10:10.738+01:00,19032,134111,3172,3172,True,True,0x0B,"OK,OK,NO_IRQ,OK","FULL,FULL,NONE,FULL",
0.058739,2026-09-01T19:10:10.746+01:00,22204,134112,3172,3172,True,True,0x0B,"OK,OK,NO_IRQ,OK","FULL,FULL,NONE,FULL",
0.059005,2026-09-01T19:10:10.746+01:00,25376,134113,3172,3172,True,True,0x0B,"OK,OK,NO_IRQ,OK","FULL,FULL,NONE,FULL",
0.059227,2026-09-01T19:10:10.746+01:00,28548,134114,3172,3172,True,True,0x0B,"OK,OK,NO_IRQ,OK","FULL,FULL,NONE,FULL",
0.059800,2026-09-01T19:10:10.746+01:00,31720,134115,3172,3172,True,True,0x0B,"OK,OK,NO_IRQ,OK","FULL,FULL,NONE,FULL",
0.060534,2026-09-01T19:10:10.747+01:00,34892,134116,3172,3172,True,True,0x0B,"OK,OK,NO_IRQ,OK","FULL,FULL,NONE,FULL",
0.061108,2026-09-01T19:10:10.748+01:00,38064,134117,3172,3172,True,True,0x0B,"OK,OK,NO_IRQ,OK","FULL,FULL,NONE,FULL",
0.063769,2026-09-01T19:10:10.748+01:00,41236,134118,3172,3172,True,True,0x0B,"OK,OK,NO_IRQ,OK","FULL,FULL,NONE,FULL",
0.068680,2026-09-01T19:10:10.751+01:00,44408,134119,3172,3172,True,True,0x0B,"OK,OK,NO_IRQ,OK","FULL,FULL,NONE,FULL",
0.074126,2026-09-01T19:10:10.756+01:00,47580,134120,3172,3172,True,True,0x0B,"OK,OK,NO_IRQ,OK","FULL,FULL,NONE,FULL",
0.078649,2026-09-01T19:10:10.761+01:00,50752,134121,3172,3172,True,True,0x0B,"OK,OK,NO_IRQ,OK","FULL,FULL,NONE,FULL",
0.083977,2026-09-01T19:10:10.766+01:00,53924,134122,3172,3172,True,True,0x0B,"OK,OK,NO_IRQ,OK","FULL,FULL,NONE,FULL",
0.088716,2026-09-01T19:10:10.771+01:00,57096,134123,3172,3172,True,True,0x0B,"OK,OK,NO_IRQ,OK","FULL,FULL,NONE,FULL",
0.095279,2026-09-01T19:10:10.776+01:00,60268,134124,3172,3172,True,True,0x0B,"OK,OK,NO_IRQ,OK","FULL,FULL,NONE,FULL",
0.099099,2026-09-01T19:10:10.783+01:00,63440,134125,3172,3172,True,True,0x0B,"OK,OK,NO_IRQ,OK","FULL,FULL,NONE,FULL",
0.103739,2026-09-01T19:10:10.787+01:00,66612,134126,3172,3172,True,True,0x0B,"OK,OK,NO_IRQ,OK","FULL,FULL,NONE,FULL",
0.113350,2026-09-01T19:10:10.791+01:00,69784,134127,3172,3172,True,True,0x0B,"OK,OK,NO_IRQ,OK","FULL,FULL,NONE,FULL",
0.114039,2026-09-01T19:10:10.801+01:00,72956,134128,3172,3172,True,True,0x0B,"OK,OK,NO_IRQ,OK","FULL,FULL,NONE,FULL",
0.119215,2026-09-01T19:10:10.802+01:00,76128,134129,3172,3172,True,True,0x0B,"OK,OK,NO_IRQ,OK","FULL,FULL,NONE,FULL",
0.126732,2026-09-01T19:10:10.806+01:00,79300,134130,3172,3172,True,True,0x0B,"OK,OK,NO_IRQ,OK","FULL,FULL,NONE,FULL",
0.130211,2026-09-01T19:10:10.817+01:00,82472,134131,3172,3172,True,True,0x0B,"OK,OK,NO_IRQ,OK","FULL,FULL,NONE,FULL",
0.133956,2026-09-01T19:10:10.817+01:00,85644,134132,3172,3172,True,True,0x0B,"OK,OK,NO_IRQ,OK","FULL,FULL,NONE,FULL",
0.138865,2026-09-01T19:10:10.821+01:00,88816,134133,3172,3172,True,True,0x0B,"OK,OK,NO_IRQ,OK","FULL,FULL,NONE,FULL",
0.143787,2026-09-01T19:10:10.826+01:00,91988,134134,3172,3172,True,True,0x0B,"OK,OK,NO_IRQ,OK","FULL,FULL,NONE,FULL",
0.149984,2026-09-01T19:10:10.831+01:00,95160,134135,3172,3172,True,True,0x0B,"OK,OK,NO_IRQ,OK","FULL,FULL,NONE,FULL",
0.153873,2026-09-01T19:10:10.837+01:00,98332,134136,3172,3172,True,True,0x0B,"OK,OK,NO_IRQ,OK","FULL,FULL,NONE,FULL",
0.158806,2026-09-01T19:10:10.841+01:00,101504,134137,3172,3172,True,True,0x0B,"OK,OK,NO_IRQ,OK","FULL,FULL,NONE,FULL",
0.169739,2026-09-01T19:10:10.846+01:00,104676,134138,3172,3172,True,True,0x0B,"OK,OK,NO_IRQ,OK","FULL,FULL,NONE,FULL",
0.170097,2026-09-01T19:10:10.857+01:00,107848,134139,3172,3172,True,True,0x0B,"OK,OK,NO_IRQ,OK","FULL,FULL,NONE,FULL",
0.173794,2026-09-01T19:10:10.857+01:00,111020,134140,3172,3172,True,True,0x0B,"OK,OK,NO_IRQ,OK","FULL,FULL,NONE,FULL",
0.181099,2026-09-01T19:10:10.861+01:00,114192,134141,3172,3172,True,True,0x0B,"OK,OK,NO_IRQ,OK","FULL,FULL,NONE,FULL",
0.187475,2026-09-01T19:10:10.869+01:00,117364,134142,3172,3172,True,True,0x0B,"OK,OK,NO_IRQ,OK","FULL,FULL,NONE,FULL",
0.190977,2026-09-01T19:10:10.875+01:00,120536,134143,3172,3172,True,True,0x0B,"OK,OK,NO_IRQ,OK","FULL,FULL,NONE,FULL",
0.193811,2026-09-01T19:10:10.878+01:00,123708,134144,3172,3172,True,True,0x0B,"OK,OK,NO_IRQ,OK","FULL,FULL,NONE,FULL",
0.205073,2026-09-01T19:10:10.881+01:00,126880,134145,3172,3172,True,True,0x0B,"OK,OK,NO_IRQ,OK","FULL,FULL,NONE,FULL",
0.205403,2026-09-01T19:10:10.892+01:00,130052,134146,3172,3172,True,True,0x0B,"OK,OK,NO_IRQ,OK","FULL,FULL,NONE,FULL",
0.208894,2026-09-01T19:10:10.893+01:00,133224,134147,3172,3172,True,True,0x0B,"OK,OK,NO_IRQ,OK","FULL,FULL,NONE,FULL",
0.213894,2026-09-01T19:10:10.896+01:00,136396,134148,3172,3172,True,True,0x0B,"OK,OK,NO_IRQ,OK","FULL,FULL,NONE,FULL",
0.224842,2026-09-01T19:10:10.901+01:00,139568,134149,3172,3172,True,True,0x0B,"OK,OK,NO_IRQ,OK","FULL,FULL,NONE,FULL",
0.225106,2026-09-01T19:10:10.912+01:00,142740,134150,3172,3172,True,True,0x0B,"OK,OK,NO_IRQ,OK","FULL,FULL,NONE,FULL",
0.229007,2026-09-01T19:10:10.912+01:00,145912,134151,3172,3172,True,True,0x0B,"OK,OK,NO_IRQ,OK","FULL,FULL,NONE,FULL",
0.234083,2026-09-01T19:10:10.916+01:00,149084,134152,3172,3172,True,True,0x0B,"OK,OK,NO_IRQ,OK","FULL,FULL,NONE,FULL",
0.241264,2026-09-01T19:10:10.921+01:00,152256,134153,3172,3172,True,True,0x0B,"OK,OK,NO_IRQ,OK","FULL,FULL,NONE,FULL",
0.244326,2026-09-01T19:10:10.928+01:00,155428,134154,3172,3172,True,True,0x0B,"OK,OK,NO_IRQ,OK","FULL,FULL,NONE,FULL",
0.249200,2026-09-01T19:10:10.932+01:00,158600,134155,3172,3172,True,True,0x0B,"OK,OK,NO_IRQ,OK","FULL,FULL,NONE,FULL",
0.259587,2026-09-01T19:10:10.936+01:00,161772,134156,3172,3172,True,True,0x0B,"OK,OK,NO_IRQ,OK","FULL,FULL,NONE,FULL",
0.260351,2026-09-01T19:10:10.947+01:00,164944,134157,3172,3172,True,True,0x0B,"OK,OK,NO_IRQ,OK","FULL,FULL,NONE,FULL",
0.264165,2026-09-01T19:10:10.948+01:00,168116,134158,3172,3172,True,True,0x0B,"OK,OK,NO_IRQ,OK","FULL,FULL,NONE,FULL",
0.269021,2026-09-01T19:10:10.951+01:00,171288,134159,3172,3172,True,True,0x0B,"OK,OK,NO_IRQ,OK","FULL,FULL,NONE,FULL",
0.276701,2026-09-01T19:10:10.956+01:00,174460,134160,3172,3172,True,True,0x0B,"OK,OK,NO_IRQ,OK","FULL,FULL,NONE,FULL",
0.279146,2026-09-01T19:10:10.964+01:00,177632,134161,3172,3172,True,True,0x0B,"OK,OK,NO_IRQ,OK","FULL,FULL,NONE,FULL",
0.284181,2026-09-01T19:10:10.966+01:00,180804,134162,3172,3172,True,True,0x0B,"OK,OK,NO_IRQ,OK","FULL,FULL,NONE,FULL",
0.290202,2026-09-01T19:10:10.971+01:00,183976,134163,3172,3172,True,True,0x0B,"OK,OK,NO_IRQ,OK","FULL,FULL,NONE,FULL",
0.294730,2026-09-01T19:10:10.978+01:00,187148,134164,3172,3172,True,True,0x0B,"OK,OK,NO_IRQ,OK","FULL,FULL,NONE,FULL",
0.298961,2026-09-01T19:10:10.982+01:00,190320,134165,3172,3172,True,True,0x0B,"OK,OK,NO_IRQ,OK","FULL,FULL,NONE,FULL",
0.304348,2026-09-01T19:10:10.986+01:00,193492,134166,3172,3172,True,True,0x0B,"OK,OK,NO_IRQ,OK","FULL,FULL,NONE,FULL",
0.312209,2026-09-01T19:10:10.992+01:00,196664,134167,3172,3172,True,True,0x0B,"OK,OK,NO_IRQ,OK","FULL,FULL,NONE,FULL",
0.313967,2026-09-01T19:10:10.999+01:00,199836,134168,3172,3172,True,True,0x0B,"OK,OK,NO_IRQ,OK","FULL,FULL,NONE,FULL",
0.319240,2026-09-01T19:10:11.001+01:00,203008,134169,3172,3172,True,True,0x0B,"OK,OK,NO_IRQ,OK","FULL,FULL,NONE,FULL",
0.325847,2026-09-01T19:10:11.007+01:00,206180,134170,3172,3172,True,True,0x0B,"OK,OK,NO_IRQ,OK","FULL,FULL,NONE,FULL",
0.329154,2026-09-01T19:10:11.013+01:00,209352,134171,3172,3172,True,True,0x0B,"OK,OK,NO_IRQ,OK","FULL,FULL,NONE,FULL",
0.334018,2026-09-01T19:10:11.016+01:00,212524,134172,3172,3172,True,True,0x0B,"OK,OK,NO_IRQ,OK","FULL,FULL,NONE,FULL",
0.339203,2026-09-01T19:10:11.021+01:00,215696,134173,3172,3172,True,True,0x0B,"OK,OK,NO_IRQ,OK","FULL,FULL,NONE,FULL",
0.351126,2026-09-01T19:10:11.026+01:00,218868,134174,3172,3172,True,True,0x0B,"OK,OK,NO_IRQ,OK","FULL,FULL,NONE,FULL",
0.356002,2026-09-01T19:10:11.040+01:00,222040,134175,3172,3172,True,True,0x0B,"OK,OK,NO_IRQ,OK","FULL,FULL,NONE,FULL",
0.356232,2026-09-01T19:10:11.043+01:00,225212,134176,3172,3172,True,True,0x0B,"OK,OK,NO_IRQ,OK","FULL,FULL,NONE,FULL",
0.359244,2026-09-01T19:10:11.043+01:00,228384,134177,3172,3172,True,True,0x0B,"OK,OK,NO_IRQ,OK","FULL,FULL,NONE,FULL",
0.364497,2026-09-01T19:10:11.047+01:00,231556,134178,3172,3172,True,True,0x0B,"OK,OK,NO_IRQ,OK","FULL,FULL,NONE,FULL",
0.374930,2026-09-01T19:10:11.052+01:00,234728,134179,3172,3172,True,True,0x0B,"OK,OK,NO_IRQ,OK","FULL,FULL,NONE,FULL",
0.375315,2026-09-01T19:10:11.062+01:00,237900,134180,3172,3172,True,True,0x0B,"OK,OK,NO_IRQ,OK","FULL,FULL,NONE,FULL",
0.379886,2026-09-01T19:10:11.063+01:00,241072,134181,3172,3172,True,True,0x0B,"OK,OK,NO_IRQ,OK","FULL,FULL,NONE,FULL",
0.384050,2026-09-01T19:10:11.067+01:00,244244,134182,3172,3172,True,True,0x0B,"OK,OK,NO_IRQ,OK","FULL,FULL,NONE,FULL",
0.391598,2026-09-01T19:10:11.071+01:00,247416,134183,3172,3172,True,True,0x0B,"OK,OK,NO_IRQ,OK","FULL,FULL,NONE,FULL",
0.394194,2026-09-01T19:10:11.079+01:00,250588,134184,3172,3172,True,True,0x0B,"OK,OK,NO_IRQ,OK","FULL,FULL,NONE,FULL",
0.399174,2026-09-01T19:10:11.081+01:00,253760,134185,3172,3172,True,True,0x0B,"OK,OK,NO_IRQ,OK","FULL,FULL,NONE,FULL",
0.407955,2026-09-01T19:10:11.087+01:00,256932,134186,3172,3172,True,True,0x0B,"OK,OK,NO_IRQ,OK","FULL,FULL,NONE,FULL",
0.409395,2026-09-01T19:10:11.095+01:00,260104,134187,3172,3172,True,True,0x0B,"OK,OK,NO_IRQ,OK","FULL,FULL,NONE,FULL",
0.414423,2026-09-01T19:10:11.097+01:00,263276,134188,3172,3172,True,True,0x0B,"OK,OK,NO_IRQ,OK","FULL,FULL,NONE,FULL",
0.425124,2026-09-01T19:10:11.102+01:00,266448,134189,3172,3172,True,True,0x0B,"OK,OK,NO_IRQ,OK","FULL,FULL,NONE,FULL",
0.425463,2026-09-01T19:10:11.112+01:00,269620,134190,3172,3172,True,True,0x0B,"OK,OK,NO_IRQ,OK","FULL,FULL,NONE,FULL",
0.429236,2026-09-01T19:10:11.113+01:00,272792,134191,3172,3172,True,True,0x0B,"OK,OK,NO_IRQ,OK","FULL,FULL,NONE,FULL",
0.440244,2026-09-01T19:10:11.117+01:00,275964,134192,3172,3172,True,True,0x0B,"OK,OK,NO_IRQ,OK","FULL,FULL,NONE,FULL",
0.440855,2026-09-01T19:10:11.127+01:00,279136,134193,3172,3172,True,True,0x0B,"OK,OK,NO_IRQ,OK","FULL,FULL,NONE,FULL",
0.444402,2026-09-01T19:10:11.128+01:00,282308,134194,3172,3172,True,True,0x0B,"OK,OK,NO_IRQ,OK","FULL,FULL,NONE,FULL",
0.449527,2026-09-01T19:10:11.132+01:00,285480,134195,3172,3172,True,True,0x0B,"OK,OK,NO_IRQ,OK","FULL,FULL,NONE,FULL",
0.458147,2026-09-01T19:10:11.137+01:00,288652,134196,3172,3172,True,True,0x0B,"OK,OK,NO_IRQ,OK","FULL,FULL,NONE,FULL",
0.459564,2026-09-01T19:10:11.146+01:00,291824,134197,3172,3172,True,True,0x0B,"OK,OK,NO_IRQ,OK","FULL,FULL,NONE,FULL",
0.464468,2026-09-01T19:10:11.147+01:00,294996,134198,3172,3172,True,True,0x0B,"OK,OK,NO_IRQ,OK","FULL,FULL,NONE,FULL",
0.476662,2026-09-01T19:10:11.152+01:00,298168,134199,3172,3172,True,True,0x0B,"OK,OK,NO_IRQ,OK","FULL,FULL,NONE,FULL",
0.477775,2026-09-01T19:10:11.164+01:00,301340,134200,3172,3172,True,True,0x0B,"OK,OK,NO_IRQ,OK","FULL,FULL,NONE,FULL",
0.479771,2026-09-01T19:10:11.165+01:00,304512,134201,3172,3172,True,True,0x0B,"OK,OK,NO_IRQ,OK","FULL,FULL,NONE,FULL",
0.484363,2026-09-01T19:10:11.167+01:00,307684,134202,3172,3172,True,True,0x0B,"OK,OK,NO_IRQ,OK","FULL,FULL,NONE,FULL",
0.489444,2026-09-01T19:10:11.172+01:00,310856,134203,3172,3172,True,True,0x0B,"OK,OK,NO_IRQ,OK","FULL,FULL,NONE,FULL",
0.496508,2026-09-01T19:10:11.177+01:00,314028,134204,3172,3172,True,True,0x0B,"OK,OK,NO_IRQ,OK","FULL,FULL,NONE,FULL",
0.499298,2026-09-01T19:10:11.184+01:00,317200,134205,3172,3172,True,True,0x0B,"OK,OK,NO_IRQ,OK","FULL,FULL,NONE,FULL",
0.504292,2026-09-01T19:10:11.186+01:00,320372,134206,3172,3172,True,True,0x0B,"OK,OK,NO_IRQ,OK","FULL,FULL,NONE,FULL",
0.515539,2026-09-01T19:10:11.191+01:00,323544,134207,3172,3172,True,True,0x0B,"OK,OK,NO_IRQ,OK","FULL,FULL,NONE,FULL",
0.515829,2026-09-01T19:10:11.203+01:00,326716,134208,3172,3172,True,True,0x0B,"OK,OK,NO_IRQ,OK","FULL,FULL,NONE,FULL",
0.520623,2026-09-01T19:10:11.203+01:00,329888,134209,3172,3172,True,True,0x0B,"OK,OK,NO_IRQ,OK","FULL,FULL,NONE,FULL",
0.524729,2026-09-01T19:10:11.208+01:00,333060,134210,3172,3172,True,True,0x0B,"OK,OK,NO_IRQ,OK","FULL,FULL,NONE,FULL",
0.530079,2026-09-01T19:10:11.212+01:00,336232,134211,3172,3172,True,True,0x0B,"OK,OK,NO_IRQ,OK","FULL,FULL,NONE,FULL",
0.534501,2026-09-01T19:10:11.217+01:00,339404,134212,3172,3172,True,True,0x0B,"OK,OK,NO_IRQ,OK","FULL,FULL,NONE,FULL",
0.542447,2026-09-01T19:10:11.222+01:00,342576,134213,3172,3172,True,True,0x0B,"OK,OK,NO_IRQ,OK","FULL,FULL,NONE,FULL",
0.547451,2026-09-01T19:10:11.231+01:00,345748,134214,3172,3172,True,True,0x0B,"OK,OK,NO_IRQ,OK","FULL,FULL,NONE,FULL",
0.549457,2026-09-01T19:10:11.235+01:00,348920,134215,3172,3172,True,True,0x0B,"OK,OK,NO_IRQ,OK","FULL,FULL,NONE,FULL",
0.554772,2026-09-01T19:10:11.237+01:00,352092,134216,3172,3172,True,True,0x0B,"OK,OK,NO_IRQ,OK","FULL,FULL,NONE,FULL",
0.559810,2026-09-01T19:10:11.242+01:00,355264,134217,3172,3172,True,True,0x0B,"OK,OK,NO_IRQ,OK","FULL,FULL,NONE,FULL",
0.564396,2026-09-01T19:10:11.248+01:00,358436,134218,3172,3172,True,True,0x0B,"OK,OK,NO_IRQ,OK","FULL,FULL,NONE,FULL",
0.569839,2026-09-01T19:10:11.252+01:00,361608,134219,3172,3172,True,True,0x0B,"OK,OK,NO_IRQ,OK","FULL,FULL,NONE,FULL",
0.574814,2026-09-01T19:10:11.257+01:00,364780,134220,3172,3172,True,True,0x0B,"OK,OK,NO_IRQ,OK","FULL,FULL,NONE,FULL",
0.581073,2026-09-01T19:10:11.262+01:00,367952,134221,3172,3172,True,True,0x0B,"OK,OK,NO_IRQ,OK","FULL,FULL,NONE,FULL",
0.584922,2026-09-01T19:10:11.268+01:00,371124,134222,3172,3172,True,True,0x0B,"OK,OK,NO_IRQ,OK","FULL,FULL,NONE,FULL",
0.591251,2026-09-01T19:10:11.272+01:00,374296,134223,3172,3172,True,True,0x0B,"OK,OK,NO_IRQ,OK","FULL,FULL,NONE,FULL",
0.598586,2026-09-01T19:10:11.278+01:00,377468,134224,3172,3172,True,True,0x0B,"OK,OK,NO_IRQ,OK","FULL,FULL,NONE,FULL",
0.599709,2026-09-01T19:10:11.286+01:00,380640,134225,3172,3172,True,True,0x0B,"OK,OK,NO_IRQ,OK","FULL,FULL,NONE,FULL",
0.604669,2026-09-01T19:10:11.287+01:00,383812,134226,3172,3172,True,True,0x0B,"OK,OK,NO_IRQ,OK","FULL,FULL,NONE,FULL",
0.609613,2026-09-01T19:10:11.292+01:00,386984,134227,3172,3172,True,True,0x0B,"OK,OK,NO_IRQ,OK","FULL,FULL,NONE,FULL",
0.616021,2026-09-01T19:10:11.297+01:00,390156,134228,3172,3172,True,True,0x0B,"OK,OK,NO_IRQ,OK","FULL,FULL,NONE,FULL",
0.619665,2026-09-01T19:10:11.304+01:00,393328,134229,3172,3172,True,True,0x0B,"OK,OK,NO_IRQ,OK","FULL,FULL,NONE,FULL",
0.624636,2026-09-01T19:10:11.307+01:00,396500,134230,3172,3172,True,True,0x0B,"OK,OK,NO_IRQ,OK","FULL,FULL,NONE,FULL",
0.633735,2026-09-01T19:10:11.312+01:00,399672,134231,3172,3172,True,True,0x0B,"OK,OK,NO_IRQ,OK","FULL,FULL,NONE,FULL",
0.634698,2026-09-01T19:10:11.321+01:00,402844,134232,3172,3172,True,True,0x0B,"OK,OK,NO_IRQ,OK","FULL,FULL,NONE,FULL",
0.639723,2026-09-01T19:10:11.322+01:00,406016,134233,3172,3172,True,True,0x0B,"OK,OK,NO_IRQ,OK","FULL,FULL,NONE,FULL",
0.644825,2026-09-01T19:10:11.327+01:00,409188,134234,3172,3172,True,True,0x0B,"OK,OK,NO_IRQ,OK","FULL,FULL,NONE,FULL",
0.651668,2026-09-01T19:10:11.332+01:00,412360,134235,3172,3172,True,True,0x0B,"OK,OK,NO_IRQ,OK","FULL,FULL,NONE,FULL",
0.654835,2026-09-01T19:10:11.339+01:00,415532,134236,3172,3172,True,True,0x0B,"OK,OK,NO_IRQ,OK","FULL,FULL,NONE,FULL",
0.659590,2026-09-01T19:10:11.342+01:00,418704,134237,3172,3172,True,True,0x0B,"OK,OK,NO_IRQ,OK","FULL,FULL,NONE,FULL",
0.665706,2026-09-01T19:10:11.347+01:00,421876,134238,3172,3172,True,True,0x0B,"OK,OK,NO_IRQ,OK","FULL,FULL,NONE,FULL",
0.670220,2026-09-01T19:10:11.353+01:00,425048,134239,3172,3172,True,True,0x0B,"OK,OK,NO_IRQ,OK","FULL,FULL,NONE,FULL",
0.674672,2026-09-01T19:10:11.357+01:00,428220,134240,3172,3172,True,True,0x0B,"OK,OK,NO_IRQ,OK","FULL,FULL,NONE,FULL",
0.679603,2026-09-01T19:10:11.362+01:00,431392,134241,3172,3172,True,True,0x0B,"OK,OK,NO_IRQ,OK","FULL,FULL,NONE,FULL",
0.694835,2026-09-01T19:10:11.367+01:00,434564,134242,3172,3172,True,True,0x0B,"OK,OK,NO_IRQ,OK","FULL,FULL,NONE,FULL",
0.695517,2026-09-01T19:10:11.382+01:00,437736,134243,3172,3172,True,True,0x0B,"OK,OK,NO_IRQ,OK","FULL,FULL,NONE,FULL",
0.696026,2026-09-01T19:10:11.383+01:00,440908,134244,3172,3172,True,True,0x0B,"OK,OK,NO_IRQ,OK","FULL,FULL,NONE,FULL",
0.699874,2026-09-01T19:10:11.384+01:00,444080,134245,3172,3172,True,True,0x0B,"OK,OK,NO_IRQ,OK","FULL,FULL,NONE,FULL",
0.704754,2026-09-01T19:10:11.387+01:00,447252,134246,3172,3172,True,True,0x0B,"OK,OK,NO_IRQ,OK","FULL,FULL,NONE,FULL",
0.710060,2026-09-01T19:10:11.392+01:00,450424,134247,3172,3172,True,True,0x0B,"OK,OK,NO_IRQ,OK","FULL,FULL,NONE,FULL",
0.714877,2026-09-01T19:10:11.398+01:00,453596,134248,3172,3172,True,True,0x0B,"OK,OK,NO_IRQ,OK","FULL,FULL,NONE,FULL",
0.719914,2026-09-01T19:10:11.402+01:00,456768,134249,3172,3172,True,True,0x0B,"OK,OK,NO_IRQ,OK","FULL,FULL,NONE,FULL",
0.725099,2026-09-01T19:10:11.407+01:00,459940,134250,3172,3172,True,True,0x0B,"OK,OK,NO_IRQ,OK","FULL,FULL,NONE,FULL",
0.730430,2026-09-01T19:10:11.412+01:00,463112,134251,3172,3172,True,True,0x0B,"OK,OK,NO_IRQ,OK","FULL,FULL,NONE,FULL",
0.734712,2026-09-01T19:10:11.418+01:00,466284,134252,3172,3172,True,True,0x0B,"OK,OK,NO_IRQ,OK","FULL,FULL,NONE,FULL",
0.741577,2026-09-01T19:10:11.422+01:00,469456,134253,3172,3172,True,True,0x0B,"OK,OK,NO_IRQ,OK","FULL,FULL,NONE,FULL",
0.747520,2026-09-01T19:10:11.429+01:00,472628,134254,3172,3172,True,True,0x0B,"OK,OK,NO_IRQ,OK","FULL,FULL,NONE,FULL",
0.750003,2026-09-01T19:10:11.435+01:00,475800,134255,3172,3172,True,True,0x0B,"OK,OK,NO_IRQ,OK","FULL,FULL,NONE,FULL",
0.754759,2026-09-01T19:10:11.437+01:00,478972,134256,3172,3172,True,True,0x0B,"OK,OK,NO_IRQ,OK","FULL,FULL,NONE,FULL",
0.760195,2026-09-01T19:10:11.442+01:00,482144,134257,3172,3172,True,True,0x0B,"OK,OK,NO_IRQ,OK","FULL,FULL,NONE,FULL",
0.765241,2026-09-01T19:10:11.448+01:00,485316,134258,3172,3172,True,True,0x0B,"OK,OK,NO_IRQ,OK","FULL,FULL,NONE,FULL",
0.769954,2026-09-01T19:10:11.453+01:00,488488,134259,3172,3172,True,True,0x0B,"OK,OK,NO_IRQ,OK","FULL,FULL,NONE,FULL",
0.774951,2026-09-01T19:10:11.457+01:00,491660,134260,3172,3172,True,True,0x0B,"OK,OK,NO_IRQ,OK","FULL,FULL,NONE,FULL",
0.781713,2026-09-01T19:10:11.462+01:00,494832,134261,3172,3172,True,True,0x0B,"OK,OK,NO_IRQ,OK","FULL,FULL,NONE,FULL",
0.785107,2026-09-01T19:10:11.469+01:00,498004,134262,3172,3172,True,True,0x0B,"OK,OK,NO_IRQ,OK","FULL,FULL,NONE,FULL",
0.791463,2026-09-01T19:10:11.473+01:00,501176,134263,3172,3172,True,True,0x0B,"OK,OK,NO_IRQ,OK","FULL,FULL,NONE,FULL",
0.796782,2026-09-01T19:10:11.479+01:00,504348,134264,3172,3172,True,True,0x0B,"OK,OK,NO_IRQ,OK","FULL,FULL,NONE,FULL",
0.800298,2026-09-01T19:10:11.487+01:00,507520,134265,3172,3172,True,True,0x0B,"OK,OK,NO_IRQ,OK","FULL,FULL,NONE,FULL",
0.808093,2026-09-01T19:10:11.488+01:00,510692,134266,3172,3172,True,True,0x0B,"OK,OK,NO_IRQ,OK","FULL,FULL,NONE,FULL",
0.809996,2026-09-01T19:10:11.495+01:00,513864,134267,3172,3172,True,True,0x0B,"OK,OK,NO_IRQ,OK","FULL,FULL,NONE,FULL",
0.817609,2026-09-01T19:10:11.497+01:00,517036,134268,3172,3172,True,True,0x0B,"OK,OK,NO_IRQ,OK","FULL,FULL,NONE,FULL",
0.820195,2026-09-01T19:10:11.505+01:00,520208,134269,3172,3172,True,True,0x0B,"OK,OK,NO_IRQ,OK","FULL,FULL,NONE,FULL",
0.824902,2026-09-01T19:10:11.507+01:00,523380,134270,3172,3172,True,True,0x0B,"OK,OK,NO_IRQ,OK","FULL,FULL,NONE,FULL",
0.831002,2026-09-01T19:10:11.512+01:00,526552,134271,3172,3172,True,True,0x0B,"OK,OK,NO_IRQ,OK","FULL,FULL,NONE,FULL",
0.835696,2026-09-01T19:10:11.518+01:00,529724,134272,3172,3172,True,True,0x0B,"OK,OK,NO_IRQ,OK","FULL,FULL,NONE,FULL",
0.841290,2026-09-01T19:10:11.523+01:00,532896,134273,3172,3172,True,True,0x0B,"OK,OK,NO_IRQ,OK","FULL,FULL,NONE,FULL",
0.844887,2026-09-01T19:10:11.529+01:00,536068,134274,3172,3172,True,True,0x0B,"OK,OK,NO_IRQ,OK","FULL,FULL,NONE,FULL",
0.859872,2026-09-01T19:10:11.532+01:00,539240,134275,3172,3172,True,True,0x0B,"OK,OK,NO_IRQ,OK","FULL,FULL,NONE,FULL",
0.860185,2026-09-01T19:10:11.547+01:00,542412,134276,3172,3172,True,True,0x0B,"OK,OK,NO_IRQ,OK","FULL,FULL,NONE,FULL",
0.860376,2026-09-01T19:10:11.547+01:00,545584,134277,3172,3172,True,True,0x0B,"OK,OK,NO_IRQ,OK","FULL,FULL,NONE,FULL",
0.875167,2026-09-01T19:10:11.548+01:00,548756,134278,3172,3172,True,True,0x0B,"OK,OK,NO_IRQ,OK","FULL,FULL,NONE,FULL",
0.875412,2026-09-01T19:10:11.562+01:00,551928,134279,3172,3172,True,True,0x0B,"OK,OK,NO_IRQ,OK","FULL,FULL,NONE,FULL",
0.875593,2026-09-01T19:10:11.563+01:00,555100,134280,3172,3172,True,True,0x0B,"OK,OK,NO_IRQ,OK","FULL,FULL,NONE,FULL",
0.880041,2026-09-01T19:10:11.563+01:00,558272,134281,3172,3172,True,True,0x0B,"OK,OK,NO_IRQ,OK","FULL,FULL,NONE,FULL",
0.884925,2026-09-01T19:10:11.567+01:00,561444,134282,3172,3172,True,True,0x0B,"OK,OK,NO_IRQ,OK","FULL,FULL,NONE,FULL",
0.890085,2026-09-01T19:10:11.572+01:00,564616,134283,3172,3172,True,True,0x0B,"OK,OK,NO_IRQ,OK","FULL,FULL,NONE,FULL",
0.895373,2026-09-01T19:10:11.577+01:00,567788,134284,3172,3172,True,True,0x0B,"OK,OK,NO_IRQ,OK","FULL,FULL,NONE,FULL",
0.900263,2026-09-01T19:10:11.583+01:00,570960,134285,3172,3172,True,True,0x0B,"OK,OK,NO_IRQ,OK","FULL,FULL,NONE,FULL",
0.911758,2026-09-01T19:10:11.588+01:00,574132,134286,3172,3172,True,True,0x0B,"OK,OK,NO_IRQ,OK","FULL,FULL,NONE,FULL",
0.912024,2026-09-01T19:10:11.599+01:00,577304,134287,3172,3172,True,True,0x0B,"OK,OK,NO_IRQ,OK","FULL,FULL,NONE,FULL",
0.915330,2026-09-01T19:10:11.599+01:00,580476,134288,3172,3172,True,True,0x0B,"OK,OK,NO_IRQ,OK","FULL,FULL,NONE,FULL",
0.920099,2026-09-01T19:10:11.603+01:00,583648,134289,3172,3172,True,True,0x0B,"OK,OK,NO_IRQ,OK","FULL,FULL,NONE,FULL",
0.924998,2026-09-01T19:10:11.608+01:00,586820,134290,3172,3172,True,True,0x0B,"OK,OK,NO_IRQ,OK","FULL,FULL,NONE,FULL",
0.930107,2026-09-01T19:10:11.612+01:00,589992,134291,3172,3172,True,True,0x0B,"OK,OK,NO_IRQ,OK","FULL,FULL,NONE,FULL",
0.935177,2026-09-01T19:10:11.618+01:00,593164,134292,3172,3172,True,True,0x0B,"OK,OK,NO_IRQ,OK","FULL,FULL,NONE,FULL",
0.942244,2026-09-01T19:10:11.623+01:00,596336,134293,3172,3172,True,True,0x0B,"OK,OK,NO_IRQ,OK","FULL,FULL,NONE,FULL",
0.947069,2026-09-01T19:10:11.629+01:00,599508,134294,3172,3172,True,True,0x0B,"OK,OK,NO_IRQ,OK","FULL,FULL,NONE,FULL",
0.950403,2026-09-01T19:10:11.634+01:00,602680,134295,3172,3172,True,True,0x0B,"OK,OK,NO_IRQ,OK","FULL,FULL,NONE,FULL",
0.955409,2026-09-01T19:10:11.638+01:00,605852,134296,3172,3172,True,True,0x0B,"OK,OK,NO_IRQ,OK","FULL,FULL,NONE,FULL",
0.963779,2026-09-01T19:10:11.643+01:00,609024,134297,3172,3172,True,True,0x0B,"OK,OK,NO_IRQ,OK","FULL,FULL,NONE,FULL",
0.965297,2026-09-01T19:10:11.651+01:00,612196,134298,3172,3172,True,True,0x0B,"OK,OK,NO_IRQ,OK","FULL,FULL,NONE,FULL",
0.970582,2026-09-01T19:10:11.653+01:00,615368,134299,3172,3172,True,True,0x0B,"OK,OK,NO_IRQ,OK","FULL,FULL,NONE,FULL",
0.981873,2026-09-01T19:10:11.658+01:00,618540,134300,3172,3172,True,True,0x0B,"OK,OK,NO_IRQ,OK","FULL,FULL,NONE,FULL",
0.982486,2026-09-01T19:10:11.669+01:00,621712,134301,3172,3172,True,True,0x0B,"OK,OK,NO_IRQ,OK","FULL,FULL,NONE,FULL",
0.985462,2026-09-01T19:10:11.670+01:00,624884,134302,3172,3172,True,True,0x0B,"OK,OK,NO_IRQ,OK","FULL,FULL,NONE,FULL",
0.991634,2026-09-01T19:10:11.673+01:00,628056,134303,3172,3172,True,True,0x0B,"OK,OK,NO_IRQ,OK","FULL,FULL,NONE,FULL",
0.998712,2026-09-01T19:10:11.679+01:00,631228,134304,3172,3172,True,True,0x0B,"OK,OK,NO_IRQ,OK","FULL,FULL,NONE,FULL",
1.000249,2026-09-01T19:10:11.686+01:00,634400,134305,3172,3172,True,True,0x0B,"OK,OK,NO_IRQ,OK","FULL,FULL,NONE,FULL",
1.005467,2026-09-01T19:10:11.688+01:00,637572,134306,3172,3172,True,True,0x0B,"OK,OK,NO_IRQ,OK","FULL,FULL,NONE,FULL",
1.010606,2026-09-01T19:10:11.693+01:00,640744,134307,3172,3172,True,True,0x0B,"OK,OK,NO_IRQ,OK","FULL,FULL,NONE,FULL",
1.015320,2026-09-01T19:10:11.698+01:00,643916,134308,3172,3172,True,True,0x0B,"OK,OK,NO_IRQ,OK","FULL,FULL,NONE,FULL",
1.020164,2026-09-01T19:10:11.703+01:00,647088,134309,3172,3172,True,True,0x0B,"OK,OK,NO_IRQ,OK","FULL,FULL,NONE,FULL",
1.025209,2026-09-01T19:10:11.707+01:00,650260,134310,3172,3172,True,True,0x0B,"OK,OK,NO_IRQ,OK","FULL,FULL,NONE,FULL",
1.036672,2026-09-01T19:10:11.712+01:00,653432,134311,3172,3172,True,True,0x0B,"OK,OK,NO_IRQ,OK","FULL,FULL,NONE,FULL",
1.044974,2026-09-01T19:10:11.725+01:00,656604,134312,3172,3172,True,True,0x0B,"OK,OK,NO_IRQ,OK","FULL,FULL,NONE,FULL",
1.045255,2026-09-01T19:10:11.732+01:00,659776,134313,3172,3172,True,True,0x0B,"OK,OK,NO_IRQ,OK","FULL,FULL,NONE,FULL",
1.045848,2026-09-01T19:10:11.732+01:00,662948,134314,3172,3172,True,True,0x0B,"OK,OK,NO_IRQ,OK","FULL,FULL,NONE,FULL",
1.050588,2026-09-01T19:10:11.733+01:00,666120,134315,3172,3172,True,True,0x0B,"OK,OK,NO_IRQ,OK","FULL,FULL,NONE,FULL",
1.057704,2026-09-01T19:10:11.738+01:00,669292,134316,3172,3172,True,True,0x0B,"OK,OK,NO_IRQ,OK","FULL,FULL,NONE,FULL",
1.061979,2026-09-01T19:10:11.745+01:00,672464,134317,3172,3172,True,True,0x0B,"OK,OK,NO_IRQ,OK","FULL,FULL,NONE,FULL",
1.065559,2026-09-01T19:10:11.749+01:00,675636,134318,3172,3172,True,True,0x0B,"OK,OK,NO_IRQ,OK","FULL,FULL,NONE,FULL",
1.070379,2026-09-01T19:10:11.753+01:00,678808,134319,3172,3172,True,True,0x0B,"OK,OK,NO_IRQ,OK","FULL,FULL,NONE,FULL",
1.078205,2026-09-01T19:10:11.758+01:00,681980,134320,3172,3172,True,True,0x0B,"OK,OK,NO_IRQ,OK","FULL,FULL,NONE,FULL",
1.080605,2026-09-01T19:10:11.766+01:00,685152,134321,3172,3172,True,True,0x0B,"OK,OK,NO_IRQ,OK","FULL,FULL,NONE,FULL",
1.085440,2026-09-01T19:10:11.768+01:00,688324,134322,3172,3172,True,True,0x0B,"OK,OK,NO_IRQ,OK","FULL,FULL,NONE,FULL",
1.096466,2026-09-01T19:10:11.773+01:00,691496,134323,3172,3172,True,True,0x0B,"OK,OK,NO_IRQ,OK","FULL,FULL,NONE,FULL",
1.097521,2026-09-01T19:10:11.784+01:00,694668,134324,3172,3172,True,True,0x0B,"OK,OK,NO_IRQ,OK","FULL,FULL,NONE,FULL",
1.100746,2026-09-01T19:10:11.785+01:00,697840,134325,3172,3172,True,True,0x0B,"OK,OK,NO_IRQ,OK","FULL,FULL,NONE,FULL",
1.106254,2026-09-01T19:10:11.788+01:00,701012,134326,3172,3172,True,True,0x0B,"OK,OK,NO_IRQ,OK","FULL,FULL,NONE,FULL",
1.114270,2026-09-01T19:10:11.793+01:00,704184,134327,3172,3172,True,True,0x0B,"OK,OK,NO_IRQ,OK","FULL,FULL,NONE,FULL",
1.116612,2026-09-01T19:10:11.802+01:00,707356,134328,3172,3172,True,True,0x0B,"OK,OK,NO_IRQ,OK","FULL,FULL,NONE,FULL",
1.120743,2026-09-01T19:10:11.804+01:00,710528,134329,3172,3172,True,True,0x0B,"OK,OK,NO_IRQ,OK","FULL,FULL,NONE,FULL",
1.125712,2026-09-01T19:10:11.808+01:00,713700,134330,3172,3172,True,True,0x0B,"OK,OK,NO_IRQ,OK","FULL,FULL,NONE,FULL",
1.135966,2026-09-01T19:10:11.813+01:00,716872,134331,3172,3172,True,True,0x0B,"OK,OK,NO_IRQ,OK","FULL,FULL,NONE,FULL",
1.136588,2026-09-01T19:10:11.823+01:00,720044,134332,3172,3172,True,True,0x0B,"OK,OK,NO_IRQ,OK","FULL,FULL,NONE,FULL",
1.140543,2026-09-01T19:10:11.824+01:00,723216,134333,3172,3172,True,True,0x0B,"OK,OK,NO_IRQ,OK","FULL,FULL,NONE,FULL",
1.145726,2026-09-01T19:10:11.828+01:00,726388,134334,3172,3172,True,True,0x0B,"OK,OK,NO_IRQ,OK","FULL,FULL,NONE,FULL",
1.156197,2026-09-01T19:10:11.833+01:00,729560,134335,3172,3172,True,True,0x0B,"OK,OK,NO_IRQ,OK","FULL,FULL,NONE,FULL",
1.156523,2026-09-01T19:10:11.843+01:00,732732,134336,3172,3172,True,True,0x0B,"OK,OK,NO_IRQ,OK","FULL,FULL,NONE,FULL",
1.161161,2026-09-01T19:10:11.844+01:00,735904,134337,3172,3172,True,True,0x0B,"OK,OK,NO_IRQ,OK","FULL,FULL,NONE,FULL",
1.165889,2026-09-01T19:10:11.848+01:00,739076,134338,3172,3172,True,True,0x0B,"OK,OK,NO_IRQ,OK","FULL,FULL,NONE,FULL",
1.173478,2026-09-01T19:10:11.853+01:00,742248,134339,3172,3172,True,True,0x0B,"OK,OK,NO_IRQ,OK","FULL,FULL,NONE,FULL",
1.175789,2026-09-01T19:10:11.861+01:00,745420,134340,3172,3172,True,True,0x0B,"OK,OK,NO_IRQ,OK","FULL,FULL,NONE,FULL",
1.180811,2026-09-01T19:10:11.863+01:00,748592,134341,3172,3172,True,True,0x0B,"OK,OK,NO_IRQ,OK","FULL,FULL,NONE,FULL",
1.186403,2026-09-01T19:10:11.868+01:00,751764,134342,3172,3172,True,True,0x0B,"OK,OK,NO_IRQ,OK","FULL,FULL,NONE,FULL",
1.192663,2026-09-01T19:10:11.874+01:00,754936,134343,3172,3172,True,True,0x0B,"OK,OK,NO_IRQ,OK","FULL,FULL,NONE,FULL",
1.195704,2026-09-01T19:10:11.880+01:00,758108,134344,3172,3172,True,True,0x0B,"OK,OK,NO_IRQ,OK","FULL,FULL,NONE,FULL",
1.201061,2026-09-01T19:10:11.883+01:00,761280,134345,3172,3172,True,True,0x0B,"OK,OK,NO_IRQ,OK","FULL,FULL,NONE,FULL",
1.213832,2026-09-01T19:10:11.888+01:00,764452,134346,3172,3172,True,True,0x0B,"OK,OK,NO_IRQ,OK","FULL,FULL,NONE,FULL",
1.214177,2026-09-01T19:10:11.901+01:00,767624,134347,3172,3172,True,True,0x0B,"OK,OK,NO_IRQ,OK","FULL,FULL,NONE,FULL",
1.229102,2026-09-01T19:10:11.901+01:00,770796,134348,3172,3172,True,True,0x0B,"OK,OK,NO_IRQ,OK","FULL,FULL,NONE,FULL",
1.230364,2026-09-01T19:10:11.916+01:00,773968,134349,3172,3172,True,True,0x0B,"OK,OK,NO_IRQ,OK","FULL,FULL,NONE,FULL",
1.230988,2026-09-01T19:10:11.918+01:00,777140,134350,3172,3172,True,True,0x0B,"OK,OK,NO_IRQ,OK","FULL,FULL,NONE,FULL",
1.231751,2026-09-01T19:10:11.918+01:00,780312,134351,3172,3172,True,True,0x0B,"OK,OK,NO_IRQ,OK","FULL,FULL,NONE,FULL",
1.236390,2026-09-01T19:10:11.919+01:00,783484,134352,3172,3172,True,True,0x0B,"OK,OK,NO_IRQ,OK","FULL,FULL,NONE,FULL",
1.240810,2026-09-01T19:10:11.924+01:00,786656,134353,3172,3172,True,True,0x0B,"OK,OK,NO_IRQ,OK","FULL,FULL,NONE,FULL",
1.248322,2026-09-01T19:10:11.928+01:00,789828,134354,3172,3172,True,True,0x0B,"OK,OK,NO_IRQ,OK","FULL,FULL,NONE,FULL",
1.251162,2026-09-01T19:10:11.936+01:00,793000,134355,3172,3172,True,True,0x0B,"OK,OK,NO_IRQ,OK","FULL,FULL,NONE,FULL",
1.256165,2026-09-01T19:10:11.938+01:00,796172,134356,3172,3172,True,True,0x0B,"OK,OK,NO_IRQ,OK","FULL,FULL,NONE,FULL",
1.264314,2026-09-01T19:10:11.943+01:00,799344,134357,3172,3172,True,True,0x0B,"OK,OK,NO_IRQ,OK","FULL,FULL,NONE,FULL",
1.266198,2026-09-01T19:10:11.952+01:00,802516,134358,3172,3172,True,True,0x0B,"OK,OK,NO_IRQ,OK","FULL,FULL,NONE,FULL",
1.271081,2026-09-01T19:10:11.953+01:00,805688,134359,3172,3172,True,True,0x0B,"OK,OK,NO_IRQ,OK","FULL,FULL,NONE,FULL",
1.276264,2026-09-01T19:10:11.958+01:00,808860,134360,3172,3172,True,True,0x0B,"OK,OK,NO_IRQ,OK","FULL,FULL,NONE,FULL",
1.289628,2026-09-01T19:10:11.963+01:00,812032,134361,3172,3172,True,True,0x0B,"OK,OK,NO_IRQ,OK","FULL,FULL,NONE,FULL",
1.289880,2026-09-01T19:10:11.977+01:00,815204,134362,3172,3172,True,True,0x0B,"OK,OK,NO_IRQ,OK","FULL,FULL,NONE,FULL",
1.290782,2026-09-01T19:10:11.977+01:00,818376,134363,3172,3172,True,True,0x0B,"OK,OK,NO_IRQ,OK","FULL,FULL,NONE,FULL",
1.296486,2026-09-01T19:10:11.978+01:00,821548,134364,3172,3172,True,True,0x0B,"OK,OK,NO_IRQ,OK","FULL,FULL,NONE,FULL",
1.307371,2026-09-01T19:10:11.984+01:00,824720,134365,3172,3172,True,True,0x0B,"OK,OK,NO_IRQ,OK","FULL,FULL,NONE,FULL",
1.308577,2026-09-01T19:10:11.995+01:00,827892,134366,3172,3172,True,True,0x0B,"OK,OK,NO_IRQ,OK","FULL,FULL,NONE,FULL",
1.311016,2026-09-01T19:10:11.996+01:00,831064,134367,3172,3172,True,True,0x0B,"OK,OK,NO_IRQ,OK","FULL,FULL,NONE,FULL",
1.315983,2026-09-01T19:10:11.998+01:00,834236,134368,3172,3172,True,True,0x0B,"OK,OK,NO_IRQ,OK","FULL,FULL,NONE,FULL",
1.323885,2026-09-01T19:10:12.003+01:00,837408,134369,3172,3172,True,True,0x0B,"OK,OK,NO_IRQ,OK","FULL,FULL,NONE,FULL",
1.326185,2026-09-01T19:10:12.011+01:00,840580,134370,3172,3172,True,True,0x0B,"OK,OK,NO_IRQ,OK","FULL,FULL,NONE,FULL",
1.331520,2026-09-01T19:10:12.013+01:00,843752,134371,3172,3172,True,True,0x0B,"OK,OK,NO_IRQ,OK","FULL,FULL,NONE,FULL",
1.336154,2026-09-01T19:10:12.019+01:00,846924,134372,3172,3172,True,True,0x0B,"OK,OK,NO_IRQ,OK","FULL,FULL,NONE,FULL",
1.343952,2026-09-01T19:10:12.023+01:00,850096,134373,3172,3172,True,True,0x0B,"OK,OK,NO_IRQ,OK","FULL,FULL,NONE,FULL",
1.345971,2026-09-01T19:10:12.031+01:00,853268,134374,3172,3172,True,True,0x0B,"OK,OK,NO_IRQ,OK","FULL,FULL,NONE,FULL",
1.351016,2026-09-01T19:10:12.033+01:00,856440,134375,3172,3172,True,True,0x0B,"OK,OK,NO_IRQ,OK","FULL,FULL,NONE,FULL",
1.360120,2026-09-01T19:10:12.039+01:00,859612,134376,3172,3172,True,True,0x0B,"OK,OK,NO_IRQ,OK","FULL,FULL,NONE,FULL",
1.365451,2026-09-01T19:10:12.052+01:00,862784,134377,3172,3172,True,True,0x0B,"OK,OK,NO_IRQ,OK","FULL,FULL,NONE,FULL",
1.366791,2026-09-01T19:10:12.053+01:00,865956,134378,3172,3172,True,True,0x0B,"OK,OK,NO_IRQ,OK","FULL,FULL,NONE,FULL",
1.371151,2026-09-01T19:10:12.054+01:00,869128,134379,3172,3172,True,True,0x0B,"OK,OK,NO_IRQ,OK","FULL,FULL,NONE,FULL",
1.376298,2026-09-01T19:10:12.058+01:00,872300,134380,3172,3172,True,True,0x0B,"OK,OK,NO_IRQ,OK","FULL,FULL,NONE,FULL",
1.383108,2026-09-01T19:10:12.064+01:00,875472,134381,3172,3172,True,True,0x0B,"OK,OK,NO_IRQ,OK","FULL,FULL,NONE,FULL",
1.386720,2026-09-01T19:10:12.072+01:00,878644,134382,3172,3172,True,True,0x0B,"OK,OK,NO_IRQ,OK","FULL,FULL,NONE,FULL",
1.391543,2026-09-01T19:10:12.074+01:00,881816,134383,3172,3172,True,True,0x0B,"OK,OK,NO_IRQ,OK","FULL,FULL,NONE,FULL",
1.395899,2026-09-01T19:10:12.079+01:00,884988,134384,3172,3172,True,True,0x0B,"OK,OK,NO_IRQ,OK","FULL,FULL,NONE,FULL",
1.403646,2026-09-01T19:10:12.083+01:00,888160,134385,3172,3172,True,True,0x0B,"OK,OK,NO_IRQ,OK","FULL,FULL,NONE,FULL",
1.408207,2026-09-01T19:10:12.095+01:00,891332,134386,3172,3172,True,True,0x0B,"OK,OK,NO_IRQ,OK","FULL,FULL,NONE,FULL",
1.414452,2026-09-01T19:10:12.097+01:00,894504,134387,3172,3172,True,True,0x0B,"OK,OK,NO_IRQ,OK","FULL,FULL,NONE,FULL",
1.416127,2026-09-01T19:10:12.102+01:00,897676,134388,3172,3172,True,True,0x0B,"OK,OK,NO_IRQ,OK","FULL,FULL,NONE,FULL",
1.421179,2026-09-01T19:10:12.103+01:00,900848,134389,3172,3172,True,True,0x0B,"OK,OK,NO_IRQ,OK","FULL,FULL,NONE,FULL",
1.426587,2026-09-01T19:10:12.108+01:00,904020,134390,3172,3172,True,True,0x0B,"OK,OK,NO_IRQ,OK","FULL,FULL,NONE,FULL",
1.432643,2026-09-01T19:10:12.114+01:00,907192,134391,3172,3172,True,True,0x0B,"OK,OK,NO_IRQ,OK","FULL,FULL,NONE,FULL",
1.435926,2026-09-01T19:10:12.120+01:00,910364,134392,3172,3172,True,True,0x0B,"OK,OK,NO_IRQ,OK","FULL,FULL,NONE,FULL",
1.442154,2026-09-01T19:10:12.123+01:00,913536,134393,3172,3172,True,True,0x0B,"OK,OK,NO_IRQ,OK","FULL,FULL,NONE,FULL",
1.450927,2026-09-01T19:10:12.130+01:00,916708,134394,3172,3172,True,True,0x0B,"OK,OK,NO_IRQ,OK","FULL,FULL,NONE,FULL",
1.451577,2026-09-01T19:10:12.138+01:00,919880,134395,3172,3172,True,True,0x0B,"OK,OK,NO_IRQ,OK","FULL,FULL,NONE,FULL",
1.457564,2026-09-01T19:10:12.139+01:00,923052,134396,3172,3172,True,True,0x0B,"OK,OK,NO_IRQ,OK","FULL,FULL,NONE,FULL",
1.461002,2026-09-01T19:10:12.145+01:00,926224,134397,3172,3172,True,True,0x0B,"OK,OK,NO_IRQ,OK","FULL,FULL,NONE,FULL",
1.467369,2026-09-01T19:10:12.148+01:00,929396,134398,3172,3172,True,True,0x0B,"OK,OK,NO_IRQ,OK","FULL,FULL,NONE,FULL",
1.470973,2026-09-01T19:10:12.155+01:00,932568,134399,3172,3172,True,True,0x0B,"OK,OK,NO_IRQ,OK","FULL,FULL,NONE,FULL",
1.476065,2026-09-01T19:10:12.158+01:00,935740,134400,3172,3172,True,True,0x0B,"OK,OK,NO_IRQ,OK","FULL,FULL,NONE,FULL",
1.483676,2026-09-01T19:10:12.163+01:00,938912,134401,3172,3172,True,True,0x0B,"OK,OK,NO_IRQ,OK","FULL,FULL,NONE,FULL",
1.486294,2026-09-01T19:10:12.171+01:00,942084,134402,3172,3172,True,True,0x0B,"OK,OK,NO_IRQ,OK","FULL,FULL,NONE,FULL",
1.491352,2026-09-01T19:10:12.174+01:00,945256,134403,3172,3172,True,True,0x0B,"OK,OK,NO_IRQ,OK","FULL,FULL,NONE,FULL",
1.499933,2026-09-01T19:10:12.179+01:00,948428,134404,3172,3172,True,True,0x0B,"OK,OK,NO_IRQ,OK","FULL,FULL,NONE,FULL",
1.501188,2026-09-01T19:10:12.187+01:00,951600,134405,3172,3172,True,True,0x0B,"OK,OK,NO_IRQ,OK","FULL,FULL,NONE,FULL",
1.508050,2026-09-01T19:10:12.189+01:00,954772,134406,3172,3172,True,True,0x0B,"OK,OK,NO_IRQ,OK","FULL,FULL,NONE,FULL",
1.516972,2026-09-01T19:10:12.195+01:00,957944,134407,3172,3172,True,True,0x0B,"OK,OK,NO_IRQ,OK","FULL,FULL,NONE,FULL",
1.517597,2026-09-01T19:10:12.204+01:00,961116,134408,3172,3172,True,True,0x0B,"OK,OK,NO_IRQ,OK","FULL,FULL,NONE,FULL",
1.521294,2026-09-01T19:10:12.205+01:00,964288,134409,3172,3172,True,True,0x0B,"OK,OK,NO_IRQ,OK","FULL,FULL,NONE,FULL",
1.526137,2026-09-01T19:10:12.209+01:00,967460,134410,3172,3172,True,True,0x0B,"OK,OK,NO_IRQ,OK","FULL,FULL,NONE,FULL",
1.533700,2026-09-01T19:10:12.213+01:00,970632,134411,3172,3172,True,True,0x0B,"OK,OK,NO_IRQ,OK","FULL,FULL,NONE,FULL",
1.536387,2026-09-01T19:10:12.221+01:00,973804,134412,3172,3172,True,True,0x0B,"OK,OK,NO_IRQ,OK","FULL,FULL,NONE,FULL",
1.541055,2026-09-01T19:10:12.224+01:00,976976,134413,3172,3172,True,True,0x0B,"OK,OK,NO_IRQ,OK","FULL,FULL,NONE,FULL",
1.546470,2026-09-01T19:10:12.228+01:00,980148,134414,3172,3172,True,True,0x0B,"OK,OK,NO_IRQ,OK","FULL,FULL,NONE,FULL",
1.552561,2026-09-01T19:10:12.235+01:00,983320,134415,3172,3172,True,True,0x0B,"OK,OK,NO_IRQ,OK","FULL,FULL,NONE,FULL",
1.556153,2026-09-01T19:10:12.240+01:00,986492,134416,3172,3172,True,True,0x0B,"OK,OK,NO_IRQ,OK","FULL,FULL,NONE,FULL",
1.561225,2026-09-01T19:10:12.243+01:00,989664,134417,3172,3172,True,True,0x0B,"OK,OK,NO_IRQ,OK","FULL,FULL,NONE,FULL",
1.575341,2026-09-01T19:10:12.248+01:00,992836,134418,3172,3172,True,True,0x0B,"OK,OK,NO_IRQ,OK","FULL,FULL,NONE,FULL",
1.575636,2026-09-01T19:10:12.263+01:00,996008,134419,3172,3172,True,True,0x0B,"OK,OK,NO_IRQ,OK","FULL,FULL,NONE,FULL",
1.587096,2026-09-01T19:10:12.268+01:00,999180,134420,3172,3172,True,True,0x0B,"OK,OK,NO_IRQ,OK","FULL,FULL,NONE,FULL",
1.587811,2026-09-01T19:10:12.274+01:00,1002352,134421,3172,3172,True,True,0x0B,"OK,OK,NO_IRQ,OK","FULL,FULL,NONE,FULL",
1.592339,2026-09-01T19:10:12.275+01:00,1005524,134422,3172,3172,True,True,0x0B,"OK,OK,NO_IRQ,OK","FULL,FULL,NONE,FULL",
1.593017,2026-09-01T19:10:12.280+01:00,1008696,134423,3172,3172,True,True,0x0B,"OK,OK,NO_IRQ,OK","FULL,FULL,NONE,FULL",
1.596232,2026-09-01T19:10:12.281+01:00,1011868,134424,3172,3172,True,True,0x0B,"OK,OK,NO_IRQ,OK","FULL,FULL,NONE,FULL",
1.604148,2026-09-01T19:10:12.283+01:00,1015040,134425,3172,3172,True,True,0x0B,"OK,OK,NO_IRQ,OK","FULL,FULL,NONE,FULL",
1.606393,2026-09-01T19:10:12.291+01:00,1018212,134426,3172,3172,True,True,0x0B,"OK,OK,NO_IRQ,OK","FULL,FULL,NONE,FULL",
1.611499,2026-09-01T19:10:12.294+01:00,1021384,134427,3172,3172,True,True,0x0B,"OK,OK,NO_IRQ,OK","FULL,FULL,NONE,FULL",
1.621084,2026-09-01T19:10:12.299+01:00,1024556,134428,3172,3172,True,True,0x0B,"OK,OK,NO_IRQ,OK","FULL,FULL,NONE,FULL",
1.621968,2026-09-01T19:10:12.309+01:00,1027728,134429,3172,3172,True,True,0x0B,"OK,OK,NO_IRQ,OK","FULL,FULL,NONE,FULL",
1.626436,2026-09-01T19:10:12.309+01:00,1030900,134430,3172,3172,True,True,0x0B,"OK,OK,NO_IRQ,OK","FULL,FULL,NONE,FULL",
1.631422,2026-09-01T19:10:12.314+01:00,1034072,134431,3172,3172,True,True,0x0B,"OK,OK,NO_IRQ,OK","FULL,FULL,NONE,FULL",
1.637827,2026-09-01T19:10:12.319+01:00,1037244,134432,3172,3172,True,True,0x0B,"OK,OK,NO_IRQ,OK","FULL,FULL,NONE,FULL",
1.641507,2026-09-01T19:10:12.325+01:00,1040416,134433,3172,3172,True,True,0x0B,"OK,OK,NO_IRQ,OK","FULL,FULL,NONE,FULL",
1.646497,2026-09-01T19:10:12.329+01:00,1043588,134434,3172,3172,True,True,0x0B,"OK,OK,NO_IRQ,OK","FULL,FULL,NONE,FULL",
1.654616,2026-09-01T19:10:12.334+01:00,1046760,134435,3172,3172,True,True,0x0B,"OK,OK,NO_IRQ,OK","FULL,FULL,NONE,FULL",
1.657882,2026-09-01T19:10:12.342+01:00,1049932,134436,3172,3172,True,True,0x0B,"OK,OK,NO_IRQ,OK","FULL,FULL,NONE,FULL",
1.662294,2026-09-01T19:10:12.345+01:00,1053104,134437,3172,3172,True,True,0x0B,"OK,OK,NO_IRQ,OK","FULL,FULL,NONE,FULL",
1.666405,2026-09-01T19:10:12.350+01:00,1056276,134438,3172,3172,True,True,0x0B,"OK,OK,NO_IRQ,OK","FULL,FULL,NONE,FULL",
1.674202,2026-09-01T19:10:12.354+01:00,1059448,134439,3172,3172,True,True,0x0B,"OK,OK,NO_IRQ,OK","FULL,FULL,NONE,FULL",
1.676679,2026-09-01T19:10:12.361+01:00,1062620,134440,3172,3172,True,True,0x0B,"OK,OK,NO_IRQ,OK","FULL,FULL,NONE,FULL",
1.681593,2026-09-01T19:10:12.364+01:00,1065792,134441,3172,3172,True,True,0x0B,"OK,OK,NO_IRQ,OK","FULL,FULL,NONE,FULL",
1.691297,2026-09-01T19:10:12.369+01:00,1068964,134442,3172,3172,True,True,0x0B,"OK,OK,NO_IRQ,OK","FULL,FULL,NONE,FULL",
1.691562,2026-09-01T19:10:12.379+01:00,1072136,134443,3172,3172,True,True,0x0B,"OK,OK,NO_IRQ,OK","FULL,FULL,NONE,FULL",
1.696367,2026-09-01T19:10:12.379+01:00,1075308,134444,3172,3172,True,True,0x0B,"OK,OK,NO_IRQ,OK","FULL,FULL,NONE,FULL",
1.701496,2026-09-01T19:10:12.384+01:00,1078480,134445,3172,3172,True,True,0x0B,"OK,OK,NO_IRQ,OK","FULL,FULL,NONE,FULL",
1.708622,2026-09-01T19:10:12.389+01:00,1081652,134446,3172,3172,True,True,0x0B,"OK,OK,NO_IRQ,OK","FULL,FULL,NONE,FULL",
1.711865,2026-09-01T19:10:12.396+01:00,1084824,134447,3172,3172,True,True,0x0B,"OK,OK,NO_IRQ,OK","FULL,FULL,NONE,FULL",
1.716632,2026-09-01T19:10:12.399+01:00,1087996,134448,3172,3172,True,True,0x0B,"OK,OK,NO_IRQ,OK","FULL,FULL,NONE,FULL",
1.726642,2026-09-01T19:10:12.404+01:00,1091168,134449,3172,3172,True,True,0x0B,"OK,OK,NO_IRQ,OK","FULL,FULL,NONE,FULL",
1.729130,2026-09-01T19:10:12.414+01:00,1094340,134450,3172,3172,True,True,0x0B,"OK,OK,NO_IRQ,OK","FULL,FULL,NONE,FULL",
1.731724,2026-09-01T19:10:12.416+01:00,1097512,134451,3172,3172,True,True,0x0B,"OK,OK,NO_IRQ,OK","FULL,FULL,NONE,FULL",
1.736465,2026-09-01T19:10:12.419+01:00,1100684,134452,3172,3172,True,True,0x0B,"OK,OK,NO_IRQ,OK","FULL,FULL,NONE,FULL",
1.741712,2026-09-01T19:10:12.424+01:00,1103856,134453,3172,3172,True,True,0x0B,"OK,OK,NO_IRQ,OK","FULL,FULL,NONE,FULL",
1.758824,2026-09-01T19:10:12.429+01:00,1107028,134454,3172,3172,True,True,0x0B,"OK,OK,NO_IRQ,OK","FULL,FULL,NONE,FULL",
1.759664,2026-09-01T19:10:12.446+01:00,1110200,134455,3172,3172,True,True,0x0B,"OK,OK,NO_IRQ,OK","FULL,FULL,NONE,FULL",
1.760241,2026-09-01T19:10:12.447+01:00,1113372,134456,3172,3172,True,True,0x0B,"OK,OK,NO_IRQ,OK","FULL,FULL,NONE,FULL",
1.761492,2026-09-01T19:10:12.448+01:00,1116544,134457,3172,3172,True,True,0x0B,"OK,OK,NO_IRQ,OK","FULL,FULL,NONE,FULL",
1.766696,2026-09-01T19:10:12.449+01:00,1119716,134458,3172,3172,True,True,0x0B,"OK,OK,NO_IRQ,OK","FULL,FULL,NONE,FULL",
1.774377,2026-09-01T19:10:12.454+01:00,1122888,134459,3172,3172,True,True,0x0B,"OK,OK,NO_IRQ,OK","FULL,FULL,NONE,FULL",
1.777858,2026-09-01T19:10:12.462+01:00,1126060,134460,3172,3172,True,True,0x0B,"OK,OK,NO_IRQ,OK","FULL,FULL,NONE,FULL",
1.781794,2026-09-01T19:10:12.465+01:00,1129232,134461,3172,3172,True,True,0x0B,"OK,OK,NO_IRQ,OK","FULL,FULL,NONE,FULL",
1.786945,2026-09-01T19:10:12.469+01:00,1132404,134462,3172,3172,True,True,0x0B,"OK,OK,NO_IRQ,OK","FULL,FULL,NONE,FULL",
1.794852,2026-09-01T19:10:12.474+01:00,1135576,134463,3172,3172,True,True,0x0B,"OK,OK,NO_IRQ,OK","FULL,FULL,NONE,FULL",
1.796749,2026-09-01T19:10:12.482+01:00,1138748,134464,3172,3172,True,True,0x0B,"OK,OK,NO_IRQ,OK","FULL,FULL,NONE,FULL",
1.801780,2026-09-01T19:10:12.484+01:00,1141920,134465,3172,3172,True,True,0x0B,"OK,OK,NO_IRQ,OK","FULL,FULL,NONE,FULL",
1.810633,2026-09-01T19:10:12.489+01:00,1145092,134466,3172,3172,True,True,0x0B,"OK,OK,NO_IRQ,OK","FULL,FULL,NONE,FULL",
1.812180,2026-09-01T19:10:12.498+01:00,1148264,134467,3172,3172,True,True,0x0B,"OK,OK,NO_IRQ,OK","FULL,FULL,NONE,FULL",
1.816960,2026-09-01T19:10:12.499+01:00,1151436,134468,3172,3172,True,True,0x0B,"OK,OK,NO_IRQ,OK","FULL,FULL,NONE,FULL",
1.821691,2026-09-01T19:10:12.505+01:00,1154608,134469,3172,3172,True,True,0x0B,"OK,OK,NO_IRQ,OK","FULL,FULL,NONE,FULL",
1.830270,2026-09-01T19:10:12.509+01:00,1157780,134470,3172,3172,True,True,0x0B,"OK,OK,NO_IRQ,OK","FULL,FULL,NONE,FULL",
1.831995,2026-09-01T19:10:12.517+01:00,1160952,134471,3172,3172,True,True,0x0B,"OK,OK,NO_IRQ,OK","FULL,FULL,NONE,FULL",
1.837184,2026-09-01T19:10:12.519+01:00,1164124,134472,3172,3172,True,True,0x0B,"OK,OK,NO_IRQ,OK","FULL,FULL,NONE,FULL",
1.842327,2026-09-01T19:10:12.524+01:00,1167296,134473,3172,3172,True,True,0x0B,"OK,OK,NO_IRQ,OK","FULL,FULL,NONE,FULL",
1.847607,2026-09-01T19:10:12.530+01:00,1170468,134474,3172,3172,True,True,0x0B,"OK,OK,NO_IRQ,OK","FULL,FULL,NONE,FULL",
1.852166,2026-09-01T19:10:12.535+01:00,1173640,134475,3172,3172,True,True,0x0B,"OK,OK,NO_IRQ,OK","FULL,FULL,NONE,FULL",
1.857430,2026-09-01T19:10:12.540+01:00,1176812,134476,3172,3172,True,True,0x0B,"OK,OK,NO_IRQ,OK","FULL,FULL,NONE,FULL",
1.864521,2026-09-01T19:10:12.545+01:00,1179984,134477,3172,3172,True,True,0x0B,"OK,OK,NO_IRQ,OK","FULL,FULL,NONE,FULL",
1.866625,2026-09-01T19:10:12.552+01:00,1183156,134478,3172,3172,True,True,0x0B,"OK,OK,NO_IRQ,OK","FULL,FULL,NONE,FULL",
1.872054,2026-09-01T19:10:12.554+01:00,1186328,134479,3172,3172,True,True,0x0B,"OK,OK,NO_IRQ,OK","FULL,FULL,NONE,FULL",
1.880759,2026-09-01T19:10:12.559+01:00,1189500,134480,3172,3172,True,True,0x0B,"OK,OK,NO_IRQ,OK","FULL,FULL,NONE,FULL",
1.882046,2026-09-01T19:10:12.568+01:00,1192672,134481,3172,3172,True,True,0x0B,"OK,OK,NO_IRQ,OK","FULL,FULL,NONE,FULL",
1.887521,2026-09-01T19:10:12.569+01:00,1195844,134482,3172,3172,True,True,0x0B,"OK,OK,NO_IRQ,OK","FULL,FULL,NONE,FULL",
1.891676,2026-09-01T19:10:12.575+01:00,1199016,134483,3172,3172,True,True,0x0B,"OK,OK,NO_IRQ,OK","FULL,FULL,NONE,FULL",
1.897280,2026-09-01T19:10:12.579+01:00,1202188,134484,3172,3172,True,True,0x0B,"OK,OK,NO_IRQ,OK","FULL,FULL,NONE,FULL",
1.901819,2026-09-01T19:10:12.585+01:00,1205360,134485,3172,3172,True,True,0x0B,"OK,OK,NO_IRQ,OK","FULL,FULL,NONE,FULL",
1.909173,2026-09-01T19:10:12.589+01:00,1208532,134486,3172,3172,True,True,0x0B,"OK,OK,NO_IRQ,OK","FULL,FULL,NONE,FULL",
1.919616,2026-09-01T19:10:12.596+01:00,1211704,134487,3172,3172,True,True,0x0B,"OK,OK,NO_IRQ,OK","FULL,FULL,NONE,FULL",
1.920684,2026-09-01T19:10:12.608+01:00,1214876,134488,3172,3172,True,True,0x0B,"OK,OK,NO_IRQ,OK","FULL,FULL,NONE,FULL",
1.921726,2026-09-01T19:10:12.608+01:00,1218048,134489,3172,3172,True,True,0x0B,"OK,OK,NO_IRQ,OK","FULL,FULL,NONE,FULL",
1.929612,2026-09-01T19:10:12.609+01:00,1221220,134490,3172,3172,True,True,0x0B,"OK,OK,NO_IRQ,OK","FULL,FULL,NONE,FULL",
1.937019,2026-09-01T19:10:12.617+01:00,1224392,134491,3172,3172,True,True,0x0B,"OK,OK,NO_IRQ,OK","FULL,FULL,NONE,FULL",
1.937812,2026-09-01T19:10:12.624+01:00,1227564,134492,3172,3172,True,True,0x0B,"OK,OK,NO_IRQ,OK","FULL,FULL,NONE,FULL",
1.942360,2026-09-01T19:10:12.625+01:00,1230736,134493,3172,3172,True,True,0x0B,"OK,OK,NO_IRQ,OK","FULL,FULL,NONE,FULL",
1.947638,2026-09-01T19:10:12.630+01:00,1233908,134494,3172,3172,True,True,0x0B,"OK,OK,NO_IRQ,OK","FULL,FULL,NONE,FULL",
1.955248,2026-09-01T19:10:12.635+01:00,1237080,134495,3172,3172,True,True,0x0B,"OK,OK,NO_IRQ,OK","FULL,FULL,NONE,FULL",
1.959080,2026-09-01T19:10:12.643+01:00,1240252,134496,3172,3172,True,True,0x0B,"OK,OK,NO_IRQ,OK","FULL,FULL,NONE,FULL",
1.962575,2026-09-01T19:10:12.646+01:00,1243424,134497,3172,3172,True,True,0x0B,"OK,OK,NO_IRQ,OK","FULL,FULL,NONE,FULL",
1.967089,2026-09-01T19:10:12.650+01:00,1246596,134498,3172,3172,True,True,0x0B,"OK,OK,NO_IRQ,OK","FULL,FULL,NONE,FULL",
1.972775,2026-09-01T19:10:12.654+01:00,1249768,134499,3172,3172,True,True,0x0B,"OK,OK,NO_IRQ,OK","FULL,FULL,NONE,FULL",
1.976984,2026-09-01T19:10:12.660+01:00,1252940,134500,3172,3172,True,True,0x0B,"OK,OK,NO_IRQ,OK","FULL,FULL,NONE,FULL",
1.982174,2026-09-01T19:10:12.664+01:00,1256112,134501,3172,3172,True,True,0x0B,"OK,OK,NO_IRQ,OK","FULL,FULL,NONE,FULL",
1.993367,2026-09-01T19:10:12.669+01:00,1259284,134502,3172,3172,True,True,0x0B,"OK,OK,NO_IRQ,OK","FULL,FULL,NONE,FULL",
1.994090,2026-09-01T19:10:12.681+01:00,1262456,134503,3172,3172,True,True,0x0B,"OK,OK,NO_IRQ,OK","FULL,FULL,NONE,FULL",
1.997470,2026-09-01T19:10:12.682+01:00,1265628,134504,3172,3172,True,True,0x0B,"OK,OK,NO_IRQ,OK","FULL,FULL,NONE,FULL",
2.002486,2026-09-01T19:10:12.685+01:00,1268800,134505,3172,3172,True,True,0x0B,"OK,OK,NO_IRQ,OK","FULL,FULL,NONE,FULL",
2.006971,2026-09-01T19:10:12.690+01:00,1271972,134506,3172,3172,True,True,0x0B,"OK,OK,NO_IRQ,OK","FULL,FULL,NONE,FULL",
2.012988,2026-09-01T19:10:12.694+01:00,1275144,134507,3172,3172,True,True,0x0B,"OK,OK,NO_IRQ,OK","FULL,FULL,NONE,FULL",
2.017222,2026-09-01T19:10:12.700+01:00,1278316,134508,3172,3172,True,True,0x0B,"OK,OK,NO_IRQ,OK","FULL,FULL,NONE,FULL",
2.022082,2026-09-01T19:10:12.704+01:00,1281488,134509,3172,3172,True,True,0x0B,"OK,OK,NO_IRQ,OK","FULL,FULL,NONE,FULL",
2.027044,2026-09-01T19:10:12.709+01:00,1284660,134510,3172,3172,True,True,0x0B,"OK,OK,NO_IRQ,OK","FULL,FULL,NONE,FULL",
2.032447,2026-09-01T19:10:12.717+01:00,1287832,134511,3172,3172,True,True,0x0B,"OK,OK,NO_IRQ,OK","FULL,FULL,NONE,FULL",
2.037204,2026-09-01T19:10:12.720+01:00,1291004,134512,3172,3172,True,True,0x0B,"OK,OK,NO_IRQ,OK","FULL,FULL,NONE,FULL",
2.047788,2026-09-01T19:10:12.725+01:00,1294176,134513,3172,3172,True,True,0x0B,"OK,OK,NO_IRQ,OK","FULL,FULL,NONE,FULL",
2.048384,2026-09-01T19:10:12.735+01:00,1297348,134514,3172,3172,True,True,0x0B,"OK,OK,NO_IRQ,OK","FULL,FULL,NONE,FULL",
2.052427,2026-09-01T19:10:12.736+01:00,1300520,134515,3172,3172,True,True,0x0B,"OK,OK,NO_IRQ,OK","FULL,FULL,NONE,FULL",
2.057243,2026-09-01T19:10:12.740+01:00,1303692,134516,3172,3172,True,True,0x0B,"OK,OK,NO_IRQ,OK","FULL,FULL,NONE,FULL",
2.062152,2026-09-01T19:10:12.744+01:00,1306864,134517,3172,3172,True,True,0x0B,"OK,OK,NO_IRQ,OK","FULL,FULL,NONE,FULL",
2.067013,2026-09-01T19:10:12.752+01:00,1310036,134518,3172,3172,True,True,0x0B,"OK,OK,NO_IRQ,OK","FULL,FULL,NONE,FULL",
2.074291,2026-09-01T19:10:12.755+01:00,1313208,134519,3172,3172,True,True,0x0B,"OK,OK,NO_IRQ,OK","FULL,FULL,NONE,FULL",
2.078221,2026-09-01T19:10:12.761+01:00,1316380,134520,3172,3172,True,True,0x0B,"OK,OK,NO_IRQ,OK","FULL,FULL,NONE,FULL",
2.082911,2026-09-01T19:10:12.765+01:00,1319552,134521,3172,3172,True,True,0x0B,"OK,OK,NO_IRQ,OK","FULL,FULL,NONE,FULL",
2.087112,2026-09-01T19:10:12.771+01:00,1322724,134522,3172,3172,True,True,0x0B,"OK,OK,NO_IRQ,OK","FULL,FULL,NONE,FULL",
2.092164,2026-09-01T19:10:12.774+01:00,1325896,134523,3172,3172,True,True,0x0B,"OK,OK,NO_IRQ,OK","FULL,FULL,NONE,FULL",
2.107844,2026-09-01T19:10:12.779+01:00,1329068,134524,3172,3172,True,True,0x0B,"OK,OK,NO_IRQ,OK","FULL,FULL,NONE,FULL",
2.108107,2026-09-01T19:10:12.795+01:00,1332240,134525,3172,3172,True,True,0x0B,"OK,OK,NO_IRQ,OK","FULL,FULL,NONE,FULL",
2.108283,2026-09-01T19:10:12.795+01:00,1335412,134526,3172,3172,True,True,0x0B,"OK,OK,NO_IRQ,OK","FULL,FULL,NONE,FULL",
2.112465,2026-09-01T19:10:12.795+01:00,1338584,134527,3172,3172,True,True,0x0B,"OK,OK,NO_IRQ,OK","FULL,FULL,NONE,FULL",
2.124449,2026-09-01T19:10:12.800+01:00,1341756,134528,3172,3172,True,True,0x0B,"OK,OK,NO_IRQ,OK","FULL,FULL,NONE,FULL",
2.124701,2026-09-01T19:10:12.812+01:00,1344928,134529,3172,3172,True,True,0x0B,"OK,OK,NO_IRQ,OK","FULL,FULL,NONE,FULL",
2.127378,2026-09-01T19:10:12.812+01:00,1348100,134530,3172,3172,True,True,0x0B,"OK,OK,NO_IRQ,OK","FULL,FULL,NONE,FULL",
2.132404,2026-09-01T19:10:12.815+01:00,1351272,134531,3172,3172,True,True,0x0B,"OK,OK,NO_IRQ,OK","FULL,FULL,NONE,FULL",
2.141828,2026-09-01T19:10:12.820+01:00,1354444,134532,3172,3172,True,True,0x0B,"OK,OK,NO_IRQ,OK","FULL,FULL,NONE,FULL",
2.142805,2026-09-01T19:10:12.829+01:00,1357616,134533,3172,3172,True,True,0x0B,"OK,OK,NO_IRQ,OK","FULL,FULL,NONE,FULL",
2.147602,2026-09-01T19:10:12.831+01:00,1360788,134534,3172,3172,True,True,0x0B,"OK,OK,NO_IRQ,OK","FULL,FULL,NONE,FULL",
2.160476,2026-09-01T19:10:12.835+01:00,1363960,134535,3172,3172,True,True,0x0B,"OK,OK,NO_IRQ,OK","FULL,FULL,NONE,FULL",
2.161264,2026-09-01T19:10:12.848+01:00,1367132,134536,3172,3172,True,True,0x0B,"OK,OK,NO_IRQ,OK","FULL,FULL,NONE,FULL",
2.162644,2026-09-01T19:10:12.849+01:00,1370304,134537,3172,3172,True,True,0x0B,"OK,OK,NO_IRQ,OK","FULL,FULL,NONE,FULL",
2.167597,2026-09-01T19:10:12.850+01:00,1373476,134538,3172,3172,True,True,0x0B,"OK,OK,NO_IRQ,OK","FULL,FULL,NONE,FULL",
2.172259,2026-09-01T19:10:12.855+01:00,1376648,134539,3172,3172,True,True,0x0B,"OK,OK,NO_IRQ,OK","FULL,FULL,NONE,FULL",
2.177998,2026-09-01T19:10:12.859+01:00,1379820,134540,3172,3172,True,True,0x0B,"OK,OK,NO_IRQ,OK","FULL,FULL,NONE,FULL",
2.182640,2026-09-01T19:10:12.865+01:00,1382992,134541,3172,3172,True,True,0x0B,"OK,OK,NO_IRQ,OK","FULL,FULL,NONE,FULL",
2.187294,2026-09-01T19:10:12.870+01:00,1386164,134542,3172,3172,True,True,0x0B,"OK,OK,NO_IRQ,OK","FULL,FULL,NONE,FULL",
2.195030,2026-09-01T19:10:12.874+01:00,1389336,134543,3172,3172,True,True,0x0B,"OK,OK,NO_IRQ,OK","FULL,FULL,NONE,FULL",
2.197697,2026-09-01T19:10:12.882+01:00,1392508,134544,3172,3172,True,True,0x0B,"OK,OK,NO_IRQ,OK","FULL,FULL,NONE,FULL",
2.202931,2026-09-01T19:10:12.885+01:00,1395680,134545,3172,3172,True,True,0x0B,"OK,OK,NO_IRQ,OK","FULL,FULL,NONE,FULL",
2.208785,2026-09-01T19:10:12.890+01:00,1398852,134546,3172,3172,True,True,0x0B,"OK,OK,NO_IRQ,OK","FULL,FULL,NONE,FULL",
2.216099,2026-09-01T19:10:12.896+01:00,1402024,134547,3172,3172,True,True,0x0B,"OK,OK,NO_IRQ,OK","FULL,FULL,NONE,FULL",
2.217612,2026-09-01T19:10:12.904+01:00,1405196,134548,3172,3172,True,True,0x0B,"OK,OK,NO_IRQ,OK","FULL,FULL,NONE,FULL",
2.225245,2026-09-01T19:10:12.905+01:00,1408368,134549,3172,3172,True,True,0x0B,"OK,OK,NO_IRQ,OK","FULL,FULL,NONE,FULL",
2.233170,2026-09-01T19:10:12.912+01:00,1411540,134550,3172,3172,True,True,0x0B,"OK,OK,NO_IRQ,OK","FULL,FULL,NONE,FULL",
2.233978,2026-09-01T19:10:12.921+01:00,1414712,134551,3172,3172,True,True,0x0B,"OK,OK,NO_IRQ,OK","FULL,FULL,NONE,FULL",
2.237948,2026-09-01T19:10:12.921+01:00,1417884,134552,3172,3172,True,True,0x0B,"OK,OK,NO_IRQ,OK","FULL,FULL,NONE,FULL",
2.242629,2026-09-01T19:10:12.925+01:00,1421056,134553,3172,3172,True,True,0x0B,"OK,OK,NO_IRQ,OK","FULL,FULL,NONE,FULL",
2.248264,2026-09-01T19:10:12.930+01:00,1424228,134554,3172,3172,True,True,0x0B,"OK,OK,NO_IRQ,OK","FULL,FULL,NONE,FULL",
2.253762,2026-09-01T19:10:12.935+01:00,1427400,134555,3172,3172,True,True,0x0B,"OK,OK,NO_IRQ,OK","FULL,FULL,NONE,FULL",
2.257350,2026-09-01T19:10:12.941+01:00,1430572,134556,3172,3172,True,True,0x0B,"OK,OK,NO_IRQ,OK","FULL,FULL,NONE,FULL",
2.262645,2026-09-01T19:10:12.945+01:00,1433744,134557,3172,3172,True,True,0x0B,"OK,OK,NO_IRQ,OK","FULL,FULL,NONE,FULL",
2.274056,2026-09-01T19:10:12.950+01:00,1436916,134558,3172,3172,True,True,0x0B,"OK,OK,NO_IRQ,OK","FULL,FULL,NONE,FULL",
2.275846,2026-09-01T19:10:12.963+01:00,1440088,134559,3172,3172,True,True,0x0B,"OK,OK,NO_IRQ,OK","FULL,FULL,NONE,FULL",
2.291134,2026-09-01T19:10:12.967+01:00,1443260,134560,3172,3172,True,True,0x0B,"OK,OK,NO_IRQ,OK","FULL,FULL,NONE,FULL",
2.292610,2026-09-01T19:10:12.979+01:00,1446432,134561,3172,3172,True,True,0x0B,"OK,OK,NO_IRQ,OK","FULL,FULL,NONE,FULL",
2.294067,2026-09-01T19:10:12.980+01:00,1449604,134562,3172,3172,True,True,0x0B,"OK,OK,NO_IRQ,OK","FULL,FULL,NONE,FULL",
2.294601,2026-09-01T19:10:12.981+01:00,1452776,134563,3172,3172,True,True,0x0B,"OK,OK,NO_IRQ,OK","FULL,FULL,NONE,FULL",
2.297720,2026-09-01T19:10:12.982+01:00,1455948,134564,3172,3172,True,True,0x0B,"OK,OK,NO_IRQ,OK","FULL,FULL,NONE,FULL",
2.308471,2026-09-01T19:10:12.985+01:00,1459120,134565,3172,3172,True,True,0x0B,"OK,OK,NO_IRQ,OK","FULL,FULL,NONE,FULL",
2.308941,2026-09-01T19:10:12.996+01:00,1462292,134566,3172,3172,True,True,0x0B,"OK,OK,NO_IRQ,OK","FULL,FULL,NONE,FULL",
2.313007,2026-09-01T19:10:12.996+01:00,1465464,134567,3172,3172,True,True,0x0B,"OK,OK,NO_IRQ,OK","FULL,FULL,NONE,FULL",
2.317986,2026-09-01T19:10:13.000+01:00,1468636,134568,3172,3172,True,True,0x0B,"OK,OK,NO_IRQ,OK","FULL,FULL,NONE,FULL",
2.323511,2026-09-01T19:10:13.005+01:00,1471808,134569,3172,3172,True,True,0x0B,"OK,OK,NO_IRQ,OK","FULL,FULL,NONE,FULL",
2.330405,2026-09-01T19:10:13.011+01:00,1474980,134570,3172,3172,True,True,0x0B,"OK,OK,NO_IRQ,OK","FULL,FULL,NONE,FULL",
2.332617,2026-09-01T19:10:13.018+01:00,1478152,134571,3172,3172,True,True,0x0B,"OK,OK,NO_IRQ,OK","FULL,FULL,NONE,FULL",
2.337715,2026-09-01T19:10:13.020+01:00,1481324,134572,3172,3172,True,True,0x0B,"OK,OK,NO_IRQ,OK","FULL,FULL,NONE,FULL",
2.344783,2026-09-01T19:10:13.025+01:00,1484496,134573,3172,3172,True,True,0x0B,"OK,OK,NO_IRQ,OK","FULL,FULL,NONE,FULL",
2.348855,2026-09-01T19:10:13.035+01:00,1487668,134574,3172,3172,True,True,0x0B,"OK,OK,NO_IRQ,OK","FULL,FULL,NONE,FULL",
2.352864,2026-09-01T19:10:13.036+01:00,1490840,134575,3172,3172,True,True,0x0B,"OK,OK,NO_IRQ,OK","FULL,FULL,NONE,FULL",
2.357946,2026-09-01T19:10:13.040+01:00,1494012,134576,3172,3172,True,True,0x0B,"OK,OK,NO_IRQ,OK","FULL,FULL,NONE,FULL",
2.365267,2026-09-01T19:10:13.045+01:00,1497184,134577,3172,3172,True,True,0x0B,"OK,OK,NO_IRQ,OK","FULL,FULL,NONE,FULL",
2.367604,2026-09-01T19:10:13.053+01:00,1500356,134578,3172,3172,True,True,0x0B,"OK,OK,NO_IRQ,OK","FULL,FULL,NONE,FULL",
2.373542,2026-09-01T19:10:13.055+01:00,1503528,134579,3172,3172,True,True,0x0B,"OK,OK,NO_IRQ,OK","FULL,FULL,NONE,FULL",
2.382251,2026-09-01T19:10:13.061+01:00,1506700,134580,3172,3172,True,True,0x0B,"OK,OK,NO_IRQ,OK","FULL,FULL,NONE,FULL",
2.383284,2026-09-01T19:10:13.070+01:00,1509872,134581,3172,3172,True,True,0x0B,"OK,OK,NO_IRQ,OK","FULL,FULL,NONE,FULL",
2.387960,2026-09-01T19:10:13.071+01:00,1513044,134582,3172,3172,True,True,0x0B,"OK,OK,NO_IRQ,OK","FULL,FULL,NONE,FULL",
2.393242,2026-09-01T19:10:13.075+01:00,1516216,134583,3172,3172,True,True,0x0B,"OK,OK,NO_IRQ,OK","FULL,FULL,NONE,FULL",
2.399168,2026-09-01T19:10:13.080+01:00,1519388,134584,3172,3172,True,True,0x0B,"OK,OK,NO_IRQ,OK","FULL,FULL,NONE,FULL",
2.403319,2026-09-01T19:10:13.087+01:00,1522560,134585,3172,3172,True,True,0x0B,"OK,OK,NO_IRQ,OK","FULL,FULL,NONE,FULL",
2.408053,2026-09-01T19:10:13.091+01:00,1525732,134586,3172,3172,True,True,0x0B,"OK,OK,NO_IRQ,OK","FULL,FULL,NONE,FULL",
2.416822,2026-09-01T19:10:13.095+01:00,1528904,134587,3172,3172,True,True,0x0B,"OK,OK,NO_IRQ,OK","FULL,FULL,NONE,FULL",
2.417855,2026-09-01T19:10:13.104+01:00,1532076,134588,3172,3172,True,True,0x0B,"OK,OK,NO_IRQ,OK","FULL,FULL,NONE,FULL",
2.423377,2026-09-01T19:10:13.105+01:00,1535248,134589,3172,3172,True,True,0x0B,"OK,OK,NO_IRQ,OK","FULL,FULL,NONE,FULL",
2.428822,2026-09-01T19:10:13.111+01:00,1538420,134590,3172,3172,True,True,0x0B,"OK,OK,NO_IRQ,OK","FULL,FULL,NONE,FULL",
2.433171,2026-09-01T19:10:13.117+01:00,1541592,134591,3172,3172,True,True,0x0B,"OK,OK,NO_IRQ,OK","FULL,FULL,NONE,FULL",
2.437731,2026-09-01T19:10:13.120+01:00,1544764,134592,3172,3172,True,True,0x0B,"OK,OK,NO_IRQ,OK","FULL,FULL,NONE,FULL",
2.442741,2026-09-01T19:10:13.125+01:00,1547936,134593,3172,3172,True,True,0x0B,"OK,OK,NO_IRQ,OK","FULL,FULL,NONE,FULL",
2.456260,2026-09-01T19:10:13.130+01:00,1551108,134594,3172,3172,True,True,0x0B,"OK,OK,NO_IRQ,OK","FULL,FULL,NONE,FULL",
2.456529,2026-09-01T19:10:13.144+01:00,1554280,134595,3172,3172,True,True,0x0B,"OK,OK,NO_IRQ,OK","FULL,FULL,NONE,FULL",
2.459973,2026-09-01T19:10:13.144+01:00,1557452,134596,3172,3172,True,True,0x0B,"OK,OK,NO_IRQ,OK","FULL,FULL,NONE,FULL",
2.463014,2026-09-01T19:10:13.147+01:00,1560624,134597,3172,3172,True,True,0x0B,"OK,OK,NO_IRQ,OK","FULL,FULL,NONE,FULL",
2.467913,2026-09-01T19:10:13.151+01:00,1563796,134598,3172,3172,True,True,0x0B,"OK,OK,NO_IRQ,OK","FULL,FULL,NONE,FULL",
2.476146,2026-09-01T19:10:13.155+01:00,1566968,134599,3172,3172,True,True,0x0B,"OK,OK,NO_IRQ,OK","FULL,FULL,NONE,FULL",
2.478191,2026-09-01T19:10:13.163+01:00,1570140,134600,3172,3172,True,True,0x0B,"OK,OK,NO_IRQ,OK","FULL,FULL,NONE,FULL",
2.483315,2026-09-01T19:10:13.166+01:00,1573312,134601,3172,3172,True,True,0x0B,"OK,OK,NO_IRQ,OK","FULL,FULL,NONE,FULL",
2.492505,2026-09-01T19:10:13.171+01:00,1576484,134602,3172,3172,True,True,0x0B,"OK,OK,NO_IRQ,OK","FULL,FULL,NONE,FULL",
2.492891,2026-09-01T19:10:13.180+01:00,1579656,134603,3172,3172,True,True,0x0B,"OK,OK,NO_IRQ,OK","FULL,FULL,NONE,FULL",
2.498127,2026-09-01T19:10:13.180+01:00,1582828,134604,3172,3172,True,True,0x0B,"OK,OK,NO_IRQ,OK","FULL,FULL,NONE,FULL",
2.502984,2026-09-01T19:10:13.186+01:00,1586000,134605,3172,3172,True,True,0x0B,"OK,OK,NO_IRQ,OK","FULL,FULL,NONE,FULL",
2.509790,2026-09-01T19:10:13.190+01:00,1589172,134606,3172,3172,True,True,0x0B,"OK,OK,NO_IRQ,OK","FULL,FULL,NONE,FULL",
2.513095,2026-09-01T19:10:13.197+01:00,1592344,134607,3172,3172,True,True,0x0B,"OK,OK,NO_IRQ,OK","FULL,FULL,NONE,FULL",
2.518142,2026-09-01T19:10:13.200+01:00,1595516,134608,3172,3172,True,True,0x0B,"OK,OK,NO_IRQ,OK","FULL,FULL,NONE,FULL",
2.526405,2026-09-01T19:10:13.205+01:00,1598688,134609,3172,3172,True,True,0x0B,"OK,OK,NO_IRQ,OK","FULL,FULL,NONE,FULL",
2.528387,2026-09-01T19:10:13.214+01:00,1601860,134610,3172,3172,True,True,0x0B,"OK,OK,NO_IRQ,OK","FULL,FULL,NONE,FULL",
2.533280,2026-09-01T19:10:13.216+01:00,1605032,134611,3172,3172,True,True,0x0B,"OK,OK,NO_IRQ,OK","FULL,FULL,NONE,FULL",
2.540957,2026-09-01T19:10:13.221+01:00,1608204,134612,3172,3172,True,True,0x0B,"OK,OK,NO_IRQ,OK","FULL,FULL,NONE,FULL",
2.544627,2026-09-01T19:10:13.228+01:00,1611376,134613,3172,3172,True,True,0x0B,"OK,OK,NO_IRQ,OK","FULL,FULL,NONE,FULL",
2.548201,2026-09-01T19:10:13.232+01:00,1614548,134614,3172,3172,True,True,0x0B,"OK,OK,NO_IRQ,OK","FULL,FULL,NONE,FULL",
2.553034,2026-09-01T19:10:13.236+01:00,1617720,134615,3172,3172,True,True,0x0B,"OK,OK,NO_IRQ,OK","FULL,FULL,NONE,FULL",
2.560778,2026-09-01T19:10:13.240+01:00,1620892,134616,3172,3172,True,True,0x0B,"OK,OK,NO_IRQ,OK","FULL,FULL,NONE,FULL",
2.563238,2026-09-01T19:10:13.248+01:00,1624064,134617,3172,3172,True,True,0x0B,"OK,OK,NO_IRQ,OK","FULL,FULL,NONE,FULL",
2.568369,2026-09-01T19:10:13.250+01:00,1627236,134618,3172,3172,True,True,0x0B,"OK,OK,NO_IRQ,OK","FULL,FULL,NONE,FULL",
2.577550,2026-09-01T19:10:13.256+01:00,1630408,134619,3172,3172,True,True,0x0B,"OK,OK,NO_IRQ,OK","FULL,FULL,NONE,FULL",
2.578443,2026-09-01T19:10:13.265+01:00,1633580,134620,3172,3172,True,True,0x0B,"OK,OK,NO_IRQ,OK","FULL,FULL,NONE,FULL",
2.583938,2026-09-01T19:10:13.266+01:00,1636752,134621,3172,3172,True,True,0x0B,"OK,OK,NO_IRQ,OK","FULL,FULL,NONE,FULL",
2.588575,2026-09-01T19:10:13.271+01:00,1639924,134622,3172,3172,True,True,0x0B,"OK,OK,NO_IRQ,OK","FULL,FULL,NONE,FULL",
2.593746,2026-09-01T19:10:13.276+01:00,1643096,134623,3172,3172,True,True,0x0B,"OK,OK,NO_IRQ,OK","FULL,FULL,NONE,FULL",
2.598729,2026-09-01T19:10:13.281+01:00,1646268,134624,3172,3172,True,True,0x0B,"OK,OK,NO_IRQ,OK","FULL,FULL,NONE,FULL",
2.603563,2026-09-01T19:10:13.286+01:00,1649440,134625,3172,3172,True,True,0x0B,"OK,OK,NO_IRQ,OK","FULL,FULL,NONE,FULL",
2.608506,2026-09-01T19:10:13.291+01:00,1652612,134626,3172,3172,True,True,0x0B,"OK,OK,NO_IRQ,OK","FULL,FULL,NONE,FULL",
2.620192,2026-09-01T19:10:13.296+01:00,1655784,134627,3172,3172,True,True,0x0B,"OK,OK,NO_IRQ,OK","FULL,FULL,NONE,FULL",
2.620762,2026-09-01T19:10:13.308+01:00,1658956,134628,3172,3172,True,True,0x0B,"OK,OK,NO_IRQ,OK","FULL,FULL,NONE,FULL",
2.623157,2026-09-01T19:10:13.308+01:00,1662128,134629,3172,3172,True,True,0x0B,"OK,OK,NO_IRQ,OK","FULL,FULL,NONE,FULL",
2.636190,2026-09-01T19:10:13.310+01:00,1665300,134630,3172,3172,True,True,0x0B,"OK,OK,NO_IRQ,OK","FULL,FULL,NONE,FULL",
2.637471,2026-09-01T19:10:13.324+01:00,1668472,134631,3172,3172,True,True,0x0B,"OK,OK,NO_IRQ,OK","FULL,FULL,NONE,FULL",
2.638752,2026-09-01T19:10:13.325+01:00,1671644,134632,3172,3172,True,True,0x0B,"OK,OK,NO_IRQ,OK","FULL,FULL,NONE,FULL",
2.643776,2026-09-01T19:10:13.326+01:00,1674816,134633,3172,3172,True,True,0x0B,"OK,OK,NO_IRQ,OK","FULL,FULL,NONE,FULL",
2.648815,2026-09-01T19:10:13.331+01:00,1677988,134634,3172,3172,True,True,0x0B,"OK,OK,NO_IRQ,OK","FULL,FULL,NONE,FULL",
2.658699,2026-09-01T19:10:13.336+01:00,1681160,134635,3172,3172,True,True,0x0B,"OK,OK,NO_IRQ,OK","FULL,FULL,NONE,FULL",
2.659262,2026-09-01T19:10:13.346+01:00,1684332,134636,3172,3172,True,True,0x0B,"OK,OK,NO_IRQ,OK","FULL,FULL,NONE,FULL",
2.663482,2026-09-01T19:10:13.347+01:00,1687504,134637,3172,3172,True,True,0x0B,"OK,OK,NO_IRQ,OK","FULL,FULL,NONE,FULL",
2.668291,2026-09-01T19:10:13.351+01:00,1690676,134638,3172,3172,True,True,0x0B,"OK,OK,NO_IRQ,OK","FULL,FULL,NONE,FULL",
2.676343,2026-09-01T19:10:13.355+01:00,1693848,134639,3172,3172,True,True,0x0B,"OK,OK,NO_IRQ,OK","FULL,FULL,NONE,FULL",
2.678569,2026-09-01T19:10:13.364+01:00,1697020,134640,3172,3172,True,True,0x0B,"OK,OK,NO_IRQ,OK","FULL,FULL,NONE,FULL",
2.683856,2026-09-01T19:10:13.366+01:00,1700192,134641,3172,3172,True,True,0x0B,"OK,OK,NO_IRQ,OK","FULL,FULL,NONE,FULL",
2.688715,2026-09-01T19:10:13.371+01:00,1703364,134642,3172,3172,True,True,0x0B,"OK,OK,NO_IRQ,OK","FULL,FULL,NONE,FULL",
2.696263,2026-09-01T19:10:13.376+01:00,1706536,134643,3172,3172,True,True,0x0B,"OK,OK,NO_IRQ,OK","FULL,FULL,NONE,FULL",
2.698305,2026-09-01T19:10:13.384+01:00,1709708,134644,3172,3172,True,True,0x0B,"OK,OK,NO_IRQ,OK","FULL,FULL,NONE,FULL",
2.703777,2026-09-01T19:10:13.386+01:00,1712880,134645,3172,3172,True,True,0x0B,"OK,OK,NO_IRQ,OK","FULL,FULL,NONE,FULL",
2.708492,2026-09-01T19:10:13.391+01:00,1716052,134646,3172,3172,True,True,0x0B,"OK,OK,NO_IRQ,OK","FULL,FULL,NONE,FULL",
2.714492,2026-09-01T19:10:13.396+01:00,1719224,134647,3172,3172,True,True,0x0B,"OK,OK,NO_IRQ,OK","FULL,FULL,NONE,FULL",
2.718419,2026-09-01T19:10:13.402+01:00,1722396,134648,3172,3172,True,True,0x0B,"OK,OK,NO_IRQ,OK","FULL,FULL,NONE,FULL",
2.727459,2026-09-01T19:10:13.406+01:00,1725568,134649,3172,3172,True,True,0x0B,"OK,OK,NO_IRQ,OK","FULL,FULL,NONE,FULL",
2.731416,2026-09-01T19:10:13.418+01:00,1728740,134650,3172,3172,True,True,0x0B,"OK,OK,NO_IRQ,OK","FULL,FULL,NONE,FULL",
2.733200,2026-09-01T19:10:13.419+01:00,1731912,134651,3172,3172,True,True,0x0B,"OK,OK,NO_IRQ,OK","FULL,FULL,NONE,FULL",
2.738319,2026-09-01T19:10:13.420+01:00,1735084,134652,3172,3172,True,True,0x0B,"OK,OK,NO_IRQ,OK","FULL,FULL,NONE,FULL",
2.747804,2026-09-01T19:10:13.426+01:00,1738256,134653,3172,3172,True,True,0x0B,"OK,OK,NO_IRQ,OK","FULL,FULL,NONE,FULL",
2.748815,2026-09-01T19:10:13.435+01:00,1741428,134654,3172,3172,True,True,0x0B,"OK,OK,NO_IRQ,OK","FULL,FULL,NONE,FULL",
2.753479,2026-09-01T19:10:13.436+01:00,1744600,134655,3172,3172,True,True,0x0B,"OK,OK,NO_IRQ,OK","FULL,FULL,NONE,FULL",
2.758270,2026-09-01T19:10:13.441+01:00,1747772,134656,3172,3172,True,True,0x0B,"OK,OK,NO_IRQ,OK","FULL,FULL,NONE,FULL",
2.764758,2026-09-01T19:10:13.445+01:00,1750944,134657,3172,3172,True,True,0x0B,"OK,OK,NO_IRQ,OK","FULL,FULL,NONE,FULL",
2.768335,2026-09-01T19:10:13.452+01:00,1754116,134658,3172,3172,True,True,0x0B,"OK,OK,NO_IRQ,OK","FULL,FULL,NONE,FULL",
2.774322,2026-09-01T19:10:13.456+01:00,1757288,134659,3172,3172,True,True,0x0B,"OK,OK,NO_IRQ,OK","FULL,FULL,NONE,FULL",
2.778337,2026-09-01T19:10:13.462+01:00,1760460,134660,3172,3172,True,True,0x0B,"OK,OK,NO_IRQ,OK","FULL,FULL,NONE,FULL",
2.784204,2026-09-01T19:10:13.466+01:00,1763632,134661,3172,3172,True,True,0x0B,"OK,OK,NO_IRQ,OK","FULL,FULL,NONE,FULL",
2.788381,2026-09-01T19:10:13.471+01:00,1766804,134662,3172,3172,True,True,0x0B,"OK,OK,NO_IRQ,OK","FULL,FULL,NONE,FULL",
2.793486,2026-09-01T19:10:13.478+01:00,1769976,134663,3172,3172,True,True,0x0B,"OK,OK,NO_IRQ,OK","FULL,FULL,NONE,FULL",
2.808829,2026-09-01T19:10:13.481+01:00,1773148,134664,3172,3172,True,True,0x0B,"OK,OK,NO_IRQ,OK","FULL,FULL,NONE,FULL",
2.809585,2026-09-01T19:10:13.496+01:00,1776320,134665,3172,3172,True,True,0x0B,"OK,OK,NO_IRQ,OK","FULL,FULL,NONE,FULL",
2.810518,2026-09-01T19:10:13.497+01:00,1779492,134666,3172,3172,True,True,0x0B,"OK,OK,NO_IRQ,OK","FULL,FULL,NONE,FULL",
2.813575,2026-09-01T19:10:13.498+01:00,1782664,134667,3172,3172,True,True,0x0B,"OK,OK,NO_IRQ,OK","FULL,FULL,NONE,FULL",
2.818764,2026-09-01T19:10:13.501+01:00,1785836,134668,3172,3172,True,True,0x0B,"OK,OK,NO_IRQ,OK","FULL,FULL,NONE,FULL",
2.827091,2026-09-01T19:10:13.506+01:00,1789008,134669,3172,3172,True,True,0x0B,"OK,OK,NO_IRQ,OK","FULL,FULL,NONE,FULL",
2.829096,2026-09-01T19:10:13.515+01:00,1792180,134670,3172,3172,True,True,0x0B,"OK,OK,NO_IRQ,OK","FULL,FULL,NONE,FULL",
2.834080,2026-09-01T19:10:13.516+01:00,1795352,134671,3172,3172,True,True,0x0B,"OK,OK,NO_IRQ,OK","FULL,FULL,NONE,FULL",
2.844111,2026-09-01T19:10:13.521+01:00,1798524,134672,3172,3172,True,True,0x0B,"OK,OK,NO_IRQ,OK","FULL,FULL,NONE,FULL",
2.845376,2026-09-01T19:10:13.531+01:00,1801696,134673,3172,3172,True,True,0x0B,"OK,OK,NO_IRQ,OK","FULL,FULL,NONE,FULL",
2.848812,2026-09-01T19:10:13.533+01:00,1804868,134674,3172,3172,True,True,0x0B,"OK,OK,NO_IRQ,OK","FULL,FULL,NONE,FULL",
2.853423,2026-09-01T19:10:13.536+01:00,1808040,134675,3172,3172,True,True,0x0B,"OK,OK,NO_IRQ,OK","FULL,FULL,NONE,FULL",
2.861685,2026-09-01T19:10:13.541+01:00,1811212,134676,3172,3172,True,True,0x0B,"OK,OK,NO_IRQ,OK","FULL,FULL,NONE,FULL",
2.864013,2026-09-01T19:10:13.549+01:00,1814384,134677,3172,3172,True,True,0x0B,"OK,OK,NO_IRQ,OK","FULL,FULL,NONE,FULL",
2.869138,2026-09-01T19:10:13.552+01:00,1817556,134678,3172,3172,True,True,0x0B,"OK,OK,NO_IRQ,OK","FULL,FULL,NONE,FULL",
2.876251,2026-09-01T19:10:13.556+01:00,1820728,134679,3172,3172,True,True,0x0B,"OK,OK,NO_IRQ,OK","FULL,FULL,NONE,FULL",
2.879938,2026-09-01T19:10:13.563+01:00,1823900,134680,3172,3172,True,True,0x0B,"OK,OK,NO_IRQ,OK","FULL,FULL,NONE,FULL",
2.883926,2026-09-01T19:10:13.567+01:00,1827072,134681,3172,3172,True,True,0x0B,"OK,OK,NO_IRQ,OK","FULL,FULL,NONE,FULL",
2.888912,2026-09-01T19:10:13.571+01:00,1830244,134682,3172,3172,True,True,0x0B,"OK,OK,NO_IRQ,OK","FULL,FULL,NONE,FULL",
2.896404,2026-09-01T19:10:13.576+01:00,1833416,134683,3172,3172,True,True,0x0B,"OK,OK,NO_IRQ,OK","FULL,FULL,NONE,FULL",
2.898651,2026-09-01T19:10:13.584+01:00,1836588,134684,3172,3172,True,True,0x0B,"OK,OK,NO_IRQ,OK","FULL,FULL,NONE,FULL",
2.904105,2026-09-01T19:10:13.586+01:00,1839760,134685,3172,3172,True,True,0x0B,"OK,OK,NO_IRQ,OK","FULL,FULL,NONE,FULL",
2.913934,2026-09-01T19:10:13.592+01:00,1842932,134686,3172,3172,True,True,0x0B,"OK,OK,NO_IRQ,OK","FULL,FULL,NONE,FULL",
2.914348,2026-09-01T19:10:13.601+01:00,1846104,134687,3172,3172,True,True,0x0B,"OK,OK,NO_IRQ,OK","FULL,FULL,NONE,FULL",
2.918763,2026-09-01T19:10:13.602+01:00,1849276,134688,3172,3172,True,True,0x0B,"OK,OK,NO_IRQ,OK","FULL,FULL,NONE,FULL",
2.923569,2026-09-01T19:10:13.606+01:00,1852448,134689,3172,3172,True,True,0x0B,"OK,OK,NO_IRQ,OK","FULL,FULL,NONE,FULL",
2.929886,2026-09-01T19:10:13.611+01:00,1855620,134690,3172,3172,True,True,0x0B,"OK,OK,NO_IRQ,OK","FULL,FULL,NONE,FULL",
2.933946,2026-09-01T19:10:13.617+01:00,1858792,134691,3172,3172,True,True,0x0B,"OK,OK,NO_IRQ,OK","FULL,FULL,NONE,FULL",
2.940390,2026-09-01T19:10:13.621+01:00,1861964,134692,3172,3172,True,True,0x0B,"OK,OK,NO_IRQ,OK","FULL,FULL,NONE,FULL",
2.944012,2026-09-01T19:10:13.628+01:00,1865136,134693,3172,3172,True,True,0x0B,"OK,OK,NO_IRQ,OK","FULL,FULL,NONE,FULL",
2.948683,2026-09-01T19:10:13.631+01:00,1868308,134694,3172,3172,True,True,0x0B,"OK,OK,NO_IRQ,OK","FULL,FULL,NONE,FULL",
2.954042,2026-09-01T19:10:13.636+01:00,1871480,134695,3172,3172,True,True,0x0B,"OK,OK,NO_IRQ,OK","FULL,FULL,NONE,FULL",
2.958692,2026-09-01T19:10:13.642+01:00,1874652,134696,3172,3172,True,True,0x0B,"OK,OK,NO_IRQ,OK","FULL,FULL,NONE,FULL",
2.963727,2026-09-01T19:10:13.646+01:00,1877824,134697,3172,3172,True,True,0x0B,"OK,OK,NO_IRQ,OK","FULL,FULL,NONE,FULL",
2.979339,2026-09-01T19:10:13.651+01:00,1880996,134698,3172,3172,True,True,0x0B,"OK,OK,NO_IRQ,OK","FULL,FULL,NONE,FULL",
2.979663,2026-09-01T19:10:13.667+01:00,1884168,134699,3172,3172,True,True,0x0B,"OK,OK,NO_IRQ,OK","FULL,FULL,NONE,FULL",
2.979845,2026-09-01T19:10:13.667+01:00,1887340,134700,3172,3172,True,True,0x0B,"OK,OK,NO_IRQ,OK","FULL,FULL,NONE,FULL",
2.993175,2026-09-01T19:10:13.667+01:00,1890512,134701,3172,3172,True,True,0x0B,"OK,OK,NO_IRQ,OK","FULL,FULL,NONE,FULL",
2.993686,2026-09-01T19:10:13.680+01:00,1893684,134702,3172,3172,True,True,0x0B,"OK,OK,NO_IRQ,OK","FULL,FULL,NONE,FULL",
2.994576,2026-09-01T19:10:13.681+01:00,1896856,134703,3172,3172,True,True,0x0B,"OK,OK,NO_IRQ,OK","FULL,FULL,NONE,FULL",
2.998911,2026-09-01T19:10:13.682+01:00,1900028,134704,3172,3172,True,True,0x0B,"OK,OK,NO_IRQ,OK","FULL,FULL,NONE,FULL",
3.010948,2026-09-01T19:10:13.686+01:00,1903200,134705,3172,3172,True,True,0x0B,"OK,OK,NO_IRQ,OK","FULL,FULL,NONE,FULL",
3.011783,2026-09-01T19:10:13.698+01:00,1906372,134706,3172,3172,True,True,0x0B,"OK,OK,NO_IRQ,OK","FULL,FULL,NONE,FULL",
3.013934,2026-09-01T19:10:13.699+01:00,1909544,134707,3172,3172,True,True,0x0B,"OK,OK,NO_IRQ,OK","FULL,FULL,NONE,FULL",
3.028843,2026-09-01T19:10:13.701+01:00,1912716,134708,3172,3172,True,True,0x0B,"OK,OK,NO_IRQ,OK","FULL,FULL,NONE,FULL",
3.029799,2026-09-01T19:10:13.716+01:00,1915888,134709,3172,3172,True,True,0x0B,"OK,OK,NO_IRQ,OK","FULL,FULL,NONE,FULL",
3.030046,2026-09-01T19:10:13.717+01:00,1919060,134710,3172,3172,True,True,0x0B,"OK,OK,NO_IRQ,OK","FULL,FULL,NONE,FULL",
3.034090,2026-09-01T19:10:13.717+01:00,1922232,134711,3172,3172,True,True,0x0B,"OK,OK,NO_IRQ,OK","FULL,FULL,NONE,FULL",
3.044545,2026-09-01T19:10:13.722+01:00,1925404,134712,3172,3172,True,True,0x0B,"OK,OK,NO_IRQ,OK","FULL,FULL,NONE,FULL",
3.044865,2026-09-01T19:10:13.732+01:00,1928576,134713,3172,3172,True,True,0x0B,"OK,OK,NO_IRQ,OK","FULL,FULL,NONE,FULL",
3.051282,2026-09-01T19:10:13.732+01:00,1931748,134714,3172,3172,True,True,0x0B,"OK,OK,NO_IRQ,OK","FULL,FULL,NONE,FULL",
3.054574,2026-09-01T19:10:13.739+01:00,1934920,134715,3172,3172,True,True,0x0B,"OK,OK,NO_IRQ,OK","FULL,FULL,NONE,FULL",
3.059367,2026-09-01T19:10:13.742+01:00,1938092,134716,3172,3172,True,True,0x0B,"OK,OK,NO_IRQ,OK","FULL,FULL,NONE,FULL",
3.069456,2026-09-01T19:10:13.747+01:00,1941264,134717,3172,3172,True,True,0x0B,"OK,OK,NO_IRQ,OK","FULL,FULL,NONE,FULL",
3.070263,2026-09-01T19:10:13.757+01:00,1944436,134718,3172,3172,True,True,0x0B,"OK,OK,NO_IRQ,OK","FULL,FULL,NONE,FULL",
3.073968,2026-09-01T19:10:13.758+01:00,1947608,134719,3172,3172,True,True,0x0B,"OK,OK,NO_IRQ,OK","FULL,FULL,NONE,FULL",
3.079603,2026-09-01T19:10:13.761+01:00,1950780,134720,3172,3172,True,True,0x0B,"OK,OK,NO_IRQ,OK","FULL,FULL,NONE,FULL",
3.087015,2026-09-01T19:10:13.767+01:00,1953952,134721,3172,3172,True,True,0x0B,"OK,OK,NO_IRQ,OK","FULL,FULL,NONE,FULL",
3.089934,2026-09-01T19:10:13.775+01:00,1957124,134722,3172,3172,True,True,0x0B,"OK,OK,NO_IRQ,OK","FULL,FULL,NONE,FULL",
3.094141,2026-09-01T19:10:13.777+01:00,1960296,134723,3172,3172,True,True,0x0B,"OK,OK,NO_IRQ,OK","FULL,FULL,NONE,FULL",
3.103780,2026-09-01T19:10:13.782+01:00,1963468,134724,3172,3172,True,True,0x0B,"OK,OK,NO_IRQ,OK","FULL,FULL,NONE,FULL",
3.104569,2026-09-01T19:10:13.791+01:00,1966640,134725,3172,3172,True,True,0x0B,"OK,OK,NO_IRQ,OK","FULL,FULL,NONE,FULL",
3.109308,2026-09-01T19:10:13.792+01:00,1969812,134726,3172,3172,True,True,0x0B,"OK,OK,NO_IRQ,OK","FULL,FULL,NONE,FULL",
3.113912,2026-09-01T19:10:13.797+01:00,1972984,134727,3172,3172,True,True,0x0B,"OK,OK,NO_IRQ,OK","FULL,FULL,NONE,FULL",
3.120602,2026-09-01T19:10:13.801+01:00,1976156,134728,3172,3172,True,True,0x0B,"OK,OK,NO_IRQ,OK","FULL,FULL,NONE,FULL",
3.124500,2026-09-01T19:10:13.808+01:00,1979328,134729,3172,3172,True,True,0x0B,"OK,OK,NO_IRQ,OK","FULL,FULL,NONE,FULL",
3.129118,2026-09-01T19:10:13.812+01:00,1982500,134730,3172,3172,True,True,0x0B,"OK,OK,NO_IRQ,OK","FULL,FULL,NONE,FULL",
3.136580,2026-09-01T19:10:13.817+01:00,1985672,134731,3172,3172,True,True,0x0B,"OK,OK,NO_IRQ,OK","FULL,FULL,NONE,FULL",
3.139906,2026-09-01T19:10:13.824+01:00,1988844,134732,3172,3172,True,True,0x0B,"OK,OK,NO_IRQ,OK","FULL,FULL,NONE,FULL",
3.144440,2026-09-01T19:10:13.827+01:00,1992016,134733,3172,3172,True,True,0x0B,"OK,OK,NO_IRQ,OK","FULL,FULL,NONE,FULL",
3.149612,2026-09-01T19:10:13.832+01:00,1995188,134734,3172,3172,True,True,0x0B,"OK,OK,NO_IRQ,OK","FULL,FULL,NONE,FULL",
3.154484,2026-09-01T19:10:13.837+01:00,1998360,134735,3172,3172,True,True,0x0B,"OK,OK,NO_IRQ,OK","FULL,FULL,NONE,FULL",
3.159484,2026-09-01T19:10:13.843+01:00,2001532,134736,3172,3172,True,True,0x0B,"OK,OK,NO_IRQ,OK","FULL,FULL,NONE,FULL",
3.164374,2026-09-01T19:10:13.847+01:00,2004704,134737,3172,3172,True,True,0x0B,"OK,OK,NO_IRQ,OK","FULL,FULL,NONE,FULL",
3.172557,2026-09-01T19:10:13.852+01:00,2007876,134738,3172,3172,True,True,0x0B,"OK,OK,NO_IRQ,OK","FULL,FULL,NONE,FULL",
3.179276,2026-09-01T19:10:13.866+01:00,2011048,134739,3172,3172,True,True,0x0B,"OK,OK,NO_IRQ,OK","FULL,FULL,NONE,FULL",
3.180314,2026-09-01T19:10:13.867+01:00,2014220,134740,3172,3172,True,True,0x0B,"OK,OK,NO_IRQ,OK","FULL,FULL,NONE,FULL",
3.184463,2026-09-01T19:10:13.868+01:00,2017392,134741,3172,3172,True,True,0x0B,"OK,OK,NO_IRQ,OK","FULL,FULL,NONE,FULL",
3.189898,2026-09-01T19:10:13.872+01:00,2020564,134742,3172,3172,True,True,0x0B,"OK,OK,NO_IRQ,OK","FULL,FULL,NONE,FULL",
3.199725,2026-09-01T19:10:13.877+01:00,2023736,134743,3172,3172,True,True,0x0B,"OK,OK,NO_IRQ,OK","FULL,FULL,NONE,FULL",
3.200795,2026-09-01T19:10:13.887+01:00,2026908,134744,3172,3172,True,True,0x0B,"OK,OK,NO_IRQ,OK","FULL,FULL,NONE,FULL",
3.204743,2026-09-01T19:10:13.888+01:00,2030080,134745,3172,3172,True,True,0x0B,"OK,OK,NO_IRQ,OK","FULL,FULL,NONE,FULL",
3.209611,2026-09-01T19:10:13.892+01:00,2033252,134746,3172,3172,True,True,0x0B,"OK,OK,NO_IRQ,OK","FULL,FULL,NONE,FULL",
3.217822,2026-09-01T19:10:13.897+01:00,2036424,134747,3172,3172,True,True,0x0B,"OK,OK,NO_IRQ,OK","FULL,FULL,NONE,FULL",
3.219689,2026-09-01T19:10:13.905+01:00,2039596,134748,3172,3172,True,True,0x0B,"OK,OK,NO_IRQ,OK","FULL,FULL,NONE,FULL",
3.224135,2026-09-01T19:10:13.907+01:00,2042768,134749,3172,3172,True,True,0x0B,"OK,OK,NO_IRQ,OK","FULL,FULL,NONE,FULL",
3.229122,2026-09-01T19:10:13.911+01:00,2045940,134750,3172,3172,True,True,0x0B,"OK,OK,NO_IRQ,OK","FULL,FULL,NONE,FULL",
3.235384,2026-09-01T19:10:13.916+01:00,2049112,134751,3172,3172,True,True,0x0B,"OK,OK,NO_IRQ,OK","FULL,FULL,NONE,FULL",
3.239890,2026-09-01T19:10:13.923+01:00,2052284,134752,3172,3172,True,True,0x0B,"OK,OK,NO_IRQ,OK","FULL,FULL,NONE,FULL",
3.244354,2026-09-01T19:10:13.927+01:00,2055456,134753,3172,3172,True,True,0x0B,"OK,OK,NO_IRQ,OK","FULL,FULL,NONE,FULL",
3.250124,2026-09-01T19:10:13.932+01:00,2058628,134754,3172,3172,True,True,0x0B,"OK,OK,NO_IRQ,OK","FULL,FULL,NONE,FULL",
3.254246,2026-09-01T19:10:13.940+01:00,2061800,134755,3172,3172,True,True,0x0B,"OK,OK,NO_IRQ,OK","FULL,FULL,NONE,FULL",
3.259294,2026-09-01T19:10:13.942+01:00,2064972,134756,3172,3172,True,True,0x0B,"OK,OK,NO_IRQ,OK","FULL,FULL,NONE,FULL",
3.264414,2026-09-01T19:10:13.947+01:00,2068144,134757,3172,3172,True,True,0x0B,"OK,OK,NO_IRQ,OK","FULL,FULL,NONE,FULL",
3.271389,2026-09-01T19:10:13.952+01:00,2071316,134758,3172,3172,True,True,0x0B,"OK,OK,NO_IRQ,OK","FULL,FULL,NONE,FULL",
3.274726,2026-09-01T19:10:13.960+01:00,2074488,134759,3172,3172,True,True,0x0B,"OK,OK,NO_IRQ,OK","FULL,FULL,NONE,FULL",
3.279617,2026-09-01T19:10:13.962+01:00,2077660,134760,3172,3172,True,True,0x0B,"OK,OK,NO_IRQ,OK","FULL,FULL,NONE,FULL",
3.291632,2026-09-01T19:10:13.967+01:00,2080832,134761,3172,3172,True,True,0x0B,"OK,OK,NO_IRQ,OK","FULL,FULL,NONE,FULL",
3.292339,2026-09-01T19:10:13.979+01:00,2084004,134762,3172,3172,True,True,0x0B,"OK,OK,NO_IRQ,OK","FULL,FULL,NONE,FULL",
3.294469,2026-09-01T19:10:13.980+01:00,2087176,134763,3172,3172,True,True,0x0B,"OK,OK,NO_IRQ,OK","FULL,FULL,NONE,FULL",
3.299284,2026-09-01T19:10:13.982+01:00,2090348,134764,3172,3172,True,True,0x0B,"OK,OK,NO_IRQ,OK","FULL,FULL,NONE,FULL",
3.304549,2026-09-01T19:10:13.987+01:00,2093520,134765,3172,3172,True,True,0x0B,"OK,OK,NO_IRQ,OK","FULL,FULL,NONE,FULL",
3.309621,2026-09-01T19:10:13.992+01:00,2096692,134766,3172,3172,True,True,0x0B,"OK,OK,NO_IRQ,OK","FULL,FULL,NONE,FULL",
3.314740,2026-09-01T19:10:13.997+01:00,2099864,134767,3172,3172,True,True,0x0B,"OK,OK,NO_IRQ,OK","FULL,FULL,NONE,FULL",
3.320273,2026-09-01T19:10:14.002+01:00,2103036,134768,3172,3172,True,True,0x0B,"OK,OK,NO_IRQ,OK","FULL,FULL,NONE,FULL",
3.324662,2026-09-01T19:10:14.008+01:00,2106208,134769,3172,3172,True,True,0x0B,"OK,OK,NO_IRQ,OK","FULL,FULL,NONE,FULL",
3.329324,2026-09-01T19:10:14.012+01:00,2109380,134770,3172,3172,True,True,0x0B,"OK,OK,NO_IRQ,OK","FULL,FULL,NONE,FULL",
3.334659,2026-09-01T19:10:14.017+01:00,2112552,134771,3172,3172,True,True,0x0B,"OK,OK,NO_IRQ,OK","FULL,FULL,NONE,FULL",
3.349463,2026-09-01T19:10:14.022+01:00,2115724,134772,3172,3172,True,True,0x0B,"OK,OK,NO_IRQ,OK","FULL,FULL,NONE,FULL",
3.349758,2026-09-01T19:10:14.037+01:00,2118896,134773,3172,3172,True,True,0x0B,"OK,OK,NO_IRQ,OK","FULL,FULL,NONE,FULL",
3.349936,2026-09-01T19:10:14.037+01:00,2122068,134774,3172,3172,True,True,0x0B,"OK,OK,NO_IRQ,OK","FULL,FULL,NONE,FULL",
3.360092,2026-09-01T19:10:14.037+01:00,2125240,134775,3172,3172,True,True,0x0B,"OK,OK,NO_IRQ,OK","FULL,FULL,NONE,FULL",
3.363560,2026-09-01T19:10:14.048+01:00,2128412,134776,3172,3172,True,True,0x0B,"OK,OK,NO_IRQ,OK","FULL,FULL,NONE,FULL",
3.364496,2026-09-01T19:10:14.051+01:00,2131584,134777,3172,3172,True,True,0x0B,"OK,OK,NO_IRQ,OK","FULL,FULL,NONE,FULL",
3.369660,2026-09-01T19:10:14.052+01:00,2134756,134778,3172,3172,True,True,0x0B,"OK,OK,NO_IRQ,OK","FULL,FULL,NONE,FULL",
3.376997,2026-09-01T19:10:14.057+01:00,2137928,134779,3172,3172,True,True,0x0B,"OK,OK,NO_IRQ,OK","FULL,FULL,NONE,FULL",
3.380704,2026-09-01T19:10:14.065+01:00,2141100,134780,3172,3172,True,True,0x0B,"OK,OK,NO_IRQ,OK","FULL,FULL,NONE,FULL",
3.384775,2026-09-01T19:10:14.068+01:00,2144272,134781,3172,3172,True,True,0x0B,"OK,OK,NO_IRQ,OK","FULL,FULL,NONE,FULL",
3.393199,2026-09-01T19:10:14.072+01:00,2147444,134782,3172,3172,True,True,0x0B,"OK,OK,NO_IRQ,OK","FULL,FULL,NONE,FULL",
3.397576,2026-09-01T19:10:14.080+01:00,2150616,134783,3172,3172,True,True,0x0B,"OK,OK,NO_IRQ,OK","FULL,FULL,NONE,FULL",
3.399593,2026-09-01T19:10:14.085+01:00,2153788,134784,3172,3172,True,True,0x0B,"OK,OK,NO_IRQ,OK","FULL,FULL,NONE,FULL",
3.404606,2026-09-01T19:10:14.087+01:00,2156960,134785,3172,3172,True,True,0x0B,"OK,OK,NO_IRQ,OK","FULL,FULL,NONE,FULL",
3.410072,2026-09-01T19:10:14.092+01:00,2160132,134786,3172,3172,True,True,0x0B,"OK,OK,NO_IRQ,OK","FULL,FULL,NONE,FULL",
3.414978,2026-09-01T19:10:14.097+01:00,2163304,134787,3172,3172,True,True,0x0B,"OK,OK,NO_IRQ,OK","FULL,FULL,NONE,FULL",
3.419444,2026-09-01T19:10:14.102+01:00,2166476,134788,3172,3172,True,True,0x0B,"OK,OK,NO_IRQ,OK","FULL,FULL,NONE,FULL",
3.425735,2026-09-01T19:10:14.107+01:00,2169648,134789,3172,3172,True,True,0x0B,"OK,OK,NO_IRQ,OK","FULL,FULL,NONE,FULL",
3.430940,2026-09-01T19:10:14.113+01:00,2172820,134790,3172,3172,True,True,0x0B,"OK,OK,NO_IRQ,OK","FULL,FULL,NONE,FULL",
3.434792,2026-09-01T19:10:14.118+01:00,2175992,134791,3172,3172,True,True,0x0B,"OK,OK,NO_IRQ,OK","FULL,FULL,NONE,FULL",
3.439859,2026-09-01T19:10:14.122+01:00,2179164,134792,3172,3172,True,True,0x0B,"OK,OK,NO_IRQ,OK","FULL,FULL,NONE,FULL",
3.448576,2026-09-01T19:10:14.127+01:00,2182336,134793,3172,3172,True,True,0x0B,"OK,OK,NO_IRQ,OK","FULL,FULL,NONE,FULL",
3.449589,2026-09-01T19:10:14.136+01:00,2185508,134794,3172,3172,True,True,0x0B,"OK,OK,NO_IRQ,OK","FULL,FULL,NONE,FULL",
3.455412,2026-09-01T19:10:14.137+01:00,2188680,134795,3172,3172,True,True,0x0B,"OK,OK,NO_IRQ,OK","FULL,FULL,NONE,FULL",
3.461922,2026-09-01T19:10:14.143+01:00,2191852,134796,3172,3172,True,True,0x0B,"OK,OK,NO_IRQ,OK","FULL,FULL,NONE,FULL",
3.465611,2026-09-01T19:10:14.152+01:00,2195024,134797,3172,3172,True,True,0x0B,"OK,OK,NO_IRQ,OK","FULL,FULL,NONE,FULL",
3.469897,2026-09-01T19:10:14.153+01:00,2198196,134798,3172,3172,True,True,0x0B,"OK,OK,NO_IRQ,OK","FULL,FULL,NONE,FULL",
3.475227,2026-09-01T19:10:14.157+01:00,2201368,134799,3172,3172,True,True,0x0B,"OK,OK,NO_IRQ,OK","FULL,FULL,NONE,FULL",
3.481946,2026-09-01T19:10:14.162+01:00,2204540,134800,3172,3172,True,True,0x0B,"OK,OK,NO_IRQ,OK","FULL,FULL,NONE,FULL",
3.484539,2026-09-01T19:10:14.169+01:00,2207712,134801,3172,3172,True,True,0x0B,"OK,OK,NO_IRQ,OK","FULL,FULL,NONE,FULL",
3.489628,2026-09-01T19:10:14.172+01:00,2210884,134802,3172,3172,True,True,0x0B,"OK,OK,NO_IRQ,OK","FULL,FULL,NONE,FULL",
3.495044,2026-09-01T19:10:14.177+01:00,2214056,134803,3172,3172,True,True,0x0B,"OK,OK,NO_IRQ,OK","FULL,FULL,NONE,FULL",
3.501079,2026-09-01T19:10:14.184+01:00,2217228,134804,3172,3172,True,True,0x0B,"OK,OK,NO_IRQ,OK","FULL,FULL,NONE,FULL",
3.504577,2026-09-01T19:10:14.188+01:00,2220400,134805,3172,3172,True,True,0x0B,"OK,OK,NO_IRQ,OK","FULL,FULL,NONE,FULL",
3.509725,2026-09-01T19:10:14.192+01:00,2223572,134806,3172,3172,True,True,0x0B,"OK,OK,NO_IRQ,OK","FULL,FULL,NONE,FULL",
3.523915,2026-09-01T19:10:14.197+01:00,2226744,134807,3172,3172,True,True,0x0B,"OK,OK,NO_IRQ,OK","FULL,FULL,NONE,FULL",
3.524249,2026-09-01T19:10:14.211+01:00,2229916,134808,3172,3172,True,True,0x0B,"OK,OK,NO_IRQ,OK","FULL,FULL,NONE,FULL",
3.524764,2026-09-01T19:10:14.211+01:00,2233088,134809,3172,3172,True,True,0x0B,"OK,OK,NO_IRQ,OK","FULL,FULL,NONE,FULL",
3.530086,2026-09-01T19:10:14.212+01:00,2236260,134810,3172,3172,True,True,0x0B,"OK,OK,NO_IRQ,OK","FULL,FULL,NONE,FULL",
3.541395,2026-09-01T19:10:14.217+01:00,2239432,134811,3172,3172,True,True,0x0B,"OK,OK,NO_IRQ,OK","FULL,FULL,NONE,FULL",
3.541787,2026-09-01T19:10:14.229+01:00,2242604,134812,3172,3172,True,True,0x0B,"OK,OK,NO_IRQ,OK","FULL,FULL,NONE,FULL",
3.544952,2026-09-01T19:10:14.229+01:00,2245776,134813,3172,3172,True,True,0x0B,"OK,OK,NO_IRQ,OK","FULL,FULL,NONE,FULL",
3.549917,2026-09-01T19:10:14.232+01:00,2248948,134814,3172,3172,True,True,0x0B,"OK,OK,NO_IRQ,OK","FULL,FULL,NONE,FULL",
3.557536,2026-09-01T19:10:14.237+01:00,2252120,134815,3172,3172,True,True,0x0B,"OK,OK,NO_IRQ,OK","FULL,FULL,NONE,FULL",
3.559862,2026-09-01T19:10:14.245+01:00,2255292,134816,3172,3172,True,True,0x0B,"OK,OK,NO_IRQ,OK","FULL,FULL,NONE,FULL",
3.564918,2026-09-01T19:10:14.247+01:00,2258464,134817,3172,3172,True,True,0x0B,"OK,OK,NO_IRQ,OK","FULL,FULL,NONE,FULL",
3.574587,2026-09-01T19:10:14.252+01:00,2261636,134818,3172,3172,True,True,0x0B,"OK,OK,NO_IRQ,OK","FULL,FULL,NONE,FULL",
3.575121,2026-09-01T19:10:14.262+01:00,2264808,134819,3172,3172,True,True,0x0B,"OK,OK,NO_IRQ,OK","FULL,FULL,NONE,FULL",
3.580019,2026-09-01T19:10:14.262+01:00,2267980,134820,3172,3172,True,True,0x0B,"OK,OK,NO_IRQ,OK","FULL,FULL,NONE,FULL",
3.585057,2026-09-01T19:10:14.267+01:00,2271152,134821,3172,3172,True,True,0x0B,"OK,OK,NO_IRQ,OK","FULL,FULL,NONE,FULL",
3.591059,2026-09-01T19:10:14.273+01:00,2274324,134822,3172,3172,True,True,0x0B,"OK,OK,NO_IRQ,OK","FULL,FULL,NONE,FULL",
3.595065,2026-09-01T19:10:14.278+01:00,2277496,134823,3172,3172,True,True,0x0B,"OK,OK,NO_IRQ,OK","FULL,FULL,NONE,FULL",
3.600090,2026-09-01T19:10:14.282+01:00,2280668,134824,3172,3172,True,True,0x0B,"OK,OK,NO_IRQ,OK","FULL,FULL,NONE,FULL",
3.607489,2026-09-01T19:10:14.287+01:00,2283840,134825,3172,3172,True,True,0x0B,"OK,OK,NO_IRQ,OK","FULL,FULL,NONE,FULL",
3.609904,2026-09-01T19:10:14.295+01:00,2287012,134826,3172,3172,True,True,0x0B,"OK,OK,NO_IRQ,OK","FULL,FULL,NONE,FULL",
3.615035,2026-09-01T19:10:14.297+01:00,2290184,134827,3172,3172,True,True,0x0B,"OK,OK,NO_IRQ,OK","FULL,FULL,NONE,FULL",
3.620108,2026-09-01T19:10:14.302+01:00,2293356,134828,3172,3172,True,True,0x0B,"OK,OK,NO_IRQ,OK","FULL,FULL,NONE,FULL",
3.625112,2026-09-01T19:10:14.312+01:00,2296528,134829,3172,3172,True,True,0x0B,"OK,OK,NO_IRQ,OK","FULL,FULL,NONE,FULL",
3.631134,2026-09-01T19:10:14.313+01:00,2299700,134830,3172,3172,True,True,0x0B,"OK,OK,NO_IRQ,OK","FULL,FULL,NONE,FULL",
3.634940,2026-09-01T19:10:14.318+01:00,2302872,134831,3172,3172,True,True,0x0B,"OK,OK,NO_IRQ,OK","FULL,FULL,NONE,FULL",
3.643637,2026-09-01T19:10:14.322+01:00,2306044,134832,3172,3172,True,True,0x0B,"OK,OK,NO_IRQ,OK","FULL,FULL,NONE,FULL",
3.645279,2026-09-01T19:10:14.331+01:00,2309216,134833,3172,3172,True,True,0x0B,"OK,OK,NO_IRQ,OK","FULL,FULL,NONE,FULL",
3.650062,2026-09-01T19:10:14.333+01:00,2312388,134834,3172,3172,True,True,0x0B,"OK,OK,NO_IRQ,OK","FULL,FULL,NONE,FULL",
3.658702,2026-09-01T19:10:14.337+01:00,2315560,134835,3172,3172,True,True,0x0B,"OK,OK,NO_IRQ,OK","FULL,FULL,NONE,FULL",
3.660581,2026-09-01T19:10:14.346+01:00,2318732,134836,3172,3172,True,True,0x0B,"OK,OK,NO_IRQ,OK","FULL,FULL,NONE,FULL",
3.665339,2026-09-01T19:10:14.348+01:00,2321904,134837,3172,3172,True,True,0x0B,"OK,OK,NO_IRQ,OK","FULL,FULL,NONE,FULL",
3.670039,2026-09-01T19:10:14.353+01:00,2325076,134838,3172,3172,True,True,0x0B,"OK,OK,NO_IRQ,OK","FULL,FULL,NONE,FULL",
3.682895,2026-09-01T19:10:14.357+01:00,2328248,134839,3172,3172,True,True,0x0B,"OK,OK,NO_IRQ,OK","FULL,FULL,NONE,FULL",
3.683330,2026-09-01T19:10:14.370+01:00,2331420,134840,3172,3172,True,True,0x0B,"OK,OK,NO_IRQ,OK","FULL,FULL,NONE,FULL",
3.691493,2026-09-01T19:10:14.371+01:00,2334592,134841,3172,3172,True,True,0x0B,"OK,OK,NO_IRQ,OK","FULL,FULL,NONE,FULL",
3.691952,2026-09-01T19:10:14.379+01:00,2337764,134842,3172,3172,True,True,0x0B,"OK,OK,NO_IRQ,OK","FULL,FULL,NONE,FULL",
3.699274,2026-09-01T19:10:14.379+01:00,2340936,134843,3172,3172,True,True,0x0B,"OK,OK,NO_IRQ,OK","FULL,FULL,NONE,FULL",
3.700262,2026-09-01T19:10:14.387+01:00,2344108,134844,3172,3172,True,True,0x0B,"OK,OK,NO_IRQ,OK","FULL,FULL,NONE,FULL",
3.707754,2026-09-01T19:10:14.388+01:00,2347280,134845,3172,3172,True,True,0x0B,"OK,OK,NO_IRQ,OK","FULL,FULL,NONE,FULL",
3.710283,2026-09-01T19:10:14.395+01:00,2350452,134846,3172,3172,True,True,0x0B,"OK,OK,NO_IRQ,OK","FULL,FULL,NONE,FULL",
3.717861,2026-09-01T19:10:14.398+01:00,2353624,134847,3172,3172,True,True,0x0B,"OK,OK,NO_IRQ,OK","FULL,FULL,NONE,FULL",
3.720974,2026-09-01T19:10:14.405+01:00,2356796,134848,3172,3172,True,True,0x0B,"OK,OK,NO_IRQ,OK","FULL,FULL,NONE,FULL",
3.725193,2026-09-01T19:10:14.409+01:00,2359968,134849,3172,3172,True,True,0x0B,"OK,OK,NO_IRQ,OK","FULL,FULL,NONE,FULL",
3.730335,2026-09-01T19:10:14.413+01:00,2363140,134850,3172,3172,True,True,0x0B,"OK,OK,NO_IRQ,OK","FULL,FULL,NONE,FULL",
3.737180,2026-09-01T19:10:14.418+01:00,2366312,134851,3172,3172,True,True,0x0B,"OK,OK,NO_IRQ,OK","FULL,FULL,NONE,FULL",
3.741543,2026-09-01T19:10:14.424+01:00,2369484,134852,3172,3172,True,True,0x0B,"OK,OK,NO_IRQ,OK","FULL,FULL,NONE,FULL",
3.745286,2026-09-01T19:10:14.429+01:00,2372656,134853,3172,3172,True,True,0x0B,"OK,OK,NO_IRQ,OK","FULL,FULL,NONE,FULL",
3.754075,2026-09-01T19:10:14.433+01:00,2375828,134854,3172,3172,True,True,0x0B,"OK,OK,NO_IRQ,OK","FULL,FULL,NONE,FULL",
3.758192,2026-09-01T19:10:14.441+01:00,2379000,134855,3172,3172,True,True,0x0B,"OK,OK,NO_IRQ,OK","FULL,FULL,NONE,FULL",
3.760612,2026-09-01T19:10:14.445+01:00,2382172,134856,3172,3172,True,True,0x0B,"OK,OK,NO_IRQ,OK","FULL,FULL,NONE,FULL",
3.771226,2026-09-01T19:10:14.448+01:00,2385344,134857,3172,3172,True,True,0x0B,"OK,OK,NO_IRQ,OK","FULL,FULL,NONE,FULL",
3.774700,2026-09-01T19:10:14.458+01:00,2388516,134858,3172,3172,True,True,0x0B,"OK,OK,NO_IRQ,OK","FULL,FULL,NONE,FULL",
3.775008,2026-09-01T19:10:14.462+01:00,2391688,134859,3172,3172,True,True,0x0B,"OK,OK,NO_IRQ,OK","FULL,FULL,NONE,FULL",
3.780313,2026-09-01T19:10:14.462+01:00,2394860,134860,3172,3172,True,True,0x0B,"OK,OK,NO_IRQ,OK","FULL,FULL,NONE,FULL",
3.787714,2026-09-01T19:10:14.468+01:00,2398032,134861,3172,3172,True,True,0x0B,"OK,OK,NO_IRQ,OK","FULL,FULL,NONE,FULL",
3.791730,2026-09-01T19:10:14.475+01:00,2401204,134862,3172,3172,True,True,0x0B,"OK,OK,NO_IRQ,OK","FULL,FULL,NONE,FULL",
3.795570,2026-09-01T19:10:14.479+01:00,2404376,134863,3172,3172,True,True,0x0B,"OK,OK,NO_IRQ,OK","FULL,FULL,NONE,FULL",
3.804188,2026-09-01T19:10:14.483+01:00,2407548,134864,3172,3172,True,True,0x0B,"OK,OK,NO_IRQ,OK","FULL,FULL,NONE,FULL",
3.806279,2026-09-01T19:10:14.492+01:00,2410720,134865,3172,3172,True,True,0x0B,"OK,OK,NO_IRQ,OK","FULL,FULL,NONE,FULL",
3.810205,2026-09-01T19:10:14.493+01:00,2413892,134866,3172,3172,True,True,0x0B,"OK,OK,NO_IRQ,OK","FULL,FULL,NONE,FULL",
3.824667,2026-09-01T19:10:14.497+01:00,2417064,134867,3172,3172,True,True,0x0B,"OK,OK,NO_IRQ,OK","FULL,FULL,NONE,FULL",
3.824910,2026-09-01T19:10:14.512+01:00,2420236,134868,3172,3172,True,True,0x0B,"OK,OK,NO_IRQ,OK","FULL,FULL,NONE,FULL",
3.825199,2026-09-01T19:10:14.512+01:00,2423408,134869,3172,3172,True,True,0x0B,"OK,OK,NO_IRQ,OK","FULL,FULL,NONE,FULL",
3.830678,2026-09-01T19:10:14.513+01:00,2426580,134870,3172,3172,True,True,0x0B,"OK,OK,NO_IRQ,OK","FULL,FULL,NONE,FULL",
3.835745,2026-09-01T19:10:14.518+01:00,2429752,134871,3172,3172,True,True,0x0B,"OK,OK,NO_IRQ,OK","FULL,FULL,NONE,FULL",
3.841971,2026-09-01T19:10:14.523+01:00,2432924,134872,3172,3172,True,True,0x0B,"OK,OK,NO_IRQ,OK","FULL,FULL,NONE,FULL",
3.845443,2026-09-01T19:10:14.529+01:00,2436096,134873,3172,3172,True,True,0x0B,"OK,OK,NO_IRQ,OK","FULL,FULL,NONE,FULL",
3.850209,2026-09-01T19:10:14.533+01:00,2439268,134874,3172,3172,True,True,0x0B,"OK,OK,NO_IRQ,OK","FULL,FULL,NONE,FULL",
3.859149,2026-09-01T19:10:14.537+01:00,2442440,134875,3172,3172,True,True,0x0B,"OK,OK,NO_IRQ,OK","FULL,FULL,NONE,FULL",
3.860380,2026-09-01T19:10:14.546+01:00,2445612,134876,3172,3172,True,True,0x0B,"OK,OK,NO_IRQ,OK","FULL,FULL,NONE,FULL",
3.865638,2026-09-01T19:10:14.548+01:00,2448784,134877,3172,3172,True,True,0x0B,"OK,OK,NO_IRQ,OK","FULL,FULL,NONE,FULL",
3.870571,2026-09-01T19:10:14.553+01:00,2451956,134878,3172,3172,True,True,0x0B,"OK,OK,NO_IRQ,OK","FULL,FULL,NONE,FULL",
3.875396,2026-09-01T19:10:14.558+01:00,2455128,134879,3172,3172,True,True,0x0B,"OK,OK,NO_IRQ,OK","FULL,FULL,NONE,FULL",
3.883142,2026-09-01T19:10:14.563+01:00,2458300,134880,3172,3172,True,True,0x0B,"OK,OK,NO_IRQ,OK","FULL,FULL,NONE,FULL",
3.885567,2026-09-01T19:10:14.570+01:00,2461472,134881,3172,3172,True,True,0x0B,"OK,OK,NO_IRQ,OK","FULL,FULL,NONE,FULL",
3.891294,2026-09-01T19:10:14.573+01:00,2464644,134882,3172,3172,True,True,0x0B,"OK,OK,NO_IRQ,OK","FULL,FULL,NONE,FULL",
3.899805,2026-09-01T19:10:14.579+01:00,2467816,134883,3172,3172,True,True,0x0B,"OK,OK,NO_IRQ,OK","FULL,FULL,NONE,FULL",
3.900360,2026-09-01T19:10:14.587+01:00,2470988,134884,3172,3172,True,True,0x0B,"OK,OK,NO_IRQ,OK","FULL,FULL,NONE,FULL",
3.908379,2026-09-01T19:10:14.588+01:00,2474160,134885,3172,3172,True,True,0x0B,"OK,OK,NO_IRQ,OK","FULL,FULL,NONE,FULL",
3.910708,2026-09-01T19:10:14.596+01:00,2477332,134886,3172,3172,True,True,0x0B,"OK,OK,NO_IRQ,OK","FULL,FULL,NONE,FULL",
3.919457,2026-09-01T19:10:14.598+01:00,2480504,134887,3172,3172,True,True,0x0B,"OK,OK,NO_IRQ,OK","FULL,FULL,NONE,FULL",
3.920330,2026-09-01T19:10:14.607+01:00,2483676,134888,3172,3172,True,True,0x0B,"OK,OK,NO_IRQ,OK","FULL,FULL,NONE,FULL",
3.925538,2026-09-01T19:10:14.608+01:00,2486848,134889,3172,3172,True,True,0x0B,"OK,OK,NO_IRQ,OK","FULL,FULL,NONE,FULL",
3.935805,2026-09-01T19:10:14.613+01:00,2490020,134890,3172,3172,True,True,0x0B,"OK,OK,NO_IRQ,OK","FULL,FULL,NONE,FULL",
3.936611,2026-09-01T19:10:14.623+01:00,2493192,134891,3172,3172,True,True,0x0B,"OK,OK,NO_IRQ,OK","FULL,FULL,NONE,FULL",
3.941386,2026-09-01T19:10:14.624+01:00,2496364,134892,3172,3172,True,True,0x0B,"OK,OK,NO_IRQ,OK","FULL,FULL,NONE,FULL",
3.945483,2026-09-01T19:10:14.629+01:00,2499536,134893,3172,3172,True,True,0x0B,"OK,OK,NO_IRQ,OK","FULL,FULL,NONE,FULL",
3.952921,2026-09-01T19:10:14.633+01:00,2502708,134894,3172,3172,True,True,0x0B,"OK,OK,NO_IRQ,OK","FULL,FULL,NONE,FULL",
3.958242,2026-09-01T19:10:14.640+01:00,2505880,134895,3172,3172,True,True,0x0B,"OK,OK,NO_IRQ,OK","FULL,FULL,NONE,FULL",
3.960720,2026-09-01T19:10:14.646+01:00,2509052,134896,3172,3172,True,True,0x0B,"OK,OK,NO_IRQ,OK","FULL,FULL,NONE,FULL",
3.966174,2026-09-01T19:10:14.648+01:00,2512224,134897,3172,3172,True,True,0x0B,"OK,OK,NO_IRQ,OK","FULL,FULL,NONE,FULL",
3.971168,2026-09-01T19:10:14.654+01:00,2515396,134898,3172,3172,True,True,0x0B,"OK,OK,NO_IRQ,OK","FULL,FULL,NONE,FULL",
3.975762,2026-09-01T19:10:14.658+01:00,2518568,134899,3172,3172,True,True,0x0B,"OK,OK,NO_IRQ,OK","FULL,FULL,NONE,FULL",
3.980644,2026-09-01T19:10:14.663+01:00,2521740,134900,3172,3172,True,True,0x0B,"OK,OK,NO_IRQ,OK","FULL,FULL,NONE,FULL",
3.988004,2026-09-01T19:10:14.668+01:00,2524912,134901,3172,3172,True,True,0x0B,"OK,OK,NO_IRQ,OK","FULL,FULL,NONE,FULL",
3.991087,2026-09-01T19:10:14.675+01:00,2528084,134902,3172,3172,True,True,0x0B,"OK,OK,NO_IRQ,OK","FULL,FULL,NONE,FULL",
3.995599,2026-09-01T19:10:14.678+01:00,2531256,134903,3172,3172,True,True,0x0B,"OK,OK,NO_IRQ,OK","FULL,FULL,NONE,FULL",
4.001709,2026-09-01T19:10:14.683+01:00,2534428,134904,3172,3172,True,True,0x0B,"OK,OK,NO_IRQ,OK","FULL,FULL,NONE,FULL",
4.009200,2026-09-01T19:10:14.689+01:00,2537600,134905,3172,3172,True,True,0x0B,"OK,OK,NO_IRQ,OK","FULL,FULL,NONE,FULL",
4.010578,2026-09-01T19:10:14.696+01:00,2540772,134906,3172,3172,True,True,0x0B,"OK,OK,NO_IRQ,OK","FULL,FULL,NONE,FULL",
4.015534,2026-09-01T19:10:14.698+01:00,2543944,134907,3172,3172,True,True,0x0B,"OK,OK,NO_IRQ,OK","FULL,FULL,NONE,FULL",
4.028353,2026-09-01T19:10:14.703+01:00,2547116,134908,3172,3172,True,True,0x0B,"OK,OK,NO_IRQ,OK","FULL,FULL,NONE,FULL",
4.028720,2026-09-01T19:10:14.716+01:00,2550288,134909,3172,3172,True,True,0x0B,"OK,OK,NO_IRQ,OK","FULL,FULL,NONE,FULL",
4.043854,2026-09-01T19:10:14.716+01:00,2553460,134910,3172,3172,True,True,0x0B,"OK,OK,NO_IRQ,OK","FULL,FULL,NONE,FULL",
4.044617,2026-09-01T19:10:14.731+01:00,2556632,134911,3172,3172,True,True,0x0B,"OK,OK,NO_IRQ,OK","FULL,FULL,NONE,FULL",
4.045501,2026-09-01T19:10:14.732+01:00,2559804,134912,3172,3172,True,True,0x0B,"OK,OK,NO_IRQ,OK","FULL,FULL,NONE,FULL",
4.046031,2026-09-01T19:10:14.733+01:00,2562976,134913,3172,3172,True,True,0x0B,"OK,OK,NO_IRQ,OK","FULL,FULL,NONE,FULL",
4.050888,2026-09-01T19:10:14.733+01:00,2566148,134914,3172,3172,True,True,0x0B,"OK,OK,NO_IRQ,OK","FULL,FULL,NONE,FULL",
4.059911,2026-09-01T19:10:14.738+01:00,2569320,134915,3172,3172,True,True,0x0B,"OK,OK,NO_IRQ,OK","FULL,FULL,NONE,FULL",
4.063778,2026-09-01T19:10:14.748+01:00,2572492,134916,3172,3172,True,True,0x0B,"OK,OK,NO_IRQ,OK","FULL,FULL,NONE,FULL",
4.065837,2026-09-01T19:10:14.751+01:00,2575664,134917,3172,3172,True,True,0x0B,"OK,OK,NO_IRQ,OK","FULL,FULL,NONE,FULL",
4.070906,2026-09-01T19:10:14.753+01:00,2578836,134918,3172,3172,True,True,0x0B,"OK,OK,NO_IRQ,OK","FULL,FULL,NONE,FULL",
4.076787,2026-09-01T19:10:14.758+01:00,2582008,134919,3172,3172,True,True,0x0B,"OK,OK,NO_IRQ,OK","FULL,FULL,NONE,FULL",
4.081365,2026-09-01T19:10:14.764+01:00,2585180,134920,3172,3172,True,True,0x0B,"OK,OK,NO_IRQ,OK","FULL,FULL,NONE,FULL",
4.085874,2026-09-01T19:10:14.769+01:00,2588352,134921,3172,3172,True,True,0x0B,"OK,OK,NO_IRQ,OK","FULL,FULL,NONE,FULL",
4.091412,2026-09-01T19:10:14.773+01:00,2591524,134922,3172,3172,True,True,0x0B,"OK,OK,NO_IRQ,OK","FULL,FULL,NONE,FULL",
4.097527,2026-09-01T19:10:14.779+01:00,2594696,134923,3172,3172,True,True,0x0B,"OK,OK,NO_IRQ,OK","FULL,FULL,NONE,FULL",
4.101067,2026-09-01T19:10:14.785+01:00,2597868,134924,3172,3172,True,True,0x0B,"OK,OK,NO_IRQ,OK","FULL,FULL,NONE,FULL",
4.107630,2026-09-01T19:10:14.788+01:00,2601040,134925,3172,3172,True,True,0x0B,"OK,OK,NO_IRQ,OK","FULL,FULL,NONE,FULL",
4.110715,2026-09-01T19:10:14.795+01:00,2604212,134926,3172,3172,True,True,0x0B,"OK,OK,NO_IRQ,OK","FULL,FULL,NONE,FULL",
4.115753,2026-09-01T19:10:14.798+01:00,2607384,134927,3172,3172,True,True,0x0B,"OK,OK,NO_IRQ,OK","FULL,FULL,NONE,FULL",
4.121081,2026-09-01T19:10:14.803+01:00,2610556,134928,3172,3172,True,True,0x0B,"OK,OK,NO_IRQ,OK","FULL,FULL,NONE,FULL",
4.126093,2026-09-01T19:10:14.808+01:00,2613728,134929,3172,3172,True,True,0x0B,"OK,OK,NO_IRQ,OK","FULL,FULL,NONE,FULL",
4.131285,2026-09-01T19:10:14.815+01:00,2616900,134930,3172,3172,True,True,0x0B,"OK,OK,NO_IRQ,OK","FULL,FULL,NONE,FULL",
4.135945,2026-09-01T19:10:14.819+01:00,2620072,134931,3172,3172,True,True,0x0B,"OK,OK,NO_IRQ,OK","FULL,FULL,NONE,FULL",
4.141642,2026-09-01T19:10:14.823+01:00,2623244,134932,3172,3172,True,True,0x0B,"OK,OK,NO_IRQ,OK","FULL,FULL,NONE,FULL",
4.147635,2026-09-01T19:10:14.829+01:00,2626416,134933,3172,3172,True,True,0x0B,"OK,OK,NO_IRQ,OK","FULL,FULL,NONE,FULL",
4.151100,2026-09-01T19:10:14.835+01:00,2629588,134934,3172,3172,True,True,0x0B,"OK,OK,NO_IRQ,OK","FULL,FULL,NONE,FULL",
4.158027,2026-09-01T19:10:14.838+01:00,2632760,134935,3172,3172,True,True,0x0B,"OK,OK,NO_IRQ,OK","FULL,FULL,NONE,FULL",
4.164132,2026-09-01T19:10:14.846+01:00,2635932,134936,3172,3172,True,True,0x0B,"OK,OK,NO_IRQ,OK","FULL,FULL,NONE,FULL",
4.166108,2026-09-01T19:10:14.852+01:00,2639104,134937,3172,3172,True,True,0x0B,"OK,OK,NO_IRQ,OK","FULL,FULL,NONE,FULL",
4.171177,2026-09-01T19:10:14.854+01:00,2642276,134938,3172,3172,True,True,0x0B,"OK,OK,NO_IRQ,OK","FULL,FULL,NONE,FULL",
4.176968,2026-09-01T19:10:14.858+01:00,2645448,134939,3172,3172,True,True,0x0B,"OK,OK,NO_IRQ,OK","FULL,FULL,NONE,FULL",
4.181821,2026-09-01T19:10:14.864+01:00,2648620,134940,3172,3172,True,True,0x0B,"OK,OK,NO_IRQ,OK","FULL,FULL,NONE,FULL",
4.185917,2026-09-01T19:10:14.869+01:00,2651792,134941,3172,3172,True,True,0x0B,"OK,OK,NO_IRQ,OK","FULL,FULL,NONE,FULL",
4.191052,2026-09-01T19:10:14.873+01:00,2654964,134942,3172,3172,True,True,0x0B,"OK,OK,NO_IRQ,OK","FULL,FULL,NONE,FULL",
4.207561,2026-09-01T19:10:14.878+01:00,2658136,134943,3172,3172,True,True,0x0B,"OK,OK,NO_IRQ,OK","FULL,FULL,NONE,FULL",
4.207812,2026-09-01T19:10:14.895+01:00,2661308,134944,3172,3172,True,True,0x0B,"OK,OK,NO_IRQ,OK","FULL,FULL,NONE,FULL",
4.207990,2026-09-01T19:10:14.895+01:00,2664480,134945,3172,3172,True,True,0x0B,"OK,OK,NO_IRQ,OK","FULL,FULL,NONE,FULL",
4.210870,2026-09-01T19:10:14.895+01:00,2667652,134946,3172,3172,True,True,0x0B,"OK,OK,NO_IRQ,OK","FULL,FULL,NONE,FULL",
4.215903,2026-09-01T19:10:14.898+01:00,2670824,134947,3172,3172,True,True,0x0B,"OK,OK,NO_IRQ,OK","FULL,FULL,NONE,FULL",
4.225500,2026-09-01T19:10:14.903+01:00,2673996,134948,3172,3172,True,True,0x0B,"OK,OK,NO_IRQ,OK","FULL,FULL,NONE,FULL",
4.226296,2026-09-01T19:10:14.913+01:00,2677168,134949,3172,3172,True,True,0x0B,"OK,OK,NO_IRQ,OK","FULL,FULL,NONE,FULL",
4.231236,2026-09-01T19:10:14.913+01:00,2680340,134950,3172,3172,True,True,0x0B,"OK,OK,NO_IRQ,OK","FULL,FULL,NONE,FULL",
4.241557,2026-09-01T19:10:14.918+01:00,2683512,134951,3172,3172,True,True,0x0B,"OK,OK,NO_IRQ,OK","FULL,FULL,NONE,FULL",
4.241839,2026-09-01T19:10:14.929+01:00,2686684,134952,3172,3172,True,True,0x0B,"OK,OK,NO_IRQ,OK","FULL,FULL,NONE,FULL",
4.246165,2026-09-01T19:10:14.929+01:00,2689856,134953,3172,3172,True,True,0x0B,"OK,OK,NO_IRQ,OK","FULL,FULL,NONE,FULL",
4.251107,2026-09-01T19:10:14.933+01:00,2693028,134954,3172,3172,True,True,0x0B,"OK,OK,NO_IRQ,OK","FULL,FULL,NONE,FULL",
4.256551,2026-09-01T19:10:14.939+01:00,2696200,134955,3172,3172,True,True,0x0B,"OK,OK,NO_IRQ,OK","FULL,FULL,NONE,FULL",
4.261321,2026-09-01T19:10:14.944+01:00,2699372,134956,3172,3172,True,True,0x0B,"OK,OK,NO_IRQ,OK","FULL,FULL,NONE,FULL",
4.266194,2026-09-01T19:10:14.949+01:00,2702544,134957,3172,3172,True,True,0x0B,"OK,OK,NO_IRQ,OK","FULL,FULL,NONE,FULL",
4.271808,2026-09-01T19:10:14.953+01:00,2705716,134958,3172,3172,True,True,0x0B,"OK,OK,NO_IRQ,OK","FULL,FULL,NONE,FULL",
4.276212,2026-09-01T19:10:14.959+01:00,2708888,134959,3172,3172,True,True,0x0B,"OK,OK,NO_IRQ,OK","FULL,FULL,NONE,FULL",
4.281362,2026-09-01T19:10:14.963+01:00,2712060,134960,3172,3172,True,True,0x0B,"OK,OK,NO_IRQ,OK","FULL,FULL,NONE,FULL",
4.294568,2026-09-01T19:10:14.969+01:00,2715232,134961,3172,3172,True,True,0x0B,"OK,OK,NO_IRQ,OK","FULL,FULL,NONE,FULL",
4.295149,2026-09-01T19:10:14.982+01:00,2718404,134962,3172,3172,True,True,0x0B,"OK,OK,NO_IRQ,OK","FULL,FULL,NONE,FULL",
4.296260,2026-09-01T19:10:14.982+01:00,2721576,134963,3172,3172,True,True,0x0B,"OK,OK,NO_IRQ,OK","FULL,FULL,NONE,FULL",
4.301280,2026-09-01T19:10:14.983+01:00,2724748,134964,3172,3172,True,True,0x0B,"OK,OK,NO_IRQ,OK","FULL,FULL,NONE,FULL",
4.308260,2026-09-01T19:10:14.989+01:00,2727920,134965,3172,3172,True,True,0x0B,"OK,OK,NO_IRQ,OK","FULL,FULL,NONE,FULL",
4.313751,2026-09-01T19:10:14.996+01:00,2731092,134966,3172,3172,True,True,0x0B,"OK,OK,NO_IRQ,OK","FULL,FULL,NONE,FULL",
4.316887,2026-09-01T19:10:15.001+01:00,2734264,134967,3172,3172,True,True,0x0B,"OK,OK,NO_IRQ,OK","FULL,FULL,NONE,FULL",
4.321680,2026-09-01T19:10:15.004+01:00,2737436,134968,3172,3172,True,True,0x0B,"OK,OK,NO_IRQ,OK","FULL,FULL,NONE,FULL",
4.331329,2026-09-01T19:10:15.011+01:00,2740608,134969,3172,3172,True,True,0x0B,"OK,OK,NO_IRQ,OK","FULL,FULL,NONE,FULL",
4.331877,2026-09-01T19:10:15.019+01:00,2743780,134970,3172,3172,True,True,0x0B,"OK,OK,NO_IRQ,OK","FULL,FULL,NONE,FULL",
4.336326,2026-09-01T19:10:15.019+01:00,2746952,134971,3172,3172,True,True,0x0B,"OK,OK,NO_IRQ,OK","FULL,FULL,NONE,FULL",
4.341140,2026-09-01T19:10:15.024+01:00,2750124,134972,3172,3172,True,True,0x0B,"OK,OK,NO_IRQ,OK","FULL,FULL,NONE,FULL",
4.346757,2026-09-01T19:10:15.030+01:00,2753296,134973,3172,3172,True,True,0x0B,"OK,OK,NO_IRQ,OK","FULL,FULL,NONE,FULL",
4.351481,2026-09-01T19:10:15.034+01:00,2756468,134974,3172,3172,True,True,0x0B,"OK,OK,NO_IRQ,OK","FULL,FULL,NONE,FULL",
4.358084,2026-09-01T19:10:15.039+01:00,2759640,134975,3172,3172,True,True,0x0B,"OK,OK,NO_IRQ,OK","FULL,FULL,NONE,FULL",
4.369896,2026-09-01T19:10:15.045+01:00,2762812,134976,3172,3172,True,True,0x0B,"OK,OK,NO_IRQ,OK","FULL,FULL,NONE,FULL",
4.370237,2026-09-01T19:10:15.057+01:00,2765984,134977,3172,3172,True,True,0x0B,"OK,OK,NO_IRQ,OK","FULL,FULL,NONE,FULL",
4.371079,2026-09-01T19:10:15.057+01:00,2769156,134978,3172,3172,True,True,0x0B,"OK,OK,NO_IRQ,OK","FULL,FULL,NONE,FULL",
4.377675,2026-09-01T19:10:15.058+01:00,2772328,134979,3172,3172,True,True,0x0B,"OK,OK,NO_IRQ,OK","FULL,FULL,NONE,FULL",
4.384566,2026-09-01T19:10:15.066+01:00,2775500,134980,3172,3172,True,True,0x0B,"OK,OK,NO_IRQ,OK","FULL,FULL,NONE,FULL",
4.386332,2026-09-01T19:10:15.072+01:00,2778672,134981,3172,3172,True,True,0x0B,"OK,OK,NO_IRQ,OK","FULL,FULL,NONE,FULL",
4.392973,2026-09-01T19:10:15.074+01:00,2781844,134982,3172,3172,True,True,0x0B,"OK,OK,NO_IRQ,OK","FULL,FULL,NONE,FULL",
4.400942,2026-09-01T19:10:15.080+01:00,2785016,134983,3172,3172,True,True,0x0B,"OK,OK,NO_IRQ,OK","FULL,FULL,NONE,FULL",
4.401847,2026-09-01T19:10:15.088+01:00,2788188,134984,3172,3172,True,True,0x0B,"OK,OK,NO_IRQ,OK","FULL,FULL,NONE,FULL",
4.408512,2026-09-01T19:10:15.089+01:00,2791360,134985,3172,3172,True,True,0x0B,"OK,OK,NO_IRQ,OK","FULL,FULL,NONE,FULL",
4.411672,2026-09-01T19:10:15.096+01:00,2794532,134986,3172,3172,True,True,0x0B,"OK,OK,NO_IRQ,OK","FULL,FULL,NONE,FULL",
4.441454,2026-09-01T19:10:15.125+01:00,2797704,134987,3172,3172,True,True,0x0B,"OK,OK,NO_IRQ,OK","FULL,FULL,NONE,FULL",
4.441780,2026-09-01T19:10:15.129+01:00,2800876,134988,3172,3172,True,True,0x0B,"OK,OK,NO_IRQ,OK","FULL,FULL,NONE,FULL",
4.442047,2026-09-01T19:10:15.129+01:00,2804048,134989,3172,3172,True,True,0x0B,"OK,OK,NO_IRQ,OK","FULL,FULL,NONE,FULL",
4.442336,2026-09-01T19:10:15.129+01:00,2807220,134990,3172,3172,True,True,0x0B,"OK,OK,NO_IRQ,OK","FULL,FULL,NONE,FULL",
4.443178,2026-09-01T19:10:15.130+01:00,2810392,134991,3172,3172,True,True,0x0B,"OK,OK,NO_IRQ,OK","FULL,FULL,NONE,FULL",
4.443823,2026-09-01T19:10:15.130+01:00,2813564,134992,3172,3172,True,True,0x0B,"OK,OK,NO_IRQ,OK","FULL,FULL,NONE,FULL",
4.452427,2026-09-01T19:10:15.131+01:00,2816736,134993,3172,3172,True,True,0x0B,"OK,OK,NO_IRQ,OK","FULL,FULL,NONE,FULL",
4.453187,2026-09-01T19:10:15.140+01:00,2819908,134994,3172,3172,True,True,0x0B,"OK,OK,NO_IRQ,OK","FULL,FULL,NONE,FULL",
4.457555,2026-09-01T19:10:15.140+01:00,2823080,134995,3172,3172,True,True,0x0B,"OK,OK,NO_IRQ,OK","FULL,FULL,NONE,FULL",
4.461350,2026-09-01T19:10:15.145+01:00,2826252,134996,3172,3172,True,True,0x0B,"OK,OK,NO_IRQ,OK","FULL,FULL,NONE,FULL",
4.469169,2026-09-01T19:10:15.149+01:00,2829424,134997,3172,3172,True,True,0x0B,"OK,OK,NO_IRQ,OK","FULL,FULL,NONE,FULL",
4.471489,2026-09-01T19:10:15.157+01:00,2832596,134998,3172,3172,True,True,0x0B,"OK,OK,NO_IRQ,OK","FULL,FULL,NONE,FULL",
4.476468,2026-09-01T19:10:15.159+01:00,2835768,134999,3172,3172,True,True,0x0B,"OK,OK,NO_IRQ,OK","FULL,FULL,NONE,FULL",
4.486008,2026-09-01T19:10:15.164+01:00,2838940,135000,3172,3172,True,True,0x0B,"OK,OK,NO_IRQ,OK","FULL,FULL,NONE,FULL",
4.486825,2026-09-01T19:10:15.173+01:00,2842112,135001,3172,3172,True,True,0x0B,"OK,OK,NO_IRQ,OK","FULL,FULL,NONE,FULL",
4.491565,2026-09-01T19:10:15.174+01:00,2845284,135002,3172,3172,True,True,0x0B,"OK,OK,NO_IRQ,OK","FULL,FULL,NONE,FULL",
4.502117,2026-09-01T19:10:15.179+01:00,2848456,135003,3172,3172,True,True,0x0B,"OK,OK,NO_IRQ,OK","FULL,FULL,NONE,FULL",
4.502997,2026-09-01T19:10:15.190+01:00,2851628,135004,3172,3172,True,True,0x0B,"OK,OK,NO_IRQ,OK","FULL,FULL,NONE,FULL",
4.507802,2026-09-01T19:10:15.190+01:00,2854800,135005,3172,3172,True,True,0x0B,"OK,OK,NO_IRQ,OK","FULL,FULL,NONE,FULL",
4.511754,2026-09-01T19:10:15.195+01:00,2857972,135006,3172,3172,True,True,0x0B,"OK,OK,NO_IRQ,OK","FULL,FULL,NONE,FULL",
4.516734,2026-09-01T19:10:15.199+01:00,2861144,135007,3172,3172,True,True,0x0B,"OK,OK,NO_IRQ,OK","FULL,FULL,NONE,FULL",
4.523786,2026-09-01T19:10:15.204+01:00,2864316,135008,3172,3172,True,True,0x0B,"OK,OK,NO_IRQ,OK","FULL,FULL,NONE,FULL",
4.526423,2026-09-01T19:10:15.211+01:00,2867488,135009,3172,3172,True,True,0x0B,"OK,OK,NO_IRQ,OK","FULL,FULL,NONE,FULL",
4.531554,2026-09-01T19:10:15.214+01:00,2870660,135010,3172,3172,True,True,0x0B,"OK,OK,NO_IRQ,OK","FULL,FULL,NONE,FULL",
4.541919,2026-09-01T19:10:15.219+01:00,2873832,135011,3172,3172,True,True,0x0B,"OK,OK,NO_IRQ,OK","FULL,FULL,NONE,FULL",
4.545222,2026-09-01T19:10:15.232+01:00,2877004,135012,3172,3172,True,True,0x0B,"OK,OK,NO_IRQ,OK","FULL,FULL,NONE,FULL",
4.546471,2026-09-01T19:10:15.232+01:00,2880176,135013,3172,3172,True,True,0x0B,"OK,OK,NO_IRQ,OK","FULL,FULL,NONE,FULL",
4.551749,2026-09-01T19:10:15.234+01:00,2883348,135014,3172,3172,True,True,0x0B,"OK,OK,NO_IRQ,OK","FULL,FULL,NONE,FULL",
4.557709,2026-09-01T19:10:15.239+01:00,2886520,135015,3172,3172,True,True,0x0B,"OK,OK,NO_IRQ,OK","FULL,FULL,NONE,FULL",
4.564141,2026-09-01T19:10:15.245+01:00,2889692,135016,3172,3172,True,True,0x0B,"OK,OK,NO_IRQ,OK","FULL,FULL,NONE,FULL",
4.566612,2026-09-01T19:10:15.251+01:00,2892864,135017,3172,3172,True,True,0x0B,"OK,OK,NO_IRQ,OK","FULL,FULL,NONE,FULL",
4.571635,2026-09-01T19:10:15.254+01:00,2896036,135018,3172,3172,True,True,0x0B,"OK,OK,NO_IRQ,OK","FULL,FULL,NONE,FULL",
4.578242,2026-09-01T19:10:15.263+01:00,2899208,135019,3172,3172,True,True,0x0B,"OK,OK,NO_IRQ,OK","FULL,FULL,NONE,FULL",
4.581818,2026-09-01T19:10:15.266+01:00,2902380,135020,3172,3172,True,True,0x0B,"OK,OK,NO_IRQ,OK","FULL,FULL,NONE,FULL",
4.586901,2026-09-01T19:10:15.269+01:00,2905552,135021,3172,3172,True,True,0x0B,"OK,OK,NO_IRQ,OK","FULL,FULL,NONE,FULL",
4.591841,2026-09-01T19:10:15.274+01:00,2908724,135022,3172,3172,True,True,0x0B,"OK,OK,NO_IRQ,OK","FULL,FULL,NONE,FULL",
4.599523,2026-09-01T19:10:15.279+01:00,2911896,135023,3172,3172,True,True,0x0B,"OK,OK,NO_IRQ,OK","FULL,FULL,NONE,FULL",
4.601903,2026-09-01T19:10:15.287+01:00,2915068,135024,3172,3172,True,True,0x0B,"OK,OK,NO_IRQ,OK","FULL,FULL,NONE,FULL",
4.610409,2026-09-01T19:10:15.289+01:00,2918240,135025,3172,3172,True,True,0x0B,"OK,OK,NO_IRQ,OK","FULL,FULL,NONE,FULL",
4.612472,2026-09-01T19:10:15.298+01:00,2921412,135026,3172,3172,True,True,0x0B,"OK,OK,NO_IRQ,OK","FULL,FULL,NONE,FULL",
4.618961,2026-09-01T19:10:15.300+01:00,2924584,135027,3172,3172,True,True,0x0B,"OK,OK,NO_IRQ,OK","FULL,FULL,NONE,FULL",
4.625030,2026-09-01T19:10:15.307+01:00,2927756,135028,3172,3172,True,True,0x0B,"OK,OK,NO_IRQ,OK","FULL,FULL,NONE,FULL",
4.626815,2026-09-01T19:10:15.312+01:00,2930928,135029,3172,3172,True,True,0x0B,"OK,OK,NO_IRQ,OK","FULL,FULL,NONE,FULL",
4.637669,2026-09-01T19:10:15.314+01:00,2934100,135030,3172,3172,True,True,0x0B,"OK,OK,NO_IRQ,OK","FULL,FULL,NONE,FULL",
4.639359,2026-09-01T19:10:15.325+01:00,2937272,135031,3172,3172,True,True,0x0B,"OK,OK,NO_IRQ,OK","FULL,FULL,NONE,FULL",
4.641943,2026-09-01T19:10:15.327+01:00,2940444,135032,3172,3172,True,True,0x0B,"OK,OK,NO_IRQ,OK","FULL,FULL,NONE,FULL",
4.646866,2026-09-01T19:10:15.329+01:00,2943616,135033,3172,3172,True,True,0x0B,"OK,OK,NO_IRQ,OK","FULL,FULL,NONE,FULL",
4.658670,2026-09-01T19:10:15.334+01:00,2946788,135034,3172,3172,True,True,0x0B,"OK,OK,NO_IRQ,OK","FULL,FULL,NONE,FULL",
4.659057,2026-09-01T19:10:15.346+01:00,2949960,135035,3172,3172,True,True,0x0B,"OK,OK,NO_IRQ,OK","FULL,FULL,NONE,FULL",
4.662273,2026-09-01T19:10:15.346+01:00,2953132,135036,3172,3172,True,True,0x0B,"OK,OK,NO_IRQ,OK","FULL,FULL,NONE,FULL",
4.666863,2026-09-01T19:10:15.350+01:00,2956304,135037,3172,3172,True,True,0x0B,"OK,OK,NO_IRQ,OK","FULL,FULL,NONE,FULL",
4.675398,2026-09-01T19:10:15.354+01:00,2959476,135038,3172,3172,True,True,0x0B,"OK,OK,NO_IRQ,OK","FULL,FULL,NONE,FULL",
4.676709,2026-09-01T19:10:15.363+01:00,2962648,135039,3172,3172,True,True,0x0B,"OK,OK,NO_IRQ,OK","FULL,FULL,NONE,FULL",
4.682064,2026-09-01T19:10:15.364+01:00,2965820,135040,3172,3172,True,True,0x0B,"OK,OK,NO_IRQ,OK","FULL,FULL,NONE,FULL",
4.686750,2026-09-01T19:10:15.369+01:00,2968992,135041,3172,3172,True,True,0x0B,"OK,OK,NO_IRQ,OK","FULL,FULL,NONE,FULL",
4.692323,2026-09-01T19:10:15.375+01:00,2972164,135042,3172,3172,True,True,0x0B,"OK,OK,NO_IRQ,OK","FULL,FULL,NONE,FULL",
4.696810,2026-09-01T19:10:15.380+01:00,2975336,135043,3172,3172,True,True,0x0B,"OK,OK,NO_IRQ,OK","FULL,FULL,NONE,FULL",
4.701742,2026-09-01T19:10:15.384+01:00,2978508,135044,3172,3172,True,True,0x0B,"OK,OK,NO_IRQ,OK","FULL,FULL,NONE,FULL",
4.715332,2026-09-01T19:10:15.389+01:00,2981680,135045,3172,3172,True,True,0x0B,"OK,OK,NO_IRQ,OK","FULL,FULL,NONE,FULL",
4.715653,2026-09-01T19:10:15.403+01:00,2984852,135046,3172,3172,True,True,0x0B,"OK,OK,NO_IRQ,OK","FULL,FULL,NONE,FULL",
4.716723,2026-09-01T19:10:15.403+01:00,2988024,135047,3172,3172,True,True,0x0B,"OK,OK,NO_IRQ,OK","FULL,FULL,NONE,FULL",
4.726151,2026-09-01T19:10:15.404+01:00,2991196,135048,3172,3172,True,True,0x0B,"OK,OK,NO_IRQ,OK","FULL,FULL,NONE,FULL",
4.729939,2026-09-01T19:10:15.416+01:00,2994368,135049,3172,3172,True,True,0x0B,"OK,OK,NO_IRQ,OK","FULL,FULL,NONE,FULL",
4.731963,2026-09-01T19:10:15.417+01:00,2997540,135050,3172,3172,True,True,0x0B,"OK,OK,NO_IRQ,OK","FULL,FULL,NONE,FULL",
4.737206,2026-09-01T19:10:15.420+01:00,3000712,135051,3172,3172,True,True,0x0B,"OK,OK,NO_IRQ,OK","FULL,FULL,NONE,FULL",
4.742290,2026-09-01T19:10:15.425+01:00,3003884,135052,3172,3172,True,True,0x0B,"OK,OK,NO_IRQ,OK","FULL,FULL,NONE,FULL",
4.749131,2026-09-01T19:10:15.430+01:00,3007056,135053,3172,3172,True,True,0x0B,"OK,OK,NO_IRQ,OK","FULL,FULL,NONE,FULL",
4.752280,2026-09-01T19:10:15.437+01:00,3010228,135054,3172,3172,True,True,0x0B,"OK,OK,NO_IRQ,OK","FULL,FULL,NONE,FULL",
4.757556,2026-09-01T19:10:15.440+01:00,3013400,135055,3172,3172,True,True,0x0B,"OK,OK,NO_IRQ,OK","FULL,FULL,NONE,FULL",
4.766507,2026-09-01T19:10:15.445+01:00,3016572,135056,3172,3172,True,True,0x0B,"OK,OK,NO_IRQ,OK","FULL,FULL,NONE,FULL",
4.767095,2026-09-01T19:10:15.454+01:00,3019744,135057,3172,3172,True,True,0x0B,"OK,OK,NO_IRQ,OK","FULL,FULL,NONE,FULL",
4.774110,2026-09-01T19:10:15.454+01:00,3022916,135058,3172,3172,True,True,0x0B,"OK,OK,NO_IRQ,OK","FULL,FULL,NONE,FULL",
4.776980,2026-09-01T19:10:15.461+01:00,3026088,135059,3172,3172,True,True,0x0B,"OK,OK,NO_IRQ,OK","FULL,FULL,NONE,FULL",
4.783092,2026-09-01T19:10:15.465+01:00,3029260,135060,3172,3172,True,True,0x0B,"OK,OK,NO_IRQ,OK","FULL,FULL,NONE,FULL",
4.787158,2026-09-01T19:10:15.471+01:00,3032432,135061,3172,3172,True,True,0x0B,"OK,OK,NO_IRQ,OK","FULL,FULL,NONE,FULL",
4.792294,2026-09-01T19:10:15.474+01:00,3035604,135062,3172,3172,True,True,0x0B,"OK,OK,NO_IRQ,OK","FULL,FULL,NONE,FULL",
4.800548,2026-09-01T19:10:15.480+01:00,3038776,135063,3172,3172,True,True,0x0B,"OK,OK,NO_IRQ,OK","FULL,FULL,NONE,FULL",
4.802131,2026-09-01T19:10:15.488+01:00,3041948,135064,3172,3172,True,True,0x0B,"OK,OK,NO_IRQ,OK","FULL,FULL,NONE,FULL",
4.807140,2026-09-01T19:10:15.489+01:00,3045120,135065,3172,3172,True,True,0x0B,"OK,OK,NO_IRQ,OK","FULL,FULL,NONE,FULL",
4.817846,2026-09-01T19:10:15.494+01:00,3048292,135066,3172,3172,True,True,0x0B,"OK,OK,NO_IRQ,OK","FULL,FULL,NONE,FULL",
4.818504,2026-09-01T19:10:15.505+01:00,3051464,135067,3172,3172,True,True,0x0B,"OK,OK,NO_IRQ,OK","FULL,FULL,NONE,FULL",
4.824322,2026-09-01T19:10:15.506+01:00,3054636,135068,3172,3172,True,True,0x0B,"OK,OK,NO_IRQ,OK","FULL,FULL,NONE,FULL",
4.827198,2026-09-01T19:10:15.512+01:00,3057808,135069,3172,3172,True,True,0x0B,"OK,OK,NO_IRQ,OK","FULL,FULL,NONE,FULL",
4.834381,2026-09-01T19:10:15.515+01:00,3060980,135070,3172,3172,True,True,0x0B,"OK,OK,NO_IRQ,OK","FULL,FULL,NONE,FULL",
4.837503,2026-09-01T19:10:15.522+01:00,3064152,135071,3172,3172,True,True,0x0B,"OK,OK,NO_IRQ,OK","FULL,FULL,NONE,FULL",
4.842033,2026-09-01T19:10:15.525+01:00,3067324,135072,3172,3172,True,True,0x0B,"OK,OK,NO_IRQ,OK","FULL,FULL,NONE,FULL",
4.851892,2026-09-01T19:10:15.529+01:00,3070496,135073,3172,3172,True,True,0x0B,"OK,OK,NO_IRQ,OK","FULL,FULL,NONE,FULL",
4.852827,2026-09-01T19:10:15.539+01:00,3073668,135074,3172,3172,True,True,0x0B,"OK,OK,NO_IRQ,OK","FULL,FULL,NONE,FULL",
4.858016,2026-09-01T19:10:15.540+01:00,3076840,135075,3172,3172,True,True,0x0B,"OK,OK,NO_IRQ,OK","FULL,FULL,NONE,FULL",
4.862418,2026-09-01T19:10:15.545+01:00,3080012,135076,3172,3172,True,True,0x0B,"OK,OK,NO_IRQ,OK","FULL,FULL,NONE,FULL",
4.867998,2026-09-01T19:10:15.550+01:00,3083184,135077,3172,3172,True,True,0x0B,"OK,OK,NO_IRQ,OK","FULL,FULL,NONE,FULL",
4.874914,2026-09-01T19:10:15.555+01:00,3086356,135078,3172,3172,True,True,0x0B,"OK,OK,NO_IRQ,OK","FULL,FULL,NONE,FULL",
4.877063,2026-09-01T19:10:15.562+01:00,3089528,135079,3172,3172,True,True,0x0B,"OK,OK,NO_IRQ,OK","FULL,FULL,NONE,FULL",
4.882054,2026-09-01T19:10:15.564+01:00,3092700,135080,3172,3172,True,True,0x0B,"OK,OK,NO_IRQ,OK","FULL,FULL,NONE,FULL",
4.891621,2026-09-01T19:10:15.569+01:00,3095872,135081,3172,3172,True,True,0x0B,"OK,OK,NO_IRQ,OK","FULL,FULL,NONE,FULL",
4.893909,2026-09-01T19:10:15.581+01:00,3099044,135082,3172,3172,True,True,0x0B,"OK,OK,NO_IRQ,OK","FULL,FULL,NONE,FULL",
4.897405,2026-09-01T19:10:15.581+01:00,3102216,135083,3172,3172,True,True,0x0B,"OK,OK,NO_IRQ,OK","FULL,FULL,NONE,FULL",
4.902355,2026-09-01T19:10:15.585+01:00,3105388,135084,3172,3172,True,True,0x0B,"OK,OK,NO_IRQ,OK","FULL,FULL,NONE,FULL",
4.911024,2026-09-01T19:10:15.590+01:00,3108560,135085,3172,3172,True,True,0x0B,"OK,OK,NO_IRQ,OK","FULL,FULL,NONE,FULL",
4.914652,2026-09-01T19:10:15.601+01:00,3111732,135086,3172,3172,True,True,0x0B,"OK,OK,NO_IRQ,OK","FULL,FULL,NONE,FULL",
4.917413,2026-09-01T19:10:15.602+01:00,3114904,135087,3172,3172,True,True,0x0B,"OK,OK,NO_IRQ,OK","FULL,FULL,NONE,FULL",
4.922440,2026-09-01T19:10:15.605+01:00,3118076,135088,3172,3172,True,True,0x0B,"OK,OK,NO_IRQ,OK","FULL,FULL,NONE,FULL",
4.932433,2026-09-01T19:10:15.610+01:00,3121248,135089,3172,3172,True,True,0x0B,"OK,OK,NO_IRQ,OK","FULL,FULL,NONE,FULL",
4.932996,2026-09-01T19:10:15.620+01:00,3124420,135090,3172,3172,True,True,0x0B,"OK,OK,NO_IRQ,OK","FULL,FULL,NONE,FULL",
4.937337,2026-09-01T19:10:15.620+01:00,3127592,135091,3172,3172,True,True,0x0B,"OK,OK,NO_IRQ,OK","FULL,FULL,NONE,FULL",
4.942814,2026-09-01T19:10:15.625+01:00,3130764,135092,3172,3172,True,True,0x0B,"OK,OK,NO_IRQ,OK","FULL,FULL,NONE,FULL",
4.950285,2026-09-01T19:10:15.630+01:00,3133936,135093,3172,3172,True,True,0x0B,"OK,OK,NO_IRQ,OK","FULL,FULL,NONE,FULL",
4.952070,2026-09-01T19:10:15.637+01:00,3137108,135094,3172,3172,True,True,0x0B,"OK,OK,NO_IRQ,OK","FULL,FULL,NONE,FULL",
4.958252,2026-09-01T19:10:15.639+01:00,3140280,135095,3172,3172,True,True,0x0B,"OK,OK,NO_IRQ,OK","FULL,FULL,NONE,FULL",
4.968024,2026-09-01T19:10:15.646+01:00,3143452,135096,3172,3172,True,True,0x0B,"OK,OK,NO_IRQ,OK","FULL,FULL,NONE,FULL",
4.969079,2026-09-01T19:10:15.656+01:00,3146624,135097,3172,3172,True,True,0x0B,"OK,OK,NO_IRQ,OK","FULL,FULL,NONE,FULL",
4.972770,2026-09-01T19:10:15.656+01:00,3149796,135098,3172,3172,True,True,0x0B,"OK,OK,NO_IRQ,OK","FULL,FULL,NONE,FULL",
4.977239,2026-09-01T19:10:15.660+01:00,3152968,135099,3172,3172,True,True,0x0B,"OK,OK,NO_IRQ,OK","FULL,FULL,NONE,FULL",
4.987880,2026-09-01T19:10:15.664+01:00,3156140,135100,3172,3172,True,True,0x0B,"OK,OK,NO_IRQ,OK","FULL,FULL,NONE,FULL",
4.991279,2026-09-01T19:10:15.675+01:00,3159312,135101,3172,3172,True,True,0x0B,"OK,OK,NO_IRQ,OK","FULL,FULL,NONE,FULL",
4.992417,2026-09-01T19:10:15.678+01:00,3162484,135102,3172,3172,True,True,0x0B,"OK,OK,NO_IRQ,OK","FULL,FULL,NONE,FULL",
4.997469,2026-09-01T19:10:15.680+01:00,3165656,135103,3172,3172,True,True,0x0B,"OK,OK,NO_IRQ,OK","FULL,FULL,NONE,FULL",
5.006944,2026-09-01T19:10:15.685+01:00,3168828,135104,3172,3172,True,True,0x0B,"OK,OK,NO_IRQ,OK","FULL,FULL,NONE,FULL",
5.007253,2026-09-01T19:10:15.694+01:00,3172000,135105,3172,3172,True,True,0x0B,"OK,OK,NO_IRQ,OK","FULL,FULL,NONE,FULL",
5.012503,2026-09-01T19:10:15.694+01:00,3175172,135106,3172,3172,True,True,0x0B,"OK,OK,NO_IRQ,OK","FULL,FULL,NONE,FULL",
5.024580,2026-09-01T19:10:15.700+01:00,3178344,135107,3172,3172,True,True,0x0B,"OK,OK,NO_IRQ,OK","FULL,FULL,NONE,FULL",
5.024904,2026-09-01T19:10:15.712+01:00,3181516,135108,3172,3172,True,True,0x0B,"OK,OK,NO_IRQ,OK","FULL,FULL,NONE,FULL",
5.027455,2026-09-01T19:10:15.712+01:00,3184688,135109,3172,3172,True,True,0x0B,"OK,OK,NO_IRQ,OK","FULL,FULL,NONE,FULL",
5.032612,2026-09-01T19:10:15.715+01:00,3187860,135110,3172,3172,True,True,0x0B,"OK,OK,NO_IRQ,OK","FULL,FULL,NONE,FULL",
5.038586,2026-09-01T19:10:15.720+01:00,3191032,135111,3172,3172,True,True,0x0B,"OK,OK,NO_IRQ,OK","FULL,FULL,NONE,FULL",
5.042396,2026-09-01T19:10:15.726+01:00,3194204,135112,3172,3172,True,True,0x0B,"OK,OK,NO_IRQ,OK","FULL,FULL,NONE,FULL",
5.047328,2026-09-01T19:10:15.730+01:00,3197376,135113,3172,3172,True,True,0x0B,"OK,OK,NO_IRQ,OK","FULL,FULL,NONE,FULL",
5.052308,2026-09-01T19:10:15.735+01:00,3200548,135114,3172,3172,True,True,0x0B,"OK,OK,NO_IRQ,OK","FULL,FULL,NONE,FULL",
5.062229,2026-09-01T19:10:15.740+01:00,3203720,135115,3172,3172,True,True,0x0B,"OK,OK,NO_IRQ,OK","FULL,FULL,NONE,FULL",
5.062514,2026-09-01T19:10:15.749+01:00,3206892,135116,3172,3172,True,True,0x0B,"OK,OK,NO_IRQ,OK","FULL,FULL,NONE,FULL",
5.075778,2026-09-01T19:10:15.750+01:00,3210064,135117,3172,3172,True,True,0x0B,"OK,OK,NO_IRQ,OK","FULL,FULL,NONE,FULL",
5.076445,2026-09-01T19:10:15.763+01:00,3213236,135118,3172,3172,True,True,0x0B,"OK,OK,NO_IRQ,OK","FULL,FULL,NONE,FULL",
5.077487,2026-09-01T19:10:15.764+01:00,3216408,135119,3172,3172,True,True,0x0B,"OK,OK,NO_IRQ,OK","FULL,FULL,NONE,FULL",
5.082881,2026-09-01T19:10:15.765+01:00,3219580,135120,3172,3172,True,True,0x0B,"OK,OK,NO_IRQ,OK","FULL,FULL,NONE,FULL",
5.088360,2026-09-01T19:10:15.770+01:00,3222752,135121,3172,3172,True,True,0x0B,"OK,OK,NO_IRQ,OK","FULL,FULL,NONE,FULL",
5.093488,2026-09-01T19:10:15.776+01:00,3225924,135122,3172,3172,True,True,0x0B,"OK,OK,NO_IRQ,OK","FULL,FULL,NONE,FULL",
5.097532,2026-09-01T19:10:15.781+01:00,3229096,135123,3172,3172,True,True,0x0B,"OK,OK,NO_IRQ,OK","FULL,FULL,NONE,FULL",
5.102623,2026-09-01T19:10:15.785+01:00,3232268,135124,3172,3172,True,True,0x0B,"OK,OK,NO_IRQ,OK","FULL,FULL,NONE,FULL",
5.110109,2026-09-01T19:10:15.790+01:00,3235440,135125,3172,3172,True,True,0x0B,"OK,OK,NO_IRQ,OK","FULL,FULL,NONE,FULL",
5.112472,2026-09-01T19:10:15.798+01:00,3238612,135126,3172,3172,True,True,0x0B,"OK,OK,NO_IRQ,OK","FULL,FULL,NONE,FULL",
5.117522,2026-09-01T19:10:15.800+01:00,3241784,135127,3172,3172,True,True,0x0B,"OK,OK,NO_IRQ,OK","FULL,FULL,NONE,FULL",
5.126447,2026-09-01T19:10:15.805+01:00,3244956,135128,3172,3172,True,True,0x0B,"OK,OK,NO_IRQ,OK","FULL,FULL,NONE,FULL",
5.127608,2026-09-01T19:10:15.814+01:00,3248128,135129,3172,3172,True,True,0x0B,"OK,OK,NO_IRQ,OK","FULL,FULL,NONE,FULL",
5.132844,2026-09-01T19:10:15.815+01:00,3251300,135130,3172,3172,True,True,0x0B,"OK,OK,NO_IRQ,OK","FULL,FULL,NONE,FULL",
5.143513,2026-09-01T19:10:15.820+01:00,3254472,135131,3172,3172,True,True,0x0B,"OK,OK,NO_IRQ,OK","FULL,FULL,NONE,FULL",
5.144346,2026-09-01T19:10:15.831+01:00,3257644,135132,3172,3172,True,True,0x0B,"OK,OK,NO_IRQ,OK","FULL,FULL,NONE,FULL",
5.147627,2026-09-01T19:10:15.832+01:00,3260816,135133,3172,3172,True,True,0x0B,"OK,OK,NO_IRQ,OK","FULL,FULL,NONE,FULL",
5.153038,2026-09-01T19:10:15.835+01:00,3263988,135134,3172,3172,True,True,0x0B,"OK,OK,NO_IRQ,OK","FULL,FULL,NONE,FULL",
5.158114,2026-09-01T19:10:15.840+01:00,3267160,135135,3172,3172,True,True,0x0B,"OK,OK,NO_IRQ,OK","FULL,FULL,NONE,FULL",
5.163248,2026-09-01T19:10:15.845+01:00,3270332,135136,3172,3172,True,True,0x0B,"OK,OK,NO_IRQ,OK","FULL,FULL,NONE,FULL",
5.167699,2026-09-01T19:10:15.850+01:00,3273504,135137,3172,3172,True,True,0x0B,"OK,OK,NO_IRQ,OK","FULL,FULL,NONE,FULL",
5.176326,2026-09-01T19:10:15.855+01:00,3276676,135138,3172,3172,True,True,0x0B,"OK,OK,NO_IRQ,OK","FULL,FULL,NONE,FULL",
5.179264,2026-09-01T19:10:15.866+01:00,3279848,135139,3172,3172,True,True,0x0B,"OK,OK,NO_IRQ,OK","FULL,FULL,NONE,FULL",
5.182885,2026-09-01T19:10:15.867+01:00,3283020,135140,3172,3172,True,True,0x0B,"OK,OK,NO_IRQ,OK","FULL,FULL,NONE,FULL",
5.187740,2026-09-01T19:10:15.870+01:00,3286192,135141,3172,3172,True,True,0x0B,"OK,OK,NO_IRQ,OK","FULL,FULL,NONE,FULL",
5.192939,2026-09-01T19:10:15.875+01:00,3289364,135142,3172,3172,True,True,0x0B,"OK,OK,NO_IRQ,OK","FULL,FULL,NONE,FULL",
5.197579,2026-09-01T19:10:15.880+01:00,3292536,135143,3172,3172,True,True,0x0B,"OK,OK,NO_IRQ,OK","FULL,FULL,NONE,FULL",
5.202875,2026-09-01T19:10:15.885+01:00,3295708,135144,3172,3172,True,True,0x0B,"OK,OK,NO_IRQ,OK","FULL,FULL,NONE,FULL",
5.208885,2026-09-01T19:10:15.890+01:00,3298880,135145,3172,3172,True,True,0x0B,"OK,OK,NO_IRQ,OK","FULL,FULL,NONE,FULL",
5.213682,2026-09-01T19:10:15.896+01:00,3302052,135146,3172,3172,True,True,0x0B,"OK,OK,NO_IRQ,OK","FULL,FULL,NONE,FULL",
5.217868,2026-09-01T19:10:15.901+01:00,3305224,135147,3172,3172,True,True,0x0B,"OK,OK,NO_IRQ,OK","FULL,FULL,NONE,FULL",
5.224035,2026-09-01T19:10:15.905+01:00,3308396,135148,3172,3172,True,True,0x0B,"OK,OK,NO_IRQ,OK","FULL,FULL,NONE,FULL",
5.228974,2026-09-01T19:10:15.911+01:00,3311568,135149,3172,3172,True,True,0x0B,"OK,OK,NO_IRQ,OK","FULL,FULL,NONE,FULL",
5.237595,2026-09-01T19:10:15.918+01:00,3314740,135150,3172,3172,True,True,0x0B,"OK,OK,NO_IRQ,OK","FULL,FULL,NONE,FULL",
5.238195,2026-09-01T19:10:15.925+01:00,3317912,135151,3172,3172,True,True,0x0B,"OK,OK,NO_IRQ,OK","FULL,FULL,NONE,FULL",
5.242683,2026-09-01T19:10:15.925+01:00,3321084,135152,3172,3172,True,True,0x0B,"OK,OK,NO_IRQ,OK","FULL,FULL,NONE,FULL",
5.247781,2026-09-01T19:10:15.930+01:00,3324256,135153,3172,3172,True,True,0x0B,"OK,OK,NO_IRQ,OK","FULL,FULL,NONE,FULL",
5.254337,2026-09-01T19:10:15.935+01:00,3327428,135154,3172,3172,True,True,0x0B,"OK,OK,NO_IRQ,OK","FULL,FULL,NONE,FULL",
5.258272,2026-09-01T19:10:15.942+01:00,3330600,135155,3172,3172,True,True,0x0B,"OK,OK,NO_IRQ,OK","FULL,FULL,NONE,FULL",
5.263121,2026-09-01T19:10:15.946+01:00,3333772,135156,3172,3172,True,True,0x0B,"OK,OK,NO_IRQ,OK","FULL,FULL,NONE,FULL",
5.270910,2026-09-01T19:10:15.950+01:00,3336944,135157,3172,3172,True,True,0x0B,"OK,OK,NO_IRQ,OK","FULL,FULL,NONE,FULL",
5.274124,2026-09-01T19:10:15.958+01:00,3340116,135158,3172,3172,True,True,0x0B,"OK,OK,NO_IRQ,OK","FULL,FULL,NONE,FULL",
5.277902,2026-09-01T19:10:15.961+01:00,3343288,135159,3172,3172,True,True,0x0B,"OK,OK,NO_IRQ,OK","FULL,FULL,NONE,FULL",
5.291327,2026-09-01T19:10:15.965+01:00,3346460,135160,3172,3172,True,True,0x0B,"OK,OK,NO_IRQ,OK","FULL,FULL,NONE,FULL",
5.291601,2026-09-01T19:10:15.979+01:00,3349632,135161,3172,3172,True,True,0x0B,"OK,OK,NO_IRQ,OK","FULL,FULL,NONE,FULL",
5.292850,2026-09-01T19:10:15.979+01:00,3352804,135162,3172,3172,True,True,0x0B,"OK,OK,NO_IRQ,OK","FULL,FULL,NONE,FULL",
5.298378,2026-09-01T19:10:15.980+01:00,3355976,135163,3172,3172,True,True,0x0B,"OK,OK,NO_IRQ,OK","FULL,FULL,NONE,FULL",
5.309332,2026-09-01T19:10:15.986+01:00,3359148,135164,3172,3172,True,True,0x0B,"OK,OK,NO_IRQ,OK","FULL,FULL,NONE,FULL",
5.310310,2026-09-01T19:10:15.997+01:00,3362320,135165,3172,3172,True,True,0x0B,"OK,OK,NO_IRQ,OK","FULL,FULL,NONE,FULL",
5.312901,2026-09-01T19:10:15.998+01:00,3365492,135166,3172,3172,True,True,0x0B,"OK,OK,NO_IRQ,OK","FULL,FULL,NONE,FULL",
5.317949,2026-09-01T19:10:16.000+01:00,3368664,135167,3172,3172,True,True,0x0B,"OK,OK,NO_IRQ,OK","FULL,FULL,NONE,FULL",
5.328158,2026-09-01T19:10:16.005+01:00,3371836,135168,3172,3172,True,True,0x0B,"OK,OK,NO_IRQ,OK","FULL,FULL,NONE,FULL",
5.328845,2026-09-01T19:10:16.015+01:00,3375008,135169,3172,3172,True,True,0x0B,"OK,OK,NO_IRQ,OK","FULL,FULL,NONE,FULL",
5.333508,2026-09-01T19:10:16.016+01:00,3378180,135170,3172,3172,True,True,0x0B,"OK,OK,NO_IRQ,OK","FULL,FULL,NONE,FULL",
5.345342,2026-09-01T19:10:16.021+01:00,3381352,135171,3172,3172,True,True,0x0B,"OK,OK,NO_IRQ,OK","FULL,FULL,NONE,FULL",
5.346584,2026-09-01T19:10:16.033+01:00,3384524,135172,3172,3172,True,True,0x0B,"OK,OK,NO_IRQ,OK","FULL,FULL,NONE,FULL",
5.348118,2026-09-01T19:10:16.034+01:00,3387696,135173,3172,3172,True,True,0x0B,"OK,OK,NO_IRQ,OK","FULL,FULL,NONE,FULL",
5.353070,2026-09-01T19:10:16.035+01:00,3390868,135174,3172,3172,True,True,0x0B,"OK,OK,NO_IRQ,OK","FULL,FULL,NONE,FULL",
5.363352,2026-09-01T19:10:16.040+01:00,3394040,135175,3172,3172,True,True,0x0B,"OK,OK,NO_IRQ,OK","FULL,FULL,NONE,FULL",
5.363988,2026-09-01T19:10:16.051+01:00,3397212,135176,3172,3172,True,True,0x0B,"OK,OK,NO_IRQ,OK","FULL,FULL,NONE,FULL",
5.368132,2026-09-01T19:10:16.051+01:00,3400384,135177,3172,3172,True,True,0x0B,"OK,OK,NO_IRQ,OK","FULL,FULL,NONE,FULL",
5.374910,2026-09-01T19:10:16.055+01:00,3403556,135178,3172,3172,True,True,0x0B,"OK,OK,NO_IRQ,OK","FULL,FULL,NONE,FULL",
5.378146,2026-09-01T19:10:16.062+01:00,3406728,135179,3172,3172,True,True,0x0B,"OK,OK,NO_IRQ,OK","FULL,FULL,NONE,FULL",
5.382907,2026-09-01T19:10:16.066+01:00,3409900,135180,3172,3172,True,True,0x0B,"OK,OK,NO_IRQ,OK","FULL,FULL,NONE,FULL",
5.387904,2026-09-01T19:10:16.070+01:00,3413072,135181,3172,3172,True,True,0x0B,"OK,OK,NO_IRQ,OK","FULL,FULL,NONE,FULL",
5.401634,2026-09-01T19:10:16.075+01:00,3416244,135182,3172,3172,True,True,0x0B,"OK,OK,NO_IRQ,OK","FULL,FULL,NONE,FULL",
5.402000,2026-09-01T19:10:16.089+01:00,3419416,135183,3172,3172,True,True,0x0B,"OK,OK,NO_IRQ,OK","FULL,FULL,NONE,FULL",
5.402937,2026-09-01T19:10:16.089+01:00,3422588,135184,3172,3172,True,True,0x0B,"OK,OK,NO_IRQ,OK","FULL,FULL,NONE,FULL",
5.409284,2026-09-01T19:10:16.096+01:00,3425760,135185,3172,3172,True,True,0x0B,"OK,OK,NO_IRQ,OK","FULL,FULL,NONE,FULL",
5.416529,2026-09-01T19:10:16.097+01:00,3428932,135186,3172,3172,True,True,0x0B,"OK,OK,NO_IRQ,OK","FULL,FULL,NONE,FULL",
5.418733,2026-09-01T19:10:16.104+01:00,3432104,135187,3172,3172,True,True,0x0B,"OK,OK,NO_IRQ,OK","FULL,FULL,NONE,FULL",
5.426610,2026-09-01T19:10:16.106+01:00,3435276,135188,3172,3172,True,True,0x0B,"OK,OK,NO_IRQ,OK","FULL,FULL,NONE,FULL",
5.428751,2026-09-01T19:10:16.114+01:00,3438448,135189,3172,3172,True,True,0x0B,"OK,OK,NO_IRQ,OK","FULL,FULL,NONE,FULL",
5.437005,2026-09-01T19:10:16.116+01:00,3441620,135190,3172,3172,True,True,0x0B,"OK,OK,NO_IRQ,OK","FULL,FULL,NONE,FULL",
5.438140,2026-09-01T19:10:16.124+01:00,3444792,135191,3172,3172,True,True,0x0B,"OK,OK,NO_IRQ,OK","FULL,FULL,NONE,FULL",
5.443109,2026-09-01T19:10:16.125+01:00,3447964,135192,3172,3172,True,True,0x0B,"OK,OK,NO_IRQ,OK","FULL,FULL,NONE,FULL",
5.453355,2026-09-01T19:10:16.131+01:00,3451136,135193,3172,3172,True,True,0x0B,"OK,OK,NO_IRQ,OK","FULL,FULL,NONE,FULL",
5.453949,2026-09-01T19:10:16.141+01:00,3454308,135194,3172,3172,True,True,0x0B,"OK,OK,NO_IRQ,OK","FULL,FULL,NONE,FULL",
5.458083,2026-09-01T19:10:16.141+01:00,3457480,135195,3172,3172,True,True,0x0B,"OK,OK,NO_IRQ,OK","FULL,FULL,NONE,FULL",
5.463375,2026-09-01T19:10:16.145+01:00,3460652,135196,3172,3172,True,True,0x0B,"OK,OK,NO_IRQ,OK","FULL,FULL,NONE,FULL",
5.469754,2026-09-01T19:10:16.151+01:00,3463824,135197,3172,3172,True,True,0x0B,"OK,OK,NO_IRQ,OK","FULL,FULL,NONE,FULL",
5.474366,2026-09-01T19:10:16.157+01:00,3466996,135198,3172,3172,True,True,0x0B,"OK,OK,NO_IRQ,OK","FULL,FULL,NONE,FULL",
5.478148,2026-09-01T19:10:16.162+01:00,3470168,135199,3172,3172,True,True,0x0B,"OK,OK,NO_IRQ,OK","FULL,FULL,NONE,FULL",
5.486215,2026-09-01T19:10:16.166+01:00,3473340,135200,3172,3172,True,True,0x0B,"OK,OK,NO_IRQ,OK","FULL,FULL,NONE,FULL",
5.488177,2026-09-01T19:10:16.174+01:00,3476512,135201,3172,3172,True,True,0x0B,"OK,OK,NO_IRQ,OK","FULL,FULL,NONE,FULL",
5.493206,2026-09-01T19:10:16.175+01:00,3479684,135202,3172,3172,True,True,0x0B,"OK,OK,NO_IRQ,OK","FULL,FULL,NONE,FULL",
5.503471,2026-09-01T19:10:16.180+01:00,3482856,135203,3172,3172,True,True,0x0B,"OK,OK,NO_IRQ,OK","FULL,FULL,NONE,FULL",
5.504597,2026-09-01T19:10:16.191+01:00,3486028,135204,3172,3172,True,True,0x0B,"OK,OK,NO_IRQ,OK","FULL,FULL,NONE,FULL",
5.508132,2026-09-01T19:10:16.192+01:00,3489200,135205,3172,3172,True,True,0x0B,"OK,OK,NO_IRQ,OK","FULL,FULL,NONE,FULL",
5.513373,2026-09-01T19:10:16.195+01:00,3492372,135206,3172,3172,True,True,0x0B,"OK,OK,NO_IRQ,OK","FULL,FULL,NONE,FULL",
5.521055,2026-09-01T19:10:16.201+01:00,3495544,135207,3172,3172,True,True,0x0B,"OK,OK,NO_IRQ,OK","FULL,FULL,NONE,FULL",
5.524380,2026-09-01T19:10:16.208+01:00,3498716,135208,3172,3172,True,True,0x0B,"OK,OK,NO_IRQ,OK","FULL,FULL,NONE,FULL",
5.528315,2026-09-01T19:10:16.212+01:00,3501888,135209,3172,3172,True,True,0x0B,"OK,OK,NO_IRQ,OK","FULL,FULL,NONE,FULL",
5.537364,2026-09-01T19:10:16.216+01:00,3505060,135210,3172,3172,True,True,0x0B,"OK,OK,NO_IRQ,OK","FULL,FULL,NONE,FULL",
5.538293,2026-09-01T19:10:16.225+01:00,3508232,135211,3172,3172,True,True,0x0B,"OK,OK,NO_IRQ,OK","FULL,FULL,NONE,FULL",
5.543286,2026-09-01T19:10:16.225+01:00,3511404,135212,3172,3172,True,True,0x0B,"OK,OK,NO_IRQ,OK","FULL,FULL,NONE,FULL",
5.548645,2026-09-01T19:10:16.230+01:00,3514576,135213,3172,3172,True,True,0x0B,"OK,OK,NO_IRQ,OK","FULL,FULL,NONE,FULL",
5.554401,2026-09-01T19:10:16.236+01:00,3517748,135214,3172,3172,True,True,0x0B,"OK,OK,NO_IRQ,OK","FULL,FULL,NONE,FULL",
5.558224,2026-09-01T19:10:16.242+01:00,3520920,135215,3172,3172,True,True,0x0B,"OK,OK,NO_IRQ,OK","FULL,FULL,NONE,FULL",
5.563410,2026-09-01T19:10:16.245+01:00,3524092,135216,3172,3172,True,True,0x0B,"OK,OK,NO_IRQ,OK","FULL,FULL,NONE,FULL",
5.572586,2026-09-01T19:10:16.251+01:00,3527264,135217,3172,3172,True,True,0x0B,"OK,OK,NO_IRQ,OK","FULL,FULL,NONE,FULL",
5.573490,2026-09-01T19:10:16.260+01:00,3530436,135218,3172,3172,True,True,0x0B,"OK,OK,NO_IRQ,OK","FULL,FULL,NONE,FULL",
5.579543,2026-09-01T19:10:16.261+01:00,3533608,135219,3172,3172,True,True,0x0B,"OK,OK,NO_IRQ,OK","FULL,FULL,NONE,FULL",
5.583671,2026-09-01T19:10:16.267+01:00,3536780,135220,3172,3172,True,True,0x0B,"OK,OK,NO_IRQ,OK","FULL,FULL,NONE,FULL",
5.589426,2026-09-01T19:10:16.271+01:00,3539952,135221,3172,3172,True,True,0x0B,"OK,OK,NO_IRQ,OK","FULL,FULL,NONE,FULL",
5.597284,2026-09-01T19:10:16.277+01:00,3543124,135222,3172,3172,True,True,0x0B,"OK,OK,NO_IRQ,OK","FULL,FULL,NONE,FULL",
5.598431,2026-09-01T19:10:16.285+01:00,3546296,135223,3172,3172,True,True,0x0B,"OK,OK,NO_IRQ,OK","FULL,FULL,NONE,FULL",
5.604089,2026-09-01T19:10:16.286+01:00,3549468,135224,3172,3172,True,True,0x0B,"OK,OK,NO_IRQ,OK","FULL,FULL,NONE,FULL",
5.608997,2026-09-01T19:10:16.292+01:00,3552640,135225,3172,3172,True,True,0x0B,"OK,OK,NO_IRQ,OK","FULL,FULL,NONE,FULL",
5.614651,2026-09-01T19:10:16.299+01:00,3555812,135226,3172,3172,True,True,0x0B,"OK,OK,NO_IRQ,OK","FULL,FULL,NONE,FULL",
5.618996,2026-09-01T19:10:16.302+01:00,3558984,135227,3172,3172,True,True,0x0B,"OK,OK,NO_IRQ,OK","FULL,FULL,NONE,FULL",
5.624851,2026-09-01T19:10:16.306+01:00,3562156,135228,3172,3172,True,True,0x0B,"OK,OK,NO_IRQ,OK","FULL,FULL,NONE,FULL",
5.632048,2026-09-01T19:10:16.312+01:00,3565328,135229,3172,3172,True,True,0x0B,"OK,OK,NO_IRQ,OK","FULL,FULL,NONE,FULL",
5.633670,2026-09-01T19:10:16.319+01:00,3568500,135230,3172,3172,True,True,0x0B,"OK,OK,NO_IRQ,OK","FULL,FULL,NONE,FULL",
5.640748,2026-09-01T19:10:16.321+01:00,3571672,135231,3172,3172,True,True,0x0B,"OK,OK,NO_IRQ,OK","FULL,FULL,NONE,FULL",
5.643520,2026-09-01T19:10:16.328+01:00,3574844,135232,3172,3172,True,True,0x0B,"OK,OK,NO_IRQ,OK","FULL,FULL,NONE,FULL",
5.651731,2026-09-01T19:10:16.331+01:00,3578016,135233,3172,3172,True,True,0x0B,"OK,OK,NO_IRQ,OK","FULL,FULL,NONE,FULL",
5.653588,2026-09-01T19:10:16.339+01:00,3581188,135234,3172,3172,True,True,0x0B,"OK,OK,NO_IRQ,OK","FULL,FULL,NONE,FULL",
5.658439,2026-09-01T19:10:16.341+01:00,3584360,135235,3172,3172,True,True,0x0B,"OK,OK,NO_IRQ,OK","FULL,FULL,NONE,FULL",
5.665830,2026-09-01T19:10:16.346+01:00,3587532,135236,3172,3172,True,True,0x0B,"OK,OK,NO_IRQ,OK","FULL,FULL,NONE,FULL",
5.669049,2026-09-01T19:10:16.356+01:00,3590704,135237,3172,3172,True,True,0x0B,"OK,OK,NO_IRQ,OK","FULL,FULL,NONE,FULL",
5.674376,2026-09-01T19:10:16.356+01:00,3593876,135238,3172,3172,True,True,0x0B,"OK,OK,NO_IRQ,OK","FULL,FULL,NONE,FULL",
5.678722,2026-09-01T19:10:16.362+01:00,3597048,135239,3172,3172,True,True,0x0B,"OK,OK,NO_IRQ,OK","FULL,FULL,NONE,FULL",
5.686086,2026-09-01T19:10:16.366+01:00,3600220,135240,3172,3172,True,True,0x0B,"OK,OK,NO_IRQ,OK","FULL,FULL,NONE,FULL",
5.688908,2026-09-01T19:10:16.373+01:00,3603392,135241,3172,3172,True,True,0x0B,"OK,OK,NO_IRQ,OK","FULL,FULL,NONE,FULL",
5.693559,2026-09-01T19:10:16.376+01:00,3606564,135242,3172,3172,True,True,0x0B,"OK,OK,NO_IRQ,OK","FULL,FULL,NONE,FULL",
5.698659,2026-09-01T19:10:16.381+01:00,3609736,135243,3172,3172,True,True,0x0B,"OK,OK,NO_IRQ,OK","FULL,FULL,NONE,FULL",
5.703736,2026-09-01T19:10:16.386+01:00,3612908,135244,3172,3172,True,True,0x0B,"OK,OK,NO_IRQ,OK","FULL,FULL,NONE,FULL",
5.708669,2026-09-01T19:10:16.391+01:00,3616080,135245,3172,3172,True,True,0x0B,"OK,OK,NO_IRQ,OK","FULL,FULL,NONE,FULL",
5.714740,2026-09-01T19:10:16.396+01:00,3619252,135246,3172,3172,True,True,0x0B,"OK,OK,NO_IRQ,OK","FULL,FULL,NONE,FULL",
5.718856,2026-09-01T19:10:16.402+01:00,3622424,135247,3172,3172,True,True,0x0B,"OK,OK,NO_IRQ,OK","FULL,FULL,NONE,FULL",
5.724175,2026-09-01T19:10:16.406+01:00,3625596,135248,3172,3172,True,True,0x0B,"OK,OK,NO_IRQ,OK","FULL,FULL,NONE,FULL",
5.728887,2026-09-01T19:10:16.411+01:00,3628768,135249,3172,3172,True,True,0x0B,"OK,OK,NO_IRQ,OK","FULL,FULL,NONE,FULL",
5.742578,2026-09-01T19:10:16.416+01:00,3631940,135250,3172,3172,True,True,0x0B,"OK,OK,NO_IRQ,OK","FULL,FULL,NONE,FULL",
5.742904,2026-09-01T19:10:16.430+01:00,3635112,135251,3172,3172,True,True,0x0B,"OK,OK,NO_IRQ,OK","FULL,FULL,NONE,FULL",
5.743560,2026-09-01T19:10:16.430+01:00,3638284,135252,3172,3172,True,True,0x0B,"OK,OK,NO_IRQ,OK","FULL,FULL,NONE,FULL",
5.749968,2026-09-01T19:10:16.431+01:00,3641456,135253,3172,3172,True,True,0x0B,"OK,OK,NO_IRQ,OK","FULL,FULL,NONE,FULL",
5.757023,2026-09-01T19:10:16.437+01:00,3644628,135254,3172,3172,True,True,0x0B,"OK,OK,NO_IRQ,OK","FULL,FULL,NONE,FULL",
5.758896,2026-09-01T19:10:16.444+01:00,3647800,135255,3172,3172,True,True,0x0B,"OK,OK,NO_IRQ,OK","FULL,FULL,NONE,FULL",
5.764019,2026-09-01T19:10:16.446+01:00,3650972,135256,3172,3172,True,True,0x0B,"OK,OK,NO_IRQ,OK","FULL,FULL,NONE,FULL",
5.775441,2026-09-01T19:10:16.451+01:00,3654144,135257,3172,3172,True,True,0x0B,"OK,OK,NO_IRQ,OK","FULL,FULL,NONE,FULL",
5.776029,2026-09-01T19:10:16.463+01:00,3657316,135258,3172,3172,True,True,0x0B,"OK,OK,NO_IRQ,OK","FULL,FULL,NONE,FULL",
5.778863,2026-09-01T19:10:16.463+01:00,3660488,135259,3172,3172,True,True,0x0B,"OK,OK,NO_IRQ,OK","FULL,FULL,NONE,FULL",
5.807102,2026-09-01T19:10:16.494+01:00,3663660,135260,3172,3172,True,True,0x0B,"OK,OK,NO_IRQ,OK","FULL,FULL,NONE,FULL",
5.807382,2026-09-01T19:10:16.494+01:00,3666832,135261,3172,3172,True,True,0x0B,"OK,OK,NO_IRQ,OK","FULL,FULL,NONE,FULL",
5.811394,2026-09-01T19:10:16.495+01:00,3670004,135262,3172,3172,True,True,0x0B,"OK,OK,NO_IRQ,OK","FULL,FULL,NONE,FULL",
5.812350,2026-09-01T19:10:16.499+01:00,3673176,135263,3172,3172,True,True,0x0B,"OK,OK,NO_IRQ,OK","FULL,FULL,NONE,FULL",
5.813079,2026-09-01T19:10:16.500+01:00,3676348,135264,3172,3172,True,True,0x0B,"OK,OK,NO_IRQ,OK","FULL,FULL,NONE,FULL",
5.813882,2026-09-01T19:10:16.501+01:00,3679520,135265,3172,3172,True,True,0x0B,"OK,OK,NO_IRQ,OK","FULL,FULL,NONE,FULL",
5.814710,2026-09-01T19:10:16.501+01:00,3682692,135266,3172,3172,True,True,0x0B,"OK,OK,NO_IRQ,OK","FULL,FULL,NONE,FULL",
5.819024,2026-09-01T19:10:16.502+01:00,3685864,135267,3172,3172,True,True,0x0B,"OK,OK,NO_IRQ,OK","FULL,FULL,NONE,FULL",
5.829045,2026-09-01T19:10:16.506+01:00,3689036,135268,3172,3172,True,True,0x0B,"OK,OK,NO_IRQ,OK","FULL,FULL,NONE,FULL",
5.829857,2026-09-01T19:10:16.516+01:00,3692208,135269,3172,3172,True,True,0x0B,"OK,OK,NO_IRQ,OK","FULL,FULL,NONE,FULL",
5.834094,2026-09-01T19:10:16.517+01:00,3695380,135270,3172,3172,True,True,0x0B,"OK,OK,NO_IRQ,OK","FULL,FULL,NONE,FULL",
5.840860,2026-09-01T19:10:16.521+01:00,3698552,135271,3172,3172,True,True,0x0B,"OK,OK,NO_IRQ,OK","FULL,FULL,NONE,FULL",
5.847582,2026-09-01T19:10:16.529+01:00,3701724,135272,3172,3172,True,True,0x0B,"OK,OK,NO_IRQ,OK","FULL,FULL,NONE,FULL",
5.848999,2026-09-01T19:10:16.535+01:00,3704896,135273,3172,3172,True,True,0x0B,"OK,OK,NO_IRQ,OK","FULL,FULL,NONE,FULL",
5.854078,2026-09-01T19:10:16.536+01:00,3708068,135274,3172,3172,True,True,0x0B,"OK,OK,NO_IRQ,OK","FULL,FULL,NONE,FULL",
5.858952,2026-09-01T19:10:16.542+01:00,3711240,135275,3172,3172,True,True,0x0B,"OK,OK,NO_IRQ,OK","FULL,FULL,NONE,FULL",
5.864398,2026-09-01T19:10:16.546+01:00,3714412,135276,3172,3172,True,True,0x0B,"OK,OK,NO_IRQ,OK","FULL,FULL,NONE,FULL",
5.869082,2026-09-01T19:10:16.552+01:00,3717584,135277,3172,3172,True,True,0x0B,"OK,OK,NO_IRQ,OK","FULL,FULL,NONE,FULL",
5.874649,2026-09-01T19:10:16.556+01:00,3720756,135278,3172,3172,True,True,0x0B,"OK,OK,NO_IRQ,OK","FULL,FULL,NONE,FULL",
5.882459,2026-09-01T19:10:16.562+01:00,3723928,135279,3172,3172,True,True,0x0B,"OK,OK,NO_IRQ,OK","FULL,FULL,NONE,FULL",
5.883945,2026-09-01T19:10:16.570+01:00,3727100,135280,3172,3172,True,True,0x0B,"OK,OK,NO_IRQ,OK","FULL,FULL,NONE,FULL",
5.888845,2026-09-01T19:10:16.571+01:00,3730272,135281,3172,3172,True,True,0x0B,"OK,OK,NO_IRQ,OK","FULL,FULL,NONE,FULL",
5.894387,2026-09-01T19:10:16.576+01:00,3733444,135282,3172,3172,True,True,0x0B,"OK,OK,NO_IRQ,OK","FULL,FULL,NONE,FULL",
5.899019,2026-09-01T19:10:16.582+01:00,3736616,135283,3172,3172,True,True,0x0B,"OK,OK,NO_IRQ,OK","FULL,FULL,NONE,FULL",
5.903928,2026-09-01T19:10:16.587+01:00,3739788,135284,3172,3172,True,True,0x0B,"OK,OK,NO_IRQ,OK","FULL,FULL,NONE,FULL",
5.909316,2026-09-01T19:10:16.591+01:00,3742960,135285,3172,3172,True,True,0x0B,"OK,OK,NO_IRQ,OK","FULL,FULL,NONE,FULL",
5.924731,2026-09-01T19:10:16.597+01:00,3746132,135286,3172,3172,True,True,0x0B,"OK,OK,NO_IRQ,OK","FULL,FULL,NONE,FULL",
5.925132,2026-09-01T19:10:16.612+01:00,3749304,135287,3172,3172,True,True,0x0B,"OK,OK,NO_IRQ,OK","FULL,FULL,NONE,FULL",
5.925554,2026-09-01T19:10:16.612+01:00,3752476,135288,3172,3172,True,True,0x0B,"OK,OK,NO_IRQ,OK","FULL,FULL,NONE,FULL",
5.929172,2026-09-01T19:10:16.613+01:00,3755648,135289,3172,3172,True,True,0x0B,"OK,OK,NO_IRQ,OK","FULL,FULL,NONE,FULL",
5.934235,2026-09-01T19:10:16.617+01:00,3758820,135290,3172,3172,True,True,0x0B,"OK,OK,NO_IRQ,OK","FULL,FULL,NONE,FULL",
5.942216,2026-09-01T19:10:16.622+01:00,3761992,135291,3172,3172,True,True,0x0B,"OK,OK,NO_IRQ,OK","FULL,FULL,NONE,FULL",
5.944310,2026-09-01T19:10:16.630+01:00,3765164,135292,3172,3172,True,True,0x0B,"OK,OK,NO_IRQ,OK","FULL,FULL,NONE,FULL",
5.949319,2026-09-01T19:10:16.632+01:00,3768336,135293,3172,3172,True,True,0x0B,"OK,OK,NO_IRQ,OK","FULL,FULL,NONE,FULL",
5.959191,2026-09-01T19:10:16.637+01:00,3771508,135294,3172,3172,True,True,0x0B,"OK,OK,NO_IRQ,OK","FULL,FULL,NONE,FULL",
5.960002,2026-09-01T19:10:16.647+01:00,3774680,135295,3172,3172,True,True,0x0B,"OK,OK,NO_IRQ,OK","FULL,FULL,NONE,FULL",
5.964354,2026-09-01T19:10:16.647+01:00,3777852,135296,3172,3172,True,True,0x0B,"OK,OK,NO_IRQ,OK","FULL,FULL,NONE,FULL",
5.972104,2026-09-01T19:10:16.652+01:00,3781024,135297,3172,3172,True,True,0x0B,"OK,OK,NO_IRQ,OK","FULL,FULL,NONE,FULL",
5.976543,2026-09-01T19:10:16.659+01:00,3784196,135298,3172,3172,True,True,0x0B,"OK,OK,NO_IRQ,OK","FULL,FULL,NONE,FULL",
5.979397,2026-09-01T19:10:16.664+01:00,3787368,135299,3172,3172,True,True,0x0B,"OK,OK,NO_IRQ,OK","FULL,FULL,NONE,FULL",
5.984054,2026-09-01T19:10:16.667+01:00,3790540,135300,3172,3172,True,True,0x0B,"OK,OK,NO_IRQ,OK","FULL,FULL,NONE,FULL",
5.993541,2026-09-01T19:10:16.671+01:00,3793712,135301,3172,3172,True,True,0x0B,"OK,OK,NO_IRQ,OK","FULL,FULL,NONE,FULL",
5.994637,2026-09-01T19:10:16.681+01:00,3796884,135302,3172,3172,True,True,0x0B,"OK,OK,NO_IRQ,OK","FULL,FULL,NONE,FULL",
5.999501,2026-09-01T19:10:16.682+01:00,3800056,135303,3172,3172,True,True,0x0B,"OK,OK,NO_IRQ,OK","FULL,FULL,NONE,FULL",
6.007873,2026-09-01T19:10:16.687+01:00,3803228,135304,3172,3172,True,True,0x0B,"OK,OK,NO_IRQ,OK","FULL,FULL,NONE,FULL",
6.011004,2026-09-01T19:10:16.695+01:00,3806400,135305,3172,3172,True,True,0x0B,"OK,OK,NO_IRQ,OK","FULL,FULL,NONE,FULL",
6.014343,2026-09-01T19:10:16.698+01:00,3809572,135306,3172,3172,True,True,0x0B,"OK,OK,NO_IRQ,OK","FULL,FULL,NONE,FULL",
6.019502,2026-09-01T19:10:16.702+01:00,3812744,135307,3172,3172,True,True,0x0B,"OK,OK,NO_IRQ,OK","FULL,FULL,NONE,FULL",
6.025147,2026-09-01T19:10:16.707+01:00,3815916,135308,3172,3172,True,True,0x0B,"OK,OK,NO_IRQ,OK","FULL,FULL,NONE,FULL",
6.029388,2026-09-01T19:10:16.713+01:00,3819088,135309,3172,3172,True,True,0x0B,"OK,OK,NO_IRQ,OK","FULL,FULL,NONE,FULL",
6.034598,2026-09-01T19:10:16.717+01:00,3822260,135310,3172,3172,True,True,0x0B,"OK,OK,NO_IRQ,OK","FULL,FULL,NONE,FULL",
6.039285,2026-09-01T19:10:16.722+01:00,3825432,135311,3172,3172,True,True,0x0B,"OK,OK,NO_IRQ,OK","FULL,FULL,NONE,FULL",
6.048895,2026-09-01T19:10:16.727+01:00,3828604,135312,3172,3172,True,True,0x0B,"OK,OK,NO_IRQ,OK","FULL,FULL,NONE,FULL",
6.049787,2026-09-01T19:10:16.736+01:00,3831776,135313,3172,3172,True,True,0x0B,"OK,OK,NO_IRQ,OK","FULL,FULL,NONE,FULL",
6.054293,2026-09-01T19:10:16.737+01:00,3834948,135314,3172,3172,True,True,0x0B,"OK,OK,NO_IRQ,OK","FULL,FULL,NONE,FULL",
6.059283,2026-09-01T19:10:16.742+01:00,3838120,135315,3172,3172,True,True,0x0B,"OK,OK,NO_IRQ,OK","FULL,FULL,NONE,FULL",
6.065434,2026-09-01T19:10:16.747+01:00,3841292,135316,3172,3172,True,True,0x0B,"OK,OK,NO_IRQ,OK","FULL,FULL,NONE,FULL",
6.069229,2026-09-01T19:10:16.753+01:00,3844464,135317,3172,3172,True,True,0x0B,"OK,OK,NO_IRQ,OK","FULL,FULL,NONE,FULL",
6.074299,2026-09-01T19:10:16.757+01:00,3847636,135318,3172,3172,True,True,0x0B,"OK,OK,NO_IRQ,OK","FULL,FULL,NONE,FULL",
6.086610,2026-09-01T19:10:16.762+01:00,3850808,135319,3172,3172,True,True,0x0B,"OK,OK,NO_IRQ,OK","FULL,FULL,NONE,FULL",
6.086917,2026-09-01T19:10:16.774+01:00,3853980,135320,3172,3172,True,True,0x0B,"OK,OK,NO_IRQ,OK","FULL,FULL,NONE,FULL",
6.093876,2026-09-01T19:10:16.774+01:00,3857152,135321,3172,3172,True,True,0x0B,"OK,OK,NO_IRQ,OK","FULL,FULL,NONE,FULL",
6.100494,2026-09-01T19:10:16.782+01:00,3860324,135322,3172,3172,True,True,0x0B,"OK,OK,NO_IRQ,OK","FULL,FULL,NONE,FULL",
6.101157,2026-09-01T19:10:16.788+01:00,3863496,135323,3172,3172,True,True,0x0B,"OK,OK,NO_IRQ,OK","FULL,FULL,NONE,FULL",
6.104727,2026-09-01T19:10:16.789+01:00,3866668,135324,3172,3172,True,True,0x0B,"OK,OK,NO_IRQ,OK","FULL,FULL,NONE,FULL",
6.109710,2026-09-01T19:10:16.792+01:00,3869840,135325,3172,3172,True,True,0x0B,"OK,OK,NO_IRQ,OK","FULL,FULL,NONE,FULL",
6.117987,2026-09-01T19:10:16.797+01:00,3873012,135326,3172,3172,True,True,0x0B,"OK,OK,NO_IRQ,OK","FULL,FULL,NONE,FULL",
6.119570,2026-09-01T19:10:16.805+01:00,3876184,135327,3172,3172,True,True,0x0B,"OK,OK,NO_IRQ,OK","FULL,FULL,NONE,FULL",
6.124423,2026-09-01T19:10:16.807+01:00,3879356,135328,3172,3172,True,True,0x0B,"OK,OK,NO_IRQ,OK","FULL,FULL,NONE,FULL",
6.135515,2026-09-01T19:10:16.812+01:00,3882528,135329,3172,3172,True,True,0x0B,"OK,OK,NO_IRQ,OK","FULL,FULL,NONE,FULL",
6.136107,2026-09-01T19:10:16.823+01:00,3885700,135330,3172,3172,True,True,0x0B,"OK,OK,NO_IRQ,OK","FULL,FULL,NONE,FULL",
6.140346,2026-09-01T19:10:16.823+01:00,3888872,135331,3172,3172,True,True,0x0B,"OK,OK,NO_IRQ,OK","FULL,FULL,NONE,FULL",
6.144776,2026-09-01T19:10:16.828+01:00,3892044,135332,3172,3172,True,True,0x0B,"OK,OK,NO_IRQ,OK","FULL,FULL,NONE,FULL",
6.152706,2026-09-01T19:10:16.832+01:00,3895216,135333,3172,3172,True,True,0x0B,"OK,OK,NO_IRQ,OK","FULL,FULL,NONE,FULL",
6.154557,2026-09-01T19:10:16.840+01:00,3898388,135334,3172,3172,True,True,0x0B,"OK,OK,NO_IRQ,OK","FULL,FULL,NONE,FULL",
6.159607,2026-09-01T19:10:16.842+01:00,3901560,135335,3172,3172,True,True,0x0B,"OK,OK,NO_IRQ,OK","FULL,FULL,NONE,FULL",
6.169403,2026-09-01T19:10:16.847+01:00,3904732,135336,3172,3172,True,True,0x0B,"OK,OK,NO_IRQ,OK","FULL,FULL,NONE,FULL",
6.169974,2026-09-01T19:10:16.857+01:00,3907904,135337,3172,3172,True,True,0x0B,"OK,OK,NO_IRQ,OK","FULL,FULL,NONE,FULL",
6.174569,2026-09-01T19:10:16.857+01:00,3911076,135338,3172,3172,True,True,0x0B,"OK,OK,NO_IRQ,OK","FULL,FULL,NONE,FULL",
6.179580,2026-09-01T19:10:16.862+01:00,3914248,135339,3172,3172,True,True,0x0B,"OK,OK,NO_IRQ,OK","FULL,FULL,NONE,FULL",
6.186869,2026-09-01T19:10:16.867+01:00,3917420,135340,3172,3172,True,True,0x0B,"OK,OK,NO_IRQ,OK","FULL,FULL,NONE,FULL",
6.191817,2026-09-01T19:10:16.874+01:00,3920592,135341,3172,3172,True,True,0x0B,"OK,OK,NO_IRQ,OK","FULL,FULL,NONE,FULL",
6.194877,2026-09-01T19:10:16.879+01:00,3923764,135342,3172,3172,True,True,0x0B,"OK,OK,NO_IRQ,OK","FULL,FULL,NONE,FULL",
6.203828,2026-09-01T19:10:16.882+01:00,3926936,135343,3172,3172,True,True,0x0B,"OK,OK,NO_IRQ,OK","FULL,FULL,NONE,FULL",
6.205051,2026-09-01T19:10:16.891+01:00,3930108,135344,3172,3172,True,True,0x0B,"OK,OK,NO_IRQ,OK","FULL,FULL,NONE,FULL",
6.209770,2026-09-01T19:10:16.894+01:00,3933280,135345,3172,3172,True,True,0x0B,"OK,OK,NO_IRQ,OK","FULL,FULL,NONE,FULL",
6.215141,2026-09-01T19:10:16.897+01:00,3936452,135346,3172,3172,True,True,0x0B,"OK,OK,NO_IRQ,OK","FULL,FULL,NONE,FULL",
6.224862,2026-09-01T19:10:16.902+01:00,3939624,135347,3172,3172,True,True,0x0B,"OK,OK,NO_IRQ,OK","FULL,FULL,NONE,FULL",
6.225334,2026-09-01T19:10:16.912+01:00,3942796,135348,3172,3172,True,True,0x0B,"OK,OK,NO_IRQ,OK","FULL,FULL,NONE,FULL",
6.229987,2026-09-01T19:10:16.913+01:00,3945968,135349,3172,3172,True,True,0x0B,"OK,OK,NO_IRQ,OK","FULL,FULL,NONE,FULL",
6.235918,2026-09-01T19:10:16.917+01:00,3949140,135350,3172,3172,True,True,0x0B,"OK,OK,NO_IRQ,OK","FULL,FULL,NONE,FULL",
6.241538,2026-09-01T19:10:16.923+01:00,3952312,135351,3172,3172,True,True,0x0B,"OK,OK,NO_IRQ,OK","FULL,FULL,NONE,FULL",
6.244582,2026-09-01T19:10:16.929+01:00,3955484,135352,3172,3172,True,True,0x0B,"OK,OK,NO_IRQ,OK","FULL,FULL,NONE,FULL",
6.249622,2026-09-01T19:10:16.932+01:00,3958656,135353,3172,3172,True,True,0x0B,"OK,OK,NO_IRQ,OK","FULL,FULL,NONE,FULL",
6.267209,2026-09-01T19:10:16.937+01:00,3961828,135354,3172,3172,True,True,0x0B,"OK,OK,NO_IRQ,OK","FULL,FULL,NONE,FULL",
6.267878,2026-09-01T19:10:16.954+01:00,3965000,135355,3172,3172,True,True,0x0B,"OK,OK,NO_IRQ,OK","FULL,FULL,NONE,FULL",
6.268411,2026-09-01T19:10:16.955+01:00,3968172,135356,3172,3172,True,True,0x0B,"OK,OK,NO_IRQ,OK","FULL,FULL,NONE,FULL",
6.270013,2026-09-01T19:10:16.956+01:00,3971344,135357,3172,3172,True,True,0x0B,"OK,OK,NO_IRQ,OK","FULL,FULL,NONE,FULL",
6.274728,2026-09-01T19:10:16.957+01:00,3974516,135358,3172,3172,True,True,0x0B,"OK,OK,NO_IRQ,OK","FULL,FULL,NONE,FULL",
6.286198,2026-09-01T19:10:16.962+01:00,3977688,135359,3172,3172,True,True,0x0B,"OK,OK,NO_IRQ,OK","FULL,FULL,NONE,FULL",
6.287150,2026-09-01T19:10:16.973+01:00,3980860,135360,3172,3172,True,True,0x0B,"OK,OK,NO_IRQ,OK","FULL,FULL,NONE,FULL",
6.289874,2026-09-01T19:10:16.975+01:00,3984032,135361,3172,3172,True,True,0x0B,"OK,OK,NO_IRQ,OK","FULL,FULL,NONE,FULL",
6.294805,2026-09-01T19:10:16.977+01:00,3987204,135362,3172,3172,True,True,0x0B,"OK,OK,NO_IRQ,OK","FULL,FULL,NONE,FULL",
6.305198,2026-09-01T19:10:16.982+01:00,3990376,135363,3172,3172,True,True,0x0B,"OK,OK,NO_IRQ,OK","FULL,FULL,NONE,FULL",
6.305821,2026-09-01T19:10:16.992+01:00,3993548,135364,3172,3172,True,True,0x0B,"OK,OK,NO_IRQ,OK","FULL,FULL,NONE,FULL",
6.309932,2026-09-01T19:10:16.993+01:00,3996720,135365,3172,3172,True,True,0x0B,"OK,OK,NO_IRQ,OK","FULL,FULL,NONE,FULL",
6.314962,2026-09-01T19:10:16.997+01:00,3999892,135366,3172,3172,True,True,0x0B,"OK,OK,NO_IRQ,OK","FULL,FULL,NONE,FULL",
6.324773,2026-09-01T19:10:17.002+01:00,4003064,135367,3172,3172,True,True,0x0B,"OK,OK,NO_IRQ,OK","FULL,FULL,NONE,FULL",
6.325214,2026-09-01T19:10:17.012+01:00,4006236,135368,3172,3172,True,True,0x0B,"OK,OK,NO_IRQ,OK","FULL,FULL,NONE,FULL",
6.329880,2026-09-01T19:10:17.012+01:00,4009408,135369,3172,3172,True,True,0x0B,"OK,OK,NO_IRQ,OK","FULL,FULL,NONE,FULL",
6.338846,2026-09-01T19:10:17.017+01:00,4012580,135370,3172,3172,True,True,0x0B,"OK,OK,NO_IRQ,OK","FULL,FULL,NONE,FULL",
6.341488,2026-09-01T19:10:17.026+01:00,4015752,135371,3172,3172,True,True,0x0B,"OK,OK,NO_IRQ,OK","FULL,FULL,NONE,FULL",
6.345077,2026-09-01T19:10:17.029+01:00,4018924,135372,3172,3172,True,True,0x0B,"OK,OK,NO_IRQ,OK","FULL,FULL,NONE,FULL",
6.355544,2026-09-01T19:10:17.032+01:00,4022096,135373,3172,3172,True,True,0x0B,"OK,OK,NO_IRQ,OK","FULL,FULL,NONE,FULL",
6.355768,2026-09-01T19:10:17.043+01:00,4025268,135374,3172,3172,True,True,0x0B,"OK,OK,NO_IRQ,OK","FULL,FULL,NONE,FULL",
6.359949,2026-09-01T19:10:17.043+01:00,4028440,135375,3172,3172,True,True,0x0B,"OK,OK,NO_IRQ,OK","FULL,FULL,NONE,FULL",
6.365035,2026-09-01T19:10:17.047+01:00,4031612,135376,3172,3172,True,True,0x0B,"OK,OK,NO_IRQ,OK","FULL,FULL,NONE,FULL",
6.372350,2026-09-01T19:10:17.052+01:00,4034784,135377,3172,3172,True,True,0x0B,"OK,OK,NO_IRQ,OK","FULL,FULL,NONE,FULL",
6.375107,2026-09-01T19:10:17.060+01:00,4037956,135378,3172,3172,True,True,0x0B,"OK,OK,NO_IRQ,OK","FULL,FULL,NONE,FULL",
6.380223,2026-09-01T19:10:17.062+01:00,4041128,135379,3172,3172,True,True,0x0B,"OK,OK,NO_IRQ,OK","FULL,FULL,NONE,FULL",
6.388545,2026-09-01T19:10:17.067+01:00,4044300,135380,3172,3172,True,True,0x0B,"OK,OK,NO_IRQ,OK","FULL,FULL,NONE,FULL",
6.391703,2026-09-01T19:10:17.076+01:00,4047472,135381,3172,3172,True,True,0x0B,"OK,OK,NO_IRQ,OK","FULL,FULL,NONE,FULL",
6.395128,2026-09-01T19:10:17.079+01:00,4050644,135382,3172,3172,True,True,0x0B,"OK,OK,NO_IRQ,OK","FULL,FULL,NONE,FULL",
6.400268,2026-09-01T19:10:17.082+01:00,4053816,135383,3172,3172,True,True,0x0B,"OK,OK,NO_IRQ,OK","FULL,FULL,NONE,FULL",
6.408649,2026-09-01T19:10:17.088+01:00,4056988,135384,3172,3172,True,True,0x0B,"OK,OK,NO_IRQ,OK","FULL,FULL,NONE,FULL",
6.410523,2026-09-01T19:10:17.096+01:00,4060160,135385,3172,3172,True,True,0x0B,"OK,OK,NO_IRQ,OK","FULL,FULL,NONE,FULL",
6.415500,2026-09-01T19:10:17.098+01:00,4063332,135386,3172,3172,True,True,0x0B,"OK,OK,NO_IRQ,OK","FULL,FULL,NONE,FULL",
6.428979,2026-09-01T19:10:17.103+01:00,4066504,135387,3172,3172,True,True,0x0B,"OK,OK,NO_IRQ,OK","FULL,FULL,NONE,FULL",
6.429285,2026-09-01T19:10:17.116+01:00,4069676,135388,3172,3172,True,True,0x0B,"OK,OK,NO_IRQ,OK","FULL,FULL,NONE,FULL",
6.429959,2026-09-01T19:10:17.116+01:00,4072848,135389,3172,3172,True,True,0x0B,"OK,OK,NO_IRQ,OK","FULL,FULL,NONE,FULL",
6.442951,2026-09-01T19:10:17.117+01:00,4076020,135390,3172,3172,True,True,0x0B,"OK,OK,NO_IRQ,OK","FULL,FULL,NONE,FULL",
6.443833,2026-09-01T19:10:17.130+01:00,4079192,135391,3172,3172,True,True,0x0B,"OK,OK,NO_IRQ,OK","FULL,FULL,NONE,FULL",
6.445248,2026-09-01T19:10:17.131+01:00,4082364,135392,3172,3172,True,True,0x0B,"OK,OK,NO_IRQ,OK","FULL,FULL,NONE,FULL",
6.450310,2026-09-01T19:10:17.133+01:00,4085536,135393,3172,3172,True,True,0x0B,"OK,OK,NO_IRQ,OK","FULL,FULL,NONE,FULL",
6.460095,2026-09-01T19:10:17.138+01:00,4088708,135394,3172,3172,True,True,0x0B,"OK,OK,NO_IRQ,OK","FULL,FULL,NONE,FULL",
6.461933,2026-09-01T19:10:17.147+01:00,4091880,135395,3172,3172,True,True,0x0B,"OK,OK,NO_IRQ,OK","FULL,FULL,NONE,FULL",
6.465317,2026-09-01T19:10:17.149+01:00,4095052,135396,3172,3172,True,True,0x0B,"OK,OK,NO_IRQ,OK","FULL,FULL,NONE,FULL",
6.473610,2026-09-01T19:10:17.153+01:00,4098224,135397,3172,3172,True,True,0x0B,"OK,OK,NO_IRQ,OK","FULL,FULL,NONE,FULL",
6.477841,2026-09-01T19:10:17.161+01:00,4101396,135398,3172,3172,True,True,0x0B,"OK,OK,NO_IRQ,OK","FULL,FULL,NONE,FULL",
6.480057,2026-09-01T19:10:17.165+01:00,4104568,135399,3172,3172,True,True,0x0B,"OK,OK,NO_IRQ,OK","FULL,FULL,NONE,FULL",
6.485405,2026-09-01T19:10:17.167+01:00,4107740,135400,3172,3172,True,True,0x0B,"OK,OK,NO_IRQ,OK","FULL,FULL,NONE,FULL",
6.491625,2026-09-01T19:10:17.173+01:00,4110912,135401,3172,3172,True,True,0x0B,"OK,OK,NO_IRQ,OK","FULL,FULL,NONE,FULL",
6.496404,2026-09-01T19:10:17.179+01:00,4114084,135402,3172,3172,True,True,0x0B,"OK,OK,NO_IRQ,OK","FULL,FULL,NONE,FULL",
6.500493,2026-09-01T19:10:17.184+01:00,4117256,135403,3172,3172,True,True,0x0B,"OK,OK,NO_IRQ,OK","FULL,FULL,NONE,FULL",
6.507011,2026-09-01T19:10:17.188+01:00,4120428,135404,3172,3172,True,True,0x0B,"OK,OK,NO_IRQ,OK","FULL,FULL,NONE,FULL",
6.515796,2026-09-01T19:10:17.194+01:00,4123600,135405,3172,3172,True,True,0x0B,"OK,OK,NO_IRQ,OK","FULL,FULL,NONE,FULL",
6.516478,2026-09-01T19:10:17.203+01:00,4126772,135406,3172,3172,True,True,0x0B,"OK,OK,NO_IRQ,OK","FULL,FULL,NONE,FULL",
6.520434,2026-09-01T19:10:17.204+01:00,4129944,135407,3172,3172,True,True,0x0B,"OK,OK,NO_IRQ,OK","FULL,FULL,NONE,FULL",
6.525591,2026-09-01T19:10:17.208+01:00,4133116,135408,3172,3172,True,True,0x0B,"OK,OK,NO_IRQ,OK","FULL,FULL,NONE,FULL",
6.531540,2026-09-01T19:10:17.213+01:00,4136288,135409,3172,3172,True,True,0x0B,"OK,OK,NO_IRQ,OK","FULL,FULL,NONE,FULL",
6.535263,2026-09-01T19:10:17.220+01:00,4139460,135410,3172,3172,True,True,0x0B,"OK,OK,NO_IRQ,OK","FULL,FULL,NONE,FULL",
6.540414,2026-09-01T19:10:17.223+01:00,4142632,135411,3172,3172,True,True,0x0B,"OK,OK,NO_IRQ,OK","FULL,FULL,NONE,FULL",
6.545418,2026-09-01T19:10:17.228+01:00,4145804,135412,3172,3172,True,True,0x0B,"OK,OK,NO_IRQ,OK","FULL,FULL,NONE,FULL",
6.553874,2026-09-01T19:10:17.233+01:00,4148976,135413,3172,3172,True,True,0x0B,"OK,OK,NO_IRQ,OK","FULL,FULL,NONE,FULL",
6.559217,2026-09-01T19:10:17.241+01:00,4152148,135414,3172,3172,True,True,0x0B,"OK,OK,NO_IRQ,OK","FULL,FULL,NONE,FULL",
6.560791,2026-09-01T19:10:17.246+01:00,4155320,135415,3172,3172,True,True,0x0B,"OK,OK,NO_IRQ,OK","FULL,FULL,NONE,FULL",
6.565694,2026-09-01T19:10:17.248+01:00,4158492,135416,3172,3172,True,True,0x0B,"OK,OK,NO_IRQ,OK","FULL,FULL,NONE,FULL",
6.575083,2026-09-01T19:10:17.253+01:00,4161664,135417,3172,3172,True,True,0x0B,"OK,OK,NO_IRQ,OK","FULL,FULL,NONE,FULL",
6.575447,2026-09-01T19:10:17.262+01:00,4164836,135418,3172,3172,True,True,0x0B,"OK,OK,NO_IRQ,OK","FULL,FULL,NONE,FULL",
6.580662,2026-09-01T19:10:17.263+01:00,4168008,135419,3172,3172,True,True,0x0B,"OK,OK,NO_IRQ,OK","FULL,FULL,NONE,FULL",
6.585668,2026-09-01T19:10:17.268+01:00,4171180,135420,3172,3172,True,True,0x0B,"OK,OK,NO_IRQ,OK","FULL,FULL,NONE,FULL",
6.592269,2026-09-01T19:10:17.274+01:00,4174352,135421,3172,3172,True,True,0x0B,"OK,OK,NO_IRQ,OK","FULL,FULL,NONE,FULL",
6.595355,2026-09-01T19:10:17.279+01:00,4177524,135422,3172,3172,True,True,0x0B,"OK,OK,NO_IRQ,OK","FULL,FULL,NONE,FULL",
6.600369,2026-09-01T19:10:17.283+01:00,4180696,135423,3172,3172,True,True,0x0B,"OK,OK,NO_IRQ,OK","FULL,FULL,NONE,FULL",
6.610159,2026-09-01T19:10:17.288+01:00,4183868,135424,3172,3172,True,True,0x0B,"OK,OK,NO_IRQ,OK","FULL,FULL,NONE,FULL",
6.616828,2026-09-01T19:10:17.298+01:00,4187040,135425,3172,3172,True,True,0x0B,"OK,OK,NO_IRQ,OK","FULL,FULL,NONE,FULL",
6.617864,2026-09-01T19:10:17.304+01:00,4190212,135426,3172,3172,True,True,0x0B,"OK,OK,NO_IRQ,OK","FULL,FULL,NONE,FULL",
6.621074,2026-09-01T19:10:17.305+01:00,4193384,135427,3172,3172,True,True,0x0B,"OK,OK,NO_IRQ,OK","FULL,FULL,NONE,FULL",
6.625585,2026-09-01T19:10:17.309+01:00,4196556,135428,3172,3172,True,True,0x0B,"OK,OK,NO_IRQ,OK","FULL,FULL,NONE,FULL",
6.636094,2026-09-01T19:10:17.313+01:00,4199728,135429,3172,3172,True,True,0x0B,"OK,OK,NO_IRQ,OK","FULL,FULL,NONE,FULL",
6.637242,2026-09-01T19:10:17.324+01:00,4202900,135430,3172,3172,True,True,0x0B,"OK,OK,NO_IRQ,OK","FULL,FULL,NONE,FULL",
6.641295,2026-09-01T19:10:17.325+01:00,4206072,135431,3172,3172,True,True,0x0B,"OK,OK,NO_IRQ,OK","FULL,FULL,NONE,FULL",
6.645889,2026-09-01T19:10:17.329+01:00,4209244,135432,3172,3172,True,True,0x0B,"OK,OK,NO_IRQ,OK","FULL,FULL,NONE,FULL",
6.655924,2026-09-01T19:10:17.333+01:00,4212416,135433,3172,3172,True,True,0x0B,"OK,OK,NO_IRQ,OK","FULL,FULL,NONE,FULL",
6.656254,2026-09-01T19:10:17.343+01:00,4215588,135434,3172,3172,True,True,0x0B,"OK,OK,NO_IRQ,OK","FULL,FULL,NONE,FULL",
6.661036,2026-09-01T19:10:17.343+01:00,4218760,135435,3172,3172,True,True,0x0B,"OK,OK,NO_IRQ,OK","FULL,FULL,NONE,FULL",
6.665835,2026-09-01T19:10:17.349+01:00,4221932,135436,3172,3172,True,True,0x0B,"OK,OK,NO_IRQ,OK","FULL,FULL,NONE,FULL",
6.676875,2026-09-01T19:10:17.353+01:00,4225104,135437,3172,3172,True,True,0x0B,"OK,OK,NO_IRQ,OK","FULL,FULL,NONE,FULL",
6.677158,2026-09-01T19:10:17.364+01:00,4228276,135438,3172,3172,True,True,0x0B,"OK,OK,NO_IRQ,OK","FULL,FULL,NONE,FULL",
6.681078,2026-09-01T19:10:17.364+01:00,4231448,135439,3172,3172,True,True,0x0B,"OK,OK,NO_IRQ,OK","FULL,FULL,NONE,FULL",
6.693809,2026-09-01T19:10:17.368+01:00,4234620,135440,3172,3172,True,True,0x0B,"OK,OK,NO_IRQ,OK","FULL,FULL,NONE,FULL",
6.694466,2026-09-01T19:10:17.381+01:00,4237792,135441,3172,3172,True,True,0x0B,"OK,OK,NO_IRQ,OK","FULL,FULL,NONE,FULL",
6.696015,2026-09-01T19:10:17.382+01:00,4240964,135442,3172,3172,True,True,0x0B,"OK,OK,NO_IRQ,OK","FULL,FULL,NONE,FULL",
6.700990,2026-09-01T19:10:17.383+01:00,4244136,135443,3172,3172,True,True,0x0B,"OK,OK,NO_IRQ,OK","FULL,FULL,NONE,FULL",
6.710026,2026-09-01T19:10:17.388+01:00,4247308,135444,3172,3172,True,True,0x0B,"OK,OK,NO_IRQ,OK","FULL,FULL,NONE,FULL",
6.710702,2026-09-01T19:10:17.397+01:00,4250480,135445,3172,3172,True,True,0x0B,"OK,OK,NO_IRQ,OK","FULL,FULL,NONE,FULL",
6.716300,2026-09-01T19:10:17.401+01:00,4253652,135446,3172,3172,True,True,0x0B,"OK,OK,NO_IRQ,OK","FULL,FULL,NONE,FULL",
6.720696,2026-09-01T19:10:17.404+01:00,4256824,135447,3172,3172,True,True,0x0B,"OK,OK,NO_IRQ,OK","FULL,FULL,NONE,FULL",
6.734500,2026-09-01T19:10:17.408+01:00,4259996,135448,3172,3172,True,True,0x0B,"OK,OK,NO_IRQ,OK","FULL,FULL,NONE,FULL",
6.735222,2026-09-01T19:10:17.422+01:00,4263168,135449,3172,3172,True,True,0x0B,"OK,OK,NO_IRQ,OK","FULL,FULL,NONE,FULL",
6.736248,2026-09-01T19:10:17.423+01:00,4266340,135450,3172,3172,True,True,0x0B,"OK,OK,NO_IRQ,OK","FULL,FULL,NONE,FULL",
6.741617,2026-09-01T19:10:17.423+01:00,4269512,135451,3172,3172,True,True,0x0B,"OK,OK,NO_IRQ,OK","FULL,FULL,NONE,FULL",
6.746007,2026-09-01T19:10:17.429+01:00,4272684,135452,3172,3172,True,True,0x0B,"OK,OK,NO_IRQ,OK","FULL,FULL,NONE,FULL",
6.753218,2026-09-01T19:10:17.433+01:00,4275856,135453,3172,3172,True,True,0x0B,"OK,OK,NO_IRQ,OK","FULL,FULL,NONE,FULL",
6.759507,2026-09-01T19:10:17.441+01:00,4279028,135454,3172,3172,True,True,0x0B,"OK,OK,NO_IRQ,OK","FULL,FULL,NONE,FULL",
6.760768,2026-09-01T19:10:17.447+01:00,4282200,135455,3172,3172,True,True,0x0B,"OK,OK,NO_IRQ,OK","FULL,FULL,NONE,FULL",
6.766545,2026-09-01T19:10:17.448+01:00,4285372,135456,3172,3172,True,True,0x0B,"OK,OK,NO_IRQ,OK","FULL,FULL,NONE,FULL",
6.774064,2026-09-01T19:10:17.455+01:00,4288544,135457,3172,3172,True,True,0x0B,"OK,OK,NO_IRQ,OK","FULL,FULL,NONE,FULL",
6.776878,2026-09-01T19:10:17.461+01:00,4291716,135458,3172,3172,True,True,0x0B,"OK,OK,NO_IRQ,OK","FULL,FULL,NONE,FULL",
6.780820,2026-09-01T19:10:17.464+01:00,4294888,135459,3172,3172,True,True,0x0B,"OK,OK,NO_IRQ,OK","FULL,FULL,NONE,FULL",
6.785838,2026-09-01T19:10:17.468+01:00,4298060,135460,3172,3172,True,True,0x0B,"OK,OK,NO_IRQ,OK","FULL,FULL,NONE,FULL",
6.799574,2026-09-01T19:10:17.473+01:00,4301232,135461,3172,3172,True,True,0x0B,"OK,OK,NO_IRQ,OK","FULL,FULL,NONE,FULL",
6.799882,2026-09-01T19:10:17.487+01:00,4304404,135462,3172,3172,True,True,0x0B,"OK,OK,NO_IRQ,OK","FULL,FULL,NONE,FULL",
6.800682,2026-09-01T19:10:17.487+01:00,4307576,135463,3172,3172,True,True,0x0B,"OK,OK,NO_IRQ,OK","FULL,FULL,NONE,FULL",
6.810415,2026-09-01T19:10:17.488+01:00,4310748,135464,3172,3172,True,True,0x0B,"OK,OK,NO_IRQ,OK","FULL,FULL,NONE,FULL",
6.814454,2026-09-01T19:10:17.501+01:00,4313920,135465,3172,3172,True,True,0x0B,"OK,OK,NO_IRQ,OK","FULL,FULL,NONE,FULL",
6.816210,2026-09-01T19:10:17.502+01:00,4317092,135466,3172,3172,True,True,0x0B,"OK,OK,NO_IRQ,OK","FULL,FULL,NONE,FULL",
6.821145,2026-09-01T19:10:17.504+01:00,4320264,135467,3172,3172,True,True,0x0B,"OK,OK,NO_IRQ,OK","FULL,FULL,NONE,FULL",
6.825844,2026-09-01T19:10:17.509+01:00,4323436,135468,3172,3172,True,True,0x0B,"OK,OK,NO_IRQ,OK","FULL,FULL,NONE,FULL",
6.833243,2026-09-01T19:10:17.513+01:00,4326608,135469,3172,3172,True,True,0x0B,"OK,OK,NO_IRQ,OK","FULL,FULL,NONE,FULL",
6.836092,2026-09-01T19:10:17.521+01:00,4329780,135470,3172,3172,True,True,0x0B,"OK,OK,NO_IRQ,OK","FULL,FULL,NONE,FULL",
6.841177,2026-09-01T19:10:17.523+01:00,4332952,135471,3172,3172,True,True,0x0B,"OK,OK,NO_IRQ,OK","FULL,FULL,NONE,FULL",
6.851131,2026-09-01T19:10:17.528+01:00,4336124,135472,3172,3172,True,True,0x0B,"OK,OK,NO_IRQ,OK","FULL,FULL,NONE,FULL",
6.851843,2026-09-01T19:10:17.538+01:00,4339296,135473,3172,3172,True,True,0x0B,"OK,OK,NO_IRQ,OK","FULL,FULL,NONE,FULL",
6.858471,2026-09-01T19:10:17.539+01:00,4342468,135474,3172,3172,True,True,0x0B,"OK,OK,NO_IRQ,OK","FULL,FULL,NONE,FULL",
6.861022,2026-09-01T19:10:17.546+01:00,4345640,135475,3172,3172,True,True,0x0B,"OK,OK,NO_IRQ,OK","FULL,FULL,NONE,FULL",
6.869973,2026-09-01T19:10:17.548+01:00,4348812,135476,3172,3172,True,True,0x0B,"OK,OK,NO_IRQ,OK","FULL,FULL,NONE,FULL",
6.871125,2026-09-01T19:10:17.557+01:00,4351984,135477,3172,3172,True,True,0x0B,"OK,OK,NO_IRQ,OK","FULL,FULL,NONE,FULL",
6.875930,2026-09-01T19:10:17.558+01:00,4355156,135478,3172,3172,True,True,0x0B,"OK,OK,NO_IRQ,OK","FULL,FULL,NONE,FULL",
6.886346,2026-09-01T19:10:17.563+01:00,4358328,135479,3172,3172,True,True,0x0B,"OK,OK,NO_IRQ,OK","FULL,FULL,NONE,FULL",
6.887268,2026-09-01T19:10:17.574+01:00,4361500,135480,3172,3172,True,True,0x0B,"OK,OK,NO_IRQ,OK","FULL,FULL,NONE,FULL",
6.891107,2026-09-01T19:10:17.574+01:00,4364672,135481,3172,3172,True,True,0x0B,"OK,OK,NO_IRQ,OK","FULL,FULL,NONE,FULL",
6.896303,2026-09-01T19:10:17.578+01:00,4367844,135482,3172,3172,True,True,0x0B,"OK,OK,NO_IRQ,OK","FULL,FULL,NONE,FULL",
6.903890,2026-09-01T19:10:17.584+01:00,4371016,135483,3172,3172,True,True,0x0B,"OK,OK,NO_IRQ,OK","FULL,FULL,NONE,FULL",
6.908125,2026-09-01T19:10:17.591+01:00,4374188,135484,3172,3172,True,True,0x0B,"OK,OK,NO_IRQ,OK","FULL,FULL,NONE,FULL",
6.911061,2026-09-01T19:10:17.595+01:00,4377360,135485,3172,3172,True,True,0x0B,"OK,OK,NO_IRQ,OK","FULL,FULL,NONE,FULL",
6.920389,2026-09-01T19:10:17.598+01:00,4380532,135486,3172,3172,True,True,0x0B,"OK,OK,NO_IRQ,OK","FULL,FULL,NONE,FULL",
6.921299,2026-09-01T19:10:17.608+01:00,4383704,135487,3172,3172,True,True,0x0B,"OK,OK,NO_IRQ,OK","FULL,FULL,NONE,FULL",
6.926108,2026-09-01T19:10:17.609+01:00,4386876,135488,3172,3172,True,True,0x0B,"OK,OK,NO_IRQ,OK","FULL,FULL,NONE,FULL",
6.937603,2026-09-01T19:10:17.613+01:00,4390048,135489,3172,3172,True,True,0x0B,"OK,OK,NO_IRQ,OK","FULL,FULL,NONE,FULL",
6.939932,2026-09-01T19:10:17.625+01:00,4393220,135490,3172,3172,True,True,0x0B,"OK,OK,NO_IRQ,OK","FULL,FULL,NONE,FULL",
6.941435,2026-09-01T19:10:17.627+01:00,4396392,135491,3172,3172,True,True,0x0B,"OK,OK,NO_IRQ,OK","FULL,FULL,NONE,FULL",
6.946509,2026-09-01T19:10:17.629+01:00,4399564,135492,3172,3172,True,True,0x0B,"OK,OK,NO_IRQ,OK","FULL,FULL,NONE,FULL",
6.951415,2026-09-01T19:10:17.634+01:00,4402736,135493,3172,3172,True,True,0x0B,"OK,OK,NO_IRQ,OK","FULL,FULL,NONE,FULL",
6.958366,2026-09-01T19:10:17.639+01:00,4405908,135494,3172,3172,True,True,0x0B,"OK,OK,NO_IRQ,OK","FULL,FULL,NONE,FULL",
6.961190,2026-09-01T19:10:17.646+01:00,4409080,135495,3172,3172,True,True,0x0B,"OK,OK,NO_IRQ,OK","FULL,FULL,NONE,FULL",
6.966075,2026-09-01T19:10:17.648+01:00,4412252,135496,3172,3172,True,True,0x0B,"OK,OK,NO_IRQ,OK","FULL,FULL,NONE,FULL",
6.974844,2026-09-01T19:10:17.653+01:00,4415424,135497,3172,3172,True,True,0x0B,"OK,OK,NO_IRQ,OK","FULL,FULL,NONE,FULL",
6.981301,2026-09-01T19:10:17.663+01:00,4418596,135498,3172,3172,True,True,0x0B,"OK,OK,NO_IRQ,OK","FULL,FULL,NONE,FULL",
6.982130,2026-09-01T19:10:17.669+01:00,4421768,135499,3172,3172,True,True,0x0B,"OK,OK,NO_IRQ,OK","FULL,FULL,NONE,FULL",
6.986489,2026-09-01T19:10:17.669+01:00,4424940,135500,3172,3172,True,True,0x0B,"OK,OK,NO_IRQ,OK","FULL,FULL,NONE,FULL",
6.991489,2026-09-01T19:10:17.674+01:00,4428112,135501,3172,3172,True,True,0x0B,"OK,OK,NO_IRQ,OK","FULL,FULL,NONE,FULL",
6.998883,2026-09-01T19:10:17.679+01:00,4431284,135502,3172,3172,True,True,0x0B,"OK,OK,NO_IRQ,OK","FULL,FULL,NONE,FULL",
7.001666,2026-09-01T19:10:17.686+01:00,4434456,135503,3172,3172,True,True,0x0B,"OK,OK,NO_IRQ,OK","FULL,FULL,NONE,FULL",
7.008551,2026-09-01T19:10:17.689+01:00,4437628,135504,3172,3172,True,True,0x0B,"OK,OK,NO_IRQ,OK","FULL,FULL,NONE,FULL",
7.011504,2026-09-01T19:10:17.696+01:00,4440800,135505,3172,3172,True,True,0x0B,"OK,OK,NO_IRQ,OK","FULL,FULL,NONE,FULL",
7.018630,2026-09-01T19:10:17.699+01:00,4443972,135506,3172,3172,True,True,0x0B,"OK,OK,NO_IRQ,OK","FULL,FULL,NONE,FULL",
7.025281,2026-09-01T19:10:17.706+01:00,4447144,135507,3172,3172,True,True,0x0B,"OK,OK,NO_IRQ,OK","FULL,FULL,NONE,FULL",
7.026944,2026-09-01T19:10:17.713+01:00,4450316,135508,3172,3172,True,True,0x0B,"OK,OK,NO_IRQ,OK","FULL,FULL,NONE,FULL",
7.036705,2026-09-01T19:10:17.714+01:00,4453488,135509,3172,3172,True,True,0x0B,"OK,OK,NO_IRQ,OK","FULL,FULL,NONE,FULL",
7.037455,2026-09-01T19:10:17.724+01:00,4456660,135510,3172,3172,True,True,0x0B,"OK,OK,NO_IRQ,OK","FULL,FULL,NONE,FULL",
7.041421,2026-09-01T19:10:17.725+01:00,4459832,135511,3172,3172,True,True,0x0B,"OK,OK,NO_IRQ,OK","FULL,FULL,NONE,FULL",
7.046463,2026-09-01T19:10:17.729+01:00,4463004,135512,3172,3172,True,True,0x0B,"OK,OK,NO_IRQ,OK","FULL,FULL,NONE,FULL",
7.058005,2026-09-01T19:10:17.734+01:00,4466176,135513,3172,3172,True,True,0x0B,"OK,OK,NO_IRQ,OK","FULL,FULL,NONE,FULL",
7.058244,2026-09-01T19:10:17.745+01:00,4469348,135514,3172,3172,True,True,0x0B,"OK,OK,NO_IRQ,OK","FULL,FULL,NONE,FULL",
7.061493,2026-09-01T19:10:17.745+01:00,4472520,135515,3172,3172,True,True,0x0B,"OK,OK,NO_IRQ,OK","FULL,FULL,NONE,FULL",
7.066264,2026-09-01T19:10:17.749+01:00,4475692,135516,3172,3172,True,True,0x0B,"OK,OK,NO_IRQ,OK","FULL,FULL,NONE,FULL",
7.074312,2026-09-01T19:10:17.753+01:00,4478864,135517,3172,3172,True,True,0x0B,"OK,OK,NO_IRQ,OK","FULL,FULL,NONE,FULL",
7.076364,2026-09-01T19:10:17.762+01:00,4482036,135518,3172,3172,True,True,0x0B,"OK,OK,NO_IRQ,OK","FULL,FULL,NONE,FULL",
7.081619,2026-09-01T19:10:17.764+01:00,4485208,135519,3172,3172,True,True,0x0B,"OK,OK,NO_IRQ,OK","FULL,FULL,NONE,FULL",
7.091358,2026-09-01T19:10:17.769+01:00,4488380,135520,3172,3172,True,True,0x0B,"OK,OK,NO_IRQ,OK","FULL,FULL,NONE,FULL",
7.091735,2026-09-01T19:10:17.779+01:00,4491552,135521,3172,3172,True,True,0x0B,"OK,OK,NO_IRQ,OK","FULL,FULL,NONE,FULL",
7.096717,2026-09-01T19:10:17.779+01:00,4494724,135522,3172,3172,True,True,0x0B,"OK,OK,NO_IRQ,OK","FULL,FULL,NONE,FULL",
7.106833,2026-09-01T19:10:17.784+01:00,4497896,135523,3172,3172,True,True,0x0B,"OK,OK,NO_IRQ,OK","FULL,FULL,NONE,FULL",
7.107074,2026-09-01T19:10:17.794+01:00,4501068,135524,3172,3172,True,True,0x0B,"OK,OK,NO_IRQ,OK","FULL,FULL,NONE,FULL",
7.111891,2026-09-01T19:10:17.794+01:00,4504240,135525,3172,3172,True,True,0x0B,"OK,OK,NO_IRQ,OK","FULL,FULL,NONE,FULL",
7.116832,2026-09-01T19:10:17.799+01:00,4507412,135526,3172,3172,True,True,0x0B,"OK,OK,NO_IRQ,OK","FULL,FULL,NONE,FULL",
7.127065,2026-09-01T19:10:17.804+01:00,4510584,135527,3172,3172,True,True,0x0B,"OK,OK,NO_IRQ,OK","FULL,FULL,NONE,FULL",
7.127364,2026-09-01T19:10:17.814+01:00,4513756,135528,3172,3172,True,True,0x0B,"OK,OK,NO_IRQ,OK","FULL,FULL,NONE,FULL",
7.131433,2026-09-01T19:10:17.815+01:00,4516928,135529,3172,3172,True,True,0x0B,"OK,OK,NO_IRQ,OK","FULL,FULL,NONE,FULL",
7.167759,2026-09-01T19:10:17.848+01:00,4520100,135530,3172,3172,True,True,0x0B,"OK,OK,NO_IRQ,OK","FULL,FULL,NONE,FULL",
7.168921,2026-09-01T19:10:17.855+01:00,4523272,135531,3172,3172,True,True,0x0B,"OK,OK,NO_IRQ,OK","FULL,FULL,NONE,FULL",
7.169556,2026-09-01T19:10:17.856+01:00,4526444,135532,3172,3172,True,True,0x0B,"OK,OK,NO_IRQ,OK","FULL,FULL,NONE,FULL",
7.170186,2026-09-01T19:10:17.857+01:00,4529616,135533,3172,3172,True,True,0x0B,"OK,OK,NO_IRQ,OK","FULL,FULL,NONE,FULL",
7.170719,2026-09-01T19:10:17.857+01:00,4532788,135534,3172,3172,True,True,0x0B,"OK,OK,NO_IRQ,OK","FULL,FULL,NONE,FULL",
7.171267,2026-09-01T19:10:17.858+01:00,4535960,135535,3172,3172,True,True,0x0B,"OK,OK,NO_IRQ,OK","FULL,FULL,NONE,FULL",
7.171686,2026-09-01T19:10:17.859+01:00,4539132,135536,3172,3172,True,True,0x0B,"OK,OK,NO_IRQ,OK","FULL,FULL,NONE,FULL",
7.172083,2026-09-01T19:10:17.859+01:00,4542304,135537,3172,3172,True,True,0x0B,"OK,OK,NO_IRQ,OK","FULL,FULL,NONE,FULL",
7.177326,2026-09-01T19:10:17.859+01:00,4545476,135538,3172,3172,True,True,0x0B,"OK,OK,NO_IRQ,OK","FULL,FULL,NONE,FULL",
7.187431,2026-09-01T19:10:17.865+01:00,4548648,135539,3172,3172,True,True,0x0B,"OK,OK,NO_IRQ,OK","FULL,FULL,NONE,FULL",
7.187708,2026-09-01T19:10:17.875+01:00,4551820,135540,3172,3172,True,True,0x0B,"OK,OK,NO_IRQ,OK","FULL,FULL,NONE,FULL",
7.191683,2026-09-01T19:10:17.875+01:00,4554992,135541,3172,3172,True,True,0x0B,"OK,OK,NO_IRQ,OK","FULL,FULL,NONE,FULL",
7.196950,2026-09-01T19:10:17.879+01:00,4558164,135542,3172,3172,True,True,0x0B,"OK,OK,NO_IRQ,OK","FULL,FULL,NONE,FULL",
7.205831,2026-09-01T19:10:17.884+01:00,4561336,135543,3172,3172,True,True,0x0B,"OK,OK,NO_IRQ,OK","FULL,FULL,NONE,FULL",
7.206685,2026-09-01T19:10:17.893+01:00,4564508,135544,3172,3172,True,True,0x0B,"OK,OK,NO_IRQ,OK","FULL,FULL,NONE,FULL",
7.212171,2026-09-01T19:10:17.894+01:00,4567680,135545,3172,3172,True,True,0x0B,"OK,OK,NO_IRQ,OK","FULL,FULL,NONE,FULL",
7.224505,2026-09-01T19:10:17.900+01:00,4570852,135546,3172,3172,True,True,0x0B,"OK,OK,NO_IRQ,OK","FULL,FULL,NONE,FULL",
7.224939,2026-09-01T19:10:17.912+01:00,4574024,135547,3172,3172,True,True,0x0B,"OK,OK,NO_IRQ,OK","FULL,FULL,NONE,FULL",
7.226637,2026-09-01T19:10:17.912+01:00,4577196,135548,3172,3172,True,True,0x0B,"OK,OK,NO_IRQ,OK","FULL,FULL,NONE,FULL",
7.231789,2026-09-01T19:10:17.914+01:00,4580368,135549,3172,3172,True,True,0x0B,"OK,OK,NO_IRQ,OK","FULL,FULL,NONE,FULL",
7.242070,2026-09-01T19:10:17.919+01:00,4583540,135550,3172,3172,True,True,0x0B,"OK,OK,NO_IRQ,OK","FULL,FULL,NONE,FULL",
7.242317,2026-09-01T19:10:17.929+01:00,4586712,135551,3172,3172,True,True,0x0B,"OK,OK,NO_IRQ,OK","FULL,FULL,NONE,FULL",
7.246654,2026-09-01T19:10:17.930+01:00,4589884,135552,3172,3172,True,True,0x0B,"OK,OK,NO_IRQ,OK","FULL,FULL,NONE,FULL",
7.259417,2026-09-01T19:10:17.934+01:00,4593056,135553,3172,3172,True,True,0x0B,"OK,OK,NO_IRQ,OK","FULL,FULL,NONE,FULL",
7.260443,2026-09-01T19:10:17.947+01:00,4596228,135554,3172,3172,True,True,0x0B,"OK,OK,NO_IRQ,OK","FULL,FULL,NONE,FULL",
7.261922,2026-09-01T19:10:17.948+01:00,4599400,135555,3172,3172,True,True,0x0B,"OK,OK,NO_IRQ,OK","FULL,FULL,NONE,FULL",
7.266924,2026-09-01T19:10:17.949+01:00,4602572,135556,3172,3172,True,True,0x0B,"OK,OK,NO_IRQ,OK","FULL,FULL,NONE,FULL",
7.275819,2026-09-01T19:10:17.954+01:00,4605744,135557,3172,3172,True,True,0x0B,"OK,OK,NO_IRQ,OK","FULL,FULL,NONE,FULL",
7.276809,2026-09-01T19:10:17.963+01:00,4608916,135558,3172,3172,True,True,0x0B,"OK,OK,NO_IRQ,OK","FULL,FULL,NONE,FULL",
7.282066,2026-09-01T19:10:17.964+01:00,4612088,135559,3172,3172,True,True,0x0B,"OK,OK,NO_IRQ,OK","FULL,FULL,NONE,FULL",
7.287917,2026-09-01T19:10:17.970+01:00,4615260,135560,3172,3172,True,True,0x0B,"OK,OK,NO_IRQ,OK","FULL,FULL,NONE,FULL",
7.292046,2026-09-01T19:10:17.975+01:00,4618432,135561,3172,3172,True,True,0x0B,"OK,OK,NO_IRQ,OK","FULL,FULL,NONE,FULL",
7.296945,2026-09-01T19:10:17.979+01:00,4621604,135562,3172,3172,True,True,0x0B,"OK,OK,NO_IRQ,OK","FULL,FULL,NONE,FULL",
7.302304,2026-09-01T19:10:17.985+01:00,4624776,135563,3172,3172,True,True,0x0B,"OK,OK,NO_IRQ,OK","FULL,FULL,NONE,FULL",
7.309253,2026-09-01T19:10:17.990+01:00,4627948,135564,3172,3172,True,True,0x0B,"OK,OK,NO_IRQ,OK","FULL,FULL,NONE,FULL",
7.313554,2026-09-01T19:10:17.998+01:00,4631120,135565,3172,3172,True,True,0x0B,"OK,OK,NO_IRQ,OK","FULL,FULL,NONE,FULL",
7.317323,2026-09-01T19:10:18.001+01:00,4634292,135566,3172,3172,True,True,0x0B,"OK,OK,NO_IRQ,OK","FULL,FULL,NONE,FULL",
7.321772,2026-09-01T19:10:18.005+01:00,4637464,135567,3172,3172,True,True,0x0B,"OK,OK,NO_IRQ,OK","FULL,FULL,NONE,FULL",
7.326836,2026-09-01T19:10:18.009+01:00,4640636,135568,3172,3172,True,True,0x0B,"OK,OK,NO_IRQ,OK","FULL,FULL,NONE,FULL",
7.341203,2026-09-01T19:10:18.014+01:00,4643808,135569,3172,3172,True,True,0x0B,"OK,OK,NO_IRQ,OK","FULL,FULL,NONE,FULL",
7.341530,2026-09-01T19:10:18.028+01:00,4646980,135570,3172,3172,True,True,0x0B,"OK,OK,NO_IRQ,OK","FULL,FULL,NONE,FULL",
7.341761,2026-09-01T19:10:18.029+01:00,4650152,135571,3172,3172,True,True,0x0B,"OK,OK,NO_IRQ,OK","FULL,FULL,NONE,FULL",
7.347137,2026-09-01T19:10:18.029+01:00,4653324,135572,3172,3172,True,True,0x0B,"OK,OK,NO_IRQ,OK","FULL,FULL,NONE,FULL",
7.355762,2026-09-01T19:10:18.035+01:00,4656496,135573,3172,3172,True,True,0x0B,"OK,OK,NO_IRQ,OK","FULL,FULL,NONE,FULL",
7.357019,2026-09-01T19:10:18.043+01:00,4659668,135574,3172,3172,True,True,0x0B,"OK,OK,NO_IRQ,OK","FULL,FULL,NONE,FULL",
7.362440,2026-09-01T19:10:18.044+01:00,4662840,135575,3172,3172,True,True,0x0B,"OK,OK,NO_IRQ,OK","FULL,FULL,NONE,FULL",
7.367561,2026-09-01T19:10:18.050+01:00,4666012,135576,3172,3172,True,True,0x0B,"OK,OK,NO_IRQ,OK","FULL,FULL,NONE,FULL",
7.374754,2026-09-01T19:10:18.055+01:00,4669184,135577,3172,3172,True,True,0x0B,"OK,OK,NO_IRQ,OK","FULL,FULL,NONE,FULL",
7.378503,2026-09-01T19:10:18.062+01:00,4672356,135578,3172,3172,True,True,0x0B,"OK,OK,NO_IRQ,OK","FULL,FULL,NONE,FULL",
7.382203,2026-09-01T19:10:18.066+01:00,4675528,135579,3172,3172,True,True,0x0B,"OK,OK,NO_IRQ,OK","FULL,FULL,NONE,FULL",
7.387163,2026-09-01T19:10:18.069+01:00,4678700,135580,3172,3172,True,True,0x0B,"OK,OK,NO_IRQ,OK","FULL,FULL,NONE,FULL",
7.392300,2026-09-01T19:10:18.074+01:00,4681872,135581,3172,3172,True,True,0x0B,"OK,OK,NO_IRQ,OK","FULL,FULL,NONE,FULL",
7.396890,2026-09-01T19:10:18.080+01:00,4685044,135582,3172,3172,True,True,0x0B,"OK,OK,NO_IRQ,OK","FULL,FULL,NONE,FULL",
7.402117,2026-09-01T19:10:18.084+01:00,4688216,135583,3172,3172,True,True,0x0B,"OK,OK,NO_IRQ,OK","FULL,FULL,NONE,FULL",
7.409094,2026-09-01T19:10:18.090+01:00,4691388,135584,3172,3172,True,True,0x0B,"OK,OK,NO_IRQ,OK","FULL,FULL,NONE,FULL",
7.412468,2026-09-01T19:10:18.099+01:00,4694560,135585,3172,3172,True,True,0x0B,"OK,OK,NO_IRQ,OK","FULL,FULL,NONE,FULL",
7.417315,2026-09-01T19:10:18.100+01:00,4697732,135586,3172,3172,True,True,0x0B,"OK,OK,NO_IRQ,OK","FULL,FULL,NONE,FULL",
7.425908,2026-09-01T19:10:18.105+01:00,4700904,135587,3172,3172,True,True,0x0B,"OK,OK,NO_IRQ,OK","FULL,FULL,NONE,FULL",
7.430485,2026-09-01T19:10:18.114+01:00,4704076,135588,3172,3172,True,True,0x0B,"OK,OK,NO_IRQ,OK","FULL,FULL,NONE,FULL",
7.431922,2026-09-01T19:10:18.118+01:00,4707248,135589,3172,3172,True,True,0x0B,"OK,OK,NO_IRQ,OK","FULL,FULL,NONE,FULL",
7.437222,2026-09-01T19:10:18.119+01:00,4710420,135590,3172,3172,True,True,0x0B,"OK,OK,NO_IRQ,OK","FULL,FULL,NONE,FULL",
7.442019,2026-09-01T19:10:18.124+01:00,4713592,135591,3172,3172,True,True,0x0B,"OK,OK,NO_IRQ,OK","FULL,FULL,NONE,FULL",
7.447680,2026-09-01T19:10:18.131+01:00,4716764,135592,3172,3172,True,True,0x0B,"OK,OK,NO_IRQ,OK","FULL,FULL,NONE,FULL",
7.452212,2026-09-01T19:10:18.135+01:00,4719936,135593,3172,3172,True,True,0x0B,"OK,OK,NO_IRQ,OK","FULL,FULL,NONE,FULL",
7.458090,2026-09-01T19:10:18.140+01:00,4723108,135594,3172,3172,True,True,0x0B,"OK,OK,NO_IRQ,OK","FULL,FULL,NONE,FULL",
7.464357,2026-09-01T19:10:18.145+01:00,4726280,135595,3172,3172,True,True,0x0B,"OK,OK,NO_IRQ,OK","FULL,FULL,NONE,FULL",
7.467661,2026-09-01T19:10:18.152+01:00,4729452,135596,3172,3172,True,True,0x0B,"OK,OK,NO_IRQ,OK","FULL,FULL,NONE,FULL",
7.474653,2026-09-01T19:10:18.155+01:00,4732624,135597,3172,3172,True,True,0x0B,"OK,OK,NO_IRQ,OK","FULL,FULL,NONE,FULL",
7.478362,2026-09-01T19:10:18.162+01:00,4735796,135598,3172,3172,True,True,0x0B,"OK,OK,NO_IRQ,OK","FULL,FULL,NONE,FULL",
7.482910,2026-09-01T19:10:18.166+01:00,4738968,135599,3172,3172,True,True,0x0B,"OK,OK,NO_IRQ,OK","FULL,FULL,NONE,FULL",
7.487125,2026-09-01T19:10:18.170+01:00,4742140,135600,3172,3172,True,True,0x0B,"OK,OK,NO_IRQ,OK","FULL,FULL,NONE,FULL",
7.492180,2026-09-01T19:10:18.174+01:00,4745312,135601,3172,3172,True,True,0x0B,"OK,OK,NO_IRQ,OK","FULL,FULL,NONE,FULL",
7.503021,2026-09-01T19:10:18.179+01:00,4748484,135602,3172,3172,True,True,0x0B,"OK,OK,NO_IRQ,OK","FULL,FULL,NONE,FULL",
7.503297,2026-09-01T19:10:18.190+01:00,4751656,135603,3172,3172,True,True,0x0B,"OK,OK,NO_IRQ,OK","FULL,FULL,NONE,FULL",
7.516542,2026-09-01T19:10:18.190+01:00,4754828,135604,3172,3172,True,True,0x0B,"OK,OK,NO_IRQ,OK","FULL,FULL,NONE,FULL",
7.520112,2026-09-01T19:10:18.207+01:00,4758000,135605,3172,3172,True,True,0x0B,"OK,OK,NO_IRQ,OK","FULL,FULL,NONE,FULL",
7.520948,2026-09-01T19:10:18.208+01:00,4761172,135606,3172,3172,True,True,0x0B,"OK,OK,NO_IRQ,OK","FULL,FULL,NONE,FULL",
7.524229,2026-09-01T19:10:18.208+01:00,4764344,135607,3172,3172,True,True,0x0B,"OK,OK,NO_IRQ,OK","FULL,FULL,NONE,FULL",
7.527183,2026-09-01T19:10:18.211+01:00,4767516,135608,3172,3172,True,True,0x0B,"OK,OK,NO_IRQ,OK","FULL,FULL,NONE,FULL",
7.537058,2026-09-01T19:10:18.214+01:00,4770688,135609,3172,3172,True,True,0x0B,"OK,OK,NO_IRQ,OK","FULL,FULL,NONE,FULL",
7.538180,2026-09-01T19:10:18.224+01:00,4773860,135610,3172,3172,True,True,0x0B,"OK,OK,NO_IRQ,OK","FULL,FULL,NONE,FULL",
7.542488,2026-09-01T19:10:18.225+01:00,4777032,135611,3172,3172,True,True,0x0B,"OK,OK,NO_IRQ,OK","FULL,FULL,NONE,FULL",
7.547282,2026-09-01T19:10:18.230+01:00,4780204,135612,3172,3172,True,True,0x0B,"OK,OK,NO_IRQ,OK","FULL,FULL,NONE,FULL",
7.553693,2026-09-01T19:10:18.234+01:00,4783376,135613,3172,3172,True,True,0x0B,"OK,OK,NO_IRQ,OK","FULL,FULL,NONE,FULL",
7.557877,2026-09-01T19:10:18.241+01:00,4786548,135614,3172,3172,True,True,0x0B,"OK,OK,NO_IRQ,OK","FULL,FULL,NONE,FULL",
7.562566,2026-09-01T19:10:18.245+01:00,4789720,135615,3172,3172,True,True,0x0B,"OK,OK,NO_IRQ,OK","FULL,FULL,NONE,FULL",
7.570172,2026-09-01T19:10:18.250+01:00,4792892,135616,3172,3172,True,True,0x0B,"OK,OK,NO_IRQ,OK","FULL,FULL,NONE,FULL",
7.574309,2026-09-01T19:10:18.257+01:00,4796064,135617,3172,3172,True,True,0x0B,"OK,OK,NO_IRQ,OK","FULL,FULL,NONE,FULL",
7.577340,2026-09-01T19:10:18.262+01:00,4799236,135618,3172,3172,True,True,0x0B,"OK,OK,NO_IRQ,OK","FULL,FULL,NONE,FULL",
7.586815,2026-09-01T19:10:18.265+01:00,4802408,135619,3172,3172,True,True,0x0B,"OK,OK,NO_IRQ,OK","FULL,FULL,NONE,FULL",
7.587565,2026-09-01T19:10:18.274+01:00,4805580,135620,3172,3172,True,True,0x0B,"OK,OK,NO_IRQ,OK","FULL,FULL,NONE,FULL",
7.592368,2026-09-01T19:10:18.275+01:00,4808752,135621,3172,3172,True,True,0x0B,"OK,OK,NO_IRQ,OK","FULL,FULL,NONE,FULL",
7.603432,2026-09-01T19:10:18.280+01:00,4811924,135622,3172,3172,True,True,0x0B,"OK,OK,NO_IRQ,OK","FULL,FULL,NONE,FULL",
7.604283,2026-09-01T19:10:18.291+01:00,4815096,135623,3172,3172,True,True,0x0B,"OK,OK,NO_IRQ,OK","FULL,FULL,NONE,FULL",
7.607611,2026-09-01T19:10:18.291+01:00,4818268,135624,3172,3172,True,True,0x0B,"OK,OK,NO_IRQ,OK","FULL,FULL,NONE,FULL",
7.612476,2026-09-01T19:10:18.295+01:00,4821440,135625,3172,3172,True,True,0x0B,"OK,OK,NO_IRQ,OK","FULL,FULL,NONE,FULL",
7.619686,2026-09-01T19:10:18.300+01:00,4824612,135626,3172,3172,True,True,0x0B,"OK,OK,NO_IRQ,OK","FULL,FULL,NONE,FULL",
7.624200,2026-09-01T19:10:18.307+01:00,4827784,135627,3172,3172,True,True,0x0B,"OK,OK,NO_IRQ,OK","FULL,FULL,NONE,FULL",
7.627419,2026-09-01T19:10:18.311+01:00,4830956,135628,3172,3172,True,True,0x0B,"OK,OK,NO_IRQ,OK","FULL,FULL,NONE,FULL",
7.636650,2026-09-01T19:10:18.315+01:00,4834128,135629,3172,3172,True,True,0x0B,"OK,OK,NO_IRQ,OK","FULL,FULL,NONE,FULL",
7.637607,2026-09-01T19:10:18.324+01:00,4837300,135630,3172,3172,True,True,0x0B,"OK,OK,NO_IRQ,OK","FULL,FULL,NONE,FULL",
7.642433,2026-09-01T19:10:18.325+01:00,4840472,135631,3172,3172,True,True,0x0B,"OK,OK,NO_IRQ,OK","FULL,FULL,NONE,FULL",
7.648944,2026-09-01T19:10:18.330+01:00,4843644,135632,3172,3172,True,True,0x0B,"OK,OK,NO_IRQ,OK","FULL,FULL,NONE,FULL",
7.653165,2026-09-01T19:10:18.337+01:00,4846816,135633,3172,3172,True,True,0x0B,"OK,OK,NO_IRQ,OK","FULL,FULL,NONE,FULL",
7.657814,2026-09-01T19:10:18.341+01:00,4849988,135634,3172,3172,True,True,0x0B,"OK,OK,NO_IRQ,OK","FULL,FULL,NONE,FULL",
7.662781,2026-09-01T19:10:18.345+01:00,4853160,135635,3172,3172,True,True,0x0B,"OK,OK,NO_IRQ,OK","FULL,FULL,NONE,FULL",
7.673841,2026-09-01T19:10:18.350+01:00,4856332,135636,3172,3172,True,True,0x0B,"OK,OK,NO_IRQ,OK","FULL,FULL,NONE,FULL",
7.680493,2026-09-01T19:10:18.361+01:00,4859504,135637,3172,3172,True,True,0x0B,"OK,OK,NO_IRQ,OK","FULL,FULL,NONE,FULL",
7.681210,2026-09-01T19:10:18.368+01:00,4862676,135638,3172,3172,True,True,0x0B,"OK,OK,NO_IRQ,OK","FULL,FULL,NONE,FULL",
7.683011,2026-09-01T19:10:18.368+01:00,4865848,135639,3172,3172,True,True,0x0B,"OK,OK,NO_IRQ,OK","FULL,FULL,NONE,FULL",
7.687560,2026-09-01T19:10:18.370+01:00,4869020,135640,3172,3172,True,True,0x0B,"OK,OK,NO_IRQ,OK","FULL,FULL,NONE,FULL",
7.692611,2026-09-01T19:10:18.375+01:00,4872192,135641,3172,3172,True,True,0x0B,"OK,OK,NO_IRQ,OK","FULL,FULL,NONE,FULL",
7.700523,2026-09-01T19:10:18.380+01:00,4875364,135642,3172,3172,True,True,0x0B,"OK,OK,NO_IRQ,OK","FULL,FULL,NONE,FULL",
7.702780,2026-09-01T19:10:18.388+01:00,4878536,135643,3172,3172,True,True,0x0B,"OK,OK,NO_IRQ,OK","FULL,FULL,NONE,FULL",
7.707863,2026-09-01T19:10:18.390+01:00,4881708,135644,3172,3172,True,True,0x0B,"OK,OK,NO_IRQ,OK","FULL,FULL,NONE,FULL",
7.717981,2026-09-01T19:10:18.395+01:00,4884880,135645,3172,3172,True,True,0x0B,"OK,OK,NO_IRQ,OK","FULL,FULL,NONE,FULL",
7.718845,2026-09-01T19:10:18.405+01:00,4888052,135646,3172,3172,True,True,0x0B,"OK,OK,NO_IRQ,OK","FULL,FULL,NONE,FULL",
7.724582,2026-09-01T19:10:18.406+01:00,4891224,135647,3172,3172,True,True,0x0B,"OK,OK,NO_IRQ,OK","FULL,FULL,NONE,FULL",
7.727557,2026-09-01T19:10:18.412+01:00,4894396,135648,3172,3172,True,True,0x0B,"OK,OK,NO_IRQ,OK","FULL,FULL,NONE,FULL",
7.734427,2026-09-01T19:10:18.415+01:00,4897568,135649,3172,3172,True,True,0x0B,"OK,OK,NO_IRQ,OK","FULL,FULL,NONE,FULL",
7.737612,2026-09-01T19:10:18.422+01:00,4900740,135650,3172,3172,True,True,0x0B,"OK,OK,NO_IRQ,OK","FULL,FULL,NONE,FULL",
7.742800,2026-09-01T19:10:18.425+01:00,4903912,135651,3172,3172,True,True,0x0B,"OK,OK,NO_IRQ,OK","FULL,FULL,NONE,FULL",
7.751608,2026-09-01T19:10:18.430+01:00,4907084,135652,3172,3172,True,True,0x0B,"OK,OK,NO_IRQ,OK","FULL,FULL,NONE,FULL",
7.752854,2026-09-01T19:10:18.439+01:00,4910256,135653,3172,3172,True,True,0x0B,"OK,OK,NO_IRQ,OK","FULL,FULL,NONE,FULL",
7.757809,2026-09-01T19:10:18.440+01:00,4913428,135654,3172,3172,True,True,0x0B,"OK,OK,NO_IRQ,OK","FULL,FULL,NONE,FULL",
7.768226,2026-09-01T19:10:18.445+01:00,4916600,135655,3172,3172,True,True,0x0B,"OK,OK,NO_IRQ,OK","FULL,FULL,NONE,FULL",
7.768798,2026-09-01T19:10:18.455+01:00,4919772,135656,3172,3172,True,True,0x0B,"OK,OK,NO_IRQ,OK","FULL,FULL,NONE,FULL",
7.775430,2026-09-01T19:10:18.456+01:00,4922944,135657,3172,3172,True,True,0x0B,"OK,OK,NO_IRQ,OK","FULL,FULL,NONE,FULL",
7.777680,2026-09-01T19:10:18.463+01:00,4926116,135658,3172,3172,True,True,0x0B,"OK,OK,NO_IRQ,OK","FULL,FULL,NONE,FULL",
7.786249,2026-09-01T19:10:18.465+01:00,4929288,135659,3172,3172,True,True,0x0B,"OK,OK,NO_IRQ,OK","FULL,FULL,NONE,FULL",
7.787790,2026-09-01T19:10:18.473+01:00,4932460,135660,3172,3172,True,True,0x0B,"OK,OK,NO_IRQ,OK","FULL,FULL,NONE,FULL",
7.792802,2026-09-01T19:10:18.475+01:00,4935632,135661,3172,3172,True,True,0x0B,"OK,OK,NO_IRQ,OK","FULL,FULL,NONE,FULL",
7.803196,2026-09-01T19:10:18.480+01:00,4938804,135662,3172,3172,True,True,0x0B,"OK,OK,NO_IRQ,OK","FULL,FULL,NONE,FULL",
7.803764,2026-09-01T19:10:18.490+01:00,4941976,135663,3172,3172,True,True,0x0B,"OK,OK,NO_IRQ,OK","FULL,FULL,NONE,FULL",
7.807909,2026-09-01T19:10:18.491+01:00,4945148,135664,3172,3172,True,True,0x0B,"OK,OK,NO_IRQ,OK","FULL,FULL,NONE,FULL",
7.812922,2026-09-01T19:10:18.495+01:00,4948320,135665,3172,3172,True,True,0x0B,"OK,OK,NO_IRQ,OK","FULL,FULL,NONE,FULL",
7.817954,2026-09-01T19:10:18.500+01:00,4951492,135666,3172,3172,True,True,0x0B,"OK,OK,NO_IRQ,OK","FULL,FULL,NONE,FULL",
7.824789,2026-09-01T19:10:18.505+01:00,4954664,135667,3172,3172,True,True,0x0B,"OK,OK,NO_IRQ,OK","FULL,FULL,NONE,FULL",
7.827763,2026-09-01T19:10:18.512+01:00,4957836,135668,3172,3172,True,True,0x0B,"OK,OK,NO_IRQ,OK","FULL,FULL,NONE,FULL",
7.832755,2026-09-01T19:10:18.515+01:00,4961008,135669,3172,3172,True,True,0x0B,"OK,OK,NO_IRQ,OK","FULL,FULL,NONE,FULL",
7.843088,2026-09-01T19:10:18.520+01:00,4964180,135670,3172,3172,True,True,0x0B,"OK,OK,NO_IRQ,OK","FULL,FULL,NONE,FULL",
7.844117,2026-09-01T19:10:18.531+01:00,4967352,135671,3172,3172,True,True,0x0B,"OK,OK,NO_IRQ,OK","FULL,FULL,NONE,FULL",
7.858151,2026-09-01T19:10:18.531+01:00,4970524,135672,3172,3172,True,True,0x0B,"OK,OK,NO_IRQ,OK","FULL,FULL,NONE,FULL",
7.858499,2026-09-01T19:10:18.545+01:00,4973696,135673,3172,3172,True,True,0x0B,"OK,OK,NO_IRQ,OK","FULL,FULL,NONE,FULL",
7.858703,2026-09-01T19:10:18.546+01:00,4976868,135674,3172,3172,True,True,0x0B,"OK,OK,NO_IRQ,OK","FULL,FULL,NONE,FULL",
7.863278,2026-09-01T19:10:18.546+01:00,4980040,135675,3172,3172,True,True,0x0B,"OK,OK,NO_IRQ,OK","FULL,FULL,NONE,FULL",
7.867903,2026-09-01T19:10:18.551+01:00,4983212,135676,3172,3172,True,True,0x0B,"OK,OK,NO_IRQ,OK","FULL,FULL,NONE,FULL",
7.872810,2026-09-01T19:10:18.555+01:00,4986384,135677,3172,3172,True,True,0x0B,"OK,OK,NO_IRQ,OK","FULL,FULL,NONE,FULL",
7.877997,2026-09-01T19:10:18.560+01:00,4989556,135678,3172,3172,True,True,0x0B,"OK,OK,NO_IRQ,OK","FULL,FULL,NONE,FULL",
7.883251,2026-09-01T19:10:18.565+01:00,4992728,135679,3172,3172,True,True,0x0B,"OK,OK,NO_IRQ,OK","FULL,FULL,NONE,FULL",
7.891232,2026-09-01T19:10:18.570+01:00,4995900,135680,3172,3172,True,True,0x0B,"OK,OK,NO_IRQ,OK","FULL,FULL,NONE,FULL",
7.895379,2026-09-01T19:10:18.579+01:00,4999072,135681,3172,3172,True,True,0x0B,"OK,OK,NO_IRQ,OK","FULL,FULL,NONE,FULL",
7.898118,2026-09-01T19:10:18.583+01:00,5002244,135682,3172,3172,True,True,0x0B,"OK,OK,NO_IRQ,OK","FULL,FULL,NONE,FULL",
7.903079,2026-09-01T19:10:18.585+01:00,5005416,135683,3172,3172,True,True,0x0B,"OK,OK,NO_IRQ,OK","FULL,FULL,NONE,FULL",
7.911383,2026-09-01T19:10:18.590+01:00,5008588,135684,3172,3172,True,True,0x0B,"OK,OK,NO_IRQ,OK","FULL,FULL,NONE,FULL",
7.912953,2026-09-01T19:10:18.599+01:00,5011760,135685,3172,3172,True,True,0x0B,"OK,OK,NO_IRQ,OK","FULL,FULL,NONE,FULL",
7.918284,2026-09-01T19:10:18.600+01:00,5014932,135686,3172,3172,True,True,0x0B,"OK,OK,NO_IRQ,OK","FULL,FULL,NONE,FULL",
7.924878,2026-09-01T19:10:18.606+01:00,5018104,135687,3172,3172,True,True,0x0B,"OK,OK,NO_IRQ,OK","FULL,FULL,NONE,FULL",
7.928219,2026-09-01T19:10:18.612+01:00,5021276,135688,3172,3172,True,True,0x0B,"OK,OK,NO_IRQ,OK","FULL,FULL,NONE,FULL",
7.933320,2026-09-01T19:10:18.616+01:00,5024448,135689,3172,3172,True,True,0x0B,"OK,OK,NO_IRQ,OK","FULL,FULL,NONE,FULL",
7.941273,2026-09-01T19:10:18.621+01:00,5027620,135690,3172,3172,True,True,0x0B,"OK,OK,NO_IRQ,OK","FULL,FULL,NONE,FULL",
7.944946,2026-09-01T19:10:18.629+01:00,5030792,135691,3172,3172,True,True,0x0B,"OK,OK,NO_IRQ,OK","FULL,FULL,NONE,FULL",
7.948494,2026-09-01T19:10:18.632+01:00,5033964,135692,3172,3172,True,True,0x0B,"OK,OK,NO_IRQ,OK","FULL,FULL,NONE,FULL",
7.953178,2026-09-01T19:10:18.636+01:00,5037136,135693,3172,3172,True,True,0x0B,"OK,OK,NO_IRQ,OK","FULL,FULL,NONE,FULL",
7.958402,2026-09-01T19:10:18.640+01:00,5040308,135694,3172,3172,True,True,0x0B,"OK,OK,NO_IRQ,OK","FULL,FULL,NONE,FULL",
7.963175,2026-09-01T19:10:18.646+01:00,5043480,135695,3172,3172,True,True,0x0B,"OK,OK,NO_IRQ,OK","FULL,FULL,NONE,FULL",
7.968173,2026-09-01T19:10:18.651+01:00,5046652,135696,3172,3172,True,True,0x0B,"OK,OK,NO_IRQ,OK","FULL,FULL,NONE,FULL",
7.974793,2026-09-01T19:10:18.655+01:00,5049824,135697,3172,3172,True,True,0x0B,"OK,OK,NO_IRQ,OK","FULL,FULL,NONE,FULL",
7.978541,2026-09-01T19:10:18.662+01:00,5052996,135698,3172,3172,True,True,0x0B,"OK,OK,NO_IRQ,OK","FULL,FULL,NONE,FULL",
7.983421,2026-09-01T19:10:18.666+01:00,5056168,135699,3172,3172,True,True,0x0B,"OK,OK,NO_IRQ,OK","FULL,FULL,NONE,FULL",
7.990417,2026-09-01T19:10:18.671+01:00,5059340,135700,3172,3172,True,True,0x0B,"OK,OK,NO_IRQ,OK","FULL,FULL,NONE,FULL",
7.994285,2026-09-01T19:10:18.678+01:00,5062512,135701,3172,3172,True,True,0x0B,"OK,OK,NO_IRQ,OK","FULL,FULL,NONE,FULL",
7.998764,2026-09-01T19:10:18.682+01:00,5065684,135702,3172,3172,True,True,0x0B,"OK,OK,NO_IRQ,OK","FULL,FULL,NONE,FULL",
8.003531,2026-09-01T19:10:18.686+01:00,5068856,135703,3172,3172,True,True,0x0B,"OK,OK,NO_IRQ,OK","FULL,FULL,NONE,FULL",
8.008051,2026-09-01T19:10:18.691+01:00,5072028,135704,3172,3172,True,True,0x0B,"OK,OK,NO_IRQ,OK","FULL,FULL,NONE,FULL",
8.020385,2026-09-01T19:10:18.695+01:00,5075200,135705,3172,3172,True,True,0x0B,"OK,OK,NO_IRQ,OK","FULL,FULL,NONE,FULL",
8.021372,2026-09-01T19:10:18.708+01:00,5078372,135706,3172,3172,True,True,0x0B,"OK,OK,NO_IRQ,OK","FULL,FULL,NONE,FULL",
8.024585,2026-09-01T19:10:18.709+01:00,5081544,135707,3172,3172,True,True,0x0B,"OK,OK,NO_IRQ,OK","FULL,FULL,NONE,FULL",
8.028654,2026-09-01T19:10:18.712+01:00,5084716,135708,3172,3172,True,True,0x0B,"OK,OK,NO_IRQ,OK","FULL,FULL,NONE,FULL",
8.037379,2026-09-01T19:10:18.716+01:00,5087888,135709,3172,3172,True,True,0x0B,"OK,OK,NO_IRQ,OK","FULL,FULL,NONE,FULL",
8.038297,2026-09-01T19:10:18.725+01:00,5091060,135710,3172,3172,True,True,0x0B,"OK,OK,NO_IRQ,OK","FULL,FULL,NONE,FULL",
8.043417,2026-09-01T19:10:18.726+01:00,5094232,135711,3172,3172,True,True,0x0B,"OK,OK,NO_IRQ,OK","FULL,FULL,NONE,FULL",
8.048958,2026-09-01T19:10:18.731+01:00,5097404,135712,3172,3172,True,True,0x0B,"OK,OK,NO_IRQ,OK","FULL,FULL,NONE,FULL",
8.057340,2026-09-01T19:10:18.738+01:00,5100576,135713,3172,3172,True,True,0x0B,"OK,OK,NO_IRQ,OK","FULL,FULL,NONE,FULL",
8.058257,2026-09-01T19:10:18.745+01:00,5103748,135714,3172,3172,True,True,0x0B,"OK,OK,NO_IRQ,OK","FULL,FULL,NONE,FULL",
8.063737,2026-09-01T19:10:18.746+01:00,5106920,135715,3172,3172,True,True,0x0B,"OK,OK,NO_IRQ,OK","FULL,FULL,NONE,FULL",
8.074255,2026-09-01T19:10:18.751+01:00,5110092,135716,3172,3172,True,True,0x0B,"OK,OK,NO_IRQ,OK","FULL,FULL,NONE,FULL",
8.074552,2026-09-01T19:10:18.762+01:00,5113264,135717,3172,3172,True,True,0x0B,"OK,OK,NO_IRQ,OK","FULL,FULL,NONE,FULL",
8.078717,2026-09-01T19:10:18.762+01:00,5116436,135718,3172,3172,True,True,0x0B,"OK,OK,NO_IRQ,OK","FULL,FULL,NONE,FULL",
8.083212,2026-09-01T19:10:18.766+01:00,5119608,135719,3172,3172,True,True,0x0B,"OK,OK,NO_IRQ,OK","FULL,FULL,NONE,FULL",
8.091686,2026-09-01T19:10:18.770+01:00,5122780,135720,3172,3172,True,True,0x0B,"OK,OK,NO_IRQ,OK","FULL,FULL,NONE,FULL",
8.093347,2026-09-01T19:10:18.779+01:00,5125952,135721,3172,3172,True,True,0x0B,"OK,OK,NO_IRQ,OK","FULL,FULL,NONE,FULL",
8.098227,2026-09-01T19:10:18.781+01:00,5129124,135722,3172,3172,True,True,0x0B,"OK,OK,NO_IRQ,OK","FULL,FULL,NONE,FULL",
8.107537,2026-09-01T19:10:18.786+01:00,5132296,135723,3172,3172,True,True,0x0B,"OK,OK,NO_IRQ,OK","FULL,FULL,NONE,FULL",
8.108631,2026-09-01T19:10:18.795+01:00,5135468,135724,3172,3172,True,True,0x0B,"OK,OK,NO_IRQ,OK","FULL,FULL,NONE,FULL",
8.113441,2026-09-01T19:10:18.796+01:00,5138640,135725,3172,3172,True,True,0x0B,"OK,OK,NO_IRQ,OK","FULL,FULL,NONE,FULL",
8.124818,2026-09-01T19:10:18.801+01:00,5141812,135726,3172,3172,True,True,0x0B,"OK,OK,NO_IRQ,OK","FULL,FULL,NONE,FULL",
8.125083,2026-09-01T19:10:18.812+01:00,5144984,135727,3172,3172,True,True,0x0B,"OK,OK,NO_IRQ,OK","FULL,FULL,NONE,FULL",
8.128649,2026-09-01T19:10:18.812+01:00,5148156,135728,3172,3172,True,True,0x0B,"OK,OK,NO_IRQ,OK","FULL,FULL,NONE,FULL",
8.140807,2026-09-01T19:10:18.816+01:00,5151328,135729,3172,3172,True,True,0x0B,"OK,OK,NO_IRQ,OK","FULL,FULL,NONE,FULL",
8.141166,2026-09-01T19:10:18.828+01:00,5154500,135730,3172,3172,True,True,0x0B,"OK,OK,NO_IRQ,OK","FULL,FULL,NONE,FULL",
8.143848,2026-09-01T19:10:18.828+01:00,5157672,135731,3172,3172,True,True,0x0B,"OK,OK,NO_IRQ,OK","FULL,FULL,NONE,FULL",
8.148671,2026-09-01T19:10:18.831+01:00,5160844,135732,3172,3172,True,True,0x0B,"OK,OK,NO_IRQ,OK","FULL,FULL,NONE,FULL",
8.154119,2026-09-01T19:10:18.836+01:00,5164016,135733,3172,3172,True,True,0x0B,"OK,OK,NO_IRQ,OK","FULL,FULL,NONE,FULL",
8.159353,2026-09-01T19:10:18.841+01:00,5167188,135734,3172,3172,True,True,0x0B,"OK,OK,NO_IRQ,OK","FULL,FULL,NONE,FULL",
8.163405,2026-09-01T19:10:18.847+01:00,5170360,135735,3172,3172,True,True,0x0B,"OK,OK,NO_IRQ,OK","FULL,FULL,NONE,FULL",
8.168330,2026-09-01T19:10:18.851+01:00,5173532,135736,3172,3172,True,True,0x0B,"OK,OK,NO_IRQ,OK","FULL,FULL,NONE,FULL",
8.178189,2026-09-01T19:10:18.856+01:00,5176704,135737,3172,3172,True,True,0x0B,"OK,OK,NO_IRQ,OK","FULL,FULL,NONE,FULL",
8.178553,2026-09-01T19:10:18.866+01:00,5179876,135738,3172,3172,True,True,0x0B,"OK,OK,NO_IRQ,OK","FULL,FULL,NONE,FULL",
8.192065,2026-09-01T19:10:18.866+01:00,5183048,135739,3172,3172,True,True,0x0B,"OK,OK,NO_IRQ,OK","FULL,FULL,NONE,FULL",
8.192637,2026-09-01T19:10:18.880+01:00,5186220,135740,3172,3172,True,True,0x0B,"OK,OK,NO_IRQ,OK","FULL,FULL,NONE,FULL",
8.193513,2026-09-01T19:10:18.880+01:00,5189392,135741,3172,3172,True,True,0x0B,"OK,OK,NO_IRQ,OK","FULL,FULL,NONE,FULL",
8.198651,2026-09-01T19:10:18.881+01:00,5192564,135742,3172,3172,True,True,0x0B,"OK,OK,NO_IRQ,OK","FULL,FULL,NONE,FULL",
8.209736,2026-09-01T19:10:18.886+01:00,5195736,135743,3172,3172,True,True,0x0B,"OK,OK,NO_IRQ,OK","FULL,FULL,NONE,FULL",
8.210980,2026-09-01T19:10:18.897+01:00,5198908,135744,3172,3172,True,True,0x0B,"OK,OK,NO_IRQ,OK","FULL,FULL,NONE,FULL",
8.213827,2026-09-01T19:10:18.898+01:00,5202080,135745,3172,3172,True,True,0x0B,"OK,OK,NO_IRQ,OK","FULL,FULL,NONE,FULL",
8.218987,2026-09-01T19:10:18.901+01:00,5205252,135746,3172,3172,True,True,0x0B,"OK,OK,NO_IRQ,OK","FULL,FULL,NONE,FULL",
8.224854,2026-09-01T19:10:18.906+01:00,5208424,135747,3172,3172,True,True,0x0B,"OK,OK,NO_IRQ,OK","FULL,FULL,NONE,FULL",
8.228532,2026-09-01T19:10:18.915+01:00,5211596,135748,3172,3172,True,True,0x0B,"OK,OK,NO_IRQ,OK","FULL,FULL,NONE,FULL",
8.233789,2026-09-01T19:10:18.916+01:00,5214768,135749,3172,3172,True,True,0x0B,"OK,OK,NO_IRQ,OK","FULL,FULL,NONE,FULL",
8.241951,2026-09-01T19:10:18.921+01:00,5217940,135750,3172,3172,True,True,0x0B,"OK,OK,NO_IRQ,OK","FULL,FULL,NONE,FULL",
8.246001,2026-09-01T19:10:18.929+01:00,5221112,135751,3172,3172,True,True,0x0B,"OK,OK,NO_IRQ,OK","FULL,FULL,NONE,FULL",
8.248750,2026-09-01T19:10:18.933+01:00,5224284,135752,3172,3172,True,True,0x0B,"OK,OK,NO_IRQ,OK","FULL,FULL,NONE,FULL",
8.253743,2026-09-01T19:10:18.936+01:00,5227456,135753,3172,3172,True,True,0x0B,"OK,OK,NO_IRQ,OK","FULL,FULL,NONE,FULL",
8.258677,2026-09-01T19:10:18.941+01:00,5230628,135754,3172,3172,True,True,0x0B,"OK,OK,NO_IRQ,OK","FULL,FULL,NONE,FULL",
8.264613,2026-09-01T19:10:18.946+01:00,5233800,135755,3172,3172,True,True,0x0B,"OK,OK,NO_IRQ,OK","FULL,FULL,NONE,FULL",
8.268921,2026-09-01T19:10:18.952+01:00,5236972,135756,3172,3172,True,True,0x0B,"OK,OK,NO_IRQ,OK","FULL,FULL,NONE,FULL",
8.273543,2026-09-01T19:10:18.956+01:00,5240144,135757,3172,3172,True,True,0x0B,"OK,OK,NO_IRQ,OK","FULL,FULL,NONE,FULL",
8.282412,2026-09-01T19:10:18.961+01:00,5243316,135758,3172,3172,True,True,0x0B,"OK,OK,NO_IRQ,OK","FULL,FULL,NONE,FULL",
8.283646,2026-09-01T19:10:18.970+01:00,5246488,135759,3172,3172,True,True,0x0B,"OK,OK,NO_IRQ,OK","FULL,FULL,NONE,FULL",
8.290907,2026-09-01T19:10:18.971+01:00,5249660,135760,3172,3172,True,True,0x0B,"OK,OK,NO_IRQ,OK","FULL,FULL,NONE,FULL",
8.293848,2026-09-01T19:10:18.978+01:00,5252832,135761,3172,3172,True,True,0x0B,"OK,OK,NO_IRQ,OK","FULL,FULL,NONE,FULL",
8.301092,2026-09-01T19:10:18.981+01:00,5256004,135762,3172,3172,True,True,0x0B,"OK,OK,NO_IRQ,OK","FULL,FULL,NONE,FULL",
8.304110,2026-09-01T19:10:18.988+01:00,5259176,135763,3172,3172,True,True,0x0B,"OK,OK,NO_IRQ,OK","FULL,FULL,NONE,FULL",
8.308722,2026-09-01T19:10:18.991+01:00,5262348,135764,3172,3172,True,True,0x0B,"OK,OK,NO_IRQ,OK","FULL,FULL,NONE,FULL",
8.317680,2026-09-01T19:10:18.996+01:00,5265520,135765,3172,3172,True,True,0x0B,"OK,OK,NO_IRQ,OK","FULL,FULL,NONE,FULL",
8.318786,2026-09-01T19:10:19.005+01:00,5268692,135766,3172,3172,True,True,0x0B,"OK,OK,NO_IRQ,OK","FULL,FULL,NONE,FULL",
8.324485,2026-09-01T19:10:19.006+01:00,5271864,135767,3172,3172,True,True,0x0B,"OK,OK,NO_IRQ,OK","FULL,FULL,NONE,FULL",
8.329550,2026-09-01T19:10:19.012+01:00,5275036,135768,3172,3172,True,True,0x0B,"OK,OK,NO_IRQ,OK","FULL,FULL,NONE,FULL",
8.333954,2026-09-01T19:10:19.018+01:00,5278208,135769,3172,3172,True,True,0x0B,"OK,OK,NO_IRQ,OK","FULL,FULL,NONE,FULL",
8.338825,2026-09-01T19:10:19.021+01:00,5281380,135770,3172,3172,True,True,0x0B,"OK,OK,NO_IRQ,OK","FULL,FULL,NONE,FULL",
8.344378,2026-09-01T19:10:19.026+01:00,5284552,135771,3172,3172,True,True,0x0B,"OK,OK,NO_IRQ,OK","FULL,FULL,NONE,FULL",
8.348813,2026-09-01T19:10:19.032+01:00,5287724,135772,3172,3172,True,True,0x0B,"OK,OK,NO_IRQ,OK","FULL,FULL,NONE,FULL",
8.358258,2026-09-01T19:10:19.037+01:00,5290896,135773,3172,3172,True,True,0x0B,"OK,OK,NO_IRQ,OK","FULL,FULL,NONE,FULL",
8.361221,2026-09-01T19:10:19.046+01:00,5294068,135774,3172,3172,True,True,0x0B,"OK,OK,NO_IRQ,OK","FULL,FULL,NONE,FULL",
8.364501,2026-09-01T19:10:19.049+01:00,5297240,135775,3172,3172,True,True,0x0B,"OK,OK,NO_IRQ,OK","FULL,FULL,NONE,FULL",
8.369205,2026-09-01T19:10:19.052+01:00,5300412,135776,3172,3172,True,True,0x0B,"OK,OK,NO_IRQ,OK","FULL,FULL,NONE,FULL",
8.373782,2026-09-01T19:10:19.057+01:00,5303584,135777,3172,3172,True,True,0x0B,"OK,OK,NO_IRQ,OK","FULL,FULL,NONE,FULL",
8.380628,2026-09-01T19:10:19.061+01:00,5306756,135778,3172,3172,True,True,0x0B,"OK,OK,NO_IRQ,OK","FULL,FULL,NONE,FULL",
8.383927,2026-09-01T19:10:19.068+01:00,5309928,135779,3172,3172,True,True,0x0B,"OK,OK,NO_IRQ,OK","FULL,FULL,NONE,FULL",
8.390946,2026-09-01T19:10:19.072+01:00,5313100,135780,3172,3172,True,True,0x0B,"OK,OK,NO_IRQ,OK","FULL,FULL,NONE,FULL",
8.398910,2026-09-01T19:10:19.078+01:00,5316272,135781,3172,3172,True,True,0x0B,"OK,OK,NO_IRQ,OK","FULL,FULL,NONE,FULL",
8.399582,2026-09-01T19:10:19.086+01:00,5319444,135782,3172,3172,True,True,0x0B,"OK,OK,NO_IRQ,OK","FULL,FULL,NONE,FULL",
8.404197,2026-09-01T19:10:19.087+01:00,5322616,135783,3172,3172,True,True,0x0B,"OK,OK,NO_IRQ,OK","FULL,FULL,NONE,FULL",
8.408986,2026-09-01T19:10:19.091+01:00,5325788,135784,3172,3172,True,True,0x0B,"OK,OK,NO_IRQ,OK","FULL,FULL,NONE,FULL",
8.417210,2026-09-01T19:10:19.097+01:00,5328960,135785,3172,3172,True,True,0x0B,"OK,OK,NO_IRQ,OK","FULL,FULL,NONE,FULL",
8.419010,2026-09-01T19:10:19.105+01:00,5332132,135786,3172,3172,True,True,0x0B,"OK,OK,NO_IRQ,OK","FULL,FULL,NONE,FULL",
8.424551,2026-09-01T19:10:19.106+01:00,5335304,135787,3172,3172,True,True,0x0B,"OK,OK,NO_IRQ,OK","FULL,FULL,NONE,FULL",
8.429186,2026-09-01T19:10:19.112+01:00,5338476,135788,3172,3172,True,True,0x0B,"OK,OK,NO_IRQ,OK","FULL,FULL,NONE,FULL",
8.435793,2026-09-01T19:10:19.116+01:00,5341648,135789,3172,3172,True,True,0x0B,"OK,OK,NO_IRQ,OK","FULL,FULL,NONE,FULL",
8.441041,2026-09-01T19:10:19.123+01:00,5344820,135790,3172,3172,True,True,0x0B,"OK,OK,NO_IRQ,OK","FULL,FULL,NONE,FULL",
8.444248,2026-09-01T19:10:19.128+01:00,5347992,135791,3172,3172,True,True,0x0B,"OK,OK,NO_IRQ,OK","FULL,FULL,NONE,FULL",
8.455508,2026-09-01T19:10:19.132+01:00,5351164,135792,3172,3172,True,True,0x0B,"OK,OK,NO_IRQ,OK","FULL,FULL,NONE,FULL",
8.455907,2026-09-01T19:10:19.143+01:00,5354336,135793,3172,3172,True,True,0x0B,"OK,OK,NO_IRQ,OK","FULL,FULL,NONE,FULL",
8.458990,2026-09-01T19:10:19.143+01:00,5357508,135794,3172,3172,True,True,0x0B,"OK,OK,NO_IRQ,OK","FULL,FULL,NONE,FULL",
8.464097,2026-09-01T19:10:19.146+01:00,5360680,135795,3172,3172,True,True,0x0B,"OK,OK,NO_IRQ,OK","FULL,FULL,NONE,FULL",
8.469156,2026-09-01T19:10:19.151+01:00,5363852,135796,3172,3172,True,True,0x0B,"OK,OK,NO_IRQ,OK","FULL,FULL,NONE,FULL",
8.474166,2026-09-01T19:10:19.161+01:00,5367024,135797,3172,3172,True,True,0x0B,"OK,OK,NO_IRQ,OK","FULL,FULL,NONE,FULL",
8.479027,2026-09-01T19:10:19.162+01:00,5370196,135798,3172,3172,True,True,0x0B,"OK,OK,NO_IRQ,OK","FULL,FULL,NONE,FULL",
8.488617,2026-09-01T19:10:19.166+01:00,5373368,135799,3172,3172,True,True,0x0B,"OK,OK,NO_IRQ,OK","FULL,FULL,NONE,FULL",
8.489250,2026-09-01T19:10:19.176+01:00,5376540,135800,3172,3172,True,True,0x0B,"OK,OK,NO_IRQ,OK","FULL,FULL,NONE,FULL",
8.494125,2026-09-01T19:10:19.177+01:00,5379712,135801,3172,3172,True,True,0x0B,"OK,OK,NO_IRQ,OK","FULL,FULL,NONE,FULL",
8.499150,2026-09-01T19:10:19.181+01:00,5382884,135802,3172,3172,True,True,0x0B,"OK,OK,NO_IRQ,OK","FULL,FULL,NONE,FULL",
8.504071,2026-09-01T19:10:19.186+01:00,5386056,135803,3172,3172,True,True,0x0B,"OK,OK,NO_IRQ,OK","FULL,FULL,NONE,FULL",
8.509712,2026-09-01T19:10:19.191+01:00,5389228,135804,3172,3172,True,True,0x0B,"OK,OK,NO_IRQ,OK","FULL,FULL,NONE,FULL",
8.546828,2026-09-01T19:10:19.233+01:00,5392400,135805,3172,3172,True,True,0x0B,"OK,OK,NO_IRQ,OK","FULL,FULL,NONE,FULL",
8.547642,2026-09-01T19:10:19.234+01:00,5395572,135806,3172,3172,True,True,0x0B,"OK,OK,NO_IRQ,OK","FULL,FULL,NONE,FULL",
8.548217,2026-09-01T19:10:19.235+01:00,5398744,135807,3172,3172,True,True,0x0B,"OK,OK,NO_IRQ,OK","FULL,FULL,NONE,FULL",
8.548686,2026-09-01T19:10:19.235+01:00,5401916,135808,3172,3172,True,True,0x0B,"OK,OK,NO_IRQ,OK","FULL,FULL,NONE,FULL",
8.549441,2026-09-01T19:10:19.236+01:00,5405088,135809,3172,3172,True,True,0x0B,"OK,OK,NO_IRQ,OK","FULL,FULL,NONE,FULL",
8.550037,2026-09-01T19:10:19.237+01:00,5408260,135810,3172,3172,True,True,0x0B,"OK,OK,NO_IRQ,OK","FULL,FULL,NONE,FULL",
8.550737,2026-09-01T19:10:19.237+01:00,5411432,135811,3172,3172,True,True,0x0B,"OK,OK,NO_IRQ,OK","FULL,FULL,NONE,FULL",
8.551276,2026-09-01T19:10:19.238+01:00,5414604,135812,3172,3172,True,True,0x0B,"OK,OK,NO_IRQ,OK","FULL,FULL,NONE,FULL",
8.554435,2026-09-01T19:10:19.239+01:00,5417776,135813,3172,3172,True,True,0x0B,"OK,OK,NO_IRQ,OK","FULL,FULL,NONE,FULL",
8.559367,2026-09-01T19:10:19.242+01:00,5420948,135814,3172,3172,True,True,0x0B,"OK,OK,NO_IRQ,OK","FULL,FULL,NONE,FULL",
8.565741,2026-09-01T19:10:19.247+01:00,5424120,135815,3172,3172,True,True,0x0B,"OK,OK,NO_IRQ,OK","FULL,FULL,NONE,FULL",
8.569314,2026-09-01T19:10:19.253+01:00,5427292,135816,3172,3172,True,True,0x0B,"OK,OK,NO_IRQ,OK","FULL,FULL,NONE,FULL",
8.574048,2026-09-01T19:10:19.257+01:00,5430464,135817,3172,3172,True,True,0x0B,"OK,OK,NO_IRQ,OK","FULL,FULL,NONE,FULL",
8.582008,2026-09-01T19:10:19.261+01:00,5433636,135818,3172,3172,True,True,0x0B,"OK,OK,NO_IRQ,OK","FULL,FULL,NONE,FULL",
8.584355,2026-09-01T19:10:19.269+01:00,5436808,135819,3172,3172,True,True,0x0B,"OK,OK,NO_IRQ,OK","FULL,FULL,NONE,FULL",
8.589168,2026-09-01T19:10:19.272+01:00,5439980,135820,3172,3172,True,True,0x0B,"OK,OK,NO_IRQ,OK","FULL,FULL,NONE,FULL",
8.594383,2026-09-01T19:10:19.276+01:00,5443152,135821,3172,3172,True,True,0x0B,"OK,OK,NO_IRQ,OK","FULL,FULL,NONE,FULL",
8.600400,2026-09-01T19:10:19.282+01:00,5446324,135822,3172,3172,True,True,0x0B,"OK,OK,NO_IRQ,OK","FULL,FULL,NONE,FULL",
8.604681,2026-09-01T19:10:19.288+01:00,5449496,135823,3172,3172,True,True,0x0B,"OK,OK,NO_IRQ,OK","FULL,FULL,NONE,FULL",
8.609447,2026-09-01T19:10:19.292+01:00,5452668,135824,3172,3172,True,True,0x0B,"OK,OK,NO_IRQ,OK","FULL,FULL,NONE,FULL",
8.618225,2026-09-01T19:10:19.297+01:00,5455840,135825,3172,3172,True,True,0x0B,"OK,OK,NO_IRQ,OK","FULL,FULL,NONE,FULL",
8.619731,2026-09-01T19:10:19.306+01:00,5459012,135826,3172,3172,True,True,0x0B,"OK,OK,NO_IRQ,OK","FULL,FULL,NONE,FULL",
8.624701,2026-09-01T19:10:19.307+01:00,5462184,135827,3172,3172,True,True,0x0B,"OK,OK,NO_IRQ,OK","FULL,FULL,NONE,FULL",
8.634238,2026-09-01T19:10:19.312+01:00,5465356,135828,3172,3172,True,True,0x0B,"OK,OK,NO_IRQ,OK","FULL,FULL,NONE,FULL",
8.635061,2026-09-01T19:10:19.322+01:00,5468528,135829,3172,3172,True,True,0x0B,"OK,OK,NO_IRQ,OK","FULL,FULL,NONE,FULL",
8.640051,2026-09-01T19:10:19.322+01:00,5471700,135830,3172,3172,True,True,0x0B,"OK,OK,NO_IRQ,OK","FULL,FULL,NONE,FULL",
8.644217,2026-09-01T19:10:19.327+01:00,5474872,135831,3172,3172,True,True,0x0B,"OK,OK,NO_IRQ,OK","FULL,FULL,NONE,FULL",
8.651411,2026-09-01T19:10:19.331+01:00,5478044,135832,3172,3172,True,True,0x0B,"OK,OK,NO_IRQ,OK","FULL,FULL,NONE,FULL",
8.654702,2026-09-01T19:10:19.339+01:00,5481216,135833,3172,3172,True,True,0x0B,"OK,OK,NO_IRQ,OK","FULL,FULL,NONE,FULL",
8.659251,2026-09-01T19:10:19.342+01:00,5484388,135834,3172,3172,True,True,0x0B,"OK,OK,NO_IRQ,OK","FULL,FULL,NONE,FULL",
8.666442,2026-09-01T19:10:19.346+01:00,5487560,135835,3172,3172,True,True,0x0B,"OK,OK,NO_IRQ,OK","FULL,FULL,NONE,FULL",
8.669876,2026-09-01T19:10:19.356+01:00,5490732,135836,3172,3172,True,True,0x0B,"OK,OK,NO_IRQ,OK","FULL,FULL,NONE,FULL",
8.674376,2026-09-01T19:10:19.357+01:00,5493904,135837,3172,3172,True,True,0x0B,"OK,OK,NO_IRQ,OK","FULL,FULL,NONE,FULL",
8.679339,2026-09-01T19:10:19.362+01:00,5497076,135838,3172,3172,True,True,0x0B,"OK,OK,NO_IRQ,OK","FULL,FULL,NONE,FULL",
8.684643,2026-09-01T19:10:19.367+01:00,5500248,135839,3172,3172,True,True,0x0B,"OK,OK,NO_IRQ,OK","FULL,FULL,NONE,FULL",
8.690134,2026-09-01T19:10:19.372+01:00,5503420,135840,3172,3172,True,True,0x0B,"OK,OK,NO_IRQ,OK","FULL,FULL,NONE,FULL",
8.694393,2026-09-01T19:10:19.377+01:00,5506592,135841,3172,3172,True,True,0x0B,"OK,OK,NO_IRQ,OK","FULL,FULL,NONE,FULL",
8.699267,2026-09-01T19:10:19.382+01:00,5509764,135842,3172,3172,True,True,0x0B,"OK,OK,NO_IRQ,OK","FULL,FULL,NONE,FULL",
8.708658,2026-09-01T19:10:19.386+01:00,5512936,135843,3172,3172,True,True,0x0B,"OK,OK,NO_IRQ,OK","FULL,FULL,NONE,FULL",
8.710184,2026-09-01T19:10:19.396+01:00,5516108,135844,3172,3172,True,True,0x0B,"OK,OK,NO_IRQ,OK","FULL,FULL,NONE,FULL",
8.715658,2026-09-01T19:10:19.398+01:00,5519280,135845,3172,3172,True,True,0x0B,"OK,OK,NO_IRQ,OK","FULL,FULL,NONE,FULL",
8.719460,2026-09-01T19:10:19.403+01:00,5522452,135846,3172,3172,True,True,0x0B,"OK,OK,NO_IRQ,OK","FULL,FULL,NONE,FULL",
8.724682,2026-09-01T19:10:19.407+01:00,5525624,135847,3172,3172,True,True,0x0B,"OK,OK,NO_IRQ,OK","FULL,FULL,NONE,FULL",
8.734427,2026-09-01T19:10:19.412+01:00,5528796,135848,3172,3172,True,True,0x0B,"OK,OK,NO_IRQ,OK","FULL,FULL,NONE,FULL",
8.735391,2026-09-01T19:10:19.422+01:00,5531968,135849,3172,3172,True,True,0x0B,"OK,OK,NO_IRQ,OK","FULL,FULL,NONE,FULL",
8.740829,2026-09-01T19:10:19.423+01:00,5535140,135850,3172,3172,True,True,0x0B,"OK,OK,NO_IRQ,OK","FULL,FULL,NONE,FULL",
8.744506,2026-09-01T19:10:19.428+01:00,5538312,135851,3172,3172,True,True,0x0B,"OK,OK,NO_IRQ,OK","FULL,FULL,NONE,FULL",
8.752416,2026-09-01T19:10:19.432+01:00,5541484,135852,3172,3172,True,True,0x0B,"OK,OK,NO_IRQ,OK","FULL,FULL,NONE,FULL",
8.754780,2026-09-01T19:10:19.440+01:00,5544656,135853,3172,3172,True,True,0x0B,"OK,OK,NO_IRQ,OK","FULL,FULL,NONE,FULL",
8.759489,2026-09-01T19:10:19.442+01:00,5547828,135854,3172,3172,True,True,0x0B,"OK,OK,NO_IRQ,OK","FULL,FULL,NONE,FULL",
8.764845,2026-09-01T19:10:19.447+01:00,5551000,135855,3172,3172,True,True,0x0B,"OK,OK,NO_IRQ,OK","FULL,FULL,NONE,FULL",
8.769966,2026-09-01T19:10:19.454+01:00,5554172,135856,3172,3172,True,True,0x0B,"OK,OK,NO_IRQ,OK","FULL,FULL,NONE,FULL",
8.775614,2026-09-01T19:10:19.457+01:00,5557344,135857,3172,3172,True,True,0x0B,"OK,OK,NO_IRQ,OK","FULL,FULL,NONE,FULL",
8.779663,2026-09-01T19:10:19.463+01:00,5560516,135858,3172,3172,True,True,0x0B,"OK,OK,NO_IRQ,OK","FULL,FULL,NONE,FULL",
8.787840,2026-09-01T19:10:19.467+01:00,5563688,135859,3172,3172,True,True,0x0B,"OK,OK,NO_IRQ,OK","FULL,FULL,NONE,FULL",
8.791189,2026-09-01T19:10:19.475+01:00,5566860,135860,3172,3172,True,True,0x0B,"OK,OK,NO_IRQ,OK","FULL,FULL,NONE,FULL",
8.794525,2026-09-01T19:10:19.478+01:00,5570032,135861,3172,3172,True,True,0x0B,"OK,OK,NO_IRQ,OK","FULL,FULL,NONE,FULL",
8.806982,2026-09-01T19:10:19.482+01:00,5573204,135862,3172,3172,True,True,0x0B,"OK,OK,NO_IRQ,OK","FULL,FULL,NONE,FULL",
8.807270,2026-09-01T19:10:19.494+01:00,5576376,135863,3172,3172,True,True,0x0B,"OK,OK,NO_IRQ,OK","FULL,FULL,NONE,FULL",
8.809855,2026-09-01T19:10:19.494+01:00,5579548,135864,3172,3172,True,True,0x0B,"OK,OK,NO_IRQ,OK","FULL,FULL,NONE,FULL",
8.814906,2026-09-01T19:10:19.497+01:00,5582720,135865,3172,3172,True,True,0x0B,"OK,OK,NO_IRQ,OK","FULL,FULL,NONE,FULL",
8.826510,2026-09-01T19:10:19.502+01:00,5585892,135866,3172,3172,True,True,0x0B,"OK,OK,NO_IRQ,OK","FULL,FULL,NONE,FULL",
8.827512,2026-09-01T19:10:19.514+01:00,5589064,135867,3172,3172,True,True,0x0B,"OK,OK,NO_IRQ,OK","FULL,FULL,NONE,FULL",
8.829848,2026-09-01T19:10:19.515+01:00,5592236,135868,3172,3172,True,True,0x0B,"OK,OK,NO_IRQ,OK","FULL,FULL,NONE,FULL",
8.834720,2026-09-01T19:10:19.517+01:00,5595408,135869,3172,3172,True,True,0x0B,"OK,OK,NO_IRQ,OK","FULL,FULL,NONE,FULL",
8.844844,2026-09-01T19:10:19.522+01:00,5598580,135870,3172,3172,True,True,0x0B,"OK,OK,NO_IRQ,OK","FULL,FULL,NONE,FULL",
8.845547,2026-09-01T19:10:19.532+01:00,5601752,135871,3172,3172,True,True,0x0B,"OK,OK,NO_IRQ,OK","FULL,FULL,NONE,FULL",
8.849742,2026-09-01T19:10:19.533+01:00,5604924,135872,3172,3172,True,True,0x0B,"OK,OK,NO_IRQ,OK","FULL,FULL,NONE,FULL",
8.854902,2026-09-01T19:10:19.538+01:00,5608096,135873,3172,3172,True,True,0x0B,"OK,OK,NO_IRQ,OK","FULL,FULL,NONE,FULL",
8.860138,2026-09-01T19:10:19.542+01:00,5611268,135874,3172,3172,True,True,0x0B,"OK,OK,NO_IRQ,OK","FULL,FULL,NONE,FULL",
8.864982,2026-09-01T19:10:19.547+01:00,5614440,135875,3172,3172,True,True,0x0B,"OK,OK,NO_IRQ,OK","FULL,FULL,NONE,FULL",
8.869607,2026-09-01T19:10:19.552+01:00,5617612,135876,3172,3172,True,True,0x0B,"OK,OK,NO_IRQ,OK","FULL,FULL,NONE,FULL",
8.874740,2026-09-01T19:10:19.557+01:00,5620784,135877,3172,3172,True,True,0x0B,"OK,OK,NO_IRQ,OK","FULL,FULL,NONE,FULL",
8.886889,2026-09-01T19:10:19.562+01:00,5623956,135878,3172,3172,True,True,0x0B,"OK,OK,NO_IRQ,OK","FULL,FULL,NONE,FULL",
8.887320,2026-09-01T19:10:19.574+01:00,5627128,135879,3172,3172,True,True,0x0B,"OK,OK,NO_IRQ,OK","FULL,FULL,NONE,FULL",
8.896064,2026-09-01T19:10:19.575+01:00,5630300,135880,3172,3172,True,True,0x0B,"OK,OK,NO_IRQ,OK","FULL,FULL,NONE,FULL",
8.902841,2026-09-01T19:10:19.584+01:00,5633472,135881,3172,3172,True,True,0x0B,"OK,OK,NO_IRQ,OK","FULL,FULL,NONE,FULL",
8.903770,2026-09-01T19:10:19.590+01:00,5636644,135882,3172,3172,True,True,0x0B,"OK,OK,NO_IRQ,OK","FULL,FULL,NONE,FULL",
8.904903,2026-09-01T19:10:19.591+01:00,5639816,135883,3172,3172,True,True,0x0B,"OK,OK,NO_IRQ,OK","FULL,FULL,NONE,FULL",
8.909701,2026-09-01T19:10:19.592+01:00,5642988,135884,3172,3172,True,True,0x0B,"OK,OK,NO_IRQ,OK","FULL,FULL,NONE,FULL",
8.920293,2026-09-01T19:10:19.597+01:00,5646160,135885,3172,3172,True,True,0x0B,"OK,OK,NO_IRQ,OK","FULL,FULL,NONE,FULL",
8.921013,2026-09-01T19:10:19.608+01:00,5649332,135886,3172,3172,True,True,0x0B,"OK,OK,NO_IRQ,OK","FULL,FULL,NONE,FULL",
8.925992,2026-09-01T19:10:19.608+01:00,5652504,135887,3172,3172,True,True,0x0B,"OK,OK,NO_IRQ,OK","FULL,FULL,NONE,FULL",
8.929963,2026-09-01T19:10:19.613+01:00,5655676,135888,3172,3172,True,True,0x0B,"OK,OK,NO_IRQ,OK","FULL,FULL,NONE,FULL",
8.938126,2026-09-01T19:10:19.617+01:00,5658848,135889,3172,3172,True,True,0x0B,"OK,OK,NO_IRQ,OK","FULL,FULL,NONE,FULL",
8.939730,2026-09-01T19:10:19.625+01:00,5662020,135890,3172,3172,True,True,0x0B,"OK,OK,NO_IRQ,OK","FULL,FULL,NONE,FULL",
8.944741,2026-09-01T19:10:19.627+01:00,5665192,135891,3172,3172,True,True,0x0B,"OK,OK,NO_IRQ,OK","FULL,FULL,NONE,FULL",
8.954876,2026-09-01T19:10:19.632+01:00,5668364,135892,3172,3172,True,True,0x0B,"OK,OK,NO_IRQ,OK","FULL,FULL,NONE,FULL",
8.955200,2026-09-01T19:10:19.642+01:00,5671536,135893,3172,3172,True,True,0x0B,"OK,OK,NO_IRQ,OK","FULL,FULL,NONE,FULL",
8.959942,2026-09-01T19:10:19.642+01:00,5674708,135894,3172,3172,True,True,0x0B,"OK,OK,NO_IRQ,OK","FULL,FULL,NONE,FULL",
8.964999,2026-09-01T19:10:19.647+01:00,5677880,135895,3172,3172,True,True,0x0B,"OK,OK,NO_IRQ,OK","FULL,FULL,NONE,FULL",
8.972056,2026-09-01T19:10:19.652+01:00,5681052,135896,3172,3172,True,True,0x0B,"OK,OK,NO_IRQ,OK","FULL,FULL,NONE,FULL",
8.974931,2026-09-01T19:10:19.659+01:00,5684224,135897,3172,3172,True,True,0x0B,"OK,OK,NO_IRQ,OK","FULL,FULL,NONE,FULL",
8.980370,2026-09-01T19:10:19.662+01:00,5687396,135898,3172,3172,True,True,0x0B,"OK,OK,NO_IRQ,OK","FULL,FULL,NONE,FULL",
8.990450,2026-09-01T19:10:19.668+01:00,5690568,135899,3172,3172,True,True,0x0B,"OK,OK,NO_IRQ,OK","FULL,FULL,NONE,FULL",
8.990799,2026-09-01T19:10:19.678+01:00,5693740,135900,3172,3172,True,True,0x0B,"OK,OK,NO_IRQ,OK","FULL,FULL,NONE,FULL",
8.995037,2026-09-01T19:10:19.678+01:00,5696912,135901,3172,3172,True,True,0x0B,"OK,OK,NO_IRQ,OK","FULL,FULL,NONE,FULL",
8.999843,2026-09-01T19:10:19.682+01:00,5700084,135902,3172,3172,True,True,0x0B,"OK,OK,NO_IRQ,OK","FULL,FULL,NONE,FULL",
9.007963,2026-09-01T19:10:19.687+01:00,5703256,135903,3172,3172,True,True,0x0B,"OK,OK,NO_IRQ,OK","FULL,FULL,NONE,FULL",
9.010345,2026-09-01T19:10:19.695+01:00,5706428,135904,3172,3172,True,True,0x0B,"OK,OK,NO_IRQ,OK","FULL,FULL,NONE,FULL",
9.015098,2026-09-01T19:10:19.698+01:00,5709600,135905,3172,3172,True,True,0x0B,"OK,OK,NO_IRQ,OK","FULL,FULL,NONE,FULL",
9.019993,2026-09-01T19:10:19.702+01:00,5712772,135906,3172,3172,True,True,0x0B,"OK,OK,NO_IRQ,OK","FULL,FULL,NONE,FULL",
9.025428,2026-09-01T19:10:19.707+01:00,5715944,135907,3172,3172,True,True,0x0B,"OK,OK,NO_IRQ,OK","FULL,FULL,NONE,FULL",
9.029910,2026-09-01T19:10:19.713+01:00,5719116,135908,3172,3172,True,True,0x0B,"OK,OK,NO_IRQ,OK","FULL,FULL,NONE,FULL",
9.034958,2026-09-01T19:10:19.717+01:00,5722288,135909,3172,3172,True,True,0x0B,"OK,OK,NO_IRQ,OK","FULL,FULL,NONE,FULL",
9.042068,2026-09-01T19:10:19.722+01:00,5725460,135910,3172,3172,True,True,0x0B,"OK,OK,NO_IRQ,OK","FULL,FULL,NONE,FULL",
9.045595,2026-09-01T19:10:19.729+01:00,5728632,135911,3172,3172,True,True,0x0B,"OK,OK,NO_IRQ,OK","FULL,FULL,NONE,FULL",
9.051067,2026-09-01T19:10:19.733+01:00,5731804,135912,3172,3172,True,True,0x0B,"OK,OK,NO_IRQ,OK","FULL,FULL,NONE,FULL",
9.058565,2026-09-01T19:10:19.738+01:00,5734976,135913,3172,3172,True,True,0x0B,"OK,OK,NO_IRQ,OK","FULL,FULL,NONE,FULL",
9.069174,2026-09-01T19:10:19.746+01:00,5738148,135914,3172,3172,True,True,0x0B,"OK,OK,NO_IRQ,OK","FULL,FULL,NONE,FULL",
9.070296,2026-09-01T19:10:19.756+01:00,5741320,135915,3172,3172,True,True,0x0B,"OK,OK,NO_IRQ,OK","FULL,FULL,NONE,FULL",
9.070893,2026-09-01T19:10:19.757+01:00,5744492,135916,3172,3172,True,True,0x0B,"OK,OK,NO_IRQ,OK","FULL,FULL,NONE,FULL",
9.075090,2026-09-01T19:10:19.758+01:00,5747664,135917,3172,3172,True,True,0x0B,"OK,OK,NO_IRQ,OK","FULL,FULL,NONE,FULL",
9.080418,2026-09-01T19:10:19.762+01:00,5750836,135918,3172,3172,True,True,0x0B,"OK,OK,NO_IRQ,OK","FULL,FULL,NONE,FULL",
9.086973,2026-09-01T19:10:19.768+01:00,5754008,135919,3172,3172,True,True,0x0B,"OK,OK,NO_IRQ,OK","FULL,FULL,NONE,FULL",
9.090630,2026-09-01T19:10:19.774+01:00,5757180,135920,3172,3172,True,True,0x0B,"OK,OK,NO_IRQ,OK","FULL,FULL,NONE,FULL",
9.095564,2026-09-01T19:10:19.778+01:00,5760352,135921,3172,3172,True,True,0x0B,"OK,OK,NO_IRQ,OK","FULL,FULL,NONE,FULL",
9.104005,2026-09-01T19:10:19.783+01:00,5763524,135922,3172,3172,True,True,0x0B,"OK,OK,NO_IRQ,OK","FULL,FULL,NONE,FULL",
9.107579,2026-09-01T19:10:19.791+01:00,5766696,135923,3172,3172,True,True,0x0B,"OK,OK,NO_IRQ,OK","FULL,FULL,NONE,FULL",
9.110271,2026-09-01T19:10:19.795+01:00,5769868,135924,3172,3172,True,True,0x0B,"OK,OK,NO_IRQ,OK","FULL,FULL,NONE,FULL",
9.115073,2026-09-01T19:10:19.798+01:00,5773040,135925,3172,3172,True,True,0x0B,"OK,OK,NO_IRQ,OK","FULL,FULL,NONE,FULL",
9.121450,2026-09-01T19:10:19.802+01:00,5776212,135926,3172,3172,True,True,0x0B,"OK,OK,NO_IRQ,OK","FULL,FULL,NONE,FULL",
9.125164,2026-09-01T19:10:19.809+01:00,5779384,135927,3172,3172,True,True,0x0B,"OK,OK,NO_IRQ,OK","FULL,FULL,NONE,FULL",
9.130171,2026-09-01T19:10:19.812+01:00,5782556,135928,3172,3172,True,True,0x0B,"OK,OK,NO_IRQ,OK","FULL,FULL,NONE,FULL",
9.140685,2026-09-01T19:10:19.817+01:00,5785728,135929,3172,3172,True,True,0x0B,"OK,OK,NO_IRQ,OK","FULL,FULL,NONE,FULL",
9.140913,2026-09-01T19:10:19.828+01:00,5788900,135930,3172,3172,True,True,0x0B,"OK,OK,NO_IRQ,OK","FULL,FULL,NONE,FULL",
9.145372,2026-09-01T19:10:19.828+01:00,5792072,135931,3172,3172,True,True,0x0B,"OK,OK,NO_IRQ,OK","FULL,FULL,NONE,FULL",
9.157912,2026-09-01T19:10:19.833+01:00,5795244,135932,3172,3172,True,True,0x0B,"OK,OK,NO_IRQ,OK","FULL,FULL,NONE,FULL",
9.158255,2026-09-01T19:10:19.845+01:00,5798416,135933,3172,3172,True,True,0x0B,"OK,OK,NO_IRQ,OK","FULL,FULL,NONE,FULL",
9.160233,2026-09-01T19:10:19.845+01:00,5801588,135934,3172,3172,True,True,0x0B,"OK,OK,NO_IRQ,OK","FULL,FULL,NONE,FULL",
9.165235,2026-09-01T19:10:19.847+01:00,5804760,135935,3172,3172,True,True,0x0B,"OK,OK,NO_IRQ,OK","FULL,FULL,NONE,FULL",
9.174571,2026-09-01T19:10:19.852+01:00,5807932,135936,3172,3172,True,True,0x0B,"OK,OK,NO_IRQ,OK","FULL,FULL,NONE,FULL",
9.175754,2026-09-01T19:10:19.862+01:00,5811104,135937,3172,3172,True,True,0x0B,"OK,OK,NO_IRQ,OK","FULL,FULL,NONE,FULL",
9.180521,2026-09-01T19:10:19.863+01:00,5814276,135938,3172,3172,True,True,0x0B,"OK,OK,NO_IRQ,OK","FULL,FULL,NONE,FULL",
9.186590,2026-09-01T19:10:19.868+01:00,5817448,135939,3172,3172,True,True,0x0B,"OK,OK,NO_IRQ,OK","FULL,FULL,NONE,FULL",
9.193008,2026-09-01T19:10:19.874+01:00,5820620,135940,3172,3172,True,True,0x0B,"OK,OK,NO_IRQ,OK","FULL,FULL,NONE,FULL",
9.195548,2026-09-01T19:10:19.880+01:00,5823792,135941,3172,3172,True,True,0x0B,"OK,OK,NO_IRQ,OK","FULL,FULL,NONE,FULL",
9.200502,2026-09-01T19:10:19.883+01:00,5826964,135942,3172,3172,True,True,0x0B,"OK,OK,NO_IRQ,OK","FULL,FULL,NONE,FULL",
9.207150,2026-09-01T19:10:19.888+01:00,5830136,135943,3172,3172,True,True,0x0B,"OK,OK,NO_IRQ,OK","FULL,FULL,NONE,FULL",
9.211097,2026-09-01T19:10:19.895+01:00,5833308,135944,3172,3172,True,True,0x0B,"OK,OK,NO_IRQ,OK","FULL,FULL,NONE,FULL",
9.215462,2026-09-01T19:10:19.898+01:00,5836480,135945,3172,3172,True,True,0x0B,"OK,OK,NO_IRQ,OK","FULL,FULL,NONE,FULL",
9.220314,2026-09-01T19:10:19.903+01:00,5839652,135946,3172,3172,True,True,0x0B,"OK,OK,NO_IRQ,OK","FULL,FULL,NONE,FULL",
9.230641,2026-09-01T19:10:19.908+01:00,5842824,135947,3172,3172,True,True,0x0B,"OK,OK,NO_IRQ,OK","FULL,FULL,NONE,FULL",
9.230938,2026-09-01T19:10:19.918+01:00,5845996,135948,3172,3172,True,True,0x0B,"OK,OK,NO_IRQ,OK","FULL,FULL,NONE,FULL",
9.241595,2026-09-01T19:10:19.918+01:00,5849168,135949,3172,3172,True,True,0x0B,"OK,OK,NO_IRQ,OK","FULL,FULL,NONE,FULL",
9.241917,2026-09-01T19:10:19.929+01:00,5852340,135950,3172,3172,True,True,0x0B,"OK,OK,NO_IRQ,OK","FULL,FULL,NONE,FULL",
9.245578,2026-09-01T19:10:19.929+01:00,5855512,135951,3172,3172,True,True,0x0B,"OK,OK,NO_IRQ,OK","FULL,FULL,NONE,FULL",
9.250756,2026-09-01T19:10:19.933+01:00,5858684,135952,3172,3172,True,True,0x0B,"OK,OK,NO_IRQ,OK","FULL,FULL,NONE,FULL",
9.255505,2026-09-01T19:10:19.938+01:00,5861856,135953,3172,3172,True,True,0x0B,"OK,OK,NO_IRQ,OK","FULL,FULL,NONE,FULL",
9.262702,2026-09-01T19:10:19.943+01:00,5865028,135954,3172,3172,True,True,0x0B,"OK,OK,NO_IRQ,OK","FULL,FULL,NONE,FULL",
9.265493,2026-09-01T19:10:19.950+01:00,5868200,135955,3172,3172,True,True,0x0B,"OK,OK,NO_IRQ,OK","FULL,FULL,NONE,FULL",
9.270466,2026-09-01T19:10:19.953+01:00,5871372,135956,3172,3172,True,True,0x0B,"OK,OK,NO_IRQ,OK","FULL,FULL,NONE,FULL",
9.276356,2026-09-01T19:10:19.958+01:00,5874544,135957,3172,3172,True,True,0x0B,"OK,OK,NO_IRQ,OK","FULL,FULL,NONE,FULL",
9.280478,2026-09-01T19:10:19.964+01:00,5877716,135958,3172,3172,True,True,0x0B,"OK,OK,NO_IRQ,OK","FULL,FULL,NONE,FULL",
9.285748,2026-09-01T19:10:19.968+01:00,5880888,135959,3172,3172,True,True,0x0B,"OK,OK,NO_IRQ,OK","FULL,FULL,NONE,FULL",
9.290668,2026-09-01T19:10:19.973+01:00,5884060,135960,3172,3172,True,True,0x0B,"OK,OK,NO_IRQ,OK","FULL,FULL,NONE,FULL",
9.297192,2026-09-01T19:10:19.978+01:00,5887232,135961,3172,3172,True,True,0x0B,"OK,OK,NO_IRQ,OK","FULL,FULL,NONE,FULL",
9.300925,2026-09-01T19:10:19.985+01:00,5890404,135962,3172,3172,True,True,0x0B,"OK,OK,NO_IRQ,OK","FULL,FULL,NONE,FULL",
9.307687,2026-09-01T19:10:19.988+01:00,5893576,135963,3172,3172,True,True,0x0B,"OK,OK,NO_IRQ,OK","FULL,FULL,NONE,FULL",
9.314873,2026-09-01T19:10:19.995+01:00,5896748,135964,3172,3172,True,True,0x0B,"OK,OK,NO_IRQ,OK","FULL,FULL,NONE,FULL",
9.315565,2026-09-01T19:10:20.002+01:00,5899920,135965,3172,3172,True,True,0x0B,"OK,OK,NO_IRQ,OK","FULL,FULL,NONE,FULL",
9.320695,2026-09-01T19:10:20.003+01:00,5903092,135966,3172,3172,True,True,0x0B,"OK,OK,NO_IRQ,OK","FULL,FULL,NONE,FULL",
9.331736,2026-09-01T19:10:20.008+01:00,5906264,135967,3172,3172,True,True,0x0B,"OK,OK,NO_IRQ,OK","FULL,FULL,NONE,FULL",
9.332320,2026-09-01T19:10:20.019+01:00,5909436,135968,3172,3172,True,True,0x0B,"OK,OK,NO_IRQ,OK","FULL,FULL,NONE,FULL",
9.335772,2026-09-01T19:10:20.020+01:00,5912608,135969,3172,3172,True,True,0x0B,"OK,OK,NO_IRQ,OK","FULL,FULL,NONE,FULL",
9.341139,2026-09-01T19:10:20.023+01:00,5915780,135970,3172,3172,True,True,0x0B,"OK,OK,NO_IRQ,OK","FULL,FULL,NONE,FULL",
9.349166,2026-09-01T19:10:20.028+01:00,5918952,135971,3172,3172,True,True,0x0B,"OK,OK,NO_IRQ,OK","FULL,FULL,NONE,FULL",
9.350787,2026-09-01T19:10:20.037+01:00,5922124,135972,3172,3172,True,True,0x0B,"OK,OK,NO_IRQ,OK","FULL,FULL,NONE,FULL",
9.357298,2026-09-01T19:10:20.038+01:00,5925296,135973,3172,3172,True,True,0x0B,"OK,OK,NO_IRQ,OK","FULL,FULL,NONE,FULL",
9.366823,2026-09-01T19:10:20.045+01:00,5928468,135974,3172,3172,True,True,0x0B,"OK,OK,NO_IRQ,OK","FULL,FULL,NONE,FULL",
9.367594,2026-09-01T19:10:20.054+01:00,5931640,135975,3172,3172,True,True,0x0B,"OK,OK,NO_IRQ,OK","FULL,FULL,NONE,FULL",
9.370746,2026-09-01T19:10:20.055+01:00,5934812,135976,3172,3172,True,True,0x0B,"OK,OK,NO_IRQ,OK","FULL,FULL,NONE,FULL",
9.375564,2026-09-01T19:10:20.058+01:00,5937984,135977,3172,3172,True,True,0x0B,"OK,OK,NO_IRQ,OK","FULL,FULL,NONE,FULL",
9.380715,2026-09-01T19:10:20.063+01:00,5941156,135978,3172,3172,True,True,0x0B,"OK,OK,NO_IRQ,OK","FULL,FULL,NONE,FULL",
9.386816,2026-09-01T19:10:20.068+01:00,5944328,135979,3172,3172,True,True,0x0B,"OK,OK,NO_IRQ,OK","FULL,FULL,NONE,FULL",
9.390892,2026-09-01T19:10:20.074+01:00,5947500,135980,3172,3172,True,True,0x0B,"OK,OK,NO_IRQ,OK","FULL,FULL,NONE,FULL",
9.395669,2026-09-01T19:10:20.078+01:00,5950672,135981,3172,3172,True,True,0x0B,"OK,OK,NO_IRQ,OK","FULL,FULL,NONE,FULL",
9.410163,2026-09-01T19:10:20.083+01:00,5953844,135982,3172,3172,True,True,0x0B,"OK,OK,NO_IRQ,OK","FULL,FULL,NONE,FULL",
9.411371,2026-09-01T19:10:20.097+01:00,5957016,135983,3172,3172,True,True,0x0B,"OK,OK,NO_IRQ,OK","FULL,FULL,NONE,FULL",
9.412454,2026-09-01T19:10:20.099+01:00,5960188,135984,3172,3172,True,True,0x0B,"OK,OK,NO_IRQ,OK","FULL,FULL,NONE,FULL",
9.416053,2026-09-01T19:10:20.100+01:00,5963360,135985,3172,3172,True,True,0x0B,"OK,OK,NO_IRQ,OK","FULL,FULL,NONE,FULL",
9.420795,2026-09-01T19:10:20.104+01:00,5966532,135986,3172,3172,True,True,0x0B,"OK,OK,NO_IRQ,OK","FULL,FULL,NONE,FULL",
9.428898,2026-09-01T19:10:20.108+01:00,5969704,135987,3172,3172,True,True,0x0B,"OK,OK,NO_IRQ,OK","FULL,FULL,NONE,FULL",
9.430769,2026-09-01T19:10:20.116+01:00,5972876,135988,3172,3172,True,True,0x0B,"OK,OK,NO_IRQ,OK","FULL,FULL,NONE,FULL",
9.436130,2026-09-01T19:10:20.118+01:00,5976048,135989,3172,3172,True,True,0x0B,"OK,OK,NO_IRQ,OK","FULL,FULL,NONE,FULL",
9.446686,2026-09-01T19:10:20.124+01:00,5979220,135990,3172,3172,True,True,0x0B,"OK,OK,NO_IRQ,OK","FULL,FULL,NONE,FULL",
9.447898,2026-09-01T19:10:20.134+01:00,5982392,135991,3172,3172,True,True,0x0B,"OK,OK,NO_IRQ,OK","FULL,FULL,NONE,FULL",
9.451021,2026-09-01T19:10:20.135+01:00,5985564,135992,3172,3172,True,True,0x0B,"OK,OK,NO_IRQ,OK","FULL,FULL,NONE,FULL",
9.458219,2026-09-01T19:10:20.138+01:00,5988736,135993,3172,3172,True,True,0x0B,"OK,OK,NO_IRQ,OK","FULL,FULL,NONE,FULL",
9.464095,2026-09-01T19:10:20.146+01:00,5991908,135994,3172,3172,True,True,0x0B,"OK,OK,NO_IRQ,OK","FULL,FULL,NONE,FULL",
9.467170,2026-09-01T19:10:20.154+01:00,5995080,135995,3172,3172,True,True,0x0B,"OK,OK,NO_IRQ,OK","FULL,FULL,NONE,FULL",
9.471072,2026-09-01T19:10:20.154+01:00,5998252,135996,3172,3172,True,True,0x0B,"OK,OK,NO_IRQ,OK","FULL,FULL,NONE,FULL",
9.475692,2026-09-01T19:10:20.158+01:00,6001424,135997,3172,3172,True,True,0x0B,"OK,OK,NO_IRQ,OK","FULL,FULL,NONE,FULL",
9.482996,2026-09-01T19:10:20.163+01:00,6004596,135998,3172,3172,True,True,0x0B,"OK,OK,NO_IRQ,OK","FULL,FULL,NONE,FULL",
9.485738,2026-09-01T19:10:20.170+01:00,6007768,135999,3172,3172,True,True,0x0B,"OK,OK,NO_IRQ,OK","FULL,FULL,NONE,FULL",
9.491315,2026-09-01T19:10:20.173+01:00,6010940,136000,3172,3172,True,True,0x0B,"OK,OK,NO_IRQ,OK","FULL,FULL,NONE,FULL",
9.499643,2026-09-01T19:10:20.179+01:00,6014112,136001,3172,3172,True,True,0x0B,"OK,OK,NO_IRQ,OK","FULL,FULL,NONE,FULL",
9.500917,2026-09-01T19:10:20.187+01:00,6017284,136002,3172,3172,True,True,0x0B,"OK,OK,NO_IRQ,OK","FULL,FULL,NONE,FULL",
9.507717,2026-09-01T19:10:20.188+01:00,6020456,136003,3172,3172,True,True,0x0B,"OK,OK,NO_IRQ,OK","FULL,FULL,NONE,FULL",
9.516406,2026-09-01T19:10:20.195+01:00,6023628,136004,3172,3172,True,True,0x0B,"OK,OK,NO_IRQ,OK","FULL,FULL,NONE,FULL",
9.517036,2026-09-01T19:10:20.204+01:00,6026800,136005,3172,3172,True,True,0x0B,"OK,OK,NO_IRQ,OK","FULL,FULL,NONE,FULL",
9.521100,2026-09-01T19:10:20.205+01:00,6029972,136006,3172,3172,True,True,0x0B,"OK,OK,NO_IRQ,OK","FULL,FULL,NONE,FULL",
9.525804,2026-09-01T19:10:20.208+01:00,6033144,136007,3172,3172,True,True,0x0B,"OK,OK,NO_IRQ,OK","FULL,FULL,NONE,FULL",
9.533560,2026-09-01T19:10:20.213+01:00,6036316,136008,3172,3172,True,True,0x0B,"OK,OK,NO_IRQ,OK","FULL,FULL,NONE,FULL",
9.536108,2026-09-01T19:10:20.221+01:00,6039488,136009,3172,3172,True,True,0x0B,"OK,OK,NO_IRQ,OK","FULL,FULL,NONE,FULL",
9.541616,2026-09-01T19:10:20.223+01:00,6042660,136010,3172,3172,True,True,0x0B,"OK,OK,NO_IRQ,OK","FULL,FULL,NONE,FULL",
9.546572,2026-09-01T19:10:20.229+01:00,6045832,136011,3172,3172,True,True,0x0B,"OK,OK,NO_IRQ,OK","FULL,FULL,NONE,FULL",
9.551171,2026-09-01T19:10:20.234+01:00,6049004,136012,3172,3172,True,True,0x0B,"OK,OK,NO_IRQ,OK","FULL,FULL,NONE,FULL",
9.557448,2026-09-01T19:10:20.240+01:00,6052176,136013,3172,3172,True,True,0x0B,"OK,OK,NO_IRQ,OK","FULL,FULL,NONE,FULL",
9.560895,2026-09-01T19:10:20.245+01:00,6055348,136014,3172,3172,True,True,0x0B,"OK,OK,NO_IRQ,OK","FULL,FULL,NONE,FULL",
9.565908,2026-09-01T19:10:20.248+01:00,6058520,136015,3172,3172,True,True,0x0B,"OK,OK,NO_IRQ,OK","FULL,FULL,NONE,FULL",
9.577544,2026-09-01T19:10:20.253+01:00,6061692,136016,3172,3172,True,True,0x0B,"OK,OK,NO_IRQ,OK","FULL,FULL,NONE,FULL",
9.577825,2026-09-01T19:10:20.265+01:00,6064864,136017,3172,3172,True,True,0x0B,"OK,OK,NO_IRQ,OK","FULL,FULL,NONE,FULL",
9.588700,2026-09-01T19:10:20.265+01:00,6068036,136018,3172,3172,True,True,0x0B,"OK,OK,NO_IRQ,OK","FULL,FULL,NONE,FULL",
9.589019,2026-09-01T19:10:20.276+01:00,6071208,136019,3172,3172,True,True,0x0B,"OK,OK,NO_IRQ,OK","FULL,FULL,NONE,FULL",
9.593188,2026-09-01T19:10:20.276+01:00,6074380,136020,3172,3172,True,True,0x0B,"OK,OK,NO_IRQ,OK","FULL,FULL,NONE,FULL",
9.596295,2026-09-01T19:10:20.280+01:00,6077552,136021,3172,3172,True,True,0x0B,"OK,OK,NO_IRQ,OK","FULL,FULL,NONE,FULL",
9.600960,2026-09-01T19:10:20.284+01:00,6080724,136022,3172,3172,True,True,0x0B,"OK,OK,NO_IRQ,OK","FULL,FULL,NONE,FULL",
9.606837,2026-09-01T19:10:20.289+01:00,6083896,136023,3172,3172,True,True,0x0B,"OK,OK,NO_IRQ,OK","FULL,FULL,NONE,FULL",
9.611527,2026-09-01T19:10:20.294+01:00,6087068,136024,3172,3172,True,True,0x0B,"OK,OK,NO_IRQ,OK","FULL,FULL,NONE,FULL",
9.616178,2026-09-01T19:10:20.299+01:00,6090240,136025,3172,3172,True,True,0x0B,"OK,OK,NO_IRQ,OK","FULL,FULL,NONE,FULL",
9.621239,2026-09-01T19:10:20.303+01:00,6093412,136026,3172,3172,True,True,0x0B,"OK,OK,NO_IRQ,OK","FULL,FULL,NONE,FULL",
9.628514,2026-09-01T19:10:20.309+01:00,6096584,136027,3172,3172,True,True,0x0B,"OK,OK,NO_IRQ,OK","FULL,FULL,NONE,FULL",
9.631248,2026-09-01T19:10:20.316+01:00,6099756,136028,3172,3172,True,True,0x0B,"OK,OK,NO_IRQ,OK","FULL,FULL,NONE,FULL",
9.636394,2026-09-01T19:10:20.319+01:00,6102928,136029,3172,3172,True,True,0x0B,"OK,OK,NO_IRQ,OK","FULL,FULL,NONE,FULL",
9.641335,2026-09-01T19:10:20.324+01:00,6106100,136030,3172,3172,True,True,0x0B,"OK,OK,NO_IRQ,OK","FULL,FULL,NONE,FULL",
9.646346,2026-09-01T19:10:20.329+01:00,6109272,136031,3172,3172,True,True,0x0B,"OK,OK,NO_IRQ,OK","FULL,FULL,NONE,FULL",
9.651349,2026-09-01T19:10:20.334+01:00,6112444,136032,3172,3172,True,True,0x0B,"OK,OK,NO_IRQ,OK","FULL,FULL,NONE,FULL",
9.657861,2026-09-01T19:10:20.339+01:00,6115616,136033,3172,3172,True,True,0x0B,"OK,OK,NO_IRQ,OK","FULL,FULL,NONE,FULL",
9.663155,2026-09-01T19:10:20.345+01:00,6118788,136034,3172,3172,True,True,0x0B,"OK,OK,NO_IRQ,OK","FULL,FULL,NONE,FULL",
9.666457,2026-09-01T19:10:20.351+01:00,6121960,136035,3172,3172,True,True,0x0B,"OK,OK,NO_IRQ,OK","FULL,FULL,NONE,FULL",
9.671954,2026-09-01T19:10:20.354+01:00,6125132,136036,3172,3172,True,True,0x0B,"OK,OK,NO_IRQ,OK","FULL,FULL,NONE,FULL",
9.676333,2026-09-01T19:10:20.359+01:00,6128304,136037,3172,3172,True,True,0x0B,"OK,OK,NO_IRQ,OK","FULL,FULL,NONE,FULL",
9.681189,2026-09-01T19:10:20.364+01:00,6131476,136038,3172,3172,True,True,0x0B,"OK,OK,NO_IRQ,OK","FULL,FULL,NONE,FULL",
9.686516,2026-09-01T19:10:20.369+01:00,6134648,136039,3172,3172,True,True,0x0B,"OK,OK,NO_IRQ,OK","FULL,FULL,NONE,FULL",
9.692708,2026-09-01T19:10:20.374+01:00,6137820,136040,3172,3172,True,True,0x0B,"OK,OK,NO_IRQ,OK","FULL,FULL,NONE,FULL",
9.699002,2026-09-01T19:10:20.383+01:00,6140992,136041,3172,3172,True,True,0x0B,"OK,OK,NO_IRQ,OK","FULL,FULL,NONE,FULL",
9.701555,2026-09-01T19:10:20.386+01:00,6144164,136042,3172,3172,True,True,0x0B,"OK,OK,NO_IRQ,OK","FULL,FULL,NONE,FULL",
9.707744,2026-09-01T19:10:20.389+01:00,6147336,136043,3172,3172,True,True,0x0B,"OK,OK,NO_IRQ,OK","FULL,FULL,NONE,FULL",
9.711661,2026-09-01T19:10:20.395+01:00,6150508,136044,3172,3172,True,True,0x0B,"OK,OK,NO_IRQ,OK","FULL,FULL,NONE,FULL",
9.719525,2026-09-01T19:10:20.399+01:00,6153680,136045,3172,3172,True,True,0x0B,"OK,OK,NO_IRQ,OK","FULL,FULL,NONE,FULL",
9.721167,2026-09-01T19:10:20.407+01:00,6156852,136046,3172,3172,True,True,0x0B,"OK,OK,NO_IRQ,OK","FULL,FULL,NONE,FULL",
9.726393,2026-09-01T19:10:20.408+01:00,6160024,136047,3172,3172,True,True,0x0B,"OK,OK,NO_IRQ,OK","FULL,FULL,NONE,FULL",
9.731257,2026-09-01T19:10:20.414+01:00,6163196,136048,3172,3172,True,True,0x0B,"OK,OK,NO_IRQ,OK","FULL,FULL,NONE,FULL",
9.737048,2026-09-01T19:10:20.418+01:00,6166368,136049,3172,3172,True,True,0x0B,"OK,OK,NO_IRQ,OK","FULL,FULL,NONE,FULL",
9.741536,2026-09-01T19:10:20.424+01:00,6169540,136050,3172,3172,True,True,0x0B,"OK,OK,NO_IRQ,OK","FULL,FULL,NONE,FULL",
9.746190,2026-09-01T19:10:20.429+01:00,6172712,136051,3172,3172,True,True,0x0B,"OK,OK,NO_IRQ,OK","FULL,FULL,NONE,FULL",
9.751321,2026-09-01T19:10:20.433+01:00,6175884,136052,3172,3172,True,True,0x0B,"OK,OK,NO_IRQ,OK","FULL,FULL,NONE,FULL",
9.758660,2026-09-01T19:10:20.439+01:00,6179056,136053,3172,3172,True,True,0x0B,"OK,OK,NO_IRQ,OK","FULL,FULL,NONE,FULL",
9.765201,2026-09-01T19:10:20.446+01:00,6182228,136054,3172,3172,True,True,0x0B,"OK,OK,NO_IRQ,OK","FULL,FULL,NONE,FULL",
9.766557,2026-09-01T19:10:20.452+01:00,6185400,136055,3172,3172,True,True,0x0B,"OK,OK,NO_IRQ,OK","FULL,FULL,NONE,FULL",
9.771939,2026-09-01T19:10:20.454+01:00,6188572,136056,3172,3172,True,True,0x0B,"OK,OK,NO_IRQ,OK","FULL,FULL,NONE,FULL",
9.782967,2026-09-01T19:10:20.459+01:00,6191744,136057,3172,3172,True,True,0x0B,"OK,OK,NO_IRQ,OK","FULL,FULL,NONE,FULL",
9.784087,2026-09-01T19:10:20.470+01:00,6194916,136058,3172,3172,True,True,0x0B,"OK,OK,NO_IRQ,OK","FULL,FULL,NONE,FULL",
9.787323,2026-09-01T19:10:20.472+01:00,6198088,136059,3172,3172,True,True,0x0B,"OK,OK,NO_IRQ,OK","FULL,FULL,NONE,FULL",
9.792521,2026-09-01T19:10:20.475+01:00,6201260,136060,3172,3172,True,True,0x0B,"OK,OK,NO_IRQ,OK","FULL,FULL,NONE,FULL",
9.802204,2026-09-01T19:10:20.480+01:00,6204432,136061,3172,3172,True,True,0x0B,"OK,OK,NO_IRQ,OK","FULL,FULL,NONE,FULL",
9.803285,2026-09-01T19:10:20.490+01:00,6207604,136062,3172,3172,True,True,0x0B,"OK,OK,NO_IRQ,OK","FULL,FULL,NONE,FULL",
9.807893,2026-09-01T19:10:20.491+01:00,6210776,136063,3172,3172,True,True,0x0B,"OK,OK,NO_IRQ,OK","FULL,FULL,NONE,FULL",
9.811618,2026-09-01T19:10:20.495+01:00,6213948,136064,3172,3172,True,True,0x0B,"OK,OK,NO_IRQ,OK","FULL,FULL,NONE,FULL",
9.824557,2026-09-01T19:10:20.499+01:00,6217120,136065,3172,3172,True,True,0x0B,"OK,OK,NO_IRQ,OK","FULL,FULL,NONE,FULL",
9.824804,2026-09-01T19:10:20.512+01:00,6220292,136066,3172,3172,True,True,0x0B,"OK,OK,NO_IRQ,OK","FULL,FULL,NONE,FULL",
9.826625,2026-09-01T19:10:20.512+01:00,6223464,136067,3172,3172,True,True,0x0B,"OK,OK,NO_IRQ,OK","FULL,FULL,NONE,FULL",
9.831529,2026-09-01T19:10:20.514+01:00,6226636,136068,3172,3172,True,True,0x0B,"OK,OK,NO_IRQ,OK","FULL,FULL,NONE,FULL",
9.840796,2026-09-01T19:10:20.519+01:00,6229808,136069,3172,3172,True,True,0x0B,"OK,OK,NO_IRQ,OK","FULL,FULL,NONE,FULL",
9.841881,2026-09-01T19:10:20.528+01:00,6232980,136070,3172,3172,True,True,0x0B,"OK,OK,NO_IRQ,OK","FULL,FULL,NONE,FULL",
9.846928,2026-09-01T19:10:20.529+01:00,6236152,136071,3172,3172,True,True,0x0B,"OK,OK,NO_IRQ,OK","FULL,FULL,NONE,FULL",
9.857754,2026-09-01T19:10:20.534+01:00,6239324,136072,3172,3172,True,True,0x0B,"OK,OK,NO_IRQ,OK","FULL,FULL,NONE,FULL",
9.857980,2026-09-01T19:10:20.545+01:00,6242496,136073,3172,3172,True,True,0x0B,"OK,OK,NO_IRQ,OK","FULL,FULL,NONE,FULL",
9.861927,2026-09-01T19:10:20.545+01:00,6245668,136074,3172,3172,True,True,0x0B,"OK,OK,NO_IRQ,OK","FULL,FULL,NONE,FULL",
9.866656,2026-09-01T19:10:20.549+01:00,6248840,136075,3172,3172,True,True,0x0B,"OK,OK,NO_IRQ,OK","FULL,FULL,NONE,FULL",
9.893611,2026-09-01T19:10:20.580+01:00,6252012,136076,3172,3172,True,True,0x0B,"OK,OK,NO_IRQ,OK","FULL,FULL,NONE,FULL",
9.894340,2026-09-01T19:10:20.581+01:00,6255184,136077,3172,3172,True,True,0x0B,"OK,OK,NO_IRQ,OK","FULL,FULL,NONE,FULL",
9.895233,2026-09-01T19:10:20.582+01:00,6258356,136078,3172,3172,True,True,0x0B,"OK,OK,NO_IRQ,OK","FULL,FULL,NONE,FULL",
9.895823,2026-09-01T19:10:20.582+01:00,6261528,136079,3172,3172,True,True,0x0B,"OK,OK,NO_IRQ,OK","FULL,FULL,NONE,FULL",
9.896317,2026-09-01T19:10:20.583+01:00,6264700,136080,3172,3172,True,True,0x0B,"OK,OK,NO_IRQ,OK","FULL,FULL,NONE,FULL",
9.897263,2026-09-01T19:10:20.583+01:00,6267872,136081,3172,3172,True,True,0x0B,"OK,OK,NO_IRQ,OK","FULL,FULL,NONE,FULL",
9.901691,2026-09-01T19:10:20.584+01:00,6271044,136082,3172,3172,True,True,0x0B,"OK,OK,NO_IRQ,OK","FULL,FULL,NONE,FULL",
9.910271,2026-09-01T19:10:20.589+01:00,6274216,136083,3172,3172,True,True,0x0B,"OK,OK,NO_IRQ,OK","FULL,FULL,NONE,FULL",
9.912427,2026-09-01T19:10:20.597+01:00,6277388,136084,3172,3172,True,True,0x0B,"OK,OK,NO_IRQ,OK","FULL,FULL,NONE,FULL",
9.916909,2026-09-01T19:10:20.600+01:00,6280560,136085,3172,3172,True,True,0x0B,"OK,OK,NO_IRQ,OK","FULL,FULL,NONE,FULL",
9.921607,2026-09-01T19:10:20.604+01:00,6283732,136086,3172,3172,True,True,0x0B,"OK,OK,NO_IRQ,OK","FULL,FULL,NONE,FULL",
9.932972,2026-09-01T19:10:20.609+01:00,6286904,136087,3172,3172,True,True,0x0B,"OK,OK,NO_IRQ,OK","FULL,FULL,NONE,FULL",
9.933391,2026-09-01T19:10:20.620+01:00,6290076,136088,3172,3172,True,True,0x0B,"OK,OK,NO_IRQ,OK","FULL,FULL,NONE,FULL",
9.941781,2026-09-01T19:10:20.621+01:00,6293248,136089,3172,3172,True,True,0x0B,"OK,OK,NO_IRQ,OK","FULL,FULL,NONE,FULL",
9.942057,2026-09-01T19:10:20.629+01:00,6296420,136090,3172,3172,True,True,0x0B,"OK,OK,NO_IRQ,OK","FULL,FULL,NONE,FULL",
9.948537,2026-09-01T19:10:20.629+01:00,6299592,136091,3172,3172,True,True,0x0B,"OK,OK,NO_IRQ,OK","FULL,FULL,NONE,FULL",
9.952194,2026-09-01T19:10:20.636+01:00,6302764,136092,3172,3172,True,True,0x0B,"OK,OK,NO_IRQ,OK","FULL,FULL,NONE,FULL",
9.960634,2026-09-01T19:10:20.640+01:00,6305936,136093,3172,3172,True,True,0x0B,"OK,OK,NO_IRQ,OK","FULL,FULL,NONE,FULL",
9.962476,2026-09-01T19:10:20.649+01:00,6309108,136094,3172,3172,True,True,0x0B,"OK,OK,NO_IRQ,OK","FULL,FULL,NONE,FULL",
9.970218,2026-09-01T19:10:20.650+01:00,6312280,136095,3172,3172,True,True,0x0B,"OK,OK,NO_IRQ,OK","FULL,FULL,NONE,FULL",
9.973027,2026-09-01T19:10:20.657+01:00,6315452,136096,3172,3172,True,True,0x0B,"OK,OK,NO_IRQ,OK","FULL,FULL,NONE,FULL",
9.976777,2026-09-01T19:10:20.660+01:00,6318624,136097,3172,3172,True,True,0x0B,"OK,OK,NO_IRQ,OK","FULL,FULL,NONE,FULL",
9.981896,2026-09-01T19:10:20.664+01:00,6321796,136098,3172,3172,True,True,0x0B,"OK,OK,NO_IRQ,OK","FULL,FULL,NONE,FULL",
9.991319,2026-09-01T19:10:20.669+01:00,6324968,136099,3172,3172,True,True,0x0B,"OK,OK,NO_IRQ,OK","FULL,FULL,NONE,FULL",
9.992006,2026-09-01T19:10:20.679+01:00,6328140,136100,3172,3172,True,True,0x0B,"OK,OK,NO_IRQ,OK","FULL,FULL,NONE,FULL",
9.997087,2026-09-01T19:10:20.679+01:00,6331312,136101,3172,3172,True,True,0x0B,"OK,OK,NO_IRQ,OK","FULL,FULL,NONE,FULL",
10.007447,2026-09-01T19:10:20.684+01:00,6334484,136102,3172,3172,True,True,0x0B,"OK,OK,NO_IRQ,OK","FULL,FULL,NONE,FULL",
10.007660,2026-09-01T19:10:20.695+01:00,6337656,136103,3172,3172,True,True,0x0B,"OK,OK,NO_IRQ,OK","FULL,FULL,NONE,FULL",
10.012352,2026-09-01T19:10:20.695+01:00,6340828,136104,3172,3172,True,True,0x0B,"OK,OK,NO_IRQ,OK","FULL,FULL,NONE,FULL",
10.019288,2026-09-01T19:10:20.700+01:00,6344000,136105,3172,3172,True,True,0x0B,"OK,OK,NO_IRQ,OK","FULL,FULL,NONE,FULL",
10.024486,2026-09-01T19:10:20.708+01:00,6347172,136106,3172,3172,True,True,0x0B,"OK,OK,NO_IRQ,OK","FULL,FULL,NONE,FULL",
10.027087,2026-09-01T19:10:20.712+01:00,6350344,136107,3172,3172,True,True,0x0B,"OK,OK,NO_IRQ,OK","FULL,FULL,NONE,FULL",
10.032511,2026-09-01T19:10:20.714+01:00,6353516,136108,3172,3172,True,True,0x0B,"OK,OK,NO_IRQ,OK","FULL,FULL,NONE,FULL",
10.042786,2026-09-01T19:10:20.720+01:00,6356688,136109,3172,3172,True,True,0x0B,"OK,OK,NO_IRQ,OK","FULL,FULL,NONE,FULL",
10.043330,2026-09-01T19:10:20.730+01:00,6359860,136110,3172,3172,True,True,0x0B,"OK,OK,NO_IRQ,OK","FULL,FULL,NONE,FULL",
10.047237,2026-09-01T19:10:20.731+01:00,6363032,136111,3172,3172,True,True,0x0B,"OK,OK,NO_IRQ,OK","FULL,FULL,NONE,FULL",
10.051862,2026-09-01T19:10:20.735+01:00,6366204,136112,3172,3172,True,True,0x0B,"OK,OK,NO_IRQ,OK","FULL,FULL,NONE,FULL",
10.062260,2026-09-01T19:10:20.739+01:00,6369376,136113,3172,3172,True,True,0x0B,"OK,OK,NO_IRQ,OK","FULL,FULL,NONE,FULL",
10.062870,2026-09-01T19:10:20.750+01:00,6372548,136114,3172,3172,True,True,0x0B,"OK,OK,NO_IRQ,OK","FULL,FULL,NONE,FULL",
10.067164,2026-09-01T19:10:20.750+01:00,6375720,136115,3172,3172,True,True,0x0B,"OK,OK,NO_IRQ,OK","FULL,FULL,NONE,FULL",
10.072868,2026-09-01T19:10:20.755+01:00,6378892,136116,3172,3172,True,True,0x0B,"OK,OK,NO_IRQ,OK","FULL,FULL,NONE,FULL",
10.080289,2026-09-01T19:10:20.760+01:00,6382064,136117,3172,3172,True,True,0x0B,"OK,OK,NO_IRQ,OK","FULL,FULL,NONE,FULL",
10.082159,2026-09-01T19:10:20.768+01:00,6385236,136118,3172,3172,True,True,0x0B,"OK,OK,NO_IRQ,OK","FULL,FULL,NONE,FULL",
10.087134,2026-09-01T19:10:20.769+01:00,6388408,136119,3172,3172,True,True,0x0B,"OK,OK,NO_IRQ,OK","FULL,FULL,NONE,FULL",
10.092965,2026-09-01T19:10:20.774+01:00,6391580,136120,3172,3172,True,True,0x0B,"OK,OK,NO_IRQ,OK","FULL,FULL,NONE,FULL",
10.097632,2026-09-01T19:10:20.780+01:00,6394752,136121,3172,3172,True,True,0x0B,"OK,OK,NO_IRQ,OK","FULL,FULL,NONE,FULL",
10.101909,2026-09-01T19:10:20.785+01:00,6397924,136122,3172,3172,True,True,0x0B,"OK,OK,NO_IRQ,OK","FULL,FULL,NONE,FULL",
10.106832,2026-09-01T19:10:20.789+01:00,6401096,136123,3172,3172,True,True,0x0B,"OK,OK,NO_IRQ,OK","FULL,FULL,NONE,FULL",
10.111983,2026-09-01T19:10:20.794+01:00,6404268,136124,3172,3172,True,True,0x0B,"OK,OK,NO_IRQ,OK","FULL,FULL,NONE,FULL",
10.124948,2026-09-01T19:10:20.799+01:00,6407440,136125,3172,3172,True,True,0x0B,"OK,OK,NO_IRQ,OK","FULL,FULL,NONE,FULL",
10.125224,2026-09-01T19:10:20.812+01:00,6410612,136126,3172,3172,True,True,0x0B,"OK,OK,NO_IRQ,OK","FULL,FULL,NONE,FULL",
10.127088,2026-09-01T19:10:20.812+01:00,6413784,136127,3172,3172,True,True,0x0B,"OK,OK,NO_IRQ,OK","FULL,FULL,NONE,FULL",
10.132328,2026-09-01T19:10:20.815+01:00,6416956,136128,3172,3172,True,True,0x0B,"OK,OK,NO_IRQ,OK","FULL,FULL,NONE,FULL",
10.140148,2026-09-01T19:10:20.820+01:00,6420128,136129,3172,3172,True,True,0x0B,"OK,OK,NO_IRQ,OK","FULL,FULL,NONE,FULL",
10.143174,2026-09-01T19:10:20.827+01:00,6423300,136130,3172,3172,True,True,0x0B,"OK,OK,NO_IRQ,OK","FULL,FULL,NONE,FULL",
10.147262,2026-09-01T19:10:20.830+01:00,6426472,136131,3172,3172,True,True,0x0B,"OK,OK,NO_IRQ,OK","FULL,FULL,NONE,FULL",
10.152322,2026-09-01T19:10:20.834+01:00,6429644,136132,3172,3172,True,True,0x0B,"OK,OK,NO_IRQ,OK","FULL,FULL,NONE,FULL",
10.160040,2026-09-01T19:10:20.840+01:00,6432816,136133,3172,3172,True,True,0x0B,"OK,OK,NO_IRQ,OK","FULL,FULL,NONE,FULL",
10.162511,2026-09-01T19:10:20.847+01:00,6435988,136134,3172,3172,True,True,0x0B,"OK,OK,NO_IRQ,OK","FULL,FULL,NONE,FULL",
10.167342,2026-09-01T19:10:20.850+01:00,6439160,136135,3172,3172,True,True,0x0B,"OK,OK,NO_IRQ,OK","FULL,FULL,NONE,FULL",
10.173550,2026-09-01T19:10:20.855+01:00,6442332,136136,3172,3172,True,True,0x0B,"OK,OK,NO_IRQ,OK","FULL,FULL,NONE,FULL",
10.178885,2026-09-01T19:10:20.861+01:00,6445504,136137,3172,3172,True,True,0x0B,"OK,OK,NO_IRQ,OK","FULL,FULL,NONE,FULL",
10.182327,2026-09-01T19:10:20.866+01:00,6448676,136138,3172,3172,True,True,0x0B,"OK,OK,NO_IRQ,OK","FULL,FULL,NONE,FULL",
10.187353,2026-09-01T19:10:20.870+01:00,6451848,136139,3172,3172,True,True,0x0B,"OK,OK,NO_IRQ,OK","FULL,FULL,NONE,FULL",
10.192500,2026-09-01T19:10:20.875+01:00,6455020,136140,3172,3172,True,True,0x0B,"OK,OK,NO_IRQ,OK","FULL,FULL,NONE,FULL",
10.198364,2026-09-01T19:10:20.880+01:00,6458192,136141,3172,3172,True,True,0x0B,"OK,OK,NO_IRQ,OK","FULL,FULL,NONE,FULL",
10.202457,2026-09-01T19:10:20.886+01:00,6461364,136142,3172,3172,True,True,0x0B,"OK,OK,NO_IRQ,OK","FULL,FULL,NONE,FULL",
10.208124,2026-09-01T19:10:20.890+01:00,6464536,136143,3172,3172,True,True,0x0B,"OK,OK,NO_IRQ,OK","FULL,FULL,NONE,FULL",
10.215178,2026-09-01T19:10:20.895+01:00,6467708,136144,3172,3172,True,True,0x0B,"OK,OK,NO_IRQ,OK","FULL,FULL,NONE,FULL",
10.217280,2026-09-01T19:10:20.902+01:00,6470880,136145,3172,3172,True,True,0x0B,"OK,OK,NO_IRQ,OK","FULL,FULL,NONE,FULL",
10.223062,2026-09-01T19:10:20.905+01:00,6474052,136146,3172,3172,True,True,0x0B,"OK,OK,NO_IRQ,OK","FULL,FULL,NONE,FULL",
10.232963,2026-09-01T19:10:20.910+01:00,6477224,136147,3172,3172,True,True,0x0B,"OK,OK,NO_IRQ,OK","FULL,FULL,NONE,FULL",
10.233916,2026-09-01T19:10:20.920+01:00,6480396,136148,3172,3172,True,True,0x0B,"OK,OK,NO_IRQ,OK","FULL,FULL,NONE,FULL",
10.237566,2026-09-01T19:10:20.921+01:00,6483568,136149,3172,3172,True,True,0x0B,"OK,OK,NO_IRQ,OK","FULL,FULL,NONE,FULL",
10.242397,2026-09-01T19:10:20.925+01:00,6486740,136150,3172,3172,True,True,0x0B,"OK,OK,NO_IRQ,OK","FULL,FULL,NONE,FULL",
10.250926,2026-09-01T19:10:20.930+01:00,6489912,136151,3172,3172,True,True,0x0B,"OK,OK,NO_IRQ,OK","FULL,FULL,NONE,FULL",
10.252408,2026-09-01T19:10:20.938+01:00,6493084,136152,3172,3172,True,True,0x0B,"OK,OK,NO_IRQ,OK","FULL,FULL,NONE,FULL",
10.258241,2026-09-01T19:10:20.940+01:00,6496256,136153,3172,3172,True,True,0x0B,"OK,OK,NO_IRQ,OK","FULL,FULL,NONE,FULL",
10.263454,2026-09-01T19:10:20.945+01:00,6499428,136154,3172,3172,True,True,0x0B,"OK,OK,NO_IRQ,OK","FULL,FULL,NONE,FULL",
10.267953,2026-09-01T19:10:20.951+01:00,6502600,136155,3172,3172,True,True,0x0B,"OK,OK,NO_IRQ,OK","FULL,FULL,NONE,FULL",
10.272748,2026-09-01T19:10:20.955+01:00,6505772,136156,3172,3172,True,True,0x0B,"OK,OK,NO_IRQ,OK","FULL,FULL,NONE,FULL",
10.277266,2026-09-01T19:10:20.960+01:00,6508944,136157,3172,3172,True,True,0x0B,"OK,OK,NO_IRQ,OK","FULL,FULL,NONE,FULL",
10.292743,2026-09-01T19:10:20.964+01:00,6512116,136158,3172,3172,True,True,0x0B,"OK,OK,NO_IRQ,OK","FULL,FULL,NONE,FULL",
10.293036,2026-09-01T19:10:20.980+01:00,6515288,136159,3172,3172,True,True,0x0B,"OK,OK,NO_IRQ,OK","FULL,FULL,NONE,FULL",
10.293224,2026-09-01T19:10:20.980+01:00,6518460,136160,3172,3172,True,True,0x0B,"OK,OK,NO_IRQ,OK","FULL,FULL,NONE,FULL",
10.308343,2026-09-01T19:10:20.980+01:00,6521632,136161,3172,3172,True,True,0x0B,"OK,OK,NO_IRQ,OK","FULL,FULL,NONE,FULL",
10.308607,2026-09-01T19:10:20.996+01:00,6524804,136162,3172,3172,True,True,0x0B,"OK,OK,NO_IRQ,OK","FULL,FULL,NONE,FULL",
10.308887,2026-09-01T19:10:20.996+01:00,6527976,136163,3172,3172,True,True,0x0B,"OK,OK,NO_IRQ,OK","FULL,FULL,NONE,FULL",
10.312561,2026-09-01T19:10:20.996+01:00,6531148,136164,3172,3172,True,True,0x0B,"OK,OK,NO_IRQ,OK","FULL,FULL,NONE,FULL",
10.325921,2026-09-01T19:10:21.000+01:00,6534320,136165,3172,3172,True,True,0x0B,"OK,OK,NO_IRQ,OK","FULL,FULL,NONE,FULL",
10.326172,2026-09-01T19:10:21.013+01:00,6537492,136166,3172,3172,True,True,0x0B,"OK,OK,NO_IRQ,OK","FULL,FULL,NONE,FULL",
10.327665,2026-09-01T19:10:21.014+01:00,6540664,136167,3172,3172,True,True,0x0B,"OK,OK,NO_IRQ,OK","FULL,FULL,NONE,FULL",
10.332830,2026-09-01T19:10:21.015+01:00,6543836,136168,3172,3172,True,True,0x0B,"OK,OK,NO_IRQ,OK","FULL,FULL,NONE,FULL",
10.342559,2026-09-01T19:10:21.020+01:00,6547008,136169,3172,3172,True,True,0x0B,"OK,OK,NO_IRQ,OK","FULL,FULL,NONE,FULL",
10.343241,2026-09-01T19:10:21.030+01:00,6550180,136170,3172,3172,True,True,0x0B,"OK,OK,NO_IRQ,OK","FULL,FULL,NONE,FULL",
10.347687,2026-09-01T19:10:21.030+01:00,6553352,136171,3172,3172,True,True,0x0B,"OK,OK,NO_IRQ,OK","FULL,FULL,NONE,FULL",
10.352760,2026-09-01T19:10:21.035+01:00,6556524,136172,3172,3172,True,True,0x0B,"OK,OK,NO_IRQ,OK","FULL,FULL,NONE,FULL",
10.361664,2026-09-01T19:10:21.040+01:00,6559696,136173,3172,3172,True,True,0x0B,"OK,OK,NO_IRQ,OK","FULL,FULL,NONE,FULL",
10.362854,2026-09-01T19:10:21.049+01:00,6562868,136174,3172,3172,True,True,0x0B,"OK,OK,NO_IRQ,OK","FULL,FULL,NONE,FULL",
10.367697,2026-09-01T19:10:21.050+01:00,6566040,136175,3172,3172,True,True,0x0B,"OK,OK,NO_IRQ,OK","FULL,FULL,NONE,FULL",
10.372646,2026-09-01T19:10:21.055+01:00,6569212,136176,3172,3172,True,True,0x0B,"OK,OK,NO_IRQ,OK","FULL,FULL,NONE,FULL",
10.379004,2026-09-01T19:10:21.060+01:00,6572384,136177,3172,3172,True,True,0x0B,"OK,OK,NO_IRQ,OK","FULL,FULL,NONE,FULL",
10.382797,2026-09-01T19:10:21.066+01:00,6575556,136178,3172,3172,True,True,0x0B,"OK,OK,NO_IRQ,OK","FULL,FULL,NONE,FULL",
10.387466,2026-09-01T19:10:21.070+01:00,6578728,136179,3172,3172,True,True,0x0B,"OK,OK,NO_IRQ,OK","FULL,FULL,NONE,FULL",
10.397611,2026-09-01T19:10:21.075+01:00,6581900,136180,3172,3172,True,True,0x0B,"OK,OK,NO_IRQ,OK","FULL,FULL,NONE,FULL",
10.398333,2026-09-01T19:10:21.085+01:00,6585072,136181,3172,3172,True,True,0x0B,"OK,OK,NO_IRQ,OK","FULL,FULL,NONE,FULL",
10.402727,2026-09-01T19:10:21.086+01:00,6588244,136182,3172,3172,True,True,0x0B,"OK,OK,NO_IRQ,OK","FULL,FULL,NONE,FULL",
10.414475,2026-09-01T19:10:21.090+01:00,6591416,136183,3172,3172,True,True,0x0B,"OK,OK,NO_IRQ,OK","FULL,FULL,NONE,FULL",
10.415533,2026-09-01T19:10:21.102+01:00,6594588,136184,3172,3172,True,True,0x0B,"OK,OK,NO_IRQ,OK","FULL,FULL,NONE,FULL",
10.417759,2026-09-01T19:10:21.103+01:00,6597760,136185,3172,3172,True,True,0x0B,"OK,OK,NO_IRQ,OK","FULL,FULL,NONE,FULL",
10.423543,2026-09-01T19:10:21.105+01:00,6600932,136186,3172,3172,True,True,0x0B,"OK,OK,NO_IRQ,OK","FULL,FULL,NONE,FULL",
10.427648,2026-09-01T19:10:21.111+01:00,6604104,136187,3172,3172,True,True,0x0B,"OK,OK,NO_IRQ,OK","FULL,FULL,NONE,FULL",
10.435157,2026-09-01T19:10:21.115+01:00,6607276,136188,3172,3172,True,True,0x0B,"OK,OK,NO_IRQ,OK","FULL,FULL,NONE,FULL",
10.438084,2026-09-01T19:10:21.122+01:00,6610448,136189,3172,3172,True,True,0x0B,"OK,OK,NO_IRQ,OK","FULL,FULL,NONE,FULL",
10.442600,2026-09-01T19:10:21.125+01:00,6613620,136190,3172,3172,True,True,0x0B,"OK,OK,NO_IRQ,OK","FULL,FULL,NONE,FULL",
10.448322,2026-09-01T19:10:21.130+01:00,6616792,136191,3172,3172,True,True,0x0B,"OK,OK,NO_IRQ,OK","FULL,FULL,NONE,FULL",
10.452875,2026-09-01T19:10:21.136+01:00,6619964,136192,3172,3172,True,True,0x0B,"OK,OK,NO_IRQ,OK","FULL,FULL,NONE,FULL",
10.457774,2026-09-01T19:10:21.142+01:00,6623136,136193,3172,3172,True,True,0x0B,"OK,OK,NO_IRQ,OK","FULL,FULL,NONE,FULL",
10.462673,2026-09-01T19:10:21.145+01:00,6626308,136194,3172,3172,True,True,0x0B,"OK,OK,NO_IRQ,OK","FULL,FULL,NONE,FULL",
10.467876,2026-09-01T19:10:21.150+01:00,6629480,136195,3172,3172,True,True,0x0B,"OK,OK,NO_IRQ,OK","FULL,FULL,NONE,FULL",
10.473232,2026-09-01T19:10:21.158+01:00,6632652,136196,3172,3172,True,True,0x0B,"OK,OK,NO_IRQ,OK","FULL,FULL,NONE,FULL",
10.481866,2026-09-01T19:10:21.161+01:00,6635824,136197,3172,3172,True,True,0x0B,"OK,OK,NO_IRQ,OK","FULL,FULL,NONE,FULL",
10.482776,2026-09-01T19:10:21.169+01:00,6638996,136198,3172,3172,True,True,0x0B,"OK,OK,NO_IRQ,OK","FULL,FULL,NONE,FULL",
10.488080,2026-09-01T19:10:21.170+01:00,6642168,136199,3172,3172,True,True,0x0B,"OK,OK,NO_IRQ,OK","FULL,FULL,NONE,FULL",
10.493292,2026-09-01T19:10:21.176+01:00,6645340,136200,3172,3172,True,True,0x0B,"OK,OK,NO_IRQ,OK","FULL,FULL,NONE,FULL",
10.500809,2026-09-01T19:10:21.181+01:00,6648512,136201,3172,3172,True,True,0x0B,"OK,OK,NO_IRQ,OK","FULL,FULL,NONE,FULL",
10.502699,2026-09-01T19:10:21.188+01:00,6651684,136202,3172,3172,True,True,0x0B,"OK,OK,NO_IRQ,OK","FULL,FULL,NONE,FULL",
10.508114,2026-09-01T19:10:21.190+01:00,6654856,136203,3172,3172,True,True,0x0B,"OK,OK,NO_IRQ,OK","FULL,FULL,NONE,FULL",
10.517270,2026-09-01T19:10:21.195+01:00,6658028,136204,3172,3172,True,True,0x0B,"OK,OK,NO_IRQ,OK","FULL,FULL,NONE,FULL",
10.518081,2026-09-01T19:10:21.205+01:00,6661200,136205,3172,3172,True,True,0x0B,"OK,OK,NO_IRQ,OK","FULL,FULL,NONE,FULL",
10.525935,2026-09-01T19:10:21.205+01:00,6664372,136206,3172,3172,True,True,0x0B,"OK,OK,NO_IRQ,OK","FULL,FULL,NONE,FULL",
10.527908,2026-09-01T19:10:21.213+01:00,6667544,136207,3172,3172,True,True,0x0B,"OK,OK,NO_IRQ,OK","FULL,FULL,NONE,FULL",
10.534849,2026-09-01T19:10:21.215+01:00,6670716,136208,3172,3172,True,True,0x0B,"OK,OK,NO_IRQ,OK","FULL,FULL,NONE,FULL",
10.538550,2026-09-01T19:10:21.222+01:00,6673888,136209,3172,3172,True,True,0x0B,"OK,OK,NO_IRQ,OK","FULL,FULL,NONE,FULL",
10.543166,2026-09-01T19:10:21.226+01:00,6677060,136210,3172,3172,True,True,0x0B,"OK,OK,NO_IRQ,OK","FULL,FULL,NONE,FULL",
10.551516,2026-09-01T19:10:21.230+01:00,6680232,136211,3172,3172,True,True,0x0B,"OK,OK,NO_IRQ,OK","FULL,FULL,NONE,FULL",
10.553331,2026-09-01T19:10:21.239+01:00,6683404,136212,3172,3172,True,True,0x0B,"OK,OK,NO_IRQ,OK","FULL,FULL,NONE,FULL",
10.558708,2026-09-01T19:10:21.241+01:00,6686576,136213,3172,3172,True,True,0x0B,"OK,OK,NO_IRQ,OK","FULL,FULL,NONE,FULL",
10.562936,2026-09-01T19:10:21.246+01:00,6689748,136214,3172,3172,True,True,0x0B,"OK,OK,NO_IRQ,OK","FULL,FULL,NONE,FULL",
10.570120,2026-09-01T19:10:21.250+01:00,6692920,136215,3172,3172,True,True,0x0B,"OK,OK,NO_IRQ,OK","FULL,FULL,NONE,FULL",
10.574560,2026-09-01T19:10:21.257+01:00,6696092,136216,3172,3172,True,True,0x0B,"OK,OK,NO_IRQ,OK","FULL,FULL,NONE,FULL",
10.578021,2026-09-01T19:10:21.262+01:00,6699264,136217,3172,3172,True,True,0x0B,"OK,OK,NO_IRQ,OK","FULL,FULL,NONE,FULL",
10.583015,2026-09-01T19:10:21.266+01:00,6702436,136218,3172,3172,True,True,0x0B,"OK,OK,NO_IRQ,OK","FULL,FULL,NONE,FULL",
10.590372,2026-09-01T19:10:21.270+01:00,6705608,136219,3172,3172,True,True,0x0B,"OK,OK,NO_IRQ,OK","FULL,FULL,NONE,FULL",
10.593221,2026-09-01T19:10:21.278+01:00,6708780,136220,3172,3172,True,True,0x0B,"OK,OK,NO_IRQ,OK","FULL,FULL,NONE,FULL",
10.598302,2026-09-01T19:10:21.281+01:00,6711952,136221,3172,3172,True,True,0x0B,"OK,OK,NO_IRQ,OK","FULL,FULL,NONE,FULL",
10.608734,2026-09-01T19:10:21.285+01:00,6715124,136222,3172,3172,True,True,0x0B,"OK,OK,NO_IRQ,OK","FULL,FULL,NONE,FULL",
10.608970,2026-09-01T19:10:21.296+01:00,6718296,136223,3172,3172,True,True,0x0B,"OK,OK,NO_IRQ,OK","FULL,FULL,NONE,FULL",
10.613408,2026-09-01T19:10:21.296+01:00,6721468,136224,3172,3172,True,True,0x0B,"OK,OK,NO_IRQ,OK","FULL,FULL,NONE,FULL",
10.618071,2026-09-01T19:10:21.301+01:00,6724640,136225,3172,3172,True,True,0x0B,"OK,OK,NO_IRQ,OK","FULL,FULL,NONE,FULL",
10.623462,2026-09-01T19:10:21.305+01:00,6727812,136226,3172,3172,True,True,0x0B,"OK,OK,NO_IRQ,OK","FULL,FULL,NONE,FULL",
10.627926,2026-09-01T19:10:21.311+01:00,6730984,136227,3172,3172,True,True,0x0B,"OK,OK,NO_IRQ,OK","FULL,FULL,NONE,FULL",
10.632788,2026-09-01T19:10:21.316+01:00,6734156,136228,3172,3172,True,True,0x0B,"OK,OK,NO_IRQ,OK","FULL,FULL,NONE,FULL",
10.637845,2026-09-01T19:10:21.320+01:00,6737328,136229,3172,3172,True,True,0x0B,"OK,OK,NO_IRQ,OK","FULL,FULL,NONE,FULL",
10.650373,2026-09-01T19:10:21.326+01:00,6740500,136230,3172,3172,True,True,0x0B,"OK,OK,NO_IRQ,OK","FULL,FULL,NONE,FULL",
10.650723,2026-09-01T19:10:21.338+01:00,6743672,136231,3172,3172,True,True,0x0B,"OK,OK,NO_IRQ,OK","FULL,FULL,NONE,FULL",
10.658152,2026-09-01T19:10:21.338+01:00,6746844,136232,3172,3172,True,True,0x0B,"OK,OK,NO_IRQ,OK","FULL,FULL,NONE,FULL",
10.658432,2026-09-01T19:10:21.345+01:00,6750016,136233,3172,3172,True,True,0x0B,"OK,OK,NO_IRQ,OK","FULL,FULL,NONE,FULL",
10.664660,2026-09-01T19:10:21.346+01:00,6753188,136234,3172,3172,True,True,0x0B,"OK,OK,NO_IRQ,OK","FULL,FULL,NONE,FULL",
10.668269,2026-09-01T19:10:21.352+01:00,6756360,136235,3172,3172,True,True,0x0B,"OK,OK,NO_IRQ,OK","FULL,FULL,NONE,FULL",
10.673434,2026-09-01T19:10:21.356+01:00,6759532,136236,3172,3172,True,True,0x0B,"OK,OK,NO_IRQ,OK","FULL,FULL,NONE,FULL",
10.683759,2026-09-01T19:10:21.361+01:00,6762704,136237,3172,3172,True,True,0x0B,"OK,OK,NO_IRQ,OK","FULL,FULL,NONE,FULL",
10.684755,2026-09-01T19:10:21.371+01:00,6765876,136238,3172,3172,True,True,0x0B,"OK,OK,NO_IRQ,OK","FULL,FULL,NONE,FULL",
10.688787,2026-09-01T19:10:21.372+01:00,6769048,136239,3172,3172,True,True,0x0B,"OK,OK,NO_IRQ,OK","FULL,FULL,NONE,FULL",
10.693228,2026-09-01T19:10:21.376+01:00,6772220,136240,3172,3172,True,True,0x0B,"OK,OK,NO_IRQ,OK","FULL,FULL,NONE,FULL",
10.701422,2026-09-01T19:10:21.380+01:00,6775392,136241,3172,3172,True,True,0x0B,"OK,OK,NO_IRQ,OK","FULL,FULL,NONE,FULL",
10.703428,2026-09-01T19:10:21.389+01:00,6778564,136242,3172,3172,True,True,0x0B,"OK,OK,NO_IRQ,OK","FULL,FULL,NONE,FULL",
10.708711,2026-09-01T19:10:21.391+01:00,6781736,136243,3172,3172,True,True,0x0B,"OK,OK,NO_IRQ,OK","FULL,FULL,NONE,FULL",
10.713519,2026-09-01T19:10:21.396+01:00,6784908,136244,3172,3172,True,True,0x0B,"OK,OK,NO_IRQ,OK","FULL,FULL,NONE,FULL",
10.719487,2026-09-01T19:10:21.401+01:00,6788080,136245,3172,3172,True,True,0x0B,"OK,OK,NO_IRQ,OK","FULL,FULL,NONE,FULL",
10.724215,2026-09-01T19:10:21.407+01:00,6791252,136246,3172,3172,True,True,0x0B,"OK,OK,NO_IRQ,OK","FULL,FULL,NONE,FULL",
10.728521,2026-09-01T19:10:21.411+01:00,6794424,136247,3172,3172,True,True,0x0B,"OK,OK,NO_IRQ,OK","FULL,FULL,NONE,FULL",
10.733407,2026-09-01T19:10:21.416+01:00,6797596,136248,3172,3172,True,True,0x0B,"OK,OK,NO_IRQ,OK","FULL,FULL,NONE,FULL",
10.741666,2026-09-01T19:10:21.421+01:00,6800768,136249,3172,3172,True,True,0x0B,"OK,OK,NO_IRQ,OK","FULL,FULL,NONE,FULL",
10.743216,2026-09-01T19:10:21.429+01:00,6803940,136250,3172,3172,True,True,0x0B,"OK,OK,NO_IRQ,OK","FULL,FULL,NONE,FULL",
10.748593,2026-09-01T19:10:21.430+01:00,6807112,136251,3172,3172,True,True,0x0B,"OK,OK,NO_IRQ,OK","FULL,FULL,NONE,FULL",
10.758082,2026-09-01T19:10:21.436+01:00,6810284,136252,3172,3172,True,True,0x0B,"OK,OK,NO_IRQ,OK","FULL,FULL,NONE,FULL",
10.758317,2026-09-01T19:10:21.445+01:00,6813456,136253,3172,3172,True,True,0x0B,"OK,OK,NO_IRQ,OK","FULL,FULL,NONE,FULL",
10.763643,2026-09-01T19:10:21.446+01:00,6816628,136254,3172,3172,True,True,0x0B,"OK,OK,NO_IRQ,OK","FULL,FULL,NONE,FULL",
10.768359,2026-09-01T19:10:21.451+01:00,6819800,136255,3172,3172,True,True,0x0B,"OK,OK,NO_IRQ,OK","FULL,FULL,NONE,FULL",
10.776108,2026-09-01T19:10:21.456+01:00,6822972,136256,3172,3172,True,True,0x0B,"OK,OK,NO_IRQ,OK","FULL,FULL,NONE,FULL",
10.778368,2026-09-01T19:10:21.463+01:00,6826144,136257,3172,3172,True,True,0x0B,"OK,OK,NO_IRQ,OK","FULL,FULL,NONE,FULL",
10.783494,2026-09-01T19:10:21.466+01:00,6829316,136258,3172,3172,True,True,0x0B,"OK,OK,NO_IRQ,OK","FULL,FULL,NONE,FULL",
10.792629,2026-09-01T19:10:21.471+01:00,6832488,136259,3172,3172,True,True,0x0B,"OK,OK,NO_IRQ,OK","FULL,FULL,NONE,FULL",
10.793896,2026-09-01T19:10:21.480+01:00,6835660,136260,3172,3172,True,True,0x0B,"OK,OK,NO_IRQ,OK","FULL,FULL,NONE,FULL",
10.798629,2026-09-01T19:10:21.481+01:00,6838832,136261,3172,3172,True,True,0x0B,"OK,OK,NO_IRQ,OK","FULL,FULL,NONE,FULL",
10.805757,2026-09-01T19:10:21.486+01:00,6842004,136262,3172,3172,True,True,0x0B,"OK,OK,NO_IRQ,OK","FULL,FULL,NONE,FULL",
10.808980,2026-09-01T19:10:21.493+01:00,6845176,136263,3172,3172,True,True,0x0B,"OK,OK,NO_IRQ,OK","FULL,FULL,NONE,FULL",
10.813759,2026-09-01T19:10:21.496+01:00,6848348,136264,3172,3172,True,True,0x0B,"OK,OK,NO_IRQ,OK","FULL,FULL,NONE,FULL",
10.818615,2026-09-01T19:10:21.501+01:00,6851520,136265,3172,3172,True,True,0x0B,"OK,OK,NO_IRQ,OK","FULL,FULL,NONE,FULL",
10.824394,2026-09-01T19:10:21.506+01:00,6854692,136266,3172,3172,True,True,0x0B,"OK,OK,NO_IRQ,OK","FULL,FULL,NONE,FULL",
10.836755,2026-09-01T19:10:21.512+01:00,6857864,136267,3172,3172,True,True,0x0B,"OK,OK,NO_IRQ,OK","FULL,FULL,NONE,FULL",
10.838107,2026-09-01T19:10:21.524+01:00,6861036,136268,3172,3172,True,True,0x0B,"OK,OK,NO_IRQ,OK","FULL,FULL,NONE,FULL",
10.839331,2026-09-01T19:10:21.526+01:00,6864208,136269,3172,3172,True,True,0x0B,"OK,OK,NO_IRQ,OK","FULL,FULL,NONE,FULL",
10.843491,2026-09-01T19:10:21.527+01:00,6867380,136270,3172,3172,True,True,0x0B,"OK,OK,NO_IRQ,OK","FULL,FULL,NONE,FULL",
10.848874,2026-09-01T19:10:21.531+01:00,6870552,136271,3172,3172,True,True,0x0B,"OK,OK,NO_IRQ,OK","FULL,FULL,NONE,FULL",
10.858778,2026-09-01T19:10:21.536+01:00,6873724,136272,3172,3172,True,True,0x0B,"OK,OK,NO_IRQ,OK","FULL,FULL,NONE,FULL",
10.859469,2026-09-01T19:10:21.546+01:00,6876896,136273,3172,3172,True,True,0x0B,"OK,OK,NO_IRQ,OK","FULL,FULL,NONE,FULL",
10.864155,2026-09-01T19:10:21.547+01:00,6880068,136274,3172,3172,True,True,0x0B,"OK,OK,NO_IRQ,OK","FULL,FULL,NONE,FULL",
10.868331,2026-09-01T19:10:21.552+01:00,6883240,136275,3172,3172,True,True,0x0B,"OK,OK,NO_IRQ,OK","FULL,FULL,NONE,FULL",
10.877082,2026-09-01T19:10:21.556+01:00,6886412,136276,3172,3172,True,True,0x0B,"OK,OK,NO_IRQ,OK","FULL,FULL,NONE,FULL",
10.878789,2026-09-01T19:10:21.565+01:00,6889584,136277,3172,3172,True,True,0x0B,"OK,OK,NO_IRQ,OK","FULL,FULL,NONE,FULL",
10.883879,2026-09-01T19:10:21.566+01:00,6892756,136278,3172,3172,True,True,0x0B,"OK,OK,NO_IRQ,OK","FULL,FULL,NONE,FULL",
10.894301,2026-09-01T19:10:21.571+01:00,6895928,136279,3172,3172,True,True,0x0B,"OK,OK,NO_IRQ,OK","FULL,FULL,NONE,FULL",
10.895467,2026-09-01T19:10:21.582+01:00,6899100,136280,3172,3172,True,True,0x0B,"OK,OK,NO_IRQ,OK","FULL,FULL,NONE,FULL",
10.898794,2026-09-01T19:10:21.583+01:00,6902272,136281,3172,3172,True,True,0x0B,"OK,OK,NO_IRQ,OK","FULL,FULL,NONE,FULL",
10.903519,2026-09-01T19:10:21.586+01:00,6905444,136282,3172,3172,True,True,0x0B,"OK,OK,NO_IRQ,OK","FULL,FULL,NONE,FULL",
10.908979,2026-09-01T19:10:21.591+01:00,6908616,136283,3172,3172,True,True,0x0B,"OK,OK,NO_IRQ,OK","FULL,FULL,NONE,FULL",
10.914153,2026-09-01T19:10:21.596+01:00,6911788,136284,3172,3172,True,True,0x0B,"OK,OK,NO_IRQ,OK","FULL,FULL,NONE,FULL",
10.918792,2026-09-01T19:10:21.602+01:00,6914960,136285,3172,3172,True,True,0x0B,"OK,OK,NO_IRQ,OK","FULL,FULL,NONE,FULL",
10.931191,2026-09-01T19:10:21.606+01:00,6918132,136286,3172,3172,True,True,0x0B,"OK,OK,NO_IRQ,OK","FULL,FULL,NONE,FULL",
10.931953,2026-09-01T19:10:21.619+01:00,6921304,136287,3172,3172,True,True,0x0B,"OK,OK,NO_IRQ,OK","FULL,FULL,NONE,FULL",
10.933328,2026-09-01T19:10:21.619+01:00,6924476,136288,3172,3172,True,True,0x0B,"OK,OK,NO_IRQ,OK","FULL,FULL,NONE,FULL",
10.938835,2026-09-01T19:10:21.621+01:00,6927648,136289,3172,3172,True,True,0x0B,"OK,OK,NO_IRQ,OK","FULL,FULL,NONE,FULL",
10.944237,2026-09-01T19:10:21.626+01:00,6930820,136290,3172,3172,True,True,0x0B,"OK,OK,NO_IRQ,OK","FULL,FULL,NONE,FULL",
10.950416,2026-09-01T19:10:21.632+01:00,6933992,136291,3172,3172,True,True,0x0B,"OK,OK,NO_IRQ,OK","FULL,FULL,NONE,FULL",
10.953773,2026-09-01T19:10:21.638+01:00,6937164,136292,3172,3172,True,True,0x0B,"OK,OK,NO_IRQ,OK","FULL,FULL,NONE,FULL",
10.958529,2026-09-01T19:10:21.641+01:00,6940336,136293,3172,3172,True,True,0x0B,"OK,OK,NO_IRQ,OK","FULL,FULL,NONE,FULL",
10.967394,2026-09-01T19:10:21.646+01:00,6943508,136294,3172,3172,True,True,0x0B,"OK,OK,NO_IRQ,OK","FULL,FULL,NONE,FULL",
10.968533,2026-09-01T19:10:21.655+01:00,6946680,136295,3172,3172,True,True,0x0B,"OK,OK,NO_IRQ,OK","FULL,FULL,NONE,FULL",
10.974653,2026-09-01T19:10:21.656+01:00,6949852,136296,3172,3172,True,True,0x0B,"OK,OK,NO_IRQ,OK","FULL,FULL,NONE,FULL",
10.978795,2026-09-01T19:10:21.662+01:00,6953024,136297,3172,3172,True,True,0x0B,"OK,OK,NO_IRQ,OK","FULL,FULL,NONE,FULL",
10.983515,2026-09-01T19:10:21.667+01:00,6956196,136298,3172,3172,True,True,0x0B,"OK,OK,NO_IRQ,OK","FULL,FULL,NONE,FULL",
10.988710,2026-09-01T19:10:21.671+01:00,6959368,136299,3172,3172,True,True,0x0B,"OK,OK,NO_IRQ,OK","FULL,FULL,NONE,FULL",
10.993732,2026-09-01T19:10:21.676+01:00,6962540,136300,3172,3172,True,True,0x0B,"OK,OK,NO_IRQ,OK","FULL,FULL,NONE,FULL",
10.998499,2026-09-01T19:10:21.681+01:00,6965712,136301,3172,3172,True,True,0x0B,"OK,OK,NO_IRQ,OK","FULL,FULL,NONE,FULL",
11.010459,2026-09-01T19:10:21.686+01:00,6968884,136302,3172,3172,True,True,0x0B,"OK,OK,NO_IRQ,OK","FULL,FULL,NONE,FULL",
11.010903,2026-09-01T19:10:21.698+01:00,6972056,136303,3172,3172,True,True,0x0B,"OK,OK,NO_IRQ,OK","FULL,FULL,NONE,FULL",
11.026180,2026-09-01T19:10:21.698+01:00,6975228,136304,3172,3172,True,True,0x0B,"OK,OK,NO_IRQ,OK","FULL,FULL,NONE,FULL",
11.027388,2026-09-01T19:10:21.713+01:00,6978400,136305,3172,3172,True,True,0x0B,"OK,OK,NO_IRQ,OK","FULL,FULL,NONE,FULL",
11.028419,2026-09-01T19:10:21.715+01:00,6981572,136306,3172,3172,True,True,0x0B,"OK,OK,NO_IRQ,OK","FULL,FULL,NONE,FULL",
11.029176,2026-09-01T19:10:21.716+01:00,6984744,136307,3172,3172,True,True,0x0B,"OK,OK,NO_IRQ,OK","FULL,FULL,NONE,FULL",
11.033864,2026-09-01T19:10:21.716+01:00,6987916,136308,3172,3172,True,True,0x0B,"OK,OK,NO_IRQ,OK","FULL,FULL,NONE,FULL",
11.044727,2026-09-01T19:10:21.721+01:00,6991088,136309,3172,3172,True,True,0x0B,"OK,OK,NO_IRQ,OK","FULL,FULL,NONE,FULL",
11.045065,2026-09-01T19:10:21.732+01:00,6994260,136310,3172,3172,True,True,0x0B,"OK,OK,NO_IRQ,OK","FULL,FULL,NONE,FULL",
11.048944,2026-09-01T19:10:21.732+01:00,6997432,136311,3172,3172,True,True,0x0B,"OK,OK,NO_IRQ,OK","FULL,FULL,NONE,FULL",
11.053812,2026-09-01T19:10:21.736+01:00,7000604,136312,3172,3172,True,True,0x0B,"OK,OK,NO_IRQ,OK","FULL,FULL,NONE,FULL",
11.061505,2026-09-01T19:10:21.741+01:00,7003776,136313,3172,3172,True,True,0x0B,"OK,OK,NO_IRQ,OK","FULL,FULL,NONE,FULL",
11.063602,2026-09-01T19:10:21.749+01:00,7006948,136314,3172,3172,True,True,0x0B,"OK,OK,NO_IRQ,OK","FULL,FULL,NONE,FULL",
11.068850,2026-09-01T19:10:21.751+01:00,7010120,136315,3172,3172,True,True,0x0B,"OK,OK,NO_IRQ,OK","FULL,FULL,NONE,FULL",
11.074890,2026-09-01T19:10:21.756+01:00,7013292,136316,3172,3172,True,True,0x0B,"OK,OK,NO_IRQ,OK","FULL,FULL,NONE,FULL",
11.080487,2026-09-01T19:10:21.767+01:00,7016464,136317,3172,3172,True,True,0x0B,"OK,OK,NO_IRQ,OK","FULL,FULL,NONE,FULL",
11.084111,2026-09-01T19:10:21.768+01:00,7019636,136318,3172,3172,True,True,0x0B,"OK,OK,NO_IRQ,OK","FULL,FULL,NONE,FULL",
11.091474,2026-09-01T19:10:21.772+01:00,7022808,136319,3172,3172,True,True,0x0B,"OK,OK,NO_IRQ,OK","FULL,FULL,NONE,FULL",
11.097589,2026-09-01T19:10:21.779+01:00,7025980,136320,3172,3172,True,True,0x0B,"OK,OK,NO_IRQ,OK","FULL,FULL,NONE,FULL",
11.099180,2026-09-01T19:10:21.785+01:00,7029152,136321,3172,3172,True,True,0x0B,"OK,OK,NO_IRQ,OK","FULL,FULL,NONE,FULL",
11.104118,2026-09-01T19:10:21.786+01:00,7032324,136322,3172,3172,True,True,0x0B,"OK,OK,NO_IRQ,OK","FULL,FULL,NONE,FULL",
11.109993,2026-09-01T19:10:21.792+01:00,7035496,136323,3172,3172,True,True,0x0B,"OK,OK,NO_IRQ,OK","FULL,FULL,NONE,FULL",
11.115418,2026-09-01T19:10:21.797+01:00,7038668,136324,3172,3172,True,True,0x0B,"OK,OK,NO_IRQ,OK","FULL,FULL,NONE,FULL",
11.119161,2026-09-01T19:10:21.803+01:00,7041840,136325,3172,3172,True,True,0x0B,"OK,OK,NO_IRQ,OK","FULL,FULL,NONE,FULL",
11.127858,2026-09-01T19:10:21.807+01:00,7045012,136326,3172,3172,True,True,0x0B,"OK,OK,NO_IRQ,OK","FULL,FULL,NONE,FULL",
11.132342,2026-09-01T19:10:21.816+01:00,7048184,136327,3172,3172,True,True,0x0B,"OK,OK,NO_IRQ,OK","FULL,FULL,NONE,FULL",
11.133905,2026-09-01T19:10:21.820+01:00,7051356,136328,3172,3172,True,True,0x0B,"OK,OK,NO_IRQ,OK","FULL,FULL,NONE,FULL",
11.142319,2026-09-01T19:10:21.821+01:00,7054528,136329,3172,3172,True,True,0x0B,"OK,OK,NO_IRQ,OK","FULL,FULL,NONE,FULL",
11.149286,2026-09-01T19:10:21.830+01:00,7057700,136330,3172,3172,True,True,0x0B,"OK,OK,NO_IRQ,OK","FULL,FULL,NONE,FULL",
11.150289,2026-09-01T19:10:21.837+01:00,7060872,136331,3172,3172,True,True,0x0B,"OK,OK,NO_IRQ,OK","FULL,FULL,NONE,FULL",
11.154201,2026-09-01T19:10:21.838+01:00,7064044,136332,3172,3172,True,True,0x0B,"OK,OK,NO_IRQ,OK","FULL,FULL,NONE,FULL",
11.159062,2026-09-01T19:10:21.842+01:00,7067216,136333,3172,3172,True,True,0x0B,"OK,OK,NO_IRQ,OK","FULL,FULL,NONE,FULL",
11.164106,2026-09-01T19:10:21.846+01:00,7070388,136334,3172,3172,True,True,0x0B,"OK,OK,NO_IRQ,OK","FULL,FULL,NONE,FULL",
11.169913,2026-09-01T19:10:21.851+01:00,7073560,136335,3172,3172,True,True,0x0B,"OK,OK,NO_IRQ,OK","FULL,FULL,NONE,FULL",
11.173866,2026-09-01T19:10:21.857+01:00,7076732,136336,3172,3172,True,True,0x0B,"OK,OK,NO_IRQ,OK","FULL,FULL,NONE,FULL",
11.178853,2026-09-01T19:10:21.861+01:00,7079904,136337,3172,3172,True,True,0x0B,"OK,OK,NO_IRQ,OK","FULL,FULL,NONE,FULL",
11.193434,2026-09-01T19:10:21.866+01:00,7083076,136338,3172,3172,True,True,0x0B,"OK,OK,NO_IRQ,OK","FULL,FULL,NONE,FULL",
11.193773,2026-09-01T19:10:21.881+01:00,7086248,136339,3172,3172,True,True,0x0B,"OK,OK,NO_IRQ,OK","FULL,FULL,NONE,FULL",
11.194444,2026-09-01T19:10:21.881+01:00,7089420,136340,3172,3172,True,True,0x0B,"OK,OK,NO_IRQ,OK","FULL,FULL,NONE,FULL",
11.199069,2026-09-01T19:10:21.882+01:00,7092592,136341,3172,3172,True,True,0x0B,"OK,OK,NO_IRQ,OK","FULL,FULL,NONE,FULL",
11.210150,2026-09-01T19:10:21.887+01:00,7095764,136342,3172,3172,True,True,0x0B,"OK,OK,NO_IRQ,OK","FULL,FULL,NONE,FULL",
11.211028,2026-09-01T19:10:21.898+01:00,7098936,136343,3172,3172,True,True,0x0B,"OK,OK,NO_IRQ,OK","FULL,FULL,NONE,FULL",
11.214125,2026-09-01T19:10:21.898+01:00,7102108,136344,3172,3172,True,True,0x0B,"OK,OK,NO_IRQ,OK","FULL,FULL,NONE,FULL",
11.219071,2026-09-01T19:10:21.902+01:00,7105280,136345,3172,3172,True,True,0x0B,"OK,OK,NO_IRQ,OK","FULL,FULL,NONE,FULL",
11.247539,2026-09-01T19:10:21.934+01:00,7108452,136346,3172,3172,True,True,0x0B,"OK,OK,NO_IRQ,OK","FULL,FULL,NONE,FULL",
11.248278,2026-09-01T19:10:21.935+01:00,7111624,136347,3172,3172,True,True,0x0B,"OK,OK,NO_IRQ,OK","FULL,FULL,NONE,FULL",
11.248839,2026-09-01T19:10:21.936+01:00,7114796,136348,3172,3172,True,True,0x0B,"OK,OK,NO_IRQ,OK","FULL,FULL,NONE,FULL",
11.249514,2026-09-01T19:10:21.936+01:00,7117968,136349,3172,3172,True,True,0x0B,"OK,OK,NO_IRQ,OK","FULL,FULL,NONE,FULL",
11.250172,2026-09-01T19:10:21.937+01:00,7121140,136350,3172,3172,True,True,0x0B,"OK,OK,NO_IRQ,OK","FULL,FULL,NONE,FULL",
11.250979,2026-09-01T19:10:21.938+01:00,7124312,136351,3172,3172,True,True,0x0B,"OK,OK,NO_IRQ,OK","FULL,FULL,NONE,FULL",
11.254651,2026-09-01T19:10:21.938+01:00,7127484,136352,3172,3172,True,True,0x0B,"OK,OK,NO_IRQ,OK","FULL,FULL,NONE,FULL",
11.266047,2026-09-01T19:10:21.942+01:00,7130656,136353,3172,3172,True,True,0x0B,"OK,OK,NO_IRQ,OK","FULL,FULL,NONE,FULL",
11.266803,2026-09-01T19:10:21.953+01:00,7133828,136354,3172,3172,True,True,0x0B,"OK,OK,NO_IRQ,OK","FULL,FULL,NONE,FULL",
11.269243,2026-09-01T19:10:21.954+01:00,7137000,136355,3172,3172,True,True,0x0B,"OK,OK,NO_IRQ,OK","FULL,FULL,NONE,FULL",
11.274441,2026-09-01T19:10:21.957+01:00,7140172,136356,3172,3172,True,True,0x0B,"OK,OK,NO_IRQ,OK","FULL,FULL,NONE,FULL",
11.283517,2026-09-01T19:10:21.962+01:00,7143344,136357,3172,3172,True,True,0x0B,"OK,OK,NO_IRQ,OK","FULL,FULL,NONE,FULL",
11.284392,2026-09-01T19:10:21.971+01:00,7146516,136358,3172,3172,True,True,0x0B,"OK,OK,NO_IRQ,OK","FULL,FULL,NONE,FULL",
11.290620,2026-09-01T19:10:21.972+01:00,7149688,136359,3172,3172,True,True,0x0B,"OK,OK,NO_IRQ,OK","FULL,FULL,NONE,FULL",
11.299951,2026-09-01T19:10:21.978+01:00,7152860,136360,3172,3172,True,True,0x0B,"OK,OK,NO_IRQ,OK","FULL,FULL,NONE,FULL",
11.300754,2026-09-01T19:10:21.987+01:00,7156032,136361,3172,3172,True,True,0x0B,"OK,OK,NO_IRQ,OK","FULL,FULL,NONE,FULL",
11.304258,2026-09-01T19:10:21.988+01:00,7159204,136362,3172,3172,True,True,0x0B,"OK,OK,NO_IRQ,OK","FULL,FULL,NONE,FULL",
11.309451,2026-09-01T19:10:21.992+01:00,7162376,136363,3172,3172,True,True,0x0B,"OK,OK,NO_IRQ,OK","FULL,FULL,NONE,FULL",
11.317049,2026-09-01T19:10:21.997+01:00,7165548,136364,3172,3172,True,True,0x0B,"OK,OK,NO_IRQ,OK","FULL,FULL,NONE,FULL",
11.319666,2026-09-01T19:10:22.004+01:00,7168720,136365,3172,3172,True,True,0x0B,"OK,OK,NO_IRQ,OK","FULL,FULL,NONE,FULL",
11.324465,2026-09-01T19:10:22.007+01:00,7171892,136366,3172,3172,True,True,0x0B,"OK,OK,NO_IRQ,OK","FULL,FULL,NONE,FULL",
11.331872,2026-09-01T19:10:22.012+01:00,7175064,136367,3172,3172,True,True,0x0B,"OK,OK,NO_IRQ,OK","FULL,FULL,NONE,FULL",
11.335074,2026-09-01T19:10:22.019+01:00,7178236,136368,3172,3172,True,True,0x0B,"OK,OK,NO_IRQ,OK","FULL,FULL,NONE,FULL",
11.340505,2026-09-01T19:10:22.022+01:00,7181408,136369,3172,3172,True,True,0x0B,"OK,OK,NO_IRQ,OK","FULL,FULL,NONE,FULL",
11.344739,2026-09-01T19:10:22.028+01:00,7184580,136370,3172,3172,True,True,0x0B,"OK,OK,NO_IRQ,OK","FULL,FULL,NONE,FULL",
11.360508,2026-09-01T19:10:22.032+01:00,7187752,136371,3172,3172,True,True,0x0B,"OK,OK,NO_IRQ,OK","FULL,FULL,NONE,FULL",
11.361055,2026-09-01T19:10:22.048+01:00,7190924,136372,3172,3172,True,True,0x0B,"OK,OK,NO_IRQ,OK","FULL,FULL,NONE,FULL",
11.361440,2026-09-01T19:10:22.048+01:00,7194096,136373,3172,3172,True,True,0x0B,"OK,OK,NO_IRQ,OK","FULL,FULL,NONE,FULL",
11.375759,2026-09-01T19:10:22.049+01:00,7197268,136374,3172,3172,True,True,0x0B,"OK,OK,NO_IRQ,OK","FULL,FULL,NONE,FULL",
11.377226,2026-09-01T19:10:22.063+01:00,7200440,136375,3172,3172,True,True,0x0B,"OK,OK,NO_IRQ,OK","FULL,FULL,NONE,FULL",
11.377788,2026-09-01T19:10:22.065+01:00,7203612,136376,3172,3172,True,True,0x0B,"OK,OK,NO_IRQ,OK","FULL,FULL,NONE,FULL",
11.379709,2026-09-01T19:10:22.065+01:00,7206784,136377,3172,3172,True,True,0x0B,"OK,OK,NO_IRQ,OK","FULL,FULL,NONE,FULL",
11.384623,2026-09-01T19:10:22.067+01:00,7209956,136378,3172,3172,True,True,0x0B,"OK,OK,NO_IRQ,OK","FULL,FULL,NONE,FULL",
11.389263,2026-09-01T19:10:22.072+01:00,7213128,136379,3172,3172,True,True,0x0B,"OK,OK,NO_IRQ,OK","FULL,FULL,NONE,FULL",
11.394472,2026-09-01T19:10:22.076+01:00,7216300,136380,3172,3172,True,True,0x0B,"OK,OK,NO_IRQ,OK","FULL,FULL,NONE,FULL",
11.399724,2026-09-01T19:10:22.085+01:00,7219472,136381,3172,3172,True,True,0x0B,"OK,OK,NO_IRQ,OK","FULL,FULL,NONE,FULL",
11.404615,2026-09-01T19:10:22.087+01:00,7222644,136382,3172,3172,True,True,0x0B,"OK,OK,NO_IRQ,OK","FULL,FULL,NONE,FULL",
11.415669,2026-09-01T19:10:22.092+01:00,7225816,136383,3172,3172,True,True,0x0B,"OK,OK,NO_IRQ,OK","FULL,FULL,NONE,FULL",
11.416791,2026-09-01T19:10:22.103+01:00,7228988,136384,3172,3172,True,True,0x0B,"OK,OK,NO_IRQ,OK","FULL,FULL,NONE,FULL",
11.419465,2026-09-01T19:10:22.104+01:00,7232160,136385,3172,3172,True,True,0x0B,"OK,OK,NO_IRQ,OK","FULL,FULL,NONE,FULL",
11.424525,2026-09-01T19:10:22.107+01:00,7235332,136386,3172,3172,True,True,0x0B,"OK,OK,NO_IRQ,OK","FULL,FULL,NONE,FULL",
11.434683,2026-09-01T19:10:22.112+01:00,7238504,136387,3172,3172,True,True,0x0B,"OK,OK,NO_IRQ,OK","FULL,FULL,NONE,FULL",
11.435281,2026-09-01T19:10:22.122+01:00,7241676,136388,3172,3172,True,True,0x0B,"OK,OK,NO_IRQ,OK","FULL,FULL,NONE,FULL",
11.439697,2026-09-01T19:10:22.122+01:00,7244848,136389,3172,3172,True,True,0x0B,"OK,OK,NO_IRQ,OK","FULL,FULL,NONE,FULL",
11.444235,2026-09-01T19:10:22.127+01:00,7248020,136390,3172,3172,True,True,0x0B,"OK,OK,NO_IRQ,OK","FULL,FULL,NONE,FULL",
11.451440,2026-09-01T19:10:22.131+01:00,7251192,136391,3172,3172,True,True,0x0B,"OK,OK,NO_IRQ,OK","FULL,FULL,NONE,FULL",
11.454524,2026-09-01T19:10:22.139+01:00,7254364,136392,3172,3172,True,True,0x0B,"OK,OK,NO_IRQ,OK","FULL,FULL,NONE,FULL",
11.459740,2026-09-01T19:10:22.142+01:00,7257536,136393,3172,3172,True,True,0x0B,"OK,OK,NO_IRQ,OK","FULL,FULL,NONE,FULL",
11.468403,2026-09-01T19:10:22.147+01:00,7260708,136394,3172,3172,True,True,0x0B,"OK,OK,NO_IRQ,OK","FULL,FULL,NONE,FULL",
11.469264,2026-09-01T19:10:22.156+01:00,7263880,136395,3172,3172,True,True,0x0B,"OK,OK,NO_IRQ,OK","FULL,FULL,NONE,FULL",
11.474415,2026-09-01T19:10:22.157+01:00,7267052,136396,3172,3172,True,True,0x0B,"OK,OK,NO_IRQ,OK","FULL,FULL,NONE,FULL",
11.484450,2026-09-01T19:10:22.162+01:00,7270224,136397,3172,3172,True,True,0x0B,"OK,OK,NO_IRQ,OK","FULL,FULL,NONE,FULL",
11.485206,2026-09-01T19:10:22.172+01:00,7273396,136398,3172,3172,True,True,0x0B,"OK,OK,NO_IRQ,OK","FULL,FULL,NONE,FULL",
11.491705,2026-09-01T19:10:22.173+01:00,7276568,136399,3172,3172,True,True,0x0B,"OK,OK,NO_IRQ,OK","FULL,FULL,NONE,FULL",
11.494393,2026-09-01T19:10:22.179+01:00,7279740,136400,3172,3172,True,True,0x0B,"OK,OK,NO_IRQ,OK","FULL,FULL,NONE,FULL",
11.500785,2026-09-01T19:10:22.182+01:00,7282912,136401,3172,3172,True,True,0x0B,"OK,OK,NO_IRQ,OK","FULL,FULL,NONE,FULL",
11.504804,2026-09-01T19:10:22.188+01:00,7286084,136402,3172,3172,True,True,0x0B,"OK,OK,NO_IRQ,OK","FULL,FULL,NONE,FULL",
11.509646,2026-09-01T19:10:22.194+01:00,7289256,136403,3172,3172,True,True,0x0B,"OK,OK,NO_IRQ,OK","FULL,FULL,NONE,FULL",
11.515138,2026-09-01T19:10:22.197+01:00,7292428,136404,3172,3172,True,True,0x0B,"OK,OK,NO_IRQ,OK","FULL,FULL,NONE,FULL",
11.519661,2026-09-01T19:10:22.204+01:00,7295600,136405,3172,3172,True,True,0x0B,"OK,OK,NO_IRQ,OK","FULL,FULL,NONE,FULL",
11.524797,2026-09-01T19:10:22.208+01:00,7298772,136406,3172,3172,True,True,0x0B,"OK,OK,NO_IRQ,OK","FULL,FULL,NONE,FULL",
11.529502,2026-09-01T19:10:22.212+01:00,7301944,136407,3172,3172,True,True,0x0B,"OK,OK,NO_IRQ,OK","FULL,FULL,NONE,FULL",
11.545479,2026-09-01T19:10:22.217+01:00,7305116,136408,3172,3172,True,True,0x0B,"OK,OK,NO_IRQ,OK","FULL,FULL,NONE,FULL",
11.546529,2026-09-01T19:10:22.233+01:00,7308288,136409,3172,3172,True,True,0x0B,"OK,OK,NO_IRQ,OK","FULL,FULL,NONE,FULL",
11.547131,2026-09-01T19:10:22.234+01:00,7311460,136410,3172,3172,True,True,0x0B,"OK,OK,NO_IRQ,OK","FULL,FULL,NONE,FULL",
11.550195,2026-09-01T19:10:22.234+01:00,7314632,136411,3172,3172,True,True,0x0B,"OK,OK,NO_IRQ,OK","FULL,FULL,NONE,FULL",
11.560159,2026-09-01T19:10:22.238+01:00,7317804,136412,3172,3172,True,True,0x0B,"OK,OK,NO_IRQ,OK","FULL,FULL,NONE,FULL",
11.565746,2026-09-01T19:10:22.252+01:00,7320976,136413,3172,3172,True,True,0x0B,"OK,OK,NO_IRQ,OK","FULL,FULL,NONE,FULL",
11.566289,2026-09-01T19:10:22.253+01:00,7324148,136414,3172,3172,True,True,0x0B,"OK,OK,NO_IRQ,OK","FULL,FULL,NONE,FULL",
11.569837,2026-09-01T19:10:22.254+01:00,7327320,136415,3172,3172,True,True,0x0B,"OK,OK,NO_IRQ,OK","FULL,FULL,NONE,FULL",
11.574768,2026-09-01T19:10:22.257+01:00,7330492,136416,3172,3172,True,True,0x0B,"OK,OK,NO_IRQ,OK","FULL,FULL,NONE,FULL",
11.583029,2026-09-01T19:10:22.262+01:00,7333664,136417,3172,3172,True,True,0x0B,"OK,OK,NO_IRQ,OK","FULL,FULL,NONE,FULL",
11.584907,2026-09-01T19:10:22.270+01:00,7336836,136418,3172,3172,True,True,0x0B,"OK,OK,NO_IRQ,OK","FULL,FULL,NONE,FULL",
11.591251,2026-09-01T19:10:22.272+01:00,7340008,136419,3172,3172,True,True,0x0B,"OK,OK,NO_IRQ,OK","FULL,FULL,NONE,FULL",
11.600294,2026-09-01T19:10:22.279+01:00,7343180,136420,3172,3172,True,True,0x0B,"OK,OK,NO_IRQ,OK","FULL,FULL,NONE,FULL",
11.601418,2026-09-01T19:10:22.288+01:00,7346352,136421,3172,3172,True,True,0x0B,"OK,OK,NO_IRQ,OK","FULL,FULL,NONE,FULL",
11.604815,2026-09-01T19:10:22.289+01:00,7349524,136422,3172,3172,True,True,0x0B,"OK,OK,NO_IRQ,OK","FULL,FULL,NONE,FULL",
11.609894,2026-09-01T19:10:22.295+01:00,7352696,136423,3172,3172,True,True,0x0B,"OK,OK,NO_IRQ,OK","FULL,FULL,NONE,FULL",
11.618041,2026-09-01T19:10:22.297+01:00,7355868,136424,3172,3172,True,True,0x0B,"OK,OK,NO_IRQ,OK","FULL,FULL,NONE,FULL",
11.620111,2026-09-01T19:10:22.305+01:00,7359040,136425,3172,3172,True,True,0x0B,"OK,OK,NO_IRQ,OK","FULL,FULL,NONE,FULL",
11.625338,2026-09-01T19:10:22.307+01:00,7362212,136426,3172,3172,True,True,0x0B,"OK,OK,NO_IRQ,OK","FULL,FULL,NONE,FULL",
11.629746,2026-09-01T19:10:22.313+01:00,7365384,136427,3172,3172,True,True,0x0B,"OK,OK,NO_IRQ,OK","FULL,FULL,NONE,FULL",
11.636272,2026-09-01T19:10:22.317+01:00,7368556,136428,3172,3172,True,True,0x0B,"OK,OK,NO_IRQ,OK","FULL,FULL,NONE,FULL",
11.640886,2026-09-01T19:10:22.324+01:00,7371728,136429,3172,3172,True,True,0x0B,"OK,OK,NO_IRQ,OK","FULL,FULL,NONE,FULL",
11.645477,2026-09-01T19:10:22.328+01:00,7374900,136430,3172,3172,True,True,0x0B,"OK,OK,NO_IRQ,OK","FULL,FULL,NONE,FULL",
11.656663,2026-09-01T19:10:22.333+01:00,7378072,136431,3172,3172,True,True,0x0B,"OK,OK,NO_IRQ,OK","FULL,FULL,NONE,FULL",
11.656899,2026-09-01T19:10:22.344+01:00,7381244,136432,3172,3172,True,True,0x0B,"OK,OK,NO_IRQ,OK","FULL,FULL,NONE,FULL",
11.660847,2026-09-01T19:10:22.344+01:00,7384416,136433,3172,3172,True,True,0x0B,"OK,OK,NO_IRQ,OK","FULL,FULL,NONE,FULL",
11.665088,2026-09-01T19:10:22.348+01:00,7387588,136434,3172,3172,True,True,0x0B,"OK,OK,NO_IRQ,OK","FULL,FULL,NONE,FULL",
11.674907,2026-09-01T19:10:22.352+01:00,7390760,136435,3172,3172,True,True,0x0B,"OK,OK,NO_IRQ,OK","FULL,FULL,NONE,FULL",
11.675151,2026-09-01T19:10:22.362+01:00,7393932,136436,3172,3172,True,True,0x0B,"OK,OK,NO_IRQ,OK","FULL,FULL,NONE,FULL",
11.680656,2026-09-01T19:10:22.362+01:00,7397104,136437,3172,3172,True,True,0x0B,"OK,OK,NO_IRQ,OK","FULL,FULL,NONE,FULL",
11.685065,2026-09-01T19:10:22.368+01:00,7400276,136438,3172,3172,True,True,0x0B,"OK,OK,NO_IRQ,OK","FULL,FULL,NONE,FULL",
11.692156,2026-09-01T19:10:22.373+01:00,7403448,136439,3172,3172,True,True,0x0B,"OK,OK,NO_IRQ,OK","FULL,FULL,NONE,FULL",
11.694821,2026-09-01T19:10:22.379+01:00,7406620,136440,3172,3172,True,True,0x0B,"OK,OK,NO_IRQ,OK","FULL,FULL,NONE,FULL",
11.699777,2026-09-01T19:10:22.382+01:00,7409792,136441,3172,3172,True,True,0x0B,"OK,OK,NO_IRQ,OK","FULL,FULL,NONE,FULL",
11.704777,2026-09-01T19:10:22.387+01:00,7412964,136442,3172,3172,True,True,0x0B,"OK,OK,NO_IRQ,OK","FULL,FULL,NONE,FULL",
11.714749,2026-09-01T19:10:22.392+01:00,7416136,136443,3172,3172,True,True,0x0B,"OK,OK,NO_IRQ,OK","FULL,FULL,NONE,FULL",
11.715076,2026-09-01T19:10:22.402+01:00,7419308,136444,3172,3172,True,True,0x0B,"OK,OK,NO_IRQ,OK","FULL,FULL,NONE,FULL",
11.723322,2026-09-01T19:10:22.402+01:00,7422480,136445,3172,3172,True,True,0x0B,"OK,OK,NO_IRQ,OK","FULL,FULL,NONE,FULL",
11.726047,2026-09-01T19:10:22.411+01:00,7425652,136446,3172,3172,True,True,0x0B,"OK,OK,NO_IRQ,OK","FULL,FULL,NONE,FULL",
11.730165,2026-09-01T19:10:22.414+01:00,7428824,136447,3172,3172,True,True,0x0B,"OK,OK,NO_IRQ,OK","FULL,FULL,NONE,FULL",
11.735206,2026-09-01T19:10:22.417+01:00,7431996,136448,3172,3172,True,True,0x0B,"OK,OK,NO_IRQ,OK","FULL,FULL,NONE,FULL",
11.739815,2026-09-01T19:10:22.423+01:00,7435168,136449,3172,3172,True,True,0x0B,"OK,OK,NO_IRQ,OK","FULL,FULL,NONE,FULL",
11.747466,2026-09-01T19:10:22.427+01:00,7438340,136450,3172,3172,True,True,0x0B,"OK,OK,NO_IRQ,OK","FULL,FULL,NONE,FULL",
11.750100,2026-09-01T19:10:22.435+01:00,7441512,136451,3172,3172,True,True,0x0B,"OK,OK,NO_IRQ,OK","FULL,FULL,NONE,FULL",
11.759128,2026-09-01T19:10:22.437+01:00,7444684,136452,3172,3172,True,True,0x0B,"OK,OK,NO_IRQ,OK","FULL,FULL,NONE,FULL",
11.760333,2026-09-01T19:10:22.447+01:00,7447856,136453,3172,3172,True,True,0x0B,"OK,OK,NO_IRQ,OK","FULL,FULL,NONE,FULL",
11.767127,2026-09-01T19:10:22.448+01:00,7451028,136454,3172,3172,True,True,0x0B,"OK,OK,NO_IRQ,OK","FULL,FULL,NONE,FULL",
11.770123,2026-09-01T19:10:22.454+01:00,7454200,136455,3172,3172,True,True,0x0B,"OK,OK,NO_IRQ,OK","FULL,FULL,NONE,FULL",
11.775335,2026-09-01T19:10:22.457+01:00,7457372,136456,3172,3172,True,True,0x0B,"OK,OK,NO_IRQ,OK","FULL,FULL,NONE,FULL",
11.785142,2026-09-01T19:10:22.463+01:00,7460544,136457,3172,3172,True,True,0x0B,"OK,OK,NO_IRQ,OK","FULL,FULL,NONE,FULL",
11.785689,2026-09-01T19:10:22.472+01:00,7463716,136458,3172,3172,True,True,0x0B,"OK,OK,NO_IRQ,OK","FULL,FULL,NONE,FULL",
11.790738,2026-09-01T19:10:22.473+01:00,7466888,136459,3172,3172,True,True,0x0B,"OK,OK,NO_IRQ,OK","FULL,FULL,NONE,FULL",
11.795268,2026-09-01T19:10:22.478+01:00,7470060,136460,3172,3172,True,True,0x0B,"OK,OK,NO_IRQ,OK","FULL,FULL,NONE,FULL",
11.803655,2026-09-01T19:10:22.483+01:00,7473232,136461,3172,3172,True,True,0x0B,"OK,OK,NO_IRQ,OK","FULL,FULL,NONE,FULL",
11.805156,2026-09-01T19:10:22.491+01:00,7476404,136462,3172,3172,True,True,0x0B,"OK,OK,NO_IRQ,OK","FULL,FULL,NONE,FULL",
11.810367,2026-09-01T19:10:22.492+01:00,7479576,136463,3172,3172,True,True,0x0B,"OK,OK,NO_IRQ,OK","FULL,FULL,NONE,FULL",
11.820330,2026-09-01T19:10:22.498+01:00,7482748,136464,3172,3172,True,True,0x0B,"OK,OK,NO_IRQ,OK","FULL,FULL,NONE,FULL",
11.821160,2026-09-01T19:10:22.508+01:00,7485920,136465,3172,3172,True,True,0x0B,"OK,OK,NO_IRQ,OK","FULL,FULL,NONE,FULL",
11.825478,2026-09-01T19:10:22.509+01:00,7489092,136466,3172,3172,True,True,0x0B,"OK,OK,NO_IRQ,OK","FULL,FULL,NONE,FULL",
11.830414,2026-09-01T19:10:22.513+01:00,7492264,136467,3172,3172,True,True,0x0B,"OK,OK,NO_IRQ,OK","FULL,FULL,NONE,FULL",
11.837475,2026-09-01T19:10:22.518+01:00,7495436,136468,3172,3172,True,True,0x0B,"OK,OK,NO_IRQ,OK","FULL,FULL,NONE,FULL",
11.842265,2026-09-01T19:10:22.525+01:00,7498608,136469,3172,3172,True,True,0x0B,"OK,OK,NO_IRQ,OK","FULL,FULL,NONE,FULL",
11.845299,2026-09-01T19:10:22.529+01:00,7501780,136470,3172,3172,True,True,0x0B,"OK,OK,NO_IRQ,OK","FULL,FULL,NONE,FULL",
11.853753,2026-09-01T19:10:22.533+01:00,7504952,136471,3172,3172,True,True,0x0B,"OK,OK,NO_IRQ,OK","FULL,FULL,NONE,FULL",
11.855915,2026-09-01T19:10:22.541+01:00,7508124,136472,3172,3172,True,True,0x0B,"OK,OK,NO_IRQ,OK","FULL,FULL,NONE,FULL",
11.860143,2026-09-01T19:10:22.543+01:00,7511296,136473,3172,3172,True,True,0x0B,"OK,OK,NO_IRQ,OK","FULL,FULL,NONE,FULL",
11.865392,2026-09-01T19:10:22.548+01:00,7514468,136474,3172,3172,True,True,0x0B,"OK,OK,NO_IRQ,OK","FULL,FULL,NONE,FULL",
11.870984,2026-09-01T19:10:22.553+01:00,7517640,136475,3172,3172,True,True,0x0B,"OK,OK,NO_IRQ,OK","FULL,FULL,NONE,FULL",
11.875099,2026-09-01T19:10:22.558+01:00,7520812,136476,3172,3172,True,True,0x0B,"OK,OK,NO_IRQ,OK","FULL,FULL,NONE,FULL",
11.880075,2026-09-01T19:10:22.562+01:00,7523984,136477,3172,3172,True,True,0x0B,"OK,OK,NO_IRQ,OK","FULL,FULL,NONE,FULL",
11.885042,2026-09-01T19:10:22.567+01:00,7527156,136478,3172,3172,True,True,0x0B,"OK,OK,NO_IRQ,OK","FULL,FULL,NONE,FULL",
11.892574,2026-09-01T19:10:22.572+01:00,7530328,136479,3172,3172,True,True,0x0B,"OK,OK,NO_IRQ,OK","FULL,FULL,NONE,FULL",
11.899422,2026-09-01T19:10:22.580+01:00,7533500,136480,3172,3172,True,True,0x0B,"OK,OK,NO_IRQ,OK","FULL,FULL,NONE,FULL",
11.900240,2026-09-01T19:10:22.587+01:00,7536672,136481,3172,3172,True,True,0x0B,"OK,OK,NO_IRQ,OK","FULL,FULL,NONE,FULL",
11.912266,2026-09-01T19:10:22.587+01:00,7539844,136482,3172,3172,True,True,0x0B,"OK,OK,NO_IRQ,OK","FULL,FULL,NONE,FULL",
11.913243,2026-09-01T19:10:22.600+01:00,7543016,136483,3172,3172,True,True,0x0B,"OK,OK,NO_IRQ,OK","FULL,FULL,NONE,FULL",
11.919112,2026-09-01T19:10:22.605+01:00,7546188,136484,3172,3172,True,True,0x0B,"OK,OK,NO_IRQ,OK","FULL,FULL,NONE,FULL",
11.920406,2026-09-01T19:10:22.606+01:00,7549360,136485,3172,3172,True,True,0x0B,"OK,OK,NO_IRQ,OK","FULL,FULL,NONE,FULL",
11.925315,2026-09-01T19:10:22.608+01:00,7552532,136486,3172,3172,True,True,0x0B,"OK,OK,NO_IRQ,OK","FULL,FULL,NONE,FULL",
11.936226,2026-09-01T19:10:22.613+01:00,7555704,136487,3172,3172,True,True,0x0B,"OK,OK,NO_IRQ,OK","FULL,FULL,NONE,FULL",
11.936816,2026-09-01T19:10:22.623+01:00,7558876,136488,3172,3172,True,True,0x0B,"OK,OK,NO_IRQ,OK","FULL,FULL,NONE,FULL",
11.941439,2026-09-01T19:10:22.624+01:00,7562048,136489,3172,3172,True,True,0x0B,"OK,OK,NO_IRQ,OK","FULL,FULL,NONE,FULL",
11.945458,2026-09-01T19:10:22.629+01:00,7565220,136490,3172,3172,True,True,0x0B,"OK,OK,NO_IRQ,OK","FULL,FULL,NONE,FULL",
11.953177,2026-09-01T19:10:22.633+01:00,7568392,136491,3172,3172,True,True,0x0B,"OK,OK,NO_IRQ,OK","FULL,FULL,NONE,FULL",
11.957990,2026-09-01T19:10:22.640+01:00,7571564,136492,3172,3172,True,True,0x0B,"OK,OK,NO_IRQ,OK","FULL,FULL,NONE,FULL",
11.960297,2026-09-01T19:10:22.645+01:00,7574736,136493,3172,3172,True,True,0x0B,"OK,OK,NO_IRQ,OK","FULL,FULL,NONE,FULL",
11.969373,2026-09-01T19:10:22.648+01:00,7577908,136494,3172,3172,True,True,0x0B,"OK,OK,NO_IRQ,OK","FULL,FULL,NONE,FULL",
11.970448,2026-09-01T19:10:22.657+01:00,7581080,136495,3172,3172,True,True,0x0B,"OK,OK,NO_IRQ,OK","FULL,FULL,NONE,FULL",
11.975222,2026-09-01T19:10:22.658+01:00,7584252,136496,3172,3172,True,True,0x0B,"OK,OK,NO_IRQ,OK","FULL,FULL,NONE,FULL",
11.985755,2026-09-01T19:10:22.662+01:00,7587424,136497,3172,3172,True,True,0x0B,"OK,OK,NO_IRQ,OK","FULL,FULL,NONE,FULL",
11.986437,2026-09-01T19:10:22.673+01:00,7590596,136498,3172,3172,True,True,0x0B,"OK,OK,NO_IRQ,OK","FULL,FULL,NONE,FULL",
11.991495,2026-09-01T19:10:22.674+01:00,7593768,136499,3172,3172,True,True,0x0B,"OK,OK,NO_IRQ,OK","FULL,FULL,NONE,FULL",
11.995632,2026-09-01T19:10:22.679+01:00,7596940,136500,3172,3172,True,True,0x0B,"OK,OK,NO_IRQ,OK","FULL,FULL,NONE,FULL",
12.003339,2026-09-01T19:10:22.683+01:00,7600112,136501,3172,3172,True,True,0x0B,"OK,OK,NO_IRQ,OK","FULL,FULL,NONE,FULL",
12.005460,2026-09-01T19:10:22.691+01:00,7603284,136502,3172,3172,True,True,0x0B,"OK,OK,NO_IRQ,OK","FULL,FULL,NONE,FULL",
12.010619,2026-09-01T19:10:22.693+01:00,7606456,136503,3172,3172,True,True,0x0B,"OK,OK,NO_IRQ,OK","FULL,FULL,NONE,FULL",
12.021329,2026-09-01T19:10:22.698+01:00,7609628,136504,3172,3172,True,True,0x0B,"OK,OK,NO_IRQ,OK","FULL,FULL,NONE,FULL",
12.025603,2026-09-01T19:10:22.712+01:00,7612800,136505,3172,3172,True,True,0x0B,"OK,OK,NO_IRQ,OK","FULL,FULL,NONE,FULL",
12.025845,2026-09-01T19:10:22.713+01:00,7615972,136506,3172,3172,True,True,0x0B,"OK,OK,NO_IRQ,OK","FULL,FULL,NONE,FULL",
12.030365,2026-09-01T19:10:22.713+01:00,7619144,136507,3172,3172,True,True,0x0B,"OK,OK,NO_IRQ,OK","FULL,FULL,NONE,FULL",
12.036437,2026-09-01T19:10:22.718+01:00,7622316,136508,3172,3172,True,True,0x0B,"OK,OK,NO_IRQ,OK","FULL,FULL,NONE,FULL",
12.043036,2026-09-01T19:10:22.724+01:00,7625488,136509,3172,3172,True,True,0x0B,"OK,OK,NO_IRQ,OK","FULL,FULL,NONE,FULL",
12.045725,2026-09-01T19:10:22.732+01:00,7628660,136510,3172,3172,True,True,0x0B,"OK,OK,NO_IRQ,OK","FULL,FULL,NONE,FULL",
12.050456,2026-09-01T19:10:22.733+01:00,7631832,136511,3172,3172,True,True,0x0B,"OK,OK,NO_IRQ,OK","FULL,FULL,NONE,FULL",
12.063958,2026-09-01T19:10:22.738+01:00,7635004,136512,3172,3172,True,True,0x0B,"OK,OK,NO_IRQ,OK","FULL,FULL,NONE,FULL",
12.064240,2026-09-01T19:10:22.751+01:00,7638176,136513,3172,3172,True,True,0x0B,"OK,OK,NO_IRQ,OK","FULL,FULL,NONE,FULL",
12.065307,2026-09-01T19:10:22.751+01:00,7641348,136514,3172,3172,True,True,0x0B,"OK,OK,NO_IRQ,OK","FULL,FULL,NONE,FULL",
12.078264,2026-09-01T19:10:22.753+01:00,7644520,136515,3172,3172,True,True,0x0B,"OK,OK,NO_IRQ,OK","FULL,FULL,NONE,FULL",
12.078994,2026-09-01T19:10:22.766+01:00,7647692,136516,3172,3172,True,True,0x0B,"OK,OK,NO_IRQ,OK","FULL,FULL,NONE,FULL",
12.080481,2026-09-01T19:10:22.766+01:00,7650864,136517,3172,3172,True,True,0x0B,"OK,OK,NO_IRQ,OK","FULL,FULL,NONE,FULL",
12.086195,2026-09-01T19:10:22.768+01:00,7654036,136518,3172,3172,True,True,0x0B,"OK,OK,NO_IRQ,OK","FULL,FULL,NONE,FULL",
12.096284,2026-09-01T19:10:22.774+01:00,7657208,136519,3172,3172,True,True,0x0B,"OK,OK,NO_IRQ,OK","FULL,FULL,NONE,FULL",
12.096944,2026-09-01T19:10:22.784+01:00,7660380,136520,3172,3172,True,True,0x0B,"OK,OK,NO_IRQ,OK","FULL,FULL,NONE,FULL",
12.101229,2026-09-01T19:10:22.784+01:00,7663552,136521,3172,3172,True,True,0x0B,"OK,OK,NO_IRQ,OK","FULL,FULL,NONE,FULL",
12.105380,2026-09-01T19:10:22.789+01:00,7666724,136522,3172,3172,True,True,0x0B,"OK,OK,NO_IRQ,OK","FULL,FULL,NONE,FULL",
12.113426,2026-09-01T19:10:22.793+01:00,7669896,136523,3172,3172,True,True,0x0B,"OK,OK,NO_IRQ,OK","FULL,FULL,NONE,FULL",
12.115881,2026-09-01T19:10:22.801+01:00,7673068,136524,3172,3172,True,True,0x0B,"OK,OK,NO_IRQ,OK","FULL,FULL,NONE,FULL",
12.121356,2026-09-01T19:10:22.803+01:00,7676240,136525,3172,3172,True,True,0x0B,"OK,OK,NO_IRQ,OK","FULL,FULL,NONE,FULL",
12.134887,2026-09-01T19:10:22.809+01:00,7679412,136526,3172,3172,True,True,0x0B,"OK,OK,NO_IRQ,OK","FULL,FULL,NONE,FULL",
12.135607,2026-09-01T19:10:22.822+01:00,7682584,136527,3172,3172,True,True,0x0B,"OK,OK,NO_IRQ,OK","FULL,FULL,NONE,FULL",
12.136320,2026-09-01T19:10:22.823+01:00,7685756,136528,3172,3172,True,True,0x0B,"OK,OK,NO_IRQ,OK","FULL,FULL,NONE,FULL",
12.142228,2026-09-01T19:10:22.824+01:00,7688928,136529,3172,3172,True,True,0x0B,"OK,OK,NO_IRQ,OK","FULL,FULL,NONE,FULL",
12.145644,2026-09-01T19:10:22.829+01:00,7692100,136530,3172,3172,True,True,0x0B,"OK,OK,NO_IRQ,OK","FULL,FULL,NONE,FULL",
12.152171,2026-09-01T19:10:22.833+01:00,7695272,136531,3172,3172,True,True,0x0B,"OK,OK,NO_IRQ,OK","FULL,FULL,NONE,FULL",
12.158688,2026-09-01T19:10:22.840+01:00,7698444,136532,3172,3172,True,True,0x0B,"OK,OK,NO_IRQ,OK","FULL,FULL,NONE,FULL",
12.161202,2026-09-01T19:10:22.846+01:00,7701616,136533,3172,3172,True,True,0x0B,"OK,OK,NO_IRQ,OK","FULL,FULL,NONE,FULL",
12.169167,2026-09-01T19:10:22.849+01:00,7704788,136534,3172,3172,True,True,0x0B,"OK,OK,NO_IRQ,OK","FULL,FULL,NONE,FULL",
12.170835,2026-09-01T19:10:22.857+01:00,7707960,136535,3172,3172,True,True,0x0B,"OK,OK,NO_IRQ,OK","FULL,FULL,NONE,FULL",
12.175701,2026-09-01T19:10:22.858+01:00,7711132,136536,3172,3172,True,True,0x0B,"OK,OK,NO_IRQ,OK","FULL,FULL,NONE,FULL",
12.181039,2026-09-01T19:10:22.863+01:00,7714304,136537,3172,3172,True,True,0x0B,"OK,OK,NO_IRQ,OK","FULL,FULL,NONE,FULL",
12.187668,2026-09-01T19:10:22.868+01:00,7717476,136538,3172,3172,True,True,0x0B,"OK,OK,NO_IRQ,OK","FULL,FULL,NONE,FULL",
12.192066,2026-09-01T19:10:22.875+01:00,7720648,136539,3172,3172,True,True,0x0B,"OK,OK,NO_IRQ,OK","FULL,FULL,NONE,FULL",
12.196042,2026-09-01T19:10:22.879+01:00,7723820,136540,3172,3172,True,True,0x0B,"OK,OK,NO_IRQ,OK","FULL,FULL,NONE,FULL",
12.207579,2026-09-01T19:10:22.884+01:00,7726992,136541,3172,3172,True,True,0x0B,"OK,OK,NO_IRQ,OK","FULL,FULL,NONE,FULL",
12.207834,2026-09-01T19:10:22.895+01:00,7730164,136542,3172,3172,True,True,0x0B,"OK,OK,NO_IRQ,OK","FULL,FULL,NONE,FULL",
12.211127,2026-09-01T19:10:22.895+01:00,7733336,136543,3172,3172,True,True,0x0B,"OK,OK,NO_IRQ,OK","FULL,FULL,NONE,FULL",
12.216048,2026-09-01T19:10:22.898+01:00,7736508,136544,3172,3172,True,True,0x0B,"OK,OK,NO_IRQ,OK","FULL,FULL,NONE,FULL",
12.221326,2026-09-01T19:10:22.904+01:00,7739680,136545,3172,3172,True,True,0x0B,"OK,OK,NO_IRQ,OK","FULL,FULL,NONE,FULL",
12.226986,2026-09-01T19:10:22.912+01:00,7742852,136546,3172,3172,True,True,0x0B,"OK,OK,NO_IRQ,OK","FULL,FULL,NONE,FULL",
12.230716,2026-09-01T19:10:22.914+01:00,7746024,136547,3172,3172,True,True,0x0B,"OK,OK,NO_IRQ,OK","FULL,FULL,NONE,FULL",
12.235747,2026-09-01T19:10:22.918+01:00,7749196,136548,3172,3172,True,True,0x0B,"OK,OK,NO_IRQ,OK","FULL,FULL,NONE,FULL",
12.248808,2026-09-01T19:10:22.923+01:00,7752368,136549,3172,3172,True,True,0x0B,"OK,OK,NO_IRQ,OK","FULL,FULL,NONE,FULL",
12.252224,2026-09-01T19:10:22.939+01:00,7755540,136550,3172,3172,True,True,0x0B,"OK,OK,NO_IRQ,OK","FULL,FULL,NONE,FULL",
12.252967,2026-09-01T19:10:22.940+01:00,7758712,136551,3172,3172,True,True,0x0B,"OK,OK,NO_IRQ,OK","FULL,FULL,NONE,FULL",
12.256476,2026-09-01T19:10:22.940+01:00,7761884,136552,3172,3172,True,True,0x0B,"OK,OK,NO_IRQ,OK","FULL,FULL,NONE,FULL",
12.261757,2026-09-01T19:10:22.944+01:00,7765056,136553,3172,3172,True,True,0x0B,"OK,OK,NO_IRQ,OK","FULL,FULL,NONE,FULL",
12.272371,2026-09-01T19:10:22.949+01:00,7768228,136554,3172,3172,True,True,0x0B,"OK,OK,NO_IRQ,OK","FULL,FULL,NONE,FULL",
12.272619,2026-09-01T19:10:22.960+01:00,7771400,136555,3172,3172,True,True,0x0B,"OK,OK,NO_IRQ,OK","FULL,FULL,NONE,FULL",
12.275894,2026-09-01T19:10:22.960+01:00,7774572,136556,3172,3172,True,True,0x0B,"OK,OK,NO_IRQ,OK","FULL,FULL,NONE,FULL",
12.281149,2026-09-01T19:10:22.963+01:00,7777744,136557,3172,3172,True,True,0x0B,"OK,OK,NO_IRQ,OK","FULL,FULL,NONE,FULL",
12.288390,2026-09-01T19:10:22.968+01:00,7780916,136558,3172,3172,True,True,0x0B,"OK,OK,NO_IRQ,OK","FULL,FULL,NONE,FULL",
12.291092,2026-09-01T19:10:22.976+01:00,7784088,136559,3172,3172,True,True,0x0B,"OK,OK,NO_IRQ,OK","FULL,FULL,NONE,FULL",
12.295945,2026-09-01T19:10:22.978+01:00,7787260,136560,3172,3172,True,True,0x0B,"OK,OK,NO_IRQ,OK","FULL,FULL,NONE,FULL",
12.304360,2026-09-01T19:10:22.983+01:00,7790432,136561,3172,3172,True,True,0x0B,"OK,OK,NO_IRQ,OK","FULL,FULL,NONE,FULL",
12.307356,2026-09-01T19:10:22.992+01:00,7793604,136562,3172,3172,True,True,0x0B,"OK,OK,NO_IRQ,OK","FULL,FULL,NONE,FULL",
12.312105,2026-09-01T19:10:22.995+01:00,7796776,136563,3172,3172,True,True,0x0B,"OK,OK,NO_IRQ,OK","FULL,FULL,NONE,FULL",
12.322049,2026-09-01T19:10:23.000+01:00,7799948,136564,3172,3172,True,True,0x0B,"OK,OK,NO_IRQ,OK","FULL,FULL,NONE,FULL",
12.322485,2026-09-01T19:10:23.009+01:00,7803120,136565,3172,3172,True,True,0x0B,"OK,OK,NO_IRQ,OK","FULL,FULL,NONE,FULL",
12.326219,2026-09-01T19:10:23.010+01:00,7806292,136566,3172,3172,True,True,0x0B,"OK,OK,NO_IRQ,OK","FULL,FULL,NONE,FULL",
12.331392,2026-09-01T19:10:23.013+01:00,7809464,136567,3172,3172,True,True,0x0B,"OK,OK,NO_IRQ,OK","FULL,FULL,NONE,FULL",
12.342708,2026-09-01T19:10:23.019+01:00,7812636,136568,3172,3172,True,True,0x0B,"OK,OK,NO_IRQ,OK","FULL,FULL,NONE,FULL",
12.342969,2026-09-01T19:10:23.030+01:00,7815808,136569,3172,3172,True,True,0x0B,"OK,OK,NO_IRQ,OK","FULL,FULL,NONE,FULL",
12.346437,2026-09-01T19:10:23.030+01:00,7818980,136570,3172,3172,True,True,0x0B,"OK,OK,NO_IRQ,OK","FULL,FULL,NONE,FULL",
12.358646,2026-09-01T19:10:23.034+01:00,7822152,136571,3172,3172,True,True,0x0B,"OK,OK,NO_IRQ,OK","FULL,FULL,NONE,FULL",
12.359549,2026-09-01T19:10:23.046+01:00,7825324,136572,3172,3172,True,True,0x0B,"OK,OK,NO_IRQ,OK","FULL,FULL,NONE,FULL",
12.361505,2026-09-01T19:10:23.047+01:00,7828496,136573,3172,3172,True,True,0x0B,"OK,OK,NO_IRQ,OK","FULL,FULL,NONE,FULL",
12.366392,2026-09-01T19:10:23.049+01:00,7831668,136574,3172,3172,True,True,0x0B,"OK,OK,NO_IRQ,OK","FULL,FULL,NONE,FULL",
12.375794,2026-09-01T19:10:23.054+01:00,7834840,136575,3172,3172,True,True,0x0B,"OK,OK,NO_IRQ,OK","FULL,FULL,NONE,FULL",
12.377196,2026-09-01T19:10:23.063+01:00,7838012,136576,3172,3172,True,True,0x0B,"OK,OK,NO_IRQ,OK","FULL,FULL,NONE,FULL",
12.381370,2026-09-01T19:10:23.065+01:00,7841184,136577,3172,3172,True,True,0x0B,"OK,OK,NO_IRQ,OK","FULL,FULL,NONE,FULL",
12.386090,2026-09-01T19:10:23.069+01:00,7844356,136578,3172,3172,True,True,0x0B,"OK,OK,NO_IRQ,OK","FULL,FULL,NONE,FULL",
12.392617,2026-09-01T19:10:23.074+01:00,7847528,136579,3172,3172,True,True,0x0B,"OK,OK,NO_IRQ,OK","FULL,FULL,NONE,FULL",
12.397359,2026-09-01T19:10:23.080+01:00,7850700,136580,3172,3172,True,True,0x0B,"OK,OK,NO_IRQ,OK","FULL,FULL,NONE,FULL",
12.401163,2026-09-01T19:10:23.085+01:00,7853872,136581,3172,3172,True,True,0x0B,"OK,OK,NO_IRQ,OK","FULL,FULL,NONE,FULL",
12.408041,2026-09-01T19:10:23.089+01:00,7857044,136582,3172,3172,True,True,0x0B,"OK,OK,NO_IRQ,OK","FULL,FULL,NONE,FULL",
12.419409,2026-09-01T19:10:23.095+01:00,7860216,136583,3172,3172,True,True,0x0B,"OK,OK,NO_IRQ,OK","FULL,FULL,NONE,FULL",
12.419834,2026-09-01T19:10:23.107+01:00,7863388,136584,3172,3172,True,True,0x0B,"OK,OK,NO_IRQ,OK","FULL,FULL,NONE,FULL",
12.420970,2026-09-01T19:10:23.107+01:00,7866560,136585,3172,3172,True,True,0x0B,"OK,OK,NO_IRQ,OK","FULL,FULL,NONE,FULL",
12.427833,2026-09-01T19:10:23.109+01:00,7869732,136586,3172,3172,True,True,0x0B,"OK,OK,NO_IRQ,OK","FULL,FULL,NONE,FULL",
12.434956,2026-09-01T19:10:23.118+01:00,7872904,136587,3172,3172,True,True,0x0B,"OK,OK,NO_IRQ,OK","FULL,FULL,NONE,FULL",
12.436467,2026-09-01T19:10:23.123+01:00,7876076,136588,3172,3172,True,True,0x0B,"OK,OK,NO_IRQ,OK","FULL,FULL,NONE,FULL",
12.441734,2026-09-01T19:10:23.124+01:00,7879248,136589,3172,3172,True,True,0x0B,"OK,OK,NO_IRQ,OK","FULL,FULL,NONE,FULL",
12.446562,2026-09-01T19:10:23.129+01:00,7882420,136590,3172,3172,True,True,0x0B,"OK,OK,NO_IRQ,OK","FULL,FULL,NONE,FULL",
12.458233,2026-09-01T19:10:23.134+01:00,7885592,136591,3172,3172,True,True,0x0B,"OK,OK,NO_IRQ,OK","FULL,FULL,NONE,FULL",
12.458670,2026-09-01T19:10:23.145+01:00,7888764,136592,3172,3172,True,True,0x0B,"OK,OK,NO_IRQ,OK","FULL,FULL,NONE,FULL",
12.461639,2026-09-01T19:10:23.146+01:00,7891936,136593,3172,3172,True,True,0x0B,"OK,OK,NO_IRQ,OK","FULL,FULL,NONE,FULL",
12.472024,2026-09-01T19:10:23.149+01:00,7895108,136594,3172,3172,True,True,0x0B,"OK,OK,NO_IRQ,OK","FULL,FULL,NONE,FULL",
12.472331,2026-09-01T19:10:23.159+01:00,7898280,136595,3172,3172,True,True,0x0B,"OK,OK,NO_IRQ,OK","FULL,FULL,NONE,FULL",
12.476346,2026-09-01T19:10:23.160+01:00,7901452,136596,3172,3172,True,True,0x0B,"OK,OK,NO_IRQ,OK","FULL,FULL,NONE,FULL",
12.481615,2026-09-01T19:10:23.164+01:00,7904624,136597,3172,3172,True,True,0x0B,"OK,OK,NO_IRQ,OK","FULL,FULL,NONE,FULL",
12.491847,2026-09-01T19:10:23.169+01:00,7907796,136598,3172,3172,True,True,0x0B,"OK,OK,NO_IRQ,OK","FULL,FULL,NONE,FULL",
12.492076,2026-09-01T19:10:23.179+01:00,7910968,136599,3172,3172,True,True,0x0B,"OK,OK,NO_IRQ,OK","FULL,FULL,NONE,FULL",
12.496891,2026-09-01T19:10:23.179+01:00,7914140,136600,3172,3172,True,True,0x0B,"OK,OK,NO_IRQ,OK","FULL,FULL,NONE,FULL",
12.501461,2026-09-01T19:10:23.184+01:00,7917312,136601,3172,3172,True,True,0x0B,"OK,OK,NO_IRQ,OK","FULL,FULL,NONE,FULL",
12.508938,2026-09-01T19:10:23.189+01:00,7920484,136602,3172,3172,True,True,0x0B,"OK,OK,NO_IRQ,OK","FULL,FULL,NONE,FULL",
12.511552,2026-09-01T19:10:23.196+01:00,7923656,136603,3172,3172,True,True,0x0B,"OK,OK,NO_IRQ,OK","FULL,FULL,NONE,FULL",
12.516718,2026-09-01T19:10:23.199+01:00,7926828,136604,3172,3172,True,True,0x0B,"OK,OK,NO_IRQ,OK","FULL,FULL,NONE,FULL",
12.525851,2026-09-01T19:10:23.204+01:00,7930000,136605,3172,3172,True,True,0x0B,"OK,OK,NO_IRQ,OK","FULL,FULL,NONE,FULL",
12.526095,2026-09-01T19:10:23.213+01:00,7933172,136606,3172,3172,True,True,0x0B,"OK,OK,NO_IRQ,OK","FULL,FULL,NONE,FULL",
12.531718,2026-09-01T19:10:23.213+01:00,7936344,136607,3172,3172,True,True,0x0B,"OK,OK,NO_IRQ,OK","FULL,FULL,NONE,FULL",
12.541663,2026-09-01T19:10:23.219+01:00,7939516,136608,3172,3172,True,True,0x0B,"OK,OK,NO_IRQ,OK","FULL,FULL,NONE,FULL",
12.542495,2026-09-01T19:10:23.229+01:00,7942688,136609,3172,3172,True,True,0x0B,"OK,OK,NO_IRQ,OK","FULL,FULL,NONE,FULL",
12.546279,2026-09-01T19:10:23.230+01:00,7945860,136610,3172,3172,True,True,0x0B,"OK,OK,NO_IRQ,OK","FULL,FULL,NONE,FULL",
12.551456,2026-09-01T19:10:23.234+01:00,7949032,136611,3172,3172,True,True,0x0B,"OK,OK,NO_IRQ,OK","FULL,FULL,NONE,FULL",
12.560705,2026-09-01T19:10:23.239+01:00,7952204,136612,3172,3172,True,True,0x0B,"OK,OK,NO_IRQ,OK","FULL,FULL,NONE,FULL",
12.561813,2026-09-01T19:10:23.248+01:00,7955376,136613,3172,3172,True,True,0x0B,"OK,OK,NO_IRQ,OK","FULL,FULL,NONE,FULL",
12.566731,2026-09-01T19:10:23.249+01:00,7958548,136614,3172,3172,True,True,0x0B,"OK,OK,NO_IRQ,OK","FULL,FULL,NONE,FULL",
12.573068,2026-09-01T19:10:23.254+01:00,7961720,136615,3172,3172,True,True,0x0B,"OK,OK,NO_IRQ,OK","FULL,FULL,NONE,FULL",
12.577672,2026-09-01T19:10:23.260+01:00,7964892,136616,3172,3172,True,True,0x0B,"OK,OK,NO_IRQ,OK","FULL,FULL,NONE,FULL",
12.582561,2026-09-01T19:10:23.265+01:00,7968064,136617,3172,3172,True,True,0x0B,"OK,OK,NO_IRQ,OK","FULL,FULL,NONE,FULL",
12.586388,2026-09-01T19:10:23.270+01:00,7971236,136618,3172,3172,True,True,0x0B,"OK,OK,NO_IRQ,OK","FULL,FULL,NONE,FULL",
12.611787,2026-09-01T19:10:23.298+01:00,7974408,136619,3172,3172,True,True,0x0B,"OK,OK,NO_IRQ,OK","FULL,FULL,NONE,FULL",
12.612540,2026-09-01T19:10:23.299+01:00,7977580,136620,3172,3172,True,True,0x0B,"OK,OK,NO_IRQ,OK","FULL,FULL,NONE,FULL",
12.613023,2026-09-01T19:10:23.300+01:00,7980752,136621,3172,3172,True,True,0x0B,"OK,OK,NO_IRQ,OK","FULL,FULL,NONE,FULL",
12.613774,2026-09-01T19:10:23.300+01:00,7983924,136622,3172,3172,True,True,0x0B,"OK,OK,NO_IRQ,OK","FULL,FULL,NONE,FULL",
12.614310,2026-09-01T19:10:23.301+01:00,7987096,136623,3172,3172,True,True,0x0B,"OK,OK,NO_IRQ,OK","FULL,FULL,NONE,FULL",
12.616924,2026-09-01T19:10:23.302+01:00,7990268,136624,3172,3172,True,True,0x0B,"OK,OK,NO_IRQ,OK","FULL,FULL,NONE,FULL",
12.622573,2026-09-01T19:10:23.304+01:00,7993440,136625,3172,3172,True,True,0x0B,"OK,OK,NO_IRQ,OK","FULL,FULL,NONE,FULL",
12.628524,2026-09-01T19:10:23.310+01:00,7996612,136626,3172,3172,True,True,0x0B,"OK,OK,NO_IRQ,OK","FULL,FULL,NONE,FULL",
12.631333,2026-09-01T19:10:23.316+01:00,7999784,136627,3172,3172,True,True,0x0B,"OK,OK,NO_IRQ,OK","FULL,FULL,NONE,FULL",
12.637072,2026-09-01T19:10:23.319+01:00,8002956,136628,3172,3172,True,True,0x0B,"OK,OK,NO_IRQ,OK","FULL,FULL,NONE,FULL",
12.648159,2026-09-01T19:10:23.324+01:00,8006128,136629,3172,3172,True,True,0x0B,"OK,OK,NO_IRQ,OK","FULL,FULL,NONE,FULL",
12.648855,2026-09-01T19:10:23.335+01:00,8009300,136630,3172,3172,True,True,0x0B,"OK,OK,NO_IRQ,OK","FULL,FULL,NONE,FULL",
12.651327,2026-09-01T19:10:23.336+01:00,8012472,136631,3172,3172,True,True,0x0B,"OK,OK,NO_IRQ,OK","FULL,FULL,NONE,FULL",
12.656982,2026-09-01T19:10:23.339+01:00,8015644,136632,3172,3172,True,True,0x0B,"OK,OK,NO_IRQ,OK","FULL,FULL,NONE,FULL",
12.662126,2026-09-01T19:10:23.344+01:00,8018816,136633,3172,3172,True,True,0x0B,"OK,OK,NO_IRQ,OK","FULL,FULL,NONE,FULL",
12.666520,2026-09-01T19:10:23.349+01:00,8021988,136634,3172,3172,True,True,0x0B,"OK,OK,NO_IRQ,OK","FULL,FULL,NONE,FULL",
12.672090,2026-09-01T19:10:23.354+01:00,8025160,136635,3172,3172,True,True,0x0B,"OK,OK,NO_IRQ,OK","FULL,FULL,NONE,FULL",
12.682441,2026-09-01T19:10:23.359+01:00,8028332,136636,3172,3172,True,True,0x0B,"OK,OK,NO_IRQ,OK","FULL,FULL,NONE,FULL",
12.683274,2026-09-01T19:10:23.370+01:00,8031504,136637,3172,3172,True,True,0x0B,"OK,OK,NO_IRQ,OK","FULL,FULL,NONE,FULL",
12.686607,2026-09-01T19:10:23.370+01:00,8034676,136638,3172,3172,True,True,0x0B,"OK,OK,NO_IRQ,OK","FULL,FULL,NONE,FULL",
12.692015,2026-09-01T19:10:23.374+01:00,8037848,136639,3172,3172,True,True,0x0B,"OK,OK,NO_IRQ,OK","FULL,FULL,NONE,FULL",
12.699756,2026-09-01T19:10:23.379+01:00,8041020,136640,3172,3172,True,True,0x0B,"OK,OK,NO_IRQ,OK","FULL,FULL,NONE,FULL",
12.701658,2026-09-01T19:10:23.387+01:00,8044192,136641,3172,3172,True,True,0x0B,"OK,OK,NO_IRQ,OK","FULL,FULL,NONE,FULL",
12.708674,2026-09-01T19:10:23.389+01:00,8047364,136642,3172,3172,True,True,0x0B,"OK,OK,NO_IRQ,OK","FULL,FULL,NONE,FULL",
12.711515,2026-09-01T19:10:23.396+01:00,8050536,136643,3172,3172,True,True,0x0B,"OK,OK,NO_IRQ,OK","FULL,FULL,NONE,FULL",
12.718825,2026-09-01T19:10:23.399+01:00,8053708,136644,3172,3172,True,True,0x0B,"OK,OK,NO_IRQ,OK","FULL,FULL,NONE,FULL",
12.724564,2026-09-01T19:10:23.406+01:00,8056880,136645,3172,3172,True,True,0x0B,"OK,OK,NO_IRQ,OK","FULL,FULL,NONE,FULL",
12.726795,2026-09-01T19:10:23.412+01:00,8060052,136646,3172,3172,True,True,0x0B,"OK,OK,NO_IRQ,OK","FULL,FULL,NONE,FULL",
12.735123,2026-09-01T19:10:23.414+01:00,8063224,136647,3172,3172,True,True,0x0B,"OK,OK,NO_IRQ,OK","FULL,FULL,NONE,FULL",
12.736832,2026-09-01T19:10:23.423+01:00,8066396,136648,3172,3172,True,True,0x0B,"OK,OK,NO_IRQ,OK","FULL,FULL,NONE,FULL",
12.742853,2026-09-01T19:10:23.424+01:00,8069568,136649,3172,3172,True,True,0x0B,"OK,OK,NO_IRQ,OK","FULL,FULL,NONE,FULL",
12.747815,2026-09-01T19:10:23.430+01:00,8072740,136650,3172,3172,True,True,0x0B,"OK,OK,NO_IRQ,OK","FULL,FULL,NONE,FULL",
12.752511,2026-09-01T19:10:23.435+01:00,8075912,136651,3172,3172,True,True,0x0B,"OK,OK,NO_IRQ,OK","FULL,FULL,NONE,FULL",
12.756751,2026-09-01T19:10:23.440+01:00,8079084,136652,3172,3172,True,True,0x0B,"OK,OK,NO_IRQ,OK","FULL,FULL,NONE,FULL",
12.761734,2026-09-01T19:10:23.444+01:00,8082256,136653,3172,3172,True,True,0x0B,"OK,OK,NO_IRQ,OK","FULL,FULL,NONE,FULL",
12.773868,2026-09-01T19:10:23.449+01:00,8085428,136654,3172,3172,True,True,0x0B,"OK,OK,NO_IRQ,OK","FULL,FULL,NONE,FULL",
12.774150,2026-09-01T19:10:23.461+01:00,8088600,136655,3172,3172,True,True,0x0B,"OK,OK,NO_IRQ,OK","FULL,FULL,NONE,FULL",
12.776770,2026-09-01T19:10:23.461+01:00,8091772,136656,3172,3172,True,True,0x0B,"OK,OK,NO_IRQ,OK","FULL,FULL,NONE,FULL",
12.782411,2026-09-01T19:10:23.464+01:00,8094944,136657,3172,3172,True,True,0x0B,"OK,OK,NO_IRQ,OK","FULL,FULL,NONE,FULL",
12.790807,2026-09-01T19:10:23.472+01:00,8098116,136658,3172,3172,True,True,0x0B,"OK,OK,NO_IRQ,OK","FULL,FULL,NONE,FULL",
12.793081,2026-09-01T19:10:23.478+01:00,8101288,136659,3172,3172,True,True,0x0B,"OK,OK,NO_IRQ,OK","FULL,FULL,NONE,FULL",
12.797290,2026-09-01T19:10:23.480+01:00,8104460,136660,3172,3172,True,True,0x0B,"OK,OK,NO_IRQ,OK","FULL,FULL,NONE,FULL",
12.808241,2026-09-01T19:10:23.485+01:00,8107632,136661,3172,3172,True,True,0x0B,"OK,OK,NO_IRQ,OK","FULL,FULL,NONE,FULL",
12.808856,2026-09-01T19:10:23.496+01:00,8110804,136662,3172,3172,True,True,0x0B,"OK,OK,NO_IRQ,OK","FULL,FULL,NONE,FULL",
12.812028,2026-09-01T19:10:23.496+01:00,8113976,136663,3172,3172,True,True,0x0B,"OK,OK,NO_IRQ,OK","FULL,FULL,NONE,FULL",
12.816969,2026-09-01T19:10:23.500+01:00,8117148,136664,3172,3172,True,True,0x0B,"OK,OK,NO_IRQ,OK","FULL,FULL,NONE,FULL",
12.826843,2026-09-01T19:10:23.504+01:00,8120320,136665,3172,3172,True,True,0x0B,"OK,OK,NO_IRQ,OK","FULL,FULL,NONE,FULL",
12.827741,2026-09-01T19:10:23.514+01:00,8123492,136666,3172,3172,True,True,0x0B,"OK,OK,NO_IRQ,OK","FULL,FULL,NONE,FULL",
12.831820,2026-09-01T19:10:23.515+01:00,8126664,136667,3172,3172,True,True,0x0B,"OK,OK,NO_IRQ,OK","FULL,FULL,NONE,FULL",
12.840157,2026-09-01T19:10:23.519+01:00,8129836,136668,3172,3172,True,True,0x0B,"OK,OK,NO_IRQ,OK","FULL,FULL,NONE,FULL",
12.843180,2026-09-01T19:10:23.530+01:00,8133008,136669,3172,3172,True,True,0x0B,"OK,OK,NO_IRQ,OK","FULL,FULL,NONE,FULL",
12.847047,2026-09-01T19:10:23.530+01:00,8136180,136670,3172,3172,True,True,0x0B,"OK,OK,NO_IRQ,OK","FULL,FULL,NONE,FULL",
12.852155,2026-09-01T19:10:23.534+01:00,8139352,136671,3172,3172,True,True,0x0B,"OK,OK,NO_IRQ,OK","FULL,FULL,NONE,FULL",
12.860319,2026-09-01T19:10:23.539+01:00,8142524,136672,3172,3172,True,True,0x0B,"OK,OK,NO_IRQ,OK","FULL,FULL,NONE,FULL",
12.862238,2026-09-01T19:10:23.548+01:00,8145696,136673,3172,3172,True,True,0x0B,"OK,OK,NO_IRQ,OK","FULL,FULL,NONE,FULL",
12.867548,2026-09-01T19:10:23.550+01:00,8148868,136674,3172,3172,True,True,0x0B,"OK,OK,NO_IRQ,OK","FULL,FULL,NONE,FULL",
12.875173,2026-09-01T19:10:23.555+01:00,8152040,136675,3172,3172,True,True,0x0B,"OK,OK,NO_IRQ,OK","FULL,FULL,NONE,FULL",
12.878819,2026-09-01T19:10:23.563+01:00,8155212,136676,3172,3172,True,True,0x0B,"OK,OK,NO_IRQ,OK","FULL,FULL,NONE,FULL",
12.882260,2026-09-01T19:10:23.566+01:00,8158384,136677,3172,3172,True,True,0x0B,"OK,OK,NO_IRQ,OK","FULL,FULL,NONE,FULL",
12.886806,2026-09-01T19:10:23.570+01:00,8161556,136678,3172,3172,True,True,0x0B,"OK,OK,NO_IRQ,OK","FULL,FULL,NONE,FULL",
12.891872,2026-09-01T19:10:23.574+01:00,8164728,136679,3172,3172,True,True,0x0B,"OK,OK,NO_IRQ,OK","FULL,FULL,NONE,FULL",
12.898920,2026-09-01T19:10:23.579+01:00,8167900,136680,3172,3172,True,True,0x0B,"OK,OK,NO_IRQ,OK","FULL,FULL,NONE,FULL",
12.902113,2026-09-01T19:10:23.587+01:00,8171072,136681,3172,3172,True,True,0x0B,"OK,OK,NO_IRQ,OK","FULL,FULL,NONE,FULL",
12.908244,2026-09-01T19:10:23.590+01:00,8174244,136682,3172,3172,True,True,0x0B,"OK,OK,NO_IRQ,OK","FULL,FULL,NONE,FULL",
12.917018,2026-09-01T19:10:23.595+01:00,8177416,136683,3172,3172,True,True,0x0B,"OK,OK,NO_IRQ,OK","FULL,FULL,NONE,FULL",
12.917716,2026-09-01T19:10:23.604+01:00,8180588,136684,3172,3172,True,True,0x0B,"OK,OK,NO_IRQ,OK","FULL,FULL,NONE,FULL",
12.922172,2026-09-01T19:10:23.605+01:00,8183760,136685,3172,3172,True,True,0x0B,"OK,OK,NO_IRQ,OK","FULL,FULL,NONE,FULL",
12.927371,2026-09-01T19:10:23.609+01:00,8186932,136686,3172,3172,True,True,0x0B,"OK,OK,NO_IRQ,OK","FULL,FULL,NONE,FULL",
12.932290,2026-09-01T19:10:23.615+01:00,8190104,136687,3172,3172,True,True,0x0B,"OK,OK,NO_IRQ,OK","FULL,FULL,NONE,FULL",
12.937966,2026-09-01T19:10:23.621+01:00,8193276,136688,3172,3172,True,True,0x0B,"OK,OK,NO_IRQ,OK","FULL,FULL,NONE,FULL",
12.941953,2026-09-01T19:10:23.629+01:00,8196448,136689,3172,3172,True,True,0x0B,"OK,OK,NO_IRQ,OK","FULL,FULL,NONE,FULL",
12.947305,2026-09-01T19:10:23.629+01:00,8199620,136690,3172,3172,True,True,0x0B,"OK,OK,NO_IRQ,OK","FULL,FULL,NONE,FULL",
12.955587,2026-09-01T19:10:23.635+01:00,8202792,136691,3172,3172,True,True,0x0B,"OK,OK,NO_IRQ,OK","FULL,FULL,NONE,FULL",
12.959029,2026-09-01T19:10:23.643+01:00,8205964,136692,3172,3172,True,True,0x0B,"OK,OK,NO_IRQ,OK","FULL,FULL,NONE,FULL",
12.965425,2026-09-01T19:10:23.647+01:00,8209136,136693,3172,3172,True,True,0x0B,"OK,OK,NO_IRQ,OK","FULL,FULL,NONE,FULL",
12.966970,2026-09-01T19:10:23.653+01:00,8212308,136694,3172,3172,True,True,0x0B,"OK,OK,NO_IRQ,OK","FULL,FULL,NONE,FULL",
12.972996,2026-09-01T19:10:23.654+01:00,8215480,136695,3172,3172,True,True,0x0B,"OK,OK,NO_IRQ,OK","FULL,FULL,NONE,FULL",
12.981972,2026-09-01T19:10:23.660+01:00,8218652,136696,3172,3172,True,True,0x0B,"OK,OK,NO_IRQ,OK","FULL,FULL,NONE,FULL",
12.983172,2026-09-01T19:10:23.669+01:00,8221824,136697,3172,3172,True,True,0x0B,"OK,OK,NO_IRQ,OK","FULL,FULL,NONE,FULL",
12.987491,2026-09-01T19:10:23.670+01:00,8224996,136698,3172,3172,True,True,0x0B,"OK,OK,NO_IRQ,OK","FULL,FULL,NONE,FULL",
12.992160,2026-09-01T19:10:23.675+01:00,8228168,136699,3172,3172,True,True,0x0B,"OK,OK,NO_IRQ,OK","FULL,FULL,NONE,FULL",
12.999575,2026-09-01T19:10:23.679+01:00,8231340,136700,3172,3172,True,True,0x0B,"OK,OK,NO_IRQ,OK","FULL,FULL,NONE,FULL",
13.002230,2026-09-01T19:10:23.687+01:00,8234512,136701,3172,3172,True,True,0x0B,"OK,OK,NO_IRQ,OK","FULL,FULL,NONE,FULL",
13.008805,2026-09-01T19:10:23.690+01:00,8237684,136702,3172,3172,True,True,0x0B,"OK,OK,NO_IRQ,OK","FULL,FULL,NONE,FULL",
13.016069,2026-09-01T19:10:23.696+01:00,8240856,136703,3172,3172,True,True,0x0B,"OK,OK,NO_IRQ,OK","FULL,FULL,NONE,FULL",
13.017238,2026-09-01T19:10:23.703+01:00,8244028,136704,3172,3172,True,True,0x0B,"OK,OK,NO_IRQ,OK","FULL,FULL,NONE,FULL",
13.022223,2026-09-01T19:10:23.704+01:00,8247200,136705,3172,3172,True,True,0x0B,"OK,OK,NO_IRQ,OK","FULL,FULL,NONE,FULL",
13.027346,2026-09-01T19:10:23.709+01:00,8250372,136706,3172,3172,True,True,0x0B,"OK,OK,NO_IRQ,OK","FULL,FULL,NONE,FULL",
13.035125,2026-09-01T19:10:23.715+01:00,8253544,136707,3172,3172,True,True,0x0B,"OK,OK,NO_IRQ,OK","FULL,FULL,NONE,FULL",
13.037031,2026-09-01T19:10:23.723+01:00,8256716,136708,3172,3172,True,True,0x0B,"OK,OK,NO_IRQ,OK","FULL,FULL,NONE,FULL",
13.042395,2026-09-01T19:10:23.724+01:00,8259888,136709,3172,3172,True,True,0x0B,"OK,OK,NO_IRQ,OK","FULL,FULL,NONE,FULL",
13.053519,2026-09-01T19:10:23.730+01:00,8263060,136710,3172,3172,True,True,0x0B,"OK,OK,NO_IRQ,OK","FULL,FULL,NONE,FULL",
13.054780,2026-09-01T19:10:23.741+01:00,8266232,136711,3172,3172,True,True,0x0B,"OK,OK,NO_IRQ,OK","FULL,FULL,NONE,FULL",
13.058223,2026-09-01T19:10:23.742+01:00,8269404,136712,3172,3172,True,True,0x0B,"OK,OK,NO_IRQ,OK","FULL,FULL,NONE,FULL",
13.062534,2026-09-01T19:10:23.745+01:00,8272576,136713,3172,3172,True,True,0x0B,"OK,OK,NO_IRQ,OK","FULL,FULL,NONE,FULL",
13.072027,2026-09-01T19:10:23.750+01:00,8275748,136714,3172,3172,True,True,0x0B,"OK,OK,NO_IRQ,OK","FULL,FULL,NONE,FULL",
13.072303,2026-09-01T19:10:23.759+01:00,8278920,136715,3172,3172,True,True,0x0B,"OK,OK,NO_IRQ,OK","FULL,FULL,NONE,FULL",
13.077307,2026-09-01T19:10:23.759+01:00,8282092,136716,3172,3172,True,True,0x0B,"OK,OK,NO_IRQ,OK","FULL,FULL,NONE,FULL",
13.082166,2026-09-01T19:10:23.765+01:00,8285264,136717,3172,3172,True,True,0x0B,"OK,OK,NO_IRQ,OK","FULL,FULL,NONE,FULL",
13.089703,2026-09-01T19:10:23.769+01:00,8288436,136718,3172,3172,True,True,0x0B,"OK,OK,NO_IRQ,OK","FULL,FULL,NONE,FULL",
13.093087,2026-09-01T19:10:23.777+01:00,8291608,136719,3172,3172,True,True,0x0B,"OK,OK,NO_IRQ,OK","FULL,FULL,NONE,FULL",
13.097434,2026-09-01T19:10:23.781+01:00,8294780,136720,3172,3172,True,True,0x0B,"OK,OK,NO_IRQ,OK","FULL,FULL,NONE,FULL",
13.103182,2026-09-01T19:10:23.785+01:00,8297952,136721,3172,3172,True,True,0x0B,"OK,OK,NO_IRQ,OK","FULL,FULL,NONE,FULL",
13.108051,2026-09-01T19:10:23.790+01:00,8301124,136722,3172,3172,True,True,0x0B,"OK,OK,NO_IRQ,OK","FULL,FULL,NONE,FULL",
13.112369,2026-09-01T19:10:23.795+01:00,8304296,136723,3172,3172,True,True,0x0B,"OK,OK,NO_IRQ,OK","FULL,FULL,NONE,FULL",
13.117313,2026-09-01T19:10:23.800+01:00,8307468,136724,3172,3172,True,True,0x0B,"OK,OK,NO_IRQ,OK","FULL,FULL,NONE,FULL",
13.130925,2026-09-01T19:10:23.805+01:00,8310640,136725,3172,3172,True,True,0x0B,"OK,OK,NO_IRQ,OK","FULL,FULL,NONE,FULL",
13.131257,2026-09-01T19:10:23.818+01:00,8313812,136726,3172,3172,True,True,0x0B,"OK,OK,NO_IRQ,OK","FULL,FULL,NONE,FULL",
13.132211,2026-09-01T19:10:23.818+01:00,8316984,136727,3172,3172,True,True,0x0B,"OK,OK,NO_IRQ,OK","FULL,FULL,NONE,FULL",
13.145050,2026-09-01T19:10:23.819+01:00,8320156,136728,3172,3172,True,True,0x0B,"OK,OK,NO_IRQ,OK","FULL,FULL,NONE,FULL",
13.145938,2026-09-01T19:10:23.833+01:00,8323328,136729,3172,3172,True,True,0x0B,"OK,OK,NO_IRQ,OK","FULL,FULL,NONE,FULL",
13.147288,2026-09-01T19:10:23.833+01:00,8326500,136730,3172,3172,True,True,0x0B,"OK,OK,NO_IRQ,OK","FULL,FULL,NONE,FULL",
13.152578,2026-09-01T19:10:23.835+01:00,8329672,136731,3172,3172,True,True,0x0B,"OK,OK,NO_IRQ,OK","FULL,FULL,NONE,FULL",
13.162003,2026-09-01T19:10:23.840+01:00,8332844,136732,3172,3172,True,True,0x0B,"OK,OK,NO_IRQ,OK","FULL,FULL,NONE,FULL",
13.162967,2026-09-01T19:10:23.850+01:00,8336016,136733,3172,3172,True,True,0x0B,"OK,OK,NO_IRQ,OK","FULL,FULL,NONE,FULL",
13.167569,2026-09-01T19:10:23.850+01:00,8339188,136734,3172,3172,True,True,0x0B,"OK,OK,NO_IRQ,OK","FULL,FULL,NONE,FULL",
13.174853,2026-09-01T19:10:23.855+01:00,8342360,136735,3172,3172,True,True,0x0B,"OK,OK,NO_IRQ,OK","FULL,FULL,NONE,FULL",
13.178664,2026-09-01T19:10:23.865+01:00,8345532,136736,3172,3172,True,True,0x0B,"OK,OK,NO_IRQ,OK","FULL,FULL,NONE,FULL",
13.182839,2026-09-01T19:10:23.866+01:00,8348704,136737,3172,3172,True,True,0x0B,"OK,OK,NO_IRQ,OK","FULL,FULL,NONE,FULL",
13.187510,2026-09-01T19:10:23.870+01:00,8351876,136738,3172,3172,True,True,0x0B,"OK,OK,NO_IRQ,OK","FULL,FULL,NONE,FULL",
13.192774,2026-09-01T19:10:23.875+01:00,8355048,136739,3172,3172,True,True,0x0B,"OK,OK,NO_IRQ,OK","FULL,FULL,NONE,FULL",
13.197475,2026-09-01T19:10:23.881+01:00,8358220,136740,3172,3172,True,True,0x0B,"OK,OK,NO_IRQ,OK","FULL,FULL,NONE,FULL",
13.202512,2026-09-01T19:10:23.885+01:00,8361392,136741,3172,3172,True,True,0x0B,"OK,OK,NO_IRQ,OK","FULL,FULL,NONE,FULL",
13.209731,2026-09-01T19:10:23.890+01:00,8364564,136742,3172,3172,True,True,0x0B,"OK,OK,NO_IRQ,OK","FULL,FULL,NONE,FULL",
13.213746,2026-09-01T19:10:23.897+01:00,8367736,136743,3172,3172,True,True,0x0B,"OK,OK,NO_IRQ,OK","FULL,FULL,NONE,FULL",
13.217844,2026-09-01T19:10:23.901+01:00,8370908,136744,3172,3172,True,True,0x0B,"OK,OK,NO_IRQ,OK","FULL,FULL,NONE,FULL",
13.222651,2026-09-01T19:10:23.905+01:00,8374080,136745,3172,3172,True,True,0x0B,"OK,OK,NO_IRQ,OK","FULL,FULL,NONE,FULL",
13.227509,2026-09-01T19:10:23.910+01:00,8377252,136746,3172,3172,True,True,0x0B,"OK,OK,NO_IRQ,OK","FULL,FULL,NONE,FULL",
13.232795,2026-09-01T19:10:23.915+01:00,8380424,136747,3172,3172,True,True,0x0B,"OK,OK,NO_IRQ,OK","FULL,FULL,NONE,FULL",
13.237850,2026-09-01T19:10:23.920+01:00,8383596,136748,3172,3172,True,True,0x0B,"OK,OK,NO_IRQ,OK","FULL,FULL,NONE,FULL",
13.247541,2026-09-01T19:10:23.925+01:00,8386768,136749,3172,3172,True,True,0x0B,"OK,OK,NO_IRQ,OK","FULL,FULL,NONE,FULL",
13.248300,2026-09-01T19:10:23.935+01:00,8389940,136750,3172,3172,True,True,0x0B,"OK,OK,NO_IRQ,OK","FULL,FULL,NONE,FULL",
13.252785,2026-09-01T19:10:23.936+01:00,8393112,136751,3172,3172,True,True,0x0B,"OK,OK,NO_IRQ,OK","FULL,FULL,NONE,FULL",
13.260444,2026-09-01T19:10:23.940+01:00,8396284,136752,3172,3172,True,True,0x0B,"OK,OK,NO_IRQ,OK","FULL,FULL,NONE,FULL",
13.264898,2026-09-01T19:10:23.951+01:00,8399456,136753,3172,3172,True,True,0x0B,"OK,OK,NO_IRQ,OK","FULL,FULL,NONE,FULL",
13.267822,2026-09-01T19:10:23.952+01:00,8402628,136754,3172,3172,True,True,0x0B,"OK,OK,NO_IRQ,OK","FULL,FULL,NONE,FULL",
13.272718,2026-09-01T19:10:23.955+01:00,8405800,136755,3172,3172,True,True,0x0B,"OK,OK,NO_IRQ,OK","FULL,FULL,NONE,FULL",
13.278692,2026-09-01T19:10:23.960+01:00,8408972,136756,3172,3172,True,True,0x0B,"OK,OK,NO_IRQ,OK","FULL,FULL,NONE,FULL",
13.283447,2026-09-01T19:10:23.966+01:00,8412144,136757,3172,3172,True,True,0x0B,"OK,OK,NO_IRQ,OK","FULL,FULL,NONE,FULL",
13.287958,2026-09-01T19:10:23.972+01:00,8415316,136758,3172,3172,True,True,0x0B,"OK,OK,NO_IRQ,OK","FULL,FULL,NONE,FULL",
13.292795,2026-09-01T19:10:23.975+01:00,8418488,136759,3172,3172,True,True,0x0B,"OK,OK,NO_IRQ,OK","FULL,FULL,NONE,FULL",
13.310384,2026-09-01T19:10:23.980+01:00,8421660,136760,3172,3172,True,True,0x0B,"OK,OK,NO_IRQ,OK","FULL,FULL,NONE,FULL",
13.311069,2026-09-01T19:10:23.998+01:00,8424832,136761,3172,3172,True,True,0x0B,"OK,OK,NO_IRQ,OK","FULL,FULL,NONE,FULL",
13.311627,2026-09-01T19:10:23.998+01:00,8428004,136762,3172,3172,True,True,0x0B,"OK,OK,NO_IRQ,OK","FULL,FULL,NONE,FULL",
13.312959,2026-09-01T19:10:23.999+01:00,8431176,136763,3172,3172,True,True,0x0B,"OK,OK,NO_IRQ,OK","FULL,FULL,NONE,FULL",
13.318026,2026-09-01T19:10:24.000+01:00,8434348,136764,3172,3172,True,True,0x0B,"OK,OK,NO_IRQ,OK","FULL,FULL,NONE,FULL",
13.327391,2026-09-01T19:10:24.006+01:00,8437520,136765,3172,3172,True,True,0x0B,"OK,OK,NO_IRQ,OK","FULL,FULL,NONE,FULL",
13.328629,2026-09-01T19:10:24.015+01:00,8440692,136766,3172,3172,True,True,0x0B,"OK,OK,NO_IRQ,OK","FULL,FULL,NONE,FULL",
13.332813,2026-09-01T19:10:24.016+01:00,8443864,136767,3172,3172,True,True,0x0B,"OK,OK,NO_IRQ,OK","FULL,FULL,NONE,FULL",
13.337840,2026-09-01T19:10:24.020+01:00,8447036,136768,3172,3172,True,True,0x0B,"OK,OK,NO_IRQ,OK","FULL,FULL,NONE,FULL",
13.347053,2026-09-01T19:10:24.025+01:00,8450208,136769,3172,3172,True,True,0x0B,"OK,OK,NO_IRQ,OK","FULL,FULL,NONE,FULL",
13.347796,2026-09-01T19:10:24.034+01:00,8453380,136770,3172,3172,True,True,0x0B,"OK,OK,NO_IRQ,OK","FULL,FULL,NONE,FULL",
13.353469,2026-09-01T19:10:24.035+01:00,8456552,136771,3172,3172,True,True,0x0B,"OK,OK,NO_IRQ,OK","FULL,FULL,NONE,FULL",
13.358107,2026-09-01T19:10:24.041+01:00,8459724,136772,3172,3172,True,True,0x0B,"OK,OK,NO_IRQ,OK","FULL,FULL,NONE,FULL",
13.362872,2026-09-01T19:10:24.045+01:00,8462896,136773,3172,3172,True,True,0x0B,"OK,OK,NO_IRQ,OK","FULL,FULL,NONE,FULL",
13.368118,2026-09-01T19:10:24.052+01:00,8466068,136774,3172,3172,True,True,0x0B,"OK,OK,NO_IRQ,OK","FULL,FULL,NONE,FULL",
13.374820,2026-09-01T19:10:24.055+01:00,8469240,136775,3172,3172,True,True,0x0B,"OK,OK,NO_IRQ,OK","FULL,FULL,NONE,FULL",
13.377675,2026-09-01T19:10:24.062+01:00,8472412,136776,3172,3172,True,True,0x0B,"OK,OK,NO_IRQ,OK","FULL,FULL,NONE,FULL",
13.384958,2026-09-01T19:10:24.065+01:00,8475584,136777,3172,3172,True,True,0x0B,"OK,OK,NO_IRQ,OK","FULL,FULL,NONE,FULL",
13.388883,2026-09-01T19:10:24.072+01:00,8478756,136778,3172,3172,True,True,0x0B,"OK,OK,NO_IRQ,OK","FULL,FULL,NONE,FULL",
13.393890,2026-09-01T19:10:24.076+01:00,8481928,136779,3172,3172,True,True,0x0B,"OK,OK,NO_IRQ,OK","FULL,FULL,NONE,FULL",
13.403133,2026-09-01T19:10:24.081+01:00,8485100,136780,3172,3172,True,True,0x0B,"OK,OK,NO_IRQ,OK","FULL,FULL,NONE,FULL",
13.404262,2026-09-01T19:10:24.091+01:00,8488272,136781,3172,3172,True,True,0x0B,"OK,OK,NO_IRQ,OK","FULL,FULL,NONE,FULL",
13.411059,2026-09-01T19:10:24.092+01:00,8491444,136782,3172,3172,True,True,0x0B,"OK,OK,NO_IRQ,OK","FULL,FULL,NONE,FULL",
13.413674,2026-09-01T19:10:24.098+01:00,8494616,136783,3172,3172,True,True,0x0B,"OK,OK,NO_IRQ,OK","FULL,FULL,NONE,FULL",
13.425052,2026-09-01T19:10:24.101+01:00,8497788,136784,3172,3172,True,True,0x0B,"OK,OK,NO_IRQ,OK","FULL,FULL,NONE,FULL",
13.425345,2026-09-01T19:10:24.112+01:00,8500960,136785,3172,3172,True,True,0x0B,"OK,OK,NO_IRQ,OK","FULL,FULL,NONE,FULL",
13.428259,2026-09-01T19:10:24.113+01:00,8504132,136786,3172,3172,True,True,0x0B,"OK,OK,NO_IRQ,OK","FULL,FULL,NONE,FULL",
13.433115,2026-09-01T19:10:24.116+01:00,8507304,136787,3172,3172,True,True,0x0B,"OK,OK,NO_IRQ,OK","FULL,FULL,NONE,FULL",
13.443345,2026-09-01T19:10:24.121+01:00,8510476,136788,3172,3172,True,True,0x0B,"OK,OK,NO_IRQ,OK","FULL,FULL,NONE,FULL",
13.443615,2026-09-01T19:10:24.131+01:00,8513648,136789,3172,3172,True,True,0x0B,"OK,OK,NO_IRQ,OK","FULL,FULL,NONE,FULL",
13.448516,2026-09-01T19:10:24.131+01:00,8516820,136790,3172,3172,True,True,0x0B,"OK,OK,NO_IRQ,OK","FULL,FULL,NONE,FULL",
13.454111,2026-09-01T19:10:24.136+01:00,8519992,136791,3172,3172,True,True,0x0B,"OK,OK,NO_IRQ,OK","FULL,FULL,NONE,FULL",
13.460938,2026-09-01T19:10:24.147+01:00,8523164,136792,3172,3172,True,True,0x0B,"OK,OK,NO_IRQ,OK","FULL,FULL,NONE,FULL",
13.463212,2026-09-01T19:10:24.150+01:00,8526336,136793,3172,3172,True,True,0x0B,"OK,OK,NO_IRQ,OK","FULL,FULL,NONE,FULL",
13.468026,2026-09-01T19:10:24.152+01:00,8529508,136794,3172,3172,True,True,0x0B,"OK,OK,NO_IRQ,OK","FULL,FULL,NONE,FULL",
13.485345,2026-09-01T19:10:24.155+01:00,8532680,136795,3172,3172,True,True,0x0B,"OK,OK,NO_IRQ,OK","FULL,FULL,NONE,FULL",
13.485833,2026-09-01T19:10:24.173+01:00,8535852,136796,3172,3172,True,True,0x0B,"OK,OK,NO_IRQ,OK","FULL,FULL,NONE,FULL",
13.486185,2026-09-01T19:10:24.173+01:00,8539024,136797,3172,3172,True,True,0x0B,"OK,OK,NO_IRQ,OK","FULL,FULL,NONE,FULL",
13.500694,2026-09-01T19:10:24.173+01:00,8542196,136798,3172,3172,True,True,0x0B,"OK,OK,NO_IRQ,OK","FULL,FULL,NONE,FULL",
13.501838,2026-09-01T19:10:24.188+01:00,8545368,136799,3172,3172,True,True,0x0B,"OK,OK,NO_IRQ,OK","FULL,FULL,NONE,FULL",
13.502881,2026-09-01T19:10:24.189+01:00,8548540,136800,3172,3172,True,True,0x0B,"OK,OK,NO_IRQ,OK","FULL,FULL,NONE,FULL",
13.503954,2026-09-01T19:10:24.190+01:00,8551712,136801,3172,3172,True,True,0x0B,"OK,OK,NO_IRQ,OK","FULL,FULL,NONE,FULL",
13.508944,2026-09-01T19:10:24.191+01:00,8554884,136802,3172,3172,True,True,0x0B,"OK,OK,NO_IRQ,OK","FULL,FULL,NONE,FULL",
13.518739,2026-09-01T19:10:24.196+01:00,8558056,136803,3172,3172,True,True,0x0B,"OK,OK,NO_IRQ,OK","FULL,FULL,NONE,FULL",
13.519491,2026-09-01T19:10:24.206+01:00,8561228,136804,3172,3172,True,True,0x0B,"OK,OK,NO_IRQ,OK","FULL,FULL,NONE,FULL",
13.524019,2026-09-01T19:10:24.207+01:00,8564400,136805,3172,3172,True,True,0x0B,"OK,OK,NO_IRQ,OK","FULL,FULL,NONE,FULL",
13.528162,2026-09-01T19:10:24.211+01:00,8567572,136806,3172,3172,True,True,0x0B,"OK,OK,NO_IRQ,OK","FULL,FULL,NONE,FULL",
13.542068,2026-09-01T19:10:24.216+01:00,8570744,136807,3172,3172,True,True,0x0B,"OK,OK,NO_IRQ,OK","FULL,FULL,NONE,FULL",
13.542495,2026-09-01T19:10:24.229+01:00,8573916,136808,3172,3172,True,True,0x0B,"OK,OK,NO_IRQ,OK","FULL,FULL,NONE,FULL",
13.543573,2026-09-01T19:10:24.230+01:00,8577088,136809,3172,3172,True,True,0x0B,"OK,OK,NO_IRQ,OK","FULL,FULL,NONE,FULL",
13.548500,2026-09-01T19:10:24.231+01:00,8580260,136810,3172,3172,True,True,0x0B,"OK,OK,NO_IRQ,OK","FULL,FULL,NONE,FULL",
13.559679,2026-09-01T19:10:24.236+01:00,8583432,136811,3172,3172,True,True,0x0B,"OK,OK,NO_IRQ,OK","FULL,FULL,NONE,FULL",
13.560883,2026-09-01T19:10:24.247+01:00,8586604,136812,3172,3172,True,True,0x0B,"OK,OK,NO_IRQ,OK","FULL,FULL,NONE,FULL",
13.563294,2026-09-01T19:10:24.248+01:00,8589776,136813,3172,3172,True,True,0x0B,"OK,OK,NO_IRQ,OK","FULL,FULL,NONE,FULL",
13.568275,2026-09-01T19:10:24.251+01:00,8592948,136814,3172,3172,True,True,0x0B,"OK,OK,NO_IRQ,OK","FULL,FULL,NONE,FULL",
13.574091,2026-09-01T19:10:24.256+01:00,8596120,136815,3172,3172,True,True,0x0B,"OK,OK,NO_IRQ,OK","FULL,FULL,NONE,FULL",
13.580899,2026-09-01T19:10:24.261+01:00,8599292,136816,3172,3172,True,True,0x0B,"OK,OK,NO_IRQ,OK","FULL,FULL,NONE,FULL",
13.583521,2026-09-01T19:10:24.268+01:00,8602464,136817,3172,3172,True,True,0x0B,"OK,OK,NO_IRQ,OK","FULL,FULL,NONE,FULL",
13.589124,2026-09-01T19:10:24.271+01:00,8605636,136818,3172,3172,True,True,0x0B,"OK,OK,NO_IRQ,OK","FULL,FULL,NONE,FULL",
13.598412,2026-09-01T19:10:24.276+01:00,8608808,136819,3172,3172,True,True,0x0B,"OK,OK,NO_IRQ,OK","FULL,FULL,NONE,FULL",
13.599564,2026-09-01T19:10:24.286+01:00,8611980,136820,3172,3172,True,True,0x0B,"OK,OK,NO_IRQ,OK","FULL,FULL,NONE,FULL",
13.603537,2026-09-01T19:10:24.287+01:00,8615152,136821,3172,3172,True,True,0x0B,"OK,OK,NO_IRQ,OK","FULL,FULL,NONE,FULL",
13.608387,2026-09-01T19:10:24.291+01:00,8618324,136822,3172,3172,True,True,0x0B,"OK,OK,NO_IRQ,OK","FULL,FULL,NONE,FULL",
13.617273,2026-09-01T19:10:24.296+01:00,8621496,136823,3172,3172,True,True,0x0B,"OK,OK,NO_IRQ,OK","FULL,FULL,NONE,FULL",
13.618451,2026-09-01T19:10:24.305+01:00,8624668,136824,3172,3172,True,True,0x0B,"OK,OK,NO_IRQ,OK","FULL,FULL,NONE,FULL",
13.624574,2026-09-01T19:10:24.306+01:00,8627840,136825,3172,3172,True,True,0x0B,"OK,OK,NO_IRQ,OK","FULL,FULL,NONE,FULL",
13.628308,2026-09-01T19:10:24.312+01:00,8631012,136826,3172,3172,True,True,0x0B,"OK,OK,NO_IRQ,OK","FULL,FULL,NONE,FULL",
13.642172,2026-09-01T19:10:24.316+01:00,8634184,136827,3172,3172,True,True,0x0B,"OK,OK,NO_IRQ,OK","FULL,FULL,NONE,FULL",
13.642683,2026-09-01T19:10:24.330+01:00,8637356,136828,3172,3172,True,True,0x0B,"OK,OK,NO_IRQ,OK","FULL,FULL,NONE,FULL",
13.643733,2026-09-01T19:10:24.330+01:00,8640528,136829,3172,3172,True,True,0x0B,"OK,OK,NO_IRQ,OK","FULL,FULL,NONE,FULL",
13.648696,2026-09-01T19:10:24.331+01:00,8643700,136830,3172,3172,True,True,0x0B,"OK,OK,NO_IRQ,OK","FULL,FULL,NONE,FULL",
13.653759,2026-09-01T19:10:24.336+01:00,8646872,136831,3172,3172,True,True,0x0B,"OK,OK,NO_IRQ,OK","FULL,FULL,NONE,FULL",
13.659834,2026-09-01T19:10:24.341+01:00,8650044,136832,3172,3172,True,True,0x0B,"OK,OK,NO_IRQ,OK","FULL,FULL,NONE,FULL",
13.663430,2026-09-01T19:10:24.347+01:00,8653216,136833,3172,3172,True,True,0x0B,"OK,OK,NO_IRQ,OK","FULL,FULL,NONE,FULL",
13.668204,2026-09-01T19:10:24.351+01:00,8656388,136834,3172,3172,True,True,0x0B,"OK,OK,NO_IRQ,OK","FULL,FULL,NONE,FULL",
13.675174,2026-09-01T19:10:24.355+01:00,8659560,136835,3172,3172,True,True,0x0B,"OK,OK,NO_IRQ,OK","FULL,FULL,NONE,FULL",
13.684298,2026-09-01T19:10:24.362+01:00,8662732,136836,3172,3172,True,True,0x0B,"OK,OK,NO_IRQ,OK","FULL,FULL,NONE,FULL",
13.685352,2026-09-01T19:10:24.372+01:00,8665904,136837,3172,3172,True,True,0x0B,"OK,OK,NO_IRQ,OK","FULL,FULL,NONE,FULL",
13.688739,2026-09-01T19:10:24.373+01:00,8669076,136838,3172,3172,True,True,0x0B,"OK,OK,NO_IRQ,OK","FULL,FULL,NONE,FULL",
13.693907,2026-09-01T19:10:24.376+01:00,8672248,136839,3172,3172,True,True,0x0B,"OK,OK,NO_IRQ,OK","FULL,FULL,NONE,FULL",
13.703305,2026-09-01T19:10:24.381+01:00,8675420,136840,3172,3172,True,True,0x0B,"OK,OK,NO_IRQ,OK","FULL,FULL,NONE,FULL",
13.704363,2026-09-01T19:10:24.391+01:00,8678592,136841,3172,3172,True,True,0x0B,"OK,OK,NO_IRQ,OK","FULL,FULL,NONE,FULL",
13.708572,2026-09-01T19:10:24.392+01:00,8681764,136842,3172,3172,True,True,0x0B,"OK,OK,NO_IRQ,OK","FULL,FULL,NONE,FULL",
13.714173,2026-09-01T19:10:24.396+01:00,8684936,136843,3172,3172,True,True,0x0B,"OK,OK,NO_IRQ,OK","FULL,FULL,NONE,FULL",
13.727485,2026-09-01T19:10:24.402+01:00,8688108,136844,3172,3172,True,True,0x0B,"OK,OK,NO_IRQ,OK","FULL,FULL,NONE,FULL",
13.727764,2026-09-01T19:10:24.415+01:00,8691280,136845,3172,3172,True,True,0x0B,"OK,OK,NO_IRQ,OK","FULL,FULL,NONE,FULL",
13.728505,2026-09-01T19:10:24.415+01:00,8694452,136846,3172,3172,True,True,0x0B,"OK,OK,NO_IRQ,OK","FULL,FULL,NONE,FULL",
13.741983,2026-09-01T19:10:24.416+01:00,8697624,136847,3172,3172,True,True,0x0B,"OK,OK,NO_IRQ,OK","FULL,FULL,NONE,FULL",
13.742288,2026-09-01T19:10:24.429+01:00,8700796,136848,3172,3172,True,True,0x0B,"OK,OK,NO_IRQ,OK","FULL,FULL,NONE,FULL",
13.744337,2026-09-01T19:10:24.429+01:00,8703968,136849,3172,3172,True,True,0x0B,"OK,OK,NO_IRQ,OK","FULL,FULL,NONE,FULL",
13.748788,2026-09-01T19:10:24.432+01:00,8707140,136850,3172,3172,True,True,0x0B,"OK,OK,NO_IRQ,OK","FULL,FULL,NONE,FULL",
13.753663,2026-09-01T19:10:24.436+01:00,8710312,136851,3172,3172,True,True,0x0B,"OK,OK,NO_IRQ,OK","FULL,FULL,NONE,FULL",
13.759730,2026-09-01T19:10:24.441+01:00,8713484,136852,3172,3172,True,True,0x0B,"OK,OK,NO_IRQ,OK","FULL,FULL,NONE,FULL",
13.764774,2026-09-01T19:10:24.448+01:00,8716656,136853,3172,3172,True,True,0x0B,"OK,OK,NO_IRQ,OK","FULL,FULL,NONE,FULL",
13.768484,2026-09-01T19:10:24.452+01:00,8719828,136854,3172,3172,True,True,0x0B,"OK,OK,NO_IRQ,OK","FULL,FULL,NONE,FULL",
13.773708,2026-09-01T19:10:24.456+01:00,8723000,136855,3172,3172,True,True,0x0B,"OK,OK,NO_IRQ,OK","FULL,FULL,NONE,FULL",
13.783568,2026-09-01T19:10:24.461+01:00,8726172,136856,3172,3172,True,True,0x0B,"OK,OK,NO_IRQ,OK","FULL,FULL,NONE,FULL",
13.784188,2026-09-01T19:10:24.471+01:00,8729344,136857,3172,3172,True,True,0x0B,"OK,OK,NO_IRQ,OK","FULL,FULL,NONE,FULL",
13.788984,2026-09-01T19:10:24.472+01:00,8732516,136858,3172,3172,True,True,0x0B,"OK,OK,NO_IRQ,OK","FULL,FULL,NONE,FULL",
13.793725,2026-09-01T19:10:24.476+01:00,8735688,136859,3172,3172,True,True,0x0B,"OK,OK,NO_IRQ,OK","FULL,FULL,NONE,FULL",
13.802270,2026-09-01T19:10:24.481+01:00,8738860,136860,3172,3172,True,True,0x0B,"OK,OK,NO_IRQ,OK","FULL,FULL,NONE,FULL",
13.803806,2026-09-01T19:10:24.490+01:00,8742032,136861,3172,3172,True,True,0x0B,"OK,OK,NO_IRQ,OK","FULL,FULL,NONE,FULL",
13.808614,2026-09-01T19:10:24.491+01:00,8745204,136862,3172,3172,True,True,0x0B,"OK,OK,NO_IRQ,OK","FULL,FULL,NONE,FULL",
13.819452,2026-09-01T19:10:24.496+01:00,8748376,136863,3172,3172,True,True,0x0B,"OK,OK,NO_IRQ,OK","FULL,FULL,NONE,FULL",
13.820094,2026-09-01T19:10:24.507+01:00,8751548,136864,3172,3172,True,True,0x0B,"OK,OK,NO_IRQ,OK","FULL,FULL,NONE,FULL",
13.824066,2026-09-01T19:10:24.508+01:00,8754720,136865,3172,3172,True,True,0x0B,"OK,OK,NO_IRQ,OK","FULL,FULL,NONE,FULL",
13.828670,2026-09-01T19:10:24.511+01:00,8757892,136866,3172,3172,True,True,0x0B,"OK,OK,NO_IRQ,OK","FULL,FULL,NONE,FULL",
13.835054,2026-09-01T19:10:24.516+01:00,8761064,136867,3172,3172,True,True,0x0B,"OK,OK,NO_IRQ,OK","FULL,FULL,NONE,FULL",
13.841194,2026-09-01T19:10:24.522+01:00,8764236,136868,3172,3172,True,True,0x0B,"OK,OK,NO_IRQ,OK","FULL,FULL,NONE,FULL",
13.843643,2026-09-01T19:10:24.528+01:00,8767408,136869,3172,3172,True,True,0x0B,"OK,OK,NO_IRQ,OK","FULL,FULL,NONE,FULL",
13.848575,2026-09-01T19:10:24.531+01:00,8770580,136870,3172,3172,True,True,0x0B,"OK,OK,NO_IRQ,OK","FULL,FULL,NONE,FULL",
13.862468,2026-09-01T19:10:24.536+01:00,8773752,136871,3172,3172,True,True,0x0B,"OK,OK,NO_IRQ,OK","FULL,FULL,NONE,FULL",
13.862770,2026-09-01T19:10:24.550+01:00,8776924,136872,3172,3172,True,True,0x0B,"OK,OK,NO_IRQ,OK","FULL,FULL,NONE,FULL",
13.863534,2026-09-01T19:10:24.550+01:00,8780096,136873,3172,3172,True,True,0x0B,"OK,OK,NO_IRQ,OK","FULL,FULL,NONE,FULL",
13.876735,2026-09-01T19:10:24.551+01:00,8783268,136874,3172,3172,True,True,0x0B,"OK,OK,NO_IRQ,OK","FULL,FULL,NONE,FULL",
13.877664,2026-09-01T19:10:24.564+01:00,8786440,136875,3172,3172,True,True,0x0B,"OK,OK,NO_IRQ,OK","FULL,FULL,NONE,FULL",
13.878782,2026-09-01T19:10:24.565+01:00,8789612,136876,3172,3172,True,True,0x0B,"OK,OK,NO_IRQ,OK","FULL,FULL,NONE,FULL",
13.884075,2026-09-01T19:10:24.566+01:00,8792784,136877,3172,3172,True,True,0x0B,"OK,OK,NO_IRQ,OK","FULL,FULL,NONE,FULL",
13.893543,2026-09-01T19:10:24.571+01:00,8795956,136878,3172,3172,True,True,0x0B,"OK,OK,NO_IRQ,OK","FULL,FULL,NONE,FULL",
13.894017,2026-09-01T19:10:24.581+01:00,8799128,136879,3172,3172,True,True,0x0B,"OK,OK,NO_IRQ,OK","FULL,FULL,NONE,FULL",
13.899016,2026-09-01T19:10:24.581+01:00,8802300,136880,3172,3172,True,True,0x0B,"OK,OK,NO_IRQ,OK","FULL,FULL,NONE,FULL",
13.903644,2026-09-01T19:10:24.586+01:00,8805472,136881,3172,3172,True,True,0x0B,"OK,OK,NO_IRQ,OK","FULL,FULL,NONE,FULL",
13.910565,2026-09-01T19:10:24.591+01:00,8808644,136882,3172,3172,True,True,0x0B,"OK,OK,NO_IRQ,OK","FULL,FULL,NONE,FULL",
13.913953,2026-09-01T19:10:24.598+01:00,8811816,136883,3172,3172,True,True,0x0B,"OK,OK,NO_IRQ,OK","FULL,FULL,NONE,FULL",
13.918851,2026-09-01T19:10:24.601+01:00,8814988,136884,3172,3172,True,True,0x0B,"OK,OK,NO_IRQ,OK","FULL,FULL,NONE,FULL",
13.924802,2026-09-01T19:10:24.606+01:00,8818160,136885,3172,3172,True,True,0x0B,"OK,OK,NO_IRQ,OK","FULL,FULL,NONE,FULL",
13.928986,2026-09-01T19:10:24.612+01:00,8821332,136886,3172,3172,True,True,0x0B,"OK,OK,NO_IRQ,OK","FULL,FULL,NONE,FULL",
13.934137,2026-09-01T19:10:24.616+01:00,8824504,136887,3172,3172,True,True,0x0B,"OK,OK,NO_IRQ,OK","FULL,FULL,NONE,FULL",
13.940820,2026-09-01T19:10:24.622+01:00,8827676,136888,3172,3172,True,True,0x0B,"OK,OK,NO_IRQ,OK","FULL,FULL,NONE,FULL",
13.945033,2026-09-01T19:10:24.628+01:00,8830848,136889,3172,3172,True,True,0x0B,"OK,OK,NO_IRQ,OK","FULL,FULL,NONE,FULL",
13.949031,2026-09-01T19:10:24.633+01:00,8834020,136890,3172,3172,True,True,0x0B,"OK,OK,NO_IRQ,OK","FULL,FULL,NONE,FULL",
13.954290,2026-09-01T19:10:24.636+01:00,8837192,136891,3172,3172,True,True,0x0B,"OK,OK,NO_IRQ,OK","FULL,FULL,NONE,FULL",
13.961623,2026-09-01T19:10:24.642+01:00,8840364,136892,3172,3172,True,True,0x0B,"OK,OK,NO_IRQ,OK","FULL,FULL,NONE,FULL",
13.965584,2026-09-01T19:10:24.652+01:00,8843536,136893,3172,3172,True,True,0x0B,"OK,OK,NO_IRQ,OK","FULL,FULL,NONE,FULL",
13.969054,2026-09-01T19:10:24.653+01:00,8846708,136894,3172,3172,True,True,0x0B,"OK,OK,NO_IRQ,OK","FULL,FULL,NONE,FULL",
13.978682,2026-09-01T19:10:24.656+01:00,8849880,136895,3172,3172,True,True,0x0B,"OK,OK,NO_IRQ,OK","FULL,FULL,NONE,FULL",
13.979523,2026-09-01T19:10:24.666+01:00,8853052,136896,3172,3172,True,True,0x0B,"OK,OK,NO_IRQ,OK","FULL,FULL,NONE,FULL",
13.983933,2026-09-01T19:10:24.667+01:00,8856224,136897,3172,3172,True,True,0x0B,"OK,OK,NO_IRQ,OK","FULL,FULL,NONE,FULL",
14.000083,2026-09-01T19:10:24.671+01:00,8859396,136898,3172,3172,True,True,0x0B,"OK,OK,NO_IRQ,OK","FULL,FULL,NONE,FULL",
14.000957,2026-09-01T19:10:24.687+01:00,8862568,136899,3172,3172,True,True,0x0B,"OK,OK,NO_IRQ,OK","FULL,FULL,NONE,FULL",
14.001853,2026-09-01T19:10:24.688+01:00,8865740,136900,3172,3172,True,True,0x0B,"OK,OK,NO_IRQ,OK","FULL,FULL,NONE,FULL",
14.004321,2026-09-01T19:10:24.689+01:00,8868912,136901,3172,3172,True,True,0x0B,"OK,OK,NO_IRQ,OK","FULL,FULL,NONE,FULL",
14.009166,2026-09-01T19:10:24.692+01:00,8872084,136902,3172,3172,True,True,0x0B,"OK,OK,NO_IRQ,OK","FULL,FULL,NONE,FULL",
14.014532,2026-09-01T19:10:24.696+01:00,8875256,136903,3172,3172,True,True,0x0B,"OK,OK,NO_IRQ,OK","FULL,FULL,NONE,FULL",
14.019953,2026-09-01T19:10:24.702+01:00,8878428,136904,3172,3172,True,True,0x0B,"OK,OK,NO_IRQ,OK","FULL,FULL,NONE,FULL",
14.024396,2026-09-01T19:10:24.707+01:00,8881600,136905,3172,3172,True,True,0x0B,"OK,OK,NO_IRQ,OK","FULL,FULL,NONE,FULL",
14.029232,2026-09-01T19:10:24.712+01:00,8884772,136906,3172,3172,True,True,0x0B,"OK,OK,NO_IRQ,OK","FULL,FULL,NONE,FULL",
14.040174,2026-09-01T19:10:24.716+01:00,8887944,136907,3172,3172,True,True,0x0B,"OK,OK,NO_IRQ,OK","FULL,FULL,NONE,FULL",
14.040645,2026-09-01T19:10:24.728+01:00,8891116,136908,3172,3172,True,True,0x0B,"OK,OK,NO_IRQ,OK","FULL,FULL,NONE,FULL",
14.046240,2026-09-01T19:10:24.728+01:00,8894288,136909,3172,3172,True,True,0x0B,"OK,OK,NO_IRQ,OK","FULL,FULL,NONE,FULL",
14.049184,2026-09-01T19:10:24.733+01:00,8897460,136910,3172,3172,True,True,0x0B,"OK,OK,NO_IRQ,OK","FULL,FULL,NONE,FULL",
14.054491,2026-09-01T19:10:24.737+01:00,8900632,136911,3172,3172,True,True,0x0B,"OK,OK,NO_IRQ,OK","FULL,FULL,NONE,FULL",
14.058962,2026-09-01T19:10:24.742+01:00,8903804,136912,3172,3172,True,True,0x0B,"OK,OK,NO_IRQ,OK","FULL,FULL,NONE,FULL",
14.065335,2026-09-01T19:10:24.749+01:00,8906976,136913,3172,3172,True,True,0x0B,"OK,OK,NO_IRQ,OK","FULL,FULL,NONE,FULL",
14.069640,2026-09-01T19:10:24.753+01:00,8910148,136914,3172,3172,True,True,0x0B,"OK,OK,NO_IRQ,OK","FULL,FULL,NONE,FULL",
14.074631,2026-09-01T19:10:24.757+01:00,8913320,136915,3172,3172,True,True,0x0B,"OK,OK,NO_IRQ,OK","FULL,FULL,NONE,FULL",
14.082189,2026-09-01T19:10:24.762+01:00,8916492,136916,3172,3172,True,True,0x0B,"OK,OK,NO_IRQ,OK","FULL,FULL,NONE,FULL",
14.084002,2026-09-01T19:10:24.770+01:00,8919664,136917,3172,3172,True,True,0x0B,"OK,OK,NO_IRQ,OK","FULL,FULL,NONE,FULL",
14.091479,2026-09-01T19:10:24.771+01:00,8922836,136918,3172,3172,True,True,0x0B,"OK,OK,NO_IRQ,OK","FULL,FULL,NONE,FULL",
14.099229,2026-09-01T19:10:24.779+01:00,8926008,136919,3172,3172,True,True,0x0B,"OK,OK,NO_IRQ,OK","FULL,FULL,NONE,FULL",
14.100392,2026-09-01T19:10:24.787+01:00,8929180,136920,3172,3172,True,True,0x0B,"OK,OK,NO_IRQ,OK","FULL,FULL,NONE,FULL",
14.104526,2026-09-01T19:10:24.788+01:00,8932352,136921,3172,3172,True,True,0x0B,"OK,OK,NO_IRQ,OK","FULL,FULL,NONE,FULL",
14.109471,2026-09-01T19:10:24.795+01:00,8935524,136922,3172,3172,True,True,0x0B,"OK,OK,NO_IRQ,OK","FULL,FULL,NONE,FULL",
14.117542,2026-09-01T19:10:24.797+01:00,8938696,136923,3172,3172,True,True,0x0B,"OK,OK,NO_IRQ,OK","FULL,FULL,NONE,FULL",
14.119406,2026-09-01T19:10:24.805+01:00,8941868,136924,3172,3172,True,True,0x0B,"OK,OK,NO_IRQ,OK","FULL,FULL,NONE,FULL",
14.125534,2026-09-01T19:10:24.807+01:00,8945040,136925,3172,3172,True,True,0x0B,"OK,OK,NO_IRQ,OK","FULL,FULL,NONE,FULL",
14.135322,2026-09-01T19:10:24.813+01:00,8948212,136926,3172,3172,True,True,0x0B,"OK,OK,NO_IRQ,OK","FULL,FULL,NONE,FULL",
14.136450,2026-09-01T19:10:24.823+01:00,8951384,136927,3172,3172,True,True,0x0B,"OK,OK,NO_IRQ,OK","FULL,FULL,NONE,FULL",
14.141794,2026-09-01T19:10:24.824+01:00,8954556,136928,3172,3172,True,True,0x0B,"OK,OK,NO_IRQ,OK","FULL,FULL,NONE,FULL",
14.144291,2026-09-01T19:10:24.829+01:00,8957728,136929,3172,3172,True,True,0x0B,"OK,OK,NO_IRQ,OK","FULL,FULL,NONE,FULL",
14.152303,2026-09-01T19:10:24.832+01:00,8960900,136930,3172,3172,True,True,0x0B,"OK,OK,NO_IRQ,OK","FULL,FULL,NONE,FULL",
14.154302,2026-09-01T19:10:24.840+01:00,8964072,136931,3172,3172,True,True,0x0B,"OK,OK,NO_IRQ,OK","FULL,FULL,NONE,FULL",
14.159463,2026-09-01T19:10:24.841+01:00,8967244,136932,3172,3172,True,True,0x0B,"OK,OK,NO_IRQ,OK","FULL,FULL,NONE,FULL",
14.168979,2026-09-01T19:10:24.847+01:00,8970416,136933,3172,3172,True,True,0x0B,"OK,OK,NO_IRQ,OK","FULL,FULL,NONE,FULL",
14.169680,2026-09-01T19:10:24.856+01:00,8973588,136934,3172,3172,True,True,0x0B,"OK,OK,NO_IRQ,OK","FULL,FULL,NONE,FULL",
14.174808,2026-09-01T19:10:24.857+01:00,8976760,136935,3172,3172,True,True,0x0B,"OK,OK,NO_IRQ,OK","FULL,FULL,NONE,FULL",
14.179291,2026-09-01T19:10:24.862+01:00,8979932,136936,3172,3172,True,True,0x0B,"OK,OK,NO_IRQ,OK","FULL,FULL,NONE,FULL",
14.184440,2026-09-01T19:10:24.867+01:00,8983104,136937,3172,3172,True,True,0x0B,"OK,OK,NO_IRQ,OK","FULL,FULL,NONE,FULL",
14.189828,2026-09-01T19:10:24.872+01:00,8986276,136938,3172,3172,True,True,0x0B,"OK,OK,NO_IRQ,OK","FULL,FULL,NONE,FULL",
14.194165,2026-09-01T19:10:24.877+01:00,8989448,136939,3172,3172,True,True,0x0B,"OK,OK,NO_IRQ,OK","FULL,FULL,NONE,FULL",
14.199216,2026-09-01T19:10:24.881+01:00,8992620,136940,3172,3172,True,True,0x0B,"OK,OK,NO_IRQ,OK","FULL,FULL,NONE,FULL",
14.210345,2026-09-01T19:10:24.886+01:00,8995792,136941,3172,3172,True,True,0x0B,"OK,OK,NO_IRQ,OK","FULL,FULL,NONE,FULL",
14.210654,2026-09-01T19:10:24.898+01:00,8998964,136942,3172,3172,True,True,0x0B,"OK,OK,NO_IRQ,OK","FULL,FULL,NONE,FULL",
14.218596,2026-09-01T19:10:24.898+01:00,9002136,136943,3172,3172,True,True,0x0B,"OK,OK,NO_IRQ,OK","FULL,FULL,NONE,FULL",
14.219413,2026-09-01T19:10:24.906+01:00,9005308,136944,3172,3172,True,True,0x0B,"OK,OK,NO_IRQ,OK","FULL,FULL,NONE,FULL",
14.225248,2026-09-01T19:10:24.908+01:00,9008480,136945,3172,3172,True,True,0x0B,"OK,OK,NO_IRQ,OK","FULL,FULL,NONE,FULL",
14.229630,2026-09-01T19:10:24.913+01:00,9011652,136946,3172,3172,True,True,0x0B,"OK,OK,NO_IRQ,OK","FULL,FULL,NONE,FULL",
14.234539,2026-09-01T19:10:24.917+01:00,9014824,136947,3172,3172,True,True,0x0B,"OK,OK,NO_IRQ,OK","FULL,FULL,NONE,FULL",
14.243523,2026-09-01T19:10:24.922+01:00,9017996,136948,3172,3172,True,True,0x0B,"OK,OK,NO_IRQ,OK","FULL,FULL,NONE,FULL",
14.244516,2026-09-01T19:10:24.931+01:00,9021168,136949,3172,3172,True,True,0x0B,"OK,OK,NO_IRQ,OK","FULL,FULL,NONE,FULL",
14.249520,2026-09-01T19:10:24.932+01:00,9024340,136950,3172,3172,True,True,0x0B,"OK,OK,NO_IRQ,OK","FULL,FULL,NONE,FULL",
14.259965,2026-09-01T19:10:24.937+01:00,9027512,136951,3172,3172,True,True,0x0B,"OK,OK,NO_IRQ,OK","FULL,FULL,NONE,FULL",
14.260885,2026-09-01T19:10:24.947+01:00,9030684,136952,3172,3172,True,True,0x0B,"OK,OK,NO_IRQ,OK","FULL,FULL,NONE,FULL",
14.264933,2026-09-01T19:10:24.948+01:00,9033856,136953,3172,3172,True,True,0x0B,"OK,OK,NO_IRQ,OK","FULL,FULL,NONE,FULL",
14.269789,2026-09-01T19:10:24.952+01:00,9037028,136954,3172,3172,True,True,0x0B,"OK,OK,NO_IRQ,OK","FULL,FULL,NONE,FULL",
14.279388,2026-09-01T19:10:24.957+01:00,9040200,136955,3172,3172,True,True,0x0B,"OK,OK,NO_IRQ,OK","FULL,FULL,NONE,FULL",
14.280741,2026-09-01T19:10:24.967+01:00,9043372,136956,3172,3172,True,True,0x0B,"OK,OK,NO_IRQ,OK","FULL,FULL,NONE,FULL",
14.284830,2026-09-01T19:10:24.968+01:00,9046544,136957,3172,3172,True,True,0x0B,"OK,OK,NO_IRQ,OK","FULL,FULL,NONE,FULL",
14.290995,2026-09-01T19:10:24.972+01:00,9049716,136958,3172,3172,True,True,0x0B,"OK,OK,NO_IRQ,OK","FULL,FULL,NONE,FULL",
14.298469,2026-09-01T19:10:24.978+01:00,9052888,136959,3172,3172,True,True,0x0B,"OK,OK,NO_IRQ,OK","FULL,FULL,NONE,FULL",
14.299866,2026-09-01T19:10:24.986+01:00,9056060,136960,3172,3172,True,True,0x0B,"OK,OK,NO_IRQ,OK","FULL,FULL,NONE,FULL",
14.305549,2026-09-01T19:10:24.987+01:00,9059232,136961,3172,3172,True,True,0x0B,"OK,OK,NO_IRQ,OK","FULL,FULL,NONE,FULL",
14.313261,2026-09-01T19:10:24.993+01:00,9062404,136962,3172,3172,True,True,0x0B,"OK,OK,NO_IRQ,OK","FULL,FULL,NONE,FULL",
14.317079,2026-09-01T19:10:25.003+01:00,9065576,136963,3172,3172,True,True,0x0B,"OK,OK,NO_IRQ,OK","FULL,FULL,NONE,FULL",
14.319845,2026-09-01T19:10:25.005+01:00,9068748,136964,3172,3172,True,True,0x0B,"OK,OK,NO_IRQ,OK","FULL,FULL,NONE,FULL",
14.325079,2026-09-01T19:10:25.007+01:00,9071920,136965,3172,3172,True,True,0x0B,"OK,OK,NO_IRQ,OK","FULL,FULL,NONE,FULL",
14.333474,2026-09-01T19:10:25.012+01:00,9075092,136966,3172,3172,True,True,0x0B,"OK,OK,NO_IRQ,OK","FULL,FULL,NONE,FULL",
14.335061,2026-09-01T19:10:25.021+01:00,9078264,136967,3172,3172,True,True,0x0B,"OK,OK,NO_IRQ,OK","FULL,FULL,NONE,FULL",
14.342324,2026-09-01T19:10:25.022+01:00,9081436,136968,3172,3172,True,True,0x0B,"OK,OK,NO_IRQ,OK","FULL,FULL,NONE,FULL",
14.344597,2026-09-01T19:10:25.030+01:00,9084608,136969,3172,3172,True,True,0x0B,"OK,OK,NO_IRQ,OK","FULL,FULL,NONE,FULL",
14.351391,2026-09-01T19:10:25.035+01:00,9087780,136970,3172,3172,True,True,0x0B,"OK,OK,NO_IRQ,OK","FULL,FULL,NONE,FULL",
14.354641,2026-09-01T19:10:25.039+01:00,9090952,136971,3172,3172,True,True,0x0B,"OK,OK,NO_IRQ,OK","FULL,FULL,NONE,FULL",
14.359593,2026-09-01T19:10:25.042+01:00,9094124,136972,3172,3172,True,True,0x0B,"OK,OK,NO_IRQ,OK","FULL,FULL,NONE,FULL",
14.365652,2026-09-01T19:10:25.047+01:00,9097296,136973,3172,3172,True,True,0x0B,"OK,OK,NO_IRQ,OK","FULL,FULL,NONE,FULL",
14.369890,2026-09-01T19:10:25.053+01:00,9100468,136974,3172,3172,True,True,0x0B,"OK,OK,NO_IRQ,OK","FULL,FULL,NONE,FULL",
14.374661,2026-09-01T19:10:25.057+01:00,9103640,136975,3172,3172,True,True,0x0B,"OK,OK,NO_IRQ,OK","FULL,FULL,NONE,FULL",
14.379552,2026-09-01T19:10:25.062+01:00,9106812,136976,3172,3172,True,True,0x0B,"OK,OK,NO_IRQ,OK","FULL,FULL,NONE,FULL",
14.391368,2026-09-01T19:10:25.067+01:00,9109984,136977,3172,3172,True,True,0x0B,"OK,OK,NO_IRQ,OK","FULL,FULL,NONE,FULL",
14.391682,2026-09-01T19:10:25.079+01:00,9113156,136978,3172,3172,True,True,0x0B,"OK,OK,NO_IRQ,OK","FULL,FULL,NONE,FULL",
14.395675,2026-09-01T19:10:25.079+01:00,9116328,136979,3172,3172,True,True,0x0B,"OK,OK,NO_IRQ,OK","FULL,FULL,NONE,FULL",
14.399963,2026-09-01T19:10:25.083+01:00,9119500,136980,3172,3172,True,True,0x0B,"OK,OK,NO_IRQ,OK","FULL,FULL,NONE,FULL",
14.405244,2026-09-01T19:10:25.087+01:00,9122672,136981,3172,3172,True,True,0x0B,"OK,OK,NO_IRQ,OK","FULL,FULL,NONE,FULL",
14.413096,2026-09-01T19:10:25.092+01:00,9125844,136982,3172,3172,True,True,0x0B,"OK,OK,NO_IRQ,OK","FULL,FULL,NONE,FULL",
14.415023,2026-09-01T19:10:25.100+01:00,9129016,136983,3172,3172,True,True,0x0B,"OK,OK,NO_IRQ,OK","FULL,FULL,NONE,FULL",
14.419938,2026-09-01T19:10:25.102+01:00,9132188,136984,3172,3172,True,True,0x0B,"OK,OK,NO_IRQ,OK","FULL,FULL,NONE,FULL",
14.424708,2026-09-01T19:10:25.107+01:00,9135360,136985,3172,3172,True,True,0x0B,"OK,OK,NO_IRQ,OK","FULL,FULL,NONE,FULL",
14.431708,2026-09-01T19:10:25.112+01:00,9138532,136986,3172,3172,True,True,0x0B,"OK,OK,NO_IRQ,OK","FULL,FULL,NONE,FULL",
14.435291,2026-09-01T19:10:25.119+01:00,9141704,136987,3172,3172,True,True,0x0B,"OK,OK,NO_IRQ,OK","FULL,FULL,NONE,FULL",
14.447959,2026-09-01T19:10:25.123+01:00,9144876,136988,3172,3172,True,True,0x0B,"OK,OK,NO_IRQ,OK","FULL,FULL,NONE,FULL",
14.448842,2026-09-01T19:10:25.135+01:00,9148048,136989,3172,3172,True,True,0x0B,"OK,OK,NO_IRQ,OK","FULL,FULL,NONE,FULL",
14.450146,2026-09-01T19:10:25.136+01:00,9151220,136990,3172,3172,True,True,0x0B,"OK,OK,NO_IRQ,OK","FULL,FULL,NONE,FULL",
14.458023,2026-09-01T19:10:25.137+01:00,9154392,136991,3172,3172,True,True,0x0B,"OK,OK,NO_IRQ,OK","FULL,FULL,NONE,FULL",
14.459844,2026-09-01T19:10:25.145+01:00,9157564,136992,3172,3172,True,True,0x0B,"OK,OK,NO_IRQ,OK","FULL,FULL,NONE,FULL",
14.466661,2026-09-01T19:10:25.147+01:00,9160736,136993,3172,3172,True,True,0x0B,"OK,OK,NO_IRQ,OK","FULL,FULL,NONE,FULL",
14.470017,2026-09-01T19:10:25.154+01:00,9163908,136994,3172,3172,True,True,0x0B,"OK,OK,NO_IRQ,OK","FULL,FULL,NONE,FULL",
14.475715,2026-09-01T19:10:25.157+01:00,9167080,136995,3172,3172,True,True,0x0B,"OK,OK,NO_IRQ,OK","FULL,FULL,NONE,FULL",
14.483885,2026-09-01T19:10:25.163+01:00,9170252,136996,3172,3172,True,True,0x0B,"OK,OK,NO_IRQ,OK","FULL,FULL,NONE,FULL",
14.484936,2026-09-01T19:10:25.171+01:00,9173424,136997,3172,3172,True,True,0x0B,"OK,OK,NO_IRQ,OK","FULL,FULL,NONE,FULL",
14.491989,2026-09-01T19:10:25.172+01:00,9176596,136998,3172,3172,True,True,0x0B,"OK,OK,NO_IRQ,OK","FULL,FULL,NONE,FULL",
14.499937,2026-09-01T19:10:25.179+01:00,9179768,136999,3172,3172,True,True,0x0B,"OK,OK,NO_IRQ,OK","FULL,FULL,NONE,FULL",
14.500705,2026-09-01T19:10:25.187+01:00,9182940,137000,3172,3172,True,True,0x0B,"OK,OK,NO_IRQ,OK","FULL,FULL,NONE,FULL",
14.508672,2026-09-01T19:10:25.188+01:00,9186112,137001,3172,3172,True,True,0x0B,"OK,OK,NO_IRQ,OK","FULL,FULL,NONE,FULL",
14.510151,2026-09-01T19:10:25.196+01:00,9189284,137002,3172,3172,True,True,0x0B,"OK,OK,NO_IRQ,OK","FULL,FULL,NONE,FULL",
14.518897,2026-09-01T19:10:25.198+01:00,9192456,137003,3172,3172,True,True,0x0B,"OK,OK,NO_IRQ,OK","FULL,FULL,NONE,FULL",
14.520214,2026-09-01T19:10:25.206+01:00,9195628,137004,3172,3172,True,True,0x0B,"OK,OK,NO_IRQ,OK","FULL,FULL,NONE,FULL",
14.525003,2026-09-01T19:10:25.207+01:00,9198800,137005,3172,3172,True,True,0x0B,"OK,OK,NO_IRQ,OK","FULL,FULL,NONE,FULL",
14.531187,2026-09-01T19:10:25.213+01:00,9201972,137006,3172,3172,True,True,0x0B,"OK,OK,NO_IRQ,OK","FULL,FULL,NONE,FULL",
14.535124,2026-09-01T19:10:25.219+01:00,9205144,137007,3172,3172,True,True,0x0B,"OK,OK,NO_IRQ,OK","FULL,FULL,NONE,FULL",
14.540633,2026-09-01T19:10:25.222+01:00,9208316,137008,3172,3172,True,True,0x0B,"OK,OK,NO_IRQ,OK","FULL,FULL,NONE,FULL",
14.545245,2026-09-01T19:10:25.228+01:00,9211488,137009,3172,3172,True,True,0x0B,"OK,OK,NO_IRQ,OK","FULL,FULL,NONE,FULL",
14.556980,2026-09-01T19:10:25.233+01:00,9214660,137010,3172,3172,True,True,0x0B,"OK,OK,NO_IRQ,OK","FULL,FULL,NONE,FULL",
14.557268,2026-09-01T19:10:25.244+01:00,9217832,137011,3172,3172,True,True,0x0B,"OK,OK,NO_IRQ,OK","FULL,FULL,NONE,FULL",
14.560506,2026-09-01T19:10:25.244+01:00,9221004,137012,3172,3172,True,True,0x0B,"OK,OK,NO_IRQ,OK","FULL,FULL,NONE,FULL",
14.572273,2026-09-01T19:10:25.248+01:00,9224176,137013,3172,3172,True,True,0x0B,"OK,OK,NO_IRQ,OK","FULL,FULL,NONE,FULL",
14.572542,2026-09-01T19:10:25.260+01:00,9227348,137014,3172,3172,True,True,0x0B,"OK,OK,NO_IRQ,OK","FULL,FULL,NONE,FULL",
14.576823,2026-09-01T19:10:25.260+01:00,9230520,137015,3172,3172,True,True,0x0B,"OK,OK,NO_IRQ,OK","FULL,FULL,NONE,FULL",
14.580197,2026-09-01T19:10:25.264+01:00,9233692,137016,3172,3172,True,True,0x0B,"OK,OK,NO_IRQ,OK","FULL,FULL,NONE,FULL",
14.585264,2026-09-01T19:10:25.268+01:00,9236864,137017,3172,3172,True,True,0x0B,"OK,OK,NO_IRQ,OK","FULL,FULL,NONE,FULL",
14.595790,2026-09-01T19:10:25.273+01:00,9240036,137018,3172,3172,True,True,0x0B,"OK,OK,NO_IRQ,OK","FULL,FULL,NONE,FULL",
14.596850,2026-09-01T19:10:25.283+01:00,9243208,137019,3172,3172,True,True,0x0B,"OK,OK,NO_IRQ,OK","FULL,FULL,NONE,FULL",
14.600347,2026-09-01T19:10:25.284+01:00,9246380,137020,3172,3172,True,True,0x0B,"OK,OK,NO_IRQ,OK","FULL,FULL,NONE,FULL",
14.605191,2026-09-01T19:10:25.288+01:00,9249552,137021,3172,3172,True,True,0x0B,"OK,OK,NO_IRQ,OK","FULL,FULL,NONE,FULL",
14.614491,2026-09-01T19:10:25.292+01:00,9252724,137022,3172,3172,True,True,0x0B,"OK,OK,NO_IRQ,OK","FULL,FULL,NONE,FULL",
14.615576,2026-09-01T19:10:25.302+01:00,9255896,137023,3172,3172,True,True,0x0B,"OK,OK,NO_IRQ,OK","FULL,FULL,NONE,FULL",
14.620104,2026-09-01T19:10:25.303+01:00,9259068,137024,3172,3172,True,True,0x0B,"OK,OK,NO_IRQ,OK","FULL,FULL,NONE,FULL",
14.633215,2026-09-01T19:10:25.308+01:00,9262240,137025,3172,3172,True,True,0x0B,"OK,OK,NO_IRQ,OK","FULL,FULL,NONE,FULL",
14.633803,2026-09-01T19:10:25.320+01:00,9265412,137026,3172,3172,True,True,0x0B,"OK,OK,NO_IRQ,OK","FULL,FULL,NONE,FULL",
14.635120,2026-09-01T19:10:25.321+01:00,9268584,137027,3172,3172,True,True,0x0B,"OK,OK,NO_IRQ,OK","FULL,FULL,NONE,FULL",
14.641168,2026-09-01T19:10:25.322+01:00,9271756,137028,3172,3172,True,True,0x0B,"OK,OK,NO_IRQ,OK","FULL,FULL,NONE,FULL",
14.651875,2026-09-01T19:10:25.328+01:00,9274928,137029,3172,3172,True,True,0x0B,"OK,OK,NO_IRQ,OK","FULL,FULL,NONE,FULL",
14.652570,2026-09-01T19:10:25.339+01:00,9278100,137030,3172,3172,True,True,0x0B,"OK,OK,NO_IRQ,OK","FULL,FULL,NONE,FULL",
14.658047,2026-09-01T19:10:25.340+01:00,9281272,137031,3172,3172,True,True,0x0B,"OK,OK,NO_IRQ,OK","FULL,FULL,NONE,FULL",
14.660566,2026-09-01T19:10:25.345+01:00,9284444,137032,3172,3172,True,True,0x0B,"OK,OK,NO_IRQ,OK","FULL,FULL,NONE,FULL",
14.669607,2026-09-01T19:10:25.348+01:00,9287616,137033,3172,3172,True,True,0x0B,"OK,OK,NO_IRQ,OK","FULL,FULL,NONE,FULL",
14.670603,2026-09-01T19:10:25.357+01:00,9290788,137034,3172,3172,True,True,0x0B,"OK,OK,NO_IRQ,OK","FULL,FULL,NONE,FULL",
14.675262,2026-09-01T19:10:25.358+01:00,9293960,137035,3172,3172,True,True,0x0B,"OK,OK,NO_IRQ,OK","FULL,FULL,NONE,FULL",
14.685980,2026-09-01T19:10:25.362+01:00,9297132,137036,3172,3172,True,True,0x0B,"OK,OK,NO_IRQ,OK","FULL,FULL,NONE,FULL",
14.687146,2026-09-01T19:10:25.373+01:00,9300304,137037,3172,3172,True,True,0x0B,"OK,OK,NO_IRQ,OK","FULL,FULL,NONE,FULL",
14.691041,2026-09-01T19:10:25.374+01:00,9303476,137038,3172,3172,True,True,0x0B,"OK,OK,NO_IRQ,OK","FULL,FULL,NONE,FULL",
14.695531,2026-09-01T19:10:25.378+01:00,9306648,137039,3172,3172,True,True,0x0B,"OK,OK,NO_IRQ,OK","FULL,FULL,NONE,FULL",
14.708288,2026-09-01T19:10:25.383+01:00,9309820,137040,3172,3172,True,True,0x0B,"OK,OK,NO_IRQ,OK","FULL,FULL,NONE,FULL",
14.708554,2026-09-01T19:10:25.396+01:00,9312992,137041,3172,3172,True,True,0x0B,"OK,OK,NO_IRQ,OK","FULL,FULL,NONE,FULL",
14.710222,2026-09-01T19:10:25.396+01:00,9316164,137042,3172,3172,True,True,0x0B,"OK,OK,NO_IRQ,OK","FULL,FULL,NONE,FULL",
14.715426,2026-09-01T19:10:25.397+01:00,9319336,137043,3172,3172,True,True,0x0B,"OK,OK,NO_IRQ,OK","FULL,FULL,NONE,FULL",
14.720925,2026-09-01T19:10:25.403+01:00,9322508,137044,3172,3172,True,True,0x0B,"OK,OK,NO_IRQ,OK","FULL,FULL,NONE,FULL",
14.726135,2026-09-01T19:10:25.408+01:00,9325680,137045,3172,3172,True,True,0x0B,"OK,OK,NO_IRQ,OK","FULL,FULL,NONE,FULL",
14.730183,2026-09-01T19:10:25.413+01:00,9328852,137046,3172,3172,True,True,0x0B,"OK,OK,NO_IRQ,OK","FULL,FULL,NONE,FULL",
14.735245,2026-09-01T19:10:25.417+01:00,9332024,137047,3172,3172,True,True,0x0B,"OK,OK,NO_IRQ,OK","FULL,FULL,NONE,FULL",
14.742377,2026-09-01T19:10:25.422+01:00,9335196,137048,3172,3172,True,True,0x0B,"OK,OK,NO_IRQ,OK","FULL,FULL,NONE,FULL",
14.748408,2026-09-01T19:10:25.432+01:00,9338368,137049,3172,3172,True,True,0x0B,"OK,OK,NO_IRQ,OK","FULL,FULL,NONE,FULL",
14.750548,2026-09-01T19:10:25.436+01:00,9341540,137050,3172,3172,True,True,0x0B,"OK,OK,NO_IRQ,OK","FULL,FULL,NONE,FULL",
14.757974,2026-09-01T19:10:25.438+01:00,9344712,137051,3172,3172,True,True,0x0B,"OK,OK,NO_IRQ,OK","FULL,FULL,NONE,FULL",
14.765349,2026-09-01T19:10:25.445+01:00,9347884,137052,3172,3172,True,True,0x0B,"OK,OK,NO_IRQ,OK","FULL,FULL,NONE,FULL",
14.765987,2026-09-01T19:10:25.453+01:00,9351056,137053,3172,3172,True,True,0x0B,"OK,OK,NO_IRQ,OK","FULL,FULL,NONE,FULL",
14.770858,2026-09-01T19:10:25.453+01:00,9354228,137054,3172,3172,True,True,0x0B,"OK,OK,NO_IRQ,OK","FULL,FULL,NONE,FULL",
14.775399,2026-09-01T19:10:25.458+01:00,9357400,137055,3172,3172,True,True,0x0B,"OK,OK,NO_IRQ,OK","FULL,FULL,NONE,FULL",
14.784225,2026-09-01T19:10:25.463+01:00,9360572,137056,3172,3172,True,True,0x0B,"OK,OK,NO_IRQ,OK","FULL,FULL,NONE,FULL",
14.785349,2026-09-01T19:10:25.472+01:00,9363744,137057,3172,3172,True,True,0x0B,"OK,OK,NO_IRQ,OK","FULL,FULL,NONE,FULL",
14.790908,2026-09-01T19:10:25.473+01:00,9366916,137058,3172,3172,True,True,0x0B,"OK,OK,NO_IRQ,OK","FULL,FULL,NONE,FULL",
14.795695,2026-09-01T19:10:25.478+01:00,9370088,137059,3172,3172,True,True,0x0B,"OK,OK,NO_IRQ,OK","FULL,FULL,NONE,FULL",
14.802904,2026-09-01T19:10:25.483+01:00,9373260,137060,3172,3172,True,True,0x0B,"OK,OK,NO_IRQ,OK","FULL,FULL,NONE,FULL",
14.808460,2026-09-01T19:10:25.490+01:00,9376432,137061,3172,3172,True,True,0x0B,"OK,OK,NO_IRQ,OK","FULL,FULL,NONE,FULL",
14.810614,2026-09-01T19:10:25.496+01:00,9379604,137062,3172,3172,True,True,0x0B,"OK,OK,NO_IRQ,OK","FULL,FULL,NONE,FULL",
14.818893,2026-09-01T19:10:25.498+01:00,9382776,137063,3172,3172,True,True,0x0B,"OK,OK,NO_IRQ,OK","FULL,FULL,NONE,FULL",
14.821287,2026-09-01T19:10:25.506+01:00,9385948,137064,3172,3172,True,True,0x0B,"OK,OK,NO_IRQ,OK","FULL,FULL,NONE,FULL",
14.825805,2026-09-01T19:10:25.509+01:00,9389120,137065,3172,3172,True,True,0x0B,"OK,OK,NO_IRQ,OK","FULL,FULL,NONE,FULL",
14.836847,2026-09-01T19:10:25.513+01:00,9392292,137066,3172,3172,True,True,0x0B,"OK,OK,NO_IRQ,OK","FULL,FULL,NONE,FULL",
14.837959,2026-09-01T19:10:25.524+01:00,9395464,137067,3172,3172,True,True,0x0B,"OK,OK,NO_IRQ,OK","FULL,FULL,NONE,FULL",
14.841958,2026-09-01T19:10:25.525+01:00,9398636,137068,3172,3172,True,True,0x0B,"OK,OK,NO_IRQ,OK","FULL,FULL,NONE,FULL",
14.846095,2026-09-01T19:10:25.529+01:00,9401808,137069,3172,3172,True,True,0x0B,"OK,OK,NO_IRQ,OK","FULL,FULL,NONE,FULL",
14.855925,2026-09-01T19:10:25.533+01:00,9404980,137070,3172,3172,True,True,0x0B,"OK,OK,NO_IRQ,OK","FULL,FULL,NONE,FULL",
14.856327,2026-09-01T19:10:25.543+01:00,9408152,137071,3172,3172,True,True,0x0B,"OK,OK,NO_IRQ,OK","FULL,FULL,NONE,FULL",
14.860912,2026-09-01T19:10:25.544+01:00,9411324,137072,3172,3172,True,True,0x0B,"OK,OK,NO_IRQ,OK","FULL,FULL,NONE,FULL",
14.865763,2026-09-01T19:10:25.548+01:00,9414496,137073,3172,3172,True,True,0x0B,"OK,OK,NO_IRQ,OK","FULL,FULL,NONE,FULL",
14.875762,2026-09-01T19:10:25.553+01:00,9417668,137074,3172,3172,True,True,0x0B,"OK,OK,NO_IRQ,OK","FULL,FULL,NONE,FULL",
14.876622,2026-09-01T19:10:25.563+01:00,9420840,137075,3172,3172,True,True,0x0B,"OK,OK,NO_IRQ,OK","FULL,FULL,NONE,FULL",
14.880772,2026-09-01T19:10:25.564+01:00,9424012,137076,3172,3172,True,True,0x0B,"OK,OK,NO_IRQ,OK","FULL,FULL,NONE,FULL",
14.885646,2026-09-01T19:10:25.568+01:00,9427184,137077,3172,3172,True,True,0x0B,"OK,OK,NO_IRQ,OK","FULL,FULL,NONE,FULL",
14.891663,2026-09-01T19:10:25.573+01:00,9430356,137078,3172,3172,True,True,0x0B,"OK,OK,NO_IRQ,OK","FULL,FULL,NONE,FULL",
14.897410,2026-09-01T19:10:25.579+01:00,9433528,137079,3172,3172,True,True,0x0B,"OK,OK,NO_IRQ,OK","FULL,FULL,NONE,FULL",
14.900635,2026-09-01T19:10:25.585+01:00,9436700,137080,3172,3172,True,True,0x0B,"OK,OK,NO_IRQ,OK","FULL,FULL,NONE,FULL",
14.905686,2026-09-01T19:10:25.588+01:00,9439872,137081,3172,3172,True,True,0x0B,"OK,OK,NO_IRQ,OK","FULL,FULL,NONE,FULL",
14.918032,2026-09-01T19:10:25.593+01:00,9443044,137082,3172,3172,True,True,0x0B,"OK,OK,NO_IRQ,OK","FULL,FULL,NONE,FULL",
14.919004,2026-09-01T19:10:25.606+01:00,9446216,137083,3172,3172,True,True,0x0B,"OK,OK,NO_IRQ,OK","FULL,FULL,NONE,FULL",
14.920499,2026-09-01T19:10:25.606+01:00,9449388,137084,3172,3172,True,True,0x0B,"OK,OK,NO_IRQ,OK","FULL,FULL,NONE,FULL",
14.927235,2026-09-01T19:10:25.608+01:00,9452560,137085,3172,3172,True,True,0x0B,"OK,OK,NO_IRQ,OK","FULL,FULL,NONE,FULL",
14.933425,2026-09-01T19:10:25.618+01:00,9455732,137086,3172,3172,True,True,0x0B,"OK,OK,NO_IRQ,OK","FULL,FULL,NONE,FULL",
14.935861,2026-09-01T19:10:25.621+01:00,9458904,137087,3172,3172,True,True,0x0B,"OK,OK,NO_IRQ,OK","FULL,FULL,NONE,FULL",
14.940670,2026-09-01T19:10:25.623+01:00,9462076,137088,3172,3172,True,True,0x0B,"OK,OK,NO_IRQ,OK","FULL,FULL,NONE,FULL",
14.951133,2026-09-01T19:10:25.628+01:00,9465248,137089,3172,3172,True,True,0x0B,"OK,OK,NO_IRQ,OK","FULL,FULL,NONE,FULL",
14.952296,2026-09-01T19:10:25.638+01:00,9468420,137090,3172,3172,True,True,0x0B,"OK,OK,NO_IRQ,OK","FULL,FULL,NONE,FULL",
14.957001,2026-09-01T19:10:25.640+01:00,9471592,137091,3172,3172,True,True,0x0B,"OK,OK,NO_IRQ,OK","FULL,FULL,NONE,FULL",
14.961008,2026-09-01T19:10:25.644+01:00,9474764,137092,3172,3172,True,True,0x0B,"OK,OK,NO_IRQ,OK","FULL,FULL,NONE,FULL",
14.970469,2026-09-01T19:10:25.648+01:00,9477936,137093,3172,3172,True,True,0x0B,"OK,OK,NO_IRQ,OK","FULL,FULL,NONE,FULL",
14.971383,2026-09-01T19:10:25.658+01:00,9481108,137094,3172,3172,True,True,0x0B,"OK,OK,NO_IRQ,OK","FULL,FULL,NONE,FULL",
14.975782,2026-09-01T19:10:25.659+01:00,9484280,137095,3172,3172,True,True,0x0B,"OK,OK,NO_IRQ,OK","FULL,FULL,NONE,FULL",
14.980703,2026-09-01T19:10:25.663+01:00,9487452,137096,3172,3172,True,True,0x0B,"OK,OK,NO_IRQ,OK","FULL,FULL,NONE,FULL",
14.987470,2026-09-01T19:10:25.668+01:00,9490624,137097,3172,3172,True,True,0x0B,"OK,OK,NO_IRQ,OK","FULL,FULL,NONE,FULL",
14.991220,2026-09-01T19:10:25.675+01:00,9493796,137098,3172,3172,True,True,0x0B,"OK,OK,NO_IRQ,OK","FULL,FULL,NONE,FULL",
14.995895,2026-09-01T19:10:25.678+01:00,9496968,137099,3172,3172,True,True,0x0B,"OK,OK,NO_IRQ,OK","FULL,FULL,NONE,FULL",
15.003533,2026-09-01T19:10:25.683+01:00,9500140,137100,3172,3172,True,True,0x0B,"OK,OK,NO_IRQ,OK","FULL,FULL,NONE,FULL",
15.005691,2026-09-01T19:10:25.691+01:00,9503312,137101,3172,3172,True,True,0x0B,"OK,OK,NO_IRQ,OK","FULL,FULL,NONE,FULL",
15.011274,2026-09-01T19:10:25.693+01:00,9506484,137102,3172,3172,True,True,0x0B,"OK,OK,NO_IRQ,OK","FULL,FULL,NONE,FULL",
15.020114,2026-09-01T19:10:25.699+01:00,9509656,137103,3172,3172,True,True,0x0B,"OK,OK,NO_IRQ,OK","FULL,FULL,NONE,FULL",
15.021010,2026-09-01T19:10:25.708+01:00,9512828,137104,3172,3172,True,True,0x0B,"OK,OK,NO_IRQ,OK","FULL,FULL,NONE,FULL",
15.026139,2026-09-01T19:10:25.708+01:00,9516000,137105,3172,3172,True,True,0x0B,"OK,OK,NO_IRQ,OK","FULL,FULL,NONE,FULL",
15.031605,2026-09-01T19:10:25.714+01:00,9519172,137106,3172,3172,True,True,0x0B,"OK,OK,NO_IRQ,OK","FULL,FULL,NONE,FULL",
15.041330,2026-09-01T19:10:25.719+01:00,9522344,137107,3172,3172,True,True,0x0B,"OK,OK,NO_IRQ,OK","FULL,FULL,NONE,FULL",
15.041757,2026-09-01T19:10:25.729+01:00,9525516,137108,3172,3172,True,True,0x0B,"OK,OK,NO_IRQ,OK","FULL,FULL,NONE,FULL",
15.046328,2026-09-01T19:10:25.729+01:00,9528688,137109,3172,3172,True,True,0x0B,"OK,OK,NO_IRQ,OK","FULL,FULL,NONE,FULL",
15.051240,2026-09-01T19:10:25.734+01:00,9531860,137110,3172,3172,True,True,0x0B,"OK,OK,NO_IRQ,OK","FULL,FULL,NONE,FULL",
15.058623,2026-09-01T19:10:25.739+01:00,9535032,137111,3172,3172,True,True,0x0B,"OK,OK,NO_IRQ,OK","FULL,FULL,NONE,FULL",
15.061666,2026-09-01T19:10:25.749+01:00,9538204,137112,3172,3172,True,True,0x0B,"OK,OK,NO_IRQ,OK","FULL,FULL,NONE,FULL",
15.066282,2026-09-01T19:10:25.749+01:00,9541376,137113,3172,3172,True,True,0x0B,"OK,OK,NO_IRQ,OK","FULL,FULL,NONE,FULL",
15.070775,2026-09-01T19:10:25.754+01:00,9544548,137114,3172,3172,True,True,0x0B,"OK,OK,NO_IRQ,OK","FULL,FULL,NONE,FULL",
15.076939,2026-09-01T19:10:25.758+01:00,9547720,137115,3172,3172,True,True,0x0B,"OK,OK,NO_IRQ,OK","FULL,FULL,NONE,FULL",
15.081365,2026-09-01T19:10:25.764+01:00,9550892,137116,3172,3172,True,True,0x0B,"OK,OK,NO_IRQ,OK","FULL,FULL,NONE,FULL",
15.086295,2026-09-01T19:10:25.769+01:00,9554064,137117,3172,3172,True,True,0x0B,"OK,OK,NO_IRQ,OK","FULL,FULL,NONE,FULL",
15.091135,2026-09-01T19:10:25.774+01:00,9557236,137118,3172,3172,True,True,0x0B,"OK,OK,NO_IRQ,OK","FULL,FULL,NONE,FULL",
15.104360,2026-09-01T19:10:25.778+01:00,9560408,137119,3172,3172,True,True,0x0B,"OK,OK,NO_IRQ,OK","FULL,FULL,NONE,FULL",
15.106727,2026-09-01T19:10:25.792+01:00,9563580,137120,3172,3172,True,True,0x0B,"OK,OK,NO_IRQ,OK","FULL,FULL,NONE,FULL",
15.106980,2026-09-01T19:10:25.794+01:00,9566752,137121,3172,3172,True,True,0x0B,"OK,OK,NO_IRQ,OK","FULL,FULL,NONE,FULL",
15.111470,2026-09-01T19:10:25.794+01:00,9569924,137122,3172,3172,True,True,0x0B,"OK,OK,NO_IRQ,OK","FULL,FULL,NONE,FULL",
15.115887,2026-09-01T19:10:25.799+01:00,9573096,137123,3172,3172,True,True,0x0B,"OK,OK,NO_IRQ,OK","FULL,FULL,NONE,FULL",
15.123757,2026-09-01T19:10:25.803+01:00,9576268,137124,3172,3172,True,True,0x0B,"OK,OK,NO_IRQ,OK","FULL,FULL,NONE,FULL",
15.126047,2026-09-01T19:10:25.811+01:00,9579440,137125,3172,3172,True,True,0x0B,"OK,OK,NO_IRQ,OK","FULL,FULL,NONE,FULL",
15.131226,2026-09-01T19:10:25.814+01:00,9582612,137126,3172,3172,True,True,0x0B,"OK,OK,NO_IRQ,OK","FULL,FULL,NONE,FULL",
15.141644,2026-09-01T19:10:25.819+01:00,9585784,137127,3172,3172,True,True,0x0B,"OK,OK,NO_IRQ,OK","FULL,FULL,NONE,FULL",
15.141918,2026-09-01T19:10:25.829+01:00,9588956,137128,3172,3172,True,True,0x0B,"OK,OK,NO_IRQ,OK","FULL,FULL,NONE,FULL",
15.146233,2026-09-01T19:10:25.829+01:00,9592128,137129,3172,3172,True,True,0x0B,"OK,OK,NO_IRQ,OK","FULL,FULL,NONE,FULL",
15.151023,2026-09-01T19:10:25.833+01:00,9595300,137130,3172,3172,True,True,0x0B,"OK,OK,NO_IRQ,OK","FULL,FULL,NONE,FULL",
15.160174,2026-09-01T19:10:25.839+01:00,9598472,137131,3172,3172,True,True,0x0B,"OK,OK,NO_IRQ,OK","FULL,FULL,NONE,FULL",
15.161053,2026-09-01T19:10:25.848+01:00,9601644,137132,3172,3172,True,True,0x0B,"OK,OK,NO_IRQ,OK","FULL,FULL,NONE,FULL",
15.166637,2026-09-01T19:10:25.848+01:00,9604816,137133,3172,3172,True,True,0x0B,"OK,OK,NO_IRQ,OK","FULL,FULL,NONE,FULL",
15.177654,2026-09-01T19:10:25.854+01:00,9607988,137134,3172,3172,True,True,0x0B,"OK,OK,NO_IRQ,OK","FULL,FULL,NONE,FULL",
15.178815,2026-09-01T19:10:25.865+01:00,9611160,137135,3172,3172,True,True,0x0B,"OK,OK,NO_IRQ,OK","FULL,FULL,NONE,FULL",
15.181839,2026-09-01T19:10:25.866+01:00,9614332,137136,3172,3172,True,True,0x0B,"OK,OK,NO_IRQ,OK","FULL,FULL,NONE,FULL",
15.186500,2026-09-01T19:10:25.869+01:00,9617504,137137,3172,3172,True,True,0x0B,"OK,OK,NO_IRQ,OK","FULL,FULL,NONE,FULL",
15.197318,2026-09-01T19:10:25.874+01:00,9620676,137138,3172,3172,True,True,0x0B,"OK,OK,NO_IRQ,OK","FULL,FULL,NONE,FULL",
15.198089,2026-09-01T19:10:25.885+01:00,9623848,137139,3172,3172,True,True,0x0B,"OK,OK,NO_IRQ,OK","FULL,FULL,NONE,FULL",
15.201602,2026-09-01T19:10:25.886+01:00,9627020,137140,3172,3172,True,True,0x0B,"OK,OK,NO_IRQ,OK","FULL,FULL,NONE,FULL",
15.214094,2026-09-01T19:10:25.889+01:00,9630192,137141,3172,3172,True,True,0x0B,"OK,OK,NO_IRQ,OK","FULL,FULL,NONE,FULL",
15.214880,2026-09-01T19:10:25.901+01:00,9633364,137142,3172,3172,True,True,0x0B,"OK,OK,NO_IRQ,OK","FULL,FULL,NONE,FULL",
15.216513,2026-09-01T19:10:25.902+01:00,9636536,137143,3172,3172,True,True,0x0B,"OK,OK,NO_IRQ,OK","FULL,FULL,NONE,FULL",
15.221608,2026-09-01T19:10:25.904+01:00,9639708,137144,3172,3172,True,True,0x0B,"OK,OK,NO_IRQ,OK","FULL,FULL,NONE,FULL",
15.226339,2026-09-01T19:10:25.911+01:00,9642880,137145,3172,3172,True,True,0x0B,"OK,OK,NO_IRQ,OK","FULL,FULL,NONE,FULL",
15.233830,2026-09-01T19:10:25.914+01:00,9646052,137146,3172,3172,True,True,0x0B,"OK,OK,NO_IRQ,OK","FULL,FULL,NONE,FULL",
15.236757,2026-09-01T19:10:25.921+01:00,9649224,137147,3172,3172,True,True,0x0B,"OK,OK,NO_IRQ,OK","FULL,FULL,NONE,FULL",
15.241866,2026-09-01T19:10:25.924+01:00,9652396,137148,3172,3172,True,True,0x0B,"OK,OK,NO_IRQ,OK","FULL,FULL,NONE,FULL",
15.246640,2026-09-01T19:10:25.929+01:00,9655568,137149,3172,3172,True,True,0x0B,"OK,OK,NO_IRQ,OK","FULL,FULL,NONE,FULL",
15.251168,2026-09-01T19:10:25.934+01:00,9658740,137150,3172,3172,True,True,0x0B,"OK,OK,NO_IRQ,OK","FULL,FULL,NONE,FULL",
15.257323,2026-09-01T19:10:25.938+01:00,9661912,137151,3172,3172,True,True,0x0B,"OK,OK,NO_IRQ,OK","FULL,FULL,NONE,FULL",
15.261576,2026-09-01T19:10:25.945+01:00,9665084,137152,3172,3172,True,True,0x0B,"OK,OK,NO_IRQ,OK","FULL,FULL,NONE,FULL",
15.276498,2026-09-01T19:10:25.949+01:00,9668256,137153,3172,3172,True,True,0x0B,"OK,OK,NO_IRQ,OK","FULL,FULL,NONE,FULL",
15.276851,2026-09-01T19:10:25.964+01:00,9671428,137154,3172,3172,True,True,0x0B,"OK,OK,NO_IRQ,OK","FULL,FULL,NONE,FULL",
15.277072,2026-09-01T19:10:25.964+01:00,9674600,137155,3172,3172,True,True,0x0B,"OK,OK,NO_IRQ,OK","FULL,FULL,NONE,FULL",
15.291080,2026-09-01T19:10:25.964+01:00,9677772,137156,3172,3172,True,True,0x0B,"OK,OK,NO_IRQ,OK","FULL,FULL,NONE,FULL",
15.291970,2026-09-01T19:10:25.979+01:00,9680944,137157,3172,3172,True,True,0x0B,"OK,OK,NO_IRQ,OK","FULL,FULL,NONE,FULL",
15.292259,2026-09-01T19:10:25.979+01:00,9684116,137158,3172,3172,True,True,0x0B,"OK,OK,NO_IRQ,OK","FULL,FULL,NONE,FULL",
15.296784,2026-09-01T19:10:25.980+01:00,9687288,137159,3172,3172,True,True,0x0B,"OK,OK,NO_IRQ,OK","FULL,FULL,NONE,FULL",
15.301753,2026-09-01T19:10:25.984+01:00,9690460,137160,3172,3172,True,True,0x0B,"OK,OK,NO_IRQ,OK","FULL,FULL,NONE,FULL",
15.311240,2026-09-01T19:10:25.989+01:00,9693632,137161,3172,3172,True,True,0x0B,"OK,OK,NO_IRQ,OK","FULL,FULL,NONE,FULL",
15.337629,2026-09-01T19:10:26.024+01:00,9696804,137162,3172,3172,True,True,0x0B,"OK,OK,NO_IRQ,OK","FULL,FULL,NONE,FULL",
15.338509,2026-09-01T19:10:26.025+01:00,9699976,137163,3172,3172,True,True,0x0B,"OK,OK,NO_IRQ,OK","FULL,FULL,NONE,FULL",
15.338861,2026-09-01T19:10:26.026+01:00,9703148,137164,3172,3172,True,True,0x0B,"OK,OK,NO_IRQ,OK","FULL,FULL,NONE,FULL",
15.339068,2026-09-01T19:10:26.026+01:00,9706320,137165,3172,3172,True,True,0x0B,"OK,OK,NO_IRQ,OK","FULL,FULL,NONE,FULL",
15.339348,2026-09-01T19:10:26.026+01:00,9709492,137166,3172,3172,True,True,0x0B,"OK,OK,NO_IRQ,OK","FULL,FULL,NONE,FULL",
15.339545,2026-09-01T19:10:26.027+01:00,9712664,137167,3172,3172,True,True,0x0B,"OK,OK,NO_IRQ,OK","FULL,FULL,NONE,FULL",
15.347297,2026-09-01T19:10:26.027+01:00,9715836,137168,3172,3172,True,True,0x0B,"OK,OK,NO_IRQ,OK","FULL,FULL,NONE,FULL",
15.348420,2026-09-01T19:10:26.035+01:00,9719008,137169,3172,3172,True,True,0x0B,"OK,OK,NO_IRQ,OK","FULL,FULL,NONE,FULL",
15.351535,2026-09-01T19:10:26.036+01:00,9722180,137170,3172,3172,True,True,0x0B,"OK,OK,NO_IRQ,OK","FULL,FULL,NONE,FULL",
15.356635,2026-09-01T19:10:26.039+01:00,9725352,137171,3172,3172,True,True,0x0B,"OK,OK,NO_IRQ,OK","FULL,FULL,NONE,FULL",
15.362960,2026-09-01T19:10:26.044+01:00,9728524,137172,3172,3172,True,True,0x0B,"OK,OK,NO_IRQ,OK","FULL,FULL,NONE,FULL",
15.366769,2026-09-01T19:10:26.053+01:00,9731696,137173,3172,3172,True,True,0x0B,"OK,OK,NO_IRQ,OK","FULL,FULL,NONE,FULL",
15.371716,2026-09-01T19:10:26.054+01:00,9734868,137174,3172,3172,True,True,0x0B,"OK,OK,NO_IRQ,OK","FULL,FULL,NONE,FULL",
15.376586,2026-09-01T19:10:26.059+01:00,9738040,137175,3172,3172,True,True,0x0B,"OK,OK,NO_IRQ,OK","FULL,FULL,NONE,FULL",
15.384017,2026-09-01T19:10:26.064+01:00,9741212,137176,3172,3172,True,True,0x0B,"OK,OK,NO_IRQ,OK","FULL,FULL,NONE,FULL",
15.386977,2026-09-01T19:10:26.071+01:00,9744384,137177,3172,3172,True,True,0x0B,"OK,OK,NO_IRQ,OK","FULL,FULL,NONE,FULL",
15.392004,2026-09-01T19:10:26.074+01:00,9747556,137178,3172,3172,True,True,0x0B,"OK,OK,NO_IRQ,OK","FULL,FULL,NONE,FULL",
15.402318,2026-09-01T19:10:26.079+01:00,9750728,137179,3172,3172,True,True,0x0B,"OK,OK,NO_IRQ,OK","FULL,FULL,NONE,FULL",
15.402859,2026-09-01T19:10:26.090+01:00,9753900,137180,3172,3172,True,True,0x0B,"OK,OK,NO_IRQ,OK","FULL,FULL,NONE,FULL",
15.408819,2026-09-01T19:10:26.090+01:00,9757072,137181,3172,3172,True,True,0x0B,"OK,OK,NO_IRQ,OK","FULL,FULL,NONE,FULL",
15.411529,2026-09-01T19:10:26.096+01:00,9760244,137182,3172,3172,True,True,0x0B,"OK,OK,NO_IRQ,OK","FULL,FULL,NONE,FULL",
15.421812,2026-09-01T19:10:26.099+01:00,9763416,137183,3172,3172,True,True,0x0B,"OK,OK,NO_IRQ,OK","FULL,FULL,NONE,FULL",
15.422233,2026-09-01T19:10:26.109+01:00,9766588,137184,3172,3172,True,True,0x0B,"OK,OK,NO_IRQ,OK","FULL,FULL,NONE,FULL",
15.426549,2026-09-01T19:10:26.109+01:00,9769760,137185,3172,3172,True,True,0x0B,"OK,OK,NO_IRQ,OK","FULL,FULL,NONE,FULL",
15.431730,2026-09-01T19:10:26.114+01:00,9772932,137186,3172,3172,True,True,0x0B,"OK,OK,NO_IRQ,OK","FULL,FULL,NONE,FULL",
15.437783,2026-09-01T19:10:26.119+01:00,9776104,137187,3172,3172,True,True,0x0B,"OK,OK,NO_IRQ,OK","FULL,FULL,NONE,FULL",
15.441424,2026-09-01T19:10:26.125+01:00,9779276,137188,3172,3172,True,True,0x0B,"OK,OK,NO_IRQ,OK","FULL,FULL,NONE,FULL",
15.446535,2026-09-01T19:10:26.129+01:00,9782448,137189,3172,3172,True,True,0x0B,"OK,OK,NO_IRQ,OK","FULL,FULL,NONE,FULL",
15.451798,2026-09-01T19:10:26.134+01:00,9785620,137190,3172,3172,True,True,0x0B,"OK,OK,NO_IRQ,OK","FULL,FULL,NONE,FULL",
15.460235,2026-09-01T19:10:26.145+01:00,9788792,137191,3172,3172,True,True,0x0B,"OK,OK,NO_IRQ,OK","FULL,FULL,NONE,FULL",
15.464721,2026-09-01T19:10:26.148+01:00,9791964,137192,3172,3172,True,True,0x0B,"OK,OK,NO_IRQ,OK","FULL,FULL,NONE,FULL",
15.466689,2026-09-01T19:10:26.152+01:00,9795136,137193,3172,3172,True,True,0x0B,"OK,OK,NO_IRQ,OK","FULL,FULL,NONE,FULL",
15.475128,2026-09-01T19:10:26.154+01:00,9798308,137194,3172,3172,True,True,0x0B,"OK,OK,NO_IRQ,OK","FULL,FULL,NONE,FULL",
15.478758,2026-09-01T19:10:26.162+01:00,9801480,137195,3172,3172,True,True,0x0B,"OK,OK,NO_IRQ,OK","FULL,FULL,NONE,FULL",
15.483922,2026-09-01T19:10:26.167+01:00,9804652,137196,3172,3172,True,True,0x0B,"OK,OK,NO_IRQ,OK","FULL,FULL,NONE,FULL",
15.487020,2026-09-01T19:10:26.171+01:00,9807824,137197,3172,3172,True,True,0x0B,"OK,OK,NO_IRQ,OK","FULL,FULL,NONE,FULL",
15.491950,2026-09-01T19:10:26.174+01:00,9810996,137198,3172,3172,True,True,0x0B,"OK,OK,NO_IRQ,OK","FULL,FULL,NONE,FULL",
15.502052,2026-09-01T19:10:26.179+01:00,9814168,137199,3172,3172,True,True,0x0B,"OK,OK,NO_IRQ,OK","FULL,FULL,NONE,FULL",
15.503139,2026-09-01T19:10:26.190+01:00,9817340,137200,3172,3172,True,True,0x0B,"OK,OK,NO_IRQ,OK","FULL,FULL,NONE,FULL",
15.506990,2026-09-01T19:10:26.190+01:00,9820512,137201,3172,3172,True,True,0x0B,"OK,OK,NO_IRQ,OK","FULL,FULL,NONE,FULL",
15.511675,2026-09-01T19:10:26.194+01:00,9823684,137202,3172,3172,True,True,0x0B,"OK,OK,NO_IRQ,OK","FULL,FULL,NONE,FULL",
15.516917,2026-09-01T19:10:26.200+01:00,9826856,137203,3172,3172,True,True,0x0B,"OK,OK,NO_IRQ,OK","FULL,FULL,NONE,FULL",
15.525672,2026-09-01T19:10:26.204+01:00,9830028,137204,3172,3172,True,True,0x0B,"OK,OK,NO_IRQ,OK","FULL,FULL,NONE,FULL",
15.526785,2026-09-01T19:10:26.213+01:00,9833200,137205,3172,3172,True,True,0x0B,"OK,OK,NO_IRQ,OK","FULL,FULL,NONE,FULL",
15.531781,2026-09-01T19:10:26.214+01:00,9836372,137206,3172,3172,True,True,0x0B,"OK,OK,NO_IRQ,OK","FULL,FULL,NONE,FULL",
15.542872,2026-09-01T19:10:26.219+01:00,9839544,137207,3172,3172,True,True,0x0B,"OK,OK,NO_IRQ,OK","FULL,FULL,NONE,FULL",
15.543855,2026-09-01T19:10:26.230+01:00,9842716,137208,3172,3172,True,True,0x0B,"OK,OK,NO_IRQ,OK","FULL,FULL,NONE,FULL",
15.547030,2026-09-01T19:10:26.231+01:00,9845888,137209,3172,3172,True,True,0x0B,"OK,OK,NO_IRQ,OK","FULL,FULL,NONE,FULL",
15.551938,2026-09-01T19:10:26.234+01:00,9849060,137210,3172,3172,True,True,0x0B,"OK,OK,NO_IRQ,OK","FULL,FULL,NONE,FULL",
15.557099,2026-09-01T19:10:26.239+01:00,9852232,137211,3172,3172,True,True,0x0B,"OK,OK,NO_IRQ,OK","FULL,FULL,NONE,FULL",
15.561987,2026-09-01T19:10:26.244+01:00,9855404,137212,3172,3172,True,True,0x0B,"OK,OK,NO_IRQ,OK","FULL,FULL,NONE,FULL",
15.566991,2026-09-01T19:10:26.249+01:00,9858576,137213,3172,3172,True,True,0x0B,"OK,OK,NO_IRQ,OK","FULL,FULL,NONE,FULL",
15.575520,2026-09-01T19:10:26.254+01:00,9861748,137214,3172,3172,True,True,0x0B,"OK,OK,NO_IRQ,OK","FULL,FULL,NONE,FULL",
15.578672,2026-09-01T19:10:26.263+01:00,9864920,137215,3172,3172,True,True,0x0B,"OK,OK,NO_IRQ,OK","FULL,FULL,NONE,FULL",
15.581956,2026-09-01T19:10:26.266+01:00,9868092,137216,3172,3172,True,True,0x0B,"OK,OK,NO_IRQ,OK","FULL,FULL,NONE,FULL",
15.587335,2026-09-01T19:10:26.270+01:00,9871264,137217,3172,3172,True,True,0x0B,"OK,OK,NO_IRQ,OK","FULL,FULL,NONE,FULL",
15.592595,2026-09-01T19:10:26.275+01:00,9874436,137218,3172,3172,True,True,0x0B,"OK,OK,NO_IRQ,OK","FULL,FULL,NONE,FULL",
15.598213,2026-09-01T19:10:26.280+01:00,9877608,137219,3172,3172,True,True,0x0B,"OK,OK,NO_IRQ,OK","FULL,FULL,NONE,FULL",
15.601704,2026-09-01T19:10:26.286+01:00,9880780,137220,3172,3172,True,True,0x0B,"OK,OK,NO_IRQ,OK","FULL,FULL,NONE,FULL",
15.606706,2026-09-01T19:10:26.289+01:00,9883952,137221,3172,3172,True,True,0x0B,"OK,OK,NO_IRQ,OK","FULL,FULL,NONE,FULL",
15.612311,2026-09-01T19:10:26.294+01:00,9887124,137222,3172,3172,True,True,0x0B,"OK,OK,NO_IRQ,OK","FULL,FULL,NONE,FULL",
15.617167,2026-09-01T19:10:26.300+01:00,9890296,137223,3172,3172,True,True,0x0B,"OK,OK,NO_IRQ,OK","FULL,FULL,NONE,FULL",
15.622970,2026-09-01T19:10:26.304+01:00,9893468,137224,3172,3172,True,True,0x0B,"OK,OK,NO_IRQ,OK","FULL,FULL,NONE,FULL",
15.628018,2026-09-01T19:10:26.310+01:00,9896640,137225,3172,3172,True,True,0x0B,"OK,OK,NO_IRQ,OK","FULL,FULL,NONE,FULL",
15.632761,2026-09-01T19:10:26.316+01:00,9899812,137226,3172,3172,True,True,0x0B,"OK,OK,NO_IRQ,OK","FULL,FULL,NONE,FULL",
15.637405,2026-09-01T19:10:26.320+01:00,9902984,137227,3172,3172,True,True,0x0B,"OK,OK,NO_IRQ,OK","FULL,FULL,NONE,FULL",
15.642054,2026-09-01T19:10:26.325+01:00,9906156,137228,3172,3172,True,True,0x0B,"OK,OK,NO_IRQ,OK","FULL,FULL,NONE,FULL",
15.653823,2026-09-01T19:10:26.329+01:00,9909328,137229,3172,3172,True,True,0x0B,"OK,OK,NO_IRQ,OK","FULL,FULL,NONE,FULL",
15.654395,2026-09-01T19:10:26.341+01:00,9912500,137230,3172,3172,True,True,0x0B,"OK,OK,NO_IRQ,OK","FULL,FULL,NONE,FULL",
15.657078,2026-09-01T19:10:26.342+01:00,9915672,137231,3172,3172,True,True,0x0B,"OK,OK,NO_IRQ,OK","FULL,FULL,NONE,FULL",
15.676971,2026-09-01T19:10:26.344+01:00,9918844,137232,3172,3172,True,True,0x0B,"OK,OK,NO_IRQ,OK","FULL,FULL,NONE,FULL",
15.677902,2026-09-01T19:10:26.364+01:00,9922016,137233,3172,3172,True,True,0x0B,"OK,OK,NO_IRQ,OK","FULL,FULL,NONE,FULL",
15.680174,2026-09-01T19:10:26.365+01:00,9925188,137234,3172,3172,True,True,0x0B,"OK,OK,NO_IRQ,OK","FULL,FULL,NONE,FULL",
15.682411,2026-09-01T19:10:26.368+01:00,9928360,137235,3172,3172,True,True,0x0B,"OK,OK,NO_IRQ,OK","FULL,FULL,NONE,FULL",
15.683891,2026-09-01T19:10:26.370+01:00,9931532,137236,3172,3172,True,True,0x0B,"OK,OK,NO_IRQ,OK","FULL,FULL,NONE,FULL",
15.687477,2026-09-01T19:10:26.371+01:00,9934704,137237,3172,3172,True,True,0x0B,"OK,OK,NO_IRQ,OK","FULL,FULL,NONE,FULL",
15.692960,2026-09-01T19:10:26.375+01:00,9937876,137238,3172,3172,True,True,0x0B,"OK,OK,NO_IRQ,OK","FULL,FULL,NONE,FULL",
15.698281,2026-09-01T19:10:26.380+01:00,9941048,137239,3172,3172,True,True,0x0B,"OK,OK,NO_IRQ,OK","FULL,FULL,NONE,FULL",
15.702707,2026-09-01T19:10:26.386+01:00,9944220,137240,3172,3172,True,True,0x0B,"OK,OK,NO_IRQ,OK","FULL,FULL,NONE,FULL",
15.714466,2026-09-01T19:10:26.390+01:00,9947392,137241,3172,3172,True,True,0x0B,"OK,OK,NO_IRQ,OK","FULL,FULL,NONE,FULL",
15.716121,2026-09-01T19:10:26.402+01:00,9950564,137242,3172,3172,True,True,0x0B,"OK,OK,NO_IRQ,OK","FULL,FULL,NONE,FULL",
15.717495,2026-09-01T19:10:26.403+01:00,9953736,137243,3172,3172,True,True,0x0B,"OK,OK,NO_IRQ,OK","FULL,FULL,NONE,FULL",
15.722639,2026-09-01T19:10:26.405+01:00,9956908,137244,3172,3172,True,True,0x0B,"OK,OK,NO_IRQ,OK","FULL,FULL,NONE,FULL",
15.728372,2026-09-01T19:10:26.410+01:00,9960080,137245,3172,3172,True,True,0x0B,"OK,OK,NO_IRQ,OK","FULL,FULL,NONE,FULL",
15.738168,2026-09-01T19:10:26.416+01:00,9963252,137246,3172,3172,True,True,0x0B,"OK,OK,NO_IRQ,OK","FULL,FULL,NONE,FULL",
15.740153,2026-09-01T19:10:26.427+01:00,9966424,137247,3172,3172,True,True,0x0B,"OK,OK,NO_IRQ,OK","FULL,FULL,NONE,FULL",
15.743216,2026-09-01T19:10:26.428+01:00,9969596,137248,3172,3172,True,True,0x0B,"OK,OK,NO_IRQ,OK","FULL,FULL,NONE,FULL",
15.747311,2026-09-01T19:10:26.431+01:00,9972768,137249,3172,3172,True,True,0x0B,"OK,OK,NO_IRQ,OK","FULL,FULL,NONE,FULL",
15.758668,2026-09-01T19:10:26.435+01:00,9975940,137250,3172,3172,True,True,0x0B,"OK,OK,NO_IRQ,OK","FULL,FULL,NONE,FULL",
15.759745,2026-09-01T19:10:26.446+01:00,9979112,137251,3172,3172,True,True,0x0B,"OK,OK,NO_IRQ,OK","FULL,FULL,NONE,FULL",
15.763153,2026-09-01T19:10:26.447+01:00,9982284,137252,3172,3172,True,True,0x0B,"OK,OK,NO_IRQ,OK","FULL,FULL,NONE,FULL",
15.767289,2026-09-01T19:10:26.451+01:00,9985456,137253,3172,3172,True,True,0x0B,"OK,OK,NO_IRQ,OK","FULL,FULL,NONE,FULL",
15.781916,2026-09-01T19:10:26.455+01:00,9988628,137254,3172,3172,True,True,0x0B,"OK,OK,NO_IRQ,OK","FULL,FULL,NONE,FULL",
15.782776,2026-09-01T19:10:26.469+01:00,9991800,137255,3172,3172,True,True,0x0B,"OK,OK,NO_IRQ,OK","FULL,FULL,NONE,FULL",
15.783734,2026-09-01T19:10:26.470+01:00,9994972,137256,3172,3172,True,True,0x0B,"OK,OK,NO_IRQ,OK","FULL,FULL,NONE,FULL",
15.787766,2026-09-01T19:10:26.471+01:00,9998144,137257,3172,3172,True,True,0x0B,"OK,OK,NO_IRQ,OK","FULL,FULL,NONE,FULL",
15.792806,2026-09-01T19:10:26.475+01:00,10001316,137258,3172,3172,True,True,0x0B,"OK,OK,NO_IRQ,OK","FULL,FULL,NONE,FULL",
15.802978,2026-09-01T19:10:26.480+01:00,10004488,137259,3172,3172,True,True,0x0B,"OK,OK,NO_IRQ,OK","FULL,FULL,NONE,FULL",
15.804182,2026-09-01T19:10:26.490+01:00,10007660,137260,3172,3172,True,True,0x0B,"OK,OK,NO_IRQ,OK","FULL,FULL,NONE,FULL",
15.807841,2026-09-01T19:10:26.491+01:00,10010832,137261,3172,3172,True,True,0x0B,"OK,OK,NO_IRQ,OK","FULL,FULL,NONE,FULL",
15.812299,2026-09-01T19:10:26.495+01:00,10014004,137262,3172,3172,True,True,0x0B,"OK,OK,NO_IRQ,OK","FULL,FULL,NONE,FULL",
15.817210,2026-09-01T19:10:26.500+01:00,10017176,137263,3172,3172,True,True,0x0B,"OK,OK,NO_IRQ,OK","FULL,FULL,NONE,FULL",
15.826353,2026-09-01T19:10:26.505+01:00,10020348,137264,3172,3172,True,True,0x0B,"OK,OK,NO_IRQ,OK","FULL,FULL,NONE,FULL",
15.827518,2026-09-01T19:10:26.514+01:00,10023520,137265,3172,3172,True,True,0x0B,"OK,OK,NO_IRQ,OK","FULL,FULL,NONE,FULL",
15.832837,2026-09-01T19:10:26.515+01:00,10026692,137266,3172,3172,True,True,0x0B,"OK,OK,NO_IRQ,OK","FULL,FULL,NONE,FULL",
15.840735,2026-09-01T19:10:26.520+01:00,10029864,137267,3172,3172,True,True,0x0B,"OK,OK,NO_IRQ,OK","FULL,FULL,NONE,FULL",
15.845686,2026-09-01T19:10:26.528+01:00,10033036,137268,3172,3172,True,True,0x0B,"OK,OK,NO_IRQ,OK","FULL,FULL,NONE,FULL",
15.847243,2026-09-01T19:10:26.533+01:00,10036208,137269,3172,3172,True,True,0x0B,"OK,OK,NO_IRQ,OK","FULL,FULL,NONE,FULL",
15.852542,2026-09-01T19:10:26.535+01:00,10039380,137270,3172,3172,True,True,0x0B,"OK,OK,NO_IRQ,OK","FULL,FULL,NONE,FULL",
15.861517,2026-09-01T19:10:26.540+01:00,10042552,137271,3172,3172,True,True,0x0B,"OK,OK,NO_IRQ,OK","FULL,FULL,NONE,FULL",
15.863691,2026-09-01T19:10:26.549+01:00,10045724,137272,3172,3172,True,True,0x0B,"OK,OK,NO_IRQ,OK","FULL,FULL,NONE,FULL",
15.867718,2026-09-01T19:10:26.551+01:00,10048896,137273,3172,3172,True,True,0x0B,"OK,OK,NO_IRQ,OK","FULL,FULL,NONE,FULL",
15.873923,2026-09-01T19:10:26.555+01:00,10052068,137274,3172,3172,True,True,0x0B,"OK,OK,NO_IRQ,OK","FULL,FULL,NONE,FULL",
15.877790,2026-09-01T19:10:26.561+01:00,10055240,137275,3172,3172,True,True,0x0B,"OK,OK,NO_IRQ,OK","FULL,FULL,NONE,FULL",
15.882205,2026-09-01T19:10:26.565+01:00,10058412,137276,3172,3172,True,True,0x0B,"OK,OK,NO_IRQ,OK","FULL,FULL,NONE,FULL",
15.890115,2026-09-01T19:10:26.569+01:00,10061584,137277,3172,3172,True,True,0x0B,"OK,OK,NO_IRQ,OK","FULL,FULL,NONE,FULL",
15.899583,2026-09-01T19:10:26.577+01:00,10064756,137278,3172,3172,True,True,0x0B,"OK,OK,NO_IRQ,OK","FULL,FULL,NONE,FULL",
15.900762,2026-09-01T19:10:26.587+01:00,10067928,137279,3172,3172,True,True,0x0B,"OK,OK,NO_IRQ,OK","FULL,FULL,NONE,FULL",
15.903404,2026-09-01T19:10:26.588+01:00,10071100,137280,3172,3172,True,True,0x0B,"OK,OK,NO_IRQ,OK","FULL,FULL,NONE,FULL",
15.908143,2026-09-01T19:10:26.591+01:00,10074272,137281,3172,3172,True,True,0x0B,"OK,OK,NO_IRQ,OK","FULL,FULL,NONE,FULL",
15.912890,2026-09-01T19:10:26.595+01:00,10077444,137282,3172,3172,True,True,0x0B,"OK,OK,NO_IRQ,OK","FULL,FULL,NONE,FULL",
15.925635,2026-09-01T19:10:26.600+01:00,10080616,137283,3172,3172,True,True,0x0B,"OK,OK,NO_IRQ,OK","FULL,FULL,NONE,FULL",
15.925926,2026-09-01T19:10:26.613+01:00,10083788,137284,3172,3172,True,True,0x0B,"OK,OK,NO_IRQ,OK","FULL,FULL,NONE,FULL",
15.928236,2026-09-01T19:10:26.613+01:00,10086960,137285,3172,3172,True,True,0x0B,"OK,OK,NO_IRQ,OK","FULL,FULL,NONE,FULL",
15.932790,2026-09-01T19:10:26.616+01:00,10090132,137286,3172,3172,True,True,0x0B,"OK,OK,NO_IRQ,OK","FULL,FULL,NONE,FULL",
15.942336,2026-09-01T19:10:26.620+01:00,10093304,137287,3172,3172,True,True,0x0B,"OK,OK,NO_IRQ,OK","FULL,FULL,NONE,FULL",
15.947602,2026-09-01T19:10:26.630+01:00,10096476,137288,3172,3172,True,True,0x0B,"OK,OK,NO_IRQ,OK","FULL,FULL,NONE,FULL",
15.948172,2026-09-01T19:10:26.635+01:00,10099648,137289,3172,3172,True,True,0x0B,"OK,OK,NO_IRQ,OK","FULL,FULL,NONE,FULL",
15.952611,2026-09-01T19:10:26.635+01:00,10102820,137290,3172,3172,True,True,0x0B,"OK,OK,NO_IRQ,OK","FULL,FULL,NONE,FULL",
15.957728,2026-09-01T19:10:26.640+01:00,10105992,137291,3172,3172,True,True,0x0B,"OK,OK,NO_IRQ,OK","FULL,FULL,NONE,FULL",
15.966293,2026-09-01T19:10:26.645+01:00,10109164,137292,3172,3172,True,True,0x0B,"OK,OK,NO_IRQ,OK","FULL,FULL,NONE,FULL",
15.967490,2026-09-01T19:10:26.654+01:00,10112336,137293,3172,3172,True,True,0x0B,"OK,OK,NO_IRQ,OK","FULL,FULL,NONE,FULL",
15.972496,2026-09-01T19:10:26.655+01:00,10115508,137294,3172,3172,True,True,0x0B,"OK,OK,NO_IRQ,OK","FULL,FULL,NONE,FULL",
15.983803,2026-09-01T19:10:26.660+01:00,10118680,137295,3172,3172,True,True,0x0B,"OK,OK,NO_IRQ,OK","FULL,FULL,NONE,FULL",
15.984816,2026-09-01T19:10:26.671+01:00,10121852,137296,3172,3172,True,True,0x0B,"OK,OK,NO_IRQ,OK","FULL,FULL,NONE,FULL",
15.988052,2026-09-01T19:10:26.672+01:00,10125024,137297,3172,3172,True,True,0x0B,"OK,OK,NO_IRQ,OK","FULL,FULL,NONE,FULL",
15.992717,2026-09-01T19:10:26.676+01:00,10128196,137298,3172,3172,True,True,0x0B,"OK,OK,NO_IRQ,OK","FULL,FULL,NONE,FULL",
16.003819,2026-09-01T19:10:26.680+01:00,10131368,137299,3172,3172,True,True,0x0B,"OK,OK,NO_IRQ,OK","FULL,FULL,NONE,FULL",
16.004645,2026-09-01T19:10:26.691+01:00,10134540,137300,3172,3172,True,True,0x0B,"OK,OK,NO_IRQ,OK","FULL,FULL,NONE,FULL",
16.007586,2026-09-01T19:10:26.692+01:00,10137712,137301,3172,3172,True,True,0x0B,"OK,OK,NO_IRQ,OK","FULL,FULL,NONE,FULL",
16.012868,2026-09-01T19:10:26.695+01:00,10140884,137302,3172,3172,True,True,0x0B,"OK,OK,NO_IRQ,OK","FULL,FULL,NONE,FULL",
16.023647,2026-09-01T19:10:26.700+01:00,10144056,137303,3172,3172,True,True,0x0B,"OK,OK,NO_IRQ,OK","FULL,FULL,NONE,FULL",
16.024001,2026-09-01T19:10:26.711+01:00,10147228,137304,3172,3172,True,True,0x0B,"OK,OK,NO_IRQ,OK","FULL,FULL,NONE,FULL",
16.028541,2026-09-01T19:10:26.711+01:00,10150400,137305,3172,3172,True,True,0x0B,"OK,OK,NO_IRQ,OK","FULL,FULL,NONE,FULL",
16.032781,2026-09-01T19:10:26.716+01:00,10153572,137306,3172,3172,True,True,0x0B,"OK,OK,NO_IRQ,OK","FULL,FULL,NONE,FULL",
16.041746,2026-09-01T19:10:26.720+01:00,10156744,137307,3172,3172,True,True,0x0B,"OK,OK,NO_IRQ,OK","FULL,FULL,NONE,FULL",
16.046157,2026-09-01T19:10:26.729+01:00,10159916,137308,3172,3172,True,True,0x0B,"OK,OK,NO_IRQ,OK","FULL,FULL,NONE,FULL",
16.047753,2026-09-01T19:10:26.733+01:00,10163088,137309,3172,3172,True,True,0x0B,"OK,OK,NO_IRQ,OK","FULL,FULL,NONE,FULL",
16.052845,2026-09-01T19:10:26.735+01:00,10166260,137310,3172,3172,True,True,0x0B,"OK,OK,NO_IRQ,OK","FULL,FULL,NONE,FULL",
16.057918,2026-09-01T19:10:26.740+01:00,10169432,137311,3172,3172,True,True,0x0B,"OK,OK,NO_IRQ,OK","FULL,FULL,NONE,FULL",
16.064793,2026-09-01T19:10:26.745+01:00,10172604,137312,3172,3172,True,True,0x0B,"OK,OK,NO_IRQ,OK","FULL,FULL,NONE,FULL",
16.068030,2026-09-01T19:10:26.752+01:00,10175776,137313,3172,3172,True,True,0x0B,"OK,OK,NO_IRQ,OK","FULL,FULL,NONE,FULL",
16.072702,2026-09-01T19:10:26.755+01:00,10178948,137314,3172,3172,True,True,0x0B,"OK,OK,NO_IRQ,OK","FULL,FULL,NONE,FULL",
16.077681,2026-09-01T19:10:26.760+01:00,10182120,137315,3172,3172,True,True,0x0B,"OK,OK,NO_IRQ,OK","FULL,FULL,NONE,FULL",
16.092495,2026-09-01T19:10:26.765+01:00,10185292,137316,3172,3172,True,True,0x0B,"OK,OK,NO_IRQ,OK","FULL,FULL,NONE,FULL",
16.092961,2026-09-01T19:10:26.780+01:00,10188464,137317,3172,3172,True,True,0x0B,"OK,OK,NO_IRQ,OK","FULL,FULL,NONE,FULL",
16.093255,2026-09-01T19:10:26.780+01:00,10191636,137318,3172,3172,True,True,0x0B,"OK,OK,NO_IRQ,OK","FULL,FULL,NONE,FULL",
16.108300,2026-09-01T19:10:26.780+01:00,10194808,137319,3172,3172,True,True,0x0B,"OK,OK,NO_IRQ,OK","FULL,FULL,NONE,FULL",
16.109288,2026-09-01T19:10:26.796+01:00,10197980,137320,3172,3172,True,True,0x0B,"OK,OK,NO_IRQ,OK","FULL,FULL,NONE,FULL",
16.110427,2026-09-01T19:10:26.797+01:00,10201152,137321,3172,3172,True,True,0x0B,"OK,OK,NO_IRQ,OK","FULL,FULL,NONE,FULL",
16.113380,2026-09-01T19:10:26.798+01:00,10204324,137322,3172,3172,True,True,0x0B,"OK,OK,NO_IRQ,OK","FULL,FULL,NONE,FULL",
16.118245,2026-09-01T19:10:26.801+01:00,10207496,137323,3172,3172,True,True,0x0B,"OK,OK,NO_IRQ,OK","FULL,FULL,NONE,FULL",
16.125283,2026-09-01T19:10:26.806+01:00,10210668,137324,3172,3172,True,True,0x0B,"OK,OK,NO_IRQ,OK","FULL,FULL,NONE,FULL",
16.129411,2026-09-01T19:10:26.813+01:00,10213840,137325,3172,3172,True,True,0x0B,"OK,OK,NO_IRQ,OK","FULL,FULL,NONE,FULL",
16.132833,2026-09-01T19:10:26.817+01:00,10217012,137326,3172,3172,True,True,0x0B,"OK,OK,NO_IRQ,OK","FULL,FULL,NONE,FULL",
16.138143,2026-09-01T19:10:26.820+01:00,10220184,137327,3172,3172,True,True,0x0B,"OK,OK,NO_IRQ,OK","FULL,FULL,NONE,FULL",
16.143813,2026-09-01T19:10:26.825+01:00,10223356,137328,3172,3172,True,True,0x0B,"OK,OK,NO_IRQ,OK","FULL,FULL,NONE,FULL",
16.152020,2026-09-01T19:10:26.831+01:00,10226528,137329,3172,3172,True,True,0x0B,"OK,OK,NO_IRQ,OK","FULL,FULL,NONE,FULL",
16.152974,2026-09-01T19:10:26.839+01:00,10229700,137330,3172,3172,True,True,0x0B,"OK,OK,NO_IRQ,OK","FULL,FULL,NONE,FULL",
16.158469,2026-09-01T19:10:26.840+01:00,10232872,137331,3172,3172,True,True,0x0B,"OK,OK,NO_IRQ,OK","FULL,FULL,NONE,FULL",
16.163300,2026-09-01T19:10:26.846+01:00,10236044,137332,3172,3172,True,True,0x0B,"OK,OK,NO_IRQ,OK","FULL,FULL,NONE,FULL",
16.174438,2026-09-01T19:10:26.851+01:00,10239216,137333,3172,3172,True,True,0x0B,"OK,OK,NO_IRQ,OK","FULL,FULL,NONE,FULL",
16.175383,2026-09-01T19:10:26.862+01:00,10242388,137334,3172,3172,True,True,0x0B,"OK,OK,NO_IRQ,OK","FULL,FULL,NONE,FULL",
16.178368,2026-09-01T19:10:26.863+01:00,10245560,137335,3172,3172,True,True,0x0B,"OK,OK,NO_IRQ,OK","FULL,FULL,NONE,FULL",
16.183207,2026-09-01T19:10:26.866+01:00,10248732,137336,3172,3172,True,True,0x0B,"OK,OK,NO_IRQ,OK","FULL,FULL,NONE,FULL",
16.191483,2026-09-01T19:10:26.870+01:00,10251904,137337,3172,3172,True,True,0x0B,"OK,OK,NO_IRQ,OK","FULL,FULL,NONE,FULL",
16.195559,2026-09-01T19:10:26.881+01:00,10255076,137338,3172,3172,True,True,0x0B,"OK,OK,NO_IRQ,OK","FULL,FULL,NONE,FULL",
16.198222,2026-09-01T19:10:26.883+01:00,10258248,137339,3172,3172,True,True,0x0B,"OK,OK,NO_IRQ,OK","FULL,FULL,NONE,FULL",
16.203314,2026-09-01T19:10:26.886+01:00,10261420,137340,3172,3172,True,True,0x0B,"OK,OK,NO_IRQ,OK","FULL,FULL,NONE,FULL",
16.208072,2026-09-01T19:10:26.891+01:00,10264592,137341,3172,3172,True,True,0x0B,"OK,OK,NO_IRQ,OK","FULL,FULL,NONE,FULL",
16.213454,2026-09-01T19:10:26.895+01:00,10267764,137342,3172,3172,True,True,0x0B,"OK,OK,NO_IRQ,OK","FULL,FULL,NONE,FULL",
16.220950,2026-09-01T19:10:26.901+01:00,10270936,137343,3172,3172,True,True,0x0B,"OK,OK,NO_IRQ,OK","FULL,FULL,NONE,FULL",
16.223776,2026-09-01T19:10:26.908+01:00,10274108,137344,3172,3172,True,True,0x0B,"OK,OK,NO_IRQ,OK","FULL,FULL,NONE,FULL",
16.228350,2026-09-01T19:10:26.911+01:00,10277280,137345,3172,3172,True,True,0x0B,"OK,OK,NO_IRQ,OK","FULL,FULL,NONE,FULL",
16.238941,2026-09-01T19:10:26.916+01:00,10280452,137346,3172,3172,True,True,0x0B,"OK,OK,NO_IRQ,OK","FULL,FULL,NONE,FULL",
16.239340,2026-09-01T19:10:26.926+01:00,10283624,137347,3172,3172,True,True,0x0B,"OK,OK,NO_IRQ,OK","FULL,FULL,NONE,FULL",
16.243141,2026-09-01T19:10:26.927+01:00,10286796,137348,3172,3172,True,True,0x0B,"OK,OK,NO_IRQ,OK","FULL,FULL,NONE,FULL",
16.248453,2026-09-01T19:10:26.930+01:00,10289968,137349,3172,3172,True,True,0x0B,"OK,OK,NO_IRQ,OK","FULL,FULL,NONE,FULL",
16.257252,2026-09-01T19:10:26.936+01:00,10293140,137350,3172,3172,True,True,0x0B,"OK,OK,NO_IRQ,OK","FULL,FULL,NONE,FULL",
16.258203,2026-09-01T19:10:26.945+01:00,10296312,137351,3172,3172,True,True,0x0B,"OK,OK,NO_IRQ,OK","FULL,FULL,NONE,FULL",
16.263632,2026-09-01T19:10:26.946+01:00,10299484,137352,3172,3172,True,True,0x0B,"OK,OK,NO_IRQ,OK","FULL,FULL,NONE,FULL",
16.267957,2026-09-01T19:10:26.951+01:00,10302656,137353,3172,3172,True,True,0x0B,"OK,OK,NO_IRQ,OK","FULL,FULL,NONE,FULL",
16.275521,2026-09-01T19:10:26.955+01:00,10305828,137354,3172,3172,True,True,0x0B,"OK,OK,NO_IRQ,OK","FULL,FULL,NONE,FULL",
16.281259,2026-09-01T19:10:26.963+01:00,10309000,137355,3172,3172,True,True,0x0B,"OK,OK,NO_IRQ,OK","FULL,FULL,NONE,FULL",
16.285780,2026-09-01T19:10:26.969+01:00,10312172,137356,3172,3172,True,True,0x0B,"OK,OK,NO_IRQ,OK","FULL,FULL,NONE,FULL",
16.288677,2026-09-01T19:10:26.973+01:00,10315344,137357,3172,3172,True,True,0x0B,"OK,OK,NO_IRQ,OK","FULL,FULL,NONE,FULL",
16.293075,2026-09-01T19:10:26.976+01:00,10318516,137358,3172,3172,True,True,0x0B,"OK,OK,NO_IRQ,OK","FULL,FULL,NONE,FULL",
16.298533,2026-09-01T19:10:26.980+01:00,10321688,137359,3172,3172,True,True,0x0B,"OK,OK,NO_IRQ,OK","FULL,FULL,NONE,FULL",
16.315208,2026-09-01T19:10:26.986+01:00,10324860,137360,3172,3172,True,True,0x0B,"OK,OK,NO_IRQ,OK","FULL,FULL,NONE,FULL",
16.315985,2026-09-01T19:10:27.002+01:00,10328032,137361,3172,3172,True,True,0x0B,"OK,OK,NO_IRQ,OK","FULL,FULL,NONE,FULL",
16.316694,2026-09-01T19:10:27.003+01:00,10331204,137362,3172,3172,True,True,0x0B,"OK,OK,NO_IRQ,OK","FULL,FULL,NONE,FULL",
16.318479,2026-09-01T19:10:27.004+01:00,10334376,137363,3172,3172,True,True,0x0B,"OK,OK,NO_IRQ,OK","FULL,FULL,NONE,FULL",
16.323327,2026-09-01T19:10:27.006+01:00,10337548,137364,3172,3172,True,True,0x0B,"OK,OK,NO_IRQ,OK","FULL,FULL,NONE,FULL",
16.333061,2026-09-01T19:10:27.011+01:00,10340720,137365,3172,3172,True,True,0x0B,"OK,OK,NO_IRQ,OK","FULL,FULL,NONE,FULL",
16.333872,2026-09-01T19:10:27.021+01:00,10343892,137366,3172,3172,True,True,0x0B,"OK,OK,NO_IRQ,OK","FULL,FULL,NONE,FULL",
16.338555,2026-09-01T19:10:27.021+01:00,10347064,137367,3172,3172,True,True,0x0B,"OK,OK,NO_IRQ,OK","FULL,FULL,NONE,FULL",
16.343289,2026-09-01T19:10:27.026+01:00,10350236,137368,3172,3172,True,True,0x0B,"OK,OK,NO_IRQ,OK","FULL,FULL,NONE,FULL",
16.350447,2026-09-01T19:10:27.031+01:00,10353408,137369,3172,3172,True,True,0x0B,"OK,OK,NO_IRQ,OK","FULL,FULL,NONE,FULL",
16.353212,2026-09-01T19:10:27.038+01:00,10356580,137370,3172,3172,True,True,0x0B,"OK,OK,NO_IRQ,OK","FULL,FULL,NONE,FULL",
16.358611,2026-09-01T19:10:27.040+01:00,10359752,137371,3172,3172,True,True,0x0B,"OK,OK,NO_IRQ,OK","FULL,FULL,NONE,FULL",
16.368949,2026-09-01T19:10:27.046+01:00,10362924,137372,3172,3172,True,True,0x0B,"OK,OK,NO_IRQ,OK","FULL,FULL,NONE,FULL",
16.369857,2026-09-01T19:10:27.056+01:00,10366096,137373,3172,3172,True,True,0x0B,"OK,OK,NO_IRQ,OK","FULL,FULL,NONE,FULL",
16.373658,2026-09-01T19:10:27.057+01:00,10369268,137374,3172,3172,True,True,0x0B,"OK,OK,NO_IRQ,OK","FULL,FULL,NONE,FULL",
16.378442,2026-09-01T19:10:27.061+01:00,10372440,137375,3172,3172,True,True,0x0B,"OK,OK,NO_IRQ,OK","FULL,FULL,NONE,FULL",
16.386477,2026-09-01T19:10:27.066+01:00,10375612,137376,3172,3172,True,True,0x0B,"OK,OK,NO_IRQ,OK","FULL,FULL,NONE,FULL",
16.388378,2026-09-01T19:10:27.074+01:00,10378784,137377,3172,3172,True,True,0x0B,"OK,OK,NO_IRQ,OK","FULL,FULL,NONE,FULL",
16.393686,2026-09-01T19:10:27.076+01:00,10381956,137378,3172,3172,True,True,0x0B,"OK,OK,NO_IRQ,OK","FULL,FULL,NONE,FULL",
16.402572,2026-09-01T19:10:27.081+01:00,10385128,137379,3172,3172,True,True,0x0B,"OK,OK,NO_IRQ,OK","FULL,FULL,NONE,FULL",
16.403824,2026-09-01T19:10:27.090+01:00,10388300,137380,3172,3172,True,True,0x0B,"OK,OK,NO_IRQ,OK","FULL,FULL,NONE,FULL",
16.408584,2026-09-01T19:10:27.091+01:00,10391472,137381,3172,3172,True,True,0x0B,"OK,OK,NO_IRQ,OK","FULL,FULL,NONE,FULL",
16.421425,2026-09-01T19:10:27.096+01:00,10394644,137382,3172,3172,True,True,0x0B,"OK,OK,NO_IRQ,OK","FULL,FULL,NONE,FULL",
16.422389,2026-09-01T19:10:27.109+01:00,10397816,137383,3172,3172,True,True,0x0B,"OK,OK,NO_IRQ,OK","FULL,FULL,NONE,FULL",
16.423534,2026-09-01T19:10:27.110+01:00,10400988,137384,3172,3172,True,True,0x0B,"OK,OK,NO_IRQ,OK","FULL,FULL,NONE,FULL",
16.428645,2026-09-01T19:10:27.111+01:00,10404160,137385,3172,3172,True,True,0x0B,"OK,OK,NO_IRQ,OK","FULL,FULL,NONE,FULL",
16.437425,2026-09-01T19:10:27.116+01:00,10407332,137386,3172,3172,True,True,0x0B,"OK,OK,NO_IRQ,OK","FULL,FULL,NONE,FULL",
16.438639,2026-09-01T19:10:27.125+01:00,10410504,137387,3172,3172,True,True,0x0B,"OK,OK,NO_IRQ,OK","FULL,FULL,NONE,FULL",
16.443764,2026-09-01T19:10:27.126+01:00,10413676,137388,3172,3172,True,True,0x0B,"OK,OK,NO_IRQ,OK","FULL,FULL,NONE,FULL",
16.449028,2026-09-01T19:10:27.131+01:00,10416848,137389,3172,3172,True,True,0x0B,"OK,OK,NO_IRQ,OK","FULL,FULL,NONE,FULL",
16.454216,2026-09-01T19:10:27.137+01:00,10420020,137390,3172,3172,True,True,0x0B,"OK,OK,NO_IRQ,OK","FULL,FULL,NONE,FULL",
16.459716,2026-09-01T19:10:27.142+01:00,10423192,137391,3172,3172,True,True,0x0B,"OK,OK,NO_IRQ,OK","FULL,FULL,NONE,FULL",
16.463400,2026-09-01T19:10:27.147+01:00,10426364,137392,3172,3172,True,True,0x0B,"OK,OK,NO_IRQ,OK","FULL,FULL,NONE,FULL",
16.468339,2026-09-01T19:10:27.151+01:00,10429536,137393,3172,3172,True,True,0x0B,"OK,OK,NO_IRQ,OK","FULL,FULL,NONE,FULL",
16.479088,2026-09-01T19:10:27.156+01:00,10432708,137394,3172,3172,True,True,0x0B,"OK,OK,NO_IRQ,OK","FULL,FULL,NONE,FULL",
16.479550,2026-09-01T19:10:27.166+01:00,10435880,137395,3172,3172,True,True,0x0B,"OK,OK,NO_IRQ,OK","FULL,FULL,NONE,FULL",
16.488694,2026-09-01T19:10:27.167+01:00,10439052,137396,3172,3172,True,True,0x0B,"OK,OK,NO_IRQ,OK","FULL,FULL,NONE,FULL",
16.494942,2026-09-01T19:10:27.176+01:00,10442224,137397,3172,3172,True,True,0x0B,"OK,OK,NO_IRQ,OK","FULL,FULL,NONE,FULL",
16.496269,2026-09-01T19:10:27.183+01:00,10445396,137398,3172,3172,True,True,0x0B,"OK,OK,NO_IRQ,OK","FULL,FULL,NONE,FULL",
16.498891,2026-09-01T19:10:27.184+01:00,10448568,137399,3172,3172,True,True,0x0B,"OK,OK,NO_IRQ,OK","FULL,FULL,NONE,FULL",
16.503761,2026-09-01T19:10:27.186+01:00,10451740,137400,3172,3172,True,True,0x0B,"OK,OK,NO_IRQ,OK","FULL,FULL,NONE,FULL",
16.512955,2026-09-01T19:10:27.191+01:00,10454912,137401,3172,3172,True,True,0x0B,"OK,OK,NO_IRQ,OK","FULL,FULL,NONE,FULL",
16.514303,2026-09-01T19:10:27.201+01:00,10458084,137402,3172,3172,True,True,0x0B,"OK,OK,NO_IRQ,OK","FULL,FULL,NONE,FULL",
16.518886,2026-09-01T19:10:27.202+01:00,10461256,137403,3172,3172,True,True,0x0B,"OK,OK,NO_IRQ,OK","FULL,FULL,NONE,FULL",
16.530161,2026-09-01T19:10:27.206+01:00,10464428,137404,3172,3172,True,True,0x0B,"OK,OK,NO_IRQ,OK","FULL,FULL,NONE,FULL",
16.531223,2026-09-01T19:10:27.218+01:00,10467600,137405,3172,3172,True,True,0x0B,"OK,OK,NO_IRQ,OK","FULL,FULL,NONE,FULL",
16.533938,2026-09-01T19:10:27.219+01:00,10470772,137406,3172,3172,True,True,0x0B,"OK,OK,NO_IRQ,OK","FULL,FULL,NONE,FULL",
16.538592,2026-09-01T19:10:27.221+01:00,10473944,137407,3172,3172,True,True,0x0B,"OK,OK,NO_IRQ,OK","FULL,FULL,NONE,FULL",
16.549262,2026-09-01T19:10:27.226+01:00,10477116,137408,3172,3172,True,True,0x0B,"OK,OK,NO_IRQ,OK","FULL,FULL,NONE,FULL",
16.550420,2026-09-01T19:10:27.237+01:00,10480288,137409,3172,3172,True,True,0x0B,"OK,OK,NO_IRQ,OK","FULL,FULL,NONE,FULL",
16.553436,2026-09-01T19:10:27.238+01:00,10483460,137410,3172,3172,True,True,0x0B,"OK,OK,NO_IRQ,OK","FULL,FULL,NONE,FULL",
16.558968,2026-09-01T19:10:27.241+01:00,10486632,137411,3172,3172,True,True,0x0B,"OK,OK,NO_IRQ,OK","FULL,FULL,NONE,FULL",
16.570210,2026-09-01T19:10:27.246+01:00,10489804,137412,3172,3172,True,True,0x0B,"OK,OK,NO_IRQ,OK","FULL,FULL,NONE,FULL",
16.571206,2026-09-01T19:10:27.258+01:00,10492976,137413,3172,3172,True,True,0x0B,"OK,OK,NO_IRQ,OK","FULL,FULL,NONE,FULL",
16.577525,2026-09-01T19:10:27.258+01:00,10496148,137414,3172,3172,True,True,0x0B,"OK,OK,NO_IRQ,OK","FULL,FULL,NONE,FULL",
16.579160,2026-09-01T19:10:27.265+01:00,10499320,137415,3172,3172,True,True,0x0B,"OK,OK,NO_IRQ,OK","FULL,FULL,NONE,FULL",
16.589033,2026-09-01T19:10:27.266+01:00,10502492,137416,3172,3172,True,True,0x0B,"OK,OK,NO_IRQ,OK","FULL,FULL,NONE,FULL",
16.589293,2026-09-01T19:10:27.276+01:00,10505664,137417,3172,3172,True,True,0x0B,"OK,OK,NO_IRQ,OK","FULL,FULL,NONE,FULL",
16.593604,2026-09-01T19:10:27.276+01:00,10508836,137418,3172,3172,True,True,0x0B,"OK,OK,NO_IRQ,OK","FULL,FULL,NONE,FULL",
16.598964,2026-09-01T19:10:27.281+01:00,10512008,137419,3172,3172,True,True,0x0B,"OK,OK,NO_IRQ,OK","FULL,FULL,NONE,FULL",
16.605539,2026-09-01T19:10:27.286+01:00,10515180,137420,3172,3172,True,True,0x0B,"OK,OK,NO_IRQ,OK","FULL,FULL,NONE,FULL",
16.608636,2026-09-01T19:10:27.293+01:00,10518352,137421,3172,3172,True,True,0x0B,"OK,OK,NO_IRQ,OK","FULL,FULL,NONE,FULL",
16.613641,2026-09-01T19:10:27.296+01:00,10521524,137422,3172,3172,True,True,0x0B,"OK,OK,NO_IRQ,OK","FULL,FULL,NONE,FULL",
16.618642,2026-09-01T19:10:27.301+01:00,10524696,137423,3172,3172,True,True,0x0B,"OK,OK,NO_IRQ,OK","FULL,FULL,NONE,FULL",
16.626893,2026-09-01T19:10:27.306+01:00,10527868,137424,3172,3172,True,True,0x0B,"OK,OK,NO_IRQ,OK","FULL,FULL,NONE,FULL",
16.629102,2026-09-01T19:10:27.314+01:00,10531040,137425,3172,3172,True,True,0x0B,"OK,OK,NO_IRQ,OK","FULL,FULL,NONE,FULL",
16.633859,2026-09-01T19:10:27.316+01:00,10534212,137426,3172,3172,True,True,0x0B,"OK,OK,NO_IRQ,OK","FULL,FULL,NONE,FULL",
16.639108,2026-09-01T19:10:27.321+01:00,10537384,137427,3172,3172,True,True,0x0B,"OK,OK,NO_IRQ,OK","FULL,FULL,NONE,FULL",
16.644069,2026-09-01T19:10:27.326+01:00,10540556,137428,3172,3172,True,True,0x0B,"OK,OK,NO_IRQ,OK","FULL,FULL,NONE,FULL",
16.648675,2026-09-01T19:10:27.331+01:00,10543728,137429,3172,3172,True,True,0x0B,"OK,OK,NO_IRQ,OK","FULL,FULL,NONE,FULL",
16.653688,2026-09-01T19:10:27.336+01:00,10546900,137430,3172,3172,True,True,0x0B,"OK,OK,NO_IRQ,OK","FULL,FULL,NONE,FULL",
16.666199,2026-09-01T19:10:27.341+01:00,10550072,137431,3172,3172,True,True,0x0B,"OK,OK,NO_IRQ,OK","FULL,FULL,NONE,FULL",
16.667252,2026-09-01T19:10:27.354+01:00,10553244,137432,3172,3172,True,True,0x0B,"OK,OK,NO_IRQ,OK","FULL,FULL,NONE,FULL",
16.668687,2026-09-01T19:10:27.354+01:00,10556416,137433,3172,3172,True,True,0x0B,"OK,OK,NO_IRQ,OK","FULL,FULL,NONE,FULL",
16.674236,2026-09-01T19:10:27.356+01:00,10559588,137434,3172,3172,True,True,0x0B,"OK,OK,NO_IRQ,OK","FULL,FULL,NONE,FULL",
16.682006,2026-09-01T19:10:27.361+01:00,10562760,137435,3172,3172,True,True,0x0B,"OK,OK,NO_IRQ,OK","FULL,FULL,NONE,FULL",
16.718329,2026-09-01T19:10:27.398+01:00,10565932,137436,3172,3172,True,True,0x0B,"OK,OK,NO_IRQ,OK","FULL,FULL,NONE,FULL",
16.719231,2026-09-01T19:10:27.406+01:00,10569104,137437,3172,3172,True,True,0x0B,"OK,OK,NO_IRQ,OK","FULL,FULL,NONE,FULL",
16.719950,2026-09-01T19:10:27.407+01:00,10572276,137438,3172,3172,True,True,0x0B,"OK,OK,NO_IRQ,OK","FULL,FULL,NONE,FULL",
16.728465,2026-09-01T19:10:27.407+01:00,10575448,137439,3172,3172,True,True,0x0B,"OK,OK,NO_IRQ,OK","FULL,FULL,NONE,FULL",
16.729086,2026-09-01T19:10:27.416+01:00,10578620,137440,3172,3172,True,True,0x0B,"OK,OK,NO_IRQ,OK","FULL,FULL,NONE,FULL",
16.729611,2026-09-01T19:10:27.416+01:00,10581792,137441,3172,3172,True,True,0x0B,"OK,OK,NO_IRQ,OK","FULL,FULL,NONE,FULL",
16.730289,2026-09-01T19:10:27.417+01:00,10584964,137442,3172,3172,True,True,0x0B,"OK,OK,NO_IRQ,OK","FULL,FULL,NONE,FULL",
16.730675,2026-09-01T19:10:27.418+01:00,10588136,137443,3172,3172,True,True,0x0B,"OK,OK,NO_IRQ,OK","FULL,FULL,NONE,FULL",
16.731692,2026-09-01T19:10:27.418+01:00,10591308,137444,3172,3172,True,True,0x0B,"OK,OK,NO_IRQ,OK","FULL,FULL,NONE,FULL",
16.732358,2026-09-01T19:10:27.419+01:00,10594480,137445,3172,3172,True,True,0x0B,"OK,OK,NO_IRQ,OK","FULL,FULL,NONE,FULL",
16.734329,2026-09-01T19:10:27.420+01:00,10597652,137446,3172,3172,True,True,0x0B,"OK,OK,NO_IRQ,OK","FULL,FULL,NONE,FULL",
16.739522,2026-09-01T19:10:27.422+01:00,10600824,137447,3172,3172,True,True,0x0B,"OK,OK,NO_IRQ,OK","FULL,FULL,NONE,FULL",
16.744071,2026-09-01T19:10:27.427+01:00,10603996,137448,3172,3172,True,True,0x0B,"OK,OK,NO_IRQ,OK","FULL,FULL,NONE,FULL",
16.749059,2026-09-01T19:10:27.431+01:00,10607168,137449,3172,3172,True,True,0x0B,"OK,OK,NO_IRQ,OK","FULL,FULL,NONE,FULL",
16.754323,2026-09-01T19:10:27.436+01:00,10610340,137450,3172,3172,True,True,0x0B,"OK,OK,NO_IRQ,OK","FULL,FULL,NONE,FULL",
16.759125,2026-09-01T19:10:27.442+01:00,10613512,137451,3172,3172,True,True,0x0B,"OK,OK,NO_IRQ,OK","FULL,FULL,NONE,FULL",
16.764542,2026-09-01T19:10:27.446+01:00,10616684,137452,3172,3172,True,True,0x0B,"OK,OK,NO_IRQ,OK","FULL,FULL,NONE,FULL",
16.770211,2026-09-01T19:10:27.452+01:00,10619856,137453,3172,3172,True,True,0x0B,"OK,OK,NO_IRQ,OK","FULL,FULL,NONE,FULL",
16.774527,2026-09-01T19:10:27.458+01:00,10623028,137454,3172,3172,True,True,0x0B,"OK,OK,NO_IRQ,OK","FULL,FULL,NONE,FULL",
16.780140,2026-09-01T19:10:27.462+01:00,10626200,137455,3172,3172,True,True,0x0B,"OK,OK,NO_IRQ,OK","FULL,FULL,NONE,FULL",
16.785740,2026-09-01T19:10:27.468+01:00,10629372,137456,3172,3172,True,True,0x0B,"OK,OK,NO_IRQ,OK","FULL,FULL,NONE,FULL",
16.791619,2026-09-01T19:10:27.473+01:00,10632544,137457,3172,3172,True,True,0x0B,"OK,OK,NO_IRQ,OK","FULL,FULL,NONE,FULL",
16.807711,2026-09-01T19:10:27.479+01:00,10635716,137458,3172,3172,True,True,0x0B,"OK,OK,NO_IRQ,OK","FULL,FULL,NONE,FULL",
16.809234,2026-09-01T19:10:27.495+01:00,10638888,137459,3172,3172,True,True,0x0B,"OK,OK,NO_IRQ,OK","FULL,FULL,NONE,FULL",
16.812150,2026-09-01T19:10:27.497+01:00,10642060,137460,3172,3172,True,True,0x0B,"OK,OK,NO_IRQ,OK","FULL,FULL,NONE,FULL",
16.814046,2026-09-01T19:10:27.500+01:00,10645232,137461,3172,3172,True,True,0x0B,"OK,OK,NO_IRQ,OK","FULL,FULL,NONE,FULL",
16.815824,2026-09-01T19:10:27.501+01:00,10648404,137462,3172,3172,True,True,0x0B,"OK,OK,NO_IRQ,OK","FULL,FULL,NONE,FULL",
16.820310,2026-09-01T19:10:27.504+01:00,10651576,137463,3172,3172,True,True,0x0B,"OK,OK,NO_IRQ,OK","FULL,FULL,NONE,FULL",
16.826043,2026-09-01T19:10:27.508+01:00,10654748,137464,3172,3172,True,True,0x0B,"OK,OK,NO_IRQ,OK","FULL,FULL,NONE,FULL",
16.830125,2026-09-01T19:10:27.513+01:00,10657920,137465,3172,3172,True,True,0x0B,"OK,OK,NO_IRQ,OK","FULL,FULL,NONE,FULL",
16.835721,2026-09-01T19:10:27.518+01:00,10661092,137466,3172,3172,True,True,0x0B,"OK,OK,NO_IRQ,OK","FULL,FULL,NONE,FULL",
16.841620,2026-09-01T19:10:27.523+01:00,10664264,137467,3172,3172,True,True,0x0B,"OK,OK,NO_IRQ,OK","FULL,FULL,NONE,FULL",
16.846763,2026-09-01T19:10:27.529+01:00,10667436,137468,3172,3172,True,True,0x0B,"OK,OK,NO_IRQ,OK","FULL,FULL,NONE,FULL",
16.849752,2026-09-01T19:10:27.534+01:00,10670608,137469,3172,3172,True,True,0x0B,"OK,OK,NO_IRQ,OK","FULL,FULL,NONE,FULL",
16.863534,2026-09-01T19:10:27.537+01:00,10673780,137470,3172,3172,True,True,0x0B,"OK,OK,NO_IRQ,OK","FULL,FULL,NONE,FULL",
16.874904,2026-09-01T19:10:27.552+01:00,10676952,137471,3172,3172,True,True,0x0B,"OK,OK,NO_IRQ,OK","FULL,FULL,NONE,FULL",
16.877492,2026-09-01T19:10:27.563+01:00,10680124,137472,3172,3172,True,True,0x0B,"OK,OK,NO_IRQ,OK","FULL,FULL,NONE,FULL",
16.879332,2026-09-01T19:10:27.565+01:00,10683296,137473,3172,3172,True,True,0x0B,"OK,OK,NO_IRQ,OK","FULL,FULL,NONE,FULL",
16.881529,2026-09-01T19:10:27.567+01:00,10686468,137474,3172,3172,True,True,0x0B,"OK,OK,NO_IRQ,OK","FULL,FULL,NONE,FULL",
16.883345,2026-09-01T19:10:27.569+01:00,10689640,137475,3172,3172,True,True,0x0B,"OK,OK,NO_IRQ,OK","FULL,FULL,NONE,FULL",
16.885936,2026-09-01T19:10:27.571+01:00,10692812,137476,3172,3172,True,True,0x0B,"OK,OK,NO_IRQ,OK","FULL,FULL,NONE,FULL",
16.890733,2026-09-01T19:10:27.573+01:00,10695984,137477,3172,3172,True,True,0x0B,"OK,OK,NO_IRQ,OK","FULL,FULL,NONE,FULL",
16.896221,2026-09-01T19:10:27.578+01:00,10699156,137478,3172,3172,True,True,0x0B,"OK,OK,NO_IRQ,OK","FULL,FULL,NONE,FULL",
16.899986,2026-09-01T19:10:27.584+01:00,10702328,137479,3172,3172,True,True,0x0B,"OK,OK,NO_IRQ,OK","FULL,FULL,NONE,FULL",
16.906270,2026-09-01T19:10:27.588+01:00,10705500,137480,3172,3172,True,True,0x0B,"OK,OK,NO_IRQ,OK","FULL,FULL,NONE,FULL",
16.910244,2026-09-01T19:10:27.594+01:00,10708672,137481,3172,3172,True,True,0x0B,"OK,OK,NO_IRQ,OK","FULL,FULL,NONE,FULL",
16.914965,2026-09-01T19:10:27.598+01:00,10711844,137482,3172,3172,True,True,0x0B,"OK,OK,NO_IRQ,OK","FULL,FULL,NONE,FULL",
16.922734,2026-09-01T19:10:27.603+01:00,10715016,137483,3172,3172,True,True,0x0B,"OK,OK,NO_IRQ,OK","FULL,FULL,NONE,FULL",
16.929394,2026-09-01T19:10:27.610+01:00,10718188,137484,3172,3172,True,True,0x0B,"OK,OK,NO_IRQ,OK","FULL,FULL,NONE,FULL",
16.937372,2026-09-01T19:10:27.623+01:00,10721360,137485,3172,3172,True,True,0x0B,"OK,OK,NO_IRQ,OK","FULL,FULL,NONE,FULL",
16.942972,2026-09-01T19:10:27.625+01:00,10724532,137486,3172,3172,True,True,0x0B,"OK,OK,NO_IRQ,OK","FULL,FULL,NONE,FULL",
16.945055,2026-09-01T19:10:27.630+01:00,10727704,137487,3172,3172,True,True,0x0B,"OK,OK,NO_IRQ,OK","FULL,FULL,NONE,FULL",
16.945925,2026-09-01T19:10:27.632+01:00,10730876,137488,3172,3172,True,True,0x0B,"OK,OK,NO_IRQ,OK","FULL,FULL,NONE,FULL",
16.950650,2026-09-01T19:10:27.633+01:00,10734048,137489,3172,3172,True,True,0x0B,"OK,OK,NO_IRQ,OK","FULL,FULL,NONE,FULL",
16.954868,2026-09-01T19:10:27.638+01:00,10737220,137490,3172,3172,True,True,0x0B,"OK,OK,NO_IRQ,OK","FULL,FULL,NONE,FULL",
16.959632,2026-09-01T19:10:27.642+01:00,10740392,137491,3172,3172,True,True,0x0B,"OK,OK,NO_IRQ,OK","FULL,FULL,NONE,FULL",
16.964504,2026-09-01T19:10:27.647+01:00,10743564,137492,3172,3172,True,True,0x0B,"OK,OK,NO_IRQ,OK","FULL,FULL,NONE,FULL",
16.977375,2026-09-01T19:10:27.652+01:00,10746736,137493,3172,3172,True,True,0x0B,"OK,OK,NO_IRQ,OK","FULL,FULL,NONE,FULL",
16.988735,2026-09-01T19:10:27.667+01:00,10749908,137494,3172,3172,True,True,0x0B,"OK,OK,NO_IRQ,OK","FULL,FULL,NONE,FULL",
16.989252,2026-09-01T19:10:27.676+01:00,10753080,137495,3172,3172,True,True,0x0B,"OK,OK,NO_IRQ,OK","FULL,FULL,NONE,FULL",
16.989775,2026-09-01T19:10:27.676+01:00,10756252,137496,3172,3172,True,True,0x0B,"OK,OK,NO_IRQ,OK","FULL,FULL,NONE,FULL",
16.990507,2026-09-01T19:10:27.677+01:00,10759424,137497,3172,3172,True,True,0x0B,"OK,OK,NO_IRQ,OK","FULL,FULL,NONE,FULL",
16.995130,2026-09-01T19:10:27.678+01:00,10762596,137498,3172,3172,True,True,0x0B,"OK,OK,NO_IRQ,OK","FULL,FULL,NONE,FULL",
16.999464,2026-09-01T19:10:27.682+01:00,10765768,137499,3172,3172,True,True,0x0B,"OK,OK,NO_IRQ,OK","FULL,FULL,NONE,FULL",
17.004771,2026-09-01T19:10:27.687+01:00,10768940,137500,3172,3172,True,True,0x0B,"OK,OK,NO_IRQ,OK","FULL,FULL,NONE,FULL",
17.011053,2026-09-01T19:10:27.692+01:00,10772112,137501,3172,3172,True,True,0x0B,"OK,OK,NO_IRQ,OK","FULL,FULL,NONE,FULL",
17.015504,2026-09-01T19:10:27.698+01:00,10775284,137502,3172,3172,True,True,0x0B,"OK,OK,NO_IRQ,OK","FULL,FULL,NONE,FULL",
17.019541,2026-09-01T19:10:27.703+01:00,10778456,137503,3172,3172,True,True,0x0B,"OK,OK,NO_IRQ,OK","FULL,FULL,NONE,FULL",
17.025375,2026-09-01T19:10:27.707+01:00,10781628,137504,3172,3172,True,True,0x0B,"OK,OK,NO_IRQ,OK","FULL,FULL,NONE,FULL",
17.029951,2026-09-01T19:10:27.713+01:00,10784800,137505,3172,3172,True,True,0x0B,"OK,OK,NO_IRQ,OK","FULL,FULL,NONE,FULL",
17.038902,2026-09-01T19:10:27.718+01:00,10787972,137506,3172,3172,True,True,0x0B,"OK,OK,NO_IRQ,OK","FULL,FULL,NONE,FULL",
17.041874,2026-09-01T19:10:27.726+01:00,10791144,137507,3172,3172,True,True,0x0B,"OK,OK,NO_IRQ,OK","FULL,FULL,NONE,FULL",
17.047760,2026-09-01T19:10:27.729+01:00,10794316,137508,3172,3172,True,True,0x0B,"OK,OK,NO_IRQ,OK","FULL,FULL,NONE,FULL",
17.050440,2026-09-01T19:10:27.735+01:00,10797488,137509,3172,3172,True,True,0x0B,"OK,OK,NO_IRQ,OK","FULL,FULL,NONE,FULL",
17.056774,2026-09-01T19:10:27.738+01:00,10800660,137510,3172,3172,True,True,0x0B,"OK,OK,NO_IRQ,OK","FULL,FULL,NONE,FULL",
17.059768,2026-09-01T19:10:27.744+01:00,10803832,137511,3172,3172,True,True,0x0B,"OK,OK,NO_IRQ,OK","FULL,FULL,NONE,FULL",
17.065520,2026-09-01T19:10:27.747+01:00,10807004,137512,3172,3172,True,True,0x0B,"OK,OK,NO_IRQ,OK","FULL,FULL,NONE,FULL",
17.070068,2026-09-01T19:10:27.753+01:00,10810176,137513,3172,3172,True,True,0x0B,"OK,OK,NO_IRQ,OK","FULL,FULL,NONE,FULL",
17.075365,2026-09-01T19:10:27.757+01:00,10813348,137514,3172,3172,True,True,0x0B,"OK,OK,NO_IRQ,OK","FULL,FULL,NONE,FULL",
17.079749,2026-09-01T19:10:27.763+01:00,10816520,137515,3172,3172,True,True,0x0B,"OK,OK,NO_IRQ,OK","FULL,FULL,NONE,FULL",
17.090700,2026-09-01T19:10:27.767+01:00,10819692,137516,3172,3172,True,True,0x0B,"OK,OK,NO_IRQ,OK","FULL,FULL,NONE,FULL",
17.090979,2026-09-01T19:10:27.778+01:00,10822864,137517,3172,3172,True,True,0x0B,"OK,OK,NO_IRQ,OK","FULL,FULL,NONE,FULL",
17.096121,2026-09-01T19:10:27.778+01:00,10826036,137518,3172,3172,True,True,0x0B,"OK,OK,NO_IRQ,OK","FULL,FULL,NONE,FULL",
17.099813,2026-09-01T19:10:27.783+01:00,10829208,137519,3172,3172,True,True,0x0B,"OK,OK,NO_IRQ,OK","FULL,FULL,NONE,FULL",
17.107156,2026-09-01T19:10:27.787+01:00,10832380,137520,3172,3172,True,True,0x0B,"OK,OK,NO_IRQ,OK","FULL,FULL,NONE,FULL",
17.110952,2026-09-01T19:10:27.795+01:00,10835552,137521,3172,3172,True,True,0x0B,"OK,OK,NO_IRQ,OK","FULL,FULL,NONE,FULL",
17.116073,2026-09-01T19:10:27.798+01:00,10838724,137522,3172,3172,True,True,0x0B,"OK,OK,NO_IRQ,OK","FULL,FULL,NONE,FULL",
17.120659,2026-09-01T19:10:27.804+01:00,10841896,137523,3172,3172,True,True,0x0B,"OK,OK,NO_IRQ,OK","FULL,FULL,NONE,FULL",
17.124837,2026-09-01T19:10:27.808+01:00,10845068,137524,3172,3172,True,True,0x0B,"OK,OK,NO_IRQ,OK","FULL,FULL,NONE,FULL",
17.130002,2026-09-01T19:10:27.812+01:00,10848240,137525,3172,3172,True,True,0x0B,"OK,OK,NO_IRQ,OK","FULL,FULL,NONE,FULL",
17.136045,2026-09-01T19:10:27.817+01:00,10851412,137526,3172,3172,True,True,0x0B,"OK,OK,NO_IRQ,OK","FULL,FULL,NONE,FULL",
17.147623,2026-09-01T19:10:27.823+01:00,10854584,137527,3172,3172,True,True,0x0B,"OK,OK,NO_IRQ,OK","FULL,FULL,NONE,FULL",
17.151972,2026-09-01T19:10:27.835+01:00,10857756,137528,3172,3172,True,True,0x0B,"OK,OK,NO_IRQ,OK","FULL,FULL,NONE,FULL",
17.152727,2026-09-01T19:10:27.839+01:00,10860928,137529,3172,3172,True,True,0x0B,"OK,OK,NO_IRQ,OK","FULL,FULL,NONE,FULL",
17.158939,2026-09-01T19:10:27.840+01:00,10864100,137530,3172,3172,True,True,0x0B,"OK,OK,NO_IRQ,OK","FULL,FULL,NONE,FULL",
17.163773,2026-09-01T19:10:27.846+01:00,10867272,137531,3172,3172,True,True,0x0B,"OK,OK,NO_IRQ,OK","FULL,FULL,NONE,FULL",
17.165601,2026-09-01T19:10:27.851+01:00,10870444,137532,3172,3172,True,True,0x0B,"OK,OK,NO_IRQ,OK","FULL,FULL,NONE,FULL",
17.169725,2026-09-01T19:10:27.853+01:00,10873616,137533,3172,3172,True,True,0x0B,"OK,OK,NO_IRQ,OK","FULL,FULL,NONE,FULL",
17.175098,2026-09-01T19:10:27.857+01:00,10876788,137534,3172,3172,True,True,0x0B,"OK,OK,NO_IRQ,OK","FULL,FULL,NONE,FULL",
17.179939,2026-09-01T19:10:27.863+01:00,10879960,137535,3172,3172,True,True,0x0B,"OK,OK,NO_IRQ,OK","FULL,FULL,NONE,FULL",
17.184828,2026-09-01T19:10:27.867+01:00,10883132,137536,3172,3172,True,True,0x0B,"OK,OK,NO_IRQ,OK","FULL,FULL,NONE,FULL",
17.196186,2026-09-01T19:10:27.872+01:00,10886304,137537,3172,3172,True,True,0x0B,"OK,OK,NO_IRQ,OK","FULL,FULL,NONE,FULL",
17.196776,2026-09-01T19:10:27.884+01:00,10889476,137538,3172,3172,True,True,0x0B,"OK,OK,NO_IRQ,OK","FULL,FULL,NONE,FULL",
17.228859,2026-09-01T19:10:27.884+01:00,10892648,137539,3172,3172,True,True,0x0B,"OK,OK,NO_IRQ,OK","FULL,FULL,NONE,FULL",
17.229524,2026-09-01T19:10:27.916+01:00,10895820,137540,3172,3172,True,True,0x0B,"OK,OK,NO_IRQ,OK","FULL,FULL,NONE,FULL",
17.232187,2026-09-01T19:10:27.917+01:00,10898992,137541,3172,3172,True,True,0x0B,"OK,OK,NO_IRQ,OK","FULL,FULL,NONE,FULL",
17.232750,2026-09-01T19:10:27.919+01:00,10902164,137542,3172,3172,True,True,0x0B,"OK,OK,NO_IRQ,OK","FULL,FULL,NONE,FULL",
17.233240,2026-09-01T19:10:27.920+01:00,10905336,137543,3172,3172,True,True,0x0B,"OK,OK,NO_IRQ,OK","FULL,FULL,NONE,FULL",
17.234764,2026-09-01T19:10:27.920+01:00,10908508,137544,3172,3172,True,True,0x0B,"OK,OK,NO_IRQ,OK","FULL,FULL,NONE,FULL",
17.237961,2026-09-01T19:10:27.922+01:00,10911680,137545,3172,3172,True,True,0x0B,"OK,OK,NO_IRQ,OK","FULL,FULL,NONE,FULL",
17.241343,2026-09-01T19:10:27.925+01:00,10914852,137546,3172,3172,True,True,0x0B,"OK,OK,NO_IRQ,OK","FULL,FULL,NONE,FULL",
17.244847,2026-09-01T19:10:27.929+01:00,10918024,137547,3172,3172,True,True,0x0B,"OK,OK,NO_IRQ,OK","FULL,FULL,NONE,FULL",
17.247871,2026-09-01T19:10:27.934+01:00,10921196,137548,3172,3172,True,True,0x0B,"OK,OK,NO_IRQ,OK","FULL,FULL,NONE,FULL",
17.251606,2026-09-01T19:10:27.937+01:00,10924368,137549,3172,3172,True,True,0x0B,"OK,OK,NO_IRQ,OK","FULL,FULL,NONE,FULL",
17.256235,2026-09-01T19:10:27.939+01:00,10927540,137550,3172,3172,True,True,0x0B,"OK,OK,NO_IRQ,OK","FULL,FULL,NONE,FULL",
17.261276,2026-09-01T19:10:27.943+01:00,10930712,137551,3172,3172,True,True,0x0B,"OK,OK,NO_IRQ,OK","FULL,FULL,NONE,FULL",
17.265269,2026-09-01T19:10:27.949+01:00,10933884,137552,3172,3172,True,True,0x0B,"OK,OK,NO_IRQ,OK","FULL,FULL,NONE,FULL",
17.270666,2026-09-01T19:10:27.953+01:00,10937056,137553,3172,3172,True,True,0x0B,"OK,OK,NO_IRQ,OK","FULL,FULL,NONE,FULL",
17.275167,2026-09-01T19:10:27.958+01:00,10940228,137554,3172,3172,True,True,0x0B,"OK,OK,NO_IRQ,OK","FULL,FULL,NONE,FULL",
17.280765,2026-09-01T19:10:27.962+01:00,10943400,137555,3172,3172,True,True,0x0B,"OK,OK,NO_IRQ,OK","FULL,FULL,NONE,FULL",
17.290118,2026-09-01T19:10:27.969+01:00,10946572,137556,3172,3172,True,True,0x0B,"OK,OK,NO_IRQ,OK","FULL,FULL,NONE,FULL",
17.295330,2026-09-01T19:10:27.979+01:00,10949744,137557,3172,3172,True,True,0x0B,"OK,OK,NO_IRQ,OK","FULL,FULL,NONE,FULL",
17.295565,2026-09-01T19:10:27.983+01:00,10952916,137558,3172,3172,True,True,0x0B,"OK,OK,NO_IRQ,OK","FULL,FULL,NONE,FULL",
17.301887,2026-09-01T19:10:27.983+01:00,10956088,137559,3172,3172,True,True,0x0B,"OK,OK,NO_IRQ,OK","FULL,FULL,NONE,FULL",
17.310933,2026-09-01T19:10:27.989+01:00,10959260,137560,3172,3172,True,True,0x0B,"OK,OK,NO_IRQ,OK","FULL,FULL,NONE,FULL",
17.311580,2026-09-01T19:10:27.998+01:00,10962432,137561,3172,3172,True,True,0x0B,"OK,OK,NO_IRQ,OK","FULL,FULL,NONE,FULL",
17.315784,2026-09-01T19:10:27.999+01:00,10965604,137562,3172,3172,True,True,0x0B,"OK,OK,NO_IRQ,OK","FULL,FULL,NONE,FULL",
17.320780,2026-09-01T19:10:28.004+01:00,10968776,137563,3172,3172,True,True,0x0B,"OK,OK,NO_IRQ,OK","FULL,FULL,NONE,FULL",
17.325370,2026-09-01T19:10:28.008+01:00,10971948,137564,3172,3172,True,True,0x0B,"OK,OK,NO_IRQ,OK","FULL,FULL,NONE,FULL",
17.330226,2026-09-01T19:10:28.013+01:00,10975120,137565,3172,3172,True,True,0x0B,"OK,OK,NO_IRQ,OK","FULL,FULL,NONE,FULL",
17.336022,2026-09-01T19:10:28.018+01:00,10978292,137566,3172,3172,True,True,0x0B,"OK,OK,NO_IRQ,OK","FULL,FULL,NONE,FULL",
17.340662,2026-09-01T19:10:28.023+01:00,10981464,137567,3172,3172,True,True,0x0B,"OK,OK,NO_IRQ,OK","FULL,FULL,NONE,FULL",
17.345809,2026-09-01T19:10:28.028+01:00,10984636,137568,3172,3172,True,True,0x0B,"OK,OK,NO_IRQ,OK","FULL,FULL,NONE,FULL",
17.351778,2026-09-01T19:10:28.033+01:00,10987808,137569,3172,3172,True,True,0x0B,"OK,OK,NO_IRQ,OK","FULL,FULL,NONE,FULL",
17.356954,2026-09-01T19:10:28.041+01:00,10990980,137570,3172,3172,True,True,0x0B,"OK,OK,NO_IRQ,OK","FULL,FULL,NONE,FULL",
17.369052,2026-09-01T19:10:28.046+01:00,10994152,137571,3172,3172,True,True,0x0B,"OK,OK,NO_IRQ,OK","FULL,FULL,NONE,FULL",
17.369637,2026-09-01T19:10:28.056+01:00,10997324,137572,3172,3172,True,True,0x0B,"OK,OK,NO_IRQ,OK","FULL,FULL,NONE,FULL",
17.370621,2026-09-01T19:10:28.057+01:00,11000496,137573,3172,3172,True,True,0x0B,"OK,OK,NO_IRQ,OK","FULL,FULL,NONE,FULL",
17.375784,2026-09-01T19:10:28.058+01:00,11003668,137574,3172,3172,True,True,0x0B,"OK,OK,NO_IRQ,OK","FULL,FULL,NONE,FULL",
17.380982,2026-09-01T19:10:28.063+01:00,11006840,137575,3172,3172,True,True,0x0B,"OK,OK,NO_IRQ,OK","FULL,FULL,NONE,FULL",
17.385341,2026-09-01T19:10:28.069+01:00,11010012,137576,3172,3172,True,True,0x0B,"OK,OK,NO_IRQ,OK","FULL,FULL,NONE,FULL",
17.394527,2026-09-01T19:10:28.073+01:00,11013184,137577,3172,3172,True,True,0x0B,"OK,OK,NO_IRQ,OK","FULL,FULL,NONE,FULL",
17.395260,2026-09-01T19:10:28.082+01:00,11016356,137578,3172,3172,True,True,0x0B,"OK,OK,NO_IRQ,OK","FULL,FULL,NONE,FULL",
17.400875,2026-09-01T19:10:28.083+01:00,11019528,137579,3172,3172,True,True,0x0B,"OK,OK,NO_IRQ,OK","FULL,FULL,NONE,FULL",
17.411395,2026-09-01T19:10:28.088+01:00,11022700,137580,3172,3172,True,True,0x0B,"OK,OK,NO_IRQ,OK","FULL,FULL,NONE,FULL",
17.412050,2026-09-01T19:10:28.099+01:00,11025872,137581,3172,3172,True,True,0x0B,"OK,OK,NO_IRQ,OK","FULL,FULL,NONE,FULL",
17.416940,2026-09-01T19:10:28.099+01:00,11029044,137582,3172,3172,True,True,0x0B,"OK,OK,NO_IRQ,OK","FULL,FULL,NONE,FULL",
17.421229,2026-09-01T19:10:28.104+01:00,11032216,137583,3172,3172,True,True,0x0B,"OK,OK,NO_IRQ,OK","FULL,FULL,NONE,FULL",
17.425410,2026-09-01T19:10:28.109+01:00,11035388,137584,3172,3172,True,True,0x0B,"OK,OK,NO_IRQ,OK","FULL,FULL,NONE,FULL",
17.431109,2026-09-01T19:10:28.113+01:00,11038560,137585,3172,3172,True,True,0x0B,"OK,OK,NO_IRQ,OK","FULL,FULL,NONE,FULL",
17.435481,2026-09-01T19:10:28.118+01:00,11041732,137586,3172,3172,True,True,0x0B,"OK,OK,NO_IRQ,OK","FULL,FULL,NONE,FULL",
17.443512,2026-09-01T19:10:28.123+01:00,11044904,137587,3172,3172,True,True,0x0B,"OK,OK,NO_IRQ,OK","FULL,FULL,NONE,FULL",
17.446426,2026-09-01T19:10:28.131+01:00,11048076,137588,3172,3172,True,True,0x0B,"OK,OK,NO_IRQ,OK","FULL,FULL,NONE,FULL",
17.450443,2026-09-01T19:10:28.134+01:00,11051248,137589,3172,3172,True,True,0x0B,"OK,OK,NO_IRQ,OK","FULL,FULL,NONE,FULL",
17.462511,2026-09-01T19:10:28.138+01:00,11054420,137590,3172,3172,True,True,0x0B,"OK,OK,NO_IRQ,OK","FULL,FULL,NONE,FULL",
17.463137,2026-09-01T19:10:28.150+01:00,11057592,137591,3172,3172,True,True,0x0B,"OK,OK,NO_IRQ,OK","FULL,FULL,NONE,FULL",
17.465475,2026-09-01T19:10:28.150+01:00,11060764,137592,3172,3172,True,True,0x0B,"OK,OK,NO_IRQ,OK","FULL,FULL,NONE,FULL",
17.479218,2026-09-01T19:10:28.153+01:00,11063936,137593,3172,3172,True,True,0x0B,"OK,OK,NO_IRQ,OK","FULL,FULL,NONE,FULL",
17.479843,2026-09-01T19:10:28.167+01:00,11067108,137594,3172,3172,True,True,0x0B,"OK,OK,NO_IRQ,OK","FULL,FULL,NONE,FULL",
17.480367,2026-09-01T19:10:28.167+01:00,11070280,137595,3172,3172,True,True,0x0B,"OK,OK,NO_IRQ,OK","FULL,FULL,NONE,FULL",
17.485504,2026-09-01T19:10:28.168+01:00,11073452,137596,3172,3172,True,True,0x0B,"OK,OK,NO_IRQ,OK","FULL,FULL,NONE,FULL",
17.490926,2026-09-01T19:10:28.173+01:00,11076624,137597,3172,3172,True,True,0x0B,"OK,OK,NO_IRQ,OK","FULL,FULL,NONE,FULL",
17.498102,2026-09-01T19:10:28.178+01:00,11079796,137598,3172,3172,True,True,0x0B,"OK,OK,NO_IRQ,OK","FULL,FULL,NONE,FULL",
17.500604,2026-09-01T19:10:28.185+01:00,11082968,137599,3172,3172,True,True,0x0B,"OK,OK,NO_IRQ,OK","FULL,FULL,NONE,FULL",
17.507192,2026-09-01T19:10:28.188+01:00,11086140,137600,3172,3172,True,True,0x0B,"OK,OK,NO_IRQ,OK","FULL,FULL,NONE,FULL",
17.512880,2026-09-01T19:10:28.195+01:00,11089312,137601,3172,3172,True,True,0x0B,"OK,OK,NO_IRQ,OK","FULL,FULL,NONE,FULL",
17.517750,2026-09-01T19:10:28.200+01:00,11092484,137602,3172,3172,True,True,0x0B,"OK,OK,NO_IRQ,OK","FULL,FULL,NONE,FULL",
17.520967,2026-09-01T19:10:28.205+01:00,11095656,137603,3172,3172,True,True,0x0B,"OK,OK,NO_IRQ,OK","FULL,FULL,NONE,FULL",
17.525749,2026-09-01T19:10:28.209+01:00,11098828,137604,3172,3172,True,True,0x0B,"OK,OK,NO_IRQ,OK","FULL,FULL,NONE,FULL",
17.530838,2026-09-01T19:10:28.213+01:00,11102000,137605,3172,3172,True,True,0x0B,"OK,OK,NO_IRQ,OK","FULL,FULL,NONE,FULL",
17.535753,2026-09-01T19:10:28.218+01:00,11105172,137606,3172,3172,True,True,0x0B,"OK,OK,NO_IRQ,OK","FULL,FULL,NONE,FULL",
17.540858,2026-09-01T19:10:28.223+01:00,11108344,137607,3172,3172,True,True,0x0B,"OK,OK,NO_IRQ,OK","FULL,FULL,NONE,FULL",
17.545715,2026-09-01T19:10:28.228+01:00,11111516,137608,3172,3172,True,True,0x0B,"OK,OK,NO_IRQ,OK","FULL,FULL,NONE,FULL",
17.554469,2026-09-01T19:10:28.233+01:00,11114688,137609,3172,3172,True,True,0x0B,"OK,OK,NO_IRQ,OK","FULL,FULL,NONE,FULL",
17.556945,2026-09-01T19:10:28.242+01:00,11117860,137610,3172,3172,True,True,0x0B,"OK,OK,NO_IRQ,OK","FULL,FULL,NONE,FULL",
17.561429,2026-09-01T19:10:28.244+01:00,11121032,137611,3172,3172,True,True,0x0B,"OK,OK,NO_IRQ,OK","FULL,FULL,NONE,FULL",
17.566840,2026-09-01T19:10:28.249+01:00,11124204,137612,3172,3172,True,True,0x0B,"OK,OK,NO_IRQ,OK","FULL,FULL,NONE,FULL",
17.571005,2026-09-01T19:10:28.254+01:00,11127376,137613,3172,3172,True,True,0x0B,"OK,OK,NO_IRQ,OK","FULL,FULL,NONE,FULL",
17.575823,2026-09-01T19:10:28.258+01:00,11130548,137614,3172,3172,True,True,0x0B,"OK,OK,NO_IRQ,OK","FULL,FULL,NONE,FULL",
17.581110,2026-09-01T19:10:28.263+01:00,11133720,137615,3172,3172,True,True,0x0B,"OK,OK,NO_IRQ,OK","FULL,FULL,NONE,FULL",
17.585911,2026-09-01T19:10:28.268+01:00,11136892,137616,3172,3172,True,True,0x0B,"OK,OK,NO_IRQ,OK","FULL,FULL,NONE,FULL",
17.592741,2026-09-01T19:10:28.273+01:00,11140064,137617,3172,3172,True,True,0x0B,"OK,OK,NO_IRQ,OK","FULL,FULL,NONE,FULL",
17.601073,2026-09-01T19:10:28.280+01:00,11143236,137618,3172,3172,True,True,0x0B,"OK,OK,NO_IRQ,OK","FULL,FULL,NONE,FULL",
17.601620,2026-09-01T19:10:28.288+01:00,11146408,137619,3172,3172,True,True,0x0B,"OK,OK,NO_IRQ,OK","FULL,FULL,NONE,FULL",
17.607116,2026-09-01T19:10:28.289+01:00,11149580,137620,3172,3172,True,True,0x0B,"OK,OK,NO_IRQ,OK","FULL,FULL,NONE,FULL",
17.616866,2026-09-01T19:10:28.294+01:00,11152752,137621,3172,3172,True,True,0x0B,"OK,OK,NO_IRQ,OK","FULL,FULL,NONE,FULL",
17.617468,2026-09-01T19:10:28.304+01:00,11155924,137622,3172,3172,True,True,0x0B,"OK,OK,NO_IRQ,OK","FULL,FULL,NONE,FULL",
17.620843,2026-09-01T19:10:28.305+01:00,11159096,137623,3172,3172,True,True,0x0B,"OK,OK,NO_IRQ,OK","FULL,FULL,NONE,FULL",
17.633712,2026-09-01T19:10:28.308+01:00,11162268,137624,3172,3172,True,True,0x0B,"OK,OK,NO_IRQ,OK","FULL,FULL,NONE,FULL",
17.634293,2026-09-01T19:10:28.321+01:00,11165440,137625,3172,3172,True,True,0x0B,"OK,OK,NO_IRQ,OK","FULL,FULL,NONE,FULL",
17.635890,2026-09-01T19:10:28.322+01:00,11168612,137626,3172,3172,True,True,0x0B,"OK,OK,NO_IRQ,OK","FULL,FULL,NONE,FULL",
17.641891,2026-09-01T19:10:28.323+01:00,11171784,137627,3172,3172,True,True,0x0B,"OK,OK,NO_IRQ,OK","FULL,FULL,NONE,FULL",
17.645873,2026-09-01T19:10:28.329+01:00,11174956,137628,3172,3172,True,True,0x0B,"OK,OK,NO_IRQ,OK","FULL,FULL,NONE,FULL",
17.650804,2026-09-01T19:10:28.333+01:00,11178128,137629,3172,3172,True,True,0x0B,"OK,OK,NO_IRQ,OK","FULL,FULL,NONE,FULL",
17.656528,2026-09-01T19:10:28.338+01:00,11181300,137630,3172,3172,True,True,0x0B,"OK,OK,NO_IRQ,OK","FULL,FULL,NONE,FULL",
17.661357,2026-09-01T19:10:28.344+01:00,11184472,137631,3172,3172,True,True,0x0B,"OK,OK,NO_IRQ,OK","FULL,FULL,NONE,FULL",
17.666104,2026-09-01T19:10:28.349+01:00,11187644,137632,3172,3172,True,True,0x0B,"OK,OK,NO_IRQ,OK","FULL,FULL,NONE,FULL",
17.672186,2026-09-01T19:10:28.353+01:00,11190816,137633,3172,3172,True,True,0x0B,"OK,OK,NO_IRQ,OK","FULL,FULL,NONE,FULL",
17.675692,2026-09-01T19:10:28.359+01:00,11193988,137634,3172,3172,True,True,0x0B,"OK,OK,NO_IRQ,OK","FULL,FULL,NONE,FULL",
17.681085,2026-09-01T19:10:28.363+01:00,11197160,137635,3172,3172,True,True,0x0B,"OK,OK,NO_IRQ,OK","FULL,FULL,NONE,FULL",
17.697334,2026-09-01T19:10:28.368+01:00,11200332,137636,3172,3172,True,True,0x0B,"OK,OK,NO_IRQ,OK","FULL,FULL,NONE,FULL",
17.697858,2026-09-01T19:10:28.385+01:00,11203504,137637,3172,3172,True,True,0x0B,"OK,OK,NO_IRQ,OK","FULL,FULL,NONE,FULL",
17.698398,2026-09-01T19:10:28.385+01:00,11206676,137638,3172,3172,True,True,0x0B,"OK,OK,NO_IRQ,OK","FULL,FULL,NONE,FULL",
17.711644,2026-09-01T19:10:28.386+01:00,11209848,137639,3172,3172,True,True,0x0B,"OK,OK,NO_IRQ,OK","FULL,FULL,NONE,FULL",
17.712289,2026-09-01T19:10:28.399+01:00,11213020,137640,3172,3172,True,True,0x0B,"OK,OK,NO_IRQ,OK","FULL,FULL,NONE,FULL",
17.712824,2026-09-01T19:10:28.400+01:00,11216192,137641,3172,3172,True,True,0x0B,"OK,OK,NO_IRQ,OK","FULL,FULL,NONE,FULL",
17.730878,2026-09-01T19:10:28.400+01:00,11219364,137642,3172,3172,True,True,0x0B,"OK,OK,NO_IRQ,OK","FULL,FULL,NONE,FULL",
17.731664,2026-09-01T19:10:28.418+01:00,11222536,137643,3172,3172,True,True,0x0B,"OK,OK,NO_IRQ,OK","FULL,FULL,NONE,FULL",
17.732183,2026-09-01T19:10:28.419+01:00,11225708,137644,3172,3172,True,True,0x0B,"OK,OK,NO_IRQ,OK","FULL,FULL,NONE,FULL",
17.732669,2026-09-01T19:10:28.419+01:00,11228880,137645,3172,3172,True,True,0x0B,"OK,OK,NO_IRQ,OK","FULL,FULL,NONE,FULL",
17.737944,2026-09-01T19:10:28.420+01:00,11232052,137646,3172,3172,True,True,0x0B,"OK,OK,NO_IRQ,OK","FULL,FULL,NONE,FULL",
17.741324,2026-09-01T19:10:28.425+01:00,11235224,137647,3172,3172,True,True,0x0B,"OK,OK,NO_IRQ,OK","FULL,FULL,NONE,FULL",
17.746931,2026-09-01T19:10:28.429+01:00,11238396,137648,3172,3172,True,True,0x0B,"OK,OK,NO_IRQ,OK","FULL,FULL,NONE,FULL",
17.751974,2026-09-01T19:10:28.435+01:00,11241568,137649,3172,3172,True,True,0x0B,"OK,OK,NO_IRQ,OK","FULL,FULL,NONE,FULL",
17.756902,2026-09-01T19:10:28.439+01:00,11244740,137650,3172,3172,True,True,0x0B,"OK,OK,NO_IRQ,OK","FULL,FULL,NONE,FULL",
17.763878,2026-09-01T19:10:28.444+01:00,11247912,137651,3172,3172,True,True,0x0B,"OK,OK,NO_IRQ,OK","FULL,FULL,NONE,FULL",
17.766671,2026-09-01T19:10:28.451+01:00,11251084,137652,3172,3172,True,True,0x0B,"OK,OK,NO_IRQ,OK","FULL,FULL,NONE,FULL",
17.786510,2026-09-01T19:10:28.454+01:00,11254256,137653,3172,3172,True,True,0x0B,"OK,OK,NO_IRQ,OK","FULL,FULL,NONE,FULL",
17.787935,2026-09-01T19:10:28.474+01:00,11257428,137654,3172,3172,True,True,0x0B,"OK,OK,NO_IRQ,OK","FULL,FULL,NONE,FULL",
17.790891,2026-09-01T19:10:28.475+01:00,11260600,137655,3172,3172,True,True,0x0B,"OK,OK,NO_IRQ,OK","FULL,FULL,NONE,FULL",
17.793309,2026-09-01T19:10:28.478+01:00,11263772,137656,3172,3172,True,True,0x0B,"OK,OK,NO_IRQ,OK","FULL,FULL,NONE,FULL",
17.794219,2026-09-01T19:10:28.481+01:00,11266944,137657,3172,3172,True,True,0x0B,"OK,OK,NO_IRQ,OK","FULL,FULL,NONE,FULL",
17.797146,2026-09-01T19:10:28.482+01:00,11270116,137658,3172,3172,True,True,0x0B,"OK,OK,NO_IRQ,OK","FULL,FULL,NONE,FULL",
17.801882,2026-09-01T19:10:28.486+01:00,11273288,137659,3172,3172,True,True,0x0B,"OK,OK,NO_IRQ,OK","FULL,FULL,NONE,FULL",
17.809300,2026-09-01T19:10:28.489+01:00,11276460,137660,3172,3172,True,True,0x0B,"OK,OK,NO_IRQ,OK","FULL,FULL,NONE,FULL",
17.811664,2026-09-01T19:10:28.498+01:00,11279632,137661,3172,3172,True,True,0x0B,"OK,OK,NO_IRQ,OK","FULL,FULL,NONE,FULL",
17.816847,2026-09-01T19:10:28.499+01:00,11282804,137662,3172,3172,True,True,0x0B,"OK,OK,NO_IRQ,OK","FULL,FULL,NONE,FULL",
17.830084,2026-09-01T19:10:28.505+01:00,11285976,137663,3172,3172,True,True,0x0B,"OK,OK,NO_IRQ,OK","FULL,FULL,NONE,FULL",
17.830660,2026-09-01T19:10:28.517+01:00,11289148,137664,3172,3172,True,True,0x0B,"OK,OK,NO_IRQ,OK","FULL,FULL,NONE,FULL",
17.831133,2026-09-01T19:10:28.518+01:00,11292320,137665,3172,3172,True,True,0x0B,"OK,OK,NO_IRQ,OK","FULL,FULL,NONE,FULL",
17.846307,2026-09-01T19:10:28.518+01:00,11295492,137666,3172,3172,True,True,0x0B,"OK,OK,NO_IRQ,OK","FULL,FULL,NONE,FULL",
17.847992,2026-09-01T19:10:28.534+01:00,11298664,137667,3172,3172,True,True,0x0B,"OK,OK,NO_IRQ,OK","FULL,FULL,NONE,FULL",
17.851595,2026-09-01T19:10:28.535+01:00,11301836,137668,3172,3172,True,True,0x0B,"OK,OK,NO_IRQ,OK","FULL,FULL,NONE,FULL",
17.852162,2026-09-01T19:10:28.539+01:00,11305008,137669,3172,3172,True,True,0x0B,"OK,OK,NO_IRQ,OK","FULL,FULL,NONE,FULL",
17.861944,2026-09-01T19:10:28.539+01:00,11308180,137670,3172,3172,True,True,0x0B,"OK,OK,NO_IRQ,OK","FULL,FULL,NONE,FULL",
17.866633,2026-09-01T19:10:28.549+01:00,11311352,137671,3172,3172,True,True,0x0B,"OK,OK,NO_IRQ,OK","FULL,FULL,NONE,FULL",
17.867494,2026-09-01T19:10:28.554+01:00,11314524,137672,3172,3172,True,True,0x0B,"OK,OK,NO_IRQ,OK","FULL,FULL,NONE,FULL",
17.871306,2026-09-01T19:10:28.555+01:00,11317696,137673,3172,3172,True,True,0x0B,"OK,OK,NO_IRQ,OK","FULL,FULL,NONE,FULL",
17.877046,2026-09-01T19:10:28.559+01:00,11320868,137674,3172,3172,True,True,0x0B,"OK,OK,NO_IRQ,OK","FULL,FULL,NONE,FULL",
17.881353,2026-09-01T19:10:28.564+01:00,11324040,137675,3172,3172,True,True,0x0B,"OK,OK,NO_IRQ,OK","FULL,FULL,NONE,FULL",
17.886217,2026-09-01T19:10:28.569+01:00,11327212,137676,3172,3172,True,True,0x0B,"OK,OK,NO_IRQ,OK","FULL,FULL,NONE,FULL",
17.891415,2026-09-01T19:10:28.573+01:00,11330384,137677,3172,3172,True,True,0x0B,"OK,OK,NO_IRQ,OK","FULL,FULL,NONE,FULL",
17.896313,2026-09-01T19:10:28.579+01:00,11333556,137678,3172,3172,True,True,0x0B,"OK,OK,NO_IRQ,OK","FULL,FULL,NONE,FULL",
17.902707,2026-09-01T19:10:28.584+01:00,11336728,137679,3172,3172,True,True,0x0B,"OK,OK,NO_IRQ,OK","FULL,FULL,NONE,FULL",
17.925025,2026-09-01T19:10:28.590+01:00,11339900,137680,3172,3172,True,True,0x0B,"OK,OK,NO_IRQ,OK","FULL,FULL,NONE,FULL",
17.925322,2026-09-01T19:10:28.612+01:00,11343072,137681,3172,3172,True,True,0x0B,"OK,OK,NO_IRQ,OK","FULL,FULL,NONE,FULL",
17.925646,2026-09-01T19:10:28.613+01:00,11346244,137682,3172,3172,True,True,0x0B,"OK,OK,NO_IRQ,OK","FULL,FULL,NONE,FULL",
17.925861,2026-09-01T19:10:28.613+01:00,11349416,137683,3172,3172,True,True,0x0B,"OK,OK,NO_IRQ,OK","FULL,FULL,NONE,FULL",
17.926094,2026-09-01T19:10:28.613+01:00,11352588,137684,3172,3172,True,True,0x0B,"OK,OK,NO_IRQ,OK","FULL,FULL,NONE,FULL",
17.931901,2026-09-01T19:10:28.613+01:00,11355760,137685,3172,3172,True,True,0x0B,"OK,OK,NO_IRQ,OK","FULL,FULL,NONE,FULL",
17.949244,2026-09-01T19:10:28.624+01:00,11358932,137686,3172,3172,True,True,0x0B,"OK,OK,NO_IRQ,OK","FULL,FULL,NONE,FULL",
17.949859,2026-09-01T19:10:28.637+01:00,11362104,137687,3172,3172,True,True,0x0B,"OK,OK,NO_IRQ,OK","FULL,FULL,NONE,FULL",
17.950362,2026-09-01T19:10:28.637+01:00,11365276,137688,3172,3172,True,True,0x0B,"OK,OK,NO_IRQ,OK","FULL,FULL,NONE,FULL",
17.951434,2026-09-01T19:10:28.638+01:00,11368448,137689,3172,3172,True,True,0x0B,"OK,OK,NO_IRQ,OK","FULL,FULL,NONE,FULL",
17.958093,2026-09-01T19:10:28.641+01:00,11371620,137690,3172,3172,True,True,0x0B,"OK,OK,NO_IRQ,OK","FULL,FULL,NONE,FULL",
17.968822,2026-09-01T19:10:28.645+01:00,11374792,137691,3172,3172,True,True,0x0B,"OK,OK,NO_IRQ,OK","FULL,FULL,NONE,FULL",
17.971178,2026-09-01T19:10:28.657+01:00,11377964,137692,3172,3172,True,True,0x0B,"OK,OK,NO_IRQ,OK","FULL,FULL,NONE,FULL",
17.976566,2026-09-01T19:10:28.658+01:00,11381136,137693,3172,3172,True,True,0x0B,"OK,OK,NO_IRQ,OK","FULL,FULL,NONE,FULL",
17.977858,2026-09-01T19:10:28.664+01:00,11384308,137694,3172,3172,True,True,0x0B,"OK,OK,NO_IRQ,OK","FULL,FULL,NONE,FULL",
17.983298,2026-09-01T19:10:28.665+01:00,11387480,137695,3172,3172,True,True,0x0B,"OK,OK,NO_IRQ,OK","FULL,FULL,NONE,FULL",
17.987099,2026-09-01T19:10:28.671+01:00,11390652,137696,3172,3172,True,True,0x0B,"OK,OK,NO_IRQ,OK","FULL,FULL,NONE,FULL",
17.991652,2026-09-01T19:10:28.674+01:00,11393824,137697,3172,3172,True,True,0x0B,"OK,OK,NO_IRQ,OK","FULL,FULL,NONE,FULL",
17.996728,2026-09-01T19:10:28.679+01:00,11396996,137698,3172,3172,True,True,0x0B,"OK,OK,NO_IRQ,OK","FULL,FULL,NONE,FULL",
18.001774,2026-09-01T19:10:28.684+01:00,11400168,137699,3172,3172,True,True,0x0B,"OK,OK,NO_IRQ,OK","FULL,FULL,NONE,FULL",
18.009231,2026-09-01T19:10:28.689+01:00,11403340,137700,3172,3172,True,True,0x0B,"OK,OK,NO_IRQ,OK","FULL,FULL,NONE,FULL",
18.013001,2026-09-01T19:10:28.697+01:00,11406512,137701,3172,3172,True,True,0x0B,"OK,OK,NO_IRQ,OK","FULL,FULL,NONE,FULL",
18.026980,2026-09-01T19:10:28.700+01:00,11409684,137702,3172,3172,True,True,0x0B,"OK,OK,NO_IRQ,OK","FULL,FULL,NONE,FULL",
18.027622,2026-09-01T19:10:28.714+01:00,11412856,137703,3172,3172,True,True,0x0B,"OK,OK,NO_IRQ,OK","FULL,FULL,NONE,FULL",
18.028125,2026-09-01T19:10:28.715+01:00,11416028,137704,3172,3172,True,True,0x0B,"OK,OK,NO_IRQ,OK","FULL,FULL,NONE,FULL",
18.032540,2026-09-01T19:10:28.715+01:00,11419200,137705,3172,3172,True,True,0x0B,"OK,OK,NO_IRQ,OK","FULL,FULL,NONE,FULL",
18.037780,2026-09-01T19:10:28.720+01:00,11422372,137706,3172,3172,True,True,0x0B,"OK,OK,NO_IRQ,OK","FULL,FULL,NONE,FULL",
18.075663,2026-09-01T19:10:28.757+01:00,11425544,137707,3172,3172,True,True,0x0B,"OK,OK,NO_IRQ,OK","FULL,FULL,NONE,FULL",
18.076265,2026-09-01T19:10:28.763+01:00,11428716,137708,3172,3172,True,True,0x0B,"OK,OK,NO_IRQ,OK","FULL,FULL,NONE,FULL",
18.076764,2026-09-01T19:10:28.764+01:00,11431888,137709,3172,3172,True,True,0x0B,"OK,OK,NO_IRQ,OK","FULL,FULL,NONE,FULL",
18.077248,2026-09-01T19:10:28.764+01:00,11435060,137710,3172,3172,True,True,0x0B,"OK,OK,NO_IRQ,OK","FULL,FULL,NONE,FULL",
18.093738,2026-09-01T19:10:28.765+01:00,11438232,137711,3172,3172,True,True,0x0B,"OK,OK,NO_IRQ,OK","FULL,FULL,NONE,FULL",
18.095828,2026-09-01T19:10:28.781+01:00,11441404,137712,3172,3172,True,True,0x0B,"OK,OK,NO_IRQ,OK","FULL,FULL,NONE,FULL",
18.098087,2026-09-01T19:10:28.784+01:00,11444576,137713,3172,3172,True,True,0x0B,"OK,OK,NO_IRQ,OK","FULL,FULL,NONE,FULL",
18.098536,2026-09-01T19:10:28.785+01:00,11447748,137714,3172,3172,True,True,0x0B,"OK,OK,NO_IRQ,OK","FULL,FULL,NONE,FULL",
18.099019,2026-09-01T19:10:28.786+01:00,11450920,137715,3172,3172,True,True,0x0B,"OK,OK,NO_IRQ,OK","FULL,FULL,NONE,FULL",
18.099419,2026-09-01T19:10:28.786+01:00,11454092,137716,3172,3172,True,True,0x0B,"OK,OK,NO_IRQ,OK","FULL,FULL,NONE,FULL",
18.100791,2026-09-01T19:10:28.787+01:00,11457264,137717,3172,3172,True,True,0x0B,"OK,OK,NO_IRQ,OK","FULL,FULL,NONE,FULL",
18.102044,2026-09-01T19:10:28.788+01:00,11460436,137718,3172,3172,True,True,0x0B,"OK,OK,NO_IRQ,OK","FULL,FULL,NONE,FULL",
18.103934,2026-09-01T19:10:28.790+01:00,11463608,137719,3172,3172,True,True,0x0B,"OK,OK,NO_IRQ,OK","FULL,FULL,NONE,FULL",
18.109056,2026-09-01T19:10:28.791+01:00,11466780,137720,3172,3172,True,True,0x0B,"OK,OK,NO_IRQ,OK","FULL,FULL,NONE,FULL",
18.112820,2026-09-01T19:10:28.797+01:00,11469952,137721,3172,3172,True,True,0x0B,"OK,OK,NO_IRQ,OK","FULL,FULL,NONE,FULL",
18.117222,2026-09-01T19:10:28.801+01:00,11473124,137722,3172,3172,True,True,0x0B,"OK,OK,NO_IRQ,OK","FULL,FULL,NONE,FULL",
18.124082,2026-09-01T19:10:28.804+01:00,11476296,137723,3172,3172,True,True,0x0B,"OK,OK,NO_IRQ,OK","FULL,FULL,NONE,FULL",
18.127491,2026-09-01T19:10:28.811+01:00,11479468,137724,3172,3172,True,True,0x0B,"OK,OK,NO_IRQ,OK","FULL,FULL,NONE,FULL",
18.133514,2026-09-01T19:10:28.815+01:00,11482640,137725,3172,3172,True,True,0x0B,"OK,OK,NO_IRQ,OK","FULL,FULL,NONE,FULL",
18.136700,2026-09-01T19:10:28.822+01:00,11485812,137726,3172,3172,True,True,0x0B,"OK,OK,NO_IRQ,OK","FULL,FULL,NONE,FULL",
18.151848,2026-09-01T19:10:28.833+01:00,11488984,137727,3172,3172,True,True,0x0B,"OK,OK,NO_IRQ,OK","FULL,FULL,NONE,FULL",
18.152963,2026-09-01T19:10:28.839+01:00,11492156,137728,3172,3172,True,True,0x0B,"OK,OK,NO_IRQ,OK","FULL,FULL,NONE,FULL",
18.153171,2026-09-01T19:10:28.840+01:00,11495328,137729,3172,3172,True,True,0x0B,"OK,OK,NO_IRQ,OK","FULL,FULL,NONE,FULL",
18.158882,2026-09-01T19:10:28.840+01:00,11498500,137730,3172,3172,True,True,0x0B,"OK,OK,NO_IRQ,OK","FULL,FULL,NONE,FULL",
18.162405,2026-09-01T19:10:28.846+01:00,11501672,137731,3172,3172,True,True,0x0B,"OK,OK,NO_IRQ,OK","FULL,FULL,NONE,FULL",
18.169545,2026-09-01T19:10:28.850+01:00,11504844,137732,3172,3172,True,True,0x0B,"OK,OK,NO_IRQ,OK","FULL,FULL,NONE,FULL",
18.173470,2026-09-01T19:10:28.857+01:00,11508016,137733,3172,3172,True,True,0x0B,"OK,OK,NO_IRQ,OK","FULL,FULL,NONE,FULL",
18.177928,2026-09-01T19:10:28.861+01:00,11511188,137734,3172,3172,True,True,0x0B,"OK,OK,NO_IRQ,OK","FULL,FULL,NONE,FULL",
18.181934,2026-09-01T19:10:28.865+01:00,11514360,137735,3172,3172,True,True,0x0B,"OK,OK,NO_IRQ,OK","FULL,FULL,NONE,FULL",
18.187261,2026-09-01T19:10:28.870+01:00,11517532,137736,3172,3172,True,True,0x0B,"OK,OK,NO_IRQ,OK","FULL,FULL,NONE,FULL",
18.198421,2026-09-01T19:10:28.875+01:00,11520704,137737,3172,3172,True,True,0x0B,"OK,OK,NO_IRQ,OK","FULL,FULL,NONE,FULL",
18.199020,2026-09-01T19:10:28.886+01:00,11523876,137738,3172,3172,True,True,0x0B,"OK,OK,NO_IRQ,OK","FULL,FULL,NONE,FULL",
18.202128,2026-09-01T19:10:28.886+01:00,11527048,137739,3172,3172,True,True,0x0B,"OK,OK,NO_IRQ,OK","FULL,FULL,NONE,FULL",
18.212165,2026-09-01T19:10:28.898+01:00,11530220,137740,3172,3172,True,True,0x0B,"OK,OK,NO_IRQ,OK","FULL,FULL,NONE,FULL",
18.212722,2026-09-01T19:10:28.899+01:00,11533392,137741,3172,3172,True,True,0x0B,"OK,OK,NO_IRQ,OK","FULL,FULL,NONE,FULL",
18.217209,2026-09-01T19:10:28.900+01:00,11536564,137742,3172,3172,True,True,0x0B,"OK,OK,NO_IRQ,OK","FULL,FULL,NONE,FULL",
18.225558,2026-09-01T19:10:28.905+01:00,11539736,137743,3172,3172,True,True,0x0B,"OK,OK,NO_IRQ,OK","FULL,FULL,NONE,FULL",
18.227831,2026-09-01T19:10:28.914+01:00,11542908,137744,3172,3172,True,True,0x0B,"OK,OK,NO_IRQ,OK","FULL,FULL,NONE,FULL",
18.233274,2026-09-01T19:10:28.915+01:00,11546080,137745,3172,3172,True,True,0x0B,"OK,OK,NO_IRQ,OK","FULL,FULL,NONE,FULL",
18.236846,2026-09-01T19:10:28.921+01:00,11549252,137746,3172,3172,True,True,0x0B,"OK,OK,NO_IRQ,OK","FULL,FULL,NONE,FULL",
18.242658,2026-09-01T19:10:28.924+01:00,11552424,137747,3172,3172,True,True,0x0B,"OK,OK,NO_IRQ,OK","FULL,FULL,NONE,FULL",
18.260075,2026-09-01T19:10:28.930+01:00,11555596,137748,3172,3172,True,True,0x0B,"OK,OK,NO_IRQ,OK","FULL,FULL,NONE,FULL",
18.262225,2026-09-01T19:10:28.947+01:00,11558768,137749,3172,3172,True,True,0x0B,"OK,OK,NO_IRQ,OK","FULL,FULL,NONE,FULL",
18.263711,2026-09-01T19:10:28.950+01:00,11561940,137750,3172,3172,True,True,0x0B,"OK,OK,NO_IRQ,OK","FULL,FULL,NONE,FULL",
18.265130,2026-09-01T19:10:28.951+01:00,11565112,137751,3172,3172,True,True,0x0B,"OK,OK,NO_IRQ,OK","FULL,FULL,NONE,FULL",
18.267686,2026-09-01T19:10:28.952+01:00,11568284,137752,3172,3172,True,True,0x0B,"OK,OK,NO_IRQ,OK","FULL,FULL,NONE,FULL",
18.275720,2026-09-01T19:10:28.955+01:00,11571456,137753,3172,3172,True,True,0x0B,"OK,OK,NO_IRQ,OK","FULL,FULL,NONE,FULL",
18.278066,2026-09-01T19:10:28.964+01:00,11574628,137754,3172,3172,True,True,0x0B,"OK,OK,NO_IRQ,OK","FULL,FULL,NONE,FULL",
18.282456,2026-09-01T19:10:28.966+01:00,11577800,137755,3172,3172,True,True,0x0B,"OK,OK,NO_IRQ,OK","FULL,FULL,NONE,FULL",
18.287059,2026-09-01T19:10:28.970+01:00,11580972,137756,3172,3172,True,True,0x0B,"OK,OK,NO_IRQ,OK","FULL,FULL,NONE,FULL",
18.292236,2026-09-01T19:10:28.974+01:00,11584144,137757,3172,3172,True,True,0x0B,"OK,OK,NO_IRQ,OK","FULL,FULL,NONE,FULL",
18.313411,2026-09-01T19:10:28.980+01:00,11587316,137758,3172,3172,True,True,0x0B,"OK,OK,NO_IRQ,OK","FULL,FULL,NONE,FULL",
18.315712,2026-09-01T19:10:29.001+01:00,11590488,137759,3172,3172,True,True,0x0B,"OK,OK,NO_IRQ,OK","FULL,FULL,NONE,FULL",
18.317291,2026-09-01T19:10:29.003+01:00,11593660,137760,3172,3172,True,True,0x0B,"OK,OK,NO_IRQ,OK","FULL,FULL,NONE,FULL",
18.318638,2026-09-01T19:10:29.005+01:00,11596832,137761,3172,3172,True,True,0x0B,"OK,OK,NO_IRQ,OK","FULL,FULL,NONE,FULL",
18.320160,2026-09-01T19:10:29.007+01:00,11600004,137762,3172,3172,True,True,0x0B,"OK,OK,NO_IRQ,OK","FULL,FULL,NONE,FULL",
18.327157,2026-09-01T19:10:29.008+01:00,11603176,137763,3172,3172,True,True,0x0B,"OK,OK,NO_IRQ,OK","FULL,FULL,NONE,FULL",
18.329040,2026-09-01T19:10:29.015+01:00,11606348,137764,3172,3172,True,True,0x0B,"OK,OK,NO_IRQ,OK","FULL,FULL,NONE,FULL",
18.333018,2026-09-01T19:10:29.017+01:00,11609520,137765,3172,3172,True,True,0x0B,"OK,OK,NO_IRQ,OK","FULL,FULL,NONE,FULL",
18.337339,2026-09-01T19:10:29.020+01:00,11612692,137766,3172,3172,True,True,0x0B,"OK,OK,NO_IRQ,OK","FULL,FULL,NONE,FULL",
18.342668,2026-09-01T19:10:29.025+01:00,11615864,137767,3172,3172,True,True,0x0B,"OK,OK,NO_IRQ,OK","FULL,FULL,NONE,FULL",
18.347241,2026-09-01T19:10:29.030+01:00,11619036,137768,3172,3172,True,True,0x0B,"OK,OK,NO_IRQ,OK","FULL,FULL,NONE,FULL",
18.352226,2026-09-01T19:10:29.035+01:00,11622208,137769,3172,3172,True,True,0x0B,"OK,OK,NO_IRQ,OK","FULL,FULL,NONE,FULL",
18.365327,2026-09-01T19:10:29.040+01:00,11625380,137770,3172,3172,True,True,0x0B,"OK,OK,NO_IRQ,OK","FULL,FULL,NONE,FULL",
18.365976,2026-09-01T19:10:29.053+01:00,11628552,137771,3172,3172,True,True,0x0B,"OK,OK,NO_IRQ,OK","FULL,FULL,NONE,FULL",
18.377748,2026-09-01T19:10:29.053+01:00,11631724,137772,3172,3172,True,True,0x0B,"OK,OK,NO_IRQ,OK","FULL,FULL,NONE,FULL",
18.379392,2026-09-01T19:10:29.066+01:00,11634896,137773,3172,3172,True,True,0x0B,"OK,OK,NO_IRQ,OK","FULL,FULL,NONE,FULL",
18.381534,2026-09-01T19:10:29.067+01:00,11638068,137774,3172,3172,True,True,0x0B,"OK,OK,NO_IRQ,OK","FULL,FULL,NONE,FULL",
18.382606,2026-09-01T19:10:29.069+01:00,11641240,137775,3172,3172,True,True,0x0B,"OK,OK,NO_IRQ,OK","FULL,FULL,NONE,FULL",
18.387678,2026-09-01T19:10:29.070+01:00,11644412,137776,3172,3172,True,True,0x0B,"OK,OK,NO_IRQ,OK","FULL,FULL,NONE,FULL",
18.392687,2026-09-01T19:10:29.079+01:00,11647584,137777,3172,3172,True,True,0x0B,"OK,OK,NO_IRQ,OK","FULL,FULL,NONE,FULL",
18.398061,2026-09-01T19:10:29.081+01:00,11650756,137778,3172,3172,True,True,0x0B,"OK,OK,NO_IRQ,OK","FULL,FULL,NONE,FULL",
18.402950,2026-09-01T19:10:29.085+01:00,11653928,137779,3172,3172,True,True,0x0B,"OK,OK,NO_IRQ,OK","FULL,FULL,NONE,FULL",
18.408986,2026-09-01T19:10:29.090+01:00,11657100,137780,3172,3172,True,True,0x0B,"OK,OK,NO_IRQ,OK","FULL,FULL,NONE,FULL",
18.414876,2026-09-01T19:10:29.096+01:00,11660272,137781,3172,3172,True,True,0x0B,"OK,OK,NO_IRQ,OK","FULL,FULL,NONE,FULL",
18.419318,2026-09-01T19:10:29.102+01:00,11663444,137782,3172,3172,True,True,0x0B,"OK,OK,NO_IRQ,OK","FULL,FULL,NONE,FULL",
18.425708,2026-09-01T19:10:29.107+01:00,11666616,137783,3172,3172,True,True,0x0B,"OK,OK,NO_IRQ,OK","FULL,FULL,NONE,FULL",
18.429918,2026-09-01T19:10:29.113+01:00,11669788,137784,3172,3172,True,True,0x0B,"OK,OK,NO_IRQ,OK","FULL,FULL,NONE,FULL",
18.435930,2026-09-01T19:10:29.117+01:00,11672960,137785,3172,3172,True,True,0x0B,"OK,OK,NO_IRQ,OK","FULL,FULL,NONE,FULL",
18.443208,2026-09-01T19:10:29.123+01:00,11676132,137786,3172,3172,True,True,0x0B,"OK,OK,NO_IRQ,OK","FULL,FULL,NONE,FULL",
18.444864,2026-09-01T19:10:29.131+01:00,11679304,137787,3172,3172,True,True,0x0B,"OK,OK,NO_IRQ,OK","FULL,FULL,NONE,FULL",
18.447602,2026-09-01T19:10:29.132+01:00,11682476,137788,3172,3172,True,True,0x0B,"OK,OK,NO_IRQ,OK","FULL,FULL,NONE,FULL",
18.452541,2026-09-01T19:10:29.135+01:00,11685648,137789,3172,3172,True,True,0x0B,"OK,OK,NO_IRQ,OK","FULL,FULL,NONE,FULL",
18.459481,2026-09-01T19:10:29.140+01:00,11688820,137790,3172,3172,True,True,0x0B,"OK,OK,NO_IRQ,OK","FULL,FULL,NONE,FULL",
18.462436,2026-09-01T19:10:29.147+01:00,11691992,137791,3172,3172,True,True,0x0B,"OK,OK,NO_IRQ,OK","FULL,FULL,NONE,FULL",
18.467767,2026-09-01T19:10:29.150+01:00,11695164,137792,3172,3172,True,True,0x0B,"OK,OK,NO_IRQ,OK","FULL,FULL,NONE,FULL",
18.474212,2026-09-01T19:10:29.155+01:00,11698336,137793,3172,3172,True,True,0x0B,"OK,OK,NO_IRQ,OK","FULL,FULL,NONE,FULL",
18.489775,2026-09-01T19:10:29.161+01:00,11701508,137794,3172,3172,True,True,0x0B,"OK,OK,NO_IRQ,OK","FULL,FULL,NONE,FULL",
18.490494,2026-09-01T19:10:29.177+01:00,11704680,137795,3172,3172,True,True,0x0B,"OK,OK,NO_IRQ,OK","FULL,FULL,NONE,FULL",
18.493184,2026-09-01T19:10:29.180+01:00,11707852,137796,3172,3172,True,True,0x0B,"OK,OK,NO_IRQ,OK","FULL,FULL,NONE,FULL",
18.493728,2026-09-01T19:10:29.180+01:00,11711024,137797,3172,3172,True,True,0x0B,"OK,OK,NO_IRQ,OK","FULL,FULL,NONE,FULL",
18.506532,2026-09-01T19:10:29.181+01:00,11714196,137798,3172,3172,True,True,0x0B,"OK,OK,NO_IRQ,OK","FULL,FULL,NONE,FULL",
18.508782,2026-09-01T19:10:29.194+01:00,11717368,137799,3172,3172,True,True,0x0B,"OK,OK,NO_IRQ,OK","FULL,FULL,NONE,FULL",
18.509068,2026-09-01T19:10:29.196+01:00,11720540,137800,3172,3172,True,True,0x0B,"OK,OK,NO_IRQ,OK","FULL,FULL,NONE,FULL",
18.515765,2026-09-01T19:10:29.196+01:00,11723712,137801,3172,3172,True,True,0x0B,"OK,OK,NO_IRQ,OK","FULL,FULL,NONE,FULL",
18.528708,2026-09-01T19:10:29.203+01:00,11726884,137802,3172,3172,True,True,0x0B,"OK,OK,NO_IRQ,OK","FULL,FULL,NONE,FULL",
18.532677,2026-09-01T19:10:29.218+01:00,11730056,137803,3172,3172,True,True,0x0B,"OK,OK,NO_IRQ,OK","FULL,FULL,NONE,FULL",
18.534491,2026-09-01T19:10:29.220+01:00,11733228,137804,3172,3172,True,True,0x0B,"OK,OK,NO_IRQ,OK","FULL,FULL,NONE,FULL",
18.536384,2026-09-01T19:10:29.222+01:00,11736400,137805,3172,3172,True,True,0x0B,"OK,OK,NO_IRQ,OK","FULL,FULL,NONE,FULL",
18.537953,2026-09-01T19:10:29.224+01:00,11739572,137806,3172,3172,True,True,0x0B,"OK,OK,NO_IRQ,OK","FULL,FULL,NONE,FULL",
18.542631,2026-09-01T19:10:29.228+01:00,11742744,137807,3172,3172,True,True,0x0B,"OK,OK,NO_IRQ,OK","FULL,FULL,NONE,FULL",
18.548127,2026-09-01T19:10:29.230+01:00,11745916,137808,3172,3172,True,True,0x0B,"OK,OK,NO_IRQ,OK","FULL,FULL,NONE,FULL",
18.553636,2026-09-01T19:10:29.235+01:00,11749088,137809,3172,3172,True,True,0x0B,"OK,OK,NO_IRQ,OK","FULL,FULL,NONE,FULL",
18.559902,2026-09-01T19:10:29.241+01:00,11752260,137810,3172,3172,True,True,0x0B,"OK,OK,NO_IRQ,OK","FULL,FULL,NONE,FULL",
18.563597,2026-09-01T19:10:29.247+01:00,11755432,137811,3172,3172,True,True,0x0B,"OK,OK,NO_IRQ,OK","FULL,FULL,NONE,FULL",
18.570180,2026-09-01T19:10:29.251+01:00,11758604,137812,3172,3172,True,True,0x0B,"OK,OK,NO_IRQ,OK","FULL,FULL,NONE,FULL",
18.586133,2026-09-01T19:10:29.264+01:00,11761776,137813,3172,3172,True,True,0x0B,"OK,OK,NO_IRQ,OK","FULL,FULL,NONE,FULL",
18.590794,2026-09-01T19:10:29.274+01:00,11764948,137814,3172,3172,True,True,0x0B,"OK,OK,NO_IRQ,OK","FULL,FULL,NONE,FULL",
18.591399,2026-09-01T19:10:29.278+01:00,11768120,137815,3172,3172,True,True,0x0B,"OK,OK,NO_IRQ,OK","FULL,FULL,NONE,FULL",
18.593124,2026-09-01T19:10:29.279+01:00,11771292,137816,3172,3172,True,True,0x0B,"OK,OK,NO_IRQ,OK","FULL,FULL,NONE,FULL",
18.595070,2026-09-01T19:10:29.281+01:00,11774464,137817,3172,3172,True,True,0x0B,"OK,OK,NO_IRQ,OK","FULL,FULL,NONE,FULL",
18.598713,2026-09-01T19:10:29.283+01:00,11777636,137818,3172,3172,True,True,0x0B,"OK,OK,NO_IRQ,OK","FULL,FULL,NONE,FULL",
18.603346,2026-09-01T19:10:29.286+01:00,11780808,137819,3172,3172,True,True,0x0B,"OK,OK,NO_IRQ,OK","FULL,FULL,NONE,FULL",
18.609437,2026-09-01T19:10:29.291+01:00,11783980,137820,3172,3172,True,True,0x0B,"OK,OK,NO_IRQ,OK","FULL,FULL,NONE,FULL",
18.613339,2026-09-01T19:10:29.297+01:00,11787152,137821,3172,3172,True,True,0x0B,"OK,OK,NO_IRQ,OK","FULL,FULL,NONE,FULL",
18.618451,2026-09-01T19:10:29.301+01:00,11790324,137822,3172,3172,True,True,0x0B,"OK,OK,NO_IRQ,OK","FULL,FULL,NONE,FULL",
18.624821,2026-09-01T19:10:29.306+01:00,11793496,137823,3172,3172,True,True,0x0B,"OK,OK,NO_IRQ,OK","FULL,FULL,NONE,FULL",
18.642602,2026-09-01T19:10:29.313+01:00,11796668,137824,3172,3172,True,True,0x0B,"OK,OK,NO_IRQ,OK","FULL,FULL,NONE,FULL",
18.645214,2026-09-01T19:10:29.330+01:00,11799840,137825,3172,3172,True,True,0x0B,"OK,OK,NO_IRQ,OK","FULL,FULL,NONE,FULL",
18.646693,2026-09-01T19:10:29.333+01:00,11803012,137826,3172,3172,True,True,0x0B,"OK,OK,NO_IRQ,OK","FULL,FULL,NONE,FULL",
18.648229,2026-09-01T19:10:29.334+01:00,11806184,137827,3172,3172,True,True,0x0B,"OK,OK,NO_IRQ,OK","FULL,FULL,NONE,FULL",
18.649945,2026-09-01T19:10:29.336+01:00,11809356,137828,3172,3172,True,True,0x0B,"OK,OK,NO_IRQ,OK","FULL,FULL,NONE,FULL",
18.653930,2026-09-01T19:10:29.337+01:00,11812528,137829,3172,3172,True,True,0x0B,"OK,OK,NO_IRQ,OK","FULL,FULL,NONE,FULL",
18.659426,2026-09-01T19:10:29.342+01:00,11815700,137830,3172,3172,True,True,0x0B,"OK,OK,NO_IRQ,OK","FULL,FULL,NONE,FULL",
18.663725,2026-09-01T19:10:29.347+01:00,11818872,137831,3172,3172,True,True,0x0B,"OK,OK,NO_IRQ,OK","FULL,FULL,NONE,FULL",
18.668287,2026-09-01T19:10:29.352+01:00,11822044,137832,3172,3172,True,True,0x0B,"OK,OK,NO_IRQ,OK","FULL,FULL,NONE,FULL",
18.696105,2026-09-01T19:10:29.356+01:00,11825216,137833,3172,3172,True,True,0x0B,"OK,OK,NO_IRQ,OK","FULL,FULL,NONE,FULL",
18.700087,2026-09-01T19:10:29.384+01:00,11828388,137834,3172,3172,True,True,0x0B,"OK,OK,NO_IRQ,OK","FULL,FULL,NONE,FULL",
18.701897,2026-09-01T19:10:29.388+01:00,11831560,137835,3172,3172,True,True,0x0B,"OK,OK,NO_IRQ,OK","FULL,FULL,NONE,FULL",
18.703314,2026-09-01T19:10:29.389+01:00,11834732,137836,3172,3172,True,True,0x0B,"OK,OK,NO_IRQ,OK","FULL,FULL,NONE,FULL",
18.709046,2026-09-01T19:10:29.391+01:00,11837904,137837,3172,3172,True,True,0x0B,"OK,OK,NO_IRQ,OK","FULL,FULL,NONE,FULL",
18.712272,2026-09-01T19:10:29.397+01:00,11841076,137838,3172,3172,True,True,0x0B,"OK,OK,NO_IRQ,OK","FULL,FULL,NONE,FULL",
18.714163,2026-09-01T19:10:29.400+01:00,11844248,137839,3172,3172,True,True,0x0B,"OK,OK,NO_IRQ,OK","FULL,FULL,NONE,FULL",
18.716210,2026-09-01T19:10:29.401+01:00,11847420,137840,3172,3172,True,True,0x0B,"OK,OK,NO_IRQ,OK","FULL,FULL,NONE,FULL",
18.717583,2026-09-01T19:10:29.403+01:00,11850592,137841,3172,3172,True,True,0x0B,"OK,OK,NO_IRQ,OK","FULL,FULL,NONE,FULL",
18.719382,2026-09-01T19:10:29.405+01:00,11853764,137842,3172,3172,True,True,0x0B,"OK,OK,NO_IRQ,OK","FULL,FULL,NONE,FULL",
18.725154,2026-09-01T19:10:29.407+01:00,11856936,137843,3172,3172,True,True,0x0B,"OK,OK,NO_IRQ,OK","FULL,FULL,NONE,FULL",
18.728294,2026-09-01T19:10:29.413+01:00,11860108,137844,3172,3172,True,True,0x0B,"OK,OK,NO_IRQ,OK","FULL,FULL,NONE,FULL",
18.733450,2026-09-01T19:10:29.416+01:00,11863280,137845,3172,3172,True,True,0x0B,"OK,OK,NO_IRQ,OK","FULL,FULL,NONE,FULL",
18.751513,2026-09-01T19:10:29.421+01:00,11866452,137846,3172,3172,True,True,0x0B,"OK,OK,NO_IRQ,OK","FULL,FULL,NONE,FULL",
18.752954,2026-09-01T19:10:29.439+01:00,11869624,137847,3172,3172,True,True,0x0B,"OK,OK,NO_IRQ,OK","FULL,FULL,NONE,FULL",
18.754326,2026-09-01T19:10:29.440+01:00,11872796,137848,3172,3172,True,True,0x0B,"OK,OK,NO_IRQ,OK","FULL,FULL,NONE,FULL",
18.759996,2026-09-01T19:10:29.442+01:00,11875968,137849,3172,3172,True,True,0x0B,"OK,OK,NO_IRQ,OK","FULL,FULL,NONE,FULL",
18.761658,2026-09-01T19:10:29.447+01:00,11879140,137850,3172,3172,True,True,0x0B,"OK,OK,NO_IRQ,OK","FULL,FULL,NONE,FULL",
18.763639,2026-09-01T19:10:29.449+01:00,11882312,137851,3172,3172,True,True,0x0B,"OK,OK,NO_IRQ,OK","FULL,FULL,NONE,FULL",
18.768679,2026-09-01T19:10:29.451+01:00,11885484,137852,3172,3172,True,True,0x0B,"OK,OK,NO_IRQ,OK","FULL,FULL,NONE,FULL",
18.778608,2026-09-01T19:10:29.456+01:00,11888656,137853,3172,3172,True,True,0x0B,"OK,OK,NO_IRQ,OK","FULL,FULL,NONE,FULL",
18.778890,2026-09-01T19:10:29.466+01:00,11891828,137854,3172,3172,True,True,0x0B,"OK,OK,NO_IRQ,OK","FULL,FULL,NONE,FULL",
18.783131,2026-09-01T19:10:29.466+01:00,11895000,137855,3172,3172,True,True,0x0B,"OK,OK,NO_IRQ,OK","FULL,FULL,NONE,FULL",
18.801389,2026-09-01T19:10:29.470+01:00,11898172,137856,3172,3172,True,True,0x0B,"OK,OK,NO_IRQ,OK","FULL,FULL,NONE,FULL",
18.802900,2026-09-01T19:10:29.489+01:00,11901344,137857,3172,3172,True,True,0x0B,"OK,OK,NO_IRQ,OK","FULL,FULL,NONE,FULL",
18.804675,2026-09-01T19:10:29.491+01:00,11904516,137858,3172,3172,True,True,0x0B,"OK,OK,NO_IRQ,OK","FULL,FULL,NONE,FULL",
18.810168,2026-09-01T19:10:29.497+01:00,11907688,137859,3172,3172,True,True,0x0B,"OK,OK,NO_IRQ,OK","FULL,FULL,NONE,FULL",
18.824498,2026-09-01T19:10:29.498+01:00,11910860,137860,3172,3172,True,True,0x0B,"OK,OK,NO_IRQ,OK","FULL,FULL,NONE,FULL",
18.829690,2026-09-01T19:10:29.512+01:00,11914032,137861,3172,3172,True,True,0x0B,"OK,OK,NO_IRQ,OK","FULL,FULL,NONE,FULL",
18.830205,2026-09-01T19:10:29.517+01:00,11917204,137862,3172,3172,True,True,0x0B,"OK,OK,NO_IRQ,OK","FULL,FULL,NONE,FULL",
18.830632,2026-09-01T19:10:29.517+01:00,11920376,137863,3172,3172,True,True,0x0B,"OK,OK,NO_IRQ,OK","FULL,FULL,NONE,FULL",
18.831054,2026-09-01T19:10:29.518+01:00,11923548,137864,3172,3172,True,True,0x0B,"OK,OK,NO_IRQ,OK","FULL,FULL,NONE,FULL",
18.833268,2026-09-01T19:10:29.518+01:00,11926720,137865,3172,3172,True,True,0x0B,"OK,OK,NO_IRQ,OK","FULL,FULL,NONE,FULL",
18.841221,2026-09-01T19:10:29.521+01:00,11929892,137866,3172,3172,True,True,0x0B,"OK,OK,NO_IRQ,OK","FULL,FULL,NONE,FULL",
18.860836,2026-09-01T19:10:29.529+01:00,11933064,137867,3172,3172,True,True,0x0B,"OK,OK,NO_IRQ,OK","FULL,FULL,NONE,FULL",
18.861456,2026-09-01T19:10:29.548+01:00,11936236,137868,3172,3172,True,True,0x0B,"OK,OK,NO_IRQ,OK","FULL,FULL,NONE,FULL",
18.864370,2026-09-01T19:10:29.549+01:00,11939408,137869,3172,3172,True,True,0x0B,"OK,OK,NO_IRQ,OK","FULL,FULL,NONE,FULL",
18.864943,2026-09-01T19:10:29.552+01:00,11942580,137870,3172,3172,True,True,0x0B,"OK,OK,NO_IRQ,OK","FULL,FULL,NONE,FULL",
18.865431,2026-09-01T19:10:29.552+01:00,11945752,137871,3172,3172,True,True,0x0B,"OK,OK,NO_IRQ,OK","FULL,FULL,NONE,FULL",
18.868916,2026-09-01T19:10:29.553+01:00,11948924,137872,3172,3172,True,True,0x0B,"OK,OK,NO_IRQ,OK","FULL,FULL,NONE,FULL",
18.877409,2026-09-01T19:10:29.556+01:00,11952096,137873,3172,3172,True,True,0x0B,"OK,OK,NO_IRQ,OK","FULL,FULL,NONE,FULL",
18.879249,2026-09-01T19:10:29.565+01:00,11955268,137874,3172,3172,True,True,0x0B,"OK,OK,NO_IRQ,OK","FULL,FULL,NONE,FULL",
18.883840,2026-09-01T19:10:29.567+01:00,11958440,137875,3172,3172,True,True,0x0B,"OK,OK,NO_IRQ,OK","FULL,FULL,NONE,FULL",
18.892989,2026-09-01T19:10:29.571+01:00,11961612,137876,3172,3172,True,True,0x0B,"OK,OK,NO_IRQ,OK","FULL,FULL,NONE,FULL",
18.895124,2026-09-01T19:10:29.580+01:00,11964784,137877,3172,3172,True,True,0x0B,"OK,OK,NO_IRQ,OK","FULL,FULL,NONE,FULL",
18.898711,2026-09-01T19:10:29.583+01:00,11967956,137878,3172,3172,True,True,0x0B,"OK,OK,NO_IRQ,OK","FULL,FULL,NONE,FULL",
18.903982,2026-09-01T19:10:29.587+01:00,11971128,137879,3172,3172,True,True,0x0B,"OK,OK,NO_IRQ,OK","FULL,FULL,NONE,FULL",
18.909600,2026-09-01T19:10:29.597+01:00,11974300,137880,3172,3172,True,True,0x0B,"OK,OK,NO_IRQ,OK","FULL,FULL,NONE,FULL",
18.917092,2026-09-01T19:10:29.597+01:00,11977472,137881,3172,3172,True,True,0x0B,"OK,OK,NO_IRQ,OK","FULL,FULL,NONE,FULL",
18.927905,2026-09-01T19:10:29.606+01:00,11980644,137882,3172,3172,True,True,0x0B,"OK,OK,NO_IRQ,OK","FULL,FULL,NONE,FULL",
18.930182,2026-09-01T19:10:29.616+01:00,11983816,137883,3172,3172,True,True,0x0B,"OK,OK,NO_IRQ,OK","FULL,FULL,NONE,FULL",
18.932279,2026-09-01T19:10:29.618+01:00,11986988,137884,3172,3172,True,True,0x0B,"OK,OK,NO_IRQ,OK","FULL,FULL,NONE,FULL",
18.933747,2026-09-01T19:10:29.620+01:00,11990160,137885,3172,3172,True,True,0x0B,"OK,OK,NO_IRQ,OK","FULL,FULL,NONE,FULL",
18.939932,2026-09-01T19:10:29.621+01:00,11993332,137886,3172,3172,True,True,0x0B,"OK,OK,NO_IRQ,OK","FULL,FULL,NONE,FULL",
18.945247,2026-09-01T19:10:29.627+01:00,11996504,137887,3172,3172,True,True,0x0B,"OK,OK,NO_IRQ,OK","FULL,FULL,NONE,FULL",
18.949048,2026-09-01T19:10:29.633+01:00,11999676,137888,3172,3172,True,True,0x0B,"OK,OK,NO_IRQ,OK","FULL,FULL,NONE,FULL",
18.954374,2026-09-01T19:10:29.636+01:00,12002848,137889,3172,3172,True,True,0x0B,"OK,OK,NO_IRQ,OK","FULL,FULL,NONE,FULL",
18.960058,2026-09-01T19:10:29.642+01:00,12006020,137890,3172,3172,True,True,0x0B,"OK,OK,NO_IRQ,OK","FULL,FULL,NONE,FULL",
18.964051,2026-09-01T19:10:29.647+01:00,12009192,137891,3172,3172,True,True,0x0B,"OK,OK,NO_IRQ,OK","FULL,FULL,NONE,FULL",
18.968279,2026-09-01T19:10:29.651+01:00,12012364,137892,3172,3172,True,True,0x0B,"OK,OK,NO_IRQ,OK","FULL,FULL,NONE,FULL",
18.973959,2026-09-01T19:10:29.656+01:00,12015536,137893,3172,3172,True,True,0x0B,"OK,OK,NO_IRQ,OK","FULL,FULL,NONE,FULL",
18.979996,2026-09-01T19:10:29.661+01:00,12018708,137894,3172,3172,True,True,0x0B,"OK,OK,NO_IRQ,OK","FULL,FULL,NONE,FULL",
18.984331,2026-09-01T19:10:29.667+01:00,12021880,137895,3172,3172,True,True,0x0B,"OK,OK,NO_IRQ,OK","FULL,FULL,NONE,FULL",
18.996316,2026-09-01T19:10:29.672+01:00,12025052,137896,3172,3172,True,True,0x0B,"OK,OK,NO_IRQ,OK","FULL,FULL,NONE,FULL",
18.997109,2026-09-01T19:10:29.684+01:00,12028224,137897,3172,3172,True,True,0x0B,"OK,OK,NO_IRQ,OK","FULL,FULL,NONE,FULL",
18.998604,2026-09-01T19:10:29.685+01:00,12031396,137898,3172,3172,True,True,0x0B,"OK,OK,NO_IRQ,OK","FULL,FULL,NONE,FULL",
19.003387,2026-09-01T19:10:29.686+01:00,12034568,137899,3172,3172,True,True,0x0B,"OK,OK,NO_IRQ,OK","FULL,FULL,NONE,FULL",
19.009884,2026-09-01T19:10:29.691+01:00,12037740,137900,3172,3172,True,True,0x0B,"OK,OK,NO_IRQ,OK","FULL,FULL,NONE,FULL",
19.013846,2026-09-01T19:10:29.697+01:00,12040912,137901,3172,3172,True,True,0x0B,"OK,OK,NO_IRQ,OK","FULL,FULL,NONE,FULL",
19.018365,2026-09-01T19:10:29.701+01:00,12044084,137902,3172,3172,True,True,0x0B,"OK,OK,NO_IRQ,OK","FULL,FULL,NONE,FULL",
19.024656,2026-09-01T19:10:29.706+01:00,12047256,137903,3172,3172,True,True,0x0B,"OK,OK,NO_IRQ,OK","FULL,FULL,NONE,FULL",
19.030938,2026-09-01T19:10:29.712+01:00,12050428,137904,3172,3172,True,True,0x0B,"OK,OK,NO_IRQ,OK","FULL,FULL,NONE,FULL",
19.036369,2026-09-01T19:10:29.723+01:00,12053600,137905,3172,3172,True,True,0x0B,"OK,OK,NO_IRQ,OK","FULL,FULL,NONE,FULL",
19.042768,2026-09-01T19:10:29.724+01:00,12056772,137906,3172,3172,True,True,0x0B,"OK,OK,NO_IRQ,OK","FULL,FULL,NONE,FULL",
19.043563,2026-09-01T19:10:29.730+01:00,12059944,137907,3172,3172,True,True,0x0B,"OK,OK,NO_IRQ,OK","FULL,FULL,NONE,FULL",
19.048701,2026-09-01T19:10:29.731+01:00,12063116,137908,3172,3172,True,True,0x0B,"OK,OK,NO_IRQ,OK","FULL,FULL,NONE,FULL",
19.061297,2026-09-01T19:10:29.736+01:00,12066288,137909,3172,3172,True,True,0x0B,"OK,OK,NO_IRQ,OK","FULL,FULL,NONE,FULL",
19.062279,2026-09-01T19:10:29.749+01:00,12069460,137910,3172,3172,True,True,0x0B,"OK,OK,NO_IRQ,OK","FULL,FULL,NONE,FULL",
19.064620,2026-09-01T19:10:29.750+01:00,12072632,137911,3172,3172,True,True,0x0B,"OK,OK,NO_IRQ,OK","FULL,FULL,NONE,FULL",
19.068668,2026-09-01T19:10:29.752+01:00,12075804,137912,3172,3172,True,True,0x0B,"OK,OK,NO_IRQ,OK","FULL,FULL,NONE,FULL",
19.074131,2026-09-01T19:10:29.756+01:00,12078976,137913,3172,3172,True,True,0x0B,"OK,OK,NO_IRQ,OK","FULL,FULL,NONE,FULL",
19.078672,2026-09-01T19:10:29.761+01:00,12082148,137914,3172,3172,True,True,0x0B,"OK,OK,NO_IRQ,OK","FULL,FULL,NONE,FULL",
19.083631,2026-09-01T19:10:29.766+01:00,12085320,137915,3172,3172,True,True,0x0B,"OK,OK,NO_IRQ,OK","FULL,FULL,NONE,FULL",
19.090497,2026-09-01T19:10:29.771+01:00,12088492,137916,3172,3172,True,True,0x0B,"OK,OK,NO_IRQ,OK","FULL,FULL,NONE,FULL",
19.094357,2026-09-01T19:10:29.778+01:00,12091664,137917,3172,3172,True,True,0x0B,"OK,OK,NO_IRQ,OK","FULL,FULL,NONE,FULL",
19.099089,2026-09-01T19:10:29.782+01:00,12094836,137918,3172,3172,True,True,0x0B,"OK,OK,NO_IRQ,OK","FULL,FULL,NONE,FULL",
19.103988,2026-09-01T19:10:29.787+01:00,12098008,137919,3172,3172,True,True,0x0B,"OK,OK,NO_IRQ,OK","FULL,FULL,NONE,FULL",
19.114612,2026-09-01T19:10:29.800+01:00,12101180,137920,3172,3172,True,True,0x0B,"OK,OK,NO_IRQ,OK","FULL,FULL,NONE,FULL",
19.116015,2026-09-01T19:10:29.802+01:00,12104352,137921,3172,3172,True,True,0x0B,"OK,OK,NO_IRQ,OK","FULL,FULL,NONE,FULL",
19.118854,2026-09-01T19:10:29.803+01:00,12107524,137922,3172,3172,True,True,0x0B,"OK,OK,NO_IRQ,OK","FULL,FULL,NONE,FULL",
19.125321,2026-09-01T19:10:29.806+01:00,12110696,137923,3172,3172,True,True,0x0B,"OK,OK,NO_IRQ,OK","FULL,FULL,NONE,FULL",
19.129191,2026-09-01T19:10:29.814+01:00,12113868,137924,3172,3172,True,True,0x0B,"OK,OK,NO_IRQ,OK","FULL,FULL,NONE,FULL",
19.133976,2026-09-01T19:10:29.816+01:00,12117040,137925,3172,3172,True,True,0x0B,"OK,OK,NO_IRQ,OK","FULL,FULL,NONE,FULL",
19.142134,2026-09-01T19:10:29.821+01:00,12120212,137926,3172,3172,True,True,0x0B,"OK,OK,NO_IRQ,OK","FULL,FULL,NONE,FULL",
19.144365,2026-09-01T19:10:29.830+01:00,12123384,137927,3172,3172,True,True,0x0B,"OK,OK,NO_IRQ,OK","FULL,FULL,NONE,FULL",
19.150107,2026-09-01T19:10:29.832+01:00,12126556,137928,3172,3172,True,True,0x0B,"OK,OK,NO_IRQ,OK","FULL,FULL,NONE,FULL",
19.159155,2026-09-01T19:10:29.837+01:00,12129728,137929,3172,3172,True,True,0x0B,"OK,OK,NO_IRQ,OK","FULL,FULL,NONE,FULL",
19.161756,2026-09-01T19:10:29.848+01:00,12132900,137930,3172,3172,True,True,0x0B,"OK,OK,NO_IRQ,OK","FULL,FULL,NONE,FULL",
19.169643,2026-09-01T19:10:29.849+01:00,12136072,137931,3172,3172,True,True,0x0B,"OK,OK,NO_IRQ,OK","FULL,FULL,NONE,FULL",
19.170115,2026-09-01T19:10:29.857+01:00,12139244,137932,3172,3172,True,True,0x0B,"OK,OK,NO_IRQ,OK","FULL,FULL,NONE,FULL",
19.175693,2026-09-01T19:10:29.857+01:00,12142416,137933,3172,3172,True,True,0x0B,"OK,OK,NO_IRQ,OK","FULL,FULL,NONE,FULL",
19.179536,2026-09-01T19:10:29.864+01:00,12145588,137934,3172,3172,True,True,0x0B,"OK,OK,NO_IRQ,OK","FULL,FULL,NONE,FULL",
19.185143,2026-09-01T19:10:29.867+01:00,12148760,137935,3172,3172,True,True,0x0B,"OK,OK,NO_IRQ,OK","FULL,FULL,NONE,FULL",
19.191695,2026-09-01T19:10:29.872+01:00,12151932,137936,3172,3172,True,True,0x0B,"OK,OK,NO_IRQ,OK","FULL,FULL,NONE,FULL",
19.194779,2026-09-01T19:10:29.879+01:00,12155104,137937,3172,3172,True,True,0x0B,"OK,OK,NO_IRQ,OK","FULL,FULL,NONE,FULL",
19.200547,2026-09-01T19:10:29.882+01:00,12158276,137938,3172,3172,True,True,0x0B,"OK,OK,NO_IRQ,OK","FULL,FULL,NONE,FULL",
19.203827,2026-09-01T19:10:29.888+01:00,12161448,137939,3172,3172,True,True,0x0B,"OK,OK,NO_IRQ,OK","FULL,FULL,NONE,FULL",
19.210020,2026-09-01T19:10:29.892+01:00,12164620,137940,3172,3172,True,True,0x0B,"OK,OK,NO_IRQ,OK","FULL,FULL,NONE,FULL",
19.227260,2026-09-01T19:10:29.897+01:00,12167792,137941,3172,3172,True,True,0x0B,"OK,OK,NO_IRQ,OK","FULL,FULL,NONE,FULL",
19.229928,2026-09-01T19:10:29.915+01:00,12170964,137942,3172,3172,True,True,0x0B,"OK,OK,NO_IRQ,OK","FULL,FULL,NONE,FULL",
19.231332,2026-09-01T19:10:29.917+01:00,12174136,137943,3172,3172,True,True,0x0B,"OK,OK,NO_IRQ,OK","FULL,FULL,NONE,FULL",
19.233203,2026-09-01T19:10:29.919+01:00,12177308,137944,3172,3172,True,True,0x0B,"OK,OK,NO_IRQ,OK","FULL,FULL,NONE,FULL",
19.234545,2026-09-01T19:10:29.921+01:00,12180480,137945,3172,3172,True,True,0x0B,"OK,OK,NO_IRQ,OK","FULL,FULL,NONE,FULL",
19.242360,2026-09-01T19:10:29.922+01:00,12183652,137946,3172,3172,True,True,0x0B,"OK,OK,NO_IRQ,OK","FULL,FULL,NONE,FULL",
19.244288,2026-09-01T19:10:29.930+01:00,12186824,137947,3172,3172,True,True,0x0B,"OK,OK,NO_IRQ,OK","FULL,FULL,NONE,FULL",
19.249070,2026-09-01T19:10:29.932+01:00,12189996,137948,3172,3172,True,True,0x0B,"OK,OK,NO_IRQ,OK","FULL,FULL,NONE,FULL",
19.254485,2026-09-01T19:10:29.936+01:00,12193168,137949,3172,3172,True,True,0x0B,"OK,OK,NO_IRQ,OK","FULL,FULL,NONE,FULL",
19.274151,2026-09-01T19:10:29.942+01:00,12196340,137950,3172,3172,True,True,0x0B,"OK,OK,NO_IRQ,OK","FULL,FULL,NONE,FULL",
19.274926,2026-09-01T19:10:29.962+01:00,12199512,137951,3172,3172,True,True,0x0B,"OK,OK,NO_IRQ,OK","FULL,FULL,NONE,FULL",
19.278246,2026-09-01T19:10:29.964+01:00,12202684,137952,3172,3172,True,True,0x0B,"OK,OK,NO_IRQ,OK","FULL,FULL,NONE,FULL",
19.279794,2026-09-01T19:10:29.966+01:00,12205856,137953,3172,3172,True,True,0x0B,"OK,OK,NO_IRQ,OK","FULL,FULL,NONE,FULL",
19.281159,2026-09-01T19:10:29.967+01:00,12209028,137954,3172,3172,True,True,0x0B,"OK,OK,NO_IRQ,OK","FULL,FULL,NONE,FULL",
19.285294,2026-09-01T19:10:29.968+01:00,12212200,137955,3172,3172,True,True,0x0B,"OK,OK,NO_IRQ,OK","FULL,FULL,NONE,FULL",
19.292494,2026-09-01T19:10:29.973+01:00,12215372,137956,3172,3172,True,True,0x0B,"OK,OK,NO_IRQ,OK","FULL,FULL,NONE,FULL",
19.294963,2026-09-01T19:10:29.980+01:00,12218544,137957,3172,3172,True,True,0x0B,"OK,OK,NO_IRQ,OK","FULL,FULL,NONE,FULL",
19.300022,2026-09-01T19:10:29.983+01:00,12221716,137958,3172,3172,True,True,0x0B,"OK,OK,NO_IRQ,OK","FULL,FULL,NONE,FULL",
19.306809,2026-09-01T19:10:29.988+01:00,12224888,137959,3172,3172,True,True,0x0B,"OK,OK,NO_IRQ,OK","FULL,FULL,NONE,FULL",
19.309355,2026-09-01T19:10:29.994+01:00,12228060,137960,3172,3172,True,True,0x0B,"OK,OK,NO_IRQ,OK","FULL,FULL,NONE,FULL",
19.328492,2026-09-01T19:10:29.997+01:00,12231232,137961,3172,3172,True,True,0x0B,"OK,OK,NO_IRQ,OK","FULL,FULL,NONE,FULL",
19.330062,2026-09-01T19:10:30.016+01:00,12234404,137962,3172,3172,True,True,0x0B,"OK,OK,NO_IRQ,OK","FULL,FULL,NONE,FULL",
19.331600,2026-09-01T19:10:30.017+01:00,12237576,137963,3172,3172,True,True,0x0B,"OK,OK,NO_IRQ,OK","FULL,FULL,NONE,FULL",
19.332897,2026-09-01T19:10:30.019+01:00,12240748,137964,3172,3172,True,True,0x0B,"OK,OK,NO_IRQ,OK","FULL,FULL,NONE,FULL",
19.334029,2026-09-01T19:10:30.020+01:00,12243920,137965,3172,3172,True,True,0x0B,"OK,OK,NO_IRQ,OK","FULL,FULL,NONE,FULL",
19.341772,2026-09-01T19:10:30.021+01:00,12247092,137966,3172,3172,True,True,0x0B,"OK,OK,NO_IRQ,OK","FULL,FULL,NONE,FULL",
19.345274,2026-09-01T19:10:30.030+01:00,12250264,137967,3172,3172,True,True,0x0B,"OK,OK,NO_IRQ,OK","FULL,FULL,NONE,FULL",
19.349777,2026-09-01T19:10:30.033+01:00,12253436,137968,3172,3172,True,True,0x0B,"OK,OK,NO_IRQ,OK","FULL,FULL,NONE,FULL",
19.354770,2026-09-01T19:10:30.039+01:00,12256608,137969,3172,3172,True,True,0x0B,"OK,OK,NO_IRQ,OK","FULL,FULL,NONE,FULL",
19.359304,2026-09-01T19:10:30.044+01:00,12259780,137970,3172,3172,True,True,0x0B,"OK,OK,NO_IRQ,OK","FULL,FULL,NONE,FULL",
19.367091,2026-09-01T19:10:30.047+01:00,12262952,137971,3172,3172,True,True,0x0B,"OK,OK,NO_IRQ,OK","FULL,FULL,NONE,FULL",
19.369572,2026-09-01T19:10:30.054+01:00,12266124,137972,3172,3172,True,True,0x0B,"OK,OK,NO_IRQ,OK","FULL,FULL,NONE,FULL",
19.376926,2026-09-01T19:10:30.057+01:00,12269296,137973,3172,3172,True,True,0x0B,"OK,OK,NO_IRQ,OK","FULL,FULL,NONE,FULL",
19.387651,2026-09-01T19:10:30.064+01:00,12272468,137974,3172,3172,True,True,0x0B,"OK,OK,NO_IRQ,OK","FULL,FULL,NONE,FULL",
19.394090,2026-09-01T19:10:30.081+01:00,12275640,137975,3172,3172,True,True,0x0B,"OK,OK,NO_IRQ,OK","FULL,FULL,NONE,FULL",
19.394682,2026-09-01T19:10:30.081+01:00,12278812,137976,3172,3172,True,True,0x0B,"OK,OK,NO_IRQ,OK","FULL,FULL,NONE,FULL",
19.395177,2026-09-01T19:10:30.082+01:00,12281984,137977,3172,3172,True,True,0x0B,"OK,OK,NO_IRQ,OK","FULL,FULL,NONE,FULL",
19.400029,2026-09-01T19:10:30.085+01:00,12285156,137978,3172,3172,True,True,0x0B,"OK,OK,NO_IRQ,OK","FULL,FULL,NONE,FULL",
19.428000,2026-09-01T19:10:30.115+01:00,12288328,137979,3172,3172,True,True,0x0B,"OK,OK,NO_IRQ,OK","FULL,FULL,NONE,FULL",
19.428555,2026-09-01T19:10:30.115+01:00,12291500,137980,3172,3172,True,True,0x0B,"OK,OK,NO_IRQ,OK","FULL,FULL,NONE,FULL",
19.432697,2026-09-01T19:10:30.116+01:00,12294672,137981,3172,3172,True,True,0x0B,"OK,OK,NO_IRQ,OK","FULL,FULL,NONE,FULL",
19.434344,2026-09-01T19:10:30.120+01:00,12297844,137982,3172,3172,True,True,0x0B,"OK,OK,NO_IRQ,OK","FULL,FULL,NONE,FULL",
19.436745,2026-09-01T19:10:30.122+01:00,12301016,137983,3172,3172,True,True,0x0B,"OK,OK,NO_IRQ,OK","FULL,FULL,NONE,FULL",
19.438200,2026-09-01T19:10:30.124+01:00,12304188,137984,3172,3172,True,True,0x0B,"OK,OK,NO_IRQ,OK","FULL,FULL,NONE,FULL",
19.440980,2026-09-01T19:10:30.125+01:00,12307360,137985,3172,3172,True,True,0x0B,"OK,OK,NO_IRQ,OK","FULL,FULL,NONE,FULL",
19.441657,2026-09-01T19:10:30.128+01:00,12310532,137986,3172,3172,True,True,0x0B,"OK,OK,NO_IRQ,OK","FULL,FULL,NONE,FULL",
19.446383,2026-09-01T19:10:30.129+01:00,12313704,137987,3172,3172,True,True,0x0B,"OK,OK,NO_IRQ,OK","FULL,FULL,NONE,FULL",
19.449652,2026-09-01T19:10:30.134+01:00,12316876,137988,3172,3172,True,True,0x0B,"OK,OK,NO_IRQ,OK","FULL,FULL,NONE,FULL",
19.463425,2026-09-01T19:10:30.140+01:00,12320048,137989,3172,3172,True,True,0x0B,"OK,OK,NO_IRQ,OK","FULL,FULL,NONE,FULL",
19.465871,2026-09-01T19:10:30.152+01:00,12323220,137990,3172,3172,True,True,0x0B,"OK,OK,NO_IRQ,OK","FULL,FULL,NONE,FULL",
19.467619,2026-09-01T19:10:30.153+01:00,12326392,137991,3172,3172,True,True,0x0B,"OK,OK,NO_IRQ,OK","FULL,FULL,NONE,FULL",
19.470905,2026-09-01T19:10:30.155+01:00,12329564,137992,3172,3172,True,True,0x0B,"OK,OK,NO_IRQ,OK","FULL,FULL,NONE,FULL",
19.476786,2026-09-01T19:10:30.158+01:00,12332736,137993,3172,3172,True,True,0x0B,"OK,OK,NO_IRQ,OK","FULL,FULL,NONE,FULL",
19.480742,2026-09-01T19:10:30.165+01:00,12335908,137994,3172,3172,True,True,0x0B,"OK,OK,NO_IRQ,OK","FULL,FULL,NONE,FULL",
19.485044,2026-09-01T19:10:30.168+01:00,12339080,137995,3172,3172,True,True,0x0B,"OK,OK,NO_IRQ,OK","FULL,FULL,NONE,FULL",
19.493093,2026-09-01T19:10:30.172+01:00,12342252,137996,3172,3172,True,True,0x0B,"OK,OK,NO_IRQ,OK","FULL,FULL,NONE,FULL",
19.495251,2026-09-01T19:10:30.180+01:00,12345424,137997,3172,3172,True,True,0x0B,"OK,OK,NO_IRQ,OK","FULL,FULL,NONE,FULL",
19.502824,2026-09-01T19:10:30.183+01:00,12348596,137998,3172,3172,True,True,0x0B,"OK,OK,NO_IRQ,OK","FULL,FULL,NONE,FULL",
19.509602,2026-09-01T19:10:30.190+01:00,12351768,137999,3172,3172,True,True,0x0B,"OK,OK,NO_IRQ,OK","FULL,FULL,NONE,FULL",
19.511760,2026-09-01T19:10:30.198+01:00,12354940,138000,3172,3172,True,True,0x0B,"OK,OK,NO_IRQ,OK","FULL,FULL,NONE,FULL",
19.516118,2026-09-01T19:10:30.199+01:00,12358112,138001,3172,3172,True,True,0x0B,"OK,OK,NO_IRQ,OK","FULL,FULL,NONE,FULL",
19.520575,2026-09-01T19:10:30.203+01:00,12361284,138002,3172,3172,True,True,0x0B,"OK,OK,NO_IRQ,OK","FULL,FULL,NONE,FULL",
19.531972,2026-09-01T19:10:30.208+01:00,12364456,138003,3172,3172,True,True,0x0B,"OK,OK,NO_IRQ,OK","FULL,FULL,NONE,FULL",
19.536441,2026-09-01T19:10:30.219+01:00,12367628,138004,3172,3172,True,True,0x0B,"OK,OK,NO_IRQ,OK","FULL,FULL,NONE,FULL",
19.537125,2026-09-01T19:10:30.224+01:00,12370800,138005,3172,3172,True,True,0x0B,"OK,OK,NO_IRQ,OK","FULL,FULL,NONE,FULL",
19.544427,2026-09-01T19:10:30.224+01:00,12373972,138006,3172,3172,True,True,0x0B,"OK,OK,NO_IRQ,OK","FULL,FULL,NONE,FULL",
19.545317,2026-09-01T19:10:30.232+01:00,12377144,138007,3172,3172,True,True,0x0B,"OK,OK,NO_IRQ,OK","FULL,FULL,NONE,FULL",
19.549503,2026-09-01T19:10:30.233+01:00,12380316,138008,3172,3172,True,True,0x0B,"OK,OK,NO_IRQ,OK","FULL,FULL,NONE,FULL",
19.554492,2026-09-01T19:10:30.237+01:00,12383488,138009,3172,3172,True,True,0x0B,"OK,OK,NO_IRQ,OK","FULL,FULL,NONE,FULL",
19.560004,2026-09-01T19:10:30.242+01:00,12386660,138010,3172,3172,True,True,0x0B,"OK,OK,NO_IRQ,OK","FULL,FULL,NONE,FULL",
19.564494,2026-09-01T19:10:30.247+01:00,12389832,138011,3172,3172,True,True,0x0B,"OK,OK,NO_IRQ,OK","FULL,FULL,NONE,FULL",
19.569697,2026-09-01T19:10:30.252+01:00,12393004,138012,3172,3172,True,True,0x0B,"OK,OK,NO_IRQ,OK","FULL,FULL,NONE,FULL",
19.575165,2026-09-01T19:10:30.257+01:00,12396176,138013,3172,3172,True,True,0x0B,"OK,OK,NO_IRQ,OK","FULL,FULL,NONE,FULL",
19.591521,2026-09-01T19:10:30.262+01:00,12399348,138014,3172,3172,True,True,0x0B,"OK,OK,NO_IRQ,OK","FULL,FULL,NONE,FULL",
19.592157,2026-09-01T19:10:30.279+01:00,12402520,138015,3172,3172,True,True,0x0B,"OK,OK,NO_IRQ,OK","FULL,FULL,NONE,FULL",
19.596493,2026-09-01T19:10:30.283+01:00,12405692,138016,3172,3172,True,True,0x0B,"OK,OK,NO_IRQ,OK","FULL,FULL,NONE,FULL",
19.596994,2026-09-01T19:10:30.284+01:00,12408864,138017,3172,3172,True,True,0x0B,"OK,OK,NO_IRQ,OK","FULL,FULL,NONE,FULL",
19.600357,2026-09-01T19:10:30.284+01:00,12412036,138018,3172,3172,True,True,0x0B,"OK,OK,NO_IRQ,OK","FULL,FULL,NONE,FULL",
19.619546,2026-09-01T19:10:30.299+01:00,12415208,138019,3172,3172,True,True,0x0B,"OK,OK,NO_IRQ,OK","FULL,FULL,NONE,FULL",
19.630413,2026-09-01T19:10:30.316+01:00,12418380,138020,3172,3172,True,True,0x0B,"OK,OK,NO_IRQ,OK","FULL,FULL,NONE,FULL",
19.632143,2026-09-01T19:10:30.318+01:00,12421552,138021,3172,3172,True,True,0x0B,"OK,OK,NO_IRQ,OK","FULL,FULL,NONE,FULL",
19.634097,2026-09-01T19:10:30.319+01:00,12424724,138022,3172,3172,True,True,0x0B,"OK,OK,NO_IRQ,OK","FULL,FULL,NONE,FULL",
19.635254,2026-09-01T19:10:30.322+01:00,12427896,138023,3172,3172,True,True,0x0B,"OK,OK,NO_IRQ,OK","FULL,FULL,NONE,FULL",
19.637607,2026-09-01T19:10:30.323+01:00,12431068,138024,3172,3172,True,True,0x0B,"OK,OK,NO_IRQ,OK","FULL,FULL,NONE,FULL",
19.643685,2026-09-01T19:10:30.329+01:00,12434240,138025,3172,3172,True,True,0x0B,"OK,OK,NO_IRQ,OK","FULL,FULL,NONE,FULL",
19.645765,2026-09-01T19:10:30.331+01:00,12437412,138026,3172,3172,True,True,0x0B,"OK,OK,NO_IRQ,OK","FULL,FULL,NONE,FULL",
19.647589,2026-09-01T19:10:30.333+01:00,12440584,138027,3172,3172,True,True,0x0B,"OK,OK,NO_IRQ,OK","FULL,FULL,NONE,FULL",
19.650378,2026-09-01T19:10:30.335+01:00,12443756,138028,3172,3172,True,True,0x0B,"OK,OK,NO_IRQ,OK","FULL,FULL,NONE,FULL",
19.659020,2026-09-01T19:10:30.338+01:00,12446928,138029,3172,3172,True,True,0x0B,"OK,OK,NO_IRQ,OK","FULL,FULL,NONE,FULL",
19.661167,2026-09-01T19:10:30.347+01:00,12450100,138030,3172,3172,True,True,0x0B,"OK,OK,NO_IRQ,OK","FULL,FULL,NONE,FULL",
19.665293,2026-09-01T19:10:30.349+01:00,12453272,138031,3172,3172,True,True,0x0B,"OK,OK,NO_IRQ,OK","FULL,FULL,NONE,FULL",
19.686336,2026-09-01T19:10:30.353+01:00,12456444,138032,3172,3172,True,True,0x0B,"OK,OK,NO_IRQ,OK","FULL,FULL,NONE,FULL",
19.687871,2026-09-01T19:10:30.374+01:00,12459616,138033,3172,3172,True,True,0x0B,"OK,OK,NO_IRQ,OK","FULL,FULL,NONE,FULL",
19.693916,2026-09-01T19:10:30.380+01:00,12462788,138034,3172,3172,True,True,0x0B,"OK,OK,NO_IRQ,OK","FULL,FULL,NONE,FULL",
19.696304,2026-09-01T19:10:30.382+01:00,12465960,138035,3172,3172,True,True,0x0B,"OK,OK,NO_IRQ,OK","FULL,FULL,NONE,FULL",
19.697605,2026-09-01T19:10:30.384+01:00,12469132,138036,3172,3172,True,True,0x0B,"OK,OK,NO_IRQ,OK","FULL,FULL,NONE,FULL",
19.698846,2026-09-01T19:10:30.386+01:00,12472304,138037,3172,3172,True,True,0x0B,"OK,OK,NO_IRQ,OK","FULL,FULL,NONE,FULL",
19.700412,2026-09-01T19:10:30.386+01:00,12475476,138038,3172,3172,True,True,0x0B,"OK,OK,NO_IRQ,OK","FULL,FULL,NONE,FULL",
19.708563,2026-09-01T19:10:30.388+01:00,12478648,138039,3172,3172,True,True,0x0B,"OK,OK,NO_IRQ,OK","FULL,FULL,NONE,FULL",
19.710855,2026-09-01T19:10:30.396+01:00,12481820,138040,3172,3172,True,True,0x0B,"OK,OK,NO_IRQ,OK","FULL,FULL,NONE,FULL",
19.716353,2026-09-01T19:10:30.398+01:00,12484992,138041,3172,3172,True,True,0x0B,"OK,OK,NO_IRQ,OK","FULL,FULL,NONE,FULL",
19.720302,2026-09-01T19:10:30.404+01:00,12488164,138042,3172,3172,True,True,0x0B,"OK,OK,NO_IRQ,OK","FULL,FULL,NONE,FULL",
19.725804,2026-09-01T19:10:30.408+01:00,12491336,138043,3172,3172,True,True,0x0B,"OK,OK,NO_IRQ,OK","FULL,FULL,NONE,FULL",
19.744249,2026-09-01T19:10:30.413+01:00,12494508,138044,3172,3172,True,True,0x0B,"OK,OK,NO_IRQ,OK","FULL,FULL,NONE,FULL",
19.745161,2026-09-01T19:10:30.432+01:00,12497680,138045,3172,3172,True,True,0x0B,"OK,OK,NO_IRQ,OK","FULL,FULL,NONE,FULL",
19.749245,2026-09-01T19:10:30.434+01:00,12500852,138046,3172,3172,True,True,0x0B,"OK,OK,NO_IRQ,OK","FULL,FULL,NONE,FULL",
19.751253,2026-09-01T19:10:30.437+01:00,12504024,138047,3172,3172,True,True,0x0B,"OK,OK,NO_IRQ,OK","FULL,FULL,NONE,FULL",
19.752514,2026-09-01T19:10:30.439+01:00,12507196,138048,3172,3172,True,True,0x0B,"OK,OK,NO_IRQ,OK","FULL,FULL,NONE,FULL",
19.758409,2026-09-01T19:10:30.440+01:00,12510368,138049,3172,3172,True,True,0x0B,"OK,OK,NO_IRQ,OK","FULL,FULL,NONE,FULL",
19.760796,2026-09-01T19:10:30.446+01:00,12513540,138050,3172,3172,True,True,0x0B,"OK,OK,NO_IRQ,OK","FULL,FULL,NONE,FULL",
19.765591,2026-09-01T19:10:30.448+01:00,12516712,138051,3172,3172,True,True,0x0B,"OK,OK,NO_IRQ,OK","FULL,FULL,NONE,FULL",
19.770129,2026-09-01T19:10:30.453+01:00,12519884,138052,3172,3172,True,True,0x0B,"OK,OK,NO_IRQ,OK","FULL,FULL,NONE,FULL",
19.777985,2026-09-01T19:10:30.457+01:00,12523056,138053,3172,3172,True,True,0x0B,"OK,OK,NO_IRQ,OK","FULL,FULL,NONE,FULL",
19.780678,2026-09-01T19:10:30.466+01:00,12526228,138054,3172,3172,True,True,0x0B,"OK,OK,NO_IRQ,OK","FULL,FULL,NONE,FULL",
19.798627,2026-09-01T19:10:30.468+01:00,12529400,138055,3172,3172,True,True,0x0B,"OK,OK,NO_IRQ,OK","FULL,FULL,NONE,FULL",
19.800240,2026-09-01T19:10:30.486+01:00,12532572,138056,3172,3172,True,True,0x0B,"OK,OK,NO_IRQ,OK","FULL,FULL,NONE,FULL",
19.802403,2026-09-01T19:10:30.488+01:00,12535744,138057,3172,3172,True,True,0x0B,"OK,OK,NO_IRQ,OK","FULL,FULL,NONE,FULL",
19.803718,2026-09-01T19:10:30.490+01:00,12538916,138058,3172,3172,True,True,0x0B,"OK,OK,NO_IRQ,OK","FULL,FULL,NONE,FULL",
19.806388,2026-09-01T19:10:30.491+01:00,12542088,138059,3172,3172,True,True,0x0B,"OK,OK,NO_IRQ,OK","FULL,FULL,NONE,FULL",
19.811123,2026-09-01T19:10:30.494+01:00,12545260,138060,3172,3172,True,True,0x0B,"OK,OK,NO_IRQ,OK","FULL,FULL,NONE,FULL",
19.815835,2026-09-01T19:10:30.499+01:00,12548432,138061,3172,3172,True,True,0x0B,"OK,OK,NO_IRQ,OK","FULL,FULL,NONE,FULL",
19.820604,2026-09-01T19:10:30.503+01:00,12551604,138062,3172,3172,True,True,0x0B,"OK,OK,NO_IRQ,OK","FULL,FULL,NONE,FULL",
19.825876,2026-09-01T19:10:30.508+01:00,12554776,138063,3172,3172,True,True,0x0B,"OK,OK,NO_IRQ,OK","FULL,FULL,NONE,FULL",
19.830320,2026-09-01T19:10:30.513+01:00,12557948,138064,3172,3172,True,True,0x0B,"OK,OK,NO_IRQ,OK","FULL,FULL,NONE,FULL",
19.841697,2026-09-01T19:10:30.518+01:00,12561120,138065,3172,3172,True,True,0x0B,"OK,OK,NO_IRQ,OK","FULL,FULL,NONE,FULL",
19.849004,2026-09-01T19:10:30.535+01:00,12564292,138066,3172,3172,True,True,0x0B,"OK,OK,NO_IRQ,OK","FULL,FULL,NONE,FULL",
19.851162,2026-09-01T19:10:30.537+01:00,12567464,138067,3172,3172,True,True,0x0B,"OK,OK,NO_IRQ,OK","FULL,FULL,NONE,FULL",
19.852827,2026-09-01T19:10:30.539+01:00,12570636,138068,3172,3172,True,True,0x0B,"OK,OK,NO_IRQ,OK","FULL,FULL,NONE,FULL",
19.859654,2026-09-01T19:10:30.540+01:00,12573808,138069,3172,3172,True,True,0x0B,"OK,OK,NO_IRQ,OK","FULL,FULL,NONE,FULL",
19.860790,2026-09-01T19:10:30.547+01:00,12576980,138070,3172,3172,True,True,0x0B,"OK,OK,NO_IRQ,OK","FULL,FULL,NONE,FULL",
19.865953,2026-09-01T19:10:30.549+01:00,12580152,138071,3172,3172,True,True,0x0B,"OK,OK,NO_IRQ,OK","FULL,FULL,NONE,FULL",
19.870845,2026-09-01T19:10:30.554+01:00,12583324,138072,3172,3172,True,True,0x0B,"OK,OK,NO_IRQ,OK","FULL,FULL,NONE,FULL",
19.876002,2026-09-01T19:10:30.558+01:00,12586496,138073,3172,3172,True,True,0x0B,"OK,OK,NO_IRQ,OK","FULL,FULL,NONE,FULL",
19.880405,2026-09-01T19:10:30.564+01:00,12589668,138074,3172,3172,True,True,0x0B,"OK,OK,NO_IRQ,OK","FULL,FULL,NONE,FULL",
19.887159,2026-09-01T19:10:30.568+01:00,12592840,138075,3172,3172,True,True,0x0B,"OK,OK,NO_IRQ,OK","FULL,FULL,NONE,FULL",
19.892014,2026-09-01T19:10:30.574+01:00,12596012,138076,3172,3172,True,True,0x0B,"OK,OK,NO_IRQ,OK","FULL,FULL,NONE,FULL",
19.911979,2026-09-01T19:10:30.579+01:00,12599184,138077,3172,3172,True,True,0x0B,"OK,OK,NO_IRQ,OK","FULL,FULL,NONE,FULL",
19.913712,2026-09-01T19:10:30.599+01:00,12602356,138078,3172,3172,True,True,0x0B,"OK,OK,NO_IRQ,OK","FULL,FULL,NONE,FULL",
19.915670,2026-09-01T19:10:30.602+01:00,12605528,138079,3172,3172,True,True,0x0B,"OK,OK,NO_IRQ,OK","FULL,FULL,NONE,FULL",
19.917970,2026-09-01T19:10:30.603+01:00,12608700,138080,3172,3172,True,True,0x0B,"OK,OK,NO_IRQ,OK","FULL,FULL,NONE,FULL",
19.919448,2026-09-01T19:10:30.605+01:00,12611872,138081,3172,3172,True,True,0x0B,"OK,OK,NO_IRQ,OK","FULL,FULL,NONE,FULL",
19.921129,2026-09-01T19:10:30.607+01:00,12615044,138082,3172,3172,True,True,0x0B,"OK,OK,NO_IRQ,OK","FULL,FULL,NONE,FULL",
19.925936,2026-09-01T19:10:30.609+01:00,12618216,138083,3172,3172,True,True,0x0B,"OK,OK,NO_IRQ,OK","FULL,FULL,NONE,FULL",
19.931343,2026-09-01T19:10:30.614+01:00,12621388,138084,3172,3172,True,True,0x0B,"OK,OK,NO_IRQ,OK","FULL,FULL,NONE,FULL",
19.936357,2026-09-01T19:10:30.619+01:00,12624560,138085,3172,3172,True,True,0x0B,"OK,OK,NO_IRQ,OK","FULL,FULL,NONE,FULL",
19.942594,2026-09-01T19:10:30.624+01:00,12627732,138086,3172,3172,True,True,0x0B,"OK,OK,NO_IRQ,OK","FULL,FULL,NONE,FULL",
19.945932,2026-09-01T19:10:30.630+01:00,12630904,138087,3172,3172,True,True,0x0B,"OK,OK,NO_IRQ,OK","FULL,FULL,NONE,FULL",
19.950667,2026-09-01T19:10:30.634+01:00,12634076,138088,3172,3172,True,True,0x0B,"OK,OK,NO_IRQ,OK","FULL,FULL,NONE,FULL",
19.970120,2026-09-01T19:10:30.638+01:00,12637248,138089,3172,3172,True,True,0x0B,"OK,OK,NO_IRQ,OK","FULL,FULL,NONE,FULL",
19.971484,2026-09-01T19:10:30.657+01:00,12640420,138090,3172,3172,True,True,0x0B,"OK,OK,NO_IRQ,OK","FULL,FULL,NONE,FULL",
19.974477,2026-09-01T19:10:30.661+01:00,12643592,138091,3172,3172,True,True,0x0B,"OK,OK,NO_IRQ,OK","FULL,FULL,NONE,FULL",
19.976112,2026-09-01T19:10:30.662+01:00,12646764,138092,3172,3172,True,True,0x0B,"OK,OK,NO_IRQ,OK","FULL,FULL,NONE,FULL",
19.978318,2026-09-01T19:10:30.664+01:00,12649936,138093,3172,3172,True,True,0x0B,"OK,OK,NO_IRQ,OK","FULL,FULL,NONE,FULL",
19.981142,2026-09-01T19:10:30.666+01:00,12653108,138094,3172,3172,True,True,0x0B,"OK,OK,NO_IRQ,OK","FULL,FULL,NONE,FULL",
19.986222,2026-09-01T19:10:30.669+01:00,12656280,138095,3172,3172,True,True,0x0B,"OK,OK,NO_IRQ,OK","FULL,FULL,NONE,FULL",
19.993474,2026-09-01T19:10:30.674+01:00,12659452,138096,3172,3172,True,True,0x0B,"OK,OK,NO_IRQ,OK","FULL,FULL,NONE,FULL",
19.996631,2026-09-01T19:10:30.681+01:00,12662624,138097,3172,3172,True,True,0x0B,"OK,OK,NO_IRQ,OK","FULL,FULL,NONE,FULL",
20.001888,2026-09-01T19:10:30.684+01:00,12665796,138098,3172,3172,True,True,0x0B,"OK,OK,NO_IRQ,OK","FULL,FULL,NONE,FULL",
20.024981,2026-09-01T19:10:30.689+01:00,12668968,138099,3172,3172,True,True,0x0B,"OK,OK,NO_IRQ,OK","FULL,FULL,NONE,FULL",
20.026462,2026-09-01T19:10:30.713+01:00,12672140,138100,3172,3172,True,True,0x0B,"OK,OK,NO_IRQ,OK","FULL,FULL,NONE,FULL",
20.028343,2026-09-01T19:10:30.714+01:00,12675312,138101,3172,3172,True,True,0x0B,"OK,OK,NO_IRQ,OK","FULL,FULL,NONE,FULL",
20.030100,2026-09-01T19:10:30.716+01:00,12678484,138102,3172,3172,True,True,0x0B,"OK,OK,NO_IRQ,OK","FULL,FULL,NONE,FULL",
20.032385,2026-09-01T19:10:30.717+01:00,12681656,138103,3172,3172,True,True,0x0B,"OK,OK,NO_IRQ,OK","FULL,FULL,NONE,FULL",
20.034332,2026-09-01T19:10:30.720+01:00,12684828,138104,3172,3172,True,True,0x0B,"OK,OK,NO_IRQ,OK","FULL,FULL,NONE,FULL",
20.036047,2026-09-01T19:10:30.722+01:00,12688000,138105,3172,3172,True,True,0x0B,"OK,OK,NO_IRQ,OK","FULL,FULL,NONE,FULL",
20.043643,2026-09-01T19:10:30.723+01:00,12691172,138106,3172,3172,True,True,0x0B,"OK,OK,NO_IRQ,OK","FULL,FULL,NONE,FULL",
20.046656,2026-09-01T19:10:30.731+01:00,12694344,138107,3172,3172,True,True,0x0B,"OK,OK,NO_IRQ,OK","FULL,FULL,NONE,FULL",
20.051375,2026-09-01T19:10:30.734+01:00,12697516,138108,3172,3172,True,True,0x0B,"OK,OK,NO_IRQ,OK","FULL,FULL,NONE,FULL",
20.057238,2026-09-01T19:10:30.739+01:00,12700688,138109,3172,3172,True,True,0x0B,"OK,OK,NO_IRQ,OK","FULL,FULL,NONE,FULL",
20.061624,2026-09-01T19:10:30.745+01:00,12703860,138110,3172,3172,True,True,0x0B,"OK,OK,NO_IRQ,OK","FULL,FULL,NONE,FULL",
20.066242,2026-09-01T19:10:30.749+01:00,12707032,138111,3172,3172,True,True,0x0B,"OK,OK,NO_IRQ,OK","FULL,FULL,NONE,FULL",
20.075853,2026-09-01T19:10:30.754+01:00,12710204,138112,3172,3172,True,True,0x0B,"OK,OK,NO_IRQ,OK","FULL,FULL,NONE,FULL",
20.076659,2026-09-01T19:10:30.763+01:00,12713376,138113,3172,3172,True,True,0x0B,"OK,OK,NO_IRQ,OK","FULL,FULL,NONE,FULL",
20.081053,2026-09-01T19:10:30.765+01:00,12716548,138114,3172,3172,True,True,0x0B,"OK,OK,NO_IRQ,OK","FULL,FULL,NONE,FULL",
20.085961,2026-09-01T19:10:30.768+01:00,12719720,138115,3172,3172,True,True,0x0B,"OK,OK,NO_IRQ,OK","FULL,FULL,NONE,FULL",
20.093292,2026-09-01T19:10:30.773+01:00,12722892,138116,3172,3172,True,True,0x0B,"OK,OK,NO_IRQ,OK","FULL,FULL,NONE,FULL",
20.096062,2026-09-01T19:10:30.781+01:00,12726064,138117,3172,3172,True,True,0x0B,"OK,OK,NO_IRQ,OK","FULL,FULL,NONE,FULL",
20.100618,2026-09-01T19:10:30.783+01:00,12729236,138118,3172,3172,True,True,0x0B,"OK,OK,NO_IRQ,OK","FULL,FULL,NONE,FULL",
20.109364,2026-09-01T19:10:30.789+01:00,12732408,138119,3172,3172,True,True,0x0B,"OK,OK,NO_IRQ,OK","FULL,FULL,NONE,FULL",
20.110792,2026-09-01T19:10:30.797+01:00,12735580,138120,3172,3172,True,True,0x0B,"OK,OK,NO_IRQ,OK","FULL,FULL,NONE,FULL",
20.115696,2026-09-01T19:10:30.798+01:00,12738752,138121,3172,3172,True,True,0x0B,"OK,OK,NO_IRQ,OK","FULL,FULL,NONE,FULL",
20.120814,2026-09-01T19:10:30.803+01:00,12741924,138122,3172,3172,True,True,0x0B,"OK,OK,NO_IRQ,OK","FULL,FULL,NONE,FULL",
20.145153,2026-09-01T19:10:30.808+01:00,12745096,138123,3172,3172,True,True,0x0B,"OK,OK,NO_IRQ,OK","FULL,FULL,NONE,FULL",
20.152682,2026-09-01T19:10:30.839+01:00,12748268,138124,3172,3172,True,True,0x0B,"OK,OK,NO_IRQ,OK","FULL,FULL,NONE,FULL",
20.154208,2026-09-01T19:10:30.840+01:00,12751440,138125,3172,3172,True,True,0x0B,"OK,OK,NO_IRQ,OK","FULL,FULL,NONE,FULL",
20.158688,2026-09-01T19:10:30.842+01:00,12754612,138126,3172,3172,True,True,0x0B,"OK,OK,NO_IRQ,OK","FULL,FULL,NONE,FULL",
20.159781,2026-09-01T19:10:30.846+01:00,12757784,138127,3172,3172,True,True,0x0B,"OK,OK,NO_IRQ,OK","FULL,FULL,NONE,FULL",
20.162342,2026-09-01T19:10:30.848+01:00,12760956,138128,3172,3172,True,True,0x0B,"OK,OK,NO_IRQ,OK","FULL,FULL,NONE,FULL",
20.163875,2026-09-01T19:10:30.850+01:00,12764128,138129,3172,3172,True,True,0x0B,"OK,OK,NO_IRQ,OK","FULL,FULL,NONE,FULL",
20.167271,2026-09-01T19:10:30.853+01:00,12767300,138130,3172,3172,True,True,0x0B,"OK,OK,NO_IRQ,OK","FULL,FULL,NONE,FULL",
20.169152,2026-09-01T19:10:30.855+01:00,12770472,138131,3172,3172,True,True,0x0B,"OK,OK,NO_IRQ,OK","FULL,FULL,NONE,FULL",
20.171436,2026-09-01T19:10:30.857+01:00,12773644,138132,3172,3172,True,True,0x0B,"OK,OK,NO_IRQ,OK","FULL,FULL,NONE,FULL",
20.177486,2026-09-01T19:10:30.859+01:00,12776816,138133,3172,3172,True,True,0x0B,"OK,OK,NO_IRQ,OK","FULL,FULL,NONE,FULL",
20.180874,2026-09-01T19:10:30.865+01:00,12779988,138134,3172,3172,True,True,0x0B,"OK,OK,NO_IRQ,OK","FULL,FULL,NONE,FULL",
20.186240,2026-09-01T19:10:30.869+01:00,12783160,138135,3172,3172,True,True,0x0B,"OK,OK,NO_IRQ,OK","FULL,FULL,NONE,FULL",
20.195227,2026-09-01T19:10:30.874+01:00,12786332,138136,3172,3172,True,True,0x0B,"OK,OK,NO_IRQ,OK","FULL,FULL,NONE,FULL",
20.195808,2026-09-01T19:10:30.883+01:00,12789504,138137,3172,3172,True,True,0x0B,"OK,OK,NO_IRQ,OK","FULL,FULL,NONE,FULL",
20.208895,2026-09-01T19:10:30.883+01:00,12792676,138138,3172,3172,True,True,0x0B,"OK,OK,NO_IRQ,OK","FULL,FULL,NONE,FULL",
20.210010,2026-09-01T19:10:30.896+01:00,12795848,138139,3172,3172,True,True,0x0B,"OK,OK,NO_IRQ,OK","FULL,FULL,NONE,FULL",
20.211455,2026-09-01T19:10:30.897+01:00,12799020,138140,3172,3172,True,True,0x0B,"OK,OK,NO_IRQ,OK","FULL,FULL,NONE,FULL",
20.216601,2026-09-01T19:10:30.899+01:00,12802192,138141,3172,3172,True,True,0x0B,"OK,OK,NO_IRQ,OK","FULL,FULL,NONE,FULL",
20.221375,2026-09-01T19:10:30.904+01:00,12805364,138142,3172,3172,True,True,0x0B,"OK,OK,NO_IRQ,OK","FULL,FULL,NONE,FULL",
20.226112,2026-09-01T19:10:30.912+01:00,12808536,138143,3172,3172,True,True,0x0B,"OK,OK,NO_IRQ,OK","FULL,FULL,NONE,FULL",
20.231227,2026-09-01T19:10:30.914+01:00,12811708,138144,3172,3172,True,True,0x0B,"OK,OK,NO_IRQ,OK","FULL,FULL,NONE,FULL",
20.236283,2026-09-01T19:10:30.919+01:00,12814880,138145,3172,3172,True,True,0x0B,"OK,OK,NO_IRQ,OK","FULL,FULL,NONE,FULL",
20.242097,2026-09-01T19:10:30.924+01:00,12818052,138146,3172,3172,True,True,0x0B,"OK,OK,NO_IRQ,OK","FULL,FULL,NONE,FULL",
20.246011,2026-09-01T19:10:30.929+01:00,12821224,138147,3172,3172,True,True,0x0B,"OK,OK,NO_IRQ,OK","FULL,FULL,NONE,FULL",
20.257079,2026-09-01T19:10:30.933+01:00,12824396,138148,3172,3172,True,True,0x0B,"OK,OK,NO_IRQ,OK","FULL,FULL,NONE,FULL",
20.257631,2026-09-01T19:10:30.944+01:00,12827568,138149,3172,3172,True,True,0x0B,"OK,OK,NO_IRQ,OK","FULL,FULL,NONE,FULL",
20.261901,2026-09-01T19:10:30.945+01:00,12830740,138150,3172,3172,True,True,0x0B,"OK,OK,NO_IRQ,OK","FULL,FULL,NONE,FULL",
20.265949,2026-09-01T19:10:30.950+01:00,12833912,138151,3172,3172,True,True,0x0B,"OK,OK,NO_IRQ,OK","FULL,FULL,NONE,FULL",
20.271546,2026-09-01T19:10:30.953+01:00,12837084,138152,3172,3172,True,True,0x0B,"OK,OK,NO_IRQ,OK","FULL,FULL,NONE,FULL",
20.276646,2026-09-01T19:10:30.960+01:00,12840256,138153,3172,3172,True,True,0x0B,"OK,OK,NO_IRQ,OK","FULL,FULL,NONE,FULL",
20.281495,2026-09-01T19:10:30.965+01:00,12843428,138154,3172,3172,True,True,0x0B,"OK,OK,NO_IRQ,OK","FULL,FULL,NONE,FULL",
20.286396,2026-09-01T19:10:30.969+01:00,12846600,138155,3172,3172,True,True,0x0B,"OK,OK,NO_IRQ,OK","FULL,FULL,NONE,FULL",
20.291067,2026-09-01T19:10:30.975+01:00,12849772,138156,3172,3172,True,True,0x0B,"OK,OK,NO_IRQ,OK","FULL,FULL,NONE,FULL",
20.310031,2026-09-01T19:10:30.978+01:00,12852944,138157,3172,3172,True,True,0x0B,"OK,OK,NO_IRQ,OK","FULL,FULL,NONE,FULL",
20.311550,2026-09-01T19:10:30.998+01:00,12856116,138158,3172,3172,True,True,0x0B,"OK,OK,NO_IRQ,OK","FULL,FULL,NONE,FULL",
20.313749,2026-09-01T19:10:31.000+01:00,12859288,138159,3172,3172,True,True,0x0B,"OK,OK,NO_IRQ,OK","FULL,FULL,NONE,FULL",
20.315207,2026-09-01T19:10:31.001+01:00,12862460,138160,3172,3172,True,True,0x0B,"OK,OK,NO_IRQ,OK","FULL,FULL,NONE,FULL",
20.316910,2026-09-01T19:10:31.003+01:00,12865632,138161,3172,3172,True,True,0x0B,"OK,OK,NO_IRQ,OK","FULL,FULL,NONE,FULL",
20.323183,2026-09-01T19:10:31.004+01:00,12868804,138162,3172,3172,True,True,0x0B,"OK,OK,NO_IRQ,OK","FULL,FULL,NONE,FULL",
20.326602,2026-09-01T19:10:31.010+01:00,12871976,138163,3172,3172,True,True,0x0B,"OK,OK,NO_IRQ,OK","FULL,FULL,NONE,FULL",
20.331676,2026-09-01T19:10:31.015+01:00,12875148,138164,3172,3172,True,True,0x0B,"OK,OK,NO_IRQ,OK","FULL,FULL,NONE,FULL",
20.337112,2026-09-01T19:10:31.019+01:00,12878320,138165,3172,3172,True,True,0x0B,"OK,OK,NO_IRQ,OK","FULL,FULL,NONE,FULL",
20.342871,2026-09-01T19:10:31.024+01:00,12881492,138166,3172,3172,True,True,0x0B,"OK,OK,NO_IRQ,OK","FULL,FULL,NONE,FULL",
20.346485,2026-09-01T19:10:31.031+01:00,12884664,138167,3172,3172,True,True,0x0B,"OK,OK,NO_IRQ,OK","FULL,FULL,NONE,FULL",
20.364806,2026-09-01T19:10:31.034+01:00,12887836,138168,3172,3172,True,True,0x0B,"OK,OK,NO_IRQ,OK","FULL,FULL,NONE,FULL",
20.365347,2026-09-01T19:10:31.052+01:00,12891008,138169,3172,3172,True,True,0x0B,"OK,OK,NO_IRQ,OK","FULL,FULL,NONE,FULL",
20.365817,2026-09-01T19:10:31.053+01:00,12894180,138170,3172,3172,True,True,0x0B,"OK,OK,NO_IRQ,OK","FULL,FULL,NONE,FULL",
20.367310,2026-09-01T19:10:31.053+01:00,12897352,138171,3172,3172,True,True,0x0B,"OK,OK,NO_IRQ,OK","FULL,FULL,NONE,FULL",
20.371431,2026-09-01T19:10:31.055+01:00,12900524,138172,3172,3172,True,True,0x0B,"OK,OK,NO_IRQ,OK","FULL,FULL,NONE,FULL",
20.376885,2026-09-01T19:10:31.062+01:00,12903696,138173,3172,3172,True,True,0x0B,"OK,OK,NO_IRQ,OK","FULL,FULL,NONE,FULL",
20.382291,2026-09-01T19:10:31.065+01:00,12906868,138174,3172,3172,True,True,0x0B,"OK,OK,NO_IRQ,OK","FULL,FULL,NONE,FULL",
20.387000,2026-09-01T19:10:31.070+01:00,12910040,138175,3172,3172,True,True,0x0B,"OK,OK,NO_IRQ,OK","FULL,FULL,NONE,FULL",
20.391749,2026-09-01T19:10:31.075+01:00,12913212,138176,3172,3172,True,True,0x0B,"OK,OK,NO_IRQ,OK","FULL,FULL,NONE,FULL",
20.397617,2026-09-01T19:10:31.080+01:00,12916384,138177,3172,3172,True,True,0x0B,"OK,OK,NO_IRQ,OK","FULL,FULL,NONE,FULL",
20.401206,2026-09-01T19:10:31.085+01:00,12919556,138178,3172,3172,True,True,0x0B,"OK,OK,NO_IRQ,OK","FULL,FULL,NONE,FULL",
20.415185,2026-09-01T19:10:31.089+01:00,12922728,138179,3172,3172,True,True,0x0B,"OK,OK,NO_IRQ,OK","FULL,FULL,NONE,FULL",
20.415799,2026-09-01T19:10:31.103+01:00,12925900,138180,3172,3172,True,True,0x0B,"OK,OK,NO_IRQ,OK","FULL,FULL,NONE,FULL",
20.416297,2026-09-01T19:10:31.103+01:00,12929072,138181,3172,3172,True,True,0x0B,"OK,OK,NO_IRQ,OK","FULL,FULL,NONE,FULL",
20.426473,2026-09-01T19:10:31.105+01:00,12932244,138182,3172,3172,True,True,0x0B,"OK,OK,NO_IRQ,OK","FULL,FULL,NONE,FULL",
20.429186,2026-09-01T19:10:31.115+01:00,12935416,138183,3172,3172,True,True,0x0B,"OK,OK,NO_IRQ,OK","FULL,FULL,NONE,FULL",
20.431239,2026-09-01T19:10:31.117+01:00,12938588,138184,3172,3172,True,True,0x0B,"OK,OK,NO_IRQ,OK","FULL,FULL,NONE,FULL",
20.437327,2026-09-01T19:10:31.119+01:00,12941760,138185,3172,3172,True,True,0x0B,"OK,OK,NO_IRQ,OK","FULL,FULL,NONE,FULL",
20.443074,2026-09-01T19:10:31.125+01:00,12944932,138186,3172,3172,True,True,0x0B,"OK,OK,NO_IRQ,OK","FULL,FULL,NONE,FULL",
20.447068,2026-09-01T19:10:31.130+01:00,12948104,138187,3172,3172,True,True,0x0B,"OK,OK,NO_IRQ,OK","FULL,FULL,NONE,FULL",
20.451454,2026-09-01T19:10:31.134+01:00,12951276,138188,3172,3172,True,True,0x0B,"OK,OK,NO_IRQ,OK","FULL,FULL,NONE,FULL",
20.457048,2026-09-01T19:10:31.139+01:00,12954448,138189,3172,3172,True,True,0x0B,"OK,OK,NO_IRQ,OK","FULL,FULL,NONE,FULL",
20.464228,2026-09-01T19:10:31.144+01:00,12957620,138190,3172,3172,True,True,0x0B,"OK,OK,NO_IRQ,OK","FULL,FULL,NONE,FULL",
20.477618,2026-09-01T19:10:31.152+01:00,12960792,138191,3172,3172,True,True,0x0B,"OK,OK,NO_IRQ,OK","FULL,FULL,NONE,FULL",
20.479341,2026-09-01T19:10:31.165+01:00,12963964,138192,3172,3172,True,True,0x0B,"OK,OK,NO_IRQ,OK","FULL,FULL,NONE,FULL",
20.480864,2026-09-01T19:10:31.167+01:00,12967136,138193,3172,3172,True,True,0x0B,"OK,OK,NO_IRQ,OK","FULL,FULL,NONE,FULL",
20.482175,2026-09-01T19:10:31.168+01:00,12970308,138194,3172,3172,True,True,0x0B,"OK,OK,NO_IRQ,OK","FULL,FULL,NONE,FULL",
20.487161,2026-09-01T19:10:31.170+01:00,12973480,138195,3172,3172,True,True,0x0B,"OK,OK,NO_IRQ,OK","FULL,FULL,NONE,FULL",
20.492799,2026-09-01T19:10:31.175+01:00,12976652,138196,3172,3172,True,True,0x0B,"OK,OK,NO_IRQ,OK","FULL,FULL,NONE,FULL",
20.497405,2026-09-01T19:10:31.181+01:00,12979824,138197,3172,3172,True,True,0x0B,"OK,OK,NO_IRQ,OK","FULL,FULL,NONE,FULL",
20.502232,2026-09-01T19:10:31.185+01:00,12982996,138198,3172,3172,True,True,0x0B,"OK,OK,NO_IRQ,OK","FULL,FULL,NONE,FULL",
20.509991,2026-09-01T19:10:31.190+01:00,12986168,138199,3172,3172,True,True,0x0B,"OK,OK,NO_IRQ,OK","FULL,FULL,NONE,FULL",
20.511925,2026-09-01T19:10:31.198+01:00,12989340,138200,3172,3172,True,True,0x0B,"OK,OK,NO_IRQ,OK","FULL,FULL,NONE,FULL",
20.530582,2026-09-01T19:10:31.200+01:00,12992512,138201,3172,3172,True,True,0x0B,"OK,OK,NO_IRQ,OK","FULL,FULL,NONE,FULL",
20.532164,2026-09-01T19:10:31.218+01:00,12995684,138202,3172,3172,True,True,0x0B,"OK,OK,NO_IRQ,OK","FULL,FULL,NONE,FULL",
20.534119,2026-09-01T19:10:31.220+01:00,12998856,138203,3172,3172,True,True,0x0B,"OK,OK,NO_IRQ,OK","FULL,FULL,NONE,FULL",
20.535419,2026-09-01T19:10:31.221+01:00,13002028,138204,3172,3172,True,True,0x0B,"OK,OK,NO_IRQ,OK","FULL,FULL,NONE,FULL",
20.536878,2026-09-01T19:10:31.223+01:00,13005200,138205,3172,3172,True,True,0x0B,"OK,OK,NO_IRQ,OK","FULL,FULL,NONE,FULL",
20.542766,2026-09-01T19:10:31.225+01:00,13008372,138206,3172,3172,True,True,0x0B,"OK,OK,NO_IRQ,OK","FULL,FULL,NONE,FULL",
20.547283,2026-09-01T19:10:31.230+01:00,13011544,138207,3172,3172,True,True,0x0B,"OK,OK,NO_IRQ,OK","FULL,FULL,NONE,FULL",
20.552338,2026-09-01T19:10:31.235+01:00,13014716,138208,3172,3172,True,True,0x0B,"OK,OK,NO_IRQ,OK","FULL,FULL,NONE,FULL",
20.558879,2026-09-01T19:10:31.240+01:00,13017888,138209,3172,3172,True,True,0x0B,"OK,OK,NO_IRQ,OK","FULL,FULL,NONE,FULL",
20.562322,2026-09-01T19:10:31.247+01:00,13021060,138210,3172,3172,True,True,0x0B,"OK,OK,NO_IRQ,OK","FULL,FULL,NONE,FULL",
20.568054,2026-09-01T19:10:31.250+01:00,13024232,138211,3172,3172,True,True,0x0B,"OK,OK,NO_IRQ,OK","FULL,FULL,NONE,FULL",
20.577824,2026-09-01T19:10:31.256+01:00,13027404,138212,3172,3172,True,True,0x0B,"OK,OK,NO_IRQ,OK","FULL,FULL,NONE,FULL",
20.578555,2026-09-01T19:10:31.265+01:00,13030576,138213,3172,3172,True,True,0x0B,"OK,OK,NO_IRQ,OK","FULL,FULL,NONE,FULL",
20.582327,2026-09-01T19:10:31.266+01:00,13033748,138214,3172,3172,True,True,0x0B,"OK,OK,NO_IRQ,OK","FULL,FULL,NONE,FULL",
20.587000,2026-09-01T19:10:31.270+01:00,13036920,138215,3172,3172,True,True,0x0B,"OK,OK,NO_IRQ,OK","FULL,FULL,NONE,FULL",
20.593772,2026-09-01T19:10:31.274+01:00,13040092,138216,3172,3172,True,True,0x0B,"OK,OK,NO_IRQ,OK","FULL,FULL,NONE,FULL",
20.596612,2026-09-01T19:10:31.281+01:00,13043264,138217,3172,3172,True,True,0x0B,"OK,OK,NO_IRQ,OK","FULL,FULL,NONE,FULL",
20.601971,2026-09-01T19:10:31.284+01:00,13046436,138218,3172,3172,True,True,0x0B,"OK,OK,NO_IRQ,OK","FULL,FULL,NONE,FULL",
20.607633,2026-09-01T19:10:31.289+01:00,13049608,138219,3172,3172,True,True,0x0B,"OK,OK,NO_IRQ,OK","FULL,FULL,NONE,FULL",
20.611627,2026-09-01T19:10:31.295+01:00,13052780,138220,3172,3172,True,True,0x0B,"OK,OK,NO_IRQ,OK","FULL,FULL,NONE,FULL",
20.616718,2026-09-01T19:10:31.299+01:00,13055952,138221,3172,3172,True,True,0x0B,"OK,OK,NO_IRQ,OK","FULL,FULL,NONE,FULL",
20.621631,2026-09-01T19:10:31.304+01:00,13059124,138222,3172,3172,True,True,0x0B,"OK,OK,NO_IRQ,OK","FULL,FULL,NONE,FULL",
20.642051,2026-09-01T19:10:31.310+01:00,13062296,138223,3172,3172,True,True,0x0B,"OK,OK,NO_IRQ,OK","FULL,FULL,NONE,FULL",
20.642348,2026-09-01T19:10:31.329+01:00,13065468,138224,3172,3172,True,True,0x0B,"OK,OK,NO_IRQ,OK","FULL,FULL,NONE,FULL",
20.642949,2026-09-01T19:10:31.330+01:00,13068640,138225,3172,3172,True,True,0x0B,"OK,OK,NO_IRQ,OK","FULL,FULL,NONE,FULL",
20.643564,2026-09-01T19:10:31.330+01:00,13071812,138226,3172,3172,True,True,0x0B,"OK,OK,NO_IRQ,OK","FULL,FULL,NONE,FULL",
20.646858,2026-09-01T19:10:31.331+01:00,13074984,138227,3172,3172,True,True,0x0B,"OK,OK,NO_IRQ,OK","FULL,FULL,NONE,FULL",
20.662922,2026-09-01T19:10:31.346+01:00,13078156,138228,3172,3172,True,True,0x0B,"OK,OK,NO_IRQ,OK","FULL,FULL,NONE,FULL",
20.663173,2026-09-01T19:10:31.350+01:00,13081328,138229,3172,3172,True,True,0x0B,"OK,OK,NO_IRQ,OK","FULL,FULL,NONE,FULL",
20.663364,2026-09-01T19:10:31.350+01:00,13084500,138230,3172,3172,True,True,0x0B,"OK,OK,NO_IRQ,OK","FULL,FULL,NONE,FULL",
20.676735,2026-09-01T19:10:31.353+01:00,13087672,138231,3172,3172,True,True,0x0B,"OK,OK,NO_IRQ,OK","FULL,FULL,NONE,FULL",
20.679523,2026-09-01T19:10:31.365+01:00,13090844,138232,3172,3172,True,True,0x0B,"OK,OK,NO_IRQ,OK","FULL,FULL,NONE,FULL",
20.681110,2026-09-01T19:10:31.367+01:00,13094016,138233,3172,3172,True,True,0x0B,"OK,OK,NO_IRQ,OK","FULL,FULL,NONE,FULL",
20.682581,2026-09-01T19:10:31.368+01:00,13097188,138234,3172,3172,True,True,0x0B,"OK,OK,NO_IRQ,OK","FULL,FULL,NONE,FULL",
20.686725,2026-09-01T19:10:31.370+01:00,13100360,138235,3172,3172,True,True,0x0B,"OK,OK,NO_IRQ,OK","FULL,FULL,NONE,FULL",
20.693079,2026-09-01T19:10:31.374+01:00,13103532,138236,3172,3172,True,True,0x0B,"OK,OK,NO_IRQ,OK","FULL,FULL,NONE,FULL",
20.697204,2026-09-01T19:10:31.380+01:00,13106704,138237,3172,3172,True,True,0x0B,"OK,OK,NO_IRQ,OK","FULL,FULL,NONE,FULL",
20.702307,2026-09-01T19:10:31.386+01:00,13109876,138238,3172,3172,True,True,0x0B,"OK,OK,NO_IRQ,OK","FULL,FULL,NONE,FULL",
20.708923,2026-09-01T19:10:31.390+01:00,13113048,138239,3172,3172,True,True,0x0B,"OK,OK,NO_IRQ,OK","FULL,FULL,NONE,FULL",
20.711955,2026-09-01T19:10:31.397+01:00,13116220,138240,3172,3172,True,True,0x0B,"OK,OK,NO_IRQ,OK","FULL,FULL,NONE,FULL",
20.725232,2026-09-01T19:10:31.399+01:00,13119392,138241,3172,3172,True,True,0x0B,"OK,OK,NO_IRQ,OK","FULL,FULL,NONE,FULL",
20.731275,2026-09-01T19:10:31.413+01:00,13122564,138242,3172,3172,True,True,0x0B,"OK,OK,NO_IRQ,OK","FULL,FULL,NONE,FULL",
20.731777,2026-09-01T19:10:31.419+01:00,13125736,138243,3172,3172,True,True,0x0B,"OK,OK,NO_IRQ,OK","FULL,FULL,NONE,FULL",
20.733288,2026-09-01T19:10:31.419+01:00,13128908,138244,3172,3172,True,True,0x0B,"OK,OK,NO_IRQ,OK","FULL,FULL,NONE,FULL",
20.737741,2026-09-01T19:10:31.421+01:00,13132080,138245,3172,3172,True,True,0x0B,"OK,OK,NO_IRQ,OK","FULL,FULL,NONE,FULL",
20.742993,2026-09-01T19:10:31.425+01:00,13135252,138246,3172,3172,True,True,0x0B,"OK,OK,NO_IRQ,OK","FULL,FULL,NONE,FULL",
20.747816,2026-09-01T19:10:31.430+01:00,13138424,138247,3172,3172,True,True,0x0B,"OK,OK,NO_IRQ,OK","FULL,FULL,NONE,FULL",
20.752101,2026-09-01T19:10:31.436+01:00,13141596,138248,3172,3172,True,True,0x0B,"OK,OK,NO_IRQ,OK","FULL,FULL,NONE,FULL",
20.759969,2026-09-01T19:10:31.439+01:00,13144768,138249,3172,3172,True,True,0x0B,"OK,OK,NO_IRQ,OK","FULL,FULL,NONE,FULL",
20.762828,2026-09-01T19:10:31.447+01:00,13147940,138250,3172,3172,True,True,0x0B,"OK,OK,NO_IRQ,OK","FULL,FULL,NONE,FULL",
20.783542,2026-09-01T19:10:31.451+01:00,13151112,138251,3172,3172,True,True,0x0B,"OK,OK,NO_IRQ,OK","FULL,FULL,NONE,FULL",
20.799695,2026-09-01T19:10:31.486+01:00,13154284,138252,3172,3172,True,True,0x0B,"OK,OK,NO_IRQ,OK","FULL,FULL,NONE,FULL",
20.800181,2026-09-01T19:10:31.487+01:00,13157456,138253,3172,3172,True,True,0x0B,"OK,OK,NO_IRQ,OK","FULL,FULL,NONE,FULL",
20.801485,2026-09-01T19:10:31.487+01:00,13160628,138254,3172,3172,True,True,0x0B,"OK,OK,NO_IRQ,OK","FULL,FULL,NONE,FULL",
20.802080,2026-09-01T19:10:31.489+01:00,13163800,138255,3172,3172,True,True,0x0B,"OK,OK,NO_IRQ,OK","FULL,FULL,NONE,FULL",
20.802514,2026-09-01T19:10:31.489+01:00,13166972,138256,3172,3172,True,True,0x0B,"OK,OK,NO_IRQ,OK","FULL,FULL,NONE,FULL",
20.804276,2026-09-01T19:10:31.490+01:00,13170144,138257,3172,3172,True,True,0x0B,"OK,OK,NO_IRQ,OK","FULL,FULL,NONE,FULL",
20.807284,2026-09-01T19:10:31.494+01:00,13173316,138258,3172,3172,True,True,0x0B,"OK,OK,NO_IRQ,OK","FULL,FULL,NONE,FULL",
20.807739,2026-09-01T19:10:31.494+01:00,13176488,138259,3172,3172,True,True,0x0B,"OK,OK,NO_IRQ,OK","FULL,FULL,NONE,FULL",
20.812765,2026-09-01T19:10:31.495+01:00,13179660,138260,3172,3172,True,True,0x0B,"OK,OK,NO_IRQ,OK","FULL,FULL,NONE,FULL",
20.818006,2026-09-01T19:10:31.500+01:00,13182832,138261,3172,3172,True,True,0x0B,"OK,OK,NO_IRQ,OK","FULL,FULL,NONE,FULL",
20.833884,2026-09-01T19:10:31.513+01:00,13186004,138262,3172,3172,True,True,0x0B,"OK,OK,NO_IRQ,OK","FULL,FULL,NONE,FULL",
20.835233,2026-09-01T19:10:31.521+01:00,13189176,138263,3172,3172,True,True,0x0B,"OK,OK,NO_IRQ,OK","FULL,FULL,NONE,FULL",
20.836661,2026-09-01T19:10:31.523+01:00,13192348,138264,3172,3172,True,True,0x0B,"OK,OK,NO_IRQ,OK","FULL,FULL,NONE,FULL",
20.838027,2026-09-01T19:10:31.524+01:00,13195520,138265,3172,3172,True,True,0x0B,"OK,OK,NO_IRQ,OK","FULL,FULL,NONE,FULL",
20.843252,2026-09-01T19:10:31.529+01:00,13198692,138266,3172,3172,True,True,0x0B,"OK,OK,NO_IRQ,OK","FULL,FULL,NONE,FULL",
20.848060,2026-09-01T19:10:31.531+01:00,13201864,138267,3172,3172,True,True,0x0B,"OK,OK,NO_IRQ,OK","FULL,FULL,NONE,FULL",
20.852711,2026-09-01T19:10:31.536+01:00,13205036,138268,3172,3172,True,True,0x0B,"OK,OK,NO_IRQ,OK","FULL,FULL,NONE,FULL",
20.859220,2026-09-01T19:10:31.541+01:00,13208208,138269,3172,3172,True,True,0x0B,"OK,OK,NO_IRQ,OK","FULL,FULL,NONE,FULL",
20.862910,2026-09-01T19:10:31.547+01:00,13211380,138270,3172,3172,True,True,0x0B,"OK,OK,NO_IRQ,OK","FULL,FULL,NONE,FULL",
20.867411,2026-09-01T19:10:31.551+01:00,13214552,138271,3172,3172,True,True,0x0B,"OK,OK,NO_IRQ,OK","FULL,FULL,NONE,FULL",
20.876259,2026-09-01T19:10:31.555+01:00,13217724,138272,3172,3172,True,True,0x0B,"OK,OK,NO_IRQ,OK","FULL,FULL,NONE,FULL",
20.887463,2026-09-01T19:10:31.565+01:00,13220896,138273,3172,3172,True,True,0x0B,"OK,OK,NO_IRQ,OK","FULL,FULL,NONE,FULL",
20.892260,2026-09-01T19:10:31.575+01:00,13224068,138274,3172,3172,True,True,0x0B,"OK,OK,NO_IRQ,OK","FULL,FULL,NONE,FULL",
20.893652,2026-09-01T19:10:31.579+01:00,13227240,138275,3172,3172,True,True,0x0B,"OK,OK,NO_IRQ,OK","FULL,FULL,NONE,FULL",
20.895142,2026-09-01T19:10:31.581+01:00,13230412,138276,3172,3172,True,True,0x0B,"OK,OK,NO_IRQ,OK","FULL,FULL,NONE,FULL",
20.897725,2026-09-01T19:10:31.584+01:00,13233584,138277,3172,3172,True,True,0x0B,"OK,OK,NO_IRQ,OK","FULL,FULL,NONE,FULL",
20.903218,2026-09-01T19:10:31.585+01:00,13236756,138278,3172,3172,True,True,0x0B,"OK,OK,NO_IRQ,OK","FULL,FULL,NONE,FULL",
20.909939,2026-09-01T19:10:31.591+01:00,13239928,138279,3172,3172,True,True,0x0B,"OK,OK,NO_IRQ,OK","FULL,FULL,NONE,FULL",
20.912756,2026-09-01T19:10:31.597+01:00,13243100,138280,3172,3172,True,True,0x0B,"OK,OK,NO_IRQ,OK","FULL,FULL,NONE,FULL",
20.918150,2026-09-01T19:10:31.600+01:00,13246272,138281,3172,3172,True,True,0x0B,"OK,OK,NO_IRQ,OK","FULL,FULL,NONE,FULL",
20.925310,2026-09-01T19:10:31.606+01:00,13249444,138282,3172,3172,True,True,0x0B,"OK,OK,NO_IRQ,OK","FULL,FULL,NONE,FULL",
20.929151,2026-09-01T19:10:31.613+01:00,13252616,138283,3172,3172,True,True,0x0B,"OK,OK,NO_IRQ,OK","FULL,FULL,NONE,FULL",
20.947127,2026-09-01T19:10:31.618+01:00,13255788,138284,3172,3172,True,True,0x0B,"OK,OK,NO_IRQ,OK","FULL,FULL,NONE,FULL",
20.948913,2026-09-01T19:10:31.635+01:00,13258960,138285,3172,3172,True,True,0x0B,"OK,OK,NO_IRQ,OK","FULL,FULL,NONE,FULL",
20.951106,2026-09-01T19:10:31.637+01:00,13262132,138286,3172,3172,True,True,0x0B,"OK,OK,NO_IRQ,OK","FULL,FULL,NONE,FULL",
20.952502,2026-09-01T19:10:31.638+01:00,13265304,138287,3172,3172,True,True,0x0B,"OK,OK,NO_IRQ,OK","FULL,FULL,NONE,FULL",
20.953764,2026-09-01T19:10:31.640+01:00,13268476,138288,3172,3172,True,True,0x0B,"OK,OK,NO_IRQ,OK","FULL,FULL,NONE,FULL",
20.959970,2026-09-01T19:10:31.641+01:00,13271648,138289,3172,3172,True,True,0x0B,"OK,OK,NO_IRQ,OK","FULL,FULL,NONE,FULL",
20.962957,2026-09-01T19:10:31.648+01:00,13274820,138290,3172,3172,True,True,0x0B,"OK,OK,NO_IRQ,OK","FULL,FULL,NONE,FULL",
20.967353,2026-09-01T19:10:31.651+01:00,13277992,138291,3172,3172,True,True,0x0B,"OK,OK,NO_IRQ,OK","FULL,FULL,NONE,FULL",
20.975481,2026-09-01T19:10:31.655+01:00,13281164,138292,3172,3172,True,True,0x0B,"OK,OK,NO_IRQ,OK","FULL,FULL,NONE,FULL",
20.977902,2026-09-01T19:10:31.663+01:00,13284336,138293,3172,3172,True,True,0x0B,"OK,OK,NO_IRQ,OK","FULL,FULL,NONE,FULL",
20.997786,2026-09-01T19:10:31.666+01:00,13287508,138294,3172,3172,True,True,0x0B,"OK,OK,NO_IRQ,OK","FULL,FULL,NONE,FULL",
20.999464,2026-09-01T19:10:31.685+01:00,13290680,138295,3172,3172,True,True,0x0B,"OK,OK,NO_IRQ,OK","FULL,FULL,NONE,FULL",
21.000764,2026-09-01T19:10:31.687+01:00,13293852,138296,3172,3172,True,True,0x0B,"OK,OK,NO_IRQ,OK","FULL,FULL,NONE,FULL",
21.002507,2026-09-01T19:10:31.689+01:00,13297024,138297,3172,3172,True,True,0x0B,"OK,OK,NO_IRQ,OK","FULL,FULL,NONE,FULL",
21.003629,2026-09-01T19:10:31.690+01:00,13300196,138298,3172,3172,True,True,0x0B,"OK,OK,NO_IRQ,OK","FULL,FULL,NONE,FULL",
21.010473,2026-09-01T19:10:31.691+01:00,13303368,138299,3172,3172,True,True,0x0B,"OK,OK,NO_IRQ,OK","FULL,FULL,NONE,FULL",
21.013608,2026-09-01T19:10:31.699+01:00,13306540,138300,3172,3172,True,True,0x0B,"OK,OK,NO_IRQ,OK","FULL,FULL,NONE,FULL",
21.018089,2026-09-01T19:10:31.701+01:00,13309712,138301,3172,3172,True,True,0x0B,"OK,OK,NO_IRQ,OK","FULL,FULL,NONE,FULL",
21.025979,2026-09-01T19:10:31.706+01:00,13312884,138302,3172,3172,True,True,0x0B,"OK,OK,NO_IRQ,OK","FULL,FULL,NONE,FULL",
21.027989,2026-09-01T19:10:31.714+01:00,13316056,138303,3172,3172,True,True,0x0B,"OK,OK,NO_IRQ,OK","FULL,FULL,NONE,FULL",
21.032805,2026-09-01T19:10:31.715+01:00,13319228,138304,3172,3172,True,True,0x0B,"OK,OK,NO_IRQ,OK","FULL,FULL,NONE,FULL",
21.054444,2026-09-01T19:10:31.721+01:00,13322400,138305,3172,3172,True,True,0x0B,"OK,OK,NO_IRQ,OK","FULL,FULL,NONE,FULL",
21.058052,2026-09-01T19:10:31.742+01:00,13325572,138306,3172,3172,True,True,0x0B,"OK,OK,NO_IRQ,OK","FULL,FULL,NONE,FULL",
21.059000,2026-09-01T19:10:31.746+01:00,13328744,138307,3172,3172,True,True,0x0B,"OK,OK,NO_IRQ,OK","FULL,FULL,NONE,FULL",
21.060726,2026-09-01T19:10:31.746+01:00,13331916,138308,3172,3172,True,True,0x0B,"OK,OK,NO_IRQ,OK","FULL,FULL,NONE,FULL",
21.062384,2026-09-01T19:10:31.748+01:00,13335088,138309,3172,3172,True,True,0x0B,"OK,OK,NO_IRQ,OK","FULL,FULL,NONE,FULL",
21.063864,2026-09-01T19:10:31.750+01:00,13338260,138310,3172,3172,True,True,0x0B,"OK,OK,NO_IRQ,OK","FULL,FULL,NONE,FULL",
21.068468,2026-09-01T19:10:31.752+01:00,13341432,138311,3172,3172,True,True,0x0B,"OK,OK,NO_IRQ,OK","FULL,FULL,NONE,FULL",
21.074722,2026-09-01T19:10:31.756+01:00,13344604,138312,3172,3172,True,True,0x0B,"OK,OK,NO_IRQ,OK","FULL,FULL,NONE,FULL",
21.078310,2026-09-01T19:10:31.762+01:00,13347776,138313,3172,3172,True,True,0x0B,"OK,OK,NO_IRQ,OK","FULL,FULL,NONE,FULL",
21.082797,2026-09-01T19:10:31.766+01:00,13350948,138314,3172,3172,True,True,0x0B,"OK,OK,NO_IRQ,OK","FULL,FULL,NONE,FULL",
21.088290,2026-09-01T19:10:31.771+01:00,13354120,138315,3172,3172,True,True,0x0B,"OK,OK,NO_IRQ,OK","FULL,FULL,NONE,FULL",
21.095842,2026-09-01T19:10:31.777+01:00,13357292,138316,3172,3172,True,True,0x0B,"OK,OK,NO_IRQ,OK","FULL,FULL,NONE,FULL",
21.100442,2026-09-01T19:10:31.783+01:00,13360464,138317,3172,3172,True,True,0x0B,"OK,OK,NO_IRQ,OK","FULL,FULL,NONE,FULL",
21.104549,2026-09-01T19:10:31.788+01:00,13363636,138318,3172,3172,True,True,0x0B,"OK,OK,NO_IRQ,OK","FULL,FULL,NONE,FULL",
21.111601,2026-09-01T19:10:31.792+01:00,13366808,138319,3172,3172,True,True,0x0B,"OK,OK,NO_IRQ,OK","FULL,FULL,NONE,FULL",
21.113150,2026-09-01T19:10:31.800+01:00,13369980,138320,3172,3172,True,True,0x0B,"OK,OK,NO_IRQ,OK","FULL,FULL,NONE,FULL",
21.119851,2026-09-01T19:10:31.804+01:00,13373152,138321,3172,3172,True,True,0x0B,"OK,OK,NO_IRQ,OK","FULL,FULL,NONE,FULL",
21.125108,2026-09-01T19:10:31.807+01:00,13376324,138322,3172,3172,True,True,0x0B,"OK,OK,NO_IRQ,OK","FULL,FULL,NONE,FULL",
21.128256,2026-09-01T19:10:31.812+01:00,13379496,138323,3172,3172,True,True,0x0B,"OK,OK,NO_IRQ,OK","FULL,FULL,NONE,FULL",
21.132891,2026-09-01T19:10:31.816+01:00,13382668,138324,3172,3172,True,True,0x0B,"OK,OK,NO_IRQ,OK","FULL,FULL,NONE,FULL",
21.137700,2026-09-01T19:10:31.820+01:00,13385840,138325,3172,3172,True,True,0x0B,"OK,OK,NO_IRQ,OK","FULL,FULL,NONE,FULL",
21.142639,2026-09-01T19:10:31.825+01:00,13389012,138326,3172,3172,True,True,0x0B,"OK,OK,NO_IRQ,OK","FULL,FULL,NONE,FULL",
21.147892,2026-09-01T19:10:31.830+01:00,13392184,138327,3172,3172,True,True,0x0B,"OK,OK,NO_IRQ,OK","FULL,FULL,NONE,FULL",
21.152691,2026-09-01T19:10:31.835+01:00,13395356,138328,3172,3172,True,True,0x0B,"OK,OK,NO_IRQ,OK","FULL,FULL,NONE,FULL",
21.157887,2026-09-01T19:10:31.840+01:00,13398528,138329,3172,3172,True,True,0x0B,"OK,OK,NO_IRQ,OK","FULL,FULL,NONE,FULL",
21.185744,2026-09-01T19:10:31.845+01:00,13401700,138330,3172,3172,True,True,0x0B,"OK,OK,NO_IRQ,OK","FULL,FULL,NONE,FULL",
21.187305,2026-09-01T19:10:31.873+01:00,13404872,138331,3172,3172,True,True,0x0B,"OK,OK,NO_IRQ,OK","FULL,FULL,NONE,FULL",
21.192266,2026-09-01T19:10:31.875+01:00,13408044,138332,3172,3172,True,True,0x0B,"OK,OK,NO_IRQ,OK","FULL,FULL,NONE,FULL",
21.194102,2026-09-01T19:10:31.880+01:00,13411216,138333,3172,3172,True,True,0x0B,"OK,OK,NO_IRQ,OK","FULL,FULL,NONE,FULL",
21.194787,2026-09-01T19:10:31.881+01:00,13414388,138334,3172,3172,True,True,0x0B,"OK,OK,NO_IRQ,OK","FULL,FULL,NONE,FULL",
21.195275,2026-09-01T19:10:31.882+01:00,13417560,138335,3172,3172,True,True,0x0B,"OK,OK,NO_IRQ,OK","FULL,FULL,NONE,FULL",
21.195740,2026-09-01T19:10:31.883+01:00,13420732,138336,3172,3172,True,True,0x0B,"OK,OK,NO_IRQ,OK","FULL,FULL,NONE,FULL",
21.198376,2026-09-01T19:10:31.883+01:00,13423904,138337,3172,3172,True,True,0x0B,"OK,OK,NO_IRQ,OK","FULL,FULL,NONE,FULL",
21.202892,2026-09-01T19:10:31.886+01:00,13427076,138338,3172,3172,True,True,0x0B,"OK,OK,NO_IRQ,OK","FULL,FULL,NONE,FULL",
21.208405,2026-09-01T19:10:31.890+01:00,13430248,138339,3172,3172,True,True,0x0B,"OK,OK,NO_IRQ,OK","FULL,FULL,NONE,FULL",
21.213202,2026-09-01T19:10:31.896+01:00,13433420,138340,3172,3172,True,True,0x0B,"OK,OK,NO_IRQ,OK","FULL,FULL,NONE,FULL",
21.218653,2026-09-01T19:10:31.901+01:00,13436592,138341,3172,3172,True,True,0x0B,"OK,OK,NO_IRQ,OK","FULL,FULL,NONE,FULL",
21.241495,2026-09-01T19:10:31.906+01:00,13439764,138342,3172,3172,True,True,0x0B,"OK,OK,NO_IRQ,OK","FULL,FULL,NONE,FULL",
21.245602,2026-09-01T19:10:31.931+01:00,13442936,138343,3172,3172,True,True,0x0B,"OK,OK,NO_IRQ,OK","FULL,FULL,NONE,FULL",
21.247147,2026-09-01T19:10:31.933+01:00,13446108,138344,3172,3172,True,True,0x0B,"OK,OK,NO_IRQ,OK","FULL,FULL,NONE,FULL",
21.249247,2026-09-01T19:10:31.935+01:00,13449280,138345,3172,3172,True,True,0x0B,"OK,OK,NO_IRQ,OK","FULL,FULL,NONE,FULL",
21.250813,2026-09-01T19:10:31.937+01:00,13452452,138346,3172,3172,True,True,0x0B,"OK,OK,NO_IRQ,OK","FULL,FULL,NONE,FULL",
21.252047,2026-09-01T19:10:31.938+01:00,13455624,138347,3172,3172,True,True,0x0B,"OK,OK,NO_IRQ,OK","FULL,FULL,NONE,FULL",
21.254234,2026-09-01T19:10:31.939+01:00,13458796,138348,3172,3172,True,True,0x0B,"OK,OK,NO_IRQ,OK","FULL,FULL,NONE,FULL",
21.259076,2026-09-01T19:10:31.942+01:00,13461968,138349,3172,3172,True,True,0x0B,"OK,OK,NO_IRQ,OK","FULL,FULL,NONE,FULL",
21.263819,2026-09-01T19:10:31.946+01:00,13465140,138350,3172,3172,True,True,0x0B,"OK,OK,NO_IRQ,OK","FULL,FULL,NONE,FULL",
21.268359,2026-09-01T19:10:31.951+01:00,13468312,138351,3172,3172,True,True,0x0B,"OK,OK,NO_IRQ,OK","FULL,FULL,NONE,FULL",
21.274017,2026-09-01T19:10:31.956+01:00,13471484,138352,3172,3172,True,True,0x0B,"OK,OK,NO_IRQ,OK","FULL,FULL,NONE,FULL",
21.294197,2026-09-01T19:10:31.961+01:00,13474656,138353,3172,3172,True,True,0x0B,"OK,OK,NO_IRQ,OK","FULL,FULL,NONE,FULL",
21.295818,2026-09-01T19:10:31.982+01:00,13477828,138354,3172,3172,True,True,0x0B,"OK,OK,NO_IRQ,OK","FULL,FULL,NONE,FULL",
21.297963,2026-09-01T19:10:31.984+01:00,13481000,138355,3172,3172,True,True,0x0B,"OK,OK,NO_IRQ,OK","FULL,FULL,NONE,FULL",
21.299242,2026-09-01T19:10:31.985+01:00,13484172,138356,3172,3172,True,True,0x0B,"OK,OK,NO_IRQ,OK","FULL,FULL,NONE,FULL",
21.300415,2026-09-01T19:10:31.987+01:00,13487344,138357,3172,3172,True,True,0x0B,"OK,OK,NO_IRQ,OK","FULL,FULL,NONE,FULL",
21.304216,2026-09-01T19:10:31.988+01:00,13490516,138358,3172,3172,True,True,0x0B,"OK,OK,NO_IRQ,OK","FULL,FULL,NONE,FULL",
21.311616,2026-09-01T19:10:31.992+01:00,13493688,138359,3172,3172,True,True,0x0B,"OK,OK,NO_IRQ,OK","FULL,FULL,NONE,FULL",
21.314061,2026-09-01T19:10:31.999+01:00,13496860,138360,3172,3172,True,True,0x0B,"OK,OK,NO_IRQ,OK","FULL,FULL,NONE,FULL",
21.319451,2026-09-01T19:10:32.001+01:00,13500032,138361,3172,3172,True,True,0x0B,"OK,OK,NO_IRQ,OK","FULL,FULL,NONE,FULL",
21.327176,2026-09-01T19:10:32.007+01:00,13503204,138362,3172,3172,True,True,0x0B,"OK,OK,NO_IRQ,OK","FULL,FULL,NONE,FULL",
21.328054,2026-09-01T19:10:32.014+01:00,13506376,138363,3172,3172,True,True,0x0B,"OK,OK,NO_IRQ,OK","FULL,FULL,NONE,FULL",
21.333545,2026-09-01T19:10:32.015+01:00,13509548,138364,3172,3172,True,True,0x0B,"OK,OK,NO_IRQ,OK","FULL,FULL,NONE,FULL",
21.353617,2026-09-01T19:10:32.021+01:00,13512720,138365,3172,3172,True,True,0x0B,"OK,OK,NO_IRQ,OK","FULL,FULL,NONE,FULL",
21.359223,2026-09-01T19:10:32.041+01:00,13515892,138366,3172,3172,True,True,0x0B,"OK,OK,NO_IRQ,OK","FULL,FULL,NONE,FULL",
21.360782,2026-09-01T19:10:32.047+01:00,13519064,138367,3172,3172,True,True,0x0B,"OK,OK,NO_IRQ,OK","FULL,FULL,NONE,FULL",
21.363174,2026-09-01T19:10:32.049+01:00,13522236,138368,3172,3172,True,True,0x0B,"OK,OK,NO_IRQ,OK","FULL,FULL,NONE,FULL",
21.366963,2026-09-01T19:10:32.050+01:00,13525408,138369,3172,3172,True,True,0x0B,"OK,OK,NO_IRQ,OK","FULL,FULL,NONE,FULL",
21.368446,2026-09-01T19:10:32.054+01:00,13528580,138370,3172,3172,True,True,0x0B,"OK,OK,NO_IRQ,OK","FULL,FULL,NONE,FULL",
21.370402,2026-09-01T19:10:32.056+01:00,13531752,138371,3172,3172,True,True,0x0B,"OK,OK,NO_IRQ,OK","FULL,FULL,NONE,FULL",
21.377167,2026-09-01T19:10:32.058+01:00,13534924,138372,3172,3172,True,True,0x0B,"OK,OK,NO_IRQ,OK","FULL,FULL,NONE,FULL",
21.379343,2026-09-01T19:10:32.065+01:00,13538096,138373,3172,3172,True,True,0x0B,"OK,OK,NO_IRQ,OK","FULL,FULL,NONE,FULL",
21.384051,2026-09-01T19:10:32.067+01:00,13541268,138374,3172,3172,True,True,0x0B,"OK,OK,NO_IRQ,OK","FULL,FULL,NONE,FULL",
21.393494,2026-09-01T19:10:32.072+01:00,13544440,138375,3172,3172,True,True,0x0B,"OK,OK,NO_IRQ,OK","FULL,FULL,NONE,FULL",
21.397911,2026-09-01T19:10:32.081+01:00,13547612,138376,3172,3172,True,True,0x0B,"OK,OK,NO_IRQ,OK","FULL,FULL,NONE,FULL",
21.398529,2026-09-01T19:10:32.085+01:00,13550784,138377,3172,3172,True,True,0x0B,"OK,OK,NO_IRQ,OK","FULL,FULL,NONE,FULL",
21.403408,2026-09-01T19:10:32.086+01:00,13553956,138378,3172,3172,True,True,0x0B,"OK,OK,NO_IRQ,OK","FULL,FULL,NONE,FULL",
21.411353,2026-09-01T19:10:32.091+01:00,13557128,138379,3172,3172,True,True,0x0B,"OK,OK,NO_IRQ,OK","FULL,FULL,NONE,FULL",
21.429253,2026-09-01T19:10:32.099+01:00,13560300,138380,3172,3172,True,True,0x0B,"OK,OK,NO_IRQ,OK","FULL,FULL,NONE,FULL",
21.429987,2026-09-01T19:10:32.117+01:00,13563472,138381,3172,3172,True,True,0x0B,"OK,OK,NO_IRQ,OK","FULL,FULL,NONE,FULL",
21.430627,2026-09-01T19:10:32.117+01:00,13566644,138382,3172,3172,True,True,0x0B,"OK,OK,NO_IRQ,OK","FULL,FULL,NONE,FULL",
21.435771,2026-09-01T19:10:32.118+01:00,13569816,138383,3172,3172,True,True,0x0B,"OK,OK,NO_IRQ,OK","FULL,FULL,NONE,FULL",
21.437623,2026-09-01T19:10:32.123+01:00,13572988,138384,3172,3172,True,True,0x0B,"OK,OK,NO_IRQ,OK","FULL,FULL,NONE,FULL",
21.448293,2026-09-01T19:10:32.125+01:00,13576160,138385,3172,3172,True,True,0x0B,"OK,OK,NO_IRQ,OK","FULL,FULL,NONE,FULL",
21.450446,2026-09-01T19:10:32.136+01:00,13579332,138386,3172,3172,True,True,0x0B,"OK,OK,NO_IRQ,OK","FULL,FULL,NONE,FULL",
21.451899,2026-09-01T19:10:32.138+01:00,13582504,138387,3172,3172,True,True,0x0B,"OK,OK,NO_IRQ,OK","FULL,FULL,NONE,FULL",
21.454274,2026-09-01T19:10:32.140+01:00,13585676,138388,3172,3172,True,True,0x0B,"OK,OK,NO_IRQ,OK","FULL,FULL,NONE,FULL",
21.459161,2026-09-01T19:10:32.142+01:00,13588848,138389,3172,3172,True,True,0x0B,"OK,OK,NO_IRQ,OK","FULL,FULL,NONE,FULL",
21.464576,2026-09-01T19:10:32.147+01:00,13592020,138390,3172,3172,True,True,0x0B,"OK,OK,NO_IRQ,OK","FULL,FULL,NONE,FULL",
21.468790,2026-09-01T19:10:32.152+01:00,13595192,138391,3172,3172,True,True,0x0B,"OK,OK,NO_IRQ,OK","FULL,FULL,NONE,FULL",
21.474798,2026-09-01T19:10:32.156+01:00,13598364,138392,3172,3172,True,True,0x0B,"OK,OK,NO_IRQ,OK","FULL,FULL,NONE,FULL",
21.494748,2026-09-01T19:10:32.163+01:00,13601536,138393,3172,3172,True,True,0x0B,"OK,OK,NO_IRQ,OK","FULL,FULL,NONE,FULL",
21.496493,2026-09-01T19:10:32.182+01:00,13604708,138394,3172,3172,True,True,0x0B,"OK,OK,NO_IRQ,OK","FULL,FULL,NONE,FULL",
21.498443,2026-09-01T19:10:32.184+01:00,13607880,138395,3172,3172,True,True,0x0B,"OK,OK,NO_IRQ,OK","FULL,FULL,NONE,FULL",
21.499820,2026-09-01T19:10:32.186+01:00,13611052,138396,3172,3172,True,True,0x0B,"OK,OK,NO_IRQ,OK","FULL,FULL,NONE,FULL",
21.502275,2026-09-01T19:10:32.187+01:00,13614224,138397,3172,3172,True,True,0x0B,"OK,OK,NO_IRQ,OK","FULL,FULL,NONE,FULL",
21.503765,2026-09-01T19:10:32.190+01:00,13617396,138398,3172,3172,True,True,0x0B,"OK,OK,NO_IRQ,OK","FULL,FULL,NONE,FULL",
21.510213,2026-09-01T19:10:32.192+01:00,13620568,138399,3172,3172,True,True,0x0B,"OK,OK,NO_IRQ,OK","FULL,FULL,NONE,FULL",
21.514103,2026-09-01T19:10:32.198+01:00,13623740,138400,3172,3172,True,True,0x0B,"OK,OK,NO_IRQ,OK","FULL,FULL,NONE,FULL",
21.519045,2026-09-01T19:10:32.201+01:00,13626912,138401,3172,3172,True,True,0x0B,"OK,OK,NO_IRQ,OK","FULL,FULL,NONE,FULL",
21.526920,2026-09-01T19:10:32.206+01:00,13630084,138402,3172,3172,True,True,0x0B,"OK,OK,NO_IRQ,OK","FULL,FULL,NONE,FULL",
21.529883,2026-09-01T19:10:32.215+01:00,13633256,138403,3172,3172,True,True,0x0B,"OK,OK,NO_IRQ,OK","FULL,FULL,NONE,FULL",
21.533890,2026-09-01T19:10:32.217+01:00,13636428,138404,3172,3172,True,True,0x0B,"OK,OK,NO_IRQ,OK","FULL,FULL,NONE,FULL",
21.541123,2026-09-01T19:10:32.221+01:00,13639600,138405,3172,3172,True,True,0x0B,"OK,OK,NO_IRQ,OK","FULL,FULL,NONE,FULL",
21.550188,2026-09-01T19:10:32.228+01:00,13642772,138406,3172,3172,True,True,0x0B,"OK,OK,NO_IRQ,OK","FULL,FULL,NONE,FULL",
21.551790,2026-09-01T19:10:32.237+01:00,13645944,138407,3172,3172,True,True,0x0B,"OK,OK,NO_IRQ,OK","FULL,FULL,NONE,FULL",
21.554688,2026-09-01T19:10:32.239+01:00,13649116,138408,3172,3172,True,True,0x0B,"OK,OK,NO_IRQ,OK","FULL,FULL,NONE,FULL",
21.559870,2026-09-01T19:10:32.244+01:00,13652288,138409,3172,3172,True,True,0x0B,"OK,OK,NO_IRQ,OK","FULL,FULL,NONE,FULL",
21.564397,2026-09-01T19:10:32.247+01:00,13655460,138410,3172,3172,True,True,0x0B,"OK,OK,NO_IRQ,OK","FULL,FULL,NONE,FULL",
21.569265,2026-09-01T19:10:32.252+01:00,13658632,138411,3172,3172,True,True,0x0B,"OK,OK,NO_IRQ,OK","FULL,FULL,NONE,FULL",
21.575802,2026-09-01T19:10:32.257+01:00,13661804,138412,3172,3172,True,True,0x0B,"OK,OK,NO_IRQ,OK","FULL,FULL,NONE,FULL",
21.579415,2026-09-01T19:10:32.263+01:00,13664976,138413,3172,3172,True,True,0x0B,"OK,OK,NO_IRQ,OK","FULL,FULL,NONE,FULL",
21.583770,2026-09-01T19:10:32.267+01:00,13668148,138414,3172,3172,True,True,0x0B,"OK,OK,NO_IRQ,OK","FULL,FULL,NONE,FULL",
21.602280,2026-09-01T19:10:32.271+01:00,13671320,138415,3172,3172,True,True,0x0B,"OK,OK,NO_IRQ,OK","FULL,FULL,NONE,FULL",
21.603760,2026-09-01T19:10:32.290+01:00,13674492,138416,3172,3172,True,True,0x0B,"OK,OK,NO_IRQ,OK","FULL,FULL,NONE,FULL",
21.608433,2026-09-01T19:10:32.292+01:00,13677664,138417,3172,3172,True,True,0x0B,"OK,OK,NO_IRQ,OK","FULL,FULL,NONE,FULL",
21.609359,2026-09-01T19:10:32.296+01:00,13680836,138418,3172,3172,True,True,0x0B,"OK,OK,NO_IRQ,OK","FULL,FULL,NONE,FULL",
21.611294,2026-09-01T19:10:32.297+01:00,13684008,138419,3172,3172,True,True,0x0B,"OK,OK,NO_IRQ,OK","FULL,FULL,NONE,FULL",
21.614779,2026-09-01T19:10:32.299+01:00,13687180,138420,3172,3172,True,True,0x0B,"OK,OK,NO_IRQ,OK","FULL,FULL,NONE,FULL",
21.619401,2026-09-01T19:10:32.302+01:00,13690352,138421,3172,3172,True,True,0x0B,"OK,OK,NO_IRQ,OK","FULL,FULL,NONE,FULL",
21.625837,2026-09-01T19:10:32.307+01:00,13693524,138422,3172,3172,True,True,0x0B,"OK,OK,NO_IRQ,OK","FULL,FULL,NONE,FULL",
21.629745,2026-09-01T19:10:32.314+01:00,13696696,138423,3172,3172,True,True,0x0B,"OK,OK,NO_IRQ,OK","FULL,FULL,NONE,FULL",
21.633774,2026-09-01T19:10:32.318+01:00,13699868,138424,3172,3172,True,True,0x0B,"OK,OK,NO_IRQ,OK","FULL,FULL,NONE,FULL",
21.644459,2026-09-01T19:10:32.322+01:00,13703040,138425,3172,3172,True,True,0x0B,"OK,OK,NO_IRQ,OK","FULL,FULL,NONE,FULL",
21.648455,2026-09-01T19:10:32.332+01:00,13706212,138426,3172,3172,True,True,0x0B,"OK,OK,NO_IRQ,OK","FULL,FULL,NONE,FULL",
21.648944,2026-09-01T19:10:32.336+01:00,13709384,138427,3172,3172,True,True,0x0B,"OK,OK,NO_IRQ,OK","FULL,FULL,NONE,FULL",
21.659187,2026-09-01T19:10:32.337+01:00,13712556,138428,3172,3172,True,True,0x0B,"OK,OK,NO_IRQ,OK","FULL,FULL,NONE,FULL",
21.659958,2026-09-01T19:10:32.347+01:00,13715728,138429,3172,3172,True,True,0x0B,"OK,OK,NO_IRQ,OK","FULL,FULL,NONE,FULL",
21.664046,2026-09-01T19:10:32.347+01:00,13718900,138430,3172,3172,True,True,0x0B,"OK,OK,NO_IRQ,OK","FULL,FULL,NONE,FULL",
21.668887,2026-09-01T19:10:32.351+01:00,13722072,138431,3172,3172,True,True,0x0B,"OK,OK,NO_IRQ,OK","FULL,FULL,NONE,FULL",
21.674826,2026-09-01T19:10:32.356+01:00,13725244,138432,3172,3172,True,True,0x0B,"OK,OK,NO_IRQ,OK","FULL,FULL,NONE,FULL",
21.679667,2026-09-01T19:10:32.362+01:00,13728416,138433,3172,3172,True,True,0x0B,"OK,OK,NO_IRQ,OK","FULL,FULL,NONE,FULL",
21.683872,2026-09-01T19:10:32.367+01:00,13731588,138434,3172,3172,True,True,0x0B,"OK,OK,NO_IRQ,OK","FULL,FULL,NONE,FULL",
21.694963,2026-09-01T19:10:32.371+01:00,13734760,138435,3172,3172,True,True,0x0B,"OK,OK,NO_IRQ,OK","FULL,FULL,NONE,FULL",
21.695596,2026-09-01T19:10:32.382+01:00,13737932,138436,3172,3172,True,True,0x0B,"OK,OK,NO_IRQ,OK","FULL,FULL,NONE,FULL",
21.718969,2026-09-01T19:10:32.383+01:00,13741104,138437,3172,3172,True,True,0x0B,"OK,OK,NO_IRQ,OK","FULL,FULL,NONE,FULL",
21.719570,2026-09-01T19:10:32.406+01:00,13744276,138438,3172,3172,True,True,0x0B,"OK,OK,NO_IRQ,OK","FULL,FULL,NONE,FULL",
21.720032,2026-09-01T19:10:32.407+01:00,13747448,138439,3172,3172,True,True,0x0B,"OK,OK,NO_IRQ,OK","FULL,FULL,NONE,FULL",
21.720464,2026-09-01T19:10:32.407+01:00,13750620,138440,3172,3172,True,True,0x0B,"OK,OK,NO_IRQ,OK","FULL,FULL,NONE,FULL",
21.720854,2026-09-01T19:10:32.408+01:00,13753792,138441,3172,3172,True,True,0x0B,"OK,OK,NO_IRQ,OK","FULL,FULL,NONE,FULL",
21.726074,2026-09-01T19:10:32.408+01:00,13756964,138442,3172,3172,True,True,0x0B,"OK,OK,NO_IRQ,OK","FULL,FULL,NONE,FULL",
21.751585,2026-09-01T19:10:32.418+01:00,13760136,138443,3172,3172,True,True,0x0B,"OK,OK,NO_IRQ,OK","FULL,FULL,NONE,FULL",
21.754214,2026-09-01T19:10:32.439+01:00,13763308,138444,3172,3172,True,True,0x0B,"OK,OK,NO_IRQ,OK","FULL,FULL,NONE,FULL",
21.754504,2026-09-01T19:10:32.441+01:00,13766480,138445,3172,3172,True,True,0x0B,"OK,OK,NO_IRQ,OK","FULL,FULL,NONE,FULL",
21.757329,2026-09-01T19:10:32.442+01:00,13769652,138446,3172,3172,True,True,0x0B,"OK,OK,NO_IRQ,OK","FULL,FULL,NONE,FULL",
21.757924,2026-09-01T19:10:32.445+01:00,13772824,138447,3172,3172,True,True,0x0B,"OK,OK,NO_IRQ,OK","FULL,FULL,NONE,FULL",
21.758407,2026-09-01T19:10:32.445+01:00,13775996,138448,3172,3172,True,True,0x0B,"OK,OK,NO_IRQ,OK","FULL,FULL,NONE,FULL",
21.761912,2026-09-01T19:10:32.448+01:00,13779168,138449,3172,3172,True,True,0x0B,"OK,OK,NO_IRQ,OK","FULL,FULL,NONE,FULL",
21.764833,2026-09-01T19:10:32.449+01:00,13782340,138450,3172,3172,True,True,0x0B,"OK,OK,NO_IRQ,OK","FULL,FULL,NONE,FULL",
21.770495,2026-09-01T19:10:32.453+01:00,13785512,138451,3172,3172,True,True,0x0B,"OK,OK,NO_IRQ,OK","FULL,FULL,NONE,FULL",
21.775464,2026-09-01T19:10:32.458+01:00,13788684,138452,3172,3172,True,True,0x0B,"OK,OK,NO_IRQ,OK","FULL,FULL,NONE,FULL",
21.779889,2026-09-01T19:10:32.463+01:00,13791856,138453,3172,3172,True,True,0x0B,"OK,OK,NO_IRQ,OK","FULL,FULL,NONE,FULL",
21.784763,2026-09-01T19:10:32.467+01:00,13795028,138454,3172,3172,True,True,0x0B,"OK,OK,NO_IRQ,OK","FULL,FULL,NONE,FULL",
21.804099,2026-09-01T19:10:32.472+01:00,13798200,138455,3172,3172,True,True,0x0B,"OK,OK,NO_IRQ,OK","FULL,FULL,NONE,FULL",
21.809732,2026-09-01T19:10:32.491+01:00,13801372,138456,3172,3172,True,True,0x0B,"OK,OK,NO_IRQ,OK","FULL,FULL,NONE,FULL",
21.810343,2026-09-01T19:10:32.497+01:00,13804544,138457,3172,3172,True,True,0x0B,"OK,OK,NO_IRQ,OK","FULL,FULL,NONE,FULL",
21.812041,2026-09-01T19:10:32.498+01:00,13807716,138458,3172,3172,True,True,0x0B,"OK,OK,NO_IRQ,OK","FULL,FULL,NONE,FULL",
21.813793,2026-09-01T19:10:32.500+01:00,13810888,138459,3172,3172,True,True,0x0B,"OK,OK,NO_IRQ,OK","FULL,FULL,NONE,FULL",
21.815206,2026-09-01T19:10:32.501+01:00,13814060,138460,3172,3172,True,True,0x0B,"OK,OK,NO_IRQ,OK","FULL,FULL,NONE,FULL",
21.820297,2026-09-01T19:10:32.504+01:00,13817232,138461,3172,3172,True,True,0x0B,"OK,OK,NO_IRQ,OK","FULL,FULL,NONE,FULL",
21.825629,2026-09-01T19:10:32.508+01:00,13820404,138462,3172,3172,True,True,0x0B,"OK,OK,NO_IRQ,OK","FULL,FULL,NONE,FULL",
21.830191,2026-09-01T19:10:32.513+01:00,13823576,138463,3172,3172,True,True,0x0B,"OK,OK,NO_IRQ,OK","FULL,FULL,NONE,FULL",
21.834769,2026-09-01T19:10:32.518+01:00,13826748,138464,3172,3172,True,True,0x0B,"OK,OK,NO_IRQ,OK","FULL,FULL,NONE,FULL",
21.848556,2026-09-01T19:10:32.523+01:00,13829920,138465,3172,3172,True,True,0x0B,"OK,OK,NO_IRQ,OK","FULL,FULL,NONE,FULL",
21.861437,2026-09-01T19:10:32.547+01:00,13833092,138466,3172,3172,True,True,0x0B,"OK,OK,NO_IRQ,OK","FULL,FULL,NONE,FULL",
21.863013,2026-09-01T19:10:32.549+01:00,13836264,138467,3172,3172,True,True,0x0B,"OK,OK,NO_IRQ,OK","FULL,FULL,NONE,FULL",
21.865695,2026-09-01T19:10:32.550+01:00,13839436,138468,3172,3172,True,True,0x0B,"OK,OK,NO_IRQ,OK","FULL,FULL,NONE,FULL",
21.867366,2026-09-01T19:10:32.553+01:00,13842608,138469,3172,3172,True,True,0x0B,"OK,OK,NO_IRQ,OK","FULL,FULL,NONE,FULL",
21.868760,2026-09-01T19:10:32.555+01:00,13845780,138470,3172,3172,True,True,0x0B,"OK,OK,NO_IRQ,OK","FULL,FULL,NONE,FULL",
21.870106,2026-09-01T19:10:32.556+01:00,13848952,138471,3172,3172,True,True,0x0B,"OK,OK,NO_IRQ,OK","FULL,FULL,NONE,FULL",
21.874184,2026-09-01T19:10:32.558+01:00,13852124,138472,3172,3172,True,True,0x0B,"OK,OK,NO_IRQ,OK","FULL,FULL,NONE,FULL",
21.879805,2026-09-01T19:10:32.561+01:00,13855296,138473,3172,3172,True,True,0x0B,"OK,OK,NO_IRQ,OK","FULL,FULL,NONE,FULL",
21.885076,2026-09-01T19:10:32.567+01:00,13858468,138474,3172,3172,True,True,0x0B,"OK,OK,NO_IRQ,OK","FULL,FULL,NONE,FULL",
21.893164,2026-09-01T19:10:32.573+01:00,13861640,138475,3172,3172,True,True,0x0B,"OK,OK,NO_IRQ,OK","FULL,FULL,NONE,FULL",
21.895245,2026-09-01T19:10:32.581+01:00,13864812,138476,3172,3172,True,True,0x0B,"OK,OK,NO_IRQ,OK","FULL,FULL,NONE,FULL",
21.919459,2026-09-01T19:10:32.583+01:00,13867984,138477,3172,3172,True,True,0x0B,"OK,OK,NO_IRQ,OK","FULL,FULL,NONE,FULL",
21.921185,2026-09-01T19:10:32.607+01:00,13871156,138478,3172,3172,True,True,0x0B,"OK,OK,NO_IRQ,OK","FULL,FULL,NONE,FULL",
21.926828,2026-09-01T19:10:32.608+01:00,13874328,138479,3172,3172,True,True,0x0B,"OK,OK,NO_IRQ,OK","FULL,FULL,NONE,FULL",
21.928445,2026-09-01T19:10:32.614+01:00,13877500,138480,3172,3172,True,True,0x0B,"OK,OK,NO_IRQ,OK","FULL,FULL,NONE,FULL",
21.929802,2026-09-01T19:10:32.616+01:00,13880672,138481,3172,3172,True,True,0x0B,"OK,OK,NO_IRQ,OK","FULL,FULL,NONE,FULL",
21.931095,2026-09-01T19:10:32.617+01:00,13883844,138482,3172,3172,True,True,0x0B,"OK,OK,NO_IRQ,OK","FULL,FULL,NONE,FULL",
21.933270,2026-09-01T19:10:32.619+01:00,13887016,138483,3172,3172,True,True,0x0B,"OK,OK,NO_IRQ,OK","FULL,FULL,NONE,FULL",
21.935249,2026-09-01T19:10:32.621+01:00,13890188,138484,3172,3172,True,True,0x0B,"OK,OK,NO_IRQ,OK","FULL,FULL,NONE,FULL",
21.943949,2026-09-01T19:10:32.623+01:00,13893360,138485,3172,3172,True,True,0x0B,"OK,OK,NO_IRQ,OK","FULL,FULL,NONE,FULL",
21.945064,2026-09-01T19:10:32.632+01:00,13896532,138486,3172,3172,True,True,0x0B,"OK,OK,NO_IRQ,OK","FULL,FULL,NONE,FULL",
21.949468,2026-09-01T19:10:32.632+01:00,13899704,138487,3172,3172,True,True,0x0B,"OK,OK,NO_IRQ,OK","FULL,FULL,NONE,FULL",
21.956467,2026-09-01T19:10:32.637+01:00,13902876,138488,3172,3172,True,True,0x0B,"OK,OK,NO_IRQ,OK","FULL,FULL,NONE,FULL",
21.961197,2026-09-01T19:10:32.644+01:00,13906048,138489,3172,3172,True,True,0x0B,"OK,OK,NO_IRQ,OK","FULL,FULL,NONE,FULL",
21.965368,2026-09-01T19:10:32.649+01:00,13909220,138490,3172,3172,True,True,0x0B,"OK,OK,NO_IRQ,OK","FULL,FULL,NONE,FULL",
21.976062,2026-09-01T19:10:32.653+01:00,13912392,138491,3172,3172,True,True,0x0B,"OK,OK,NO_IRQ,OK","FULL,FULL,NONE,FULL",
21.994407,2026-09-01T19:10:32.663+01:00,13915564,138492,3172,3172,True,True,0x0B,"OK,OK,NO_IRQ,OK","FULL,FULL,NONE,FULL",
21.996769,2026-09-01T19:10:32.682+01:00,13918736,138493,3172,3172,True,True,0x0B,"OK,OK,NO_IRQ,OK","FULL,FULL,NONE,FULL",
21.997352,2026-09-01T19:10:32.684+01:00,13921908,138494,3172,3172,True,True,0x0B,"OK,OK,NO_IRQ,OK","FULL,FULL,NONE,FULL",
21.998887,2026-09-01T19:10:32.685+01:00,13925080,138495,3172,3172,True,True,0x0B,"OK,OK,NO_IRQ,OK","FULL,FULL,NONE,FULL",
22.000203,2026-09-01T19:10:32.687+01:00,13928252,138496,3172,3172,True,True,0x0B,"OK,OK,NO_IRQ,OK","FULL,FULL,NONE,FULL",
22.001312,2026-09-01T19:10:32.687+01:00,13931424,138497,3172,3172,True,True,0x0B,"OK,OK,NO_IRQ,OK","FULL,FULL,NONE,FULL",
22.004729,2026-09-01T19:10:32.689+01:00,13934596,138498,3172,3172,True,True,0x0B,"OK,OK,NO_IRQ,OK","FULL,FULL,NONE,FULL",
22.010616,2026-09-01T19:10:32.696+01:00,13937768,138499,3172,3172,True,True,0x0B,"OK,OK,NO_IRQ,OK","FULL,FULL,NONE,FULL",
22.015714,2026-09-01T19:10:32.698+01:00,13940940,138500,3172,3172,True,True,0x0B,"OK,OK,NO_IRQ,OK","FULL,FULL,NONE,FULL",
22.020154,2026-09-01T19:10:32.703+01:00,13944112,138501,3172,3172,True,True,0x0B,"OK,OK,NO_IRQ,OK","FULL,FULL,NONE,FULL",
22.025312,2026-09-01T19:10:32.707+01:00,13947284,138502,3172,3172,True,True,0x0B,"OK,OK,NO_IRQ,OK","FULL,FULL,NONE,FULL",
22.030045,2026-09-01T19:10:32.713+01:00,13950456,138503,3172,3172,True,True,0x0B,"OK,OK,NO_IRQ,OK","FULL,FULL,NONE,FULL",
22.041927,2026-09-01T19:10:32.717+01:00,13953628,138504,3172,3172,True,True,0x0B,"OK,OK,NO_IRQ,OK","FULL,FULL,NONE,FULL",
22.042533,2026-09-01T19:10:32.729+01:00,13956800,138505,3172,3172,True,True,0x0B,"OK,OK,NO_IRQ,OK","FULL,FULL,NONE,FULL",
22.045550,2026-09-01T19:10:32.730+01:00,13959972,138506,3172,3172,True,True,0x0B,"OK,OK,NO_IRQ,OK","FULL,FULL,NONE,FULL",
22.053673,2026-09-01T19:10:32.734+01:00,13963144,138507,3172,3172,True,True,0x0B,"OK,OK,NO_IRQ,OK","FULL,FULL,NONE,FULL",
22.054904,2026-09-01T19:10:32.741+01:00,13966316,138508,3172,3172,True,True,0x0B,"OK,OK,NO_IRQ,OK","FULL,FULL,NONE,FULL",
22.062256,2026-09-01T19:10:32.743+01:00,13969488,138509,3172,3172,True,True,0x0B,"OK,OK,NO_IRQ,OK","FULL,FULL,NONE,FULL",
22.064865,2026-09-01T19:10:32.750+01:00,13972660,138510,3172,3172,True,True,0x0B,"OK,OK,NO_IRQ,OK","FULL,FULL,NONE,FULL",
22.070601,2026-09-01T19:10:32.753+01:00,13975832,138511,3172,3172,True,True,0x0B,"OK,OK,NO_IRQ,OK","FULL,FULL,NONE,FULL",
22.076098,2026-09-01T19:10:32.758+01:00,13979004,138512,3172,3172,True,True,0x0B,"OK,OK,NO_IRQ,OK","FULL,FULL,NONE,FULL",
22.080374,2026-09-01T19:10:32.764+01:00,13982176,138513,3172,3172,True,True,0x0B,"OK,OK,NO_IRQ,OK","FULL,FULL,NONE,FULL",
22.085037,2026-09-01T19:10:32.768+01:00,13985348,138514,3172,3172,True,True,0x0B,"OK,OK,NO_IRQ,OK","FULL,FULL,NONE,FULL",
22.091685,2026-09-01T19:10:32.773+01:00,13988520,138515,3172,3172,True,True,0x0B,"OK,OK,NO_IRQ,OK","FULL,FULL,NONE,FULL",
22.099500,2026-09-01T19:10:32.779+01:00,13991692,138516,3172,3172,True,True,0x0B,"OK,OK,NO_IRQ,OK","FULL,FULL,NONE,FULL",
22.113899,2026-09-01T19:10:32.788+01:00,13994864,138517,3172,3172,True,True,0x0B,"OK,OK,NO_IRQ,OK","FULL,FULL,NONE,FULL",
22.116402,2026-09-01T19:10:32.801+01:00,13998036,138518,3172,3172,True,True,0x0B,"OK,OK,NO_IRQ,OK","FULL,FULL,NONE,FULL",
22.117513,2026-09-01T19:10:32.804+01:00,14001208,138519,3172,3172,True,True,0x0B,"OK,OK,NO_IRQ,OK","FULL,FULL,NONE,FULL",
22.119349,2026-09-01T19:10:32.805+01:00,14004380,138520,3172,3172,True,True,0x0B,"OK,OK,NO_IRQ,OK","FULL,FULL,NONE,FULL",
22.120623,2026-09-01T19:10:32.807+01:00,14007552,138521,3172,3172,True,True,0x0B,"OK,OK,NO_IRQ,OK","FULL,FULL,NONE,FULL",
22.125191,2026-09-01T19:10:32.808+01:00,14010724,138522,3172,3172,True,True,0x0B,"OK,OK,NO_IRQ,OK","FULL,FULL,NONE,FULL",
22.130318,2026-09-01T19:10:32.813+01:00,14013896,138523,3172,3172,True,True,0x0B,"OK,OK,NO_IRQ,OK","FULL,FULL,NONE,FULL",
22.167277,2026-09-01T19:10:32.853+01:00,14017068,138524,3172,3172,True,True,0x0B,"OK,OK,NO_IRQ,OK","FULL,FULL,NONE,FULL",
22.168841,2026-09-01T19:10:32.855+01:00,14020240,138525,3172,3172,True,True,0x0B,"OK,OK,NO_IRQ,OK","FULL,FULL,NONE,FULL",
22.171396,2026-09-01T19:10:32.856+01:00,14023412,138526,3172,3172,True,True,0x0B,"OK,OK,NO_IRQ,OK","FULL,FULL,NONE,FULL",
22.176429,2026-09-01T19:10:32.863+01:00,14026584,138527,3172,3172,True,True,0x0B,"OK,OK,NO_IRQ,OK","FULL,FULL,NONE,FULL",
22.179336,2026-09-01T19:10:32.864+01:00,14029756,138528,3172,3172,True,True,0x0B,"OK,OK,NO_IRQ,OK","FULL,FULL,NONE,FULL",
22.181506,2026-09-01T19:10:32.867+01:00,14032928,138529,3172,3172,True,True,0x0B,"OK,OK,NO_IRQ,OK","FULL,FULL,NONE,FULL",
22.182847,2026-09-01T19:10:32.869+01:00,14036100,138530,3172,3172,True,True,0x0B,"OK,OK,NO_IRQ,OK","FULL,FULL,NONE,FULL",
22.184587,2026-09-01T19:10:32.871+01:00,14039272,138531,3172,3172,True,True,0x0B,"OK,OK,NO_IRQ,OK","FULL,FULL,NONE,FULL",
22.186232,2026-09-01T19:10:32.872+01:00,14042444,138532,3172,3172,True,True,0x0B,"OK,OK,NO_IRQ,OK","FULL,FULL,NONE,FULL",
22.187905,2026-09-01T19:10:32.874+01:00,14045616,138533,3172,3172,True,True,0x0B,"OK,OK,NO_IRQ,OK","FULL,FULL,NONE,FULL",
22.192333,2026-09-01T19:10:32.875+01:00,14048788,138534,3172,3172,True,True,0x0B,"OK,OK,NO_IRQ,OK","FULL,FULL,NONE,FULL",
22.198560,2026-09-01T19:10:32.880+01:00,14051960,138535,3172,3172,True,True,0x0B,"OK,OK,NO_IRQ,OK","FULL,FULL,NONE,FULL",
22.200104,2026-09-01T19:10:32.886+01:00,14055132,138536,3172,3172,True,True,0x0B,"OK,OK,NO_IRQ,OK","FULL,FULL,NONE,FULL",
22.201419,2026-09-01T19:10:32.887+01:00,14058304,138537,3172,3172,True,True,0x0B,"OK,OK,NO_IRQ,OK","FULL,FULL,NONE,FULL",
22.209517,2026-09-01T19:10:32.889+01:00,14061476,138538,3172,3172,True,True,0x0B,"OK,OK,NO_IRQ,OK","FULL,FULL,NONE,FULL",
22.213423,2026-09-01T19:10:32.897+01:00,14064648,138539,3172,3172,True,True,0x0B,"OK,OK,NO_IRQ,OK","FULL,FULL,NONE,FULL",
22.217131,2026-09-01T19:10:32.901+01:00,14067820,138540,3172,3172,True,True,0x0B,"OK,OK,NO_IRQ,OK","FULL,FULL,NONE,FULL",
22.220855,2026-09-01T19:10:32.904+01:00,14070992,138541,3172,3172,True,True,0x0B,"OK,OK,NO_IRQ,OK","FULL,FULL,NONE,FULL",
22.225744,2026-09-01T19:10:32.908+01:00,14074164,138542,3172,3172,True,True,0x0B,"OK,OK,NO_IRQ,OK","FULL,FULL,NONE,FULL",
22.232547,2026-09-01T19:10:32.913+01:00,14077336,138543,3172,3172,True,True,0x0B,"OK,OK,NO_IRQ,OK","FULL,FULL,NONE,FULL",
22.235074,2026-09-01T19:10:32.920+01:00,14080508,138544,3172,3172,True,True,0x0B,"OK,OK,NO_IRQ,OK","FULL,FULL,NONE,FULL",
22.242651,2026-09-01T19:10:32.922+01:00,14083680,138545,3172,3172,True,True,0x0B,"OK,OK,NO_IRQ,OK","FULL,FULL,NONE,FULL",
22.245143,2026-09-01T19:10:32.930+01:00,14086852,138546,3172,3172,True,True,0x0B,"OK,OK,NO_IRQ,OK","FULL,FULL,NONE,FULL",
22.250000,2026-09-01T19:10:32.932+01:00,14090024,138547,3172,3172,True,True,0x0B,"OK,OK,NO_IRQ,OK","FULL,FULL,NONE,FULL",
22.256713,2026-09-01T19:10:32.937+01:00,14093196,138548,3172,3172,True,True,0x0B,"OK,OK,NO_IRQ,OK","FULL,FULL,NONE,FULL",
22.260048,2026-09-01T19:10:32.944+01:00,14096368,138549,3172,3172,True,True,0x0B,"OK,OK,NO_IRQ,OK","FULL,FULL,NONE,FULL",
22.265111,2026-09-01T19:10:32.947+01:00,14099540,138550,3172,3172,True,True,0x0B,"OK,OK,NO_IRQ,OK","FULL,FULL,NONE,FULL",
22.295373,2026-09-01T19:10:32.952+01:00,14102712,138551,3172,3172,True,True,0x0B,"OK,OK,NO_IRQ,OK","FULL,FULL,NONE,FULL",
22.296891,2026-09-01T19:10:32.983+01:00,14105884,138552,3172,3172,True,True,0x0B,"OK,OK,NO_IRQ,OK","FULL,FULL,NONE,FULL",
22.298766,2026-09-01T19:10:32.985+01:00,14109056,138553,3172,3172,True,True,0x0B,"OK,OK,NO_IRQ,OK","FULL,FULL,NONE,FULL",
22.300179,2026-09-01T19:10:32.986+01:00,14112228,138554,3172,3172,True,True,0x0B,"OK,OK,NO_IRQ,OK","FULL,FULL,NONE,FULL",
22.300660,2026-09-01T19:10:32.987+01:00,14115400,138555,3172,3172,True,True,0x0B,"OK,OK,NO_IRQ,OK","FULL,FULL,NONE,FULL",
22.302014,2026-09-01T19:10:32.988+01:00,14118572,138556,3172,3172,True,True,0x0B,"OK,OK,NO_IRQ,OK","FULL,FULL,NONE,FULL",
22.303886,2026-09-01T19:10:32.989+01:00,14121744,138557,3172,3172,True,True,0x0B,"OK,OK,NO_IRQ,OK","FULL,FULL,NONE,FULL",
22.309454,2026-09-01T19:10:32.992+01:00,14124916,138558,3172,3172,True,True,0x0B,"OK,OK,NO_IRQ,OK","FULL,FULL,NONE,FULL",
22.311686,2026-09-01T19:10:32.997+01:00,14128088,138559,3172,3172,True,True,0x0B,"OK,OK,NO_IRQ,OK","FULL,FULL,NONE,FULL",
22.315803,2026-09-01T19:10:32.999+01:00,14131260,138560,3172,3172,True,True,0x0B,"OK,OK,NO_IRQ,OK","FULL,FULL,NONE,FULL",
22.321280,2026-09-01T19:10:33.003+01:00,14134432,138561,3172,3172,True,True,0x0B,"OK,OK,NO_IRQ,OK","FULL,FULL,NONE,FULL",
22.325505,2026-09-01T19:10:33.012+01:00,14137604,138562,3172,3172,True,True,0x0B,"OK,OK,NO_IRQ,OK","FULL,FULL,NONE,FULL",
22.330596,2026-09-01T19:10:33.014+01:00,14140776,138563,3172,3172,True,True,0x0B,"OK,OK,NO_IRQ,OK","FULL,FULL,NONE,FULL",
22.349209,2026-09-01T19:10:33.018+01:00,14143948,138564,3172,3172,True,True,0x0B,"OK,OK,NO_IRQ,OK","FULL,FULL,NONE,FULL",
22.351630,2026-09-01T19:10:33.037+01:00,14147120,138565,3172,3172,True,True,0x0B,"OK,OK,NO_IRQ,OK","FULL,FULL,NONE,FULL",
22.353120,2026-09-01T19:10:33.039+01:00,14150292,138566,3172,3172,True,True,0x0B,"OK,OK,NO_IRQ,OK","FULL,FULL,NONE,FULL",
22.354321,2026-09-01T19:10:33.040+01:00,14153464,138567,3172,3172,True,True,0x0B,"OK,OK,NO_IRQ,OK","FULL,FULL,NONE,FULL",
22.359621,2026-09-01T19:10:33.046+01:00,14156636,138568,3172,3172,True,True,0x0B,"OK,OK,NO_IRQ,OK","FULL,FULL,NONE,FULL",
22.362623,2026-09-01T19:10:33.048+01:00,14159808,138569,3172,3172,True,True,0x0B,"OK,OK,NO_IRQ,OK","FULL,FULL,NONE,FULL",
22.365458,2026-09-01T19:10:33.051+01:00,14162980,138570,3172,3172,True,True,0x0B,"OK,OK,NO_IRQ,OK","FULL,FULL,NONE,FULL",
22.371481,2026-09-01T19:10:33.053+01:00,14166152,138571,3172,3172,True,True,0x0B,"OK,OK,NO_IRQ,OK","FULL,FULL,NONE,FULL",
22.375806,2026-09-01T19:10:33.059+01:00,14169324,138572,3172,3172,True,True,0x0B,"OK,OK,NO_IRQ,OK","FULL,FULL,NONE,FULL",
22.380827,2026-09-01T19:10:33.064+01:00,14172496,138573,3172,3172,True,True,0x0B,"OK,OK,NO_IRQ,OK","FULL,FULL,NONE,FULL",
22.385932,2026-09-01T19:10:33.069+01:00,14175668,138574,3172,3172,True,True,0x0B,"OK,OK,NO_IRQ,OK","FULL,FULL,NONE,FULL",
22.394170,2026-09-01T19:10:33.073+01:00,14178840,138575,3172,3172,True,True,0x0B,"OK,OK,NO_IRQ,OK","FULL,FULL,NONE,FULL",
22.408574,2026-09-01T19:10:33.081+01:00,14182012,138576,3172,3172,True,True,0x0B,"OK,OK,NO_IRQ,OK","FULL,FULL,NONE,FULL",
22.410448,2026-09-01T19:10:33.096+01:00,14185184,138577,3172,3172,True,True,0x0B,"OK,OK,NO_IRQ,OK","FULL,FULL,NONE,FULL",
22.412288,2026-09-01T19:10:33.098+01:00,14188356,138578,3172,3172,True,True,0x0B,"OK,OK,NO_IRQ,OK","FULL,FULL,NONE,FULL",
22.414582,2026-09-01T19:10:33.100+01:00,14191528,138579,3172,3172,True,True,0x0B,"OK,OK,NO_IRQ,OK","FULL,FULL,NONE,FULL",
22.416195,2026-09-01T19:10:33.102+01:00,14194700,138580,3172,3172,True,True,0x0B,"OK,OK,NO_IRQ,OK","FULL,FULL,NONE,FULL",
22.421011,2026-09-01T19:10:33.104+01:00,14197872,138581,3172,3172,True,True,0x0B,"OK,OK,NO_IRQ,OK","FULL,FULL,NONE,FULL",
22.426307,2026-09-01T19:10:33.108+01:00,14201044,138582,3172,3172,True,True,0x0B,"OK,OK,NO_IRQ,OK","FULL,FULL,NONE,FULL",
22.431184,2026-09-01T19:10:33.114+01:00,14204216,138583,3172,3172,True,True,0x0B,"OK,OK,NO_IRQ,OK","FULL,FULL,NONE,FULL",
22.435955,2026-09-01T19:10:33.119+01:00,14207388,138584,3172,3172,True,True,0x0B,"OK,OK,NO_IRQ,OK","FULL,FULL,NONE,FULL",
22.443266,2026-09-01T19:10:33.123+01:00,14210560,138585,3172,3172,True,True,0x0B,"OK,OK,NO_IRQ,OK","FULL,FULL,NONE,FULL",
22.446250,2026-09-01T19:10:33.131+01:00,14213732,138586,3172,3172,True,True,0x0B,"OK,OK,NO_IRQ,OK","FULL,FULL,NONE,FULL",
22.458031,2026-09-01T19:10:33.135+01:00,14216904,138587,3172,3172,True,True,0x0B,"OK,OK,NO_IRQ,OK","FULL,FULL,NONE,FULL",
22.458369,2026-09-01T19:10:33.145+01:00,14220076,138588,3172,3172,True,True,0x0B,"OK,OK,NO_IRQ,OK","FULL,FULL,NONE,FULL",
22.460866,2026-09-01T19:10:33.146+01:00,14223248,138589,3172,3172,True,True,0x0B,"OK,OK,NO_IRQ,OK","FULL,FULL,NONE,FULL",
22.466302,2026-09-01T19:10:33.148+01:00,14226420,138590,3172,3172,True,True,0x0B,"OK,OK,NO_IRQ,OK","FULL,FULL,NONE,FULL",
22.471310,2026-09-01T19:10:33.154+01:00,14229592,138591,3172,3172,True,True,0x0B,"OK,OK,NO_IRQ,OK","FULL,FULL,NONE,FULL",
22.476415,2026-09-01T19:10:33.160+01:00,14232764,138592,3172,3172,True,True,0x0B,"OK,OK,NO_IRQ,OK","FULL,FULL,NONE,FULL",
22.481643,2026-09-01T19:10:33.165+01:00,14235936,138593,3172,3172,True,True,0x0B,"OK,OK,NO_IRQ,OK","FULL,FULL,NONE,FULL",
22.485906,2026-09-01T19:10:33.169+01:00,14239108,138594,3172,3172,True,True,0x0B,"OK,OK,NO_IRQ,OK","FULL,FULL,NONE,FULL",
22.492301,2026-09-01T19:10:33.174+01:00,14242280,138595,3172,3172,True,True,0x0B,"OK,OK,NO_IRQ,OK","FULL,FULL,NONE,FULL",
22.513355,2026-09-01T19:10:33.180+01:00,14245452,138596,3172,3172,True,True,0x0B,"OK,OK,NO_IRQ,OK","FULL,FULL,NONE,FULL",
22.515261,2026-09-01T19:10:33.201+01:00,14248624,138597,3172,3172,True,True,0x0B,"OK,OK,NO_IRQ,OK","FULL,FULL,NONE,FULL",
22.516821,2026-09-01T19:10:33.203+01:00,14251796,138598,3172,3172,True,True,0x0B,"OK,OK,NO_IRQ,OK","FULL,FULL,NONE,FULL",
22.518313,2026-09-01T19:10:33.204+01:00,14254968,138599,3172,3172,True,True,0x0B,"OK,OK,NO_IRQ,OK","FULL,FULL,NONE,FULL",
22.520468,2026-09-01T19:10:33.206+01:00,14258140,138600,3172,3172,True,True,0x0B,"OK,OK,NO_IRQ,OK","FULL,FULL,NONE,FULL",
22.525562,2026-09-01T19:10:33.208+01:00,14261312,138601,3172,3172,True,True,0x0B,"OK,OK,NO_IRQ,OK","FULL,FULL,NONE,FULL",
22.527309,2026-09-01T19:10:33.213+01:00,14264484,138602,3172,3172,True,True,0x0B,"OK,OK,NO_IRQ,OK","FULL,FULL,NONE,FULL",
22.531194,2026-09-01T19:10:33.215+01:00,14267656,138603,3172,3172,True,True,0x0B,"OK,OK,NO_IRQ,OK","FULL,FULL,NONE,FULL",
22.536996,2026-09-01T19:10:33.219+01:00,14270828,138604,3172,3172,True,True,0x0B,"OK,OK,NO_IRQ,OK","FULL,FULL,NONE,FULL",
22.542417,2026-09-01T19:10:33.224+01:00,14274000,138605,3172,3172,True,True,0x0B,"OK,OK,NO_IRQ,OK","FULL,FULL,NONE,FULL",
22.546399,2026-09-01T19:10:33.230+01:00,14277172,138606,3172,3172,True,True,0x0B,"OK,OK,NO_IRQ,OK","FULL,FULL,NONE,FULL",
22.567535,2026-09-01T19:10:33.234+01:00,14280344,138607,3172,3172,True,True,0x0B,"OK,OK,NO_IRQ,OK","FULL,FULL,NONE,FULL",
22.570443,2026-09-01T19:10:33.255+01:00,14283516,138608,3172,3172,True,True,0x0B,"OK,OK,NO_IRQ,OK","FULL,FULL,NONE,FULL",
22.571432,2026-09-01T19:10:33.258+01:00,14286688,138609,3172,3172,True,True,0x0B,"OK,OK,NO_IRQ,OK","FULL,FULL,NONE,FULL",
22.577944,2026-09-01T19:10:33.263+01:00,14289860,138610,3172,3172,True,True,0x0B,"OK,OK,NO_IRQ,OK","FULL,FULL,NONE,FULL",
22.580349,2026-09-01T19:10:33.266+01:00,14293032,138611,3172,3172,True,True,0x0B,"OK,OK,NO_IRQ,OK","FULL,FULL,NONE,FULL",
22.581698,2026-09-01T19:10:33.268+01:00,14296204,138612,3172,3172,True,True,0x0B,"OK,OK,NO_IRQ,OK","FULL,FULL,NONE,FULL",
22.583386,2026-09-01T19:10:33.269+01:00,14299376,138613,3172,3172,True,True,0x0B,"OK,OK,NO_IRQ,OK","FULL,FULL,NONE,FULL",
22.586591,2026-09-01T19:10:33.271+01:00,14302548,138614,3172,3172,True,True,0x0B,"OK,OK,NO_IRQ,OK","FULL,FULL,NONE,FULL",
22.592890,2026-09-01T19:10:33.274+01:00,14305720,138615,3172,3172,True,True,0x0B,"OK,OK,NO_IRQ,OK","FULL,FULL,NONE,FULL",
22.596877,2026-09-01T19:10:33.281+01:00,14308892,138616,3172,3172,True,True,0x0B,"OK,OK,NO_IRQ,OK","FULL,FULL,NONE,FULL",
22.600890,2026-09-01T19:10:33.284+01:00,14312064,138617,3172,3172,True,True,0x0B,"OK,OK,NO_IRQ,OK","FULL,FULL,NONE,FULL",
22.608627,2026-09-01T19:10:33.288+01:00,14315236,138618,3172,3172,True,True,0x0B,"OK,OK,NO_IRQ,OK","FULL,FULL,NONE,FULL",
22.611425,2026-09-01T19:10:33.296+01:00,14318408,138619,3172,3172,True,True,0x0B,"OK,OK,NO_IRQ,OK","FULL,FULL,NONE,FULL",
22.630258,2026-09-01T19:10:33.299+01:00,14321580,138620,3172,3172,True,True,0x0B,"OK,OK,NO_IRQ,OK","FULL,FULL,NONE,FULL",
22.633174,2026-09-01T19:10:33.319+01:00,14324752,138621,3172,3172,True,True,0x0B,"OK,OK,NO_IRQ,OK","FULL,FULL,NONE,FULL",
22.635509,2026-09-01T19:10:33.321+01:00,14327924,138622,3172,3172,True,True,0x0B,"OK,OK,NO_IRQ,OK","FULL,FULL,NONE,FULL",
22.637475,2026-09-01T19:10:33.323+01:00,14331096,138623,3172,3172,True,True,0x0B,"OK,OK,NO_IRQ,OK","FULL,FULL,NONE,FULL",
22.643343,2026-09-01T19:10:33.325+01:00,14334268,138624,3172,3172,True,True,0x0B,"OK,OK,NO_IRQ,OK","FULL,FULL,NONE,FULL",
22.645398,2026-09-01T19:10:33.331+01:00,14337440,138625,3172,3172,True,True,0x0B,"OK,OK,NO_IRQ,OK","FULL,FULL,NONE,FULL",
22.647490,2026-09-01T19:10:33.334+01:00,14340612,138626,3172,3172,True,True,0x0B,"OK,OK,NO_IRQ,OK","FULL,FULL,NONE,FULL",
22.651718,2026-09-01T19:10:33.335+01:00,14343784,138627,3172,3172,True,True,0x0B,"OK,OK,NO_IRQ,OK","FULL,FULL,NONE,FULL",
22.660328,2026-09-01T19:10:33.339+01:00,14346956,138628,3172,3172,True,True,0x0B,"OK,OK,NO_IRQ,OK","FULL,FULL,NONE,FULL",
22.664063,2026-09-01T19:10:33.351+01:00,14350128,138629,3172,3172,True,True,0x0B,"OK,OK,NO_IRQ,OK","FULL,FULL,NONE,FULL",
22.666632,2026-09-01T19:10:33.351+01:00,14353300,138630,3172,3172,True,True,0x0B,"OK,OK,NO_IRQ,OK","FULL,FULL,NONE,FULL",
22.677658,2026-09-01T19:10:33.354+01:00,14356472,138631,3172,3172,True,True,0x0B,"OK,OK,NO_IRQ,OK","FULL,FULL,NONE,FULL",
22.678225,2026-09-01T19:10:33.365+01:00,14359644,138632,3172,3172,True,True,0x0B,"OK,OK,NO_IRQ,OK","FULL,FULL,NONE,FULL",
22.681394,2026-09-01T19:10:33.365+01:00,14362816,138633,3172,3172,True,True,0x0B,"OK,OK,NO_IRQ,OK","FULL,FULL,NONE,FULL",
22.697553,2026-09-01T19:10:33.370+01:00,14365988,138634,3172,3172,True,True,0x0B,"OK,OK,NO_IRQ,OK","FULL,FULL,NONE,FULL",
22.701934,2026-09-01T19:10:33.385+01:00,14369160,138635,3172,3172,True,True,0x0B,"OK,OK,NO_IRQ,OK","FULL,FULL,NONE,FULL",
22.704307,2026-09-01T19:10:33.390+01:00,14372332,138636,3172,3172,True,True,0x0B,"OK,OK,NO_IRQ,OK","FULL,FULL,NONE,FULL",
22.711836,2026-09-01T19:10:33.392+01:00,14375504,138637,3172,3172,True,True,0x0B,"OK,OK,NO_IRQ,OK","FULL,FULL,NONE,FULL",
22.714041,2026-09-01T19:10:33.400+01:00,14378676,138638,3172,3172,True,True,0x0B,"OK,OK,NO_IRQ,OK","FULL,FULL,NONE,FULL",
22.715766,2026-09-01T19:10:33.402+01:00,14381848,138639,3172,3172,True,True,0x0B,"OK,OK,NO_IRQ,OK","FULL,FULL,NONE,FULL",
22.717295,2026-09-01T19:10:33.403+01:00,14385020,138640,3172,3172,True,True,0x0B,"OK,OK,NO_IRQ,OK","FULL,FULL,NONE,FULL",
22.728650,2026-09-01T19:10:33.405+01:00,14388192,138641,3172,3172,True,True,0x0B,"OK,OK,NO_IRQ,OK","FULL,FULL,NONE,FULL",
22.730041,2026-09-01T19:10:33.416+01:00,14391364,138642,3172,3172,True,True,0x0B,"OK,OK,NO_IRQ,OK","FULL,FULL,NONE,FULL",
22.732835,2026-09-01T19:10:33.418+01:00,14394536,138643,3172,3172,True,True,0x0B,"OK,OK,NO_IRQ,OK","FULL,FULL,NONE,FULL",
22.737223,2026-09-01T19:10:33.420+01:00,14397708,138644,3172,3172,True,True,0x0B,"OK,OK,NO_IRQ,OK","FULL,FULL,NONE,FULL",
22.744849,2026-09-01T19:10:33.425+01:00,14400880,138645,3172,3172,True,True,0x0B,"OK,OK,NO_IRQ,OK","FULL,FULL,NONE,FULL",
22.746449,2026-09-01T19:10:33.432+01:00,14404052,138646,3172,3172,True,True,0x0B,"OK,OK,NO_IRQ,OK","FULL,FULL,NONE,FULL",
22.754337,2026-09-01T19:10:33.434+01:00,14407224,138647,3172,3172,True,True,0x0B,"OK,OK,NO_IRQ,OK","FULL,FULL,NONE,FULL",
22.760428,2026-09-01T19:10:33.442+01:00,14410396,138648,3172,3172,True,True,0x0B,"OK,OK,NO_IRQ,OK","FULL,FULL,NONE,FULL",
22.764369,2026-09-01T19:10:33.451+01:00,14413568,138649,3172,3172,True,True,0x0B,"OK,OK,NO_IRQ,OK","FULL,FULL,NONE,FULL",
22.768266,2026-09-01T19:10:33.452+01:00,14416740,138650,3172,3172,True,True,0x0B,"OK,OK,NO_IRQ,OK","FULL,FULL,NONE,FULL",
22.777326,2026-09-01T19:10:33.456+01:00,14419912,138651,3172,3172,True,True,0x0B,"OK,OK,NO_IRQ,OK","FULL,FULL,NONE,FULL",
22.778128,2026-09-01T19:10:33.465+01:00,14423084,138652,3172,3172,True,True,0x0B,"OK,OK,NO_IRQ,OK","FULL,FULL,NONE,FULL",
22.782752,2026-09-01T19:10:33.465+01:00,14426256,138653,3172,3172,True,True,0x0B,"OK,OK,NO_IRQ,OK","FULL,FULL,NONE,FULL",
22.786404,2026-09-01T19:10:33.470+01:00,14429428,138654,3172,3172,True,True,0x0B,"OK,OK,NO_IRQ,OK","FULL,FULL,NONE,FULL",
22.793229,2026-09-01T19:10:33.475+01:00,14432600,138655,3172,3172,True,True,0x0B,"OK,OK,NO_IRQ,OK","FULL,FULL,NONE,FULL",
22.796309,2026-09-01T19:10:33.480+01:00,14435772,138656,3172,3172,True,True,0x0B,"OK,OK,NO_IRQ,OK","FULL,FULL,NONE,FULL",
22.801272,2026-09-01T19:10:33.484+01:00,14438944,138657,3172,3172,True,True,0x0B,"OK,OK,NO_IRQ,OK","FULL,FULL,NONE,FULL",
22.809852,2026-09-01T19:10:33.489+01:00,14442116,138658,3172,3172,True,True,0x0B,"OK,OK,NO_IRQ,OK","FULL,FULL,NONE,FULL",
22.811433,2026-09-01T19:10:33.497+01:00,14445288,138659,3172,3172,True,True,0x0B,"OK,OK,NO_IRQ,OK","FULL,FULL,NONE,FULL",
22.816845,2026-09-01T19:10:33.499+01:00,14448460,138660,3172,3172,True,True,0x0B,"OK,OK,NO_IRQ,OK","FULL,FULL,NONE,FULL",
22.834678,2026-09-01T19:10:33.504+01:00,14451632,138661,3172,3172,True,True,0x0B,"OK,OK,NO_IRQ,OK","FULL,FULL,NONE,FULL",
22.835116,2026-09-01T19:10:33.522+01:00,14454804,138662,3172,3172,True,True,0x0B,"OK,OK,NO_IRQ,OK","FULL,FULL,NONE,FULL",
22.847786,2026-09-01T19:10:33.533+01:00,14457976,138663,3172,3172,True,True,0x0B,"OK,OK,NO_IRQ,OK","FULL,FULL,NONE,FULL",
22.848348,2026-09-01T19:10:33.535+01:00,14461148,138664,3172,3172,True,True,0x0B,"OK,OK,NO_IRQ,OK","FULL,FULL,NONE,FULL",
22.848793,2026-09-01T19:10:33.536+01:00,14464320,138665,3172,3172,True,True,0x0B,"OK,OK,NO_IRQ,OK","FULL,FULL,NONE,FULL",
22.849229,2026-09-01T19:10:33.536+01:00,14467492,138666,3172,3172,True,True,0x0B,"OK,OK,NO_IRQ,OK","FULL,FULL,NONE,FULL",
22.866564,2026-09-01T19:10:33.536+01:00,14470664,138667,3172,3172,True,True,0x0B,"OK,OK,NO_IRQ,OK","FULL,FULL,NONE,FULL",
22.873159,2026-09-01T19:10:33.560+01:00,14473836,138668,3172,3172,True,True,0x0B,"OK,OK,NO_IRQ,OK","FULL,FULL,NONE,FULL",
22.874746,2026-09-01T19:10:33.561+01:00,14477008,138669,3172,3172,True,True,0x0B,"OK,OK,NO_IRQ,OK","FULL,FULL,NONE,FULL",
22.875419,2026-09-01T19:10:33.562+01:00,14480180,138670,3172,3172,True,True,0x0B,"OK,OK,NO_IRQ,OK","FULL,FULL,NONE,FULL",
22.881941,2026-09-01T19:10:33.564+01:00,14483352,138671,3172,3172,True,True,0x0B,"OK,OK,NO_IRQ,OK","FULL,FULL,NONE,FULL",
22.884101,2026-09-01T19:10:33.571+01:00,14486524,138672,3172,3172,True,True,0x0B,"OK,OK,NO_IRQ,OK","FULL,FULL,NONE,FULL",
22.884634,2026-09-01T19:10:33.572+01:00,14489696,138673,3172,3172,True,True,0x0B,"OK,OK,NO_IRQ,OK","FULL,FULL,NONE,FULL",
22.887036,2026-09-01T19:10:33.572+01:00,14492868,138674,3172,3172,True,True,0x0B,"OK,OK,NO_IRQ,OK","FULL,FULL,NONE,FULL",
22.891878,2026-09-01T19:10:33.574+01:00,14496040,138675,3172,3172,True,True,0x0B,"OK,OK,NO_IRQ,OK","FULL,FULL,NONE,FULL",
22.897007,2026-09-01T19:10:33.579+01:00,14499212,138676,3172,3172,True,True,0x0B,"OK,OK,NO_IRQ,OK","FULL,FULL,NONE,FULL",
22.901971,2026-09-01T19:10:33.584+01:00,14502384,138677,3172,3172,True,True,0x0B,"OK,OK,NO_IRQ,OK","FULL,FULL,NONE,FULL",
22.913241,2026-09-01T19:10:33.590+01:00,14505556,138678,3172,3172,True,True,0x0B,"OK,OK,NO_IRQ,OK","FULL,FULL,NONE,FULL",
22.915149,2026-09-01T19:10:33.601+01:00,14508728,138679,3172,3172,True,True,0x0B,"OK,OK,NO_IRQ,OK","FULL,FULL,NONE,FULL",
22.917376,2026-09-01T19:10:33.602+01:00,14511900,138680,3172,3172,True,True,0x0B,"OK,OK,NO_IRQ,OK","FULL,FULL,NONE,FULL",
22.926583,2026-09-01T19:10:33.605+01:00,14515072,138681,3172,3172,True,True,0x0B,"OK,OK,NO_IRQ,OK","FULL,FULL,NONE,FULL",
22.933829,2026-09-01T19:10:33.614+01:00,14518244,138682,3172,3172,True,True,0x0B,"OK,OK,NO_IRQ,OK","FULL,FULL,NONE,FULL",
22.944192,2026-09-01T19:10:33.624+01:00,14521416,138683,3172,3172,True,True,0x0B,"OK,OK,NO_IRQ,OK","FULL,FULL,NONE,FULL",
22.944867,2026-09-01T19:10:33.632+01:00,14524588,138684,3172,3172,True,True,0x0B,"OK,OK,NO_IRQ,OK","FULL,FULL,NONE,FULL",
22.945503,2026-09-01T19:10:33.632+01:00,14527760,138685,3172,3172,True,True,0x0B,"OK,OK,NO_IRQ,OK","FULL,FULL,NONE,FULL",
22.949929,2026-09-01T19:10:33.633+01:00,14530932,138686,3172,3172,True,True,0x0B,"OK,OK,NO_IRQ,OK","FULL,FULL,NONE,FULL",
22.953067,2026-09-01T19:10:33.638+01:00,14534104,138687,3172,3172,True,True,0x0B,"OK,OK,NO_IRQ,OK","FULL,FULL,NONE,FULL",
22.960287,2026-09-01T19:10:33.641+01:00,14537276,138688,3172,3172,True,True,0x0B,"OK,OK,NO_IRQ,OK","FULL,FULL,NONE,FULL",
22.962722,2026-09-01T19:10:33.648+01:00,14540448,138689,3172,3172,True,True,0x0B,"OK,OK,NO_IRQ,OK","FULL,FULL,NONE,FULL",
22.966892,2026-09-01T19:10:33.650+01:00,14543620,138690,3172,3172,True,True,0x0B,"OK,OK,NO_IRQ,OK","FULL,FULL,NONE,FULL",
22.976309,2026-09-01T19:10:33.655+01:00,14546792,138691,3172,3172,True,True,0x0B,"OK,OK,NO_IRQ,OK","FULL,FULL,NONE,FULL",
22.977102,2026-09-01T19:10:33.664+01:00,14549964,138692,3172,3172,True,True,0x0B,"OK,OK,NO_IRQ,OK","FULL,FULL,NONE,FULL",
22.982454,2026-09-01T19:10:33.664+01:00,14553136,138693,3172,3172,True,True,0x0B,"OK,OK,NO_IRQ,OK","FULL,FULL,NONE,FULL",
22.986969,2026-09-01T19:10:33.670+01:00,14556308,138694,3172,3172,True,True,0x0B,"OK,OK,NO_IRQ,OK","FULL,FULL,NONE,FULL",
22.997368,2026-09-01T19:10:33.675+01:00,14559480,138695,3172,3172,True,True,0x0B,"OK,OK,NO_IRQ,OK","FULL,FULL,NONE,FULL",
23.014956,2026-09-01T19:10:33.689+01:00,14562652,138696,3172,3172,True,True,0x0B,"OK,OK,NO_IRQ,OK","FULL,FULL,NONE,FULL",
23.017707,2026-09-01T19:10:33.703+01:00,14565824,138697,3172,3172,True,True,0x0B,"OK,OK,NO_IRQ,OK","FULL,FULL,NONE,FULL",
23.019206,2026-09-01T19:10:33.705+01:00,14568996,138698,3172,3172,True,True,0x0B,"OK,OK,NO_IRQ,OK","FULL,FULL,NONE,FULL",
23.028826,2026-09-01T19:10:33.707+01:00,14572168,138699,3172,3172,True,True,0x0B,"OK,OK,NO_IRQ,OK","FULL,FULL,NONE,FULL",
23.031063,2026-09-01T19:10:33.716+01:00,14575340,138700,3172,3172,True,True,0x0B,"OK,OK,NO_IRQ,OK","FULL,FULL,NONE,FULL",
23.033632,2026-09-01T19:10:33.719+01:00,14578512,138701,3172,3172,True,True,0x0B,"OK,OK,NO_IRQ,OK","FULL,FULL,NONE,FULL",
23.035655,2026-09-01T19:10:33.721+01:00,14581684,138702,3172,3172,True,True,0x0B,"OK,OK,NO_IRQ,OK","FULL,FULL,NONE,FULL",
23.036830,2026-09-01T19:10:33.723+01:00,14584856,138703,3172,3172,True,True,0x0B,"OK,OK,NO_IRQ,OK","FULL,FULL,NONE,FULL",
23.041322,2026-09-01T19:10:33.725+01:00,14588028,138704,3172,3172,True,True,0x0B,"OK,OK,NO_IRQ,OK","FULL,FULL,NONE,FULL",
23.041924,2026-09-01T19:10:33.729+01:00,14591200,138705,3172,3172,True,True,0x0B,"OK,OK,NO_IRQ,OK","FULL,FULL,NONE,FULL",
23.047789,2026-09-01T19:10:33.729+01:00,14594372,138706,3172,3172,True,True,0x0B,"OK,OK,NO_IRQ,OK","FULL,FULL,NONE,FULL",
23.052961,2026-09-01T19:10:33.735+01:00,14597544,138707,3172,3172,True,True,0x0B,"OK,OK,NO_IRQ,OK","FULL,FULL,NONE,FULL",
23.060240,2026-09-01T19:10:33.741+01:00,14600716,138708,3172,3172,True,True,0x0B,"OK,OK,NO_IRQ,OK","FULL,FULL,NONE,FULL",
23.062704,2026-09-01T19:10:33.748+01:00,14603888,138709,3172,3172,True,True,0x0B,"OK,OK,NO_IRQ,OK","FULL,FULL,NONE,FULL",
23.067056,2026-09-01T19:10:33.750+01:00,14607060,138710,3172,3172,True,True,0x0B,"OK,OK,NO_IRQ,OK","FULL,FULL,NONE,FULL",
23.082792,2026-09-01T19:10:33.757+01:00,14610232,138711,3172,3172,True,True,0x0B,"OK,OK,NO_IRQ,OK","FULL,FULL,NONE,FULL",
23.084774,2026-09-01T19:10:33.770+01:00,14613404,138712,3172,3172,True,True,0x0B,"OK,OK,NO_IRQ,OK","FULL,FULL,NONE,FULL",
23.086330,2026-09-01T19:10:33.773+01:00,14616576,138713,3172,3172,True,True,0x0B,"OK,OK,NO_IRQ,OK","FULL,FULL,NONE,FULL",
23.087784,2026-09-01T19:10:33.774+01:00,14619748,138714,3172,3172,True,True,0x0B,"OK,OK,NO_IRQ,OK","FULL,FULL,NONE,FULL",
23.092427,2026-09-01T19:10:33.775+01:00,14622920,138715,3172,3172,True,True,0x0B,"OK,OK,NO_IRQ,OK","FULL,FULL,NONE,FULL",
23.098724,2026-09-01T19:10:33.780+01:00,14626092,138716,3172,3172,True,True,0x0B,"OK,OK,NO_IRQ,OK","FULL,FULL,NONE,FULL",
23.102621,2026-09-01T19:10:33.787+01:00,14629264,138717,3172,3172,True,True,0x0B,"OK,OK,NO_IRQ,OK","FULL,FULL,NONE,FULL",
23.110693,2026-09-01T19:10:33.791+01:00,14632436,138718,3172,3172,True,True,0x0B,"OK,OK,NO_IRQ,OK","FULL,FULL,NONE,FULL",
23.114349,2026-09-01T19:10:33.799+01:00,14635608,138719,3172,3172,True,True,0x0B,"OK,OK,NO_IRQ,OK","FULL,FULL,NONE,FULL",
23.116885,2026-09-01T19:10:33.802+01:00,14638780,138720,3172,3172,True,True,0x0B,"OK,OK,NO_IRQ,OK","FULL,FULL,NONE,FULL",
23.143232,2026-09-01T19:10:33.804+01:00,14641952,138721,3172,3172,True,True,0x0B,"OK,OK,NO_IRQ,OK","FULL,FULL,NONE,FULL",
23.144959,2026-09-01T19:10:33.831+01:00,14645124,138722,3172,3172,True,True,0x0B,"OK,OK,NO_IRQ,OK","FULL,FULL,NONE,FULL",
23.147562,2026-09-01T19:10:33.833+01:00,14648296,138723,3172,3172,True,True,0x0B,"OK,OK,NO_IRQ,OK","FULL,FULL,NONE,FULL",
23.148992,2026-09-01T19:10:33.835+01:00,14651468,138724,3172,3172,True,True,0x0B,"OK,OK,NO_IRQ,OK","FULL,FULL,NONE,FULL",
23.150173,2026-09-01T19:10:33.837+01:00,14654640,138725,3172,3172,True,True,0x0B,"OK,OK,NO_IRQ,OK","FULL,FULL,NONE,FULL",
23.151271,2026-09-01T19:10:33.838+01:00,14657812,138726,3172,3172,True,True,0x0B,"OK,OK,NO_IRQ,OK","FULL,FULL,NONE,FULL",
23.152926,2026-09-01T19:10:33.839+01:00,14660984,138727,3172,3172,True,True,0x0B,"OK,OK,NO_IRQ,OK","FULL,FULL,NONE,FULL",
23.159252,2026-09-01T19:10:33.840+01:00,14664156,138728,3172,3172,True,True,0x0B,"OK,OK,NO_IRQ,OK","FULL,FULL,NONE,FULL",
23.163134,2026-09-01T19:10:33.847+01:00,14667328,138729,3172,3172,True,True,0x0B,"OK,OK,NO_IRQ,OK","FULL,FULL,NONE,FULL",
23.167286,2026-09-01T19:10:33.851+01:00,14670500,138730,3172,3172,True,True,0x0B,"OK,OK,NO_IRQ,OK","FULL,FULL,NONE,FULL",
23.175469,2026-09-01T19:10:33.855+01:00,14673672,138731,3172,3172,True,True,0x0B,"OK,OK,NO_IRQ,OK","FULL,FULL,NONE,FULL",
23.177434,2026-09-01T19:10:33.864+01:00,14676844,138732,3172,3172,True,True,0x0B,"OK,OK,NO_IRQ,OK","FULL,FULL,NONE,FULL",
23.186770,2026-09-01T19:10:33.865+01:00,14680016,138733,3172,3172,True,True,0x0B,"OK,OK,NO_IRQ,OK","FULL,FULL,NONE,FULL",
23.199902,2026-09-01T19:10:33.886+01:00,14683188,138734,3172,3172,True,True,0x0B,"OK,OK,NO_IRQ,OK","FULL,FULL,NONE,FULL",
23.201607,2026-09-01T19:10:33.887+01:00,14686360,138735,3172,3172,True,True,0x0B,"OK,OK,NO_IRQ,OK","FULL,FULL,NONE,FULL",
23.204084,2026-09-01T19:10:33.890+01:00,14689532,138736,3172,3172,True,True,0x0B,"OK,OK,NO_IRQ,OK","FULL,FULL,NONE,FULL",
23.210652,2026-09-01T19:10:33.891+01:00,14692704,138737,3172,3172,True,True,0x0B,"OK,OK,NO_IRQ,OK","FULL,FULL,NONE,FULL",
23.212726,2026-09-01T19:10:33.898+01:00,14695876,138738,3172,3172,True,True,0x0B,"OK,OK,NO_IRQ,OK","FULL,FULL,NONE,FULL",
23.215719,2026-09-01T19:10:33.900+01:00,14699048,138739,3172,3172,True,True,0x0B,"OK,OK,NO_IRQ,OK","FULL,FULL,NONE,FULL",
23.218396,2026-09-01T19:10:33.903+01:00,14702220,138740,3172,3172,True,True,0x0B,"OK,OK,NO_IRQ,OK","FULL,FULL,NONE,FULL",
23.227658,2026-09-01T19:10:33.906+01:00,14705392,138741,3172,3172,True,True,0x0B,"OK,OK,NO_IRQ,OK","FULL,FULL,NONE,FULL",
23.229320,2026-09-01T19:10:33.915+01:00,14708564,138742,3172,3172,True,True,0x0B,"OK,OK,NO_IRQ,OK","FULL,FULL,NONE,FULL",
23.232444,2026-09-01T19:10:33.917+01:00,14711736,138743,3172,3172,True,True,0x0B,"OK,OK,NO_IRQ,OK","FULL,FULL,NONE,FULL",
23.237336,2026-09-01T19:10:33.920+01:00,14714908,138744,3172,3172,True,True,0x0B,"OK,OK,NO_IRQ,OK","FULL,FULL,NONE,FULL",
23.258669,2026-09-01T19:10:33.925+01:00,14718080,138745,3172,3172,True,True,0x0B,"OK,OK,NO_IRQ,OK","FULL,FULL,NONE,FULL",
23.260656,2026-09-01T19:10:33.946+01:00,14721252,138746,3172,3172,True,True,0x0B,"OK,OK,NO_IRQ,OK","FULL,FULL,NONE,FULL",
23.262888,2026-09-01T19:10:33.949+01:00,14724424,138747,3172,3172,True,True,0x0B,"OK,OK,NO_IRQ,OK","FULL,FULL,NONE,FULL",
23.264399,2026-09-01T19:10:33.950+01:00,14727596,138748,3172,3172,True,True,0x0B,"OK,OK,NO_IRQ,OK","FULL,FULL,NONE,FULL",
23.265660,2026-09-01T19:10:33.952+01:00,14730768,138749,3172,3172,True,True,0x0B,"OK,OK,NO_IRQ,OK","FULL,FULL,NONE,FULL",
23.267541,2026-09-01T19:10:33.953+01:00,14733940,138750,3172,3172,True,True,0x0B,"OK,OK,NO_IRQ,OK","FULL,FULL,NONE,FULL",
23.275324,2026-09-01T19:10:33.955+01:00,14737112,138751,3172,3172,True,True,0x0B,"OK,OK,NO_IRQ,OK","FULL,FULL,NONE,FULL",
23.280199,2026-09-01T19:10:33.963+01:00,14740284,138752,3172,3172,True,True,0x0B,"OK,OK,NO_IRQ,OK","FULL,FULL,NONE,FULL",
23.282631,2026-09-01T19:10:33.967+01:00,14743456,138753,3172,3172,True,True,0x0B,"OK,OK,NO_IRQ,OK","FULL,FULL,NONE,FULL",
23.287609,2026-09-01T19:10:33.970+01:00,14746628,138754,3172,3172,True,True,0x0B,"OK,OK,NO_IRQ,OK","FULL,FULL,NONE,FULL",
23.293068,2026-09-01T19:10:33.975+01:00,14749800,138755,3172,3172,True,True,0x0B,"OK,OK,NO_IRQ,OK","FULL,FULL,NONE,FULL",
23.297902,2026-09-01T19:10:33.980+01:00,14752972,138756,3172,3172,True,True,0x0B,"OK,OK,NO_IRQ,OK","FULL,FULL,NONE,FULL",
23.310352,2026-09-01T19:10:33.985+01:00,14756144,138757,3172,3172,True,True,0x0B,"OK,OK,NO_IRQ,OK","FULL,FULL,NONE,FULL",
23.317773,2026-09-01T19:10:34.004+01:00,14759316,138758,3172,3172,True,True,0x0B,"OK,OK,NO_IRQ,OK","FULL,FULL,NONE,FULL",
23.320028,2026-09-01T19:10:34.006+01:00,14762488,138759,3172,3172,True,True,0x0B,"OK,OK,NO_IRQ,OK","FULL,FULL,NONE,FULL",
23.321470,2026-09-01T19:10:34.007+01:00,14765660,138760,3172,3172,True,True,0x0B,"OK,OK,NO_IRQ,OK","FULL,FULL,NONE,FULL",
23.324086,2026-09-01T19:10:34.009+01:00,14768832,138761,3172,3172,True,True,0x0B,"OK,OK,NO_IRQ,OK","FULL,FULL,NONE,FULL",
23.327531,2026-09-01T19:10:34.011+01:00,14772004,138762,3172,3172,True,True,0x0B,"OK,OK,NO_IRQ,OK","FULL,FULL,NONE,FULL",
23.333187,2026-09-01T19:10:34.015+01:00,14775176,138763,3172,3172,True,True,0x0B,"OK,OK,NO_IRQ,OK","FULL,FULL,NONE,FULL",
23.338031,2026-09-01T19:10:34.021+01:00,14778348,138764,3172,3172,True,True,0x0B,"OK,OK,NO_IRQ,OK","FULL,FULL,NONE,FULL",
23.343741,2026-09-01T19:10:34.029+01:00,14781520,138765,3172,3172,True,True,0x0B,"OK,OK,NO_IRQ,OK","FULL,FULL,NONE,FULL",
23.348367,2026-09-01T19:10:34.032+01:00,14784692,138766,3172,3172,True,True,0x0B,"OK,OK,NO_IRQ,OK","FULL,FULL,NONE,FULL",
23.356721,2026-09-01T19:10:34.036+01:00,14787864,138767,3172,3172,True,True,0x0B,"OK,OK,NO_IRQ,OK","FULL,FULL,NONE,FULL",
23.358309,2026-09-01T19:10:34.044+01:00,14791036,138768,3172,3172,True,True,0x0B,"OK,OK,NO_IRQ,OK","FULL,FULL,NONE,FULL",
23.362523,2026-09-01T19:10:34.046+01:00,14794208,138769,3172,3172,True,True,0x0B,"OK,OK,NO_IRQ,OK","FULL,FULL,NONE,FULL",
23.370346,2026-09-01T19:10:34.050+01:00,14797380,138770,3172,3172,True,True,0x0B,"OK,OK,NO_IRQ,OK","FULL,FULL,NONE,FULL",
23.378022,2026-09-01T19:10:34.058+01:00,14800552,138771,3172,3172,True,True,0x0B,"OK,OK,NO_IRQ,OK","FULL,FULL,NONE,FULL",
23.381885,2026-09-01T19:10:34.065+01:00,14803724,138772,3172,3172,True,True,0x0B,"OK,OK,NO_IRQ,OK","FULL,FULL,NONE,FULL",
23.382690,2026-09-01T19:10:34.069+01:00,14806896,138773,3172,3172,True,True,0x0B,"OK,OK,NO_IRQ,OK","FULL,FULL,NONE,FULL",
23.387503,2026-09-01T19:10:34.071+01:00,14810068,138774,3172,3172,True,True,0x0B,"OK,OK,NO_IRQ,OK","FULL,FULL,NONE,FULL",
23.392802,2026-09-01T19:10:34.075+01:00,14813240,138775,3172,3172,True,True,0x0B,"OK,OK,NO_IRQ,OK","FULL,FULL,NONE,FULL",
23.401622,2026-09-01T19:10:34.080+01:00,14816412,138776,3172,3172,True,True,0x0B,"OK,OK,NO_IRQ,OK","FULL,FULL,NONE,FULL",
23.402651,2026-09-01T19:10:34.089+01:00,14819584,138777,3172,3172,True,True,0x0B,"OK,OK,NO_IRQ,OK","FULL,FULL,NONE,FULL",
23.408463,2026-09-01T19:10:34.090+01:00,14822756,138778,3172,3172,True,True,0x0B,"OK,OK,NO_IRQ,OK","FULL,FULL,NONE,FULL",
23.412839,2026-09-01T19:10:34.096+01:00,14825928,138779,3172,3172,True,True,0x0B,"OK,OK,NO_IRQ,OK","FULL,FULL,NONE,FULL",
23.417825,2026-09-01T19:10:34.100+01:00,14829100,138780,3172,3172,True,True,0x0B,"OK,OK,NO_IRQ,OK","FULL,FULL,NONE,FULL",
23.430197,2026-09-01T19:10:34.105+01:00,14832272,138781,3172,3172,True,True,0x0B,"OK,OK,NO_IRQ,OK","FULL,FULL,NONE,FULL",
23.430745,2026-09-01T19:10:34.118+01:00,14835444,138782,3172,3172,True,True,0x0B,"OK,OK,NO_IRQ,OK","FULL,FULL,NONE,FULL",
23.434916,2026-09-01T19:10:34.118+01:00,14838616,138783,3172,3172,True,True,0x0B,"OK,OK,NO_IRQ,OK","FULL,FULL,NONE,FULL",
23.437994,2026-09-01T19:10:34.122+01:00,14841788,138784,3172,3172,True,True,0x0B,"OK,OK,NO_IRQ,OK","FULL,FULL,NONE,FULL",
23.442912,2026-09-01T19:10:34.125+01:00,14844960,138785,3172,3172,True,True,0x0B,"OK,OK,NO_IRQ,OK","FULL,FULL,NONE,FULL",
23.453817,2026-09-01T19:10:34.134+01:00,14848132,138786,3172,3172,True,True,0x0B,"OK,OK,NO_IRQ,OK","FULL,FULL,NONE,FULL",
23.460171,2026-09-01T19:10:34.141+01:00,14851304,138787,3172,3172,True,True,0x0B,"OK,OK,NO_IRQ,OK","FULL,FULL,NONE,FULL",
23.461187,2026-09-01T19:10:34.147+01:00,14854476,138788,3172,3172,True,True,0x0B,"OK,OK,NO_IRQ,OK","FULL,FULL,NONE,FULL",
23.462876,2026-09-01T19:10:34.148+01:00,14857648,138789,3172,3172,True,True,0x0B,"OK,OK,NO_IRQ,OK","FULL,FULL,NONE,FULL",
23.468776,2026-09-01T19:10:34.150+01:00,14860820,138790,3172,3172,True,True,0x0B,"OK,OK,NO_IRQ,OK","FULL,FULL,NONE,FULL",
23.477189,2026-09-01T19:10:34.156+01:00,14863992,138791,3172,3172,True,True,0x0B,"OK,OK,NO_IRQ,OK","FULL,FULL,NONE,FULL",
23.478651,2026-09-01T19:10:34.165+01:00,14867164,138792,3172,3172,True,True,0x0B,"OK,OK,NO_IRQ,OK","FULL,FULL,NONE,FULL",
23.483193,2026-09-01T19:10:34.167+01:00,14870336,138793,3172,3172,True,True,0x0B,"OK,OK,NO_IRQ,OK","FULL,FULL,NONE,FULL",
23.487832,2026-09-01T19:10:34.171+01:00,14873508,138794,3172,3172,True,True,0x0B,"OK,OK,NO_IRQ,OK","FULL,FULL,NONE,FULL",
23.495619,2026-09-01T19:10:34.175+01:00,14876680,138795,3172,3172,True,True,0x0B,"OK,OK,NO_IRQ,OK","FULL,FULL,NONE,FULL",
23.525118,2026-09-01T19:10:34.209+01:00,14879852,138796,3172,3172,True,True,0x0B,"OK,OK,NO_IRQ,OK","FULL,FULL,NONE,FULL",
23.525628,2026-09-01T19:10:34.212+01:00,14883024,138797,3172,3172,True,True,0x0B,"OK,OK,NO_IRQ,OK","FULL,FULL,NONE,FULL",
23.526080,2026-09-01T19:10:34.213+01:00,14886196,138798,3172,3172,True,True,0x0B,"OK,OK,NO_IRQ,OK","FULL,FULL,NONE,FULL",
23.529555,2026-09-01T19:10:34.213+01:00,14889368,138799,3172,3172,True,True,0x0B,"OK,OK,NO_IRQ,OK","FULL,FULL,NONE,FULL",
23.531079,2026-09-01T19:10:34.217+01:00,14892540,138800,3172,3172,True,True,0x0B,"OK,OK,NO_IRQ,OK","FULL,FULL,NONE,FULL",
23.533363,2026-09-01T19:10:34.219+01:00,14895712,138801,3172,3172,True,True,0x0B,"OK,OK,NO_IRQ,OK","FULL,FULL,NONE,FULL",
23.534599,2026-09-01T19:10:34.221+01:00,14898884,138802,3172,3172,True,True,0x0B,"OK,OK,NO_IRQ,OK","FULL,FULL,NONE,FULL",
23.536275,2026-09-01T19:10:34.222+01:00,14902056,138803,3172,3172,True,True,0x0B,"OK,OK,NO_IRQ,OK","FULL,FULL,NONE,FULL",
23.542912,2026-09-01T19:10:34.224+01:00,14905228,138804,3172,3172,True,True,0x0B,"OK,OK,NO_IRQ,OK","FULL,FULL,NONE,FULL",
23.543549,2026-09-01T19:10:34.230+01:00,14908400,138805,3172,3172,True,True,0x0B,"OK,OK,NO_IRQ,OK","FULL,FULL,NONE,FULL",
23.548505,2026-09-01T19:10:34.231+01:00,14911572,138806,3172,3172,True,True,0x0B,"OK,OK,NO_IRQ,OK","FULL,FULL,NONE,FULL",
23.553161,2026-09-01T19:10:34.236+01:00,14914744,138807,3172,3172,True,True,0x0B,"OK,OK,NO_IRQ,OK","FULL,FULL,NONE,FULL",
23.558807,2026-09-01T19:10:34.240+01:00,14917916,138808,3172,3172,True,True,0x0B,"OK,OK,NO_IRQ,OK","FULL,FULL,NONE,FULL",
23.571212,2026-09-01T19:10:34.251+01:00,14921088,138809,3172,3172,True,True,0x0B,"OK,OK,NO_IRQ,OK","FULL,FULL,NONE,FULL",
23.576385,2026-09-01T19:10:34.259+01:00,14924260,138810,3172,3172,True,True,0x0B,"OK,OK,NO_IRQ,OK","FULL,FULL,NONE,FULL",
23.578200,2026-09-01T19:10:34.264+01:00,14927432,138811,3172,3172,True,True,0x0B,"OK,OK,NO_IRQ,OK","FULL,FULL,NONE,FULL",
23.579755,2026-09-01T19:10:34.266+01:00,14930604,138812,3172,3172,True,True,0x0B,"OK,OK,NO_IRQ,OK","FULL,FULL,NONE,FULL",
23.583796,2026-09-01T19:10:34.267+01:00,14933776,138813,3172,3172,True,True,0x0B,"OK,OK,NO_IRQ,OK","FULL,FULL,NONE,FULL",
23.593797,2026-09-01T19:10:34.271+01:00,14936948,138814,3172,3172,True,True,0x0B,"OK,OK,NO_IRQ,OK","FULL,FULL,NONE,FULL",
23.595425,2026-09-01T19:10:34.281+01:00,14940120,138815,3172,3172,True,True,0x0B,"OK,OK,NO_IRQ,OK","FULL,FULL,NONE,FULL",
23.598791,2026-09-01T19:10:34.283+01:00,14943292,138816,3172,3172,True,True,0x0B,"OK,OK,NO_IRQ,OK","FULL,FULL,NONE,FULL",
23.603671,2026-09-01T19:10:34.286+01:00,14946464,138817,3172,3172,True,True,0x0B,"OK,OK,NO_IRQ,OK","FULL,FULL,NONE,FULL",
23.609492,2026-09-01T19:10:34.291+01:00,14949636,138818,3172,3172,True,True,0x0B,"OK,OK,NO_IRQ,OK","FULL,FULL,NONE,FULL",
23.629725,2026-09-01T19:10:34.297+01:00,14952808,138819,3172,3172,True,True,0x0B,"OK,OK,NO_IRQ,OK","FULL,FULL,NONE,FULL",
23.631319,2026-09-01T19:10:34.317+01:00,14955980,138820,3172,3172,True,True,0x0B,"OK,OK,NO_IRQ,OK","FULL,FULL,NONE,FULL",
23.633466,2026-09-01T19:10:34.319+01:00,14959152,138821,3172,3172,True,True,0x0B,"OK,OK,NO_IRQ,OK","FULL,FULL,NONE,FULL",
23.635379,2026-09-01T19:10:34.321+01:00,14962324,138822,3172,3172,True,True,0x0B,"OK,OK,NO_IRQ,OK","FULL,FULL,NONE,FULL",
23.637560,2026-09-01T19:10:34.324+01:00,14965496,138823,3172,3172,True,True,0x0B,"OK,OK,NO_IRQ,OK","FULL,FULL,NONE,FULL",
23.640089,2026-09-01T19:10:34.325+01:00,14968668,138824,3172,3172,True,True,0x0B,"OK,OK,NO_IRQ,OK","FULL,FULL,NONE,FULL",
23.643539,2026-09-01T19:10:34.327+01:00,14971840,138825,3172,3172,True,True,0x0B,"OK,OK,NO_IRQ,OK","FULL,FULL,NONE,FULL",
23.648189,2026-09-01T19:10:34.332+01:00,14975012,138826,3172,3172,True,True,0x0B,"OK,OK,NO_IRQ,OK","FULL,FULL,NONE,FULL",
23.654032,2026-09-01T19:10:34.335+01:00,14978184,138827,3172,3172,True,True,0x0B,"OK,OK,NO_IRQ,OK","FULL,FULL,NONE,FULL",
23.659879,2026-09-01T19:10:34.342+01:00,14981356,138828,3172,3172,True,True,0x0B,"OK,OK,NO_IRQ,OK","FULL,FULL,NONE,FULL",
23.663660,2026-09-01T19:10:34.347+01:00,14984528,138829,3172,3172,True,True,0x0B,"OK,OK,NO_IRQ,OK","FULL,FULL,NONE,FULL",
23.682809,2026-09-01T19:10:34.351+01:00,14987700,138830,3172,3172,True,True,0x0B,"OK,OK,NO_IRQ,OK","FULL,FULL,NONE,FULL",
23.684353,2026-09-01T19:10:34.370+01:00,14990872,138831,3172,3172,True,True,0x0B,"OK,OK,NO_IRQ,OK","FULL,FULL,NONE,FULL",
23.685838,2026-09-01T19:10:34.372+01:00,14994044,138832,3172,3172,True,True,0x0B,"OK,OK,NO_IRQ,OK","FULL,FULL,NONE,FULL",
23.687575,2026-09-01T19:10:34.374+01:00,14997216,138833,3172,3172,True,True,0x0B,"OK,OK,NO_IRQ,OK","FULL,FULL,NONE,FULL",
23.693806,2026-09-01T19:10:34.375+01:00,15000388,138834,3172,3172,True,True,0x0B,"OK,OK,NO_IRQ,OK","FULL,FULL,NONE,FULL",
23.695863,2026-09-01T19:10:34.381+01:00,15003560,138835,3172,3172,True,True,0x0B,"OK,OK,NO_IRQ,OK","FULL,FULL,NONE,FULL",
23.700051,2026-09-01T19:10:34.383+01:00,15006732,138836,3172,3172,True,True,0x0B,"OK,OK,NO_IRQ,OK","FULL,FULL,NONE,FULL",
23.703652,2026-09-01T19:10:34.388+01:00,15009904,138837,3172,3172,True,True,0x0B,"OK,OK,NO_IRQ,OK","FULL,FULL,NONE,FULL",
23.712239,2026-09-01T19:10:34.392+01:00,15013076,138838,3172,3172,True,True,0x0B,"OK,OK,NO_IRQ,OK","FULL,FULL,NONE,FULL",
23.714891,2026-09-01T19:10:34.401+01:00,15016248,138839,3172,3172,True,True,0x0B,"OK,OK,NO_IRQ,OK","FULL,FULL,NONE,FULL",
23.718242,2026-09-01T19:10:34.403+01:00,15019420,138840,3172,3172,True,True,0x0B,"OK,OK,NO_IRQ,OK","FULL,FULL,NONE,FULL",
23.731656,2026-09-01T19:10:34.406+01:00,15022592,138841,3172,3172,True,True,0x0B,"OK,OK,NO_IRQ,OK","FULL,FULL,NONE,FULL",
23.743454,2026-09-01T19:10:34.423+01:00,15025764,138842,3172,3172,True,True,0x0B,"OK,OK,NO_IRQ,OK","FULL,FULL,NONE,FULL",
23.745762,2026-09-01T19:10:34.432+01:00,15028936,138843,3172,3172,True,True,0x0B,"OK,OK,NO_IRQ,OK","FULL,FULL,NONE,FULL",
23.748132,2026-09-01T19:10:34.434+01:00,15032108,138844,3172,3172,True,True,0x0B,"OK,OK,NO_IRQ,OK","FULL,FULL,NONE,FULL",
23.750049,2026-09-01T19:10:34.435+01:00,15035280,138845,3172,3172,True,True,0x0B,"OK,OK,NO_IRQ,OK","FULL,FULL,NONE,FULL",
23.751379,2026-09-01T19:10:34.437+01:00,15038452,138846,3172,3172,True,True,0x0B,"OK,OK,NO_IRQ,OK","FULL,FULL,NONE,FULL",
23.753680,2026-09-01T19:10:34.439+01:00,15041624,138847,3172,3172,True,True,0x0B,"OK,OK,NO_IRQ,OK","FULL,FULL,NONE,FULL",
23.759391,2026-09-01T19:10:34.441+01:00,15044796,138848,3172,3172,True,True,0x0B,"OK,OK,NO_IRQ,OK","FULL,FULL,NONE,FULL",
23.764414,2026-09-01T19:10:34.447+01:00,15047968,138849,3172,3172,True,True,0x0B,"OK,OK,NO_IRQ,OK","FULL,FULL,NONE,FULL",
23.768850,2026-09-01T19:10:34.452+01:00,15051140,138850,3172,3172,True,True,0x0B,"OK,OK,NO_IRQ,OK","FULL,FULL,NONE,FULL",
23.777023,2026-09-01T19:10:34.456+01:00,15054312,138851,3172,3172,True,True,0x0B,"OK,OK,NO_IRQ,OK","FULL,FULL,NONE,FULL",
23.779343,2026-09-01T19:10:34.465+01:00,15057484,138852,3172,3172,True,True,0x0B,"OK,OK,NO_IRQ,OK","FULL,FULL,NONE,FULL",
23.802111,2026-09-01T19:10:34.467+01:00,15060656,138853,3172,3172,True,True,0x0B,"OK,OK,NO_IRQ,OK","FULL,FULL,NONE,FULL",
23.802959,2026-09-01T19:10:34.489+01:00,15063828,138854,3172,3172,True,True,0x0B,"OK,OK,NO_IRQ,OK","FULL,FULL,NONE,FULL",
23.803523,2026-09-01T19:10:34.490+01:00,15067000,138855,3172,3172,True,True,0x0B,"OK,OK,NO_IRQ,OK","FULL,FULL,NONE,FULL",
23.804019,2026-09-01T19:10:34.491+01:00,15070172,138856,3172,3172,True,True,0x0B,"OK,OK,NO_IRQ,OK","FULL,FULL,NONE,FULL",
23.810806,2026-09-01T19:10:34.492+01:00,15073344,138857,3172,3172,True,True,0x0B,"OK,OK,NO_IRQ,OK","FULL,FULL,NONE,FULL",
23.812806,2026-09-01T19:10:34.498+01:00,15076516,138858,3172,3172,True,True,0x0B,"OK,OK,NO_IRQ,OK","FULL,FULL,NONE,FULL",
23.814503,2026-09-01T19:10:34.500+01:00,15079688,138859,3172,3172,True,True,0x0B,"OK,OK,NO_IRQ,OK","FULL,FULL,NONE,FULL",
23.819301,2026-09-01T19:10:34.502+01:00,15082860,138860,3172,3172,True,True,0x0B,"OK,OK,NO_IRQ,OK","FULL,FULL,NONE,FULL",
23.826655,2026-09-01T19:10:34.507+01:00,15086032,138861,3172,3172,True,True,0x0B,"OK,OK,NO_IRQ,OK","FULL,FULL,NONE,FULL",
23.829424,2026-09-01T19:10:34.515+01:00,15089204,138862,3172,3172,True,True,0x0B,"OK,OK,NO_IRQ,OK","FULL,FULL,NONE,FULL",
23.833730,2026-09-01T19:10:34.517+01:00,15092376,138863,3172,3172,True,True,0x0B,"OK,OK,NO_IRQ,OK","FULL,FULL,NONE,FULL",
23.860696,2026-09-01T19:10:34.522+01:00,15095548,138864,3172,3172,True,True,0x0B,"OK,OK,NO_IRQ,OK","FULL,FULL,NONE,FULL",
23.862476,2026-09-01T19:10:34.548+01:00,15098720,138865,3172,3172,True,True,0x0B,"OK,OK,NO_IRQ,OK","FULL,FULL,NONE,FULL",
23.864090,2026-09-01T19:10:34.550+01:00,15101892,138866,3172,3172,True,True,0x0B,"OK,OK,NO_IRQ,OK","FULL,FULL,NONE,FULL",
23.866268,2026-09-01T19:10:34.552+01:00,15105064,138867,3172,3172,True,True,0x0B,"OK,OK,NO_IRQ,OK","FULL,FULL,NONE,FULL",
23.868209,2026-09-01T19:10:34.554+01:00,15108236,138868,3172,3172,True,True,0x0B,"OK,OK,NO_IRQ,OK","FULL,FULL,NONE,FULL",
23.869848,2026-09-01T19:10:34.556+01:00,15111408,138869,3172,3172,True,True,0x0B,"OK,OK,NO_IRQ,OK","FULL,FULL,NONE,FULL",
23.870408,2026-09-01T19:10:34.557+01:00,15114580,138870,3172,3172,True,True,0x0B,"OK,OK,NO_IRQ,OK","FULL,FULL,NONE,FULL",
23.875686,2026-09-01T19:10:34.558+01:00,15117752,138871,3172,3172,True,True,0x0B,"OK,OK,NO_IRQ,OK","FULL,FULL,NONE,FULL",
23.879263,2026-09-01T19:10:34.563+01:00,15120924,138872,3172,3172,True,True,0x0B,"OK,OK,NO_IRQ,OK","FULL,FULL,NONE,FULL",
23.883856,2026-09-01T19:10:34.567+01:00,15124096,138873,3172,3172,True,True,0x0B,"OK,OK,NO_IRQ,OK","FULL,FULL,NONE,FULL",
23.890928,2026-09-01T19:10:34.571+01:00,15127268,138874,3172,3172,True,True,0x0B,"OK,OK,NO_IRQ,OK","FULL,FULL,NONE,FULL",
23.894043,2026-09-01T19:10:34.578+01:00,15130440,138875,3172,3172,True,True,0x0B,"OK,OK,NO_IRQ,OK","FULL,FULL,NONE,FULL",
23.901158,2026-09-01T19:10:34.582+01:00,15133612,138876,3172,3172,True,True,0x0B,"OK,OK,NO_IRQ,OK","FULL,FULL,NONE,FULL",
23.905002,2026-09-01T19:10:34.589+01:00,15136784,138877,3172,3172,True,True,0x0B,"OK,OK,NO_IRQ,OK","FULL,FULL,NONE,FULL",
23.909817,2026-09-01T19:10:34.596+01:00,15139956,138878,3172,3172,True,True,0x0B,"OK,OK,NO_IRQ,OK","FULL,FULL,NONE,FULL",
23.915020,2026-09-01T19:10:34.597+01:00,15143128,138879,3172,3172,True,True,0x0B,"OK,OK,NO_IRQ,OK","FULL,FULL,NONE,FULL",
23.919243,2026-09-01T19:10:34.602+01:00,15146300,138880,3172,3172,True,True,0x0B,"OK,OK,NO_IRQ,OK","FULL,FULL,NONE,FULL",
23.925436,2026-09-01T19:10:34.607+01:00,15149472,138881,3172,3172,True,True,0x0B,"OK,OK,NO_IRQ,OK","FULL,FULL,NONE,FULL",
23.929483,2026-09-01T19:10:34.613+01:00,15152644,138882,3172,3172,True,True,0x0B,"OK,OK,NO_IRQ,OK","FULL,FULL,NONE,FULL",
23.934554,2026-09-01T19:10:34.617+01:00,15155816,138883,3172,3172,True,True,0x0B,"OK,OK,NO_IRQ,OK","FULL,FULL,NONE,FULL",
23.939884,2026-09-01T19:10:34.622+01:00,15158988,138884,3172,3172,True,True,0x0B,"OK,OK,NO_IRQ,OK","FULL,FULL,NONE,FULL",
23.944803,2026-09-01T19:10:34.628+01:00,15162160,138885,3172,3172,True,True,0x0B,"OK,OK,NO_IRQ,OK","FULL,FULL,NONE,FULL",
23.948944,2026-09-01T19:10:34.632+01:00,15165332,138886,3172,3172,True,True,0x0B,"OK,OK,NO_IRQ,OK","FULL,FULL,NONE,FULL",
23.953868,2026-09-01T19:10:34.636+01:00,15168504,138887,3172,3172,True,True,0x0B,"OK,OK,NO_IRQ,OK","FULL,FULL,NONE,FULL",
23.959076,2026-09-01T19:10:34.641+01:00,15171676,138888,3172,3172,True,True,0x0B,"OK,OK,NO_IRQ,OK","FULL,FULL,NONE,FULL",
23.978456,2026-09-01T19:10:34.646+01:00,15174848,138889,3172,3172,True,True,0x0B,"OK,OK,NO_IRQ,OK","FULL,FULL,NONE,FULL",
23.978763,2026-09-01T19:10:34.666+01:00,15178020,138890,3172,3172,True,True,0x0B,"OK,OK,NO_IRQ,OK","FULL,FULL,NONE,FULL",
23.978946,2026-09-01T19:10:34.666+01:00,15181192,138891,3172,3172,True,True,0x0B,"OK,OK,NO_IRQ,OK","FULL,FULL,NONE,FULL",
23.979119,2026-09-01T19:10:34.666+01:00,15184364,138892,3172,3172,True,True,0x0B,"OK,OK,NO_IRQ,OK","FULL,FULL,NONE,FULL",
23.995533,2026-09-01T19:10:34.666+01:00,15187536,138893,3172,3172,True,True,0x0B,"OK,OK,NO_IRQ,OK","FULL,FULL,NONE,FULL",
23.996135,2026-09-01T19:10:34.683+01:00,15190708,138894,3172,3172,True,True,0x0B,"OK,OK,NO_IRQ,OK","FULL,FULL,NONE,FULL",
23.996690,2026-09-01T19:10:34.683+01:00,15193880,138895,3172,3172,True,True,0x0B,"OK,OK,NO_IRQ,OK","FULL,FULL,NONE,FULL",
24.010899,2026-09-01T19:10:34.684+01:00,15197052,138896,3172,3172,True,True,0x0B,"OK,OK,NO_IRQ,OK","FULL,FULL,NONE,FULL",
24.011553,2026-09-01T19:10:34.698+01:00,15200224,138897,3172,3172,True,True,0x0B,"OK,OK,NO_IRQ,OK","FULL,FULL,NONE,FULL",
24.012070,2026-09-01T19:10:34.699+01:00,15203396,138898,3172,3172,True,True,0x0B,"OK,OK,NO_IRQ,OK","FULL,FULL,NONE,FULL",
24.014311,2026-09-01T19:10:34.699+01:00,15206568,138899,3172,3172,True,True,0x0B,"OK,OK,NO_IRQ,OK","FULL,FULL,NONE,FULL",
24.019963,2026-09-01T19:10:34.702+01:00,15209740,138900,3172,3172,True,True,0x0B,"OK,OK,NO_IRQ,OK","FULL,FULL,NONE,FULL",
24.025596,2026-09-01T19:10:34.707+01:00,15212912,138901,3172,3172,True,True,0x0B,"OK,OK,NO_IRQ,OK","FULL,FULL,NONE,FULL",
24.030024,2026-09-01T19:10:34.713+01:00,15216084,138902,3172,3172,True,True,0x0B,"OK,OK,NO_IRQ,OK","FULL,FULL,NONE,FULL",
24.034144,2026-09-01T19:10:34.717+01:00,15219256,138903,3172,3172,True,True,0x0B,"OK,OK,NO_IRQ,OK","FULL,FULL,NONE,FULL",
24.045537,2026-09-01T19:10:34.721+01:00,15222428,138904,3172,3172,True,True,0x0B,"OK,OK,NO_IRQ,OK","FULL,FULL,NONE,FULL",
24.058233,2026-09-01T19:10:34.735+01:00,15225600,138905,3172,3172,True,True,0x0B,"OK,OK,NO_IRQ,OK","FULL,FULL,NONE,FULL",
24.058831,2026-09-01T19:10:34.746+01:00,15228772,138906,3172,3172,True,True,0x0B,"OK,OK,NO_IRQ,OK","FULL,FULL,NONE,FULL",
24.059336,2026-09-01T19:10:34.746+01:00,15231944,138907,3172,3172,True,True,0x0B,"OK,OK,NO_IRQ,OK","FULL,FULL,NONE,FULL",
24.066408,2026-09-01T19:10:34.747+01:00,15235116,138908,3172,3172,True,True,0x0B,"OK,OK,NO_IRQ,OK","FULL,FULL,NONE,FULL",
24.067736,2026-09-01T19:10:34.754+01:00,15238288,138909,3172,3172,True,True,0x0B,"OK,OK,NO_IRQ,OK","FULL,FULL,NONE,FULL",
24.070242,2026-09-01T19:10:34.756+01:00,15241460,138910,3172,3172,True,True,0x0B,"OK,OK,NO_IRQ,OK","FULL,FULL,NONE,FULL",
24.075262,2026-09-01T19:10:34.758+01:00,15244632,138911,3172,3172,True,True,0x0B,"OK,OK,NO_IRQ,OK","FULL,FULL,NONE,FULL",
24.079957,2026-09-01T19:10:34.763+01:00,15247804,138912,3172,3172,True,True,0x0B,"OK,OK,NO_IRQ,OK","FULL,FULL,NONE,FULL",
24.084763,2026-09-01T19:10:34.768+01:00,15250976,138913,3172,3172,True,True,0x0B,"OK,OK,NO_IRQ,OK","FULL,FULL,NONE,FULL",
24.092569,2026-09-01T19:10:34.772+01:00,15254148,138914,3172,3172,True,True,0x0B,"OK,OK,NO_IRQ,OK","FULL,FULL,NONE,FULL",
24.095069,2026-09-01T19:10:34.780+01:00,15257320,138915,3172,3172,True,True,0x0B,"OK,OK,NO_IRQ,OK","FULL,FULL,NONE,FULL",
24.100163,2026-09-01T19:10:34.783+01:00,15260492,138916,3172,3172,True,True,0x0B,"OK,OK,NO_IRQ,OK","FULL,FULL,NONE,FULL",
24.106544,2026-09-01T19:10:34.787+01:00,15263664,138917,3172,3172,True,True,0x0B,"OK,OK,NO_IRQ,OK","FULL,FULL,NONE,FULL",
24.126444,2026-09-01T19:10:34.794+01:00,15266836,138918,3172,3172,True,True,0x0B,"OK,OK,NO_IRQ,OK","FULL,FULL,NONE,FULL",
24.128853,2026-09-01T19:10:34.815+01:00,15270008,138919,3172,3172,True,True,0x0B,"OK,OK,NO_IRQ,OK","FULL,FULL,NONE,FULL",
24.130519,2026-09-01T19:10:34.816+01:00,15273180,138920,3172,3172,True,True,0x0B,"OK,OK,NO_IRQ,OK","FULL,FULL,NONE,FULL",
24.132098,2026-09-01T19:10:34.818+01:00,15276352,138921,3172,3172,True,True,0x0B,"OK,OK,NO_IRQ,OK","FULL,FULL,NONE,FULL",
24.133416,2026-09-01T19:10:34.819+01:00,15279524,138922,3172,3172,True,True,0x0B,"OK,OK,NO_IRQ,OK","FULL,FULL,NONE,FULL",
24.134626,2026-09-01T19:10:34.821+01:00,15282696,138923,3172,3172,True,True,0x0B,"OK,OK,NO_IRQ,OK","FULL,FULL,NONE,FULL",
24.142893,2026-09-01T19:10:34.822+01:00,15285868,138924,3172,3172,True,True,0x0B,"OK,OK,NO_IRQ,OK","FULL,FULL,NONE,FULL",
24.145321,2026-09-01T19:10:34.830+01:00,15289040,138925,3172,3172,True,True,0x0B,"OK,OK,NO_IRQ,OK","FULL,FULL,NONE,FULL",
24.149897,2026-09-01T19:10:34.833+01:00,15292212,138926,3172,3172,True,True,0x0B,"OK,OK,NO_IRQ,OK","FULL,FULL,NONE,FULL",
24.154624,2026-09-01T19:10:34.837+01:00,15295384,138927,3172,3172,True,True,0x0B,"OK,OK,NO_IRQ,OK","FULL,FULL,NONE,FULL",
24.161209,2026-09-01T19:10:34.847+01:00,15298556,138928,3172,3172,True,True,0x0B,"OK,OK,NO_IRQ,OK","FULL,FULL,NONE,FULL",
24.181986,2026-09-01T19:10:34.849+01:00,15301728,138929,3172,3172,True,True,0x0B,"OK,OK,NO_IRQ,OK","FULL,FULL,NONE,FULL",
24.184577,2026-09-01T19:10:34.870+01:00,15304900,138930,3172,3172,True,True,0x0B,"OK,OK,NO_IRQ,OK","FULL,FULL,NONE,FULL",
24.186154,2026-09-01T19:10:34.872+01:00,15308072,138931,3172,3172,True,True,0x0B,"OK,OK,NO_IRQ,OK","FULL,FULL,NONE,FULL",
24.187785,2026-09-01T19:10:34.873+01:00,15311244,138932,3172,3172,True,True,0x0B,"OK,OK,NO_IRQ,OK","FULL,FULL,NONE,FULL",
24.193636,2026-09-01T19:10:34.875+01:00,15314416,138933,3172,3172,True,True,0x0B,"OK,OK,NO_IRQ,OK","FULL,FULL,NONE,FULL",
24.195275,2026-09-01T19:10:34.881+01:00,15317588,138934,3172,3172,True,True,0x0B,"OK,OK,NO_IRQ,OK","FULL,FULL,NONE,FULL",
24.196607,2026-09-01T19:10:34.883+01:00,15320760,138935,3172,3172,True,True,0x0B,"OK,OK,NO_IRQ,OK","FULL,FULL,NONE,FULL",
24.199984,2026-09-01T19:10:34.885+01:00,15323932,138936,3172,3172,True,True,0x0B,"OK,OK,NO_IRQ,OK","FULL,FULL,NONE,FULL",
24.208951,2026-09-01T19:10:34.887+01:00,15327104,138937,3172,3172,True,True,0x0B,"OK,OK,NO_IRQ,OK","FULL,FULL,NONE,FULL",
24.210924,2026-09-01T19:10:34.896+01:00,15330276,138938,3172,3172,True,True,0x0B,"OK,OK,NO_IRQ,OK","FULL,FULL,NONE,FULL",
24.215504,2026-09-01T19:10:34.898+01:00,15333448,138939,3172,3172,True,True,0x0B,"OK,OK,NO_IRQ,OK","FULL,FULL,NONE,FULL",
24.219585,2026-09-01T19:10:34.903+01:00,15336620,138940,3172,3172,True,True,0x0B,"OK,OK,NO_IRQ,OK","FULL,FULL,NONE,FULL",
24.243223,2026-09-01T19:10:34.907+01:00,15339792,138941,3172,3172,True,True,0x0B,"OK,OK,NO_IRQ,OK","FULL,FULL,NONE,FULL",
24.245195,2026-09-01T19:10:34.931+01:00,15342964,138942,3172,3172,True,True,0x0B,"OK,OK,NO_IRQ,OK","FULL,FULL,NONE,FULL",
24.246099,2026-09-01T19:10:34.933+01:00,15346136,138943,3172,3172,True,True,0x0B,"OK,OK,NO_IRQ,OK","FULL,FULL,NONE,FULL",
24.248143,2026-09-01T19:10:34.934+01:00,15349308,138944,3172,3172,True,True,0x0B,"OK,OK,NO_IRQ,OK","FULL,FULL,NONE,FULL",
24.249680,2026-09-01T19:10:34.936+01:00,15352480,138945,3172,3172,True,True,0x0B,"OK,OK,NO_IRQ,OK","FULL,FULL,NONE,FULL",
24.250904,2026-09-01T19:10:34.937+01:00,15355652,138946,3172,3172,True,True,0x0B,"OK,OK,NO_IRQ,OK","FULL,FULL,NONE,FULL",
24.257880,2026-09-01T19:10:34.938+01:00,15358824,138947,3172,3172,True,True,0x0B,"OK,OK,NO_IRQ,OK","FULL,FULL,NONE,FULL",
24.261506,2026-09-01T19:10:34.945+01:00,15361996,138948,3172,3172,True,True,0x0B,"OK,OK,NO_IRQ,OK","FULL,FULL,NONE,FULL",
24.265458,2026-09-01T19:10:34.950+01:00,15365168,138949,3172,3172,True,True,0x0B,"OK,OK,NO_IRQ,OK","FULL,FULL,NONE,FULL",
24.270165,2026-09-01T19:10:34.953+01:00,15368340,138950,3172,3172,True,True,0x0B,"OK,OK,NO_IRQ,OK","FULL,FULL,NONE,FULL",
24.275648,2026-09-01T19:10:34.958+01:00,15371512,138951,3172,3172,True,True,0x0B,"OK,OK,NO_IRQ,OK","FULL,FULL,NONE,FULL",
24.281955,2026-09-01T19:10:34.963+01:00,15374684,138952,3172,3172,True,True,0x0B,"OK,OK,NO_IRQ,OK","FULL,FULL,NONE,FULL",
24.297584,2026-09-01T19:10:34.969+01:00,15377856,138953,3172,3172,True,True,0x0B,"OK,OK,NO_IRQ,OK","FULL,FULL,NONE,FULL",
24.299226,2026-09-01T19:10:34.985+01:00,15381028,138954,3172,3172,True,True,0x0B,"OK,OK,NO_IRQ,OK","FULL,FULL,NONE,FULL",
24.301295,2026-09-01T19:10:34.987+01:00,15384200,138955,3172,3172,True,True,0x0B,"OK,OK,NO_IRQ,OK","FULL,FULL,NONE,FULL",
24.302811,2026-09-01T19:10:34.989+01:00,15387372,138956,3172,3172,True,True,0x0B,"OK,OK,NO_IRQ,OK","FULL,FULL,NONE,FULL",
24.304851,2026-09-01T19:10:34.990+01:00,15390544,138957,3172,3172,True,True,0x0B,"OK,OK,NO_IRQ,OK","FULL,FULL,NONE,FULL",
24.310859,2026-09-01T19:10:34.992+01:00,15393716,138958,3172,3172,True,True,0x0B,"OK,OK,NO_IRQ,OK","FULL,FULL,NONE,FULL",
24.315082,2026-09-01T19:10:34.998+01:00,15396888,138959,3172,3172,True,True,0x0B,"OK,OK,NO_IRQ,OK","FULL,FULL,NONE,FULL",
24.320324,2026-09-01T19:10:35.003+01:00,15400060,138960,3172,3172,True,True,0x0B,"OK,OK,NO_IRQ,OK","FULL,FULL,NONE,FULL",
24.325542,2026-09-01T19:10:35.008+01:00,15403232,138961,3172,3172,True,True,0x0B,"OK,OK,NO_IRQ,OK","FULL,FULL,NONE,FULL",
24.330303,2026-09-01T19:10:35.013+01:00,15406404,138962,3172,3172,True,True,0x0B,"OK,OK,NO_IRQ,OK","FULL,FULL,NONE,FULL",
24.350914,2026-09-01T19:10:35.018+01:00,15409576,138963,3172,3172,True,True,0x0B,"OK,OK,NO_IRQ,OK","FULL,FULL,NONE,FULL",
24.353062,2026-09-01T19:10:35.038+01:00,15412748,138964,3172,3172,True,True,0x0B,"OK,OK,NO_IRQ,OK","FULL,FULL,NONE,FULL",
24.353968,2026-09-01T19:10:35.040+01:00,15415920,138965,3172,3172,True,True,0x0B,"OK,OK,NO_IRQ,OK","FULL,FULL,NONE,FULL",
24.359060,2026-09-01T19:10:35.041+01:00,15419092,138966,3172,3172,True,True,0x0B,"OK,OK,NO_IRQ,OK","FULL,FULL,NONE,FULL",
24.360992,2026-09-01T19:10:35.047+01:00,15422264,138967,3172,3172,True,True,0x0B,"OK,OK,NO_IRQ,OK","FULL,FULL,NONE,FULL",
24.362372,2026-09-01T19:10:35.048+01:00,15425436,138968,3172,3172,True,True,0x0B,"OK,OK,NO_IRQ,OK","FULL,FULL,NONE,FULL",
24.365535,2026-09-01T19:10:35.050+01:00,15428608,138969,3172,3172,True,True,0x0B,"OK,OK,NO_IRQ,OK","FULL,FULL,NONE,FULL",
24.370567,2026-09-01T19:10:35.053+01:00,15431780,138970,3172,3172,True,True,0x0B,"OK,OK,NO_IRQ,OK","FULL,FULL,NONE,FULL",
24.375158,2026-09-01T19:10:35.058+01:00,15434952,138971,3172,3172,True,True,0x0B,"OK,OK,NO_IRQ,OK","FULL,FULL,NONE,FULL",
24.379988,2026-09-01T19:10:35.063+01:00,15438124,138972,3172,3172,True,True,0x0B,"OK,OK,NO_IRQ,OK","FULL,FULL,NONE,FULL",
24.385536,2026-09-01T19:10:35.067+01:00,15441296,138973,3172,3172,True,True,0x0B,"OK,OK,NO_IRQ,OK","FULL,FULL,NONE,FULL",
24.408712,2026-09-01T19:10:35.073+01:00,15444468,138974,3172,3172,True,True,0x0B,"OK,OK,NO_IRQ,OK","FULL,FULL,NONE,FULL",
24.410150,2026-09-01T19:10:35.096+01:00,15447640,138975,3172,3172,True,True,0x0B,"OK,OK,NO_IRQ,OK","FULL,FULL,NONE,FULL",
24.411629,2026-09-01T19:10:35.097+01:00,15450812,138976,3172,3172,True,True,0x0B,"OK,OK,NO_IRQ,OK","FULL,FULL,NONE,FULL",
24.413203,2026-09-01T19:10:35.099+01:00,15453984,138977,3172,3172,True,True,0x0B,"OK,OK,NO_IRQ,OK","FULL,FULL,NONE,FULL",
24.415136,2026-09-01T19:10:35.101+01:00,15457156,138978,3172,3172,True,True,0x0B,"OK,OK,NO_IRQ,OK","FULL,FULL,NONE,FULL",
24.417333,2026-09-01T19:10:35.103+01:00,15460328,138979,3172,3172,True,True,0x0B,"OK,OK,NO_IRQ,OK","FULL,FULL,NONE,FULL",
24.420457,2026-09-01T19:10:35.105+01:00,15463500,138980,3172,3172,True,True,0x0B,"OK,OK,NO_IRQ,OK","FULL,FULL,NONE,FULL",
24.426279,2026-09-01T19:10:35.108+01:00,15466672,138981,3172,3172,True,True,0x0B,"OK,OK,NO_IRQ,OK","FULL,FULL,NONE,FULL",
24.430597,2026-09-01T19:10:35.114+01:00,15469844,138982,3172,3172,True,True,0x0B,"OK,OK,NO_IRQ,OK","FULL,FULL,NONE,FULL",
24.435533,2026-09-01T19:10:35.118+01:00,15473016,138983,3172,3172,True,True,0x0B,"OK,OK,NO_IRQ,OK","FULL,FULL,NONE,FULL",
24.441985,2026-09-01T19:10:35.123+01:00,15476188,138984,3172,3172,True,True,0x0B,"OK,OK,NO_IRQ,OK","FULL,FULL,NONE,FULL",
24.446544,2026-09-01T19:10:35.129+01:00,15479360,138985,3172,3172,True,True,0x0B,"OK,OK,NO_IRQ,OK","FULL,FULL,NONE,FULL",
24.452261,2026-09-01T19:10:35.134+01:00,15482532,138986,3172,3172,True,True,0x0B,"OK,OK,NO_IRQ,OK","FULL,FULL,NONE,FULL",
24.458921,2026-09-01T19:10:35.140+01:00,15485704,138987,3172,3172,True,True,0x0B,"OK,OK,NO_IRQ,OK","FULL,FULL,NONE,FULL",
24.463323,2026-09-01T19:10:35.146+01:00,15488876,138988,3172,3172,True,True,0x0B,"OK,OK,NO_IRQ,OK","FULL,FULL,NONE,FULL",
24.468119,2026-09-01T19:10:35.151+01:00,15492048,138989,3172,3172,True,True,0x0B,"OK,OK,NO_IRQ,OK","FULL,FULL,NONE,FULL",
24.471426,2026-09-01T19:10:35.155+01:00,15495220,138990,3172,3172,True,True,0x0B,"OK,OK,NO_IRQ,OK","FULL,FULL,NONE,FULL",
24.475871,2026-09-01T19:10:35.160+01:00,15498392,138991,3172,3172,True,True,0x0B,"OK,OK,NO_IRQ,OK","FULL,FULL,NONE,FULL",
24.480199,2026-09-01T19:10:35.163+01:00,15501564,138992,3172,3172,True,True,0x0B,"OK,OK,NO_IRQ,OK","FULL,FULL,NONE,FULL",
24.484917,2026-09-01T19:10:35.168+01:00,15504736,138993,3172,3172,True,True,0x0B,"OK,OK,NO_IRQ,OK","FULL,FULL,NONE,FULL",
24.490942,2026-09-01T19:10:35.172+01:00,15507908,138994,3172,3172,True,True,0x0B,"OK,OK,NO_IRQ,OK","FULL,FULL,NONE,FULL",
24.495064,2026-09-01T19:10:35.178+01:00,15511080,138995,3172,3172,True,True,0x0B,"OK,OK,NO_IRQ,OK","FULL,FULL,NONE,FULL",
24.499995,2026-09-01T19:10:35.182+01:00,15514252,138996,3172,3172,True,True,0x0B,"OK,OK,NO_IRQ,OK","FULL,FULL,NONE,FULL",
24.525012,2026-09-01T19:10:35.187+01:00,15517424,138997,3172,3172,True,True,0x0B,"OK,OK,NO_IRQ,OK","FULL,FULL,NONE,FULL",
24.525883,2026-09-01T19:10:35.212+01:00,15520596,138998,3172,3172,True,True,0x0B,"OK,OK,NO_IRQ,OK","FULL,FULL,NONE,FULL",
24.530166,2026-09-01T19:10:35.214+01:00,15523768,138999,3172,3172,True,True,0x0B,"OK,OK,NO_IRQ,OK","FULL,FULL,NONE,FULL",
24.530832,2026-09-01T19:10:35.218+01:00,15526940,139000,3172,3172,True,True,0x0B,"OK,OK,NO_IRQ,OK","FULL,FULL,NONE,FULL",
24.531425,2026-09-01T19:10:35.218+01:00,15530112,139001,3172,3172,True,True,0x0B,"OK,OK,NO_IRQ,OK","FULL,FULL,NONE,FULL",
24.531969,2026-09-01T19:10:35.219+01:00,15533284,139002,3172,3172,True,True,0x0B,"OK,OK,NO_IRQ,OK","FULL,FULL,NONE,FULL",
24.543705,2026-09-01T19:10:35.219+01:00,15536456,139003,3172,3172,True,True,0x0B,"OK,OK,NO_IRQ,OK","FULL,FULL,NONE,FULL",
24.545565,2026-09-01T19:10:35.231+01:00,15539628,139004,3172,3172,True,True,0x0B,"OK,OK,NO_IRQ,OK","FULL,FULL,NONE,FULL",
24.547617,2026-09-01T19:10:35.233+01:00,15542800,139005,3172,3172,True,True,0x0B,"OK,OK,NO_IRQ,OK","FULL,FULL,NONE,FULL",
24.551353,2026-09-01T19:10:35.235+01:00,15545972,139006,3172,3172,True,True,0x0B,"OK,OK,NO_IRQ,OK","FULL,FULL,NONE,FULL",
24.558201,2026-09-01T19:10:35.239+01:00,15549144,139007,3172,3172,True,True,0x0B,"OK,OK,NO_IRQ,OK","FULL,FULL,NONE,FULL",
24.560732,2026-09-01T19:10:35.246+01:00,15552316,139008,3172,3172,True,True,0x0B,"OK,OK,NO_IRQ,OK","FULL,FULL,NONE,FULL",
24.565246,2026-09-01T19:10:35.248+01:00,15555488,139009,3172,3172,True,True,0x0B,"OK,OK,NO_IRQ,OK","FULL,FULL,NONE,FULL",
24.570897,2026-09-01T19:10:35.253+01:00,15558660,139010,3172,3172,True,True,0x0B,"OK,OK,NO_IRQ,OK","FULL,FULL,NONE,FULL",
24.575626,2026-09-01T19:10:35.263+01:00,15561832,139011,3172,3172,True,True,0x0B,"OK,OK,NO_IRQ,OK","FULL,FULL,NONE,FULL",
24.580314,2026-09-01T19:10:35.263+01:00,15565004,139012,3172,3172,True,True,0x0B,"OK,OK,NO_IRQ,OK","FULL,FULL,NONE,FULL",
24.591969,2026-09-01T19:10:35.268+01:00,15568176,139013,3172,3172,True,True,0x0B,"OK,OK,NO_IRQ,OK","FULL,FULL,NONE,FULL",
24.592566,2026-09-01T19:10:35.279+01:00,15571348,139014,3172,3172,True,True,0x0B,"OK,OK,NO_IRQ,OK","FULL,FULL,NONE,FULL",
24.600998,2026-09-01T19:10:35.280+01:00,15574520,139015,3172,3172,True,True,0x0B,"OK,OK,NO_IRQ,OK","FULL,FULL,NONE,FULL",
24.603052,2026-09-01T19:10:35.289+01:00,15577692,139016,3172,3172,True,True,0x0B,"OK,OK,NO_IRQ,OK","FULL,FULL,NONE,FULL",
24.606813,2026-09-01T19:10:35.291+01:00,15580864,139017,3172,3172,True,True,0x0B,"OK,OK,NO_IRQ,OK","FULL,FULL,NONE,FULL",
24.610791,2026-09-01T19:10:35.294+01:00,15584036,139018,3172,3172,True,True,0x0B,"OK,OK,NO_IRQ,OK","FULL,FULL,NONE,FULL",
24.616273,2026-09-01T19:10:35.299+01:00,15587208,139019,3172,3172,True,True,0x0B,"OK,OK,NO_IRQ,OK","FULL,FULL,NONE,FULL",
24.620772,2026-09-01T19:10:35.304+01:00,15590380,139020,3172,3172,True,True,0x0B,"OK,OK,NO_IRQ,OK","FULL,FULL,NONE,FULL",
24.626193,2026-09-01T19:10:35.308+01:00,15593552,139021,3172,3172,True,True,0x0B,"OK,OK,NO_IRQ,OK","FULL,FULL,NONE,FULL",
24.630372,2026-09-01T19:10:35.314+01:00,15596724,139022,3172,3172,True,True,0x0B,"OK,OK,NO_IRQ,OK","FULL,FULL,NONE,FULL",
24.635700,2026-09-01T19:10:35.318+01:00,15599896,139023,3172,3172,True,True,0x0B,"OK,OK,NO_IRQ,OK","FULL,FULL,NONE,FULL",
24.659247,2026-09-01T19:10:35.323+01:00,15603068,139024,3172,3172,True,True,0x0B,"OK,OK,NO_IRQ,OK","FULL,FULL,NONE,FULL",
24.661242,2026-09-01T19:10:35.347+01:00,15606240,139025,3172,3172,True,True,0x0B,"OK,OK,NO_IRQ,OK","FULL,FULL,NONE,FULL",
24.663518,2026-09-01T19:10:35.349+01:00,15609412,139026,3172,3172,True,True,0x0B,"OK,OK,NO_IRQ,OK","FULL,FULL,NONE,FULL",
24.665184,2026-09-01T19:10:35.351+01:00,15612584,139027,3172,3172,True,True,0x0B,"OK,OK,NO_IRQ,OK","FULL,FULL,NONE,FULL",
24.668739,2026-09-01T19:10:35.352+01:00,15615756,139028,3172,3172,True,True,0x0B,"OK,OK,NO_IRQ,OK","FULL,FULL,NONE,FULL",
24.670860,2026-09-01T19:10:35.357+01:00,15618928,139029,3172,3172,True,True,0x0B,"OK,OK,NO_IRQ,OK","FULL,FULL,NONE,FULL",
24.674577,2026-09-01T19:10:35.359+01:00,15622100,139030,3172,3172,True,True,0x0B,"OK,OK,NO_IRQ,OK","FULL,FULL,NONE,FULL",
24.677599,2026-09-01T19:10:35.362+01:00,15625272,139031,3172,3172,True,True,0x0B,"OK,OK,NO_IRQ,OK","FULL,FULL,NONE,FULL",
24.681408,2026-09-01T19:10:35.365+01:00,15628444,139032,3172,3172,True,True,0x0B,"OK,OK,NO_IRQ,OK","FULL,FULL,NONE,FULL",
24.686181,2026-09-01T19:10:35.369+01:00,15631616,139033,3172,3172,True,True,0x0B,"OK,OK,NO_IRQ,OK","FULL,FULL,NONE,FULL",
24.692885,2026-09-01T19:10:35.374+01:00,15634788,139034,3172,3172,True,True,0x0B,"OK,OK,NO_IRQ,OK","FULL,FULL,NONE,FULL",
24.696496,2026-09-01T19:10:35.380+01:00,15637960,139035,3172,3172,True,True,0x0B,"OK,OK,NO_IRQ,OK","FULL,FULL,NONE,FULL",
24.702080,2026-09-01T19:10:35.384+01:00,15641132,139036,3172,3172,True,True,0x0B,"OK,OK,NO_IRQ,OK","FULL,FULL,NONE,FULL",
24.726872,2026-09-01T19:10:35.389+01:00,15644304,139037,3172,3172,True,True,0x0B,"OK,OK,NO_IRQ,OK","FULL,FULL,NONE,FULL",
24.728752,2026-09-01T19:10:35.414+01:00,15647476,139038,3172,3172,True,True,0x0B,"OK,OK,NO_IRQ,OK","FULL,FULL,NONE,FULL",
24.730709,2026-09-01T19:10:35.416+01:00,15650648,139039,3172,3172,True,True,0x0B,"OK,OK,NO_IRQ,OK","FULL,FULL,NONE,FULL",
24.732775,2026-09-01T19:10:35.418+01:00,15653820,139040,3172,3172,True,True,0x0B,"OK,OK,NO_IRQ,OK","FULL,FULL,NONE,FULL",
24.734171,2026-09-01T19:10:35.420+01:00,15656992,139041,3172,3172,True,True,0x0B,"OK,OK,NO_IRQ,OK","FULL,FULL,NONE,FULL",
24.735557,2026-09-01T19:10:35.421+01:00,15660164,139042,3172,3172,True,True,0x0B,"OK,OK,NO_IRQ,OK","FULL,FULL,NONE,FULL",
24.737518,2026-09-01T19:10:35.423+01:00,15663336,139043,3172,3172,True,True,0x0B,"OK,OK,NO_IRQ,OK","FULL,FULL,NONE,FULL",
24.743267,2026-09-01T19:10:35.425+01:00,15666508,139044,3172,3172,True,True,0x0B,"OK,OK,NO_IRQ,OK","FULL,FULL,NONE,FULL",
24.746589,2026-09-01T19:10:35.431+01:00,15669680,139045,3172,3172,True,True,0x0B,"OK,OK,NO_IRQ,OK","FULL,FULL,NONE,FULL",
24.750880,2026-09-01T19:10:35.434+01:00,15672852,139046,3172,3172,True,True,0x0B,"OK,OK,NO_IRQ,OK","FULL,FULL,NONE,FULL",
24.758116,2026-09-01T19:10:35.438+01:00,15676024,139047,3172,3172,True,True,0x0B,"OK,OK,NO_IRQ,OK","FULL,FULL,NONE,FULL",
24.761343,2026-09-01T19:10:35.445+01:00,15679196,139048,3172,3172,True,True,0x0B,"OK,OK,NO_IRQ,OK","FULL,FULL,NONE,FULL",
24.781138,2026-09-01T19:10:35.449+01:00,15682368,139049,3172,3172,True,True,0x0B,"OK,OK,NO_IRQ,OK","FULL,FULL,NONE,FULL",
24.782634,2026-09-01T19:10:35.468+01:00,15685540,139050,3172,3172,True,True,0x0B,"OK,OK,NO_IRQ,OK","FULL,FULL,NONE,FULL",
24.784826,2026-09-01T19:10:35.471+01:00,15688712,139051,3172,3172,True,True,0x0B,"OK,OK,NO_IRQ,OK","FULL,FULL,NONE,FULL",
24.786650,2026-09-01T19:10:35.472+01:00,15691884,139052,3172,3172,True,True,0x0B,"OK,OK,NO_IRQ,OK","FULL,FULL,NONE,FULL",
24.787971,2026-09-01T19:10:35.474+01:00,15695056,139053,3172,3172,True,True,0x0B,"OK,OK,NO_IRQ,OK","FULL,FULL,NONE,FULL",
24.793127,2026-09-01T19:10:35.475+01:00,15698228,139054,3172,3172,True,True,0x0B,"OK,OK,NO_IRQ,OK","FULL,FULL,NONE,FULL",
24.796377,2026-09-01T19:10:35.480+01:00,15701400,139055,3172,3172,True,True,0x0B,"OK,OK,NO_IRQ,OK","FULL,FULL,NONE,FULL",
24.800665,2026-09-01T19:10:35.484+01:00,15704572,139056,3172,3172,True,True,0x0B,"OK,OK,NO_IRQ,OK","FULL,FULL,NONE,FULL",
24.808828,2026-09-01T19:10:35.488+01:00,15707744,139057,3172,3172,True,True,0x0B,"OK,OK,NO_IRQ,OK","FULL,FULL,NONE,FULL",
24.811111,2026-09-01T19:10:35.497+01:00,15710916,139058,3172,3172,True,True,0x0B,"OK,OK,NO_IRQ,OK","FULL,FULL,NONE,FULL",
24.829731,2026-09-01T19:10:35.499+01:00,15714088,139059,3172,3172,True,True,0x0B,"OK,OK,NO_IRQ,OK","FULL,FULL,NONE,FULL",
24.831800,2026-09-01T19:10:35.518+01:00,15717260,139060,3172,3172,True,True,0x0B,"OK,OK,NO_IRQ,OK","FULL,FULL,NONE,FULL",
24.833110,2026-09-01T19:10:35.519+01:00,15720432,139061,3172,3172,True,True,0x0B,"OK,OK,NO_IRQ,OK","FULL,FULL,NONE,FULL",
24.834839,2026-09-01T19:10:35.521+01:00,15723604,139062,3172,3172,True,True,0x0B,"OK,OK,NO_IRQ,OK","FULL,FULL,NONE,FULL",
24.836035,2026-09-01T19:10:35.522+01:00,15726776,139063,3172,3172,True,True,0x0B,"OK,OK,NO_IRQ,OK","FULL,FULL,NONE,FULL",
24.841235,2026-09-01T19:10:35.524+01:00,15729948,139064,3172,3172,True,True,0x0B,"OK,OK,NO_IRQ,OK","FULL,FULL,NONE,FULL",
24.846680,2026-09-01T19:10:35.529+01:00,15733120,139065,3172,3172,True,True,0x0B,"OK,OK,NO_IRQ,OK","FULL,FULL,NONE,FULL",
24.851556,2026-09-01T19:10:35.534+01:00,15736292,139066,3172,3172,True,True,0x0B,"OK,OK,NO_IRQ,OK","FULL,FULL,NONE,FULL",
24.859736,2026-09-01T19:10:35.539+01:00,15739464,139067,3172,3172,True,True,0x0B,"OK,OK,NO_IRQ,OK","FULL,FULL,NONE,FULL",
24.887920,2026-09-01T19:10:35.573+01:00,15742636,139068,3172,3172,True,True,0x0B,"OK,OK,NO_IRQ,OK","FULL,FULL,NONE,FULL",
24.892444,2026-09-01T19:10:35.575+01:00,15745808,139069,3172,3172,True,True,0x0B,"OK,OK,NO_IRQ,OK","FULL,FULL,NONE,FULL",
24.894826,2026-09-01T19:10:35.580+01:00,15748980,139070,3172,3172,True,True,0x0B,"OK,OK,NO_IRQ,OK","FULL,FULL,NONE,FULL",
24.896148,2026-09-01T19:10:35.582+01:00,15752152,139071,3172,3172,True,True,0x0B,"OK,OK,NO_IRQ,OK","FULL,FULL,NONE,FULL",
24.898090,2026-09-01T19:10:35.584+01:00,15755324,139072,3172,3172,True,True,0x0B,"OK,OK,NO_IRQ,OK","FULL,FULL,NONE,FULL",
24.899803,2026-09-01T19:10:35.585+01:00,15758496,139073,3172,3172,True,True,0x0B,"OK,OK,NO_IRQ,OK","FULL,FULL,NONE,FULL",
24.901070,2026-09-01T19:10:35.587+01:00,15761668,139074,3172,3172,True,True,0x0B,"OK,OK,NO_IRQ,OK","FULL,FULL,NONE,FULL",
24.903420,2026-09-01T19:10:35.588+01:00,15764840,139075,3172,3172,True,True,0x0B,"OK,OK,NO_IRQ,OK","FULL,FULL,NONE,FULL",
24.910270,2026-09-01T19:10:35.591+01:00,15768012,139076,3172,3172,True,True,0x0B,"OK,OK,NO_IRQ,OK","FULL,FULL,NONE,FULL",
24.913146,2026-09-01T19:10:35.599+01:00,15771184,139077,3172,3172,True,True,0x0B,"OK,OK,NO_IRQ,OK","FULL,FULL,NONE,FULL",
24.914481,2026-09-01T19:10:35.601+01:00,15774356,139078,3172,3172,True,True,0x0B,"OK,OK,NO_IRQ,OK","FULL,FULL,NONE,FULL",
24.916633,2026-09-01T19:10:35.602+01:00,15777528,139079,3172,3172,True,True,0x0B,"OK,OK,NO_IRQ,OK","FULL,FULL,NONE,FULL",
24.933820,2026-09-01T19:10:35.604+01:00,15780700,139080,3172,3172,True,True,0x0B,"OK,OK,NO_IRQ,OK","FULL,FULL,NONE,FULL",
24.935504,2026-09-01T19:10:35.621+01:00,15783872,139081,3172,3172,True,True,0x0B,"OK,OK,NO_IRQ,OK","FULL,FULL,NONE,FULL",
24.936864,2026-09-01T19:10:35.623+01:00,15787044,139082,3172,3172,True,True,0x0B,"OK,OK,NO_IRQ,OK","FULL,FULL,NONE,FULL",
24.942448,2026-09-01T19:10:35.625+01:00,15790216,139083,3172,3172,True,True,0x0B,"OK,OK,NO_IRQ,OK","FULL,FULL,NONE,FULL",
24.943944,2026-09-01T19:10:35.630+01:00,15793388,139084,3172,3172,True,True,0x0B,"OK,OK,NO_IRQ,OK","FULL,FULL,NONE,FULL",
24.946638,2026-09-01T19:10:35.632+01:00,15796560,139085,3172,3172,True,True,0x0B,"OK,OK,NO_IRQ,OK","FULL,FULL,NONE,FULL",
24.951473,2026-09-01T19:10:35.634+01:00,15799732,139086,3172,3172,True,True,0x0B,"OK,OK,NO_IRQ,OK","FULL,FULL,NONE,FULL",
24.959814,2026-09-01T19:10:35.639+01:00,15802904,139087,3172,3172,True,True,0x0B,"OK,OK,NO_IRQ,OK","FULL,FULL,NONE,FULL",
24.961237,2026-09-01T19:10:35.647+01:00,15806076,139088,3172,3172,True,True,0x0B,"OK,OK,NO_IRQ,OK","FULL,FULL,NONE,FULL",
24.966201,2026-09-01T19:10:35.649+01:00,15809248,139089,3172,3172,True,True,0x0B,"OK,OK,NO_IRQ,OK","FULL,FULL,NONE,FULL",
24.971027,2026-09-01T19:10:35.654+01:00,15812420,139090,3172,3172,True,True,0x0B,"OK,OK,NO_IRQ,OK","FULL,FULL,NONE,FULL",
24.977591,2026-09-01T19:10:35.658+01:00,15815592,139091,3172,3172,True,True,0x0B,"OK,OK,NO_IRQ,OK","FULL,FULL,NONE,FULL",
24.981932,2026-09-01T19:10:35.665+01:00,15818764,139092,3172,3172,True,True,0x0B,"OK,OK,NO_IRQ,OK","FULL,FULL,NONE,FULL",
24.986364,2026-09-01T19:10:35.669+01:00,15821936,139093,3172,3172,True,True,0x0B,"OK,OK,NO_IRQ,OK","FULL,FULL,NONE,FULL",
24.992546,2026-09-01T19:10:35.674+01:00,15825108,139094,3172,3172,True,True,0x0B,"OK,OK,NO_IRQ,OK","FULL,FULL,NONE,FULL",
24.996628,2026-09-01T19:10:35.680+01:00,15828280,139095,3172,3172,True,True,0x0B,"OK,OK,NO_IRQ,OK","FULL,FULL,NONE,FULL",
25.001641,2026-09-01T19:10:35.684+01:00,15831452,139096,3172,3172,True,True,0x0B,"OK,OK,NO_IRQ,OK","FULL,FULL,NONE,FULL",
25.008065,2026-09-01T19:10:35.689+01:00,15834624,139097,3172,3172,True,True,0x0B,"OK,OK,NO_IRQ,OK","FULL,FULL,NONE,FULL",
25.011962,2026-09-01T19:10:35.695+01:00,15837796,139098,3172,3172,True,True,0x0B,"OK,OK,NO_IRQ,OK","FULL,FULL,NONE,FULL",
25.016192,2026-09-01T19:10:35.699+01:00,15840968,139099,3172,3172,True,True,0x0B,"OK,OK,NO_IRQ,OK","FULL,FULL,NONE,FULL",
25.021099,2026-09-01T19:10:35.704+01:00,15844140,139100,3172,3172,True,True,0x0B,"OK,OK,NO_IRQ,OK","FULL,FULL,NONE,FULL",
25.043422,2026-09-01T19:10:35.708+01:00,15847312,139101,3172,3172,True,True,0x0B,"OK,OK,NO_IRQ,OK","FULL,FULL,NONE,FULL",
25.045276,2026-09-01T19:10:35.732+01:00,15850484,139102,3172,3172,True,True,0x0B,"OK,OK,NO_IRQ,OK","FULL,FULL,NONE,FULL",
25.045783,2026-09-01T19:10:35.733+01:00,15853656,139103,3172,3172,True,True,0x0B,"OK,OK,NO_IRQ,OK","FULL,FULL,NONE,FULL",
25.046306,2026-09-01T19:10:35.733+01:00,15856828,139104,3172,3172,True,True,0x0B,"OK,OK,NO_IRQ,OK","FULL,FULL,NONE,FULL",
25.047028,2026-09-01T19:10:35.734+01:00,15860000,139105,3172,3172,True,True,0x0B,"OK,OK,NO_IRQ,OK","FULL,FULL,NONE,FULL",
25.064184,2026-09-01T19:10:35.734+01:00,15863172,139106,3172,3172,True,True,0x0B,"OK,OK,NO_IRQ,OK","FULL,FULL,NONE,FULL",
25.064816,2026-09-01T19:10:35.752+01:00,15866344,139107,3172,3172,True,True,0x0B,"OK,OK,NO_IRQ,OK","FULL,FULL,NONE,FULL",
25.065298,2026-09-01T19:10:35.752+01:00,15869516,139108,3172,3172,True,True,0x0B,"OK,OK,NO_IRQ,OK","FULL,FULL,NONE,FULL",
25.078317,2026-09-01T19:10:35.753+01:00,15872688,139109,3172,3172,True,True,0x0B,"OK,OK,NO_IRQ,OK","FULL,FULL,NONE,FULL",
25.079845,2026-09-01T19:10:35.766+01:00,15875860,139110,3172,3172,True,True,0x0B,"OK,OK,NO_IRQ,OK","FULL,FULL,NONE,FULL",
25.080400,2026-09-01T19:10:35.767+01:00,15879032,139111,3172,3172,True,True,0x0B,"OK,OK,NO_IRQ,OK","FULL,FULL,NONE,FULL",
25.082586,2026-09-01T19:10:35.768+01:00,15882204,139112,3172,3172,True,True,0x0B,"OK,OK,NO_IRQ,OK","FULL,FULL,NONE,FULL",
25.086994,2026-09-01T19:10:35.770+01:00,15885376,139113,3172,3172,True,True,0x0B,"OK,OK,NO_IRQ,OK","FULL,FULL,NONE,FULL",
25.092206,2026-09-01T19:10:35.775+01:00,15888548,139114,3172,3172,True,True,0x0B,"OK,OK,NO_IRQ,OK","FULL,FULL,NONE,FULL",
25.096960,2026-09-01T19:10:35.779+01:00,15891720,139115,3172,3172,True,True,0x0B,"OK,OK,NO_IRQ,OK","FULL,FULL,NONE,FULL",
25.101855,2026-09-01T19:10:35.784+01:00,15894892,139116,3172,3172,True,True,0x0B,"OK,OK,NO_IRQ,OK","FULL,FULL,NONE,FULL",
25.109742,2026-09-01T19:10:35.790+01:00,15898064,139117,3172,3172,True,True,0x0B,"OK,OK,NO_IRQ,OK","FULL,FULL,NONE,FULL",
25.112348,2026-09-01T19:10:35.797+01:00,15901236,139118,3172,3172,True,True,0x0B,"OK,OK,NO_IRQ,OK","FULL,FULL,NONE,FULL",
25.131341,2026-09-01T19:10:35.800+01:00,15904408,139119,3172,3172,True,True,0x0B,"OK,OK,NO_IRQ,OK","FULL,FULL,NONE,FULL",
25.132936,2026-09-01T19:10:35.819+01:00,15907580,139120,3172,3172,True,True,0x0B,"OK,OK,NO_IRQ,OK","FULL,FULL,NONE,FULL",
25.134970,2026-09-01T19:10:35.821+01:00,15910752,139121,3172,3172,True,True,0x0B,"OK,OK,NO_IRQ,OK","FULL,FULL,NONE,FULL",
25.136200,2026-09-01T19:10:35.822+01:00,15913924,139122,3172,3172,True,True,0x0B,"OK,OK,NO_IRQ,OK","FULL,FULL,NONE,FULL",
25.137345,2026-09-01T19:10:35.823+01:00,15917096,139123,3172,3172,True,True,0x0B,"OK,OK,NO_IRQ,OK","FULL,FULL,NONE,FULL",
25.142145,2026-09-01T19:10:35.825+01:00,15920268,139124,3172,3172,True,True,0x0B,"OK,OK,NO_IRQ,OK","FULL,FULL,NONE,FULL",
25.147200,2026-09-01T19:10:35.830+01:00,15923440,139125,3172,3172,True,True,0x0B,"OK,OK,NO_IRQ,OK","FULL,FULL,NONE,FULL",
25.152193,2026-09-01T19:10:35.835+01:00,15926612,139126,3172,3172,True,True,0x0B,"OK,OK,NO_IRQ,OK","FULL,FULL,NONE,FULL",
25.159002,2026-09-01T19:10:35.840+01:00,15929784,139127,3172,3172,True,True,0x0B,"OK,OK,NO_IRQ,OK","FULL,FULL,NONE,FULL",
25.162002,2026-09-01T19:10:35.846+01:00,15932956,139128,3172,3172,True,True,0x0B,"OK,OK,NO_IRQ,OK","FULL,FULL,NONE,FULL",
25.174489,2026-09-01T19:10:35.850+01:00,15936128,139129,3172,3172,True,True,0x0B,"OK,OK,NO_IRQ,OK","FULL,FULL,NONE,FULL",
25.182638,2026-09-01T19:10:35.864+01:00,15939300,139130,3172,3172,True,True,0x0B,"OK,OK,NO_IRQ,OK","FULL,FULL,NONE,FULL",
25.184538,2026-09-01T19:10:35.871+01:00,15942472,139131,3172,3172,True,True,0x0B,"OK,OK,NO_IRQ,OK","FULL,FULL,NONE,FULL",
25.190631,2026-09-01T19:10:35.872+01:00,15945644,139132,3172,3172,True,True,0x0B,"OK,OK,NO_IRQ,OK","FULL,FULL,NONE,FULL",
25.191281,2026-09-01T19:10:35.878+01:00,15948816,139133,3172,3172,True,True,0x0B,"OK,OK,NO_IRQ,OK","FULL,FULL,NONE,FULL",
25.193086,2026-09-01T19:10:35.879+01:00,15951988,139134,3172,3172,True,True,0x0B,"OK,OK,NO_IRQ,OK","FULL,FULL,NONE,FULL",
25.197459,2026-09-01T19:10:35.881+01:00,15955160,139135,3172,3172,True,True,0x0B,"OK,OK,NO_IRQ,OK","FULL,FULL,NONE,FULL",
25.202019,2026-09-01T19:10:35.885+01:00,15958332,139136,3172,3172,True,True,0x0B,"OK,OK,NO_IRQ,OK","FULL,FULL,NONE,FULL",
25.208220,2026-09-01T19:10:35.889+01:00,15961504,139137,3172,3172,True,True,0x0B,"OK,OK,NO_IRQ,OK","FULL,FULL,NONE,FULL",
25.212080,2026-09-01T19:10:35.896+01:00,15964676,139138,3172,3172,True,True,0x0B,"OK,OK,NO_IRQ,OK","FULL,FULL,NONE,FULL",
25.218195,2026-09-01T19:10:35.900+01:00,15967848,139139,3172,3172,True,True,0x0B,"OK,OK,NO_IRQ,OK","FULL,FULL,NONE,FULL",
25.237790,2026-09-01T19:10:35.906+01:00,15971020,139140,3172,3172,True,True,0x0B,"OK,OK,NO_IRQ,OK","FULL,FULL,NONE,FULL",
25.243421,2026-09-01T19:10:35.925+01:00,15974192,139141,3172,3172,True,True,0x0B,"OK,OK,NO_IRQ,OK","FULL,FULL,NONE,FULL",
25.245559,2026-09-01T19:10:35.931+01:00,15977364,139142,3172,3172,True,True,0x0B,"OK,OK,NO_IRQ,OK","FULL,FULL,NONE,FULL",
25.246978,2026-09-01T19:10:35.933+01:00,15980536,139143,3172,3172,True,True,0x0B,"OK,OK,NO_IRQ,OK","FULL,FULL,NONE,FULL",
25.250374,2026-09-01T19:10:35.934+01:00,15983708,139144,3172,3172,True,True,0x0B,"OK,OK,NO_IRQ,OK","FULL,FULL,NONE,FULL",
25.252242,2026-09-01T19:10:35.938+01:00,15986880,139145,3172,3172,True,True,0x0B,"OK,OK,NO_IRQ,OK","FULL,FULL,NONE,FULL",
25.253850,2026-09-01T19:10:35.940+01:00,15990052,139146,3172,3172,True,True,0x0B,"OK,OK,NO_IRQ,OK","FULL,FULL,NONE,FULL",
25.260740,2026-09-01T19:10:35.941+01:00,15993224,139147,3172,3172,True,True,0x0B,"OK,OK,NO_IRQ,OK","FULL,FULL,NONE,FULL",
25.262622,2026-09-01T19:10:35.949+01:00,15996396,139148,3172,3172,True,True,0x0B,"OK,OK,NO_IRQ,OK","FULL,FULL,NONE,FULL",
25.268275,2026-09-01T19:10:35.951+01:00,15999568,139149,3172,3172,True,True,0x0B,"OK,OK,NO_IRQ,OK","FULL,FULL,NONE,FULL",
25.274414,2026-09-01T19:10:35.956+01:00,16002740,139150,3172,3172,True,True,0x0B,"OK,OK,NO_IRQ,OK","FULL,FULL,NONE,FULL",
25.277014,2026-09-01T19:10:35.962+01:00,16005912,139151,3172,3172,True,True,0x0B,"OK,OK,NO_IRQ,OK","FULL,FULL,NONE,FULL",
25.294673,2026-09-01T19:10:35.964+01:00,16009084,139152,3172,3172,True,True,0x0B,"OK,OK,NO_IRQ,OK","FULL,FULL,NONE,FULL",
25.296464,2026-09-01T19:10:35.982+01:00,16012256,139153,3172,3172,True,True,0x0B,"OK,OK,NO_IRQ,OK","FULL,FULL,NONE,FULL",
25.298450,2026-09-01T19:10:35.984+01:00,16015428,139154,3172,3172,True,True,0x0B,"OK,OK,NO_IRQ,OK","FULL,FULL,NONE,FULL",
25.299867,2026-09-01T19:10:35.986+01:00,16018600,139155,3172,3172,True,True,0x0B,"OK,OK,NO_IRQ,OK","FULL,FULL,NONE,FULL",
25.302766,2026-09-01T19:10:35.987+01:00,16021772,139156,3172,3172,True,True,0x0B,"OK,OK,NO_IRQ,OK","FULL,FULL,NONE,FULL",
25.308881,2026-09-01T19:10:35.990+01:00,16024944,139157,3172,3172,True,True,0x0B,"OK,OK,NO_IRQ,OK","FULL,FULL,NONE,FULL",
25.312342,2026-09-01T19:10:35.997+01:00,16028116,139158,3172,3172,True,True,0x0B,"OK,OK,NO_IRQ,OK","FULL,FULL,NONE,FULL",
25.317396,2026-09-01T19:10:36.000+01:00,16031288,139159,3172,3172,True,True,0x0B,"OK,OK,NO_IRQ,OK","FULL,FULL,NONE,FULL",
25.325821,2026-09-01T19:10:36.005+01:00,16034460,139160,3172,3172,True,True,0x0B,"OK,OK,NO_IRQ,OK","FULL,FULL,NONE,FULL",
25.327974,2026-09-01T19:10:36.013+01:00,16037632,139161,3172,3172,True,True,0x0B,"OK,OK,NO_IRQ,OK","FULL,FULL,NONE,FULL",
25.342837,2026-09-01T19:10:36.017+01:00,16040804,139162,3172,3172,True,True,0x0B,"OK,OK,NO_IRQ,OK","FULL,FULL,NONE,FULL",
25.345188,2026-09-01T19:10:36.030+01:00,16043976,139163,3172,3172,True,True,0x0B,"OK,OK,NO_IRQ,OK","FULL,FULL,NONE,FULL",
25.346589,2026-09-01T19:10:36.032+01:00,16047148,139164,3172,3172,True,True,0x0B,"OK,OK,NO_IRQ,OK","FULL,FULL,NONE,FULL",
25.348001,2026-09-01T19:10:36.034+01:00,16050320,139165,3172,3172,True,True,0x0B,"OK,OK,NO_IRQ,OK","FULL,FULL,NONE,FULL",
25.352049,2026-09-01T19:10:36.036+01:00,16053492,139166,3172,3172,True,True,0x0B,"OK,OK,NO_IRQ,OK","FULL,FULL,NONE,FULL",
25.357328,2026-09-01T19:10:36.039+01:00,16056664,139167,3172,3172,True,True,0x0B,"OK,OK,NO_IRQ,OK","FULL,FULL,NONE,FULL",
25.362674,2026-09-01T19:10:36.045+01:00,16059836,139168,3172,3172,True,True,0x0B,"OK,OK,NO_IRQ,OK","FULL,FULL,NONE,FULL",
25.367850,2026-09-01T19:10:36.050+01:00,16063008,139169,3172,3172,True,True,0x0B,"OK,OK,NO_IRQ,OK","FULL,FULL,NONE,FULL",
25.379773,2026-09-01T19:10:36.055+01:00,16066180,139170,3172,3172,True,True,0x0B,"OK,OK,NO_IRQ,OK","FULL,FULL,NONE,FULL",
25.380432,2026-09-01T19:10:36.067+01:00,16069352,139171,3172,3172,True,True,0x0B,"OK,OK,NO_IRQ,OK","FULL,FULL,NONE,FULL",
25.382196,2026-09-01T19:10:36.068+01:00,16072524,139172,3172,3172,True,True,0x0B,"OK,OK,NO_IRQ,OK","FULL,FULL,NONE,FULL",
25.401512,2026-09-01T19:10:36.070+01:00,16075696,139173,3172,3172,True,True,0x0B,"OK,OK,NO_IRQ,OK","FULL,FULL,NONE,FULL",
25.402926,2026-09-01T19:10:36.089+01:00,16078868,139174,3172,3172,True,True,0x0B,"OK,OK,NO_IRQ,OK","FULL,FULL,NONE,FULL",
25.403438,2026-09-01T19:10:36.090+01:00,16082040,139175,3172,3172,True,True,0x0B,"OK,OK,NO_IRQ,OK","FULL,FULL,NONE,FULL",
25.404072,2026-09-01T19:10:36.091+01:00,16085212,139176,3172,3172,True,True,0x0B,"OK,OK,NO_IRQ,OK","FULL,FULL,NONE,FULL",
25.411067,2026-09-01T19:10:36.091+01:00,16088384,139177,3172,3172,True,True,0x0B,"OK,OK,NO_IRQ,OK","FULL,FULL,NONE,FULL",
25.411994,2026-09-01T19:10:36.098+01:00,16091556,139178,3172,3172,True,True,0x0B,"OK,OK,NO_IRQ,OK","FULL,FULL,NONE,FULL",
25.417522,2026-09-01T19:10:36.099+01:00,16094728,139179,3172,3172,True,True,0x0B,"OK,OK,NO_IRQ,OK","FULL,FULL,NONE,FULL",
25.424186,2026-09-01T19:10:36.106+01:00,16097900,139180,3172,3172,True,True,0x0B,"OK,OK,NO_IRQ,OK","FULL,FULL,NONE,FULL",
25.428082,2026-09-01T19:10:36.112+01:00,16101072,139181,3172,3172,True,True,0x0B,"OK,OK,NO_IRQ,OK","FULL,FULL,NONE,FULL",
25.432122,2026-09-01T19:10:36.115+01:00,16104244,139182,3172,3172,True,True,0x0B,"OK,OK,NO_IRQ,OK","FULL,FULL,NONE,FULL",
25.437971,2026-09-01T19:10:36.120+01:00,16107416,139183,3172,3172,True,True,0x0B,"OK,OK,NO_IRQ,OK","FULL,FULL,NONE,FULL",
25.444474,2026-09-01T19:10:36.125+01:00,16110588,139184,3172,3172,True,True,0x0B,"OK,OK,NO_IRQ,OK","FULL,FULL,NONE,FULL",
25.451665,2026-09-01T19:10:36.132+01:00,16113760,139185,3172,3172,True,True,0x0B,"OK,OK,NO_IRQ,OK","FULL,FULL,NONE,FULL",
25.452256,2026-09-01T19:10:36.139+01:00,16116932,139186,3172,3172,True,True,0x0B,"OK,OK,NO_IRQ,OK","FULL,FULL,NONE,FULL",
25.460673,2026-09-01T19:10:36.140+01:00,16120104,139187,3172,3172,True,True,0x0B,"OK,OK,NO_IRQ,OK","FULL,FULL,NONE,FULL",
25.469730,2026-09-01T19:10:36.148+01:00,16123276,139188,3172,3172,True,True,0x0B,"OK,OK,NO_IRQ,OK","FULL,FULL,NONE,FULL",
25.474310,2026-09-01T19:10:36.158+01:00,16126448,139189,3172,3172,True,True,0x0B,"OK,OK,NO_IRQ,OK","FULL,FULL,NONE,FULL",
25.474630,2026-09-01T19:10:36.162+01:00,16129620,139190,3172,3172,True,True,0x0B,"OK,OK,NO_IRQ,OK","FULL,FULL,NONE,FULL",
25.478142,2026-09-01T19:10:36.162+01:00,16132792,139191,3172,3172,True,True,0x0B,"OK,OK,NO_IRQ,OK","FULL,FULL,NONE,FULL",
25.482979,2026-09-01T19:10:36.166+01:00,16135964,139192,3172,3172,True,True,0x0B,"OK,OK,NO_IRQ,OK","FULL,FULL,NONE,FULL",
25.488063,2026-09-01T19:10:36.170+01:00,16139136,139193,3172,3172,True,True,0x0B,"OK,OK,NO_IRQ,OK","FULL,FULL,NONE,FULL",
25.493450,2026-09-01T19:10:36.177+01:00,16142308,139194,3172,3172,True,True,0x0B,"OK,OK,NO_IRQ,OK","FULL,FULL,NONE,FULL",
25.499179,2026-09-01T19:10:36.181+01:00,16145480,139195,3172,3172,True,True,0x0B,"OK,OK,NO_IRQ,OK","FULL,FULL,NONE,FULL",
25.502554,2026-09-01T19:10:36.187+01:00,16148652,139196,3172,3172,True,True,0x0B,"OK,OK,NO_IRQ,OK","FULL,FULL,NONE,FULL",
25.509419,2026-09-01T19:10:36.191+01:00,16151824,139197,3172,3172,True,True,0x0B,"OK,OK,NO_IRQ,OK","FULL,FULL,NONE,FULL",
25.515394,2026-09-01T19:10:36.197+01:00,16154996,139198,3172,3172,True,True,0x0B,"OK,OK,NO_IRQ,OK","FULL,FULL,NONE,FULL",
25.519385,2026-09-01T19:10:36.206+01:00,16158168,139199,3172,3172,True,True,0x0B,"OK,OK,NO_IRQ,OK","FULL,FULL,NONE,FULL",
25.526013,2026-09-01T19:10:36.207+01:00,16161340,139200,3172,3172,True,True,0x0B,"OK,OK,NO_IRQ,OK","FULL,FULL,NONE,FULL",
25.531591,2026-09-01T19:10:36.213+01:00,16164512,139201,3172,3172,True,True,0x0B,"OK,OK,NO_IRQ,OK","FULL,FULL,NONE,FULL",
25.533175,2026-09-01T19:10:36.219+01:00,16167684,139202,3172,3172,True,True,0x0B,"OK,OK,NO_IRQ,OK","FULL,FULL,NONE,FULL",
25.544230,2026-09-01T19:10:36.220+01:00,16170856,139203,3172,3172,True,True,0x0B,"OK,OK,NO_IRQ,OK","FULL,FULL,NONE,FULL",
25.545989,2026-09-01T19:10:36.232+01:00,16174028,139204,3172,3172,True,True,0x0B,"OK,OK,NO_IRQ,OK","FULL,FULL,NONE,FULL",
25.547485,2026-09-01T19:10:36.233+01:00,16177200,139205,3172,3172,True,True,0x0B,"OK,OK,NO_IRQ,OK","FULL,FULL,NONE,FULL",
25.552372,2026-09-01T19:10:36.235+01:00,16180372,139206,3172,3172,True,True,0x0B,"OK,OK,NO_IRQ,OK","FULL,FULL,NONE,FULL",
25.557848,2026-09-01T19:10:36.240+01:00,16183544,139207,3172,3172,True,True,0x0B,"OK,OK,NO_IRQ,OK","FULL,FULL,NONE,FULL",
25.562665,2026-09-01T19:10:36.245+01:00,16186716,139208,3172,3172,True,True,0x0B,"OK,OK,NO_IRQ,OK","FULL,FULL,NONE,FULL",
25.568541,2026-09-01T19:10:36.250+01:00,16189888,139209,3172,3172,True,True,0x0B,"OK,OK,NO_IRQ,OK","FULL,FULL,NONE,FULL",
25.574837,2026-09-01T19:10:36.256+01:00,16193060,139210,3172,3172,True,True,0x0B,"OK,OK,NO_IRQ,OK","FULL,FULL,NONE,FULL",
25.577704,2026-09-01T19:10:36.262+01:00,16196232,139211,3172,3172,True,True,0x0B,"OK,OK,NO_IRQ,OK","FULL,FULL,NONE,FULL",
25.597373,2026-09-01T19:10:36.265+01:00,16199404,139212,3172,3172,True,True,0x0B,"OK,OK,NO_IRQ,OK","FULL,FULL,NONE,FULL",
25.609286,2026-09-01T19:10:36.287+01:00,16202576,139213,3172,3172,True,True,0x0B,"OK,OK,NO_IRQ,OK","FULL,FULL,NONE,FULL",
25.613722,2026-09-01T19:10:36.300+01:00,16205748,139214,3172,3172,True,True,0x0B,"OK,OK,NO_IRQ,OK","FULL,FULL,NONE,FULL",
25.615795,2026-09-01T19:10:36.302+01:00,16208920,139215,3172,3172,True,True,0x0B,"OK,OK,NO_IRQ,OK","FULL,FULL,NONE,FULL",
25.617279,2026-09-01T19:10:36.303+01:00,16212092,139216,3172,3172,True,True,0x0B,"OK,OK,NO_IRQ,OK","FULL,FULL,NONE,FULL",
25.618515,2026-09-01T19:10:36.305+01:00,16215264,139217,3172,3172,True,True,0x0B,"OK,OK,NO_IRQ,OK","FULL,FULL,NONE,FULL",
25.619648,2026-09-01T19:10:36.306+01:00,16218436,139218,3172,3172,True,True,0x0B,"OK,OK,NO_IRQ,OK","FULL,FULL,NONE,FULL",
25.620545,2026-09-01T19:10:36.307+01:00,16221608,139219,3172,3172,True,True,0x0B,"OK,OK,NO_IRQ,OK","FULL,FULL,NONE,FULL",
25.627820,2026-09-01T19:10:36.308+01:00,16224780,139220,3172,3172,True,True,0x0B,"OK,OK,NO_IRQ,OK","FULL,FULL,NONE,FULL",
25.629778,2026-09-01T19:10:36.315+01:00,16227952,139221,3172,3172,True,True,0x0B,"OK,OK,NO_IRQ,OK","FULL,FULL,NONE,FULL",
25.633088,2026-09-01T19:10:36.317+01:00,16231124,139222,3172,3172,True,True,0x0B,"OK,OK,NO_IRQ,OK","FULL,FULL,NONE,FULL",
25.642528,2026-09-01T19:10:36.321+01:00,16234296,139223,3172,3172,True,True,0x0B,"OK,OK,NO_IRQ,OK","FULL,FULL,NONE,FULL",
25.643724,2026-09-01T19:10:36.330+01:00,16237468,139224,3172,3172,True,True,0x0B,"OK,OK,NO_IRQ,OK","FULL,FULL,NONE,FULL",
25.648117,2026-09-01T19:10:36.332+01:00,16240640,139225,3172,3172,True,True,0x0B,"OK,OK,NO_IRQ,OK","FULL,FULL,NONE,FULL",
25.670487,2026-09-01T19:10:36.336+01:00,16243812,139226,3172,3172,True,True,0x0B,"OK,OK,NO_IRQ,OK","FULL,FULL,NONE,FULL",
25.677852,2026-09-01T19:10:36.358+01:00,16246984,139227,3172,3172,True,True,0x0B,"OK,OK,NO_IRQ,OK","FULL,FULL,NONE,FULL",
25.679576,2026-09-01T19:10:36.366+01:00,16250156,139228,3172,3172,True,True,0x0B,"OK,OK,NO_IRQ,OK","FULL,FULL,NONE,FULL",
25.682045,2026-09-01T19:10:36.368+01:00,16253328,139229,3172,3172,True,True,0x0B,"OK,OK,NO_IRQ,OK","FULL,FULL,NONE,FULL",
25.683539,2026-09-01T19:10:36.369+01:00,16256500,139230,3172,3172,True,True,0x0B,"OK,OK,NO_IRQ,OK","FULL,FULL,NONE,FULL",
25.685569,2026-09-01T19:10:36.371+01:00,16259672,139231,3172,3172,True,True,0x0B,"OK,OK,NO_IRQ,OK","FULL,FULL,NONE,FULL",
25.687032,2026-09-01T19:10:36.373+01:00,16262844,139232,3172,3172,True,True,0x0B,"OK,OK,NO_IRQ,OK","FULL,FULL,NONE,FULL",
25.699620,2026-09-01T19:10:36.375+01:00,16266016,139233,3172,3172,True,True,0x0B,"OK,OK,NO_IRQ,OK","FULL,FULL,NONE,FULL",
25.701296,2026-09-01T19:10:36.387+01:00,16269188,139234,3172,3172,True,True,0x0B,"OK,OK,NO_IRQ,OK","FULL,FULL,NONE,FULL",
25.703660,2026-09-01T19:10:36.390+01:00,16272360,139235,3172,3172,True,True,0x0B,"OK,OK,NO_IRQ,OK","FULL,FULL,NONE,FULL",
25.711952,2026-09-01T19:10:36.399+01:00,16275532,139236,3172,3172,True,True,0x0B,"OK,OK,NO_IRQ,OK","FULL,FULL,NONE,FULL",
25.713777,2026-09-01T19:10:36.400+01:00,16278704,139237,3172,3172,True,True,0x0B,"OK,OK,NO_IRQ,OK","FULL,FULL,NONE,FULL",
25.715856,2026-09-01T19:10:36.401+01:00,16281876,139238,3172,3172,True,True,0x0B,"OK,OK,NO_IRQ,OK","FULL,FULL,NONE,FULL",
25.718003,2026-09-01T19:10:36.403+01:00,16285048,139239,3172,3172,True,True,0x0B,"OK,OK,NO_IRQ,OK","FULL,FULL,NONE,FULL",
25.729815,2026-09-01T19:10:36.406+01:00,16288220,139240,3172,3172,True,True,0x0B,"OK,OK,NO_IRQ,OK","FULL,FULL,NONE,FULL",
25.744620,2026-09-01T19:10:36.417+01:00,16291392,139241,3172,3172,True,True,0x0B,"OK,OK,NO_IRQ,OK","FULL,FULL,NONE,FULL",
25.746465,2026-09-01T19:10:36.432+01:00,16294564,139242,3172,3172,True,True,0x0B,"OK,OK,NO_IRQ,OK","FULL,FULL,NONE,FULL",
25.748569,2026-09-01T19:10:36.434+01:00,16297736,139243,3172,3172,True,True,0x0B,"OK,OK,NO_IRQ,OK","FULL,FULL,NONE,FULL",
25.750473,2026-09-01T19:10:36.436+01:00,16300908,139244,3172,3172,True,True,0x0B,"OK,OK,NO_IRQ,OK","FULL,FULL,NONE,FULL",
25.752100,2026-09-01T19:10:36.438+01:00,16304080,139245,3172,3172,True,True,0x0B,"OK,OK,NO_IRQ,OK","FULL,FULL,NONE,FULL",
25.753499,2026-09-01T19:10:36.439+01:00,16307252,139246,3172,3172,True,True,0x0B,"OK,OK,NO_IRQ,OK","FULL,FULL,NONE,FULL",
25.759898,2026-09-01T19:10:36.441+01:00,16310424,139247,3172,3172,True,True,0x0B,"OK,OK,NO_IRQ,OK","FULL,FULL,NONE,FULL",
25.763824,2026-09-01T19:10:36.447+01:00,16313596,139248,3172,3172,True,True,0x0B,"OK,OK,NO_IRQ,OK","FULL,FULL,NONE,FULL",
25.769921,2026-09-01T19:10:36.451+01:00,16316768,139249,3172,3172,True,True,0x0B,"OK,OK,NO_IRQ,OK","FULL,FULL,NONE,FULL",
25.775091,2026-09-01T19:10:36.458+01:00,16319940,139250,3172,3172,True,True,0x0B,"OK,OK,NO_IRQ,OK","FULL,FULL,NONE,FULL",
25.778725,2026-09-01T19:10:36.462+01:00,16323112,139251,3172,3172,True,True,0x0B,"OK,OK,NO_IRQ,OK","FULL,FULL,NONE,FULL",
25.783505,2026-09-01T19:10:36.467+01:00,16326284,139252,3172,3172,True,True,0x0B,"OK,OK,NO_IRQ,OK","FULL,FULL,NONE,FULL",
25.796469,2026-09-01T19:10:36.471+01:00,16329456,139253,3172,3172,True,True,0x0B,"OK,OK,NO_IRQ,OK","FULL,FULL,NONE,FULL",
25.797095,2026-09-01T19:10:36.484+01:00,16332628,139254,3172,3172,True,True,0x0B,"OK,OK,NO_IRQ,OK","FULL,FULL,NONE,FULL",
25.798088,2026-09-01T19:10:36.485+01:00,16335800,139255,3172,3172,True,True,0x0B,"OK,OK,NO_IRQ,OK","FULL,FULL,NONE,FULL",
25.811367,2026-09-01T19:10:36.485+01:00,16338972,139256,3172,3172,True,True,0x0B,"OK,OK,NO_IRQ,OK","FULL,FULL,NONE,FULL",
25.812035,2026-09-01T19:10:36.499+01:00,16342144,139257,3172,3172,True,True,0x0B,"OK,OK,NO_IRQ,OK","FULL,FULL,NONE,FULL",
25.813820,2026-09-01T19:10:36.499+01:00,16345316,139258,3172,3172,True,True,0x0B,"OK,OK,NO_IRQ,OK","FULL,FULL,NONE,FULL",
25.818218,2026-09-01T19:10:36.501+01:00,16348488,139259,3172,3172,True,True,0x0B,"OK,OK,NO_IRQ,OK","FULL,FULL,NONE,FULL",
25.826508,2026-09-01T19:10:36.505+01:00,16351660,139260,3172,3172,True,True,0x0B,"OK,OK,NO_IRQ,OK","FULL,FULL,NONE,FULL",
25.829049,2026-09-01T19:10:36.514+01:00,16354832,139261,3172,3172,True,True,0x0B,"OK,OK,NO_IRQ,OK","FULL,FULL,NONE,FULL",
25.833322,2026-09-01T19:10:36.516+01:00,16358004,139262,3172,3172,True,True,0x0B,"OK,OK,NO_IRQ,OK","FULL,FULL,NONE,FULL",
25.837947,2026-09-01T19:10:36.521+01:00,16361176,139263,3172,3172,True,True,0x0B,"OK,OK,NO_IRQ,OK","FULL,FULL,NONE,FULL",
25.843760,2026-09-01T19:10:36.525+01:00,16364348,139264,3172,3172,True,True,0x0B,"OK,OK,NO_IRQ,OK","FULL,FULL,NONE,FULL",
25.848015,2026-09-01T19:10:36.531+01:00,16367520,139265,3172,3172,True,True,0x0B,"OK,OK,NO_IRQ,OK","FULL,FULL,NONE,FULL",
25.853749,2026-09-01T19:10:36.536+01:00,16370692,139266,3172,3172,True,True,0x0B,"OK,OK,NO_IRQ,OK","FULL,FULL,NONE,FULL",
25.863751,2026-09-01T19:10:36.541+01:00,16373864,139267,3172,3172,True,True,0x0B,"OK,OK,NO_IRQ,OK","FULL,FULL,NONE,FULL",
25.864365,2026-09-01T19:10:36.551+01:00,16377036,139268,3172,3172,True,True,0x0B,"OK,OK,NO_IRQ,OK","FULL,FULL,NONE,FULL",
25.868057,2026-09-01T19:10:36.552+01:00,16380208,139269,3172,3172,True,True,0x0B,"OK,OK,NO_IRQ,OK","FULL,FULL,NONE,FULL",
25.876684,2026-09-01T19:10:36.555+01:00,16383380,139270,3172,3172,True,True,0x0B,"OK,OK,NO_IRQ,OK","FULL,FULL,NONE,FULL",
25.878791,2026-09-01T19:10:36.564+01:00,16386552,139271,3172,3172,True,True,0x0B,"OK,OK,NO_IRQ,OK","FULL,FULL,NONE,FULL",
25.890046,2026-09-01T19:10:36.566+01:00,16389724,139272,3172,3172,True,True,0x0B,"OK,OK,NO_IRQ,OK","FULL,FULL,NONE,FULL",
25.893422,2026-09-01T19:10:36.577+01:00,16392896,139273,3172,3172,True,True,0x0B,"OK,OK,NO_IRQ,OK","FULL,FULL,NONE,FULL",
25.893996,2026-09-01T19:10:36.581+01:00,16396068,139274,3172,3172,True,True,0x0B,"OK,OK,NO_IRQ,OK","FULL,FULL,NONE,FULL",
25.899398,2026-09-01T19:10:36.581+01:00,16399240,139275,3172,3172,True,True,0x0B,"OK,OK,NO_IRQ,OK","FULL,FULL,NONE,FULL",
25.904044,2026-09-01T19:10:36.587+01:00,16402412,139276,3172,3172,True,True,0x0B,"OK,OK,NO_IRQ,OK","FULL,FULL,NONE,FULL",
25.913364,2026-09-01T19:10:36.591+01:00,16405584,139277,3172,3172,True,True,0x0B,"OK,OK,NO_IRQ,OK","FULL,FULL,NONE,FULL",
25.914594,2026-09-01T19:10:36.601+01:00,16408756,139278,3172,3172,True,True,0x0B,"OK,OK,NO_IRQ,OK","FULL,FULL,NONE,FULL",
25.919524,2026-09-01T19:10:36.603+01:00,16411928,139279,3172,3172,True,True,0x0B,"OK,OK,NO_IRQ,OK","FULL,FULL,NONE,FULL",
25.927041,2026-09-01T19:10:36.607+01:00,16415100,139280,3172,3172,True,True,0x0B,"OK,OK,NO_IRQ,OK","FULL,FULL,NONE,FULL",
25.929269,2026-09-01T19:10:36.615+01:00,16418272,139281,3172,3172,True,True,0x0B,"OK,OK,NO_IRQ,OK","FULL,FULL,NONE,FULL",
25.933918,2026-09-01T19:10:36.617+01:00,16421444,139282,3172,3172,True,True,0x0B,"OK,OK,NO_IRQ,OK","FULL,FULL,NONE,FULL",
25.938138,2026-09-01T19:10:36.621+01:00,16424616,139283,3172,3172,True,True,0x0B,"OK,OK,NO_IRQ,OK","FULL,FULL,NONE,FULL",
25.949998,2026-09-01T19:10:36.625+01:00,16427788,139284,3172,3172,True,True,0x0B,"OK,OK,NO_IRQ,OK","FULL,FULL,NONE,FULL",
25.953989,2026-09-01T19:10:36.640+01:00,16430960,139285,3172,3172,True,True,0x0B,"OK,OK,NO_IRQ,OK","FULL,FULL,NONE,FULL",
25.964559,2026-09-01T19:10:36.650+01:00,16434132,139286,3172,3172,True,True,0x0B,"OK,OK,NO_IRQ,OK","FULL,FULL,NONE,FULL",
25.966139,2026-09-01T19:10:36.652+01:00,16437304,139287,3172,3172,True,True,0x0B,"OK,OK,NO_IRQ,OK","FULL,FULL,NONE,FULL",
25.967500,2026-09-01T19:10:36.653+01:00,16440476,139288,3172,3172,True,True,0x0B,"OK,OK,NO_IRQ,OK","FULL,FULL,NONE,FULL",
25.969299,2026-09-01T19:10:36.655+01:00,16443648,139289,3172,3172,True,True,0x0B,"OK,OK,NO_IRQ,OK","FULL,FULL,NONE,FULL",
25.976023,2026-09-01T19:10:36.657+01:00,16446820,139290,3172,3172,True,True,0x0B,"OK,OK,NO_IRQ,OK","FULL,FULL,NONE,FULL",
25.979107,2026-09-01T19:10:36.664+01:00,16449992,139291,3172,3172,True,True,0x0B,"OK,OK,NO_IRQ,OK","FULL,FULL,NONE,FULL",
25.984230,2026-09-01T19:10:36.666+01:00,16453164,139292,3172,3172,True,True,0x0B,"OK,OK,NO_IRQ,OK","FULL,FULL,NONE,FULL",
25.989551,2026-09-01T19:10:36.672+01:00,16456336,139293,3172,3172,True,True,0x0B,"OK,OK,NO_IRQ,OK","FULL,FULL,NONE,FULL",
25.993569,2026-09-01T19:10:36.677+01:00,16459508,139294,3172,3172,True,True,0x0B,"OK,OK,NO_IRQ,OK","FULL,FULL,NONE,FULL",
26.015672,2026-09-01T19:10:36.682+01:00,16462680,139295,3172,3172,True,True,0x0B,"OK,OK,NO_IRQ,OK","FULL,FULL,NONE,FULL",
26.018285,2026-09-01T19:10:36.703+01:00,16465852,139296,3172,3172,True,True,0x0B,"OK,OK,NO_IRQ,OK","FULL,FULL,NONE,FULL",
26.018858,2026-09-01T19:10:36.706+01:00,16469024,139297,3172,3172,True,True,0x0B,"OK,OK,NO_IRQ,OK","FULL,FULL,NONE,FULL",
26.019356,2026-09-01T19:10:36.706+01:00,16472196,139298,3172,3172,True,True,0x0B,"OK,OK,NO_IRQ,OK","FULL,FULL,NONE,FULL",
26.019798,2026-09-01T19:10:36.707+01:00,16475368,139299,3172,3172,True,True,0x0B,"OK,OK,NO_IRQ,OK","FULL,FULL,NONE,FULL",
26.026177,2026-09-01T19:10:36.707+01:00,16478540,139300,3172,3172,True,True,0x0B,"OK,OK,NO_IRQ,OK","FULL,FULL,NONE,FULL",
26.029861,2026-09-01T19:10:36.714+01:00,16481712,139301,3172,3172,True,True,0x0B,"OK,OK,NO_IRQ,OK","FULL,FULL,NONE,FULL",
26.034373,2026-09-01T19:10:36.717+01:00,16484884,139302,3172,3172,True,True,0x0B,"OK,OK,NO_IRQ,OK","FULL,FULL,NONE,FULL",
26.040773,2026-09-01T19:10:36.722+01:00,16488056,139303,3172,3172,True,True,0x0B,"OK,OK,NO_IRQ,OK","FULL,FULL,NONE,FULL",
26.044709,2026-09-01T19:10:36.728+01:00,16491228,139304,3172,3172,True,True,0x0B,"OK,OK,NO_IRQ,OK","FULL,FULL,NONE,FULL",
26.049368,2026-09-01T19:10:36.732+01:00,16494400,139305,3172,3172,True,True,0x0B,"OK,OK,NO_IRQ,OK","FULL,FULL,NONE,FULL",
26.056787,2026-09-01T19:10:36.737+01:00,16497572,139306,3172,3172,True,True,0x0B,"OK,OK,NO_IRQ,OK","FULL,FULL,NONE,FULL",
26.070017,2026-09-01T19:10:36.744+01:00,16500744,139307,3172,3172,True,True,0x0B,"OK,OK,NO_IRQ,OK","FULL,FULL,NONE,FULL",
26.071352,2026-09-01T19:10:36.757+01:00,16503916,139308,3172,3172,True,True,0x0B,"OK,OK,NO_IRQ,OK","FULL,FULL,NONE,FULL",
26.075845,2026-09-01T19:10:36.762+01:00,16507088,139309,3172,3172,True,True,0x0B,"OK,OK,NO_IRQ,OK","FULL,FULL,NONE,FULL",
26.077162,2026-09-01T19:10:36.763+01:00,16510260,139310,3172,3172,True,True,0x0B,"OK,OK,NO_IRQ,OK","FULL,FULL,NONE,FULL",
26.078527,2026-09-01T19:10:36.764+01:00,16513432,139311,3172,3172,True,True,0x0B,"OK,OK,NO_IRQ,OK","FULL,FULL,NONE,FULL",
26.084008,2026-09-01T19:10:36.766+01:00,16516604,139312,3172,3172,True,True,0x0B,"OK,OK,NO_IRQ,OK","FULL,FULL,NONE,FULL",
26.093179,2026-09-01T19:10:36.771+01:00,16519776,139313,3172,3172,True,True,0x0B,"OK,OK,NO_IRQ,OK","FULL,FULL,NONE,FULL",
26.094971,2026-09-01T19:10:36.781+01:00,16522948,139314,3172,3172,True,True,0x0B,"OK,OK,NO_IRQ,OK","FULL,FULL,NONE,FULL",
26.099105,2026-09-01T19:10:36.784+01:00,16526120,139315,3172,3172,True,True,0x0B,"OK,OK,NO_IRQ,OK","FULL,FULL,NONE,FULL",
26.110677,2026-09-01T19:10:36.786+01:00,16529292,139316,3172,3172,True,True,0x0B,"OK,OK,NO_IRQ,OK","FULL,FULL,NONE,FULL",
26.111508,2026-09-01T19:10:36.798+01:00,16532464,139317,3172,3172,True,True,0x0B,"OK,OK,NO_IRQ,OK","FULL,FULL,NONE,FULL",
26.115147,2026-09-01T19:10:36.799+01:00,16535636,139318,3172,3172,True,True,0x0B,"OK,OK,NO_IRQ,OK","FULL,FULL,NONE,FULL",
26.118794,2026-09-01T19:10:36.802+01:00,16538808,139319,3172,3172,True,True,0x0B,"OK,OK,NO_IRQ,OK","FULL,FULL,NONE,FULL",
26.125167,2026-09-01T19:10:36.806+01:00,16541980,139320,3172,3172,True,True,0x0B,"OK,OK,NO_IRQ,OK","FULL,FULL,NONE,FULL",
26.129805,2026-09-01T19:10:36.812+01:00,16545152,139321,3172,3172,True,True,0x0B,"OK,OK,NO_IRQ,OK","FULL,FULL,NONE,FULL",
26.134260,2026-09-01T19:10:36.817+01:00,16548324,139322,3172,3172,True,True,0x0B,"OK,OK,NO_IRQ,OK","FULL,FULL,NONE,FULL",
26.141546,2026-09-01T19:10:36.822+01:00,16551496,139323,3172,3172,True,True,0x0B,"OK,OK,NO_IRQ,OK","FULL,FULL,NONE,FULL",
26.143783,2026-09-01T19:10:36.829+01:00,16554668,139324,3172,3172,True,True,0x0B,"OK,OK,NO_IRQ,OK","FULL,FULL,NONE,FULL",
26.149233,2026-09-01T19:10:36.831+01:00,16557840,139325,3172,3172,True,True,0x0B,"OK,OK,NO_IRQ,OK","FULL,FULL,NONE,FULL",
26.153605,2026-09-01T19:10:36.837+01:00,16561012,139326,3172,3172,True,True,0x0B,"OK,OK,NO_IRQ,OK","FULL,FULL,NONE,FULL",
26.176969,2026-09-01T19:10:36.841+01:00,16564184,139327,3172,3172,True,True,0x0B,"OK,OK,NO_IRQ,OK","FULL,FULL,NONE,FULL",
26.179100,2026-09-01T19:10:36.866+01:00,16567356,139328,3172,3172,True,True,0x0B,"OK,OK,NO_IRQ,OK","FULL,FULL,NONE,FULL",
26.179559,2026-09-01T19:10:36.866+01:00,16570528,139329,3172,3172,True,True,0x0B,"OK,OK,NO_IRQ,OK","FULL,FULL,NONE,FULL",
26.179977,2026-09-01T19:10:36.867+01:00,16573700,139330,3172,3172,True,True,0x0B,"OK,OK,NO_IRQ,OK","FULL,FULL,NONE,FULL",
26.180390,2026-09-01T19:10:36.867+01:00,16576872,139331,3172,3172,True,True,0x0B,"OK,OK,NO_IRQ,OK","FULL,FULL,NONE,FULL",
26.199210,2026-09-01T19:10:36.868+01:00,16580044,139332,3172,3172,True,True,0x0B,"OK,OK,NO_IRQ,OK","FULL,FULL,NONE,FULL",
26.199926,2026-09-01T19:10:36.887+01:00,16583216,139333,3172,3172,True,True,0x0B,"OK,OK,NO_IRQ,OK","FULL,FULL,NONE,FULL",
26.200411,2026-09-01T19:10:36.887+01:00,16586388,139334,3172,3172,True,True,0x0B,"OK,OK,NO_IRQ,OK","FULL,FULL,NONE,FULL",
26.204657,2026-09-01T19:10:36.888+01:00,16589560,139335,3172,3172,True,True,0x0B,"OK,OK,NO_IRQ,OK","FULL,FULL,NONE,FULL",
26.207194,2026-09-01T19:10:36.892+01:00,16592732,139336,3172,3172,True,True,0x0B,"OK,OK,NO_IRQ,OK","FULL,FULL,NONE,FULL",
26.209091,2026-09-01T19:10:36.894+01:00,16595904,139337,3172,3172,True,True,0x0B,"OK,OK,NO_IRQ,OK","FULL,FULL,NONE,FULL",
26.217024,2026-09-01T19:10:36.896+01:00,16599076,139338,3172,3172,True,True,0x0B,"OK,OK,NO_IRQ,OK","FULL,FULL,NONE,FULL",
26.219489,2026-09-01T19:10:36.905+01:00,16602248,139339,3172,3172,True,True,0x0B,"OK,OK,NO_IRQ,OK","FULL,FULL,NONE,FULL",
26.225542,2026-09-01T19:10:36.907+01:00,16605420,139340,3172,3172,True,True,0x0B,"OK,OK,NO_IRQ,OK","FULL,FULL,NONE,FULL",
26.264041,2026-09-01T19:10:36.935+01:00,16608592,139341,3172,3172,True,True,0x0B,"OK,OK,NO_IRQ,OK","FULL,FULL,NONE,FULL",
26.265540,2026-09-01T19:10:36.951+01:00,16611764,139342,3172,3172,True,True,0x0B,"OK,OK,NO_IRQ,OK","FULL,FULL,NONE,FULL",
26.267530,2026-09-01T19:10:36.953+01:00,16614936,139343,3172,3172,True,True,0x0B,"OK,OK,NO_IRQ,OK","FULL,FULL,NONE,FULL",
26.269187,2026-09-01T19:10:36.955+01:00,16618108,139344,3172,3172,True,True,0x0B,"OK,OK,NO_IRQ,OK","FULL,FULL,NONE,FULL",
26.271209,2026-09-01T19:10:36.956+01:00,16621280,139345,3172,3172,True,True,0x0B,"OK,OK,NO_IRQ,OK","FULL,FULL,NONE,FULL",
26.275968,2026-09-01T19:10:36.958+01:00,16624452,139346,3172,3172,True,True,0x0B,"OK,OK,NO_IRQ,OK","FULL,FULL,NONE,FULL",
26.278311,2026-09-01T19:10:36.964+01:00,16627624,139347,3172,3172,True,True,0x0B,"OK,OK,NO_IRQ,OK","FULL,FULL,NONE,FULL",
26.279846,2026-09-01T19:10:36.966+01:00,16630796,139348,3172,3172,True,True,0x0B,"OK,OK,NO_IRQ,OK","FULL,FULL,NONE,FULL",
26.282077,2026-09-01T19:10:36.968+01:00,16633968,139349,3172,3172,True,True,0x0B,"OK,OK,NO_IRQ,OK","FULL,FULL,NONE,FULL",
26.284125,2026-09-01T19:10:36.969+01:00,16637140,139350,3172,3172,True,True,0x0B,"OK,OK,NO_IRQ,OK","FULL,FULL,NONE,FULL",
26.285984,2026-09-01T19:10:36.971+01:00,16640312,139351,3172,3172,True,True,0x0B,"OK,OK,NO_IRQ,OK","FULL,FULL,NONE,FULL",
26.287868,2026-09-01T19:10:36.974+01:00,16643484,139352,3172,3172,True,True,0x0B,"OK,OK,NO_IRQ,OK","FULL,FULL,NONE,FULL",
26.294540,2026-09-01T19:10:36.980+01:00,16646656,139353,3172,3172,True,True,0x0B,"OK,OK,NO_IRQ,OK","FULL,FULL,NONE,FULL",
26.296643,2026-09-01T19:10:36.982+01:00,16649828,139354,3172,3172,True,True,0x0B,"OK,OK,NO_IRQ,OK","FULL,FULL,NONE,FULL",
26.299303,2026-09-01T19:10:36.985+01:00,16653000,139355,3172,3172,True,True,0x0B,"OK,OK,NO_IRQ,OK","FULL,FULL,NONE,FULL",
26.304242,2026-09-01T19:10:36.987+01:00,16656172,139356,3172,3172,True,True,0x0B,"OK,OK,NO_IRQ,OK","FULL,FULL,NONE,FULL",
26.327868,2026-09-01T19:10:36.992+01:00,16659344,139357,3172,3172,True,True,0x0B,"OK,OK,NO_IRQ,OK","FULL,FULL,NONE,FULL",
26.328708,2026-09-01T19:10:37.015+01:00,16662516,139358,3172,3172,True,True,0x0B,"OK,OK,NO_IRQ,OK","FULL,FULL,NONE,FULL",
26.330166,2026-09-01T19:10:37.016+01:00,16665688,139359,3172,3172,True,True,0x0B,"OK,OK,NO_IRQ,OK","FULL,FULL,NONE,FULL",
26.330721,2026-09-01T19:10:37.017+01:00,16668860,139360,3172,3172,True,True,0x0B,"OK,OK,NO_IRQ,OK","FULL,FULL,NONE,FULL",
26.331209,2026-09-01T19:10:37.018+01:00,16672032,139361,3172,3172,True,True,0x0B,"OK,OK,NO_IRQ,OK","FULL,FULL,NONE,FULL",
26.334462,2026-09-01T19:10:37.018+01:00,16675204,139362,3172,3172,True,True,0x0B,"OK,OK,NO_IRQ,OK","FULL,FULL,NONE,FULL",
26.342911,2026-09-01T19:10:37.022+01:00,16678376,139363,3172,3172,True,True,0x0B,"OK,OK,NO_IRQ,OK","FULL,FULL,NONE,FULL",
26.344788,2026-09-01T19:10:37.030+01:00,16681548,139364,3172,3172,True,True,0x0B,"OK,OK,NO_IRQ,OK","FULL,FULL,NONE,FULL",
26.349773,2026-09-01T19:10:37.033+01:00,16684720,139365,3172,3172,True,True,0x0B,"OK,OK,NO_IRQ,OK","FULL,FULL,NONE,FULL",
26.354257,2026-09-01T19:10:37.037+01:00,16687892,139366,3172,3172,True,True,0x0B,"OK,OK,NO_IRQ,OK","FULL,FULL,NONE,FULL",
26.359434,2026-09-01T19:10:37.046+01:00,16691064,139367,3172,3172,True,True,0x0B,"OK,OK,NO_IRQ,OK","FULL,FULL,NONE,FULL",
26.377941,2026-09-01T19:10:37.047+01:00,16694236,139368,3172,3172,True,True,0x0B,"OK,OK,NO_IRQ,OK","FULL,FULL,NONE,FULL",
26.378573,2026-09-01T19:10:37.065+01:00,16697408,139369,3172,3172,True,True,0x0B,"OK,OK,NO_IRQ,OK","FULL,FULL,NONE,FULL",
26.379058,2026-09-01T19:10:37.066+01:00,16700580,139370,3172,3172,True,True,0x0B,"OK,OK,NO_IRQ,OK","FULL,FULL,NONE,FULL",
26.379681,2026-09-01T19:10:37.066+01:00,16703752,139371,3172,3172,True,True,0x0B,"OK,OK,NO_IRQ,OK","FULL,FULL,NONE,FULL",
26.384856,2026-09-01T19:10:37.067+01:00,16706924,139372,3172,3172,True,True,0x0B,"OK,OK,NO_IRQ,OK","FULL,FULL,NONE,FULL",
26.392423,2026-09-01T19:10:37.073+01:00,16710096,139373,3172,3172,True,True,0x0B,"OK,OK,NO_IRQ,OK","FULL,FULL,NONE,FULL",
26.395262,2026-09-01T19:10:37.080+01:00,16713268,139374,3172,3172,True,True,0x0B,"OK,OK,NO_IRQ,OK","FULL,FULL,NONE,FULL",
26.399349,2026-09-01T19:10:37.083+01:00,16716440,139375,3172,3172,True,True,0x0B,"OK,OK,NO_IRQ,OK","FULL,FULL,NONE,FULL",
26.404815,2026-09-01T19:10:37.087+01:00,16719612,139376,3172,3172,True,True,0x0B,"OK,OK,NO_IRQ,OK","FULL,FULL,NONE,FULL",
26.410736,2026-09-01T19:10:37.096+01:00,16722784,139377,3172,3172,True,True,0x0B,"OK,OK,NO_IRQ,OK","FULL,FULL,NONE,FULL",
26.414459,2026-09-01T19:10:37.099+01:00,16725956,139378,3172,3172,True,True,0x0B,"OK,OK,NO_IRQ,OK","FULL,FULL,NONE,FULL",
26.432991,2026-09-01T19:10:37.102+01:00,16729128,139379,3172,3172,True,True,0x0B,"OK,OK,NO_IRQ,OK","FULL,FULL,NONE,FULL",
26.435225,2026-09-01T19:10:37.121+01:00,16732300,139380,3172,3172,True,True,0x0B,"OK,OK,NO_IRQ,OK","FULL,FULL,NONE,FULL",
26.437011,2026-09-01T19:10:37.123+01:00,16735472,139381,3172,3172,True,True,0x0B,"OK,OK,NO_IRQ,OK","FULL,FULL,NONE,FULL",
26.444907,2026-09-01T19:10:37.125+01:00,16738644,139382,3172,3172,True,True,0x0B,"OK,OK,NO_IRQ,OK","FULL,FULL,NONE,FULL",
26.447297,2026-09-01T19:10:37.133+01:00,16741816,139383,3172,3172,True,True,0x0B,"OK,OK,NO_IRQ,OK","FULL,FULL,NONE,FULL",
26.449096,2026-09-01T19:10:37.135+01:00,16744988,139384,3172,3172,True,True,0x0B,"OK,OK,NO_IRQ,OK","FULL,FULL,NONE,FULL",
26.451277,2026-09-01T19:10:37.136+01:00,16748160,139385,3172,3172,True,True,0x0B,"OK,OK,NO_IRQ,OK","FULL,FULL,NONE,FULL",
26.457739,2026-09-01T19:10:37.139+01:00,16751332,139386,3172,3172,True,True,0x0B,"OK,OK,NO_IRQ,OK","FULL,FULL,NONE,FULL",
26.460794,2026-09-01T19:10:37.145+01:00,16754504,139387,3172,3172,True,True,0x0B,"OK,OK,NO_IRQ,OK","FULL,FULL,NONE,FULL",
26.465009,2026-09-01T19:10:37.148+01:00,16757676,139388,3172,3172,True,True,0x0B,"OK,OK,NO_IRQ,OK","FULL,FULL,NONE,FULL",
26.470422,2026-09-01T19:10:37.152+01:00,16760848,139389,3172,3172,True,True,0x0B,"OK,OK,NO_IRQ,OK","FULL,FULL,NONE,FULL",
26.478365,2026-09-01T19:10:37.158+01:00,16764020,139390,3172,3172,True,True,0x0B,"OK,OK,NO_IRQ,OK","FULL,FULL,NONE,FULL",
26.498040,2026-09-01T19:10:37.166+01:00,16767192,139391,3172,3172,True,True,0x0B,"OK,OK,NO_IRQ,OK","FULL,FULL,NONE,FULL",
26.499764,2026-09-01T19:10:37.185+01:00,16770364,139392,3172,3172,True,True,0x0B,"OK,OK,NO_IRQ,OK","FULL,FULL,NONE,FULL",
26.502812,2026-09-01T19:10:37.188+01:00,16773536,139393,3172,3172,True,True,0x0B,"OK,OK,NO_IRQ,OK","FULL,FULL,NONE,FULL",
26.504205,2026-09-01T19:10:37.190+01:00,16776708,139394,3172,3172,True,True,0x0B,"OK,OK,NO_IRQ,OK","FULL,FULL,NONE,FULL",
26.508180,2026-09-01T19:10:37.192+01:00,16779880,139395,3172,3172,True,True,0x0B,"OK,OK,NO_IRQ,OK","FULL,FULL,NONE,FULL",
26.508563,2026-09-01T19:10:37.195+01:00,16783052,139396,3172,3172,True,True,0x0B,"OK,OK,NO_IRQ,OK","FULL,FULL,NONE,FULL",
26.510160,2026-09-01T19:10:37.196+01:00,16786224,139397,3172,3172,True,True,0x0B,"OK,OK,NO_IRQ,OK","FULL,FULL,NONE,FULL",
26.515481,2026-09-01T19:10:37.197+01:00,16789396,139398,3172,3172,True,True,0x0B,"OK,OK,NO_IRQ,OK","FULL,FULL,NONE,FULL",
26.520333,2026-09-01T19:10:37.203+01:00,16792568,139399,3172,3172,True,True,0x0B,"OK,OK,NO_IRQ,OK","FULL,FULL,NONE,FULL",
26.527271,2026-09-01T19:10:37.208+01:00,16795740,139400,3172,3172,True,True,0x0B,"OK,OK,NO_IRQ,OK","FULL,FULL,NONE,FULL",
26.529750,2026-09-01T19:10:37.215+01:00,16798912,139401,3172,3172,True,True,0x0B,"OK,OK,NO_IRQ,OK","FULL,FULL,NONE,FULL",
26.535594,2026-09-01T19:10:37.217+01:00,16802084,139402,3172,3172,True,True,0x0B,"OK,OK,NO_IRQ,OK","FULL,FULL,NONE,FULL",
26.541309,2026-09-01T19:10:37.223+01:00,16805256,139403,3172,3172,True,True,0x0B,"OK,OK,NO_IRQ,OK","FULL,FULL,NONE,FULL",
26.545602,2026-09-01T19:10:37.229+01:00,16808428,139404,3172,3172,True,True,0x0B,"OK,OK,NO_IRQ,OK","FULL,FULL,NONE,FULL",
26.562818,2026-09-01T19:10:37.235+01:00,16811600,139405,3172,3172,True,True,0x0B,"OK,OK,NO_IRQ,OK","FULL,FULL,NONE,FULL",
26.564473,2026-09-01T19:10:37.251+01:00,16814772,139406,3172,3172,True,True,0x0B,"OK,OK,NO_IRQ,OK","FULL,FULL,NONE,FULL",
26.566508,2026-09-01T19:10:37.252+01:00,16817944,139407,3172,3172,True,True,0x0B,"OK,OK,NO_IRQ,OK","FULL,FULL,NONE,FULL",
26.568072,2026-09-01T19:10:37.254+01:00,16821116,139408,3172,3172,True,True,0x0B,"OK,OK,NO_IRQ,OK","FULL,FULL,NONE,FULL",
26.570056,2026-09-01T19:10:37.255+01:00,16824288,139409,3172,3172,True,True,0x0B,"OK,OK,NO_IRQ,OK","FULL,FULL,NONE,FULL",
26.575697,2026-09-01T19:10:37.258+01:00,16827460,139410,3172,3172,True,True,0x0B,"OK,OK,NO_IRQ,OK","FULL,FULL,NONE,FULL",
26.579595,2026-09-01T19:10:37.263+01:00,16830632,139411,3172,3172,True,True,0x0B,"OK,OK,NO_IRQ,OK","FULL,FULL,NONE,FULL",
26.585309,2026-09-01T19:10:37.267+01:00,16833804,139412,3172,3172,True,True,0x0B,"OK,OK,NO_IRQ,OK","FULL,FULL,NONE,FULL",
26.591495,2026-09-01T19:10:37.273+01:00,16836976,139413,3172,3172,True,True,0x0B,"OK,OK,NO_IRQ,OK","FULL,FULL,NONE,FULL",
26.595452,2026-09-01T19:10:37.279+01:00,16840148,139414,3172,3172,True,True,0x0B,"OK,OK,NO_IRQ,OK","FULL,FULL,NONE,FULL",
26.599700,2026-09-01T19:10:37.283+01:00,16843320,139415,3172,3172,True,True,0x0B,"OK,OK,NO_IRQ,OK","FULL,FULL,NONE,FULL",
26.619430,2026-09-01T19:10:37.287+01:00,16846492,139416,3172,3172,True,True,0x0B,"OK,OK,NO_IRQ,OK","FULL,FULL,NONE,FULL",
26.620969,2026-09-01T19:10:37.307+01:00,16849664,139417,3172,3172,True,True,0x0B,"OK,OK,NO_IRQ,OK","FULL,FULL,NONE,FULL",
26.629280,2026-09-01T19:10:37.313+01:00,16852836,139418,3172,3172,True,True,0x0B,"OK,OK,NO_IRQ,OK","FULL,FULL,NONE,FULL",
26.630731,2026-09-01T19:10:37.317+01:00,16856008,139419,3172,3172,True,True,0x0B,"OK,OK,NO_IRQ,OK","FULL,FULL,NONE,FULL",
26.632308,2026-09-01T19:10:37.318+01:00,16859180,139420,3172,3172,True,True,0x0B,"OK,OK,NO_IRQ,OK","FULL,FULL,NONE,FULL",
26.634467,2026-09-01T19:10:37.320+01:00,16862352,139421,3172,3172,True,True,0x0B,"OK,OK,NO_IRQ,OK","FULL,FULL,NONE,FULL",
26.636412,2026-09-01T19:10:37.322+01:00,16865524,139422,3172,3172,True,True,0x0B,"OK,OK,NO_IRQ,OK","FULL,FULL,NONE,FULL",
26.644974,2026-09-01T19:10:37.324+01:00,16868696,139423,3172,3172,True,True,0x0B,"OK,OK,NO_IRQ,OK","FULL,FULL,NONE,FULL",
26.647360,2026-09-01T19:10:37.333+01:00,16871868,139424,3172,3172,True,True,0x0B,"OK,OK,NO_IRQ,OK","FULL,FULL,NONE,FULL",
26.650891,2026-09-01T19:10:37.335+01:00,16875040,139425,3172,3172,True,True,0x0B,"OK,OK,NO_IRQ,OK","FULL,FULL,NONE,FULL",
26.654987,2026-09-01T19:10:37.338+01:00,16878212,139426,3172,3172,True,True,0x0B,"OK,OK,NO_IRQ,OK","FULL,FULL,NONE,FULL",
26.661533,2026-09-01T19:10:37.344+01:00,16881384,139427,3172,3172,True,True,0x0B,"OK,OK,NO_IRQ,OK","FULL,FULL,NONE,FULL",
26.664793,2026-09-01T19:10:37.349+01:00,16884556,139428,3172,3172,True,True,0x0B,"OK,OK,NO_IRQ,OK","FULL,FULL,NONE,FULL",
26.672416,2026-09-01T19:10:37.352+01:00,16887728,139429,3172,3172,True,True,0x0B,"OK,OK,NO_IRQ,OK","FULL,FULL,NONE,FULL",
26.675019,2026-09-01T19:10:37.360+01:00,16890900,139430,3172,3172,True,True,0x0B,"OK,OK,NO_IRQ,OK","FULL,FULL,NONE,FULL",
26.679988,2026-09-01T19:10:37.362+01:00,16894072,139431,3172,3172,True,True,0x0B,"OK,OK,NO_IRQ,OK","FULL,FULL,NONE,FULL",
26.684939,2026-09-01T19:10:37.371+01:00,16897244,139432,3172,3172,True,True,0x0B,"OK,OK,NO_IRQ,OK","FULL,FULL,NONE,FULL",
26.699871,2026-09-01T19:10:37.375+01:00,16900416,139433,3172,3172,True,True,0x0B,"OK,OK,NO_IRQ,OK","FULL,FULL,NONE,FULL",
26.700497,2026-09-01T19:10:37.387+01:00,16903588,139434,3172,3172,True,True,0x0B,"OK,OK,NO_IRQ,OK","FULL,FULL,NONE,FULL",
26.701655,2026-09-01T19:10:37.388+01:00,16906760,139435,3172,3172,True,True,0x0B,"OK,OK,NO_IRQ,OK","FULL,FULL,NONE,FULL",
26.707833,2026-09-01T19:10:37.389+01:00,16909932,139436,3172,3172,True,True,0x0B,"OK,OK,NO_IRQ,OK","FULL,FULL,NONE,FULL",
26.710771,2026-09-01T19:10:37.397+01:00,16913104,139437,3172,3172,True,True,0x0B,"OK,OK,NO_IRQ,OK","FULL,FULL,NONE,FULL",
26.714925,2026-09-01T19:10:37.398+01:00,16916276,139438,3172,3172,True,True,0x0B,"OK,OK,NO_IRQ,OK","FULL,FULL,NONE,FULL",
26.719992,2026-09-01T19:10:37.402+01:00,16919448,139439,3172,3172,True,True,0x0B,"OK,OK,NO_IRQ,OK","FULL,FULL,NONE,FULL",
26.725102,2026-09-01T19:10:37.407+01:00,16922620,139440,3172,3172,True,True,0x0B,"OK,OK,NO_IRQ,OK","FULL,FULL,NONE,FULL",
26.729898,2026-09-01T19:10:37.412+01:00,16925792,139441,3172,3172,True,True,0x0B,"OK,OK,NO_IRQ,OK","FULL,FULL,NONE,FULL",
26.734880,2026-09-01T19:10:37.417+01:00,16928964,139442,3172,3172,True,True,0x0B,"OK,OK,NO_IRQ,OK","FULL,FULL,NONE,FULL",
26.741255,2026-09-01T19:10:37.422+01:00,16932136,139443,3172,3172,True,True,0x0B,"OK,OK,NO_IRQ,OK","FULL,FULL,NONE,FULL",
26.757769,2026-09-01T19:10:37.429+01:00,16935308,139444,3172,3172,True,True,0x0B,"OK,OK,NO_IRQ,OK","FULL,FULL,NONE,FULL",
26.758466,2026-09-01T19:10:37.445+01:00,16938480,139445,3172,3172,True,True,0x0B,"OK,OK,NO_IRQ,OK","FULL,FULL,NONE,FULL",
26.774595,2026-09-01T19:10:37.446+01:00,16941652,139446,3172,3172,True,True,0x0B,"OK,OK,NO_IRQ,OK","FULL,FULL,NONE,FULL",
26.775832,2026-09-01T19:10:37.463+01:00,16944824,139447,3172,3172,True,True,0x0B,"OK,OK,NO_IRQ,OK","FULL,FULL,NONE,FULL",
26.777512,2026-09-01T19:10:37.463+01:00,16947996,139448,3172,3172,True,True,0x0B,"OK,OK,NO_IRQ,OK","FULL,FULL,NONE,FULL",
26.779981,2026-09-01T19:10:37.465+01:00,16951168,139449,3172,3172,True,True,0x0B,"OK,OK,NO_IRQ,OK","FULL,FULL,NONE,FULL",
26.781622,2026-09-01T19:10:37.468+01:00,16954340,139450,3172,3172,True,True,0x0B,"OK,OK,NO_IRQ,OK","FULL,FULL,NONE,FULL",
26.783009,2026-09-01T19:10:37.469+01:00,16957512,139451,3172,3172,True,True,0x0B,"OK,OK,NO_IRQ,OK","FULL,FULL,NONE,FULL",
26.785030,2026-09-01T19:10:37.470+01:00,16960684,139452,3172,3172,True,True,0x0B,"OK,OK,NO_IRQ,OK","FULL,FULL,NONE,FULL",
26.791455,2026-09-01T19:10:37.472+01:00,16963856,139453,3172,3172,True,True,0x0B,"OK,OK,NO_IRQ,OK","FULL,FULL,NONE,FULL",
26.795902,2026-09-01T19:10:37.479+01:00,16967028,139454,3172,3172,True,True,0x0B,"OK,OK,NO_IRQ,OK","FULL,FULL,NONE,FULL",
26.800700,2026-09-01T19:10:37.484+01:00,16970200,139455,3172,3172,True,True,0x0B,"OK,OK,NO_IRQ,OK","FULL,FULL,NONE,FULL",
26.806720,2026-09-01T19:10:37.488+01:00,16973372,139456,3172,3172,True,True,0x0B,"OK,OK,NO_IRQ,OK","FULL,FULL,NONE,FULL",
26.810884,2026-09-01T19:10:37.494+01:00,16976544,139457,3172,3172,True,True,0x0B,"OK,OK,NO_IRQ,OK","FULL,FULL,NONE,FULL",
26.815044,2026-09-01T19:10:37.498+01:00,16979716,139458,3172,3172,True,True,0x0B,"OK,OK,NO_IRQ,OK","FULL,FULL,NONE,FULL",
26.820784,2026-09-01T19:10:37.502+01:00,16982888,139459,3172,3172,True,True,0x0B,"OK,OK,NO_IRQ,OK","FULL,FULL,NONE,FULL",
26.830806,2026-09-01T19:10:37.517+01:00,16986060,139460,3172,3172,True,True,0x0B,"OK,OK,NO_IRQ,OK","FULL,FULL,NONE,FULL",
26.832990,2026-09-01T19:10:37.518+01:00,16989232,139461,3172,3172,True,True,0x0B,"OK,OK,NO_IRQ,OK","FULL,FULL,NONE,FULL",
26.835777,2026-09-01T19:10:37.521+01:00,16992404,139462,3172,3172,True,True,0x0B,"OK,OK,NO_IRQ,OK","FULL,FULL,NONE,FULL",
26.843434,2026-09-01T19:10:37.523+01:00,16995576,139463,3172,3172,True,True,0x0B,"OK,OK,NO_IRQ,OK","FULL,FULL,NONE,FULL",
26.846250,2026-09-01T19:10:37.531+01:00,16998748,139464,3172,3172,True,True,0x0B,"OK,OK,NO_IRQ,OK","FULL,FULL,NONE,FULL",
26.851305,2026-09-01T19:10:37.534+01:00,17001920,139465,3172,3172,True,True,0x0B,"OK,OK,NO_IRQ,OK","FULL,FULL,NONE,FULL",
26.859127,2026-09-01T19:10:37.539+01:00,17005092,139466,3172,3172,True,True,0x0B,"OK,OK,NO_IRQ,OK","FULL,FULL,NONE,FULL",
26.860693,2026-09-01T19:10:37.547+01:00,17008264,139467,3172,3172,True,True,0x0B,"OK,OK,NO_IRQ,OK","FULL,FULL,NONE,FULL",
26.866188,2026-09-01T19:10:37.548+01:00,17011436,139468,3172,3172,True,True,0x0B,"OK,OK,NO_IRQ,OK","FULL,FULL,NONE,FULL",
26.884405,2026-09-01T19:10:37.554+01:00,17014608,139469,3172,3172,True,True,0x0B,"OK,OK,NO_IRQ,OK","FULL,FULL,NONE,FULL",
26.885897,2026-09-01T19:10:37.572+01:00,17017780,139470,3172,3172,True,True,0x0B,"OK,OK,NO_IRQ,OK","FULL,FULL,NONE,FULL",
26.886380,2026-09-01T19:10:37.573+01:00,17020952,139471,3172,3172,True,True,0x0B,"OK,OK,NO_IRQ,OK","FULL,FULL,NONE,FULL",
26.886868,2026-09-01T19:10:37.574+01:00,17024124,139472,3172,3172,True,True,0x0B,"OK,OK,NO_IRQ,OK","FULL,FULL,NONE,FULL",
26.890828,2026-09-01T19:10:37.574+01:00,17027296,139473,3172,3172,True,True,0x0B,"OK,OK,NO_IRQ,OK","FULL,FULL,NONE,FULL",
26.895652,2026-09-01T19:10:37.578+01:00,17030468,139474,3172,3172,True,True,0x0B,"OK,OK,NO_IRQ,OK","FULL,FULL,NONE,FULL",
26.900844,2026-09-01T19:10:37.584+01:00,17033640,139475,3172,3172,True,True,0x0B,"OK,OK,NO_IRQ,OK","FULL,FULL,NONE,FULL",
26.911995,2026-09-01T19:10:37.588+01:00,17036812,139476,3172,3172,True,True,0x0B,"OK,OK,NO_IRQ,OK","FULL,FULL,NONE,FULL",
26.914673,2026-09-01T19:10:37.600+01:00,17039984,139477,3172,3172,True,True,0x0B,"OK,OK,NO_IRQ,OK","FULL,FULL,NONE,FULL",
26.916968,2026-09-01T19:10:37.603+01:00,17043156,139478,3172,3172,True,True,0x0B,"OK,OK,NO_IRQ,OK","FULL,FULL,NONE,FULL",
26.920630,2026-09-01T19:10:37.605+01:00,17046328,139479,3172,3172,True,True,0x0B,"OK,OK,NO_IRQ,OK","FULL,FULL,NONE,FULL",
26.926015,2026-09-01T19:10:37.609+01:00,17049500,139480,3172,3172,True,True,0x0B,"OK,OK,NO_IRQ,OK","FULL,FULL,NONE,FULL",
26.943053,2026-09-01T19:10:37.613+01:00,17052672,139481,3172,3172,True,True,0x0B,"OK,OK,NO_IRQ,OK","FULL,FULL,NONE,FULL",
26.943732,2026-09-01T19:10:37.630+01:00,17055844,139482,3172,3172,True,True,0x0B,"OK,OK,NO_IRQ,OK","FULL,FULL,NONE,FULL",
26.944227,2026-09-01T19:10:37.631+01:00,17059016,139483,3172,3172,True,True,0x0B,"OK,OK,NO_IRQ,OK","FULL,FULL,NONE,FULL",
26.946769,2026-09-01T19:10:37.631+01:00,17062188,139484,3172,3172,True,True,0x0B,"OK,OK,NO_IRQ,OK","FULL,FULL,NONE,FULL",
26.951251,2026-09-01T19:10:37.634+01:00,17065360,139485,3172,3172,True,True,0x0B,"OK,OK,NO_IRQ,OK","FULL,FULL,NONE,FULL",
26.959608,2026-09-01T19:10:37.639+01:00,17068532,139486,3172,3172,True,True,0x0B,"OK,OK,NO_IRQ,OK","FULL,FULL,NONE,FULL",
26.961471,2026-09-01T19:10:37.647+01:00,17071704,139487,3172,3172,True,True,0x0B,"OK,OK,NO_IRQ,OK","FULL,FULL,NONE,FULL",
26.965934,2026-09-01T19:10:37.649+01:00,17074876,139488,3172,3172,True,True,0x0B,"OK,OK,NO_IRQ,OK","FULL,FULL,NONE,FULL",
26.970885,2026-09-01T19:10:37.653+01:00,17078048,139489,3172,3172,True,True,0x0B,"OK,OK,NO_IRQ,OK","FULL,FULL,NONE,FULL",
26.976608,2026-09-01T19:10:37.659+01:00,17081220,139490,3172,3172,True,True,0x0B,"OK,OK,NO_IRQ,OK","FULL,FULL,NONE,FULL",
26.994877,2026-09-01T19:10:37.665+01:00,17084392,139491,3172,3172,True,True,0x0B,"OK,OK,NO_IRQ,OK","FULL,FULL,NONE,FULL",
26.996895,2026-09-01T19:10:37.683+01:00,17087564,139492,3172,3172,True,True,0x0B,"OK,OK,NO_IRQ,OK","FULL,FULL,NONE,FULL",
26.997473,2026-09-01T19:10:37.684+01:00,17090736,139493,3172,3172,True,True,0x0B,"OK,OK,NO_IRQ,OK","FULL,FULL,NONE,FULL",
26.997946,2026-09-01T19:10:37.685+01:00,17093908,139494,3172,3172,True,True,0x0B,"OK,OK,NO_IRQ,OK","FULL,FULL,NONE,FULL",
27.000715,2026-09-01T19:10:37.685+01:00,17097080,139495,3172,3172,True,True,0x0B,"OK,OK,NO_IRQ,OK","FULL,FULL,NONE,FULL",
27.009604,2026-09-01T19:10:37.688+01:00,17100252,139496,3172,3172,True,True,0x0B,"OK,OK,NO_IRQ,OK","FULL,FULL,NONE,FULL",
27.012242,2026-09-01T19:10:37.697+01:00,17103424,139497,3172,3172,True,True,0x0B,"OK,OK,NO_IRQ,OK","FULL,FULL,NONE,FULL",
27.016266,2026-09-01T19:10:37.700+01:00,17106596,139498,3172,3172,True,True,0x0B,"OK,OK,NO_IRQ,OK","FULL,FULL,NONE,FULL",
27.025305,2026-09-01T19:10:37.704+01:00,17109768,139499,3172,3172,True,True,0x0B,"OK,OK,NO_IRQ,OK","FULL,FULL,NONE,FULL",
27.025551,2026-09-01T19:10:37.713+01:00,17112940,139500,3172,3172,True,True,0x0B,"OK,OK,NO_IRQ,OK","FULL,FULL,NONE,FULL",
27.030757,2026-09-01T19:10:37.713+01:00,17116112,139501,3172,3172,True,True,0x0B,"OK,OK,NO_IRQ,OK","FULL,FULL,NONE,FULL",
27.036818,2026-09-01T19:10:37.718+01:00,17119284,139502,3172,3172,True,True,0x0B,"OK,OK,NO_IRQ,OK","FULL,FULL,NONE,FULL",
27.047979,2026-09-01T19:10:37.724+01:00,17122456,139503,3172,3172,True,True,0x0B,"OK,OK,NO_IRQ,OK","FULL,FULL,NONE,FULL",
27.048606,2026-09-01T19:10:37.735+01:00,17125628,139504,3172,3172,True,True,0x0B,"OK,OK,NO_IRQ,OK","FULL,FULL,NONE,FULL",
27.063259,2026-09-01T19:10:37.736+01:00,17128800,139505,3172,3172,True,True,0x0B,"OK,OK,NO_IRQ,OK","FULL,FULL,NONE,FULL",
27.066181,2026-09-01T19:10:37.751+01:00,17131972,139506,3172,3172,True,True,0x0B,"OK,OK,NO_IRQ,OK","FULL,FULL,NONE,FULL",
27.069876,2026-09-01T19:10:37.754+01:00,17135144,139507,3172,3172,True,True,0x0B,"OK,OK,NO_IRQ,OK","FULL,FULL,NONE,FULL",
27.071431,2026-09-01T19:10:37.757+01:00,17138316,139508,3172,3172,True,True,0x0B,"OK,OK,NO_IRQ,OK","FULL,FULL,NONE,FULL",
27.080144,2026-09-01T19:10:37.766+01:00,17141488,139509,3172,3172,True,True,0x0B,"OK,OK,NO_IRQ,OK","FULL,FULL,NONE,FULL",
27.083313,2026-09-01T19:10:37.768+01:00,17144660,139510,3172,3172,True,True,0x0B,"OK,OK,NO_IRQ,OK","FULL,FULL,NONE,FULL",
27.086796,2026-09-01T19:10:37.771+01:00,17147832,139511,3172,3172,True,True,0x0B,"OK,OK,NO_IRQ,OK","FULL,FULL,NONE,FULL",
27.087020,2026-09-01T19:10:37.774+01:00,17151004,139512,3172,3172,True,True,0x0B,"OK,OK,NO_IRQ,OK","FULL,FULL,NONE,FULL",
27.093713,2026-09-01T19:10:37.775+01:00,17154176,139513,3172,3172,True,True,0x0B,"OK,OK,NO_IRQ,OK","FULL,FULL,NONE,FULL",
27.096014,2026-09-01T19:10:37.782+01:00,17157348,139514,3172,3172,True,True,0x0B,"OK,OK,NO_IRQ,OK","FULL,FULL,NONE,FULL",
27.101160,2026-09-01T19:10:37.783+01:00,17160520,139515,3172,3172,True,True,0x0B,"OK,OK,NO_IRQ,OK","FULL,FULL,NONE,FULL",
27.113257,2026-09-01T19:10:37.788+01:00,17163692,139516,3172,3172,True,True,0x0B,"OK,OK,NO_IRQ,OK","FULL,FULL,NONE,FULL",
27.114302,2026-09-01T19:10:37.801+01:00,17166864,139517,3172,3172,True,True,0x0B,"OK,OK,NO_IRQ,OK","FULL,FULL,NONE,FULL",
27.116472,2026-09-01T19:10:37.802+01:00,17170036,139518,3172,3172,True,True,0x0B,"OK,OK,NO_IRQ,OK","FULL,FULL,NONE,FULL",
27.121075,2026-09-01T19:10:37.804+01:00,17173208,139519,3172,3172,True,True,0x0B,"OK,OK,NO_IRQ,OK","FULL,FULL,NONE,FULL",
27.128140,2026-09-01T19:10:37.808+01:00,17176380,139520,3172,3172,True,True,0x0B,"OK,OK,NO_IRQ,OK","FULL,FULL,NONE,FULL",
27.132311,2026-09-01T19:10:37.815+01:00,17179552,139521,3172,3172,True,True,0x0B,"OK,OK,NO_IRQ,OK","FULL,FULL,NONE,FULL",
27.146827,2026-09-01T19:10:37.820+01:00,17182724,139522,3172,3172,True,True,0x0B,"OK,OK,NO_IRQ,OK","FULL,FULL,NONE,FULL",
27.147396,2026-09-01T19:10:37.834+01:00,17185896,139523,3172,3172,True,True,0x0B,"OK,OK,NO_IRQ,OK","FULL,FULL,NONE,FULL",
27.159374,2026-09-01T19:10:37.835+01:00,17189068,139524,3172,3172,True,True,0x0B,"OK,OK,NO_IRQ,OK","FULL,FULL,NONE,FULL",
27.161379,2026-09-01T19:10:37.847+01:00,17192240,139525,3172,3172,True,True,0x0B,"OK,OK,NO_IRQ,OK","FULL,FULL,NONE,FULL",
27.163328,2026-09-01T19:10:37.849+01:00,17195412,139526,3172,3172,True,True,0x0B,"OK,OK,NO_IRQ,OK","FULL,FULL,NONE,FULL",
27.164867,2026-09-01T19:10:37.851+01:00,17198584,139527,3172,3172,True,True,0x0B,"OK,OK,NO_IRQ,OK","FULL,FULL,NONE,FULL",
27.166613,2026-09-01T19:10:37.853+01:00,17201756,139528,3172,3172,True,True,0x0B,"OK,OK,NO_IRQ,OK","FULL,FULL,NONE,FULL",
27.171566,2026-09-01T19:10:37.854+01:00,17204928,139529,3172,3172,True,True,0x0B,"OK,OK,NO_IRQ,OK","FULL,FULL,NONE,FULL",
27.176053,2026-09-01T19:10:37.860+01:00,17208100,139530,3172,3172,True,True,0x0B,"OK,OK,NO_IRQ,OK","FULL,FULL,NONE,FULL",
27.182102,2026-09-01T19:10:37.864+01:00,17211272,139531,3172,3172,True,True,0x0B,"OK,OK,NO_IRQ,OK","FULL,FULL,NONE,FULL",
27.186466,2026-09-01T19:10:37.870+01:00,17214444,139532,3172,3172,True,True,0x0B,"OK,OK,NO_IRQ,OK","FULL,FULL,NONE,FULL",
27.193815,2026-09-01T19:10:37.874+01:00,17217616,139533,3172,3172,True,True,0x0B,"OK,OK,NO_IRQ,OK","FULL,FULL,NONE,FULL",
27.198755,2026-09-01T19:10:37.881+01:00,17220788,139534,3172,3172,True,True,0x0B,"OK,OK,NO_IRQ,OK","FULL,FULL,NONE,FULL",
27.210311,2026-09-01T19:10:37.887+01:00,17223960,139535,3172,3172,True,True,0x0B,"OK,OK,NO_IRQ,OK","FULL,FULL,NONE,FULL",
27.219076,2026-09-01T19:10:37.900+01:00,17227132,139536,3172,3172,True,True,0x0B,"OK,OK,NO_IRQ,OK","FULL,FULL,NONE,FULL",
27.220652,2026-09-01T19:10:37.906+01:00,17230304,139537,3172,3172,True,True,0x0B,"OK,OK,NO_IRQ,OK","FULL,FULL,NONE,FULL",
27.225349,2026-09-01T19:10:37.908+01:00,17233476,139538,3172,3172,True,True,0x0B,"OK,OK,NO_IRQ,OK","FULL,FULL,NONE,FULL",
27.227200,2026-09-01T19:10:37.913+01:00,17236648,139539,3172,3172,True,True,0x0B,"OK,OK,NO_IRQ,OK","FULL,FULL,NONE,FULL",
27.228833,2026-09-01T19:10:37.915+01:00,17239820,139540,3172,3172,True,True,0x0B,"OK,OK,NO_IRQ,OK","FULL,FULL,NONE,FULL",
27.231289,2026-09-01T19:10:37.917+01:00,17242992,139541,3172,3172,True,True,0x0B,"OK,OK,NO_IRQ,OK","FULL,FULL,NONE,FULL",
27.237440,2026-09-01T19:10:37.919+01:00,17246164,139542,3172,3172,True,True,0x0B,"OK,OK,NO_IRQ,OK","FULL,FULL,NONE,FULL",
27.242282,2026-09-01T19:10:37.925+01:00,17249336,139543,3172,3172,True,True,0x0B,"OK,OK,NO_IRQ,OK","FULL,FULL,NONE,FULL",
27.247066,2026-09-01T19:10:37.930+01:00,17252508,139544,3172,3172,True,True,0x0B,"OK,OK,NO_IRQ,OK","FULL,FULL,NONE,FULL",
27.251888,2026-09-01T19:10:37.935+01:00,17255680,139545,3172,3172,True,True,0x0B,"OK,OK,NO_IRQ,OK","FULL,FULL,NONE,FULL",
27.263052,2026-09-01T19:10:37.939+01:00,17258852,139546,3172,3172,True,True,0x0B,"OK,OK,NO_IRQ,OK","FULL,FULL,NONE,FULL",
27.267354,2026-09-01T19:10:37.951+01:00,17262024,139547,3172,3172,True,True,0x0B,"OK,OK,NO_IRQ,OK","FULL,FULL,NONE,FULL",
27.271033,2026-09-01T19:10:37.955+01:00,17265196,139548,3172,3172,True,True,0x0B,"OK,OK,NO_IRQ,OK","FULL,FULL,NONE,FULL",
27.277708,2026-09-01T19:10:37.958+01:00,17268368,139549,3172,3172,True,True,0x0B,"OK,OK,NO_IRQ,OK","FULL,FULL,NONE,FULL",
27.281742,2026-09-01T19:10:37.968+01:00,17271540,139550,3172,3172,True,True,0x0B,"OK,OK,NO_IRQ,OK","FULL,FULL,NONE,FULL",
27.282649,2026-09-01T19:10:37.969+01:00,17274712,139551,3172,3172,True,True,0x0B,"OK,OK,NO_IRQ,OK","FULL,FULL,NONE,FULL",
27.287696,2026-09-01T19:10:37.970+01:00,17277884,139552,3172,3172,True,True,0x0B,"OK,OK,NO_IRQ,OK","FULL,FULL,NONE,FULL",
27.291604,2026-09-01T19:10:37.975+01:00,17281056,139553,3172,3172,True,True,0x0B,"OK,OK,NO_IRQ,OK","FULL,FULL,NONE,FULL",
27.296872,2026-09-01T19:10:37.979+01:00,17284228,139554,3172,3172,True,True,0x0B,"OK,OK,NO_IRQ,OK","FULL,FULL,NONE,FULL",
27.301076,2026-09-01T19:10:37.984+01:00,17287400,139555,3172,3172,True,True,0x0B,"OK,OK,NO_IRQ,OK","FULL,FULL,NONE,FULL",
27.307969,2026-09-01T19:10:37.988+01:00,17290572,139556,3172,3172,True,True,0x0B,"OK,OK,NO_IRQ,OK","FULL,FULL,NONE,FULL",
27.312654,2026-09-01T19:10:37.995+01:00,17293744,139557,3172,3172,True,True,0x0B,"OK,OK,NO_IRQ,OK","FULL,FULL,NONE,FULL",
27.316102,2026-09-01T19:10:38.000+01:00,17296916,139558,3172,3172,True,True,0x0B,"OK,OK,NO_IRQ,OK","FULL,FULL,NONE,FULL",
27.321391,2026-09-01T19:10:38.003+01:00,17300088,139559,3172,3172,True,True,0x0B,"OK,OK,NO_IRQ,OK","FULL,FULL,NONE,FULL",
27.326666,2026-09-01T19:10:38.013+01:00,17303260,139560,3172,3172,True,True,0x0B,"OK,OK,NO_IRQ,OK","FULL,FULL,NONE,FULL",
27.349144,2026-09-01T19:10:38.014+01:00,17306432,139561,3172,3172,True,True,0x0B,"OK,OK,NO_IRQ,OK","FULL,FULL,NONE,FULL",
27.349701,2026-09-01T19:10:38.036+01:00,17309604,139562,3172,3172,True,True,0x0B,"OK,OK,NO_IRQ,OK","FULL,FULL,NONE,FULL",
27.350384,2026-09-01T19:10:38.037+01:00,17312776,139563,3172,3172,True,True,0x0B,"OK,OK,NO_IRQ,OK","FULL,FULL,NONE,FULL",
27.350782,2026-09-01T19:10:38.038+01:00,17315948,139564,3172,3172,True,True,0x0B,"OK,OK,NO_IRQ,OK","FULL,FULL,NONE,FULL",
27.351213,2026-09-01T19:10:38.038+01:00,17319120,139565,3172,3172,True,True,0x0B,"OK,OK,NO_IRQ,OK","FULL,FULL,NONE,FULL",
27.367008,2026-09-01T19:10:38.038+01:00,17322292,139566,3172,3172,True,True,0x0B,"OK,OK,NO_IRQ,OK","FULL,FULL,NONE,FULL",
27.386071,2026-09-01T19:10:38.056+01:00,17325464,139567,3172,3172,True,True,0x0B,"OK,OK,NO_IRQ,OK","FULL,FULL,NONE,FULL",
27.390161,2026-09-01T19:10:38.074+01:00,17328636,139568,3172,3172,True,True,0x0B,"OK,OK,NO_IRQ,OK","FULL,FULL,NONE,FULL",
27.390701,2026-09-01T19:10:38.077+01:00,17331808,139569,3172,3172,True,True,0x0B,"OK,OK,NO_IRQ,OK","FULL,FULL,NONE,FULL",
27.391347,2026-09-01T19:10:38.078+01:00,17334980,139570,3172,3172,True,True,0x0B,"OK,OK,NO_IRQ,OK","FULL,FULL,NONE,FULL",
27.392400,2026-09-01T19:10:38.079+01:00,17338152,139571,3172,3172,True,True,0x0B,"OK,OK,NO_IRQ,OK","FULL,FULL,NONE,FULL",
27.394088,2026-09-01T19:10:38.080+01:00,17341324,139572,3172,3172,True,True,0x0B,"OK,OK,NO_IRQ,OK","FULL,FULL,NONE,FULL",
27.396222,2026-09-01T19:10:38.082+01:00,17344496,139573,3172,3172,True,True,0x0B,"OK,OK,NO_IRQ,OK","FULL,FULL,NONE,FULL",
27.397643,2026-09-01T19:10:38.084+01:00,17347668,139574,3172,3172,True,True,0x0B,"OK,OK,NO_IRQ,OK","FULL,FULL,NONE,FULL",
27.401878,2026-09-01T19:10:38.085+01:00,17350840,139575,3172,3172,True,True,0x0B,"OK,OK,NO_IRQ,OK","FULL,FULL,NONE,FULL",
27.407636,2026-09-01T19:10:38.089+01:00,17354012,139576,3172,3172,True,True,0x0B,"OK,OK,NO_IRQ,OK","FULL,FULL,NONE,FULL",
27.412458,2026-09-01T19:10:38.095+01:00,17357184,139577,3172,3172,True,True,0x0B,"OK,OK,NO_IRQ,OK","FULL,FULL,NONE,FULL",
27.417926,2026-09-01T19:10:38.100+01:00,17360356,139578,3172,3172,True,True,0x0B,"OK,OK,NO_IRQ,OK","FULL,FULL,NONE,FULL",
27.421557,2026-09-01T19:10:38.106+01:00,17363528,139579,3172,3172,True,True,0x0B,"OK,OK,NO_IRQ,OK","FULL,FULL,NONE,FULL",
27.426798,2026-09-01T19:10:38.109+01:00,17366700,139580,3172,3172,True,True,0x0B,"OK,OK,NO_IRQ,OK","FULL,FULL,NONE,FULL",
27.452222,2026-09-01T19:10:38.114+01:00,17369872,139581,3172,3172,True,True,0x0B,"OK,OK,NO_IRQ,OK","FULL,FULL,NONE,FULL",
27.453540,2026-09-01T19:10:38.140+01:00,17373044,139582,3172,3172,True,True,0x0B,"OK,OK,NO_IRQ,OK","FULL,FULL,NONE,FULL",
27.460921,2026-09-01T19:10:38.141+01:00,17376216,139583,3172,3172,True,True,0x0B,"OK,OK,NO_IRQ,OK","FULL,FULL,NONE,FULL",
27.461813,2026-09-01T19:10:38.149+01:00,17379388,139584,3172,3172,True,True,0x0B,"OK,OK,NO_IRQ,OK","FULL,FULL,NONE,FULL",
27.462312,2026-09-01T19:10:38.149+01:00,17382560,139585,3172,3172,True,True,0x0B,"OK,OK,NO_IRQ,OK","FULL,FULL,NONE,FULL",
27.462785,2026-09-01T19:10:38.150+01:00,17385732,139586,3172,3172,True,True,0x0B,"OK,OK,NO_IRQ,OK","FULL,FULL,NONE,FULL",
27.464969,2026-09-01T19:10:38.150+01:00,17388904,139587,3172,3172,True,True,0x0B,"OK,OK,NO_IRQ,OK","FULL,FULL,NONE,FULL",
27.467538,2026-09-01T19:10:38.152+01:00,17392076,139588,3172,3172,True,True,0x0B,"OK,OK,NO_IRQ,OK","FULL,FULL,NONE,FULL",
27.473733,2026-09-01T19:10:38.155+01:00,17395248,139589,3172,3172,True,True,0x0B,"OK,OK,NO_IRQ,OK","FULL,FULL,NONE,FULL",
27.477657,2026-09-01T19:10:38.161+01:00,17398420,139590,3172,3172,True,True,0x0B,"OK,OK,NO_IRQ,OK","FULL,FULL,NONE,FULL",
27.481644,2026-09-01T19:10:38.166+01:00,17401592,139591,3172,3172,True,True,0x0B,"OK,OK,NO_IRQ,OK","FULL,FULL,NONE,FULL",
27.500451,2026-09-01T19:10:38.169+01:00,17404764,139592,3172,3172,True,True,0x0B,"OK,OK,NO_IRQ,OK","FULL,FULL,NONE,FULL",
27.501898,2026-09-01T19:10:38.188+01:00,17407936,139593,3172,3172,True,True,0x0B,"OK,OK,NO_IRQ,OK","FULL,FULL,NONE,FULL",
27.503707,2026-09-01T19:10:38.190+01:00,17411108,139594,3172,3172,True,True,0x0B,"OK,OK,NO_IRQ,OK","FULL,FULL,NONE,FULL",
27.507470,2026-09-01T19:10:38.191+01:00,17414280,139595,3172,3172,True,True,0x0B,"OK,OK,NO_IRQ,OK","FULL,FULL,NONE,FULL",
27.508245,2026-09-01T19:10:38.195+01:00,17417452,139596,3172,3172,True,True,0x0B,"OK,OK,NO_IRQ,OK","FULL,FULL,NONE,FULL",
27.512478,2026-09-01T19:10:38.195+01:00,17420624,139597,3172,3172,True,True,0x0B,"OK,OK,NO_IRQ,OK","FULL,FULL,NONE,FULL",
27.517151,2026-09-01T19:10:38.200+01:00,17423796,139598,3172,3172,True,True,0x0B,"OK,OK,NO_IRQ,OK","FULL,FULL,NONE,FULL",
27.524635,2026-09-01T19:10:38.205+01:00,17426968,139599,3172,3172,True,True,0x0B,"OK,OK,NO_IRQ,OK","FULL,FULL,NONE,FULL",
27.528051,2026-09-01T19:10:38.212+01:00,17430140,139600,3172,3172,True,True,0x0B,"OK,OK,NO_IRQ,OK","FULL,FULL,NONE,FULL",
27.532217,2026-09-01T19:10:38.216+01:00,17433312,139601,3172,3172,True,True,0x0B,"OK,OK,NO_IRQ,OK","FULL,FULL,NONE,FULL",
27.552236,2026-09-01T19:10:38.220+01:00,17436484,139602,3172,3172,True,True,0x0B,"OK,OK,NO_IRQ,OK","FULL,FULL,NONE,FULL",
27.553907,2026-09-01T19:10:38.240+01:00,17439656,139603,3172,3172,True,True,0x0B,"OK,OK,NO_IRQ,OK","FULL,FULL,NONE,FULL",
27.558702,2026-09-01T19:10:38.245+01:00,17442828,139604,3172,3172,True,True,0x0B,"OK,OK,NO_IRQ,OK","FULL,FULL,NONE,FULL",
27.562279,2026-09-01T19:10:38.246+01:00,17446000,139605,3172,3172,True,True,0x0B,"OK,OK,NO_IRQ,OK","FULL,FULL,NONE,FULL",
27.563470,2026-09-01T19:10:38.250+01:00,17449172,139606,3172,3172,True,True,0x0B,"OK,OK,NO_IRQ,OK","FULL,FULL,NONE,FULL",
27.564744,2026-09-01T19:10:38.251+01:00,17452344,139607,3172,3172,True,True,0x0B,"OK,OK,NO_IRQ,OK","FULL,FULL,NONE,FULL",
27.567335,2026-09-01T19:10:38.253+01:00,17455516,139608,3172,3172,True,True,0x0B,"OK,OK,NO_IRQ,OK","FULL,FULL,NONE,FULL",
27.574257,2026-09-01T19:10:38.255+01:00,17458688,139609,3172,3172,True,True,0x0B,"OK,OK,NO_IRQ,OK","FULL,FULL,NONE,FULL",
27.576881,2026-09-01T19:10:38.262+01:00,17461860,139610,3172,3172,True,True,0x0B,"OK,OK,NO_IRQ,OK","FULL,FULL,NONE,FULL",
27.582679,2026-09-01T19:10:38.264+01:00,17465032,139611,3172,3172,True,True,0x0B,"OK,OK,NO_IRQ,OK","FULL,FULL,NONE,FULL",
27.586927,2026-09-01T19:10:38.270+01:00,17468204,139612,3172,3172,True,True,0x0B,"OK,OK,NO_IRQ,OK","FULL,FULL,NONE,FULL",
27.592529,2026-09-01T19:10:38.274+01:00,17471376,139613,3172,3172,True,True,0x0B,"OK,OK,NO_IRQ,OK","FULL,FULL,NONE,FULL",
27.597270,2026-09-01T19:10:38.281+01:00,17474548,139614,3172,3172,True,True,0x0B,"OK,OK,NO_IRQ,OK","FULL,FULL,NONE,FULL",
27.606767,2026-09-01T19:10:38.286+01:00,17477720,139615,3172,3172,True,True,0x0B,"OK,OK,NO_IRQ,OK","FULL,FULL,NONE,FULL",
27.608123,2026-09-01T19:10:38.294+01:00,17480892,139616,3172,3172,True,True,0x0B,"OK,OK,NO_IRQ,OK","FULL,FULL,NONE,FULL",
27.616733,2026-09-01T19:10:38.297+01:00,17484064,139617,3172,3172,True,True,0x0B,"OK,OK,NO_IRQ,OK","FULL,FULL,NONE,FULL",
27.617949,2026-09-01T19:10:38.305+01:00,17487236,139618,3172,3172,True,True,0x0B,"OK,OK,NO_IRQ,OK","FULL,FULL,NONE,FULL",
27.626306,2026-09-01T19:10:38.305+01:00,17490408,139619,3172,3172,True,True,0x0B,"OK,OK,NO_IRQ,OK","FULL,FULL,NONE,FULL",
27.628315,2026-09-01T19:10:38.314+01:00,17493580,139620,3172,3172,True,True,0x0B,"OK,OK,NO_IRQ,OK","FULL,FULL,NONE,FULL",
27.632417,2026-09-01T19:10:38.316+01:00,17496752,139621,3172,3172,True,True,0x0B,"OK,OK,NO_IRQ,OK","FULL,FULL,NONE,FULL",
27.637620,2026-09-01T19:10:38.322+01:00,17499924,139622,3172,3172,True,True,0x0B,"OK,OK,NO_IRQ,OK","FULL,FULL,NONE,FULL",
27.642234,2026-09-01T19:10:38.325+01:00,17503096,139623,3172,3172,True,True,0x0B,"OK,OK,NO_IRQ,OK","FULL,FULL,NONE,FULL",
27.647407,2026-09-01T19:10:38.329+01:00,17506268,139624,3172,3172,True,True,0x0B,"OK,OK,NO_IRQ,OK","FULL,FULL,NONE,FULL",
27.651996,2026-09-01T19:10:38.335+01:00,17509440,139625,3172,3172,True,True,0x0B,"OK,OK,NO_IRQ,OK","FULL,FULL,NONE,FULL",
27.668419,2026-09-01T19:10:38.339+01:00,17512612,139626,3172,3172,True,True,0x0B,"OK,OK,NO_IRQ,OK","FULL,FULL,NONE,FULL",
27.669843,2026-09-01T19:10:38.356+01:00,17515784,139627,3172,3172,True,True,0x0B,"OK,OK,NO_IRQ,OK","FULL,FULL,NONE,FULL",
27.671100,2026-09-01T19:10:38.357+01:00,17518956,139628,3172,3172,True,True,0x0B,"OK,OK,NO_IRQ,OK","FULL,FULL,NONE,FULL",
27.673975,2026-09-01T19:10:38.359+01:00,17522128,139629,3172,3172,True,True,0x0B,"OK,OK,NO_IRQ,OK","FULL,FULL,NONE,FULL",
27.677422,2026-09-01T19:10:38.361+01:00,17525300,139630,3172,3172,True,True,0x0B,"OK,OK,NO_IRQ,OK","FULL,FULL,NONE,FULL",
27.683194,2026-09-01T19:10:38.365+01:00,17528472,139631,3172,3172,True,True,0x0B,"OK,OK,NO_IRQ,OK","FULL,FULL,NONE,FULL",
27.687698,2026-09-01T19:10:38.371+01:00,17531644,139632,3172,3172,True,True,0x0B,"OK,OK,NO_IRQ,OK","FULL,FULL,NONE,FULL",
27.692831,2026-09-01T19:10:38.375+01:00,17534816,139633,3172,3172,True,True,0x0B,"OK,OK,NO_IRQ,OK","FULL,FULL,NONE,FULL",
27.697522,2026-09-01T19:10:38.381+01:00,17537988,139634,3172,3172,True,True,0x0B,"OK,OK,NO_IRQ,OK","FULL,FULL,NONE,FULL",
27.702482,2026-09-01T19:10:38.385+01:00,17541160,139635,3172,3172,True,True,0x0B,"OK,OK,NO_IRQ,OK","FULL,FULL,NONE,FULL",
27.708859,2026-09-01T19:10:38.390+01:00,17544332,139636,3172,3172,True,True,0x0B,"OK,OK,NO_IRQ,OK","FULL,FULL,NONE,FULL",
27.725147,2026-09-01T19:10:38.398+01:00,17547504,139637,3172,3172,True,True,0x0B,"OK,OK,NO_IRQ,OK","FULL,FULL,NONE,FULL",
27.727114,2026-09-01T19:10:38.413+01:00,17550676,139638,3172,3172,True,True,0x0B,"OK,OK,NO_IRQ,OK","FULL,FULL,NONE,FULL",
27.728953,2026-09-01T19:10:38.415+01:00,17553848,139639,3172,3172,True,True,0x0B,"OK,OK,NO_IRQ,OK","FULL,FULL,NONE,FULL",
27.730836,2026-09-01T19:10:38.417+01:00,17557020,139640,3172,3172,True,True,0x0B,"OK,OK,NO_IRQ,OK","FULL,FULL,NONE,FULL",
27.732396,2026-09-01T19:10:38.418+01:00,17560192,139641,3172,3172,True,True,0x0B,"OK,OK,NO_IRQ,OK","FULL,FULL,NONE,FULL",
27.737545,2026-09-01T19:10:38.420+01:00,17563364,139642,3172,3172,True,True,0x0B,"OK,OK,NO_IRQ,OK","FULL,FULL,NONE,FULL",
27.742685,2026-09-01T19:10:38.425+01:00,17566536,139643,3172,3172,True,True,0x0B,"OK,OK,NO_IRQ,OK","FULL,FULL,NONE,FULL",
27.747639,2026-09-01T19:10:38.430+01:00,17569708,139644,3172,3172,True,True,0x0B,"OK,OK,NO_IRQ,OK","FULL,FULL,NONE,FULL",
27.752356,2026-09-01T19:10:38.436+01:00,17572880,139645,3172,3172,True,True,0x0B,"OK,OK,NO_IRQ,OK","FULL,FULL,NONE,FULL",
27.759948,2026-09-01T19:10:38.440+01:00,17576052,139646,3172,3172,True,True,0x0B,"OK,OK,NO_IRQ,OK","FULL,FULL,NONE,FULL",
27.775480,2026-09-01T19:10:38.449+01:00,17579224,139647,3172,3172,True,True,0x0B,"OK,OK,NO_IRQ,OK","FULL,FULL,NONE,FULL",
27.775813,2026-09-01T19:10:38.463+01:00,17582396,139648,3172,3172,True,True,0x0B,"OK,OK,NO_IRQ,OK","FULL,FULL,NONE,FULL",
27.776058,2026-09-01T19:10:38.463+01:00,17585568,139649,3172,3172,True,True,0x0B,"OK,OK,NO_IRQ,OK","FULL,FULL,NONE,FULL",
27.779538,2026-09-01T19:10:38.463+01:00,17588740,139650,3172,3172,True,True,0x0B,"OK,OK,NO_IRQ,OK","FULL,FULL,NONE,FULL",
27.782940,2026-09-01T19:10:38.467+01:00,17591912,139651,3172,3172,True,True,0x0B,"OK,OK,NO_IRQ,OK","FULL,FULL,NONE,FULL",
27.787151,2026-09-01T19:10:38.470+01:00,17595084,139652,3172,3172,True,True,0x0B,"OK,OK,NO_IRQ,OK","FULL,FULL,NONE,FULL",
27.792385,2026-09-01T19:10:38.474+01:00,17598256,139653,3172,3172,True,True,0x0B,"OK,OK,NO_IRQ,OK","FULL,FULL,NONE,FULL",
27.798542,2026-09-01T19:10:38.480+01:00,17601428,139654,3172,3172,True,True,0x0B,"OK,OK,NO_IRQ,OK","FULL,FULL,NONE,FULL",
27.803292,2026-09-01T19:10:38.486+01:00,17604600,139655,3172,3172,True,True,0x0B,"OK,OK,NO_IRQ,OK","FULL,FULL,NONE,FULL",
27.808625,2026-09-01T19:10:38.491+01:00,17607772,139656,3172,3172,True,True,0x0B,"OK,OK,NO_IRQ,OK","FULL,FULL,NONE,FULL",
27.813864,2026-09-01T19:10:38.496+01:00,17610944,139657,3172,3172,True,True,0x0B,"OK,OK,NO_IRQ,OK","FULL,FULL,NONE,FULL",
27.817718,2026-09-01T19:10:38.501+01:00,17614116,139658,3172,3172,True,True,0x0B,"OK,OK,NO_IRQ,OK","FULL,FULL,NONE,FULL",
27.829913,2026-09-01T19:10:38.505+01:00,17617288,139659,3172,3172,True,True,0x0B,"OK,OK,NO_IRQ,OK","FULL,FULL,NONE,FULL",
27.830714,2026-09-01T19:10:38.517+01:00,17620460,139660,3172,3172,True,True,0x0B,"OK,OK,NO_IRQ,OK","FULL,FULL,NONE,FULL",
27.834937,2026-09-01T19:10:38.522+01:00,17623632,139661,3172,3172,True,True,0x0B,"OK,OK,NO_IRQ,OK","FULL,FULL,NONE,FULL",
27.844256,2026-09-01T19:10:38.522+01:00,17626804,139662,3172,3172,True,True,0x0B,"OK,OK,NO_IRQ,OK","FULL,FULL,NONE,FULL",
27.848913,2026-09-01T19:10:38.533+01:00,17629976,139663,3172,3172,True,True,0x0B,"OK,OK,NO_IRQ,OK","FULL,FULL,NONE,FULL",
27.849373,2026-09-01T19:10:38.536+01:00,17633148,139664,3172,3172,True,True,0x0B,"OK,OK,NO_IRQ,OK","FULL,FULL,NONE,FULL",
27.853070,2026-09-01T19:10:38.537+01:00,17636320,139665,3172,3172,True,True,0x0B,"OK,OK,NO_IRQ,OK","FULL,FULL,NONE,FULL",
27.858734,2026-09-01T19:10:38.540+01:00,17639492,139666,3172,3172,True,True,0x0B,"OK,OK,NO_IRQ,OK","FULL,FULL,NONE,FULL",
27.862649,2026-09-01T19:10:38.546+01:00,17642664,139667,3172,3172,True,True,0x0B,"OK,OK,NO_IRQ,OK","FULL,FULL,NONE,FULL",
27.867465,2026-09-01T19:10:38.550+01:00,17645836,139668,3172,3172,True,True,0x0B,"OK,OK,NO_IRQ,OK","FULL,FULL,NONE,FULL",
27.876157,2026-09-01T19:10:38.555+01:00,17649008,139669,3172,3172,True,True,0x0B,"OK,OK,NO_IRQ,OK","FULL,FULL,NONE,FULL",
27.877517,2026-09-01T19:10:38.563+01:00,17652180,139670,3172,3172,True,True,0x0B,"OK,OK,NO_IRQ,OK","FULL,FULL,NONE,FULL",
27.882459,2026-09-01T19:10:38.565+01:00,17655352,139671,3172,3172,True,True,0x0B,"OK,OK,NO_IRQ,OK","FULL,FULL,NONE,FULL",
27.890790,2026-09-01T19:10:38.570+01:00,17658524,139672,3172,3172,True,True,0x0B,"OK,OK,NO_IRQ,OK","FULL,FULL,NONE,FULL",
27.901141,2026-09-01T19:10:38.578+01:00,17661696,139673,3172,3172,True,True,0x0B,"OK,OK,NO_IRQ,OK","FULL,FULL,NONE,FULL",
27.912331,2026-09-01T19:10:38.599+01:00,17664868,139674,3172,3172,True,True,0x0B,"OK,OK,NO_IRQ,OK","FULL,FULL,NONE,FULL",
27.912987,2026-09-01T19:10:38.600+01:00,17668040,139675,3172,3172,True,True,0x0B,"OK,OK,NO_IRQ,OK","FULL,FULL,NONE,FULL",
27.913470,2026-09-01T19:10:38.600+01:00,17671212,139676,3172,3172,True,True,0x0B,"OK,OK,NO_IRQ,OK","FULL,FULL,NONE,FULL",
27.913928,2026-09-01T19:10:38.601+01:00,17674384,139677,3172,3172,True,True,0x0B,"OK,OK,NO_IRQ,OK","FULL,FULL,NONE,FULL",
27.918565,2026-09-01T19:10:38.601+01:00,17677556,139678,3172,3172,True,True,0x0B,"OK,OK,NO_IRQ,OK","FULL,FULL,NONE,FULL",
27.930589,2026-09-01T19:10:38.606+01:00,17680728,139679,3172,3172,True,True,0x0B,"OK,OK,NO_IRQ,OK","FULL,FULL,NONE,FULL",
27.931295,2026-09-01T19:10:38.618+01:00,17683900,139680,3172,3172,True,True,0x0B,"OK,OK,NO_IRQ,OK","FULL,FULL,NONE,FULL",
27.932804,2026-09-01T19:10:38.619+01:00,17687072,139681,3172,3172,True,True,0x0B,"OK,OK,NO_IRQ,OK","FULL,FULL,NONE,FULL",
27.938007,2026-09-01T19:10:38.620+01:00,17690244,139682,3172,3172,True,True,0x0B,"OK,OK,NO_IRQ,OK","FULL,FULL,NONE,FULL",
27.942774,2026-09-01T19:10:38.625+01:00,17693416,139683,3172,3172,True,True,0x0B,"OK,OK,NO_IRQ,OK","FULL,FULL,NONE,FULL",
27.953321,2026-09-01T19:10:38.630+01:00,17696588,139684,3172,3172,True,True,0x0B,"OK,OK,NO_IRQ,OK","FULL,FULL,NONE,FULL",
27.953847,2026-09-01T19:10:38.641+01:00,17699760,139685,3172,3172,True,True,0x0B,"OK,OK,NO_IRQ,OK","FULL,FULL,NONE,FULL",
27.957746,2026-09-01T19:10:38.641+01:00,17702932,139686,3172,3172,True,True,0x0B,"OK,OK,NO_IRQ,OK","FULL,FULL,NONE,FULL",
27.962830,2026-09-01T19:10:38.645+01:00,17706104,139687,3172,3172,True,True,0x0B,"OK,OK,NO_IRQ,OK","FULL,FULL,NONE,FULL",
27.969610,2026-09-01T19:10:38.650+01:00,17709276,139688,3172,3172,True,True,0x0B,"OK,OK,NO_IRQ,OK","FULL,FULL,NONE,FULL",
27.974966,2026-09-01T19:10:38.657+01:00,17712448,139689,3172,3172,True,True,0x0B,"OK,OK,NO_IRQ,OK","FULL,FULL,NONE,FULL",
27.979450,2026-09-01T19:10:38.662+01:00,17715620,139690,3172,3172,True,True,0x0B,"OK,OK,NO_IRQ,OK","FULL,FULL,NONE,FULL",
27.987894,2026-09-01T19:10:38.667+01:00,17718792,139691,3172,3172,True,True,0x0B,"OK,OK,NO_IRQ,OK","FULL,FULL,NONE,FULL",
27.989179,2026-09-01T19:10:38.675+01:00,17721964,139692,3172,3172,True,True,0x0B,"OK,OK,NO_IRQ,OK","FULL,FULL,NONE,FULL",
28.013927,2026-09-01T19:10:38.677+01:00,17725136,139693,3172,3172,True,True,0x0B,"OK,OK,NO_IRQ,OK","FULL,FULL,NONE,FULL",
28.016125,2026-09-01T19:10:38.701+01:00,17728308,139694,3172,3172,True,True,0x0B,"OK,OK,NO_IRQ,OK","FULL,FULL,NONE,FULL",
28.018589,2026-09-01T19:10:38.704+01:00,17731480,139695,3172,3172,True,True,0x0B,"OK,OK,NO_IRQ,OK","FULL,FULL,NONE,FULL",
28.020683,2026-09-01T19:10:38.706+01:00,17734652,139696,3172,3172,True,True,0x0B,"OK,OK,NO_IRQ,OK","FULL,FULL,NONE,FULL",
28.023780,2026-09-01T19:10:38.708+01:00,17737824,139697,3172,3172,True,True,0x0B,"OK,OK,NO_IRQ,OK","FULL,FULL,NONE,FULL",
28.027728,2026-09-01T19:10:38.711+01:00,17740996,139698,3172,3172,True,True,0x0B,"OK,OK,NO_IRQ,OK","FULL,FULL,NONE,FULL",
28.028736,2026-09-01T19:10:38.715+01:00,17744168,139699,3172,3172,True,True,0x0B,"OK,OK,NO_IRQ,OK","FULL,FULL,NONE,FULL",
28.031940,2026-09-01T19:10:38.716+01:00,17747340,139700,3172,3172,True,True,0x0B,"OK,OK,NO_IRQ,OK","FULL,FULL,NONE,FULL",
28.035063,2026-09-01T19:10:38.719+01:00,17750512,139701,3172,3172,True,True,0x0B,"OK,OK,NO_IRQ,OK","FULL,FULL,NONE,FULL",
28.038978,2026-09-01T19:10:38.722+01:00,17753684,139702,3172,3172,True,True,0x0B,"OK,OK,NO_IRQ,OK","FULL,FULL,NONE,FULL",
28.045617,2026-09-01T19:10:38.726+01:00,17756856,139703,3172,3172,True,True,0x0B,"OK,OK,NO_IRQ,OK","FULL,FULL,NONE,FULL",
28.051924,2026-09-01T19:10:38.733+01:00,17760028,139704,3172,3172,True,True,0x0B,"OK,OK,NO_IRQ,OK","FULL,FULL,NONE,FULL",
28.055864,2026-09-01T19:10:38.740+01:00,17763200,139705,3172,3172,True,True,0x0B,"OK,OK,NO_IRQ,OK","FULL,FULL,NONE,FULL",
28.058513,2026-09-01T19:10:38.743+01:00,17766372,139706,3172,3172,True,True,0x0B,"OK,OK,NO_IRQ,OK","FULL,FULL,NONE,FULL",
28.065437,2026-09-01T19:10:38.747+01:00,17769544,139707,3172,3172,True,True,0x0B,"OK,OK,NO_IRQ,OK","FULL,FULL,NONE,FULL",
28.074662,2026-09-01T19:10:38.753+01:00,17772716,139708,3172,3172,True,True,0x0B,"OK,OK,NO_IRQ,OK","FULL,FULL,NONE,FULL",
28.076998,2026-09-01T19:10:38.763+01:00,17775888,139709,3172,3172,True,True,0x0B,"OK,OK,NO_IRQ,OK","FULL,FULL,NONE,FULL",
28.078107,2026-09-01T19:10:38.764+01:00,17779060,139710,3172,3172,True,True,0x0B,"OK,OK,NO_IRQ,OK","FULL,FULL,NONE,FULL",
28.085983,2026-09-01T19:10:38.773+01:00,17782232,139711,3172,3172,True,True,0x0B,"OK,OK,NO_IRQ,OK","FULL,FULL,NONE,FULL",
28.099541,2026-09-01T19:10:38.783+01:00,17785404,139712,3172,3172,True,True,0x0B,"OK,OK,NO_IRQ,OK","FULL,FULL,NONE,FULL",
28.101959,2026-09-01T19:10:38.787+01:00,17788576,139713,3172,3172,True,True,0x0B,"OK,OK,NO_IRQ,OK","FULL,FULL,NONE,FULL",
28.102615,2026-09-01T19:10:38.789+01:00,17791748,139714,3172,3172,True,True,0x0B,"OK,OK,NO_IRQ,OK","FULL,FULL,NONE,FULL",
28.104867,2026-09-01T19:10:38.790+01:00,17794920,139715,3172,3172,True,True,0x0B,"OK,OK,NO_IRQ,OK","FULL,FULL,NONE,FULL",
28.108992,2026-09-01T19:10:38.792+01:00,17798092,139716,3172,3172,True,True,0x0B,"OK,OK,NO_IRQ,OK","FULL,FULL,NONE,FULL",
28.116622,2026-09-01T19:10:38.797+01:00,17801264,139717,3172,3172,True,True,0x0B,"OK,OK,NO_IRQ,OK","FULL,FULL,NONE,FULL",
28.119813,2026-09-01T19:10:38.804+01:00,17804436,139718,3172,3172,True,True,0x0B,"OK,OK,NO_IRQ,OK","FULL,FULL,NONE,FULL",
28.123284,2026-09-01T19:10:38.807+01:00,17807608,139719,3172,3172,True,True,0x0B,"OK,OK,NO_IRQ,OK","FULL,FULL,NONE,FULL",
28.129460,2026-09-01T19:10:38.811+01:00,17810780,139720,3172,3172,True,True,0x0B,"OK,OK,NO_IRQ,OK","FULL,FULL,NONE,FULL",
28.135322,2026-09-01T19:10:38.817+01:00,17813952,139721,3172,3172,True,True,0x0B,"OK,OK,NO_IRQ,OK","FULL,FULL,NONE,FULL",
28.139319,2026-09-01T19:10:38.823+01:00,17817124,139722,3172,3172,True,True,0x0B,"OK,OK,NO_IRQ,OK","FULL,FULL,NONE,FULL",
28.156064,2026-09-01T19:10:38.827+01:00,17820296,139723,3172,3172,True,True,0x0B,"OK,OK,NO_IRQ,OK","FULL,FULL,NONE,FULL",
28.166081,2026-09-01T19:10:38.843+01:00,17823468,139724,3172,3172,True,True,0x0B,"OK,OK,NO_IRQ,OK","FULL,FULL,NONE,FULL",
28.170120,2026-09-01T19:10:38.855+01:00,17826640,139725,3172,3172,True,True,0x0B,"OK,OK,NO_IRQ,OK","FULL,FULL,NONE,FULL",
28.172085,2026-09-01T19:10:38.857+01:00,17829812,139726,3172,3172,True,True,0x0B,"OK,OK,NO_IRQ,OK","FULL,FULL,NONE,FULL",
28.174938,2026-09-01T19:10:38.859+01:00,17832984,139727,3172,3172,True,True,0x0B,"OK,OK,NO_IRQ,OK","FULL,FULL,NONE,FULL",
28.179474,2026-09-01T19:10:38.862+01:00,17836156,139728,3172,3172,True,True,0x0B,"OK,OK,NO_IRQ,OK","FULL,FULL,NONE,FULL",
28.183171,2026-09-01T19:10:38.867+01:00,17839328,139729,3172,3172,True,True,0x0B,"OK,OK,NO_IRQ,OK","FULL,FULL,NONE,FULL",
28.186181,2026-09-01T19:10:38.872+01:00,17842500,139730,3172,3172,True,True,0x0B,"OK,OK,NO_IRQ,OK","FULL,FULL,NONE,FULL",
28.190458,2026-09-01T19:10:38.873+01:00,17845672,139731,3172,3172,True,True,0x0B,"OK,OK,NO_IRQ,OK","FULL,FULL,NONE,FULL",
28.193049,2026-09-01T19:10:38.878+01:00,17848844,139732,3172,3172,True,True,0x0B,"OK,OK,NO_IRQ,OK","FULL,FULL,NONE,FULL",
28.196629,2026-09-01T19:10:38.880+01:00,17852016,139733,3172,3172,True,True,0x0B,"OK,OK,NO_IRQ,OK","FULL,FULL,NONE,FULL",
28.201064,2026-09-01T19:10:38.884+01:00,17855188,139734,3172,3172,True,True,0x0B,"OK,OK,NO_IRQ,OK","FULL,FULL,NONE,FULL",
28.206306,2026-09-01T19:10:38.889+01:00,17858360,139735,3172,3172,True,True,0x0B,"OK,OK,NO_IRQ,OK","FULL,FULL,NONE,FULL",
28.209042,2026-09-01T19:10:38.894+01:00,17861532,139736,3172,3172,True,True,0x0B,"OK,OK,NO_IRQ,OK","FULL,FULL,NONE,FULL",
28.217471,2026-09-01T19:10:38.897+01:00,17864704,139737,3172,3172,True,True,0x0B,"OK,OK,NO_IRQ,OK","FULL,FULL,NONE,FULL",
28.218725,2026-09-01T19:10:38.905+01:00,17867876,139738,3172,3172,True,True,0x0B,"OK,OK,NO_IRQ,OK","FULL,FULL,NONE,FULL",
28.225876,2026-09-01T19:10:38.906+01:00,17871048,139739,3172,3172,True,True,0x0B,"OK,OK,NO_IRQ,OK","FULL,FULL,NONE,FULL",
28.244989,2026-09-01T19:10:38.913+01:00,17874220,139740,3172,3172,True,True,0x0B,"OK,OK,NO_IRQ,OK","FULL,FULL,NONE,FULL",
28.247271,2026-09-01T19:10:38.933+01:00,17877392,139741,3172,3172,True,True,0x0B,"OK,OK,NO_IRQ,OK","FULL,FULL,NONE,FULL",
28.249229,2026-09-01T19:10:38.935+01:00,17880564,139742,3172,3172,True,True,0x0B,"OK,OK,NO_IRQ,OK","FULL,FULL,NONE,FULL",
28.250958,2026-09-01T19:10:38.937+01:00,17883736,139743,3172,3172,True,True,0x0B,"OK,OK,NO_IRQ,OK","FULL,FULL,NONE,FULL",
28.252644,2026-09-01T19:10:38.939+01:00,17886908,139744,3172,3172,True,True,0x0B,"OK,OK,NO_IRQ,OK","FULL,FULL,NONE,FULL",
28.254404,2026-09-01T19:10:38.941+01:00,17890080,139745,3172,3172,True,True,0x0B,"OK,OK,NO_IRQ,OK","FULL,FULL,NONE,FULL",
28.262465,2026-09-01T19:10:38.944+01:00,17893252,139746,3172,3172,True,True,0x0B,"OK,OK,NO_IRQ,OK","FULL,FULL,NONE,FULL",
28.265478,2026-09-01T19:10:38.951+01:00,17896424,139747,3172,3172,True,True,0x0B,"OK,OK,NO_IRQ,OK","FULL,FULL,NONE,FULL",
28.269766,2026-09-01T19:10:38.953+01:00,17899596,139748,3172,3172,True,True,0x0B,"OK,OK,NO_IRQ,OK","FULL,FULL,NONE,FULL",
28.275198,2026-09-01T19:10:38.957+01:00,17902768,139749,3172,3172,True,True,0x0B,"OK,OK,NO_IRQ,OK","FULL,FULL,NONE,FULL",
28.279206,2026-09-01T19:10:38.964+01:00,17905940,139750,3172,3172,True,True,0x0B,"OK,OK,NO_IRQ,OK","FULL,FULL,NONE,FULL",
28.284997,2026-09-01T19:10:38.967+01:00,17909112,139751,3172,3172,True,True,0x0B,"OK,OK,NO_IRQ,OK","FULL,FULL,NONE,FULL",
28.288879,2026-09-01T19:10:38.973+01:00,17912284,139752,3172,3172,True,True,0x0B,"OK,OK,NO_IRQ,OK","FULL,FULL,NONE,FULL",
28.313464,2026-09-01T19:10:38.976+01:00,17915456,139753,3172,3172,True,True,0x0B,"OK,OK,NO_IRQ,OK","FULL,FULL,NONE,FULL",
28.314700,2026-09-01T19:10:39.001+01:00,17918628,139754,3172,3172,True,True,0x0B,"OK,OK,NO_IRQ,OK","FULL,FULL,NONE,FULL",
28.316929,2026-09-01T19:10:39.002+01:00,17921800,139755,3172,3172,True,True,0x0B,"OK,OK,NO_IRQ,OK","FULL,FULL,NONE,FULL",
28.319276,2026-09-01T19:10:39.004+01:00,17924972,139756,3172,3172,True,True,0x0B,"OK,OK,NO_IRQ,OK","FULL,FULL,NONE,FULL",
28.321308,2026-09-01T19:10:39.007+01:00,17928144,139757,3172,3172,True,True,0x0B,"OK,OK,NO_IRQ,OK","FULL,FULL,NONE,FULL",
28.324171,2026-09-01T19:10:39.010+01:00,17931316,139758,3172,3172,True,True,0x0B,"OK,OK,NO_IRQ,OK","FULL,FULL,NONE,FULL",
28.327784,2026-09-01T19:10:39.012+01:00,17934488,139759,3172,3172,True,True,0x0B,"OK,OK,NO_IRQ,OK","FULL,FULL,NONE,FULL",
28.331541,2026-09-01T19:10:39.016+01:00,17937660,139760,3172,3172,True,True,0x0B,"OK,OK,NO_IRQ,OK","FULL,FULL,NONE,FULL",
28.336554,2026-09-01T19:10:39.020+01:00,17940832,139761,3172,3172,True,True,0x0B,"OK,OK,NO_IRQ,OK","FULL,FULL,NONE,FULL",
28.338776,2026-09-01T19:10:39.024+01:00,17944004,139762,3172,3172,True,True,0x0B,"OK,OK,NO_IRQ,OK","FULL,FULL,NONE,FULL",
28.346814,2026-09-01T19:10:39.026+01:00,17947176,139763,3172,3172,True,True,0x0B,"OK,OK,NO_IRQ,OK","FULL,FULL,NONE,FULL",
28.350920,2026-09-01T19:10:39.034+01:00,17950348,139764,3172,3172,True,True,0x0B,"OK,OK,NO_IRQ,OK","FULL,FULL,NONE,FULL",
28.353976,2026-09-01T19:10:39.038+01:00,17953520,139765,3172,3172,True,True,0x0B,"OK,OK,NO_IRQ,OK","FULL,FULL,NONE,FULL",
28.358884,2026-09-01T19:10:39.043+01:00,17956692,139766,3172,3172,True,True,0x0B,"OK,OK,NO_IRQ,OK","FULL,FULL,NONE,FULL",
28.365773,2026-09-01T19:10:39.046+01:00,17959864,139767,3172,3172,True,True,0x0B,"OK,OK,NO_IRQ,OK","FULL,FULL,NONE,FULL",
28.373426,2026-09-01T19:10:39.054+01:00,17963036,139768,3172,3172,True,True,0x0B,"OK,OK,NO_IRQ,OK","FULL,FULL,NONE,FULL",
28.374201,2026-09-01T19:10:39.061+01:00,17966208,139769,3172,3172,True,True,0x0B,"OK,OK,NO_IRQ,OK","FULL,FULL,NONE,FULL",
28.389124,2026-09-01T19:10:39.062+01:00,17969380,139770,3172,3172,True,True,0x0B,"OK,OK,NO_IRQ,OK","FULL,FULL,NONE,FULL",
28.391939,2026-09-01T19:10:39.077+01:00,17972552,139771,3172,3172,True,True,0x0B,"OK,OK,NO_IRQ,OK","FULL,FULL,NONE,FULL",
28.397049,2026-09-01T19:10:39.080+01:00,17975724,139772,3172,3172,True,True,0x0B,"OK,OK,NO_IRQ,OK","FULL,FULL,NONE,FULL",
28.401344,2026-09-01T19:10:39.086+01:00,17978896,139773,3172,3172,True,True,0x0B,"OK,OK,NO_IRQ,OK","FULL,FULL,NONE,FULL",
28.404402,2026-09-01T19:10:39.090+01:00,17982068,139774,3172,3172,True,True,0x0B,"OK,OK,NO_IRQ,OK","FULL,FULL,NONE,FULL",
28.407824,2026-09-01T19:10:39.094+01:00,17985240,139775,3172,3172,True,True,0x0B,"OK,OK,NO_IRQ,OK","FULL,FULL,NONE,FULL",
28.411565,2026-09-01T19:10:39.096+01:00,17988412,139776,3172,3172,True,True,0x0B,"OK,OK,NO_IRQ,OK","FULL,FULL,NONE,FULL",
28.413911,2026-09-01T19:10:39.099+01:00,17991584,139777,3172,3172,True,True,0x0B,"OK,OK,NO_IRQ,OK","FULL,FULL,NONE,FULL",
28.421658,2026-09-01T19:10:39.101+01:00,17994756,139778,3172,3172,True,True,0x0B,"OK,OK,NO_IRQ,OK","FULL,FULL,NONE,FULL",
28.424345,2026-09-01T19:10:39.109+01:00,17997928,139779,3172,3172,True,True,0x0B,"OK,OK,NO_IRQ,OK","FULL,FULL,NONE,FULL",
28.429239,2026-09-01T19:10:39.112+01:00,18001100,139780,3172,3172,True,True,0x0B,"OK,OK,NO_IRQ,OK","FULL,FULL,NONE,FULL",
28.436616,2026-09-01T19:10:39.117+01:00,18004272,139781,3172,3172,True,True,0x0B,"OK,OK,NO_IRQ,OK","FULL,FULL,NONE,FULL",
28.441230,2026-09-01T19:10:39.124+01:00,18007444,139782,3172,3172,True,True,0x0B,"OK,OK,NO_IRQ,OK","FULL,FULL,NONE,FULL",
28.445449,2026-09-01T19:10:39.130+01:00,18010616,139783,3172,3172,True,True,0x0B,"OK,OK,NO_IRQ,OK","FULL,FULL,NONE,FULL",
28.456440,2026-09-01T19:10:39.133+01:00,18013788,139784,3172,3172,True,True,0x0B,"OK,OK,NO_IRQ,OK","FULL,FULL,NONE,FULL",
28.457232,2026-09-01T19:10:39.144+01:00,18016960,139785,3172,3172,True,True,0x0B,"OK,OK,NO_IRQ,OK","FULL,FULL,NONE,FULL",
28.458988,2026-09-01T19:10:39.145+01:00,18020132,139786,3172,3172,True,True,0x0B,"OK,OK,NO_IRQ,OK","FULL,FULL,NONE,FULL",
28.481400,2026-09-01T19:10:39.165+01:00,18023304,139787,3172,3172,True,True,0x0B,"OK,OK,NO_IRQ,OK","FULL,FULL,NONE,FULL",
28.485477,2026-09-01T19:10:39.170+01:00,18026476,139788,3172,3172,True,True,0x0B,"OK,OK,NO_IRQ,OK","FULL,FULL,NONE,FULL",
28.488337,2026-09-01T19:10:39.174+01:00,18029648,139789,3172,3172,True,True,0x0B,"OK,OK,NO_IRQ,OK","FULL,FULL,NONE,FULL",
28.492056,2026-09-01T19:10:39.177+01:00,18032820,139790,3172,3172,True,True,0x0B,"OK,OK,NO_IRQ,OK","FULL,FULL,NONE,FULL",
28.495352,2026-09-01T19:10:39.179+01:00,18035992,139791,3172,3172,True,True,0x0B,"OK,OK,NO_IRQ,OK","FULL,FULL,NONE,FULL",
28.499533,2026-09-01T19:10:39.183+01:00,18039164,139792,3172,3172,True,True,0x0B,"OK,OK,NO_IRQ,OK","FULL,FULL,NONE,FULL",
28.503634,2026-09-01T19:10:39.187+01:00,18042336,139793,3172,3172,True,True,0x0B,"OK,OK,NO_IRQ,OK","FULL,FULL,NONE,FULL",
28.506488,2026-09-01T19:10:39.191+01:00,18045508,139794,3172,3172,True,True,0x0B,"OK,OK,NO_IRQ,OK","FULL,FULL,NONE,FULL",
28.507156,2026-09-01T19:10:39.194+01:00,18048680,139795,3172,3172,True,True,0x0B,"OK,OK,NO_IRQ,OK","FULL,FULL,NONE,FULL",
28.514854,2026-09-01T19:10:39.194+01:00,18051852,139796,3172,3172,True,True,0x0B,"OK,OK,NO_IRQ,OK","FULL,FULL,NONE,FULL",
28.519612,2026-09-01T19:10:39.203+01:00,18055024,139797,3172,3172,True,True,0x0B,"OK,OK,NO_IRQ,OK","FULL,FULL,NONE,FULL",
28.524287,2026-09-01T19:10:39.207+01:00,18058196,139798,3172,3172,True,True,0x0B,"OK,OK,NO_IRQ,OK","FULL,FULL,NONE,FULL",
28.527029,2026-09-01T19:10:39.212+01:00,18061368,139799,3172,3172,True,True,0x0B,"OK,OK,NO_IRQ,OK","FULL,FULL,NONE,FULL",
28.531406,2026-09-01T19:10:39.216+01:00,18064540,139800,3172,3172,True,True,0x0B,"OK,OK,NO_IRQ,OK","FULL,FULL,NONE,FULL",
28.538706,2026-09-01T19:10:39.219+01:00,18067712,139801,3172,3172,True,True,0x0B,"OK,OK,NO_IRQ,OK","FULL,FULL,NONE,FULL",
28.539305,2026-09-01T19:10:39.226+01:00,18070884,139802,3172,3172,True,True,0x0B,"OK,OK,NO_IRQ,OK","FULL,FULL,NONE,FULL",
28.550461,2026-09-01T19:10:39.227+01:00,18074056,139803,3172,3172,True,True,0x0B,"OK,OK,NO_IRQ,OK","FULL,FULL,NONE,FULL",
28.557059,2026-09-01T19:10:39.238+01:00,18077228,139804,3172,3172,True,True,0x0B,"OK,OK,NO_IRQ,OK","FULL,FULL,NONE,FULL",
28.557995,2026-09-01T19:10:39.244+01:00,18080400,139805,3172,3172,True,True,0x0B,"OK,OK,NO_IRQ,OK","FULL,FULL,NONE,FULL",
28.559523,2026-09-01T19:10:39.245+01:00,18083572,139806,3172,3172,True,True,0x0B,"OK,OK,NO_IRQ,OK","FULL,FULL,NONE,FULL",
28.567262,2026-09-01T19:10:39.247+01:00,18086744,139807,3172,3172,True,True,0x0B,"OK,OK,NO_IRQ,OK","FULL,FULL,NONE,FULL",
28.572735,2026-09-01T19:10:39.255+01:00,18089916,139808,3172,3172,True,True,0x0B,"OK,OK,NO_IRQ,OK","FULL,FULL,NONE,FULL",
28.574156,2026-09-01T19:10:39.260+01:00,18093088,139809,3172,3172,True,True,0x0B,"OK,OK,NO_IRQ,OK","FULL,FULL,NONE,FULL",
28.579655,2026-09-01T19:10:39.261+01:00,18096260,139810,3172,3172,True,True,0x0B,"OK,OK,NO_IRQ,OK","FULL,FULL,NONE,FULL",
28.584831,2026-09-01T19:10:39.267+01:00,18099432,139811,3172,3172,True,True,0x0B,"OK,OK,NO_IRQ,OK","FULL,FULL,NONE,FULL",
28.589139,2026-09-01T19:10:39.272+01:00,18102604,139812,3172,3172,True,True,0x0B,"OK,OK,NO_IRQ,OK","FULL,FULL,NONE,FULL",
28.594480,2026-09-01T19:10:39.276+01:00,18105776,139813,3172,3172,True,True,0x0B,"OK,OK,NO_IRQ,OK","FULL,FULL,NONE,FULL",
28.599858,2026-09-01T19:10:39.282+01:00,18108948,139814,3172,3172,True,True,0x0B,"OK,OK,NO_IRQ,OK","FULL,FULL,NONE,FULL",
28.604675,2026-09-01T19:10:39.287+01:00,18112120,139815,3172,3172,True,True,0x0B,"OK,OK,NO_IRQ,OK","FULL,FULL,NONE,FULL",
28.609712,2026-09-01T19:10:39.292+01:00,18115292,139816,3172,3172,True,True,0x0B,"OK,OK,NO_IRQ,OK","FULL,FULL,NONE,FULL",
28.614430,2026-09-01T19:10:39.297+01:00,18118464,139817,3172,3172,True,True,0x0B,"OK,OK,NO_IRQ,OK","FULL,FULL,NONE,FULL",
28.619785,2026-09-01T19:10:39.302+01:00,18121636,139818,3172,3172,True,True,0x0B,"OK,OK,NO_IRQ,OK","FULL,FULL,NONE,FULL",
28.625410,2026-09-01T19:10:39.307+01:00,18124808,139819,3172,3172,True,True,0x0B,"OK,OK,NO_IRQ,OK","FULL,FULL,NONE,FULL",
28.629362,2026-09-01T19:10:39.313+01:00,18127980,139820,3172,3172,True,True,0x0B,"OK,OK,NO_IRQ,OK","FULL,FULL,NONE,FULL",
28.634597,2026-09-01T19:10:39.317+01:00,18131152,139821,3172,3172,True,True,0x0B,"OK,OK,NO_IRQ,OK","FULL,FULL,NONE,FULL",
28.639199,2026-09-01T19:10:39.322+01:00,18134324,139822,3172,3172,True,True,0x0B,"OK,OK,NO_IRQ,OK","FULL,FULL,NONE,FULL",
28.644637,2026-09-01T19:10:39.327+01:00,18137496,139823,3172,3172,True,True,0x0B,"OK,OK,NO_IRQ,OK","FULL,FULL,NONE,FULL",
28.661018,2026-09-01T19:10:39.332+01:00,18140668,139824,3172,3172,True,True,0x0B,"OK,OK,NO_IRQ,OK","FULL,FULL,NONE,FULL",
28.666447,2026-09-01T19:10:39.353+01:00,18143840,139825,3172,3172,True,True,0x0B,"OK,OK,NO_IRQ,OK","FULL,FULL,NONE,FULL",
28.667311,2026-09-01T19:10:39.354+01:00,18147012,139826,3172,3172,True,True,0x0B,"OK,OK,NO_IRQ,OK","FULL,FULL,NONE,FULL",
28.668059,2026-09-01T19:10:39.355+01:00,18150184,139827,3172,3172,True,True,0x0B,"OK,OK,NO_IRQ,OK","FULL,FULL,NONE,FULL",
28.669245,2026-09-01T19:10:39.355+01:00,18153356,139828,3172,3172,True,True,0x0B,"OK,OK,NO_IRQ,OK","FULL,FULL,NONE,FULL",
28.690088,2026-09-01T19:10:39.357+01:00,18156528,139829,3172,3172,True,True,0x0B,"OK,OK,NO_IRQ,OK","FULL,FULL,NONE,FULL",
28.695821,2026-09-01T19:10:39.378+01:00,18159700,139830,3172,3172,True,True,0x0B,"OK,OK,NO_IRQ,OK","FULL,FULL,NONE,FULL",
28.704495,2026-09-01T19:10:39.385+01:00,18162872,139831,3172,3172,True,True,0x0B,"OK,OK,NO_IRQ,OK","FULL,FULL,NONE,FULL",
28.719529,2026-09-01T19:10:39.396+01:00,18166044,139832,3172,3172,True,True,0x0B,"OK,OK,NO_IRQ,OK","FULL,FULL,NONE,FULL",
28.723819,2026-09-01T19:10:39.408+01:00,18169216,139833,3172,3172,True,True,0x0B,"OK,OK,NO_IRQ,OK","FULL,FULL,NONE,FULL",
28.724698,2026-09-01T19:10:39.411+01:00,18172388,139834,3172,3172,True,True,0x0B,"OK,OK,NO_IRQ,OK","FULL,FULL,NONE,FULL",
28.729868,2026-09-01T19:10:39.415+01:00,18175560,139835,3172,3172,True,True,0x0B,"OK,OK,NO_IRQ,OK","FULL,FULL,NONE,FULL",
28.731851,2026-09-01T19:10:39.417+01:00,18178732,139836,3172,3172,True,True,0x0B,"OK,OK,NO_IRQ,OK","FULL,FULL,NONE,FULL",
28.733755,2026-09-01T19:10:39.419+01:00,18181904,139837,3172,3172,True,True,0x0B,"OK,OK,NO_IRQ,OK","FULL,FULL,NONE,FULL",
28.735229,2026-09-01T19:10:39.421+01:00,18185076,139838,3172,3172,True,True,0x0B,"OK,OK,NO_IRQ,OK","FULL,FULL,NONE,FULL",
28.737762,2026-09-01T19:10:39.423+01:00,18188248,139839,3172,3172,True,True,0x0B,"OK,OK,NO_IRQ,OK","FULL,FULL,NONE,FULL",
28.741659,2026-09-01T19:10:39.428+01:00,18191420,139840,3172,3172,True,True,0x0B,"OK,OK,NO_IRQ,OK","FULL,FULL,NONE,FULL",
28.743929,2026-09-01T19:10:39.429+01:00,18194592,139841,3172,3172,True,True,0x0B,"OK,OK,NO_IRQ,OK","FULL,FULL,NONE,FULL",
28.747854,2026-09-01T19:10:39.432+01:00,18197764,139842,3172,3172,True,True,0x0B,"OK,OK,NO_IRQ,OK","FULL,FULL,NONE,FULL",
28.752349,2026-09-01T19:10:39.435+01:00,18200936,139843,3172,3172,True,True,0x0B,"OK,OK,NO_IRQ,OK","FULL,FULL,NONE,FULL",
28.754488,2026-09-01T19:10:39.440+01:00,18204108,139844,3172,3172,True,True,0x0B,"OK,OK,NO_IRQ,OK","FULL,FULL,NONE,FULL",
28.756078,2026-09-01T19:10:39.442+01:00,18207280,139845,3172,3172,True,True,0x0B,"OK,OK,NO_IRQ,OK","FULL,FULL,NONE,FULL",
28.761651,2026-09-01T19:10:39.443+01:00,18210452,139846,3172,3172,True,True,0x0B,"OK,OK,NO_IRQ,OK","FULL,FULL,NONE,FULL",
28.765619,2026-09-01T19:10:39.449+01:00,18213624,139847,3172,3172,True,True,0x0B,"OK,OK,NO_IRQ,OK","FULL,FULL,NONE,FULL",
28.771700,2026-09-01T19:10:39.453+01:00,18216796,139848,3172,3172,True,True,0x0B,"OK,OK,NO_IRQ,OK","FULL,FULL,NONE,FULL",
28.774557,2026-09-01T19:10:39.460+01:00,18219968,139849,3172,3172,True,True,0x0B,"OK,OK,NO_IRQ,OK","FULL,FULL,NONE,FULL",
28.789752,2026-09-01T19:10:39.462+01:00,18223140,139850,3172,3172,True,True,0x0B,"OK,OK,NO_IRQ,OK","FULL,FULL,NONE,FULL",
28.791574,2026-09-01T19:10:39.477+01:00,18226312,139851,3172,3172,True,True,0x0B,"OK,OK,NO_IRQ,OK","FULL,FULL,NONE,FULL",
28.803874,2026-09-01T19:10:39.479+01:00,18229484,139852,3172,3172,True,True,0x0B,"OK,OK,NO_IRQ,OK","FULL,FULL,NONE,FULL",
28.804657,2026-09-01T19:10:39.491+01:00,18232656,139853,3172,3172,True,True,0x0B,"OK,OK,NO_IRQ,OK","FULL,FULL,NONE,FULL",
28.816117,2026-09-01T19:10:39.503+01:00,18235828,139854,3172,3172,True,True,0x0B,"OK,OK,NO_IRQ,OK","FULL,FULL,NONE,FULL",
28.820492,2026-09-01T19:10:39.503+01:00,18239000,139855,3172,3172,True,True,0x0B,"OK,OK,NO_IRQ,OK","FULL,FULL,NONE,FULL",
28.821960,2026-09-01T19:10:39.508+01:00,18242172,139856,3172,3172,True,True,0x0B,"OK,OK,NO_IRQ,OK","FULL,FULL,NONE,FULL",
28.823262,2026-09-01T19:10:39.509+01:00,18245344,139857,3172,3172,True,True,0x0B,"OK,OK,NO_IRQ,OK","FULL,FULL,NONE,FULL",
28.824759,2026-09-01T19:10:39.511+01:00,18248516,139858,3172,3172,True,True,0x0B,"OK,OK,NO_IRQ,OK","FULL,FULL,NONE,FULL",
28.825401,2026-09-01T19:10:39.512+01:00,18251688,139859,3172,3172,True,True,0x0B,"OK,OK,NO_IRQ,OK","FULL,FULL,NONE,FULL",
28.832199,2026-09-01T19:10:39.513+01:00,18254860,139860,3172,3172,True,True,0x0B,"OK,OK,NO_IRQ,OK","FULL,FULL,NONE,FULL",
28.835673,2026-09-01T19:10:39.520+01:00,18258032,139861,3172,3172,True,True,0x0B,"OK,OK,NO_IRQ,OK","FULL,FULL,NONE,FULL",
28.839597,2026-09-01T19:10:39.523+01:00,18261204,139862,3172,3172,True,True,0x0B,"OK,OK,NO_IRQ,OK","FULL,FULL,NONE,FULL",
28.846106,2026-09-01T19:10:39.527+01:00,18264376,139863,3172,3172,True,True,0x0B,"OK,OK,NO_IRQ,OK","FULL,FULL,NONE,FULL",
28.849962,2026-09-01T19:10:39.533+01:00,18267548,139864,3172,3172,True,True,0x0B,"OK,OK,NO_IRQ,OK","FULL,FULL,NONE,FULL",
28.854994,2026-09-01T19:10:39.538+01:00,18270720,139865,3172,3172,True,True,0x0B,"OK,OK,NO_IRQ,OK","FULL,FULL,NONE,FULL",
28.865100,2026-09-01T19:10:39.542+01:00,18273892,139866,3172,3172,True,True,0x0B,"OK,OK,NO_IRQ,OK","FULL,FULL,NONE,FULL",
28.881150,2026-09-01T19:10:39.553+01:00,18277064,139867,3172,3172,True,True,0x0B,"OK,OK,NO_IRQ,OK","FULL,FULL,NONE,FULL",
28.883287,2026-09-01T19:10:39.569+01:00,18280236,139868,3172,3172,True,True,0x0B,"OK,OK,NO_IRQ,OK","FULL,FULL,NONE,FULL",
28.884875,2026-09-01T19:10:39.571+01:00,18283408,139869,3172,3172,True,True,0x0B,"OK,OK,NO_IRQ,OK","FULL,FULL,NONE,FULL",
28.886043,2026-09-01T19:10:39.573+01:00,18286580,139870,3172,3172,True,True,0x0B,"OK,OK,NO_IRQ,OK","FULL,FULL,NONE,FULL",
28.887088,2026-09-01T19:10:39.574+01:00,18289752,139871,3172,3172,True,True,0x0B,"OK,OK,NO_IRQ,OK","FULL,FULL,NONE,FULL",
28.889826,2026-09-01T19:10:39.575+01:00,18292924,139872,3172,3172,True,True,0x0B,"OK,OK,NO_IRQ,OK","FULL,FULL,NONE,FULL",
28.896326,2026-09-01T19:10:39.577+01:00,18296096,139873,3172,3172,True,True,0x0B,"OK,OK,NO_IRQ,OK","FULL,FULL,NONE,FULL",
28.900735,2026-09-01T19:10:39.584+01:00,18299268,139874,3172,3172,True,True,0x0B,"OK,OK,NO_IRQ,OK","FULL,FULL,NONE,FULL",
28.906574,2026-09-01T19:10:39.588+01:00,18302440,139875,3172,3172,True,True,0x0B,"OK,OK,NO_IRQ,OK","FULL,FULL,NONE,FULL",
28.909548,2026-09-01T19:10:39.594+01:00,18305612,139876,3172,3172,True,True,0x0B,"OK,OK,NO_IRQ,OK","FULL,FULL,NONE,FULL",
28.920564,2026-09-01T19:10:39.597+01:00,18308784,139877,3172,3172,True,True,0x0B,"OK,OK,NO_IRQ,OK","FULL,FULL,NONE,FULL",
28.923861,2026-09-01T19:10:39.611+01:00,18311956,139878,3172,3172,True,True,0x0B,"OK,OK,NO_IRQ,OK","FULL,FULL,NONE,FULL",
28.926265,2026-09-01T19:10:39.611+01:00,18315128,139879,3172,3172,True,True,0x0B,"OK,OK,NO_IRQ,OK","FULL,FULL,NONE,FULL",
28.937842,2026-09-01T19:10:39.614+01:00,18318300,139880,3172,3172,True,True,0x0B,"OK,OK,NO_IRQ,OK","FULL,FULL,NONE,FULL",
28.939973,2026-09-01T19:10:39.626+01:00,18321472,139881,3172,3172,True,True,0x0B,"OK,OK,NO_IRQ,OK","FULL,FULL,NONE,FULL",
28.941199,2026-09-01T19:10:39.628+01:00,18324644,139882,3172,3172,True,True,0x0B,"OK,OK,NO_IRQ,OK","FULL,FULL,NONE,FULL",
28.945697,2026-09-01T19:10:39.628+01:00,18327816,139883,3172,3172,True,True,0x0B,"OK,OK,NO_IRQ,OK","FULL,FULL,NONE,FULL",
28.950439,2026-09-01T19:10:39.633+01:00,18330988,139884,3172,3172,True,True,0x0B,"OK,OK,NO_IRQ,OK","FULL,FULL,NONE,FULL",
28.956776,2026-09-01T19:10:39.638+01:00,18334160,139885,3172,3172,True,True,0x0B,"OK,OK,NO_IRQ,OK","FULL,FULL,NONE,FULL",
28.990265,2026-09-01T19:10:39.677+01:00,18337332,139886,3172,3172,True,True,0x0B,"OK,OK,NO_IRQ,OK","FULL,FULL,NONE,FULL",
28.992376,2026-09-01T19:10:39.678+01:00,18340504,139887,3172,3172,True,True,0x0B,"OK,OK,NO_IRQ,OK","FULL,FULL,NONE,FULL",
28.993463,2026-09-01T19:10:39.680+01:00,18343676,139888,3172,3172,True,True,0x0B,"OK,OK,NO_IRQ,OK","FULL,FULL,NONE,FULL",
28.994253,2026-09-01T19:10:39.681+01:00,18346848,139889,3172,3172,True,True,0x0B,"OK,OK,NO_IRQ,OK","FULL,FULL,NONE,FULL",
28.995814,2026-09-01T19:10:39.682+01:00,18350020,139890,3172,3172,True,True,0x0B,"OK,OK,NO_IRQ,OK","FULL,FULL,NONE,FULL",
28.997478,2026-09-01T19:10:39.684+01:00,18353192,139891,3172,3172,True,True,0x0B,"OK,OK,NO_IRQ,OK","FULL,FULL,NONE,FULL",
28.998885,2026-09-01T19:10:39.685+01:00,18356364,139892,3172,3172,True,True,0x0B,"OK,OK,NO_IRQ,OK","FULL,FULL,NONE,FULL",
29.000717,2026-09-01T19:10:39.686+01:00,18359536,139893,3172,3172,True,True,0x0B,"OK,OK,NO_IRQ,OK","FULL,FULL,NONE,FULL",
29.002528,2026-09-01T19:10:39.688+01:00,18362708,139894,3172,3172,True,True,0x0B,"OK,OK,NO_IRQ,OK","FULL,FULL,NONE,FULL",
29.005993,2026-09-01T19:10:39.690+01:00,18365880,139895,3172,3172,True,True,0x0B,"OK,OK,NO_IRQ,OK","FULL,FULL,NONE,FULL",
29.010819,2026-09-01T19:10:39.693+01:00,18369052,139896,3172,3172,True,True,0x0B,"OK,OK,NO_IRQ,OK","FULL,FULL,NONE,FULL",
29.016048,2026-09-01T19:10:39.699+01:00,18372224,139897,3172,3172,True,True,0x0B,"OK,OK,NO_IRQ,OK","FULL,FULL,NONE,FULL",
29.019889,2026-09-01T19:10:39.703+01:00,18375396,139898,3172,3172,True,True,0x0B,"OK,OK,NO_IRQ,OK","FULL,FULL,NONE,FULL",
29.024958,2026-09-01T19:10:39.708+01:00,18378568,139899,3172,3172,True,True,0x0B,"OK,OK,NO_IRQ,OK","FULL,FULL,NONE,FULL",
29.040003,2026-09-01T19:10:39.714+01:00,18381740,139900,3172,3172,True,True,0x0B,"OK,OK,NO_IRQ,OK","FULL,FULL,NONE,FULL",
29.041561,2026-09-01T19:10:39.728+01:00,18384912,139901,3172,3172,True,True,0x0B,"OK,OK,NO_IRQ,OK","FULL,FULL,NONE,FULL",
29.044286,2026-09-01T19:10:39.730+01:00,18388084,139902,3172,3172,True,True,0x0B,"OK,OK,NO_IRQ,OK","FULL,FULL,NONE,FULL",
29.046715,2026-09-01T19:10:39.732+01:00,18391256,139903,3172,3172,True,True,0x0B,"OK,OK,NO_IRQ,OK","FULL,FULL,NONE,FULL",
29.050697,2026-09-01T19:10:39.734+01:00,18394428,139904,3172,3172,True,True,0x0B,"OK,OK,NO_IRQ,OK","FULL,FULL,NONE,FULL",
29.055483,2026-09-01T19:10:39.738+01:00,18397600,139905,3172,3172,True,True,0x0B,"OK,OK,NO_IRQ,OK","FULL,FULL,NONE,FULL",
29.060442,2026-09-01T19:10:39.743+01:00,18400772,139906,3172,3172,True,True,0x0B,"OK,OK,NO_IRQ,OK","FULL,FULL,NONE,FULL",
29.065508,2026-09-01T19:10:39.748+01:00,18403944,139907,3172,3172,True,True,0x0B,"OK,OK,NO_IRQ,OK","FULL,FULL,NONE,FULL",
29.070798,2026-09-01T19:10:39.753+01:00,18407116,139908,3172,3172,True,True,0x0B,"OK,OK,NO_IRQ,OK","FULL,FULL,NONE,FULL",
29.084839,2026-09-01T19:10:39.759+01:00,18410288,139909,3172,3172,True,True,0x0B,"OK,OK,NO_IRQ,OK","FULL,FULL,NONE,FULL",
29.098456,2026-09-01T19:10:39.773+01:00,18413460,139910,3172,3172,True,True,0x0B,"OK,OK,NO_IRQ,OK","FULL,FULL,NONE,FULL",
29.100751,2026-09-01T19:10:39.787+01:00,18416632,139911,3172,3172,True,True,0x0B,"OK,OK,NO_IRQ,OK","FULL,FULL,NONE,FULL",
29.103148,2026-09-01T19:10:39.789+01:00,18419804,139912,3172,3172,True,True,0x0B,"OK,OK,NO_IRQ,OK","FULL,FULL,NONE,FULL",
29.104719,2026-09-01T19:10:39.790+01:00,18422976,139913,3172,3172,True,True,0x0B,"OK,OK,NO_IRQ,OK","FULL,FULL,NONE,FULL",
29.105690,2026-09-01T19:10:39.792+01:00,18426148,139914,3172,3172,True,True,0x0B,"OK,OK,NO_IRQ,OK","FULL,FULL,NONE,FULL",
29.106029,2026-09-01T19:10:39.793+01:00,18429320,139915,3172,3172,True,True,0x0B,"OK,OK,NO_IRQ,OK","FULL,FULL,NONE,FULL",
29.110910,2026-09-01T19:10:39.793+01:00,18432492,139916,3172,3172,True,True,0x0B,"OK,OK,NO_IRQ,OK","FULL,FULL,NONE,FULL",
29.115765,2026-09-01T19:10:39.799+01:00,18435664,139917,3172,3172,True,True,0x0B,"OK,OK,NO_IRQ,OK","FULL,FULL,NONE,FULL",
29.121039,2026-09-01T19:10:39.804+01:00,18438836,139918,3172,3172,True,True,0x0B,"OK,OK,NO_IRQ,OK","FULL,FULL,NONE,FULL",
29.126025,2026-09-01T19:10:39.808+01:00,18442008,139919,3172,3172,True,True,0x0B,"OK,OK,NO_IRQ,OK","FULL,FULL,NONE,FULL",
29.130541,2026-09-01T19:10:39.814+01:00,18445180,139920,3172,3172,True,True,0x0B,"OK,OK,NO_IRQ,OK","FULL,FULL,NONE,FULL",
29.139067,2026-09-01T19:10:39.818+01:00,18448352,139921,3172,3172,True,True,0x0B,"OK,OK,NO_IRQ,OK","FULL,FULL,NONE,FULL",
29.151780,2026-09-01T19:10:39.826+01:00,18451524,139922,3172,3172,True,True,0x0B,"OK,OK,NO_IRQ,OK","FULL,FULL,NONE,FULL",
29.152998,2026-09-01T19:10:39.839+01:00,18454696,139923,3172,3172,True,True,0x0B,"OK,OK,NO_IRQ,OK","FULL,FULL,NONE,FULL",
29.153916,2026-09-01T19:10:39.841+01:00,18457868,139924,3172,3172,True,True,0x0B,"OK,OK,NO_IRQ,OK","FULL,FULL,NONE,FULL",
29.155468,2026-09-01T19:10:39.841+01:00,18461040,139925,3172,3172,True,True,0x0B,"OK,OK,NO_IRQ,OK","FULL,FULL,NONE,FULL",
29.160280,2026-09-01T19:10:39.843+01:00,18464212,139926,3172,3172,True,True,0x0B,"OK,OK,NO_IRQ,OK","FULL,FULL,NONE,FULL",
29.166024,2026-09-01T19:10:39.848+01:00,18467384,139927,3172,3172,True,True,0x0B,"OK,OK,NO_IRQ,OK","FULL,FULL,NONE,FULL",
29.170833,2026-09-01T19:10:39.854+01:00,18470556,139928,3172,3172,True,True,0x0B,"OK,OK,NO_IRQ,OK","FULL,FULL,NONE,FULL",
29.175217,2026-09-01T19:10:39.858+01:00,18473728,139929,3172,3172,True,True,0x0B,"OK,OK,NO_IRQ,OK","FULL,FULL,NONE,FULL",
29.183113,2026-09-01T19:10:39.863+01:00,18476900,139930,3172,3172,True,True,0x0B,"OK,OK,NO_IRQ,OK","FULL,FULL,NONE,FULL",
29.186160,2026-09-01T19:10:39.870+01:00,18480072,139931,3172,3172,True,True,0x0B,"OK,OK,NO_IRQ,OK","FULL,FULL,NONE,FULL",
29.191305,2026-09-01T19:10:39.874+01:00,18483244,139932,3172,3172,True,True,0x0B,"OK,OK,NO_IRQ,OK","FULL,FULL,NONE,FULL",
29.199671,2026-09-01T19:10:39.879+01:00,18486416,139933,3172,3172,True,True,0x0B,"OK,OK,NO_IRQ,OK","FULL,FULL,NONE,FULL",
29.200791,2026-09-01T19:10:39.887+01:00,18489588,139934,3172,3172,True,True,0x0B,"OK,OK,NO_IRQ,OK","FULL,FULL,NONE,FULL",
29.210511,2026-09-01T19:10:39.888+01:00,18492760,139935,3172,3172,True,True,0x0B,"OK,OK,NO_IRQ,OK","FULL,FULL,NONE,FULL",
29.211166,2026-09-01T19:10:39.898+01:00,18495932,139936,3172,3172,True,True,0x0B,"OK,OK,NO_IRQ,OK","FULL,FULL,NONE,FULL",
29.216770,2026-09-01T19:10:39.899+01:00,18499104,139937,3172,3172,True,True,0x0B,"OK,OK,NO_IRQ,OK","FULL,FULL,NONE,FULL",
29.220642,2026-09-01T19:10:39.904+01:00,18502276,139938,3172,3172,True,True,0x0B,"OK,OK,NO_IRQ,OK","FULL,FULL,NONE,FULL",
29.225726,2026-09-01T19:10:39.908+01:00,18505448,139939,3172,3172,True,True,0x0B,"OK,OK,NO_IRQ,OK","FULL,FULL,NONE,FULL",
29.230475,2026-09-01T19:10:39.913+01:00,18508620,139940,3172,3172,True,True,0x0B,"OK,OK,NO_IRQ,OK","FULL,FULL,NONE,FULL",
29.235516,2026-09-01T19:10:39.918+01:00,18511792,139941,3172,3172,True,True,0x0B,"OK,OK,NO_IRQ,OK","FULL,FULL,NONE,FULL",
29.242562,2026-09-01T19:10:39.923+01:00,18514964,139942,3172,3172,True,True,0x0B,"OK,OK,NO_IRQ,OK","FULL,FULL,NONE,FULL",
29.245572,2026-09-01T19:10:39.930+01:00,18518136,139943,3172,3172,True,True,0x0B,"OK,OK,NO_IRQ,OK","FULL,FULL,NONE,FULL",
29.250521,2026-09-01T19:10:39.933+01:00,18521308,139944,3172,3172,True,True,0x0B,"OK,OK,NO_IRQ,OK","FULL,FULL,NONE,FULL",
29.255460,2026-09-01T19:10:39.938+01:00,18524480,139945,3172,3172,True,True,0x0B,"OK,OK,NO_IRQ,OK","FULL,FULL,NONE,FULL",
29.260781,2026-09-01T19:10:39.943+01:00,18527652,139946,3172,3172,True,True,0x0B,"OK,OK,NO_IRQ,OK","FULL,FULL,NONE,FULL",
29.280287,2026-09-01T19:10:39.948+01:00,18530824,139947,3172,3172,True,True,0x0B,"OK,OK,NO_IRQ,OK","FULL,FULL,NONE,FULL",
29.290555,2026-09-01T19:10:39.969+01:00,18533996,139948,3172,3172,True,True,0x0B,"OK,OK,NO_IRQ,OK","FULL,FULL,NONE,FULL",
29.291089,2026-09-01T19:10:39.978+01:00,18537168,139949,3172,3172,True,True,0x0B,"OK,OK,NO_IRQ,OK","FULL,FULL,NONE,FULL",
29.291495,2026-09-01T19:10:39.978+01:00,18540340,139950,3172,3172,True,True,0x0B,"OK,OK,NO_IRQ,OK","FULL,FULL,NONE,FULL",
29.297211,2026-09-01T19:10:39.979+01:00,18543512,139951,3172,3172,True,True,0x0B,"OK,OK,NO_IRQ,OK","FULL,FULL,NONE,FULL",
29.299472,2026-09-01T19:10:39.985+01:00,18546684,139952,3172,3172,True,True,0x0B,"OK,OK,NO_IRQ,OK","FULL,FULL,NONE,FULL",
29.301824,2026-09-01T19:10:39.987+01:00,18549856,139953,3172,3172,True,True,0x0B,"OK,OK,NO_IRQ,OK","FULL,FULL,NONE,FULL",
29.303667,2026-09-01T19:10:39.989+01:00,18553028,139954,3172,3172,True,True,0x0B,"OK,OK,NO_IRQ,OK","FULL,FULL,NONE,FULL",
29.305604,2026-09-01T19:10:39.991+01:00,18556200,139955,3172,3172,True,True,0x0B,"OK,OK,NO_IRQ,OK","FULL,FULL,NONE,FULL",
29.311734,2026-09-01T19:10:39.993+01:00,18559372,139956,3172,3172,True,True,0x0B,"OK,OK,NO_IRQ,OK","FULL,FULL,NONE,FULL",
29.316511,2026-09-01T19:10:39.999+01:00,18562544,139957,3172,3172,True,True,0x0B,"OK,OK,NO_IRQ,OK","FULL,FULL,NONE,FULL",
29.322069,2026-09-01T19:10:40.004+01:00,18565716,139958,3172,3172,True,True,0x0B,"OK,OK,NO_IRQ,OK","FULL,FULL,NONE,FULL",
29.326561,2026-09-01T19:10:40.009+01:00,18568888,139959,3172,3172,True,True,0x0B,"OK,OK,NO_IRQ,OK","FULL,FULL,NONE,FULL",
29.331291,2026-09-01T19:10:40.015+01:00,18572060,139960,3172,3172,True,True,0x0B,"OK,OK,NO_IRQ,OK","FULL,FULL,NONE,FULL",
29.336045,2026-09-01T19:10:40.019+01:00,18575232,139961,3172,3172,True,True,0x0B,"OK,OK,NO_IRQ,OK","FULL,FULL,NONE,FULL",
29.361551,2026-09-01T19:10:40.024+01:00,18578404,139962,3172,3172,True,True,0x0B,"OK,OK,NO_IRQ,OK","FULL,FULL,NONE,FULL",
29.366235,2026-09-01T19:10:40.050+01:00,18581576,139963,3172,3172,True,True,0x0B,"OK,OK,NO_IRQ,OK","FULL,FULL,NONE,FULL",
29.370173,2026-09-01T19:10:40.055+01:00,18584748,139964,3172,3172,True,True,0x0B,"OK,OK,NO_IRQ,OK","FULL,FULL,NONE,FULL",
29.373116,2026-09-01T19:10:40.058+01:00,18587920,139965,3172,3172,True,True,0x0B,"OK,OK,NO_IRQ,OK","FULL,FULL,NONE,FULL",
29.374252,2026-09-01T19:10:40.060+01:00,18591092,139966,3172,3172,True,True,0x0B,"OK,OK,NO_IRQ,OK","FULL,FULL,NONE,FULL",
29.377667,2026-09-01T19:10:40.062+01:00,18594264,139967,3172,3172,True,True,0x0B,"OK,OK,NO_IRQ,OK","FULL,FULL,NONE,FULL",
29.380677,2026-09-01T19:10:40.065+01:00,18597436,139968,3172,3172,True,True,0x0B,"OK,OK,NO_IRQ,OK","FULL,FULL,NONE,FULL",
29.382466,2026-09-01T19:10:40.068+01:00,18600608,139969,3172,3172,True,True,0x0B,"OK,OK,NO_IRQ,OK","FULL,FULL,NONE,FULL",
29.385000,2026-09-01T19:10:40.071+01:00,18603780,139970,3172,3172,True,True,0x0B,"OK,OK,NO_IRQ,OK","FULL,FULL,NONE,FULL",
29.389177,2026-09-01T19:10:40.072+01:00,18606952,139971,3172,3172,True,True,0x0B,"OK,OK,NO_IRQ,OK","FULL,FULL,NONE,FULL",
29.392329,2026-09-01T19:10:40.076+01:00,18610124,139972,3172,3172,True,True,0x0B,"OK,OK,NO_IRQ,OK","FULL,FULL,NONE,FULL",
29.396424,2026-09-01T19:10:40.080+01:00,18613296,139973,3172,3172,True,True,0x0B,"OK,OK,NO_IRQ,OK","FULL,FULL,NONE,FULL",
29.402574,2026-09-01T19:10:40.084+01:00,18616468,139974,3172,3172,True,True,0x0B,"OK,OK,NO_IRQ,OK","FULL,FULL,NONE,FULL",
29.405774,2026-09-01T19:10:40.090+01:00,18619640,139975,3172,3172,True,True,0x0B,"OK,OK,NO_IRQ,OK","FULL,FULL,NONE,FULL",
29.424591,2026-09-01T19:10:40.093+01:00,18622812,139976,3172,3172,True,True,0x0B,"OK,OK,NO_IRQ,OK","FULL,FULL,NONE,FULL",
29.425860,2026-09-01T19:10:40.112+01:00,18625984,139977,3172,3172,True,True,0x0B,"OK,OK,NO_IRQ,OK","FULL,FULL,NONE,FULL",
29.428628,2026-09-01T19:10:40.114+01:00,18629156,139978,3172,3172,True,True,0x0B,"OK,OK,NO_IRQ,OK","FULL,FULL,NONE,FULL",
29.429570,2026-09-01T19:10:40.116+01:00,18632328,139979,3172,3172,True,True,0x0B,"OK,OK,NO_IRQ,OK","FULL,FULL,NONE,FULL",
29.431766,2026-09-01T19:10:40.117+01:00,18635500,139980,3172,3172,True,True,0x0B,"OK,OK,NO_IRQ,OK","FULL,FULL,NONE,FULL",
29.435927,2026-09-01T19:10:40.119+01:00,18638672,139981,3172,3172,True,True,0x0B,"OK,OK,NO_IRQ,OK","FULL,FULL,NONE,FULL",
29.440617,2026-09-01T19:10:40.123+01:00,18641844,139982,3172,3172,True,True,0x0B,"OK,OK,NO_IRQ,OK","FULL,FULL,NONE,FULL",
29.447565,2026-09-01T19:10:40.128+01:00,18645016,139983,3172,3172,True,True,0x0B,"OK,OK,NO_IRQ,OK","FULL,FULL,NONE,FULL",
29.453484,2026-09-01T19:10:40.136+01:00,18648188,139984,3172,3172,True,True,0x0B,"OK,OK,NO_IRQ,OK","FULL,FULL,NONE,FULL",
29.461948,2026-09-01T19:10:40.148+01:00,18651360,139985,3172,3172,True,True,0x0B,"OK,OK,NO_IRQ,OK","FULL,FULL,NONE,FULL",
29.465363,2026-09-01T19:10:40.149+01:00,18654532,139986,3172,3172,True,True,0x0B,"OK,OK,NO_IRQ,OK","FULL,FULL,NONE,FULL",
29.468688,2026-09-01T19:10:40.154+01:00,18657704,139987,3172,3172,True,True,0x0B,"OK,OK,NO_IRQ,OK","FULL,FULL,NONE,FULL",
29.470945,2026-09-01T19:10:40.156+01:00,18660876,139988,3172,3172,True,True,0x0B,"OK,OK,NO_IRQ,OK","FULL,FULL,NONE,FULL",
29.476285,2026-09-01T19:10:40.159+01:00,18664048,139989,3172,3172,True,True,0x0B,"OK,OK,NO_IRQ,OK","FULL,FULL,NONE,FULL",
29.493159,2026-09-01T19:10:40.164+01:00,18667220,139990,3172,3172,True,True,0x0B,"OK,OK,NO_IRQ,OK","FULL,FULL,NONE,FULL",
29.506361,2026-09-01T19:10:40.181+01:00,18670392,139991,3172,3172,True,True,0x0B,"OK,OK,NO_IRQ,OK","FULL,FULL,NONE,FULL",
29.510411,2026-09-01T19:10:40.194+01:00,18673564,139992,3172,3172,True,True,0x0B,"OK,OK,NO_IRQ,OK","FULL,FULL,NONE,FULL",
29.512376,2026-09-01T19:10:40.198+01:00,18676736,139993,3172,3172,True,True,0x0B,"OK,OK,NO_IRQ,OK","FULL,FULL,NONE,FULL",
29.514211,2026-09-01T19:10:40.200+01:00,18679908,139994,3172,3172,True,True,0x0B,"OK,OK,NO_IRQ,OK","FULL,FULL,NONE,FULL",
29.515907,2026-09-01T19:10:40.202+01:00,18683080,139995,3172,3172,True,True,0x0B,"OK,OK,NO_IRQ,OK","FULL,FULL,NONE,FULL",
29.517762,2026-09-01T19:10:40.204+01:00,18686252,139996,3172,3172,True,True,0x0B,"OK,OK,NO_IRQ,OK","FULL,FULL,NONE,FULL",
29.519849,2026-09-01T19:10:40.205+01:00,18689424,139997,3172,3172,True,True,0x0B,"OK,OK,NO_IRQ,OK","FULL,FULL,NONE,FULL",
29.522373,2026-09-01T19:10:40.207+01:00,18692596,139998,3172,3172,True,True,0x0B,"OK,OK,NO_IRQ,OK","FULL,FULL,NONE,FULL",
29.527848,2026-09-01T19:10:40.210+01:00,18695768,139999,3172,3172,True,True,0x0B,"OK,OK,NO_IRQ,OK","FULL,FULL,NONE,FULL",
29.531651,2026-09-01T19:10:40.215+01:00,18698940,140000,3172,3172,True,True,0x0B,"OK,OK,NO_IRQ,OK","FULL,FULL,NONE,FULL",
29.536222,2026-09-01T19:10:40.219+01:00,18702112,140001,3172,3172,True,True,0x0B,"OK,OK,NO_IRQ,OK","FULL,FULL,NONE,FULL",
29.543289,2026-09-01T19:10:40.224+01:00,18705284,140002,3172,3172,True,True,0x0B,"OK,OK,NO_IRQ,OK","FULL,FULL,NONE,FULL",
29.547314,2026-09-01T19:10:40.231+01:00,18708456,140003,3172,3172,True,True,0x0B,"OK,OK,NO_IRQ,OK","FULL,FULL,NONE,FULL",
29.555455,2026-09-01T19:10:40.235+01:00,18711628,140004,3172,3172,True,True,0x0B,"OK,OK,NO_IRQ,OK","FULL,FULL,NONE,FULL",
29.556061,2026-09-01T19:10:40.243+01:00,18714800,140005,3172,3172,True,True,0x0B,"OK,OK,NO_IRQ,OK","FULL,FULL,NONE,FULL",
29.574744,2026-09-01T19:10:40.243+01:00,18717972,140006,3172,3172,True,True,0x0B,"OK,OK,NO_IRQ,OK","FULL,FULL,NONE,FULL",
29.577880,2026-09-01T19:10:40.263+01:00,18721144,140007,3172,3172,True,True,0x0B,"OK,OK,NO_IRQ,OK","FULL,FULL,NONE,FULL",
29.581213,2026-09-01T19:10:40.267+01:00,18724316,140008,3172,3172,True,True,0x0B,"OK,OK,NO_IRQ,OK","FULL,FULL,NONE,FULL",
29.582956,2026-09-01T19:10:40.269+01:00,18727488,140009,3172,3172,True,True,0x0B,"OK,OK,NO_IRQ,OK","FULL,FULL,NONE,FULL",
29.583816,2026-09-01T19:10:40.270+01:00,18730660,140010,3172,3172,True,True,0x0B,"OK,OK,NO_IRQ,OK","FULL,FULL,NONE,FULL",
29.586291,2026-09-01T19:10:40.271+01:00,18733832,140011,3172,3172,True,True,0x0B,"OK,OK,NO_IRQ,OK","FULL,FULL,NONE,FULL",
29.591716,2026-09-01T19:10:40.274+01:00,18737004,140012,3172,3172,True,True,0x0B,"OK,OK,NO_IRQ,OK","FULL,FULL,NONE,FULL",
29.597710,2026-09-01T19:10:40.279+01:00,18740176,140013,3172,3172,True,True,0x0B,"OK,OK,NO_IRQ,OK","FULL,FULL,NONE,FULL",
29.601663,2026-09-01T19:10:40.285+01:00,18743348,140014,3172,3172,True,True,0x0B,"OK,OK,NO_IRQ,OK","FULL,FULL,NONE,FULL",
29.606358,2026-09-01T19:10:40.289+01:00,18746520,140015,3172,3172,True,True,0x0B,"OK,OK,NO_IRQ,OK","FULL,FULL,NONE,FULL",
29.612816,2026-09-01T19:10:40.294+01:00,18749692,140016,3172,3172,True,True,0x0B,"OK,OK,NO_IRQ,OK","FULL,FULL,NONE,FULL",
29.617141,2026-09-01T19:10:40.300+01:00,18752864,140017,3172,3172,True,True,0x0B,"OK,OK,NO_IRQ,OK","FULL,FULL,NONE,FULL",
29.622090,2026-09-01T19:10:40.304+01:00,18756036,140018,3172,3172,True,True,0x0B,"OK,OK,NO_IRQ,OK","FULL,FULL,NONE,FULL",
29.632319,2026-09-01T19:10:40.309+01:00,18759208,140019,3172,3172,True,True,0x0B,"OK,OK,NO_IRQ,OK","FULL,FULL,NONE,FULL",
29.633462,2026-09-01T19:10:40.320+01:00,18762380,140020,3172,3172,True,True,0x0B,"OK,OK,NO_IRQ,OK","FULL,FULL,NONE,FULL",
29.639181,2026-09-01T19:10:40.321+01:00,18765552,140021,3172,3172,True,True,0x0B,"OK,OK,NO_IRQ,OK","FULL,FULL,NONE,FULL",
29.641201,2026-09-01T19:10:40.326+01:00,18768724,140022,3172,3172,True,True,0x0B,"OK,OK,NO_IRQ,OK","FULL,FULL,NONE,FULL",
29.662329,2026-09-01T19:10:40.329+01:00,18771896,140023,3172,3172,True,True,0x0B,"OK,OK,NO_IRQ,OK","FULL,FULL,NONE,FULL",
29.663489,2026-09-01T19:10:40.350+01:00,18775068,140024,3172,3172,True,True,0x0B,"OK,OK,NO_IRQ,OK","FULL,FULL,NONE,FULL",
29.665599,2026-09-01T19:10:40.352+01:00,18778240,140025,3172,3172,True,True,0x0B,"OK,OK,NO_IRQ,OK","FULL,FULL,NONE,FULL",
29.666455,2026-09-01T19:10:40.353+01:00,18781412,140026,3172,3172,True,True,0x0B,"OK,OK,NO_IRQ,OK","FULL,FULL,NONE,FULL",
29.668344,2026-09-01T19:10:40.354+01:00,18784584,140027,3172,3172,True,True,0x0B,"OK,OK,NO_IRQ,OK","FULL,FULL,NONE,FULL",
29.672496,2026-09-01T19:10:40.356+01:00,18787756,140028,3172,3172,True,True,0x0B,"OK,OK,NO_IRQ,OK","FULL,FULL,NONE,FULL",
29.677143,2026-09-01T19:10:40.360+01:00,18790928,140029,3172,3172,True,True,0x0B,"OK,OK,NO_IRQ,OK","FULL,FULL,NONE,FULL",
29.682398,2026-09-01T19:10:40.365+01:00,18794100,140030,3172,3172,True,True,0x0B,"OK,OK,NO_IRQ,OK","FULL,FULL,NONE,FULL",
29.686520,2026-09-01T19:10:40.371+01:00,18797272,140031,3172,3172,True,True,0x0B,"OK,OK,NO_IRQ,OK","FULL,FULL,NONE,FULL",
29.691629,2026-09-01T19:10:40.374+01:00,18800444,140032,3172,3172,True,True,0x0B,"OK,OK,NO_IRQ,OK","FULL,FULL,NONE,FULL",
29.699105,2026-09-01T19:10:40.379+01:00,18803616,140033,3172,3172,True,True,0x0B,"OK,OK,NO_IRQ,OK","FULL,FULL,NONE,FULL",
29.702519,2026-09-01T19:10:40.387+01:00,18806788,140034,3172,3172,True,True,0x0B,"OK,OK,NO_IRQ,OK","FULL,FULL,NONE,FULL",
29.712803,2026-09-01T19:10:40.390+01:00,18809960,140035,3172,3172,True,True,0x0B,"OK,OK,NO_IRQ,OK","FULL,FULL,NONE,FULL",
29.714017,2026-09-01T19:10:40.400+01:00,18813132,140036,3172,3172,True,True,0x0B,"OK,OK,NO_IRQ,OK","FULL,FULL,NONE,FULL",
29.717062,2026-09-01T19:10:40.401+01:00,18816304,140037,3172,3172,True,True,0x0B,"OK,OK,NO_IRQ,OK","FULL,FULL,NONE,FULL",
29.725021,2026-09-01T19:10:40.404+01:00,18819476,140038,3172,3172,True,True,0x0B,"OK,OK,NO_IRQ,OK","FULL,FULL,NONE,FULL",
29.731482,2026-09-01T19:10:40.412+01:00,18822648,140039,3172,3172,True,True,0x0B,"OK,OK,NO_IRQ,OK","FULL,FULL,NONE,FULL",
29.740687,2026-09-01T19:10:40.420+01:00,18825820,140040,3172,3172,True,True,0x0B,"OK,OK,NO_IRQ,OK","FULL,FULL,NONE,FULL",
29.751193,2026-09-01T19:10:40.428+01:00,18828992,140041,3172,3172,True,True,0x0B,"OK,OK,NO_IRQ,OK","FULL,FULL,NONE,FULL",
29.752681,2026-09-01T19:10:40.439+01:00,18832164,140042,3172,3172,True,True,0x0B,"OK,OK,NO_IRQ,OK","FULL,FULL,NONE,FULL",
29.754802,2026-09-01T19:10:40.440+01:00,18835336,140043,3172,3172,True,True,0x0B,"OK,OK,NO_IRQ,OK","FULL,FULL,NONE,FULL",
29.755503,2026-09-01T19:10:40.442+01:00,18838508,140044,3172,3172,True,True,0x0B,"OK,OK,NO_IRQ,OK","FULL,FULL,NONE,FULL",
29.756289,2026-09-01T19:10:40.443+01:00,18841680,140045,3172,3172,True,True,0x0B,"OK,OK,NO_IRQ,OK","FULL,FULL,NONE,FULL",
29.761733,2026-09-01T19:10:40.444+01:00,18844852,140046,3172,3172,True,True,0x0B,"OK,OK,NO_IRQ,OK","FULL,FULL,NONE,FULL",
29.767312,2026-09-01T19:10:40.450+01:00,18848024,140047,3172,3172,True,True,0x0B,"OK,OK,NO_IRQ,OK","FULL,FULL,NONE,FULL",
29.771884,2026-09-01T19:10:40.455+01:00,18851196,140048,3172,3172,True,True,0x0B,"OK,OK,NO_IRQ,OK","FULL,FULL,NONE,FULL",
29.777756,2026-09-01T19:10:40.459+01:00,18854368,140049,3172,3172,True,True,0x0B,"OK,OK,NO_IRQ,OK","FULL,FULL,NONE,FULL",
29.782121,2026-09-01T19:10:40.465+01:00,18857540,140050,3172,3172,True,True,0x0B,"OK,OK,NO_IRQ,OK","FULL,FULL,NONE,FULL",
29.787406,2026-09-01T19:10:40.470+01:00,18860712,140051,3172,3172,True,True,0x0B,"OK,OK,NO_IRQ,OK","FULL,FULL,NONE,FULL",
29.792724,2026-09-01T19:10:40.475+01:00,18863884,140052,3172,3172,True,True,0x0B,"OK,OK,NO_IRQ,OK","FULL,FULL,NONE,FULL",
29.796983,2026-09-01T19:10:40.480+01:00,18867056,140053,3172,3172,True,True,0x0B,"OK,OK,NO_IRQ,OK","FULL,FULL,NONE,FULL",
29.802005,2026-09-01T19:10:40.485+01:00,18870228,140054,3172,3172,True,True,0x0B,"OK,OK,NO_IRQ,OK","FULL,FULL,NONE,FULL",
29.807819,2026-09-01T19:10:40.489+01:00,18873400,140055,3172,3172,True,True,0x0B,"OK,OK,NO_IRQ,OK","FULL,FULL,NONE,FULL",
29.819055,2026-09-01T19:10:40.498+01:00,18876572,140056,3172,3172,True,True,0x0B,"OK,OK,NO_IRQ,OK","FULL,FULL,NONE,FULL",
29.835270,2026-09-01T19:10:40.507+01:00,18879744,140057,3172,3172,True,True,0x0B,"OK,OK,NO_IRQ,OK","FULL,FULL,NONE,FULL",
29.837640,2026-09-01T19:10:40.524+01:00,18882916,140058,3172,3172,True,True,0x0B,"OK,OK,NO_IRQ,OK","FULL,FULL,NONE,FULL",
29.841511,2026-09-01T19:10:40.528+01:00,18886088,140059,3172,3172,True,True,0x0B,"OK,OK,NO_IRQ,OK","FULL,FULL,NONE,FULL",
29.842522,2026-09-01T19:10:40.529+01:00,18889260,140060,3172,3172,True,True,0x0B,"OK,OK,NO_IRQ,OK","FULL,FULL,NONE,FULL",
29.845503,2026-09-01T19:10:40.531+01:00,18892432,140061,3172,3172,True,True,0x0B,"OK,OK,NO_IRQ,OK","FULL,FULL,NONE,FULL",
29.846743,2026-09-01T19:10:40.533+01:00,18895604,140062,3172,3172,True,True,0x0B,"OK,OK,NO_IRQ,OK","FULL,FULL,NONE,FULL",
29.848541,2026-09-01T19:10:40.534+01:00,18898776,140063,3172,3172,True,True,0x0B,"OK,OK,NO_IRQ,OK","FULL,FULL,NONE,FULL",
29.852207,2026-09-01T19:10:40.536+01:00,18901948,140064,3172,3172,True,True,0x0B,"OK,OK,NO_IRQ,OK","FULL,FULL,NONE,FULL",
29.857761,2026-09-01T19:10:40.540+01:00,18905120,140065,3172,3172,True,True,0x0B,"OK,OK,NO_IRQ,OK","FULL,FULL,NONE,FULL",
29.862565,2026-09-01T19:10:40.545+01:00,18908292,140066,3172,3172,True,True,0x0B,"OK,OK,NO_IRQ,OK","FULL,FULL,NONE,FULL",
29.867173,2026-09-01T19:10:40.550+01:00,18911464,140067,3172,3172,True,True,0x0B,"OK,OK,NO_IRQ,OK","FULL,FULL,NONE,FULL",
29.872444,2026-09-01T19:10:40.555+01:00,18914636,140068,3172,3172,True,True,0x0B,"OK,OK,NO_IRQ,OK","FULL,FULL,NONE,FULL",
29.879169,2026-09-01T19:10:40.560+01:00,18917808,140069,3172,3172,True,True,0x0B,"OK,OK,NO_IRQ,OK","FULL,FULL,NONE,FULL",
29.881997,2026-09-01T19:10:40.567+01:00,18920980,140070,3172,3172,True,True,0x0B,"OK,OK,NO_IRQ,OK","FULL,FULL,NONE,FULL",
29.890238,2026-09-01T19:10:40.570+01:00,18924152,140071,3172,3172,True,True,0x0B,"OK,OK,NO_IRQ,OK","FULL,FULL,NONE,FULL",
29.892398,2026-09-01T19:10:40.578+01:00,18927324,140072,3172,3172,True,True,0x0B,"OK,OK,NO_IRQ,OK","FULL,FULL,NONE,FULL",
29.897722,2026-09-01T19:10:40.580+01:00,18930496,140073,3172,3172,True,True,0x0B,"OK,OK,NO_IRQ,OK","FULL,FULL,NONE,FULL",
29.903846,2026-09-01T19:10:40.585+01:00,18933668,140074,3172,3172,True,True,0x0B,"OK,OK,NO_IRQ,OK","FULL,FULL,NONE,FULL",
29.911170,2026-09-01T19:10:40.591+01:00,18936840,140075,3172,3172,True,True,0x0B,"OK,OK,NO_IRQ,OK","FULL,FULL,NONE,FULL",
29.912353,2026-09-01T19:10:40.599+01:00,18940012,140076,3172,3172,True,True,0x0B,"OK,OK,NO_IRQ,OK","FULL,FULL,NONE,FULL",
29.920321,2026-09-01T19:10:40.600+01:00,18943184,140077,3172,3172,True,True,0x0B,"OK,OK,NO_IRQ,OK","FULL,FULL,NONE,FULL",
29.922091,2026-09-01T19:10:40.608+01:00,18946356,140078,3172,3172,True,True,0x0B,"OK,OK,NO_IRQ,OK","FULL,FULL,NONE,FULL",
29.927494,2026-09-01T19:10:40.609+01:00,18949528,140079,3172,3172,True,True,0x0B,"OK,OK,NO_IRQ,OK","FULL,FULL,NONE,FULL",
29.932062,2026-09-01T19:10:40.615+01:00,18952700,140080,3172,3172,True,True,0x0B,"OK,OK,NO_IRQ,OK","FULL,FULL,NONE,FULL",
29.937175,2026-09-01T19:10:40.619+01:00,18955872,140081,3172,3172,True,True,0x0B,"OK,OK,NO_IRQ,OK","FULL,FULL,NONE,FULL",
29.942085,2026-09-01T19:10:40.625+01:00,18959044,140082,3172,3172,True,True,0x0B,"OK,OK,NO_IRQ,OK","FULL,FULL,NONE,FULL",
29.946976,2026-09-01T19:10:40.629+01:00,18962216,140083,3172,3172,True,True,0x0B,"OK,OK,NO_IRQ,OK","FULL,FULL,NONE,FULL",
29.952052,2026-09-01T19:10:40.634+01:00,18965388,140084,3172,3172,True,True,0x0B,"OK,OK,NO_IRQ,OK","FULL,FULL,NONE,FULL",
29.956790,2026-09-01T19:10:40.639+01:00,18968560,140085,3172,3172,True,True,0x0B,"OK,OK,NO_IRQ,OK","FULL,FULL,NONE,FULL",
29.961849,2026-09-01T19:10:40.644+01:00,18971732,140086,3172,3172,True,True,0x0B,"OK,OK,NO_IRQ,OK","FULL,FULL,NONE,FULL",
29.966964,2026-09-01T19:10:40.649+01:00,18974904,140087,3172,3172,True,True,0x0B,"OK,OK,NO_IRQ,OK","FULL,FULL,NONE,FULL",
29.971911,2026-09-01T19:10:40.654+01:00,18978076,140088,3172,3172,True,True,0x0B,"OK,OK,NO_IRQ,OK","FULL,FULL,NONE,FULL",
29.977583,2026-09-01T19:10:40.659+01:00,18981248,140089,3172,3172,True,True,0x0B,"OK,OK,NO_IRQ,OK","FULL,FULL,NONE,FULL",
29.982138,2026-09-01T19:10:40.665+01:00,18984420,140090,3172,3172,True,True,0x0B,"OK,OK,NO_IRQ,OK","FULL,FULL,NONE,FULL",
29.993805,2026-09-01T19:10:40.670+01:00,18987592,140091,3172,3172,True,True,0x0B,"OK,OK,NO_IRQ,OK","FULL,FULL,NONE,FULL",
30.001570,2026-09-01T19:10:40.681+01:00,18990764,140092,3172,3172,True,True,0x0B,"OK,OK,NO_IRQ,OK","FULL,FULL,NONE,FULL",
