elapsed_s,mul_start_time,raw_offset,packet_sequence,declared_length,received_bytes,outer_crc_ok,parse_ok,updated_mask,module_statuses,algorithms,error
0.021220,2026-09-01T18:55:03.866+01:00,0,5853,1084,1084,True,True,0x02,"NO_IRQ,OK,NO_IRQ,NO_IRQ","NONE,FULL,NONE,NONE",
0.039044,2026-09-01T18:55:03.888+01:00,1084,5854,1084,1084,True,True,0x02,"NO_IRQ,OK,NO_IRQ,NO_IRQ","NONE,FULL,NONE,NONE",
0.060590,2026-09-01T18:55:03.905+01:00,2168,5855,1084,1084,True,True,0x02,"NO_IRQ,OK,NO_IRQ,NO_IRQ","NONE,FULL,NONE,NONE",
0.079211,2026-09-01T18:55:03.927+01:00,3252,5856,1084,1084,True,True,0x02,"NO_IRQ,OK,NO_IRQ,NO_IRQ","NONE,FULL,NONE,NONE",
0.098841,2026-09-01T18:55:03.946+01:00,4336,5857,1084,1084,True,True,0x02,"NO_IRQ,OK,NO_IRQ,NO_IRQ","NONE,FULL,NONE,NONE",
0.119797,2026-09-01T18:55:03.966+01:00,5420,5858,1084,1084,True,True,0x02,"NO_IRQ,OK,NO_IRQ,NO_IRQ","NONE,FULL,NONE,NONE",
0.142974,2026-09-01T18:55:03.986+01:00,6504,5859,1084,1084,True,True,0x02,"NO_IRQ,OK,NO_IRQ,NO_IRQ","NONE,FULL,NONE,NONE",
0.159275,2026-09-01T18:55:04.009+01:00,7588,5860,1084,1084,True,True,0x02,"NO_IRQ,OK,NO_IRQ,NO_IRQ","NONE,FULL,NONE,NONE",
0.178958,2026-09-01T18:55:04.026+01:00,8672,5861,1084,1084,True,True,0x02,"NO_IRQ,OK,NO_IRQ,NO_IRQ","NONE,FULL,NONE,NONE",
0.198774,2026-09-01T18:55:04.045+01:00,9756,5862,1084,1084,True,True,0x02,"NO_IRQ,OK,NO_IRQ,NO_IRQ","NONE,FULL,NONE,NONE",
0.219743,2026-09-01T18:55:04.065+01:00,10840,5863,1084,1084,True,True,0x02,"NO_IRQ,OK,NO_IRQ,NO_IRQ","NONE,FULL,NONE,NONE",
0.238841,2026-09-01T18:55:04.086+01:00,11924,5864,1084,1084,True,True,0x02,"NO_IRQ,OK,NO_IRQ,NO_IRQ","NONE,FULL,NONE,NONE",
0.258583,2026-09-01T18:55:04.105+01:00,13008,5865,1084,1084,True,True,0x02,"NO_IRQ,OK,NO_IRQ,NO_IRQ","NONE,FULL,NONE,NONE",
0.278974,2026-09-01T18:55:04.125+01:00,14092,5866,1084,1084,True,True,0x02,"NO_IRQ,OK,NO_IRQ,NO_IRQ","NONE,FULL,NONE,NONE",
0.305289,2026-09-01T18:55:04.145+01:00,15176,5867,1084,1084,True,True,0x02,"NO_IRQ,OK,NO_IRQ,NO_IRQ","NONE,FULL,NONE,NONE",
0.323871,2026-09-01T18:55:04.172+01:00,16260,5868,1084,1084,True,True,0x02,"NO_IRQ,OK,NO_IRQ,NO_IRQ","NONE,FULL,NONE,NONE",
0.339386,2026-09-01T18:55:04.190+01:00,17344,5869,1084,1084,True,True,0x02,"NO_IRQ,OK,NO_IRQ,NO_IRQ","NONE,FULL,NONE,NONE",
0.358746,2026-09-01T18:55:04.206+01:00,18428,5870,1084,1084,True,True,0x02,"NO_IRQ,OK,NO_IRQ,NO_IRQ","NONE,FULL,NONE,NONE",
0.378559,2026-09-01T18:55:04.225+01:00,19512,5871,1084,1084,True,True,0x02,"NO_IRQ,OK,NO_IRQ,NO_IRQ","NONE,FULL,NONE,NONE",
0.402582,2026-09-01T18:55:04.245+01:00,20596,5872,1084,1084,True,True,0x02,"NO_IRQ,OK,NO_IRQ,NO_IRQ","NONE,FULL,NONE,NONE",
0.418736,2026-09-01T18:55:04.269+01:00,21680,5873,1084,1084,True,True,0x02,"NO_IRQ,OK,NO_IRQ,NO_IRQ","NONE,FULL,NONE,NONE",
0.438307,2026-09-01T18:55:04.285+01:00,22764,5874,1084,1084,True,True,0x02,"NO_IRQ,OK,NO_IRQ,NO_IRQ","NONE,FULL,NONE,NONE",
0.469371,2026-09-01T18:55:04.304+01:00,23848,5875,1084,1084,True,True,0x02,"NO_IRQ,OK,NO_IRQ,NO_IRQ","NONE,FULL,NONE,NONE",
0.478299,2026-09-01T18:55:04.335+01:00,24932,5876,1084,1084,True,True,0x02,"NO_IRQ,OK,NO_IRQ,NO_IRQ","NONE,FULL,NONE,NONE",
0.501700,2026-09-01T18:55:04.344+01:00,26016,5877,1084,1084,True,True,0x02,"NO_IRQ,OK,NO_IRQ,NO_IRQ","NONE,FULL,NONE,NONE",
0.518495,2026-09-01T18:55:04.368+01:00,27100,5878,1084,1084,True,True,0x02,"NO_IRQ,OK,NO_IRQ,NO_IRQ","NONE,FULL,NONE,NONE",
0.538455,2026-09-01T18:55:04.385+01:00,28184,5879,1084,1084,True,True,0x02,"NO_IRQ,OK,NO_IRQ,NO_IRQ","NONE,FULL,NONE,NONE",
0.563697,2026-09-01T18:55:04.405+01:00,29268,5880,1084,1084,True,True,0x02,"NO_IRQ,OK,NO_IRQ,NO_IRQ","NONE,FULL,NONE,NONE",
0.578983,2026-09-01T18:55:04.430+01:00,30352,5881,1084,1084,True,True,0x02,"NO_IRQ,OK,NO_IRQ,NO_IRQ","NONE,FULL,NONE,NONE",
0.598055,2026-09-01T18:55:04.445+01:00,31436,5882,1084,1084,True,True,0x02,"NO_IRQ,OK,NO_IRQ,NO_IRQ","NONE,FULL,NONE,NONE",
0.618049,2026-09-01T18:55:04.464+01:00,32520,5883,1084,1084,True,True,0x02,"NO_IRQ,OK,NO_IRQ,NO_IRQ","NONE,FULL,NONE,NONE",
0.638158,2026-09-01T18:55:04.484+01:00,33604,5884,1084,1084,True,True,0x02,"NO_IRQ,OK,NO_IRQ,NO_IRQ","NONE,FULL,NONE,NONE",
0.663708,2026-09-01T18:55:04.504+01:00,34688,5885,1084,1084,True,True,0x02,"NO_IRQ,OK,NO_IRQ,NO_IRQ","NONE,FULL,NONE,NONE",
0.680146,2026-09-01T18:55:04.530+01:00,35772,5886,1084,1084,True,True,0x02,"NO_IRQ,OK,NO_IRQ,NO_IRQ","NONE,FULL,NONE,NONE",
0.698465,2026-09-01T18:55:04.546+01:00,36856,5887,1084,1084,True,True,0x02,"NO_IRQ,OK,NO_IRQ,NO_IRQ","NONE,FULL,NONE,NONE",
0.718293,2026-09-01T18:55:04.565+01:00,37940,5888,1084,1084,True,True,0x02,"NO_IRQ,OK,NO_IRQ,NO_IRQ","NONE,FULL,NONE,NONE",
0.738750,2026-09-01T18:55:04.585+01:00,39024,5889,1084,1084,True,True,0x02,"NO_IRQ,OK,NO_IRQ,NO_IRQ","NONE,FULL,NONE,NONE",
0.763441,2026-09-01T18:55:04.606+01:00,40108,5890,1084,1084,True,True,0x02,"NO_IRQ,OK,NO_IRQ,NO_IRQ","NONE,FULL,NONE,NONE",
0.777901,2026-09-01T18:55:04.630+01:00,41192,5891,1084,1084,True,True,0x02,"NO_IRQ,OK,NO_IRQ,NO_IRQ","NONE,FULL,NONE,NONE",
0.798332,2026-09-01T18:55:04.644+01:00,42276,5892,1084,1084,True,True,0x02,"NO_IRQ,OK,NO_IRQ,NO_IRQ","NONE,FULL,NONE,NONE",
0.818002,2026-09-01T18:55:04.664+01:00,43360,5893,1084,1084,True,True,0x02,"NO_IRQ,OK,NO_IRQ,NO_IRQ","NONE,FULL,NONE,NONE",
0.841478,2026-09-01T18:55:04.684+01:00,44444,5894,1084,1084,True,True,0x02,"NO_IRQ,OK,NO_IRQ,NO_IRQ","NONE,FULL,NONE,NONE",
0.857899,2026-09-01T18:55:04.708+01:00,45528,5895,1084,1084,True,True,0x02,"NO_IRQ,OK,NO_IRQ,NO_IRQ","NONE,FULL,NONE,NONE",
0.878242,2026-09-01T18:55:04.724+01:00,46612,5896,1084,1084,True,True,0x02,"NO_IRQ,OK,NO_IRQ,NO_IRQ","NONE,FULL,NONE,NONE",
0.898514,2026-09-01T18:55:04.744+01:00,47696,5897,1084,1084,True,True,0x02,"NO_IRQ,OK,NO_IRQ,NO_IRQ","NONE,FULL,NONE,NONE",
0.917369,2026-09-01T18:55:04.765+01:00,48780,5898,1084,1084,True,True,0x02,"NO_IRQ,OK,NO_IRQ,NO_IRQ","NONE,FULL,NONE,NONE",
0.937710,2026-09-01T18:55:04.784+01:00,49864,5899,1084,1084,True,True,0x02,"NO_IRQ,OK,NO_IRQ,NO_IRQ","NONE,FULL,NONE,NONE",
0.961486,2026-09-01T18:55:04.804+01:00,50948,5900,1084,1084,True,True,0x02,"NO_IRQ,OK,NO_IRQ,NO_IRQ","NONE,FULL,NONE,NONE",
0.978384,2026-09-01T18:55:04.828+01:00,52032,5901,1084,1084,True,True,0x02,"NO_IRQ,OK,NO_IRQ,NO_IRQ","NONE,FULL,NONE,NONE",
0.997952,2026-09-01T18:55:04.845+01:00,53116,5902,1084,1084,True,True,0x02,"NO_IRQ,OK,NO_IRQ,NO_IRQ","NONE,FULL,NONE,NONE",
1.017425,2026-09-01T18:55:04.864+01:00,54200,5903,1084,1084,True,True,0x02,"NO_IRQ,OK,NO_IRQ,NO_IRQ","NONE,FULL,NONE,NONE",
1.042991,2026-09-01T18:55:04.884+01:00,55284,5904,1084,1084,True,True,0x02,"NO_IRQ,OK,NO_IRQ,NO_IRQ","NONE,FULL,NONE,NONE",
1.057924,2026-09-01T18:55:04.909+01:00,56368,5905,1084,1084,True,True,0x02,"NO_IRQ,OK,NO_IRQ,NO_IRQ","NONE,FULL,NONE,NONE",
1.077542,2026-09-01T18:55:04.924+01:00,57452,5906,1084,1084,True,True,0x02,"NO_IRQ,OK,NO_IRQ,NO_IRQ","NONE,FULL,NONE,NONE",
1.097215,2026-09-01T18:55:04.944+01:00,58536,5907,1084,1084,True,True,0x02,"NO_IRQ,OK,NO_IRQ,NO_IRQ","NONE,FULL,NONE,NONE",
1.121668,2026-09-01T18:55:04.964+01:00,59620,5908,1084,1084,True,True,0x02,"NO_IRQ,OK,NO_IRQ,NO_IRQ","NONE,FULL,NONE,NONE",
1.137845,2026-09-01T18:55:04.988+01:00,60704,5909,1084,1084,True,True,0x02,"NO_IRQ,OK,NO_IRQ,NO_IRQ","NONE,FULL,NONE,NONE",
1.157323,2026-09-01T18:55:05.004+01:00,61788,5910,1084,1084,True,True,0x02,"NO_IRQ,OK,NO_IRQ,NO_IRQ","NONE,FULL,NONE,NONE",
1.177770,2026-09-01T18:55:05.024+01:00,62872,5911,1084,1084,True,True,0x02,"NO_IRQ,OK,NO_IRQ,NO_IRQ","NONE,FULL,NONE,NONE",
1.203091,2026-09-01T18:55:05.044+01:00,63956,5912,1084,1084,True,True,0x02,"NO_IRQ,OK,NO_IRQ,NO_IRQ","NONE,FULL,NONE,NONE",
1.216866,2026-09-01T18:55:05.069+01:00,65040,5913,1084,1084,True,True,0x02,"NO_IRQ,OK,NO_IRQ,NO_IRQ","NONE,FULL,NONE,NONE",
1.241419,2026-09-01T18:55:05.083+01:00,66124,5914,1084,1084,True,True,0x02,"NO_IRQ,OK,NO_IRQ,NO_IRQ","NONE,FULL,NONE,NONE",
1.257628,2026-09-01T18:55:05.108+01:00,67208,5915,1084,1084,True,True,0x02,"NO_IRQ,OK,NO_IRQ,NO_IRQ","NONE,FULL,NONE,NONE",
1.277329,2026-09-01T18:55:05.124+01:00,68292,5916,1084,1084,True,True,0x02,"NO_IRQ,OK,NO_IRQ,NO_IRQ","NONE,FULL,NONE,NONE",
1.297133,2026-09-01T18:55:05.143+01:00,69376,5917,1084,1084,True,True,0x02,"NO_IRQ,OK,NO_IRQ,NO_IRQ","NONE,FULL,NONE,NONE",
1.322853,2026-09-01T18:55:05.164+01:00,70460,5918,1084,1084,True,True,0x02,"NO_IRQ,OK,NO_IRQ,NO_IRQ","NONE,FULL,NONE,NONE",
1.337722,2026-09-01T18:55:05.189+01:00,71544,5919,1084,1084,True,True,0x02,"NO_IRQ,OK,NO_IRQ,NO_IRQ","NONE,FULL,NONE,NONE",
1.357125,2026-09-01T18:55:05.204+01:00,72628,5920,1084,1084,True,True,0x02,"NO_IRQ,OK,NO_IRQ,NO_IRQ","NONE,FULL,NONE,NONE",
1.376690,2026-09-01T18:55:05.223+01:00,73712,5921,1084,1084,True,True,0x02,"NO_IRQ,OK,NO_IRQ,NO_IRQ","NONE,FULL,NONE,NONE",
1.401668,2026-09-01T18:55:05.243+01:00,74796,5922,1084,1084,True,True,0x02,"NO_IRQ,OK,NO_IRQ,NO_IRQ","NONE,FULL,NONE,NONE",
1.419740,2026-09-01T18:55:05.268+01:00,75880,5923,1084,1084,True,True,0x02,"NO_IRQ,OK,NO_IRQ,NO_IRQ","NONE,FULL,NONE,NONE",
1.436701,2026-09-01T18:55:05.286+01:00,76964,5924,1084,1084,True,True,0x02,"NO_IRQ,OK,NO_IRQ,NO_IRQ","NONE,FULL,NONE,NONE",
1.456723,2026-09-01T18:55:05.303+01:00,78048,5925,1084,1084,True,True,0x02,"NO_IRQ,OK,NO_IRQ,NO_IRQ","NONE,FULL,NONE,NONE",
1.482665,2026-09-01T18:55:05.323+01:00,79132,5926,1084,1084,True,True,0x02,"NO_IRQ,OK,NO_IRQ,NO_IRQ","NONE,FULL,NONE,NONE",
1.498270,2026-09-01T18:55:05.349+01:00,80216,5927,1084,1084,True,True,0x02,"NO_IRQ,OK,NO_IRQ,NO_IRQ","NONE,FULL,NONE,NONE",
1.516976,2026-09-01T18:55:05.364+01:00,81300,5928,1084,1084,True,True,0x02,"NO_IRQ,OK,NO_IRQ,NO_IRQ","NONE,FULL,NONE,NONE",
1.536421,2026-09-01T18:55:05.383+01:00,82384,5929,1084,1084,True,True,0x02,"NO_IRQ,OK,NO_IRQ,NO_IRQ","NONE,FULL,NONE,NONE",
1.556698,2026-09-01T18:55:05.403+01:00,83468,5930,1084,1084,True,True,0x02,"NO_IRQ,OK,NO_IRQ,NO_IRQ","NONE,FULL,NONE,NONE",
1.576718,2026-09-01T18:55:05.423+01:00,84552,5931,1084,1084,True,True,0x02,"NO_IRQ,OK,NO_IRQ,NO_IRQ","NONE,FULL,NONE,NONE",
1.601327,2026-09-01T18:55:05.443+01:00,85636,5932,1084,1084,True,True,0x02,"NO_IRQ,OK,NO_IRQ,NO_IRQ","NONE,FULL,NONE,NONE",
1.617203,2026-09-01T18:55:05.467+01:00,86720,5933,1084,1084,True,True,0x02,"NO_IRQ,OK,NO_IRQ,NO_IRQ","NONE,FULL,NONE,NONE",
1.636691,2026-09-01T18:55:05.483+01:00,87804,5934,1084,1084,True,True,0x02,"NO_IRQ,OK,NO_IRQ,NO_IRQ","NONE,FULL,NONE,NONE",
1.656345,2026-09-01T18:55:05.503+01:00,88888,5935,1084,1084,True,True,0x02,"NO_IRQ,OK,NO_IRQ,NO_IRQ","NONE,FULL,NONE,NONE",
1.677261,2026-09-01T18:55:05.523+01:00,89972,5936,1084,1084,True,True,0x02,"NO_IRQ,OK,NO_IRQ,NO_IRQ","NONE,FULL,NONE,NONE",
1.697947,2026-09-01T18:55:05.543+01:00,91056,5937,1084,1084,True,True,0x02,"NO_IRQ,OK,NO_IRQ,NO_IRQ","NONE,FULL,NONE,NONE",
1.716600,2026-09-01T18:55:05.564+01:00,92140,5938,1084,1084,True,True,0x02,"NO_IRQ,OK,NO_IRQ,NO_IRQ","NONE,FULL,NONE,NONE",
1.742767,2026-09-01T18:55:05.583+01:00,93224,5939,1084,1084,True,True,0x02,"NO_IRQ,OK,NO_IRQ,NO_IRQ","NONE,FULL,NONE,NONE",
1.757863,2026-09-01T18:55:05.609+01:00,94308,5940,1084,1084,True,True,0x02,"NO_IRQ,OK,NO_IRQ,NO_IRQ","NONE,FULL,NONE,NONE",
1.775957,2026-09-01T18:55:05.624+01:00,95392,5941,1084,1084,True,True,0x02,"NO_IRQ,OK,NO_IRQ,NO_IRQ","NONE,FULL,NONE,NONE",
1.796215,2026-09-01T18:55:05.642+01:00,96476,5942,1084,1084,True,True,0x02,"NO_IRQ,OK,NO_IRQ,NO_IRQ","NONE,FULL,NONE,NONE",
1.820700,2026-09-01T18:55:05.663+01:00,97560,5943,1084,1084,True,True,0x02,"NO_IRQ,OK,NO_IRQ,NO_IRQ","NONE,FULL,NONE,NONE",
1.837051,2026-09-01T18:55:05.687+01:00,98644,5944,1084,1084,True,True,0x02,"NO_IRQ,OK,NO_IRQ,NO_IRQ","NONE,FULL,NONE,NONE",
1.861268,2026-09-01T18:55:05.703+01:00,99728,5945,1084,1084,True,True,0x02,"NO_IRQ,OK,NO_IRQ,NO_IRQ","NONE,FULL,NONE,NONE",
1.876562,2026-09-01T18:55:05.727+01:00,100812,5946,1084,1084,True,True,0x02,"NO_IRQ,OK,NO_IRQ,NO_IRQ","NONE,FULL,NONE,NONE",
1.896049,2026-09-01T18:55:05.743+01:00,101896,5947,1084,1084,True,True,0x02,"NO_IRQ,OK,NO_IRQ,NO_IRQ","NONE,FULL,NONE,NONE",
1.916252,2026-09-01T18:55:05.762+01:00,102980,5948,1084,1084,True,True,0x02,"NO_IRQ,OK,NO_IRQ,NO_IRQ","NONE,FULL,NONE,NONE",
1.940691,2026-09-01T18:55:05.783+01:00,104064,5949,1084,1084,True,True,0x02,"NO_IRQ,OK,NO_IRQ,NO_IRQ","NONE,FULL,NONE,NONE",
1.956223,2026-09-01T18:55:05.807+01:00,105148,5950,1084,1084,True,True,0x02,"NO_IRQ,OK,NO_IRQ,NO_IRQ","NONE,FULL,NONE,NONE",
1.976047,2026-09-01T18:55:05.823+01:00,106232,5951,1084,1084,True,True,0x02,"NO_IRQ,OK,NO_IRQ,NO_IRQ","NONE,FULL,NONE,NONE",
1.995806,2026-09-01T18:55:05.842+01:00,107316,5952,1084,1084,True,True,0x02,"NO_IRQ,OK,NO_IRQ,NO_IRQ","NONE,FULL,NONE,NONE",
2.020089,2026-09-01T18:55:05.862+01:00,108400,5953,1084,1084,True,True,0x02,"NO_IRQ,OK,NO_IRQ,NO_IRQ","NONE,FULL,NONE,NONE",
2.036401,2026-09-01T18:55:05.886+01:00,109484,5954,1084,1084,True,True,0x02,"NO_IRQ,OK,NO_IRQ,NO_IRQ","NONE,FULL,NONE,NONE",
2.055836,2026-09-01T18:55:05.903+01:00,110568,5955,1084,1084,True,True,0x02,"NO_IRQ,OK,NO_IRQ,NO_IRQ","NONE,FULL,NONE,NONE",
2.075696,2026-09-01T18:55:05.922+01:00,111652,5956,1084,1084,True,True,0x02,"NO_IRQ,OK,NO_IRQ,NO_IRQ","NONE,FULL,NONE,NONE",
2.099561,2026-09-01T18:55:05.942+01:00,112736,5957,1084,1084,True,True,0x02,"NO_IRQ,OK,NO_IRQ,NO_IRQ","NONE,FULL,NONE,NONE",
2.115883,2026-09-01T18:55:05.966+01:00,113820,5958,1084,1084,True,True,0x02,"NO_IRQ,OK,NO_IRQ,NO_IRQ","NONE,FULL,NONE,NONE",
2.135665,2026-09-01T18:55:05.982+01:00,114904,5959,1084,1084,True,True,0x02,"NO_IRQ,OK,NO_IRQ,NO_IRQ","NONE,FULL,NONE,NONE",
2.155405,2026-09-01T18:55:06.002+01:00,115988,5960,1084,1084,True,True,0x02,"NO_IRQ,OK,NO_IRQ,NO_IRQ","NONE,FULL,NONE,NONE",
2.175534,2026-09-01T18:55:06.022+01:00,117072,5961,1084,1084,True,True,0x02,"NO_IRQ,OK,NO_IRQ,NO_IRQ","NONE,FULL,NONE,NONE",
2.195499,2026-09-01T18:55:06.042+01:00,118156,5962,1084,1084,True,True,0x02,"NO_IRQ,OK,NO_IRQ,NO_IRQ","NONE,FULL,NONE,NONE",
2.217560,2026-09-01T18:55:06.062+01:00,119240,5963,1084,1084,True,True,0x02,"NO_IRQ,OK,NO_IRQ,NO_IRQ","NONE,FULL,NONE,NONE",
2.235343,2026-09-01T18:55:06.084+01:00,120324,5964,1084,1084,True,True,0x02,"NO_IRQ,OK,NO_IRQ,NO_IRQ","NONE,FULL,NONE,NONE",
2.255450,2026-09-01T18:55:06.102+01:00,121408,5965,1084,1084,True,True,0x02,"NO_IRQ,OK,NO_IRQ,NO_IRQ","NONE,FULL,NONE,NONE",
2.279169,2026-09-01T18:55:06.122+01:00,122492,5966,1084,1084,True,True,0x02,"NO_IRQ,OK,NO_IRQ,NO_IRQ","NONE,FULL,NONE,NONE",
2.295564,2026-09-01T18:55:06.145+01:00,123576,5967,1084,1084,True,True,0x02,"NO_IRQ,OK,NO_IRQ,NO_IRQ","NONE,FULL,NONE,NONE",
2.314967,2026-09-01T18:55:06.162+01:00,124660,5968,1084,1084,True,True,0x02,"NO_IRQ,OK,NO_IRQ,NO_IRQ","NONE,FULL,NONE,NONE",
2.335630,2026-09-01T18:55:06.181+01:00,125744,5969,1084,1084,True,True,0x02,"NO_IRQ,OK,NO_IRQ,NO_IRQ","NONE,FULL,NONE,NONE",
2.359619,2026-09-01T18:55:06.202+01:00,126828,5970,1084,1084,True,True,0x02,"NO_IRQ,OK,NO_IRQ,NO_IRQ","NONE,FULL,NONE,NONE",
2.375154,2026-09-01T18:55:06.226+01:00,127912,5971,1084,1084,True,True,0x02,"NO_IRQ,OK,NO_IRQ,NO_IRQ","NONE,FULL,NONE,NONE",
2.395356,2026-09-01T18:55:06.241+01:00,128996,5972,1084,1084,True,True,0x02,"NO_IRQ,OK,NO_IRQ,NO_IRQ","NONE,FULL,NONE,NONE",
2.420836,2026-09-01T18:55:06.261+01:00,130080,5973,1084,1084,True,True,0x02,"NO_IRQ,OK,NO_IRQ,NO_IRQ","NONE,FULL,NONE,NONE",
2.437030,2026-09-01T18:55:06.287+01:00,131164,5974,1084,1084,True,True,0x02,"NO_IRQ,OK,NO_IRQ,NO_IRQ","NONE,FULL,NONE,NONE",
2.455647,2026-09-01T18:55:06.303+01:00,132248,5975,1084,1084,True,True,0x02,"NO_IRQ,OK,NO_IRQ,NO_IRQ","NONE,FULL,NONE,NONE",
2.476688,2026-09-01T18:55:06.322+01:00,133332,5976,1084,1084,True,True,0x02,"NO_IRQ,OK,NO_IRQ,NO_IRQ","NONE,FULL,NONE,NONE",
2.495053,2026-09-01T18:55:06.343+01:00,134416,5977,1084,1084,True,True,0x02,"NO_IRQ,OK,NO_IRQ,NO_IRQ","NONE,FULL,NONE,NONE",
2.515031,2026-09-01T18:55:06.361+01:00,135500,5978,1084,1084,True,True,0x02,"NO_IRQ,OK,NO_IRQ,NO_IRQ","NONE,FULL,NONE,NONE",
2.538282,2026-09-01T18:55:06.381+01:00,136584,5979,1084,1084,True,True,0x02,"NO_IRQ,OK,NO_IRQ,NO_IRQ","NONE,FULL,NONE,NONE",
2.554832,2026-09-01T18:55:06.404+01:00,137668,5980,1084,1084,True,True,0x02,"NO_IRQ,OK,NO_IRQ,NO_IRQ","NONE,FULL,NONE,NONE",
2.574850,2026-09-01T18:55:06.421+01:00,138752,5981,1084,1084,True,True,0x02,"NO_IRQ,OK,NO_IRQ,NO_IRQ","NONE,FULL,NONE,NONE",
2.595297,2026-09-01T18:55:06.441+01:00,139836,5982,1084,1084,True,True,0x02,"NO_IRQ,OK,NO_IRQ,NO_IRQ","NONE,FULL,NONE,NONE",
2.619784,2026-09-01T18:55:06.463+01:00,140920,5983,1084,1084,True,True,0x02,"NO_IRQ,OK,NO_IRQ,NO_IRQ","NONE,FULL,NONE,NONE",
2.634644,2026-09-01T18:55:06.486+01:00,142004,5984,1084,1084,True,True,0x02,"NO_IRQ,OK,NO_IRQ,NO_IRQ","NONE,FULL,NONE,NONE",
2.654730,2026-09-01T18:55:06.501+01:00,143088,5985,1084,1084,True,True,0x02,"NO_IRQ,OK,NO_IRQ,NO_IRQ","NONE,FULL,NONE,NONE",
2.678776,2026-09-01T18:55:06.521+01:00,144172,5986,1084,1084,True,True,0x02,"NO_IRQ,OK,NO_IRQ,NO_IRQ","NONE,FULL,NONE,NONE",
2.695044,2026-09-01T18:55:06.545+01:00,145256,5987,1084,1084,True,True,0x02,"NO_IRQ,OK,NO_IRQ,NO_IRQ","NONE,FULL,NONE,NONE",
2.714779,2026-09-01T18:55:06.561+01:00,146340,5988,1084,1084,True,True,0x02,"NO_IRQ,OK,NO_IRQ,NO_IRQ","NONE,FULL,NONE,NONE",
2.734871,2026-09-01T18:55:06.581+01:00,147424,5989,1084,1084,True,True,0x02,"NO_IRQ,OK,NO_IRQ,NO_IRQ","NONE,FULL,NONE,NONE",
2.754751,2026-09-01T18:55:06.601+01:00,148508,5990,1084,1084,True,True,0x02,"NO_IRQ,OK,NO_IRQ,NO_IRQ","NONE,FULL,NONE,NONE",
2.781017,2026-09-01T18:55:06.621+01:00,149592,5991,1084,1084,True,True,0x02,"NO_IRQ,OK,NO_IRQ,NO_IRQ","NONE,FULL,NONE,NONE",
2.796535,2026-09-01T18:55:06.647+01:00,150676,5992,1084,1084,True,True,0x02,"NO_IRQ,OK,NO_IRQ,NO_IRQ","NONE,FULL,NONE,NONE",
2.814685,2026-09-01T18:55:06.663+01:00,151760,5993,1084,1084,True,True,0x02,"NO_IRQ,OK,NO_IRQ,NO_IRQ","NONE,FULL,NONE,NONE",
2.834285,2026-09-01T18:55:06.681+01:00,152844,5994,1084,1084,True,True,0x02,"NO_IRQ,OK,NO_IRQ,NO_IRQ","NONE,FULL,NONE,NONE",
2.858121,2026-09-01T18:55:06.701+01:00,153928,5995,1084,1084,True,True,0x02,"NO_IRQ,OK,NO_IRQ,NO_IRQ","NONE,FULL,NONE,NONE",
2.874010,2026-09-01T18:55:06.724+01:00,155012,5996,1084,1084,True,True,0x02,"NO_IRQ,OK,NO_IRQ,NO_IRQ","NONE,FULL,NONE,NONE",
2.894972,2026-09-01T18:55:06.740+01:00,156096,5997,1084,1084,True,True,0x02,"NO_IRQ,OK,NO_IRQ,NO_IRQ","NONE,FULL,NONE,NONE",
2.914364,2026-09-01T18:55:06.761+01:00,157180,5998,1084,1084,True,True,0x02,"NO_IRQ,OK,NO_IRQ,NO_IRQ","NONE,FULL,NONE,NONE",
2.939237,2026-09-01T18:55:06.781+01:00,158264,5999,1084,1084,True,True,0x02,"NO_IRQ,OK,NO_IRQ,NO_IRQ","NONE,FULL,NONE,NONE",
2.955455,2026-09-01T18:55:06.805+01:00,159348,6000,1084,1084,True,True,0x02,"NO_IRQ,OK,NO_IRQ,NO_IRQ","NONE,FULL,NONE,NONE",
2.973873,2026-09-01T18:55:06.822+01:00,160432,6001,1084,1084,True,True,0x02,"NO_IRQ,OK,NO_IRQ,NO_IRQ","NONE,FULL,NONE,NONE",
2.994219,2026-09-01T18:55:06.841+01:00,161516,6002,1084,1084,True,True,0x02,"NO_IRQ,OK,NO_IRQ,NO_IRQ","NONE,FULL,NONE,NONE",
3.019988,2026-09-01T18:55:06.861+01:00,162600,6003,1084,1084,True,True,0x02,"NO_IRQ,OK,NO_IRQ,NO_IRQ","NONE,FULL,NONE,NONE",
3.036887,2026-09-01T18:55:06.886+01:00,163684,6004,1084,1084,True,True,0x02,"NO_IRQ,OK,NO_IRQ,NO_IRQ","NONE,FULL,NONE,NONE",
3.054152,2026-09-01T18:55:06.903+01:00,164768,6005,1084,1084,True,True,0x02,"NO_IRQ,OK,NO_IRQ,NO_IRQ","NONE,FULL,NONE,NONE",
3.073582,2026-09-01T18:55:06.920+01:00,165852,6006,1084,1084,True,True,0x02,"NO_IRQ,OK,NO_IRQ,NO_IRQ","NONE,FULL,NONE,NONE",
3.094039,2026-09-01T18:55:06.940+01:00,166936,6007,1084,1084,True,True,0x02,"NO_IRQ,OK,NO_IRQ,NO_IRQ","NONE,FULL,NONE,NONE",
3.113753,2026-09-01T18:55:06.960+01:00,168020,6008,1084,1084,True,True,0x02,"NO_IRQ,OK,NO_IRQ,NO_IRQ","NONE,FULL,NONE,NONE",
3.138279,2026-09-01T18:55:06.980+01:00,169104,6009,1084,1084,True,True,0x02,"NO_IRQ,OK,NO_IRQ,NO_IRQ","NONE,FULL,NONE,NONE",
3.155301,2026-09-01T18:55:07.005+01:00,170188,6010,1084,1084,True,True,0x02,"NO_IRQ,OK,NO_IRQ,NO_IRQ","NONE,FULL,NONE,NONE",
3.173878,2026-09-01T18:55:07.021+01:00,171272,6011,1084,1084,True,True,0x02,"NO_IRQ,OK,NO_IRQ,NO_IRQ","NONE,FULL,NONE,NONE",
3.193567,2026-09-01T18:55:07.040+01:00,172356,6012,1084,1084,True,True,0x02,"NO_IRQ,OK,NO_IRQ,NO_IRQ","NONE,FULL,NONE,NONE",
3.214560,2026-09-01T18:55:07.060+01:00,173440,6013,1084,1084,True,True,0x02,"NO_IRQ,OK,NO_IRQ,NO_IRQ","NONE,FULL,NONE,NONE",
3.238027,2026-09-01T18:55:07.081+01:00,174524,6014,1084,1084,True,True,0x02,"NO_IRQ,OK,NO_IRQ,NO_IRQ","NONE,FULL,NONE,NONE",
3.253647,2026-09-01T18:55:07.104+01:00,175608,6015,1084,1084,True,True,0x02,"NO_IRQ,OK,NO_IRQ,NO_IRQ","NONE,FULL,NONE,NONE",
3.273416,2026-09-01T18:55:07.120+01:00,176692,6016,1084,1084,True,True,0x02,"NO_IRQ,OK,NO_IRQ,NO_IRQ","NONE,FULL,NONE,NONE",
3.296265,2026-09-01T18:55:07.140+01:00,177776,6017,1084,1084,True,True,0x02,"NO_IRQ,OK,NO_IRQ,NO_IRQ","NONE,FULL,NONE,NONE",
3.314097,2026-09-01T18:55:07.162+01:00,178860,6018,1084,1084,True,True,0x02,"NO_IRQ,OK,NO_IRQ,NO_IRQ","NONE,FULL,NONE,NONE",
3.333467,2026-09-01T18:55:07.180+01:00,179944,6019,1084,1084,True,True,0x02,"NO_IRQ,OK,NO_IRQ,NO_IRQ","NONE,FULL,NONE,NONE",
3.353372,2026-09-01T18:55:07.200+01:00,181028,6020,1084,1084,True,True,0x02,"NO_IRQ,OK,NO_IRQ,NO_IRQ","NONE,FULL,NONE,NONE",
3.374298,2026-09-01T18:55:07.219+01:00,182112,6021,1084,1084,True,True,0x02,"NO_IRQ,OK,NO_IRQ,NO_IRQ","NONE,FULL,NONE,NONE",
3.400075,2026-09-01T18:55:07.240+01:00,183196,6022,1084,1084,True,True,0x02,"NO_IRQ,OK,NO_IRQ,NO_IRQ","NONE,FULL,NONE,NONE",
3.415219,2026-09-01T18:55:07.266+01:00,184280,6023,1084,1084,True,True,0x02,"NO_IRQ,OK,NO_IRQ,NO_IRQ","NONE,FULL,NONE,NONE",
3.433778,2026-09-01T18:55:07.282+01:00,185364,6024,1084,1084,True,True,0x02,"NO_IRQ,OK,NO_IRQ,NO_IRQ","NONE,FULL,NONE,NONE",
3.453378,2026-09-01T18:55:07.300+01:00,186448,6025,1084,1084,True,True,0x02,"NO_IRQ,OK,NO_IRQ,NO_IRQ","NONE,FULL,NONE,NONE",
3.475358,2026-09-01T18:55:07.319+01:00,187532,6026,1084,1084,True,True,0x02,"NO_IRQ,OK,NO_IRQ,NO_IRQ","NONE,FULL,NONE,NONE",
3.493275,2026-09-01T18:55:07.342+01:00,188616,6027,1084,1084,True,True,0x02,"NO_IRQ,OK,NO_IRQ,NO_IRQ","NONE,FULL,NONE,NONE",
3.513066,2026-09-01T18:55:07.360+01:00,189700,6028,1084,1084,True,True,0x02,"NO_IRQ,OK,NO_IRQ,NO_IRQ","NONE,FULL,NONE,NONE",
3.533012,2026-09-01T18:55:07.379+01:00,190784,6029,1084,1084,True,True,0x02,"NO_IRQ,OK,NO_IRQ,NO_IRQ","NONE,FULL,NONE,NONE",
3.555987,2026-09-01T18:55:07.399+01:00,191868,6030,1084,1084,True,True,0x02,"NO_IRQ,OK,NO_IRQ,NO_IRQ","NONE,FULL,NONE,NONE",
3.572858,2026-09-01T18:55:07.422+01:00,192952,6031,1084,1084,True,True,0x02,"NO_IRQ,OK,NO_IRQ,NO_IRQ","NONE,FULL,NONE,NONE",
3.592889,2026-09-01T18:55:07.439+01:00,194036,6032,1084,1084,True,True,0x02,"NO_IRQ,OK,NO_IRQ,NO_IRQ","NONE,FULL,NONE,NONE",
3.618552,2026-09-01T18:55:07.459+01:00,195120,6033,1084,1084,True,True,0x02,"NO_IRQ,OK,NO_IRQ,NO_IRQ","NONE,FULL,NONE,NONE",
3.633828,2026-09-01T18:55:07.485+01:00,196204,6034,1084,1084,True,True,0x02,"NO_IRQ,OK,NO_IRQ,NO_IRQ","NONE,FULL,NONE,NONE",
3.652951,2026-09-01T18:55:07.500+01:00,197288,6035,1084,1084,True,True,0x02,"NO_IRQ,OK,NO_IRQ,NO_IRQ","NONE,FULL,NONE,NONE",
3.672834,2026-09-01T18:55:07.519+01:00,198372,6036,1084,1084,True,True,0x02,"NO_IRQ,OK,NO_IRQ,NO_IRQ","NONE,FULL,NONE,NONE",
3.704088,2026-09-01T18:55:07.539+01:00,199456,6037,1084,1084,True,True,0x02,"NO_IRQ,OK,NO_IRQ,NO_IRQ","NONE,FULL,NONE,NONE",
3.713046,2026-09-01T18:55:07.570+01:00,200540,6038,1084,1084,True,True,0x02,"NO_IRQ,OK,NO_IRQ,NO_IRQ","NONE,FULL,NONE,NONE",
3.735804,2026-09-01T18:55:07.579+01:00,201624,6039,1084,1084,True,True,0x02,"NO_IRQ,OK,NO_IRQ,NO_IRQ","NONE,FULL,NONE,NONE",
3.752366,2026-09-01T18:55:07.602+01:00,202708,6040,1084,1084,True,True,0x02,"NO_IRQ,OK,NO_IRQ,NO_IRQ","NONE,FULL,NONE,NONE",
3.772809,2026-09-01T18:55:07.619+01:00,203792,6041,1084,1084,True,True,0x02,"NO_IRQ,OK,NO_IRQ,NO_IRQ","NONE,FULL,NONE,NONE",
3.795706,2026-09-01T18:55:07.639+01:00,204876,6042,1084,1084,True,True,0x02,"NO_IRQ,OK,NO_IRQ,NO_IRQ","NONE,FULL,NONE,NONE",
3.812624,2026-09-01T18:55:07.662+01:00,205960,6043,1084,1084,True,True,0x02,"NO_IRQ,OK,NO_IRQ,NO_IRQ","NONE,FULL,NONE,NONE",
3.832474,2026-09-01T18:55:07.679+01:00,207044,6044,1084,1084,True,True,0x02,"NO_IRQ,OK,NO_IRQ,NO_IRQ","NONE,FULL,NONE,NONE",
3.858176,2026-09-01T18:55:07.699+01:00,208128,6045,1084,1084,True,True,0x02,"NO_IRQ,OK,NO_IRQ,NO_IRQ","NONE,FULL,NONE,NONE",
3.873928,2026-09-01T18:55:07.724+01:00,209212,6046,1084,1084,True,True,0x02,"NO_IRQ,OK,NO_IRQ,NO_IRQ","NONE,FULL,NONE,NONE",
3.892484,2026-09-01T18:55:07.740+01:00,210296,6047,1084,1084,True,True,0x02,"NO_IRQ,OK,NO_IRQ,NO_IRQ","NONE,FULL,NONE,NONE",
3.912587,2026-09-01T18:55:07.759+01:00,211380,6048,1084,1084,True,True,0x02,"NO_IRQ,OK,NO_IRQ,NO_IRQ","NONE,FULL,NONE,NONE",
3.936041,2026-09-01T18:55:07.779+01:00,212464,6049,1084,1084,True,True,0x02,"NO_IRQ,OK,NO_IRQ,NO_IRQ","NONE,FULL,NONE,NONE",
3.952233,2026-09-01T18:55:07.802+01:00,213548,6050,1084,1084,True,True,0x02,"NO_IRQ,OK,NO_IRQ,NO_IRQ","NONE,FULL,NONE,NONE",
3.972349,2026-09-01T18:55:07.818+01:00,214632,6051,1084,1084,True,True,0x02,"NO_IRQ,OK,NO_IRQ,NO_IRQ","NONE,FULL,NONE,NONE",
3.991905,2026-09-01T18:55:07.839+01:00,215716,6052,1084,1084,True,True,0x02,"NO_IRQ,OK,NO_IRQ,NO_IRQ","NONE,FULL,NONE,NONE",
4.011988,2026-09-01T18:55:07.858+01:00,216800,6053,1084,1084,True,True,0x02,"NO_IRQ,OK,NO_IRQ,NO_IRQ","NONE,FULL,NONE,NONE",
4.035809,2026-09-01T18:55:07.878+01:00,217884,6054,1084,1084,True,True,0x02,"NO_IRQ,OK,NO_IRQ,NO_IRQ","NONE,FULL,NONE,NONE",
4.051965,2026-09-01T18:55:07.902+01:00,218968,6055,1084,1084,True,True,0x02,"NO_IRQ,OK,NO_IRQ,NO_IRQ","NONE,FULL,NONE,NONE",
4.071981,2026-09-01T18:55:07.918+01:00,220052,6056,1084,1084,True,True,0x02,"NO_IRQ,OK,NO_IRQ,NO_IRQ","NONE,FULL,NONE,NONE",
4.096477,2026-09-01T18:55:07.938+01:00,221136,6057,1084,1084,True,True,0x02,"NO_IRQ,OK,NO_IRQ,NO_IRQ","NONE,FULL,NONE,NONE",
4.112514,2026-09-01T18:55:07.963+01:00,222220,6058,1084,1084,True,True,0x02,"NO_IRQ,OK,NO_IRQ,NO_IRQ","NONE,FULL,NONE,NONE",
4.131848,2026-09-01T18:55:07.979+01:00,223304,6059,1084,1084,True,True,0x02,"NO_IRQ,OK,NO_IRQ,NO_IRQ","NONE,FULL,NONE,NONE",
4.151675,2026-09-01T18:55:07.998+01:00,224388,6060,1084,1084,True,True,0x02,"NO_IRQ,OK,NO_IRQ,NO_IRQ","NONE,FULL,NONE,NONE",
4.171550,2026-09-01T18:55:08.022+01:00,225472,6061,1084,1084,True,True,0x02,"NO_IRQ,OK,NO_IRQ,NO_IRQ","NONE,FULL,NONE,NONE",
4.192762,2026-09-01T18:55:08.038+01:00,226556,6062,1084,1084,True,True,0x02,"NO_IRQ,OK,NO_IRQ,NO_IRQ","NONE,FULL,NONE,NONE",
4.211857,2026-09-01T18:55:08.059+01:00,227640,6063,1084,1084,True,True,0x02,"NO_IRQ,OK,NO_IRQ,NO_IRQ","NONE,FULL,NONE,NONE",
4.232464,2026-09-01T18:55:08.078+01:00,228724,6064,1084,1084,True,True,0x02,"NO_IRQ,OK,NO_IRQ,NO_IRQ","NONE,FULL,NONE,NONE",
4.254462,2026-09-01T18:55:08.099+01:00,229808,6065,1084,1084,True,True,0x02,"NO_IRQ,OK,NO_IRQ,NO_IRQ","NONE,FULL,NONE,NONE",
4.272016,2026-09-01T18:55:08.121+01:00,230892,6066,1084,1084,True,True,0x02,"NO_IRQ,OK,NO_IRQ,NO_IRQ","NONE,FULL,NONE,NONE",
4.291848,2026-09-01T18:55:08.138+01:00,231976,6067,1084,1084,True,True,0x02,"NO_IRQ,OK,NO_IRQ,NO_IRQ","NONE,FULL,NONE,NONE",
4.311952,2026-09-01T18:55:08.158+01:00,233060,6068,1084,1084,True,True,0x02,"NO_IRQ,OK,NO_IRQ,NO_IRQ","NONE,FULL,NONE,NONE",
4.332045,2026-09-01T18:55:08.178+01:00,234144,6069,1084,1084,True,True,0x02,"NO_IRQ,OK,NO_IRQ,NO_IRQ","NONE,FULL,NONE,NONE",
4.354782,2026-09-01T18:55:08.198+01:00,235228,6070,1084,1084,True,True,0x02,"NO_IRQ,OK,NO_IRQ,NO_IRQ","NONE,FULL,NONE,NONE",
4.371429,2026-09-01T18:55:08.221+01:00,236312,6071,1084,1084,True,True,0x02,"NO_IRQ,OK,NO_IRQ,NO_IRQ","NONE,FULL,NONE,NONE",
4.391579,2026-09-01T18:55:08.238+01:00,237396,6072,1084,1084,True,True,0x02,"NO_IRQ,OK,NO_IRQ,NO_IRQ","NONE,FULL,NONE,NONE",
4.415256,2026-09-01T18:55:08.258+01:00,238480,6073,1084,1084,True,True,0x02,"NO_IRQ,OK,NO_IRQ,NO_IRQ","NONE,FULL,NONE,NONE",
4.432755,2026-09-01T18:55:08.281+01:00,239564,6074,1084,1084,True,True,0x02,"NO_IRQ,OK,NO_IRQ,NO_IRQ","NONE,FULL,NONE,NONE",
4.451128,2026-09-01T18:55:08.299+01:00,240648,6075,1084,1084,True,True,0x02,"NO_IRQ,OK,NO_IRQ,NO_IRQ","NONE,FULL,NONE,NONE",
4.471593,2026-09-01T18:55:08.317+01:00,241732,6076,1084,1084,True,True,0x02,"NO_IRQ,OK,NO_IRQ,NO_IRQ","NONE,FULL,NONE,NONE",
4.492998,2026-09-01T18:55:08.338+01:00,242816,6077,1084,1084,True,True,0x02,"NO_IRQ,OK,NO_IRQ,NO_IRQ","NONE,FULL,NONE,NONE",
4.511502,2026-09-01T18:55:08.359+01:00,243900,6078,1084,1084,True,True,0x02,"NO_IRQ,OK,NO_IRQ,NO_IRQ","NONE,FULL,NONE,NONE",
4.531187,2026-09-01T18:55:08.378+01:00,244984,6079,1084,1084,True,True,0x02,"NO_IRQ,OK,NO_IRQ,NO_IRQ","NONE,FULL,NONE,NONE",
4.553362,2026-09-01T18:55:08.398+01:00,246068,6080,1084,1084,True,True,0x02,"NO_IRQ,OK,NO_IRQ,NO_IRQ","NONE,FULL,NONE,NONE",
4.571190,2026-09-01T18:55:08.420+01:00,247152,6081,1084,1084,True,True,0x02,"NO_IRQ,OK,NO_IRQ,NO_IRQ","NONE,FULL,NONE,NONE",
4.590855,2026-09-01T18:55:08.438+01:00,248236,6082,1084,1084,True,True,0x02,"NO_IRQ,OK,NO_IRQ,NO_IRQ","NONE,FULL,NONE,NONE",
4.611120,2026-09-01T18:55:08.457+01:00,249320,6083,1084,1084,True,True,0x02,"NO_IRQ,OK,NO_IRQ,NO_IRQ","NONE,FULL,NONE,NONE",
4.631404,2026-09-01T18:55:08.477+01:00,250404,6084,1084,1084,True,True,0x02,"NO_IRQ,OK,NO_IRQ,NO_IRQ","NONE,FULL,NONE,NONE",
4.653763,2026-09-01T18:55:08.498+01:00,251488,6085,1084,1084,True,True,0x02,"NO_IRQ,OK,NO_IRQ,NO_IRQ","NONE,FULL,NONE,NONE",
4.671096,2026-09-01T18:55:08.520+01:00,252572,6086,1084,1084,True,True,0x02,"NO_IRQ,OK,NO_IRQ,NO_IRQ","NONE,FULL,NONE,NONE",
4.690745,2026-09-01T18:55:08.537+01:00,253656,6087,1084,1084,True,True,0x02,"NO_IRQ,OK,NO_IRQ,NO_IRQ","NONE,FULL,NONE,NONE",
4.712895,2026-09-01T18:55:08.557+01:00,254740,6088,1084,1084,True,True,0x02,"NO_IRQ,OK,NO_IRQ,NO_IRQ","NONE,FULL,NONE,NONE",
4.731088,2026-09-01T18:55:08.579+01:00,255824,6089,1084,1084,True,True,0x02,"NO_IRQ,OK,NO_IRQ,NO_IRQ","NONE,FULL,NONE,NONE",
4.750545,2026-09-01T18:55:08.597+01:00,256908,6090,1084,1084,True,True,0x02,"NO_IRQ,OK,NO_IRQ,NO_IRQ","NONE,FULL,NONE,NONE",
4.770444,2026-09-01T18:55:08.617+01:00,257992,6091,1084,1084,True,True,0x02,"NO_IRQ,OK,NO_IRQ,NO_IRQ","NONE,FULL,NONE,NONE",
4.792556,2026-09-01T18:55:08.637+01:00,259076,6092,1084,1084,True,True,0x02,"NO_IRQ,OK,NO_IRQ,NO_IRQ","NONE,FULL,NONE,NONE",
4.810878,2026-09-01T18:55:08.659+01:00,260160,6093,1084,1084,True,True,0x02,"NO_IRQ,OK,NO_IRQ,NO_IRQ","NONE,FULL,NONE,NONE",
4.830666,2026-09-01T18:55:08.677+01:00,261244,6094,1084,1084,True,True,0x02,"NO_IRQ,OK,NO_IRQ,NO_IRQ","NONE,FULL,NONE,NONE",
4.853851,2026-09-01T18:55:08.697+01:00,262328,6095,1084,1084,True,True,0x02,"NO_IRQ,OK,NO_IRQ,NO_IRQ","NONE,FULL,NONE,NONE",
4.870745,2026-09-01T18:55:08.720+01:00,263412,6096,1084,1084,True,True,0x02,"NO_IRQ,OK,NO_IRQ,NO_IRQ","NONE,FULL,NONE,NONE",
4.890335,2026-09-01T18:55:08.737+01:00,264496,6097,1084,1084,True,True,0x02,"NO_IRQ,OK,NO_IRQ,NO_IRQ","NONE,FULL,NONE,NONE",
4.910425,2026-09-01T18:55:08.756+01:00,265580,6098,1084,1084,True,True,0x02,"NO_IRQ,OK,NO_IRQ,NO_IRQ","NONE,FULL,NONE,NONE",
4.930715,2026-09-01T18:55:08.777+01:00,266664,6099,1084,1084,True,True,0x02,"NO_IRQ,OK,NO_IRQ,NO_IRQ","NONE,FULL,NONE,NONE",
4.952227,2026-09-01T18:55:08.797+01:00,267748,6100,1084,1084,True,True,0x02,"NO_IRQ,OK,NO_IRQ,NO_IRQ","NONE,FULL,NONE,NONE",
4.970453,2026-09-01T18:55:08.819+01:00,268832,6101,1084,1084,True,True,0x02,"NO_IRQ,OK,NO_IRQ,NO_IRQ","NONE,FULL,NONE,NONE",
4.990091,2026-09-01T18:55:08.837+01:00,269916,6102,1084,1084,True,True,0x02,"NO_IRQ,OK,NO_IRQ,NO_IRQ","NONE,FULL,NONE,NONE",
5.016264,2026-09-01T18:55:08.856+01:00,271000,6103,1084,1084,True,True,0x02,"NO_IRQ,OK,NO_IRQ,NO_IRQ","NONE,FULL,NONE,NONE",
5.030633,2026-09-01T18:55:08.882+01:00,272084,6104,1084,1084,True,True,0x02,"NO_IRQ,OK,NO_IRQ,NO_IRQ","NONE,FULL,NONE,NONE",
5.052852,2026-09-01T18:55:08.897+01:00,273168,6105,1084,1084,True,True,0x02,"NO_IRQ,OK,NO_IRQ,NO_IRQ","NONE,FULL,NONE,NONE",
5.069992,2026-09-01T18:55:08.919+01:00,274252,6106,1084,1084,True,True,0x02,"NO_IRQ,OK,NO_IRQ,NO_IRQ","NONE,FULL,NONE,NONE",
5.089874,2026-09-01T18:55:08.936+01:00,275336,6107,1084,1084,True,True,0x02,"NO_IRQ,OK,NO_IRQ,NO_IRQ","NONE,FULL,NONE,NONE",
5.111412,2026-09-01T18:55:08.956+01:00,276420,6108,1084,1084,True,True,0x02,"NO_IRQ,OK,NO_IRQ,NO_IRQ","NONE,FULL,NONE,NONE",
5.130111,2026-09-01T18:55:08.978+01:00,277504,6109,1084,1084,True,True,0x02,"NO_IRQ,OK,NO_IRQ,NO_IRQ","NONE,FULL,NONE,NONE",
5.149904,2026-09-01T18:55:08.996+01:00,278588,6110,1084,1084,True,True,0x02,"NO_IRQ,OK,NO_IRQ,NO_IRQ","NONE,FULL,NONE,NONE",
5.173283,2026-09-01T18:55:09.016+01:00,279672,6111,1084,1084,True,True,0x02,"NO_IRQ,OK,NO_IRQ,NO_IRQ","NONE,FULL,NONE,NONE",
5.190629,2026-09-01T18:55:09.040+01:00,280756,6112,1084,1084,True,True,0x02,"NO_IRQ,OK,NO_IRQ,NO_IRQ","NONE,FULL,NONE,NONE",
5.211367,2026-09-01T18:55:09.057+01:00,281840,6113,1084,1084,True,True,0x02,"NO_IRQ,OK,NO_IRQ,NO_IRQ","NONE,FULL,NONE,NONE",
5.230118,2026-09-01T18:55:09.078+01:00,282924,6114,1084,1084,True,True,0x02,"NO_IRQ,OK,NO_IRQ,NO_IRQ","NONE,FULL,NONE,NONE",
5.250081,2026-09-01T18:55:09.097+01:00,284008,6115,1084,1084,True,True,0x02,"NO_IRQ,OK,NO_IRQ,NO_IRQ","NONE,FULL,NONE,NONE",
5.274220,2026-09-01T18:55:09.116+01:00,285092,6116,1084,1084,True,True,0x02,"NO_IRQ,OK,NO_IRQ,NO_IRQ","NONE,FULL,NONE,NONE",
5.290355,2026-09-01T18:55:09.140+01:00,286176,6117,1084,1084,True,True,0x02,"NO_IRQ,OK,NO_IRQ,NO_IRQ","NONE,FULL,NONE,NONE",
5.309937,2026-09-01T18:55:09.157+01:00,287260,6118,1084,1084,True,True,0x02,"NO_IRQ,OK,NO_IRQ,NO_IRQ","NONE,FULL,NONE,NONE",
5.330448,2026-09-01T18:55:09.176+01:00,288344,6119,1084,1084,True,True,0x02,"NO_IRQ,OK,NO_IRQ,NO_IRQ","NONE,FULL,NONE,NONE",
5.355218,2026-09-01T18:55:09.197+01:00,289428,6120,1084,1084,True,True,0x02,"NO_IRQ,OK,NO_IRQ,NO_IRQ","NONE,FULL,NONE,NONE",
5.369393,2026-09-01T18:55:09.221+01:00,290512,6121,1084,1084,True,True,0x02,"NO_IRQ,OK,NO_IRQ,NO_IRQ","NONE,FULL,NONE,NONE",
5.389456,2026-09-01T18:55:09.236+01:00,291596,6122,1084,1084,True,True,0x02,"NO_IRQ,OK,NO_IRQ,NO_IRQ","NONE,FULL,NONE,NONE",
5.415178,2026-09-01T18:55:09.256+01:00,292680,6123,1084,1084,True,True,0x02,"NO_IRQ,OK,NO_IRQ,NO_IRQ","NONE,FULL,NONE,NONE",
5.430259,2026-09-01T18:55:09.281+01:00,293764,6124,1084,1084,True,True,0x02,"NO_IRQ,OK,NO_IRQ,NO_IRQ","NONE,FULL,NONE,NONE",
5.449550,2026-09-01T18:55:09.297+01:00,294848,6125,1084,1084,True,True,0x02,"NO_IRQ,OK,NO_IRQ,NO_IRQ","NONE,FULL,NONE,NONE",
5.469225,2026-09-01T18:55:09.316+01:00,295932,6126,1084,1084,True,True,0x02,"NO_IRQ,OK,NO_IRQ,NO_IRQ","NONE,FULL,NONE,NONE",
5.489512,2026-09-01T18:55:09.336+01:00,297016,6127,1084,1084,True,True,0x02,"NO_IRQ,OK,NO_IRQ,NO_IRQ","NONE,FULL,NONE,NONE",
5.516888,2026-09-01T18:55:09.356+01:00,298100,6128,1084,1084,True,True,0x02,"NO_IRQ,OK,NO_IRQ,NO_IRQ","NONE,FULL,NONE,NONE",
5.533147,2026-09-01T18:55:09.383+01:00,299184,6129,1084,1084,True,True,0x02,"NO_IRQ,OK,NO_IRQ,NO_IRQ","NONE,FULL,NONE,NONE",
5.550203,2026-09-01T18:55:09.400+01:00,300268,6130,1084,1084,True,True,0x02,"NO_IRQ,OK,NO_IRQ,NO_IRQ","NONE,FULL,NONE,NONE",
5.569359,2026-09-01T18:55:09.416+01:00,301352,6131,1084,1084,True,True,0x02,"NO_IRQ,OK,NO_IRQ,NO_IRQ","NONE,FULL,NONE,NONE",
5.588813,2026-09-01T18:55:09.435+01:00,302436,6132,1084,1084,True,True,0x02,"NO_IRQ,OK,NO_IRQ,NO_IRQ","NONE,FULL,NONE,NONE",
5.613273,2026-09-01T18:55:09.455+01:00,303520,6133,1084,1084,True,True,0x02,"NO_IRQ,OK,NO_IRQ,NO_IRQ","NONE,FULL,NONE,NONE",
5.629381,2026-09-01T18:55:09.479+01:00,304604,6134,1084,1084,True,True,0x02,"NO_IRQ,OK,NO_IRQ,NO_IRQ","NONE,FULL,NONE,NONE",
5.649098,2026-09-01T18:55:09.495+01:00,305688,6135,1084,1084,True,True,0x02,"NO_IRQ,OK,NO_IRQ,NO_IRQ","NONE,FULL,NONE,NONE",
5.677430,2026-09-01T18:55:09.515+01:00,306772,6136,1084,1084,True,True,0x02,"NO_IRQ,OK,NO_IRQ,NO_IRQ","NONE,FULL,NONE,NONE",
5.693773,2026-09-01T18:55:09.544+01:00,307856,6137,1084,1084,True,True,0x02,"NO_IRQ,OK,NO_IRQ,NO_IRQ","NONE,FULL,NONE,NONE",
5.710747,2026-09-01T18:55:09.560+01:00,308940,6138,1084,1084,True,True,0x02,"NO_IRQ,OK,NO_IRQ,NO_IRQ","NONE,FULL,NONE,NONE",
5.729087,2026-09-01T18:55:09.577+01:00,310024,6139,1084,1084,True,True,0x02,"NO_IRQ,OK,NO_IRQ,NO_IRQ","NONE,FULL,NONE,NONE",
5.749163,2026-09-01T18:55:09.595+01:00,311108,6140,1084,1084,True,True,0x02,"NO_IRQ,OK,NO_IRQ,NO_IRQ","NONE,FULL,NONE,NONE",
5.773783,2026-09-01T18:55:09.615+01:00,312192,6141,1084,1084,True,True,0x02,"NO_IRQ,OK,NO_IRQ,NO_IRQ","NONE,FULL,NONE,NONE",
5.788678,2026-09-01T18:55:09.640+01:00,313276,6142,1084,1084,True,True,0x02,"NO_IRQ,OK,NO_IRQ,NO_IRQ","NONE,FULL,NONE,NONE",
5.808500,2026-09-01T18:55:09.655+01:00,314360,6143,1084,1084,True,True,0x02,"NO_IRQ,OK,NO_IRQ,NO_IRQ","NONE,FULL,NONE,NONE",
5.828626,2026-09-01T18:55:09.675+01:00,315444,6144,1084,1084,True,True,0x02,"NO_IRQ,OK,NO_IRQ,NO_IRQ","NONE,FULL,NONE,NONE",
5.848551,2026-09-01T18:55:09.695+01:00,316528,6145,1084,1084,True,True,0x02,"NO_IRQ,OK,NO_IRQ,NO_IRQ","NONE,FULL,NONE,NONE",
5.872644,2026-09-01T18:55:09.715+01:00,317612,6146,1084,1084,True,True,0x02,"NO_IRQ,OK,NO_IRQ,NO_IRQ","NONE,FULL,NONE,NONE",
5.888557,2026-09-01T18:55:09.739+01:00,318696,6147,1084,1084,True,True,0x02,"NO_IRQ,OK,NO_IRQ,NO_IRQ","NONE,FULL,NONE,NONE",
5.908532,2026-09-01T18:55:09.755+01:00,319780,6148,1084,1084,True,True,0x02,"NO_IRQ,OK,NO_IRQ,NO_IRQ","NONE,FULL,NONE,NONE",
5.933297,2026-09-01T18:55:09.775+01:00,320864,6149,1084,1084,True,True,0x02,"NO_IRQ,OK,NO_IRQ,NO_IRQ","NONE,FULL,NONE,NONE",
5.949992,2026-09-01T18:55:09.800+01:00,321948,6150,1084,1084,True,True,0x02,"NO_IRQ,OK,NO_IRQ,NO_IRQ","NONE,FULL,NONE,NONE",
5.968348,2026-09-01T18:55:09.816+01:00,323032,6151,1084,1084,True,True,0x02,"NO_IRQ,OK,NO_IRQ,NO_IRQ","NONE,FULL,NONE,NONE",
5.988348,2026-09-01T18:55:09.834+01:00,324116,6152,1084,1084,True,True,0x02,"NO_IRQ,OK,NO_IRQ,NO_IRQ","NONE,FULL,NONE,NONE",
6.011355,2026-09-01T18:55:09.854+01:00,325200,6153,1084,1084,True,True,0x02,"NO_IRQ,OK,NO_IRQ,NO_IRQ","NONE,FULL,NONE,NONE",
6.028233,2026-09-01T18:55:09.878+01:00,326284,6154,1084,1084,True,True,0x02,"NO_IRQ,OK,NO_IRQ,NO_IRQ","NONE,FULL,NONE,NONE",
6.048867,2026-09-01T18:55:09.895+01:00,327368,6155,1084,1084,True,True,0x02,"NO_IRQ,OK,NO_IRQ,NO_IRQ","NONE,FULL,NONE,NONE",
6.073296,2026-09-01T18:55:09.915+01:00,328452,6156,1084,1084,True,True,0x02,"NO_IRQ,OK,NO_IRQ,NO_IRQ","NONE,FULL,NONE,NONE",
6.087964,2026-09-01T18:55:09.939+01:00,329536,6157,1084,1084,True,True,0x02,"NO_IRQ,OK,NO_IRQ,NO_IRQ","NONE,FULL,NONE,NONE",
6.107807,2026-09-01T18:55:09.954+01:00,330620,6158,1084,1084,True,True,0x02,"NO_IRQ,OK,NO_IRQ,NO_IRQ","NONE,FULL,NONE,NONE",
6.128109,2026-09-01T18:55:09.974+01:00,331704,6159,1084,1084,True,True,0x02,"NO_IRQ,OK,NO_IRQ,NO_IRQ","NONE,FULL,NONE,NONE",
6.148616,2026-09-01T18:55:09.994+01:00,332788,6160,1084,1084,True,True,0x02,"NO_IRQ,OK,NO_IRQ,NO_IRQ","NONE,FULL,NONE,NONE",
6.173671,2026-09-01T18:55:10.015+01:00,333872,6161,1084,1084,True,True,0x02,"NO_IRQ,OK,NO_IRQ,NO_IRQ","NONE,FULL,NONE,NONE",
6.190398,2026-09-01T18:55:10.040+01:00,334956,6162,1084,1084,True,True,0x02,"NO_IRQ,OK,NO_IRQ,NO_IRQ","NONE,FULL,NONE,NONE",
6.208053,2026-09-01T18:55:10.056+01:00,336040,6163,1084,1084,True,True,0x02,"NO_IRQ,OK,NO_IRQ,NO_IRQ","NONE,FULL,NONE,NONE",
6.227908,2026-09-01T18:55:10.074+01:00,337124,6164,1084,1084,True,True,0x02,"NO_IRQ,OK,NO_IRQ,NO_IRQ","NONE,FULL,NONE,NONE",
6.249589,2026-09-01T18:55:10.094+01:00,338208,6165,1084,1084,True,True,0x02,"NO_IRQ,OK,NO_IRQ,NO_IRQ","NONE,FULL,NONE,NONE",
6.271966,2026-09-01T18:55:10.116+01:00,339292,6166,1084,1084,True,True,0x02,"NO_IRQ,OK,NO_IRQ,NO_IRQ","NONE,FULL,NONE,NONE",
6.287817,2026-09-01T18:55:10.138+01:00,340376,6167,1084,1084,True,True,0x02,"NO_IRQ,OK,NO_IRQ,NO_IRQ","NONE,FULL,NONE,NONE",
6.307787,2026-09-01T18:55:10.154+01:00,341460,6168,1084,1084,True,True,0x02,"NO_IRQ,OK,NO_IRQ,NO_IRQ","NONE,FULL,NONE,NONE",
6.328850,2026-09-01T18:55:10.174+01:00,342544,6169,1084,1084,True,True,0x02,"NO_IRQ,OK,NO_IRQ,NO_IRQ","NONE,FULL,NONE,NONE",
6.348610,2026-09-01T18:55:10.195+01:00,343628,6170,1084,1084,True,True,0x02,"NO_IRQ,OK,NO_IRQ,NO_IRQ","NONE,FULL,NONE,NONE",
6.367719,2026-09-01T18:55:10.215+01:00,344712,6171,1084,1084,True,True,0x02,"NO_IRQ,OK,NO_IRQ,NO_IRQ","NONE,FULL,NONE,NONE",
6.391869,2026-09-01T18:55:10.234+01:00,345796,6172,1084,1084,True,True,0x02,"NO_IRQ,OK,NO_IRQ,NO_IRQ","NONE,FULL,NONE,NONE",
6.408454,2026-09-01T18:55:10.258+01:00,346880,6173,1084,1084,True,True,0x02,"NO_IRQ,OK,NO_IRQ,NO_IRQ","NONE,FULL,NONE,NONE",
6.431867,2026-09-01T18:55:10.275+01:00,347964,6174,1084,1084,True,True,0x02,"NO_IRQ,OK,NO_IRQ,NO_IRQ","NONE,FULL,NONE,NONE",
6.447814,2026-09-01T18:55:10.298+01:00,349048,6175,1084,1084,True,True,0x02,"NO_IRQ,OK,NO_IRQ,NO_IRQ","NONE,FULL,NONE,NONE",
6.467741,2026-09-01T18:55:10.314+01:00,350132,6176,1084,1084,True,True,0x02,"NO_IRQ,OK,NO_IRQ,NO_IRQ","NONE,FULL,NONE,NONE",
6.492876,2026-09-01T18:55:10.334+01:00,351216,6177,1084,1084,True,True,0x02,"NO_IRQ,OK,NO_IRQ,NO_IRQ","NONE,FULL,NONE,NONE",
6.507728,2026-09-01T18:55:10.359+01:00,352300,6178,1084,1084,True,True,0x02,"NO_IRQ,OK,NO_IRQ,NO_IRQ","NONE,FULL,NONE,NONE",
6.527675,2026-09-01T18:55:10.374+01:00,353384,6179,1084,1084,True,True,0x02,"NO_IRQ,OK,NO_IRQ,NO_IRQ","NONE,FULL,NONE,NONE",
6.547946,2026-09-01T18:55:10.394+01:00,354468,6180,1084,1084,True,True,0x02,"NO_IRQ,OK,NO_IRQ,NO_IRQ","NONE,FULL,NONE,NONE",
6.567062,2026-09-01T18:55:10.414+01:00,355552,6181,1084,1084,True,True,0x02,"NO_IRQ,OK,NO_IRQ,NO_IRQ","NONE,FULL,NONE,NONE",
6.588658,2026-09-01T18:55:10.433+01:00,356636,6182,1084,1084,True,True,0x02,"NO_IRQ,OK,NO_IRQ,NO_IRQ","NONE,FULL,NONE,NONE",
6.607404,2026-09-01T18:55:10.455+01:00,357720,6183,1084,1084,True,True,0x02,"NO_IRQ,OK,NO_IRQ,NO_IRQ","NONE,FULL,NONE,NONE",
6.627325,2026-09-01T18:55:10.473+01:00,358804,6184,1084,1084,True,True,0x02,"NO_IRQ,OK,NO_IRQ,NO_IRQ","NONE,FULL,NONE,NONE",
6.649660,2026-09-01T18:55:10.493+01:00,359888,6185,1084,1084,True,True,0x02,"NO_IRQ,OK,NO_IRQ,NO_IRQ","NONE,FULL,NONE,NONE",
6.667098,2026-09-01T18:55:10.516+01:00,360972,6186,1084,1084,True,True,0x02,"NO_IRQ,OK,NO_IRQ,NO_IRQ","NONE,FULL,NONE,NONE",
6.686826,2026-09-01T18:55:10.533+01:00,362056,6187,1084,1084,True,True,0x02,"NO_IRQ,OK,NO_IRQ,NO_IRQ","NONE,FULL,NONE,NONE",
6.707573,2026-09-01T18:55:10.553+01:00,363140,6188,1084,1084,True,True,0x02,"NO_IRQ,OK,NO_IRQ,NO_IRQ","NONE,FULL,NONE,NONE",
6.735633,2026-09-01T18:55:10.574+01:00,364224,6189,1084,1084,True,True,0x02,"NO_IRQ,OK,NO_IRQ,NO_IRQ","NONE,FULL,NONE,NONE",
6.751404,2026-09-01T18:55:10.602+01:00,365308,6190,1084,1084,True,True,0x02,"NO_IRQ,OK,NO_IRQ,NO_IRQ","NONE,FULL,NONE,NONE",
6.766972,2026-09-01T18:55:10.618+01:00,366392,6191,1084,1084,True,True,0x02,"NO_IRQ,OK,NO_IRQ,NO_IRQ","NONE,FULL,NONE,NONE",
6.787678,2026-09-01T18:55:10.633+01:00,367476,6192,1084,1084,True,True,0x02,"NO_IRQ,OK,NO_IRQ,NO_IRQ","NONE,FULL,NONE,NONE",
6.812496,2026-09-01T18:55:10.654+01:00,368560,6193,1084,1084,True,True,0x02,"NO_IRQ,OK,NO_IRQ,NO_IRQ","NONE,FULL,NONE,NONE",
6.827950,2026-09-01T18:55:10.679+01:00,369644,6194,1084,1084,True,True,0x02,"NO_IRQ,OK,NO_IRQ,NO_IRQ","NONE,FULL,NONE,NONE",
6.846979,2026-09-01T18:55:10.694+01:00,370728,6195,1084,1084,True,True,0x02,"NO_IRQ,OK,NO_IRQ,NO_IRQ","NONE,FULL,NONE,NONE",
6.867425,2026-09-01T18:55:10.713+01:00,371812,6196,1084,1084,True,True,0x02,"NO_IRQ,OK,NO_IRQ,NO_IRQ","NONE,FULL,NONE,NONE",
6.892375,2026-09-01T18:55:10.734+01:00,372896,6197,1084,1084,True,True,0x02,"NO_IRQ,OK,NO_IRQ,NO_IRQ","NONE,FULL,NONE,NONE",
6.907472,2026-09-01T18:55:10.758+01:00,373980,6198,1084,1084,True,True,0x02,"NO_IRQ,OK,NO_IRQ,NO_IRQ","NONE,FULL,NONE,NONE",
6.926783,2026-09-01T18:55:10.774+01:00,375064,6199,1084,1084,True,True,0x02,"NO_IRQ,OK,NO_IRQ,NO_IRQ","NONE,FULL,NONE,NONE",
6.946541,2026-09-01T18:55:10.793+01:00,376148,6200,1084,1084,True,True,0x02,"NO_IRQ,OK,NO_IRQ,NO_IRQ","NONE,FULL,NONE,NONE",
6.968472,2026-09-01T18:55:10.813+01:00,377232,6201,1084,1084,True,True,0x02,"NO_IRQ,OK,NO_IRQ,NO_IRQ","NONE,FULL,NONE,NONE",
6.986703,2026-09-01T18:55:10.835+01:00,378316,6202,1084,1084,True,True,0x02,"NO_IRQ,OK,NO_IRQ,NO_IRQ","NONE,FULL,NONE,NONE",
7.006284,2026-09-01T18:55:10.853+01:00,379400,6203,1084,1084,True,True,0x02,"NO_IRQ,OK,NO_IRQ,NO_IRQ","NONE,FULL,NONE,NONE",
7.037167,2026-09-01T18:55:10.873+01:00,380484,6204,1084,1084,True,True,0x02,"NO_IRQ,OK,NO_IRQ,NO_IRQ","NONE,FULL,NONE,NONE",
7.052645,2026-09-01T18:55:10.903+01:00,381568,6205,1084,1084,True,True,0x02,"NO_IRQ,OK,NO_IRQ,NO_IRQ","NONE,FULL,NONE,NONE",
7.067991,2026-09-01T18:55:10.919+01:00,382652,6206,1084,1084,True,True,0x02,"NO_IRQ,OK,NO_IRQ,NO_IRQ","NONE,FULL,NONE,NONE",
7.086162,2026-09-01T18:55:10.934+01:00,383736,6207,1084,1084,True,True,0x02,"NO_IRQ,OK,NO_IRQ,NO_IRQ","NONE,FULL,NONE,NONE",
7.106258,2026-09-01T18:55:10.952+01:00,384820,6208,1084,1084,True,True,0x02,"NO_IRQ,OK,NO_IRQ,NO_IRQ","NONE,FULL,NONE,NONE",
7.129205,2026-09-01T18:55:10.973+01:00,385904,6209,1084,1084,True,True,0x02,"NO_IRQ,OK,NO_IRQ,NO_IRQ","NONE,FULL,NONE,NONE",
7.146247,2026-09-01T18:55:10.996+01:00,386988,6210,1084,1084,True,True,0x02,"NO_IRQ,OK,NO_IRQ,NO_IRQ","NONE,FULL,NONE,NONE",
7.166028,2026-09-01T18:55:11.012+01:00,388072,6211,1084,1084,True,True,0x02,"NO_IRQ,OK,NO_IRQ,NO_IRQ","NONE,FULL,NONE,NONE",
7.195312,2026-09-01T18:55:11.032+01:00,389156,6212,1084,1084,True,True,0x02,"NO_IRQ,OK,NO_IRQ,NO_IRQ","NONE,FULL,NONE,NONE",
7.207759,2026-09-01T18:55:11.061+01:00,390240,6213,1084,1084,True,True,0x02,"NO_IRQ,OK,NO_IRQ,NO_IRQ","NONE,FULL,NONE,NONE",
7.226111,2026-09-01T18:55:11.074+01:00,391324,6214,1084,1084,True,True,0x02,"NO_IRQ,OK,NO_IRQ,NO_IRQ","NONE,FULL,NONE,NONE",
7.246412,2026-09-01T18:55:11.093+01:00,392408,6215,1084,1084,True,True,0x02,"NO_IRQ,OK,NO_IRQ,NO_IRQ","NONE,FULL,NONE,NONE",
7.266226,2026-09-01T18:55:11.113+01:00,393492,6216,1084,1084,True,True,0x02,"NO_IRQ,OK,NO_IRQ,NO_IRQ","NONE,FULL,NONE,NONE",
7.288143,2026-09-01T18:55:11.132+01:00,394576,6217,1084,1084,True,True,0x02,"NO_IRQ,OK,NO_IRQ,NO_IRQ","NONE,FULL,NONE,NONE",
7.305758,2026-09-01T18:55:11.154+01:00,395660,6218,1084,1084,True,True,0x02,"NO_IRQ,OK,NO_IRQ,NO_IRQ","NONE,FULL,NONE,NONE",
7.325603,2026-09-01T18:55:11.172+01:00,396744,6219,1084,1084,True,True,0x02,"NO_IRQ,OK,NO_IRQ,NO_IRQ","NONE,FULL,NONE,NONE",
7.346078,2026-09-01T18:55:11.192+01:00,397828,6220,1084,1084,True,True,0x02,"NO_IRQ,OK,NO_IRQ,NO_IRQ","NONE,FULL,NONE,NONE",
7.366160,2026-09-01T18:55:11.212+01:00,398912,6221,1084,1084,True,True,0x02,"NO_IRQ,OK,NO_IRQ,NO_IRQ","NONE,FULL,NONE,NONE",
7.390938,2026-09-01T18:55:11.232+01:00,399996,6222,1084,1084,True,True,0x02,"NO_IRQ,OK,NO_IRQ,NO_IRQ","NONE,FULL,NONE,NONE",
7.405642,2026-09-01T18:55:11.257+01:00,401080,6223,1084,1084,True,True,0x02,"NO_IRQ,OK,NO_IRQ,NO_IRQ","NONE,FULL,NONE,NONE",
7.425944,2026-09-01T18:55:11.272+01:00,402164,6224,1084,1084,True,True,0x02,"NO_IRQ,OK,NO_IRQ,NO_IRQ","NONE,FULL,NONE,NONE",
7.451829,2026-09-01T18:55:11.292+01:00,403248,6225,1084,1084,True,True,0x02,"NO_IRQ,OK,NO_IRQ,NO_IRQ","NONE,FULL,NONE,NONE",
7.465503,2026-09-01T18:55:11.318+01:00,404332,6226,1084,1084,True,True,0x02,"NO_IRQ,OK,NO_IRQ,NO_IRQ","NONE,FULL,NONE,NONE",
7.487760,2026-09-01T18:55:11.332+01:00,405416,6227,1084,1084,True,True,0x02,"NO_IRQ,OK,NO_IRQ,NO_IRQ","NONE,FULL,NONE,NONE",
7.505475,2026-09-01T18:55:11.354+01:00,406500,6228,1084,1084,True,True,0x02,"NO_IRQ,OK,NO_IRQ,NO_IRQ","NONE,FULL,NONE,NONE",
7.532057,2026-09-01T18:55:11.372+01:00,407584,6229,1084,1084,True,True,0x02,"NO_IRQ,OK,NO_IRQ,NO_IRQ","NONE,FULL,NONE,NONE",
7.547133,2026-09-01T18:55:11.398+01:00,408668,6230,1084,1084,True,True,0x02,"NO_IRQ,OK,NO_IRQ,NO_IRQ","NONE,FULL,NONE,NONE",
7.565290,2026-09-01T18:55:11.413+01:00,409752,6231,1084,1084,True,True,0x02,"NO_IRQ,OK,NO_IRQ,NO_IRQ","NONE,FULL,NONE,NONE",
7.585306,2026-09-01T18:55:11.432+01:00,410836,6232,1084,1084,True,True,0x02,"NO_IRQ,OK,NO_IRQ,NO_IRQ","NONE,FULL,NONE,NONE",
7.609009,2026-09-01T18:55:11.451+01:00,411920,6233,1084,1084,True,True,0x02,"NO_IRQ,OK,NO_IRQ,NO_IRQ","NONE,FULL,NONE,NONE",
7.625560,2026-09-01T18:55:11.475+01:00,413004,6234,1084,1084,True,True,0x02,"NO_IRQ,OK,NO_IRQ,NO_IRQ","NONE,FULL,NONE,NONE",
7.648118,2026-09-01T18:55:11.492+01:00,414088,6235,1084,1084,True,True,0x02,"NO_IRQ,OK,NO_IRQ,NO_IRQ","NONE,FULL,NONE,NONE",
7.665657,2026-09-01T18:55:11.514+01:00,415172,6236,1084,1084,True,True,0x02,"NO_IRQ,OK,NO_IRQ,NO_IRQ","NONE,FULL,NONE,NONE",
7.685116,2026-09-01T18:55:11.532+01:00,416256,6237,1084,1084,True,True,0x02,"NO_IRQ,OK,NO_IRQ,NO_IRQ","NONE,FULL,NONE,NONE",
7.711374,2026-09-01T18:55:11.552+01:00,417340,6238,1084,1084,True,True,0x02,"NO_IRQ,OK,NO_IRQ,NO_IRQ","NONE,FULL,NONE,NONE",
7.726509,2026-09-01T18:55:11.578+01:00,418424,6239,1084,1084,True,True,0x02,"NO_IRQ,OK,NO_IRQ,NO_IRQ","NONE,FULL,NONE,NONE",
7.745156,2026-09-01T18:55:11.593+01:00,419508,6240,1084,1084,True,True,0x02,"NO_IRQ,OK,NO_IRQ,NO_IRQ","NONE,FULL,NONE,NONE",
7.765386,2026-09-01T18:55:11.611+01:00,420592,6241,1084,1084,True,True,0x02,"NO_IRQ,OK,NO_IRQ,NO_IRQ","NONE,FULL,NONE,NONE",
7.784687,2026-09-01T18:55:11.631+01:00,421676,6242,1084,1084,True,True,0x02,"NO_IRQ,OK,NO_IRQ,NO_IRQ","NONE,FULL,NONE,NONE",
7.808325,2026-09-01T18:55:11.651+01:00,422760,6243,1084,1084,True,True,0x02,"NO_IRQ,OK,NO_IRQ,NO_IRQ","NONE,FULL,NONE,NONE",
7.824911,2026-09-01T18:55:11.675+01:00,423844,6244,1084,1084,True,True,0x02,"NO_IRQ,OK,NO_IRQ,NO_IRQ","NONE,FULL,NONE,NONE",
7.844910,2026-09-01T18:55:11.691+01:00,424928,6245,1084,1084,True,True,0x02,"NO_IRQ,OK,NO_IRQ,NO_IRQ","NONE,FULL,NONE,NONE",
7.871081,2026-09-01T18:55:11.711+01:00,426012,6246,1084,1084,True,True,0x02,"NO_IRQ,OK,NO_IRQ,NO_IRQ","NONE,FULL,NONE,NONE",
7.886138,2026-09-01T18:55:11.737+01:00,427096,6247,1084,1084,True,True,0x02,"NO_IRQ,OK,NO_IRQ,NO_IRQ","NONE,FULL,NONE,NONE",
7.904834,2026-09-01T18:55:11.753+01:00,428180,6248,1084,1084,True,True,0x02,"NO_IRQ,OK,NO_IRQ,NO_IRQ","NONE,FULL,NONE,NONE",
7.924616,2026-09-01T18:55:11.771+01:00,429264,6249,1084,1084,True,True,0x02,"NO_IRQ,OK,NO_IRQ,NO_IRQ","NONE,FULL,NONE,NONE",
7.944347,2026-09-01T18:55:11.791+01:00,430348,6250,1084,1084,True,True,0x02,"NO_IRQ,OK,NO_IRQ,NO_IRQ","NONE,FULL,NONE,NONE",
7.965232,2026-09-01T18:55:11.810+01:00,431432,6251,1084,1084,True,True,0x02,"NO_IRQ,OK,NO_IRQ,NO_IRQ","NONE,FULL,NONE,NONE",
7.989847,2026-09-01T18:55:11.831+01:00,432516,6252,1084,1084,True,True,0x02,"NO_IRQ,OK,NO_IRQ,NO_IRQ","NONE,FULL,NONE,NONE",
8.006254,2026-09-01T18:55:11.856+01:00,433600,6253,1084,1084,True,True,0x02,"NO_IRQ,OK,NO_IRQ,NO_IRQ","NONE,FULL,NONE,NONE",
8.024768,2026-09-01T18:55:11.873+01:00,434684,6254,1084,1084,True,True,0x02,"NO_IRQ,OK,NO_IRQ,NO_IRQ","NONE,FULL,NONE,NONE",
8.044475,2026-09-01T18:55:11.891+01:00,435768,6255,1084,1084,True,True,0x02,"NO_IRQ,OK,NO_IRQ,NO_IRQ","NONE,FULL,NONE,NONE",
8.064555,2026-09-01T18:55:11.911+01:00,436852,6256,1084,1084,True,True,0x02,"NO_IRQ,OK,NO_IRQ,NO_IRQ","NONE,FULL,NONE,NONE",
8.084252,2026-09-01T18:55:11.931+01:00,437936,6257,1084,1084,True,True,0x02,"NO_IRQ,OK,NO_IRQ,NO_IRQ","NONE,FULL,NONE,NONE",
8.105487,2026-09-01T18:55:11.950+01:00,439020,6258,1084,1084,True,True,0x02,"NO_IRQ,OK,NO_IRQ,NO_IRQ","NONE,FULL,NONE,NONE",
8.124285,2026-09-01T18:55:11.972+01:00,440104,6259,1084,1084,True,True,0x02,"NO_IRQ,OK,NO_IRQ,NO_IRQ","NONE,FULL,NONE,NONE",
8.149325,2026-09-01T18:55:11.990+01:00,441188,6260,1084,1084,True,True,0x02,"NO_IRQ,OK,NO_IRQ,NO_IRQ","NONE,FULL,NONE,NONE",
8.165366,2026-09-01T18:55:12.015+01:00,442272,6261,1084,1084,True,True,0x02,"NO_IRQ,OK,NO_IRQ,NO_IRQ","NONE,FULL,NONE,NONE",
8.184202,2026-09-01T18:55:12.032+01:00,443356,6262,1084,1084,True,True,0x02,"NO_IRQ,OK,NO_IRQ,NO_IRQ","NONE,FULL,NONE,NONE",
8.204323,2026-09-01T18:55:12.050+01:00,444440,6263,1084,1084,True,True,0x02,"NO_IRQ,OK,NO_IRQ,NO_IRQ","NONE,FULL,NONE,NONE",
8.228581,2026-09-01T18:55:12.071+01:00,445524,6264,1084,1084,True,True,0x02,"NO_IRQ,OK,NO_IRQ,NO_IRQ","NONE,FULL,NONE,NONE",
8.244238,2026-09-01T18:55:12.095+01:00,446608,6265,1084,1084,True,True,0x02,"NO_IRQ,OK,NO_IRQ,NO_IRQ","NONE,FULL,NONE,NONE",
8.274192,2026-09-01T18:55:12.110+01:00,447692,6266,1084,1084,True,True,0x02,"NO_IRQ,OK,NO_IRQ,NO_IRQ","NONE,FULL,NONE,NONE",
8.284189,2026-09-01T18:55:12.140+01:00,448776,6267,1084,1084,True,True,0x02,"NO_IRQ,OK,NO_IRQ,NO_IRQ","NONE,FULL,NONE,NONE",
8.312569,2026-09-01T18:55:12.151+01:00,449860,6268,1084,1084,True,True,0x02,"NO_IRQ,OK,NO_IRQ,NO_IRQ","NONE,FULL,NONE,NONE",
8.323856,2026-09-01T18:55:12.179+01:00,450944,6269,1084,1084,True,True,0x02,"NO_IRQ,OK,NO_IRQ,NO_IRQ","NONE,FULL,NONE,NONE",
8.347312,2026-09-01T18:55:12.191+01:00,452028,6270,1084,1084,True,True,0x02,"NO_IRQ,OK,NO_IRQ,NO_IRQ","NONE,FULL,NONE,NONE",
8.363686,2026-09-01T18:55:12.213+01:00,453112,6271,1084,1084,True,True,0x02,"NO_IRQ,OK,NO_IRQ,NO_IRQ","NONE,FULL,NONE,NONE",
8.383687,2026-09-01T18:55:12.230+01:00,454196,6272,1084,1084,True,True,0x02,"NO_IRQ,OK,NO_IRQ,NO_IRQ","NONE,FULL,NONE,NONE",
8.406862,2026-09-01T18:55:12.250+01:00,455280,6273,1084,1084,True,True,0x02,"NO_IRQ,OK,NO_IRQ,NO_IRQ","NONE,FULL,NONE,NONE",
8.424661,2026-09-01T18:55:12.273+01:00,456364,6274,1084,1084,True,True,0x02,"NO_IRQ,OK,NO_IRQ,NO_IRQ","NONE,FULL,NONE,NONE",
8.444398,2026-09-01T18:55:12.291+01:00,457448,6275,1084,1084,True,True,0x02,"NO_IRQ,OK,NO_IRQ,NO_IRQ","NONE,FULL,NONE,NONE",
8.466187,2026-09-01T18:55:12.311+01:00,458532,6276,1084,1084,True,True,0x02,"NO_IRQ,OK,NO_IRQ,NO_IRQ","NONE,FULL,NONE,NONE",
8.492914,2026-09-01T18:55:12.333+01:00,459616,6277,1084,1084,True,True,0x02,"NO_IRQ,OK,NO_IRQ,NO_IRQ","NONE,FULL,NONE,NONE",
8.504495,2026-09-01T18:55:12.359+01:00,460700,6278,1084,1084,True,True,0x02,"NO_IRQ,OK,NO_IRQ,NO_IRQ","NONE,FULL,NONE,NONE",
8.523784,2026-09-01T18:55:12.371+01:00,461784,6279,1084,1084,True,True,0x02,"NO_IRQ,OK,NO_IRQ,NO_IRQ","NONE,FULL,NONE,NONE",
8.545900,2026-09-01T18:55:12.390+01:00,462868,6280,1084,1084,True,True,0x02,"NO_IRQ,OK,NO_IRQ,NO_IRQ","NONE,FULL,NONE,NONE",
8.567486,2026-09-01T18:55:12.412+01:00,463952,6281,1084,1084,True,True,0x02,"NO_IRQ,OK,NO_IRQ,NO_IRQ","NONE,FULL,NONE,NONE",
8.595388,2026-09-01T18:55:12.434+01:00,465036,6282,1084,1084,True,True,0x02,"NO_IRQ,OK,NO_IRQ,NO_IRQ","NONE,FULL,NONE,NONE",
8.604041,2026-09-01T18:55:12.462+01:00,466120,6283,1084,1084,True,True,0x02,"NO_IRQ,OK,NO_IRQ,NO_IRQ","NONE,FULL,NONE,NONE",
8.629309,2026-09-01T18:55:12.471+01:00,467204,6284,1084,1084,True,True,0x02,"NO_IRQ,OK,NO_IRQ,NO_IRQ","NONE,FULL,NONE,NONE",
8.643493,2026-09-01T18:55:12.495+01:00,468288,6285,1084,1084,True,True,0x02,"NO_IRQ,OK,NO_IRQ,NO_IRQ","NONE,FULL,NONE,NONE",
8.664364,2026-09-01T18:55:12.510+01:00,469372,6286,1084,1084,True,True,0x02,"NO_IRQ,OK,NO_IRQ,NO_IRQ","NONE,FULL,NONE,NONE",
8.684758,2026-09-01T18:55:12.531+01:00,470456,6287,1084,1084,True,True,0x02,"NO_IRQ,OK,NO_IRQ,NO_IRQ","NONE,FULL,NONE,NONE",
8.709517,2026-09-01T18:55:12.551+01:00,471540,6288,1084,1084,True,True,0x02,"NO_IRQ,OK,NO_IRQ,NO_IRQ","NONE,FULL,NONE,NONE",
8.732592,2026-09-01T18:55:12.576+01:00,472624,6289,1084,1084,True,True,0x02,"NO_IRQ,OK,NO_IRQ,NO_IRQ","NONE,FULL,NONE,NONE",
8.743375,2026-09-01T18:55:12.599+01:00,473708,6290,1084,1084,True,True,0x02,"NO_IRQ,OK,NO_IRQ,NO_IRQ","NONE,FULL,NONE,NONE",
8.767327,2026-09-01T18:55:12.610+01:00,474792,6291,1084,1084,True,True,0x02,"NO_IRQ,OK,NO_IRQ,NO_IRQ","NONE,FULL,NONE,NONE",
8.782902,2026-09-01T18:55:12.634+01:00,475876,6292,1084,1084,True,True,0x02,"NO_IRQ,OK,NO_IRQ,NO_IRQ","NONE,FULL,NONE,NONE",
8.803893,2026-09-01T18:55:12.649+01:00,476960,6293,1084,1084,True,True,0x02,"NO_IRQ,OK,NO_IRQ,NO_IRQ","NONE,FULL,NONE,NONE",
8.825170,2026-09-01T18:55:12.671+01:00,478044,6294,1084,1084,True,True,0x02,"NO_IRQ,OK,NO_IRQ,NO_IRQ","NONE,FULL,NONE,NONE",
8.842865,2026-09-01T18:55:12.691+01:00,479128,6295,1084,1084,True,True,0x02,"NO_IRQ,OK,NO_IRQ,NO_IRQ","NONE,FULL,NONE,NONE",
8.863498,2026-09-01T18:55:12.709+01:00,480212,6296,1084,1084,True,True,0x02,"NO_IRQ,OK,NO_IRQ,NO_IRQ","NONE,FULL,NONE,NONE",
8.883358,2026-09-01T18:55:12.730+01:00,481296,6297,1084,1084,True,True,0x02,"NO_IRQ,OK,NO_IRQ,NO_IRQ","NONE,FULL,NONE,NONE",
8.902967,2026-09-01T18:55:12.750+01:00,482380,6298,1084,1084,True,True,0x02,"NO_IRQ,OK,NO_IRQ,NO_IRQ","NONE,FULL,NONE,NONE",
8.926406,2026-09-01T18:55:12.769+01:00,483464,6299,1084,1084,True,True,0x02,"NO_IRQ,OK,NO_IRQ,NO_IRQ","NONE,FULL,NONE,NONE",
8.948617,2026-09-01T18:55:12.793+01:00,484548,6300,1084,1084,True,True,0x02,"NO_IRQ,OK,NO_IRQ,NO_IRQ","NONE,FULL,NONE,NONE",
8.964733,2026-09-01T18:55:12.815+01:00,485632,6301,1084,1084,True,True,0x02,"NO_IRQ,OK,NO_IRQ,NO_IRQ","NONE,FULL,NONE,NONE",
8.983369,2026-09-01T18:55:12.832+01:00,486716,6302,1084,1084,True,True,0x02,"NO_IRQ,OK,NO_IRQ,NO_IRQ","NONE,FULL,NONE,NONE",
9.004108,2026-09-01T18:55:12.850+01:00,487800,6303,1084,1084,True,True,0x02,"NO_IRQ,OK,NO_IRQ,NO_IRQ","NONE,FULL,NONE,NONE",
9.022506,2026-09-01T18:55:12.870+01:00,488884,6304,1084,1084,True,True,0x02,"NO_IRQ,OK,NO_IRQ,NO_IRQ","NONE,FULL,NONE,NONE",
9.042310,2026-09-01T18:55:12.889+01:00,489968,6305,1084,1084,True,True,0x02,"NO_IRQ,OK,NO_IRQ,NO_IRQ","NONE,FULL,NONE,NONE",
9.063540,2026-09-01T18:55:12.909+01:00,491052,6306,1084,1084,True,True,0x02,"NO_IRQ,OK,NO_IRQ,NO_IRQ","NONE,FULL,NONE,NONE",
9.090284,2026-09-01T18:55:12.930+01:00,492136,6307,1084,1084,True,True,0x02,"NO_IRQ,OK,NO_IRQ,NO_IRQ","NONE,FULL,NONE,NONE",
9.113460,2026-09-01T18:55:12.956+01:00,493220,6308,1084,1084,True,True,0x02,"NO_IRQ,OK,NO_IRQ,NO_IRQ","NONE,FULL,NONE,NONE",
9.124334,2026-09-01T18:55:12.980+01:00,494304,6309,1084,1084,True,True,0x02,"NO_IRQ,OK,NO_IRQ,NO_IRQ","NONE,FULL,NONE,NONE",
9.142151,2026-09-01T18:55:12.990+01:00,495388,6310,1084,1084,True,True,0x02,"NO_IRQ,OK,NO_IRQ,NO_IRQ","NONE,FULL,NONE,NONE",
9.162186,2026-09-01T18:55:13.008+01:00,496472,6311,1084,1084,True,True,0x02,"NO_IRQ,OK,NO_IRQ,NO_IRQ","NONE,FULL,NONE,NONE",
9.184313,2026-09-01T18:55:13.028+01:00,497556,6312,1084,1084,True,True,0x02,"NO_IRQ,OK,NO_IRQ,NO_IRQ","NONE,FULL,NONE,NONE",
9.206397,2026-09-01T18:55:13.050+01:00,498640,6313,1084,1084,True,True,0x02,"NO_IRQ,OK,NO_IRQ,NO_IRQ","NONE,FULL,NONE,NONE",
9.228722,2026-09-01T18:55:13.073+01:00,499724,6314,1084,1084,True,True,0x02,"NO_IRQ,OK,NO_IRQ,NO_IRQ","NONE,FULL,NONE,NONE",
9.251796,2026-09-01T18:55:13.095+01:00,500808,6315,1084,1084,True,True,0x02,"NO_IRQ,OK,NO_IRQ,NO_IRQ","NONE,FULL,NONE,NONE",
9.262000,2026-09-01T18:55:13.118+01:00,501892,6316,1084,1084,True,True,0x02,"NO_IRQ,OK,NO_IRQ,NO_IRQ","NONE,FULL,NONE,NONE",
9.282981,2026-09-01T18:55:13.128+01:00,502976,6317,1084,1084,True,True,0x02,"NO_IRQ,OK,NO_IRQ,NO_IRQ","NONE,FULL,NONE,NONE",
9.302681,2026-09-01T18:55:13.149+01:00,504060,6318,1084,1084,True,True,0x02,"NO_IRQ,OK,NO_IRQ,NO_IRQ","NONE,FULL,NONE,NONE",
9.321716,2026-09-01T18:55:13.169+01:00,505144,6319,1084,1084,True,True,0x02,"NO_IRQ,OK,NO_IRQ,NO_IRQ","NONE,FULL,NONE,NONE",
9.342372,2026-09-01T18:55:13.189+01:00,506228,6320,1084,1084,True,True,0x02,"NO_IRQ,OK,NO_IRQ,NO_IRQ","NONE,FULL,NONE,NONE",
9.367530,2026-09-01T18:55:13.208+01:00,507312,6321,1084,1084,True,True,0x02,"NO_IRQ,OK,NO_IRQ,NO_IRQ","NONE,FULL,NONE,NONE",
9.382767,2026-09-01T18:55:13.234+01:00,508396,6322,1084,1084,True,True,0x02,"NO_IRQ,OK,NO_IRQ,NO_IRQ","NONE,FULL,NONE,NONE",
9.401699,2026-09-01T18:55:13.249+01:00,509480,6323,1084,1084,True,True,0x02,"NO_IRQ,OK,NO_IRQ,NO_IRQ","NONE,FULL,NONE,NONE",
9.421528,2026-09-01T18:55:13.268+01:00,510564,6324,1084,1084,True,True,0x02,"NO_IRQ,OK,NO_IRQ,NO_IRQ","NONE,FULL,NONE,NONE",
9.443141,2026-09-01T18:55:13.288+01:00,511648,6325,1084,1084,True,True,0x02,"NO_IRQ,OK,NO_IRQ,NO_IRQ","NONE,FULL,NONE,NONE",
9.462115,2026-09-01T18:55:13.309+01:00,512732,6326,1084,1084,True,True,0x02,"NO_IRQ,OK,NO_IRQ,NO_IRQ","NONE,FULL,NONE,NONE",
9.481693,2026-09-01T18:55:13.328+01:00,513816,6327,1084,1084,True,True,0x02,"NO_IRQ,OK,NO_IRQ,NO_IRQ","NONE,FULL,NONE,NONE",
9.501680,2026-09-01T18:55:13.348+01:00,514900,6328,1084,1084,True,True,0x02,"NO_IRQ,OK,NO_IRQ,NO_IRQ","NONE,FULL,NONE,NONE",
9.522580,2026-09-01T18:55:13.368+01:00,515984,6329,1084,1084,True,True,0x02,"NO_IRQ,OK,NO_IRQ,NO_IRQ","NONE,FULL,NONE,NONE",
9.541327,2026-09-01T18:55:13.389+01:00,517068,6330,1084,1084,True,True,0x02,"NO_IRQ,OK,NO_IRQ,NO_IRQ","NONE,FULL,NONE,NONE",
9.577167,2026-09-01T18:55:13.407+01:00,518152,6331,1084,1084,True,True,0x02,"NO_IRQ,OK,NO_IRQ,NO_IRQ","NONE,FULL,NONE,NONE",
9.581827,2026-09-01T18:55:13.443+01:00,519236,6332,1084,1084,True,True,0x02,"NO_IRQ,OK,NO_IRQ,NO_IRQ","NONE,FULL,NONE,NONE",
9.607898,2026-09-01T18:55:13.448+01:00,520320,6333,1084,1084,True,True,0x02,"NO_IRQ,OK,NO_IRQ,NO_IRQ","NONE,FULL,NONE,NONE",
9.621330,2026-09-01T18:55:13.474+01:00,521404,6334,1084,1084,True,True,0x02,"NO_IRQ,OK,NO_IRQ,NO_IRQ","NONE,FULL,NONE,NONE",
9.641241,2026-09-01T18:55:13.488+01:00,522488,6335,1084,1084,True,True,0x02,"NO_IRQ,OK,NO_IRQ,NO_IRQ","NONE,FULL,NONE,NONE",
9.663470,2026-09-01T18:55:13.508+01:00,523572,6336,1084,1084,True,True,0x02,"NO_IRQ,OK,NO_IRQ,NO_IRQ","NONE,FULL,NONE,NONE",
9.682129,2026-09-01T18:55:13.535+01:00,524656,6337,1084,1084,True,True,0x02,"NO_IRQ,OK,NO_IRQ,NO_IRQ","NONE,FULL,NONE,NONE",
9.701617,2026-09-01T18:55:13.548+01:00,525740,6338,1084,1084,True,True,0x02,"NO_IRQ,OK,NO_IRQ,NO_IRQ","NONE,FULL,NONE,NONE",
9.730347,2026-09-01T18:55:13.568+01:00,526824,6339,1084,1084,True,True,0x02,"NO_IRQ,OK,NO_IRQ,NO_IRQ","NONE,FULL,NONE,NONE",
9.741121,2026-09-01T18:55:13.597+01:00,527908,6340,1084,1084,True,True,0x02,"NO_IRQ,OK,NO_IRQ,NO_IRQ","NONE,FULL,NONE,NONE",
9.761360,2026-09-01T18:55:13.608+01:00,528992,6341,1084,1084,True,True,0x02,"NO_IRQ,OK,NO_IRQ,NO_IRQ","NONE,FULL,NONE,NONE",
9.787342,2026-09-01T18:55:13.628+01:00,530076,6342,1084,1084,True,True,0x02,"NO_IRQ,OK,NO_IRQ,NO_IRQ","NONE,FULL,NONE,NONE",
9.801381,2026-09-01T18:55:13.654+01:00,531160,6343,1084,1084,True,True,0x02,"NO_IRQ,OK,NO_IRQ,NO_IRQ","NONE,FULL,NONE,NONE",
9.822339,2026-09-01T18:55:13.668+01:00,532244,6344,1084,1084,True,True,0x02,"NO_IRQ,OK,NO_IRQ,NO_IRQ","NONE,FULL,NONE,NONE",
9.840956,2026-09-01T18:55:13.689+01:00,533328,6345,1084,1084,True,True,0x02,"NO_IRQ,OK,NO_IRQ,NO_IRQ","NONE,FULL,NONE,NONE",
9.872377,2026-09-01T18:55:13.707+01:00,534412,6346,1084,1084,True,True,0x02,"NO_IRQ,OK,NO_IRQ,NO_IRQ","NONE,FULL,NONE,NONE",
9.881433,2026-09-01T18:55:13.739+01:00,535496,6347,1084,1084,True,True,0x02,"NO_IRQ,OK,NO_IRQ,NO_IRQ","NONE,FULL,NONE,NONE",
9.903372,2026-09-01T18:55:13.748+01:00,536580,6348,1084,1084,True,True,0x02,"NO_IRQ,OK,NO_IRQ,NO_IRQ","NONE,FULL,NONE,NONE",
9.933079,2026-09-01T18:55:13.770+01:00,537664,6349,1084,1084,True,True,0x02,"NO_IRQ,OK,NO_IRQ,NO_IRQ","NONE,FULL,NONE,NONE",
9.941261,2026-09-01T18:55:13.799+01:00,538748,6350,1084,1084,True,True,0x02,"NO_IRQ,OK,NO_IRQ,NO_IRQ","NONE,FULL,NONE,NONE",
9.963778,2026-09-01T18:55:13.807+01:00,539832,6351,1084,1084,True,True,0x02,"NO_IRQ,OK,NO_IRQ,NO_IRQ","NONE,FULL,NONE,NONE",
9.980627,2026-09-01T18:55:13.830+01:00,540916,6352,1084,1084,True,True,0x02,"NO_IRQ,OK,NO_IRQ,NO_IRQ","NONE,FULL,NONE,NONE",
10.001369,2026-09-01T18:55:13.847+01:00,542000,6353,1084,1084,True,True,0x02,"NO_IRQ,OK,NO_IRQ,NO_IRQ","NONE,FULL,NONE,NONE",
10.023377,2026-09-01T18:55:13.868+01:00,543084,6354,1084,1084,True,True,0x02,"NO_IRQ,OK,NO_IRQ,NO_IRQ","NONE,FULL,NONE,NONE",
10.040483,2026-09-01T18:55:13.890+01:00,544168,6355,1084,1084,True,True,0x02,"NO_IRQ,OK,NO_IRQ,NO_IRQ","NONE,FULL,NONE,NONE",
10.061633,2026-09-01T18:55:13.907+01:00,545252,6356,1084,1084,True,True,0x02,"NO_IRQ,OK,NO_IRQ,NO_IRQ","NONE,FULL,NONE,NONE",
10.082844,2026-09-01T18:55:13.928+01:00,546336,6357,1084,1084,True,True,0x02,"NO_IRQ,OK,NO_IRQ,NO_IRQ","NONE,FULL,NONE,NONE",
10.100379,2026-09-01T18:55:13.949+01:00,547420,6358,1084,1084,True,True,0x02,"NO_IRQ,OK,NO_IRQ,NO_IRQ","NONE,FULL,NONE,NONE",
10.120397,2026-09-01T18:55:13.967+01:00,548504,6359,1084,1084,True,True,0x02,"NO_IRQ,OK,NO_IRQ,NO_IRQ","NONE,FULL,NONE,NONE",
10.147733,2026-09-01T18:55:13.987+01:00,549588,6360,1084,1084,True,True,0x02,"NO_IRQ,OK,NO_IRQ,NO_IRQ","NONE,FULL,NONE,NONE",
10.165397,2026-09-01T18:55:14.014+01:00,550672,6361,1084,1084,True,True,0x02,"NO_IRQ,OK,NO_IRQ,NO_IRQ","NONE,FULL,NONE,NONE",
10.180970,2026-09-01T18:55:14.034+01:00,551756,6362,1084,1084,True,True,0x02,"NO_IRQ,OK,NO_IRQ,NO_IRQ","NONE,FULL,NONE,NONE",
10.204314,2026-09-01T18:55:14.047+01:00,552840,6363,1084,1084,True,True,0x02,"NO_IRQ,OK,NO_IRQ,NO_IRQ","NONE,FULL,NONE,NONE",
10.220300,2026-09-01T18:55:14.071+01:00,553924,6364,1084,1084,True,True,0x02,"NO_IRQ,OK,NO_IRQ,NO_IRQ","NONE,FULL,NONE,NONE",
10.240174,2026-09-01T18:55:14.087+01:00,555008,6365,1084,1084,True,True,0x02,"NO_IRQ,OK,NO_IRQ,NO_IRQ","NONE,FULL,NONE,NONE",
10.265882,2026-09-01T18:55:14.107+01:00,556092,6366,1084,1084,True,True,0x02,"NO_IRQ,OK,NO_IRQ,NO_IRQ","NONE,FULL,NONE,NONE",
10.280090,2026-09-01T18:55:14.132+01:00,557176,6367,1084,1084,True,True,0x02,"NO_IRQ,OK,NO_IRQ,NO_IRQ","NONE,FULL,NONE,NONE",
10.300756,2026-09-01T18:55:14.147+01:00,558260,6368,1084,1084,True,True,0x02,"NO_IRQ,OK,NO_IRQ,NO_IRQ","NONE,FULL,NONE,NONE",
10.325725,2026-09-01T18:55:14.167+01:00,559344,6369,1084,1084,True,True,0x02,"NO_IRQ,OK,NO_IRQ,NO_IRQ","NONE,FULL,NONE,NONE",
10.339921,2026-09-01T18:55:14.192+01:00,560428,6370,1084,1084,True,True,0x02,"NO_IRQ,OK,NO_IRQ,NO_IRQ","NONE,FULL,NONE,NONE",
10.360510,2026-09-01T18:55:14.207+01:00,561512,6371,1084,1084,True,True,0x02,"NO_IRQ,OK,NO_IRQ,NO_IRQ","NONE,FULL,NONE,NONE",
10.384782,2026-09-01T18:55:14.227+01:00,562596,6372,1084,1084,True,True,0x02,"NO_IRQ,OK,NO_IRQ,NO_IRQ","NONE,FULL,NONE,NONE",
10.399892,2026-09-01T18:55:14.252+01:00,563680,6373,1084,1084,True,True,0x02,"NO_IRQ,OK,NO_IRQ,NO_IRQ","NONE,FULL,NONE,NONE",
10.420312,2026-09-01T18:55:14.266+01:00,564764,6374,1084,1084,True,True,0x02,"NO_IRQ,OK,NO_IRQ,NO_IRQ","NONE,FULL,NONE,NONE",
10.439741,2026-09-01T18:55:14.287+01:00,565848,6375,1084,1084,True,True,0x02,"NO_IRQ,OK,NO_IRQ,NO_IRQ","NONE,FULL,NONE,NONE",
10.470520,2026-09-01T18:55:14.306+01:00,566932,6376,1084,1084,True,True,0x02,"NO_IRQ,OK,NO_IRQ,NO_IRQ","NONE,FULL,NONE,NONE",
10.480348,2026-09-01T18:55:14.337+01:00,568016,6377,1084,1084,True,True,0x02,"NO_IRQ,OK,NO_IRQ,NO_IRQ","NONE,FULL,NONE,NONE",
10.501973,2026-09-01T18:55:14.346+01:00,569100,6378,1084,1084,True,True,0x02,"NO_IRQ,OK,NO_IRQ,NO_IRQ","NONE,FULL,NONE,NONE",
10.520362,2026-09-01T18:55:14.368+01:00,570184,6379,1084,1084,True,True,0x02,"NO_IRQ,OK,NO_IRQ,NO_IRQ","NONE,FULL,NONE,NONE",
10.541050,2026-09-01T18:55:14.388+01:00,571268,6380,1084,1084,True,True,0x02,"NO_IRQ,OK,NO_IRQ,NO_IRQ","NONE,FULL,NONE,NONE",
10.563792,2026-09-01T18:55:14.407+01:00,572352,6381,1084,1084,True,True,0x02,"NO_IRQ,OK,NO_IRQ,NO_IRQ","NONE,FULL,NONE,NONE",
10.579867,2026-09-01T18:55:14.430+01:00,573436,6382,1084,1084,True,True,0x02,"NO_IRQ,OK,NO_IRQ,NO_IRQ","NONE,FULL,NONE,NONE",
10.600153,2026-09-01T18:55:14.446+01:00,574520,6383,1084,1084,True,True,0x02,"NO_IRQ,OK,NO_IRQ,NO_IRQ","NONE,FULL,NONE,NONE",
10.622583,2026-09-01T18:55:14.466+01:00,575604,6384,1084,1084,True,True,0x02,"NO_IRQ,OK,NO_IRQ,NO_IRQ","NONE,FULL,NONE,NONE",
10.649939,2026-09-01T18:55:14.489+01:00,576688,6385,1084,1084,True,True,0x02,"NO_IRQ,OK,NO_IRQ,NO_IRQ","NONE,FULL,NONE,NONE",
10.659480,2026-09-01T18:55:14.516+01:00,577772,6386,1084,1084,True,True,0x02,"NO_IRQ,OK,NO_IRQ,NO_IRQ","NONE,FULL,NONE,NONE",
10.679552,2026-09-01T18:55:14.526+01:00,578856,6387,1084,1084,True,True,0x02,"NO_IRQ,OK,NO_IRQ,NO_IRQ","NONE,FULL,NONE,NONE",
10.699787,2026-09-01T18:55:14.546+01:00,579940,6388,1084,1084,True,True,0x02,"NO_IRQ,OK,NO_IRQ,NO_IRQ","NONE,FULL,NONE,NONE",
10.719294,2026-09-01T18:55:14.566+01:00,581024,6389,1084,1084,True,True,0x02,"NO_IRQ,OK,NO_IRQ,NO_IRQ","NONE,FULL,NONE,NONE",
10.739015,2026-09-01T18:55:14.585+01:00,582108,6390,1084,1084,True,True,0x02,"NO_IRQ,OK,NO_IRQ,NO_IRQ","NONE,FULL,NONE,NONE",
10.759483,2026-09-01T18:55:14.605+01:00,583192,6391,1084,1084,True,True,0x02,"NO_IRQ,OK,NO_IRQ,NO_IRQ","NONE,FULL,NONE,NONE",
10.783263,2026-09-01T18:55:14.626+01:00,584276,6392,1084,1084,True,True,0x02,"NO_IRQ,OK,NO_IRQ,NO_IRQ","NONE,FULL,NONE,NONE",
10.808535,2026-09-01T18:55:14.649+01:00,585360,6393,1084,1084,True,True,0x02,"NO_IRQ,OK,NO_IRQ,NO_IRQ","NONE,FULL,NONE,NONE",
10.819347,2026-09-01T18:55:14.675+01:00,586444,6394,1084,1084,True,True,0x02,"NO_IRQ,OK,NO_IRQ,NO_IRQ","NONE,FULL,NONE,NONE",
10.839579,2026-09-01T18:55:14.686+01:00,587528,6395,1084,1084,True,True,0x02,"NO_IRQ,OK,NO_IRQ,NO_IRQ","NONE,FULL,NONE,NONE",
10.859245,2026-09-01T18:55:14.706+01:00,588612,6396,1084,1084,True,True,0x02,"NO_IRQ,OK,NO_IRQ,NO_IRQ","NONE,FULL,NONE,NONE",
10.879089,2026-09-01T18:55:14.725+01:00,589696,6397,1084,1084,True,True,0x02,"NO_IRQ,OK,NO_IRQ,NO_IRQ","NONE,FULL,NONE,NONE",
10.901163,2026-09-01T18:55:14.746+01:00,590780,6398,1084,1084,True,True,0x02,"NO_IRQ,OK,NO_IRQ,NO_IRQ","NONE,FULL,NONE,NONE",
10.922571,2026-09-01T18:55:14.767+01:00,591864,6399,1084,1084,True,True,0x02,"NO_IRQ,OK,NO_IRQ,NO_IRQ","NONE,FULL,NONE,NONE",
10.939067,2026-09-01T18:55:14.789+01:00,592948,6400,1084,1084,True,True,0x02,"NO_IRQ,OK,NO_IRQ,NO_IRQ","NONE,FULL,NONE,NONE",
10.958712,2026-09-01T18:55:14.805+01:00,594032,6401,1084,1084,True,True,0x02,"NO_IRQ,OK,NO_IRQ,NO_IRQ","NONE,FULL,NONE,NONE",
10.979852,2026-09-01T18:55:14.825+01:00,595116,6402,1084,1084,True,True,0x02,"NO_IRQ,OK,NO_IRQ,NO_IRQ","NONE,FULL,NONE,NONE",
11.003806,2026-09-01T18:55:14.846+01:00,596200,6403,1084,1084,True,True,0x02,"NO_IRQ,OK,NO_IRQ,NO_IRQ","NONE,FULL,NONE,NONE",
11.020385,2026-09-01T18:55:14.870+01:00,597284,6404,1084,1084,True,True,0x02,"NO_IRQ,OK,NO_IRQ,NO_IRQ","NONE,FULL,NONE,NONE",
11.044997,2026-09-01T18:55:14.890+01:00,598368,6405,1084,1084,True,True,0x02,"NO_IRQ,OK,NO_IRQ,NO_IRQ","NONE,FULL,NONE,NONE",
11.068136,2026-09-01T18:55:14.911+01:00,599452,6406,1084,1084,True,True,0x02,"NO_IRQ,OK,NO_IRQ,NO_IRQ","NONE,FULL,NONE,NONE",
11.078760,2026-09-01T18:55:14.934+01:00,600536,6407,1084,1084,True,True,0x02,"NO_IRQ,OK,NO_IRQ,NO_IRQ","NONE,FULL,NONE,NONE",
11.099456,2026-09-01T18:55:14.945+01:00,601620,6408,1084,1084,True,True,0x02,"NO_IRQ,OK,NO_IRQ,NO_IRQ","NONE,FULL,NONE,NONE",
11.118393,2026-09-01T18:55:14.966+01:00,602704,6409,1084,1084,True,True,0x02,"NO_IRQ,OK,NO_IRQ,NO_IRQ","NONE,FULL,NONE,NONE",
11.140191,2026-09-01T18:55:14.984+01:00,603788,6410,1084,1084,True,True,0x02,"NO_IRQ,OK,NO_IRQ,NO_IRQ","NONE,FULL,NONE,NONE",
11.158251,2026-09-01T18:55:15.007+01:00,604872,6411,1084,1084,True,True,0x02,"NO_IRQ,OK,NO_IRQ,NO_IRQ","NONE,FULL,NONE,NONE",
11.178495,2026-09-01T18:55:15.024+01:00,605956,6412,1084,1084,True,True,0x02,"NO_IRQ,OK,NO_IRQ,NO_IRQ","NONE,FULL,NONE,NONE",
11.209820,2026-09-01T18:55:15.045+01:00,607040,6413,1084,1084,True,True,0x02,"NO_IRQ,OK,NO_IRQ,NO_IRQ","NONE,FULL,NONE,NONE",
11.218614,2026-09-01T18:55:15.076+01:00,608124,6414,1084,1084,True,True,0x02,"NO_IRQ,OK,NO_IRQ,NO_IRQ","NONE,FULL,NONE,NONE",
11.238371,2026-09-01T18:55:15.093+01:00,609208,6415,1084,1084,True,True,0x02,"NO_IRQ,OK,NO_IRQ,NO_IRQ","NONE,FULL,NONE,NONE",
11.258321,2026-09-01T18:55:15.105+01:00,610292,6416,1084,1084,True,True,0x02,"NO_IRQ,OK,NO_IRQ,NO_IRQ","NONE,FULL,NONE,NONE",
11.278793,2026-09-01T18:55:15.124+01:00,611376,6417,1084,1084,True,True,0x02,"NO_IRQ,OK,NO_IRQ,NO_IRQ","NONE,FULL,NONE,NONE",
11.301873,2026-09-01T18:55:15.145+01:00,612460,6418,1084,1084,True,True,0x02,"NO_IRQ,OK,NO_IRQ,NO_IRQ","NONE,FULL,NONE,NONE",
11.318074,2026-09-01T18:55:15.168+01:00,613544,6419,1084,1084,True,True,0x02,"NO_IRQ,OK,NO_IRQ,NO_IRQ","NONE,FULL,NONE,NONE",
11.339138,2026-09-01T18:55:15.184+01:00,614628,6420,1084,1084,True,True,0x02,"NO_IRQ,OK,NO_IRQ,NO_IRQ","NONE,FULL,NONE,NONE",
11.358285,2026-09-01T18:55:15.205+01:00,615712,6421,1084,1084,True,True,0x02,"NO_IRQ,OK,NO_IRQ,NO_IRQ","NONE,FULL,NONE,NONE",
11.378177,2026-09-01T18:55:15.224+01:00,616796,6422,1084,1084,True,True,0x02,"NO_IRQ,OK,NO_IRQ,NO_IRQ","NONE,FULL,NONE,NONE",
11.399234,2026-09-01T18:55:15.244+01:00,617880,6423,1084,1084,True,True,0x02,"NO_IRQ,OK,NO_IRQ,NO_IRQ","NONE,FULL,NONE,NONE",
11.417935,2026-09-01T18:55:15.265+01:00,618964,6424,1084,1084,True,True,0x02,"NO_IRQ,OK,NO_IRQ,NO_IRQ","NONE,FULL,NONE,NONE",
11.437835,2026-09-01T18:55:15.284+01:00,620048,6425,1084,1084,True,True,0x02,"NO_IRQ,OK,NO_IRQ,NO_IRQ","NONE,FULL,NONE,NONE",
11.461514,2026-09-01T18:55:15.304+01:00,621132,6426,1084,1084,True,True,0x02,"NO_IRQ,OK,NO_IRQ,NO_IRQ","NONE,FULL,NONE,NONE",
11.477744,2026-09-01T18:55:15.328+01:00,622216,6427,1084,1084,True,True,0x02,"NO_IRQ,OK,NO_IRQ,NO_IRQ","NONE,FULL,NONE,NONE",
11.498260,2026-09-01T18:55:15.344+01:00,623300,6428,1084,1084,True,True,0x02,"NO_IRQ,OK,NO_IRQ,NO_IRQ","NONE,FULL,NONE,NONE",
11.518442,2026-09-01T18:55:15.365+01:00,624384,6429,1084,1084,True,True,0x02,"NO_IRQ,OK,NO_IRQ,NO_IRQ","NONE,FULL,NONE,NONE",
11.537795,2026-09-01T18:55:15.385+01:00,625468,6430,1084,1084,True,True,0x02,"NO_IRQ,OK,NO_IRQ,NO_IRQ","NONE,FULL,NONE,NONE",
11.558934,2026-09-01T18:55:15.404+01:00,626552,6431,1084,1084,True,True,0x02,"NO_IRQ,OK,NO_IRQ,NO_IRQ","NONE,FULL,NONE,NONE",
11.580432,2026-09-01T18:55:15.425+01:00,627636,6432,1084,1084,True,True,0x02,"NO_IRQ,OK,NO_IRQ,NO_IRQ","NONE,FULL,NONE,NONE",
11.604305,2026-09-01T18:55:15.447+01:00,628720,6433,1084,1084,True,True,0x02,"NO_IRQ,OK,NO_IRQ,NO_IRQ","NONE,FULL,NONE,NONE",
11.617724,2026-09-01T18:55:15.470+01:00,629804,6434,1084,1084,True,True,0x02,"NO_IRQ,OK,NO_IRQ,NO_IRQ","NONE,FULL,NONE,NONE",
11.637760,2026-09-01T18:55:15.484+01:00,630888,6435,1084,1084,True,True,0x02,"NO_IRQ,OK,NO_IRQ,NO_IRQ","NONE,FULL,NONE,NONE",
11.657387,2026-09-01T18:55:15.504+01:00,631972,6436,1084,1084,True,True,0x02,"NO_IRQ,OK,NO_IRQ,NO_IRQ","NONE,FULL,NONE,NONE",
11.677710,2026-09-01T18:55:15.524+01:00,633056,6437,1084,1084,True,True,0x02,"NO_IRQ,OK,NO_IRQ,NO_IRQ","NONE,FULL,NONE,NONE",
11.697287,2026-09-01T18:55:15.544+01:00,634140,6438,1084,1084,True,True,0x02,"NO_IRQ,OK,NO_IRQ,NO_IRQ","NONE,FULL,NONE,NONE",
11.718858,2026-09-01T18:55:15.564+01:00,635224,6439,1084,1084,True,True,0x02,"NO_IRQ,OK,NO_IRQ,NO_IRQ","NONE,FULL,NONE,NONE",
11.741537,2026-09-01T18:55:15.585+01:00,636308,6440,1084,1084,True,True,0x02,"NO_IRQ,OK,NO_IRQ,NO_IRQ","NONE,FULL,NONE,NONE",
11.765794,2026-09-01T18:55:15.608+01:00,637392,6441,1084,1084,True,True,0x02,"NO_IRQ,OK,NO_IRQ,NO_IRQ","NONE,FULL,NONE,NONE",
11.776988,2026-09-01T18:55:15.632+01:00,638476,6442,1084,1084,True,True,0x02,"NO_IRQ,OK,NO_IRQ,NO_IRQ","NONE,FULL,NONE,NONE",
11.797699,2026-09-01T18:55:15.643+01:00,639560,6443,1084,1084,True,True,0x02,"NO_IRQ,OK,NO_IRQ,NO_IRQ","NONE,FULL,NONE,NONE",
11.816888,2026-09-01T18:55:15.664+01:00,640644,6444,1084,1084,True,True,0x02,"NO_IRQ,OK,NO_IRQ,NO_IRQ","NONE,FULL,NONE,NONE",
11.837537,2026-09-01T18:55:15.683+01:00,641728,6445,1084,1084,True,True,0x02,"NO_IRQ,OK,NO_IRQ,NO_IRQ","NONE,FULL,NONE,NONE",
11.858913,2026-09-01T18:55:15.704+01:00,642812,6446,1084,1084,True,True,0x02,"NO_IRQ,OK,NO_IRQ,NO_IRQ","NONE,FULL,NONE,NONE",
11.876845,2026-09-01T18:55:15.727+01:00,643896,6447,1084,1084,True,True,0x02,"NO_IRQ,OK,NO_IRQ,NO_IRQ","NONE,FULL,NONE,NONE",
11.901654,2026-09-01T18:55:15.743+01:00,644980,6448,1084,1084,True,True,0x02,"NO_IRQ,OK,NO_IRQ,NO_IRQ","NONE,FULL,NONE,NONE",
11.919173,2026-09-01T18:55:15.768+01:00,646064,6449,1084,1084,True,True,0x02,"NO_IRQ,OK,NO_IRQ,NO_IRQ","NONE,FULL,NONE,NONE",
11.936748,2026-09-01T18:55:15.789+01:00,647148,6450,1084,1084,True,True,0x02,"NO_IRQ,OK,NO_IRQ,NO_IRQ","NONE,FULL,NONE,NONE",
11.958106,2026-09-01T18:55:15.803+01:00,648232,6451,1084,1084,True,True,0x02,"NO_IRQ,OK,NO_IRQ,NO_IRQ","NONE,FULL,NONE,NONE",
11.976883,2026-09-01T18:55:15.824+01:00,649316,6452,1084,1084,True,True,0x02,"NO_IRQ,OK,NO_IRQ,NO_IRQ","NONE,FULL,NONE,NONE",
11.997690,2026-09-01T18:55:15.843+01:00,650400,6453,1084,1084,True,True,0x02,"NO_IRQ,OK,NO_IRQ,NO_IRQ","NONE,FULL,NONE,NONE",
12.019206,2026-09-01T18:55:15.864+01:00,651484,6454,1084,1084,True,True,0x02,"NO_IRQ,OK,NO_IRQ,NO_IRQ","NONE,FULL,NONE,NONE",
12.036665,2026-09-01T18:55:15.885+01:00,652568,6455,1084,1084,True,True,0x02,"NO_IRQ,OK,NO_IRQ,NO_IRQ","NONE,FULL,NONE,NONE",
12.058075,2026-09-01T18:55:15.903+01:00,653652,6456,1084,1084,True,True,0x02,"NO_IRQ,OK,NO_IRQ,NO_IRQ","NONE,FULL,NONE,NONE",
12.078400,2026-09-01T18:55:15.924+01:00,654736,6457,1084,1084,True,True,0x02,"NO_IRQ,OK,NO_IRQ,NO_IRQ","NONE,FULL,NONE,NONE",
12.100591,2026-09-01T18:55:15.945+01:00,655820,6458,1084,1084,True,True,0x02,"NO_IRQ,OK,NO_IRQ,NO_IRQ","NONE,FULL,NONE,NONE",
12.117339,2026-09-01T18:55:15.967+01:00,656904,6459,1084,1084,True,True,0x02,"NO_IRQ,OK,NO_IRQ,NO_IRQ","NONE,FULL,NONE,NONE",
12.136266,2026-09-01T18:55:15.983+01:00,657988,6460,1084,1084,True,True,0x02,"NO_IRQ,OK,NO_IRQ,NO_IRQ","NONE,FULL,NONE,NONE",
12.156762,2026-09-01T18:55:16.002+01:00,659072,6461,1084,1084,True,True,0x02,"NO_IRQ,OK,NO_IRQ,NO_IRQ","NONE,FULL,NONE,NONE",
12.177230,2026-09-01T18:55:16.023+01:00,660156,6462,1084,1084,True,True,0x02,"NO_IRQ,OK,NO_IRQ,NO_IRQ","NONE,FULL,NONE,NONE",
12.200997,2026-09-01T18:55:16.044+01:00,661240,6463,1084,1084,True,True,0x02,"NO_IRQ,OK,NO_IRQ,NO_IRQ","NONE,FULL,NONE,NONE",
12.223241,2026-09-01T18:55:16.067+01:00,662324,6464,1084,1084,True,True,0x02,"NO_IRQ,OK,NO_IRQ,NO_IRQ","NONE,FULL,NONE,NONE",
12.237739,2026-09-01T18:55:16.089+01:00,663408,6465,1084,1084,True,True,0x02,"NO_IRQ,OK,NO_IRQ,NO_IRQ","NONE,FULL,NONE,NONE",
12.256388,2026-09-01T18:55:16.104+01:00,664492,6466,1084,1084,True,True,0x02,"NO_IRQ,OK,NO_IRQ,NO_IRQ","NONE,FULL,NONE,NONE",
12.276508,2026-09-01T18:55:16.123+01:00,665576,6467,1084,1084,True,True,0x02,"NO_IRQ,OK,NO_IRQ,NO_IRQ","NONE,FULL,NONE,NONE",
12.296272,2026-09-01T18:55:16.143+01:00,666660,6468,1084,1084,True,True,0x02,"NO_IRQ,OK,NO_IRQ,NO_IRQ","NONE,FULL,NONE,NONE",
12.316093,2026-09-01T18:55:16.163+01:00,667744,6469,1084,1084,True,True,0x02,"NO_IRQ,OK,NO_IRQ,NO_IRQ","NONE,FULL,NONE,NONE",
12.338481,2026-09-01T18:55:16.182+01:00,668828,6470,1084,1084,True,True,0x02,"NO_IRQ,OK,NO_IRQ,NO_IRQ","NONE,FULL,NONE,NONE",
12.356282,2026-09-01T18:55:16.205+01:00,669912,6471,1084,1084,True,True,0x02,"NO_IRQ,OK,NO_IRQ,NO_IRQ","NONE,FULL,NONE,NONE",
12.378186,2026-09-01T18:55:16.222+01:00,670996,6472,1084,1084,True,True,0x02,"NO_IRQ,OK,NO_IRQ,NO_IRQ","NONE,FULL,NONE,NONE",
12.398644,2026-09-01T18:55:16.244+01:00,672080,6473,1084,1084,True,True,0x02,"NO_IRQ,OK,NO_IRQ,NO_IRQ","NONE,FULL,NONE,NONE",
12.420674,2026-09-01T18:55:16.265+01:00,673164,6474,1084,1084,True,True,0x02,"NO_IRQ,OK,NO_IRQ,NO_IRQ","NONE,FULL,NONE,NONE",
12.443598,2026-09-01T18:55:16.287+01:00,674248,6475,1084,1084,True,True,0x02,"NO_IRQ,OK,NO_IRQ,NO_IRQ","NONE,FULL,NONE,NONE",
12.456516,2026-09-01T18:55:16.310+01:00,675332,6476,1084,1084,True,True,0x02,"NO_IRQ,OK,NO_IRQ,NO_IRQ","NONE,FULL,NONE,NONE",
12.476125,2026-09-01T18:55:16.323+01:00,676416,6477,1084,1084,True,True,0x02,"NO_IRQ,OK,NO_IRQ,NO_IRQ","NONE,FULL,NONE,NONE",
12.497757,2026-09-01T18:55:16.343+01:00,677500,6478,1084,1084,True,True,0x02,"NO_IRQ,OK,NO_IRQ,NO_IRQ","NONE,FULL,NONE,NONE",
12.518163,2026-09-01T18:55:16.364+01:00,678584,6479,1084,1084,True,True,0x02,"NO_IRQ,OK,NO_IRQ,NO_IRQ","NONE,FULL,NONE,NONE",
12.545288,2026-09-01T18:55:16.384+01:00,679668,6480,1084,1084,True,True,0x02,"NO_IRQ,OK,NO_IRQ,NO_IRQ","NONE,FULL,NONE,NONE",
12.556791,2026-09-01T18:55:16.412+01:00,680752,6481,1084,1084,True,True,0x02,"NO_IRQ,OK,NO_IRQ,NO_IRQ","NONE,FULL,NONE,NONE",
12.576629,2026-09-01T18:55:16.423+01:00,681836,6482,1084,1084,True,True,0x02,"NO_IRQ,OK,NO_IRQ,NO_IRQ","NONE,FULL,NONE,NONE",
12.603005,2026-09-01T18:55:16.446+01:00,682920,6483,1084,1084,True,True,0x02,"NO_IRQ,OK,NO_IRQ,NO_IRQ","NONE,FULL,NONE,NONE",
12.621935,2026-09-01T18:55:16.469+01:00,684004,6484,1084,1084,True,True,0x02,"NO_IRQ,OK,NO_IRQ,NO_IRQ","NONE,FULL,NONE,NONE",
12.642968,2026-09-01T18:55:16.489+01:00,685088,6485,1084,1084,True,True,0x02,"NO_IRQ,OK,NO_IRQ,NO_IRQ","NONE,FULL,NONE,NONE",
12.656226,2026-09-01T18:55:16.509+01:00,686172,6486,1084,1084,True,True,0x02,"NO_IRQ,OK,NO_IRQ,NO_IRQ","NONE,FULL,NONE,NONE",
12.676363,2026-09-01T18:55:16.523+01:00,687256,6487,1084,1084,True,True,0x02,"NO_IRQ,OK,NO_IRQ,NO_IRQ","NONE,FULL,NONE,NONE",
12.695266,2026-09-01T18:55:16.543+01:00,688340,6488,1084,1084,True,True,0x02,"NO_IRQ,OK,NO_IRQ,NO_IRQ","NONE,FULL,NONE,NONE",
12.717225,2026-09-01T18:55:16.562+01:00,689424,6489,1084,1084,True,True,0x02,"NO_IRQ,OK,NO_IRQ,NO_IRQ","NONE,FULL,NONE,NONE",
12.735259,2026-09-01T18:55:16.584+01:00,690508,6490,1084,1084,True,True,0x02,"NO_IRQ,OK,NO_IRQ,NO_IRQ","NONE,FULL,NONE,NONE",
12.757364,2026-09-01T18:55:16.601+01:00,691592,6491,1084,1084,True,True,0x02,"NO_IRQ,OK,NO_IRQ,NO_IRQ","NONE,FULL,NONE,NONE",
12.784942,2026-09-01T18:55:16.624+01:00,692676,6492,1084,1084,True,True,0x02,"NO_IRQ,OK,NO_IRQ,NO_IRQ","NONE,FULL,NONE,NONE",
12.796212,2026-09-01T18:55:16.651+01:00,693760,6493,1084,1084,True,True,0x02,"NO_IRQ,OK,NO_IRQ,NO_IRQ","NONE,FULL,NONE,NONE",
12.818653,2026-09-01T18:55:16.662+01:00,694844,6494,1084,1084,True,True,0x02,"NO_IRQ,OK,NO_IRQ,NO_IRQ","NONE,FULL,NONE,NONE",
12.835499,2026-09-01T18:55:16.685+01:00,695928,6495,1084,1084,True,True,0x02,"NO_IRQ,OK,NO_IRQ,NO_IRQ","NONE,FULL,NONE,NONE",
12.859679,2026-09-01T18:55:16.702+01:00,697012,6496,1084,1084,True,True,0x02,"NO_IRQ,OK,NO_IRQ,NO_IRQ","NONE,FULL,NONE,NONE",
12.875458,2026-09-01T18:55:16.726+01:00,698096,6497,1084,1084,True,True,0x02,"NO_IRQ,OK,NO_IRQ,NO_IRQ","NONE,FULL,NONE,NONE",
12.895503,2026-09-01T18:55:16.742+01:00,699180,6498,1084,1084,True,True,0x02,"NO_IRQ,OK,NO_IRQ,NO_IRQ","NONE,FULL,NONE,NONE",
12.917016,2026-09-01T18:55:16.762+01:00,700264,6499,1084,1084,True,True,0x02,"NO_IRQ,OK,NO_IRQ,NO_IRQ","NONE,FULL,NONE,NONE",
12.934948,2026-09-01T18:55:16.783+01:00,701348,6500,1084,1084,True,True,0x02,"NO_IRQ,OK,NO_IRQ,NO_IRQ","NONE,FULL,NONE,NONE",
12.955144,2026-09-01T18:55:16.803+01:00,702432,6501,1084,1084,True,True,0x02,"NO_IRQ,OK,NO_IRQ,NO_IRQ","NONE,FULL,NONE,NONE",
12.975427,2026-09-01T18:55:16.822+01:00,703516,6502,1084,1084,True,True,0x02,"NO_IRQ,OK,NO_IRQ,NO_IRQ","NONE,FULL,NONE,NONE",
12.994989,2026-09-01T18:55:16.842+01:00,704600,6503,1084,1084,True,True,0x02,"NO_IRQ,OK,NO_IRQ,NO_IRQ","NONE,FULL,NONE,NONE",
13.018696,2026-09-01T18:55:16.861+01:00,705684,6504,1084,1084,True,True,0x02,"NO_IRQ,OK,NO_IRQ,NO_IRQ","NONE,FULL,NONE,NONE",
13.035061,2026-09-01T18:55:16.885+01:00,706768,6505,1084,1084,True,True,0x02,"NO_IRQ,OK,NO_IRQ,NO_IRQ","NONE,FULL,NONE,NONE",
13.055299,2026-09-01T18:55:16.901+01:00,707852,6506,1084,1084,True,True,0x02,"NO_IRQ,OK,NO_IRQ,NO_IRQ","NONE,FULL,NONE,NONE",
13.074595,2026-09-01T18:55:16.922+01:00,708936,6507,1084,1084,True,True,0x02,"NO_IRQ,OK,NO_IRQ,NO_IRQ","NONE,FULL,NONE,NONE",
13.094566,2026-09-01T18:55:16.941+01:00,710020,6508,1084,1084,True,True,0x02,"NO_IRQ,OK,NO_IRQ,NO_IRQ","NONE,FULL,NONE,NONE",
13.122537,2026-09-01T18:55:16.961+01:00,711104,6509,1084,1084,True,True,0x02,"NO_IRQ,OK,NO_IRQ,NO_IRQ","NONE,FULL,NONE,NONE",
13.134430,2026-09-01T18:55:16.989+01:00,712188,6510,1084,1084,True,True,0x02,"NO_IRQ,OK,NO_IRQ,NO_IRQ","NONE,FULL,NONE,NONE",
13.154810,2026-09-01T18:55:17.001+01:00,713272,6511,1084,1084,True,True,0x02,"NO_IRQ,OK,NO_IRQ,NO_IRQ","NONE,FULL,NONE,NONE",
13.175916,2026-09-01T18:55:17.021+01:00,714356,6512,1084,1084,True,True,0x02,"NO_IRQ,OK,NO_IRQ,NO_IRQ","NONE,FULL,NONE,NONE",
13.195125,2026-09-01T18:55:17.042+01:00,715440,6513,1084,1084,True,True,0x02,"NO_IRQ,OK,NO_IRQ,NO_IRQ","NONE,FULL,NONE,NONE",
13.218622,2026-09-01T18:55:17.062+01:00,716524,6514,1084,1084,True,True,0x02,"NO_IRQ,OK,NO_IRQ,NO_IRQ","NONE,FULL,NONE,NONE",
13.240967,2026-09-01T18:55:17.085+01:00,717608,6515,1084,1084,True,True,0x02,"NO_IRQ,OK,NO_IRQ,NO_IRQ","NONE,FULL,NONE,NONE",
13.261761,2026-09-01T18:55:17.108+01:00,718692,6516,1084,1084,True,True,0x02,"NO_IRQ,OK,NO_IRQ,NO_IRQ","NONE,FULL,NONE,NONE",
13.281995,2026-09-01T18:55:17.128+01:00,719776,6517,1084,1084,True,True,0x02,"NO_IRQ,OK,NO_IRQ,NO_IRQ","NONE,FULL,NONE,NONE",
13.294180,2026-09-01T18:55:17.148+01:00,720860,6518,1084,1084,True,True,0x02,"NO_IRQ,OK,NO_IRQ,NO_IRQ","NONE,FULL,NONE,NONE",
13.314327,2026-09-01T18:55:17.160+01:00,721944,6519,1084,1084,True,True,0x02,"NO_IRQ,OK,NO_IRQ,NO_IRQ","NONE,FULL,NONE,NONE",
13.345861,2026-09-01T18:55:17.181+01:00,723028,6520,1084,1084,True,True,0x02,"NO_IRQ,OK,NO_IRQ,NO_IRQ","NONE,FULL,NONE,NONE",
13.354141,2026-09-01T18:55:17.212+01:00,724112,6521,1084,1084,True,True,0x02,"NO_IRQ,OK,NO_IRQ,NO_IRQ","NONE,FULL,NONE,NONE",
13.374127,2026-09-01T18:55:17.220+01:00,725196,6522,1084,1084,True,True,0x02,"NO_IRQ,OK,NO_IRQ,NO_IRQ","NONE,FULL,NONE,NONE",
13.394219,2026-09-01T18:55:17.241+01:00,726280,6523,1084,1084,True,True,0x02,"NO_IRQ,OK,NO_IRQ,NO_IRQ","NONE,FULL,NONE,NONE",
13.414333,2026-09-01T18:55:17.261+01:00,727364,6524,1084,1084,True,True,0x02,"NO_IRQ,OK,NO_IRQ,NO_IRQ","NONE,FULL,NONE,NONE",
13.440036,2026-09-01T18:55:17.280+01:00,728448,6525,1084,1084,True,True,0x02,"NO_IRQ,OK,NO_IRQ,NO_IRQ","NONE,FULL,NONE,NONE",
13.454122,2026-09-01T18:55:17.306+01:00,729532,6526,1084,1084,True,True,0x02,"NO_IRQ,OK,NO_IRQ,NO_IRQ","NONE,FULL,NONE,NONE",
13.473888,2026-09-01T18:55:17.320+01:00,730616,6527,1084,1084,True,True,0x02,"NO_IRQ,OK,NO_IRQ,NO_IRQ","NONE,FULL,NONE,NONE",
13.493777,2026-09-01T18:55:17.340+01:00,731700,6528,1084,1084,True,True,0x02,"NO_IRQ,OK,NO_IRQ,NO_IRQ","NONE,FULL,NONE,NONE",
13.522301,2026-09-01T18:55:17.360+01:00,732784,6529,1084,1084,True,True,0x02,"NO_IRQ,OK,NO_IRQ,NO_IRQ","NONE,FULL,NONE,NONE",
13.534063,2026-09-01T18:55:17.389+01:00,733868,6530,1084,1084,True,True,0x02,"NO_IRQ,OK,NO_IRQ,NO_IRQ","NONE,FULL,NONE,NONE",
13.553902,2026-09-01T18:55:17.400+01:00,734952,6531,1084,1084,True,True,0x02,"NO_IRQ,OK,NO_IRQ,NO_IRQ","NONE,FULL,NONE,NONE",
13.579595,2026-09-01T18:55:17.420+01:00,736036,6532,1084,1084,True,True,0x02,"NO_IRQ,OK,NO_IRQ,NO_IRQ","NONE,FULL,NONE,NONE",
13.598962,2026-09-01T18:55:17.446+01:00,737120,6533,1084,1084,True,True,0x02,"NO_IRQ,OK,NO_IRQ,NO_IRQ","NONE,FULL,NONE,NONE",
13.618066,2026-09-01T18:55:17.465+01:00,738204,6534,1084,1084,True,True,0x02,"NO_IRQ,OK,NO_IRQ,NO_IRQ","NONE,FULL,NONE,NONE",
13.633610,2026-09-01T18:55:17.484+01:00,739288,6535,1084,1084,True,True,0x02,"NO_IRQ,OK,NO_IRQ,NO_IRQ","NONE,FULL,NONE,NONE",
13.654048,2026-09-01T18:55:17.500+01:00,740372,6536,1084,1084,True,True,0x02,"NO_IRQ,OK,NO_IRQ,NO_IRQ","NONE,FULL,NONE,NONE",
13.675285,2026-09-01T18:55:17.520+01:00,741456,6537,1084,1084,True,True,0x02,"NO_IRQ,OK,NO_IRQ,NO_IRQ","NONE,FULL,NONE,NONE",
13.693602,2026-09-01T18:55:17.542+01:00,742540,6538,1084,1084,True,True,0x02,"NO_IRQ,OK,NO_IRQ,NO_IRQ","NONE,FULL,NONE,NONE",
13.714397,2026-09-01T18:55:17.560+01:00,743624,6539,1084,1084,True,True,0x02,"NO_IRQ,OK,NO_IRQ,NO_IRQ","NONE,FULL,NONE,NONE",
13.737054,2026-09-01T18:55:17.581+01:00,744708,6540,1084,1084,True,True,0x02,"NO_IRQ,OK,NO_IRQ,NO_IRQ","NONE,FULL,NONE,NONE",
13.759480,2026-09-01T18:55:17.603+01:00,745792,6541,1084,1084,True,True,0x02,"NO_IRQ,OK,NO_IRQ,NO_IRQ","NONE,FULL,NONE,NONE",
13.774373,2026-09-01T18:55:17.626+01:00,746876,6542,1084,1084,True,True,0x02,"NO_IRQ,OK,NO_IRQ,NO_IRQ","NONE,FULL,NONE,NONE",
13.793210,2026-09-01T18:55:17.641+01:00,747960,6543,1084,1084,True,True,0x02,"NO_IRQ,OK,NO_IRQ,NO_IRQ","NONE,FULL,NONE,NONE",
13.826070,2026-09-01T18:55:17.659+01:00,749044,6544,1084,1084,True,True,0x02,"NO_IRQ,OK,NO_IRQ,NO_IRQ","NONE,FULL,NONE,NONE",
13.834344,2026-09-01T18:55:17.692+01:00,750128,6545,1084,1084,True,True,0x02,"NO_IRQ,OK,NO_IRQ,NO_IRQ","NONE,FULL,NONE,NONE",
13.853331,2026-09-01T18:55:17.701+01:00,751212,6546,1084,1084,True,True,0x02,"NO_IRQ,OK,NO_IRQ,NO_IRQ","NONE,FULL,NONE,NONE",
13.873317,2026-09-01T18:55:17.720+01:00,752296,6547,1084,1084,True,True,0x02,"NO_IRQ,OK,NO_IRQ,NO_IRQ","NONE,FULL,NONE,NONE",
13.901131,2026-09-01T18:55:17.740+01:00,753380,6548,1084,1084,True,True,0x02,"NO_IRQ,OK,NO_IRQ,NO_IRQ","NONE,FULL,NONE,NONE",
13.914156,2026-09-01T18:55:17.767+01:00,754464,6549,1084,1084,True,True,0x02,"NO_IRQ,OK,NO_IRQ,NO_IRQ","NONE,FULL,NONE,NONE",
13.933778,2026-09-01T18:55:17.780+01:00,755548,6550,1084,1084,True,True,0x02,"NO_IRQ,OK,NO_IRQ,NO_IRQ","NONE,FULL,NONE,NONE",
13.959286,2026-09-01T18:55:17.800+01:00,756632,6551,1084,1084,True,True,0x02,"NO_IRQ,OK,NO_IRQ,NO_IRQ","NONE,FULL,NONE,NONE",
13.973221,2026-09-01T18:55:17.825+01:00,757716,6552,1084,1084,True,True,0x02,"NO_IRQ,OK,NO_IRQ,NO_IRQ","NONE,FULL,NONE,NONE",
13.993531,2026-09-01T18:55:17.839+01:00,758800,6553,1084,1084,True,True,0x02,"NO_IRQ,OK,NO_IRQ,NO_IRQ","NONE,FULL,NONE,NONE",
14.013017,2026-09-01T18:55:17.860+01:00,759884,6554,1084,1084,True,True,0x02,"NO_IRQ,OK,NO_IRQ,NO_IRQ","NONE,FULL,NONE,NONE",
14.033268,2026-09-01T18:55:17.879+01:00,760968,6555,1084,1084,True,True,0x02,"NO_IRQ,OK,NO_IRQ,NO_IRQ","NONE,FULL,NONE,NONE",
14.052986,2026-09-01T18:55:17.899+01:00,762052,6556,1084,1084,True,True,0x02,"NO_IRQ,OK,NO_IRQ,NO_IRQ","NONE,FULL,NONE,NONE",
14.078256,2026-09-01T18:55:17.919+01:00,763136,6557,1084,1084,True,True,0x02,"NO_IRQ,OK,NO_IRQ,NO_IRQ","NONE,FULL,NONE,NONE",
14.096255,2026-09-01T18:55:17.944+01:00,764220,6558,1084,1084,True,True,0x02,"NO_IRQ,OK,NO_IRQ,NO_IRQ","NONE,FULL,NONE,NONE",
14.121244,2026-09-01T18:55:17.962+01:00,765304,6559,1084,1084,True,True,0x02,"NO_IRQ,OK,NO_IRQ,NO_IRQ","NONE,FULL,NONE,NONE",
14.132843,2026-09-01T18:55:17.987+01:00,766388,6560,1084,1084,True,True,0x02,"NO_IRQ,OK,NO_IRQ,NO_IRQ","NONE,FULL,NONE,NONE",
14.152931,2026-09-01T18:55:17.999+01:00,767472,6561,1084,1084,True,True,0x02,"NO_IRQ,OK,NO_IRQ,NO_IRQ","NONE,FULL,NONE,NONE",
14.175563,2026-09-01T18:55:18.019+01:00,768556,6562,1084,1084,True,True,0x02,"NO_IRQ,OK,NO_IRQ,NO_IRQ","NONE,FULL,NONE,NONE",
14.201758,2026-09-01T18:55:18.042+01:00,769640,6563,1084,1084,True,True,0x02,"NO_IRQ,OK,NO_IRQ,NO_IRQ","NONE,FULL,NONE,NONE",
14.212723,2026-09-01T18:55:18.068+01:00,770724,6564,1084,1084,True,True,0x02,"NO_IRQ,OK,NO_IRQ,NO_IRQ","NONE,FULL,NONE,NONE",
14.232668,2026-09-01T18:55:18.079+01:00,771808,6565,1084,1084,True,True,0x02,"NO_IRQ,OK,NO_IRQ,NO_IRQ","NONE,FULL,NONE,NONE",
14.252543,2026-09-01T18:55:18.099+01:00,772892,6566,1084,1084,True,True,0x02,"NO_IRQ,OK,NO_IRQ,NO_IRQ","NONE,FULL,NONE,NONE",
14.278937,2026-09-01T18:55:18.119+01:00,773976,6567,1084,1084,True,True,0x02,"NO_IRQ,OK,NO_IRQ,NO_IRQ","NONE,FULL,NONE,NONE",
14.292202,2026-09-01T18:55:18.145+01:00,775060,6568,1084,1084,True,True,0x02,"NO_IRQ,OK,NO_IRQ,NO_IRQ","NONE,FULL,NONE,NONE",
14.312056,2026-09-01T18:55:18.159+01:00,776144,6569,1084,1084,True,True,0x02,"NO_IRQ,OK,NO_IRQ,NO_IRQ","NONE,FULL,NONE,NONE",
14.342681,2026-09-01T18:55:18.178+01:00,777228,6570,1084,1084,True,True,0x02,"NO_IRQ,OK,NO_IRQ,NO_IRQ","NONE,FULL,NONE,NONE",
14.352150,2026-09-01T18:55:18.209+01:00,778312,6571,1084,1084,True,True,0x02,"NO_IRQ,OK,NO_IRQ,NO_IRQ","NONE,FULL,NONE,NONE",
14.372236,2026-09-01T18:55:18.219+01:00,779396,6572,1084,1084,True,True,0x02,"NO_IRQ,OK,NO_IRQ,NO_IRQ","NONE,FULL,NONE,NONE",
14.401689,2026-09-01T18:55:18.238+01:00,780480,6573,1084,1084,True,True,0x02,"NO_IRQ,OK,NO_IRQ,NO_IRQ","NONE,FULL,NONE,NONE",
14.412522,2026-09-01T18:55:18.268+01:00,781564,6574,1084,1084,True,True,0x02,"NO_IRQ,OK,NO_IRQ,NO_IRQ","NONE,FULL,NONE,NONE",
14.431731,2026-09-01T18:55:18.279+01:00,782648,6575,1084,1084,True,True,0x02,"NO_IRQ,OK,NO_IRQ,NO_IRQ","NONE,FULL,NONE,NONE",
14.454422,2026-09-01T18:55:18.298+01:00,783732,6576,1084,1084,True,True,0x02,"NO_IRQ,OK,NO_IRQ,NO_IRQ","NONE,FULL,NONE,NONE",
14.479156,2026-09-01T18:55:18.322+01:00,784816,6577,1084,1084,True,True,0x02,"NO_IRQ,OK,NO_IRQ,NO_IRQ","NONE,FULL,NONE,NONE",
14.492000,2026-09-01T18:55:18.345+01:00,785900,6578,1084,1084,True,True,0x02,"NO_IRQ,OK,NO_IRQ,NO_IRQ","NONE,FULL,NONE,NONE",
14.512035,2026-09-01T18:55:18.358+01:00,786984,6579,1084,1084,True,True,0x02,"NO_IRQ,OK,NO_IRQ,NO_IRQ","NONE,FULL,NONE,NONE",
14.532467,2026-09-01T18:55:18.379+01:00,788068,6580,1084,1084,True,True,0x02,"NO_IRQ,OK,NO_IRQ,NO_IRQ","NONE,FULL,NONE,NONE",
14.553978,2026-09-01T18:55:18.399+01:00,789152,6581,1084,1084,True,True,0x02,"NO_IRQ,OK,NO_IRQ,NO_IRQ","NONE,FULL,NONE,NONE",
14.572262,2026-09-01T18:55:18.420+01:00,790236,6582,1084,1084,True,True,0x02,"NO_IRQ,OK,NO_IRQ,NO_IRQ","NONE,FULL,NONE,NONE",
14.606494,2026-09-01T18:55:18.438+01:00,791320,6583,1084,1084,True,True,0x02,"NO_IRQ,OK,NO_IRQ,NO_IRQ","NONE,FULL,NONE,NONE",
14.618444,2026-09-01T18:55:18.473+01:00,792404,6584,1084,1084,True,True,0x02,"NO_IRQ,OK,NO_IRQ,NO_IRQ","NONE,FULL,NONE,NONE",
14.640429,2026-09-01T18:55:18.485+01:00,793488,6585,1084,1084,True,True,0x02,"NO_IRQ,OK,NO_IRQ,NO_IRQ","NONE,FULL,NONE,NONE",
14.651423,2026-09-01T18:55:18.507+01:00,794572,6586,1084,1084,True,True,0x02,"NO_IRQ,OK,NO_IRQ,NO_IRQ","NONE,FULL,NONE,NONE",
14.671442,2026-09-01T18:55:18.518+01:00,795656,6587,1084,1084,True,True,0x02,"NO_IRQ,OK,NO_IRQ,NO_IRQ","NONE,FULL,NONE,NONE",
14.691530,2026-09-01T18:55:18.538+01:00,796740,6588,1084,1084,True,True,0x02,"NO_IRQ,OK,NO_IRQ,NO_IRQ","NONE,FULL,NONE,NONE",
14.712157,2026-09-01T18:55:18.558+01:00,797824,6589,1084,1084,True,True,0x02,"NO_IRQ,OK,NO_IRQ,NO_IRQ","NONE,FULL,NONE,NONE",
14.733286,2026-09-01T18:55:18.578+01:00,798908,6590,1084,1084,True,True,0x02,"NO_IRQ,OK,NO_IRQ,NO_IRQ","NONE,FULL,NONE,NONE",
14.760294,2026-09-01T18:55:18.600+01:00,799992,6591,1084,1084,True,True,0x02,"NO_IRQ,OK,NO_IRQ,NO_IRQ","NONE,FULL,NONE,NONE",
14.772664,2026-09-01T18:55:18.627+01:00,801076,6592,1084,1084,True,True,0x02,"NO_IRQ,OK,NO_IRQ,NO_IRQ","NONE,FULL,NONE,NONE",
14.792317,2026-09-01T18:55:18.639+01:00,802160,6593,1084,1084,True,True,0x02,"NO_IRQ,OK,NO_IRQ,NO_IRQ","NONE,FULL,NONE,NONE",
14.812880,2026-09-01T18:55:18.659+01:00,803244,6594,1084,1084,True,True,0x02,"NO_IRQ,OK,NO_IRQ,NO_IRQ","NONE,FULL,NONE,NONE",
14.831489,2026-09-01T18:55:18.679+01:00,804328,6595,1084,1084,True,True,0x02,"NO_IRQ,OK,NO_IRQ,NO_IRQ","NONE,FULL,NONE,NONE",
14.852680,2026-09-01T18:55:18.698+01:00,805412,6596,1084,1084,True,True,0x02,"NO_IRQ,OK,NO_IRQ,NO_IRQ","NONE,FULL,NONE,NONE",
14.871803,2026-09-01T18:55:18.724+01:00,806496,6597,1084,1084,True,True,0x02,"NO_IRQ,OK,NO_IRQ,NO_IRQ","NONE,FULL,NONE,NONE",
14.892217,2026-09-01T18:55:18.738+01:00,807580,6598,1084,1084,True,True,0x02,"NO_IRQ,OK,NO_IRQ,NO_IRQ","NONE,FULL,NONE,NONE",
14.911061,2026-09-01T18:55:18.758+01:00,808664,6599,1084,1084,True,True,0x02,"NO_IRQ,OK,NO_IRQ,NO_IRQ","NONE,FULL,NONE,NONE",
14.931215,2026-09-01T18:55:18.777+01:00,809748,6600,1084,1084,True,True,0x02,"NO_IRQ,OK,NO_IRQ,NO_IRQ","NONE,FULL,NONE,NONE",
14.952326,2026-09-01T18:55:18.797+01:00,810832,6601,1084,1084,True,True,0x02,"NO_IRQ,OK,NO_IRQ,NO_IRQ","NONE,FULL,NONE,NONE",
14.971241,2026-09-01T18:55:18.819+01:00,811916,6602,1084,1084,True,True,0x02,"NO_IRQ,OK,NO_IRQ,NO_IRQ","NONE,FULL,NONE,NONE",
14.996928,2026-09-01T18:55:18.837+01:00,813000,6603,1084,1084,True,True,0x02,"NO_IRQ,OK,NO_IRQ,NO_IRQ","NONE,FULL,NONE,NONE",
15.011003,2026-09-01T18:55:18.864+01:00,814084,6604,1084,1084,True,True,0x02,"NO_IRQ,OK,NO_IRQ,NO_IRQ","NONE,FULL,NONE,NONE",
15.032358,2026-09-01T18:55:18.877+01:00,815168,6605,1084,1084,True,True,0x02,"NO_IRQ,OK,NO_IRQ,NO_IRQ","NONE,FULL,NONE,NONE",
15.050546,2026-09-01T18:55:18.898+01:00,816252,6606,1084,1084,True,True,0x02,"NO_IRQ,OK,NO_IRQ,NO_IRQ","NONE,FULL,NONE,NONE",
15.070714,2026-09-01T18:55:18.917+01:00,817336,6607,1084,1084,True,True,0x02,"NO_IRQ,OK,NO_IRQ,NO_IRQ","NONE,FULL,NONE,NONE",
15.097710,2026-09-01T18:55:18.937+01:00,818420,6608,1084,1084,True,True,0x02,"NO_IRQ,OK,NO_IRQ,NO_IRQ","NONE,FULL,NONE,NONE",
15.111260,2026-09-01T18:55:18.965+01:00,819504,6609,1084,1084,True,True,0x02,"NO_IRQ,OK,NO_IRQ,NO_IRQ","NONE,FULL,NONE,NONE",
15.130921,2026-09-01T18:55:18.977+01:00,820588,6610,1084,1084,True,True,0x02,"NO_IRQ,OK,NO_IRQ,NO_IRQ","NONE,FULL,NONE,NONE",
15.152586,2026-09-01T18:55:18.997+01:00,821672,6611,1084,1084,True,True,0x02,"NO_IRQ,OK,NO_IRQ,NO_IRQ","NONE,FULL,NONE,NONE",
15.176687,2026-09-01T18:55:19.019+01:00,822756,6612,1084,1084,True,True,0x02,"NO_IRQ,OK,NO_IRQ,NO_IRQ","NONE,FULL,NONE,NONE",
15.190784,2026-09-01T18:55:19.043+01:00,823840,6613,1084,1084,True,True,0x02,"NO_IRQ,OK,NO_IRQ,NO_IRQ","NONE,FULL,NONE,NONE",
15.211098,2026-09-01T18:55:19.057+01:00,824924,6614,1084,1084,True,True,0x02,"NO_IRQ,OK,NO_IRQ,NO_IRQ","NONE,FULL,NONE,NONE",
15.230336,2026-09-01T18:55:19.077+01:00,826008,6615,1084,1084,True,True,0x02,"NO_IRQ,OK,NO_IRQ,NO_IRQ","NONE,FULL,NONE,NONE",
15.252177,2026-09-01T18:55:19.097+01:00,827092,6616,1084,1084,True,True,0x02,"NO_IRQ,OK,NO_IRQ,NO_IRQ","NONE,FULL,NONE,NONE",
15.273969,2026-09-01T18:55:19.118+01:00,828176,6617,1084,1084,True,True,0x02,"NO_IRQ,OK,NO_IRQ,NO_IRQ","NONE,FULL,NONE,NONE",
15.290424,2026-09-01T18:55:19.140+01:00,829260,6618,1084,1084,True,True,0x02,"NO_IRQ,OK,NO_IRQ,NO_IRQ","NONE,FULL,NONE,NONE",
15.310182,2026-09-01T18:55:19.157+01:00,830344,6619,1084,1084,True,True,0x02,"NO_IRQ,OK,NO_IRQ,NO_IRQ","NONE,FULL,NONE,NONE",
15.342106,2026-09-01T18:55:19.176+01:00,831428,6620,1084,1084,True,True,0x02,"NO_IRQ,OK,NO_IRQ,NO_IRQ","NONE,FULL,NONE,NONE",
15.350349,2026-09-01T18:55:19.208+01:00,832512,6621,1084,1084,True,True,0x02,"NO_IRQ,OK,NO_IRQ,NO_IRQ","NONE,FULL,NONE,NONE",
15.370026,2026-09-01T18:55:19.216+01:00,833596,6622,1084,1084,True,True,0x02,"NO_IRQ,OK,NO_IRQ,NO_IRQ","NONE,FULL,NONE,NONE",
15.390177,2026-09-01T18:55:19.236+01:00,834680,6623,1084,1084,True,True,0x02,"NO_IRQ,OK,NO_IRQ,NO_IRQ","NONE,FULL,NONE,NONE",
15.410736,2026-09-01T18:55:19.256+01:00,835764,6624,1084,1084,True,True,0x02,"NO_IRQ,OK,NO_IRQ,NO_IRQ","NONE,FULL,NONE,NONE",
15.434044,2026-09-01T18:55:19.277+01:00,836848,6625,1084,1084,True,True,0x02,"NO_IRQ,OK,NO_IRQ,NO_IRQ","NONE,FULL,NONE,NONE",
15.453001,2026-09-01T18:55:19.300+01:00,837932,6626,1084,1084,True,True,0x02,"NO_IRQ,OK,NO_IRQ,NO_IRQ","NONE,FULL,NONE,NONE",
15.481013,2026-09-01T18:55:19.319+01:00,839016,6627,1084,1084,True,True,0x02,"NO_IRQ,OK,NO_IRQ,NO_IRQ","NONE,FULL,NONE,NONE",
15.489795,2026-09-01T18:55:19.347+01:00,840100,6628,1084,1084,True,True,0x02,"NO_IRQ,OK,NO_IRQ,NO_IRQ","NONE,FULL,NONE,NONE",
15.514493,2026-09-01T18:55:19.356+01:00,841184,6629,1084,1084,True,True,0x02,"NO_IRQ,OK,NO_IRQ,NO_IRQ","NONE,FULL,NONE,NONE",
15.529670,2026-09-01T18:55:19.381+01:00,842268,6630,1084,1084,True,True,0x02,"NO_IRQ,OK,NO_IRQ,NO_IRQ","NONE,FULL,NONE,NONE",
15.549766,2026-09-01T18:55:19.396+01:00,843352,6631,1084,1084,True,True,0x02,"NO_IRQ,OK,NO_IRQ,NO_IRQ","NONE,FULL,NONE,NONE",
15.569693,2026-09-01T18:55:19.416+01:00,844436,6632,1084,1084,True,True,0x02,"NO_IRQ,OK,NO_IRQ,NO_IRQ","NONE,FULL,NONE,NONE",
15.592657,2026-09-01T18:55:19.436+01:00,845520,6633,1084,1084,True,True,0x02,"NO_IRQ,OK,NO_IRQ,NO_IRQ","NONE,FULL,NONE,NONE",
15.619581,2026-09-01T18:55:19.459+01:00,846604,6634,1084,1084,True,True,0x02,"NO_IRQ,OK,NO_IRQ,NO_IRQ","NONE,FULL,NONE,NONE",
15.629804,2026-09-01T18:55:19.486+01:00,847688,6635,1084,1084,True,True,0x02,"NO_IRQ,OK,NO_IRQ,NO_IRQ","NONE,FULL,NONE,NONE",
15.650058,2026-09-01T18:55:19.496+01:00,848772,6636,1084,1084,True,True,0x02,"NO_IRQ,OK,NO_IRQ,NO_IRQ","NONE,FULL,NONE,NONE",
15.669554,2026-09-01T18:55:19.516+01:00,849856,6637,1084,1084,True,True,0x02,"NO_IRQ,OK,NO_IRQ,NO_IRQ","NONE,FULL,NONE,NONE",
15.692061,2026-09-01T18:55:19.536+01:00,850940,6638,1084,1084,True,True,0x02,"NO_IRQ,OK,NO_IRQ,NO_IRQ","NONE,FULL,NONE,NONE",
15.713357,2026-09-01T18:55:19.558+01:00,852024,6639,1084,1084,True,True,0x02,"NO_IRQ,OK,NO_IRQ,NO_IRQ","NONE,FULL,NONE,NONE",
15.735878,2026-09-01T18:55:19.580+01:00,853108,6640,1084,1084,True,True,0x02,"NO_IRQ,OK,NO_IRQ,NO_IRQ","NONE,FULL,NONE,NONE",
15.750949,2026-09-01T18:55:19.602+01:00,854192,6641,1084,1084,True,True,0x02,"NO_IRQ,OK,NO_IRQ,NO_IRQ","NONE,FULL,NONE,NONE",
15.769498,2026-09-01T18:55:19.617+01:00,855276,6642,1084,1084,True,True,0x02,"NO_IRQ,OK,NO_IRQ,NO_IRQ","NONE,FULL,NONE,NONE",
15.789687,2026-09-01T18:55:19.636+01:00,856360,6643,1084,1084,True,True,0x02,"NO_IRQ,OK,NO_IRQ,NO_IRQ","NONE,FULL,NONE,NONE",
15.814727,2026-09-01T18:55:19.656+01:00,857444,6644,1084,1084,True,True,0x02,"NO_IRQ,OK,NO_IRQ,NO_IRQ","NONE,FULL,NONE,NONE",
15.829287,2026-09-01T18:55:19.683+01:00,858528,6645,1084,1084,True,True,0x02,"NO_IRQ,OK,NO_IRQ,NO_IRQ","NONE,FULL,NONE,NONE",
15.849513,2026-09-01T18:55:19.695+01:00,859612,6646,1084,1084,True,True,0x02,"NO_IRQ,OK,NO_IRQ,NO_IRQ","NONE,FULL,NONE,NONE",
15.869644,2026-09-01T18:55:19.716+01:00,860696,6647,1084,1084,True,True,0x02,"NO_IRQ,OK,NO_IRQ,NO_IRQ","NONE,FULL,NONE,NONE",
15.893260,2026-09-01T18:55:19.736+01:00,861780,6648,1084,1084,True,True,0x02,"NO_IRQ,OK,NO_IRQ,NO_IRQ","NONE,FULL,NONE,NONE",
15.915619,2026-09-01T18:55:19.760+01:00,862864,6649,1084,1084,True,True,0x02,"NO_IRQ,OK,NO_IRQ,NO_IRQ","NONE,FULL,NONE,NONE",
15.929112,2026-09-01T18:55:19.782+01:00,863948,6650,1084,1084,True,True,0x02,"NO_IRQ,OK,NO_IRQ,NO_IRQ","NONE,FULL,NONE,NONE",
15.950080,2026-09-01T18:55:19.795+01:00,865032,6651,1084,1084,True,True,0x02,"NO_IRQ,OK,NO_IRQ,NO_IRQ","NONE,FULL,NONE,NONE",
15.970482,2026-09-01T18:55:19.816+01:00,866116,6652,1084,1084,True,True,0x02,"NO_IRQ,OK,NO_IRQ,NO_IRQ","NONE,FULL,NONE,NONE",
15.995459,2026-09-01T18:55:19.837+01:00,867200,6653,1084,1084,True,True,0x02,"NO_IRQ,OK,NO_IRQ,NO_IRQ","NONE,FULL,NONE,NONE",
16.009141,2026-09-01T18:55:19.862+01:00,868284,6654,1084,1084,True,True,0x02,"NO_IRQ,OK,NO_IRQ,NO_IRQ","NONE,FULL,NONE,NONE",
16.028908,2026-09-01T18:55:19.875+01:00,869368,6655,1084,1084,True,True,0x02,"NO_IRQ,OK,NO_IRQ,NO_IRQ","NONE,FULL,NONE,NONE",
16.056316,2026-09-01T18:55:19.895+01:00,870452,6656,1084,1084,True,True,0x02,"NO_IRQ,OK,NO_IRQ,NO_IRQ","NONE,FULL,NONE,NONE",
16.074762,2026-09-01T18:55:19.923+01:00,871536,6657,1084,1084,True,True,0x02,"NO_IRQ,OK,NO_IRQ,NO_IRQ","NONE,FULL,NONE,NONE",
16.089102,2026-09-01T18:55:19.941+01:00,872620,6658,1084,1084,True,True,0x02,"NO_IRQ,OK,NO_IRQ,NO_IRQ","NONE,FULL,NONE,NONE",
16.110273,2026-09-01T18:55:19.955+01:00,873704,6659,1084,1084,True,True,0x02,"NO_IRQ,OK,NO_IRQ,NO_IRQ","NONE,FULL,NONE,NONE",
16.128805,2026-09-01T18:55:19.976+01:00,874788,6660,1084,1084,True,True,0x02,"NO_IRQ,OK,NO_IRQ,NO_IRQ","NONE,FULL,NONE,NONE",
16.151953,2026-09-01T18:55:19.995+01:00,875872,6661,1084,1084,True,True,0x02,"NO_IRQ,OK,NO_IRQ,NO_IRQ","NONE,FULL,NONE,NONE",
16.176299,2026-09-01T18:55:20.018+01:00,876956,6662,1084,1084,True,True,0x02,"NO_IRQ,OK,NO_IRQ,NO_IRQ","NONE,FULL,NONE,NONE",
16.188226,2026-09-01T18:55:20.042+01:00,878040,6663,1084,1084,True,True,0x02,"NO_IRQ,OK,NO_IRQ,NO_IRQ","NONE,FULL,NONE,NONE",
16.209256,2026-09-01T18:55:20.054+01:00,879124,6664,1084,1084,True,True,0x02,"NO_IRQ,OK,NO_IRQ,NO_IRQ","NONE,FULL,NONE,NONE",
16.228395,2026-09-01T18:55:20.076+01:00,880208,6665,1084,1084,True,True,0x02,"NO_IRQ,OK,NO_IRQ,NO_IRQ","NONE,FULL,NONE,NONE",
16.249042,2026-09-01T18:55:20.095+01:00,881292,6666,1084,1084,True,True,0x02,"NO_IRQ,OK,NO_IRQ,NO_IRQ","NONE,FULL,NONE,NONE",
16.269268,2026-09-01T18:55:20.115+01:00,882376,6667,1084,1084,True,True,0x02,"NO_IRQ,OK,NO_IRQ,NO_IRQ","NONE,FULL,NONE,NONE",
16.288303,2026-09-01T18:55:20.135+01:00,883460,6668,1084,1084,True,True,0x02,"NO_IRQ,OK,NO_IRQ,NO_IRQ","NONE,FULL,NONE,NONE",
16.313014,2026-09-01T18:55:20.155+01:00,884544,6669,1084,1084,True,True,0x02,"NO_IRQ,OK,NO_IRQ,NO_IRQ","NONE,FULL,NONE,NONE",
16.335850,2026-09-01T18:55:20.179+01:00,885628,6670,1084,1084,True,True,0x02,"NO_IRQ,OK,NO_IRQ,NO_IRQ","NONE,FULL,NONE,NONE",
16.357557,2026-09-01T18:55:20.202+01:00,886712,6671,1084,1084,True,True,0x02,"NO_IRQ,OK,NO_IRQ,NO_IRQ","NONE,FULL,NONE,NONE",
16.368057,2026-09-01T18:55:20.224+01:00,887796,6672,1084,1084,True,True,0x02,"NO_IRQ,OK,NO_IRQ,NO_IRQ","NONE,FULL,NONE,NONE",
16.388112,2026-09-01T18:55:20.234+01:00,888880,6673,1084,1084,True,True,0x02,"NO_IRQ,OK,NO_IRQ,NO_IRQ","NONE,FULL,NONE,NONE",
16.408093,2026-09-01T18:55:20.254+01:00,889964,6674,1084,1084,True,True,0x02,"NO_IRQ,OK,NO_IRQ,NO_IRQ","NONE,FULL,NONE,NONE",
16.430005,2026-09-01T18:55:20.274+01:00,891048,6675,1084,1084,True,True,0x02,"NO_IRQ,OK,NO_IRQ,NO_IRQ","NONE,FULL,NONE,NONE",
16.455246,2026-09-01T18:55:20.296+01:00,892132,6676,1084,1084,True,True,0x02,"NO_IRQ,OK,NO_IRQ,NO_IRQ","NONE,FULL,NONE,NONE",
16.467878,2026-09-01T18:55:20.321+01:00,893216,6677,1084,1084,True,True,0x02,"NO_IRQ,OK,NO_IRQ,NO_IRQ","NONE,FULL,NONE,NONE",
16.488264,2026-09-01T18:55:20.334+01:00,894300,6678,1084,1084,True,True,0x02,"NO_IRQ,OK,NO_IRQ,NO_IRQ","NONE,FULL,NONE,NONE",
16.507744,2026-09-01T18:55:20.354+01:00,895384,6679,1084,1084,True,True,0x02,"NO_IRQ,OK,NO_IRQ,NO_IRQ","NONE,FULL,NONE,NONE",
16.528617,2026-09-01T18:55:20.374+01:00,896468,6680,1084,1084,True,True,0x02,"NO_IRQ,OK,NO_IRQ,NO_IRQ","NONE,FULL,NONE,NONE",
16.550581,2026-09-01T18:55:20.395+01:00,897552,6681,1084,1084,True,True,0x02,"NO_IRQ,OK,NO_IRQ,NO_IRQ","NONE,FULL,NONE,NONE",
16.573146,2026-09-01T18:55:20.417+01:00,898636,6682,1084,1084,True,True,0x02,"NO_IRQ,OK,NO_IRQ,NO_IRQ","NONE,FULL,NONE,NONE",
16.587615,2026-09-01T18:55:20.439+01:00,899720,6683,1084,1084,True,True,0x02,"NO_IRQ,OK,NO_IRQ,NO_IRQ","NONE,FULL,NONE,NONE",
16.608796,2026-09-01T18:55:20.454+01:00,900804,6684,1084,1084,True,True,0x02,"NO_IRQ,OK,NO_IRQ,NO_IRQ","NONE,FULL,NONE,NONE",
16.627932,2026-09-01T18:55:20.475+01:00,901888,6685,1084,1084,True,True,0x02,"NO_IRQ,OK,NO_IRQ,NO_IRQ","NONE,FULL,NONE,NONE",
16.648547,2026-09-01T18:55:20.494+01:00,902972,6686,1084,1084,True,True,0x02,"NO_IRQ,OK,NO_IRQ,NO_IRQ","NONE,FULL,NONE,NONE",
16.668903,2026-09-01T18:55:20.515+01:00,904056,6687,1084,1084,True,True,0x02,"NO_IRQ,OK,NO_IRQ,NO_IRQ","NONE,FULL,NONE,NONE",
16.688155,2026-09-01T18:55:20.535+01:00,905140,6688,1084,1084,True,True,0x02,"NO_IRQ,OK,NO_IRQ,NO_IRQ","NONE,FULL,NONE,NONE",
16.717824,2026-09-01T18:55:20.555+01:00,906224,6689,1084,1084,True,True,0x02,"NO_IRQ,OK,NO_IRQ,NO_IRQ","NONE,FULL,NONE,NONE",
16.728078,2026-09-01T18:55:20.584+01:00,907308,6690,1084,1084,True,True,0x02,"NO_IRQ,OK,NO_IRQ,NO_IRQ","NONE,FULL,NONE,NONE",
16.747151,2026-09-01T18:55:20.595+01:00,908392,6691,1084,1084,True,True,0x02,"NO_IRQ,OK,NO_IRQ,NO_IRQ","NONE,FULL,NONE,NONE",
16.781881,2026-09-01T18:55:20.613+01:00,909476,6692,1084,1084,True,True,0x02,"NO_IRQ,OK,NO_IRQ,NO_IRQ","NONE,FULL,NONE,NONE",
16.787165,2026-09-01T18:55:20.648+01:00,910560,6693,1084,1084,True,True,0x02,"NO_IRQ,OK,NO_IRQ,NO_IRQ","NONE,FULL,NONE,NONE",
16.807042,2026-09-01T18:55:20.654+01:00,911644,6694,1084,1084,True,True,0x02,"NO_IRQ,OK,NO_IRQ,NO_IRQ","NONE,FULL,NONE,NONE",
16.834581,2026-09-01T18:55:20.673+01:00,912728,6695,1084,1084,True,True,0x02,"NO_IRQ,OK,NO_IRQ,NO_IRQ","NONE,FULL,NONE,NONE",
16.848255,2026-09-01T18:55:20.701+01:00,913812,6696,1084,1084,True,True,0x02,"NO_IRQ,OK,NO_IRQ,NO_IRQ","NONE,FULL,NONE,NONE",
16.868148,2026-09-01T18:55:20.715+01:00,914896,6697,1084,1084,True,True,0x02,"NO_IRQ,OK,NO_IRQ,NO_IRQ","NONE,FULL,NONE,NONE",
16.889917,2026-09-01T18:55:20.735+01:00,915980,6698,1084,1084,True,True,0x02,"NO_IRQ,OK,NO_IRQ,NO_IRQ","NONE,FULL,NONE,NONE",
16.911274,2026-09-01T18:55:20.756+01:00,917064,6699,1084,1084,True,True,0x02,"NO_IRQ,OK,NO_IRQ,NO_IRQ","NONE,FULL,NONE,NONE",
16.936853,2026-09-01T18:55:20.778+01:00,918148,6700,1084,1084,True,True,0x02,"NO_IRQ,OK,NO_IRQ,NO_IRQ","NONE,FULL,NONE,NONE",
16.946959,2026-09-01T18:55:20.803+01:00,919232,6701,1084,1084,True,True,0x02,"NO_IRQ,OK,NO_IRQ,NO_IRQ","NONE,FULL,NONE,NONE",
16.968903,2026-09-01T18:55:20.813+01:00,920316,6702,1084,1084,True,True,0x02,"NO_IRQ,OK,NO_IRQ,NO_IRQ","NONE,FULL,NONE,NONE",
16.988451,2026-09-01T18:55:20.836+01:00,921400,6703,1084,1084,True,True,0x02,"NO_IRQ,OK,NO_IRQ,NO_IRQ","NONE,FULL,NONE,NONE",
17.006802,2026-09-01T18:55:20.855+01:00,922484,6704,1084,1084,True,True,0x02,"NO_IRQ,OK,NO_IRQ,NO_IRQ","NONE,FULL,NONE,NONE",
17.026686,2026-09-01T18:55:20.873+01:00,923568,6705,1084,1084,True,True,0x02,"NO_IRQ,OK,NO_IRQ,NO_IRQ","NONE,FULL,NONE,NONE",
17.047444,2026-09-01T18:55:20.908+01:00,924652,6706,1084,1084,True,True,0x02,"NO_IRQ,OK,NO_IRQ,NO_IRQ","NONE,FULL,NONE,NONE",
17.066811,2026-09-01T18:55:20.914+01:00,925736,6707,1084,1084,True,True,0x02,"NO_IRQ,OK,NO_IRQ,NO_IRQ","NONE,FULL,NONE,NONE",
17.089577,2026-09-01T18:55:20.933+01:00,926820,6708,1084,1084,True,True,0x02,"NO_IRQ,OK,NO_IRQ,NO_IRQ","NONE,FULL,NONE,NONE",
17.111731,2026-09-01T18:55:20.956+01:00,927904,6709,1084,1084,True,True,0x02,"NO_IRQ,OK,NO_IRQ,NO_IRQ","NONE,FULL,NONE,NONE",
17.135650,2026-09-01T18:55:20.978+01:00,928988,6710,1084,1084,True,True,0x02,"NO_IRQ,OK,NO_IRQ,NO_IRQ","NONE,FULL,NONE,NONE",
17.146587,2026-09-01T18:55:21.002+01:00,930072,6711,1084,1084,True,True,0x02,"NO_IRQ,OK,NO_IRQ,NO_IRQ","NONE,FULL,NONE,NONE",
17.167803,2026-09-01T18:55:21.013+01:00,931156,6712,1084,1084,True,True,0x02,"NO_IRQ,OK,NO_IRQ,NO_IRQ","NONE,FULL,NONE,NONE",
17.186866,2026-09-01T18:55:21.034+01:00,932240,6713,1084,1084,True,True,0x02,"NO_IRQ,OK,NO_IRQ,NO_IRQ","NONE,FULL,NONE,NONE",
17.209925,2026-09-01T18:55:21.053+01:00,933324,6714,1084,1084,True,True,0x02,"NO_IRQ,OK,NO_IRQ,NO_IRQ","NONE,FULL,NONE,NONE",
17.227067,2026-09-01T18:55:21.076+01:00,934408,6715,1084,1084,True,True,0x02,"NO_IRQ,OK,NO_IRQ,NO_IRQ","NONE,FULL,NONE,NONE",
17.246446,2026-09-01T18:55:21.093+01:00,935492,6716,1084,1084,True,True,0x02,"NO_IRQ,OK,NO_IRQ,NO_IRQ","NONE,FULL,NONE,NONE",
17.271697,2026-09-01T18:55:21.113+01:00,936576,6717,1084,1084,True,True,0x02,"NO_IRQ,OK,NO_IRQ,NO_IRQ","NONE,FULL,NONE,NONE",
17.294054,2026-09-01T18:55:21.138+01:00,937660,6718,1084,1084,True,True,0x02,"NO_IRQ,OK,NO_IRQ,NO_IRQ","NONE,FULL,NONE,NONE",
17.306129,2026-09-01T18:55:21.160+01:00,938744,6719,1084,1084,True,True,0x02,"NO_IRQ,OK,NO_IRQ,NO_IRQ","NONE,FULL,NONE,NONE",
17.326203,2026-09-01T18:55:21.172+01:00,939828,6720,1084,1084,True,True,0x02,"NO_IRQ,OK,NO_IRQ,NO_IRQ","NONE,FULL,NONE,NONE",
17.346479,2026-09-01T18:55:21.192+01:00,940912,6721,1084,1084,True,True,0x02,"NO_IRQ,OK,NO_IRQ,NO_IRQ","NONE,FULL,NONE,NONE",
17.368002,2026-09-01T18:55:21.213+01:00,941996,6722,1084,1084,True,True,0x02,"NO_IRQ,OK,NO_IRQ,NO_IRQ","NONE,FULL,NONE,NONE",
17.388436,2026-09-01T18:55:21.234+01:00,943080,6723,1084,1084,True,True,0x02,"NO_IRQ,OK,NO_IRQ,NO_IRQ","NONE,FULL,NONE,NONE",
17.412122,2026-09-01T18:55:21.255+01:00,944164,6724,1084,1084,True,True,0x02,"NO_IRQ,OK,NO_IRQ,NO_IRQ","NONE,FULL,NONE,NONE",
17.434589,2026-09-01T18:55:21.278+01:00,945248,6725,1084,1084,True,True,0x02,"NO_IRQ,OK,NO_IRQ,NO_IRQ","NONE,FULL,NONE,NONE",
17.446004,2026-09-01T18:55:21.301+01:00,946332,6726,1084,1084,True,True,0x02,"NO_IRQ,OK,NO_IRQ,NO_IRQ","NONE,FULL,NONE,NONE",
17.465928,2026-09-01T18:55:21.312+01:00,947416,6727,1084,1084,True,True,0x02,"NO_IRQ,OK,NO_IRQ,NO_IRQ","NONE,FULL,NONE,NONE",
17.488546,2026-09-01T18:55:21.332+01:00,948500,6728,1084,1084,True,True,0x02,"NO_IRQ,OK,NO_IRQ,NO_IRQ","NONE,FULL,NONE,NONE",
17.508904,2026-09-01T18:55:21.355+01:00,949584,6729,1084,1084,True,True,0x02,"NO_IRQ,OK,NO_IRQ,NO_IRQ","NONE,FULL,NONE,NONE",
17.537177,2026-09-01T18:55:21.375+01:00,950668,6730,1084,1084,True,True,0x02,"NO_IRQ,OK,NO_IRQ,NO_IRQ","NONE,FULL,NONE,NONE",
17.545717,2026-09-01T18:55:21.404+01:00,951752,6731,1084,1084,True,True,0x02,"NO_IRQ,OK,NO_IRQ,NO_IRQ","NONE,FULL,NONE,NONE",
17.565901,2026-09-01T18:55:21.412+01:00,952836,6732,1084,1084,True,True,0x02,"NO_IRQ,OK,NO_IRQ,NO_IRQ","NONE,FULL,NONE,NONE",
17.585532,2026-09-01T18:55:21.432+01:00,953920,6733,1084,1084,True,True,0x02,"NO_IRQ,OK,NO_IRQ,NO_IRQ","NONE,FULL,NONE,NONE",
17.610942,2026-09-01T18:55:21.452+01:00,955004,6734,1084,1084,True,True,0x02,"NO_IRQ,OK,NO_IRQ,NO_IRQ","NONE,FULL,NONE,NONE",
17.634138,2026-09-01T18:55:21.477+01:00,956088,6735,1084,1084,True,True,0x02,"NO_IRQ,OK,NO_IRQ,NO_IRQ","NONE,FULL,NONE,NONE",
17.646102,2026-09-01T18:55:21.500+01:00,957172,6736,1084,1084,True,True,0x02,"NO_IRQ,OK,NO_IRQ,NO_IRQ","NONE,FULL,NONE,NONE",
17.670146,2026-09-01T18:55:21.513+01:00,958256,6737,1084,1084,True,True,0x02,"NO_IRQ,OK,NO_IRQ,NO_IRQ","NONE,FULL,NONE,NONE",
17.690658,2026-09-01T18:55:21.536+01:00,959340,6738,1084,1084,True,True,0x02,"NO_IRQ,OK,NO_IRQ,NO_IRQ","NONE,FULL,NONE,NONE",
17.705642,2026-09-01T18:55:21.557+01:00,960424,6739,1084,1084,True,True,0x02,"NO_IRQ,OK,NO_IRQ,NO_IRQ","NONE,FULL,NONE,NONE",
17.725710,2026-09-01T18:55:21.572+01:00,961508,6740,1084,1084,True,True,0x02,"NO_IRQ,OK,NO_IRQ,NO_IRQ","NONE,FULL,NONE,NONE",
17.747976,2026-09-01T18:55:21.592+01:00,962592,6741,1084,1084,True,True,0x02,"NO_IRQ,OK,NO_IRQ,NO_IRQ","NONE,FULL,NONE,NONE",
17.766190,2026-09-01T18:55:21.619+01:00,963676,6742,1084,1084,True,True,0x02,"NO_IRQ,OK,NO_IRQ,NO_IRQ","NONE,FULL,NONE,NONE",
17.785179,2026-09-01T18:55:21.632+01:00,964760,6743,1084,1084,True,True,0x02,"NO_IRQ,OK,NO_IRQ,NO_IRQ","NONE,FULL,NONE,NONE",
17.805059,2026-09-01T18:55:21.651+01:00,965844,6744,1084,1084,True,True,0x02,"NO_IRQ,OK,NO_IRQ,NO_IRQ","NONE,FULL,NONE,NONE",
17.826103,2026-09-01T18:55:21.671+01:00,966928,6745,1084,1084,True,True,0x02,"NO_IRQ,OK,NO_IRQ,NO_IRQ","NONE,FULL,NONE,NONE",
17.847668,2026-09-01T18:55:21.692+01:00,968012,6746,1084,1084,True,True,0x02,"NO_IRQ,OK,NO_IRQ,NO_IRQ","NONE,FULL,NONE,NONE",
17.865620,2026-09-01T18:55:21.714+01:00,969096,6747,1084,1084,True,True,0x02,"NO_IRQ,OK,NO_IRQ,NO_IRQ","NONE,FULL,NONE,NONE",
17.893045,2026-09-01T18:55:21.732+01:00,970180,6748,1084,1084,True,True,0x02,"NO_IRQ,OK,NO_IRQ,NO_IRQ","NONE,FULL,NONE,NONE",
17.905083,2026-09-01T18:55:21.759+01:00,971264,6749,1084,1084,True,True,0x02,"NO_IRQ,OK,NO_IRQ,NO_IRQ","NONE,FULL,NONE,NONE",
17.924941,2026-09-01T18:55:21.771+01:00,972348,6750,1084,1084,True,True,0x02,"NO_IRQ,OK,NO_IRQ,NO_IRQ","NONE,FULL,NONE,NONE",
17.945318,2026-09-01T18:55:21.791+01:00,973432,6751,1084,1084,True,True,0x02,"NO_IRQ,OK,NO_IRQ,NO_IRQ","NONE,FULL,NONE,NONE",
17.965174,2026-09-01T18:55:21.811+01:00,974516,6752,1084,1084,True,True,0x02,"NO_IRQ,OK,NO_IRQ,NO_IRQ","NONE,FULL,NONE,NONE",
18.000531,2026-09-01T18:55:21.831+01:00,975600,6753,1084,1084,True,True,0x02,"NO_IRQ,OK,NO_IRQ,NO_IRQ","NONE,FULL,NONE,NONE",
18.004912,2026-09-01T18:55:21.867+01:00,976684,6754,1084,1084,True,True,0x02,"NO_IRQ,OK,NO_IRQ,NO_IRQ","NONE,FULL,NONE,NONE",
18.024879,2026-09-01T18:55:21.871+01:00,977768,6755,1084,1084,True,True,0x02,"NO_IRQ,OK,NO_IRQ,NO_IRQ","NONE,FULL,NONE,NONE",
18.045305,2026-09-01T18:55:21.891+01:00,978852,6756,1084,1084,True,True,0x02,"NO_IRQ,OK,NO_IRQ,NO_IRQ","NONE,FULL,NONE,NONE",
18.067696,2026-09-01T18:55:21.911+01:00,979936,6757,1084,1084,True,True,0x02,"NO_IRQ,OK,NO_IRQ,NO_IRQ","NONE,FULL,NONE,NONE",
18.087442,2026-09-01T18:55:21.934+01:00,981020,6758,1084,1084,True,True,0x02,"NO_IRQ,OK,NO_IRQ,NO_IRQ","NONE,FULL,NONE,NONE",
18.112289,2026-09-01T18:55:21.954+01:00,982104,6759,1084,1084,True,True,0x02,"NO_IRQ,OK,NO_IRQ,NO_IRQ","NONE,FULL,NONE,NONE",
18.124642,2026-09-01T18:55:21.979+01:00,983188,6760,1084,1084,True,True,0x02,"NO_IRQ,OK,NO_IRQ,NO_IRQ","NONE,FULL,NONE,NONE",
18.144845,2026-09-01T18:55:21.991+01:00,984272,6761,1084,1084,True,True,0x02,"NO_IRQ,OK,NO_IRQ,NO_IRQ","NONE,FULL,NONE,NONE",
18.164466,2026-09-01T18:55:22.011+01:00,985356,6762,1084,1084,True,True,0x02,"NO_IRQ,OK,NO_IRQ,NO_IRQ","NONE,FULL,NONE,NONE",
18.186046,2026-09-01T18:55:22.031+01:00,986440,6763,1084,1084,True,True,0x02,"NO_IRQ,OK,NO_IRQ,NO_IRQ","NONE,FULL,NONE,NONE",
18.204490,2026-09-01T18:55:22.052+01:00,987524,6764,1084,1084,True,True,0x02,"NO_IRQ,OK,NO_IRQ,NO_IRQ","NONE,FULL,NONE,NONE",
18.227869,2026-09-01T18:55:22.071+01:00,988608,6765,1084,1084,True,True,0x02,"NO_IRQ,OK,NO_IRQ,NO_IRQ","NONE,FULL,NONE,NONE",
18.245855,2026-09-01T18:55:22.097+01:00,989692,6766,1084,1084,True,True,0x02,"NO_IRQ,OK,NO_IRQ,NO_IRQ","NONE,FULL,NONE,NONE",
18.268921,2026-09-01T18:55:22.112+01:00,990776,6767,1084,1084,True,True,0x02,"NO_IRQ,OK,NO_IRQ,NO_IRQ","NONE,FULL,NONE,NONE",
18.285533,2026-09-01T18:55:22.135+01:00,991860,6768,1084,1084,True,True,0x02,"NO_IRQ,OK,NO_IRQ,NO_IRQ","NONE,FULL,NONE,NONE",
18.305956,2026-09-01T18:55:22.152+01:00,992944,6769,1084,1084,True,True,0x02,"NO_IRQ,OK,NO_IRQ,NO_IRQ","NONE,FULL,NONE,NONE",
18.328805,2026-09-01T18:55:22.173+01:00,994028,6770,1084,1084,True,True,0x02,"NO_IRQ,OK,NO_IRQ,NO_IRQ","NONE,FULL,NONE,NONE",
18.352189,2026-09-01T18:55:22.195+01:00,995112,6771,1084,1084,True,True,0x02,"NO_IRQ,OK,NO_IRQ,NO_IRQ","NONE,FULL,NONE,NONE",
18.364442,2026-09-01T18:55:22.218+01:00,996196,6772,1084,1084,True,True,0x02,"NO_IRQ,OK,NO_IRQ,NO_IRQ","NONE,FULL,NONE,NONE",
18.384314,2026-09-01T18:55:22.231+01:00,997280,6773,1084,1084,True,True,0x02,"NO_IRQ,OK,NO_IRQ,NO_IRQ","NONE,FULL,NONE,NONE",
18.404031,2026-09-01T18:55:22.251+01:00,998364,6774,1084,1084,True,True,0x02,"NO_IRQ,OK,NO_IRQ,NO_IRQ","NONE,FULL,NONE,NONE",
18.424513,2026-09-01T18:55:22.270+01:00,999448,6775,1084,1084,True,True,0x02,"NO_IRQ,OK,NO_IRQ,NO_IRQ","NONE,FULL,NONE,NONE",
18.445486,2026-09-01T18:55:22.291+01:00,1000532,6776,1084,1084,True,True,0x02,"NO_IRQ,OK,NO_IRQ,NO_IRQ","NONE,FULL,NONE,NONE",
18.464025,2026-09-01T18:55:22.312+01:00,1001616,6777,1084,1084,True,True,0x02,"NO_IRQ,OK,NO_IRQ,NO_IRQ","NONE,FULL,NONE,NONE",
18.490489,2026-09-01T18:55:22.330+01:00,1002700,6778,1084,1084,True,True,0x02,"NO_IRQ,OK,NO_IRQ,NO_IRQ","NONE,FULL,NONE,NONE",
18.504289,2026-09-01T18:55:22.359+01:00,1003784,6779,1084,1084,True,True,0x02,"NO_IRQ,OK,NO_IRQ,NO_IRQ","NONE,FULL,NONE,NONE",
18.525864,2026-09-01T18:55:22.370+01:00,1004868,6780,1084,1084,True,True,0x02,"NO_IRQ,OK,NO_IRQ,NO_IRQ","NONE,FULL,NONE,NONE",
18.547891,2026-09-01T18:55:22.392+01:00,1005952,6781,1084,1084,True,True,0x02,"NO_IRQ,OK,NO_IRQ,NO_IRQ","NONE,FULL,NONE,NONE",
18.565392,2026-09-01T18:55:22.418+01:00,1007036,6782,1084,1084,True,True,0x02,"NO_IRQ,OK,NO_IRQ,NO_IRQ","NONE,FULL,NONE,NONE",
18.584100,2026-09-01T18:55:22.432+01:00,1008120,6783,1084,1084,True,True,0x02,"NO_IRQ,OK,NO_IRQ,NO_IRQ","NONE,FULL,NONE,NONE",
18.603622,2026-09-01T18:55:22.450+01:00,1009204,6784,1084,1084,True,True,0x02,"NO_IRQ,OK,NO_IRQ,NO_IRQ","NONE,FULL,NONE,NONE",
18.625427,2026-09-01T18:55:22.470+01:00,1010288,6785,1084,1084,True,True,0x02,"NO_IRQ,OK,NO_IRQ,NO_IRQ","NONE,FULL,NONE,NONE",
18.643961,2026-09-01T18:55:22.492+01:00,1011372,6786,1084,1084,True,True,0x02,"NO_IRQ,OK,NO_IRQ,NO_IRQ","NONE,FULL,NONE,NONE",
18.670131,2026-09-01T18:55:22.510+01:00,1012456,6787,1084,1084,True,True,0x02,"NO_IRQ,OK,NO_IRQ,NO_IRQ","NONE,FULL,NONE,NONE",
18.683592,2026-09-01T18:55:22.536+01:00,1013540,6788,1084,1084,True,True,0x02,"NO_IRQ,OK,NO_IRQ,NO_IRQ","NONE,FULL,NONE,NONE",
18.703380,2026-09-01T18:55:22.550+01:00,1014624,6789,1084,1084,True,True,0x02,"NO_IRQ,OK,NO_IRQ,NO_IRQ","NONE,FULL,NONE,NONE",
18.732297,2026-09-01T18:55:22.569+01:00,1015708,6790,1084,1084,True,True,0x02,"NO_IRQ,OK,NO_IRQ,NO_IRQ","NONE,FULL,NONE,NONE",
18.743642,2026-09-01T18:55:22.598+01:00,1016792,6791,1084,1084,True,True,0x02,"NO_IRQ,OK,NO_IRQ,NO_IRQ","NONE,FULL,NONE,NONE",
18.763989,2026-09-01T18:55:22.610+01:00,1017876,6792,1084,1084,True,True,0x02,"NO_IRQ,OK,NO_IRQ,NO_IRQ","NONE,FULL,NONE,NONE",
18.784263,2026-09-01T18:55:22.630+01:00,1018960,6793,1084,1084,True,True,0x02,"NO_IRQ,OK,NO_IRQ,NO_IRQ","NONE,FULL,NONE,NONE",
18.811656,2026-09-01T18:55:22.651+01:00,1020044,6794,1084,1084,True,True,0x02,"NO_IRQ,OK,NO_IRQ,NO_IRQ","NONE,FULL,NONE,NONE",
18.823805,2026-09-01T18:55:22.678+01:00,1021128,6795,1084,1084,True,True,0x02,"NO_IRQ,OK,NO_IRQ,NO_IRQ","NONE,FULL,NONE,NONE",
18.843053,2026-09-01T18:55:22.690+01:00,1022212,6796,1084,1084,True,True,0x02,"NO_IRQ,OK,NO_IRQ,NO_IRQ","NONE,FULL,NONE,NONE",
18.869233,2026-09-01T18:55:22.709+01:00,1023296,6797,1084,1084,True,True,0x02,"NO_IRQ,OK,NO_IRQ,NO_IRQ","NONE,FULL,NONE,NONE",
18.883699,2026-09-01T18:55:22.735+01:00,1024380,6798,1084,1084,True,True,0x02,"NO_IRQ,OK,NO_IRQ,NO_IRQ","NONE,FULL,NONE,NONE",
18.906477,2026-09-01T18:55:22.750+01:00,1025464,6799,1084,1084,True,True,0x02,"NO_IRQ,OK,NO_IRQ,NO_IRQ","NONE,FULL,NONE,NONE",
18.925374,2026-09-01T18:55:22.773+01:00,1026548,6800,1084,1084,True,True,0x02,"NO_IRQ,OK,NO_IRQ,NO_IRQ","NONE,FULL,NONE,NONE",
18.943914,2026-09-01T18:55:22.792+01:00,1027632,6801,1084,1084,True,True,0x02,"NO_IRQ,OK,NO_IRQ,NO_IRQ","NONE,FULL,NONE,NONE",
18.963558,2026-09-01T18:55:22.810+01:00,1028716,6802,1084,1084,True,True,0x02,"NO_IRQ,OK,NO_IRQ,NO_IRQ","NONE,FULL,NONE,NONE",
18.989264,2026-09-01T18:55:22.830+01:00,1029800,6803,1084,1084,True,True,0x02,"NO_IRQ,OK,NO_IRQ,NO_IRQ","NONE,FULL,NONE,NONE",
19.007643,2026-09-01T18:55:22.855+01:00,1030884,6804,1084,1084,True,True,0x02,"NO_IRQ,OK,NO_IRQ,NO_IRQ","NONE,FULL,NONE,NONE",
19.024833,2026-09-01T18:55:22.874+01:00,1031968,6805,1084,1084,True,True,0x02,"NO_IRQ,OK,NO_IRQ,NO_IRQ","NONE,FULL,NONE,NONE",
19.042652,2026-09-01T18:55:22.891+01:00,1033052,6806,1084,1084,True,True,0x02,"NO_IRQ,OK,NO_IRQ,NO_IRQ","NONE,FULL,NONE,NONE",
19.063690,2026-09-01T18:55:22.909+01:00,1034136,6807,1084,1084,True,True,0x02,"NO_IRQ,OK,NO_IRQ,NO_IRQ","NONE,FULL,NONE,NONE",
19.082990,2026-09-01T18:55:22.930+01:00,1035220,6808,1084,1084,True,True,0x02,"NO_IRQ,OK,NO_IRQ,NO_IRQ","NONE,FULL,NONE,NONE",
19.103150,2026-09-01T18:55:22.949+01:00,1036304,6809,1084,1084,True,True,0x02,"NO_IRQ,OK,NO_IRQ,NO_IRQ","NONE,FULL,NONE,NONE",
19.122715,2026-09-01T18:55:22.969+01:00,1037388,6810,1084,1084,True,True,0x02,"NO_IRQ,OK,NO_IRQ,NO_IRQ","NONE,FULL,NONE,NONE",
19.147162,2026-09-01T18:55:22.989+01:00,1038472,6811,1084,1084,True,True,0x02,"NO_IRQ,OK,NO_IRQ,NO_IRQ","NONE,FULL,NONE,NONE",
19.170359,2026-09-01T18:55:23.013+01:00,1039556,6812,1084,1084,True,True,0x02,"NO_IRQ,OK,NO_IRQ,NO_IRQ","NONE,FULL,NONE,NONE",
19.182721,2026-09-01T18:55:23.037+01:00,1040640,6813,1084,1084,True,True,0x02,"NO_IRQ,OK,NO_IRQ,NO_IRQ","NONE,FULL,NONE,NONE",
19.203236,2026-09-01T18:55:23.049+01:00,1041724,6814,1084,1084,True,True,0x02,"NO_IRQ,OK,NO_IRQ,NO_IRQ","NONE,FULL,NONE,NONE",
19.238524,2026-09-01T18:55:23.069+01:00,1042808,6815,1084,1084,True,True,0x02,"NO_IRQ,OK,NO_IRQ,NO_IRQ","NONE,FULL,NONE,NONE",
19.243395,2026-09-01T18:55:23.105+01:00,1043892,6816,1084,1084,True,True,0x02,"NO_IRQ,OK,NO_IRQ,NO_IRQ","NONE,FULL,NONE,NONE",
19.268882,2026-09-01T18:55:23.110+01:00,1044976,6817,1084,1084,True,True,0x02,"NO_IRQ,OK,NO_IRQ,NO_IRQ","NONE,FULL,NONE,NONE",
19.282304,2026-09-01T18:55:23.135+01:00,1046060,6818,1084,1084,True,True,0x02,"NO_IRQ,OK,NO_IRQ,NO_IRQ","NONE,FULL,NONE,NONE",
19.302972,2026-09-01T18:55:23.148+01:00,1047144,6819,1084,1084,True,True,0x02,"NO_IRQ,OK,NO_IRQ,NO_IRQ","NONE,FULL,NONE,NONE",
19.323546,2026-09-01T18:55:23.169+01:00,1048228,6820,1084,1084,True,True,0x02,"NO_IRQ,OK,NO_IRQ,NO_IRQ","NONE,FULL,NONE,NONE",
19.350734,2026-09-01T18:55:23.190+01:00,1049312,6821,1084,1084,True,True,0x02,"NO_IRQ,OK,NO_IRQ,NO_IRQ","NONE,FULL,NONE,NONE",
19.362447,2026-09-01T18:55:23.217+01:00,1050396,6822,1084,1084,True,True,0x02,"NO_IRQ,OK,NO_IRQ,NO_IRQ","NONE,FULL,NONE,NONE",
19.384134,2026-09-01T18:55:23.229+01:00,1051480,6823,1084,1084,True,True,0x02,"NO_IRQ,OK,NO_IRQ,NO_IRQ","NONE,FULL,NONE,NONE",
19.402960,2026-09-01T18:55:23.251+01:00,1052564,6824,1084,1084,True,True,0x02,"NO_IRQ,OK,NO_IRQ,NO_IRQ","NONE,FULL,NONE,NONE",
19.425005,2026-09-01T18:55:23.269+01:00,1053648,6825,1084,1084,True,True,0x02,"NO_IRQ,OK,NO_IRQ,NO_IRQ","NONE,FULL,NONE,NONE",
19.445499,2026-09-01T18:55:23.292+01:00,1054732,6826,1084,1084,True,True,0x02,"NO_IRQ,OK,NO_IRQ,NO_IRQ","NONE,FULL,NONE,NONE",
19.462098,2026-09-01T18:55:23.312+01:00,1055816,6827,1084,1084,True,True,0x02,"NO_IRQ,OK,NO_IRQ,NO_IRQ","NONE,FULL,NONE,NONE",
19.488229,2026-09-01T18:55:23.328+01:00,1056900,6828,1084,1084,True,True,0x02,"NO_IRQ,OK,NO_IRQ,NO_IRQ","NONE,FULL,NONE,NONE",
19.502264,2026-09-01T18:55:23.356+01:00,1057984,6829,1084,1084,True,True,0x02,"NO_IRQ,OK,NO_IRQ,NO_IRQ","NONE,FULL,NONE,NONE",
19.522945,2026-09-01T18:55:23.369+01:00,1059068,6830,1084,1084,True,True,0x02,"NO_IRQ,OK,NO_IRQ,NO_IRQ","NONE,FULL,NONE,NONE",
19.545154,2026-09-01T18:55:23.390+01:00,1060152,6831,1084,1084,True,True,0x02,"NO_IRQ,OK,NO_IRQ,NO_IRQ","NONE,FULL,NONE,NONE",
19.564390,2026-09-01T18:55:23.412+01:00,1061236,6832,1084,1084,True,True,0x02,"NO_IRQ,OK,NO_IRQ,NO_IRQ","NONE,FULL,NONE,NONE",
19.582987,2026-09-01T18:55:23.431+01:00,1062320,6833,1084,1084,True,True,0x02,"NO_IRQ,OK,NO_IRQ,NO_IRQ","NONE,FULL,NONE,NONE",
19.603767,2026-09-01T18:55:23.450+01:00,1063404,6834,1084,1084,True,True,0x02,"NO_IRQ,OK,NO_IRQ,NO_IRQ","NONE,FULL,NONE,NONE",
19.622295,2026-09-01T18:55:23.470+01:00,1064488,6835,1084,1084,True,True,0x02,"NO_IRQ,OK,NO_IRQ,NO_IRQ","NONE,FULL,NONE,NONE",
19.644608,2026-09-01T18:55:23.489+01:00,1065572,6836,1084,1084,True,True,0x02,"NO_IRQ,OK,NO_IRQ,NO_IRQ","NONE,FULL,NONE,NONE",
19.664506,2026-09-01T18:55:23.511+01:00,1066656,6837,1084,1084,True,True,0x02,"NO_IRQ,OK,NO_IRQ,NO_IRQ","NONE,FULL,NONE,NONE",
19.682405,2026-09-01T18:55:23.537+01:00,1067740,6838,1084,1084,True,True,0x02,"NO_IRQ,OK,NO_IRQ,NO_IRQ","NONE,FULL,NONE,NONE",
19.702722,2026-09-01T18:55:23.549+01:00,1068824,6839,1084,1084,True,True,0x02,"NO_IRQ,OK,NO_IRQ,NO_IRQ","NONE,FULL,NONE,NONE",
19.725668,2026-09-01T18:55:23.569+01:00,1069908,6840,1084,1084,True,True,0x02,"NO_IRQ,OK,NO_IRQ,NO_IRQ","NONE,FULL,NONE,NONE",
19.742378,2026-09-01T18:55:23.592+01:00,1070992,6841,1084,1084,True,True,0x02,"NO_IRQ,OK,NO_IRQ,NO_IRQ","NONE,FULL,NONE,NONE",
19.762306,2026-09-01T18:55:23.609+01:00,1072076,6842,1084,1084,True,True,0x02,"NO_IRQ,OK,NO_IRQ,NO_IRQ","NONE,FULL,NONE,NONE",
19.781956,2026-09-01T18:55:23.629+01:00,1073160,6843,1084,1084,True,True,0x02,"NO_IRQ,OK,NO_IRQ,NO_IRQ","NONE,FULL,NONE,NONE",
19.805880,2026-09-01T18:55:23.648+01:00,1074244,6844,1084,1084,True,True,0x02,"NO_IRQ,OK,NO_IRQ,NO_IRQ","NONE,FULL,NONE,NONE",
19.826299,2026-09-01T18:55:23.672+01:00,1075328,6845,1084,1084,True,True,0x02,"NO_IRQ,OK,NO_IRQ,NO_IRQ","NONE,FULL,NONE,NONE",
19.848987,2026-09-01T18:55:23.692+01:00,1076412,6846,1084,1084,True,True,0x02,"NO_IRQ,OK,NO_IRQ,NO_IRQ","NONE,FULL,NONE,NONE",
19.871451,2026-09-01T18:55:23.716+01:00,1077496,6847,1084,1084,True,True,0x02,"NO_IRQ,OK,NO_IRQ,NO_IRQ","NONE,FULL,NONE,NONE",
19.881843,2026-09-01T18:55:23.738+01:00,1078580,6848,1084,1084,True,True,0x02,"NO_IRQ,OK,NO_IRQ,NO_IRQ","NONE,FULL,NONE,NONE",
19.901497,2026-09-01T18:55:23.748+01:00,1079664,6849,1084,1084,True,True,0x02,"NO_IRQ,OK,NO_IRQ,NO_IRQ","NONE,FULL,NONE,NONE",
19.922133,2026-09-01T18:55:23.768+01:00,1080748,6850,1084,1084,True,True,0x02,"NO_IRQ,OK,NO_IRQ,NO_IRQ","NONE,FULL,NONE,NONE",
19.947408,2026-09-01T18:55:23.788+01:00,1081832,6851,1084,1084,True,True,0x02,"NO_IRQ,OK,NO_IRQ,NO_IRQ","NONE,FULL,NONE,NONE",
19.967459,2026-09-01T18:55:23.814+01:00,1082916,6852,1084,1084,True,True,0x02,"NO_IRQ,OK,NO_IRQ,NO_IRQ","NONE,FULL,NONE,NONE",
19.993583,2026-09-01T18:55:23.834+01:00,1084000,6853,1084,1084,True,True,0x02,"NO_IRQ,OK,NO_IRQ,NO_IRQ","NONE,FULL,NONE,NONE",
20.001706,2026-09-01T18:55:23.860+01:00,1085084,6854,1084,1084,True,True,0x02,"NO_IRQ,OK,NO_IRQ,NO_IRQ","NONE,FULL,NONE,NONE",
20.021938,2026-09-01T18:55:23.868+01:00,1086168,6855,1084,1084,True,True,0x02,"NO_IRQ,OK,NO_IRQ,NO_IRQ","NONE,FULL,NONE,NONE",
20.044629,2026-09-01T18:55:23.888+01:00,1087252,6856,1084,1084,True,True,0x02,"NO_IRQ,OK,NO_IRQ,NO_IRQ","NONE,FULL,NONE,NONE",
20.062044,2026-09-01T18:55:23.911+01:00,1088336,6857,1084,1084,True,True,0x02,"NO_IRQ,OK,NO_IRQ,NO_IRQ","NONE,FULL,NONE,NONE",
20.081005,2026-09-01T18:55:23.928+01:00,1089420,6858,1084,1084,True,True,0x02,"NO_IRQ,OK,NO_IRQ,NO_IRQ","NONE,FULL,NONE,NONE",
20.103424,2026-09-01T18:55:23.948+01:00,1090504,6859,1084,1084,True,True,0x02,"NO_IRQ,OK,NO_IRQ,NO_IRQ","NONE,FULL,NONE,NONE",
20.131048,2026-09-01T18:55:23.970+01:00,1091588,6860,1084,1084,True,True,0x02,"NO_IRQ,OK,NO_IRQ,NO_IRQ","NONE,FULL,NONE,NONE",
20.141773,2026-09-01T18:55:23.998+01:00,1092672,6861,1084,1084,True,True,0x02,"NO_IRQ,OK,NO_IRQ,NO_IRQ","NONE,FULL,NONE,NONE",
20.163408,2026-09-01T18:55:24.008+01:00,1093756,6862,1084,1084,True,True,0x02,"NO_IRQ,OK,NO_IRQ,NO_IRQ","NONE,FULL,NONE,NONE",
20.181742,2026-09-01T18:55:24.030+01:00,1094840,6863,1084,1084,True,True,0x02,"NO_IRQ,OK,NO_IRQ,NO_IRQ","NONE,FULL,NONE,NONE",
20.201045,2026-09-01T18:55:24.048+01:00,1095924,6864,1084,1084,True,True,0x02,"NO_IRQ,OK,NO_IRQ,NO_IRQ","NONE,FULL,NONE,NONE",
20.224423,2026-09-01T18:55:24.067+01:00,1097008,6865,1084,1084,True,True,0x02,"NO_IRQ,OK,NO_IRQ,NO_IRQ","NONE,FULL,NONE,NONE",
20.240882,2026-09-01T18:55:24.099+01:00,1098092,6866,1084,1084,True,True,0x02,"NO_IRQ,OK,NO_IRQ,NO_IRQ","NONE,FULL,NONE,NONE",
20.260954,2026-09-01T18:55:24.107+01:00,1099176,6867,1084,1084,True,True,0x02,"NO_IRQ,OK,NO_IRQ,NO_IRQ","NONE,FULL,NONE,NONE",
20.281794,2026-09-01T18:55:24.127+01:00,1100260,6868,1084,1084,True,True,0x02,"NO_IRQ,OK,NO_IRQ,NO_IRQ","NONE,FULL,NONE,NONE",
20.300536,2026-09-01T18:55:24.148+01:00,1101344,6869,1084,1084,True,True,0x02,"NO_IRQ,OK,NO_IRQ,NO_IRQ","NONE,FULL,NONE,NONE",
20.324666,2026-09-01T18:55:24.167+01:00,1102428,6870,1084,1084,True,True,0x02,"NO_IRQ,OK,NO_IRQ,NO_IRQ","NONE,FULL,NONE,NONE",
20.350233,2026-09-01T18:55:24.191+01:00,1103512,6871,1084,1084,True,True,0x02,"NO_IRQ,OK,NO_IRQ,NO_IRQ","NONE,FULL,NONE,NONE",
20.361050,2026-09-01T18:55:24.217+01:00,1104596,6872,1084,1084,True,True,0x02,"NO_IRQ,OK,NO_IRQ,NO_IRQ","NONE,FULL,NONE,NONE",
20.381189,2026-09-01T18:55:24.227+01:00,1105680,6873,1084,1084,True,True,0x02,"NO_IRQ,OK,NO_IRQ,NO_IRQ","NONE,FULL,NONE,NONE",
20.400797,2026-09-01T18:55:24.247+01:00,1106764,6874,1084,1084,True,True,0x02,"NO_IRQ,OK,NO_IRQ,NO_IRQ","NONE,FULL,NONE,NONE",
20.421333,2026-09-01T18:55:24.267+01:00,1107848,6875,1084,1084,True,True,0x02,"NO_IRQ,OK,NO_IRQ,NO_IRQ","NONE,FULL,NONE,NONE",
20.448178,2026-09-01T18:55:24.287+01:00,1108932,6876,1084,1084,True,True,0x02,"NO_IRQ,OK,NO_IRQ,NO_IRQ","NONE,FULL,NONE,NONE",
20.464690,2026-09-01T18:55:24.314+01:00,1110016,6877,1084,1084,True,True,0x02,"NO_IRQ,OK,NO_IRQ,NO_IRQ","NONE,FULL,NONE,NONE",
20.480186,2026-09-01T18:55:24.336+01:00,1111100,6878,1084,1084,True,True,0x02,"NO_IRQ,OK,NO_IRQ,NO_IRQ","NONE,FULL,NONE,NONE",
20.501055,2026-09-01T18:55:24.346+01:00,1112184,6879,1084,1084,True,True,0x02,"NO_IRQ,OK,NO_IRQ,NO_IRQ","NONE,FULL,NONE,NONE",
20.528129,2026-09-01T18:55:24.367+01:00,1113268,6880,1084,1084,True,True,0x02,"NO_IRQ,OK,NO_IRQ,NO_IRQ","NONE,FULL,NONE,NONE",
20.540362,2026-09-01T18:55:24.395+01:00,1114352,6881,1084,1084,True,True,0x02,"NO_IRQ,OK,NO_IRQ,NO_IRQ","NONE,FULL,NONE,NONE",
20.561405,2026-09-01T18:55:24.407+01:00,1115436,6882,1084,1084,True,True,0x02,"NO_IRQ,OK,NO_IRQ,NO_IRQ","NONE,FULL,NONE,NONE",
20.583797,2026-09-01T18:55:24.428+01:00,1116520,6883,1084,1084,True,True,0x02,"NO_IRQ,OK,NO_IRQ,NO_IRQ","NONE,FULL,NONE,NONE",
20.606581,2026-09-01T18:55:24.450+01:00,1117604,6884,1084,1084,True,True,0x02,"NO_IRQ,OK,NO_IRQ,NO_IRQ","NONE,FULL,NONE,NONE",
20.620564,2026-09-01T18:55:24.473+01:00,1118688,6885,1084,1084,True,True,0x02,"NO_IRQ,OK,NO_IRQ,NO_IRQ","NONE,FULL,NONE,NONE",
20.641517,2026-09-01T18:55:24.487+01:00,1119772,6886,1084,1084,True,True,0x02,"NO_IRQ,OK,NO_IRQ,NO_IRQ","NONE,FULL,NONE,NONE",
20.663357,2026-09-01T18:55:24.508+01:00,1120856,6887,1084,1084,True,True,0x02,"NO_IRQ,OK,NO_IRQ,NO_IRQ","NONE,FULL,NONE,NONE",
20.680097,2026-09-01T18:55:24.530+01:00,1121940,6888,1084,1084,True,True,0x02,"NO_IRQ,OK,NO_IRQ,NO_IRQ","NONE,FULL,NONE,NONE",
20.700077,2026-09-01T18:55:24.546+01:00,1123024,6889,1084,1084,True,True,0x02,"NO_IRQ,OK,NO_IRQ,NO_IRQ","NONE,FULL,NONE,NONE",
20.725103,2026-09-01T18:55:24.566+01:00,1124108,6890,1084,1084,True,True,0x02,"NO_IRQ,OK,NO_IRQ,NO_IRQ","NONE,FULL,NONE,NONE",
20.747822,2026-09-01T18:55:24.591+01:00,1125192,6891,1084,1084,True,True,0x02,"NO_IRQ,OK,NO_IRQ,NO_IRQ","NONE,FULL,NONE,NONE",
20.760308,2026-09-01T18:55:24.614+01:00,1126276,6892,1084,1084,True,True,0x02,"NO_IRQ,OK,NO_IRQ,NO_IRQ","NONE,FULL,NONE,NONE",
20.783159,2026-09-01T18:55:24.627+01:00,1127360,6893,1084,1084,True,True,0x02,"NO_IRQ,OK,NO_IRQ,NO_IRQ","NONE,FULL,NONE,NONE",
20.806542,2026-09-01T18:55:24.649+01:00,1128444,6894,1084,1084,True,True,0x02,"NO_IRQ,OK,NO_IRQ,NO_IRQ","NONE,FULL,NONE,NONE",
20.820129,2026-09-01T18:55:24.673+01:00,1129528,6895,1084,1084,True,True,0x02,"NO_IRQ,OK,NO_IRQ,NO_IRQ","NONE,FULL,NONE,NONE",
20.841057,2026-09-01T18:55:24.687+01:00,1130612,6896,1084,1084,True,True,0x02,"NO_IRQ,OK,NO_IRQ,NO_IRQ","NONE,FULL,NONE,NONE",
20.859677,2026-09-01T18:55:24.707+01:00,1131696,6897,1084,1084,True,True,0x02,"NO_IRQ,OK,NO_IRQ,NO_IRQ","NONE,FULL,NONE,NONE",
20.879883,2026-09-01T18:55:24.726+01:00,1132780,6898,1084,1084,True,True,0x02,"NO_IRQ,OK,NO_IRQ,NO_IRQ","NONE,FULL,NONE,NONE",
20.902497,2026-09-01T18:55:24.746+01:00,1133864,6899,1084,1084,True,True,0x02,"NO_IRQ,OK,NO_IRQ,NO_IRQ","NONE,FULL,NONE,NONE",
20.920737,2026-09-01T18:55:24.769+01:00,1134948,6900,1084,1084,True,True,0x02,"NO_IRQ,OK,NO_IRQ,NO_IRQ","NONE,FULL,NONE,NONE",
20.939536,2026-09-01T18:55:24.787+01:00,1136032,6901,1084,1084,True,True,0x02,"NO_IRQ,OK,NO_IRQ,NO_IRQ","NONE,FULL,NONE,NONE",
20.976304,2026-09-01T18:55:24.806+01:00,1137116,6902,1084,1084,True,True,0x02,"NO_IRQ,OK,NO_IRQ,NO_IRQ","NONE,FULL,NONE,NONE",
20.980128,2026-09-01T18:55:24.843+01:00,1138200,6903,1084,1084,True,True,0x02,"NO_IRQ,OK,NO_IRQ,NO_IRQ","NONE,FULL,NONE,NONE",
21.000263,2026-09-01T18:55:24.847+01:00,1139284,6904,1084,1084,True,True,0x02,"NO_IRQ,OK,NO_IRQ,NO_IRQ","NONE,FULL,NONE,NONE",
21.026961,2026-09-01T18:55:24.866+01:00,1140368,6905,1084,1084,True,True,0x02,"NO_IRQ,OK,NO_IRQ,NO_IRQ","NONE,FULL,NONE,NONE",
21.040531,2026-09-01T18:55:24.893+01:00,1141452,6906,1084,1084,True,True,0x02,"NO_IRQ,OK,NO_IRQ,NO_IRQ","NONE,FULL,NONE,NONE",
21.059464,2026-09-01T18:55:24.907+01:00,1142536,6907,1084,1084,True,True,0x02,"NO_IRQ,OK,NO_IRQ,NO_IRQ","NONE,FULL,NONE,NONE",
21.079327,2026-09-01T18:55:24.926+01:00,1143620,6908,1084,1084,True,True,0x02,"NO_IRQ,OK,NO_IRQ,NO_IRQ","NONE,FULL,NONE,NONE",
21.099650,2026-09-01T18:55:24.946+01:00,1144704,6909,1084,1084,True,True,0x02,"NO_IRQ,OK,NO_IRQ,NO_IRQ","NONE,FULL,NONE,NONE",
21.123746,2026-09-01T18:55:24.966+01:00,1145788,6910,1084,1084,True,True,0x02,"NO_IRQ,OK,NO_IRQ,NO_IRQ","NONE,FULL,NONE,NONE",
21.145305,2026-09-01T18:55:24.990+01:00,1146872,6911,1084,1084,True,True,0x02,"NO_IRQ,OK,NO_IRQ,NO_IRQ","NONE,FULL,NONE,NONE",
21.160152,2026-09-01T18:55:25.012+01:00,1147956,6912,1084,1084,True,True,0x02,"NO_IRQ,OK,NO_IRQ,NO_IRQ","NONE,FULL,NONE,NONE",
21.179100,2026-09-01T18:55:25.026+01:00,1149040,6913,1084,1084,True,True,0x02,"NO_IRQ,OK,NO_IRQ,NO_IRQ","NONE,FULL,NONE,NONE",
21.204600,2026-09-01T18:55:25.045+01:00,1150124,6914,1084,1084,True,True,0x02,"NO_IRQ,OK,NO_IRQ,NO_IRQ","NONE,FULL,NONE,NONE",
21.219452,2026-09-01T18:55:25.071+01:00,1151208,6915,1084,1084,True,True,0x02,"NO_IRQ,OK,NO_IRQ,NO_IRQ","NONE,FULL,NONE,NONE",
21.239297,2026-09-01T18:55:25.086+01:00,1152292,6916,1084,1084,True,True,0x02,"NO_IRQ,OK,NO_IRQ,NO_IRQ","NONE,FULL,NONE,NONE",
21.259972,2026-09-01T18:55:25.106+01:00,1153376,6917,1084,1084,True,True,0x02,"NO_IRQ,OK,NO_IRQ,NO_IRQ","NONE,FULL,NONE,NONE",
21.280266,2026-09-01T18:55:25.126+01:00,1154460,6918,1084,1084,True,True,0x02,"NO_IRQ,OK,NO_IRQ,NO_IRQ","NONE,FULL,NONE,NONE",
21.303034,2026-09-01T18:55:25.147+01:00,1155544,6919,1084,1084,True,True,0x02,"NO_IRQ,OK,NO_IRQ,NO_IRQ","NONE,FULL,NONE,NONE",
21.324262,2026-09-01T18:55:25.169+01:00,1156628,6920,1084,1084,True,True,0x02,"NO_IRQ,OK,NO_IRQ,NO_IRQ","NONE,FULL,NONE,NONE",
21.339072,2026-09-01T18:55:25.191+01:00,1157712,6921,1084,1084,True,True,0x02,"NO_IRQ,OK,NO_IRQ,NO_IRQ","NONE,FULL,NONE,NONE",
21.359987,2026-09-01T18:55:25.205+01:00,1158796,6922,1084,1084,True,True,0x02,"NO_IRQ,OK,NO_IRQ,NO_IRQ","NONE,FULL,NONE,NONE",
21.378733,2026-09-01T18:55:25.226+01:00,1159880,6923,1084,1084,True,True,0x02,"NO_IRQ,OK,NO_IRQ,NO_IRQ","NONE,FULL,NONE,NONE",
21.400451,2026-09-01T18:55:25.245+01:00,1160964,6924,1084,1084,True,True,0x02,"NO_IRQ,OK,NO_IRQ,NO_IRQ","NONE,FULL,NONE,NONE",
21.418807,2026-09-01T18:55:25.268+01:00,1162048,6925,1084,1084,True,True,0x02,"NO_IRQ,OK,NO_IRQ,NO_IRQ","NONE,FULL,NONE,NONE",
21.438959,2026-09-01T18:55:25.285+01:00,1163132,6926,1084,1084,True,True,0x02,"NO_IRQ,OK,NO_IRQ,NO_IRQ","NONE,FULL,NONE,NONE",
21.460425,2026-09-01T18:55:25.305+01:00,1164216,6927,1084,1084,True,True,0x02,"NO_IRQ,OK,NO_IRQ,NO_IRQ","NONE,FULL,NONE,NONE",
21.478993,2026-09-01T18:55:25.327+01:00,1165300,6928,1084,1084,True,True,0x02,"NO_IRQ,OK,NO_IRQ,NO_IRQ","NONE,FULL,NONE,NONE",
21.501530,2026-09-01T18:55:25.345+01:00,1166384,6929,1084,1084,True,True,0x02,"NO_IRQ,OK,NO_IRQ,NO_IRQ","NONE,FULL,NONE,NONE",
21.525672,2026-09-01T18:55:25.368+01:00,1167468,6930,1084,1084,True,True,0x02,"NO_IRQ,OK,NO_IRQ,NO_IRQ","NONE,FULL,NONE,NONE",
21.538627,2026-09-01T18:55:25.392+01:00,1168552,6931,1084,1084,True,True,0x02,"NO_IRQ,OK,NO_IRQ,NO_IRQ","NONE,FULL,NONE,NONE",
21.558849,2026-09-01T18:55:25.405+01:00,1169636,6932,1084,1084,True,True,0x02,"NO_IRQ,OK,NO_IRQ,NO_IRQ","NONE,FULL,NONE,NONE",
21.579185,2026-09-01T18:55:25.425+01:00,1170720,6933,1084,1084,True,True,0x02,"NO_IRQ,OK,NO_IRQ,NO_IRQ","NONE,FULL,NONE,NONE",
21.598861,2026-09-01T18:55:25.446+01:00,1171804,6934,1084,1084,True,True,0x02,"NO_IRQ,OK,NO_IRQ,NO_IRQ","NONE,FULL,NONE,NONE",
21.618974,2026-09-01T18:55:25.465+01:00,1172888,6935,1084,1084,True,True,0x02,"NO_IRQ,OK,NO_IRQ,NO_IRQ","NONE,FULL,NONE,NONE",
21.638204,2026-09-01T18:55:25.485+01:00,1173972,6936,1084,1084,True,True,0x02,"NO_IRQ,OK,NO_IRQ,NO_IRQ","NONE,FULL,NONE,NONE",
21.662960,2026-09-01T18:55:25.504+01:00,1175056,6937,1084,1084,True,True,0x02,"NO_IRQ,OK,NO_IRQ,NO_IRQ","NONE,FULL,NONE,NONE",
21.678561,2026-09-01T18:55:25.529+01:00,1176140,6938,1084,1084,True,True,0x02,"NO_IRQ,OK,NO_IRQ,NO_IRQ","NONE,FULL,NONE,NONE",
21.701972,2026-09-01T18:55:25.545+01:00,1177224,6939,1084,1084,True,True,0x02,"NO_IRQ,OK,NO_IRQ,NO_IRQ","NONE,FULL,NONE,NONE",
21.723751,2026-09-01T18:55:25.568+01:00,1178308,6940,1084,1084,True,True,0x02,"NO_IRQ,OK,NO_IRQ,NO_IRQ","NONE,FULL,NONE,NONE",
21.745471,2026-09-01T18:55:25.590+01:00,1179392,6941,1084,1084,True,True,0x02,"NO_IRQ,OK,NO_IRQ,NO_IRQ","NONE,FULL,NONE,NONE",
21.758414,2026-09-01T18:55:25.612+01:00,1180476,6942,1084,1084,True,True,0x02,"NO_IRQ,OK,NO_IRQ,NO_IRQ","NONE,FULL,NONE,NONE",
21.777795,2026-09-01T18:55:25.625+01:00,1181560,6943,1084,1084,True,True,0x02,"NO_IRQ,OK,NO_IRQ,NO_IRQ","NONE,FULL,NONE,NONE",
21.798348,2026-09-01T18:55:25.644+01:00,1182644,6944,1084,1084,True,True,0x02,"NO_IRQ,OK,NO_IRQ,NO_IRQ","NONE,FULL,NONE,NONE",
21.819381,2026-09-01T18:55:25.664+01:00,1183728,6945,1084,1084,True,True,0x02,"NO_IRQ,OK,NO_IRQ,NO_IRQ","NONE,FULL,NONE,NONE",
21.846037,2026-09-01T18:55:25.686+01:00,1184812,6946,1084,1084,True,True,0x02,"NO_IRQ,OK,NO_IRQ,NO_IRQ","NONE,FULL,NONE,NONE",
21.863052,2026-09-01T18:55:25.712+01:00,1185896,6947,1084,1084,True,True,0x02,"NO_IRQ,OK,NO_IRQ,NO_IRQ","NONE,FULL,NONE,NONE",
21.878156,2026-09-01T18:55:25.729+01:00,1186980,6948,1084,1084,True,True,0x02,"NO_IRQ,OK,NO_IRQ,NO_IRQ","NONE,FULL,NONE,NONE",
21.901231,2026-09-01T18:55:25.744+01:00,1188064,6949,1084,1084,True,True,0x02,"NO_IRQ,OK,NO_IRQ,NO_IRQ","NONE,FULL,NONE,NONE",
21.918900,2026-09-01T18:55:25.767+01:00,1189148,6950,1084,1084,True,True,0x02,"NO_IRQ,OK,NO_IRQ,NO_IRQ","NONE,FULL,NONE,NONE",
21.938006,2026-09-01T18:55:25.785+01:00,1190232,6951,1084,1084,True,True,0x02,"NO_IRQ,OK,NO_IRQ,NO_IRQ","NONE,FULL,NONE,NONE",
21.957816,2026-09-01T18:55:25.804+01:00,1191316,6952,1084,1084,True,True,0x02,"NO_IRQ,OK,NO_IRQ,NO_IRQ","NONE,FULL,NONE,NONE",
21.985451,2026-09-01T18:55:25.824+01:00,1192400,6953,1084,1084,True,True,0x02,"NO_IRQ,OK,NO_IRQ,NO_IRQ","NONE,FULL,NONE,NONE",
21.997696,2026-09-01T18:55:25.852+01:00,1193484,6954,1084,1084,True,True,0x02,"NO_IRQ,OK,NO_IRQ,NO_IRQ","NONE,FULL,NONE,NONE",
22.019632,2026-09-01T18:55:25.864+01:00,1194568,6955,1084,1084,True,True,0x02,"NO_IRQ,OK,NO_IRQ,NO_IRQ","NONE,FULL,NONE,NONE",
22.037676,2026-09-01T18:55:25.886+01:00,1195652,6956,1084,1084,True,True,0x02,"NO_IRQ,OK,NO_IRQ,NO_IRQ","NONE,FULL,NONE,NONE",
22.059828,2026-09-01T18:55:25.904+01:00,1196736,6957,1084,1084,True,True,0x02,"NO_IRQ,OK,NO_IRQ,NO_IRQ","NONE,FULL,NONE,NONE",
22.084431,2026-09-01T18:55:25.926+01:00,1197820,6958,1084,1084,True,True,0x02,"NO_IRQ,OK,NO_IRQ,NO_IRQ","NONE,FULL,NONE,NONE",
22.098136,2026-09-01T18:55:25.951+01:00,1198904,6959,1084,1084,True,True,0x02,"NO_IRQ,OK,NO_IRQ,NO_IRQ","NONE,FULL,NONE,NONE",
22.117767,2026-09-01T18:55:25.964+01:00,1199988,6960,1084,1084,True,True,0x02,"NO_IRQ,OK,NO_IRQ,NO_IRQ","NONE,FULL,NONE,NONE",
22.143762,2026-09-01T18:55:25.984+01:00,1201072,6961,1084,1084,True,True,0x02,"NO_IRQ,OK,NO_IRQ,NO_IRQ","NONE,FULL,NONE,NONE",
22.157501,2026-09-01T18:55:26.010+01:00,1202156,6962,1084,1084,True,True,0x02,"NO_IRQ,OK,NO_IRQ,NO_IRQ","NONE,FULL,NONE,NONE",
22.177757,2026-09-01T18:55:26.024+01:00,1203240,6963,1084,1084,True,True,0x02,"NO_IRQ,OK,NO_IRQ,NO_IRQ","NONE,FULL,NONE,NONE",
22.197299,2026-09-01T18:55:26.044+01:00,1204324,6964,1084,1084,True,True,0x02,"NO_IRQ,OK,NO_IRQ,NO_IRQ","NONE,FULL,NONE,NONE",
22.217387,2026-09-01T18:55:26.063+01:00,1205408,6965,1084,1084,True,True,0x02,"NO_IRQ,OK,NO_IRQ,NO_IRQ","NONE,FULL,NONE,NONE",
22.237029,2026-09-01T18:55:26.084+01:00,1206492,6966,1084,1084,True,True,0x02,"NO_IRQ,OK,NO_IRQ,NO_IRQ","NONE,FULL,NONE,NONE",
22.258334,2026-09-01T18:55:26.103+01:00,1207576,6967,1084,1084,True,True,0x02,"NO_IRQ,OK,NO_IRQ,NO_IRQ","NONE,FULL,NONE,NONE",
22.282798,2026-09-01T18:55:26.124+01:00,1208660,6968,1084,1084,True,True,0x02,"NO_IRQ,OK,NO_IRQ,NO_IRQ","NONE,FULL,NONE,NONE",
22.297587,2026-09-01T18:55:26.149+01:00,1209744,6969,1084,1084,True,True,0x02,"NO_IRQ,OK,NO_IRQ,NO_IRQ","NONE,FULL,NONE,NONE",
22.318799,2026-09-01T18:55:26.164+01:00,1210828,6970,1084,1084,True,True,0x02,"NO_IRQ,OK,NO_IRQ,NO_IRQ","NONE,FULL,NONE,NONE",
22.336960,2026-09-01T18:55:26.186+01:00,1211912,6971,1084,1084,True,True,0x02,"NO_IRQ,OK,NO_IRQ,NO_IRQ","NONE,FULL,NONE,NONE",
22.358215,2026-09-01T18:55:26.203+01:00,1212996,6972,1084,1084,True,True,0x02,"NO_IRQ,OK,NO_IRQ,NO_IRQ","NONE,FULL,NONE,NONE",
22.376820,2026-09-01T18:55:26.224+01:00,1214080,6973,1084,1084,True,True,0x02,"NO_IRQ,OK,NO_IRQ,NO_IRQ","NONE,FULL,NONE,NONE",
22.397173,2026-09-01T18:55:26.243+01:00,1215164,6974,1084,1084,True,True,0x02,"NO_IRQ,OK,NO_IRQ,NO_IRQ","NONE,FULL,NONE,NONE",
22.424758,2026-09-01T18:55:26.263+01:00,1216248,6975,1084,1084,True,True,0x02,"NO_IRQ,OK,NO_IRQ,NO_IRQ","NONE,FULL,NONE,NONE",
22.436954,2026-09-01T18:55:26.291+01:00,1217332,6976,1084,1084,True,True,0x02,"NO_IRQ,OK,NO_IRQ,NO_IRQ","NONE,FULL,NONE,NONE",
22.457017,2026-09-01T18:55:26.303+01:00,1218416,6977,1084,1084,True,True,0x02,"NO_IRQ,OK,NO_IRQ,NO_IRQ","NONE,FULL,NONE,NONE",
22.476741,2026-09-01T18:55:26.323+01:00,1219500,6978,1084,1084,True,True,0x02,"NO_IRQ,OK,NO_IRQ,NO_IRQ","NONE,FULL,NONE,NONE",
22.496892,2026-09-01T18:55:26.343+01:00,1220584,6979,1084,1084,True,True,0x02,"NO_IRQ,OK,NO_IRQ,NO_IRQ","NONE,FULL,NONE,NONE",
22.518759,2026-09-01T18:55:26.363+01:00,1221668,6980,1084,1084,True,True,0x02,"NO_IRQ,OK,NO_IRQ,NO_IRQ","NONE,FULL,NONE,NONE",
22.538272,2026-09-01T18:55:26.385+01:00,1222752,6981,1084,1084,True,True,0x02,"NO_IRQ,OK,NO_IRQ,NO_IRQ","NONE,FULL,NONE,NONE",
22.558442,2026-09-01T18:55:26.404+01:00,1223836,6982,1084,1084,True,True,0x02,"NO_IRQ,OK,NO_IRQ,NO_IRQ","NONE,FULL,NONE,NONE",
22.579159,2026-09-01T18:55:26.425+01:00,1224920,6983,1084,1084,True,True,0x02,"NO_IRQ,OK,NO_IRQ,NO_IRQ","NONE,FULL,NONE,NONE",
22.596478,2026-09-01T18:55:26.445+01:00,1226004,6984,1084,1084,True,True,0x02,"NO_IRQ,OK,NO_IRQ,NO_IRQ","NONE,FULL,NONE,NONE",
22.625639,2026-09-01T18:55:26.463+01:00,1227088,6985,1084,1084,True,True,0x02,"NO_IRQ,OK,NO_IRQ,NO_IRQ","NONE,FULL,NONE,NONE",
22.636788,2026-09-01T18:55:26.492+01:00,1228172,6986,1084,1084,True,True,0x02,"NO_IRQ,OK,NO_IRQ,NO_IRQ","NONE,FULL,NONE,NONE",
22.656918,2026-09-01T18:55:26.503+01:00,1229256,6987,1084,1084,True,True,0x02,"NO_IRQ,OK,NO_IRQ,NO_IRQ","NONE,FULL,NONE,NONE",
22.677263,2026-09-01T18:55:26.523+01:00,1230340,6988,1084,1084,True,True,0x02,"NO_IRQ,OK,NO_IRQ,NO_IRQ","NONE,FULL,NONE,NONE",
22.699219,2026-09-01T18:55:26.543+01:00,1231424,6989,1084,1084,True,True,0x02,"NO_IRQ,OK,NO_IRQ,NO_IRQ","NONE,FULL,NONE,NONE",
22.717540,2026-09-01T18:55:26.566+01:00,1232508,6990,1084,1084,True,True,0x02,"NO_IRQ,OK,NO_IRQ,NO_IRQ","NONE,FULL,NONE,NONE",
22.737322,2026-09-01T18:55:26.584+01:00,1233592,6991,1084,1084,True,True,0x02,"NO_IRQ,OK,NO_IRQ,NO_IRQ","NONE,FULL,NONE,NONE",
22.758213,2026-09-01T18:55:26.604+01:00,1234676,6992,1084,1084,True,True,0x02,"NO_IRQ,OK,NO_IRQ,NO_IRQ","NONE,FULL,NONE,NONE",
22.776145,2026-09-01T18:55:26.624+01:00,1235760,6993,1084,1084,True,True,0x02,"NO_IRQ,OK,NO_IRQ,NO_IRQ","NONE,FULL,NONE,NONE",
22.796631,2026-09-01T18:55:26.642+01:00,1236844,6994,1084,1084,True,True,0x02,"NO_IRQ,OK,NO_IRQ,NO_IRQ","NONE,FULL,NONE,NONE",
22.817531,2026-09-01T18:55:26.663+01:00,1237928,6995,1084,1084,True,True,0x02,"NO_IRQ,OK,NO_IRQ,NO_IRQ","NONE,FULL,NONE,NONE",
22.836453,2026-09-01T18:55:26.685+01:00,1239012,6996,1084,1084,True,True,0x02,"NO_IRQ,OK,NO_IRQ,NO_IRQ","NONE,FULL,NONE,NONE",
22.863998,2026-09-01T18:55:26.703+01:00,1240096,6997,1084,1084,True,True,0x02,"NO_IRQ,OK,NO_IRQ,NO_IRQ","NONE,FULL,NONE,NONE",
22.875936,2026-09-01T18:55:26.730+01:00,1241180,6998,1084,1084,True,True,0x02,"NO_IRQ,OK,NO_IRQ,NO_IRQ","NONE,FULL,NONE,NONE",
22.896157,2026-09-01T18:55:26.742+01:00,1242264,6999,1084,1084,True,True,0x02,"NO_IRQ,OK,NO_IRQ,NO_IRQ","NONE,FULL,NONE,NONE",
22.918030,2026-09-01T18:55:26.762+01:00,1243348,7000,1084,1084,True,True,0x02,"NO_IRQ,OK,NO_IRQ,NO_IRQ","NONE,FULL,NONE,NONE",
22.943360,2026-09-01T18:55:26.785+01:00,1244432,7001,1084,1084,True,True,0x02,"NO_IRQ,OK,NO_IRQ,NO_IRQ","NONE,FULL,NONE,NONE",
22.955942,2026-09-01T18:55:26.810+01:00,1245516,7002,1084,1084,True,True,0x02,"NO_IRQ,OK,NO_IRQ,NO_IRQ","NONE,FULL,NONE,NONE",
22.976042,2026-09-01T18:55:26.822+01:00,1246600,7003,1084,1084,True,True,0x02,"NO_IRQ,OK,NO_IRQ,NO_IRQ","NONE,FULL,NONE,NONE",
22.996193,2026-09-01T18:55:26.842+01:00,1247684,7004,1084,1084,True,True,0x02,"NO_IRQ,OK,NO_IRQ,NO_IRQ","NONE,FULL,NONE,NONE",
23.015790,2026-09-01T18:55:26.863+01:00,1248768,7005,1084,1084,True,True,0x02,"NO_IRQ,OK,NO_IRQ,NO_IRQ","NONE,FULL,NONE,NONE",
23.043200,2026-09-01T18:55:26.883+01:00,1249852,7006,1084,1084,True,True,0x02,"NO_IRQ,OK,NO_IRQ,NO_IRQ","NONE,FULL,NONE,NONE",
23.056038,2026-09-01T18:55:26.910+01:00,1250936,7007,1084,1084,True,True,0x02,"NO_IRQ,OK,NO_IRQ,NO_IRQ","NONE,FULL,NONE,NONE",
23.075587,2026-09-01T18:55:26.922+01:00,1252020,7008,1084,1084,True,True,0x02,"NO_IRQ,OK,NO_IRQ,NO_IRQ","NONE,FULL,NONE,NONE",
23.112669,2026-09-01T18:55:26.942+01:00,1253104,7009,1084,1084,True,True,0x02,"NO_IRQ,OK,NO_IRQ,NO_IRQ","NONE,FULL,NONE,NONE",
23.116129,2026-09-01T18:55:26.979+01:00,1254188,7010,1084,1084,True,True,0x02,"NO_IRQ,OK,NO_IRQ,NO_IRQ","NONE,FULL,NONE,NONE",
23.135672,2026-09-01T18:55:26.983+01:00,1255272,7011,1084,1084,True,True,0x02,"NO_IRQ,OK,NO_IRQ,NO_IRQ","NONE,FULL,NONE,NONE",
23.163564,2026-09-01T18:55:27.002+01:00,1256356,7012,1084,1084,True,True,0x02,"NO_IRQ,OK,NO_IRQ,NO_IRQ","NONE,FULL,NONE,NONE",
23.175786,2026-09-01T18:55:27.030+01:00,1257440,7013,1084,1084,True,True,0x02,"NO_IRQ,OK,NO_IRQ,NO_IRQ","NONE,FULL,NONE,NONE",
23.195548,2026-09-01T18:55:27.042+01:00,1258524,7014,1084,1084,True,True,0x02,"NO_IRQ,OK,NO_IRQ,NO_IRQ","NONE,FULL,NONE,NONE",
23.223067,2026-09-01T18:55:27.062+01:00,1259608,7015,1084,1084,True,True,0x02,"NO_IRQ,OK,NO_IRQ,NO_IRQ","NONE,FULL,NONE,NONE",
23.235495,2026-09-01T18:55:27.089+01:00,1260692,7016,1084,1084,True,True,0x02,"NO_IRQ,OK,NO_IRQ,NO_IRQ","NONE,FULL,NONE,NONE",
23.257968,2026-09-01T18:55:27.102+01:00,1261776,7017,1084,1084,True,True,0x02,"NO_IRQ,OK,NO_IRQ,NO_IRQ","NONE,FULL,NONE,NONE",
23.275571,2026-09-01T18:55:27.124+01:00,1262860,7018,1084,1084,True,True,0x02,"NO_IRQ,OK,NO_IRQ,NO_IRQ","NONE,FULL,NONE,NONE",
23.297658,2026-09-01T18:55:27.142+01:00,1263944,7019,1084,1084,True,True,0x02,"NO_IRQ,OK,NO_IRQ,NO_IRQ","NONE,FULL,NONE,NONE",
23.318019,2026-09-01T18:55:27.164+01:00,1265028,7020,1084,1084,True,True,0x02,"NO_IRQ,OK,NO_IRQ,NO_IRQ","NONE,FULL,NONE,NONE",
23.335191,2026-09-01T18:55:27.186+01:00,1266112,7021,1084,1084,True,True,0x02,"NO_IRQ,OK,NO_IRQ,NO_IRQ","NONE,FULL,NONE,NONE",
23.354941,2026-09-01T18:55:27.201+01:00,1267196,7022,1084,1084,True,True,0x02,"NO_IRQ,OK,NO_IRQ,NO_IRQ","NONE,FULL,NONE,NONE",
23.379401,2026-09-01T18:55:27.222+01:00,1268280,7023,1084,1084,True,True,0x02,"NO_IRQ,OK,NO_IRQ,NO_IRQ","NONE,FULL,NONE,NONE",
23.395932,2026-09-01T18:55:27.246+01:00,1269364,7024,1084,1084,True,True,0x02,"NO_IRQ,OK,NO_IRQ,NO_IRQ","NONE,FULL,NONE,NONE",
23.418001,2026-09-01T18:55:27.262+01:00,1270448,7025,1084,1084,True,True,0x02,"NO_IRQ,OK,NO_IRQ,NO_IRQ","NONE,FULL,NONE,NONE",
23.439346,2026-09-01T18:55:27.284+01:00,1271532,7026,1084,1084,True,True,0x02,"NO_IRQ,OK,NO_IRQ,NO_IRQ","NONE,FULL,NONE,NONE",
23.461250,2026-09-01T18:55:27.305+01:00,1272616,7027,1084,1084,True,True,0x02,"NO_IRQ,OK,NO_IRQ,NO_IRQ","NONE,FULL,NONE,NONE",
23.486426,2026-09-01T18:55:27.327+01:00,1273700,7028,1084,1084,True,True,0x02,"NO_IRQ,OK,NO_IRQ,NO_IRQ","NONE,FULL,NONE,NONE",
23.496476,2026-09-01T18:55:27.361+01:00,1274784,7029,1084,1084,True,True,0x02,"NO_IRQ,OK,NO_IRQ,NO_IRQ","NONE,FULL,NONE,NONE",
23.515781,2026-09-01T18:55:27.363+01:00,1275868,7030,1084,1084,True,True,0x02,"NO_IRQ,OK,NO_IRQ,NO_IRQ","NONE,FULL,NONE,NONE",
23.535183,2026-09-01T18:55:27.382+01:00,1276952,7031,1084,1084,True,True,0x02,"NO_IRQ,OK,NO_IRQ,NO_IRQ","NONE,FULL,NONE,NONE",
23.558820,2026-09-01T18:55:27.401+01:00,1278036,7032,1084,1084,True,True,0x02,"NO_IRQ,OK,NO_IRQ,NO_IRQ","NONE,FULL,NONE,NONE",
23.574879,2026-09-01T18:55:27.427+01:00,1279120,7033,1084,1084,True,True,0x02,"NO_IRQ,OK,NO_IRQ,NO_IRQ","NONE,FULL,NONE,NONE",
23.601568,2026-09-01T18:55:27.441+01:00,1280204,7034,1084,1084,True,True,0x02,"NO_IRQ,OK,NO_IRQ,NO_IRQ","NONE,FULL,NONE,NONE",
23.623695,2026-09-01T18:55:27.468+01:00,1281288,7035,1084,1084,True,True,0x02,"NO_IRQ,OK,NO_IRQ,NO_IRQ","NONE,FULL,NONE,NONE",
23.634497,2026-09-01T18:55:27.490+01:00,1282372,7036,1084,1084,True,True,0x02,"NO_IRQ,OK,NO_IRQ,NO_IRQ","NONE,FULL,NONE,NONE",
23.655323,2026-09-01T18:55:27.501+01:00,1283456,7037,1084,1084,True,True,0x02,"NO_IRQ,OK,NO_IRQ,NO_IRQ","NONE,FULL,NONE,NONE",
23.674583,2026-09-01T18:55:27.522+01:00,1284540,7038,1084,1084,True,True,0x02,"NO_IRQ,OK,NO_IRQ,NO_IRQ","NONE,FULL,NONE,NONE",
23.694742,2026-09-01T18:55:27.541+01:00,1285624,7039,1084,1084,True,True,0x02,"NO_IRQ,OK,NO_IRQ,NO_IRQ","NONE,FULL,NONE,NONE",
23.715005,2026-09-01T18:55:27.561+01:00,1286708,7040,1084,1084,True,True,0x02,"NO_IRQ,OK,NO_IRQ,NO_IRQ","NONE,FULL,NONE,NONE",
23.734541,2026-09-01T18:55:27.581+01:00,1287792,7041,1084,1084,True,True,0x02,"NO_IRQ,OK,NO_IRQ,NO_IRQ","NONE,FULL,NONE,NONE",
23.754880,2026-09-01T18:55:27.601+01:00,1288876,7042,1084,1084,True,True,0x02,"NO_IRQ,OK,NO_IRQ,NO_IRQ","NONE,FULL,NONE,NONE",
23.778772,2026-09-01T18:55:27.621+01:00,1289960,7043,1084,1084,True,True,0x02,"NO_IRQ,OK,NO_IRQ,NO_IRQ","NONE,FULL,NONE,NONE",
23.794999,2026-09-01T18:55:27.645+01:00,1291044,7044,1084,1084,True,True,0x02,"NO_IRQ,OK,NO_IRQ,NO_IRQ","NONE,FULL,NONE,NONE",
23.815284,2026-09-01T18:55:27.663+01:00,1292128,7045,1084,1084,True,True,0x02,"NO_IRQ,OK,NO_IRQ,NO_IRQ","NONE,FULL,NONE,NONE",
23.841194,2026-09-01T18:55:27.681+01:00,1293212,7046,1084,1084,True,True,0x02,"NO_IRQ,OK,NO_IRQ,NO_IRQ","NONE,FULL,NONE,NONE",
23.859591,2026-09-01T18:55:27.707+01:00,1294296,7047,1084,1084,True,True,0x02,"NO_IRQ,OK,NO_IRQ,NO_IRQ","NONE,FULL,NONE,NONE",
23.884109,2026-09-01T18:55:27.726+01:00,1295380,7048,1084,1084,True,True,0x02,"NO_IRQ,OK,NO_IRQ,NO_IRQ","NONE,FULL,NONE,NONE",
23.894636,2026-09-01T18:55:27.751+01:00,1296464,7049,1084,1084,True,True,0x02,"NO_IRQ,OK,NO_IRQ,NO_IRQ","NONE,FULL,NONE,NONE",
23.914559,2026-09-01T18:55:27.761+01:00,1297548,7050,1084,1084,True,True,0x02,"NO_IRQ,OK,NO_IRQ,NO_IRQ","NONE,FULL,NONE,NONE",
23.938213,2026-09-01T18:55:27.781+01:00,1298632,7051,1084,1084,True,True,0x02,"NO_IRQ,OK,NO_IRQ,NO_IRQ","NONE,FULL,NONE,NONE",
23.960445,2026-09-01T18:55:27.804+01:00,1299716,7052,1084,1084,True,True,0x02,"NO_IRQ,OK,NO_IRQ,NO_IRQ","NONE,FULL,NONE,NONE",
23.974424,2026-09-01T18:55:27.827+01:00,1300800,7053,1084,1084,True,True,0x02,"NO_IRQ,OK,NO_IRQ,NO_IRQ","NONE,FULL,NONE,NONE",
23.994080,2026-09-01T18:55:27.841+01:00,1301884,7054,1084,1084,True,True,0x02,"NO_IRQ,OK,NO_IRQ,NO_IRQ","NONE,FULL,NONE,NONE",
24.014535,2026-09-01T18:55:27.860+01:00,1302968,7055,1084,1084,True,True,0x02,"NO_IRQ,OK,NO_IRQ,NO_IRQ","NONE,FULL,NONE,NONE",
24.035164,2026-09-01T18:55:27.881+01:00,1304052,7056,1084,1084,True,True,0x02,"NO_IRQ,OK,NO_IRQ,NO_IRQ","NONE,FULL,NONE,NONE",
24.054827,2026-09-01T18:55:27.901+01:00,1305136,7057,1084,1084,True,True,0x02,"NO_IRQ,OK,NO_IRQ,NO_IRQ","NONE,FULL,NONE,NONE",
24.073697,2026-09-01T18:55:27.921+01:00,1306220,7058,1084,1084,True,True,0x02,"NO_IRQ,OK,NO_IRQ,NO_IRQ","NONE,FULL,NONE,NONE",
24.093782,2026-09-01T18:55:27.940+01:00,1307304,7059,1084,1084,True,True,0x02,"NO_IRQ,OK,NO_IRQ,NO_IRQ","NONE,FULL,NONE,NONE",
24.121420,2026-09-01T18:55:27.960+01:00,1308388,7060,1084,1084,True,True,0x02,"NO_IRQ,OK,NO_IRQ,NO_IRQ","NONE,FULL,NONE,NONE",
24.134436,2026-09-01T18:55:27.988+01:00,1309472,7061,1084,1084,True,True,0x02,"NO_IRQ,OK,NO_IRQ,NO_IRQ","NONE,FULL,NONE,NONE",
24.153483,2026-09-01T18:55:28.001+01:00,1310556,7062,1084,1084,True,True,0x02,"NO_IRQ,OK,NO_IRQ,NO_IRQ","NONE,FULL,NONE,NONE",
24.173822,2026-09-01T18:55:28.020+01:00,1311640,7063,1084,1084,True,True,0x02,"NO_IRQ,OK,NO_IRQ,NO_IRQ","NONE,FULL,NONE,NONE",
24.194667,2026-09-01T18:55:28.040+01:00,1312724,7064,1084,1084,True,True,0x02,"NO_IRQ,OK,NO_IRQ,NO_IRQ","NONE,FULL,NONE,NONE",
24.213516,2026-09-01T18:55:28.061+01:00,1313808,7065,1084,1084,True,True,0x02,"NO_IRQ,OK,NO_IRQ,NO_IRQ","NONE,FULL,NONE,NONE",
24.234229,2026-09-01T18:55:28.080+01:00,1314892,7066,1084,1084,True,True,0x02,"NO_IRQ,OK,NO_IRQ,NO_IRQ","NONE,FULL,NONE,NONE",
24.255771,2026-09-01T18:55:28.100+01:00,1315976,7067,1084,1084,True,True,0x02,"NO_IRQ,OK,NO_IRQ,NO_IRQ","NONE,FULL,NONE,NONE",
24.275567,2026-09-01T18:55:28.122+01:00,1317060,7068,1084,1084,True,True,0x02,"NO_IRQ,OK,NO_IRQ,NO_IRQ","NONE,FULL,NONE,NONE",
24.295132,2026-09-01T18:55:28.142+01:00,1318144,7069,1084,1084,True,True,0x02,"NO_IRQ,OK,NO_IRQ,NO_IRQ","NONE,FULL,NONE,NONE",
24.313285,2026-09-01T18:55:28.161+01:00,1319228,7070,1084,1084,True,True,0x02,"NO_IRQ,OK,NO_IRQ,NO_IRQ","NONE,FULL,NONE,NONE",
24.333289,2026-09-01T18:55:28.179+01:00,1320312,7071,1084,1084,True,True,0x02,"NO_IRQ,OK,NO_IRQ,NO_IRQ","NONE,FULL,NONE,NONE",
24.354135,2026-09-01T18:55:28.200+01:00,1321396,7072,1084,1084,True,True,0x02,"NO_IRQ,OK,NO_IRQ,NO_IRQ","NONE,FULL,NONE,NONE",
24.376664,2026-09-01T18:55:28.220+01:00,1322480,7073,1084,1084,True,True,0x02,"NO_IRQ,OK,NO_IRQ,NO_IRQ","NONE,FULL,NONE,NONE",
24.393476,2026-09-01T18:55:28.243+01:00,1323564,7074,1084,1084,True,True,0x02,"NO_IRQ,OK,NO_IRQ,NO_IRQ","NONE,FULL,NONE,NONE",
24.413555,2026-09-01T18:55:28.260+01:00,1324648,7075,1084,1084,True,True,0x02,"NO_IRQ,OK,NO_IRQ,NO_IRQ","NONE,FULL,NONE,NONE",
24.433149,2026-09-01T18:55:28.281+01:00,1325732,7076,1084,1084,True,True,0x02,"NO_IRQ,OK,NO_IRQ,NO_IRQ","NONE,FULL,NONE,NONE",
24.453117,2026-09-01T18:55:28.299+01:00,1326816,7077,1084,1084,True,True,0x02,"NO_IRQ,OK,NO_IRQ,NO_IRQ","NONE,FULL,NONE,NONE",
24.473707,2026-09-01T18:55:28.319+01:00,1327900,7078,1084,1084,True,True,0x02,"NO_IRQ,OK,NO_IRQ,NO_IRQ","NONE,FULL,NONE,NONE",
24.494838,2026-09-01T18:55:28.340+01:00,1328984,7079,1084,1084,True,True,0x02,"NO_IRQ,OK,NO_IRQ,NO_IRQ","NONE,FULL,NONE,NONE",
24.519552,2026-09-01T18:55:28.361+01:00,1330068,7080,1084,1084,True,True,0x02,"NO_IRQ,OK,NO_IRQ,NO_IRQ","NONE,FULL,NONE,NONE",
24.535085,2026-09-01T18:55:28.386+01:00,1331152,7081,1084,1084,True,True,0x02,"NO_IRQ,OK,NO_IRQ,NO_IRQ","NONE,FULL,NONE,NONE",
24.552659,2026-09-01T18:55:28.401+01:00,1332236,7082,1084,1084,True,True,0x02,"NO_IRQ,OK,NO_IRQ,NO_IRQ","NONE,FULL,NONE,NONE",
24.583555,2026-09-01T18:55:28.419+01:00,1333320,7083,1084,1084,True,True,0x02,"NO_IRQ,OK,NO_IRQ,NO_IRQ","NONE,FULL,NONE,NONE",
24.592976,2026-09-01T18:55:28.450+01:00,1334404,7084,1084,1084,True,True,0x02,"NO_IRQ,OK,NO_IRQ,NO_IRQ","NONE,FULL,NONE,NONE",
24.612771,2026-09-01T18:55:28.459+01:00,1335488,7085,1084,1084,True,True,0x02,"NO_IRQ,OK,NO_IRQ,NO_IRQ","NONE,FULL,NONE,NONE",
24.633309,2026-09-01T18:55:28.479+01:00,1336572,7086,1084,1084,True,True,0x02,"NO_IRQ,OK,NO_IRQ,NO_IRQ","NONE,FULL,NONE,NONE",
24.658429,2026-09-01T18:55:28.499+01:00,1337656,7087,1084,1084,True,True,0x02,"NO_IRQ,OK,NO_IRQ,NO_IRQ","NONE,FULL,NONE,NONE",
24.673199,2026-09-01T18:55:28.525+01:00,1338740,7088,1084,1084,True,True,0x02,"NO_IRQ,OK,NO_IRQ,NO_IRQ","NONE,FULL,NONE,NONE",
24.693176,2026-09-01T18:55:28.540+01:00,1339824,7089,1084,1084,True,True,0x02,"NO_IRQ,OK,NO_IRQ,NO_IRQ","NONE,FULL,NONE,NONE",
24.712622,2026-09-01T18:55:28.559+01:00,1340908,7090,1084,1084,True,True,0x02,"NO_IRQ,OK,NO_IRQ,NO_IRQ","NONE,FULL,NONE,NONE",
24.733397,2026-09-01T18:55:28.579+01:00,1341992,7091,1084,1084,True,True,0x02,"NO_IRQ,OK,NO_IRQ,NO_IRQ","NONE,FULL,NONE,NONE",
24.754688,2026-09-01T18:55:28.600+01:00,1343076,7092,1084,1084,True,True,0x02,"NO_IRQ,OK,NO_IRQ,NO_IRQ","NONE,FULL,NONE,NONE",
24.774606,2026-09-01T18:55:28.621+01:00,1344160,7093,1084,1084,True,True,0x02,"NO_IRQ,OK,NO_IRQ,NO_IRQ","NONE,FULL,NONE,NONE",
24.792975,2026-09-01T18:55:28.642+01:00,1345244,7094,1084,1084,True,True,0x02,"NO_IRQ,OK,NO_IRQ,NO_IRQ","NONE,FULL,NONE,NONE",
24.812608,2026-09-01T18:55:28.659+01:00,1346328,7095,1084,1084,True,True,0x02,"NO_IRQ,OK,NO_IRQ,NO_IRQ","NONE,FULL,NONE,NONE",
24.840413,2026-09-01T18:55:28.679+01:00,1347412,7096,1084,1084,True,True,0x02,"NO_IRQ,OK,NO_IRQ,NO_IRQ","NONE,FULL,NONE,NONE",
24.852856,2026-09-01T18:55:28.707+01:00,1348496,7097,1084,1084,True,True,0x02,"NO_IRQ,OK,NO_IRQ,NO_IRQ","NONE,FULL,NONE,NONE",
24.878102,2026-09-01T18:55:28.719+01:00,1349580,7098,1084,1084,True,True,0x02,"NO_IRQ,OK,NO_IRQ,NO_IRQ","NONE,FULL,NONE,NONE",
24.892282,2026-09-01T18:55:28.745+01:00,1350664,7099,1084,1084,True,True,0x02,"NO_IRQ,OK,NO_IRQ,NO_IRQ","NONE,FULL,NONE,NONE",
24.912773,2026-09-01T18:55:28.758+01:00,1351748,7100,1084,1084,True,True,0x02,"NO_IRQ,OK,NO_IRQ,NO_IRQ","NONE,FULL,NONE,NONE",
24.932499,2026-09-01T18:55:28.779+01:00,1352832,7101,1084,1084,True,True,0x02,"NO_IRQ,OK,NO_IRQ,NO_IRQ","NONE,FULL,NONE,NONE",
24.958159,2026-09-01T18:55:28.799+01:00,1353916,7102,1084,1084,True,True,0x02,"NO_IRQ,OK,NO_IRQ,NO_IRQ","NONE,FULL,NONE,NONE",
24.973545,2026-09-01T18:55:28.824+01:00,1355000,7103,1084,1084,True,True,0x02,"NO_IRQ,OK,NO_IRQ,NO_IRQ","NONE,FULL,NONE,NONE",
24.992101,2026-09-01T18:55:28.840+01:00,1356084,7104,1084,1084,True,True,0x02,"NO_IRQ,OK,NO_IRQ,NO_IRQ","NONE,FULL,NONE,NONE",
25.011826,2026-09-01T18:55:28.858+01:00,1357168,7105,1084,1084,True,True,0x02,"NO_IRQ,OK,NO_IRQ,NO_IRQ","NONE,FULL,NONE,NONE",
25.036483,2026-09-01T18:55:28.878+01:00,1358252,7106,1084,1084,True,True,0x02,"NO_IRQ,OK,NO_IRQ,NO_IRQ","NONE,FULL,NONE,NONE",
25.052177,2026-09-01T18:55:28.903+01:00,1359336,7107,1084,1084,True,True,0x02,"NO_IRQ,OK,NO_IRQ,NO_IRQ","NONE,FULL,NONE,NONE",
25.072124,2026-09-01T18:55:28.918+01:00,1360420,7108,1084,1084,True,True,0x02,"NO_IRQ,OK,NO_IRQ,NO_IRQ","NONE,FULL,NONE,NONE",
25.098193,2026-09-01T18:55:28.938+01:00,1361504,7109,1084,1084,True,True,0x02,"NO_IRQ,OK,NO_IRQ,NO_IRQ","NONE,FULL,NONE,NONE",
25.113306,2026-09-01T18:55:28.964+01:00,1362588,7110,1084,1084,True,True,0x02,"NO_IRQ,OK,NO_IRQ,NO_IRQ","NONE,FULL,NONE,NONE",
25.132165,2026-09-01T18:55:28.980+01:00,1363672,7111,1084,1084,True,True,0x02,"NO_IRQ,OK,NO_IRQ,NO_IRQ","NONE,FULL,NONE,NONE",
25.151929,2026-09-01T18:55:28.999+01:00,1364756,7112,1084,1084,True,True,0x02,"NO_IRQ,OK,NO_IRQ,NO_IRQ","NONE,FULL,NONE,NONE",
25.171598,2026-09-01T18:55:29.018+01:00,1365840,7113,1084,1084,True,True,0x02,"NO_IRQ,OK,NO_IRQ,NO_IRQ","NONE,FULL,NONE,NONE",
25.197214,2026-09-01T18:55:29.038+01:00,1366924,7114,1084,1084,True,True,0x02,"NO_IRQ,OK,NO_IRQ,NO_IRQ","NONE,FULL,NONE,NONE",
25.212775,2026-09-01T18:55:29.063+01:00,1368008,7115,1084,1084,True,True,0x02,"NO_IRQ,OK,NO_IRQ,NO_IRQ","NONE,FULL,NONE,NONE",
25.232202,2026-09-01T18:55:29.079+01:00,1369092,7116,1084,1084,True,True,0x02,"NO_IRQ,OK,NO_IRQ,NO_IRQ","NONE,FULL,NONE,NONE",
25.251627,2026-09-01T18:55:29.099+01:00,1370176,7117,1084,1084,True,True,0x02,"NO_IRQ,OK,NO_IRQ,NO_IRQ","NONE,FULL,NONE,NONE",
25.273633,2026-09-01T18:55:29.118+01:00,1371260,7118,1084,1084,True,True,0x02,"NO_IRQ,OK,NO_IRQ,NO_IRQ","NONE,FULL,NONE,NONE",
25.292514,2026-09-01T18:55:29.140+01:00,1372344,7119,1084,1084,True,True,0x02,"NO_IRQ,OK,NO_IRQ,NO_IRQ","NONE,FULL,NONE,NONE",
25.311776,2026-09-01T18:55:29.159+01:00,1373428,7120,1084,1084,True,True,0x02,"NO_IRQ,OK,NO_IRQ,NO_IRQ","NONE,FULL,NONE,NONE",
25.331557,2026-09-01T18:55:29.178+01:00,1374512,7121,1084,1084,True,True,0x02,"NO_IRQ,OK,NO_IRQ,NO_IRQ","NONE,FULL,NONE,NONE",
25.356762,2026-09-01T18:55:29.198+01:00,1375596,7122,1084,1084,True,True,0x02,"NO_IRQ,OK,NO_IRQ,NO_IRQ","NONE,FULL,NONE,NONE",
25.371972,2026-09-01T18:55:29.223+01:00,1376680,7123,1084,1084,True,True,0x02,"NO_IRQ,OK,NO_IRQ,NO_IRQ","NONE,FULL,NONE,NONE",
25.391589,2026-09-01T18:55:29.238+01:00,1377764,7124,1084,1084,True,True,0x02,"NO_IRQ,OK,NO_IRQ,NO_IRQ","NONE,FULL,NONE,NONE",
25.418753,2026-09-01T18:55:29.258+01:00,1378848,7125,1084,1084,True,True,0x02,"NO_IRQ,OK,NO_IRQ,NO_IRQ","NONE,FULL,NONE,NONE",
25.434345,2026-09-01T18:55:29.285+01:00,1379932,7126,1084,1084,True,True,0x02,"NO_IRQ,OK,NO_IRQ,NO_IRQ","NONE,FULL,NONE,NONE",
25.451158,2026-09-01T18:55:29.301+01:00,1381016,7127,1084,1084,True,True,0x02,"NO_IRQ,OK,NO_IRQ,NO_IRQ","NONE,FULL,NONE,NONE",
25.471242,2026-09-01T18:55:29.318+01:00,1382100,7128,1084,1084,True,True,0x02,"NO_IRQ,OK,NO_IRQ,NO_IRQ","NONE,FULL,NONE,NONE",
25.490981,2026-09-01T18:55:29.338+01:00,1383184,7129,1084,1084,True,True,0x02,"NO_IRQ,OK,NO_IRQ,NO_IRQ","NONE,FULL,NONE,NONE",
25.511525,2026-09-01T18:55:29.357+01:00,1384268,7130,1084,1084,True,True,0x02,"NO_IRQ,OK,NO_IRQ,NO_IRQ","NONE,FULL,NONE,NONE",
25.531194,2026-09-01T18:55:29.378+01:00,1385352,7131,1084,1084,True,True,0x02,"NO_IRQ,OK,NO_IRQ,NO_IRQ","NONE,FULL,NONE,NONE",
25.552724,2026-09-01T18:55:29.397+01:00,1386436,7132,1084,1084,True,True,0x02,"NO_IRQ,OK,NO_IRQ,NO_IRQ","NONE,FULL,NONE,NONE",
25.571367,2026-09-01T18:55:29.419+01:00,1387520,7133,1084,1084,True,True,0x02,"NO_IRQ,OK,NO_IRQ,NO_IRQ","NONE,FULL,NONE,NONE",
25.591531,2026-09-01T18:55:29.438+01:00,1388604,7134,1084,1084,True,True,0x02,"NO_IRQ,OK,NO_IRQ,NO_IRQ","NONE,FULL,NONE,NONE",
25.613663,2026-09-01T18:55:29.458+01:00,1389688,7135,1084,1084,True,True,0x02,"NO_IRQ,OK,NO_IRQ,NO_IRQ","NONE,FULL,NONE,NONE",
25.630916,2026-09-01T18:55:29.480+01:00,1390772,7136,1084,1084,True,True,0x02,"NO_IRQ,OK,NO_IRQ,NO_IRQ","NONE,FULL,NONE,NONE",
25.662141,2026-09-01T18:55:29.497+01:00,1391856,7137,1084,1084,True,True,0x02,"NO_IRQ,OK,NO_IRQ,NO_IRQ","NONE,FULL,NONE,NONE",
25.670720,2026-09-01T18:55:29.528+01:00,1392940,7138,1084,1084,True,True,0x02,"NO_IRQ,OK,NO_IRQ,NO_IRQ","NONE,FULL,NONE,NONE",
25.693216,2026-09-01T18:55:29.537+01:00,1394024,7139,1084,1084,True,True,0x02,"NO_IRQ,OK,NO_IRQ,NO_IRQ","NONE,FULL,NONE,NONE",
25.710940,2026-09-01T18:55:29.559+01:00,1395108,7140,1084,1084,True,True,0x02,"NO_IRQ,OK,NO_IRQ,NO_IRQ","NONE,FULL,NONE,NONE",
25.731204,2026-09-01T18:55:29.577+01:00,1396192,7141,1084,1084,True,True,0x02,"NO_IRQ,OK,NO_IRQ,NO_IRQ","NONE,FULL,NONE,NONE",
25.756114,2026-09-01T18:55:29.597+01:00,1397276,7142,1084,1084,True,True,0x02,"NO_IRQ,OK,NO_IRQ,NO_IRQ","NONE,FULL,NONE,NONE",
25.771648,2026-09-01T18:55:29.623+01:00,1398360,7143,1084,1084,True,True,0x02,"NO_IRQ,OK,NO_IRQ,NO_IRQ","NONE,FULL,NONE,NONE",
25.790783,2026-09-01T18:55:29.638+01:00,1399444,7144,1084,1084,True,True,0x02,"NO_IRQ,OK,NO_IRQ,NO_IRQ","NONE,FULL,NONE,NONE",
25.812155,2026-09-01T18:55:29.657+01:00,1400528,7145,1084,1084,True,True,0x02,"NO_IRQ,OK,NO_IRQ,NO_IRQ","NONE,FULL,NONE,NONE",
25.830824,2026-09-01T18:55:29.678+01:00,1401612,7146,1084,1084,True,True,0x02,"NO_IRQ,OK,NO_IRQ,NO_IRQ","NONE,FULL,NONE,NONE",
25.850764,2026-09-01T18:55:29.697+01:00,1402696,7147,1084,1084,True,True,0x02,"NO_IRQ,OK,NO_IRQ,NO_IRQ","NONE,FULL,NONE,NONE",
25.874123,2026-09-01T18:55:29.717+01:00,1403780,7148,1084,1084,True,True,0x02,"NO_IRQ,OK,NO_IRQ,NO_IRQ","NONE,FULL,NONE,NONE",
25.890589,2026-09-01T18:55:29.740+01:00,1404864,7149,1084,1084,True,True,0x02,"NO_IRQ,OK,NO_IRQ,NO_IRQ","NONE,FULL,NONE,NONE",
25.910746,2026-09-01T18:55:29.757+01:00,1405948,7150,1084,1084,True,True,0x02,"NO_IRQ,OK,NO_IRQ,NO_IRQ","NONE,FULL,NONE,NONE",
25.933557,2026-09-01T18:55:29.777+01:00,1407032,7151,1084,1084,True,True,0x02,"NO_IRQ,OK,NO_IRQ,NO_IRQ","NONE,FULL,NONE,NONE",
25.958082,2026-09-01T18:55:29.800+01:00,1408116,7152,1084,1084,True,True,0x02,"NO_IRQ,OK,NO_IRQ,NO_IRQ","NONE,FULL,NONE,NONE",
25.970612,2026-09-01T18:55:29.824+01:00,1409200,7153,1084,1084,True,True,0x02,"NO_IRQ,OK,NO_IRQ,NO_IRQ","NONE,FULL,NONE,NONE",
25.990444,2026-09-01T18:55:29.837+01:00,1410284,7154,1084,1084,True,True,0x02,"NO_IRQ,OK,NO_IRQ,NO_IRQ","NONE,FULL,NONE,NONE",
26.017486,2026-09-01T18:55:29.857+01:00,1411368,7155,1084,1084,True,True,0x02,"NO_IRQ,OK,NO_IRQ,NO_IRQ","NONE,FULL,NONE,NONE",
26.032519,2026-09-01T18:55:29.884+01:00,1412452,7156,1084,1084,True,True,0x02,"NO_IRQ,OK,NO_IRQ,NO_IRQ","NONE,FULL,NONE,NONE",
26.050417,2026-09-01T18:55:29.899+01:00,1413536,7157,1084,1084,True,True,0x02,"NO_IRQ,OK,NO_IRQ,NO_IRQ","NONE,FULL,NONE,NONE",
26.070660,2026-09-01T18:55:29.917+01:00,1414620,7158,1084,1084,True,True,0x02,"NO_IRQ,OK,NO_IRQ,NO_IRQ","NONE,FULL,NONE,NONE",
26.090725,2026-09-01T18:55:29.937+01:00,1415704,7159,1084,1084,True,True,0x02,"NO_IRQ,OK,NO_IRQ,NO_IRQ","NONE,FULL,NONE,NONE",
26.117867,2026-09-01T18:55:29.957+01:00,1416788,7160,1084,1084,True,True,0x02,"NO_IRQ,OK,NO_IRQ,NO_IRQ","NONE,FULL,NONE,NONE",
26.133195,2026-09-01T18:55:29.984+01:00,1417872,7161,1084,1084,True,True,0x02,"NO_IRQ,OK,NO_IRQ,NO_IRQ","NONE,FULL,NONE,NONE",
26.150152,2026-09-01T18:55:30.000+01:00,1418956,7162,1084,1084,True,True,0x02,"NO_IRQ,OK,NO_IRQ,NO_IRQ","NONE,FULL,NONE,NONE",
26.170145,2026-09-01T18:55:30.017+01:00,1420040,7163,1084,1084,True,True,0x02,"NO_IRQ,OK,NO_IRQ,NO_IRQ","NONE,FULL,NONE,NONE",
26.195225,2026-09-01T18:55:30.037+01:00,1421124,7164,1084,1084,True,True,0x02,"NO_IRQ,OK,NO_IRQ,NO_IRQ","NONE,FULL,NONE,NONE",
26.210951,2026-09-01T18:55:30.061+01:00,1422208,7165,1084,1084,True,True,0x02,"NO_IRQ,OK,NO_IRQ,NO_IRQ","NONE,FULL,NONE,NONE",
26.230275,2026-09-01T18:55:30.077+01:00,1423292,7166,1084,1084,True,True,0x02,"NO_IRQ,OK,NO_IRQ,NO_IRQ","NONE,FULL,NONE,NONE",
26.249616,2026-09-01T18:55:30.096+01:00,1424376,7167,1084,1084,True,True,0x02,"NO_IRQ,OK,NO_IRQ,NO_IRQ","NONE,FULL,NONE,NONE",
26.276243,2026-09-01T18:55:30.116+01:00,1425460,7168,1084,1084,True,True,0x02,"NO_IRQ,OK,NO_IRQ,NO_IRQ","NONE,FULL,NONE,NONE",
26.291749,2026-09-01T18:55:30.142+01:00,1426544,7169,1084,1084,True,True,0x02,"NO_IRQ,OK,NO_IRQ,NO_IRQ","NONE,FULL,NONE,NONE",
26.309976,2026-09-01T18:55:30.158+01:00,1427628,7170,1084,1084,True,True,0x02,"NO_IRQ,OK,NO_IRQ,NO_IRQ","NONE,FULL,NONE,NONE",
26.329854,2026-09-01T18:55:30.176+01:00,1428712,7171,1084,1084,True,True,0x02,"NO_IRQ,OK,NO_IRQ,NO_IRQ","NONE,FULL,NONE,NONE",
26.353300,2026-09-01T18:55:30.196+01:00,1429796,7172,1084,1084,True,True,0x02,"NO_IRQ,OK,NO_IRQ,NO_IRQ","NONE,FULL,NONE,NONE",
26.370059,2026-09-01T18:55:30.219+01:00,1430880,7173,1084,1084,True,True,0x02,"NO_IRQ,OK,NO_IRQ,NO_IRQ","NONE,FULL,NONE,NONE",
26.389631,2026-09-01T18:55:30.236+01:00,1431964,7174,1084,1084,True,True,0x02,"NO_IRQ,OK,NO_IRQ,NO_IRQ","NONE,FULL,NONE,NONE",
26.409345,2026-09-01T18:55:30.256+01:00,1433048,7175,1084,1084,True,True,0x02,"NO_IRQ,OK,NO_IRQ,NO_IRQ","NONE,FULL,NONE,NONE",
26.430079,2026-09-01T18:55:30.276+01:00,1434132,7176,1084,1084,True,True,0x02,"NO_IRQ,OK,NO_IRQ,NO_IRQ","NONE,FULL,NONE,NONE",
26.454366,2026-09-01T18:55:30.297+01:00,1435216,7177,1084,1084,True,True,0x02,"NO_IRQ,OK,NO_IRQ,NO_IRQ","NONE,FULL,NONE,NONE",
26.469511,2026-09-01T18:55:30.320+01:00,1436300,7178,1084,1084,True,True,0x02,"NO_IRQ,OK,NO_IRQ,NO_IRQ","NONE,FULL,NONE,NONE",
26.489592,2026-09-01T18:55:30.336+01:00,1437384,7179,1084,1084,True,True,0x02,"NO_IRQ,OK,NO_IRQ,NO_IRQ","NONE,FULL,NONE,NONE",
26.509347,2026-09-01T18:55:30.356+01:00,1438468,7180,1084,1084,True,True,0x02,"NO_IRQ,OK,NO_IRQ,NO_IRQ","NONE,FULL,NONE,NONE",
26.531123,2026-09-01T18:55:30.375+01:00,1439552,7181,1084,1084,True,True,0x02,"NO_IRQ,OK,NO_IRQ,NO_IRQ","NONE,FULL,NONE,NONE",
26.549149,2026-09-01T18:55:30.397+01:00,1440636,7182,1084,1084,True,True,0x02,"NO_IRQ,OK,NO_IRQ,NO_IRQ","NONE,FULL,NONE,NONE",
26.579360,2026-09-01T18:55:30.415+01:00,1441720,7183,1084,1084,True,True,0x02,"NO_IRQ,OK,NO_IRQ,NO_IRQ","NONE,FULL,NONE,NONE",
26.595141,2026-09-01T18:55:30.446+01:00,1442804,7184,1084,1084,True,True,0x02,"NO_IRQ,OK,NO_IRQ,NO_IRQ","NONE,FULL,NONE,NONE",
26.610828,2026-09-01T18:55:30.461+01:00,1443888,7185,1084,1084,True,True,0x02,"NO_IRQ,OK,NO_IRQ,NO_IRQ","NONE,FULL,NONE,NONE",
26.629204,2026-09-01T18:55:30.477+01:00,1444972,7186,1084,1084,True,True,0x02,"NO_IRQ,OK,NO_IRQ,NO_IRQ","NONE,FULL,NONE,NONE",
26.649510,2026-09-01T18:55:30.496+01:00,1446056,7187,1084,1084,True,True,0x02,"NO_IRQ,OK,NO_IRQ,NO_IRQ","NONE,FULL,NONE,NONE",
26.673110,2026-09-01T18:55:30.516+01:00,1447140,7188,1084,1084,True,True,0x02,"NO_IRQ,OK,NO_IRQ,NO_IRQ","NONE,FULL,NONE,NONE",
26.689207,2026-09-01T18:55:30.539+01:00,1448224,7189,1084,1084,True,True,0x02,"NO_IRQ,OK,NO_IRQ,NO_IRQ","NONE,FULL,NONE,NONE",
26.708856,2026-09-01T18:55:30.555+01:00,1449308,7190,1084,1084,True,True,0x02,"NO_IRQ,OK,NO_IRQ,NO_IRQ","NONE,FULL,NONE,NONE",
26.729133,2026-09-01T18:55:30.575+01:00,1450392,7191,1084,1084,True,True,0x02,"NO_IRQ,OK,NO_IRQ,NO_IRQ","NONE,FULL,NONE,NONE",
26.749131,2026-09-01T18:55:30.596+01:00,1451476,7192,1084,1084,True,True,0x02,"NO_IRQ,OK,NO_IRQ,NO_IRQ","NONE,FULL,NONE,NONE",
26.772361,2026-09-01T18:55:30.615+01:00,1452560,7193,1084,1084,True,True,0x02,"NO_IRQ,OK,NO_IRQ,NO_IRQ","NONE,FULL,NONE,NONE",
26.789287,2026-09-01T18:55:30.639+01:00,1453644,7194,1084,1084,True,True,0x02,"NO_IRQ,OK,NO_IRQ,NO_IRQ","NONE,FULL,NONE,NONE",
26.809058,2026-09-01T18:55:30.656+01:00,1454728,7195,1084,1084,True,True,0x02,"NO_IRQ,OK,NO_IRQ,NO_IRQ","NONE,FULL,NONE,NONE",
26.832273,2026-09-01T18:55:30.675+01:00,1455812,7196,1084,1084,True,True,0x02,"NO_IRQ,OK,NO_IRQ,NO_IRQ","NONE,FULL,NONE,NONE",
26.849440,2026-09-01T18:55:30.699+01:00,1456896,7197,1084,1084,True,True,0x02,"NO_IRQ,OK,NO_IRQ,NO_IRQ","NONE,FULL,NONE,NONE",
26.880989,2026-09-01T18:55:30.716+01:00,1457980,7198,1084,1084,True,True,0x02,"NO_IRQ,OK,NO_IRQ,NO_IRQ","NONE,FULL,NONE,NONE",
26.888562,2026-09-01T18:55:30.747+01:00,1459064,7199,1084,1084,True,True,0x02,"NO_IRQ,OK,NO_IRQ,NO_IRQ","NONE,FULL,NONE,NONE",
26.912285,2026-09-01T18:55:30.755+01:00,1460148,7200,1084,1084,True,True,0x02,"NO_IRQ,OK,NO_IRQ,NO_IRQ","NONE,FULL,NONE,NONE",
26.929228,2026-09-01T18:55:30.778+01:00,1461232,7201,1084,1084,True,True,0x02,"NO_IRQ,OK,NO_IRQ,NO_IRQ","NONE,FULL,NONE,NONE",
26.949004,2026-09-01T18:55:30.796+01:00,1462316,7202,1084,1084,True,True,0x02,"NO_IRQ,OK,NO_IRQ,NO_IRQ","NONE,FULL,NONE,NONE",
26.968481,2026-09-01T18:55:30.815+01:00,1463400,7203,1084,1084,True,True,0x02,"NO_IRQ,OK,NO_IRQ,NO_IRQ","NONE,FULL,NONE,NONE",
26.990017,2026-09-01T18:55:30.835+01:00,1464484,7204,1084,1084,True,True,0x02,"NO_IRQ,OK,NO_IRQ,NO_IRQ","NONE,FULL,NONE,NONE",
27.008963,2026-09-01T18:55:30.856+01:00,1465568,7205,1084,1084,True,True,0x02,"NO_IRQ,OK,NO_IRQ,NO_IRQ","NONE,FULL,NONE,NONE",
27.028535,2026-09-01T18:55:30.875+01:00,1466652,7206,1084,1084,True,True,0x02,"NO_IRQ,OK,NO_IRQ,NO_IRQ","NONE,FULL,NONE,NONE",
27.049079,2026-09-01T18:55:30.895+01:00,1467736,7207,1084,1084,True,True,0x02,"NO_IRQ,OK,NO_IRQ,NO_IRQ","NONE,FULL,NONE,NONE",
27.073999,2026-09-01T18:55:30.915+01:00,1468820,7208,1084,1084,True,True,0x02,"NO_IRQ,OK,NO_IRQ,NO_IRQ","NONE,FULL,NONE,NONE",
27.090537,2026-09-01T18:55:30.940+01:00,1469904,7209,1084,1084,True,True,0x02,"NO_IRQ,OK,NO_IRQ,NO_IRQ","NONE,FULL,NONE,NONE",
27.108454,2026-09-01T18:55:30.957+01:00,1470988,7210,1084,1084,True,True,0x02,"NO_IRQ,OK,NO_IRQ,NO_IRQ","NONE,FULL,NONE,NONE",
27.128164,2026-09-01T18:55:30.975+01:00,1472072,7211,1084,1084,True,True,0x02,"NO_IRQ,OK,NO_IRQ,NO_IRQ","NONE,FULL,NONE,NONE",
27.148772,2026-09-01T18:55:30.994+01:00,1473156,7212,1084,1084,True,True,0x02,"NO_IRQ,OK,NO_IRQ,NO_IRQ","NONE,FULL,NONE,NONE",
27.169139,2026-09-01T18:55:31.015+01:00,1474240,7213,1084,1084,True,True,0x02,"NO_IRQ,OK,NO_IRQ,NO_IRQ","NONE,FULL,NONE,NONE",
27.188129,2026-09-01T18:55:31.035+01:00,1475324,7214,1084,1084,True,True,0x02,"NO_IRQ,OK,NO_IRQ,NO_IRQ","NONE,FULL,NONE,NONE",
27.208439,2026-09-01T18:55:31.054+01:00,1476408,7215,1084,1084,True,True,0x02,"NO_IRQ,OK,NO_IRQ,NO_IRQ","NONE,FULL,NONE,NONE",
27.233197,2026-09-01T18:55:31.075+01:00,1477492,7216,1084,1084,True,True,0x02,"NO_IRQ,OK,NO_IRQ,NO_IRQ","NONE,FULL,NONE,NONE",
27.248831,2026-09-01T18:55:31.099+01:00,1478576,7217,1084,1084,True,True,0x02,"NO_IRQ,OK,NO_IRQ,NO_IRQ","NONE,FULL,NONE,NONE",
27.268203,2026-09-01T18:55:31.115+01:00,1479660,7218,1084,1084,True,True,0x02,"NO_IRQ,OK,NO_IRQ,NO_IRQ","NONE,FULL,NONE,NONE",
27.288282,2026-09-01T18:55:31.135+01:00,1480744,7219,1084,1084,True,True,0x02,"NO_IRQ,OK,NO_IRQ,NO_IRQ","NONE,FULL,NONE,NONE",
27.309655,2026-09-01T18:55:31.154+01:00,1481828,7220,1084,1084,True,True,0x02,"NO_IRQ,OK,NO_IRQ,NO_IRQ","NONE,FULL,NONE,NONE",
27.337081,2026-09-01T18:55:31.176+01:00,1482912,7221,1084,1084,True,True,0x02,"NO_IRQ,OK,NO_IRQ,NO_IRQ","NONE,FULL,NONE,NONE",
27.352127,2026-09-01T18:55:31.203+01:00,1483996,7222,1084,1084,True,True,0x02,"NO_IRQ,OK,NO_IRQ,NO_IRQ","NONE,FULL,NONE,NONE",
27.368030,2026-09-01T18:55:31.218+01:00,1485080,7223,1084,1084,True,True,0x02,"NO_IRQ,OK,NO_IRQ,NO_IRQ","NONE,FULL,NONE,NONE",
27.388083,2026-09-01T18:55:31.234+01:00,1486164,7224,1084,1084,True,True,0x02,"NO_IRQ,OK,NO_IRQ,NO_IRQ","NONE,FULL,NONE,NONE",
27.407640,2026-09-01T18:55:31.254+01:00,1487248,7225,1084,1084,True,True,0x02,"NO_IRQ,OK,NO_IRQ,NO_IRQ","NONE,FULL,NONE,NONE",
27.429230,2026-09-01T18:55:31.274+01:00,1488332,7226,1084,1084,True,True,0x02,"NO_IRQ,OK,NO_IRQ,NO_IRQ","NONE,FULL,NONE,NONE",
27.448522,2026-09-01T18:55:31.295+01:00,1489416,7227,1084,1084,True,True,0x02,"NO_IRQ,OK,NO_IRQ,NO_IRQ","NONE,FULL,NONE,NONE",
27.467528,2026-09-01T18:55:31.315+01:00,1490500,7228,1084,1084,True,True,0x02,"NO_IRQ,OK,NO_IRQ,NO_IRQ","NONE,FULL,NONE,NONE",
27.492070,2026-09-01T18:55:31.334+01:00,1491584,7229,1084,1084,True,True,0x02,"NO_IRQ,OK,NO_IRQ,NO_IRQ","NONE,FULL,NONE,NONE",
27.507887,2026-09-01T18:55:31.358+01:00,1492668,7230,1084,1084,True,True,0x02,"NO_IRQ,OK,NO_IRQ,NO_IRQ","NONE,FULL,NONE,NONE",
27.528226,2026-09-01T18:55:31.374+01:00,1493752,7231,1084,1084,True,True,0x02,"NO_IRQ,OK,NO_IRQ,NO_IRQ","NONE,FULL,NONE,NONE",
27.552938,2026-09-01T18:55:31.394+01:00,1494836,7232,1084,1084,True,True,0x02,"NO_IRQ,OK,NO_IRQ,NO_IRQ","NONE,FULL,NONE,NONE",
27.568074,2026-09-01T18:55:31.419+01:00,1495920,7233,1084,1084,True,True,0x02,"NO_IRQ,OK,NO_IRQ,NO_IRQ","NONE,FULL,NONE,NONE",
27.587794,2026-09-01T18:55:31.434+01:00,1497004,7234,1084,1084,True,True,0x02,"NO_IRQ,OK,NO_IRQ,NO_IRQ","NONE,FULL,NONE,NONE",
27.607409,2026-09-01T18:55:31.454+01:00,1498088,7235,1084,1084,True,True,0x02,"NO_IRQ,OK,NO_IRQ,NO_IRQ","NONE,FULL,NONE,NONE",
27.627181,2026-09-01T18:55:31.474+01:00,1499172,7236,1084,1084,True,True,0x02,"NO_IRQ,OK,NO_IRQ,NO_IRQ","NONE,FULL,NONE,NONE",
27.647602,2026-09-01T18:55:31.493+01:00,1500256,7237,1084,1084,True,True,0x02,"NO_IRQ,OK,NO_IRQ,NO_IRQ","NONE,FULL,NONE,NONE",
27.670888,2026-09-01T18:55:31.514+01:00,1501340,7238,1084,1084,True,True,0x02,"NO_IRQ,OK,NO_IRQ,NO_IRQ","NONE,FULL,NONE,NONE",
27.687496,2026-09-01T18:55:31.537+01:00,1502424,7239,1084,1084,True,True,0x02,"NO_IRQ,OK,NO_IRQ,NO_IRQ","NONE,FULL,NONE,NONE",
27.707238,2026-09-01T18:55:31.554+01:00,1503508,7240,1084,1084,True,True,0x02,"NO_IRQ,OK,NO_IRQ,NO_IRQ","NONE,FULL,NONE,NONE",
27.733244,2026-09-01T18:55:31.574+01:00,1504592,7241,1084,1084,True,True,0x02,"NO_IRQ,OK,NO_IRQ,NO_IRQ","NONE,FULL,NONE,NONE",
27.748025,2026-09-01T18:55:31.600+01:00,1505676,7242,1084,1084,True,True,0x02,"NO_IRQ,OK,NO_IRQ,NO_IRQ","NONE,FULL,NONE,NONE",
27.766965,2026-09-01T18:55:31.614+01:00,1506760,7243,1084,1084,True,True,0x02,"NO_IRQ,OK,NO_IRQ,NO_IRQ","NONE,FULL,NONE,NONE",
27.797506,2026-09-01T18:55:31.633+01:00,1507844,7244,1084,1084,True,True,0x02,"NO_IRQ,OK,NO_IRQ,NO_IRQ","NONE,FULL,NONE,NONE",
27.806960,2026-09-01T18:55:31.664+01:00,1508928,7245,1084,1084,True,True,0x02,"NO_IRQ,OK,NO_IRQ,NO_IRQ","NONE,FULL,NONE,NONE",
27.828437,2026-09-01T18:55:31.673+01:00,1510012,7246,1084,1084,True,True,0x02,"NO_IRQ,OK,NO_IRQ,NO_IRQ","NONE,FULL,NONE,NONE",
27.847122,2026-09-01T18:55:31.695+01:00,1511096,7247,1084,1084,True,True,0x02,"NO_IRQ,OK,NO_IRQ,NO_IRQ","NONE,FULL,NONE,NONE",
27.867119,2026-09-01T18:55:31.713+01:00,1512180,7248,1084,1084,True,True,0x02,"NO_IRQ,OK,NO_IRQ,NO_IRQ","NONE,FULL,NONE,NONE",
27.890008,2026-09-01T18:55:31.733+01:00,1513264,7249,1084,1084,True,True,0x02,"NO_IRQ,OK,NO_IRQ,NO_IRQ","NONE,FULL,NONE,NONE",
27.906761,2026-09-01T18:55:31.756+01:00,1514348,7250,1084,1084,True,True,0x02,"NO_IRQ,OK,NO_IRQ,NO_IRQ","NONE,FULL,NONE,NONE",
27.926577,2026-09-01T18:55:31.773+01:00,1515432,7251,1084,1084,True,True,0x02,"NO_IRQ,OK,NO_IRQ,NO_IRQ","NONE,FULL,NONE,NONE",
27.946960,2026-09-01T18:55:31.793+01:00,1516516,7252,1084,1084,True,True,0x02,"NO_IRQ,OK,NO_IRQ,NO_IRQ","NONE,FULL,NONE,NONE",
27.967011,2026-09-01T18:55:31.813+01:00,1517600,7253,1084,1084,True,True,0x02,"NO_IRQ,OK,NO_IRQ,NO_IRQ","NONE,FULL,NONE,NONE",
27.991388,2026-09-01T18:55:31.833+01:00,1518684,7254,1084,1084,True,True,0x02,"NO_IRQ,OK,NO_IRQ,NO_IRQ","NONE,FULL,NONE,NONE",
28.007442,2026-09-01T18:55:31.857+01:00,1519768,7255,1084,1084,True,True,0x02,"NO_IRQ,OK,NO_IRQ,NO_IRQ","NONE,FULL,NONE,NONE",
28.026934,2026-09-01T18:55:31.874+01:00,1520852,7256,1084,1084,True,True,0x02,"NO_IRQ,OK,NO_IRQ,NO_IRQ","NONE,FULL,NONE,NONE",
28.046818,2026-09-01T18:55:31.893+01:00,1521936,7257,1084,1084,True,True,0x02,"NO_IRQ,OK,NO_IRQ,NO_IRQ","NONE,FULL,NONE,NONE",
28.067445,2026-09-01T18:55:31.913+01:00,1523020,7258,1084,1084,True,True,0x02,"NO_IRQ,OK,NO_IRQ,NO_IRQ","NONE,FULL,NONE,NONE",
28.087459,2026-09-01T18:55:31.934+01:00,1524104,7259,1084,1084,True,True,0x02,"NO_IRQ,OK,NO_IRQ,NO_IRQ","NONE,FULL,NONE,NONE",
28.106717,2026-09-01T18:55:31.954+01:00,1525188,7260,1084,1084,True,True,0x02,"NO_IRQ,OK,NO_IRQ,NO_IRQ","NONE,FULL,NONE,NONE",
28.131824,2026-09-01T18:55:31.973+01:00,1526272,7261,1084,1084,True,True,0x02,"NO_IRQ,OK,NO_IRQ,NO_IRQ","NONE,FULL,NONE,NONE",
28.147568,2026-09-01T18:55:31.998+01:00,1527356,7262,1084,1084,True,True,0x02,"NO_IRQ,OK,NO_IRQ,NO_IRQ","NONE,FULL,NONE,NONE",
28.166320,2026-09-01T18:55:32.014+01:00,1528440,7263,1084,1084,True,True,0x02,"NO_IRQ,OK,NO_IRQ,NO_IRQ","NONE,FULL,NONE,NONE",
28.186168,2026-09-01T18:55:32.033+01:00,1529524,7264,1084,1084,True,True,0x02,"NO_IRQ,OK,NO_IRQ,NO_IRQ","NONE,FULL,NONE,NONE",
28.209454,2026-09-01T18:55:32.052+01:00,1530608,7265,1084,1084,True,True,0x02,"NO_IRQ,OK,NO_IRQ,NO_IRQ","NONE,FULL,NONE,NONE",
28.226310,2026-09-01T18:55:32.076+01:00,1531692,7266,1084,1084,True,True,0x02,"NO_IRQ,OK,NO_IRQ,NO_IRQ","NONE,FULL,NONE,NONE",
28.248710,2026-09-01T18:55:32.094+01:00,1532776,7267,1084,1084,True,True,0x02,"NO_IRQ,OK,NO_IRQ,NO_IRQ","NONE,FULL,NONE,NONE",
28.266386,2026-09-01T18:55:32.115+01:00,1533860,7268,1084,1084,True,True,0x02,"NO_IRQ,OK,NO_IRQ,NO_IRQ","NONE,FULL,NONE,NONE",
28.286042,2026-09-01T18:55:32.132+01:00,1534944,7269,1084,1084,True,True,0x02,"NO_IRQ,OK,NO_IRQ,NO_IRQ","NONE,FULL,NONE,NONE",
28.308982,2026-09-01T18:55:32.152+01:00,1536028,7270,1084,1084,True,True,0x02,"NO_IRQ,OK,NO_IRQ,NO_IRQ","NONE,FULL,NONE,NONE",
28.326098,2026-09-01T18:55:32.175+01:00,1537112,7271,1084,1084,True,True,0x02,"NO_IRQ,OK,NO_IRQ,NO_IRQ","NONE,FULL,NONE,NONE",
28.346469,2026-09-01T18:55:32.192+01:00,1538196,7272,1084,1084,True,True,0x02,"NO_IRQ,OK,NO_IRQ,NO_IRQ","NONE,FULL,NONE,NONE",
28.366587,2026-09-01T18:55:32.213+01:00,1539280,7273,1084,1084,True,True,0x02,"NO_IRQ,OK,NO_IRQ,NO_IRQ","NONE,FULL,NONE,NONE",
28.389776,2026-09-01T18:55:32.233+01:00,1540364,7274,1084,1084,True,True,0x02,"NO_IRQ,OK,NO_IRQ,NO_IRQ","NONE,FULL,NONE,NONE",
28.406078,2026-09-01T18:55:32.256+01:00,1541448,7275,1084,1084,True,True,0x02,"NO_IRQ,OK,NO_IRQ,NO_IRQ","NONE,FULL,NONE,NONE",
28.425770,2026-09-01T18:55:32.272+01:00,1542532,7276,1084,1084,True,True,0x02,"NO_IRQ,OK,NO_IRQ,NO_IRQ","NONE,FULL,NONE,NONE",
28.449265,2026-09-01T18:55:32.292+01:00,1543616,7277,1084,1084,True,True,0x02,"NO_IRQ,OK,NO_IRQ,NO_IRQ","NONE,FULL,NONE,NONE",
28.466299,2026-09-01T18:55:32.316+01:00,1544700,7278,1084,1084,True,True,0x02,"NO_IRQ,OK,NO_IRQ,NO_IRQ","NONE,FULL,NONE,NONE",
28.485940,2026-09-01T18:55:32.332+01:00,1545784,7279,1084,1084,True,True,0x02,"NO_IRQ,OK,NO_IRQ,NO_IRQ","NONE,FULL,NONE,NONE",
28.509361,2026-09-01T18:55:32.352+01:00,1546868,7280,1084,1084,True,True,0x02,"NO_IRQ,OK,NO_IRQ,NO_IRQ","NONE,FULL,NONE,NONE",
28.526518,2026-09-01T18:55:32.376+01:00,1547952,7281,1084,1084,True,True,0x02,"NO_IRQ,OK,NO_IRQ,NO_IRQ","NONE,FULL,NONE,NONE",
28.548832,2026-09-01T18:55:32.393+01:00,1549036,7282,1084,1084,True,True,0x02,"NO_IRQ,OK,NO_IRQ,NO_IRQ","NONE,FULL,NONE,NONE",
28.565495,2026-09-01T18:55:32.415+01:00,1550120,7283,1084,1084,True,True,0x02,"NO_IRQ,OK,NO_IRQ,NO_IRQ","NONE,FULL,NONE,NONE",
28.585868,2026-09-01T18:55:32.432+01:00,1551204,7284,1084,1084,True,True,0x02,"NO_IRQ,OK,NO_IRQ,NO_IRQ","NONE,FULL,NONE,NONE",
28.610733,2026-09-01T18:55:32.452+01:00,1552288,7285,1084,1084,True,True,0x02,"NO_IRQ,OK,NO_IRQ,NO_IRQ","NONE,FULL,NONE,NONE",
28.626711,2026-09-01T18:55:32.477+01:00,1553372,7286,1084,1084,True,True,0x02,"NO_IRQ,OK,NO_IRQ,NO_IRQ","NONE,FULL,NONE,NONE",
28.645888,2026-09-01T18:55:32.493+01:00,1554456,7287,1084,1084,True,True,0x02,"NO_IRQ,OK,NO_IRQ,NO_IRQ","NONE,FULL,NONE,NONE",
28.665386,2026-09-01T18:55:32.512+01:00,1555540,7288,1084,1084,True,True,0x02,"NO_IRQ,OK,NO_IRQ,NO_IRQ","NONE,FULL,NONE,NONE",
28.685200,2026-09-01T18:55:32.532+01:00,1556624,7289,1084,1084,True,True,0x02,"NO_IRQ,OK,NO_IRQ,NO_IRQ","NONE,FULL,NONE,NONE",
28.706570,2026-09-01T18:55:32.551+01:00,1557708,7290,1084,1084,True,True,0x02,"NO_IRQ,OK,NO_IRQ,NO_IRQ","NONE,FULL,NONE,NONE",
28.725638,2026-09-01T18:55:32.573+01:00,1558792,7291,1084,1084,True,True,0x02,"NO_IRQ,OK,NO_IRQ,NO_IRQ","NONE,FULL,NONE,NONE",
28.745516,2026-09-01T18:55:32.592+01:00,1559876,7292,1084,1084,True,True,0x02,"NO_IRQ,OK,NO_IRQ,NO_IRQ","NONE,FULL,NONE,NONE",
28.767447,2026-09-01T18:55:32.612+01:00,1560960,7293,1084,1084,True,True,0x02,"NO_IRQ,OK,NO_IRQ,NO_IRQ","NONE,FULL,NONE,NONE",
28.785456,2026-09-01T18:55:32.634+01:00,1562044,7294,1084,1084,True,True,0x02,"NO_IRQ,OK,NO_IRQ,NO_IRQ","NONE,FULL,NONE,NONE",
28.805225,2026-09-01T18:55:32.652+01:00,1563128,7295,1084,1084,True,True,0x02,"NO_IRQ,OK,NO_IRQ,NO_IRQ","NONE,FULL,NONE,NONE",
28.825814,2026-09-01T18:55:32.671+01:00,1564212,7296,1084,1084,True,True,0x02,"NO_IRQ,OK,NO_IRQ,NO_IRQ","NONE,FULL,NONE,NONE",
28.853218,2026-09-01T18:55:32.693+01:00,1565296,7297,1084,1084,True,True,0x02,"NO_IRQ,OK,NO_IRQ,NO_IRQ","NONE,FULL,NONE,NONE",
28.868896,2026-09-01T18:55:32.719+01:00,1566380,7298,1084,1084,True,True,0x02,"NO_IRQ,OK,NO_IRQ,NO_IRQ","NONE,FULL,NONE,NONE",
28.885330,2026-09-01T18:55:32.735+01:00,1567464,7299,1084,1084,True,True,0x02,"NO_IRQ,OK,NO_IRQ,NO_IRQ","NONE,FULL,NONE,NONE",
28.905735,2026-09-01T18:55:32.752+01:00,1568548,7300,1084,1084,True,True,0x02,"NO_IRQ,OK,NO_IRQ,NO_IRQ","NONE,FULL,NONE,NONE",
28.925009,2026-09-01T18:55:32.772+01:00,1569632,7301,1084,1084,True,True,0x02,"NO_IRQ,OK,NO_IRQ,NO_IRQ","NONE,FULL,NONE,NONE",
28.946929,2026-09-01T18:55:32.791+01:00,1570716,7302,1084,1084,True,True,0x02,"NO_IRQ,OK,NO_IRQ,NO_IRQ","NONE,FULL,NONE,NONE",
28.965013,2026-09-01T18:55:32.813+01:00,1571800,7303,1084,1084,True,True,0x02,"NO_IRQ,OK,NO_IRQ,NO_IRQ","NONE,FULL,NONE,NONE",
28.984688,2026-09-01T18:55:32.831+01:00,1572884,7304,1084,1084,True,True,0x02,"NO_IRQ,OK,NO_IRQ,NO_IRQ","NONE,FULL,NONE,NONE",
29.012298,2026-09-01T18:55:32.851+01:00,1573968,7305,1084,1084,True,True,0x02,"NO_IRQ,OK,NO_IRQ,NO_IRQ","NONE,FULL,NONE,NONE",
29.028081,2026-09-01T18:55:32.878+01:00,1575052,7306,1084,1084,True,True,0x02,"NO_IRQ,OK,NO_IRQ,NO_IRQ","NONE,FULL,NONE,NONE",
29.044679,2026-09-01T18:55:32.894+01:00,1576136,7307,1084,1084,True,True,0x02,"NO_IRQ,OK,NO_IRQ,NO_IRQ","NONE,FULL,NONE,NONE",
29.064820,2026-09-01T18:55:32.911+01:00,1577220,7308,1084,1084,True,True,0x02,"NO_IRQ,OK,NO_IRQ,NO_IRQ","NONE,FULL,NONE,NONE",
29.090025,2026-09-01T18:55:32.931+01:00,1578304,7309,1084,1084,True,True,0x02,"NO_IRQ,OK,NO_IRQ,NO_IRQ","NONE,FULL,NONE,NONE",
29.105695,2026-09-01T18:55:32.956+01:00,1579388,7310,1084,1084,True,True,0x02,"NO_IRQ,OK,NO_IRQ,NO_IRQ","NONE,FULL,NONE,NONE",
29.124680,2026-09-01T18:55:32.972+01:00,1580472,7311,1084,1084,True,True,0x02,"NO_IRQ,OK,NO_IRQ,NO_IRQ","NONE,FULL,NONE,NONE",
29.144389,2026-09-01T18:55:32.991+01:00,1581556,7312,1084,1084,True,True,0x02,"NO_IRQ,OK,NO_IRQ,NO_IRQ","NONE,FULL,NONE,NONE",
29.164717,2026-09-01T18:55:33.010+01:00,1582640,7313,1084,1084,True,True,0x02,"NO_IRQ,OK,NO_IRQ,NO_IRQ","NONE,FULL,NONE,NONE",
29.184360,2026-09-01T18:55:33.031+01:00,1583724,7314,1084,1084,True,True,0x02,"NO_IRQ,OK,NO_IRQ,NO_IRQ","NONE,FULL,NONE,NONE",
29.206779,2026-09-01T18:55:33.050+01:00,1584808,7315,1084,1084,True,True,0x02,"NO_IRQ,OK,NO_IRQ,NO_IRQ","NONE,FULL,NONE,NONE",
29.224516,2026-09-01T18:55:33.073+01:00,1585892,7316,1084,1084,True,True,0x02,"NO_IRQ,OK,NO_IRQ,NO_IRQ","NONE,FULL,NONE,NONE",
29.244196,2026-09-01T18:55:33.091+01:00,1586976,7317,1084,1084,True,True,0x02,"NO_IRQ,OK,NO_IRQ,NO_IRQ","NONE,FULL,NONE,NONE",
29.267293,2026-09-01T18:55:33.111+01:00,1588060,7318,1084,1084,True,True,0x02,"NO_IRQ,OK,NO_IRQ,NO_IRQ","NONE,FULL,NONE,NONE",
29.284723,2026-09-01T18:55:33.133+01:00,1589144,7319,1084,1084,True,True,0x02,"NO_IRQ,OK,NO_IRQ,NO_IRQ","NONE,FULL,NONE,NONE",
29.304098,2026-09-01T18:55:33.151+01:00,1590228,7320,1084,1084,True,True,0x02,"NO_IRQ,OK,NO_IRQ,NO_IRQ","NONE,FULL,NONE,NONE",
29.324254,2026-09-01T18:55:33.171+01:00,1591312,7321,1084,1084,True,True,0x02,"NO_IRQ,OK,NO_IRQ,NO_IRQ","NONE,FULL,NONE,NONE",
29.346432,2026-09-01T18:55:33.191+01:00,1592396,7322,1084,1084,True,True,0x02,"NO_IRQ,OK,NO_IRQ,NO_IRQ","NONE,FULL,NONE,NONE",
29.365048,2026-09-01T18:55:33.213+01:00,1593480,7323,1084,1084,True,True,0x02,"NO_IRQ,OK,NO_IRQ,NO_IRQ","NONE,FULL,NONE,NONE",
29.384182,2026-09-01T18:55:33.231+01:00,1594564,7324,1084,1084,True,True,0x02,"NO_IRQ,OK,NO_IRQ,NO_IRQ","NONE,FULL,NONE,NONE",
29.408720,2026-09-01T18:55:33.251+01:00,1595648,7325,1084,1084,True,True,0x02,"NO_IRQ,OK,NO_IRQ,NO_IRQ","NONE,FULL,NONE,NONE",
29.424677,2026-09-01T18:55:33.275+01:00,1596732,7326,1084,1084,True,True,0x02,"NO_IRQ,OK,NO_IRQ,NO_IRQ","NONE,FULL,NONE,NONE",
29.444071,2026-09-01T18:55:33.291+01:00,1597816,7327,1084,1084,True,True,0x02,"NO_IRQ,OK,NO_IRQ,NO_IRQ","NONE,FULL,NONE,NONE",
29.464557,2026-09-01T18:55:33.310+01:00,1598900,7328,1084,1084,True,True,0x02,"NO_IRQ,OK,NO_IRQ,NO_IRQ","NONE,FULL,NONE,NONE",
29.484408,2026-09-01T18:55:33.331+01:00,1599984,7329,1084,1084,True,True,0x02,"NO_IRQ,OK,NO_IRQ,NO_IRQ","NONE,FULL,NONE,NONE",
29.509765,2026-09-01T18:55:33.351+01:00,1601068,7330,1084,1084,True,True,0x02,"NO_IRQ,OK,NO_IRQ,NO_IRQ","NONE,FULL,NONE,NONE",
29.524850,2026-09-01T18:55:33.376+01:00,1602152,7331,1084,1084,True,True,0x02,"NO_IRQ,OK,NO_IRQ,NO_IRQ","NONE,FULL,NONE,NONE",
29.544158,2026-09-01T18:55:33.391+01:00,1603236,7332,1084,1084,True,True,0x02,"NO_IRQ,OK,NO_IRQ,NO_IRQ","NONE,FULL,NONE,NONE",
29.564944,2026-09-01T18:55:33.410+01:00,1604320,7333,1084,1084,True,True,0x02,"NO_IRQ,OK,NO_IRQ,NO_IRQ","NONE,FULL,NONE,NONE",
29.583876,2026-09-01T18:55:33.431+01:00,1605404,7334,1084,1084,True,True,0x02,"NO_IRQ,OK,NO_IRQ,NO_IRQ","NONE,FULL,NONE,NONE",
29.606428,2026-09-01T18:55:33.451+01:00,1606488,7335,1084,1084,True,True,0x02,"NO_IRQ,OK,NO_IRQ,NO_IRQ","NONE,FULL,NONE,NONE",
29.624026,2026-09-01T18:55:33.473+01:00,1607572,7336,1084,1084,True,True,0x02,"NO_IRQ,OK,NO_IRQ,NO_IRQ","NONE,FULL,NONE,NONE",
29.643622,2026-09-01T18:55:33.490+01:00,1608656,7337,1084,1084,True,True,0x02,"NO_IRQ,OK,NO_IRQ,NO_IRQ","NONE,FULL,NONE,NONE",
29.666028,2026-09-01T18:55:33.510+01:00,1609740,7338,1084,1084,True,True,0x02,"NO_IRQ,OK,NO_IRQ,NO_IRQ","NONE,FULL,NONE,NONE",
29.683766,2026-09-01T18:55:33.533+01:00,1610824,7339,1084,1084,True,True,0x02,"NO_IRQ,OK,NO_IRQ,NO_IRQ","NONE,FULL,NONE,NONE",
29.703606,2026-09-01T18:55:33.550+01:00,1611908,7340,1084,1084,True,True,0x02,"NO_IRQ,OK,NO_IRQ,NO_IRQ","NONE,FULL,NONE,NONE",
29.725481,2026-09-01T18:55:33.570+01:00,1612992,7341,1084,1084,True,True,0x02,"NO_IRQ,OK,NO_IRQ,NO_IRQ","NONE,FULL,NONE,NONE",
29.743474,2026-09-01T18:55:33.592+01:00,1614076,7342,1084,1084,True,True,0x02,"NO_IRQ,OK,NO_IRQ,NO_IRQ","NONE,FULL,NONE,NONE",
29.765641,2026-09-01T18:55:33.610+01:00,1615160,7343,1084,1084,True,True,0x02,"NO_IRQ,OK,NO_IRQ,NO_IRQ","NONE,FULL,NONE,NONE",
29.783750,2026-09-01T18:55:33.632+01:00,1616244,7344,1084,1084,True,True,0x02,"NO_IRQ,OK,NO_IRQ,NO_IRQ","NONE,FULL,NONE,NONE",
29.803480,2026-09-01T18:55:33.650+01:00,1617328,7345,1084,1084,True,True,0x02,"NO_IRQ,OK,NO_IRQ,NO_IRQ","NONE,FULL,NONE,NONE",
29.826749,2026-09-01T18:55:33.670+01:00,1618412,7346,1084,1084,True,True,0x02,"NO_IRQ,OK,NO_IRQ,NO_IRQ","NONE,FULL,NONE,NONE",
29.843266,2026-09-01T18:55:33.693+01:00,1619496,7347,1084,1084,True,True,0x02,"NO_IRQ,OK,NO_IRQ,NO_IRQ","NONE,FULL,NONE,NONE",
29.863846,2026-09-01T18:55:33.710+01:00,1620580,7348,1084,1084,True,True,0x02,"NO_IRQ,OK,NO_IRQ,NO_IRQ","NONE,FULL,NONE,NONE",
29.883343,2026-09-01T18:55:33.730+01:00,1621664,7349,1084,1084,True,True,0x02,"NO_IRQ,OK,NO_IRQ,NO_IRQ","NONE,FULL,NONE,NONE",
29.908143,2026-09-01T18:55:33.751+01:00,1622748,7350,1084,1084,True,True,0x02,"NO_IRQ,OK,NO_IRQ,NO_IRQ","NONE,FULL,NONE,NONE",
29.923554,2026-09-01T18:55:33.774+01:00,1623832,7351,1084,1084,True,True,0x02,"NO_IRQ,OK,NO_IRQ,NO_IRQ","NONE,FULL,NONE,NONE",
29.943281,2026-09-01T18:55:33.790+01:00,1624916,7352,1084,1084,True,True,0x02,"NO_IRQ,OK,NO_IRQ,NO_IRQ","NONE,FULL,NONE,NONE",
29.967126,2026-09-01T18:55:33.810+01:00,1626000,7353,1084,1084,True,True,0x02,"NO_IRQ,OK,NO_IRQ,NO_IRQ","NONE,FULL,NONE,NONE",
29.983176,2026-09-01T18:55:33.834+01:00,1627084,7354,1084,1084,True,True,0x02,"NO_IRQ,OK,NO_IRQ,NO_IRQ","NONE,FULL,NONE,NONE",
30.003320,2026-09-01T18:55:33.849+01:00,1628168,7355,1084,1084,True,True,0x02,"NO_IRQ,OK,NO_IRQ,NO_IRQ","NONE,FULL,NONE,NONE",
