elapsed_s,mul_start_time,raw_offset,packet_sequence,declared_length,received_bytes,outer_crc_ok,parse_ok,updated_mask,module_statuses,algorithms,error
0.016297,2026-09-05T19:03:58.793+01:00,0,1365717,234,234,True,True,0x04,"NO_IRQ,NO_IRQ,OK,RESYNC_NEEDED","NONE,NONE,DELTA,NONE",
0.019961,2026-09-05T19:03:58.812+01:00,234,1365718,252,252,True,True,0x04,"NO_IRQ,NO_IRQ,OK,RESYNC_NEEDED","NONE,NONE,DELTA,NONE",
0.020882,2026-09-05T19:03:58.813+01:00,486,1365719,258,258,True,True,0x04,"NO_IRQ,NO_IRQ,OK,RESYNC_NEEDED","NONE,NONE,DELTA,NONE",
0.021740,2026-09-05T19:03:58.814+01:00,744,1365720,128,128,True,True,0x04,"NO_IRQ,NO_IRQ,OK,RESYNC_NEEDED","NONE,NONE,DELTA,NONE",
0.022398,2026-09-05T19:03:58.815+01:00,872,1365721,236,236,True,True,0x04,"NO_IRQ,NO_IRQ,OK,RESYNC_NEEDED","NONE,NONE,DELTA,NONE",
0.023277,2026-09-05T19:03:58.816+01:00,1108,1365722,238,238,True,True,0x04,"NO_IRQ,NO_IRQ,OK,RESYNC_NEEDED","NONE,NONE,DELTA,NONE",
0.027824,2026-09-05T19:03:58.817+01:00,1346,1365723,248,248,True,True,0x04,"NO_IRQ,NO_IRQ,OK,RESYNC_NEEDED","NONE,NONE,DELTA,NONE",
0.037419,2026-09-05T19:03:58.821+01:00,1594,1365724,128,128,True,True,0x04,"NO_IRQ,NO_IRQ,OK,RESYNC_NEEDED","NONE,NONE,DELTA,NONE",
0.038051,2026-09-05T19:03:58.831+01:00,1722,1365725,236,236,True,True,0x04,"NO_IRQ,NO_IRQ,OK,RESYNC_NEEDED","NONE,NONE,DELTA,NONE",
0.042790,2026-09-05T19:03:58.831+01:00,1958,1365726,238,238,True,True,0x04,"NO_IRQ,NO_IRQ,OK,RESYNC_NEEDED","NONE,NONE,DELTA,NONE",
0.047841,2026-09-05T19:03:58.836+01:00,2196,1365727,252,252,True,True,0x04,"NO_IRQ,NO_IRQ,OK,RESYNC_NEEDED","NONE,NONE,DELTA,NONE",
0.055035,2026-09-05T19:03:58.842+01:00,2448,1365728,128,128,True,True,0x04,"NO_IRQ,NO_IRQ,OK,RESYNC_NEEDED","NONE,NONE,DELTA,NONE",
0.058104,2026-09-05T19:03:58.848+01:00,2576,1365729,230,230,True,True,0x04,"NO_IRQ,NO_IRQ,OK,RESYNC_NEEDED","NONE,NONE,DELTA,NONE",
0.062721,2026-09-05T19:03:58.851+01:00,2806,1365730,242,242,True,True,0x04,"NO_IRQ,NO_IRQ,OK,RESYNC_NEEDED","NONE,NONE,DELTA,NONE",
0.072055,2026-09-05T19:03:58.856+01:00,3048,1365731,252,252,True,True,0x04,"NO_IRQ,NO_IRQ,OK,RESYNC_NEEDED","NONE,NONE,DELTA,NONE",
0.072726,2026-09-05T19:03:58.865+01:00,3300,1365732,124,124,True,True,0x04,"NO_IRQ,NO_IRQ,OK,RESYNC_NEEDED","NONE,NONE,DELTA,NONE",
0.077735,2026-09-05T19:03:58.866+01:00,3424,1365733,226,226,True,True,0x04,"NO_IRQ,NO_IRQ,OK,RESYNC_NEEDED","NONE,NONE,DELTA,NONE",
0.088523,2026-09-05T19:03:58.871+01:00,3650,1365734,252,252,True,True,0x04,"NO_IRQ,NO_IRQ,OK,RESYNC_NEEDED","NONE,NONE,DELTA,NONE",
0.089300,2026-09-05T19:03:58.882+01:00,3902,1365735,254,254,True,True,0x04,"NO_IRQ,NO_IRQ,OK,RESYNC_NEEDED","NONE,NONE,DELTA,NONE",
0.092527,2026-09-05T19:03:58.883+01:00,4156,1365736,126,126,True,True,0x04,"NO_IRQ,NO_IRQ,OK,RESYNC_NEEDED","NONE,NONE,DELTA,NONE",
0.097634,2026-09-05T19:03:58.886+01:00,4282,1365737,234,234,True,True,0x04,"NO_IRQ,NO_IRQ,OK,RESYNC_NEEDED","NONE,NONE,DELTA,NONE",
0.106037,2026-09-05T19:03:58.891+01:00,4516,1365738,242,242,True,True,0x04,"NO_IRQ,NO_IRQ,OK,RESYNC_NEEDED","NONE,NONE,DELTA,NONE",
0.107558,2026-09-05T19:03:58.899+01:00,4758,1365739,258,258,True,True,0x04,"NO_IRQ,NO_IRQ,OK,RESYNC_NEEDED","NONE,NONE,DELTA,NONE",
0.112385,2026-09-05T19:03:58.901+01:00,5016,1365740,126,126,True,True,0x04,"NO_IRQ,NO_IRQ,OK,RESYNC_NEEDED","NONE,NONE,DELTA,NONE",
0.123143,2026-09-05T19:03:58.906+01:00,5142,1365741,234,234,True,True,0x04,"NO_IRQ,NO_IRQ,OK,RESYNC_NEEDED","NONE,NONE,DELTA,NONE",
0.124409,2026-09-05T19:03:58.917+01:00,5376,1365742,240,240,True,True,0x04,"NO_IRQ,NO_IRQ,OK,RESYNC_NEEDED","NONE,NONE,DELTA,NONE",
0.127775,2026-09-05T19:03:58.918+01:00,5616,1365743,270,270,True,True,0x04,"NO_IRQ,NO_IRQ,OK,RESYNC_NEEDED","NONE,NONE,DELTA,NONE",
0.132654,2026-09-05T19:03:58.921+01:00,5886,1365744,128,128,True,True,0x04,"NO_IRQ,NO_IRQ,OK,RESYNC_NEEDED","NONE,NONE,DELTA,NONE",
0.137574,2026-09-05T19:03:58.926+01:00,6014,1365745,230,230,True,True,0x04,"NO_IRQ,NO_IRQ,OK,RESYNC_NEEDED","NONE,NONE,DELTA,NONE",
0.142386,2026-09-05T19:03:58.931+01:00,6244,1365746,246,246,True,True,0x04,"NO_IRQ,NO_IRQ,OK,RESYNC_NEEDED","NONE,NONE,DELTA,NONE",
0.147536,2026-09-05T19:03:58.936+01:00,6490,1365747,258,258,True,True,0x04,"NO_IRQ,NO_IRQ,OK,RESYNC_NEEDED","NONE,NONE,DELTA,NONE",
0.160134,2026-09-05T19:03:58.941+01:00,6748,1365748,126,126,True,True,0x04,"NO_IRQ,NO_IRQ,OK,RESYNC_NEEDED","NONE,NONE,DELTA,NONE",
0.160497,2026-09-05T19:03:58.954+01:00,6874,1365749,226,226,True,True,0x04,"NO_IRQ,NO_IRQ,OK,RESYNC_NEEDED","NONE,NONE,DELTA,NONE",
0.167662,2026-09-05T19:03:58.954+01:00,7100,1365750,258,258,True,True,0x04,"NO_IRQ,NO_IRQ,OK,RESYNC_NEEDED","NONE,NONE,DELTA,NONE",
0.173734,2026-09-05T19:03:58.962+01:00,7358,1365751,268,268,True,True,0x04,"NO_IRQ,NO_IRQ,OK,RESYNC_NEEDED","NONE,NONE,DELTA,NONE",
0.174768,2026-09-05T19:03:58.967+01:00,7626,1365752,126,126,True,True,0x04,"NO_IRQ,NO_IRQ,OK,RESYNC_NEEDED","NONE,NONE,DELTA,NONE",
0.177535,2026-09-05T19:03:58.968+01:00,7752,1365753,226,226,True,True,0x04,"NO_IRQ,NO_IRQ,OK,RESYNC_NEEDED","NONE,NONE,DELTA,NONE",
0.182666,2026-09-05T19:03:58.971+01:00,7978,1365754,250,250,True,True,0x04,"NO_IRQ,NO_IRQ,OK,RESYNC_NEEDED","NONE,NONE,DELTA,NONE",
0.188662,2026-09-05T19:03:58.976+01:00,8228,1365755,262,262,True,True,0x04,"NO_IRQ,NO_IRQ,OK,RESYNC_NEEDED","NONE,NONE,DELTA,NONE",
0.192253,2026-09-05T19:03:58.982+01:00,8490,1365756,126,126,True,True,0x04,"NO_IRQ,NO_IRQ,OK,RESYNC_NEEDED","NONE,NONE,DELTA,NONE",
0.197541,2026-09-05T19:03:58.986+01:00,8616,1365757,228,228,True,True,0x04,"NO_IRQ,NO_IRQ,OK,RESYNC_NEEDED","NONE,NONE,DELTA,NONE",
0.207774,2026-09-05T19:03:58.991+01:00,8844,1365758,242,242,True,True,0x04,"NO_IRQ,NO_IRQ,OK,RESYNC_NEEDED","NONE,NONE,DELTA,NONE",
0.208523,2026-09-05T19:03:59.001+01:00,9086,1365759,256,256,True,True,0x04,"NO_IRQ,NO_IRQ,OK,RESYNC_NEEDED","NONE,NONE,DELTA,NONE",
0.212553,2026-09-05T19:03:59.002+01:00,9342,1365760,128,128,True,True,0x04,"NO_IRQ,NO_IRQ,OK,RESYNC_NEEDED","NONE,NONE,DELTA,NONE",
0.217525,2026-09-05T19:03:59.006+01:00,9470,1365761,238,238,True,True,0x04,"NO_IRQ,NO_IRQ,OK,RESYNC_NEEDED","NONE,NONE,DELTA,NONE",
0.224914,2026-09-05T19:03:59.011+01:00,9708,1365762,244,244,True,True,0x04,"NO_IRQ,NO_IRQ,OK,RESYNC_NEEDED","NONE,NONE,DELTA,NONE",
0.227645,2026-09-05T19:03:59.019+01:00,9952,1365763,272,272,True,True,0x04,"NO_IRQ,NO_IRQ,OK,RESYNC_NEEDED","NONE,NONE,DELTA,NONE",
0.232102,2026-09-05T19:03:59.021+01:00,10224,1365764,124,124,True,True,0x04,"NO_IRQ,NO_IRQ,OK,RESYNC_NEEDED","NONE,NONE,DELTA,NONE",
0.241564,2026-09-05T19:03:59.025+01:00,10348,1365765,230,230,True,True,0x04,"NO_IRQ,NO_IRQ,OK,RESYNC_NEEDED","NONE,NONE,DELTA,NONE",
0.242563,2026-09-05T19:03:59.035+01:00,10578,1365766,260,260,True,True,0x04,"NO_IRQ,NO_IRQ,OK,RESYNC_NEEDED","NONE,NONE,DELTA,NONE",
0.247910,2026-09-05T19:03:59.036+01:00,10838,1365767,282,282,True,True,0x04,"NO_IRQ,NO_IRQ,OK,RESYNC_NEEDED","NONE,NONE,DELTA,NONE",
0.253076,2026-09-05T19:03:59.041+01:00,11120,1365768,128,128,True,True,0x04,"NO_IRQ,NO_IRQ,OK,RESYNC_NEEDED","NONE,NONE,DELTA,NONE",
0.259171,2026-09-05T19:03:59.047+01:00,11248,1365769,226,226,True,True,0x04,"NO_IRQ,NO_IRQ,OK,RESYNC_NEEDED","NONE,NONE,DELTA,NONE",
0.262771,2026-09-05T19:03:59.053+01:00,11474,1365770,246,246,True,True,0x04,"NO_IRQ,NO_IRQ,OK,RESYNC_NEEDED","NONE,NONE,DELTA,NONE",
0.267538,2026-09-05T19:03:59.056+01:00,11720,1365771,262,262,True,True,0x04,"NO_IRQ,NO_IRQ,OK,RESYNC_NEEDED","NONE,NONE,DELTA,NONE",
0.276804,2026-09-05T19:03:59.061+01:00,11982,1365772,124,124,True,True,0x04,"NO_IRQ,NO_IRQ,OK,RESYNC_NEEDED","NONE,NONE,DELTA,NONE",
0.277874,2026-09-05T19:03:59.070+01:00,12106,1365773,230,230,True,True,0x04,"NO_IRQ,NO_IRQ,OK,RESYNC_NEEDED","NONE,NONE,DELTA,NONE",
0.282572,2026-09-05T19:03:59.071+01:00,12336,1365774,248,248,True,True,0x04,"NO_IRQ,NO_IRQ,OK,RESYNC_NEEDED","NONE,NONE,DELTA,NONE",
0.287635,2026-09-05T19:03:59.076+01:00,12584,1365775,276,276,True,True,0x04,"NO_IRQ,NO_IRQ,OK,RESYNC_NEEDED","NONE,NONE,DELTA,NONE",
0.294435,2026-09-05T19:03:59.081+01:00,12860,1365776,126,126,True,True,0x04,"NO_IRQ,NO_IRQ,OK,RESYNC_NEEDED","NONE,NONE,DELTA,NONE",
0.297525,2026-09-05T19:03:59.088+01:00,12986,1365777,228,228,True,True,0x04,"NO_IRQ,NO_IRQ,OK,RESYNC_NEEDED","NONE,NONE,DELTA,NONE",
0.302405,2026-09-05T19:03:59.091+01:00,13214,1365778,242,242,True,True,0x04,"NO_IRQ,NO_IRQ,OK,RESYNC_NEEDED","NONE,NONE,DELTA,NONE",
0.308135,2026-09-05T19:03:59.096+01:00,13456,1365779,274,274,True,True,0x04,"NO_IRQ,NO_IRQ,OK,RESYNC_NEEDED","NONE,NONE,DELTA,NONE",
0.312957,2026-09-05T19:03:59.101+01:00,13730,1365780,124,124,True,True,0x04,"NO_IRQ,NO_IRQ,OK,RESYNC_NEEDED","NONE,NONE,DELTA,NONE",
0.317250,2026-09-05T19:03:59.106+01:00,13854,1365781,214,214,True,True,0x04,"NO_IRQ,NO_IRQ,OK,RESYNC_NEEDED","NONE,NONE,DELTA,NONE",
0.322783,2026-09-05T19:03:59.111+01:00,14068,1365782,234,234,True,True,0x04,"NO_IRQ,NO_IRQ,OK,RESYNC_NEEDED","NONE,NONE,DELTA,NONE",
0.337939,2026-09-05T19:03:59.116+01:00,14302,1365783,272,272,True,True,0x04,"NO_IRQ,NO_IRQ,OK,RESYNC_NEEDED","NONE,NONE,DELTA,NONE",
0.338569,2026-09-05T19:03:59.131+01:00,14574,1365784,124,124,True,True,0x04,"NO_IRQ,NO_IRQ,OK,RESYNC_NEEDED","NONE,NONE,DELTA,NONE",
0.338850,2026-09-05T19:03:59.132+01:00,14698,1365785,224,224,True,True,0x04,"NO_IRQ,NO_IRQ,OK,RESYNC_NEEDED","NONE,NONE,DELTA,NONE",
0.342585,2026-09-05T19:03:59.132+01:00,14922,1365786,262,262,True,True,0x04,"NO_IRQ,NO_IRQ,OK,RESYNC_NEEDED","NONE,NONE,DELTA,NONE",
0.347272,2026-09-05T19:03:59.136+01:00,15184,1365787,284,284,True,True,0x04,"NO_IRQ,NO_IRQ,OK,RESYNC_NEEDED","NONE,NONE,DELTA,NONE",
0.356034,2026-09-05T19:03:59.141+01:00,15468,1365788,124,124,True,True,0x04,"NO_IRQ,NO_IRQ,OK,RESYNC_NEEDED","NONE,NONE,DELTA,NONE",
0.357408,2026-09-05T19:03:59.150+01:00,15592,1365789,212,212,True,True,0x04,"NO_IRQ,NO_IRQ,OK,RESYNC_NEEDED","NONE,NONE,DELTA,NONE",
0.362770,2026-09-05T19:03:59.151+01:00,15804,1365790,250,250,True,True,0x04,"NO_IRQ,NO_IRQ,OK,RESYNC_NEEDED","NONE,NONE,DELTA,NONE",
0.375339,2026-09-05T19:03:59.156+01:00,16054,1365791,278,278,True,True,0x04,"NO_IRQ,NO_IRQ,OK,RESYNC_NEEDED","NONE,NONE,DELTA,NONE",
0.376016,2026-09-05T19:03:59.169+01:00,16332,1365792,128,128,True,True,0x04,"NO_IRQ,NO_IRQ,OK,RESYNC_NEEDED","NONE,NONE,DELTA,NONE",
0.377340,2026-09-05T19:03:59.169+01:00,16460,1365793,218,218,True,True,0x04,"NO_IRQ,NO_IRQ,OK,RESYNC_NEEDED","NONE,NONE,DELTA,NONE",
0.382645,2026-09-05T19:03:59.171+01:00,16678,1365794,248,248,True,True,0x04,"NO_IRQ,NO_IRQ,OK,RESYNC_NEEDED","NONE,NONE,DELTA,NONE",
0.388973,2026-09-05T19:03:59.176+01:00,16926,1365795,268,268,True,True,0x04,"NO_IRQ,NO_IRQ,OK,RESYNC_NEEDED","NONE,NONE,DELTA,NONE",
0.393267,2026-09-05T19:03:59.183+01:00,17194,1365796,128,128,True,True,0x04,"NO_IRQ,NO_IRQ,OK,RESYNC_NEEDED","NONE,NONE,DELTA,NONE",
0.397567,2026-09-05T19:03:59.187+01:00,17322,1365797,230,230,True,True,0x04,"NO_IRQ,NO_IRQ,OK,RESYNC_NEEDED","NONE,NONE,DELTA,NONE",
0.402573,2026-09-05T19:03:59.191+01:00,17552,1365798,260,260,True,True,0x04,"NO_IRQ,NO_IRQ,OK,RESYNC_NEEDED","NONE,NONE,DELTA,NONE",
0.409639,2026-09-05T19:03:59.196+01:00,17812,1365799,288,288,True,True,0x04,"NO_IRQ,NO_IRQ,OK,RESYNC_NEEDED","NONE,NONE,DELTA,NONE",
0.412241,2026-09-05T19:03:59.203+01:00,18100,1365800,126,126,True,True,0x04,"NO_IRQ,NO_IRQ,OK,RESYNC_NEEDED","NONE,NONE,DELTA,NONE",
0.417379,2026-09-05T19:03:59.206+01:00,18226,1365801,218,218,True,True,0x04,"NO_IRQ,NO_IRQ,OK,RESYNC_NEEDED","NONE,NONE,DELTA,NONE",
0.426542,2026-09-05T19:03:59.211+01:00,18444,1365802,238,238,True,True,0x04,"NO_IRQ,NO_IRQ,OK,RESYNC_NEEDED","NONE,NONE,DELTA,NONE",
0.427405,2026-09-05T19:03:59.220+01:00,18682,1365803,260,260,True,True,0x04,"NO_IRQ,NO_IRQ,OK,RESYNC_NEEDED","NONE,NONE,DELTA,NONE",
0.432355,2026-09-05T19:03:59.221+01:00,18942,1365804,130,130,True,True,0x04,"NO_IRQ,NO_IRQ,OK,RESYNC_NEEDED","NONE,NONE,DELTA,NONE",
0.441433,2026-09-05T19:03:59.226+01:00,19072,1365805,210,210,True,True,0x04,"NO_IRQ,NO_IRQ,OK,RESYNC_NEEDED","NONE,NONE,DELTA,NONE",
0.447852,2026-09-05T19:03:59.235+01:00,19282,1365806,252,252,True,True,0x04,"NO_IRQ,NO_IRQ,OK,RESYNC_NEEDED","NONE,NONE,DELTA,NONE",
0.449255,2026-09-05T19:03:59.241+01:00,19534,1365807,276,276,True,True,0x04,"NO_IRQ,NO_IRQ,OK,RESYNC_NEEDED","NONE,NONE,DELTA,NONE",
0.452910,2026-09-05T19:03:59.243+01:00,19810,1365808,128,128,True,True,0x04,"NO_IRQ,NO_IRQ,OK,RESYNC_NEEDED","NONE,NONE,DELTA,NONE",
0.458321,2026-09-05T19:03:59.247+01:00,19938,1365809,212,212,True,True,0x04,"NO_IRQ,NO_IRQ,OK,RESYNC_NEEDED","NONE,NONE,DELTA,NONE",
0.463308,2026-09-05T19:03:59.252+01:00,20150,1365810,254,254,True,True,0x04,"NO_IRQ,NO_IRQ,OK,RESYNC_NEEDED","NONE,NONE,DELTA,NONE",
0.468367,2026-09-05T19:03:59.257+01:00,20404,1365811,274,274,True,True,0x04,"NO_IRQ,NO_IRQ,OK,RESYNC_NEEDED","NONE,NONE,DELTA,NONE",
0.482792,2026-09-05T19:03:59.262+01:00,20678,1365812,128,128,True,True,0x04,"NO_IRQ,NO_IRQ,OK,RESYNC_NEEDED","NONE,NONE,DELTA,NONE",
0.490870,2026-09-05T19:03:59.276+01:00,20806,1365813,222,222,True,True,0x04,"NO_IRQ,NO_IRQ,OK,RESYNC_NEEDED","NONE,NONE,DELTA,NONE",
0.493908,2026-09-05T19:03:59.285+01:00,21028,1365814,246,246,True,True,0x04,"NO_IRQ,NO_IRQ,OK,RESYNC_NEEDED","NONE,NONE,DELTA,NONE",
0.495826,2026-09-05T19:03:59.288+01:00,21274,1365815,272,272,True,True,0x04,"NO_IRQ,NO_IRQ,OK,RESYNC_NEEDED","NONE,NONE,DELTA,NONE",
0.497446,2026-09-05T19:03:59.289+01:00,21546,1365816,130,130,True,True,0x04,"NO_IRQ,NO_IRQ,OK,RESYNC_NEEDED","NONE,NONE,DELTA,NONE",
0.499579,2026-09-05T19:03:59.291+01:00,21676,1365817,210,210,True,True,0x04,"NO_IRQ,NO_IRQ,OK,RESYNC_NEEDED","NONE,NONE,DELTA,NONE",
0.503387,2026-09-05T19:03:59.293+01:00,21886,1365818,254,254,True,True,0x04,"NO_IRQ,NO_IRQ,OK,RESYNC_NEEDED","NONE,NONE,DELTA,NONE",
0.507712,2026-09-05T19:03:59.297+01:00,22140,1365819,270,270,True,True,0x04,"NO_IRQ,NO_IRQ,OK,RESYNC_NEEDED","NONE,NONE,DELTA,NONE",
0.512861,2026-09-05T19:03:59.302+01:00,22410,1365820,130,130,True,True,0x04,"NO_IRQ,NO_IRQ,OK,RESYNC_NEEDED","NONE,NONE,DELTA,NONE",
0.518237,2026-09-05T19:03:59.306+01:00,22540,1365821,204,204,True,True,0x04,"NO_IRQ,NO_IRQ,OK,RESYNC_NEEDED","NONE,NONE,DELTA,NONE",
0.524621,2026-09-05T19:03:59.312+01:00,22744,1365822,258,258,True,True,0x04,"NO_IRQ,NO_IRQ,OK,RESYNC_NEEDED","NONE,NONE,DELTA,NONE",
0.528498,2026-09-05T19:03:59.318+01:00,23002,1365823,276,276,True,True,0x04,"NO_IRQ,NO_IRQ,OK,RESYNC_NEEDED","NONE,NONE,DELTA,NONE",
0.532245,2026-09-05T19:03:59.322+01:00,23278,1365824,138,138,True,True,0x04,"NO_IRQ,NO_IRQ,OK,RESYNC_NEEDED","NONE,NONE,DELTA,NONE",
0.540112,2026-09-05T19:03:59.326+01:00,23416,1365825,220,220,True,True,0x04,"NO_IRQ,NO_IRQ,OK,RESYNC_NEEDED","NONE,NONE,DELTA,NONE",
0.543482,2026-09-05T19:03:59.334+01:00,23636,1365826,252,252,True,True,0x04,"NO_IRQ,NO_IRQ,OK,RESYNC_NEEDED","NONE,NONE,DELTA,NONE",
0.547357,2026-09-05T19:03:59.337+01:00,23888,1365827,270,270,True,True,0x04,"NO_IRQ,NO_IRQ,OK,RESYNC_NEEDED","NONE,NONE,DELTA,NONE",
0.552060,2026-09-05T19:03:59.341+01:00,24158,1365828,132,132,True,True,0x04,"NO_IRQ,NO_IRQ,OK,RESYNC_NEEDED","NONE,NONE,DELTA,NONE",
0.557252,2026-09-05T19:03:59.345+01:00,24290,1365829,198,198,True,True,0x04,"NO_IRQ,NO_IRQ,OK,RESYNC_NEEDED","NONE,NONE,DELTA,NONE",
0.562413,2026-09-05T19:03:59.351+01:00,24488,1365830,236,236,True,True,0x04,"NO_IRQ,NO_IRQ,OK,RESYNC_NEEDED","NONE,NONE,DELTA,NONE",
0.567534,2026-09-05T19:03:59.356+01:00,24724,1365831,258,258,True,True,0x04,"NO_IRQ,NO_IRQ,OK,RESYNC_NEEDED","NONE,NONE,DELTA,NONE",
0.580477,2026-09-05T19:03:59.361+01:00,24982,1365832,134,134,True,True,0x04,"NO_IRQ,NO_IRQ,OK,RESYNC_NEEDED","NONE,NONE,DELTA,NONE",
0.580810,2026-09-05T19:03:59.374+01:00,25116,1365833,206,206,True,True,0x04,"NO_IRQ,NO_IRQ,OK,RESYNC_NEEDED","NONE,NONE,DELTA,NONE",
0.582040,2026-09-05T19:03:59.374+01:00,25322,1365834,256,256,True,True,0x04,"NO_IRQ,NO_IRQ,OK,RESYNC_NEEDED","NONE,NONE,DELTA,NONE",
0.603690,2026-09-05T19:03:59.375+01:00,25578,1365835,1084,1084,True,True,0x04,"NO_IRQ,NO_IRQ,OK,RESYNC_NEEDED","NONE,NONE,DELTA_SYNC,NONE",
0.604680,2026-09-05T19:03:59.397+01:00,26662,1365836,134,134,True,True,0x04,"NO_IRQ,NO_IRQ,OK,RESYNC_NEEDED","NONE,NONE,DELTA,NONE",
0.605953,2026-09-05T19:03:59.398+01:00,26796,1365837,200,200,True,True,0x04,"NO_IRQ,NO_IRQ,OK,RESYNC_NEEDED","NONE,NONE,DELTA,NONE",
0.607058,2026-09-05T19:03:59.399+01:00,26996,1365838,254,254,True,True,0x04,"NO_IRQ,NO_IRQ,OK,RESYNC_NEEDED","NONE,NONE,DELTA,NONE",
0.608521,2026-09-05T19:03:59.401+01:00,27250,1365839,272,272,True,True,0x04,"NO_IRQ,NO_IRQ,OK,RESYNC_NEEDED","NONE,NONE,DELTA,NONE",
0.612620,2026-09-05T19:03:59.402+01:00,27522,1365840,132,132,True,True,0x04,"NO_IRQ,NO_IRQ,OK,RESYNC_NEEDED","NONE,NONE,DELTA,NONE",
0.617578,2026-09-05T19:03:59.406+01:00,27654,1365841,196,196,True,True,0x04,"NO_IRQ,NO_IRQ,OK,RESYNC_NEEDED","NONE,NONE,DELTA,NONE",
0.622247,2026-09-05T19:03:59.411+01:00,27850,1365842,248,248,True,True,0x04,"NO_IRQ,NO_IRQ,OK,RESYNC_NEEDED","NONE,NONE,DELTA,NONE",
0.633303,2026-09-05T19:03:59.416+01:00,28098,1365843,264,264,True,True,0x04,"NO_IRQ,NO_IRQ,OK,RESYNC_NEEDED","NONE,NONE,DELTA,NONE",
0.634159,2026-09-05T19:03:59.427+01:00,28362,1365844,138,138,True,True,0x04,"NO_IRQ,NO_IRQ,OK,RESYNC_NEEDED","NONE,NONE,DELTA,NONE",
0.637181,2026-09-05T19:03:59.427+01:00,28500,1365845,194,194,True,True,0x04,"NO_IRQ,NO_IRQ,OK,RESYNC_NEEDED","NONE,NONE,DELTA,NONE",
0.642518,2026-09-05T19:03:59.431+01:00,28694,1365846,252,252,True,True,0x04,"NO_IRQ,NO_IRQ,OK,RESYNC_NEEDED","NONE,NONE,DELTA,NONE",
0.647290,2026-09-05T19:03:59.436+01:00,28946,1365847,270,270,True,True,0x04,"NO_IRQ,NO_IRQ,OK,RESYNC_NEEDED","NONE,NONE,DELTA,NONE",
0.662338,2026-09-05T19:03:59.441+01:00,29216,1365848,142,142,True,True,0x04,"NO_IRQ,NO_IRQ,OK,RESYNC_NEEDED","NONE,NONE,DELTA,NONE",
0.663527,2026-09-05T19:03:59.456+01:00,29358,1365849,204,204,True,True,0x04,"NO_IRQ,NO_IRQ,OK,RESYNC_NEEDED","NONE,NONE,DELTA,NONE",
0.664884,2026-09-05T19:03:59.457+01:00,29562,1365850,254,254,True,True,0x04,"NO_IRQ,NO_IRQ,OK,RESYNC_NEEDED","NONE,NONE,DELTA,NONE",
0.667742,2026-09-05T19:03:59.458+01:00,29816,1365851,268,268,True,True,0x04,"NO_IRQ,NO_IRQ,OK,RESYNC_NEEDED","NONE,NONE,DELTA,NONE",
0.672097,2026-09-05T19:03:59.461+01:00,30084,1365852,138,138,True,True,0x04,"NO_IRQ,NO_IRQ,OK,RESYNC_NEEDED","NONE,NONE,DELTA,NONE",
0.677234,2026-09-05T19:03:59.466+01:00,30222,1365853,196,196,True,True,0x04,"NO_IRQ,NO_IRQ,OK,RESYNC_NEEDED","NONE,NONE,DELTA,NONE",
0.688553,2026-09-05T19:03:59.471+01:00,30418,1365854,258,258,True,True,0x04,"NO_IRQ,NO_IRQ,OK,RESYNC_NEEDED","NONE,NONE,DELTA,NONE",
0.689350,2026-09-05T19:03:59.482+01:00,30676,1365855,270,270,True,True,0x04,"NO_IRQ,NO_IRQ,OK,RESYNC_NEEDED","NONE,NONE,DELTA,NONE",
0.692076,2026-09-05T19:03:59.483+01:00,30946,1365856,140,140,True,True,0x04,"NO_IRQ,NO_IRQ,OK,RESYNC_NEEDED","NONE,NONE,DELTA,NONE",
0.697753,2026-09-05T19:03:59.485+01:00,31086,1365857,198,198,True,True,0x04,"NO_IRQ,NO_IRQ,OK,RESYNC_NEEDED","NONE,NONE,DELTA,NONE",
0.702138,2026-09-05T19:03:59.491+01:00,31284,1365858,250,250,True,True,0x04,"NO_IRQ,NO_IRQ,OK,RESYNC_NEEDED","NONE,NONE,DELTA,NONE",
0.717751,2026-09-05T19:03:59.496+01:00,31534,1365859,254,254,True,True,0x04,"NO_IRQ,NO_IRQ,OK,RESYNC_NEEDED","NONE,NONE,DELTA,NONE",
0.719075,2026-09-05T19:03:59.511+01:00,31788,1365860,142,142,True,True,0x04,"NO_IRQ,NO_IRQ,OK,RESYNC_NEEDED","NONE,NONE,DELTA,NONE",
0.720477,2026-09-05T19:03:59.512+01:00,31930,1365861,188,188,True,True,0x04,"NO_IRQ,NO_IRQ,OK,RESYNC_NEEDED","NONE,NONE,DELTA,NONE",
0.722579,2026-09-05T19:03:59.514+01:00,32118,1365862,252,252,True,True,0x04,"NO_IRQ,NO_IRQ,OK,RESYNC_NEEDED","NONE,NONE,DELTA,NONE",
0.727361,2026-09-05T19:03:59.516+01:00,32370,1365863,262,262,True,True,0x04,"NO_IRQ,NO_IRQ,OK,RESYNC_NEEDED","NONE,NONE,DELTA,NONE",
0.732138,2026-09-05T19:03:59.521+01:00,32632,1365864,148,148,True,True,0x04,"NO_IRQ,NO_IRQ,OK,RESYNC_NEEDED","NONE,NONE,DELTA,NONE",
0.745212,2026-09-05T19:03:59.526+01:00,32780,1365865,186,186,True,True,0x04,"NO_IRQ,NO_IRQ,OK,RESYNC_NEEDED","NONE,NONE,DELTA,NONE",
0.746049,2026-09-05T19:03:59.539+01:00,32966,1365866,252,252,True,True,0x04,"NO_IRQ,NO_IRQ,OK,RESYNC_NEEDED","NONE,NONE,DELTA,NONE",
0.747909,2026-09-05T19:03:59.539+01:00,33218,1365867,270,270,True,True,0x04,"NO_IRQ,NO_IRQ,OK,RESYNC_NEEDED","NONE,NONE,DELTA,NONE",
0.752112,2026-09-05T19:03:59.541+01:00,33488,1365868,148,148,True,True,0x04,"NO_IRQ,NO_IRQ,OK,RESYNC_NEEDED","NONE,NONE,DELTA,NONE",
0.757175,2026-09-05T19:03:59.545+01:00,33636,1365869,186,186,True,True,0x04,"NO_IRQ,NO_IRQ,OK,RESYNC_NEEDED","NONE,NONE,DELTA,NONE",
0.765408,2026-09-05T19:03:59.551+01:00,33822,1365870,252,252,True,True,0x04,"NO_IRQ,NO_IRQ,OK,RESYNC_NEEDED","NONE,NONE,DELTA,NONE",
0.769490,2026-09-05T19:03:59.562+01:00,34074,1365871,278,278,True,True,0x04,"NO_IRQ,NO_IRQ,OK,RESYNC_NEEDED","NONE,NONE,DELTA,NONE",
0.772259,2026-09-05T19:03:59.563+01:00,34352,1365872,146,146,True,True,0x04,"NO_IRQ,NO_IRQ,OK,RESYNC_NEEDED","NONE,NONE,DELTA,NONE",
0.777222,2026-09-05T19:03:59.566+01:00,34498,1365873,178,178,True,True,0x04,"NO_IRQ,NO_IRQ,OK,RESYNC_NEEDED","NONE,NONE,DELTA,NONE",
0.782200,2026-09-05T19:03:59.571+01:00,34676,1365874,252,252,True,True,0x04,"NO_IRQ,NO_IRQ,OK,RESYNC_NEEDED","NONE,NONE,DELTA,NONE",
0.791560,2026-09-05T19:03:59.576+01:00,34928,1365875,262,262,True,True,0x04,"NO_IRQ,NO_IRQ,OK,RESYNC_NEEDED","NONE,NONE,DELTA,NONE",
0.792169,2026-09-05T19:03:59.585+01:00,35190,1365876,144,144,True,True,0x04,"NO_IRQ,NO_IRQ,OK,RESYNC_NEEDED","NONE,NONE,DELTA,NONE",
0.797462,2026-09-05T19:03:59.585+01:00,35334,1365877,176,176,True,True,0x04,"NO_IRQ,NO_IRQ,OK,RESYNC_NEEDED","NONE,NONE,DELTA,NONE",
0.802680,2026-09-05T19:03:59.591+01:00,35510,1365878,256,256,True,True,0x04,"NO_IRQ,NO_IRQ,OK,RESYNC_NEEDED","NONE,NONE,DELTA,NONE",
0.808970,2026-09-05T19:03:59.596+01:00,35766,1365879,258,258,True,True,0x04,"NO_IRQ,NO_IRQ,OK,RESYNC_NEEDED","NONE,NONE,DELTA,NONE",
0.812521,2026-09-05T19:03:59.602+01:00,36024,1365880,150,150,True,True,0x04,"NO_IRQ,NO_IRQ,OK,RESYNC_NEEDED","NONE,NONE,DELTA,NONE",
0.816897,2026-09-05T19:03:59.606+01:00,36174,1365881,176,176,True,True,0x04,"NO_IRQ,NO_IRQ,OK,RESYNC_NEEDED","NONE,NONE,DELTA,NONE",
0.822833,2026-09-05T19:03:59.610+01:00,36350,1365882,250,250,True,True,0x04,"NO_IRQ,NO_IRQ,OK,RESYNC_NEEDED","NONE,NONE,DELTA,NONE",
0.826970,2026-09-05T19:03:59.616+01:00,36600,1365883,264,264,True,True,0x04,"NO_IRQ,NO_IRQ,OK,RESYNC_NEEDED","NONE,NONE,DELTA,NONE",
0.837712,2026-09-05T19:03:59.620+01:00,36864,1365884,150,150,True,True,0x04,"NO_IRQ,NO_IRQ,OK,RESYNC_NEEDED","NONE,NONE,DELTA,NONE",
0.841869,2026-09-05T19:03:59.632+01:00,37014,1365885,174,174,True,True,0x04,"NO_IRQ,NO_IRQ,OK,RESYNC_NEEDED","NONE,NONE,DELTA,NONE",
0.842591,2026-09-05T19:03:59.635+01:00,37188,1365886,260,260,True,True,0x04,"NO_IRQ,NO_IRQ,OK,RESYNC_NEEDED","NONE,NONE,DELTA,NONE",
0.847183,2026-09-05T19:03:59.636+01:00,37448,1365887,266,266,True,True,0x04,"NO_IRQ,NO_IRQ,OK,RESYNC_NEEDED","NONE,NONE,DELTA,NONE",
0.851987,2026-09-05T19:03:59.641+01:00,37714,1365888,148,148,True,True,0x04,"NO_IRQ,NO_IRQ,OK,RESYNC_NEEDED","NONE,NONE,DELTA,NONE",
0.864532,2026-09-05T19:03:59.645+01:00,37862,1365889,172,172,True,True,0x04,"NO_IRQ,NO_IRQ,OK,RESYNC_NEEDED","NONE,NONE,DELTA,NONE",
0.865432,2026-09-05T19:03:59.658+01:00,38034,1365890,258,258,True,True,0x04,"NO_IRQ,NO_IRQ,OK,RESYNC_NEEDED","NONE,NONE,DELTA,NONE",
0.867236,2026-09-05T19:03:59.659+01:00,38292,1365891,264,264,True,True,0x04,"NO_IRQ,NO_IRQ,OK,RESYNC_NEEDED","NONE,NONE,DELTA,NONE",
0.872067,2026-09-05T19:03:59.661+01:00,38556,1365892,154,154,True,True,0x04,"NO_IRQ,NO_IRQ,OK,RESYNC_NEEDED","NONE,NONE,DELTA,NONE",
0.878055,2026-09-05T19:03:59.665+01:00,38710,1365893,182,182,True,True,0x04,"NO_IRQ,NO_IRQ,OK,RESYNC_NEEDED","NONE,NONE,DELTA,NONE",
0.883724,2026-09-05T19:03:59.673+01:00,38892,1365894,264,264,True,True,0x04,"NO_IRQ,NO_IRQ,OK,RESYNC_NEEDED","NONE,NONE,DELTA,NONE",
0.887867,2026-09-05T19:03:59.677+01:00,39156,1365895,264,264,True,True,0x04,"NO_IRQ,NO_IRQ,OK,RESYNC_NEEDED","NONE,NONE,DELTA,NONE",
0.892466,2026-09-05T19:03:59.681+01:00,39420,1365896,150,150,True,True,0x04,"NO_IRQ,NO_IRQ,OK,RESYNC_NEEDED","NONE,NONE,DELTA,NONE",
0.904488,2026-09-05T19:03:59.686+01:00,39570,1365897,172,172,True,True,0x04,"NO_IRQ,NO_IRQ,OK,RESYNC_NEEDED","NONE,NONE,DELTA,NONE",
0.906102,2026-09-05T19:03:59.698+01:00,39742,1365898,248,248,True,True,0x04,"NO_IRQ,NO_IRQ,OK,RESYNC_NEEDED","NONE,NONE,DELTA,NONE",
0.906835,2026-09-05T19:03:59.700+01:00,39990,1365899,266,266,True,True,0x04,"NO_IRQ,NO_IRQ,OK,RESYNC_NEEDED","NONE,NONE,DELTA,NONE",
0.912370,2026-09-05T19:03:59.700+01:00,40256,1365900,154,154,True,True,0x04,"NO_IRQ,NO_IRQ,OK,RESYNC_NEEDED","NONE,NONE,DELTA,NONE",
0.917500,2026-09-05T19:03:59.706+01:00,40410,1365901,178,178,True,True,0x04,"NO_IRQ,NO_IRQ,OK,RESYNC_NEEDED","NONE,NONE,DELTA,NONE",
0.927271,2026-09-05T19:03:59.711+01:00,40588,1365902,256,256,True,True,0x04,"NO_IRQ,NO_IRQ,OK,RESYNC_NEEDED","NONE,NONE,DELTA,NONE",
0.928316,2026-09-05T19:03:59.721+01:00,40844,1365903,256,256,True,True,0x04,"NO_IRQ,NO_IRQ,OK,RESYNC_NEEDED","NONE,NONE,DELTA,NONE",
0.933321,2026-09-05T19:03:59.722+01:00,41100,1365904,150,150,True,True,0x04,"NO_IRQ,NO_IRQ,OK,RESYNC_NEEDED","NONE,NONE,DELTA,NONE",
0.939040,2026-09-05T19:03:59.727+01:00,41250,1365905,170,170,True,True,0x04,"NO_IRQ,NO_IRQ,OK,RESYNC_NEEDED","NONE,NONE,DELTA,NONE",
0.943760,2026-09-05T19:03:59.732+01:00,41420,1365906,252,252,True,True,0x04,"NO_IRQ,NO_IRQ,OK,RESYNC_NEEDED","NONE,NONE,DELTA,NONE",
0.948177,2026-09-05T19:03:59.737+01:00,41672,1365907,256,256,True,True,0x04,"NO_IRQ,NO_IRQ,OK,RESYNC_NEEDED","NONE,NONE,DELTA,NONE",
0.952121,2026-09-05T19:03:59.742+01:00,41928,1365908,152,152,True,True,0x04,"NO_IRQ,NO_IRQ,OK,RESYNC_NEEDED","NONE,NONE,DELTA,NONE",
0.957432,2026-09-05T19:03:59.746+01:00,42080,1365909,164,164,True,True,0x04,"NO_IRQ,NO_IRQ,OK,RESYNC_NEEDED","NONE,NONE,DELTA,NONE",
0.978068,2026-09-05T19:03:59.751+01:00,42244,1365910,248,248,True,True,0x04,"NO_IRQ,NO_IRQ,OK,RESYNC_NEEDED","NONE,NONE,DELTA,NONE",
0.978973,2026-09-05T19:03:59.771+01:00,42492,1365911,266,266,True,True,0x04,"NO_IRQ,NO_IRQ,OK,RESYNC_NEEDED","NONE,NONE,DELTA,NONE",
0.979427,2026-09-05T19:03:59.772+01:00,42758,1365912,160,160,True,True,0x04,"NO_IRQ,NO_IRQ,OK,RESYNC_NEEDED","NONE,NONE,DELTA,NONE",
0.980557,2026-09-05T19:03:59.773+01:00,42918,1365913,180,180,True,True,0x04,"NO_IRQ,NO_IRQ,OK,RESYNC_NEEDED","NONE,NONE,DELTA,NONE",
0.981935,2026-09-05T19:03:59.774+01:00,43098,1365914,244,244,True,True,0x04,"NO_IRQ,NO_IRQ,OK,RESYNC_NEEDED","NONE,NONE,DELTA,NONE",
0.987449,2026-09-05T19:03:59.775+01:00,43342,1365915,256,256,True,True,0x04,"NO_IRQ,NO_IRQ,OK,RESYNC_NEEDED","NONE,NONE,DELTA,NONE",
0.993008,2026-09-05T19:03:59.781+01:00,43598,1365916,162,162,True,True,0x04,"NO_IRQ,NO_IRQ,OK,RESYNC_NEEDED","NONE,NONE,DELTA,NONE",
1.007496,2026-09-05T19:03:59.786+01:00,43760,1365917,170,170,True,True,0x04,"NO_IRQ,NO_IRQ,OK,RESYNC_NEEDED","NONE,NONE,DELTA,NONE",
1.008845,2026-09-05T19:03:59.801+01:00,43930,1365918,252,252,True,True,0x04,"NO_IRQ,NO_IRQ,OK,RESYNC_NEEDED","NONE,NONE,DELTA,NONE",
1.009928,2026-09-05T19:03:59.802+01:00,44182,1365919,266,266,True,True,0x04,"NO_IRQ,NO_IRQ,OK,RESYNC_NEEDED","NONE,NONE,DELTA,NONE",
1.011919,2026-09-05T19:03:59.803+01:00,44448,1365920,154,154,True,True,0x04,"NO_IRQ,NO_IRQ,OK,RESYNC_NEEDED","NONE,NONE,DELTA,NONE",
1.017057,2026-09-05T19:03:59.805+01:00,44602,1365921,158,158,True,True,0x04,"NO_IRQ,NO_IRQ,OK,RESYNC_NEEDED","NONE,NONE,DELTA,NONE",
1.022574,2026-09-05T19:03:59.811+01:00,44760,1365922,242,242,True,True,0x04,"NO_IRQ,NO_IRQ,OK,RESYNC_NEEDED","NONE,NONE,DELTA,NONE",
1.027446,2026-09-05T19:03:59.816+01:00,45002,1365923,254,254,True,True,0x04,"NO_IRQ,NO_IRQ,OK,RESYNC_NEEDED","NONE,NONE,DELTA,NONE",
1.038505,2026-09-05T19:03:59.821+01:00,45256,1365924,162,162,True,True,0x04,"NO_IRQ,NO_IRQ,OK,RESYNC_NEEDED","NONE,NONE,DELTA,NONE",
1.039543,2026-09-05T19:03:59.832+01:00,45418,1365925,168,168,True,True,0x04,"NO_IRQ,NO_IRQ,OK,RESYNC_NEEDED","NONE,NONE,DELTA,NONE",
1.041919,2026-09-05T19:03:59.833+01:00,45586,1365926,256,256,True,True,0x04,"NO_IRQ,NO_IRQ,OK,RESYNC_NEEDED","NONE,NONE,DELTA,NONE",
1.047168,2026-09-05T19:03:59.836+01:00,45842,1365927,256,256,True,True,0x04,"NO_IRQ,NO_IRQ,OK,RESYNC_NEEDED","NONE,NONE,DELTA,NONE",
1.052132,2026-09-05T19:03:59.840+01:00,46098,1365928,162,162,True,True,0x04,"NO_IRQ,NO_IRQ,OK,RESYNC_NEEDED","NONE,NONE,DELTA,NONE",
1.057036,2026-09-05T19:03:59.845+01:00,46260,1365929,164,164,True,True,0x04,"NO_IRQ,NO_IRQ,OK,RESYNC_NEEDED","NONE,NONE,DELTA,NONE",
1.063625,2026-09-05T19:03:59.850+01:00,46424,1365930,254,254,True,True,0x04,"NO_IRQ,NO_IRQ,OK,RESYNC_NEEDED","NONE,NONE,DELTA,NONE",
1.067019,2026-09-05T19:03:59.857+01:00,46678,1365931,250,250,True,True,0x04,"NO_IRQ,NO_IRQ,OK,RESYNC_NEEDED","NONE,NONE,DELTA,NONE",
1.071780,2026-09-05T19:03:59.860+01:00,46928,1365932,170,170,True,True,0x04,"NO_IRQ,NO_IRQ,OK,RESYNC_NEEDED","NONE,NONE,DELTA,NONE",
1.076676,2026-09-05T19:03:59.865+01:00,47098,1365933,164,164,True,True,0x04,"NO_IRQ,NO_IRQ,OK,RESYNC_NEEDED","NONE,NONE,DELTA,NONE",
1.082207,2026-09-05T19:03:59.870+01:00,47262,1365934,248,248,True,True,0x04,"NO_IRQ,NO_IRQ,OK,RESYNC_NEEDED","NONE,NONE,DELTA,NONE",
1.095920,2026-09-05T19:03:59.876+01:00,47510,1365935,256,256,True,True,0x04,"NO_IRQ,NO_IRQ,OK,RESYNC_NEEDED","NONE,NONE,DELTA,NONE",
1.096236,2026-09-05T19:03:59.889+01:00,47766,1365936,162,162,True,True,0x04,"NO_IRQ,NO_IRQ,OK,RESYNC_NEEDED","NONE,NONE,DELTA,NONE",
1.096531,2026-09-05T19:03:59.890+01:00,47928,1365937,160,160,True,True,0x04,"NO_IRQ,NO_IRQ,OK,RESYNC_NEEDED","NONE,NONE,DELTA,NONE",
1.102375,2026-09-05T19:03:59.890+01:00,48088,1365938,250,250,True,True,0x04,"NO_IRQ,NO_IRQ,OK,RESYNC_NEEDED","NONE,NONE,DELTA,NONE",
1.107972,2026-09-05T19:03:59.896+01:00,48338,1365939,260,260,True,True,0x04,"NO_IRQ,NO_IRQ,OK,RESYNC_NEEDED","NONE,NONE,DELTA,NONE",
1.117763,2026-09-05T19:03:59.902+01:00,48598,1365940,166,166,True,True,0x04,"NO_IRQ,NO_IRQ,OK,RESYNC_NEEDED","NONE,NONE,DELTA,NONE",
1.118088,2026-09-05T19:03:59.911+01:00,48764,1365941,156,156,True,True,0x04,"NO_IRQ,NO_IRQ,OK,RESYNC_NEEDED","NONE,NONE,DELTA,NONE",
1.122136,2026-09-05T19:03:59.911+01:00,48920,1365942,250,250,True,True,0x04,"NO_IRQ,NO_IRQ,OK,RESYNC_NEEDED","NONE,NONE,DELTA,NONE",
1.126875,2026-09-05T19:03:59.915+01:00,49170,1365943,252,252,True,True,0x04,"NO_IRQ,NO_IRQ,OK,RESYNC_NEEDED","NONE,NONE,DELTA,NONE",
1.131871,2026-09-05T19:03:59.920+01:00,49422,1365944,166,166,True,True,0x04,"NO_IRQ,NO_IRQ,OK,RESYNC_NEEDED","NONE,NONE,DELTA,NONE",
1.136952,2026-09-05T19:03:59.925+01:00,49588,1365945,158,158,True,True,0x04,"NO_IRQ,NO_IRQ,OK,RESYNC_NEEDED","NONE,NONE,DELTA,NONE",
1.145973,2026-09-05T19:03:59.931+01:00,49746,1365946,264,264,True,True,0x04,"NO_IRQ,NO_IRQ,OK,RESYNC_NEEDED","NONE,NONE,DELTA,NONE",
1.146958,2026-09-05T19:03:59.939+01:00,50010,1365947,254,254,True,True,0x04,"NO_IRQ,NO_IRQ,OK,RESYNC_NEEDED","NONE,NONE,DELTA,NONE",
1.151798,2026-09-05T19:03:59.940+01:00,50264,1365948,172,172,True,True,0x04,"NO_IRQ,NO_IRQ,OK,RESYNC_NEEDED","NONE,NONE,DELTA,NONE",
1.157201,2026-09-05T19:03:59.945+01:00,50436,1365949,156,156,True,True,0x04,"NO_IRQ,NO_IRQ,OK,RESYNC_NEEDED","NONE,NONE,DELTA,NONE",
1.165683,2026-09-05T19:03:59.951+01:00,50592,1365950,250,250,True,True,0x04,"NO_IRQ,NO_IRQ,OK,RESYNC_NEEDED","NONE,NONE,DELTA,NONE",
1.167902,2026-09-05T19:03:59.959+01:00,50842,1365951,256,256,True,True,0x04,"NO_IRQ,NO_IRQ,OK,RESYNC_NEEDED","NONE,NONE,DELTA,NONE",
1.173778,2026-09-05T19:03:59.961+01:00,51098,1365952,168,168,True,True,0x04,"NO_IRQ,NO_IRQ,OK,RESYNC_NEEDED","NONE,NONE,DELTA,NONE",
1.177571,2026-09-05T19:03:59.968+01:00,51266,1365953,162,162,True,True,0x04,"NO_IRQ,NO_IRQ,OK,RESYNC_NEEDED","NONE,NONE,DELTA,NONE",
1.181892,2026-09-05T19:03:59.971+01:00,51428,1365954,252,252,True,True,0x04,"NO_IRQ,NO_IRQ,OK,RESYNC_NEEDED","NONE,NONE,DELTA,NONE",
1.187631,2026-09-05T19:03:59.975+01:00,51680,1365955,256,256,True,True,0x04,"NO_IRQ,NO_IRQ,OK,RESYNC_NEEDED","NONE,NONE,DELTA,NONE",
1.200679,2026-09-05T19:03:59.981+01:00,51936,1365956,170,170,True,True,0x04,"NO_IRQ,NO_IRQ,OK,RESYNC_NEEDED","NONE,NONE,DELTA,NONE",
1.202304,2026-09-05T19:03:59.994+01:00,52106,1365957,152,152,True,True,0x04,"NO_IRQ,NO_IRQ,OK,RESYNC_NEEDED","NONE,NONE,DELTA,NONE",
1.203407,2026-09-05T19:03:59.996+01:00,52258,1365958,254,254,True,True,0x04,"NO_IRQ,NO_IRQ,OK,RESYNC_NEEDED","NONE,NONE,DELTA,NONE",
1.208665,2026-09-05T19:03:59.997+01:00,52512,1365959,252,252,True,True,0x04,"NO_IRQ,NO_IRQ,OK,RESYNC_NEEDED","NONE,NONE,DELTA,NONE",
1.212262,2026-09-05T19:04:00.002+01:00,52764,1365960,174,174,True,True,0x04,"NO_IRQ,NO_IRQ,OK,RESYNC_NEEDED","NONE,NONE,DELTA,NONE",
1.218354,2026-09-05T19:04:00.006+01:00,52938,1365961,158,158,True,True,0x04,"NO_IRQ,NO_IRQ,OK,RESYNC_NEEDED","NONE,NONE,DELTA,NONE",
1.229695,2026-09-05T19:04:00.012+01:00,53096,1365962,258,258,True,True,0x04,"NO_IRQ,NO_IRQ,OK,RESYNC_NEEDED","NONE,NONE,DELTA,NONE",
1.230833,2026-09-05T19:04:00.023+01:00,53354,1365963,256,256,True,True,0x04,"NO_IRQ,NO_IRQ,OK,RESYNC_NEEDED","NONE,NONE,DELTA,NONE",
1.231772,2026-09-05T19:04:00.025+01:00,53610,1365964,170,170,True,True,0x04,"NO_IRQ,NO_IRQ,OK,RESYNC_NEEDED","NONE,NONE,DELTA,NONE",
1.237027,2026-09-05T19:04:00.025+01:00,53780,1365965,148,148,True,True,0x04,"NO_IRQ,NO_IRQ,OK,RESYNC_NEEDED","NONE,NONE,DELTA,NONE",
1.241953,2026-09-05T19:04:00.031+01:00,53928,1365966,258,258,True,True,0x04,"NO_IRQ,NO_IRQ,OK,RESYNC_NEEDED","NONE,NONE,DELTA,NONE",
1.254486,2026-09-05T19:04:00.036+01:00,54186,1365967,252,252,True,True,0x04,"NO_IRQ,NO_IRQ,OK,RESYNC_NEEDED","NONE,NONE,DELTA,NONE",
1.255453,2026-09-05T19:04:00.048+01:00,54438,1365968,176,176,True,True,0x04,"NO_IRQ,NO_IRQ,OK,RESYNC_NEEDED","NONE,NONE,DELTA,NONE",
1.256845,2026-09-05T19:04:00.049+01:00,54614,1365969,162,162,True,True,0x04,"NO_IRQ,NO_IRQ,OK,RESYNC_NEEDED","NONE,NONE,DELTA,NONE",
1.261997,2026-09-05T19:04:00.051+01:00,54776,1365970,254,254,True,True,0x04,"NO_IRQ,NO_IRQ,OK,RESYNC_NEEDED","NONE,NONE,DELTA,NONE",
1.266720,2026-09-05T19:04:00.055+01:00,55030,1365971,256,256,True,True,0x04,"NO_IRQ,NO_IRQ,OK,RESYNC_NEEDED","NONE,NONE,DELTA,NONE",
1.278072,2026-09-05T19:04:00.060+01:00,55286,1365972,184,184,True,True,0x04,"NO_IRQ,NO_IRQ,OK,RESYNC_NEEDED","NONE,NONE,DELTA,NONE",
1.278958,2026-09-05T19:04:00.071+01:00,55470,1365973,146,146,True,True,0x04,"NO_IRQ,NO_IRQ,OK,RESYNC_NEEDED","NONE,NONE,DELTA,NONE",
1.282124,2026-09-05T19:04:00.073+01:00,55616,1365974,254,254,True,True,0x04,"NO_IRQ,NO_IRQ,OK,RESYNC_NEEDED","NONE,NONE,DELTA,NONE",
1.286742,2026-09-05T19:04:00.075+01:00,55870,1365975,244,244,True,True,0x04,"NO_IRQ,NO_IRQ,OK,RESYNC_NEEDED","NONE,NONE,DELTA,NONE",
1.291770,2026-09-05T19:04:00.080+01:00,56114,1365976,186,186,True,True,0x04,"NO_IRQ,NO_IRQ,OK,RESYNC_NEEDED","NONE,NONE,DELTA,NONE",
1.301611,2026-09-05T19:04:00.085+01:00,56300,1365977,152,152,True,True,0x04,"NO_IRQ,NO_IRQ,OK,RESYNC_NEEDED","NONE,NONE,DELTA,NONE",
1.302518,2026-09-05T19:04:00.095+01:00,56452,1365978,244,244,True,True,0x04,"NO_IRQ,NO_IRQ,OK,RESYNC_NEEDED","NONE,NONE,DELTA,NONE",
1.306981,2026-09-05T19:04:00.096+01:00,56696,1365979,238,238,True,True,0x04,"NO_IRQ,NO_IRQ,OK,RESYNC_NEEDED","NONE,NONE,DELTA,NONE",
1.311757,2026-09-05T19:04:00.100+01:00,56934,1365980,184,184,True,True,0x04,"NO_IRQ,NO_IRQ,OK,RESYNC_NEEDED","NONE,NONE,DELTA,NONE",
1.317551,2026-09-05T19:04:00.105+01:00,57118,1365981,158,158,True,True,0x04,"NO_IRQ,NO_IRQ,OK,RESYNC_NEEDED","NONE,NONE,DELTA,NONE",
1.321888,2026-09-05T19:04:00.111+01:00,57276,1365982,256,256,True,True,0x04,"NO_IRQ,NO_IRQ,OK,RESYNC_NEEDED","NONE,NONE,DELTA,NONE",
1.326877,2026-09-05T19:04:00.119+01:00,57532,1365983,248,248,True,True,0x04,"NO_IRQ,NO_IRQ,OK,RESYNC_NEEDED","NONE,NONE,DELTA,NONE",
1.331829,2026-09-05T19:04:00.121+01:00,57780,1365984,182,182,True,True,0x04,"NO_IRQ,NO_IRQ,OK,RESYNC_NEEDED","NONE,NONE,DELTA,NONE",
1.336719,2026-09-05T19:04:00.125+01:00,57962,1365985,150,150,True,True,0x04,"NO_IRQ,NO_IRQ,OK,RESYNC_NEEDED","NONE,NONE,DELTA,NONE",
1.341664,2026-09-05T19:04:00.130+01:00,58112,1365986,250,250,True,True,0x04,"NO_IRQ,NO_IRQ,OK,RESYNC_NEEDED","NONE,NONE,DELTA,NONE",
1.346720,2026-09-05T19:04:00.135+01:00,58362,1365987,254,254,True,True,0x04,"NO_IRQ,NO_IRQ,OK,RESYNC_NEEDED","NONE,NONE,DELTA,NONE",
1.356028,2026-09-05T19:04:00.140+01:00,58616,1365988,188,188,True,True,0x04,"NO_IRQ,NO_IRQ,OK,RESYNC_NEEDED","NONE,NONE,DELTA,NONE",
1.366543,2026-09-05T19:04:00.149+01:00,58804,1365989,152,152,True,True,0x04,"NO_IRQ,NO_IRQ,OK,RESYNC_NEEDED","NONE,NONE,DELTA,NONE",
1.366893,2026-09-05T19:04:00.160+01:00,58956,1365990,248,248,True,True,0x04,"NO_IRQ,NO_IRQ,OK,RESYNC_NEEDED","NONE,NONE,DELTA,NONE",
1.367271,2026-09-05T19:04:00.160+01:00,59204,1365991,250,250,True,True,0x04,"NO_IRQ,NO_IRQ,OK,RESYNC_NEEDED","NONE,NONE,DELTA,NONE",
1.373302,2026-09-05T19:04:00.161+01:00,59454,1365992,188,188,True,True,0x04,"NO_IRQ,NO_IRQ,OK,RESYNC_NEEDED","NONE,NONE,DELTA,NONE",
1.376684,2026-09-05T19:04:00.167+01:00,59642,1365993,144,144,True,True,0x04,"NO_IRQ,NO_IRQ,OK,RESYNC_NEEDED","NONE,NONE,DELTA,NONE",
1.388935,2026-09-05T19:04:00.170+01:00,59786,1365994,250,250,True,True,0x04,"NO_IRQ,NO_IRQ,OK,RESYNC_NEEDED","NONE,NONE,DELTA,NONE",
1.389816,2026-09-05T19:04:00.182+01:00,60036,1365995,244,244,True,True,0x04,"NO_IRQ,NO_IRQ,OK,RESYNC_NEEDED","NONE,NONE,DELTA,NONE",
1.391632,2026-09-05T19:04:00.183+01:00,60280,1365996,182,182,True,True,0x04,"NO_IRQ,NO_IRQ,OK,RESYNC_NEEDED","NONE,NONE,DELTA,NONE",
1.396746,2026-09-05T19:04:00.185+01:00,60462,1365997,150,150,True,True,0x04,"NO_IRQ,NO_IRQ,OK,RESYNC_NEEDED","NONE,NONE,DELTA,NONE",
1.412720,2026-09-05T19:04:00.190+01:00,60612,1365998,248,248,True,True,0x04,"NO_IRQ,NO_IRQ,OK,RESYNC_NEEDED","NONE,NONE,DELTA,NONE",
1.413401,2026-09-05T19:04:00.206+01:00,60860,1365999,234,234,True,True,0x04,"NO_IRQ,NO_IRQ,OK,RESYNC_NEEDED","NONE,NONE,DELTA,NONE",
1.414295,2026-09-05T19:04:00.207+01:00,61094,1366000,192,192,True,True,0x04,"NO_IRQ,NO_IRQ,OK,RESYNC_NEEDED","NONE,NONE,DELTA,NONE",
1.416960,2026-09-05T19:04:00.208+01:00,61286,1366001,150,150,True,True,0x04,"NO_IRQ,NO_IRQ,OK,RESYNC_NEEDED","NONE,NONE,DELTA,NONE",
1.421747,2026-09-05T19:04:00.210+01:00,61436,1366002,250,250,True,True,0x04,"NO_IRQ,NO_IRQ,OK,RESYNC_NEEDED","NONE,NONE,DELTA,NONE",
1.434231,2026-09-05T19:04:00.215+01:00,61686,1366003,252,252,True,True,0x04,"NO_IRQ,NO_IRQ,OK,RESYNC_NEEDED","NONE,NONE,DELTA,NONE",
1.435226,2026-09-05T19:04:00.228+01:00,61938,1366004,188,188,True,True,0x04,"NO_IRQ,NO_IRQ,OK,RESYNC_NEEDED","NONE,NONE,DELTA,NONE",
1.436545,2026-09-05T19:04:00.229+01:00,62126,1366005,150,150,True,True,0x04,"NO_IRQ,NO_IRQ,OK,RESYNC_NEEDED","NONE,NONE,DELTA,NONE",
1.442141,2026-09-05T19:04:00.230+01:00,62276,1366006,246,246,True,True,0x04,"NO_IRQ,NO_IRQ,OK,RESYNC_NEEDED","NONE,NONE,DELTA,NONE",
1.446911,2026-09-05T19:04:00.236+01:00,62522,1366007,242,242,True,True,0x04,"NO_IRQ,NO_IRQ,OK,RESYNC_NEEDED","NONE,NONE,DELTA,NONE",
1.456593,2026-09-05T19:04:00.240+01:00,62764,1366008,190,190,True,True,0x04,"NO_IRQ,NO_IRQ,OK,RESYNC_NEEDED","NONE,NONE,DELTA,NONE",
1.457606,2026-09-05T19:04:00.250+01:00,62954,1366009,146,146,True,True,0x04,"NO_IRQ,NO_IRQ,OK,RESYNC_NEEDED","NONE,NONE,DELTA,NONE",
1.461729,2026-09-05T19:04:00.251+01:00,63100,1366010,250,250,True,True,0x04,"NO_IRQ,NO_IRQ,OK,RESYNC_NEEDED","NONE,NONE,DELTA,NONE",
1.466593,2026-09-05T19:04:00.255+01:00,63350,1366011,226,226,True,True,0x04,"NO_IRQ,NO_IRQ,OK,RESYNC_NEEDED","NONE,NONE,DELTA,NONE",
1.475775,2026-09-05T19:04:00.260+01:00,63576,1366012,190,190,True,True,0x04,"NO_IRQ,NO_IRQ,OK,RESYNC_NEEDED","NONE,NONE,DELTA,NONE",
1.476489,2026-09-05T19:04:00.269+01:00,63766,1366013,152,152,True,True,0x04,"NO_IRQ,NO_IRQ,OK,RESYNC_NEEDED","NONE,NONE,DELTA,NONE",
1.482214,2026-09-05T19:04:00.270+01:00,63918,1366014,248,248,True,True,0x04,"NO_IRQ,NO_IRQ,OK,RESYNC_NEEDED","NONE,NONE,DELTA,NONE",
1.487260,2026-09-05T19:04:00.276+01:00,64166,1366015,246,246,True,True,0x04,"NO_IRQ,NO_IRQ,OK,RESYNC_NEEDED","NONE,NONE,DELTA,NONE",
1.494440,2026-09-05T19:04:00.281+01:00,64412,1366016,198,198,True,True,0x04,"NO_IRQ,NO_IRQ,OK,RESYNC_NEEDED","NONE,NONE,DELTA,NONE",
1.496623,2026-09-05T19:04:00.288+01:00,64610,1366017,150,150,True,True,0x04,"NO_IRQ,NO_IRQ,OK,RESYNC_NEEDED","NONE,NONE,DELTA,NONE",
1.501901,2026-09-05T19:04:00.290+01:00,64760,1366018,250,250,True,True,0x04,"NO_IRQ,NO_IRQ,OK,RESYNC_NEEDED","NONE,NONE,DELTA,NONE",
1.507153,2026-09-05T19:04:00.295+01:00,65010,1366019,250,250,True,True,0x04,"NO_IRQ,NO_IRQ,OK,RESYNC_NEEDED","NONE,NONE,DELTA,NONE",
1.517444,2026-09-05T19:04:00.300+01:00,65260,1366020,206,206,True,True,0x04,"NO_IRQ,NO_IRQ,OK,RESYNC_NEEDED","NONE,NONE,DELTA,NONE",
1.518336,2026-09-05T19:04:00.311+01:00,65466,1366021,146,146,True,True,0x04,"NO_IRQ,NO_IRQ,OK,RESYNC_NEEDED","NONE,NONE,DELTA,NONE",
1.521877,2026-09-05T19:04:00.312+01:00,65612,1366022,252,252,True,True,0x04,"NO_IRQ,NO_IRQ,OK,RESYNC_NEEDED","NONE,NONE,DELTA,NONE",
1.526559,2026-09-05T19:04:00.315+01:00,65864,1366023,240,240,True,True,0x04,"NO_IRQ,NO_IRQ,OK,RESYNC_NEEDED","NONE,NONE,DELTA,NONE",
1.531942,2026-09-05T19:04:00.320+01:00,66104,1366024,194,194,True,True,0x04,"NO_IRQ,NO_IRQ,OK,RESYNC_NEEDED","NONE,NONE,DELTA,NONE",
1.537372,2026-09-05T19:04:00.325+01:00,66298,1366025,148,148,True,True,0x04,"NO_IRQ,NO_IRQ,OK,RESYNC_NEEDED","NONE,NONE,DELTA,NONE",
1.541390,2026-09-05T19:04:00.331+01:00,66446,1366026,248,248,True,True,0x04,"NO_IRQ,NO_IRQ,OK,RESYNC_NEEDED","NONE,NONE,DELTA,NONE",
1.546385,2026-09-05T19:04:00.335+01:00,66694,1366027,226,226,True,True,0x04,"NO_IRQ,NO_IRQ,OK,RESYNC_NEEDED","NONE,NONE,DELTA,NONE",
1.560398,2026-09-05T19:04:00.340+01:00,66920,1366028,192,192,True,True,0x04,"NO_IRQ,NO_IRQ,OK,RESYNC_NEEDED","NONE,NONE,DELTA,NONE",
1.560742,2026-09-05T19:04:00.354+01:00,67112,1366029,146,146,True,True,0x04,"NO_IRQ,NO_IRQ,OK,RESYNC_NEEDED","NONE,NONE,DELTA,NONE",
1.561393,2026-09-05T19:04:00.354+01:00,67258,1366030,256,256,True,True,0x04,"NO_IRQ,NO_IRQ,OK,RESYNC_NEEDED","NONE,NONE,DELTA,NONE",
1.572219,2026-09-05T19:04:00.355+01:00,67514,1366031,250,250,True,True,0x04,"NO_IRQ,NO_IRQ,OK,RESYNC_NEEDED","NONE,NONE,DELTA,NONE",
1.572522,2026-09-05T19:04:00.366+01:00,67764,1366032,206,206,True,True,0x04,"NO_IRQ,NO_IRQ,OK,RESYNC_NEEDED","NONE,NONE,DELTA,NONE",
1.577820,2026-09-05T19:04:00.367+01:00,67970,1366033,142,142,True,True,0x04,"NO_IRQ,NO_IRQ,OK,RESYNC_NEEDED","NONE,NONE,DELTA,NONE",
1.582015,2026-09-05T19:04:00.372+01:00,68112,1366034,254,254,True,True,0x04,"NO_IRQ,NO_IRQ,OK,RESYNC_NEEDED","NONE,NONE,DELTA,NONE",
1.587496,2026-09-05T19:04:00.375+01:00,68366,1366035,1084,1084,True,True,0x04,"NO_IRQ,NO_IRQ,OK,RESYNC_NEEDED","NONE,NONE,DELTA_SYNC,NONE",
1.594546,2026-09-05T19:04:00.381+01:00,69450,1366036,202,202,True,True,0x04,"NO_IRQ,NO_IRQ,OK,RESYNC_NEEDED","NONE,NONE,DELTA,NONE",
1.600375,2026-09-05T19:04:00.388+01:00,69652,1366037,148,148,True,True,0x04,"NO_IRQ,NO_IRQ,OK,RESYNC_NEEDED","NONE,NONE,DELTA,NONE",
1.601556,2026-09-05T19:04:00.394+01:00,69800,1366038,246,246,True,True,0x04,"NO_IRQ,NO_IRQ,OK,RESYNC_NEEDED","NONE,NONE,DELTA,NONE",
1.606801,2026-09-05T19:04:00.395+01:00,70046,1366039,232,232,True,True,0x04,"NO_IRQ,NO_IRQ,OK,RESYNC_NEEDED","NONE,NONE,DELTA,NONE",
1.617075,2026-09-05T19:04:00.400+01:00,70278,1366040,196,196,True,True,0x04,"NO_IRQ,NO_IRQ,OK,RESYNC_NEEDED","NONE,NONE,DELTA,NONE",
1.617838,2026-09-05T19:04:00.410+01:00,70474,1366041,144,144,True,True,0x04,"NO_IRQ,NO_IRQ,OK,RESYNC_NEEDED","NONE,NONE,DELTA,NONE",
1.621947,2026-09-05T19:04:00.411+01:00,70618,1366042,252,252,True,True,0x04,"NO_IRQ,NO_IRQ,OK,RESYNC_NEEDED","NONE,NONE,DELTA,NONE",
1.626501,2026-09-05T19:04:00.415+01:00,70870,1366043,250,250,True,True,0x04,"NO_IRQ,NO_IRQ,OK,RESYNC_NEEDED","NONE,NONE,DELTA,NONE",
1.641780,2026-09-05T19:04:00.420+01:00,71120,1366044,214,214,True,True,0x04,"NO_IRQ,NO_IRQ,OK,RESYNC_NEEDED","NONE,NONE,DELTA,NONE",
1.642399,2026-09-05T19:04:00.435+01:00,71334,1366045,144,144,True,True,0x04,"NO_IRQ,NO_IRQ,OK,RESYNC_NEEDED","NONE,NONE,DELTA,NONE",
1.642970,2026-09-05T19:04:00.436+01:00,71478,1366046,240,240,True,True,0x04,"NO_IRQ,NO_IRQ,OK,RESYNC_NEEDED","NONE,NONE,DELTA,NONE",
1.646643,2026-09-05T19:04:00.436+01:00,71718,1366047,236,236,True,True,0x04,"NO_IRQ,NO_IRQ,OK,RESYNC_NEEDED","NONE,NONE,DELTA,NONE",
1.651593,2026-09-05T19:04:00.440+01:00,71954,1366048,200,200,True,True,0x04,"NO_IRQ,NO_IRQ,OK,RESYNC_NEEDED","NONE,NONE,DELTA,NONE",
1.656302,2026-09-05T19:04:00.445+01:00,72154,1366049,144,144,True,True,0x04,"NO_IRQ,NO_IRQ,OK,RESYNC_NEEDED","NONE,NONE,DELTA,NONE",
1.667855,2026-09-05T19:04:00.450+01:00,72298,1366050,248,248,True,True,0x04,"NO_IRQ,NO_IRQ,OK,RESYNC_NEEDED","NONE,NONE,DELTA,NONE",
1.668696,2026-09-05T19:04:00.461+01:00,72546,1366051,238,238,True,True,0x04,"NO_IRQ,NO_IRQ,OK,RESYNC_NEEDED","NONE,NONE,DELTA,NONE",
1.671993,2026-09-05T19:04:00.462+01:00,72784,1366052,204,204,True,True,0x04,"NO_IRQ,NO_IRQ,OK,RESYNC_NEEDED","NONE,NONE,DELTA,NONE",
1.677166,2026-09-05T19:04:00.465+01:00,72988,1366053,144,144,True,True,0x04,"NO_IRQ,NO_IRQ,OK,RESYNC_NEEDED","NONE,NONE,DELTA,NONE",
1.688227,2026-09-05T19:04:00.470+01:00,73132,1366054,248,248,True,True,0x04,"NO_IRQ,NO_IRQ,OK,RESYNC_NEEDED","NONE,NONE,DELTA,NONE",
1.689566,2026-09-05T19:04:00.482+01:00,73380,1366055,232,232,True,True,0x04,"NO_IRQ,NO_IRQ,OK,RESYNC_NEEDED","NONE,NONE,DELTA,NONE",
1.691761,2026-09-05T19:04:00.483+01:00,73612,1366056,216,216,True,True,0x04,"NO_IRQ,NO_IRQ,OK,RESYNC_NEEDED","NONE,NONE,DELTA,NONE",
1.696718,2026-09-05T19:04:00.485+01:00,73828,1366057,144,144,True,True,0x04,"NO_IRQ,NO_IRQ,OK,RESYNC_NEEDED","NONE,NONE,DELTA,NONE",
1.701598,2026-09-05T19:04:00.490+01:00,73972,1366058,250,250,True,True,0x04,"NO_IRQ,NO_IRQ,OK,RESYNC_NEEDED","NONE,NONE,DELTA,NONE",
1.711339,2026-09-05T19:04:00.495+01:00,74222,1366059,238,238,True,True,0x04,"NO_IRQ,NO_IRQ,OK,RESYNC_NEEDED","NONE,NONE,DELTA,NONE",
1.711962,2026-09-05T19:04:00.505+01:00,74460,1366060,208,208,True,True,0x04,"NO_IRQ,NO_IRQ,OK,RESYNC_NEEDED","NONE,NONE,DELTA,NONE",
1.716347,2026-09-05T19:04:00.505+01:00,74668,1366061,138,138,True,True,0x04,"NO_IRQ,NO_IRQ,OK,RESYNC_NEEDED","NONE,NONE,DELTA,NONE",
1.721695,2026-09-05T19:04:00.510+01:00,74806,1366062,244,244,True,True,0x04,"NO_IRQ,NO_IRQ,OK,RESYNC_NEEDED","NONE,NONE,DELTA,NONE",
1.729443,2026-09-05T19:04:00.515+01:00,75050,1366063,244,244,True,True,0x04,"NO_IRQ,NO_IRQ,OK,RESYNC_NEEDED","NONE,NONE,DELTA,NONE",
1.731628,2026-09-05T19:04:00.523+01:00,75294,1366064,216,216,True,True,0x04,"NO_IRQ,NO_IRQ,OK,RESYNC_NEEDED","NONE,NONE,DELTA,NONE",
1.736905,2026-09-05T19:04:00.525+01:00,75510,1366065,140,140,True,True,0x04,"NO_IRQ,NO_IRQ,OK,RESYNC_NEEDED","NONE,NONE,DELTA,NONE",
1.741448,2026-09-05T19:04:00.530+01:00,75650,1366066,238,238,True,True,0x04,"NO_IRQ,NO_IRQ,OK,RESYNC_NEEDED","NONE,NONE,DELTA,NONE",
1.746297,2026-09-05T19:04:00.535+01:00,75888,1366067,246,246,True,True,0x04,"NO_IRQ,NO_IRQ,OK,RESYNC_NEEDED","NONE,NONE,DELTA,NONE",
1.751294,2026-09-05T19:04:00.540+01:00,76134,1366068,204,204,True,True,0x04,"NO_IRQ,NO_IRQ,OK,RESYNC_NEEDED","NONE,NONE,DELTA,NONE",
1.756188,2026-09-05T19:04:00.545+01:00,76338,1366069,144,144,True,True,0x04,"NO_IRQ,NO_IRQ,OK,RESYNC_NEEDED","NONE,NONE,DELTA,NONE",
1.761302,2026-09-05T19:04:00.550+01:00,76482,1366070,250,250,True,True,0x04,"NO_IRQ,NO_IRQ,OK,RESYNC_NEEDED","NONE,NONE,DELTA,NONE",
1.776478,2026-09-05T19:04:00.555+01:00,76732,1366071,252,252,True,True,0x04,"NO_IRQ,NO_IRQ,OK,RESYNC_NEEDED","NONE,NONE,DELTA,NONE",
1.776882,2026-09-05T19:04:00.570+01:00,76984,1366072,210,210,True,True,0x04,"NO_IRQ,NO_IRQ,OK,RESYNC_NEEDED","NONE,NONE,DELTA,NONE",
1.777815,2026-09-05T19:04:00.570+01:00,77194,1366073,146,146,True,True,0x04,"NO_IRQ,NO_IRQ,OK,RESYNC_NEEDED","NONE,NONE,DELTA,NONE",
1.782195,2026-09-05T19:04:00.571+01:00,77340,1366074,254,254,True,True,0x04,"NO_IRQ,NO_IRQ,OK,RESYNC_NEEDED","NONE,NONE,DELTA,NONE",
1.787326,2026-09-05T19:04:00.576+01:00,77594,1366075,248,248,True,True,0x04,"NO_IRQ,NO_IRQ,OK,RESYNC_NEEDED","NONE,NONE,DELTA,NONE",
1.791597,2026-09-05T19:04:00.581+01:00,77842,1366076,216,216,True,True,0x04,"NO_IRQ,NO_IRQ,OK,RESYNC_NEEDED","NONE,NONE,DELTA,NONE",
1.798557,2026-09-05T19:04:00.585+01:00,78058,1366077,138,138,True,True,0x04,"NO_IRQ,NO_IRQ,OK,RESYNC_NEEDED","NONE,NONE,DELTA,NONE",
1.801847,2026-09-05T19:04:00.592+01:00,78196,1366078,252,252,True,True,0x04,"NO_IRQ,NO_IRQ,OK,RESYNC_NEEDED","NONE,NONE,DELTA,NONE",
1.806794,2026-09-05T19:04:00.595+01:00,78448,1366079,234,234,True,True,0x04,"NO_IRQ,NO_IRQ,OK,RESYNC_NEEDED","NONE,NONE,DELTA,NONE",
1.819492,2026-09-05T19:04:00.600+01:00,78682,1366080,214,214,True,True,0x04,"NO_IRQ,NO_IRQ,OK,RESYNC_NEEDED","NONE,NONE,DELTA,NONE",
1.820707,2026-09-05T19:04:00.613+01:00,78896,1366081,150,150,True,True,0x04,"NO_IRQ,NO_IRQ,OK,RESYNC_NEEDED","NONE,NONE,DELTA,NONE",
1.821514,2026-09-05T19:04:00.614+01:00,79046,1366082,250,250,True,True,0x04,"NO_IRQ,NO_IRQ,OK,RESYNC_NEEDED","NONE,NONE,DELTA,NONE",
1.826601,2026-09-05T19:04:00.615+01:00,79296,1366083,238,238,True,True,0x04,"NO_IRQ,NO_IRQ,OK,RESYNC_NEEDED","NONE,NONE,DELTA,NONE",
1.838634,2026-09-05T19:04:00.620+01:00,79534,1366084,222,222,True,True,0x04,"NO_IRQ,NO_IRQ,OK,RESYNC_NEEDED","NONE,NONE,DELTA,NONE",
1.838979,2026-09-05T19:04:00.632+01:00,79756,1366085,142,142,True,True,0x04,"NO_IRQ,NO_IRQ,OK,RESYNC_NEEDED","NONE,NONE,DELTA,NONE",
1.841841,2026-09-05T19:04:00.632+01:00,79898,1366086,250,250,True,True,0x04,"NO_IRQ,NO_IRQ,OK,RESYNC_NEEDED","NONE,NONE,DELTA,NONE",
1.846558,2026-09-05T19:04:00.635+01:00,80148,1366087,258,258,True,True,0x04,"NO_IRQ,NO_IRQ,OK,RESYNC_NEEDED","NONE,NONE,DELTA,NONE",
1.857485,2026-09-05T19:04:00.640+01:00,80406,1366088,232,232,True,True,0x04,"NO_IRQ,NO_IRQ,OK,RESYNC_NEEDED","NONE,NONE,DELTA,NONE",
1.857796,2026-09-05T19:04:00.651+01:00,80638,1366089,136,136,True,True,0x04,"NO_IRQ,NO_IRQ,OK,RESYNC_NEEDED","NONE,NONE,DELTA,NONE",
1.861612,2026-09-05T19:04:00.651+01:00,80774,1366090,248,248,True,True,0x04,"NO_IRQ,NO_IRQ,OK,RESYNC_NEEDED","NONE,NONE,DELTA,NONE",
1.866885,2026-09-05T19:04:00.655+01:00,81022,1366091,250,250,True,True,0x04,"NO_IRQ,NO_IRQ,OK,RESYNC_NEEDED","NONE,NONE,DELTA,NONE",
1.871319,2026-09-05T19:04:00.660+01:00,81272,1366092,232,232,True,True,0x04,"NO_IRQ,NO_IRQ,OK,RESYNC_NEEDED","NONE,NONE,DELTA,NONE",
1.878163,2026-09-05T19:04:00.665+01:00,81504,1366093,140,140,True,True,0x04,"NO_IRQ,NO_IRQ,OK,RESYNC_NEEDED","NONE,NONE,DELTA,NONE",
1.881655,2026-09-05T19:04:00.672+01:00,81644,1366094,236,236,True,True,0x04,"NO_IRQ,NO_IRQ,OK,RESYNC_NEEDED","NONE,NONE,DELTA,NONE",
1.887323,2026-09-05T19:04:00.675+01:00,81880,1366095,244,244,True,True,0x04,"NO_IRQ,NO_IRQ,OK,RESYNC_NEEDED","NONE,NONE,DELTA,NONE",
1.891171,2026-09-05T19:04:00.681+01:00,82124,1366096,228,228,True,True,0x04,"NO_IRQ,NO_IRQ,OK,RESYNC_NEEDED","NONE,NONE,DELTA,NONE",
1.897481,2026-09-05T19:04:00.685+01:00,82352,1366097,138,138,True,True,0x04,"NO_IRQ,NO_IRQ,OK,RESYNC_NEEDED","NONE,NONE,DELTA,NONE",
1.901644,2026-09-05T19:04:00.691+01:00,82490,1366098,238,238,True,True,0x04,"NO_IRQ,NO_IRQ,OK,RESYNC_NEEDED","NONE,NONE,DELTA,NONE",
1.906875,2026-09-05T19:04:00.695+01:00,82728,1366099,242,242,True,True,0x04,"NO_IRQ,NO_IRQ,OK,RESYNC_NEEDED","NONE,NONE,DELTA,NONE",
1.911277,2026-09-05T19:04:00.700+01:00,82970,1366100,232,232,True,True,0x04,"NO_IRQ,NO_IRQ,OK,RESYNC_NEEDED","NONE,NONE,DELTA,NONE",
1.921213,2026-09-05T19:04:00.705+01:00,83202,1366101,140,140,True,True,0x04,"NO_IRQ,NO_IRQ,OK,RESYNC_NEEDED","NONE,NONE,DELTA,NONE",
1.922121,2026-09-05T19:04:00.715+01:00,83342,1366102,246,246,True,True,0x04,"NO_IRQ,NO_IRQ,OK,RESYNC_NEEDED","NONE,NONE,DELTA,NONE",
1.926634,2026-09-05T19:04:00.715+01:00,83588,1366103,242,242,True,True,0x04,"NO_IRQ,NO_IRQ,OK,RESYNC_NEEDED","NONE,NONE,DELTA,NONE",
1.931412,2026-09-05T19:04:00.720+01:00,83830,1366104,230,230,True,True,0x04,"NO_IRQ,NO_IRQ,OK,RESYNC_NEEDED","NONE,NONE,DELTA,NONE",
1.937378,2026-09-05T19:04:00.725+01:00,84060,1366105,140,140,True,True,0x04,"NO_IRQ,NO_IRQ,OK,RESYNC_NEEDED","NONE,NONE,DELTA,NONE",
1.942091,2026-09-05T19:04:00.731+01:00,84200,1366106,234,234,True,True,0x04,"NO_IRQ,NO_IRQ,OK,RESYNC_NEEDED","NONE,NONE,DELTA,NONE",
1.946255,2026-09-05T19:04:00.735+01:00,84434,1366107,238,238,True,True,0x04,"NO_IRQ,NO_IRQ,OK,RESYNC_NEEDED","NONE,NONE,DELTA,NONE",
1.951175,2026-09-05T19:04:00.740+01:00,84672,1366108,236,236,True,True,0x04,"NO_IRQ,NO_IRQ,OK,RESYNC_NEEDED","NONE,NONE,DELTA,NONE",
1.956016,2026-09-05T19:04:00.744+01:00,84908,1366109,136,136,True,True,0x04,"NO_IRQ,NO_IRQ,OK,RESYNC_NEEDED","NONE,NONE,DELTA,NONE",
1.967208,2026-09-05T19:04:00.749+01:00,85044,1366110,238,238,True,True,0x04,"NO_IRQ,NO_IRQ,OK,RESYNC_NEEDED","NONE,NONE,DELTA,NONE",
1.967535,2026-09-05T19:04:00.761+01:00,85282,1366111,244,244,True,True,0x04,"NO_IRQ,NO_IRQ,OK,RESYNC_NEEDED","NONE,NONE,DELTA,NONE",
1.974618,2026-09-05T19:04:00.761+01:00,85526,1366112,236,236,True,True,0x04,"NO_IRQ,NO_IRQ,OK,RESYNC_NEEDED","NONE,NONE,DELTA,NONE",
1.981380,2026-09-05T19:04:00.769+01:00,85762,1366113,136,136,True,True,0x04,"NO_IRQ,NO_IRQ,OK,RESYNC_NEEDED","NONE,NONE,DELTA,NONE",
1.982053,2026-09-05T19:04:00.775+01:00,85898,1366114,244,244,True,True,0x04,"NO_IRQ,NO_IRQ,OK,RESYNC_NEEDED","NONE,NONE,DELTA,NONE",
1.986779,2026-09-05T19:04:00.775+01:00,86142,1366115,242,242,True,True,0x04,"NO_IRQ,NO_IRQ,OK,RESYNC_NEEDED","NONE,NONE,DELTA,NONE",
1.991194,2026-09-05T19:04:00.780+01:00,86384,1366116,230,230,True,True,0x04,"NO_IRQ,NO_IRQ,OK,RESYNC_NEEDED","NONE,NONE,DELTA,NONE",
2.004667,2026-09-05T19:04:00.785+01:00,86614,1366117,140,140,True,True,0x04,"NO_IRQ,NO_IRQ,OK,RESYNC_NEEDED","NONE,NONE,DELTA,NONE",
2.005447,2026-09-05T19:04:00.798+01:00,86754,1366118,244,244,True,True,0x04,"NO_IRQ,NO_IRQ,OK,RESYNC_NEEDED","NONE,NONE,DELTA,NONE",
2.006371,2026-09-05T19:04:00.799+01:00,86998,1366119,244,244,True,True,0x04,"NO_IRQ,NO_IRQ,OK,RESYNC_NEEDED","NONE,NONE,DELTA,NONE",
2.011596,2026-09-05T19:04:00.800+01:00,87242,1366120,234,234,True,True,0x04,"NO_IRQ,NO_IRQ,OK,RESYNC_NEEDED","NONE,NONE,DELTA,NONE",
2.016417,2026-09-05T19:04:00.805+01:00,87476,1366121,136,136,True,True,0x04,"NO_IRQ,NO_IRQ,OK,RESYNC_NEEDED","NONE,NONE,DELTA,NONE",
2.021081,2026-09-05T19:04:00.810+01:00,87612,1366122,230,230,True,True,0x04,"NO_IRQ,NO_IRQ,OK,RESYNC_NEEDED","NONE,NONE,DELTA,NONE",
2.027251,2026-09-05T19:04:00.814+01:00,87842,1366123,246,246,True,True,0x04,"NO_IRQ,NO_IRQ,OK,RESYNC_NEEDED","NONE,NONE,DELTA,NONE",
2.031549,2026-09-05T19:04:00.821+01:00,88088,1366124,244,244,True,True,0x04,"NO_IRQ,NO_IRQ,OK,RESYNC_NEEDED","NONE,NONE,DELTA,NONE",
2.036099,2026-09-05T19:04:00.825+01:00,88332,1366125,132,132,True,True,0x04,"NO_IRQ,NO_IRQ,OK,RESYNC_NEEDED","NONE,NONE,DELTA,NONE",
2.050262,2026-09-05T19:04:00.829+01:00,88464,1366126,234,234,True,True,0x04,"NO_IRQ,NO_IRQ,OK,RESYNC_NEEDED","NONE,NONE,DELTA,NONE",
2.051173,2026-09-05T19:04:00.844+01:00,88698,1366127,244,244,True,True,0x04,"NO_IRQ,NO_IRQ,OK,RESYNC_NEEDED","NONE,NONE,DELTA,NONE",
2.052787,2026-09-05T19:04:00.844+01:00,88942,1366128,230,230,True,True,0x04,"NO_IRQ,NO_IRQ,OK,RESYNC_NEEDED","NONE,NONE,DELTA,NONE",
2.056906,2026-09-05T19:04:00.846+01:00,89172,1366129,134,134,True,True,0x04,"NO_IRQ,NO_IRQ,OK,RESYNC_NEEDED","NONE,NONE,DELTA,NONE",
2.062005,2026-09-05T19:04:00.851+01:00,89306,1366130,240,240,True,True,0x04,"NO_IRQ,NO_IRQ,OK,RESYNC_NEEDED","NONE,NONE,DELTA,NONE",
2.066413,2026-09-05T19:04:00.855+01:00,89546,1366131,246,246,True,True,0x04,"NO_IRQ,NO_IRQ,OK,RESYNC_NEEDED","NONE,NONE,DELTA,NONE",
2.077268,2026-09-05T19:04:00.860+01:00,89792,1366132,236,236,True,True,0x04,"NO_IRQ,NO_IRQ,OK,RESYNC_NEEDED","NONE,NONE,DELTA,NONE",
2.078051,2026-09-05T19:04:00.871+01:00,90028,1366133,138,138,True,True,0x04,"NO_IRQ,NO_IRQ,OK,RESYNC_NEEDED","NONE,NONE,DELTA,NONE",
2.081439,2026-09-05T19:04:00.871+01:00,90166,1366134,242,242,True,True,0x04,"NO_IRQ,NO_IRQ,OK,RESYNC_NEEDED","NONE,NONE,DELTA,NONE",
2.086635,2026-09-05T19:04:00.875+01:00,90408,1366135,242,242,True,True,0x04,"NO_IRQ,NO_IRQ,OK,RESYNC_NEEDED","NONE,NONE,DELTA,NONE",
2.093860,2026-09-05T19:04:00.880+01:00,90650,1366136,246,246,True,True,0x04,"NO_IRQ,NO_IRQ,OK,RESYNC_NEEDED","NONE,NONE,DELTA,NONE",
2.096385,2026-09-05T19:04:00.887+01:00,90896,1366137,130,130,True,True,0x04,"NO_IRQ,NO_IRQ,OK,RESYNC_NEEDED","NONE,NONE,DELTA,NONE",
2.101438,2026-09-05T19:04:00.890+01:00,91026,1366138,240,240,True,True,0x04,"NO_IRQ,NO_IRQ,OK,RESYNC_NEEDED","NONE,NONE,DELTA,NONE",
2.113629,2026-09-05T19:04:00.895+01:00,91266,1366139,246,246,True,True,0x04,"NO_IRQ,NO_IRQ,OK,RESYNC_NEEDED","NONE,NONE,DELTA,NONE",
2.114501,2026-09-05T19:04:00.907+01:00,91512,1366140,242,242,True,True,0x04,"NO_IRQ,NO_IRQ,OK,RESYNC_NEEDED","NONE,NONE,DELTA,NONE",
2.116978,2026-09-05T19:04:00.908+01:00,91754,1366141,134,134,True,True,0x04,"NO_IRQ,NO_IRQ,OK,RESYNC_NEEDED","NONE,NONE,DELTA,NONE",
2.121423,2026-09-05T19:04:00.910+01:00,91888,1366142,230,230,True,True,0x04,"NO_IRQ,NO_IRQ,OK,RESYNC_NEEDED","NONE,NONE,DELTA,NONE",
2.126256,2026-09-05T19:04:00.915+01:00,92118,1366143,238,238,True,True,0x04,"NO_IRQ,NO_IRQ,OK,RESYNC_NEEDED","NONE,NONE,DELTA,NONE",
2.136781,2026-09-05T19:04:00.920+01:00,92356,1366144,244,244,True,True,0x04,"NO_IRQ,NO_IRQ,OK,RESYNC_NEEDED","NONE,NONE,DELTA,NONE",
2.137401,2026-09-05T19:04:00.930+01:00,92600,1366145,130,130,True,True,0x04,"NO_IRQ,NO_IRQ,OK,RESYNC_NEEDED","NONE,NONE,DELTA,NONE",
2.141423,2026-09-05T19:04:00.931+01:00,92730,1366146,238,238,True,True,0x04,"NO_IRQ,NO_IRQ,OK,RESYNC_NEEDED","NONE,NONE,DELTA,NONE",
2.146575,2026-09-05T19:04:00.935+01:00,92968,1366147,238,238,True,True,0x04,"NO_IRQ,NO_IRQ,OK,RESYNC_NEEDED","NONE,NONE,DELTA,NONE",
2.154183,2026-09-05T19:04:00.940+01:00,93206,1366148,260,260,True,True,0x04,"NO_IRQ,NO_IRQ,OK,RESYNC_NEEDED","NONE,NONE,DELTA,NONE",
2.156065,2026-09-05T19:04:00.948+01:00,93466,1366149,132,132,True,True,0x04,"NO_IRQ,NO_IRQ,OK,RESYNC_NEEDED","NONE,NONE,DELTA,NONE",
2.161290,2026-09-05T19:04:00.949+01:00,93598,1366150,236,236,True,True,0x04,"NO_IRQ,NO_IRQ,OK,RESYNC_NEEDED","NONE,NONE,DELTA,NONE",
2.166050,2026-09-05T19:04:00.955+01:00,93834,1366151,252,252,True,True,0x04,"NO_IRQ,NO_IRQ,OK,RESYNC_NEEDED","NONE,NONE,DELTA,NONE",
2.174774,2026-09-05T19:04:00.959+01:00,94086,1366152,254,254,True,True,0x04,"NO_IRQ,NO_IRQ,OK,RESYNC_NEEDED","NONE,NONE,DELTA,NONE",
2.187285,2026-09-05T19:04:00.968+01:00,94340,1366153,140,140,True,True,0x04,"NO_IRQ,NO_IRQ,OK,RESYNC_NEEDED","NONE,NONE,DELTA,NONE",
2.188597,2026-09-05T19:04:00.981+01:00,94480,1366154,232,232,True,True,0x04,"NO_IRQ,NO_IRQ,OK,RESYNC_NEEDED","NONE,NONE,DELTA,NONE",
2.189170,2026-09-05T19:04:00.982+01:00,94712,1366155,248,248,True,True,0x04,"NO_IRQ,NO_IRQ,OK,RESYNC_NEEDED","NONE,NONE,DELTA,NONE",
2.191110,2026-09-05T19:04:00.982+01:00,94960,1366156,250,250,True,True,0x04,"NO_IRQ,NO_IRQ,OK,RESYNC_NEEDED","NONE,NONE,DELTA,NONE",
2.196560,2026-09-05T19:04:00.984+01:00,95210,1366157,130,130,True,True,0x04,"NO_IRQ,NO_IRQ,OK,RESYNC_NEEDED","NONE,NONE,DELTA,NONE",
2.201617,2026-09-05T19:04:00.990+01:00,95340,1366158,222,222,True,True,0x04,"NO_IRQ,NO_IRQ,OK,RESYNC_NEEDED","NONE,NONE,DELTA,NONE",
2.211756,2026-09-05T19:04:00.995+01:00,95562,1366159,244,244,True,True,0x04,"NO_IRQ,NO_IRQ,OK,RESYNC_NEEDED","NONE,NONE,DELTA,NONE",
2.213413,2026-09-05T19:04:01.005+01:00,95806,1366160,262,262,True,True,0x04,"NO_IRQ,NO_IRQ,OK,RESYNC_NEEDED","NONE,NONE,DELTA,NONE",
2.216169,2026-09-05T19:04:01.007+01:00,96068,1366161,128,128,True,True,0x04,"NO_IRQ,NO_IRQ,OK,RESYNC_NEEDED","NONE,NONE,DELTA,NONE",
2.221789,2026-09-05T19:04:01.010+01:00,96196,1366162,226,226,True,True,0x04,"NO_IRQ,NO_IRQ,OK,RESYNC_NEEDED","NONE,NONE,DELTA,NONE",
2.232802,2026-09-05T19:04:01.015+01:00,96422,1366163,236,236,True,True,0x04,"NO_IRQ,NO_IRQ,OK,RESYNC_NEEDED","NONE,NONE,DELTA,NONE",
2.233961,2026-09-05T19:04:01.026+01:00,96658,1366164,250,250,True,True,0x04,"NO_IRQ,NO_IRQ,OK,RESYNC_NEEDED","NONE,NONE,DELTA,NONE",
2.236873,2026-09-05T19:04:01.027+01:00,96908,1366165,126,126,True,True,0x04,"NO_IRQ,NO_IRQ,OK,RESYNC_NEEDED","NONE,NONE,DELTA,NONE",
2.241477,2026-09-05T19:04:01.030+01:00,97034,1366166,236,236,True,True,0x04,"NO_IRQ,NO_IRQ,OK,RESYNC_NEEDED","NONE,NONE,DELTA,NONE",
2.250253,2026-09-05T19:04:01.035+01:00,97270,1366167,250,250,True,True,0x04,"NO_IRQ,NO_IRQ,OK,RESYNC_NEEDED","NONE,NONE,DELTA,NONE",
2.251168,2026-09-05T19:04:01.044+01:00,97520,1366168,258,258,True,True,0x04,"NO_IRQ,NO_IRQ,OK,RESYNC_NEEDED","NONE,NONE,DELTA,NONE",
2.256688,2026-09-05T19:04:01.044+01:00,97778,1366169,132,132,True,True,0x04,"NO_IRQ,NO_IRQ,OK,RESYNC_NEEDED","NONE,NONE,DELTA,NONE",
2.261725,2026-09-05T19:04:01.050+01:00,97910,1366170,234,234,True,True,0x04,"NO_IRQ,NO_IRQ,OK,RESYNC_NEEDED","NONE,NONE,DELTA,NONE",
2.266029,2026-09-05T19:04:01.055+01:00,98144,1366171,242,242,True,True,0x04,"NO_IRQ,NO_IRQ,OK,RESYNC_NEEDED","NONE,NONE,DELTA,NONE",
2.277476,2026-09-05T19:04:01.059+01:00,98386,1366172,258,258,True,True,0x04,"NO_IRQ,NO_IRQ,OK,RESYNC_NEEDED","NONE,NONE,DELTA,NONE",
2.278332,2026-09-05T19:04:01.071+01:00,98644,1366173,130,130,True,True,0x04,"NO_IRQ,NO_IRQ,OK,RESYNC_NEEDED","NONE,NONE,DELTA,NONE",
2.281407,2026-09-05T19:04:01.072+01:00,98774,1366174,234,234,True,True,0x04,"NO_IRQ,NO_IRQ,OK,RESYNC_NEEDED","NONE,NONE,DELTA,NONE",
2.286701,2026-09-05T19:04:01.075+01:00,99008,1366175,236,236,True,True,0x04,"NO_IRQ,NO_IRQ,OK,RESYNC_NEEDED","NONE,NONE,DELTA,NONE",
2.291940,2026-09-05T19:04:01.080+01:00,99244,1366176,256,256,True,True,0x04,"NO_IRQ,NO_IRQ,OK,RESYNC_NEEDED","NONE,NONE,DELTA,NONE",
2.303094,2026-09-05T19:04:01.085+01:00,99500,1366177,124,124,True,True,0x04,"NO_IRQ,NO_IRQ,OK,RESYNC_NEEDED","NONE,NONE,DELTA,NONE",
2.304417,2026-09-05T19:04:01.097+01:00,99624,1366178,226,226,True,True,0x04,"NO_IRQ,NO_IRQ,OK,RESYNC_NEEDED","NONE,NONE,DELTA,NONE",
2.306082,2026-09-05T19:04:01.098+01:00,99850,1366179,250,250,True,True,0x04,"NO_IRQ,NO_IRQ,OK,RESYNC_NEEDED","NONE,NONE,DELTA,NONE",
2.311190,2026-09-05T19:04:01.099+01:00,100100,1366180,256,256,True,True,0x04,"NO_IRQ,NO_IRQ,OK,RESYNC_NEEDED","NONE,NONE,DELTA,NONE",
2.322110,2026-09-05T19:04:01.104+01:00,100356,1366181,128,128,True,True,0x04,"NO_IRQ,NO_IRQ,OK,RESYNC_NEEDED","NONE,NONE,DELTA,NONE",
2.322912,2026-09-05T19:04:01.115+01:00,100484,1366182,236,236,True,True,0x04,"NO_IRQ,NO_IRQ,OK,RESYNC_NEEDED","NONE,NONE,DELTA,NONE",
2.326810,2026-09-05T19:04:01.116+01:00,100720,1366183,254,254,True,True,0x04,"NO_IRQ,NO_IRQ,OK,RESYNC_NEEDED","NONE,NONE,DELTA,NONE",
2.331778,2026-09-05T19:04:01.120+01:00,100974,1366184,260,260,True,True,0x04,"NO_IRQ,NO_IRQ,OK,RESYNC_NEEDED","NONE,NONE,DELTA,NONE",
2.335814,2026-09-05T19:04:01.125+01:00,101234,1366185,124,124,True,True,0x04,"NO_IRQ,NO_IRQ,OK,RESYNC_NEEDED","NONE,NONE,DELTA,NONE",
2.344382,2026-09-05T19:04:01.129+01:00,101358,1366186,238,238,True,True,0x04,"NO_IRQ,NO_IRQ,OK,RESYNC_NEEDED","NONE,NONE,DELTA,NONE",
2.346359,2026-09-05T19:04:01.138+01:00,101596,1366187,244,244,True,True,0x04,"NO_IRQ,NO_IRQ,OK,RESYNC_NEEDED","NONE,NONE,DELTA,NONE",
2.351203,2026-09-05T19:04:01.140+01:00,101840,1366188,258,258,True,True,0x04,"NO_IRQ,NO_IRQ,OK,RESYNC_NEEDED","NONE,NONE,DELTA,NONE",
2.356083,2026-09-05T19:04:01.145+01:00,102098,1366189,126,126,True,True,0x04,"NO_IRQ,NO_IRQ,OK,RESYNC_NEEDED","NONE,NONE,DELTA,NONE",
2.361775,2026-09-05T19:04:01.149+01:00,102224,1366190,232,232,True,True,0x04,"NO_IRQ,NO_IRQ,OK,RESYNC_NEEDED","NONE,NONE,DELTA,NONE",
2.366667,2026-09-05T19:04:01.155+01:00,102456,1366191,248,248,True,True,0x04,"NO_IRQ,NO_IRQ,OK,RESYNC_NEEDED","NONE,NONE,DELTA,NONE",
2.370961,2026-09-05T19:04:01.160+01:00,102704,1366192,258,258,True,True,0x04,"NO_IRQ,NO_IRQ,OK,RESYNC_NEEDED","NONE,NONE,DELTA,NONE",
2.376390,2026-09-05T19:04:01.164+01:00,102962,1366193,128,128,True,True,0x04,"NO_IRQ,NO_IRQ,OK,RESYNC_NEEDED","NONE,NONE,DELTA,NONE",
2.390053,2026-09-05T19:04:01.170+01:00,103090,1366194,230,230,True,True,0x04,"NO_IRQ,NO_IRQ,OK,RESYNC_NEEDED","NONE,NONE,DELTA,NONE",
2.390389,2026-09-05T19:04:01.183+01:00,103320,1366195,242,242,True,True,0x04,"NO_IRQ,NO_IRQ,OK,RESYNC_NEEDED","NONE,NONE,DELTA,NONE",
2.390842,2026-09-05T19:04:01.184+01:00,103562,1366196,268,268,True,True,0x04,"NO_IRQ,NO_IRQ,OK,RESYNC_NEEDED","NONE,NONE,DELTA,NONE",
2.408420,2026-09-05T19:04:01.184+01:00,103830,1366197,126,126,True,True,0x04,"NO_IRQ,NO_IRQ,OK,RESYNC_NEEDED","NONE,NONE,DELTA,NONE",
2.409099,2026-09-05T19:04:01.202+01:00,103956,1366198,232,232,True,True,0x04,"NO_IRQ,NO_IRQ,OK,RESYNC_NEEDED","NONE,NONE,DELTA,NONE",
2.409723,2026-09-05T19:04:01.202+01:00,104188,1366199,240,240,True,True,0x04,"NO_IRQ,NO_IRQ,OK,RESYNC_NEEDED","NONE,NONE,DELTA,NONE",
2.411234,2026-09-05T19:04:01.203+01:00,104428,1366200,282,282,True,True,0x04,"NO_IRQ,NO_IRQ,OK,RESYNC_NEEDED","NONE,NONE,DELTA,NONE",
2.416361,2026-09-05T19:04:01.205+01:00,104710,1366201,134,134,True,True,0x04,"NO_IRQ,NO_IRQ,OK,RESYNC_NEEDED","NONE,NONE,DELTA,NONE",
2.429947,2026-09-05T19:04:01.210+01:00,104844,1366202,222,222,True,True,0x04,"NO_IRQ,NO_IRQ,OK,RESYNC_NEEDED","NONE,NONE,DELTA,NONE",
2.430914,2026-09-05T19:04:01.224+01:00,105066,1366203,240,240,True,True,0x04,"NO_IRQ,NO_IRQ,OK,RESYNC_NEEDED","NONE,NONE,DELTA,NONE",
2.431475,2026-09-05T19:04:01.224+01:00,105306,1366204,266,266,True,True,0x04,"NO_IRQ,NO_IRQ,OK,RESYNC_NEEDED","NONE,NONE,DELTA,NONE",
2.436372,2026-09-05T19:04:01.225+01:00,105572,1366205,126,126,True,True,0x04,"NO_IRQ,NO_IRQ,OK,RESYNC_NEEDED","NONE,NONE,DELTA,NONE",
2.440948,2026-09-05T19:04:01.230+01:00,105698,1366206,230,230,True,True,0x04,"NO_IRQ,NO_IRQ,OK,RESYNC_NEEDED","NONE,NONE,DELTA,NONE",
2.449222,2026-09-05T19:04:01.234+01:00,105928,1366207,256,256,True,True,0x04,"NO_IRQ,NO_IRQ,OK,RESYNC_NEEDED","NONE,NONE,DELTA,NONE",
2.451031,2026-09-05T19:04:01.243+01:00,106184,1366208,268,268,True,True,0x04,"NO_IRQ,NO_IRQ,OK,RESYNC_NEEDED","NONE,NONE,DELTA,NONE",
2.456421,2026-09-05T19:04:01.244+01:00,106452,1366209,124,124,True,True,0x04,"NO_IRQ,NO_IRQ,OK,RESYNC_NEEDED","NONE,NONE,DELTA,NONE",
2.461299,2026-09-05T19:04:01.250+01:00,106576,1366210,230,230,True,True,0x04,"NO_IRQ,NO_IRQ,OK,RESYNC_NEEDED","NONE,NONE,DELTA,NONE",
2.468775,2026-09-05T19:04:01.255+01:00,106806,1366211,250,250,True,True,0x04,"NO_IRQ,NO_IRQ,OK,RESYNC_NEEDED","NONE,NONE,DELTA,NONE",
2.471230,2026-09-05T19:04:01.262+01:00,107056,1366212,268,268,True,True,0x04,"NO_IRQ,NO_IRQ,OK,RESYNC_NEEDED","NONE,NONE,DELTA,NONE",
2.475947,2026-09-05T19:04:01.265+01:00,107324,1366213,124,124,True,True,0x04,"NO_IRQ,NO_IRQ,OK,RESYNC_NEEDED","NONE,NONE,DELTA,NONE",
2.488147,2026-09-05T19:04:01.269+01:00,107448,1366214,228,228,True,True,0x04,"NO_IRQ,NO_IRQ,OK,RESYNC_NEEDED","NONE,NONE,DELTA,NONE",
2.488821,2026-09-05T19:04:01.281+01:00,107676,1366215,252,252,True,True,0x04,"NO_IRQ,NO_IRQ,OK,RESYNC_NEEDED","NONE,NONE,DELTA,NONE",
2.491658,2026-09-05T19:04:01.282+01:00,107928,1366216,268,268,True,True,0x04,"NO_IRQ,NO_IRQ,OK,RESYNC_NEEDED","NONE,NONE,DELTA,NONE",
2.495918,2026-09-05T19:04:01.285+01:00,108196,1366217,124,124,True,True,0x04,"NO_IRQ,NO_IRQ,OK,RESYNC_NEEDED","NONE,NONE,DELTA,NONE",
2.507222,2026-09-05T19:04:01.289+01:00,108320,1366218,224,224,True,True,0x04,"NO_IRQ,NO_IRQ,OK,RESYNC_NEEDED","NONE,NONE,DELTA,NONE",
2.508135,2026-09-05T19:04:01.301+01:00,108544,1366219,256,256,True,True,0x04,"NO_IRQ,NO_IRQ,OK,RESYNC_NEEDED","NONE,NONE,DELTA,NONE",
2.511173,2026-09-05T19:04:01.301+01:00,108800,1366220,276,276,True,True,0x04,"NO_IRQ,NO_IRQ,OK,RESYNC_NEEDED","NONE,NONE,DELTA,NONE",
2.515733,2026-09-05T19:04:01.305+01:00,109076,1366221,124,124,True,True,0x04,"NO_IRQ,NO_IRQ,OK,RESYNC_NEEDED","NONE,NONE,DELTA,NONE",
2.525587,2026-09-05T19:04:01.309+01:00,109200,1366222,226,226,True,True,0x04,"NO_IRQ,NO_IRQ,OK,RESYNC_NEEDED","NONE,NONE,DELTA,NONE",
2.526511,2026-09-05T19:04:01.319+01:00,109426,1366223,244,244,True,True,0x04,"NO_IRQ,NO_IRQ,OK,RESYNC_NEEDED","NONE,NONE,DELTA,NONE",
2.531129,2026-09-05T19:04:01.320+01:00,109670,1366224,272,272,True,True,0x04,"NO_IRQ,NO_IRQ,OK,RESYNC_NEEDED","NONE,NONE,DELTA,NONE",
2.535585,2026-09-05T19:04:01.324+01:00,109942,1366225,128,128,True,True,0x04,"NO_IRQ,NO_IRQ,OK,RESYNC_NEEDED","NONE,NONE,DELTA,NONE",
2.542596,2026-09-05T19:04:01.329+01:00,110070,1366226,226,226,True,True,0x04,"NO_IRQ,NO_IRQ,OK,RESYNC_NEEDED","NONE,NONE,DELTA,NONE",
2.546069,2026-09-05T19:04:01.336+01:00,110296,1366227,238,238,True,True,0x04,"NO_IRQ,NO_IRQ,OK,RESYNC_NEEDED","NONE,NONE,DELTA,NONE",
2.551013,2026-09-05T19:04:01.339+01:00,110534,1366228,270,270,True,True,0x04,"NO_IRQ,NO_IRQ,OK,RESYNC_NEEDED","NONE,NONE,DELTA,NONE",
2.555763,2026-09-05T19:04:01.345+01:00,110804,1366229,124,124,True,True,0x04,"NO_IRQ,NO_IRQ,OK,RESYNC_NEEDED","NONE,NONE,DELTA,NONE",
2.561463,2026-09-05T19:04:01.349+01:00,110928,1366230,222,222,True,True,0x04,"NO_IRQ,NO_IRQ,OK,RESYNC_NEEDED","NONE,NONE,DELTA,NONE",
2.565819,2026-09-05T19:04:01.355+01:00,111150,1366231,246,246,True,True,0x04,"NO_IRQ,NO_IRQ,OK,RESYNC_NEEDED","NONE,NONE,DELTA,NONE",
2.570874,2026-09-05T19:04:01.359+01:00,111396,1366232,264,264,True,True,0x04,"NO_IRQ,NO_IRQ,OK,RESYNC_NEEDED","NONE,NONE,DELTA,NONE",
2.586797,2026-09-05T19:04:01.364+01:00,111660,1366233,126,126,True,True,0x04,"NO_IRQ,NO_IRQ,OK,RESYNC_NEEDED","NONE,NONE,DELTA,NONE",
2.587268,2026-09-05T19:04:01.380+01:00,111786,1366234,222,222,True,True,0x04,"NO_IRQ,NO_IRQ,OK,RESYNC_NEEDED","NONE,NONE,DELTA,NONE",
2.588159,2026-09-05T19:04:01.381+01:00,112008,1366235,1084,1084,True,True,0x04,"NO_IRQ,NO_IRQ,OK,RESYNC_NEEDED","NONE,NONE,DELTA_SYNC,NONE",
2.591269,2026-09-05T19:04:01.382+01:00,113092,1366236,260,260,True,True,0x04,"NO_IRQ,NO_IRQ,OK,RESYNC_NEEDED","NONE,NONE,DELTA,NONE",
2.596041,2026-09-05T19:04:01.385+01:00,113352,1366237,128,128,True,True,0x04,"NO_IRQ,NO_IRQ,OK,RESYNC_NEEDED","NONE,NONE,DELTA,NONE",
2.606717,2026-09-05T19:04:01.390+01:00,113480,1366238,220,220,True,True,0x04,"NO_IRQ,NO_IRQ,OK,RESYNC_NEEDED","NONE,NONE,DELTA,NONE",
2.607656,2026-09-05T19:04:01.400+01:00,113700,1366239,242,242,True,True,0x04,"NO_IRQ,NO_IRQ,OK,RESYNC_NEEDED","NONE,NONE,DELTA,NONE",
2.611495,2026-09-05T19:04:01.401+01:00,113942,1366240,270,270,True,True,0x04,"NO_IRQ,NO_IRQ,OK,RESYNC_NEEDED","NONE,NONE,DELTA,NONE",
2.616056,2026-09-05T19:04:01.405+01:00,114212,1366241,124,124,True,True,0x04,"NO_IRQ,NO_IRQ,OK,RESYNC_NEEDED","NONE,NONE,DELTA,NONE",
2.630246,2026-09-05T19:04:01.409+01:00,114336,1366242,224,224,True,True,0x04,"NO_IRQ,NO_IRQ,OK,RESYNC_NEEDED","NONE,NONE,DELTA,NONE",
2.630915,2026-09-05T19:04:01.424+01:00,114560,1366243,260,260,True,True,0x04,"NO_IRQ,NO_IRQ,OK,RESYNC_NEEDED","NONE,NONE,DELTA,NONE",
2.631945,2026-09-05T19:04:01.425+01:00,114820,1366244,274,274,True,True,0x04,"NO_IRQ,NO_IRQ,OK,RESYNC_NEEDED","NONE,NONE,DELTA,NONE",
2.635810,2026-09-05T19:04:01.425+01:00,115094,1366245,126,126,True,True,0x04,"NO_IRQ,NO_IRQ,OK,RESYNC_NEEDED","NONE,NONE,DELTA,NONE",
2.640813,2026-09-05T19:04:01.429+01:00,115220,1366246,220,220,True,True,0x04,"NO_IRQ,NO_IRQ,OK,RESYNC_NEEDED","NONE,NONE,DELTA,NONE",
2.648347,2026-09-05T19:04:01.434+01:00,115440,1366247,246,246,True,True,0x04,"NO_IRQ,NO_IRQ,OK,RESYNC_NEEDED","NONE,NONE,DELTA,NONE",
2.651801,2026-09-05T19:04:01.442+01:00,115686,1366248,264,264,True,True,0x04,"NO_IRQ,NO_IRQ,OK,RESYNC_NEEDED","NONE,NONE,DELTA,NONE",
2.655876,2026-09-05T19:04:01.445+01:00,115950,1366249,130,130,True,True,0x04,"NO_IRQ,NO_IRQ,OK,RESYNC_NEEDED","NONE,NONE,DELTA,NONE",
2.660921,2026-09-05T19:04:01.449+01:00,116080,1366250,210,210,True,True,0x04,"NO_IRQ,NO_IRQ,OK,RESYNC_NEEDED","NONE,NONE,DELTA,NONE",
2.671374,2026-09-05T19:04:01.454+01:00,116290,1366251,244,244,True,True,0x04,"NO_IRQ,NO_IRQ,OK,RESYNC_NEEDED","NONE,NONE,DELTA,NONE",
2.671982,2026-09-05T19:04:01.465+01:00,116534,1366252,250,250,True,True,0x04,"NO_IRQ,NO_IRQ,OK,RESYNC_NEEDED","NONE,NONE,DELTA,NONE",
2.675732,2026-09-05T19:04:01.466+01:00,116784,1366253,130,130,True,True,0x04,"NO_IRQ,NO_IRQ,OK,RESYNC_NEEDED","NONE,NONE,DELTA,NONE",
2.680919,2026-09-05T19:04:01.469+01:00,116914,1366254,202,202,True,True,0x04,"NO_IRQ,NO_IRQ,OK,RESYNC_NEEDED","NONE,NONE,DELTA,NONE",
2.690339,2026-09-05T19:04:01.474+01:00,117116,1366255,242,242,True,True,0x04,"NO_IRQ,NO_IRQ,OK,RESYNC_NEEDED","NONE,NONE,DELTA,NONE",
2.691222,2026-09-05T19:04:01.484+01:00,117358,1366256,270,270,True,True,0x04,"NO_IRQ,NO_IRQ,OK,RESYNC_NEEDED","NONE,NONE,DELTA,NONE",
2.695761,2026-09-05T19:04:01.485+01:00,117628,1366257,132,132,True,True,0x04,"NO_IRQ,NO_IRQ,OK,RESYNC_NEEDED","NONE,NONE,DELTA,NONE",
2.706145,2026-09-05T19:04:01.489+01:00,117760,1366258,204,204,True,True,0x04,"NO_IRQ,NO_IRQ,OK,RESYNC_NEEDED","NONE,NONE,DELTA,NONE",
2.706837,2026-09-05T19:04:01.500+01:00,117964,1366259,234,234,True,True,0x04,"NO_IRQ,NO_IRQ,OK,RESYNC_NEEDED","NONE,NONE,DELTA,NONE",
2.710925,2026-09-05T19:04:01.500+01:00,118198,1366260,262,262,True,True,0x04,"NO_IRQ,NO_IRQ,OK,RESYNC_NEEDED","NONE,NONE,DELTA,NONE",
2.725482,2026-09-05T19:04:01.504+01:00,118460,1366261,132,132,True,True,0x04,"NO_IRQ,NO_IRQ,OK,RESYNC_NEEDED","NONE,NONE,DELTA,NONE",
2.726137,2026-09-05T19:04:01.519+01:00,118592,1366262,206,206,True,True,0x04,"NO_IRQ,NO_IRQ,OK,RESYNC_NEEDED","NONE,NONE,DELTA,NONE",
2.726950,2026-09-05T19:04:01.520+01:00,118798,1366263,234,234,True,True,0x04,"NO_IRQ,NO_IRQ,OK,RESYNC_NEEDED","NONE,NONE,DELTA,NONE",
2.731072,2026-09-05T19:04:01.520+01:00,119032,1366264,246,246,True,True,0x04,"NO_IRQ,NO_IRQ,OK,RESYNC_NEEDED","NONE,NONE,DELTA,NONE",
2.736702,2026-09-05T19:04:01.524+01:00,119278,1366265,130,130,True,True,0x04,"NO_IRQ,NO_IRQ,OK,RESYNC_NEEDED","NONE,NONE,DELTA,NONE",
2.741516,2026-09-05T19:04:01.530+01:00,119408,1366266,200,200,True,True,0x04,"NO_IRQ,NO_IRQ,OK,RESYNC_NEEDED","NONE,NONE,DELTA,NONE",
2.746504,2026-09-05T19:04:01.535+01:00,119608,1366267,234,234,True,True,0x04,"NO_IRQ,NO_IRQ,OK,RESYNC_NEEDED","NONE,NONE,DELTA,NONE",
2.751307,2026-09-05T19:04:01.540+01:00,119842,1366268,244,244,True,True,0x04,"NO_IRQ,NO_IRQ,OK,RESYNC_NEEDED","NONE,NONE,DELTA,NONE",
2.755610,2026-09-05T19:04:01.545+01:00,120086,1366269,132,132,True,True,0x04,"NO_IRQ,NO_IRQ,OK,RESYNC_NEEDED","NONE,NONE,DELTA,NONE",
2.760609,2026-09-05T19:04:01.549+01:00,120218,1366270,194,194,True,True,0x04,"NO_IRQ,NO_IRQ,OK,RESYNC_NEEDED","NONE,NONE,DELTA,NONE",
2.775689,2026-09-05T19:04:01.554+01:00,120412,1366271,236,236,True,True,0x04,"NO_IRQ,NO_IRQ,OK,RESYNC_NEEDED","NONE,NONE,DELTA,NONE",
2.776030,2026-09-05T19:04:01.569+01:00,120648,1366272,240,240,True,True,0x04,"NO_IRQ,NO_IRQ,OK,RESYNC_NEEDED","NONE,NONE,DELTA,NONE",
2.776237,2026-09-05T19:04:01.569+01:00,120888,1366273,134,134,True,True,0x04,"NO_IRQ,NO_IRQ,OK,RESYNC_NEEDED","NONE,NONE,DELTA,NONE",
2.792111,2026-09-05T19:04:01.570+01:00,121022,1366274,192,192,True,True,0x04,"NO_IRQ,NO_IRQ,OK,RESYNC_NEEDED","NONE,NONE,DELTA,NONE",
2.793166,2026-09-05T19:04:01.586+01:00,121214,1366275,238,238,True,True,0x04,"NO_IRQ,NO_IRQ,OK,RESYNC_NEEDED","NONE,NONE,DELTA,NONE",
2.794304,2026-09-05T19:04:01.586+01:00,121452,1366276,258,258,True,True,0x04,"NO_IRQ,NO_IRQ,OK,RESYNC_NEEDED","NONE,NONE,DELTA,NONE",
2.796092,2026-09-05T19:04:01.588+01:00,121710,1366277,136,136,True,True,0x04,"NO_IRQ,NO_IRQ,OK,RESYNC_NEEDED","NONE,NONE,DELTA,NONE",
2.801816,2026-09-05T19:04:01.589+01:00,121846,1366278,192,192,True,True,0x04,"NO_IRQ,NO_IRQ,OK,RESYNC_NEEDED","NONE,NONE,DELTA,NONE",
2.805633,2026-09-05T19:04:01.595+01:00,122038,1366279,224,224,True,True,0x04,"NO_IRQ,NO_IRQ,OK,RESYNC_NEEDED","NONE,NONE,DELTA,NONE",
2.817669,2026-09-05T19:04:01.599+01:00,122262,1366280,250,250,True,True,0x04,"NO_IRQ,NO_IRQ,OK,RESYNC_NEEDED","NONE,NONE,DELTA,NONE",
2.818769,2026-09-05T19:04:01.611+01:00,122512,1366281,136,136,True,True,0x04,"NO_IRQ,NO_IRQ,OK,RESYNC_NEEDED","NONE,NONE,DELTA,NONE",
2.821210,2026-09-05T19:04:01.612+01:00,122648,1366282,204,204,True,True,0x04,"NO_IRQ,NO_IRQ,OK,RESYNC_NEEDED","NONE,NONE,DELTA,NONE",
2.826419,2026-09-05T19:04:01.615+01:00,122852,1366283,240,240,True,True,0x04,"NO_IRQ,NO_IRQ,OK,RESYNC_NEEDED","NONE,NONE,DELTA,NONE",
2.834968,2026-09-05T19:04:01.620+01:00,123092,1366284,264,264,True,True,0x04,"NO_IRQ,NO_IRQ,OK,RESYNC_NEEDED","NONE,NONE,DELTA,NONE",
2.836076,2026-09-05T19:04:01.629+01:00,123356,1366285,132,132,True,True,0x04,"NO_IRQ,NO_IRQ,OK,RESYNC_NEEDED","NONE,NONE,DELTA,NONE",
2.841029,2026-09-05T19:04:01.629+01:00,123488,1366286,212,212,True,True,0x04,"NO_IRQ,NO_IRQ,OK,RESYNC_NEEDED","NONE,NONE,DELTA,NONE",
2.846340,2026-09-05T19:04:01.635+01:00,123700,1366287,240,240,True,True,0x04,"NO_IRQ,NO_IRQ,OK,RESYNC_NEEDED","NONE,NONE,DELTA,NONE",
2.856067,2026-09-05T19:04:01.640+01:00,123940,1366288,248,248,True,True,0x04,"NO_IRQ,NO_IRQ,OK,RESYNC_NEEDED","NONE,NONE,DELTA,NONE",
2.856983,2026-09-05T19:04:01.649+01:00,124188,1366289,136,136,True,True,0x04,"NO_IRQ,NO_IRQ,OK,RESYNC_NEEDED","NONE,NONE,DELTA,NONE",
2.860975,2026-09-05T19:04:01.650+01:00,124324,1366290,200,200,True,True,0x04,"NO_IRQ,NO_IRQ,OK,RESYNC_NEEDED","NONE,NONE,DELTA,NONE",
2.865859,2026-09-05T19:04:01.654+01:00,124524,1366291,258,258,True,True,0x04,"NO_IRQ,NO_IRQ,OK,RESYNC_NEEDED","NONE,NONE,DELTA,NONE",
2.872650,2026-09-05T19:04:01.659+01:00,124782,1366292,254,254,True,True,0x04,"NO_IRQ,NO_IRQ,OK,RESYNC_NEEDED","NONE,NONE,DELTA,NONE",
2.875603,2026-09-05T19:04:01.666+01:00,125036,1366293,140,140,True,True,0x04,"NO_IRQ,NO_IRQ,OK,RESYNC_NEEDED","NONE,NONE,DELTA,NONE",
2.881000,2026-09-05T19:04:01.669+01:00,125176,1366294,200,200,True,True,0x04,"NO_IRQ,NO_IRQ,OK,RESYNC_NEEDED","NONE,NONE,DELTA,NONE",
2.897178,2026-09-05T19:04:01.674+01:00,125376,1366295,252,252,True,True,0x04,"NO_IRQ,NO_IRQ,OK,RESYNC_NEEDED","NONE,NONE,DELTA,NONE",
2.898641,2026-09-05T19:04:01.691+01:00,125628,1366296,266,266,True,True,0x04,"NO_IRQ,NO_IRQ,OK,RESYNC_NEEDED","NONE,NONE,DELTA,NONE",
2.900120,2026-09-05T19:04:01.692+01:00,125894,1366297,140,140,True,True,0x04,"NO_IRQ,NO_IRQ,OK,RESYNC_NEEDED","NONE,NONE,DELTA,NONE",
2.901579,2026-09-05T19:04:01.693+01:00,126034,1366298,206,206,True,True,0x04,"NO_IRQ,NO_IRQ,OK,RESYNC_NEEDED","NONE,NONE,DELTA,NONE",
2.905824,2026-09-05T19:04:01.695+01:00,126240,1366299,258,258,True,True,0x04,"NO_IRQ,NO_IRQ,OK,RESYNC_NEEDED","NONE,NONE,DELTA,NONE",
2.910773,2026-09-05T19:04:01.699+01:00,126498,1366300,274,274,True,True,0x04,"NO_IRQ,NO_IRQ,OK,RESYNC_NEEDED","NONE,NONE,DELTA,NONE",
2.919824,2026-09-05T19:04:01.704+01:00,126772,1366301,140,140,True,True,0x04,"NO_IRQ,NO_IRQ,OK,RESYNC_NEEDED","NONE,NONE,DELTA,NONE",
2.924238,2026-09-05T19:04:01.714+01:00,126912,1366302,186,186,True,True,0x04,"NO_IRQ,NO_IRQ,OK,RESYNC_NEEDED","NONE,NONE,DELTA,NONE",
2.926158,2026-09-05T19:04:01.718+01:00,127098,1366303,260,260,True,True,0x04,"NO_IRQ,NO_IRQ,OK,RESYNC_NEEDED","NONE,NONE,DELTA,NONE",
2.931312,2026-09-05T19:04:01.719+01:00,127358,1366304,266,266,True,True,0x04,"NO_IRQ,NO_IRQ,OK,RESYNC_NEEDED","NONE,NONE,DELTA,NONE",
2.937327,2026-09-05T19:04:01.725+01:00,127624,1366305,142,142,True,True,0x04,"NO_IRQ,NO_IRQ,OK,RESYNC_NEEDED","NONE,NONE,DELTA,NONE",
2.942638,2026-09-05T19:04:01.732+01:00,127766,1366306,178,178,True,True,0x04,"NO_IRQ,NO_IRQ,OK,RESYNC_NEEDED","NONE,NONE,DELTA,NONE",
2.945994,2026-09-05T19:04:01.736+01:00,127944,1366307,254,254,True,True,0x04,"NO_IRQ,NO_IRQ,OK,RESYNC_NEEDED","NONE,NONE,DELTA,NONE",
2.951087,2026-09-05T19:04:01.740+01:00,128198,1366308,258,258,True,True,0x04,"NO_IRQ,NO_IRQ,OK,RESYNC_NEEDED","NONE,NONE,DELTA,NONE",
2.956128,2026-09-05T19:04:01.744+01:00,128456,1366309,144,144,True,True,0x04,"NO_IRQ,NO_IRQ,OK,RESYNC_NEEDED","NONE,NONE,DELTA,NONE",
2.961177,2026-09-05T19:04:01.751+01:00,128600,1366310,196,196,True,True,0x04,"NO_IRQ,NO_IRQ,OK,RESYNC_NEEDED","NONE,NONE,DELTA,NONE",
2.965943,2026-09-05T19:04:01.754+01:00,128796,1366311,250,250,True,True,0x04,"NO_IRQ,NO_IRQ,OK,RESYNC_NEEDED","NONE,NONE,DELTA,NONE",
2.970704,2026-09-05T19:04:01.759+01:00,129046,1366312,272,272,True,True,0x04,"NO_IRQ,NO_IRQ,OK,RESYNC_NEEDED","NONE,NONE,DELTA,NONE",
2.986816,2026-09-05T19:04:01.764+01:00,129318,1366313,144,144,True,True,0x04,"NO_IRQ,NO_IRQ,OK,RESYNC_NEEDED","NONE,NONE,DELTA,NONE",
2.987617,2026-09-05T19:04:01.780+01:00,129462,1366314,186,186,True,True,0x04,"NO_IRQ,NO_IRQ,OK,RESYNC_NEEDED","NONE,NONE,DELTA,NONE",
2.988305,2026-09-05T19:04:01.781+01:00,129648,1366315,254,254,True,True,0x04,"NO_IRQ,NO_IRQ,OK,RESYNC_NEEDED","NONE,NONE,DELTA,NONE",
2.990869,2026-09-05T19:04:01.782+01:00,129902,1366316,260,260,True,True,0x04,"NO_IRQ,NO_IRQ,OK,RESYNC_NEEDED","NONE,NONE,DELTA,NONE",
2.995659,2026-09-05T19:04:01.784+01:00,130162,1366317,152,152,True,True,0x04,"NO_IRQ,NO_IRQ,OK,RESYNC_NEEDED","NONE,NONE,DELTA,NONE",
3.003890,2026-09-05T19:04:01.789+01:00,130314,1366318,172,172,True,True,0x04,"NO_IRQ,NO_IRQ,OK,RESYNC_NEEDED","NONE,NONE,DELTA,NONE",
3.005822,2026-09-05T19:04:01.798+01:00,130486,1366319,242,242,True,True,0x04,"NO_IRQ,NO_IRQ,OK,RESYNC_NEEDED","NONE,NONE,DELTA,NONE",
3.011839,2026-09-05T19:04:01.799+01:00,130728,1366320,246,246,True,True,0x04,"NO_IRQ,NO_IRQ,OK,RESYNC_NEEDED","NONE,NONE,DELTA,NONE",
3.023964,2026-09-05T19:04:01.805+01:00,130974,1366321,148,148,True,True,0x04,"NO_IRQ,NO_IRQ,OK,RESYNC_NEEDED","NONE,NONE,DELTA,NONE",
3.025628,2026-09-05T19:04:01.818+01:00,131122,1366322,182,182,True,True,0x04,"NO_IRQ,NO_IRQ,OK,RESYNC_NEEDED","NONE,NONE,DELTA,NONE",
3.026707,2026-09-05T19:04:01.819+01:00,131304,1366323,242,242,True,True,0x04,"NO_IRQ,NO_IRQ,OK,RESYNC_NEEDED","NONE,NONE,DELTA,NONE",
3.031073,2026-09-05T19:04:01.820+01:00,131546,1366324,262,262,True,True,0x04,"NO_IRQ,NO_IRQ,OK,RESYNC_NEEDED","NONE,NONE,DELTA,NONE",
3.042893,2026-09-05T19:04:01.824+01:00,131808,1366325,148,148,True,True,0x04,"NO_IRQ,NO_IRQ,OK,RESYNC_NEEDED","NONE,NONE,DELTA,NONE",
3.043601,2026-09-05T19:04:01.836+01:00,131956,1366326,178,178,True,True,0x04,"NO_IRQ,NO_IRQ,OK,RESYNC_NEEDED","NONE,NONE,DELTA,NONE",
3.045607,2026-09-05T19:04:01.837+01:00,132134,1366327,236,236,True,True,0x04,"NO_IRQ,NO_IRQ,OK,RESYNC_NEEDED","NONE,NONE,DELTA,NONE",
3.051247,2026-09-05T19:04:01.839+01:00,132370,1366328,248,248,True,True,0x04,"NO_IRQ,NO_IRQ,OK,RESYNC_NEEDED","NONE,NONE,DELTA,NONE",
3.055744,2026-09-05T19:04:01.845+01:00,132618,1366329,154,154,True,True,0x04,"NO_IRQ,NO_IRQ,OK,RESYNC_NEEDED","NONE,NONE,DELTA,NONE",
3.066551,2026-09-05T19:04:01.849+01:00,132772,1366330,172,172,True,True,0x04,"NO_IRQ,NO_IRQ,OK,RESYNC_NEEDED","NONE,NONE,DELTA,NONE",
3.067574,2026-09-05T19:04:01.860+01:00,132944,1366331,238,238,True,True,0x04,"NO_IRQ,NO_IRQ,OK,RESYNC_NEEDED","NONE,NONE,DELTA,NONE",
3.071154,2026-09-05T19:04:01.861+01:00,133182,1366332,246,246,True,True,0x04,"NO_IRQ,NO_IRQ,OK,RESYNC_NEEDED","NONE,NONE,DELTA,NONE",
3.076116,2026-09-05T19:04:01.865+01:00,133428,1366333,148,148,True,True,0x04,"NO_IRQ,NO_IRQ,OK,RESYNC_NEEDED","NONE,NONE,DELTA,NONE",
3.080840,2026-09-05T19:04:01.869+01:00,133576,1366334,158,158,True,True,0x04,"NO_IRQ,NO_IRQ,OK,RESYNC_NEEDED","NONE,NONE,DELTA,NONE",
3.090509,2026-09-05T19:04:01.875+01:00,133734,1366335,242,242,True,True,0x04,"NO_IRQ,NO_IRQ,OK,RESYNC_NEEDED","NONE,NONE,DELTA,NONE",
3.091513,2026-09-05T19:04:01.884+01:00,133976,1366336,264,264,True,True,0x04,"NO_IRQ,NO_IRQ,OK,RESYNC_NEEDED","NONE,NONE,DELTA,NONE",
3.095713,2026-09-05T19:04:01.885+01:00,134240,1366337,150,150,True,True,0x04,"NO_IRQ,NO_IRQ,OK,RESYNC_NEEDED","NONE,NONE,DELTA,NONE",
3.101175,2026-09-05T19:04:01.889+01:00,134390,1366338,162,162,True,True,0x04,"NO_IRQ,NO_IRQ,OK,RESYNC_NEEDED","NONE,NONE,DELTA,NONE",
3.105727,2026-09-05T19:04:01.895+01:00,134552,1366339,242,242,True,True,0x04,"NO_IRQ,NO_IRQ,OK,RESYNC_NEEDED","NONE,NONE,DELTA,NONE",
3.116506,2026-09-05T19:04:01.899+01:00,134794,1366340,256,256,True,True,0x04,"NO_IRQ,NO_IRQ,OK,RESYNC_NEEDED","NONE,NONE,DELTA,NONE",
3.117175,2026-09-05T19:04:01.910+01:00,135050,1366341,152,152,True,True,0x04,"NO_IRQ,NO_IRQ,OK,RESYNC_NEEDED","NONE,NONE,DELTA,NONE",
3.120974,2026-09-05T19:04:01.910+01:00,135202,1366342,172,172,True,True,0x04,"NO_IRQ,NO_IRQ,OK,RESYNC_NEEDED","NONE,NONE,DELTA,NONE",
3.126010,2026-09-05T19:04:01.915+01:00,135374,1366343,258,258,True,True,0x04,"NO_IRQ,NO_IRQ,OK,RESYNC_NEEDED","NONE,NONE,DELTA,NONE",
3.137292,2026-09-05T19:04:01.919+01:00,135632,1366344,250,250,True,True,0x04,"NO_IRQ,NO_IRQ,OK,RESYNC_NEEDED","NONE,NONE,DELTA,NONE",
3.137956,2026-09-05T19:04:01.931+01:00,135882,1366345,156,156,True,True,0x04,"NO_IRQ,NO_IRQ,OK,RESYNC_NEEDED","NONE,NONE,DELTA,NONE",
3.140794,2026-09-05T19:04:01.931+01:00,136038,1366346,178,178,True,True,0x04,"NO_IRQ,NO_IRQ,OK,RESYNC_NEEDED","NONE,NONE,DELTA,NONE",
3.145905,2026-09-05T19:04:01.934+01:00,136216,1366347,248,248,True,True,0x04,"NO_IRQ,NO_IRQ,OK,RESYNC_NEEDED","NONE,NONE,DELTA,NONE",
3.152785,2026-09-05T19:04:01.939+01:00,136464,1366348,254,254,True,True,0x04,"NO_IRQ,NO_IRQ,OK,RESYNC_NEEDED","NONE,NONE,DELTA,NONE",
3.157018,2026-09-05T19:04:01.946+01:00,136718,1366349,152,152,True,True,0x04,"NO_IRQ,NO_IRQ,OK,RESYNC_NEEDED","NONE,NONE,DELTA,NONE",
3.160381,2026-09-05T19:04:01.950+01:00,136870,1366350,162,162,True,True,0x04,"NO_IRQ,NO_IRQ,OK,RESYNC_NEEDED","NONE,NONE,DELTA,NONE",
3.165571,2026-09-05T19:04:01.954+01:00,137032,1366351,250,250,True,True,0x04,"NO_IRQ,NO_IRQ,OK,RESYNC_NEEDED","NONE,NONE,DELTA,NONE",
3.170489,2026-09-05T19:04:01.959+01:00,137282,1366352,258,258,True,True,0x04,"NO_IRQ,NO_IRQ,OK,RESYNC_NEEDED","NONE,NONE,DELTA,NONE",
3.185500,2026-09-05T19:04:01.964+01:00,137540,1366353,150,150,True,True,0x04,"NO_IRQ,NO_IRQ,OK,RESYNC_NEEDED","NONE,NONE,DELTA,NONE",
3.186086,2026-09-05T19:04:01.979+01:00,137690,1366354,158,158,True,True,0x04,"NO_IRQ,NO_IRQ,OK,RESYNC_NEEDED","NONE,NONE,DELTA,NONE",
3.186546,2026-09-05T19:04:01.979+01:00,137848,1366355,252,252,True,True,0x04,"NO_IRQ,NO_IRQ,OK,RESYNC_NEEDED","NONE,NONE,DELTA,NONE",
3.206273,2026-09-05T19:04:01.980+01:00,138100,1366356,262,262,True,True,0x04,"NO_IRQ,NO_IRQ,OK,RESYNC_NEEDED","NONE,NONE,DELTA,NONE",
3.207489,2026-09-05T19:04:02.000+01:00,138362,1366357,150,150,True,True,0x04,"NO_IRQ,NO_IRQ,OK,RESYNC_NEEDED","NONE,NONE,DELTA,NONE",
3.208318,2026-09-05T19:04:02.001+01:00,138512,1366358,158,158,True,True,0x04,"NO_IRQ,NO_IRQ,OK,RESYNC_NEEDED","NONE,NONE,DELTA,NONE",
3.209102,2026-09-05T19:04:02.002+01:00,138670,1366359,244,244,True,True,0x04,"NO_IRQ,NO_IRQ,OK,RESYNC_NEEDED","NONE,NONE,DELTA,NONE",
3.210647,2026-09-05T19:04:02.002+01:00,138914,1366360,246,246,True,True,0x04,"NO_IRQ,NO_IRQ,OK,RESYNC_NEEDED","NONE,NONE,DELTA,NONE",
3.215673,2026-09-05T19:04:02.004+01:00,139160,1366361,162,162,True,True,0x04,"NO_IRQ,NO_IRQ,OK,RESYNC_NEEDED","NONE,NONE,DELTA,NONE",
3.221824,2026-09-05T19:04:02.009+01:00,139322,1366362,168,168,True,True,0x04,"NO_IRQ,NO_IRQ,OK,RESYNC_NEEDED","NONE,NONE,DELTA,NONE",
3.236331,2026-09-05T19:04:02.015+01:00,139490,1366363,252,252,True,True,0x04,"NO_IRQ,NO_IRQ,OK,RESYNC_NEEDED","NONE,NONE,DELTA,NONE",
3.237717,2026-09-05T19:04:02.030+01:00,139742,1366364,246,246,True,True,0x04,"NO_IRQ,NO_IRQ,OK,RESYNC_NEEDED","NONE,NONE,DELTA,NONE",
3.238703,2026-09-05T19:04:02.031+01:00,139988,1366365,158,158,True,True,0x04,"NO_IRQ,NO_IRQ,OK,RESYNC_NEEDED","NONE,NONE,DELTA,NONE",
3.240462,2026-09-05T19:04:02.032+01:00,140146,1366366,156,156,True,True,0x04,"NO_IRQ,NO_IRQ,OK,RESYNC_NEEDED","NONE,NONE,DELTA,NONE",
3.245909,2026-09-05T19:04:02.034+01:00,140302,1366367,256,256,True,True,0x04,"NO_IRQ,NO_IRQ,OK,RESYNC_NEEDED","NONE,NONE,DELTA,NONE",
3.250722,2026-09-05T19:04:02.039+01:00,140558,1366368,262,262,True,True,0x04,"NO_IRQ,NO_IRQ,OK,RESYNC_NEEDED","NONE,NONE,DELTA,NONE",
3.260961,2026-09-05T19:04:02.044+01:00,140820,1366369,158,158,True,True,0x04,"NO_IRQ,NO_IRQ,OK,RESYNC_NEEDED","NONE,NONE,DELTA,NONE",
3.261940,2026-09-05T19:04:02.054+01:00,140978,1366370,164,164,True,True,0x04,"NO_IRQ,NO_IRQ,OK,RESYNC_NEEDED","NONE,NONE,DELTA,NONE",
3.266006,2026-09-05T19:04:02.055+01:00,141142,1366371,244,244,True,True,0x04,"NO_IRQ,NO_IRQ,OK,RESYNC_NEEDED","NONE,NONE,DELTA,NONE",
3.270951,2026-09-05T19:04:02.059+01:00,141386,1366372,244,244,True,True,0x04,"NO_IRQ,NO_IRQ,OK,RESYNC_NEEDED","NONE,NONE,DELTA,NONE",
3.283447,2026-09-05T19:04:02.064+01:00,141630,1366373,160,160,True,True,0x04,"NO_IRQ,NO_IRQ,OK,RESYNC_NEEDED","NONE,NONE,DELTA,NONE",
3.284873,2026-09-05T19:04:02.077+01:00,141790,1366374,158,158,True,True,0x04,"NO_IRQ,NO_IRQ,OK,RESYNC_NEEDED","NONE,NONE,DELTA,NONE",
3.285434,2026-09-05T19:04:02.078+01:00,141948,1366375,244,244,True,True,0x04,"NO_IRQ,NO_IRQ,OK,RESYNC_NEEDED","NONE,NONE,DELTA,NONE",
3.291189,2026-09-05T19:04:02.079+01:00,142192,1366376,258,258,True,True,0x04,"NO_IRQ,NO_IRQ,OK,RESYNC_NEEDED","NONE,NONE,DELTA,NONE",
3.295576,2026-09-05T19:04:02.085+01:00,142450,1366377,160,160,True,True,0x04,"NO_IRQ,NO_IRQ,OK,RESYNC_NEEDED","NONE,NONE,DELTA,NONE",
3.309011,2026-09-05T19:04:02.089+01:00,142610,1366378,156,156,True,True,0x04,"NO_IRQ,NO_IRQ,OK,RESYNC_NEEDED","NONE,NONE,DELTA,NONE",
3.314016,2026-09-05T19:04:02.106+01:00,142766,1366379,250,250,True,True,0x04,"NO_IRQ,NO_IRQ,OK,RESYNC_NEEDED","NONE,NONE,DELTA,NONE",
3.315065,2026-09-05T19:04:02.107+01:00,143016,1366380,250,250,True,True,0x04,"NO_IRQ,NO_IRQ,OK,RESYNC_NEEDED","NONE,NONE,DELTA,NONE",
3.315980,2026-09-05T19:04:02.108+01:00,143266,1366381,160,160,True,True,0x04,"NO_IRQ,NO_IRQ,OK,RESYNC_NEEDED","NONE,NONE,DELTA,NONE",
3.320618,2026-09-05T19:04:02.109+01:00,143426,1366382,154,154,True,True,0x04,"NO_IRQ,NO_IRQ,OK,RESYNC_NEEDED","NONE,NONE,DELTA,NONE",
3.326561,2026-09-05T19:04:02.114+01:00,143580,1366383,242,242,True,True,0x04,"NO_IRQ,NO_IRQ,OK,RESYNC_NEEDED","NONE,NONE,DELTA,NONE",
3.331028,2026-09-05T19:04:02.120+01:00,143822,1366384,246,246,True,True,0x04,"NO_IRQ,NO_IRQ,OK,RESYNC_NEEDED","NONE,NONE,DELTA,NONE",
3.341844,2026-09-05T19:04:02.125+01:00,144068,1366385,170,170,True,True,0x04,"NO_IRQ,NO_IRQ,OK,RESYNC_NEEDED","NONE,NONE,DELTA,NONE",
3.342206,2026-09-05T19:04:02.135+01:00,144238,1366386,160,160,True,True,0x04,"NO_IRQ,NO_IRQ,OK,RESYNC_NEEDED","NONE,NONE,DELTA,NONE",
3.346082,2026-09-05T19:04:02.135+01:00,144398,1366387,240,240,True,True,0x04,"NO_IRQ,NO_IRQ,OK,RESYNC_NEEDED","NONE,NONE,DELTA,NONE",
3.350826,2026-09-05T19:04:02.139+01:00,144638,1366388,254,254,True,True,0x04,"NO_IRQ,NO_IRQ,OK,RESYNC_NEEDED","NONE,NONE,DELTA,NONE",
3.356103,2026-09-05T19:04:02.144+01:00,144892,1366389,170,170,True,True,0x04,"NO_IRQ,NO_IRQ,OK,RESYNC_NEEDED","NONE,NONE,DELTA,NONE",
3.366102,2026-09-05T19:04:02.150+01:00,145062,1366390,160,160,True,True,0x04,"NO_IRQ,NO_IRQ,OK,RESYNC_NEEDED","NONE,NONE,DELTA,NONE",
3.366422,2026-09-05T19:04:02.159+01:00,145222,1366391,244,244,True,True,0x04,"NO_IRQ,NO_IRQ,OK,RESYNC_NEEDED","NONE,NONE,DELTA,NONE",
3.370612,2026-09-05T19:04:02.160+01:00,145466,1366392,250,250,True,True,0x04,"NO_IRQ,NO_IRQ,OK,RESYNC_NEEDED","NONE,NONE,DELTA,NONE",
3.375829,2026-09-05T19:04:02.164+01:00,145716,1366393,166,166,True,True,0x04,"NO_IRQ,NO_IRQ,OK,RESYNC_NEEDED","NONE,NONE,DELTA,NONE",
3.380848,2026-09-05T19:04:02.170+01:00,145882,1366394,152,152,True,True,0x04,"NO_IRQ,NO_IRQ,OK,RESYNC_NEEDED","NONE,NONE,DELTA,NONE",
3.385616,2026-09-05T19:04:02.175+01:00,146034,1366395,236,236,True,True,0x04,"NO_IRQ,NO_IRQ,OK,RESYNC_NEEDED","NONE,NONE,DELTA,NONE",
3.395813,2026-09-05T19:04:02.179+01:00,146270,1366396,252,252,True,True,0x04,"NO_IRQ,NO_IRQ,OK,RESYNC_NEEDED","NONE,NONE,DELTA,NONE",
3.396856,2026-09-05T19:04:02.189+01:00,146522,1366397,170,170,True,True,0x04,"NO_IRQ,NO_IRQ,OK,RESYNC_NEEDED","NONE,NONE,DELTA,NONE",
3.400391,2026-09-05T19:04:02.190+01:00,146692,1366398,154,154,True,True,0x04,"NO_IRQ,NO_IRQ,OK,RESYNC_NEEDED","NONE,NONE,DELTA,NONE",
3.405807,2026-09-05T19:04:02.194+01:00,146846,1366399,244,244,True,True,0x04,"NO_IRQ,NO_IRQ,OK,RESYNC_NEEDED","NONE,NONE,DELTA,NONE",
3.412209,2026-09-05T19:04:02.199+01:00,147090,1366400,252,252,True,True,0x04,"NO_IRQ,NO_IRQ,OK,RESYNC_NEEDED","NONE,NONE,DELTA,NONE",
3.416380,2026-09-05T19:04:02.206+01:00,147342,1366401,172,172,True,True,0x04,"NO_IRQ,NO_IRQ,OK,RESYNC_NEEDED","NONE,NONE,DELTA,NONE",
3.423350,2026-09-05T19:04:02.210+01:00,147514,1366402,158,158,True,True,0x04,"NO_IRQ,NO_IRQ,OK,RESYNC_NEEDED","NONE,NONE,DELTA,NONE",
3.425436,2026-09-05T19:04:02.217+01:00,147672,1366403,248,248,True,True,0x04,"NO_IRQ,NO_IRQ,OK,RESYNC_NEEDED","NONE,NONE,DELTA,NONE",
3.430407,2026-09-05T19:04:02.219+01:00,147920,1366404,258,258,True,True,0x04,"NO_IRQ,NO_IRQ,OK,RESYNC_NEEDED","NONE,NONE,DELTA,NONE",
3.435444,2026-09-05T19:04:02.224+01:00,148178,1366405,170,170,True,True,0x04,"NO_IRQ,NO_IRQ,OK,RESYNC_NEEDED","NONE,NONE,DELTA,NONE",
3.440269,2026-09-05T19:04:02.229+01:00,148348,1366406,150,150,True,True,0x04,"NO_IRQ,NO_IRQ,OK,RESYNC_NEEDED","NONE,NONE,DELTA,NONE",
3.451176,2026-09-05T19:04:02.234+01:00,148498,1366407,242,242,True,True,0x04,"NO_IRQ,NO_IRQ,OK,RESYNC_NEEDED","NONE,NONE,DELTA,NONE",
3.463734,2026-09-05T19:04:02.246+01:00,148740,1366408,246,246,True,True,0x04,"NO_IRQ,NO_IRQ,OK,RESYNC_NEEDED","NONE,NONE,DELTA,NONE",
3.464598,2026-09-05T19:04:02.257+01:00,148986,1366409,172,172,True,True,0x04,"NO_IRQ,NO_IRQ,OK,RESYNC_NEEDED","NONE,NONE,DELTA,NONE",
3.465190,2026-09-05T19:04:02.258+01:00,149158,1366410,152,152,True,True,0x04,"NO_IRQ,NO_IRQ,OK,RESYNC_NEEDED","NONE,NONE,DELTA,NONE",
3.466147,2026-09-05T19:04:02.258+01:00,149310,1366411,236,236,True,True,0x04,"NO_IRQ,NO_IRQ,OK,RESYNC_NEEDED","NONE,NONE,DELTA,NONE",
3.471436,2026-09-05T19:04:02.259+01:00,149546,1366412,244,244,True,True,0x04,"NO_IRQ,NO_IRQ,OK,RESYNC_NEEDED","NONE,NONE,DELTA,NONE",
3.475648,2026-09-05T19:04:02.265+01:00,149790,1366413,172,172,True,True,0x04,"NO_IRQ,NO_IRQ,OK,RESYNC_NEEDED","NONE,NONE,DELTA,NONE",
3.486152,2026-09-05T19:04:02.269+01:00,149962,1366414,144,144,True,True,0x04,"NO_IRQ,NO_IRQ,OK,RESYNC_NEEDED","NONE,NONE,DELTA,NONE",
3.486613,2026-09-05T19:04:02.280+01:00,150106,1366415,254,254,True,True,0x04,"NO_IRQ,NO_IRQ,OK,RESYNC_NEEDED","NONE,NONE,DELTA,NONE",
3.490754,2026-09-05T19:04:02.280+01:00,150360,1366416,238,238,True,True,0x04,"NO_IRQ,NO_IRQ,OK,RESYNC_NEEDED","NONE,NONE,DELTA,NONE",
3.495964,2026-09-05T19:04:02.284+01:00,150598,1366417,174,174,True,True,0x04,"NO_IRQ,NO_IRQ,OK,RESYNC_NEEDED","NONE,NONE,DELTA,NONE",
3.501027,2026-09-05T19:04:02.289+01:00,150772,1366418,156,156,True,True,0x04,"NO_IRQ,NO_IRQ,OK,RESYNC_NEEDED","NONE,NONE,DELTA,NONE",
3.510000,2026-09-05T19:04:02.294+01:00,150928,1366419,242,242,True,True,0x04,"NO_IRQ,NO_IRQ,OK,RESYNC_NEEDED","NONE,NONE,DELTA,NONE",
3.510856,2026-09-05T19:04:02.304+01:00,151170,1366420,244,244,True,True,0x04,"NO_IRQ,NO_IRQ,OK,RESYNC_NEEDED","NONE,NONE,DELTA,NONE",
3.515863,2026-09-05T19:04:02.304+01:00,151414,1366421,178,178,True,True,0x04,"NO_IRQ,NO_IRQ,OK,RESYNC_NEEDED","NONE,NONE,DELTA,NONE",
3.520735,2026-09-05T19:04:02.310+01:00,151592,1366422,148,148,True,True,0x04,"NO_IRQ,NO_IRQ,OK,RESYNC_NEEDED","NONE,NONE,DELTA,NONE",
3.533095,2026-09-05T19:04:02.314+01:00,151740,1366423,250,250,True,True,0x04,"NO_IRQ,NO_IRQ,OK,RESYNC_NEEDED","NONE,NONE,DELTA,NONE",
3.534070,2026-09-05T19:04:02.327+01:00,151990,1366424,236,236,True,True,0x04,"NO_IRQ,NO_IRQ,OK,RESYNC_NEEDED","NONE,NONE,DELTA,NONE",
3.535426,2026-09-05T19:04:02.327+01:00,152226,1366425,178,178,True,True,0x04,"NO_IRQ,NO_IRQ,OK,RESYNC_NEEDED","NONE,NONE,DELTA,NONE",
3.540788,2026-09-05T19:04:02.329+01:00,152404,1366426,142,142,True,True,0x04,"NO_IRQ,NO_IRQ,OK,RESYNC_NEEDED","NONE,NONE,DELTA,NONE",
3.545403,2026-09-05T19:04:02.334+01:00,152546,1366427,244,244,True,True,0x04,"NO_IRQ,NO_IRQ,OK,RESYNC_NEEDED","NONE,NONE,DELTA,NONE",
3.556703,2026-09-05T19:04:02.339+01:00,152790,1366428,252,252,True,True,0x04,"NO_IRQ,NO_IRQ,OK,RESYNC_NEEDED","NONE,NONE,DELTA,NONE",
3.557579,2026-09-05T19:04:02.350+01:00,153042,1366429,180,180,True,True,0x04,"NO_IRQ,NO_IRQ,OK,RESYNC_NEEDED","NONE,NONE,DELTA,NONE",
3.560599,2026-09-05T19:04:02.351+01:00,153222,1366430,148,148,True,True,0x04,"NO_IRQ,NO_IRQ,OK,RESYNC_NEEDED","NONE,NONE,DELTA,NONE",
3.565618,2026-09-05T19:04:02.354+01:00,153370,1366431,258,258,True,True,0x04,"NO_IRQ,NO_IRQ,OK,RESYNC_NEEDED","NONE,NONE,DELTA,NONE",
3.570705,2026-09-05T19:04:02.359+01:00,153628,1366432,248,248,True,True,0x04,"NO_IRQ,NO_IRQ,OK,RESYNC_NEEDED","NONE,NONE,DELTA,NONE",
3.584432,2026-09-05T19:04:02.364+01:00,153876,1366433,174,174,True,True,0x04,"NO_IRQ,NO_IRQ,OK,RESYNC_NEEDED","NONE,NONE,DELTA,NONE",
3.587460,2026-09-05T19:04:02.378+01:00,154050,1366434,142,142,True,True,0x04,"NO_IRQ,NO_IRQ,OK,RESYNC_NEEDED","NONE,NONE,DELTA,NONE",
3.588434,2026-09-05T19:04:02.381+01:00,154192,1366435,1084,1084,True,True,0x04,"NO_IRQ,NO_IRQ,OK,RESYNC_NEEDED","NONE,NONE,DELTA_SYNC,NONE",
3.590594,2026-09-05T19:04:02.382+01:00,155276,1366436,244,244,True,True,0x04,"NO_IRQ,NO_IRQ,OK,RESYNC_NEEDED","NONE,NONE,DELTA,NONE",
3.595392,2026-09-05T19:04:02.384+01:00,155520,1366437,184,184,True,True,0x04,"NO_IRQ,NO_IRQ,OK,RESYNC_NEEDED","NONE,NONE,DELTA,NONE",
3.600579,2026-09-05T19:04:02.389+01:00,155704,1366438,148,148,True,True,0x04,"NO_IRQ,NO_IRQ,OK,RESYNC_NEEDED","NONE,NONE,DELTA,NONE",
3.612381,2026-09-05T19:04:02.394+01:00,155852,1366439,244,244,True,True,0x04,"NO_IRQ,NO_IRQ,OK,RESYNC_NEEDED","NONE,NONE,DELTA,NONE",
3.613593,2026-09-05T19:04:02.406+01:00,156096,1366440,246,246,True,True,0x04,"NO_IRQ,NO_IRQ,OK,RESYNC_NEEDED","NONE,NONE,DELTA,NONE",
3.615601,2026-09-05T19:04:02.407+01:00,156342,1366441,188,188,True,True,0x04,"NO_IRQ,NO_IRQ,OK,RESYNC_NEEDED","NONE,NONE,DELTA,NONE",
3.620322,2026-09-05T19:04:02.409+01:00,156530,1366442,150,150,True,True,0x04,"NO_IRQ,NO_IRQ,OK,RESYNC_NEEDED","NONE,NONE,DELTA,NONE",
3.625836,2026-09-05T19:04:02.414+01:00,156680,1366443,246,246,True,True,0x04,"NO_IRQ,NO_IRQ,OK,RESYNC_NEEDED","NONE,NONE,DELTA,NONE",
3.632792,2026-09-05T19:04:02.419+01:00,156926,1366444,244,244,True,True,0x04,"NO_IRQ,NO_IRQ,OK,RESYNC_NEEDED","NONE,NONE,DELTA,NONE",
3.642556,2026-09-05T19:04:02.427+01:00,157170,1366445,184,184,True,True,0x04,"NO_IRQ,NO_IRQ,OK,RESYNC_NEEDED","NONE,NONE,DELTA,NONE",
3.643611,2026-09-05T19:04:02.436+01:00,157354,1366446,144,144,True,True,0x04,"NO_IRQ,NO_IRQ,OK,RESYNC_NEEDED","NONE,NONE,DELTA,NONE",
3.645689,2026-09-05T19:04:02.437+01:00,157498,1366447,246,246,True,True,0x04,"NO_IRQ,NO_IRQ,OK,RESYNC_NEEDED","NONE,NONE,DELTA,NONE",
3.651226,2026-09-05T19:04:02.439+01:00,157744,1366448,240,240,True,True,0x04,"NO_IRQ,NO_IRQ,OK,RESYNC_NEEDED","NONE,NONE,DELTA,NONE",
3.655775,2026-09-05T19:04:02.445+01:00,157984,1366449,186,186,True,True,0x04,"NO_IRQ,NO_IRQ,OK,RESYNC_NEEDED","NONE,NONE,DELTA,NONE",
3.662042,2026-09-05T19:04:02.449+01:00,158170,1366450,150,150,True,True,0x04,"NO_IRQ,NO_IRQ,OK,RESYNC_NEEDED","NONE,NONE,DELTA,NONE",
3.666447,2026-09-05T19:04:02.455+01:00,158320,1366451,254,254,True,True,0x04,"NO_IRQ,NO_IRQ,OK,RESYNC_NEEDED","NONE,NONE,DELTA,NONE",
3.673600,2026-09-05T19:04:02.460+01:00,158574,1366452,244,244,True,True,0x04,"NO_IRQ,NO_IRQ,OK,RESYNC_NEEDED","NONE,NONE,DELTA,NONE",
3.675533,2026-09-05T19:04:02.467+01:00,158818,1366453,196,196,True,True,0x04,"NO_IRQ,NO_IRQ,OK,RESYNC_NEEDED","NONE,NONE,DELTA,NONE",
3.680192,2026-09-05T19:04:02.469+01:00,159014,1366454,144,144,True,True,0x04,"NO_IRQ,NO_IRQ,OK,RESYNC_NEEDED","NONE,NONE,DELTA,NONE",
3.685438,2026-09-05T19:04:02.474+01:00,159158,1366455,252,252,True,True,0x04,"NO_IRQ,NO_IRQ,OK,RESYNC_NEEDED","NONE,NONE,DELTA,NONE",
3.690475,2026-09-05T19:04:02.479+01:00,159410,1366456,238,238,True,True,0x04,"NO_IRQ,NO_IRQ,OK,RESYNC_NEEDED","NONE,NONE,DELTA,NONE",
3.702612,2026-09-05T19:04:02.484+01:00,159648,1366457,190,190,True,True,0x04,"NO_IRQ,NO_IRQ,OK,RESYNC_NEEDED","NONE,NONE,DELTA,NONE",
3.703229,2026-09-05T19:04:02.496+01:00,159838,1366458,142,142,True,True,0x04,"NO_IRQ,NO_IRQ,OK,RESYNC_NEEDED","NONE,NONE,DELTA,NONE",
3.724381,2026-09-05T19:04:02.497+01:00,159980,1366459,250,250,True,True,0x04,"NO_IRQ,NO_IRQ,OK,RESYNC_NEEDED","NONE,NONE,DELTA,NONE",
3.724997,2026-09-05T19:04:02.518+01:00,160230,1366460,236,236,True,True,0x04,"NO_IRQ,NO_IRQ,OK,RESYNC_NEEDED","NONE,NONE,DELTA,NONE",
3.725796,2026-09-05T19:04:02.518+01:00,160466,1366461,180,180,True,True,0x04,"NO_IRQ,NO_IRQ,OK,RESYNC_NEEDED","NONE,NONE,DELTA,NONE",
3.726597,2026-09-05T19:04:02.519+01:00,160646,1366462,148,148,True,True,0x04,"NO_IRQ,NO_IRQ,OK,RESYNC_NEEDED","NONE,NONE,DELTA,NONE",
3.727319,2026-09-05T19:04:02.520+01:00,160794,1366463,250,250,True,True,0x04,"NO_IRQ,NO_IRQ,OK,RESYNC_NEEDED","NONE,NONE,DELTA,NONE",
3.730842,2026-09-05T19:04:02.521+01:00,161044,1366464,232,232,True,True,0x04,"NO_IRQ,NO_IRQ,OK,RESYNC_NEEDED","NONE,NONE,DELTA,NONE",
3.735431,2026-09-05T19:04:02.524+01:00,161276,1366465,192,192,True,True,0x04,"NO_IRQ,NO_IRQ,OK,RESYNC_NEEDED","NONE,NONE,DELTA,NONE",
3.749078,2026-09-05T19:04:02.529+01:00,161468,1366466,138,138,True,True,0x04,"NO_IRQ,NO_IRQ,OK,RESYNC_NEEDED","NONE,NONE,DELTA,NONE",
3.750064,2026-09-05T19:04:02.543+01:00,161606,1366467,248,248,True,True,0x04,"NO_IRQ,NO_IRQ,OK,RESYNC_NEEDED","NONE,NONE,DELTA,NONE",
3.750877,2026-09-05T19:04:02.543+01:00,161854,1366468,234,234,True,True,0x04,"NO_IRQ,NO_IRQ,OK,RESYNC_NEEDED","NONE,NONE,DELTA,NONE",
3.755700,2026-09-05T19:04:02.544+01:00,162088,1366469,190,190,True,True,0x04,"NO_IRQ,NO_IRQ,OK,RESYNC_NEEDED","NONE,NONE,DELTA,NONE",
3.760635,2026-09-05T19:04:02.549+01:00,162278,1366470,140,140,True,True,0x04,"NO_IRQ,NO_IRQ,OK,RESYNC_NEEDED","NONE,NONE,DELTA,NONE",
3.765604,2026-09-05T19:04:02.554+01:00,162418,1366471,254,254,True,True,0x04,"NO_IRQ,NO_IRQ,OK,RESYNC_NEEDED","NONE,NONE,DELTA,NONE",
3.775889,2026-09-05T19:04:02.559+01:00,162672,1366472,232,232,True,True,0x04,"NO_IRQ,NO_IRQ,OK,RESYNC_NEEDED","NONE,NONE,DELTA,NONE",
3.776284,2026-09-05T19:04:02.569+01:00,162904,1366473,188,188,True,True,0x04,"NO_IRQ,NO_IRQ,OK,RESYNC_NEEDED","NONE,NONE,DELTA,NONE",
3.780333,2026-09-05T19:04:02.570+01:00,163092,1366474,140,140,True,True,0x04,"NO_IRQ,NO_IRQ,OK,RESYNC_NEEDED","NONE,NONE,DELTA,NONE",
3.785206,2026-09-05T19:04:02.574+01:00,163232,1366475,254,254,True,True,0x04,"NO_IRQ,NO_IRQ,OK,RESYNC_NEEDED","NONE,NONE,DELTA,NONE",
3.798960,2026-09-05T19:04:02.579+01:00,163486,1366476,240,240,True,True,0x04,"NO_IRQ,NO_IRQ,OK,RESYNC_NEEDED","NONE,NONE,DELTA,NONE",
3.800193,2026-09-05T19:04:02.593+01:00,163726,1366477,204,204,True,True,0x04,"NO_IRQ,NO_IRQ,OK,RESYNC_NEEDED","NONE,NONE,DELTA,NONE",
3.800936,2026-09-05T19:04:02.594+01:00,163930,1366478,140,140,True,True,0x04,"NO_IRQ,NO_IRQ,OK,RESYNC_NEEDED","NONE,NONE,DELTA,NONE",
3.805682,2026-09-05T19:04:02.594+01:00,164070,1366479,246,246,True,True,0x04,"NO_IRQ,NO_IRQ,OK,RESYNC_NEEDED","NONE,NONE,DELTA,NONE",
3.810343,2026-09-05T19:04:02.599+01:00,164316,1366480,238,238,True,True,0x04,"NO_IRQ,NO_IRQ,OK,RESYNC_NEEDED","NONE,NONE,DELTA,NONE",
3.822383,2026-09-05T19:04:02.604+01:00,164554,1366481,194,194,True,True,0x04,"NO_IRQ,NO_IRQ,OK,RESYNC_NEEDED","NONE,NONE,DELTA,NONE",
3.823271,2026-09-05T19:04:02.616+01:00,164748,1366482,140,140,True,True,0x04,"NO_IRQ,NO_IRQ,OK,RESYNC_NEEDED","NONE,NONE,DELTA,NONE",
3.825246,2026-09-05T19:04:02.617+01:00,164888,1366483,250,250,True,True,0x04,"NO_IRQ,NO_IRQ,OK,RESYNC_NEEDED","NONE,NONE,DELTA,NONE",
3.830546,2026-09-05T19:04:02.619+01:00,165138,1366484,236,236,True,True,0x04,"NO_IRQ,NO_IRQ,OK,RESYNC_NEEDED","NONE,NONE,DELTA,NONE",
3.835363,2026-09-05T19:04:02.624+01:00,165374,1366485,196,196,True,True,0x04,"NO_IRQ,NO_IRQ,OK,RESYNC_NEEDED","NONE,NONE,DELTA,NONE",
3.847784,2026-09-05T19:04:02.629+01:00,165570,1366486,136,136,True,True,0x04,"NO_IRQ,NO_IRQ,OK,RESYNC_NEEDED","NONE,NONE,DELTA,NONE",
3.849064,2026-09-05T19:04:02.641+01:00,165706,1366487,256,256,True,True,0x04,"NO_IRQ,NO_IRQ,OK,RESYNC_NEEDED","NONE,NONE,DELTA,NONE",
3.850414,2026-09-05T19:04:02.643+01:00,165962,1366488,228,228,True,True,0x04,"NO_IRQ,NO_IRQ,OK,RESYNC_NEEDED","NONE,NONE,DELTA,NONE",
3.855057,2026-09-05T19:04:02.644+01:00,166190,1366489,202,202,True,True,0x04,"NO_IRQ,NO_IRQ,OK,RESYNC_NEEDED","NONE,NONE,DELTA,NONE",
3.860440,2026-09-05T19:04:02.649+01:00,166392,1366490,140,140,True,True,0x04,"NO_IRQ,NO_IRQ,OK,RESYNC_NEEDED","NONE,NONE,DELTA,NONE",
3.873169,2026-09-05T19:04:02.654+01:00,166532,1366491,250,250,True,True,0x04,"NO_IRQ,NO_IRQ,OK,RESYNC_NEEDED","NONE,NONE,DELTA,NONE",
3.874426,2026-09-05T19:04:02.667+01:00,166782,1366492,232,232,True,True,0x04,"NO_IRQ,NO_IRQ,OK,RESYNC_NEEDED","NONE,NONE,DELTA,NONE",
3.875713,2026-09-05T19:04:02.668+01:00,167014,1366493,196,196,True,True,0x04,"NO_IRQ,NO_IRQ,OK,RESYNC_NEEDED","NONE,NONE,DELTA,NONE",
3.880186,2026-09-05T19:04:02.669+01:00,167210,1366494,138,138,True,True,0x04,"NO_IRQ,NO_IRQ,OK,RESYNC_NEEDED","NONE,NONE,DELTA,NONE",
3.885258,2026-09-05T19:04:02.674+01:00,167348,1366495,246,246,True,True,0x04,"NO_IRQ,NO_IRQ,OK,RESYNC_NEEDED","NONE,NONE,DELTA,NONE",
3.896997,2026-09-05T19:04:02.679+01:00,167594,1366496,230,230,True,True,0x04,"NO_IRQ,NO_IRQ,OK,RESYNC_NEEDED","NONE,NONE,DELTA,NONE",
3.898105,2026-09-05T19:04:02.691+01:00,167824,1366497,194,194,True,True,0x04,"NO_IRQ,NO_IRQ,OK,RESYNC_NEEDED","NONE,NONE,DELTA,NONE",
3.900119,2026-09-05T19:04:02.692+01:00,168018,1366498,140,140,True,True,0x04,"NO_IRQ,NO_IRQ,OK,RESYNC_NEEDED","NONE,NONE,DELTA,NONE",
3.905606,2026-09-05T19:04:02.693+01:00,168158,1366499,240,240,True,True,0x04,"NO_IRQ,NO_IRQ,OK,RESYNC_NEEDED","NONE,NONE,DELTA,NONE",
3.910669,2026-09-05T19:04:02.699+01:00,168398,1366500,238,238,True,True,0x04,"NO_IRQ,NO_IRQ,OK,RESYNC_NEEDED","NONE,NONE,DELTA,NONE",
3.915970,2026-09-05T19:04:02.704+01:00,168636,1366501,212,212,True,True,0x04,"NO_IRQ,NO_IRQ,OK,RESYNC_NEEDED","NONE,NONE,DELTA,NONE",
3.920447,2026-09-05T19:04:02.709+01:00,168848,1366502,140,140,True,True,0x04,"NO_IRQ,NO_IRQ,OK,RESYNC_NEEDED","NONE,NONE,DELTA,NONE",
3.925008,2026-09-05T19:04:02.714+01:00,168988,1366503,248,248,True,True,0x04,"NO_IRQ,NO_IRQ,OK,RESYNC_NEEDED","NONE,NONE,DELTA,NONE",
3.930040,2026-09-05T19:04:02.718+01:00,169236,1366504,238,238,True,True,0x04,"NO_IRQ,NO_IRQ,OK,RESYNC_NEEDED","NONE,NONE,DELTA,NONE",
3.935022,2026-09-05T19:04:02.723+01:00,169474,1366505,200,200,True,True,0x04,"NO_IRQ,NO_IRQ,OK,RESYNC_NEEDED","NONE,NONE,DELTA,NONE",
3.950127,2026-09-05T19:04:02.728+01:00,169674,1366506,138,138,True,True,0x04,"NO_IRQ,NO_IRQ,OK,RESYNC_NEEDED","NONE,NONE,DELTA,NONE",
3.950827,2026-09-05T19:04:02.743+01:00,169812,1366507,236,236,True,True,0x04,"NO_IRQ,NO_IRQ,OK,RESYNC_NEEDED","NONE,NONE,DELTA,NONE",
3.951304,2026-09-05T19:04:02.744+01:00,170048,1366508,230,230,True,True,0x04,"NO_IRQ,NO_IRQ,OK,RESYNC_NEEDED","NONE,NONE,DELTA,NONE",
3.955534,2026-09-05T19:04:02.745+01:00,170278,1366509,210,210,True,True,0x04,"NO_IRQ,NO_IRQ,OK,RESYNC_NEEDED","NONE,NONE,DELTA,NONE",
3.960243,2026-09-05T19:04:02.749+01:00,170488,1366510,136,136,True,True,0x04,"NO_IRQ,NO_IRQ,OK,RESYNC_NEEDED","NONE,NONE,DELTA,NONE",
3.971092,2026-09-05T19:04:02.754+01:00,170624,1366511,228,228,True,True,0x04,"NO_IRQ,NO_IRQ,OK,RESYNC_NEEDED","NONE,NONE,DELTA,NONE",
3.971751,2026-09-05T19:04:02.764+01:00,170852,1366512,226,226,True,True,0x04,"NO_IRQ,NO_IRQ,OK,RESYNC_NEEDED","NONE,NONE,DELTA,NONE",
3.975599,2026-09-05T19:04:02.765+01:00,171078,1366513,206,206,True,True,0x04,"NO_IRQ,NO_IRQ,OK,RESYNC_NEEDED","NONE,NONE,DELTA,NONE",
3.979886,2026-09-05T19:04:02.769+01:00,171284,1366514,136,136,True,True,0x04,"NO_IRQ,NO_IRQ,OK,RESYNC_NEEDED","NONE,NONE,DELTA,NONE",
3.992616,2026-09-05T19:04:02.773+01:00,171420,1366515,240,240,True,True,0x04,"NO_IRQ,NO_IRQ,OK,RESYNC_NEEDED","NONE,NONE,DELTA,NONE",
3.993433,2026-09-05T19:04:02.786+01:00,171660,1366516,234,234,True,True,0x04,"NO_IRQ,NO_IRQ,OK,RESYNC_NEEDED","NONE,NONE,DELTA,NONE",
3.994895,2026-09-05T19:04:02.787+01:00,171894,1366517,208,208,True,True,0x04,"NO_IRQ,NO_IRQ,OK,RESYNC_NEEDED","NONE,NONE,DELTA,NONE",
4.000287,2026-09-05T19:04:02.788+01:00,172102,1366518,136,136,True,True,0x04,"NO_IRQ,NO_IRQ,OK,RESYNC_NEEDED","NONE,NONE,DELTA,NONE",
4.005656,2026-09-05T19:04:02.794+01:00,172238,1366519,240,240,True,True,0x04,"NO_IRQ,NO_IRQ,OK,RESYNC_NEEDED","NONE,NONE,DELTA,NONE",
4.016499,2026-09-05T19:04:02.799+01:00,172478,1366520,232,232,True,True,0x04,"NO_IRQ,NO_IRQ,OK,RESYNC_NEEDED","NONE,NONE,DELTA,NONE",
4.017351,2026-09-05T19:04:02.810+01:00,172710,1366521,208,208,True,True,0x04,"NO_IRQ,NO_IRQ,OK,RESYNC_NEEDED","NONE,NONE,DELTA,NONE",
4.020830,2026-09-05T19:04:02.811+01:00,172918,1366522,136,136,True,True,0x04,"NO_IRQ,NO_IRQ,OK,RESYNC_NEEDED","NONE,NONE,DELTA,NONE",
4.025185,2026-09-05T19:04:02.814+01:00,173054,1366523,248,248,True,True,0x04,"NO_IRQ,NO_IRQ,OK,RESYNC_NEEDED","NONE,NONE,DELTA,NONE",
4.030956,2026-09-05T19:04:02.819+01:00,173302,1366524,242,242,True,True,0x04,"NO_IRQ,NO_IRQ,OK,RESYNC_NEEDED","NONE,NONE,DELTA,NONE",
4.035287,2026-09-05T19:04:02.824+01:00,173544,1366525,208,208,True,True,0x04,"NO_IRQ,NO_IRQ,OK,RESYNC_NEEDED","NONE,NONE,DELTA,NONE",
4.046785,2026-09-05T19:04:02.829+01:00,173752,1366526,134,134,True,True,0x04,"NO_IRQ,NO_IRQ,OK,RESYNC_NEEDED","NONE,NONE,DELTA,NONE",
4.047707,2026-09-05T19:04:02.840+01:00,173886,1366527,244,244,True,True,0x04,"NO_IRQ,NO_IRQ,OK,RESYNC_NEEDED","NONE,NONE,DELTA,NONE",
4.050026,2026-09-05T19:04:02.841+01:00,174130,1366528,234,234,True,True,0x04,"NO_IRQ,NO_IRQ,OK,RESYNC_NEEDED","NONE,NONE,DELTA,NONE",
4.055989,2026-09-05T19:04:02.843+01:00,174364,1366529,210,210,True,True,0x04,"NO_IRQ,NO_IRQ,OK,RESYNC_NEEDED","NONE,NONE,DELTA,NONE",
4.059787,2026-09-05T19:04:02.849+01:00,174574,1366530,140,140,True,True,0x04,"NO_IRQ,NO_IRQ,OK,RESYNC_NEEDED","NONE,NONE,DELTA,NONE",
4.070879,2026-09-05T19:04:02.853+01:00,174714,1366531,238,238,True,True,0x04,"NO_IRQ,NO_IRQ,OK,RESYNC_NEEDED","NONE,NONE,DELTA,NONE",
4.072161,2026-09-05T19:04:02.865+01:00,174952,1366532,236,236,True,True,0x04,"NO_IRQ,NO_IRQ,OK,RESYNC_NEEDED","NONE,NONE,DELTA,NONE",
4.075121,2026-09-05T19:04:02.865+01:00,175188,1366533,210,210,True,True,0x04,"NO_IRQ,NO_IRQ,OK,RESYNC_NEEDED","NONE,NONE,DELTA,NONE",
4.080191,2026-09-05T19:04:02.868+01:00,175398,1366534,140,140,True,True,0x04,"NO_IRQ,NO_IRQ,OK,RESYNC_NEEDED","NONE,NONE,DELTA,NONE",
4.093725,2026-09-05T19:04:02.874+01:00,175538,1366535,230,230,True,True,0x04,"NO_IRQ,NO_IRQ,OK,RESYNC_NEEDED","NONE,NONE,DELTA,NONE",
4.094871,2026-09-05T19:04:02.887+01:00,175768,1366536,228,228,True,True,0x04,"NO_IRQ,NO_IRQ,OK,RESYNC_NEEDED","NONE,NONE,DELTA,NONE",
4.095739,2026-09-05T19:04:02.888+01:00,175996,1366537,208,208,True,True,0x04,"NO_IRQ,NO_IRQ,OK,RESYNC_NEEDED","NONE,NONE,DELTA,NONE",
4.100101,2026-09-05T19:04:02.889+01:00,176204,1366538,142,142,True,True,0x04,"NO_IRQ,NO_IRQ,OK,RESYNC_NEEDED","NONE,NONE,DELTA,NONE",
4.105577,2026-09-05T19:04:02.893+01:00,176346,1366539,230,230,True,True,0x04,"NO_IRQ,NO_IRQ,OK,RESYNC_NEEDED","NONE,NONE,DELTA,NONE",
4.118691,2026-09-05T19:04:02.899+01:00,176576,1366540,232,232,True,True,0x04,"NO_IRQ,NO_IRQ,OK,RESYNC_NEEDED","NONE,NONE,DELTA,NONE",
4.119905,2026-09-05T19:04:02.912+01:00,176808,1366541,214,214,True,True,0x04,"NO_IRQ,NO_IRQ,OK,RESYNC_NEEDED","NONE,NONE,DELTA,NONE",
4.121200,2026-09-05T19:04:02.913+01:00,177022,1366542,132,132,True,True,0x04,"NO_IRQ,NO_IRQ,OK,RESYNC_NEEDED","NONE,NONE,DELTA,NONE",
4.125184,2026-09-05T19:04:02.915+01:00,177154,1366543,234,234,True,True,0x04,"NO_IRQ,NO_IRQ,OK,RESYNC_NEEDED","NONE,NONE,DELTA,NONE",
4.133133,2026-09-05T19:04:02.925+01:00,177388,1366544,242,242,True,True,0x04,"NO_IRQ,NO_IRQ,OK,RESYNC_NEEDED","NONE,NONE,DELTA,NONE",
4.137651,2026-09-05T19:04:02.926+01:00,177630,1366545,222,222,True,True,0x04,"NO_IRQ,NO_IRQ,OK,RESYNC_NEEDED","NONE,NONE,DELTA,NONE",
4.140872,2026-09-05T19:04:02.931+01:00,177852,1366546,138,138,True,True,0x04,"NO_IRQ,NO_IRQ,OK,RESYNC_NEEDED","NONE,NONE,DELTA,NONE",
4.145663,2026-09-05T19:04:02.934+01:00,177990,1366547,236,236,True,True,0x04,"NO_IRQ,NO_IRQ,OK,RESYNC_NEEDED","NONE,NONE,DELTA,NONE",
4.149932,2026-09-05T19:04:02.939+01:00,178226,1366548,238,238,True,True,0x04,"NO_IRQ,NO_IRQ,OK,RESYNC_NEEDED","NONE,NONE,DELTA,NONE",
4.154835,2026-09-05T19:04:02.943+01:00,178464,1366549,222,222,True,True,0x04,"NO_IRQ,NO_IRQ,OK,RESYNC_NEEDED","NONE,NONE,DELTA,NONE",
4.165930,2026-09-05T19:04:02.948+01:00,178686,1366550,138,138,True,True,0x04,"NO_IRQ,NO_IRQ,OK,RESYNC_NEEDED","NONE,NONE,DELTA,NONE",
4.166293,2026-09-05T19:04:02.959+01:00,178824,1366551,246,246,True,True,0x04,"NO_IRQ,NO_IRQ,OK,RESYNC_NEEDED","NONE,NONE,DELTA,NONE",
4.171734,2026-09-05T19:04:02.960+01:00,179070,1366552,236,236,True,True,0x04,"NO_IRQ,NO_IRQ,OK,RESYNC_NEEDED","NONE,NONE,DELTA,NONE",
4.182160,2026-09-05T19:04:02.965+01:00,179306,1366553,214,214,True,True,0x04,"NO_IRQ,NO_IRQ,OK,RESYNC_NEEDED","NONE,NONE,DELTA,NONE",
4.184179,2026-09-05T19:04:02.976+01:00,179520,1366554,134,134,True,True,0x04,"NO_IRQ,NO_IRQ,OK,RESYNC_NEEDED","NONE,NONE,DELTA,NONE",
4.185651,2026-09-05T19:04:02.978+01:00,179654,1366555,232,232,True,True,0x04,"NO_IRQ,NO_IRQ,OK,RESYNC_NEEDED","NONE,NONE,DELTA,NONE",
4.191047,2026-09-05T19:04:02.979+01:00,179886,1366556,244,244,True,True,0x04,"NO_IRQ,NO_IRQ,OK,RESYNC_NEEDED","NONE,NONE,DELTA,NONE",
4.195193,2026-09-05T19:04:02.985+01:00,180130,1366557,236,236,True,True,0x04,"NO_IRQ,NO_IRQ,OK,RESYNC_NEEDED","NONE,NONE,DELTA,NONE",
4.207346,2026-09-05T19:04:02.989+01:00,180366,1366558,134,134,True,True,0x04,"NO_IRQ,NO_IRQ,OK,RESYNC_NEEDED","NONE,NONE,DELTA,NONE",
4.208746,2026-09-05T19:04:03.001+01:00,180500,1366559,230,230,True,True,0x04,"NO_IRQ,NO_IRQ,OK,RESYNC_NEEDED","NONE,NONE,DELTA,NONE",
4.210402,2026-09-05T19:04:03.002+01:00,180730,1366560,236,236,True,True,0x04,"NO_IRQ,NO_IRQ,OK,RESYNC_NEEDED","NONE,NONE,DELTA,NONE",
4.219459,2026-09-05T19:04:03.004+01:00,180966,1366561,214,214,True,True,0x04,"NO_IRQ,NO_IRQ,OK,RESYNC_NEEDED","NONE,NONE,DELTA,NONE",
4.220750,2026-09-05T19:04:03.013+01:00,181180,1366562,132,132,True,True,0x04,"NO_IRQ,NO_IRQ,OK,RESYNC_NEEDED","NONE,NONE,DELTA,NONE",
4.225811,2026-09-05T19:04:03.015+01:00,181312,1366563,240,240,True,True,0x04,"NO_IRQ,NO_IRQ,OK,RESYNC_NEEDED","NONE,NONE,DELTA,NONE",
4.230196,2026-09-05T19:04:03.019+01:00,181552,1366564,244,244,True,True,0x04,"NO_IRQ,NO_IRQ,OK,RESYNC_NEEDED","NONE,NONE,DELTA,NONE",
4.240771,2026-09-05T19:04:03.024+01:00,181796,1366565,216,216,True,True,0x04,"NO_IRQ,NO_IRQ,OK,RESYNC_NEEDED","NONE,NONE,DELTA,NONE",
4.242244,2026-09-05T19:04:03.034+01:00,182012,1366566,128,128,True,True,0x04,"NO_IRQ,NO_IRQ,OK,RESYNC_NEEDED","NONE,NONE,DELTA,NONE",
4.245465,2026-09-05T19:04:03.036+01:00,182140,1366567,232,232,True,True,0x04,"NO_IRQ,NO_IRQ,OK,RESYNC_NEEDED","NONE,NONE,DELTA,NONE",
4.250254,2026-09-05T19:04:03.039+01:00,182372,1366568,236,236,True,True,0x04,"NO_IRQ,NO_IRQ,OK,RESYNC_NEEDED","NONE,NONE,DELTA,NONE",
4.254949,2026-09-05T19:04:03.044+01:00,182608,1366569,230,230,True,True,0x04,"NO_IRQ,NO_IRQ,OK,RESYNC_NEEDED","NONE,NONE,DELTA,NONE",
4.264072,2026-09-05T19:04:03.048+01:00,182838,1366570,130,130,True,True,0x04,"NO_IRQ,NO_IRQ,OK,RESYNC_NEEDED","NONE,NONE,DELTA,NONE",
4.264844,2026-09-05T19:04:03.057+01:00,182968,1366571,236,236,True,True,0x04,"NO_IRQ,NO_IRQ,OK,RESYNC_NEEDED","NONE,NONE,DELTA,NONE",
4.269955,2026-09-05T19:04:03.058+01:00,183204,1366572,238,238,True,True,0x04,"NO_IRQ,NO_IRQ,OK,RESYNC_NEEDED","NONE,NONE,DELTA,NONE",
4.274998,2026-09-05T19:04:03.064+01:00,183442,1366573,228,228,True,True,0x04,"NO_IRQ,NO_IRQ,OK,RESYNC_NEEDED","NONE,NONE,DELTA,NONE",
4.287012,2026-09-05T19:04:03.069+01:00,183670,1366574,136,136,True,True,0x04,"NO_IRQ,NO_IRQ,OK,RESYNC_NEEDED","NONE,NONE,DELTA,NONE",
4.287737,2026-09-05T19:04:03.080+01:00,183806,1366575,220,220,True,True,0x04,"NO_IRQ,NO_IRQ,OK,RESYNC_NEEDED","NONE,NONE,DELTA,NONE",
4.289801,2026-09-05T19:04:03.081+01:00,184026,1366576,248,248,True,True,0x04,"NO_IRQ,NO_IRQ,OK,RESYNC_NEEDED","NONE,NONE,DELTA,NONE",
4.295159,2026-09-05T19:04:03.083+01:00,184274,1366577,242,242,True,True,0x04,"NO_IRQ,NO_IRQ,OK,RESYNC_NEEDED","NONE,NONE,DELTA,NONE",
4.299985,2026-09-05T19:04:03.089+01:00,184516,1366578,134,134,True,True,0x04,"NO_IRQ,NO_IRQ,OK,RESYNC_NEEDED","NONE,NONE,DELTA,NONE",
4.315760,2026-09-05T19:04:03.094+01:00,184650,1366579,232,232,True,True,0x04,"NO_IRQ,NO_IRQ,OK,RESYNC_NEEDED","NONE,NONE,DELTA,NONE",
4.316805,2026-09-05T19:04:03.109+01:00,184882,1366580,232,232,True,True,0x04,"NO_IRQ,NO_IRQ,OK,RESYNC_NEEDED","NONE,NONE,DELTA,NONE",
4.317367,2026-09-05T19:04:03.110+01:00,185114,1366581,228,228,True,True,0x04,"NO_IRQ,NO_IRQ,OK,RESYNC_NEEDED","NONE,NONE,DELTA,NONE",
4.320677,2026-09-05T19:04:03.111+01:00,185342,1366582,128,128,True,True,0x04,"NO_IRQ,NO_IRQ,OK,RESYNC_NEEDED","NONE,NONE,DELTA,NONE",
4.325236,2026-09-05T19:04:03.114+01:00,185470,1366583,242,242,True,True,0x04,"NO_IRQ,NO_IRQ,OK,RESYNC_NEEDED","NONE,NONE,DELTA,NONE",
4.330652,2026-09-05T19:04:03.119+01:00,185712,1366584,242,242,True,True,0x04,"NO_IRQ,NO_IRQ,OK,RESYNC_NEEDED","NONE,NONE,DELTA,NONE",
4.334922,2026-09-05T19:04:03.124+01:00,185954,1366585,226,226,True,True,0x04,"NO_IRQ,NO_IRQ,OK,RESYNC_NEEDED","NONE,NONE,DELTA,NONE",
4.341177,2026-09-05T19:04:03.128+01:00,186180,1366586,138,138,True,True,0x04,"NO_IRQ,NO_IRQ,OK,RESYNC_NEEDED","NONE,NONE,DELTA,NONE",
4.346150,2026-09-05T19:04:03.139+01:00,186318,1366587,230,230,True,True,0x04,"NO_IRQ,NO_IRQ,OK,RESYNC_NEEDED","NONE,NONE,DELTA,NONE",
4.349819,2026-09-05T19:04:03.140+01:00,186548,1366588,244,244,True,True,0x04,"NO_IRQ,NO_IRQ,OK,RESYNC_NEEDED","NONE,NONE,DELTA,NONE",
4.355506,2026-09-05T19:04:03.143+01:00,186792,1366589,236,236,True,True,0x04,"NO_IRQ,NO_IRQ,OK,RESYNC_NEEDED","NONE,NONE,DELTA,NONE",
4.359976,2026-09-05T19:04:03.149+01:00,187028,1366590,132,132,True,True,0x04,"NO_IRQ,NO_IRQ,OK,RESYNC_NEEDED","NONE,NONE,DELTA,NONE",
4.371529,2026-09-05T19:04:03.154+01:00,187160,1366591,224,224,True,True,0x04,"NO_IRQ,NO_IRQ,OK,RESYNC_NEEDED","NONE,NONE,DELTA,NONE",
4.372306,2026-09-05T19:04:03.165+01:00,187384,1366592,230,230,True,True,0x04,"NO_IRQ,NO_IRQ,OK,RESYNC_NEEDED","NONE,NONE,DELTA,NONE",
4.375068,2026-09-05T19:04:03.166+01:00,187614,1366593,232,232,True,True,0x04,"NO_IRQ,NO_IRQ,OK,RESYNC_NEEDED","NONE,NONE,DELTA,NONE",
4.380175,2026-09-05T19:04:03.169+01:00,187846,1366594,136,136,True,True,0x04,"NO_IRQ,NO_IRQ,OK,RESYNC_NEEDED","NONE,NONE,DELTA,NONE",
4.386661,2026-09-05T19:04:03.174+01:00,187982,1366595,230,230,True,True,0x04,"NO_IRQ,NO_IRQ,OK,RESYNC_NEEDED","NONE,NONE,DELTA,NONE",
4.390767,2026-09-05T19:04:03.180+01:00,188212,1366596,234,234,True,True,0x04,"NO_IRQ,NO_IRQ,OK,RESYNC_NEEDED","NONE,NONE,DELTA,NONE",
4.396148,2026-09-05T19:04:03.184+01:00,188446,1366597,240,240,True,True,0x04,"NO_IRQ,NO_IRQ,OK,RESYNC_NEEDED","NONE,NONE,DELTA,NONE",
4.400353,2026-09-05T19:04:03.190+01:00,188686,1366598,130,130,True,True,0x04,"NO_IRQ,NO_IRQ,OK,RESYNC_NEEDED","NONE,NONE,DELTA,NONE",
4.404779,2026-09-05T19:04:03.194+01:00,188816,1366599,224,224,True,True,0x04,"NO_IRQ,NO_IRQ,OK,RESYNC_NEEDED","NONE,NONE,DELTA,NONE",
4.410716,2026-09-05T19:04:03.198+01:00,189040,1366600,224,224,True,True,0x04,"NO_IRQ,NO_IRQ,OK,RESYNC_NEEDED","NONE,NONE,DELTA,NONE",
4.414714,2026-09-05T19:04:03.204+01:00,189264,1366601,246,246,True,True,0x04,"NO_IRQ,NO_IRQ,OK,RESYNC_NEEDED","NONE,NONE,DELTA,NONE",
4.433499,2026-09-05T19:04:03.208+01:00,189510,1366602,134,134,True,True,0x04,"NO_IRQ,NO_IRQ,OK,RESYNC_NEEDED","NONE,NONE,DELTA,NONE",
4.434683,2026-09-05T19:04:03.227+01:00,189644,1366603,228,228,True,True,0x04,"NO_IRQ,NO_IRQ,OK,RESYNC_NEEDED","NONE,NONE,DELTA,NONE",
4.435610,2026-09-05T19:04:03.228+01:00,189872,1366604,242,242,True,True,0x04,"NO_IRQ,NO_IRQ,OK,RESYNC_NEEDED","NONE,NONE,DELTA,NONE",
4.438224,2026-09-05T19:04:03.229+01:00,190114,1366605,238,238,True,True,0x04,"NO_IRQ,NO_IRQ,OK,RESYNC_NEEDED","NONE,NONE,DELTA,NONE",
4.440712,2026-09-05T19:04:03.232+01:00,190352,1366606,138,138,True,True,0x04,"NO_IRQ,NO_IRQ,OK,RESYNC_NEEDED","NONE,NONE,DELTA,NONE",
4.445060,2026-09-05T19:04:03.234+01:00,190490,1366607,226,226,True,True,0x04,"NO_IRQ,NO_IRQ,OK,RESYNC_NEEDED","NONE,NONE,DELTA,NONE",
4.449792,2026-09-05T19:04:03.238+01:00,190716,1366608,238,238,True,True,0x04,"NO_IRQ,NO_IRQ,OK,RESYNC_NEEDED","NONE,NONE,DELTA,NONE",
4.462198,2026-09-05T19:04:03.243+01:00,190954,1366609,238,238,True,True,0x04,"NO_IRQ,NO_IRQ,OK,RESYNC_NEEDED","NONE,NONE,DELTA,NONE",
4.462700,2026-09-05T19:04:03.256+01:00,191192,1366610,128,128,True,True,0x04,"NO_IRQ,NO_IRQ,OK,RESYNC_NEEDED","NONE,NONE,DELTA,NONE",
4.464814,2026-09-05T19:04:03.256+01:00,191320,1366611,222,222,True,True,0x04,"NO_IRQ,NO_IRQ,OK,RESYNC_NEEDED","NONE,NONE,DELTA,NONE",
4.470384,2026-09-05T19:04:03.258+01:00,191542,1366612,238,238,True,True,0x04,"NO_IRQ,NO_IRQ,OK,RESYNC_NEEDED","NONE,NONE,DELTA,NONE",
4.474637,2026-09-05T19:04:03.264+01:00,191780,1366613,244,244,True,True,0x04,"NO_IRQ,NO_IRQ,OK,RESYNC_NEEDED","NONE,NONE,DELTA,NONE",
4.484846,2026-09-05T19:04:03.268+01:00,192024,1366614,130,130,True,True,0x04,"NO_IRQ,NO_IRQ,OK,RESYNC_NEEDED","NONE,NONE,DELTA,NONE",
4.485519,2026-09-05T19:04:03.278+01:00,192154,1366615,228,228,True,True,0x04,"NO_IRQ,NO_IRQ,OK,RESYNC_NEEDED","NONE,NONE,DELTA,NONE",
4.490781,2026-09-05T19:04:03.279+01:00,192382,1366616,226,226,True,True,0x04,"NO_IRQ,NO_IRQ,OK,RESYNC_NEEDED","NONE,NONE,DELTA,NONE",
4.495308,2026-09-05T19:04:03.284+01:00,192608,1366617,246,246,True,True,0x04,"NO_IRQ,NO_IRQ,OK,RESYNC_NEEDED","NONE,NONE,DELTA,NONE",
4.511226,2026-09-05T19:04:03.289+01:00,192854,1366618,126,126,True,True,0x04,"NO_IRQ,NO_IRQ,OK,RESYNC_NEEDED","NONE,NONE,DELTA,NONE",
4.512107,2026-09-05T19:04:03.305+01:00,192980,1366619,218,218,True,True,0x04,"NO_IRQ,NO_IRQ,OK,RESYNC_NEEDED","NONE,NONE,DELTA,NONE",
4.512829,2026-09-05T19:04:03.305+01:00,193198,1366620,230,230,True,True,0x04,"NO_IRQ,NO_IRQ,OK,RESYNC_NEEDED","NONE,NONE,DELTA,NONE",
4.514653,2026-09-05T19:04:03.306+01:00,193428,1366621,246,246,True,True,0x04,"NO_IRQ,NO_IRQ,OK,RESYNC_NEEDED","NONE,NONE,DELTA,NONE",
4.520461,2026-09-05T19:04:03.308+01:00,193674,1366622,128,128,True,True,0x04,"NO_IRQ,NO_IRQ,OK,RESYNC_NEEDED","NONE,NONE,DELTA,NONE",
4.524869,2026-09-05T19:04:03.314+01:00,193802,1366623,220,220,True,True,0x04,"NO_IRQ,NO_IRQ,OK,RESYNC_NEEDED","NONE,NONE,DELTA,NONE",
4.535656,2026-09-05T19:04:03.318+01:00,194022,1366624,226,226,True,True,0x04,"NO_IRQ,NO_IRQ,OK,RESYNC_NEEDED","NONE,NONE,DELTA,NONE",
4.536983,2026-09-05T19:04:03.329+01:00,194248,1366625,244,244,True,True,0x04,"NO_IRQ,NO_IRQ,OK,RESYNC_NEEDED","NONE,NONE,DELTA,NONE",
4.539590,2026-09-05T19:04:03.331+01:00,194492,1366626,132,132,True,True,0x04,"NO_IRQ,NO_IRQ,OK,RESYNC_NEEDED","NONE,NONE,DELTA,NONE",
4.544736,2026-09-05T19:04:03.333+01:00,194624,1366627,216,216,True,True,0x04,"NO_IRQ,NO_IRQ,OK,RESYNC_NEEDED","NONE,NONE,DELTA,NONE",
4.552855,2026-09-05T19:04:03.338+01:00,194840,1366628,234,234,True,True,0x04,"NO_IRQ,NO_IRQ,OK,RESYNC_NEEDED","NONE,NONE,DELTA,NONE",
4.554570,2026-09-05T19:04:03.347+01:00,195074,1366629,238,238,True,True,0x04,"NO_IRQ,NO_IRQ,OK,RESYNC_NEEDED","NONE,NONE,DELTA,NONE",
4.559844,2026-09-05T19:04:03.348+01:00,195312,1366630,126,126,True,True,0x04,"NO_IRQ,NO_IRQ,OK,RESYNC_NEEDED","NONE,NONE,DELTA,NONE",
4.574974,2026-09-05T19:04:03.353+01:00,195438,1366631,224,224,True,True,0x04,"NO_IRQ,NO_IRQ,OK,RESYNC_NEEDED","NONE,NONE,DELTA,NONE",
4.575767,2026-09-05T19:04:03.368+01:00,195662,1366632,228,228,True,True,0x04,"NO_IRQ,NO_IRQ,OK,RESYNC_NEEDED","NONE,NONE,DELTA,NONE",
4.576589,2026-09-05T19:04:03.369+01:00,195890,1366633,244,244,True,True,0x04,"NO_IRQ,NO_IRQ,OK,RESYNC_NEEDED","NONE,NONE,DELTA,NONE",
4.579590,2026-09-05T19:04:03.370+01:00,196134,1366634,126,126,True,True,0x04,"NO_IRQ,NO_IRQ,OK,RESYNC_NEEDED","NONE,NONE,DELTA,NONE",
4.585255,2026-09-05T19:04:03.373+01:00,196260,1366635,1084,1084,True,True,0x04,"NO_IRQ,NO_IRQ,OK,RESYNC_NEEDED","NONE,NONE,DELTA_SYNC,NONE",
4.594272,2026-09-05T19:04:03.379+01:00,197344,1366636,262,262,True,True,0x04,"NO_IRQ,NO_IRQ,OK,RESYNC_NEEDED","NONE,NONE,DELTA,NONE",
4.594977,2026-09-05T19:04:03.388+01:00,197606,1366637,250,250,True,True,0x04,"NO_IRQ,NO_IRQ,OK,RESYNC_NEEDED","NONE,NONE,DELTA,NONE",
4.600157,2026-09-05T19:04:03.388+01:00,197856,1366638,128,128,True,True,0x04,"NO_IRQ,NO_IRQ,OK,RESYNC_NEEDED","NONE,NONE,DELTA,NONE",
4.605229,2026-09-05T19:04:03.394+01:00,197984,1366639,222,222,True,True,0x04,"NO_IRQ,NO_IRQ,OK,RESYNC_NEEDED","NONE,NONE,DELTA,NONE",
4.610153,2026-09-05T19:04:03.399+01:00,198206,1366640,232,232,True,True,0x04,"NO_IRQ,NO_IRQ,OK,RESYNC_NEEDED","NONE,NONE,DELTA,NONE",
4.615887,2026-09-05T19:04:03.403+01:00,198438,1366641,242,242,True,True,0x04,"NO_IRQ,NO_IRQ,OK,RESYNC_NEEDED","NONE,NONE,DELTA,NONE",
4.619976,2026-09-05T19:04:03.409+01:00,198680,1366642,128,128,True,True,0x04,"NO_IRQ,NO_IRQ,OK,RESYNC_NEEDED","NONE,NONE,DELTA,NONE",
4.624605,2026-09-05T19:04:03.415+01:00,198808,1366643,222,222,True,True,0x04,"NO_IRQ,NO_IRQ,OK,RESYNC_NEEDED","NONE,NONE,DELTA,NONE",
4.629561,2026-09-05T19:04:03.418+01:00,199030,1366644,236,236,True,True,0x04,"NO_IRQ,NO_IRQ,OK,RESYNC_NEEDED","NONE,NONE,DELTA,NONE",
4.642501,2026-09-05T19:04:03.423+01:00,199266,1366645,254,254,True,True,0x04,"NO_IRQ,NO_IRQ,OK,RESYNC_NEEDED","NONE,NONE,DELTA,NONE",
4.642838,2026-09-05T19:04:03.436+01:00,199520,1366646,126,126,True,True,0x04,"NO_IRQ,NO_IRQ,OK,RESYNC_NEEDED","NONE,NONE,DELTA,NONE",
4.650956,2026-09-05T19:04:03.436+01:00,199646,1366647,216,216,True,True,0x04,"NO_IRQ,NO_IRQ,OK,RESYNC_NEEDED","NONE,NONE,DELTA,NONE",
4.665557,2026-09-05T19:04:03.446+01:00,199862,1366648,236,236,True,True,0x04,"NO_IRQ,NO_IRQ,OK,RESYNC_NEEDED","NONE,NONE,DELTA,NONE",
4.666743,2026-09-05T19:04:03.459+01:00,200098,1366649,250,250,True,True,0x04,"NO_IRQ,NO_IRQ,OK,RESYNC_NEEDED","NONE,NONE,DELTA,NONE",
4.668097,2026-09-05T19:04:03.460+01:00,200348,1366650,124,124,True,True,0x04,"NO_IRQ,NO_IRQ,OK,RESYNC_NEEDED","NONE,NONE,DELTA,NONE",
4.668967,2026-09-05T19:04:03.461+01:00,200472,1366651,218,218,True,True,0x04,"NO_IRQ,NO_IRQ,OK,RESYNC_NEEDED","NONE,NONE,DELTA,NONE",
4.670339,2026-09-05T19:04:03.462+01:00,200690,1366652,242,242,True,True,0x04,"NO_IRQ,NO_IRQ,OK,RESYNC_NEEDED","NONE,NONE,DELTA,NONE",
4.675412,2026-09-05T19:04:03.464+01:00,200932,1366653,250,250,True,True,0x04,"NO_IRQ,NO_IRQ,OK,RESYNC_NEEDED","NONE,NONE,DELTA,NONE",
4.679540,2026-09-05T19:04:03.469+01:00,201182,1366654,128,128,True,True,0x04,"NO_IRQ,NO_IRQ,OK,RESYNC_NEEDED","NONE,NONE,DELTA,NONE",
4.691488,2026-09-05T19:04:03.473+01:00,201310,1366655,212,212,True,True,0x04,"NO_IRQ,NO_IRQ,OK,RESYNC_NEEDED","NONE,NONE,DELTA,NONE",
4.692106,2026-09-05T19:04:03.485+01:00,201522,1366656,234,234,True,True,0x04,"NO_IRQ,NO_IRQ,OK,RESYNC_NEEDED","NONE,NONE,DELTA,NONE",
4.694607,2026-09-05T19:04:03.486+01:00,201756,1366657,246,246,True,True,0x04,"NO_IRQ,NO_IRQ,OK,RESYNC_NEEDED","NONE,NONE,DELTA,NONE",
4.699657,2026-09-05T19:04:03.488+01:00,202002,1366658,128,128,True,True,0x04,"NO_IRQ,NO_IRQ,OK,RESYNC_NEEDED","NONE,NONE,DELTA,NONE",
4.705090,2026-09-05T19:04:03.493+01:00,202130,1366659,212,212,True,True,0x04,"NO_IRQ,NO_IRQ,OK,RESYNC_NEEDED","NONE,NONE,DELTA,NONE",
4.714978,2026-09-05T19:04:03.498+01:00,202342,1366660,230,230,True,True,0x04,"NO_IRQ,NO_IRQ,OK,RESYNC_NEEDED","NONE,NONE,DELTA,NONE",
4.716321,2026-09-05T19:04:03.508+01:00,202572,1366661,246,246,True,True,0x04,"NO_IRQ,NO_IRQ,OK,RESYNC_NEEDED","NONE,NONE,DELTA,NONE",
4.720583,2026-09-05T19:04:03.510+01:00,202818,1366662,130,130,True,True,0x04,"NO_IRQ,NO_IRQ,OK,RESYNC_NEEDED","NONE,NONE,DELTA,NONE",
4.725357,2026-09-05T19:04:03.514+01:00,202948,1366663,204,204,True,True,0x04,"NO_IRQ,NO_IRQ,OK,RESYNC_NEEDED","NONE,NONE,DELTA,NONE",
4.729992,2026-09-05T19:04:03.519+01:00,203152,1366664,242,242,True,True,0x04,"NO_IRQ,NO_IRQ,OK,RESYNC_NEEDED","NONE,NONE,DELTA,NONE",
4.739649,2026-09-05T19:04:03.523+01:00,203394,1366665,256,256,True,True,0x04,"NO_IRQ,NO_IRQ,OK,RESYNC_NEEDED","NONE,NONE,DELTA,NONE",
4.741259,2026-09-05T19:04:03.533+01:00,203650,1366666,126,126,True,True,0x04,"NO_IRQ,NO_IRQ,OK,RESYNC_NEEDED","NONE,NONE,DELTA,NONE",
4.745003,2026-09-05T19:04:03.535+01:00,203776,1366667,212,212,True,True,0x04,"NO_IRQ,NO_IRQ,OK,RESYNC_NEEDED","NONE,NONE,DELTA,NONE",
4.750773,2026-09-05T19:04:03.538+01:00,203988,1366668,230,230,True,True,0x04,"NO_IRQ,NO_IRQ,OK,RESYNC_NEEDED","NONE,NONE,DELTA,NONE",
4.754419,2026-09-05T19:04:03.544+01:00,204218,1366669,246,246,True,True,0x04,"NO_IRQ,NO_IRQ,OK,RESYNC_NEEDED","NONE,NONE,DELTA,NONE",
4.767045,2026-09-05T19:04:03.548+01:00,204464,1366670,126,126,True,True,0x04,"NO_IRQ,NO_IRQ,OK,RESYNC_NEEDED","NONE,NONE,DELTA,NONE",
4.767863,2026-09-05T19:04:03.560+01:00,204590,1366671,200,200,True,True,0x04,"NO_IRQ,NO_IRQ,OK,RESYNC_NEEDED","NONE,NONE,DELTA,NONE",
4.769767,2026-09-05T19:04:03.561+01:00,204790,1366672,232,232,True,True,0x04,"NO_IRQ,NO_IRQ,OK,RESYNC_NEEDED","NONE,NONE,DELTA,NONE",
4.774585,2026-09-05T19:04:03.563+01:00,205022,1366673,248,248,True,True,0x04,"NO_IRQ,NO_IRQ,OK,RESYNC_NEEDED","NONE,NONE,DELTA,NONE",
4.783733,2026-09-05T19:04:03.568+01:00,205270,1366674,128,128,True,True,0x04,"NO_IRQ,NO_IRQ,OK,RESYNC_NEEDED","NONE,NONE,DELTA,NONE",
4.784429,2026-09-05T19:04:03.577+01:00,205398,1366675,214,214,True,True,0x04,"NO_IRQ,NO_IRQ,OK,RESYNC_NEEDED","NONE,NONE,DELTA,NONE",
4.789816,2026-09-05T19:04:03.578+01:00,205612,1366676,228,228,True,True,0x04,"NO_IRQ,NO_IRQ,OK,RESYNC_NEEDED","NONE,NONE,DELTA,NONE",
4.794791,2026-09-05T19:04:03.583+01:00,205840,1366677,246,246,True,True,0x04,"NO_IRQ,NO_IRQ,OK,RESYNC_NEEDED","NONE,NONE,DELTA,NONE",
4.807419,2026-09-05T19:04:03.588+01:00,206086,1366678,128,128,True,True,0x04,"NO_IRQ,NO_IRQ,OK,RESYNC_NEEDED","NONE,NONE,DELTA,NONE",
4.808175,2026-09-05T19:04:03.601+01:00,206214,1366679,218,218,True,True,0x04,"NO_IRQ,NO_IRQ,OK,RESYNC_NEEDED","NONE,NONE,DELTA,NONE",
4.809503,2026-09-05T19:04:03.601+01:00,206432,1366680,232,232,True,True,0x04,"NO_IRQ,NO_IRQ,OK,RESYNC_NEEDED","NONE,NONE,DELTA,NONE",
4.815146,2026-09-05T19:04:03.603+01:00,206664,1366681,250,250,True,True,0x04,"NO_IRQ,NO_IRQ,OK,RESYNC_NEEDED","NONE,NONE,DELTA,NONE",
4.820021,2026-09-05T19:04:03.609+01:00,206914,1366682,128,128,True,True,0x04,"NO_IRQ,NO_IRQ,OK,RESYNC_NEEDED","NONE,NONE,DELTA,NONE",
4.829766,2026-09-05T19:04:03.613+01:00,207042,1366683,210,210,True,True,0x04,"NO_IRQ,NO_IRQ,OK,RESYNC_NEEDED","NONE,NONE,DELTA,NONE",
4.830771,2026-09-05T19:04:03.623+01:00,207252,1366684,234,234,True,True,0x04,"NO_IRQ,NO_IRQ,OK,RESYNC_NEEDED","NONE,NONE,DELTA,NONE",
4.834600,2026-09-05T19:04:03.624+01:00,207486,1366685,250,250,True,True,0x04,"NO_IRQ,NO_IRQ,OK,RESYNC_NEEDED","NONE,NONE,DELTA,NONE",
4.839305,2026-09-05T19:04:03.628+01:00,207736,1366686,130,130,True,True,0x04,"NO_IRQ,NO_IRQ,OK,RESYNC_NEEDED","NONE,NONE,DELTA,NONE",
4.844785,2026-09-05T19:04:03.633+01:00,207866,1366687,202,202,True,True,0x04,"NO_IRQ,NO_IRQ,OK,RESYNC_NEEDED","NONE,NONE,DELTA,NONE",
4.849365,2026-09-05T19:04:03.638+01:00,208068,1366688,238,238,True,True,0x04,"NO_IRQ,NO_IRQ,OK,RESYNC_NEEDED","NONE,NONE,DELTA,NONE",
4.854275,2026-09-05T19:04:03.643+01:00,208306,1366689,254,254,True,True,0x04,"NO_IRQ,NO_IRQ,OK,RESYNC_NEEDED","NONE,NONE,DELTA,NONE",
4.859265,2026-09-05T19:04:03.648+01:00,208560,1366690,130,130,True,True,0x04,"NO_IRQ,NO_IRQ,OK,RESYNC_NEEDED","NONE,NONE,DELTA,NONE",
4.873113,2026-09-05T19:04:03.653+01:00,208690,1366691,216,216,True,True,0x04,"NO_IRQ,NO_IRQ,OK,RESYNC_NEEDED","NONE,NONE,DELTA,NONE",
4.873792,2026-09-05T19:04:03.666+01:00,208906,1366692,230,230,True,True,0x04,"NO_IRQ,NO_IRQ,OK,RESYNC_NEEDED","NONE,NONE,DELTA,NONE",
4.874556,2026-09-05T19:04:03.667+01:00,209136,1366693,250,250,True,True,0x04,"NO_IRQ,NO_IRQ,OK,RESYNC_NEEDED","NONE,NONE,DELTA,NONE",
4.880219,2026-09-05T19:04:03.668+01:00,209386,1366694,130,130,True,True,0x04,"NO_IRQ,NO_IRQ,OK,RESYNC_NEEDED","NONE,NONE,DELTA,NONE",
4.894108,2026-09-05T19:04:03.674+01:00,209516,1366695,190,190,True,True,0x04,"NO_IRQ,NO_IRQ,OK,RESYNC_NEEDED","NONE,NONE,DELTA,NONE",
4.894720,2026-09-05T19:04:03.687+01:00,209706,1366696,244,244,True,True,0x04,"NO_IRQ,NO_IRQ,OK,RESYNC_NEEDED","NONE,NONE,DELTA,NONE",
4.895711,2026-09-05T19:04:03.688+01:00,209950,1366697,256,256,True,True,0x04,"NO_IRQ,NO_IRQ,OK,RESYNC_NEEDED","NONE,NONE,DELTA,NONE",
4.899310,2026-09-05T19:04:03.689+01:00,210206,1366698,130,130,True,True,0x04,"NO_IRQ,NO_IRQ,OK,RESYNC_NEEDED","NONE,NONE,DELTA,NONE",
4.904321,2026-09-05T19:04:03.693+01:00,210336,1366699,200,200,True,True,0x04,"NO_IRQ,NO_IRQ,OK,RESYNC_NEEDED","NONE,NONE,DELTA,NONE",
4.912766,2026-09-05T19:04:03.698+01:00,210536,1366700,244,244,True,True,0x04,"NO_IRQ,NO_IRQ,OK,RESYNC_NEEDED","NONE,NONE,DELTA,NONE",
4.914448,2026-09-05T19:04:03.706+01:00,210780,1366701,252,252,True,True,0x04,"NO_IRQ,NO_IRQ,OK,RESYNC_NEEDED","NONE,NONE,DELTA,NONE",
4.919233,2026-09-05T19:04:03.708+01:00,211032,1366702,132,132,True,True,0x04,"NO_IRQ,NO_IRQ,OK,RESYNC_NEEDED","NONE,NONE,DELTA,NONE",
4.924593,2026-09-05T19:04:03.713+01:00,211164,1366703,192,192,True,True,0x04,"NO_IRQ,NO_IRQ,OK,RESYNC_NEEDED","NONE,NONE,DELTA,NONE",
4.933806,2026-09-05T19:04:03.718+01:00,211356,1366704,232,232,True,True,0x04,"NO_IRQ,NO_IRQ,OK,RESYNC_NEEDED","NONE,NONE,DELTA,NONE",
4.934515,2026-09-05T19:04:03.727+01:00,211588,1366705,248,248,True,True,0x04,"NO_IRQ,NO_IRQ,OK,RESYNC_NEEDED","NONE,NONE,DELTA,NONE",
4.939584,2026-09-05T19:04:03.728+01:00,211836,1366706,140,140,True,True,0x04,"NO_IRQ,NO_IRQ,OK,RESYNC_NEEDED","NONE,NONE,DELTA,NONE",
4.944392,2026-09-05T19:04:03.733+01:00,211976,1366707,194,194,True,True,0x04,"NO_IRQ,NO_IRQ,OK,RESYNC_NEEDED","NONE,NONE,DELTA,NONE",
4.952557,2026-09-05T19:04:03.738+01:00,212170,1366708,242,242,True,True,0x04,"NO_IRQ,NO_IRQ,OK,RESYNC_NEEDED","NONE,NONE,DELTA,NONE",
4.954395,2026-09-05T19:04:03.746+01:00,212412,1366709,258,258,True,True,0x04,"NO_IRQ,NO_IRQ,OK,RESYNC_NEEDED","NONE,NONE,DELTA,NONE",
4.959259,2026-09-05T19:04:03.748+01:00,212670,1366710,136,136,True,True,0x04,"NO_IRQ,NO_IRQ,OK,RESYNC_NEEDED","NONE,NONE,DELTA,NONE",
4.972379,2026-09-05T19:04:03.753+01:00,212806,1366711,184,184,True,True,0x04,"NO_IRQ,NO_IRQ,OK,RESYNC_NEEDED","NONE,NONE,DELTA,NONE",
4.973101,2026-09-05T19:04:03.766+01:00,212990,1366712,226,226,True,True,0x04,"NO_IRQ,NO_IRQ,OK,RESYNC_NEEDED","NONE,NONE,DELTA,NONE",
4.974398,2026-09-05T19:04:03.766+01:00,213216,1366713,244,244,True,True,0x04,"NO_IRQ,NO_IRQ,OK,RESYNC_NEEDED","NONE,NONE,DELTA,NONE",
4.979208,2026-09-05T19:04:03.768+01:00,213460,1366714,142,142,True,True,0x04,"NO_IRQ,NO_IRQ,OK,RESYNC_NEEDED","NONE,NONE,DELTA,NONE",
4.989866,2026-09-05T19:04:03.773+01:00,213602,1366715,192,192,True,True,0x04,"NO_IRQ,NO_IRQ,OK,RESYNC_NEEDED","NONE,NONE,DELTA,NONE",
4.990845,2026-09-05T19:04:03.783+01:00,213794,1366716,246,246,True,True,0x04,"NO_IRQ,NO_IRQ,OK,RESYNC_NEEDED","NONE,NONE,DELTA,NONE",
4.994687,2026-09-05T19:04:03.784+01:00,214040,1366717,262,262,True,True,0x04,"NO_IRQ,NO_IRQ,OK,RESYNC_NEEDED","NONE,NONE,DELTA,NONE",
4.999406,2026-09-05T19:04:03.788+01:00,214302,1366718,136,136,True,True,0x04,"NO_IRQ,NO_IRQ,OK,RESYNC_NEEDED","NONE,NONE,DELTA,NONE",
5.009038,2026-09-05T19:04:03.793+01:00,214438,1366719,190,190,True,True,0x04,"NO_IRQ,NO_IRQ,OK,RESYNC_NEEDED","NONE,NONE,DELTA,NONE",
5.009671,2026-09-05T19:04:03.802+01:00,214628,1366720,238,238,True,True,0x04,"NO_IRQ,NO_IRQ,OK,RESYNC_NEEDED","NONE,NONE,DELTA,NONE",
5.015077,2026-09-05T19:04:03.803+01:00,214866,1366721,256,256,True,True,0x04,"NO_IRQ,NO_IRQ,OK,RESYNC_NEEDED","NONE,NONE,DELTA,NONE",
5.019180,2026-09-05T19:04:03.808+01:00,215122,1366722,136,136,True,True,0x04,"NO_IRQ,NO_IRQ,OK,RESYNC_NEEDED","NONE,NONE,DELTA,NONE",
5.025112,2026-09-05T19:04:03.812+01:00,215258,1366723,186,186,True,True,0x04,"NO_IRQ,NO_IRQ,OK,RESYNC_NEEDED","NONE,NONE,DELTA,NONE",
5.029845,2026-09-05T19:04:03.818+01:00,215444,1366724,242,242,True,True,0x04,"NO_IRQ,NO_IRQ,OK,RESYNC_NEEDED","NONE,NONE,DELTA,NONE",
5.034157,2026-09-05T19:04:03.823+01:00,215686,1366725,246,246,True,True,0x04,"NO_IRQ,NO_IRQ,OK,RESYNC_NEEDED","NONE,NONE,DELTA,NONE",
5.038949,2026-09-05T19:04:03.827+01:00,215932,1366726,136,136,True,True,0x04,"NO_IRQ,NO_IRQ,OK,RESYNC_NEEDED","NONE,NONE,DELTA,NONE",
5.055443,2026-09-05T19:04:03.832+01:00,216068,1366727,196,196,True,True,0x04,"NO_IRQ,NO_IRQ,OK,RESYNC_NEEDED","NONE,NONE,DELTA,NONE",
5.055807,2026-09-05T19:04:03.849+01:00,216264,1366728,248,248,True,True,0x04,"NO_IRQ,NO_IRQ,OK,RESYNC_NEEDED","NONE,NONE,DELTA,NONE",
5.056037,2026-09-05T19:04:03.849+01:00,216512,1366729,260,260,True,True,0x04,"NO_IRQ,NO_IRQ,OK,RESYNC_NEEDED","NONE,NONE,DELTA,NONE",
5.070326,2026-09-05T19:04:03.849+01:00,216772,1366730,140,140,True,True,0x04,"NO_IRQ,NO_IRQ,OK,RESYNC_NEEDED","NONE,NONE,DELTA,NONE",
5.071422,2026-09-05T19:04:03.864+01:00,216912,1366731,178,178,True,True,0x04,"NO_IRQ,NO_IRQ,OK,RESYNC_NEEDED","NONE,NONE,DELTA,NONE",
5.072357,2026-09-05T19:04:03.865+01:00,217090,1366732,232,232,True,True,0x04,"NO_IRQ,NO_IRQ,OK,RESYNC_NEEDED","NONE,NONE,DELTA,NONE",
5.074317,2026-09-05T19:04:03.866+01:00,217322,1366733,254,254,True,True,0x04,"NO_IRQ,NO_IRQ,OK,RESYNC_NEEDED","NONE,NONE,DELTA,NONE",
5.079672,2026-09-05T19:04:03.868+01:00,217576,1366734,144,144,True,True,0x04,"NO_IRQ,NO_IRQ,OK,RESYNC_NEEDED","NONE,NONE,DELTA,NONE",
5.088544,2026-09-05T19:04:03.873+01:00,217720,1366735,186,186,True,True,0x04,"NO_IRQ,NO_IRQ,OK,RESYNC_NEEDED","NONE,NONE,DELTA,NONE",
5.089477,2026-09-05T19:04:03.882+01:00,217906,1366736,236,236,True,True,0x04,"NO_IRQ,NO_IRQ,OK,RESYNC_NEEDED","NONE,NONE,DELTA,NONE",
5.094559,2026-09-05T19:04:03.883+01:00,218142,1366737,262,262,True,True,0x04,"NO_IRQ,NO_IRQ,OK,RESYNC_NEEDED","NONE,NONE,DELTA,NONE",
5.099492,2026-09-05T19:04:03.888+01:00,218404,1366738,144,144,True,True,0x04,"NO_IRQ,NO_IRQ,OK,RESYNC_NEEDED","NONE,NONE,DELTA,NONE",
5.107574,2026-09-05T19:04:03.893+01:00,218548,1366739,186,186,True,True,0x04,"NO_IRQ,NO_IRQ,OK,RESYNC_NEEDED","NONE,NONE,DELTA,NONE",
5.109546,2026-09-05T19:04:03.901+01:00,218734,1366740,244,244,True,True,0x04,"NO_IRQ,NO_IRQ,OK,RESYNC_NEEDED","NONE,NONE,DELTA,NONE",
5.115748,2026-09-05T19:04:03.903+01:00,218978,1366741,254,254,True,True,0x04,"NO_IRQ,NO_IRQ,OK,RESYNC_NEEDED","NONE,NONE,DELTA,NONE",
5.119337,2026-09-05T19:04:03.909+01:00,219232,1366742,146,146,True,True,0x04,"NO_IRQ,NO_IRQ,OK,RESYNC_NEEDED","NONE,NONE,DELTA,NONE",
5.124519,2026-09-05T19:04:03.913+01:00,219378,1366743,172,172,True,True,0x04,"NO_IRQ,NO_IRQ,OK,RESYNC_NEEDED","NONE,NONE,DELTA,NONE",
5.138307,2026-09-05T19:04:03.918+01:00,219550,1366744,254,254,True,True,0x04,"NO_IRQ,NO_IRQ,OK,RESYNC_NEEDED","NONE,NONE,DELTA,NONE",
5.139488,2026-09-05T19:04:03.932+01:00,219804,1366745,250,250,True,True,0x04,"NO_IRQ,NO_IRQ,OK,RESYNC_NEEDED","NONE,NONE,DELTA,NONE",
5.140419,2026-09-05T19:04:03.933+01:00,220054,1366746,144,144,True,True,0x04,"NO_IRQ,NO_IRQ,OK,RESYNC_NEEDED","NONE,NONE,DELTA,NONE",
5.144477,2026-09-05T19:04:03.934+01:00,220198,1366747,176,176,True,True,0x04,"NO_IRQ,NO_IRQ,OK,RESYNC_NEEDED","NONE,NONE,DELTA,NONE",
5.149340,2026-09-05T19:04:03.938+01:00,220374,1366748,238,238,True,True,0x04,"NO_IRQ,NO_IRQ,OK,RESYNC_NEEDED","NONE,NONE,DELTA,NONE",
5.161230,2026-09-05T19:04:03.943+01:00,220612,1366749,248,248,True,True,0x04,"NO_IRQ,NO_IRQ,OK,RESYNC_NEEDED","NONE,NONE,DELTA,NONE",
5.162087,2026-09-05T19:04:03.955+01:00,220860,1366750,146,146,True,True,0x04,"NO_IRQ,NO_IRQ,OK,RESYNC_NEEDED","NONE,NONE,DELTA,NONE",
5.164816,2026-09-05T19:04:03.955+01:00,221006,1366751,180,180,True,True,0x04,"NO_IRQ,NO_IRQ,OK,RESYNC_NEEDED","NONE,NONE,DELTA,NONE",
5.169304,2026-09-05T19:04:03.958+01:00,221186,1366752,234,234,True,True,0x04,"NO_IRQ,NO_IRQ,OK,RESYNC_NEEDED","NONE,NONE,DELTA,NONE",
5.175007,2026-09-05T19:04:03.963+01:00,221420,1366753,252,252,True,True,0x04,"NO_IRQ,NO_IRQ,OK,RESYNC_NEEDED","NONE,NONE,DELTA,NONE",
5.183554,2026-09-05T19:04:03.968+01:00,221672,1366754,148,148,True,True,0x04,"NO_IRQ,NO_IRQ,OK,RESYNC_NEEDED","NONE,NONE,DELTA,NONE",
5.184400,2026-09-05T19:04:03.977+01:00,221820,1366755,172,172,True,True,0x04,"NO_IRQ,NO_IRQ,OK,RESYNC_NEEDED","NONE,NONE,DELTA,NONE",
5.189785,2026-09-05T19:04:03.978+01:00,221992,1366756,238,238,True,True,0x04,"NO_IRQ,NO_IRQ,OK,RESYNC_NEEDED","NONE,NONE,DELTA,NONE",
5.194215,2026-09-05T19:04:03.983+01:00,222230,1366757,256,256,True,True,0x04,"NO_IRQ,NO_IRQ,OK,RESYNC_NEEDED","NONE,NONE,DELTA,NONE",
5.204709,2026-09-05T19:04:03.988+01:00,222486,1366758,150,150,True,True,0x04,"NO_IRQ,NO_IRQ,OK,RESYNC_NEEDED","NONE,NONE,DELTA,NONE",
5.205291,2026-09-05T19:04:03.998+01:00,222636,1366759,176,176,True,True,0x04,"NO_IRQ,NO_IRQ,OK,RESYNC_NEEDED","NONE,NONE,DELTA,NONE",
5.209509,2026-09-05T19:04:03.999+01:00,222812,1366760,246,246,True,True,0x04,"NO_IRQ,NO_IRQ,OK,RESYNC_NEEDED","NONE,NONE,DELTA,NONE",
5.214262,2026-09-05T19:04:04.003+01:00,223058,1366761,262,262,True,True,0x04,"NO_IRQ,NO_IRQ,OK,RESYNC_NEEDED","NONE,NONE,DELTA,NONE",
5.224323,2026-09-05T19:04:04.008+01:00,223320,1366762,148,148,True,True,0x04,"NO_IRQ,NO_IRQ,OK,RESYNC_NEEDED","NONE,NONE,DELTA,NONE",
5.225164,2026-09-05T19:04:04.018+01:00,223468,1366763,180,180,True,True,0x04,"NO_IRQ,NO_IRQ,OK,RESYNC_NEEDED","NONE,NONE,DELTA,NONE",
5.229545,2026-09-05T19:04:04.018+01:00,223648,1366764,248,248,True,True,0x04,"NO_IRQ,NO_IRQ,OK,RESYNC_NEEDED","NONE,NONE,DELTA,NONE",
5.234109,2026-09-05T19:04:04.023+01:00,223896,1366765,260,260,True,True,0x04,"NO_IRQ,NO_IRQ,OK,RESYNC_NEEDED","NONE,NONE,DELTA,NONE",
5.240876,2026-09-05T19:04:04.027+01:00,224156,1366766,158,158,True,True,0x04,"NO_IRQ,NO_IRQ,OK,RESYNC_NEEDED","NONE,NONE,DELTA,NONE",
5.244119,2026-09-05T19:04:04.036+01:00,224314,1366767,168,168,True,True,0x04,"NO_IRQ,NO_IRQ,OK,RESYNC_NEEDED","NONE,NONE,DELTA,NONE",
5.249380,2026-09-05T19:04:04.037+01:00,224482,1366768,250,250,True,True,0x04,"NO_IRQ,NO_IRQ,OK,RESYNC_NEEDED","NONE,NONE,DELTA,NONE",
5.253979,2026-09-05T19:04:04.043+01:00,224732,1366769,252,252,True,True,0x04,"NO_IRQ,NO_IRQ,OK,RESYNC_NEEDED","NONE,NONE,DELTA,NONE",
5.258770,2026-09-05T19:04:04.047+01:00,224984,1366770,156,156,True,True,0x04,"NO_IRQ,NO_IRQ,OK,RESYNC_NEEDED","NONE,NONE,DELTA,NONE",
5.274140,2026-09-05T19:04:04.052+01:00,225140,1366771,164,164,True,True,0x04,"NO_IRQ,NO_IRQ,OK,RESYNC_NEEDED","NONE,NONE,DELTA,NONE",
5.275484,2026-09-05T19:04:04.067+01:00,225304,1366772,242,242,True,True,0x04,"NO_IRQ,NO_IRQ,OK,RESYNC_NEEDED","NONE,NONE,DELTA,NONE",
5.276282,2026-09-05T19:04:04.069+01:00,225546,1366773,258,258,True,True,0x04,"NO_IRQ,NO_IRQ,OK,RESYNC_NEEDED","NONE,NONE,DELTA,NONE",
5.279511,2026-09-05T19:04:04.070+01:00,225804,1366774,156,156,True,True,0x04,"NO_IRQ,NO_IRQ,OK,RESYNC_NEEDED","NONE,NONE,DELTA,NONE",
5.283940,2026-09-05T19:04:04.073+01:00,225960,1366775,172,172,True,True,0x04,"NO_IRQ,NO_IRQ,OK,RESYNC_NEEDED","NONE,NONE,DELTA,NONE",
5.295366,2026-09-05T19:04:04.077+01:00,226132,1366776,242,242,True,True,0x04,"NO_IRQ,NO_IRQ,OK,RESYNC_NEEDED","NONE,NONE,DELTA,NONE",
5.296077,2026-09-05T19:04:04.089+01:00,226374,1366777,262,262,True,True,0x04,"NO_IRQ,NO_IRQ,OK,RESYNC_NEEDED","NONE,NONE,DELTA,NONE",
5.298926,2026-09-05T19:04:04.089+01:00,226636,1366778,154,154,True,True,0x04,"NO_IRQ,NO_IRQ,OK,RESYNC_NEEDED","NONE,NONE,DELTA,NONE",
5.304277,2026-09-05T19:04:04.092+01:00,226790,1366779,168,168,True,True,0x04,"NO_IRQ,NO_IRQ,OK,RESYNC_NEEDED","NONE,NONE,DELTA,NONE",
5.309090,2026-09-05T19:04:04.098+01:00,226958,1366780,242,242,True,True,0x04,"NO_IRQ,NO_IRQ,OK,RESYNC_NEEDED","NONE,NONE,DELTA,NONE",
5.318480,2026-09-05T19:04:04.102+01:00,227200,1366781,248,248,True,True,0x04,"NO_IRQ,NO_IRQ,OK,RESYNC_NEEDED","NONE,NONE,DELTA,NONE",
5.319530,2026-09-05T19:04:04.112+01:00,227448,1366782,154,154,True,True,0x04,"NO_IRQ,NO_IRQ,OK,RESYNC_NEEDED","NONE,NONE,DELTA,NONE",
5.323979,2026-09-05T19:04:04.113+01:00,227602,1366783,158,158,True,True,0x04,"NO_IRQ,NO_IRQ,OK,RESYNC_NEEDED","NONE,NONE,DELTA,NONE",
5.329145,2026-09-05T19:04:04.117+01:00,227760,1366784,250,250,True,True,0x04,"NO_IRQ,NO_IRQ,OK,RESYNC_NEEDED","NONE,NONE,DELTA,NONE",
5.339204,2026-09-05T19:04:04.123+01:00,228010,1366785,256,256,True,True,0x04,"NO_IRQ,NO_IRQ,OK,RESYNC_NEEDED","NONE,NONE,DELTA,NONE",
5.339815,2026-09-05T19:04:04.133+01:00,228266,1366786,154,154,True,True,0x04,"NO_IRQ,NO_IRQ,OK,RESYNC_NEEDED","NONE,NONE,DELTA,NONE",
5.344041,2026-09-05T19:04:04.133+01:00,228420,1366787,162,162,True,True,0x04,"NO_IRQ,NO_IRQ,OK,RESYNC_NEEDED","NONE,NONE,DELTA,NONE",
5.349452,2026-09-05T19:04:04.137+01:00,228582,1366788,238,238,True,True,0x04,"NO_IRQ,NO_IRQ,OK,RESYNC_NEEDED","NONE,NONE,DELTA,NONE",
5.359045,2026-09-05T19:04:04.143+01:00,228820,1366789,248,248,True,True,0x04,"NO_IRQ,NO_IRQ,OK,RESYNC_NEEDED","NONE,NONE,DELTA,NONE",
5.359670,2026-09-05T19:04:04.152+01:00,229068,1366790,154,154,True,True,0x04,"NO_IRQ,NO_IRQ,OK,RESYNC_NEEDED","NONE,NONE,DELTA,NONE",
5.364209,2026-09-05T19:04:04.153+01:00,229222,1366791,168,168,True,True,0x04,"NO_IRQ,NO_IRQ,OK,RESYNC_NEEDED","NONE,NONE,DELTA,NONE",
5.368925,2026-09-05T19:04:04.158+01:00,229390,1366792,244,244,True,True,0x04,"NO_IRQ,NO_IRQ,OK,RESYNC_NEEDED","NONE,NONE,DELTA,NONE",
5.380189,2026-09-05T19:04:04.162+01:00,229634,1366793,266,266,True,True,0x04,"NO_IRQ,NO_IRQ,OK,RESYNC_NEEDED","NONE,NONE,DELTA,NONE",
5.380917,2026-09-05T19:04:04.174+01:00,229900,1366794,158,158,True,True,0x04,"NO_IRQ,NO_IRQ,OK,RESYNC_NEEDED","NONE,NONE,DELTA,NONE",
5.384190,2026-09-05T19:04:04.174+01:00,230058,1366795,160,160,True,True,0x04,"NO_IRQ,NO_IRQ,OK,RESYNC_NEEDED","NONE,NONE,DELTA,NONE",
5.389550,2026-09-05T19:04:04.178+01:00,230218,1366796,246,246,True,True,0x04,"NO_IRQ,NO_IRQ,OK,RESYNC_NEEDED","NONE,NONE,DELTA,NONE",
5.394206,2026-09-05T19:04:04.183+01:00,230464,1366797,258,258,True,True,0x04,"NO_IRQ,NO_IRQ,OK,RESYNC_NEEDED","NONE,NONE,DELTA,NONE",
5.404405,2026-09-05T19:04:04.188+01:00,230722,1366798,162,162,True,True,0x04,"NO_IRQ,NO_IRQ,OK,RESYNC_NEEDED","NONE,NONE,DELTA,NONE",
5.405458,2026-09-05T19:04:04.198+01:00,230884,1366799,168,168,True,True,0x04,"NO_IRQ,NO_IRQ,OK,RESYNC_NEEDED","NONE,NONE,DELTA,NONE",
5.409358,2026-09-05T19:04:04.199+01:00,231052,1366800,244,244,True,True,0x04,"NO_IRQ,NO_IRQ,OK,RESYNC_NEEDED","NONE,NONE,DELTA,NONE",
5.414206,2026-09-05T19:04:04.203+01:00,231296,1366801,248,248,True,True,0x04,"NO_IRQ,NO_IRQ,OK,RESYNC_NEEDED","NONE,NONE,DELTA,NONE",
5.421970,2026-09-05T19:04:04.208+01:00,231544,1366802,168,168,True,True,0x04,"NO_IRQ,NO_IRQ,OK,RESYNC_NEEDED","NONE,NONE,DELTA,NONE",
5.423913,2026-09-05T19:04:04.215+01:00,231712,1366803,160,160,True,True,0x04,"NO_IRQ,NO_IRQ,OK,RESYNC_NEEDED","NONE,NONE,DELTA,NONE",
5.429477,2026-09-05T19:04:04.217+01:00,231872,1366804,258,258,True,True,0x04,"NO_IRQ,NO_IRQ,OK,RESYNC_NEEDED","NONE,NONE,DELTA,NONE",
5.434297,2026-09-05T19:04:04.223+01:00,232130,1366805,252,252,True,True,0x04,"NO_IRQ,NO_IRQ,OK,RESYNC_NEEDED","NONE,NONE,DELTA,NONE",
5.439539,2026-09-05T19:04:04.228+01:00,232382,1366806,166,166,True,True,0x04,"NO_IRQ,NO_IRQ,OK,RESYNC_NEEDED","NONE,NONE,DELTA,NONE",
5.444207,2026-09-05T19:04:04.233+01:00,232548,1366807,150,150,True,True,0x04,"NO_IRQ,NO_IRQ,OK,RESYNC_NEEDED","NONE,NONE,DELTA,NONE",
5.448903,2026-09-05T19:04:04.238+01:00,232698,1366808,242,242,True,True,0x04,"NO_IRQ,NO_IRQ,OK,RESYNC_NEEDED","NONE,NONE,DELTA,NONE",
5.453912,2026-09-05T19:04:04.242+01:00,232940,1366809,248,248,True,True,0x04,"NO_IRQ,NO_IRQ,OK,RESYNC_NEEDED","NONE,NONE,DELTA,NONE",
5.465299,2026-09-05T19:04:04.247+01:00,233188,1366810,158,158,True,True,0x04,"NO_IRQ,NO_IRQ,OK,RESYNC_NEEDED","NONE,NONE,DELTA,NONE",
5.465694,2026-09-05T19:04:04.259+01:00,233346,1366811,156,156,True,True,0x04,"NO_IRQ,NO_IRQ,OK,RESYNC_NEEDED","NONE,NONE,DELTA,NONE",
5.482759,2026-09-05T19:04:04.259+01:00,233502,1366812,244,244,True,True,0x04,"NO_IRQ,NO_IRQ,OK,RESYNC_NEEDED","NONE,NONE,DELTA,NONE",
5.483861,2026-09-05T19:04:04.276+01:00,233746,1366813,256,256,True,True,0x04,"NO_IRQ,NO_IRQ,OK,RESYNC_NEEDED","NONE,NONE,DELTA,NONE",
5.484666,2026-09-05T19:04:04.277+01:00,234002,1366814,164,164,True,True,0x04,"NO_IRQ,NO_IRQ,OK,RESYNC_NEEDED","NONE,NONE,DELTA,NONE",
5.485382,2026-09-05T19:04:04.278+01:00,234166,1366815,150,150,True,True,0x04,"NO_IRQ,NO_IRQ,OK,RESYNC_NEEDED","NONE,NONE,DELTA,NONE",
5.489138,2026-09-05T19:04:04.279+01:00,234316,1366816,242,242,True,True,0x04,"NO_IRQ,NO_IRQ,OK,RESYNC_NEEDED","NONE,NONE,DELTA,NONE",
5.494143,2026-09-05T19:04:04.282+01:00,234558,1366817,242,242,True,True,0x04,"NO_IRQ,NO_IRQ,OK,RESYNC_NEEDED","NONE,NONE,DELTA,NONE",
5.502019,2026-09-05T19:04:04.287+01:00,234800,1366818,166,166,True,True,0x04,"NO_IRQ,NO_IRQ,OK,RESYNC_NEEDED","NONE,NONE,DELTA,NONE",
5.504274,2026-09-05T19:04:04.295+01:00,234966,1366819,156,156,True,True,0x04,"NO_IRQ,NO_IRQ,OK,RESYNC_NEEDED","NONE,NONE,DELTA,NONE",
5.508873,2026-09-05T19:04:04.298+01:00,235122,1366820,252,252,True,True,0x04,"NO_IRQ,NO_IRQ,OK,RESYNC_NEEDED","NONE,NONE,DELTA,NONE",
5.522180,2026-09-05T19:04:04.302+01:00,235374,1366821,256,256,True,True,0x04,"NO_IRQ,NO_IRQ,OK,RESYNC_NEEDED","NONE,NONE,DELTA,NONE",
5.523007,2026-09-05T19:04:04.316+01:00,235630,1366822,168,168,True,True,0x04,"NO_IRQ,NO_IRQ,OK,RESYNC_NEEDED","NONE,NONE,DELTA,NONE",
5.523844,2026-09-05T19:04:04.317+01:00,235798,1366823,160,160,True,True,0x04,"NO_IRQ,NO_IRQ,OK,RESYNC_NEEDED","NONE,NONE,DELTA,NONE",
5.529202,2026-09-05T19:04:04.317+01:00,235958,1366824,244,244,True,True,0x04,"NO_IRQ,NO_IRQ,OK,RESYNC_NEEDED","NONE,NONE,DELTA,NONE",
5.533959,2026-09-05T19:04:04.323+01:00,236202,1366825,258,258,True,True,0x04,"NO_IRQ,NO_IRQ,OK,RESYNC_NEEDED","NONE,NONE,DELTA,NONE",
5.543113,2026-09-05T19:04:04.327+01:00,236460,1366826,172,172,True,True,0x04,"NO_IRQ,NO_IRQ,OK,RESYNC_NEEDED","NONE,NONE,DELTA,NONE",
5.543784,2026-09-05T19:04:04.336+01:00,236632,1366827,154,154,True,True,0x04,"NO_IRQ,NO_IRQ,OK,RESYNC_NEEDED","NONE,NONE,DELTA,NONE",
5.549093,2026-09-05T19:04:04.337+01:00,236786,1366828,256,256,True,True,0x04,"NO_IRQ,NO_IRQ,OK,RESYNC_NEEDED","NONE,NONE,DELTA,NONE",
5.553931,2026-09-05T19:04:04.342+01:00,237042,1366829,254,254,True,True,0x04,"NO_IRQ,NO_IRQ,OK,RESYNC_NEEDED","NONE,NONE,DELTA,NONE",
5.566616,2026-09-05T19:04:04.348+01:00,237296,1366830,168,168,True,True,0x04,"NO_IRQ,NO_IRQ,OK,RESYNC_NEEDED","NONE,NONE,DELTA,NONE",
5.567452,2026-09-05T19:04:04.360+01:00,237464,1366831,156,156,True,True,0x04,"NO_IRQ,NO_IRQ,OK,RESYNC_NEEDED","NONE,NONE,DELTA,NONE",
5.568787,2026-09-05T19:04:04.361+01:00,237620,1366832,248,248,True,True,0x04,"NO_IRQ,NO_IRQ,OK,RESYNC_NEEDED","NONE,NONE,DELTA,NONE",
5.573880,2026-09-05T19:04:04.362+01:00,237868,1366833,250,250,True,True,0x04,"NO_IRQ,NO_IRQ,OK,RESYNC_NEEDED","NONE,NONE,DELTA,NONE",
5.578951,2026-09-05T19:04:04.367+01:00,238118,1366834,170,170,True,True,0x04,"NO_IRQ,NO_IRQ,OK,RESYNC_NEEDED","NONE,NONE,DELTA,NONE",
5.591746,2026-09-05T19:04:04.372+01:00,238288,1366835,1084,1084,True,True,0x04,"NO_IRQ,NO_IRQ,OK,RESYNC_NEEDED","NONE,NONE,DELTA_SYNC,NONE",
5.593574,2026-09-05T19:04:04.386+01:00,239372,1366836,264,264,True,True,0x04,"NO_IRQ,NO_IRQ,OK,RESYNC_NEEDED","NONE,NONE,DELTA,NONE",
5.594182,2026-09-05T19:04:04.387+01:00,239636,1366837,264,264,True,True,0x04,"NO_IRQ,NO_IRQ,OK,RESYNC_NEEDED","NONE,NONE,DELTA,NONE",
5.599027,2026-09-05T19:04:04.387+01:00,239900,1366838,168,168,True,True,0x04,"NO_IRQ,NO_IRQ,OK,RESYNC_NEEDED","NONE,NONE,DELTA,NONE",
5.604285,2026-09-05T19:04:04.392+01:00,240068,1366839,148,148,True,True,0x04,"NO_IRQ,NO_IRQ,OK,RESYNC_NEEDED","NONE,NONE,DELTA,NONE",
5.615837,2026-09-05T19:04:04.398+01:00,240216,1366840,252,252,True,True,0x04,"NO_IRQ,NO_IRQ,OK,RESYNC_NEEDED","NONE,NONE,DELTA,NONE",
5.617195,2026-09-05T19:04:04.409+01:00,240468,1366841,248,248,True,True,0x04,"NO_IRQ,NO_IRQ,OK,RESYNC_NEEDED","NONE,NONE,DELTA,NONE",
5.618784,2026-09-05T19:04:04.411+01:00,240716,1366842,178,178,True,True,0x04,"NO_IRQ,NO_IRQ,OK,RESYNC_NEEDED","NONE,NONE,DELTA,NONE",
5.624090,2026-09-05T19:04:04.412+01:00,240894,1366843,160,160,True,True,0x04,"NO_IRQ,NO_IRQ,OK,RESYNC_NEEDED","NONE,NONE,DELTA,NONE",
5.628904,2026-09-05T19:04:04.417+01:00,241054,1366844,262,262,True,True,0x04,"NO_IRQ,NO_IRQ,OK,RESYNC_NEEDED","NONE,NONE,DELTA,NONE",
5.636112,2026-09-05T19:04:04.422+01:00,241316,1366845,248,248,True,True,0x04,"NO_IRQ,NO_IRQ,OK,RESYNC_NEEDED","NONE,NONE,DELTA,NONE",
5.639064,2026-09-05T19:04:04.430+01:00,241564,1366846,176,176,True,True,0x04,"NO_IRQ,NO_IRQ,OK,RESYNC_NEEDED","NONE,NONE,DELTA,NONE",
5.644001,2026-09-05T19:04:04.432+01:00,241740,1366847,154,154,True,True,0x04,"NO_IRQ,NO_IRQ,OK,RESYNC_NEEDED","NONE,NONE,DELTA,NONE",
5.649003,2026-09-05T19:04:04.437+01:00,241894,1366848,244,244,True,True,0x04,"NO_IRQ,NO_IRQ,OK,RESYNC_NEEDED","NONE,NONE,DELTA,NONE",
5.655057,2026-09-05T19:04:04.442+01:00,242138,1366849,258,258,True,True,0x04,"NO_IRQ,NO_IRQ,OK,RESYNC_NEEDED","NONE,NONE,DELTA,NONE",
5.659008,2026-09-05T19:04:04.448+01:00,242396,1366850,180,180,True,True,0x04,"NO_IRQ,NO_IRQ,OK,RESYNC_NEEDED","NONE,NONE,DELTA,NONE",
5.665488,2026-09-05T19:04:04.458+01:00,242576,1366851,150,150,True,True,0x04,"NO_IRQ,NO_IRQ,OK,RESYNC_NEEDED","NONE,NONE,DELTA,NONE",
5.673477,2026-09-05T19:04:04.459+01:00,242726,1366852,244,244,True,True,0x04,"NO_IRQ,NO_IRQ,OK,RESYNC_NEEDED","NONE,NONE,DELTA,NONE",
5.674217,2026-09-05T19:04:04.467+01:00,242970,1366853,248,248,True,True,0x04,"NO_IRQ,NO_IRQ,OK,RESYNC_NEEDED","NONE,NONE,DELTA,NONE",
5.678960,2026-09-05T19:04:04.468+01:00,243218,1366854,180,180,True,True,0x04,"NO_IRQ,NO_IRQ,OK,RESYNC_NEEDED","NONE,NONE,DELTA,NONE",
5.684149,2026-09-05T19:04:04.472+01:00,243398,1366855,150,150,True,True,0x04,"NO_IRQ,NO_IRQ,OK,RESYNC_NEEDED","NONE,NONE,DELTA,NONE",
5.690610,2026-09-05T19:04:04.478+01:00,243548,1366856,254,254,True,True,0x04,"NO_IRQ,NO_IRQ,OK,RESYNC_NEEDED","NONE,NONE,DELTA,NONE",
5.693795,2026-09-05T19:04:04.484+01:00,243802,1366857,246,246,True,True,0x04,"NO_IRQ,NO_IRQ,OK,RESYNC_NEEDED","NONE,NONE,DELTA,NONE",
5.698799,2026-09-05T19:04:04.488+01:00,244048,1366858,176,176,True,True,0x04,"NO_IRQ,NO_IRQ,OK,RESYNC_NEEDED","NONE,NONE,DELTA,NONE",
5.703525,2026-09-05T19:04:04.492+01:00,244224,1366859,144,144,True,True,0x04,"NO_IRQ,NO_IRQ,OK,RESYNC_NEEDED","NONE,NONE,DELTA,NONE",
5.723251,2026-09-05T19:04:04.502+01:00,244368,1366860,246,246,True,True,0x04,"NO_IRQ,NO_IRQ,OK,RESYNC_NEEDED","NONE,NONE,DELTA,NONE",
5.723758,2026-09-05T19:04:04.517+01:00,244614,1366861,248,248,True,True,0x04,"NO_IRQ,NO_IRQ,OK,RESYNC_NEEDED","NONE,NONE,DELTA,NONE",
5.725056,2026-09-05T19:04:04.517+01:00,244862,1366862,188,188,True,True,0x04,"NO_IRQ,NO_IRQ,OK,RESYNC_NEEDED","NONE,NONE,DELTA,NONE",
5.726105,2026-09-05T19:04:04.518+01:00,245050,1366863,156,156,True,True,0x04,"NO_IRQ,NO_IRQ,OK,RESYNC_NEEDED","NONE,NONE,DELTA,NONE",
5.729068,2026-09-05T19:04:04.519+01:00,245206,1366864,258,258,True,True,0x04,"NO_IRQ,NO_IRQ,OK,RESYNC_NEEDED","NONE,NONE,DELTA,NONE",
5.734213,2026-09-05T19:04:04.523+01:00,245464,1366865,244,244,True,True,0x04,"NO_IRQ,NO_IRQ,OK,RESYNC_NEEDED","NONE,NONE,DELTA,NONE",
5.739686,2026-09-05T19:04:04.528+01:00,245708,1366866,182,182,True,True,0x04,"NO_IRQ,NO_IRQ,OK,RESYNC_NEEDED","NONE,NONE,DELTA,NONE",
5.751699,2026-09-05T19:04:04.533+01:00,245890,1366867,146,146,True,True,0x04,"NO_IRQ,NO_IRQ,OK,RESYNC_NEEDED","NONE,NONE,DELTA,NONE",
5.753925,2026-09-05T19:04:04.546+01:00,246036,1366868,248,248,True,True,0x04,"NO_IRQ,NO_IRQ,OK,RESYNC_NEEDED","NONE,NONE,DELTA,NONE",
5.754958,2026-09-05T19:04:04.547+01:00,246284,1366869,238,238,True,True,0x04,"NO_IRQ,NO_IRQ,OK,RESYNC_NEEDED","NONE,NONE,DELTA,NONE",
5.759421,2026-09-05T19:04:04.548+01:00,246522,1366870,186,186,True,True,0x04,"NO_IRQ,NO_IRQ,OK,RESYNC_NEEDED","NONE,NONE,DELTA,NONE",
5.763858,2026-09-05T19:04:04.553+01:00,246708,1366871,140,140,True,True,0x04,"NO_IRQ,NO_IRQ,OK,RESYNC_NEEDED","NONE,NONE,DELTA,NONE",
5.769885,2026-09-05T19:04:04.557+01:00,246848,1366872,248,248,True,True,0x04,"NO_IRQ,NO_IRQ,OK,RESYNC_NEEDED","NONE,NONE,DELTA,NONE",
5.774439,2026-09-05T19:04:04.564+01:00,247096,1366873,256,256,True,True,0x04,"NO_IRQ,NO_IRQ,OK,RESYNC_NEEDED","NONE,NONE,DELTA,NONE",
5.778692,2026-09-05T19:04:04.568+01:00,247352,1366874,188,188,True,True,0x04,"NO_IRQ,NO_IRQ,OK,RESYNC_NEEDED","NONE,NONE,DELTA,NONE",
5.783813,2026-09-05T19:04:04.572+01:00,247540,1366875,156,156,True,True,0x04,"NO_IRQ,NO_IRQ,OK,RESYNC_NEEDED","NONE,NONE,DELTA,NONE",
5.790511,2026-09-05T19:04:04.577+01:00,247696,1366876,250,250,True,True,0x04,"NO_IRQ,NO_IRQ,OK,RESYNC_NEEDED","NONE,NONE,DELTA,NONE",
5.793762,2026-09-05T19:04:04.584+01:00,247946,1366877,250,250,True,True,0x04,"NO_IRQ,NO_IRQ,OK,RESYNC_NEEDED","NONE,NONE,DELTA,NONE",
5.798429,2026-09-05T19:04:04.587+01:00,248196,1366878,194,194,True,True,0x04,"NO_IRQ,NO_IRQ,OK,RESYNC_NEEDED","NONE,NONE,DELTA,NONE",
5.806801,2026-09-05T19:04:04.592+01:00,248390,1366879,148,148,True,True,0x04,"NO_IRQ,NO_IRQ,OK,RESYNC_NEEDED","NONE,NONE,DELTA,NONE",
5.808538,2026-09-05T19:04:04.600+01:00,248538,1366880,246,246,True,True,0x04,"NO_IRQ,NO_IRQ,OK,RESYNC_NEEDED","NONE,NONE,DELTA,NONE",
5.813751,2026-09-05T19:04:04.602+01:00,248784,1366881,242,242,True,True,0x04,"NO_IRQ,NO_IRQ,OK,RESYNC_NEEDED","NONE,NONE,DELTA,NONE",
5.822113,2026-09-05T19:04:04.607+01:00,249026,1366882,194,194,True,True,0x04,"NO_IRQ,NO_IRQ,OK,RESYNC_NEEDED","NONE,NONE,DELTA,NONE",
5.823738,2026-09-05T19:04:04.616+01:00,249220,1366883,146,146,True,True,0x04,"NO_IRQ,NO_IRQ,OK,RESYNC_NEEDED","NONE,NONE,DELTA,NONE",
5.828820,2026-09-05T19:04:04.617+01:00,249366,1366884,250,250,True,True,0x04,"NO_IRQ,NO_IRQ,OK,RESYNC_NEEDED","NONE,NONE,DELTA,NONE",
5.838440,2026-09-05T19:04:04.622+01:00,249616,1366885,228,228,True,True,0x04,"NO_IRQ,NO_IRQ,OK,RESYNC_NEEDED","NONE,NONE,DELTA,NONE",
5.839045,2026-09-05T19:04:04.632+01:00,249844,1366886,198,198,True,True,0x04,"NO_IRQ,NO_IRQ,OK,RESYNC_NEEDED","NONE,NONE,DELTA,NONE",
5.843660,2026-09-05T19:04:04.632+01:00,250042,1366887,148,148,True,True,0x04,"NO_IRQ,NO_IRQ,OK,RESYNC_NEEDED","NONE,NONE,DELTA,NONE",
5.853911,2026-09-05T19:04:04.637+01:00,250190,1366888,246,246,True,True,0x04,"NO_IRQ,NO_IRQ,OK,RESYNC_NEEDED","NONE,NONE,DELTA,NONE",
5.854697,2026-09-05T19:04:04.647+01:00,250436,1366889,232,232,True,True,0x04,"NO_IRQ,NO_IRQ,OK,RESYNC_NEEDED","NONE,NONE,DELTA,NONE",
5.859070,2026-09-05T19:04:04.648+01:00,250668,1366890,194,194,True,True,0x04,"NO_IRQ,NO_IRQ,OK,RESYNC_NEEDED","NONE,NONE,DELTA,NONE",
5.863431,2026-09-05T19:04:04.652+01:00,250862,1366891,140,140,True,True,0x04,"NO_IRQ,NO_IRQ,OK,RESYNC_NEEDED","NONE,NONE,DELTA,NONE",
5.870328,2026-09-05T19:04:04.657+01:00,251002,1366892,236,236,True,True,0x04,"NO_IRQ,NO_IRQ,OK,RESYNC_NEEDED","NONE,NONE,DELTA,NONE",
5.873489,2026-09-05T19:04:04.664+01:00,251238,1366893,226,226,True,True,0x04,"NO_IRQ,NO_IRQ,OK,RESYNC_NEEDED","NONE,NONE,DELTA,NONE",
5.878594,2026-09-05T19:04:04.667+01:00,251464,1366894,196,196,True,True,0x04,"NO_IRQ,NO_IRQ,OK,RESYNC_NEEDED","NONE,NONE,DELTA,NONE",
5.893075,2026-09-05T19:04:04.672+01:00,251660,1366895,144,144,True,True,0x04,"NO_IRQ,NO_IRQ,OK,RESYNC_NEEDED","NONE,NONE,DELTA,NONE",
5.893442,2026-09-05T19:04:04.686+01:00,251804,1366896,244,244,True,True,0x04,"NO_IRQ,NO_IRQ,OK,RESYNC_NEEDED","NONE,NONE,DELTA,NONE",
5.893669,2026-09-05T19:04:04.687+01:00,252048,1366897,232,232,True,True,0x04,"NO_IRQ,NO_IRQ,OK,RESYNC_NEEDED","NONE,NONE,DELTA,NONE",
5.898383,2026-09-05T19:04:04.687+01:00,252280,1366898,194,194,True,True,0x04,"NO_IRQ,NO_IRQ,OK,RESYNC_NEEDED","NONE,NONE,DELTA,NONE",
5.905898,2026-09-05T19:04:04.692+01:00,252474,1366899,148,148,True,True,0x04,"NO_IRQ,NO_IRQ,OK,RESYNC_NEEDED","NONE,NONE,DELTA,NONE",
5.912275,2026-09-05T19:04:04.700+01:00,252622,1366900,250,250,True,True,0x04,"NO_IRQ,NO_IRQ,OK,RESYNC_NEEDED","NONE,NONE,DELTA,NONE",
5.913434,2026-09-05T19:04:04.706+01:00,252872,1366901,238,238,True,True,0x04,"NO_IRQ,NO_IRQ,OK,RESYNC_NEEDED","NONE,NONE,DELTA,NONE",
5.918595,2026-09-05T19:04:04.707+01:00,253110,1366902,188,188,True,True,0x04,"NO_IRQ,NO_IRQ,OK,RESYNC_NEEDED","NONE,NONE,DELTA,NONE",
5.928834,2026-09-05T19:04:04.712+01:00,253298,1366903,144,144,True,True,0x04,"NO_IRQ,NO_IRQ,OK,RESYNC_NEEDED","NONE,NONE,DELTA,NONE",
5.929795,2026-09-05T19:04:04.722+01:00,253442,1366904,238,238,True,True,0x04,"NO_IRQ,NO_IRQ,OK,RESYNC_NEEDED","NONE,NONE,DELTA,NONE",
5.933688,2026-09-05T19:04:04.723+01:00,253680,1366905,238,238,True,True,0x04,"NO_IRQ,NO_IRQ,OK,RESYNC_NEEDED","NONE,NONE,DELTA,NONE",
5.938451,2026-09-05T19:04:04.727+01:00,253918,1366906,200,200,True,True,0x04,"NO_IRQ,NO_IRQ,OK,RESYNC_NEEDED","NONE,NONE,DELTA,NONE",
5.945345,2026-09-05T19:04:04.732+01:00,254118,1366907,144,144,True,True,0x04,"NO_IRQ,NO_IRQ,OK,RESYNC_NEEDED","NONE,NONE,DELTA,NONE",
5.948926,2026-09-05T19:04:04.739+01:00,254262,1366908,240,240,True,True,0x04,"NO_IRQ,NO_IRQ,OK,RESYNC_NEEDED","NONE,NONE,DELTA,NONE",
5.953467,2026-09-05T19:04:04.742+01:00,254502,1366909,242,242,True,True,0x04,"NO_IRQ,NO_IRQ,OK,RESYNC_NEEDED","NONE,NONE,DELTA,NONE",
5.961677,2026-09-05T19:04:04.747+01:00,254744,1366910,210,210,True,True,0x04,"NO_IRQ,NO_IRQ,OK,RESYNC_NEEDED","NONE,NONE,DELTA,NONE",
5.963385,2026-09-05T19:04:04.755+01:00,254954,1366911,144,144,True,True,0x04,"NO_IRQ,NO_IRQ,OK,RESYNC_NEEDED","NONE,NONE,DELTA,NONE",
5.968652,2026-09-05T19:04:04.757+01:00,255098,1366912,250,250,True,True,0x04,"NO_IRQ,NO_IRQ,OK,RESYNC_NEEDED","NONE,NONE,DELTA,NONE",
5.977687,2026-09-05T19:04:04.762+01:00,255348,1366913,234,234,True,True,0x04,"NO_IRQ,NO_IRQ,OK,RESYNC_NEEDED","NONE,NONE,DELTA,NONE",
5.978564,2026-09-05T19:04:04.771+01:00,255582,1366914,200,200,True,True,0x04,"NO_IRQ,NO_IRQ,OK,RESYNC_NEEDED","NONE,NONE,DELTA,NONE",
5.983406,2026-09-05T19:04:04.772+01:00,255782,1366915,142,142,True,True,0x04,"NO_IRQ,NO_IRQ,OK,RESYNC_NEEDED","NONE,NONE,DELTA,NONE",
5.993652,2026-09-05T19:04:04.777+01:00,255924,1366916,234,234,True,True,0x04,"NO_IRQ,NO_IRQ,OK,RESYNC_NEEDED","NONE,NONE,DELTA,NONE",
5.994306,2026-09-05T19:04:04.787+01:00,256158,1366917,236,236,True,True,0x04,"NO_IRQ,NO_IRQ,OK,RESYNC_NEEDED","NONE,NONE,DELTA,NONE",
5.998459,2026-09-05T19:04:04.788+01:00,256394,1366918,206,206,True,True,0x04,"NO_IRQ,NO_IRQ,OK,RESYNC_NEEDED","NONE,NONE,DELTA,NONE",
6.003020,2026-09-05T19:04:04.792+01:00,256600,1366919,142,142,True,True,0x04,"NO_IRQ,NO_IRQ,OK,RESYNC_NEEDED","NONE,NONE,DELTA,NONE",
6.010016,2026-09-05T19:04:04.796+01:00,256742,1366920,244,244,True,True,0x04,"NO_IRQ,NO_IRQ,OK,RESYNC_NEEDED","NONE,NONE,DELTA,NONE",
6.013579,2026-09-05T19:04:04.804+01:00,256986,1366921,250,250,True,True,0x04,"NO_IRQ,NO_IRQ,OK,RESYNC_NEEDED","NONE,NONE,DELTA,NONE",
6.018489,2026-09-05T19:04:04.807+01:00,257236,1366922,208,208,True,True,0x04,"NO_IRQ,NO_IRQ,OK,RESYNC_NEEDED","NONE,NONE,DELTA,NONE",
6.027851,2026-09-05T19:04:04.812+01:00,257444,1366923,140,140,True,True,0x04,"NO_IRQ,NO_IRQ,OK,RESYNC_NEEDED","NONE,NONE,DELTA,NONE",
6.029161,2026-09-05T19:04:04.821+01:00,257584,1366924,238,238,True,True,0x04,"NO_IRQ,NO_IRQ,OK,RESYNC_NEEDED","NONE,NONE,DELTA,NONE",
6.033586,2026-09-05T19:04:04.822+01:00,257822,1366925,236,236,True,True,0x04,"NO_IRQ,NO_IRQ,OK,RESYNC_NEEDED","NONE,NONE,DELTA,NONE",
6.038508,2026-09-05T19:04:04.827+01:00,258058,1366926,208,208,True,True,0x04,"NO_IRQ,NO_IRQ,OK,RESYNC_NEEDED","NONE,NONE,DELTA,NONE",
6.043687,2026-09-05T19:04:04.832+01:00,258266,1366927,138,138,True,True,0x04,"NO_IRQ,NO_IRQ,OK,RESYNC_NEEDED","NONE,NONE,DELTA,NONE",
6.048459,2026-09-05T19:04:04.837+01:00,258404,1366928,256,256,True,True,0x04,"NO_IRQ,NO_IRQ,OK,RESYNC_NEEDED","NONE,NONE,DELTA,NONE",
6.053945,2026-09-05T19:04:04.842+01:00,258660,1366929,232,232,True,True,0x04,"NO_IRQ,NO_IRQ,OK,RESYNC_NEEDED","NONE,NONE,DELTA,NONE",
6.058113,2026-09-05T19:04:04.847+01:00,258892,1366930,200,200,True,True,0x04,"NO_IRQ,NO_IRQ,OK,RESYNC_NEEDED","NONE,NONE,DELTA,NONE",
6.072178,2026-09-05T19:04:04.851+01:00,259092,1366931,140,140,True,True,0x04,"NO_IRQ,NO_IRQ,OK,RESYNC_NEEDED","NONE,NONE,DELTA,NONE",
6.073069,2026-09-05T19:04:04.866+01:00,259232,1366932,246,246,True,True,0x04,"NO_IRQ,NO_IRQ,OK,RESYNC_NEEDED","NONE,NONE,DELTA,NONE",
6.074412,2026-09-05T19:04:04.866+01:00,259478,1366933,234,234,True,True,0x04,"NO_IRQ,NO_IRQ,OK,RESYNC_NEEDED","NONE,NONE,DELTA,NONE",
6.078516,2026-09-05T19:04:04.868+01:00,259712,1366934,214,214,True,True,0x04,"NO_IRQ,NO_IRQ,OK,RESYNC_NEEDED","NONE,NONE,DELTA,NONE",
6.089325,2026-09-05T19:04:04.872+01:00,259926,1366935,134,134,True,True,0x04,"NO_IRQ,NO_IRQ,OK,RESYNC_NEEDED","NONE,NONE,DELTA,NONE",
6.089637,2026-09-05T19:04:04.883+01:00,260060,1366936,236,236,True,True,0x04,"NO_IRQ,NO_IRQ,OK,RESYNC_NEEDED","NONE,NONE,DELTA,NONE",
6.093358,2026-09-05T19:04:04.883+01:00,260296,1366937,228,228,True,True,0x04,"NO_IRQ,NO_IRQ,OK,RESYNC_NEEDED","NONE,NONE,DELTA,NONE",
6.098376,2026-09-05T19:04:04.887+01:00,260524,1366938,214,214,True,True,0x04,"NO_IRQ,NO_IRQ,OK,RESYNC_NEEDED","NONE,NONE,DELTA,NONE",
6.108226,2026-09-05T19:04:04.892+01:00,260738,1366939,136,136,True,True,0x04,"NO_IRQ,NO_IRQ,OK,RESYNC_NEEDED","NONE,NONE,DELTA,NONE",
6.108898,2026-09-05T19:04:04.902+01:00,260874,1366940,242,242,True,True,0x04,"NO_IRQ,NO_IRQ,OK,RESYNC_NEEDED","NONE,NONE,DELTA,NONE",
6.113433,2026-09-05T19:04:04.902+01:00,261116,1366941,222,222,True,True,0x04,"NO_IRQ,NO_IRQ,OK,RESYNC_NEEDED","NONE,NONE,DELTA,NONE",
6.125059,2026-09-05T19:04:04.907+01:00,261338,1366942,202,202,True,True,0x04,"NO_IRQ,NO_IRQ,OK,RESYNC_NEEDED","NONE,NONE,DELTA,NONE",
6.125681,2026-09-05T19:04:04.918+01:00,261540,1366943,144,144,True,True,0x04,"NO_IRQ,NO_IRQ,OK,RESYNC_NEEDED","NONE,NONE,DELTA,NONE",
6.129006,2026-09-05T19:04:04.919+01:00,261684,1366944,228,228,True,True,0x04,"NO_IRQ,NO_IRQ,OK,RESYNC_NEEDED","NONE,NONE,DELTA,NONE",
6.134014,2026-09-05T19:04:04.923+01:00,261912,1366945,238,238,True,True,0x04,"NO_IRQ,NO_IRQ,OK,RESYNC_NEEDED","NONE,NONE,DELTA,NONE",
6.138541,2026-09-05T19:04:04.928+01:00,262150,1366946,198,198,True,True,0x04,"NO_IRQ,NO_IRQ,OK,RESYNC_NEEDED","NONE,NONE,DELTA,NONE",
6.143617,2026-09-05T19:04:04.932+01:00,262348,1366947,130,130,True,True,0x04,"NO_IRQ,NO_IRQ,OK,RESYNC_NEEDED","NONE,NONE,DELTA,NONE",
6.148256,2026-09-05T19:04:04.937+01:00,262478,1366948,240,240,True,True,0x04,"NO_IRQ,NO_IRQ,OK,RESYNC_NEEDED","NONE,NONE,DELTA,NONE",
6.159965,2026-09-05T19:04:04.942+01:00,262718,1366949,222,222,True,True,0x04,"NO_IRQ,NO_IRQ,OK,RESYNC_NEEDED","NONE,NONE,DELTA,NONE",
6.160641,2026-09-05T19:04:04.953+01:00,262940,1366950,214,214,True,True,0x04,"NO_IRQ,NO_IRQ,OK,RESYNC_NEEDED","NONE,NONE,DELTA,NONE",
6.163380,2026-09-05T19:04:04.954+01:00,263154,1366951,136,136,True,True,0x04,"NO_IRQ,NO_IRQ,OK,RESYNC_NEEDED","NONE,NONE,DELTA,NONE",
6.168310,2026-09-05T19:04:04.957+01:00,263290,1366952,232,232,True,True,0x04,"NO_IRQ,NO_IRQ,OK,RESYNC_NEEDED","NONE,NONE,DELTA,NONE",
6.176804,2026-09-05T19:04:04.962+01:00,263522,1366953,236,236,True,True,0x04,"NO_IRQ,NO_IRQ,OK,RESYNC_NEEDED","NONE,NONE,DELTA,NONE",
6.178286,2026-09-05T19:04:04.970+01:00,263758,1366954,220,220,True,True,0x04,"NO_IRQ,NO_IRQ,OK,RESYNC_NEEDED","NONE,NONE,DELTA,NONE",
6.183433,2026-09-05T19:04:04.972+01:00,263978,1366955,136,136,True,True,0x04,"NO_IRQ,NO_IRQ,OK,RESYNC_NEEDED","NONE,NONE,DELTA,NONE",
6.193287,2026-09-05T19:04:04.977+01:00,264114,1366956,234,234,True,True,0x04,"NO_IRQ,NO_IRQ,OK,RESYNC_NEEDED","NONE,NONE,DELTA,NONE",
6.193996,2026-09-05T19:04:04.987+01:00,264348,1366957,226,226,True,True,0x04,"NO_IRQ,NO_IRQ,OK,RESYNC_NEEDED","NONE,NONE,DELTA,NONE",
6.198374,2026-09-05T19:04:04.988+01:00,264574,1366958,224,224,True,True,0x04,"NO_IRQ,NO_IRQ,OK,RESYNC_NEEDED","NONE,NONE,DELTA,NONE",
6.204503,2026-09-05T19:04:04.992+01:00,264798,1366959,136,136,True,True,0x04,"NO_IRQ,NO_IRQ,OK,RESYNC_NEEDED","NONE,NONE,DELTA,NONE",
6.208729,2026-09-05T19:04:04.998+01:00,264934,1366960,230,230,True,True,0x04,"NO_IRQ,NO_IRQ,OK,RESYNC_NEEDED","NONE,NONE,DELTA,NONE",
6.213068,2026-09-05T19:04:05.002+01:00,265164,1366961,226,226,True,True,0x04,"NO_IRQ,NO_IRQ,OK,RESYNC_NEEDED","NONE,NONE,DELTA,NONE",
6.217990,2026-09-05T19:04:05.006+01:00,265390,1366962,216,216,True,True,0x04,"NO_IRQ,NO_IRQ,OK,RESYNC_NEEDED","NONE,NONE,DELTA,NONE",
6.231915,2026-09-05T19:04:05.011+01:00,265606,1366963,132,132,True,True,0x04,"NO_IRQ,NO_IRQ,OK,RESYNC_NEEDED","NONE,NONE,DELTA,NONE",
6.232290,2026-09-05T19:04:05.025+01:00,265738,1366964,230,230,True,True,0x04,"NO_IRQ,NO_IRQ,OK,RESYNC_NEEDED","NONE,NONE,DELTA,NONE",
6.232970,2026-09-05T19:04:05.026+01:00,265968,1366965,236,236,True,True,0x04,"NO_IRQ,NO_IRQ,OK,RESYNC_NEEDED","NONE,NONE,DELTA,NONE",
6.247442,2026-09-05T19:04:05.026+01:00,266204,1366966,230,230,True,True,0x04,"NO_IRQ,NO_IRQ,OK,RESYNC_NEEDED","NONE,NONE,DELTA,NONE",
6.248469,2026-09-05T19:04:05.041+01:00,266434,1366967,136,136,True,True,0x04,"NO_IRQ,NO_IRQ,OK,RESYNC_NEEDED","NONE,NONE,DELTA,NONE",
6.249061,2026-09-05T19:04:05.042+01:00,266570,1366968,248,248,True,True,0x04,"NO_IRQ,NO_IRQ,OK,RESYNC_NEEDED","NONE,NONE,DELTA,NONE",
6.253724,2026-09-05T19:04:05.042+01:00,266818,1366969,236,236,True,True,0x04,"NO_IRQ,NO_IRQ,OK,RESYNC_NEEDED","NONE,NONE,DELTA,NONE",
6.264073,2026-09-05T19:04:05.047+01:00,267054,1366970,224,224,True,True,0x04,"NO_IRQ,NO_IRQ,OK,RESYNC_NEEDED","NONE,NONE,DELTA,NONE",
6.264642,2026-09-05T19:04:05.057+01:00,267278,1366971,136,136,True,True,0x04,"NO_IRQ,NO_IRQ,OK,RESYNC_NEEDED","NONE,NONE,DELTA,NONE",
6.268254,2026-09-05T19:04:05.058+01:00,267414,1366972,240,240,True,True,0x04,"NO_IRQ,NO_IRQ,OK,RESYNC_NEEDED","NONE,NONE,DELTA,NONE",
6.273134,2026-09-05T19:04:05.062+01:00,267654,1366973,244,244,True,True,0x04,"NO_IRQ,NO_IRQ,OK,RESYNC_NEEDED","NONE,NONE,DELTA,NONE",
6.281065,2026-09-05T19:04:05.067+01:00,267898,1366974,220,220,True,True,0x04,"NO_IRQ,NO_IRQ,OK,RESYNC_NEEDED","NONE,NONE,DELTA,NONE",
6.283038,2026-09-05T19:04:05.074+01:00,268118,1366975,136,136,True,True,0x04,"NO_IRQ,NO_IRQ,OK,RESYNC_NEEDED","NONE,NONE,DELTA,NONE",
6.288319,2026-09-05T19:04:05.076+01:00,268254,1366976,238,238,True,True,0x04,"NO_IRQ,NO_IRQ,OK,RESYNC_NEEDED","NONE,NONE,DELTA,NONE",
6.296812,2026-09-05T19:04:05.082+01:00,268492,1366977,244,244,True,True,0x04,"NO_IRQ,NO_IRQ,OK,RESYNC_NEEDED","NONE,NONE,DELTA,NONE",
6.298423,2026-09-05T19:04:05.090+01:00,268736,1366978,228,228,True,True,0x04,"NO_IRQ,NO_IRQ,OK,RESYNC_NEEDED","NONE,NONE,DELTA,NONE",
6.303111,2026-09-05T19:04:05.092+01:00,268964,1366979,136,136,True,True,0x04,"NO_IRQ,NO_IRQ,OK,RESYNC_NEEDED","NONE,NONE,DELTA,NONE",
6.313050,2026-09-05T19:04:05.097+01:00,269100,1366980,236,236,True,True,0x04,"NO_IRQ,NO_IRQ,OK,RESYNC_NEEDED","NONE,NONE,DELTA,NONE",
6.313659,2026-09-05T19:04:05.106+01:00,269336,1366981,242,242,True,True,0x04,"NO_IRQ,NO_IRQ,OK,RESYNC_NEEDED","NONE,NONE,DELTA,NONE",
6.318213,2026-09-05T19:04:05.107+01:00,269578,1366982,226,226,True,True,0x04,"NO_IRQ,NO_IRQ,OK,RESYNC_NEEDED","NONE,NONE,DELTA,NONE",
6.328416,2026-09-05T19:04:05.112+01:00,269804,1366983,132,132,True,True,0x04,"NO_IRQ,NO_IRQ,OK,RESYNC_NEEDED","NONE,NONE,DELTA,NONE",
6.329073,2026-09-05T19:04:05.122+01:00,269936,1366984,250,250,True,True,0x04,"NO_IRQ,NO_IRQ,OK,RESYNC_NEEDED","NONE,NONE,DELTA,NONE",
6.333117,2026-09-05T19:04:05.122+01:00,270186,1366985,246,246,True,True,0x04,"NO_IRQ,NO_IRQ,OK,RESYNC_NEEDED","NONE,NONE,DELTA,NONE",
6.338218,2026-09-05T19:04:05.127+01:00,270432,1366986,234,234,True,True,0x04,"NO_IRQ,NO_IRQ,OK,RESYNC_NEEDED","NONE,NONE,DELTA,NONE",
6.344993,2026-09-05T19:04:05.132+01:00,270666,1366987,136,136,True,True,0x04,"NO_IRQ,NO_IRQ,OK,RESYNC_NEEDED","NONE,NONE,DELTA,NONE",
6.348238,2026-09-05T19:04:05.139+01:00,270802,1366988,254,254,True,True,0x04,"NO_IRQ,NO_IRQ,OK,RESYNC_NEEDED","NONE,NONE,DELTA,NONE",
6.352923,2026-09-05T19:04:05.142+01:00,271056,1366989,238,238,True,True,0x04,"NO_IRQ,NO_IRQ,OK,RESYNC_NEEDED","NONE,NONE,DELTA,NONE",
6.360540,2026-09-05T19:04:05.146+01:00,271294,1366990,240,240,True,True,0x04,"NO_IRQ,NO_IRQ,OK,RESYNC_NEEDED","NONE,NONE,DELTA,NONE",
6.362927,2026-09-05T19:04:05.154+01:00,271534,1366991,132,132,True,True,0x04,"NO_IRQ,NO_IRQ,OK,RESYNC_NEEDED","NONE,NONE,DELTA,NONE",
6.368140,2026-09-05T19:04:05.156+01:00,271666,1366992,238,238,True,True,0x04,"NO_IRQ,NO_IRQ,OK,RESYNC_NEEDED","NONE,NONE,DELTA,NONE",
6.373136,2026-09-05T19:04:05.162+01:00,271904,1366993,238,238,True,True,0x04,"NO_IRQ,NO_IRQ,OK,RESYNC_NEEDED","NONE,NONE,DELTA,NONE",
6.379289,2026-09-05T19:04:05.167+01:00,272142,1366994,242,242,True,True,0x04,"NO_IRQ,NO_IRQ,OK,RESYNC_NEEDED","NONE,NONE,DELTA,NONE",
6.382671,2026-09-05T19:04:05.173+01:00,272384,1366995,132,132,True,True,0x04,"NO_IRQ,NO_IRQ,OK,RESYNC_NEEDED","NONE,NONE,DELTA,NONE",
6.387850,2026-09-05T19:04:05.176+01:00,272516,1366996,236,236,True,True,0x04,"NO_IRQ,NO_IRQ,OK,RESYNC_NEEDED","NONE,NONE,DELTA,NONE",
6.401524,2026-09-05T19:04:05.181+01:00,272752,1366997,240,240,True,True,0x04,"NO_IRQ,NO_IRQ,OK,RESYNC_NEEDED","NONE,NONE,DELTA,NONE",
6.402222,2026-09-05T19:04:05.195+01:00,272992,1366998,240,240,True,True,0x04,"NO_IRQ,NO_IRQ,OK,RESYNC_NEEDED","NONE,NONE,DELTA,NONE",
6.402818,2026-09-05T19:04:05.196+01:00,273232,1366999,132,132,True,True,0x04,"NO_IRQ,NO_IRQ,OK,RESYNC_NEEDED","NONE,NONE,DELTA,NONE",
6.408140,2026-09-05T19:04:05.196+01:00,273364,1367000,236,236,True,True,0x04,"NO_IRQ,NO_IRQ,OK,RESYNC_NEEDED","NONE,NONE,DELTA,NONE",
6.417908,2026-09-05T19:04:05.201+01:00,273600,1367001,248,248,True,True,0x04,"NO_IRQ,NO_IRQ,OK,RESYNC_NEEDED","NONE,NONE,DELTA,NONE",
6.418639,2026-09-05T19:04:05.211+01:00,273848,1367002,246,246,True,True,0x04,"NO_IRQ,NO_IRQ,OK,RESYNC_NEEDED","NONE,NONE,DELTA,NONE",
6.422928,2026-09-05T19:04:05.212+01:00,274094,1367003,132,132,True,True,0x04,"NO_IRQ,NO_IRQ,OK,RESYNC_NEEDED","NONE,NONE,DELTA,NONE",
6.434066,2026-09-05T19:04:05.216+01:00,274226,1367004,248,248,True,True,0x04,"NO_IRQ,NO_IRQ,OK,RESYNC_NEEDED","NONE,NONE,DELTA,NONE",
6.434821,2026-09-05T19:04:05.227+01:00,274474,1367005,252,252,True,True,0x04,"NO_IRQ,NO_IRQ,OK,RESYNC_NEEDED","NONE,NONE,DELTA,NONE",
6.438294,2026-09-05T19:04:05.228+01:00,274726,1367006,254,254,True,True,0x04,"NO_IRQ,NO_IRQ,OK,RESYNC_NEEDED","NONE,NONE,DELTA,NONE",
6.442714,2026-09-05T19:04:05.232+01:00,274980,1367007,130,130,True,True,0x04,"NO_IRQ,NO_IRQ,OK,RESYNC_NEEDED","NONE,NONE,DELTA,NONE",
6.450239,2026-09-05T19:04:05.236+01:00,275110,1367008,236,236,True,True,0x04,"NO_IRQ,NO_IRQ,OK,RESYNC_NEEDED","NONE,NONE,DELTA,NONE",
6.452974,2026-09-05T19:04:05.244+01:00,275346,1367009,244,244,True,True,0x04,"NO_IRQ,NO_IRQ,OK,RESYNC_NEEDED","NONE,NONE,DELTA,NONE",
6.458045,2026-09-05T19:04:05.246+01:00,275590,1367010,244,244,True,True,0x04,"NO_IRQ,NO_IRQ,OK,RESYNC_NEEDED","NONE,NONE,DELTA,NONE",
6.466803,2026-09-05T19:04:05.252+01:00,275834,1367011,136,136,True,True,0x04,"NO_IRQ,NO_IRQ,OK,RESYNC_NEEDED","NONE,NONE,DELTA,NONE",
6.467802,2026-09-05T19:04:05.260+01:00,275970,1367012,236,236,True,True,0x04,"NO_IRQ,NO_IRQ,OK,RESYNC_NEEDED","NONE,NONE,DELTA,NONE",
6.473307,2026-09-05T19:04:05.261+01:00,276206,1367013,244,244,True,True,0x04,"NO_IRQ,NO_IRQ,OK,RESYNC_NEEDED","NONE,NONE,DELTA,NONE",
6.482501,2026-09-05T19:04:05.267+01:00,276450,1367014,252,252,True,True,0x04,"NO_IRQ,NO_IRQ,OK,RESYNC_NEEDED","NONE,NONE,DELTA,NONE",
6.484083,2026-09-05T19:04:05.276+01:00,276702,1367015,130,130,True,True,0x04,"NO_IRQ,NO_IRQ,OK,RESYNC_NEEDED","NONE,NONE,DELTA,NONE",
6.488196,2026-09-05T19:04:05.277+01:00,276832,1367016,234,234,True,True,0x04,"NO_IRQ,NO_IRQ,OK,RESYNC_NEEDED","NONE,NONE,DELTA,NONE",
6.492722,2026-09-05T19:04:05.281+01:00,277066,1367017,248,248,True,True,0x04,"NO_IRQ,NO_IRQ,OK,RESYNC_NEEDED","NONE,NONE,DELTA,NONE",
6.499017,2026-09-05T19:04:05.286+01:00,277314,1367018,252,252,True,True,0x04,"NO_IRQ,NO_IRQ,OK,RESYNC_NEEDED","NONE,NONE,DELTA,NONE",
6.502875,2026-09-05T19:04:05.292+01:00,277566,1367019,132,132,True,True,0x04,"NO_IRQ,NO_IRQ,OK,RESYNC_NEEDED","NONE,NONE,DELTA,NONE",
6.507817,2026-09-05T19:04:05.296+01:00,277698,1367020,234,234,True,True,0x04,"NO_IRQ,NO_IRQ,OK,RESYNC_NEEDED","NONE,NONE,DELTA,NONE",
6.515884,2026-09-05T19:04:05.301+01:00,277932,1367021,246,246,True,True,0x04,"NO_IRQ,NO_IRQ,OK,RESYNC_NEEDED","NONE,NONE,DELTA,NONE",
6.518118,2026-09-05T19:04:05.309+01:00,278178,1367022,256,256,True,True,0x04,"NO_IRQ,NO_IRQ,OK,RESYNC_NEEDED","NONE,NONE,DELTA,NONE",
6.523021,2026-09-05T19:04:05.312+01:00,278434,1367023,128,128,True,True,0x04,"NO_IRQ,NO_IRQ,OK,RESYNC_NEEDED","NONE,NONE,DELTA,NONE",
6.528275,2026-09-05T19:04:05.316+01:00,278562,1367024,234,234,True,True,0x04,"NO_IRQ,NO_IRQ,OK,RESYNC_NEEDED","NONE,NONE,DELTA,NONE",
6.532681,2026-09-05T19:04:05.322+01:00,278796,1367025,238,238,True,True,0x04,"NO_IRQ,NO_IRQ,OK,RESYNC_NEEDED","NONE,NONE,DELTA,NONE",
6.537745,2026-09-05T19:04:05.326+01:00,279034,1367026,258,258,True,True,0x04,"NO_IRQ,NO_IRQ,OK,RESYNC_NEEDED","NONE,NONE,DELTA,NONE",
6.542439,2026-09-05T19:04:05.331+01:00,279292,1367027,126,126,True,True,0x04,"NO_IRQ,NO_IRQ,OK,RESYNC_NEEDED","NONE,NONE,DELTA,NONE",
6.553946,2026-09-05T19:04:05.336+01:00,279418,1367028,230,230,True,True,0x04,"NO_IRQ,NO_IRQ,OK,RESYNC_NEEDED","NONE,NONE,DELTA,NONE",
6.554721,2026-09-05T19:04:05.347+01:00,279648,1367029,252,252,True,True,0x04,"NO_IRQ,NO_IRQ,OK,RESYNC_NEEDED","NONE,NONE,DELTA,NONE",
6.567001,2026-09-05T19:04:05.348+01:00,279900,1367030,264,264,True,True,0x04,"NO_IRQ,NO_IRQ,OK,RESYNC_NEEDED","NONE,NONE,DELTA,NONE",
6.567656,2026-09-05T19:04:05.360+01:00,280164,1367031,128,128,True,True,0x04,"NO_IRQ,NO_IRQ,OK,RESYNC_NEEDED","NONE,NONE,DELTA,NONE",
6.568388,2026-09-05T19:04:05.361+01:00,280292,1367032,232,232,True,True,0x04,"NO_IRQ,NO_IRQ,OK,RESYNC_NEEDED","NONE,NONE,DELTA,NONE",
6.572953,2026-09-05T19:04:05.362+01:00,280524,1367033,248,248,True,True,0x04,"NO_IRQ,NO_IRQ,OK,RESYNC_NEEDED","NONE,NONE,DELTA,NONE",
6.578100,2026-09-05T19:04:05.366+01:00,280772,1367034,258,258,True,True,0x04,"NO_IRQ,NO_IRQ,OK,RESYNC_NEEDED","NONE,NONE,DELTA,NONE",
6.585107,2026-09-05T19:04:05.371+01:00,281030,1367035,1084,1084,True,True,0x04,"NO_IRQ,NO_IRQ,OK,RESYNC_NEEDED","NONE,NONE,DELTA_SYNC,NONE",
6.587974,2026-09-05T19:04:05.378+01:00,282114,1367036,242,242,True,True,0x04,"NO_IRQ,NO_IRQ,OK,RESYNC_NEEDED","NONE,NONE,DELTA,NONE",
6.593099,2026-09-05T19:04:05.381+01:00,282356,1367037,246,246,True,True,0x04,"NO_IRQ,NO_IRQ,OK,RESYNC_NEEDED","NONE,NONE,DELTA,NONE",
6.600921,2026-09-05T19:04:05.386+01:00,282602,1367038,256,256,True,True,0x04,"NO_IRQ,NO_IRQ,OK,RESYNC_NEEDED","NONE,NONE,DELTA,NONE",
6.602540,2026-09-05T19:04:05.394+01:00,282858,1367039,126,126,True,True,0x04,"NO_IRQ,NO_IRQ,OK,RESYNC_NEEDED","NONE,NONE,DELTA,NONE",
6.607720,2026-09-05T19:04:05.396+01:00,282984,1367040,234,234,True,True,0x04,"NO_IRQ,NO_IRQ,OK,RESYNC_NEEDED","NONE,NONE,DELTA,NONE",
6.616984,2026-09-05T19:04:05.401+01:00,283218,1367041,248,248,True,True,0x04,"NO_IRQ,NO_IRQ,OK,RESYNC_NEEDED","NONE,NONE,DELTA,NONE",
6.617877,2026-09-05T19:04:05.410+01:00,283466,1367042,262,262,True,True,0x04,"NO_IRQ,NO_IRQ,OK,RESYNC_NEEDED","NONE,NONE,DELTA,NONE",
6.622709,2026-09-05T19:04:05.411+01:00,283728,1367043,126,126,True,True,0x04,"NO_IRQ,NO_IRQ,OK,RESYNC_NEEDED","NONE,NONE,DELTA,NONE",
6.632462,2026-09-05T19:04:05.416+01:00,283854,1367044,240,240,True,True,0x04,"NO_IRQ,NO_IRQ,OK,RESYNC_NEEDED","NONE,NONE,DELTA,NONE",
6.633167,2026-09-05T19:04:05.426+01:00,284094,1367045,244,244,True,True,0x04,"NO_IRQ,NO_IRQ,OK,RESYNC_NEEDED","NONE,NONE,DELTA,NONE",
6.638004,2026-09-05T19:04:05.427+01:00,284338,1367046,256,256,True,True,0x04,"NO_IRQ,NO_IRQ,OK,RESYNC_NEEDED","NONE,NONE,DELTA,NONE",
6.642791,2026-09-05T19:04:05.431+01:00,284594,1367047,126,126,True,True,0x04,"NO_IRQ,NO_IRQ,OK,RESYNC_NEEDED","NONE,NONE,DELTA,NONE",
6.650390,2026-09-05T19:04:05.436+01:00,284720,1367048,234,234,True,True,0x04,"NO_IRQ,NO_IRQ,OK,RESYNC_NEEDED","NONE,NONE,DELTA,NONE",
6.653031,2026-09-05T19:04:05.444+01:00,284954,1367049,244,244,True,True,0x04,"NO_IRQ,NO_IRQ,OK,RESYNC_NEEDED","NONE,NONE,DELTA,NONE",
6.657954,2026-09-05T19:04:05.446+01:00,285198,1367050,262,262,True,True,0x04,"NO_IRQ,NO_IRQ,OK,RESYNC_NEEDED","NONE,NONE,DELTA,NONE",
6.666573,2026-09-05T19:04:05.451+01:00,285460,1367051,126,126,True,True,0x04,"NO_IRQ,NO_IRQ,OK,RESYNC_NEEDED","NONE,NONE,DELTA,NONE",
6.667726,2026-09-05T19:04:05.460+01:00,285586,1367052,230,230,True,True,0x04,"NO_IRQ,NO_IRQ,OK,RESYNC_NEEDED","NONE,NONE,DELTA,NONE",
6.672730,2026-09-05T19:04:05.461+01:00,285816,1367053,244,244,True,True,0x04,"NO_IRQ,NO_IRQ,OK,RESYNC_NEEDED","NONE,NONE,DELTA,NONE",
6.682051,2026-09-05T19:04:05.466+01:00,286060,1367054,266,266,True,True,0x04,"NO_IRQ,NO_IRQ,OK,RESYNC_NEEDED","NONE,NONE,DELTA,NONE",
6.682781,2026-09-05T19:04:05.475+01:00,286326,1367055,128,128,True,True,0x04,"NO_IRQ,NO_IRQ,OK,RESYNC_NEEDED","NONE,NONE,DELTA,NONE",
6.688062,2026-09-05T19:04:05.476+01:00,286454,1367056,232,232,True,True,0x04,"NO_IRQ,NO_IRQ,OK,RESYNC_NEEDED","NONE,NONE,DELTA,NONE",
6.693070,2026-09-05T19:04:05.481+01:00,286686,1367057,240,240,True,True,0x04,"NO_IRQ,NO_IRQ,OK,RESYNC_NEEDED","NONE,NONE,DELTA,NONE",
6.699370,2026-09-05T19:04:05.487+01:00,286926,1367058,262,262,True,True,0x04,"NO_IRQ,NO_IRQ,OK,RESYNC_NEEDED","NONE,NONE,DELTA,NONE",
6.702552,2026-09-05T19:04:05.493+01:00,287188,1367059,126,126,True,True,0x04,"NO_IRQ,NO_IRQ,OK,RESYNC_NEEDED","NONE,NONE,DELTA,NONE",
6.707542,2026-09-05T19:04:05.496+01:00,287314,1367060,228,228,True,True,0x04,"NO_IRQ,NO_IRQ,OK,RESYNC_NEEDED","NONE,NONE,DELTA,NONE",
6.722751,2026-09-05T19:04:05.501+01:00,287542,1367061,252,252,True,True,0x04,"NO_IRQ,NO_IRQ,OK,RESYNC_NEEDED","NONE,NONE,DELTA,NONE",
6.723459,2026-09-05T19:04:05.516+01:00,287794,1367062,270,270,True,True,0x04,"NO_IRQ,NO_IRQ,OK,RESYNC_NEEDED","NONE,NONE,DELTA,NONE",
6.724008,2026-09-05T19:04:05.517+01:00,288064,1367063,124,124,True,True,0x04,"NO_IRQ,NO_IRQ,OK,RESYNC_NEEDED","NONE,NONE,DELTA,NONE",
6.727901,2026-09-05T19:04:05.517+01:00,288188,1367064,226,226,True,True,0x04,"NO_IRQ,NO_IRQ,OK,RESYNC_NEEDED","NONE,NONE,DELTA,NONE",
6.732765,2026-09-05T19:04:05.521+01:00,288414,1367065,254,254,True,True,0x04,"NO_IRQ,NO_IRQ,OK,RESYNC_NEEDED","NONE,NONE,DELTA,NONE",
6.739145,2026-09-05T19:04:05.526+01:00,288668,1367066,274,274,True,True,0x04,"NO_IRQ,NO_IRQ,OK,RESYNC_NEEDED","NONE,NONE,DELTA,NONE",
6.742510,2026-09-05T19:04:05.532+01:00,288942,1367067,128,128,True,True,0x04,"NO_IRQ,NO_IRQ,OK,RESYNC_NEEDED","NONE,NONE,DELTA,NONE",
6.747596,2026-09-05T19:04:05.536+01:00,289070,1367068,222,222,True,True,0x04,"NO_IRQ,NO_IRQ,OK,RESYNC_NEEDED","NONE,NONE,DELTA,NONE",
6.754216,2026-09-05T19:04:05.541+01:00,289292,1367069,244,244,True,True,0x04,"NO_IRQ,NO_IRQ,OK,RESYNC_NEEDED","NONE,NONE,DELTA,NONE",
6.757926,2026-09-05T19:04:05.548+01:00,289536,1367070,260,260,True,True,0x04,"NO_IRQ,NO_IRQ,OK,RESYNC_NEEDED","NONE,NONE,DELTA,NONE",
6.762346,2026-09-05T19:04:05.551+01:00,289796,1367071,128,128,True,True,0x04,"NO_IRQ,NO_IRQ,OK,RESYNC_NEEDED","NONE,NONE,DELTA,NONE",
6.770661,2026-09-05T19:04:05.556+01:00,289924,1367072,234,234,True,True,0x04,"NO_IRQ,NO_IRQ,OK,RESYNC_NEEDED","NONE,NONE,DELTA,NONE",
6.772854,2026-09-05T19:04:05.564+01:00,290158,1367073,254,254,True,True,0x04,"NO_IRQ,NO_IRQ,OK,RESYNC_NEEDED","NONE,NONE,DELTA,NONE",
6.777854,2026-09-05T19:04:05.566+01:00,290412,1367074,286,286,True,True,0x04,"NO_IRQ,NO_IRQ,OK,RESYNC_NEEDED","NONE,NONE,DELTA,NONE",
6.785962,2026-09-05T19:04:05.571+01:00,290698,1367075,128,128,True,True,0x04,"NO_IRQ,NO_IRQ,OK,RESYNC_NEEDED","NONE,NONE,DELTA,NONE",
6.787542,2026-09-05T19:04:05.579+01:00,290826,1367076,230,230,True,True,0x04,"NO_IRQ,NO_IRQ,OK,RESYNC_NEEDED","NONE,NONE,DELTA,NONE",
6.792734,2026-09-05T19:04:05.581+01:00,291056,1367077,244,244,True,True,0x04,"NO_IRQ,NO_IRQ,OK,RESYNC_NEEDED","NONE,NONE,DELTA,NONE",
6.802861,2026-09-05T19:04:05.586+01:00,291300,1367078,264,264,True,True,0x04,"NO_IRQ,NO_IRQ,OK,RESYNC_NEEDED","NONE,NONE,DELTA,NONE",
6.804018,2026-09-05T19:04:05.596+01:00,291564,1367079,124,124,True,True,0x04,"NO_IRQ,NO_IRQ,OK,RESYNC_NEEDED","NONE,NONE,DELTA,NONE",
6.807811,2026-09-05T19:04:05.597+01:00,291688,1367080,222,222,True,True,0x04,"NO_IRQ,NO_IRQ,OK,RESYNC_NEEDED","NONE,NONE,DELTA,NONE",
6.812672,2026-09-05T19:04:05.601+01:00,291910,1367081,244,244,True,True,0x04,"NO_IRQ,NO_IRQ,OK,RESYNC_NEEDED","NONE,NONE,DELTA,NONE",
6.820221,2026-09-05T19:04:05.606+01:00,292154,1367082,282,282,True,True,0x04,"NO_IRQ,NO_IRQ,OK,RESYNC_NEEDED","NONE,NONE,DELTA,NONE",
6.822430,2026-09-05T19:04:05.614+01:00,292436,1367083,130,130,True,True,0x04,"NO_IRQ,NO_IRQ,OK,RESYNC_NEEDED","NONE,NONE,DELTA,NONE",
6.827431,2026-09-05T19:04:05.616+01:00,292566,1367084,216,216,True,True,0x04,"NO_IRQ,NO_IRQ,OK,RESYNC_NEEDED","NONE,NONE,DELTA,NONE",
6.836321,2026-09-05T19:04:05.621+01:00,292782,1367085,240,240,True,True,0x04,"NO_IRQ,NO_IRQ,OK,RESYNC_NEEDED","NONE,NONE,DELTA,NONE",
6.837688,2026-09-05T19:04:05.630+01:00,293022,1367086,272,272,True,True,0x04,"NO_IRQ,NO_IRQ,OK,RESYNC_NEEDED","NONE,NONE,DELTA,NONE",
6.842540,2026-09-05T19:04:05.631+01:00,293294,1367087,124,124,True,True,0x04,"NO_IRQ,NO_IRQ,OK,RESYNC_NEEDED","NONE,NONE,DELTA,NONE",
6.848523,2026-09-05T19:04:05.636+01:00,293418,1367088,224,224,True,True,0x04,"NO_IRQ,NO_IRQ,OK,RESYNC_NEEDED","NONE,NONE,DELTA,NONE",
6.852863,2026-09-05T19:04:05.642+01:00,293642,1367089,250,250,True,True,0x04,"NO_IRQ,NO_IRQ,OK,RESYNC_NEEDED","NONE,NONE,DELTA,NONE",
6.857470,2026-09-05T19:04:05.646+01:00,293892,1367090,266,266,True,True,0x04,"NO_IRQ,NO_IRQ,OK,RESYNC_NEEDED","NONE,NONE,DELTA,NONE",
6.862175,2026-09-05T19:04:05.651+01:00,294158,1367091,124,124,True,True,0x04,"NO_IRQ,NO_IRQ,OK,RESYNC_NEEDED","NONE,NONE,DELTA,NONE",
6.875823,2026-09-05T19:04:05.669+01:00,294282,1367092,220,220,True,True,0x04,"NO_IRQ,NO_IRQ,OK,RESYNC_NEEDED","NONE,NONE,DELTA,NONE",
6.876124,2026-09-05T19:04:05.669+01:00,294502,1367093,260,260,True,True,0x04,"NO_IRQ,NO_IRQ,OK,RESYNC_NEEDED","NONE,NONE,DELTA,NONE",
6.877494,2026-09-05T19:04:05.669+01:00,294762,1367094,280,280,True,True,0x04,"NO_IRQ,NO_IRQ,OK,RESYNC_NEEDED","NONE,NONE,DELTA,NONE",
6.889044,2026-09-05T19:04:05.671+01:00,295042,1367095,130,130,True,True,0x04,"NO_IRQ,NO_IRQ,OK,RESYNC_NEEDED","NONE,NONE,DELTA,NONE",
6.889795,2026-09-05T19:04:05.682+01:00,295172,1367096,218,218,True,True,0x04,"NO_IRQ,NO_IRQ,OK,RESYNC_NEEDED","NONE,NONE,DELTA,NONE",
6.892695,2026-09-05T19:04:05.683+01:00,295390,1367097,268,268,True,True,0x04,"NO_IRQ,NO_IRQ,OK,RESYNC_NEEDED","NONE,NONE,DELTA,NONE",
6.897620,2026-09-05T19:04:05.686+01:00,295658,1367098,280,280,True,True,0x04,"NO_IRQ,NO_IRQ,OK,RESYNC_NEEDED","NONE,NONE,DELTA,NONE",
6.905169,2026-09-05T19:04:05.691+01:00,295938,1367099,126,126,True,True,0x04,"NO_IRQ,NO_IRQ,OK,RESYNC_NEEDED","NONE,NONE,DELTA,NONE",
6.907469,2026-09-05T19:04:05.698+01:00,296064,1367100,214,214,True,True,0x04,"NO_IRQ,NO_IRQ,OK,RESYNC_NEEDED","NONE,NONE,DELTA,NONE",
6.912533,2026-09-05T19:04:05.701+01:00,296278,1367101,254,254,True,True,0x04,"NO_IRQ,NO_IRQ,OK,RESYNC_NEEDED","NONE,NONE,DELTA,NONE",
6.920876,2026-09-05T19:04:05.706+01:00,296532,1367102,264,264,True,True,0x04,"NO_IRQ,NO_IRQ,OK,RESYNC_NEEDED","NONE,NONE,DELTA,NONE",
6.922551,2026-09-05T19:04:05.714+01:00,296796,1367103,124,124,True,True,0x04,"NO_IRQ,NO_IRQ,OK,RESYNC_NEEDED","NONE,NONE,DELTA,NONE",
6.927635,2026-09-05T19:04:05.716+01:00,296920,1367104,218,218,True,True,0x04,"NO_IRQ,NO_IRQ,OK,RESYNC_NEEDED","NONE,NONE,DELTA,NONE",
6.936643,2026-09-05T19:04:05.721+01:00,297138,1367105,252,252,True,True,0x04,"NO_IRQ,NO_IRQ,OK,RESYNC_NEEDED","NONE,NONE,DELTA,NONE",
6.937757,2026-09-05T19:04:05.730+01:00,297390,1367106,274,274,True,True,0x04,"NO_IRQ,NO_IRQ,OK,RESYNC_NEEDED","NONE,NONE,DELTA,NONE",
6.942405,2026-09-05T19:04:05.731+01:00,297664,1367107,130,130,True,True,0x04,"NO_IRQ,NO_IRQ,OK,RESYNC_NEEDED","NONE,NONE,DELTA,NONE",
6.952543,2026-09-05T19:04:05.736+01:00,297794,1367108,218,218,True,True,0x04,"NO_IRQ,NO_IRQ,OK,RESYNC_NEEDED","NONE,NONE,DELTA,NONE",
6.953160,2026-09-05T19:04:05.746+01:00,298012,1367109,254,254,True,True,0x04,"NO_IRQ,NO_IRQ,OK,RESYNC_NEEDED","NONE,NONE,DELTA,NONE",
6.957647,2026-09-05T19:04:05.746+01:00,298266,1367110,272,272,True,True,0x04,"NO_IRQ,NO_IRQ,OK,RESYNC_NEEDED","NONE,NONE,DELTA,NONE",
6.962127,2026-09-05T19:04:05.751+01:00,298538,1367111,130,130,True,True,0x04,"NO_IRQ,NO_IRQ,OK,RESYNC_NEEDED","NONE,NONE,DELTA,NONE",
6.968947,2026-09-05T19:04:05.756+01:00,298668,1367112,218,218,True,True,0x04,"NO_IRQ,NO_IRQ,OK,RESYNC_NEEDED","NONE,NONE,DELTA,NONE",
6.972799,2026-09-05T19:04:05.763+01:00,298886,1367113,254,254,True,True,0x04,"NO_IRQ,NO_IRQ,OK,RESYNC_NEEDED","NONE,NONE,DELTA,NONE",
6.977676,2026-09-05T19:04:05.766+01:00,299140,1367114,266,266,True,True,0x04,"NO_IRQ,NO_IRQ,OK,RESYNC_NEEDED","NONE,NONE,DELTA,NONE",
6.984873,2026-09-05T19:04:05.771+01:00,299406,1367115,130,130,True,True,0x04,"NO_IRQ,NO_IRQ,OK,RESYNC_NEEDED","NONE,NONE,DELTA,NONE",
6.987584,2026-09-05T19:04:05.778+01:00,299536,1367116,214,214,True,True,0x04,"NO_IRQ,NO_IRQ,OK,RESYNC_NEEDED","NONE,NONE,DELTA,NONE",
6.992485,2026-09-05T19:04:05.781+01:00,299750,1367117,236,236,True,True,0x04,"NO_IRQ,NO_IRQ,OK,RESYNC_NEEDED","NONE,NONE,DELTA,NONE",
7.000653,2026-09-05T19:04:05.786+01:00,299986,1367118,264,264,True,True,0x04,"NO_IRQ,NO_IRQ,OK,RESYNC_NEEDED","NONE,NONE,DELTA,NONE",
7.002322,2026-09-05T19:04:05.794+01:00,300250,1367119,132,132,True,True,0x04,"NO_IRQ,NO_IRQ,OK,RESYNC_NEEDED","NONE,NONE,DELTA,NONE",
7.007691,2026-09-05T19:04:05.796+01:00,300382,1367120,202,202,True,True,0x04,"NO_IRQ,NO_IRQ,OK,RESYNC_NEEDED","NONE,NONE,DELTA,NONE",
7.012326,2026-09-05T19:04:05.801+01:00,300584,1367121,244,244,True,True,0x04,"NO_IRQ,NO_IRQ,OK,RESYNC_NEEDED","NONE,NONE,DELTA,NONE",
7.017839,2026-09-05T19:04:05.806+01:00,300828,1367122,264,264,True,True,0x04,"NO_IRQ,NO_IRQ,OK,RESYNC_NEEDED","NONE,NONE,DELTA,NONE",
7.022167,2026-09-05T19:04:05.811+01:00,301092,1367123,132,132,True,True,0x04,"NO_IRQ,NO_IRQ,OK,RESYNC_NEEDED","NONE,NONE,DELTA,NONE",
7.027207,2026-09-05T19:04:05.815+01:00,301224,1367124,212,212,True,True,0x04,"NO_IRQ,NO_IRQ,OK,RESYNC_NEEDED","NONE,NONE,DELTA,NONE",
7.040461,2026-09-05T19:04:05.821+01:00,301436,1367125,252,252,True,True,0x04,"NO_IRQ,NO_IRQ,OK,RESYNC_NEEDED","NONE,NONE,DELTA,NONE",
7.041148,2026-09-05T19:04:05.834+01:00,301688,1367126,266,266,True,True,0x04,"NO_IRQ,NO_IRQ,OK,RESYNC_NEEDED","NONE,NONE,DELTA,NONE",
7.042204,2026-09-05T19:04:05.834+01:00,301954,1367127,134,134,True,True,0x04,"NO_IRQ,NO_IRQ,OK,RESYNC_NEEDED","NONE,NONE,DELTA,NONE",
7.047583,2026-09-05T19:04:05.836+01:00,302088,1367128,212,212,True,True,0x04,"NO_IRQ,NO_IRQ,OK,RESYNC_NEEDED","NONE,NONE,DELTA,NONE",
7.054421,2026-09-05T19:04:05.841+01:00,302300,1367129,234,234,True,True,0x04,"NO_IRQ,NO_IRQ,OK,RESYNC_NEEDED","NONE,NONE,DELTA,NONE",
7.057782,2026-09-05T19:04:05.850+01:00,302534,1367130,262,262,True,True,0x04,"NO_IRQ,NO_IRQ,OK,RESYNC_NEEDED","NONE,NONE,DELTA,NONE",
7.062366,2026-09-05T19:04:05.851+01:00,302796,1367131,134,134,True,True,0x04,"NO_IRQ,NO_IRQ,OK,RESYNC_NEEDED","NONE,NONE,DELTA,NONE",
7.069775,2026-09-05T19:04:05.856+01:00,302930,1367132,208,208,True,True,0x04,"NO_IRQ,NO_IRQ,OK,RESYNC_NEEDED","NONE,NONE,DELTA,NONE",
7.073425,2026-09-05T19:04:05.864+01:00,303138,1367133,240,240,True,True,0x04,"NO_IRQ,NO_IRQ,OK,RESYNC_NEEDED","NONE,NONE,DELTA,NONE",
7.077443,2026-09-05T19:04:05.867+01:00,303378,1367134,270,270,True,True,0x04,"NO_IRQ,NO_IRQ,OK,RESYNC_NEEDED","NONE,NONE,DELTA,NONE",
7.082244,2026-09-05T19:04:05.871+01:00,303648,1367135,138,138,True,True,0x04,"NO_IRQ,NO_IRQ,OK,RESYNC_NEEDED","NONE,NONE,DELTA,NONE",
7.088892,2026-09-05T19:04:05.876+01:00,303786,1367136,186,186,True,True,0x04,"NO_IRQ,NO_IRQ,OK,RESYNC_NEEDED","NONE,NONE,DELTA,NONE",
7.092442,2026-09-05T19:04:05.882+01:00,303972,1367137,246,246,True,True,0x04,"NO_IRQ,NO_IRQ,OK,RESYNC_NEEDED","NONE,NONE,DELTA,NONE",
7.097364,2026-09-05T19:04:05.886+01:00,304218,1367138,252,252,True,True,0x04,"NO_IRQ,NO_IRQ,OK,RESYNC_NEEDED","NONE,NONE,DELTA,NONE",
7.104791,2026-09-05T19:04:05.891+01:00,304470,1367139,136,136,True,True,0x04,"NO_IRQ,NO_IRQ,OK,RESYNC_NEEDED","NONE,NONE,DELTA,NONE",
7.107289,2026-09-05T19:04:05.898+01:00,304606,1367140,182,182,True,True,0x04,"NO_IRQ,NO_IRQ,OK,RESYNC_NEEDED","NONE,NONE,DELTA,NONE",
7.114178,2026-09-05T19:04:05.901+01:00,304788,1367141,248,248,True,True,0x04,"NO_IRQ,NO_IRQ,OK,RESYNC_NEEDED","NONE,NONE,DELTA,NONE",
7.118490,2026-09-05T19:04:05.908+01:00,305036,1367142,256,256,True,True,0x04,"NO_IRQ,NO_IRQ,OK,RESYNC_NEEDED","NONE,NONE,DELTA,NONE",
7.122598,2026-09-05T19:04:05.912+01:00,305292,1367143,144,144,True,True,0x04,"NO_IRQ,NO_IRQ,OK,RESYNC_NEEDED","NONE,NONE,DELTA,NONE",
7.137865,2026-09-05T19:04:05.916+01:00,305436,1367144,184,184,True,True,0x04,"NO_IRQ,NO_IRQ,OK,RESYNC_NEEDED","NONE,NONE,DELTA,NONE",
7.139525,2026-09-05T19:04:05.932+01:00,305620,1367145,248,248,True,True,0x04,"NO_IRQ,NO_IRQ,OK,RESYNC_NEEDED","NONE,NONE,DELTA,NONE",
7.140676,2026-09-05T19:04:05.933+01:00,305868,1367146,258,258,True,True,0x04,"NO_IRQ,NO_IRQ,OK,RESYNC_NEEDED","NONE,NONE,DELTA,NONE",
7.142109,2026-09-05T19:04:05.934+01:00,306126,1367147,140,140,True,True,0x04,"NO_IRQ,NO_IRQ,OK,RESYNC_NEEDED","NONE,NONE,DELTA,NONE",
7.147489,2026-09-05T19:04:05.935+01:00,306266,1367148,186,186,True,True,0x04,"NO_IRQ,NO_IRQ,OK,RESYNC_NEEDED","NONE,NONE,DELTA,NONE",
7.152839,2026-09-05T19:04:05.941+01:00,306452,1367149,252,252,True,True,0x04,"NO_IRQ,NO_IRQ,OK,RESYNC_NEEDED","NONE,NONE,DELTA,NONE",
7.164210,2026-09-05T19:04:05.946+01:00,306704,1367150,266,266,True,True,0x04,"NO_IRQ,NO_IRQ,OK,RESYNC_NEEDED","NONE,NONE,DELTA,NONE",
7.165684,2026-09-05T19:04:05.958+01:00,306970,1367151,146,146,True,True,0x04,"NO_IRQ,NO_IRQ,OK,RESYNC_NEEDED","NONE,NONE,DELTA,NONE",
7.167207,2026-09-05T19:04:05.959+01:00,307116,1367152,174,174,True,True,0x04,"NO_IRQ,NO_IRQ,OK,RESYNC_NEEDED","NONE,NONE,DELTA,NONE",
7.172488,2026-09-05T19:04:05.961+01:00,307290,1367153,246,246,True,True,0x04,"NO_IRQ,NO_IRQ,OK,RESYNC_NEEDED","NONE,NONE,DELTA,NONE",
7.177376,2026-09-05T19:04:05.966+01:00,307536,1367154,252,252,True,True,0x04,"NO_IRQ,NO_IRQ,OK,RESYNC_NEEDED","NONE,NONE,DELTA,NONE",
7.188991,2026-09-05T19:04:05.971+01:00,307788,1367155,142,142,True,True,0x04,"NO_IRQ,NO_IRQ,OK,RESYNC_NEEDED","NONE,NONE,DELTA,NONE",
7.189368,2026-09-05T19:04:05.982+01:00,307930,1367156,174,174,True,True,0x04,"NO_IRQ,NO_IRQ,OK,RESYNC_NEEDED","NONE,NONE,DELTA,NONE",
7.192357,2026-09-05T19:04:05.983+01:00,308104,1367157,238,238,True,True,0x04,"NO_IRQ,NO_IRQ,OK,RESYNC_NEEDED","NONE,NONE,DELTA,NONE",
7.197135,2026-09-05T19:04:05.986+01:00,308342,1367158,252,252,True,True,0x04,"NO_IRQ,NO_IRQ,OK,RESYNC_NEEDED","NONE,NONE,DELTA,NONE",
7.202767,2026-09-05T19:04:05.990+01:00,308594,1367159,152,152,True,True,0x04,"NO_IRQ,NO_IRQ,OK,RESYNC_NEEDED","NONE,NONE,DELTA,NONE",
7.208224,2026-09-05T19:04:05.996+01:00,308746,1367160,188,188,True,True,0x04,"NO_IRQ,NO_IRQ,OK,RESYNC_NEEDED","NONE,NONE,DELTA,NONE",
7.214924,2026-09-05T19:04:06.002+01:00,308934,1367161,252,252,True,True,0x04,"NO_IRQ,NO_IRQ,OK,RESYNC_NEEDED","NONE,NONE,DELTA,NONE",
7.217791,2026-09-05T19:04:06.009+01:00,309186,1367162,264,264,True,True,0x04,"NO_IRQ,NO_IRQ,OK,RESYNC_NEEDED","NONE,NONE,DELTA,NONE",
7.222374,2026-09-05T19:04:06.011+01:00,309450,1367163,142,142,True,True,0x04,"NO_IRQ,NO_IRQ,OK,RESYNC_NEEDED","NONE,NONE,DELTA,NONE",
7.227458,2026-09-05T19:04:06.016+01:00,309592,1367164,178,178,True,True,0x04,"NO_IRQ,NO_IRQ,OK,RESYNC_NEEDED","NONE,NONE,DELTA,NONE",
7.232541,2026-09-05T19:04:06.021+01:00,309770,1367165,256,256,True,True,0x04,"NO_IRQ,NO_IRQ,OK,RESYNC_NEEDED","NONE,NONE,DELTA,NONE",
7.238250,2026-09-05T19:04:06.026+01:00,310026,1367166,266,266,True,True,0x04,"NO_IRQ,NO_IRQ,OK,RESYNC_NEEDED","NONE,NONE,DELTA,NONE",
7.242594,2026-09-05T19:04:06.032+01:00,310292,1367167,148,148,True,True,0x04,"NO_IRQ,NO_IRQ,OK,RESYNC_NEEDED","NONE,NONE,DELTA,NONE",
7.247513,2026-09-05T19:04:06.036+01:00,310440,1367168,194,194,True,True,0x04,"NO_IRQ,NO_IRQ,OK,RESYNC_NEEDED","NONE,NONE,DELTA,NONE",
7.252681,2026-09-05T19:04:06.041+01:00,310634,1367169,262,262,True,True,0x04,"NO_IRQ,NO_IRQ,OK,RESYNC_NEEDED","NONE,NONE,DELTA,NONE",
7.271307,2026-09-05T19:04:06.046+01:00,310896,1367170,264,264,True,True,0x04,"NO_IRQ,NO_IRQ,OK,RESYNC_NEEDED","NONE,NONE,DELTA,NONE",
7.271919,2026-09-05T19:04:06.065+01:00,311160,1367171,144,144,True,True,0x04,"NO_IRQ,NO_IRQ,OK,RESYNC_NEEDED","NONE,NONE,DELTA,NONE",
7.272393,2026-09-05T19:04:06.065+01:00,311304,1367172,190,190,True,True,0x04,"NO_IRQ,NO_IRQ,OK,RESYNC_NEEDED","NONE,NONE,DELTA,NONE",
7.272858,2026-09-05T19:04:06.066+01:00,311494,1367173,256,256,True,True,0x04,"NO_IRQ,NO_IRQ,OK,RESYNC_NEEDED","NONE,NONE,DELTA,NONE",
7.297723,2026-09-05T19:04:06.066+01:00,311750,1367174,264,264,True,True,0x04,"NO_IRQ,NO_IRQ,OK,RESYNC_NEEDED","NONE,NONE,DELTA,NONE",
7.299072,2026-09-05T19:04:06.091+01:00,312014,1367175,154,154,True,True,0x04,"NO_IRQ,NO_IRQ,OK,RESYNC_NEEDED","NONE,NONE,DELTA,NONE",
7.300238,2026-09-05T19:04:06.093+01:00,312168,1367176,176,176,True,True,0x04,"NO_IRQ,NO_IRQ,OK,RESYNC_NEEDED","NONE,NONE,DELTA,NONE",
7.301766,2026-09-05T19:04:06.094+01:00,312344,1367177,236,236,True,True,0x04,"NO_IRQ,NO_IRQ,OK,RESYNC_NEEDED","NONE,NONE,DELTA,NONE",
7.302748,2026-09-05T19:04:06.095+01:00,312580,1367178,256,256,True,True,0x04,"NO_IRQ,NO_IRQ,OK,RESYNC_NEEDED","NONE,NONE,DELTA,NONE",
7.303964,2026-09-05T19:04:06.096+01:00,312836,1367179,146,146,True,True,0x04,"NO_IRQ,NO_IRQ,OK,RESYNC_NEEDED","NONE,NONE,DELTA,NONE",
7.306977,2026-09-05T19:04:06.097+01:00,312982,1367180,176,176,True,True,0x04,"NO_IRQ,NO_IRQ,OK,RESYNC_NEEDED","NONE,NONE,DELTA,NONE",
7.313137,2026-09-05T19:04:06.101+01:00,313158,1367181,250,250,True,True,0x04,"NO_IRQ,NO_IRQ,OK,RESYNC_NEEDED","NONE,NONE,DELTA,NONE",
7.317217,2026-09-05T19:04:06.107+01:00,313408,1367182,254,254,True,True,0x04,"NO_IRQ,NO_IRQ,OK,RESYNC_NEEDED","NONE,NONE,DELTA,NONE",
7.331845,2026-09-05T19:04:06.111+01:00,313662,1367183,154,154,True,True,0x04,"NO_IRQ,NO_IRQ,OK,RESYNC_NEEDED","NONE,NONE,DELTA,NONE",
7.333819,2026-09-05T19:04:06.125+01:00,313816,1367184,170,170,True,True,0x04,"NO_IRQ,NO_IRQ,OK,RESYNC_NEEDED","NONE,NONE,DELTA,NONE",
7.334935,2026-09-05T19:04:06.127+01:00,313986,1367185,240,240,True,True,0x04,"NO_IRQ,NO_IRQ,OK,RESYNC_NEEDED","NONE,NONE,DELTA,NONE",
7.337832,2026-09-05T19:04:06.129+01:00,314226,1367186,252,252,True,True,0x04,"NO_IRQ,NO_IRQ,OK,RESYNC_NEEDED","NONE,NONE,DELTA,NONE",
7.341940,2026-09-05T19:04:06.132+01:00,314478,1367187,152,152,True,True,0x04,"NO_IRQ,NO_IRQ,OK,RESYNC_NEEDED","NONE,NONE,DELTA,NONE",
7.346965,2026-09-05T19:04:06.136+01:00,314630,1367188,170,170,True,True,0x04,"NO_IRQ,NO_IRQ,OK,RESYNC_NEEDED","NONE,NONE,DELTA,NONE",
7.360803,2026-09-05T19:04:06.141+01:00,314800,1367189,238,238,True,True,0x04,"NO_IRQ,NO_IRQ,OK,RESYNC_NEEDED","NONE,NONE,DELTA,NONE",
7.361440,2026-09-05T19:04:06.154+01:00,315038,1367190,254,254,True,True,0x04,"NO_IRQ,NO_IRQ,OK,RESYNC_NEEDED","NONE,NONE,DELTA,NONE",
7.362587,2026-09-05T19:04:06.155+01:00,315292,1367191,156,156,True,True,0x04,"NO_IRQ,NO_IRQ,OK,RESYNC_NEEDED","NONE,NONE,DELTA,NONE",
7.367078,2026-09-05T19:04:06.156+01:00,315448,1367192,166,166,True,True,0x04,"NO_IRQ,NO_IRQ,OK,RESYNC_NEEDED","NONE,NONE,DELTA,NONE",
7.372212,2026-09-05T19:04:06.161+01:00,315614,1367193,242,242,True,True,0x04,"NO_IRQ,NO_IRQ,OK,RESYNC_NEEDED","NONE,NONE,DELTA,NONE",
7.377142,2026-09-05T19:04:06.166+01:00,315856,1367194,256,256,True,True,0x04,"NO_IRQ,NO_IRQ,OK,RESYNC_NEEDED","NONE,NONE,DELTA,NONE",
7.388665,2026-09-05T19:04:06.170+01:00,316112,1367195,154,154,True,True,0x04,"NO_IRQ,NO_IRQ,OK,RESYNC_NEEDED","NONE,NONE,DELTA,NONE",
7.389706,2026-09-05T19:04:06.182+01:00,316266,1367196,166,166,True,True,0x04,"NO_IRQ,NO_IRQ,OK,RESYNC_NEEDED","NONE,NONE,DELTA,NONE",
7.392290,2026-09-05T19:04:06.183+01:00,316432,1367197,242,242,True,True,0x04,"NO_IRQ,NO_IRQ,OK,RESYNC_NEEDED","NONE,NONE,DELTA,NONE",
7.397190,2026-09-05T19:04:06.186+01:00,316674,1367198,266,266,True,True,0x04,"NO_IRQ,NO_IRQ,OK,RESYNC_NEEDED","NONE,NONE,DELTA,NONE",
7.401870,2026-09-05T19:04:06.191+01:00,316940,1367199,164,164,True,True,0x04,"NO_IRQ,NO_IRQ,OK,RESYNC_NEEDED","NONE,NONE,DELTA,NONE",
7.412479,2026-09-05T19:04:06.195+01:00,317104,1367200,166,166,True,True,0x04,"NO_IRQ,NO_IRQ,OK,RESYNC_NEEDED","NONE,NONE,DELTA,NONE",
7.413529,2026-09-05T19:04:06.206+01:00,317270,1367201,248,248,True,True,0x04,"NO_IRQ,NO_IRQ,OK,RESYNC_NEEDED","NONE,NONE,DELTA,NONE",
7.417513,2026-09-05T19:04:06.207+01:00,317518,1367202,252,252,True,True,0x04,"NO_IRQ,NO_IRQ,OK,RESYNC_NEEDED","NONE,NONE,DELTA,NONE",
7.422181,2026-09-05T19:04:06.211+01:00,317770,1367203,158,158,True,True,0x04,"NO_IRQ,NO_IRQ,OK,RESYNC_NEEDED","NONE,NONE,DELTA,NONE",
7.435598,2026-09-05T19:04:06.216+01:00,317928,1367204,160,160,True,True,0x04,"NO_IRQ,NO_IRQ,OK,RESYNC_NEEDED","NONE,NONE,DELTA,NONE",
7.436291,2026-09-05T19:04:06.229+01:00,318088,1367205,262,262,True,True,0x04,"NO_IRQ,NO_IRQ,OK,RESYNC_NEEDED","NONE,NONE,DELTA,NONE",
7.438060,2026-09-05T19:04:06.230+01:00,318350,1367206,258,258,True,True,0x04,"NO_IRQ,NO_IRQ,OK,RESYNC_NEEDED","NONE,NONE,DELTA,NONE",
7.442243,2026-09-05T19:04:06.231+01:00,318608,1367207,158,158,True,True,0x04,"NO_IRQ,NO_IRQ,OK,RESYNC_NEEDED","NONE,NONE,DELTA,NONE",
7.446917,2026-09-05T19:04:06.236+01:00,318766,1367208,164,164,True,True,0x04,"NO_IRQ,NO_IRQ,OK,RESYNC_NEEDED","NONE,NONE,DELTA,NONE",
7.459561,2026-09-05T19:04:06.241+01:00,318930,1367209,254,254,True,True,0x04,"NO_IRQ,NO_IRQ,OK,RESYNC_NEEDED","NONE,NONE,DELTA,NONE",
7.460336,2026-09-05T19:04:06.253+01:00,319184,1367210,250,250,True,True,0x04,"NO_IRQ,NO_IRQ,OK,RESYNC_NEEDED","NONE,NONE,DELTA,NONE",
7.461726,2026-09-05T19:04:06.254+01:00,319434,1367211,158,158,True,True,0x04,"NO_IRQ,NO_IRQ,OK,RESYNC_NEEDED","NONE,NONE,DELTA,NONE",
7.467558,2026-09-05T19:04:06.255+01:00,319592,1367212,170,170,True,True,0x04,"NO_IRQ,NO_IRQ,OK,RESYNC_NEEDED","NONE,NONE,DELTA,NONE",
7.472296,2026-09-05T19:04:06.261+01:00,319762,1367213,246,246,True,True,0x04,"NO_IRQ,NO_IRQ,OK,RESYNC_NEEDED","NONE,NONE,DELTA,NONE",
7.479796,2026-09-05T19:04:06.266+01:00,320008,1367214,260,260,True,True,0x04,"NO_IRQ,NO_IRQ,OK,RESYNC_NEEDED","NONE,NONE,DELTA,NONE",
7.482264,2026-09-05T19:04:06.274+01:00,320268,1367215,158,158,True,True,0x04,"NO_IRQ,NO_IRQ,OK,RESYNC_NEEDED","NONE,NONE,DELTA,NONE",
7.488236,2026-09-05T19:04:06.276+01:00,320426,1367216,166,166,True,True,0x04,"NO_IRQ,NO_IRQ,OK,RESYNC_NEEDED","NONE,NONE,DELTA,NONE",
7.491846,2026-09-05T19:04:06.282+01:00,320592,1367217,250,250,True,True,0x04,"NO_IRQ,NO_IRQ,OK,RESYNC_NEEDED","NONE,NONE,DELTA,NONE",
7.497402,2026-09-05T19:04:06.285+01:00,320842,1367218,256,256,True,True,0x04,"NO_IRQ,NO_IRQ,OK,RESYNC_NEEDED","NONE,NONE,DELTA,NONE",
7.504576,2026-09-05T19:04:06.291+01:00,321098,1367219,170,170,True,True,0x04,"NO_IRQ,NO_IRQ,OK,RESYNC_NEEDED","NONE,NONE,DELTA,NONE",
7.506753,2026-09-05T19:04:06.298+01:00,321268,1367220,150,150,True,True,0x04,"NO_IRQ,NO_IRQ,OK,RESYNC_NEEDED","NONE,NONE,DELTA,NONE",
7.511840,2026-09-05T19:04:06.300+01:00,321418,1367221,252,252,True,True,0x04,"NO_IRQ,NO_IRQ,OK,RESYNC_NEEDED","NONE,NONE,DELTA,NONE",
7.516751,2026-09-05T19:04:06.305+01:00,321670,1367222,258,258,True,True,0x04,"NO_IRQ,NO_IRQ,OK,RESYNC_NEEDED","NONE,NONE,DELTA,NONE",
7.521919,2026-09-05T19:04:06.310+01:00,321928,1367223,164,164,True,True,0x04,"NO_IRQ,NO_IRQ,OK,RESYNC_NEEDED","NONE,NONE,DELTA,NONE",
7.538342,2026-09-05T19:04:06.315+01:00,322092,1367224,156,156,True,True,0x04,"NO_IRQ,NO_IRQ,OK,RESYNC_NEEDED","NONE,NONE,DELTA,NONE",
7.539221,2026-09-05T19:04:06.332+01:00,322248,1367225,260,260,True,True,0x04,"NO_IRQ,NO_IRQ,OK,RESYNC_NEEDED","NONE,NONE,DELTA,NONE",
7.539552,2026-09-05T19:04:06.333+01:00,322508,1367226,250,250,True,True,0x04,"NO_IRQ,NO_IRQ,OK,RESYNC_NEEDED","NONE,NONE,DELTA,NONE",
7.541951,2026-09-05T19:04:06.333+01:00,322758,1367227,170,170,True,True,0x04,"NO_IRQ,NO_IRQ,OK,RESYNC_NEEDED","NONE,NONE,DELTA,NONE",
7.547331,2026-09-05T19:04:06.335+01:00,322928,1367228,162,162,True,True,0x04,"NO_IRQ,NO_IRQ,OK,RESYNC_NEEDED","NONE,NONE,DELTA,NONE",
7.558191,2026-09-05T19:04:06.341+01:00,323090,1367229,250,250,True,True,0x04,"NO_IRQ,NO_IRQ,OK,RESYNC_NEEDED","NONE,NONE,DELTA,NONE",
7.558983,2026-09-05T19:04:06.352+01:00,323340,1367230,250,250,True,True,0x04,"NO_IRQ,NO_IRQ,OK,RESYNC_NEEDED","NONE,NONE,DELTA,NONE",
7.561988,2026-09-05T19:04:06.352+01:00,323590,1367231,174,174,True,True,0x04,"NO_IRQ,NO_IRQ,OK,RESYNC_NEEDED","NONE,NONE,DELTA,NONE",
7.567176,2026-09-05T19:04:06.355+01:00,323764,1367232,156,156,True,True,0x04,"NO_IRQ,NO_IRQ,OK,RESYNC_NEEDED","NONE,NONE,DELTA,NONE",
7.579225,2026-09-05T19:04:06.361+01:00,323920,1367233,250,250,True,True,0x04,"NO_IRQ,NO_IRQ,OK,RESYNC_NEEDED","NONE,NONE,DELTA,NONE",
7.579966,2026-09-05T19:04:06.373+01:00,324170,1367234,260,260,True,True,0x04,"NO_IRQ,NO_IRQ,OK,RESYNC_NEEDED","NONE,NONE,DELTA,NONE",
7.582992,2026-09-05T19:04:06.373+01:00,324430,1367235,1084,1084,True,True,0x04,"NO_IRQ,NO_IRQ,OK,RESYNC_NEEDED","NONE,NONE,DELTA_SYNC,NONE",
7.586919,2026-09-05T19:04:06.376+01:00,325514,1367236,166,166,True,True,0x04,"NO_IRQ,NO_IRQ,OK,RESYNC_NEEDED","NONE,NONE,DELTA,NONE",
7.599992,2026-09-05T19:04:06.380+01:00,325680,1367237,254,254,True,True,0x04,"NO_IRQ,NO_IRQ,OK,RESYNC_NEEDED","NONE,NONE,DELTA,NONE",
7.600397,2026-09-05T19:04:06.393+01:00,325934,1367238,252,252,True,True,0x04,"NO_IRQ,NO_IRQ,OK,RESYNC_NEEDED","NONE,NONE,DELTA,NONE",
7.601602,2026-09-05T19:04:06.394+01:00,326186,1367239,176,176,True,True,0x04,"NO_IRQ,NO_IRQ,OK,RESYNC_NEEDED","NONE,NONE,DELTA,NONE",
7.606888,2026-09-05T19:04:06.395+01:00,326362,1367240,150,150,True,True,0x04,"NO_IRQ,NO_IRQ,OK,RESYNC_NEEDED","NONE,NONE,DELTA,NONE",
7.612489,2026-09-05T19:04:06.400+01:00,326512,1367241,254,254,True,True,0x04,"NO_IRQ,NO_IRQ,OK,RESYNC_NEEDED","NONE,NONE,DELTA,NONE",
7.617592,2026-09-05T19:04:06.406+01:00,326766,1367242,244,244,True,True,0x04,"NO_IRQ,NO_IRQ,OK,RESYNC_NEEDED","NONE,NONE,DELTA,NONE",
7.629229,2026-09-05T19:04:06.411+01:00,327010,1367243,174,174,True,True,0x04,"NO_IRQ,NO_IRQ,OK,RESYNC_NEEDED","NONE,NONE,DELTA,NONE",
7.630199,2026-09-05T19:04:06.423+01:00,327184,1367244,158,158,True,True,0x04,"NO_IRQ,NO_IRQ,OK,RESYNC_NEEDED","NONE,NONE,DELTA,NONE",
7.632452,2026-09-05T19:04:06.424+01:00,327342,1367245,252,252,True,True,0x04,"NO_IRQ,NO_IRQ,OK,RESYNC_NEEDED","NONE,NONE,DELTA,NONE",
7.636905,2026-09-05T19:04:06.426+01:00,327594,1367246,250,250,True,True,0x04,"NO_IRQ,NO_IRQ,OK,RESYNC_NEEDED","NONE,NONE,DELTA,NONE",
7.642018,2026-09-05T19:04:06.431+01:00,327844,1367247,178,178,True,True,0x04,"NO_IRQ,NO_IRQ,OK,RESYNC_NEEDED","NONE,NONE,DELTA,NONE",
7.653152,2026-09-05T19:04:06.436+01:00,328022,1367248,154,154,True,True,0x04,"NO_IRQ,NO_IRQ,OK,RESYNC_NEEDED","NONE,NONE,DELTA,NONE",
7.654323,2026-09-05T19:04:06.447+01:00,328176,1367249,256,256,True,True,0x04,"NO_IRQ,NO_IRQ,OK,RESYNC_NEEDED","NONE,NONE,DELTA,NONE",
7.656965,2026-09-05T19:04:06.448+01:00,328432,1367250,242,242,True,True,0x04,"NO_IRQ,NO_IRQ,OK,RESYNC_NEEDED","NONE,NONE,DELTA,NONE",
7.661760,2026-09-05T19:04:06.450+01:00,328674,1367251,192,192,True,True,0x04,"NO_IRQ,NO_IRQ,OK,RESYNC_NEEDED","NONE,NONE,DELTA,NONE",
7.666818,2026-09-05T19:04:06.455+01:00,328866,1367252,148,148,True,True,0x04,"NO_IRQ,NO_IRQ,OK,RESYNC_NEEDED","NONE,NONE,DELTA,NONE",
7.678663,2026-09-05T19:04:06.460+01:00,329014,1367253,246,246,True,True,0x04,"NO_IRQ,NO_IRQ,OK,RESYNC_NEEDED","NONE,NONE,DELTA,NONE",
7.679907,2026-09-05T19:04:06.472+01:00,329260,1367254,244,244,True,True,0x04,"NO_IRQ,NO_IRQ,OK,RESYNC_NEEDED","NONE,NONE,DELTA,NONE",
7.682177,2026-09-05T19:04:06.474+01:00,329504,1367255,178,178,True,True,0x04,"NO_IRQ,NO_IRQ,OK,RESYNC_NEEDED","NONE,NONE,DELTA,NONE",
7.686988,2026-09-05T19:04:06.476+01:00,329682,1367256,146,146,True,True,0x04,"NO_IRQ,NO_IRQ,OK,RESYNC_NEEDED","NONE,NONE,DELTA,NONE",
7.691866,2026-09-05T19:04:06.480+01:00,329828,1367257,252,252,True,True,0x04,"NO_IRQ,NO_IRQ,OK,RESYNC_NEEDED","NONE,NONE,DELTA,NONE",
7.698569,2026-09-05T19:04:06.485+01:00,330080,1367258,244,244,True,True,0x04,"NO_IRQ,NO_IRQ,OK,RESYNC_NEEDED","NONE,NONE,DELTA,NONE",
7.702015,2026-09-05T19:04:06.492+01:00,330324,1367259,178,178,True,True,0x04,"NO_IRQ,NO_IRQ,OK,RESYNC_NEEDED","NONE,NONE,DELTA,NONE",
7.706987,2026-09-05T19:04:06.495+01:00,330502,1367260,154,154,True,True,0x04,"NO_IRQ,NO_IRQ,OK,RESYNC_NEEDED","NONE,NONE,DELTA,NONE",
7.711752,2026-09-05T19:04:06.500+01:00,330656,1367261,254,254,True,True,0x04,"NO_IRQ,NO_IRQ,OK,RESYNC_NEEDED","NONE,NONE,DELTA,NONE",
7.717956,2026-09-05T19:04:06.505+01:00,330910,1367262,246,246,True,True,0x04,"NO_IRQ,NO_IRQ,OK,RESYNC_NEEDED","NONE,NONE,DELTA,NONE",
7.721558,2026-09-05T19:04:06.511+01:00,331156,1367263,180,180,True,True,0x04,"NO_IRQ,NO_IRQ,OK,RESYNC_NEEDED","NONE,NONE,DELTA,NONE",
7.727115,2026-09-05T19:04:06.515+01:00,331336,1367264,144,144,True,True,0x04,"NO_IRQ,NO_IRQ,OK,RESYNC_NEEDED","NONE,NONE,DELTA,NONE",
7.741439,2026-09-05T19:04:06.520+01:00,331480,1367265,248,248,True,True,0x04,"NO_IRQ,NO_IRQ,OK,RESYNC_NEEDED","NONE,NONE,DELTA,NONE",
7.741826,2026-09-05T19:04:06.535+01:00,331728,1367266,254,254,True,True,0x04,"NO_IRQ,NO_IRQ,OK,RESYNC_NEEDED","NONE,NONE,DELTA,NONE",
7.742059,2026-09-05T19:04:06.535+01:00,331982,1367267,186,186,True,True,0x04,"NO_IRQ,NO_IRQ,OK,RESYNC_NEEDED","NONE,NONE,DELTA,NONE",
7.753691,2026-09-05T19:04:06.535+01:00,332168,1367268,152,152,True,True,0x04,"NO_IRQ,NO_IRQ,OK,RESYNC_NEEDED","NONE,NONE,DELTA,NONE",
7.761315,2026-09-05T19:04:06.548+01:00,332320,1367269,248,248,True,True,0x04,"NO_IRQ,NO_IRQ,OK,RESYNC_NEEDED","NONE,NONE,DELTA,NONE",
7.761737,2026-09-05T19:04:06.555+01:00,332568,1367270,244,244,True,True,0x04,"NO_IRQ,NO_IRQ,OK,RESYNC_NEEDED","NONE,NONE,DELTA,NONE",
7.762840,2026-09-05T19:04:06.556+01:00,332812,1367271,184,184,True,True,0x04,"NO_IRQ,NO_IRQ,OK,RESYNC_NEEDED","NONE,NONE,DELTA,NONE",
7.766993,2026-09-05T19:04:06.556+01:00,332996,1367272,154,154,True,True,0x04,"NO_IRQ,NO_IRQ,OK,RESYNC_NEEDED","NONE,NONE,DELTA,NONE",
7.771675,2026-09-05T19:04:06.560+01:00,333150,1367273,252,252,True,True,0x04,"NO_IRQ,NO_IRQ,OK,RESYNC_NEEDED","NONE,NONE,DELTA,NONE",
7.778078,2026-09-05T19:04:06.565+01:00,333402,1367274,244,244,True,True,0x04,"NO_IRQ,NO_IRQ,OK,RESYNC_NEEDED","NONE,NONE,DELTA,NONE",
7.788243,2026-09-05T19:04:06.571+01:00,333646,1367275,186,186,True,True,0x04,"NO_IRQ,NO_IRQ,OK,RESYNC_NEEDED","NONE,NONE,DELTA,NONE",
7.789788,2026-09-05T19:04:06.582+01:00,333832,1367276,148,148,True,True,0x04,"NO_IRQ,NO_IRQ,OK,RESYNC_NEEDED","NONE,NONE,DELTA,NONE",
7.791762,2026-09-05T19:04:06.583+01:00,333980,1367277,252,252,True,True,0x04,"NO_IRQ,NO_IRQ,OK,RESYNC_NEEDED","NONE,NONE,DELTA,NONE",
7.797190,2026-09-05T19:04:06.585+01:00,334232,1367278,244,244,True,True,0x04,"NO_IRQ,NO_IRQ,OK,RESYNC_NEEDED","NONE,NONE,DELTA,NONE",
7.801837,2026-09-05T19:04:06.591+01:00,334476,1367279,188,188,True,True,0x04,"NO_IRQ,NO_IRQ,OK,RESYNC_NEEDED","NONE,NONE,DELTA,NONE",
7.812394,2026-09-05T19:04:06.595+01:00,334664,1367280,144,144,True,True,0x04,"NO_IRQ,NO_IRQ,OK,RESYNC_NEEDED","NONE,NONE,DELTA,NONE",
7.813577,2026-09-05T19:04:06.606+01:00,334808,1367281,250,250,True,True,0x04,"NO_IRQ,NO_IRQ,OK,RESYNC_NEEDED","NONE,NONE,DELTA,NONE",
7.817246,2026-09-05T19:04:06.607+01:00,335058,1367282,244,244,True,True,0x04,"NO_IRQ,NO_IRQ,OK,RESYNC_NEEDED","NONE,NONE,DELTA,NONE",
7.822097,2026-09-05T19:04:06.611+01:00,335302,1367283,188,188,True,True,0x04,"NO_IRQ,NO_IRQ,OK,RESYNC_NEEDED","NONE,NONE,DELTA,NONE",
7.826448,2026-09-05T19:04:06.615+01:00,335490,1367284,142,142,True,True,0x04,"NO_IRQ,NO_IRQ,OK,RESYNC_NEEDED","NONE,NONE,DELTA,NONE",
7.836564,2026-09-05T19:04:06.620+01:00,335632,1367285,252,252,True,True,0x04,"NO_IRQ,NO_IRQ,OK,RESYNC_NEEDED","NONE,NONE,DELTA,NONE",
7.837696,2026-09-05T19:04:06.630+01:00,335884,1367286,238,238,True,True,0x04,"NO_IRQ,NO_IRQ,OK,RESYNC_NEEDED","NONE,NONE,DELTA,NONE",
7.841843,2026-09-05T19:04:06.631+01:00,336122,1367287,190,190,True,True,0x04,"NO_IRQ,NO_IRQ,OK,RESYNC_NEEDED","NONE,NONE,DELTA,NONE",
7.846906,2026-09-05T19:04:06.635+01:00,336312,1367288,144,144,True,True,0x04,"NO_IRQ,NO_IRQ,OK,RESYNC_NEEDED","NONE,NONE,DELTA,NONE",
7.860193,2026-09-05T19:04:06.640+01:00,336456,1367289,246,246,True,True,0x04,"NO_IRQ,NO_IRQ,OK,RESYNC_NEEDED","NONE,NONE,DELTA,NONE",
7.861151,2026-09-05T19:04:06.654+01:00,336702,1367290,234,234,True,True,0x04,"NO_IRQ,NO_IRQ,OK,RESYNC_NEEDED","NONE,NONE,DELTA,NONE",
7.861931,2026-09-05T19:04:06.655+01:00,336936,1367291,194,194,True,True,0x04,"NO_IRQ,NO_IRQ,OK,RESYNC_NEEDED","NONE,NONE,DELTA,NONE",
7.867092,2026-09-05T19:04:06.655+01:00,337130,1367292,156,156,True,True,0x04,"NO_IRQ,NO_IRQ,OK,RESYNC_NEEDED","NONE,NONE,DELTA,NONE",
7.871998,2026-09-05T19:04:06.661+01:00,337286,1367293,236,236,True,True,0x04,"NO_IRQ,NO_IRQ,OK,RESYNC_NEEDED","NONE,NONE,DELTA,NONE",
7.880798,2026-09-05T19:04:06.665+01:00,337522,1367294,228,228,True,True,0x04,"NO_IRQ,NO_IRQ,OK,RESYNC_NEEDED","NONE,NONE,DELTA,NONE",
7.884340,2026-09-05T19:04:06.677+01:00,337750,1367295,200,200,True,True,0x04,"NO_IRQ,NO_IRQ,OK,RESYNC_NEEDED","NONE,NONE,DELTA,NONE",
7.887725,2026-09-05T19:04:06.678+01:00,337950,1367296,142,142,True,True,0x04,"NO_IRQ,NO_IRQ,OK,RESYNC_NEEDED","NONE,NONE,DELTA,NONE",
7.891738,2026-09-05T19:04:06.681+01:00,338092,1367297,248,248,True,True,0x04,"NO_IRQ,NO_IRQ,OK,RESYNC_NEEDED","NONE,NONE,DELTA,NONE",
7.897762,2026-09-05T19:04:06.685+01:00,338340,1367298,232,232,True,True,0x04,"NO_IRQ,NO_IRQ,OK,RESYNC_NEEDED","NONE,NONE,DELTA,NONE",
7.906244,2026-09-05T19:04:06.692+01:00,338572,1367299,202,202,True,True,0x04,"NO_IRQ,NO_IRQ,OK,RESYNC_NEEDED","NONE,NONE,DELTA,NONE",
7.907051,2026-09-05T19:04:06.700+01:00,338774,1367300,144,144,True,True,0x04,"NO_IRQ,NO_IRQ,OK,RESYNC_NEEDED","NONE,NONE,DELTA,NONE",
7.911862,2026-09-05T19:04:06.701+01:00,338918,1367301,254,254,True,True,0x04,"NO_IRQ,NO_IRQ,OK,RESYNC_NEEDED","NONE,NONE,DELTA,NONE",
7.925036,2026-09-05T19:04:06.705+01:00,339172,1367302,258,258,True,True,0x04,"NO_IRQ,NO_IRQ,OK,RESYNC_NEEDED","NONE,NONE,DELTA,NONE",
7.925884,2026-09-05T19:04:06.718+01:00,339430,1367303,198,198,True,True,0x04,"NO_IRQ,NO_IRQ,OK,RESYNC_NEEDED","NONE,NONE,DELTA,NONE",
7.926456,2026-09-05T19:04:06.719+01:00,339628,1367304,142,142,True,True,0x04,"NO_IRQ,NO_IRQ,OK,RESYNC_NEEDED","NONE,NONE,DELTA,NONE",
7.931611,2026-09-05T19:04:06.720+01:00,339770,1367305,254,254,True,True,0x04,"NO_IRQ,NO_IRQ,OK,RESYNC_NEEDED","NONE,NONE,DELTA,NONE",
7.936662,2026-09-05T19:04:06.725+01:00,340024,1367306,240,240,True,True,0x04,"NO_IRQ,NO_IRQ,OK,RESYNC_NEEDED","NONE,NONE,DELTA,NONE",
7.941651,2026-09-05T19:04:06.730+01:00,340264,1367307,194,194,True,True,0x04,"NO_IRQ,NO_IRQ,OK,RESYNC_NEEDED","NONE,NONE,DELTA,NONE",
7.947079,2026-09-05T19:04:06.735+01:00,340458,1367308,138,138,True,True,0x04,"NO_IRQ,NO_IRQ,OK,RESYNC_NEEDED","NONE,NONE,DELTA,NONE",
7.951907,2026-09-05T19:04:06.740+01:00,340596,1367309,246,246,True,True,0x04,"NO_IRQ,NO_IRQ,OK,RESYNC_NEEDED","NONE,NONE,DELTA,NONE",
7.956463,2026-09-05T19:04:06.745+01:00,340842,1367310,230,230,True,True,0x04,"NO_IRQ,NO_IRQ,OK,RESYNC_NEEDED","NONE,NONE,DELTA,NONE",
7.975296,2026-09-05T19:04:06.750+01:00,341072,1367311,202,202,True,True,0x04,"NO_IRQ,NO_IRQ,OK,RESYNC_NEEDED","NONE,NONE,DELTA,NONE",
7.976442,2026-09-05T19:04:06.769+01:00,341274,1367312,146,146,True,True,0x04,"NO_IRQ,NO_IRQ,OK,RESYNC_NEEDED","NONE,NONE,DELTA,NONE",
7.977074,2026-09-05T19:04:06.770+01:00,341420,1367313,244,244,True,True,0x04,"NO_IRQ,NO_IRQ,OK,RESYNC_NEEDED","NONE,NONE,DELTA,NONE",
7.977869,2026-09-05T19:04:06.770+01:00,341664,1367314,234,234,True,True,0x04,"NO_IRQ,NO_IRQ,OK,RESYNC_NEEDED","NONE,NONE,DELTA,NONE",
7.981501,2026-09-05T19:04:06.772+01:00,341898,1367315,196,196,True,True,0x04,"NO_IRQ,NO_IRQ,OK,RESYNC_NEEDED","NONE,NONE,DELTA,NONE",
7.986731,2026-09-05T19:04:06.775+01:00,342094,1367316,146,146,True,True,0x04,"NO_IRQ,NO_IRQ,OK,RESYNC_NEEDED","NONE,NONE,DELTA,NONE",
7.996497,2026-09-05T19:04:06.780+01:00,342240,1367317,244,244,True,True,0x04,"NO_IRQ,NO_IRQ,OK,RESYNC_NEEDED","NONE,NONE,DELTA,NONE",
7.997315,2026-09-05T19:04:06.790+01:00,342484,1367318,246,246,True,True,0x04,"NO_IRQ,NO_IRQ,OK,RESYNC_NEEDED","NONE,NONE,DELTA,NONE",
8.001371,2026-09-05T19:04:06.791+01:00,342730,1367319,200,200,True,True,0x04,"NO_IRQ,NO_IRQ,OK,RESYNC_NEEDED","NONE,NONE,DELTA,NONE",
8.006367,2026-09-05T19:04:06.795+01:00,342930,1367320,136,136,True,True,0x04,"NO_IRQ,NO_IRQ,OK,RESYNC_NEEDED","NONE,NONE,DELTA,NONE",
8.014625,2026-09-05T19:04:06.800+01:00,343066,1367321,250,250,True,True,0x04,"NO_IRQ,NO_IRQ,OK,RESYNC_NEEDED","NONE,NONE,DELTA,NONE",
8.016555,2026-09-05T19:04:06.808+01:00,343316,1367322,236,236,True,True,0x04,"NO_IRQ,NO_IRQ,OK,RESYNC_NEEDED","NONE,NONE,DELTA,NONE",
8.021965,2026-09-05T19:04:06.810+01:00,343552,1367323,200,200,True,True,0x04,"NO_IRQ,NO_IRQ,OK,RESYNC_NEEDED","NONE,NONE,DELTA,NONE",
8.026779,2026-09-05T19:04:06.815+01:00,343752,1367324,142,142,True,True,0x04,"NO_IRQ,NO_IRQ,OK,RESYNC_NEEDED","NONE,NONE,DELTA,NONE",
8.033676,2026-09-05T19:04:06.820+01:00,343894,1367325,246,246,True,True,0x04,"NO_IRQ,NO_IRQ,OK,RESYNC_NEEDED","NONE,NONE,DELTA,NONE",
8.036326,2026-09-05T19:04:06.827+01:00,344140,1367326,240,240,True,True,0x04,"NO_IRQ,NO_IRQ,OK,RESYNC_NEEDED","NONE,NONE,DELTA,NONE",
8.041604,2026-09-05T19:04:06.831+01:00,344380,1367327,208,208,True,True,0x04,"NO_IRQ,NO_IRQ,OK,RESYNC_NEEDED","NONE,NONE,DELTA,NONE",
8.062061,2026-09-05T19:04:06.835+01:00,344588,1367328,140,140,True,True,0x04,"NO_IRQ,NO_IRQ,OK,RESYNC_NEEDED","NONE,NONE,DELTA,NONE",
8.063737,2026-09-05T19:04:06.856+01:00,344728,1367329,242,242,True,True,0x04,"NO_IRQ,NO_IRQ,OK,RESYNC_NEEDED","NONE,NONE,DELTA,NONE",
8.065888,2026-09-05T19:04:06.858+01:00,344970,1367330,244,244,True,True,0x04,"NO_IRQ,NO_IRQ,OK,RESYNC_NEEDED","NONE,NONE,DELTA,NONE",
8.067383,2026-09-05T19:04:06.859+01:00,345214,1367331,202,202,True,True,0x04,"NO_IRQ,NO_IRQ,OK,RESYNC_NEEDED","NONE,NONE,DELTA,NONE",
8.069261,2026-09-05T19:04:06.861+01:00,345416,1367332,140,140,True,True,0x04,"NO_IRQ,NO_IRQ,OK,RESYNC_NEEDED","NONE,NONE,DELTA,NONE",
8.072645,2026-09-05T19:04:06.863+01:00,345556,1367333,250,250,True,True,0x04,"NO_IRQ,NO_IRQ,OK,RESYNC_NEEDED","NONE,NONE,DELTA,NONE",
8.077280,2026-09-05T19:04:06.866+01:00,345806,1367334,238,238,True,True,0x04,"NO_IRQ,NO_IRQ,OK,RESYNC_NEEDED","NONE,NONE,DELTA,NONE",
8.081885,2026-09-05T19:04:06.871+01:00,346044,1367335,200,200,True,True,0x04,"NO_IRQ,NO_IRQ,OK,RESYNC_NEEDED","NONE,NONE,DELTA,NONE",
8.093392,2026-09-05T19:04:06.875+01:00,346244,1367336,138,138,True,True,0x04,"NO_IRQ,NO_IRQ,OK,RESYNC_NEEDED","NONE,NONE,DELTA,NONE",
8.094334,2026-09-05T19:04:06.887+01:00,346382,1367337,252,252,True,True,0x04,"NO_IRQ,NO_IRQ,OK,RESYNC_NEEDED","NONE,NONE,DELTA,NONE",
8.096454,2026-09-05T19:04:06.888+01:00,346634,1367338,240,240,True,True,0x04,"NO_IRQ,NO_IRQ,OK,RESYNC_NEEDED","NONE,NONE,DELTA,NONE",
8.101610,2026-09-05T19:04:06.890+01:00,346874,1367339,208,208,True,True,0x04,"NO_IRQ,NO_IRQ,OK,RESYNC_NEEDED","NONE,NONE,DELTA,NONE",
8.106096,2026-09-05T19:04:06.895+01:00,347082,1367340,138,138,True,True,0x04,"NO_IRQ,NO_IRQ,OK,RESYNC_NEEDED","NONE,NONE,DELTA,NONE",
8.117119,2026-09-05T19:04:06.900+01:00,347220,1367341,248,248,True,True,0x04,"NO_IRQ,NO_IRQ,OK,RESYNC_NEEDED","NONE,NONE,DELTA,NONE",
8.118047,2026-09-05T19:04:06.910+01:00,347468,1367342,232,232,True,True,0x04,"NO_IRQ,NO_IRQ,OK,RESYNC_NEEDED","NONE,NONE,DELTA,NONE",
8.121720,2026-09-05T19:04:06.911+01:00,347700,1367343,204,204,True,True,0x04,"NO_IRQ,NO_IRQ,OK,RESYNC_NEEDED","NONE,NONE,DELTA,NONE",
8.126348,2026-09-05T19:04:06.915+01:00,347904,1367344,148,148,True,True,0x04,"NO_IRQ,NO_IRQ,OK,RESYNC_NEEDED","NONE,NONE,DELTA,NONE",
8.131265,2026-09-05T19:04:06.920+01:00,348052,1367345,250,250,True,True,0x04,"NO_IRQ,NO_IRQ,OK,RESYNC_NEEDED","NONE,NONE,DELTA,NONE",
8.141117,2026-09-05T19:04:06.925+01:00,348302,1367346,234,234,True,True,0x04,"NO_IRQ,NO_IRQ,OK,RESYNC_NEEDED","NONE,NONE,DELTA,NONE",
8.141393,2026-09-05T19:04:06.934+01:00,348536,1367347,204,204,True,True,0x04,"NO_IRQ,NO_IRQ,OK,RESYNC_NEEDED","NONE,NONE,DELTA,NONE",
8.146207,2026-09-05T19:04:06.935+01:00,348740,1367348,140,140,True,True,0x04,"NO_IRQ,NO_IRQ,OK,RESYNC_NEEDED","NONE,NONE,DELTA,NONE",
8.151259,2026-09-05T19:04:06.940+01:00,348880,1367349,244,244,True,True,0x04,"NO_IRQ,NO_IRQ,OK,RESYNC_NEEDED","NONE,NONE,DELTA,NONE",
8.156398,2026-09-05T19:04:06.945+01:00,349124,1367350,244,244,True,True,0x04,"NO_IRQ,NO_IRQ,OK,RESYNC_NEEDED","NONE,NONE,DELTA,NONE",
8.161219,2026-09-05T19:04:06.950+01:00,349368,1367351,226,226,True,True,0x04,"NO_IRQ,NO_IRQ,OK,RESYNC_NEEDED","NONE,NONE,DELTA,NONE",
8.166560,2026-09-05T19:04:06.955+01:00,349594,1367352,134,134,True,True,0x04,"NO_IRQ,NO_IRQ,OK,RESYNC_NEEDED","NONE,NONE,DELTA,NONE",
8.171187,2026-09-05T19:04:06.960+01:00,349728,1367353,244,244,True,True,0x04,"NO_IRQ,NO_IRQ,OK,RESYNC_NEEDED","NONE,NONE,DELTA,NONE",
8.185280,2026-09-05T19:04:06.964+01:00,349972,1367354,238,238,True,True,0x04,"NO_IRQ,NO_IRQ,OK,RESYNC_NEEDED","NONE,NONE,DELTA,NONE",
8.185733,2026-09-05T19:04:06.979+01:00,350210,1367355,212,212,True,True,0x04,"NO_IRQ,NO_IRQ,OK,RESYNC_NEEDED","NONE,NONE,DELTA,NONE",
8.186062,2026-09-05T19:04:06.979+01:00,350422,1367356,138,138,True,True,0x04,"NO_IRQ,NO_IRQ,OK,RESYNC_NEEDED","NONE,NONE,DELTA,NONE",
8.201610,2026-09-05T19:04:06.979+01:00,350560,1367357,256,256,True,True,0x04,"NO_IRQ,NO_IRQ,OK,RESYNC_NEEDED","NONE,NONE,DELTA,NONE",
8.202845,2026-09-05T19:04:06.995+01:00,350816,1367358,238,238,True,True,0x04,"NO_IRQ,NO_IRQ,OK,RESYNC_NEEDED","NONE,NONE,DELTA,NONE",
8.204121,2026-09-05T19:04:06.996+01:00,351054,1367359,216,216,True,True,0x04,"NO_IRQ,NO_IRQ,OK,RESYNC_NEEDED","NONE,NONE,DELTA,NONE",
8.206363,2026-09-05T19:04:06.998+01:00,351270,1367360,138,138,True,True,0x04,"NO_IRQ,NO_IRQ,OK,RESYNC_NEEDED","NONE,NONE,DELTA,NONE",
8.211511,2026-09-05T19:04:07.000+01:00,351408,1367361,242,242,True,True,0x04,"NO_IRQ,NO_IRQ,OK,RESYNC_NEEDED","NONE,NONE,DELTA,NONE",
8.216187,2026-09-05T19:04:07.005+01:00,351650,1367362,244,244,True,True,0x04,"NO_IRQ,NO_IRQ,OK,RESYNC_NEEDED","NONE,NONE,DELTA,NONE",
8.226050,2026-09-05T19:04:07.009+01:00,351894,1367363,212,212,True,True,0x04,"NO_IRQ,NO_IRQ,OK,RESYNC_NEEDED","NONE,NONE,DELTA,NONE",
8.233609,2026-09-05T19:04:07.026+01:00,352106,1367364,132,132,True,True,0x04,"NO_IRQ,NO_IRQ,OK,RESYNC_NEEDED","NONE,NONE,DELTA,NONE",
8.234405,2026-09-05T19:04:07.027+01:00,352238,1367365,230,230,True,True,0x04,"NO_IRQ,NO_IRQ,OK,RESYNC_NEEDED","NONE,NONE,DELTA,NONE",
8.236763,2026-09-05T19:04:07.028+01:00,352468,1367366,244,244,True,True,0x04,"NO_IRQ,NO_IRQ,OK,RESYNC_NEEDED","NONE,NONE,DELTA,NONE",
8.247683,2026-09-05T19:04:07.031+01:00,352712,1367367,218,218,True,True,0x04,"NO_IRQ,NO_IRQ,OK,RESYNC_NEEDED","NONE,NONE,DELTA,NONE",
8.248441,2026-09-05T19:04:07.041+01:00,352930,1367368,142,142,True,True,0x04,"NO_IRQ,NO_IRQ,OK,RESYNC_NEEDED","NONE,NONE,DELTA,NONE",
8.251607,2026-09-05T19:04:07.042+01:00,353072,1367369,238,238,True,True,0x04,"NO_IRQ,NO_IRQ,OK,RESYNC_NEEDED","NONE,NONE,DELTA,NONE",
8.256178,2026-09-05T19:04:07.045+01:00,353310,1367370,246,246,True,True,0x04,"NO_IRQ,NO_IRQ,OK,RESYNC_NEEDED","NONE,NONE,DELTA,NONE",
8.266510,2026-09-05T19:04:07.050+01:00,353556,1367371,218,218,True,True,0x04,"NO_IRQ,NO_IRQ,OK,RESYNC_NEEDED","NONE,NONE,DELTA,NONE",
8.267270,2026-09-05T19:04:07.060+01:00,353774,1367372,136,136,True,True,0x04,"NO_IRQ,NO_IRQ,OK,RESYNC_NEEDED","NONE,NONE,DELTA,NONE",
8.271958,2026-09-05T19:04:07.061+01:00,353910,1367373,238,238,True,True,0x04,"NO_IRQ,NO_IRQ,OK,RESYNC_NEEDED","NONE,NONE,DELTA,NONE",
8.276243,2026-09-05T19:04:07.066+01:00,354148,1367374,236,236,True,True,0x04,"NO_IRQ,NO_IRQ,OK,RESYNC_NEEDED","NONE,NONE,DELTA,NONE",
8.288100,2026-09-05T19:04:07.070+01:00,354384,1367375,222,222,True,True,0x04,"NO_IRQ,NO_IRQ,OK,RESYNC_NEEDED","NONE,NONE,DELTA,NONE",
8.289137,2026-09-05T19:04:07.082+01:00,354606,1367376,134,134,True,True,0x04,"NO_IRQ,NO_IRQ,OK,RESYNC_NEEDED","NONE,NONE,DELTA,NONE",
8.291433,2026-09-05T19:04:07.082+01:00,354740,1367377,228,228,True,True,0x04,"NO_IRQ,NO_IRQ,OK,RESYNC_NEEDED","NONE,NONE,DELTA,NONE",
8.296377,2026-09-05T19:04:07.085+01:00,354968,1367378,232,232,True,True,0x04,"NO_IRQ,NO_IRQ,OK,RESYNC_NEEDED","NONE,NONE,DELTA,NONE",
8.309500,2026-09-05T19:04:07.090+01:00,355200,1367379,222,222,True,True,0x04,"NO_IRQ,NO_IRQ,OK,RESYNC_NEEDED","NONE,NONE,DELTA,NONE",
8.310233,2026-09-05T19:04:07.103+01:00,355422,1367380,134,134,True,True,0x04,"NO_IRQ,NO_IRQ,OK,RESYNC_NEEDED","NONE,NONE,DELTA,NONE",
8.311437,2026-09-05T19:04:07.104+01:00,355556,1367381,238,238,True,True,0x04,"NO_IRQ,NO_IRQ,OK,RESYNC_NEEDED","NONE,NONE,DELTA,NONE",
8.316401,2026-09-05T19:04:07.105+01:00,355794,1367382,230,230,True,True,0x04,"NO_IRQ,NO_IRQ,OK,RESYNC_NEEDED","NONE,NONE,DELTA,NONE",
8.321607,2026-09-05T19:04:07.110+01:00,356024,1367383,228,228,True,True,0x04,"NO_IRQ,NO_IRQ,OK,RESYNC_NEEDED","NONE,NONE,DELTA,NONE",
8.330639,2026-09-05T19:04:07.115+01:00,356252,1367384,144,144,True,True,0x04,"NO_IRQ,NO_IRQ,OK,RESYNC_NEEDED","NONE,NONE,DELTA,NONE",
8.331619,2026-09-05T19:04:07.124+01:00,356396,1367385,244,244,True,True,0x04,"NO_IRQ,NO_IRQ,OK,RESYNC_NEEDED","NONE,NONE,DELTA,NONE",
8.337576,2026-09-05T19:04:07.125+01:00,356640,1367386,242,242,True,True,0x04,"NO_IRQ,NO_IRQ,OK,RESYNC_NEEDED","NONE,NONE,DELTA,NONE",
8.341123,2026-09-05T19:04:07.131+01:00,356882,1367387,232,232,True,True,0x04,"NO_IRQ,NO_IRQ,OK,RESYNC_NEEDED","NONE,NONE,DELTA,NONE",
8.355912,2026-09-05T19:04:07.134+01:00,357114,1367388,134,134,True,True,0x04,"NO_IRQ,NO_IRQ,OK,RESYNC_NEEDED","NONE,NONE,DELTA,NONE",
8.356675,2026-09-05T19:04:07.149+01:00,357248,1367389,234,234,True,True,0x04,"NO_IRQ,NO_IRQ,OK,RESYNC_NEEDED","NONE,NONE,DELTA,NONE",
8.357445,2026-09-05T19:04:07.150+01:00,357482,1367390,226,226,True,True,0x04,"NO_IRQ,NO_IRQ,OK,RESYNC_NEEDED","NONE,NONE,DELTA,NONE",
8.361276,2026-09-05T19:04:07.151+01:00,357708,1367391,226,226,True,True,0x04,"NO_IRQ,NO_IRQ,OK,RESYNC_NEEDED","NONE,NONE,DELTA,NONE",
8.366030,2026-09-05T19:04:07.155+01:00,357934,1367392,134,134,True,True,0x04,"NO_IRQ,NO_IRQ,OK,RESYNC_NEEDED","NONE,NONE,DELTA,NONE",
8.373706,2026-09-05T19:04:07.159+01:00,358068,1367393,228,228,True,True,0x04,"NO_IRQ,NO_IRQ,OK,RESYNC_NEEDED","NONE,NONE,DELTA,NONE",
8.378673,2026-09-05T19:04:07.167+01:00,358296,1367394,230,230,True,True,0x04,"NO_IRQ,NO_IRQ,OK,RESYNC_NEEDED","NONE,NONE,DELTA,NONE",
8.382414,2026-09-05T19:04:07.172+01:00,358526,1367395,246,246,True,True,0x04,"NO_IRQ,NO_IRQ,OK,RESYNC_NEEDED","NONE,NONE,DELTA,NONE",
8.386124,2026-09-05T19:04:07.176+01:00,358772,1367396,128,128,True,True,0x04,"NO_IRQ,NO_IRQ,OK,RESYNC_NEEDED","NONE,NONE,DELTA,NONE",
8.391032,2026-09-05T19:04:07.179+01:00,358900,1367397,234,234,True,True,0x04,"NO_IRQ,NO_IRQ,OK,RESYNC_NEEDED","NONE,NONE,DELTA,NONE",
8.395965,2026-09-05T19:04:07.184+01:00,359134,1367398,246,246,True,True,0x04,"NO_IRQ,NO_IRQ,OK,RESYNC_NEEDED","NONE,NONE,DELTA,NONE",
8.416677,2026-09-05T19:04:07.189+01:00,359380,1367399,230,230,True,True,0x04,"NO_IRQ,NO_IRQ,OK,RESYNC_NEEDED","NONE,NONE,DELTA,NONE",
8.418178,2026-09-05T19:04:07.210+01:00,359610,1367400,136,136,True,True,0x04,"NO_IRQ,NO_IRQ,OK,RESYNC_NEEDED","NONE,NONE,DELTA,NONE",
8.419142,2026-09-05T19:04:07.212+01:00,359746,1367401,228,228,True,True,0x04,"NO_IRQ,NO_IRQ,OK,RESYNC_NEEDED","NONE,NONE,DELTA,NONE",
8.420158,2026-09-05T19:04:07.212+01:00,359974,1367402,230,230,True,True,0x04,"NO_IRQ,NO_IRQ,OK,RESYNC_NEEDED","NONE,NONE,DELTA,NONE",
8.421222,2026-09-05T19:04:07.214+01:00,360204,1367403,238,238,True,True,0x04,"NO_IRQ,NO_IRQ,OK,RESYNC_NEEDED","NONE,NONE,DELTA,NONE",
8.425943,2026-09-05T19:04:07.215+01:00,360442,1367404,128,128,True,True,0x04,"NO_IRQ,NO_IRQ,OK,RESYNC_NEEDED","NONE,NONE,DELTA,NONE",
8.431316,2026-09-05T19:04:07.220+01:00,360570,1367405,234,234,True,True,0x04,"NO_IRQ,NO_IRQ,OK,RESYNC_NEEDED","NONE,NONE,DELTA,NONE",
8.442483,2026-09-05T19:04:07.225+01:00,360804,1367406,236,236,True,True,0x04,"NO_IRQ,NO_IRQ,OK,RESYNC_NEEDED","NONE,NONE,DELTA,NONE",
8.443921,2026-09-05T19:04:07.236+01:00,361040,1367407,228,228,True,True,0x04,"NO_IRQ,NO_IRQ,OK,RESYNC_NEEDED","NONE,NONE,DELTA,NONE",
8.446049,2026-09-05T19:04:07.237+01:00,361268,1367408,134,134,True,True,0x04,"NO_IRQ,NO_IRQ,OK,RESYNC_NEEDED","NONE,NONE,DELTA,NONE",
8.451163,2026-09-05T19:04:07.239+01:00,361402,1367409,238,238,True,True,0x04,"NO_IRQ,NO_IRQ,OK,RESYNC_NEEDED","NONE,NONE,DELTA,NONE",
8.456032,2026-09-05T19:04:07.244+01:00,361640,1367410,222,222,True,True,0x04,"NO_IRQ,NO_IRQ,OK,RESYNC_NEEDED","NONE,NONE,DELTA,NONE",
8.464940,2026-09-05T19:04:07.249+01:00,361862,1367411,234,234,True,True,0x04,"NO_IRQ,NO_IRQ,OK,RESYNC_NEEDED","NONE,NONE,DELTA,NONE",
8.468382,2026-09-05T19:04:07.261+01:00,362096,1367412,128,128,True,True,0x04,"NO_IRQ,NO_IRQ,OK,RESYNC_NEEDED","NONE,NONE,DELTA,NONE",
8.471556,2026-09-05T19:04:07.262+01:00,362224,1367413,232,232,True,True,0x04,"NO_IRQ,NO_IRQ,OK,RESYNC_NEEDED","NONE,NONE,DELTA,NONE",
8.476013,2026-09-05T19:04:07.265+01:00,362456,1367414,236,236,True,True,0x04,"NO_IRQ,NO_IRQ,OK,RESYNC_NEEDED","NONE,NONE,DELTA,NONE",
8.481419,2026-09-05T19:04:07.270+01:00,362692,1367415,240,240,True,True,0x04,"NO_IRQ,NO_IRQ,OK,RESYNC_NEEDED","NONE,NONE,DELTA,NONE",
8.490797,2026-09-05T19:04:07.275+01:00,362932,1367416,136,136,True,True,0x04,"NO_IRQ,NO_IRQ,OK,RESYNC_NEEDED","NONE,NONE,DELTA,NONE",
8.491924,2026-09-05T19:04:07.284+01:00,363068,1367417,234,234,True,True,0x04,"NO_IRQ,NO_IRQ,OK,RESYNC_NEEDED","NONE,NONE,DELTA,NONE",
8.496948,2026-09-05T19:04:07.285+01:00,363302,1367418,246,246,True,True,0x04,"NO_IRQ,NO_IRQ,OK,RESYNC_NEEDED","NONE,NONE,DELTA,NONE",
8.502077,2026-09-05T19:04:07.290+01:00,363548,1367419,246,246,True,True,0x04,"NO_IRQ,NO_IRQ,OK,RESYNC_NEEDED","NONE,NONE,DELTA,NONE",
8.505918,2026-09-05T19:04:07.295+01:00,363794,1367420,128,128,True,True,0x04,"NO_IRQ,NO_IRQ,OK,RESYNC_NEEDED","NONE,NONE,DELTA,NONE",
8.516326,2026-09-05T19:04:07.299+01:00,363922,1367421,232,232,True,True,0x04,"NO_IRQ,NO_IRQ,OK,RESYNC_NEEDED","NONE,NONE,DELTA,NONE",
8.517334,2026-09-05T19:04:07.310+01:00,364154,1367422,234,234,True,True,0x04,"NO_IRQ,NO_IRQ,OK,RESYNC_NEEDED","NONE,NONE,DELTA,NONE",
8.521819,2026-09-05T19:04:07.311+01:00,364388,1367423,236,236,True,True,0x04,"NO_IRQ,NO_IRQ,OK,RESYNC_NEEDED","NONE,NONE,DELTA,NONE",
8.526558,2026-09-05T19:04:07.315+01:00,364624,1367424,132,132,True,True,0x04,"NO_IRQ,NO_IRQ,OK,RESYNC_NEEDED","NONE,NONE,DELTA,NONE",
8.531134,2026-09-05T19:04:07.320+01:00,364756,1367425,228,228,True,True,0x04,"NO_IRQ,NO_IRQ,OK,RESYNC_NEEDED","NONE,NONE,DELTA,NONE",
8.542873,2026-09-05T19:04:07.324+01:00,364984,1367426,236,236,True,True,0x04,"NO_IRQ,NO_IRQ,OK,RESYNC_NEEDED","NONE,NONE,DELTA,NONE",
8.543971,2026-09-05T19:04:07.336+01:00,365220,1367427,226,226,True,True,0x04,"NO_IRQ,NO_IRQ,OK,RESYNC_NEEDED","NONE,NONE,DELTA,NONE",
8.545797,2026-09-05T19:04:07.337+01:00,365446,1367428,136,136,True,True,0x04,"NO_IRQ,NO_IRQ,OK,RESYNC_NEEDED","NONE,NONE,DELTA,NONE",
8.551256,2026-09-05T19:04:07.339+01:00,365582,1367429,224,224,True,True,0x04,"NO_IRQ,NO_IRQ,OK,RESYNC_NEEDED","NONE,NONE,DELTA,NONE",
8.555991,2026-09-05T19:04:07.345+01:00,365806,1367430,246,246,True,True,0x04,"NO_IRQ,NO_IRQ,OK,RESYNC_NEEDED","NONE,NONE,DELTA,NONE",
8.566268,2026-09-05T19:04:07.350+01:00,366052,1367431,250,250,True,True,0x04,"NO_IRQ,NO_IRQ,OK,RESYNC_NEEDED","NONE,NONE,DELTA,NONE",
8.567227,2026-09-05T19:04:07.360+01:00,366302,1367432,128,128,True,True,0x04,"NO_IRQ,NO_IRQ,OK,RESYNC_NEEDED","NONE,NONE,DELTA,NONE",
8.571273,2026-09-05T19:04:07.361+01:00,366430,1367433,224,224,True,True,0x04,"NO_IRQ,NO_IRQ,OK,RESYNC_NEEDED","NONE,NONE,DELTA,NONE",
8.576182,2026-09-05T19:04:07.365+01:00,366654,1367434,230,230,True,True,0x04,"NO_IRQ,NO_IRQ,OK,RESYNC_NEEDED","NONE,NONE,DELTA,NONE",
8.584365,2026-09-05T19:04:07.370+01:00,366884,1367435,1084,1084,True,True,0x04,"NO_IRQ,NO_IRQ,OK,RESYNC_NEEDED","NONE,NONE,DELTA_SYNC,NONE",
8.586307,2026-09-05T19:04:07.378+01:00,367968,1367436,130,130,True,True,0x04,"NO_IRQ,NO_IRQ,OK,RESYNC_NEEDED","NONE,NONE,DELTA,NONE",
8.590812,2026-09-05T19:04:07.380+01:00,368098,1367437,244,244,True,True,0x04,"NO_IRQ,NO_IRQ,OK,RESYNC_NEEDED","NONE,NONE,DELTA,NONE",
8.596170,2026-09-05T19:04:07.385+01:00,368342,1367438,250,250,True,True,0x04,"NO_IRQ,NO_IRQ,OK,RESYNC_NEEDED","NONE,NONE,DELTA,NONE",
8.601901,2026-09-05T19:04:07.389+01:00,368592,1367439,240,240,True,True,0x04,"NO_IRQ,NO_IRQ,OK,RESYNC_NEEDED","NONE,NONE,DELTA,NONE",
8.606806,2026-09-05T19:04:07.396+01:00,368832,1367440,136,136,True,True,0x04,"NO_IRQ,NO_IRQ,OK,RESYNC_NEEDED","NONE,NONE,DELTA,NONE",
8.612609,2026-09-05T19:04:07.400+01:00,368968,1367441,230,230,True,True,0x04,"NO_IRQ,NO_IRQ,OK,RESYNC_NEEDED","NONE,NONE,DELTA,NONE",
8.615716,2026-09-05T19:04:07.406+01:00,369198,1367442,242,242,True,True,0x04,"NO_IRQ,NO_IRQ,OK,RESYNC_NEEDED","NONE,NONE,DELTA,NONE",
8.621461,2026-09-05T19:04:07.409+01:00,369440,1367443,242,242,True,True,0x04,"NO_IRQ,NO_IRQ,OK,RESYNC_NEEDED","NONE,NONE,DELTA,NONE",
8.625513,2026-09-05T19:04:07.415+01:00,369682,1367444,130,130,True,True,0x04,"NO_IRQ,NO_IRQ,OK,RESYNC_NEEDED","NONE,NONE,DELTA,NONE",
8.641074,2026-09-05T19:04:07.419+01:00,369812,1367445,224,224,True,True,0x04,"NO_IRQ,NO_IRQ,OK,RESYNC_NEEDED","NONE,NONE,DELTA,NONE",
8.641971,2026-09-05T19:04:07.435+01:00,370036,1367446,246,246,True,True,0x04,"NO_IRQ,NO_IRQ,OK,RESYNC_NEEDED","NONE,NONE,DELTA,NONE",
8.642704,2026-09-05T19:04:07.435+01:00,370282,1367447,252,252,True,True,0x04,"NO_IRQ,NO_IRQ,OK,RESYNC_NEEDED","NONE,NONE,DELTA,NONE",
8.666108,2026-09-05T19:04:07.436+01:00,370534,1367448,134,134,True,True,0x04,"NO_IRQ,NO_IRQ,OK,RESYNC_NEEDED","NONE,NONE,DELTA,NONE",
8.666852,2026-09-05T19:04:07.460+01:00,370668,1367449,218,218,True,True,0x04,"NO_IRQ,NO_IRQ,OK,RESYNC_NEEDED","NONE,NONE,DELTA,NONE",
8.667436,2026-09-05T19:04:07.460+01:00,370886,1367450,232,232,True,True,0x04,"NO_IRQ,NO_IRQ,OK,RESYNC_NEEDED","NONE,NONE,DELTA,NONE",
8.668556,2026-09-05T19:04:07.461+01:00,371118,1367451,250,250,True,True,0x04,"NO_IRQ,NO_IRQ,OK,RESYNC_NEEDED","NONE,NONE,DELTA,NONE",
8.669419,2026-09-05T19:04:07.462+01:00,371368,1367452,132,132,True,True,0x04,"NO_IRQ,NO_IRQ,OK,RESYNC_NEEDED","NONE,NONE,DELTA,NONE",
8.672237,2026-09-05T19:04:07.464+01:00,371500,1367453,230,230,True,True,0x04,"NO_IRQ,NO_IRQ,OK,RESYNC_NEEDED","NONE,NONE,DELTA,NONE",
8.675803,2026-09-05T19:04:07.466+01:00,371730,1367454,236,236,True,True,0x04,"NO_IRQ,NO_IRQ,OK,RESYNC_NEEDED","NONE,NONE,DELTA,NONE",
8.681052,2026-09-05T19:04:07.469+01:00,371966,1367455,248,248,True,True,0x04,"NO_IRQ,NO_IRQ,OK,RESYNC_NEEDED","NONE,NONE,DELTA,NONE",
8.692806,2026-09-05T19:04:07.475+01:00,372214,1367456,124,124,True,True,0x04,"NO_IRQ,NO_IRQ,OK,RESYNC_NEEDED","NONE,NONE,DELTA,NONE",
8.693751,2026-09-05T19:04:07.486+01:00,372338,1367457,224,224,True,True,0x04,"NO_IRQ,NO_IRQ,OK,RESYNC_NEEDED","NONE,NONE,DELTA,NONE",
8.695754,2026-09-05T19:04:07.487+01:00,372562,1367458,240,240,True,True,0x04,"NO_IRQ,NO_IRQ,OK,RESYNC_NEEDED","NONE,NONE,DELTA,NONE",
8.700870,2026-09-05T19:04:07.489+01:00,372802,1367459,246,246,True,True,0x04,"NO_IRQ,NO_IRQ,OK,RESYNC_NEEDED","NONE,NONE,DELTA,NONE",
8.705958,2026-09-05T19:04:07.494+01:00,373048,1367460,134,134,True,True,0x04,"NO_IRQ,NO_IRQ,OK,RESYNC_NEEDED","NONE,NONE,DELTA,NONE",
8.715627,2026-09-05T19:04:07.499+01:00,373182,1367461,224,224,True,True,0x04,"NO_IRQ,NO_IRQ,OK,RESYNC_NEEDED","NONE,NONE,DELTA,NONE",
8.716680,2026-09-05T19:04:07.509+01:00,373406,1367462,246,246,True,True,0x04,"NO_IRQ,NO_IRQ,OK,RESYNC_NEEDED","NONE,NONE,DELTA,NONE",
8.720795,2026-09-05T19:04:07.510+01:00,373652,1367463,266,266,True,True,0x04,"NO_IRQ,NO_IRQ,OK,RESYNC_NEEDED","NONE,NONE,DELTA,NONE",
8.725608,2026-09-05T19:04:07.514+01:00,373918,1367464,136,136,True,True,0x04,"NO_IRQ,NO_IRQ,OK,RESYNC_NEEDED","NONE,NONE,DELTA,NONE",
8.737909,2026-09-05T19:04:07.519+01:00,374054,1367465,218,218,True,True,0x04,"NO_IRQ,NO_IRQ,OK,RESYNC_NEEDED","NONE,NONE,DELTA,NONE",
8.738843,2026-09-05T19:04:07.531+01:00,374272,1367466,242,242,True,True,0x04,"NO_IRQ,NO_IRQ,OK,RESYNC_NEEDED","NONE,NONE,DELTA,NONE",
8.740866,2026-09-05T19:04:07.533+01:00,374514,1367467,250,250,True,True,0x04,"NO_IRQ,NO_IRQ,OK,RESYNC_NEEDED","NONE,NONE,DELTA,NONE",
8.745610,2026-09-05T19:04:07.534+01:00,374764,1367468,124,124,True,True,0x04,"NO_IRQ,NO_IRQ,OK,RESYNC_NEEDED","NONE,NONE,DELTA,NONE",
8.750830,2026-09-05T19:04:07.539+01:00,374888,1367469,212,212,True,True,0x04,"NO_IRQ,NO_IRQ,OK,RESYNC_NEEDED","NONE,NONE,DELTA,NONE",
8.761336,2026-09-05T19:04:07.544+01:00,375100,1367470,236,236,True,True,0x04,"NO_IRQ,NO_IRQ,OK,RESYNC_NEEDED","NONE,NONE,DELTA,NONE",
8.762082,2026-09-05T19:04:07.555+01:00,375336,1367471,248,248,True,True,0x04,"NO_IRQ,NO_IRQ,OK,RESYNC_NEEDED","NONE,NONE,DELTA,NONE",
8.766068,2026-09-05T19:04:07.555+01:00,375584,1367472,130,130,True,True,0x04,"NO_IRQ,NO_IRQ,OK,RESYNC_NEEDED","NONE,NONE,DELTA,NONE",
8.771406,2026-09-05T19:04:07.559+01:00,375714,1367473,226,226,True,True,0x04,"NO_IRQ,NO_IRQ,OK,RESYNC_NEEDED","NONE,NONE,DELTA,NONE",
8.778333,2026-09-05T19:04:07.565+01:00,375940,1367474,236,236,True,True,0x04,"NO_IRQ,NO_IRQ,OK,RESYNC_NEEDED","NONE,NONE,DELTA,NONE",
8.784594,2026-09-05T19:04:07.573+01:00,376176,1367475,248,248,True,True,0x04,"NO_IRQ,NO_IRQ,OK,RESYNC_NEEDED","NONE,NONE,DELTA,NONE",
8.785571,2026-09-05T19:04:07.578+01:00,376424,1367476,136,136,True,True,0x04,"NO_IRQ,NO_IRQ,OK,RESYNC_NEEDED","NONE,NONE,DELTA,NONE",
8.790565,2026-09-05T19:04:07.579+01:00,376560,1367477,220,220,True,True,0x04,"NO_IRQ,NO_IRQ,OK,RESYNC_NEEDED","NONE,NONE,DELTA,NONE",
8.795657,2026-09-05T19:04:07.584+01:00,376780,1367478,238,238,True,True,0x04,"NO_IRQ,NO_IRQ,OK,RESYNC_NEEDED","NONE,NONE,DELTA,NONE",
8.805961,2026-09-05T19:04:07.589+01:00,377018,1367479,254,254,True,True,0x04,"NO_IRQ,NO_IRQ,OK,RESYNC_NEEDED","NONE,NONE,DELTA,NONE",
8.806640,2026-09-05T19:04:07.600+01:00,377272,1367480,126,126,True,True,0x04,"NO_IRQ,NO_IRQ,OK,RESYNC_NEEDED","NONE,NONE,DELTA,NONE",
8.811065,2026-09-05T19:04:07.600+01:00,377398,1367481,210,210,True,True,0x04,"NO_IRQ,NO_IRQ,OK,RESYNC_NEEDED","NONE,NONE,DELTA,NONE",
8.815548,2026-09-05T19:04:07.604+01:00,377608,1367482,246,246,True,True,0x04,"NO_IRQ,NO_IRQ,OK,RESYNC_NEEDED","NONE,NONE,DELTA,NONE",
8.820656,2026-09-05T19:04:07.609+01:00,377854,1367483,246,246,True,True,0x04,"NO_IRQ,NO_IRQ,OK,RESYNC_NEEDED","NONE,NONE,DELTA,NONE",
8.829412,2026-09-05T19:04:07.614+01:00,378100,1367484,130,130,True,True,0x04,"NO_IRQ,NO_IRQ,OK,RESYNC_NEEDED","NONE,NONE,DELTA,NONE",
8.830727,2026-09-05T19:04:07.623+01:00,378230,1367485,216,216,True,True,0x04,"NO_IRQ,NO_IRQ,OK,RESYNC_NEEDED","NONE,NONE,DELTA,NONE",
8.836242,2026-09-05T19:04:07.624+01:00,378446,1367486,250,250,True,True,0x04,"NO_IRQ,NO_IRQ,OK,RESYNC_NEEDED","NONE,NONE,DELTA,NONE",
8.840667,2026-09-05T19:04:07.630+01:00,378696,1367487,246,246,True,True,0x04,"NO_IRQ,NO_IRQ,OK,RESYNC_NEEDED","NONE,NONE,DELTA,NONE",
8.847072,2026-09-05T19:04:07.634+01:00,378942,1367488,128,128,True,True,0x04,"NO_IRQ,NO_IRQ,OK,RESYNC_NEEDED","NONE,NONE,DELTA,NONE",
8.851899,2026-09-05T19:04:07.640+01:00,379070,1367489,212,212,True,True,0x04,"NO_IRQ,NO_IRQ,OK,RESYNC_NEEDED","NONE,NONE,DELTA,NONE",
8.855569,2026-09-05T19:04:07.645+01:00,379282,1367490,246,246,True,True,0x04,"NO_IRQ,NO_IRQ,OK,RESYNC_NEEDED","NONE,NONE,DELTA,NONE",
8.860635,2026-09-05T19:04:07.649+01:00,379528,1367491,268,268,True,True,0x04,"NO_IRQ,NO_IRQ,OK,RESYNC_NEEDED","NONE,NONE,DELTA,NONE",
8.875693,2026-09-05T19:04:07.654+01:00,379796,1367492,128,128,True,True,0x04,"NO_IRQ,NO_IRQ,OK,RESYNC_NEEDED","NONE,NONE,DELTA,NONE",
8.885223,2026-09-05T19:04:07.670+01:00,379924,1367493,214,214,True,True,0x04,"NO_IRQ,NO_IRQ,OK,RESYNC_NEEDED","NONE,NONE,DELTA,NONE",
8.885864,2026-09-05T19:04:07.679+01:00,380138,1367494,240,240,True,True,0x04,"NO_IRQ,NO_IRQ,OK,RESYNC_NEEDED","NONE,NONE,DELTA,NONE",
8.887950,2026-09-05T19:04:07.679+01:00,380378,1367495,248,248,True,True,0x04,"NO_IRQ,NO_IRQ,OK,RESYNC_NEEDED","NONE,NONE,DELTA,NONE",
8.888917,2026-09-05T19:04:07.681+01:00,380626,1367496,134,134,True,True,0x04,"NO_IRQ,NO_IRQ,OK,RESYNC_NEEDED","NONE,NONE,DELTA,NONE",
8.890685,2026-09-05T19:04:07.682+01:00,380760,1367497,222,222,True,True,0x04,"NO_IRQ,NO_IRQ,OK,RESYNC_NEEDED","NONE,NONE,DELTA,NONE",
8.895565,2026-09-05T19:04:07.684+01:00,380982,1367498,232,232,True,True,0x04,"NO_IRQ,NO_IRQ,OK,RESYNC_NEEDED","NONE,NONE,DELTA,NONE",
8.908219,2026-09-05T19:04:07.689+01:00,381214,1367499,260,260,True,True,0x04,"NO_IRQ,NO_IRQ,OK,RESYNC_NEEDED","NONE,NONE,DELTA,NONE",
8.909011,2026-09-05T19:04:07.702+01:00,381474,1367500,132,132,True,True,0x04,"NO_IRQ,NO_IRQ,OK,RESYNC_NEEDED","NONE,NONE,DELTA,NONE",
8.911085,2026-09-05T19:04:07.703+01:00,381606,1367501,206,206,True,True,0x04,"NO_IRQ,NO_IRQ,OK,RESYNC_NEEDED","NONE,NONE,DELTA,NONE",
8.915543,2026-09-05T19:04:07.705+01:00,381812,1367502,232,232,True,True,0x04,"NO_IRQ,NO_IRQ,OK,RESYNC_NEEDED","NONE,NONE,DELTA,NONE",
8.927965,2026-09-05T19:04:07.709+01:00,382044,1367503,258,258,True,True,0x04,"NO_IRQ,NO_IRQ,OK,RESYNC_NEEDED","NONE,NONE,DELTA,NONE",
8.928658,2026-09-05T19:04:07.721+01:00,382302,1367504,126,126,True,True,0x04,"NO_IRQ,NO_IRQ,OK,RESYNC_NEEDED","NONE,NONE,DELTA,NONE",
8.930430,2026-09-05T19:04:07.722+01:00,382428,1367505,206,206,True,True,0x04,"NO_IRQ,NO_IRQ,OK,RESYNC_NEEDED","NONE,NONE,DELTA,NONE",
8.936449,2026-09-05T19:04:07.724+01:00,382634,1367506,236,236,True,True,0x04,"NO_IRQ,NO_IRQ,OK,RESYNC_NEEDED","NONE,NONE,DELTA,NONE",
8.940970,2026-09-05T19:04:07.730+01:00,382870,1367507,266,266,True,True,0x04,"NO_IRQ,NO_IRQ,OK,RESYNC_NEEDED","NONE,NONE,DELTA,NONE",
8.950683,2026-09-05T19:04:07.735+01:00,383136,1367508,128,128,True,True,0x04,"NO_IRQ,NO_IRQ,OK,RESYNC_NEEDED","NONE,NONE,DELTA,NONE",
8.951318,2026-09-05T19:04:07.744+01:00,383264,1367509,206,206,True,True,0x04,"NO_IRQ,NO_IRQ,OK,RESYNC_NEEDED","NONE,NONE,DELTA,NONE",
8.956050,2026-09-05T19:04:07.745+01:00,383470,1367510,230,230,True,True,0x04,"NO_IRQ,NO_IRQ,OK,RESYNC_NEEDED","NONE,NONE,DELTA,NONE",
8.960814,2026-09-05T19:04:07.750+01:00,383700,1367511,256,256,True,True,0x04,"NO_IRQ,NO_IRQ,OK,RESYNC_NEEDED","NONE,NONE,DELTA,NONE",
8.965505,2026-09-05T19:04:07.754+01:00,383956,1367512,130,130,True,True,0x04,"NO_IRQ,NO_IRQ,OK,RESYNC_NEEDED","NONE,NONE,DELTA,NONE",
8.976443,2026-09-05T19:04:07.759+01:00,384086,1367513,218,218,True,True,0x04,"NO_IRQ,NO_IRQ,OK,RESYNC_NEEDED","NONE,NONE,DELTA,NONE",
8.977289,2026-09-05T19:04:07.770+01:00,384304,1367514,240,240,True,True,0x04,"NO_IRQ,NO_IRQ,OK,RESYNC_NEEDED","NONE,NONE,DELTA,NONE",
8.980665,2026-09-05T19:04:07.771+01:00,384544,1367515,256,256,True,True,0x04,"NO_IRQ,NO_IRQ,OK,RESYNC_NEEDED","NONE,NONE,DELTA,NONE",
8.985375,2026-09-05T19:04:07.774+01:00,384800,1367516,132,132,True,True,0x04,"NO_IRQ,NO_IRQ,OK,RESYNC_NEEDED","NONE,NONE,DELTA,NONE",
8.994068,2026-09-05T19:04:07.779+01:00,384932,1367517,216,216,True,True,0x04,"NO_IRQ,NO_IRQ,OK,RESYNC_NEEDED","NONE,NONE,DELTA,NONE",
8.997187,2026-09-05T19:04:07.790+01:00,385148,1367518,236,236,True,True,0x04,"NO_IRQ,NO_IRQ,OK,RESYNC_NEEDED","NONE,NONE,DELTA,NONE",
9.000727,2026-09-05T19:04:07.791+01:00,385384,1367519,264,264,True,True,0x04,"NO_IRQ,NO_IRQ,OK,RESYNC_NEEDED","NONE,NONE,DELTA,NONE",
9.005601,2026-09-05T19:04:07.794+01:00,385648,1367520,132,132,True,True,0x04,"NO_IRQ,NO_IRQ,OK,RESYNC_NEEDED","NONE,NONE,DELTA,NONE",
9.010683,2026-09-05T19:04:07.801+01:00,385780,1367521,196,196,True,True,0x04,"NO_IRQ,NO_IRQ,OK,RESYNC_NEEDED","NONE,NONE,DELTA,NONE",
9.019286,2026-09-05T19:04:07.804+01:00,385976,1367522,248,248,True,True,0x04,"NO_IRQ,NO_IRQ,OK,RESYNC_NEEDED","NONE,NONE,DELTA,NONE",
9.030467,2026-09-05T19:04:07.813+01:00,386224,1367523,258,258,True,True,0x04,"NO_IRQ,NO_IRQ,OK,RESYNC_NEEDED","NONE,NONE,DELTA,NONE",
9.031398,2026-09-05T19:04:07.824+01:00,386482,1367524,132,132,True,True,0x04,"NO_IRQ,NO_IRQ,OK,RESYNC_NEEDED","NONE,NONE,DELTA,NONE",
9.032600,2026-09-05T19:04:07.825+01:00,386614,1367525,198,198,True,True,0x04,"NO_IRQ,NO_IRQ,OK,RESYNC_NEEDED","NONE,NONE,DELTA,NONE",
9.036636,2026-09-05T19:04:07.826+01:00,386812,1367526,238,238,True,True,0x04,"NO_IRQ,NO_IRQ,OK,RESYNC_NEEDED","NONE,NONE,DELTA,NONE",
9.040840,2026-09-05T19:04:07.831+01:00,387050,1367527,248,248,True,True,0x04,"NO_IRQ,NO_IRQ,OK,RESYNC_NEEDED","NONE,NONE,DELTA,NONE",
9.046012,2026-09-05T19:04:07.834+01:00,387298,1367528,132,132,True,True,0x04,"NO_IRQ,NO_IRQ,OK,RESYNC_NEEDED","NONE,NONE,DELTA,NONE",
9.058051,2026-09-05T19:04:07.839+01:00,387430,1367529,192,192,True,True,0x04,"NO_IRQ,NO_IRQ,OK,RESYNC_NEEDED","NONE,NONE,DELTA,NONE",
9.062008,2026-09-05T19:04:07.855+01:00,387622,1367530,238,238,True,True,0x04,"NO_IRQ,NO_IRQ,OK,RESYNC_NEEDED","NONE,NONE,DELTA,NONE",
9.062758,2026-09-05T19:04:07.855+01:00,387860,1367531,242,242,True,True,0x04,"NO_IRQ,NO_IRQ,OK,RESYNC_NEEDED","NONE,NONE,DELTA,NONE",
9.065081,2026-09-05T19:04:07.856+01:00,388102,1367532,134,134,True,True,0x04,"NO_IRQ,NO_IRQ,OK,RESYNC_NEEDED","NONE,NONE,DELTA,NONE",
9.071387,2026-09-05T19:04:07.858+01:00,388236,1367533,204,204,True,True,0x04,"NO_IRQ,NO_IRQ,OK,RESYNC_NEEDED","NONE,NONE,DELTA,NONE",
9.075374,2026-09-05T19:04:07.865+01:00,388440,1367534,240,240,True,True,0x04,"NO_IRQ,NO_IRQ,OK,RESYNC_NEEDED","NONE,NONE,DELTA,NONE",
9.082092,2026-09-05T19:04:07.869+01:00,388680,1367535,260,260,True,True,0x04,"NO_IRQ,NO_IRQ,OK,RESYNC_NEEDED","NONE,NONE,DELTA,NONE",
9.086169,2026-09-05T19:04:07.875+01:00,388940,1367536,134,134,True,True,0x04,"NO_IRQ,NO_IRQ,OK,RESYNC_NEEDED","NONE,NONE,DELTA,NONE",
9.091918,2026-09-05T19:04:07.880+01:00,389074,1367537,194,194,True,True,0x04,"NO_IRQ,NO_IRQ,OK,RESYNC_NEEDED","NONE,NONE,DELTA,NONE",
9.095281,2026-09-05T19:04:07.885+01:00,389268,1367538,248,248,True,True,0x04,"NO_IRQ,NO_IRQ,OK,RESYNC_NEEDED","NONE,NONE,DELTA,NONE",
9.100861,2026-09-05T19:04:07.889+01:00,389516,1367539,256,256,True,True,0x04,"NO_IRQ,NO_IRQ,OK,RESYNC_NEEDED","NONE,NONE,DELTA,NONE",
9.105045,2026-09-05T19:04:07.894+01:00,389772,1367540,138,138,True,True,0x04,"NO_IRQ,NO_IRQ,OK,RESYNC_NEEDED","NONE,NONE,DELTA,NONE",
9.124719,2026-09-05T19:04:07.898+01:00,389910,1367541,198,198,True,True,0x04,"NO_IRQ,NO_IRQ,OK,RESYNC_NEEDED","NONE,NONE,DELTA,NONE",
9.125065,2026-09-05T19:04:07.918+01:00,390108,1367542,234,234,True,True,0x04,"NO_IRQ,NO_IRQ,OK,RESYNC_NEEDED","NONE,NONE,DELTA,NONE",
9.125291,2026-09-05T19:04:07.918+01:00,390342,1367543,248,248,True,True,0x04,"NO_IRQ,NO_IRQ,OK,RESYNC_NEEDED","NONE,NONE,DELTA,NONE",
9.125504,2026-09-05T19:04:07.919+01:00,390590,1367544,134,134,True,True,0x04,"NO_IRQ,NO_IRQ,OK,RESYNC_NEEDED","NONE,NONE,DELTA,NONE",
9.137264,2026-09-05T19:04:07.919+01:00,390724,1367545,186,186,True,True,0x04,"NO_IRQ,NO_IRQ,OK,RESYNC_NEEDED","NONE,NONE,DELTA,NONE",
9.139175,2026-09-05T19:04:07.931+01:00,390910,1367546,248,248,True,True,0x04,"NO_IRQ,NO_IRQ,OK,RESYNC_NEEDED","NONE,NONE,DELTA,NONE",
9.147762,2026-09-05T19:04:07.933+01:00,391158,1367547,254,254,True,True,0x04,"NO_IRQ,NO_IRQ,OK,RESYNC_NEEDED","NONE,NONE,DELTA,NONE",
9.148196,2026-09-05T19:04:07.941+01:00,391412,1367548,136,136,True,True,0x04,"NO_IRQ,NO_IRQ,OK,RESYNC_NEEDED","NONE,NONE,DELTA,NONE",
9.150721,2026-09-05T19:04:07.942+01:00,391548,1367549,186,186,True,True,0x04,"NO_IRQ,NO_IRQ,OK,RESYNC_NEEDED","NONE,NONE,DELTA,NONE",
9.156156,2026-09-05T19:04:07.944+01:00,391734,1367550,238,238,True,True,0x04,"NO_IRQ,NO_IRQ,OK,RESYNC_NEEDED","NONE,NONE,DELTA,NONE",
9.160510,2026-09-05T19:04:07.950+01:00,391972,1367551,246,246,True,True,0x04,"NO_IRQ,NO_IRQ,OK,RESYNC_NEEDED","NONE,NONE,DELTA,NONE",
9.174210,2026-09-05T19:04:07.954+01:00,392218,1367552,136,136,True,True,0x04,"NO_IRQ,NO_IRQ,OK,RESYNC_NEEDED","NONE,NONE,DELTA,NONE",
9.175550,2026-09-05T19:04:07.968+01:00,392354,1367553,182,182,True,True,0x04,"NO_IRQ,NO_IRQ,OK,RESYNC_NEEDED","NONE,NONE,DELTA,NONE",
9.176646,2026-09-05T19:04:07.969+01:00,392536,1367554,242,242,True,True,0x04,"NO_IRQ,NO_IRQ,OK,RESYNC_NEEDED","NONE,NONE,DELTA,NONE",
9.180806,2026-09-05T19:04:07.970+01:00,392778,1367555,250,250,True,True,0x04,"NO_IRQ,NO_IRQ,OK,RESYNC_NEEDED","NONE,NONE,DELTA,NONE",
9.185037,2026-09-05T19:04:07.974+01:00,393028,1367556,138,138,True,True,0x04,"NO_IRQ,NO_IRQ,OK,RESYNC_NEEDED","NONE,NONE,DELTA,NONE",
9.199386,2026-09-05T19:04:07.979+01:00,393166,1367557,188,188,True,True,0x04,"NO_IRQ,NO_IRQ,OK,RESYNC_NEEDED","NONE,NONE,DELTA,NONE",
9.200068,2026-09-05T19:04:07.993+01:00,393354,1367558,252,252,True,True,0x04,"NO_IRQ,NO_IRQ,OK,RESYNC_NEEDED","NONE,NONE,DELTA,NONE",
9.200944,2026-09-05T19:04:07.993+01:00,393606,1367559,250,250,True,True,0x04,"NO_IRQ,NO_IRQ,OK,RESYNC_NEEDED","NONE,NONE,DELTA,NONE",
9.205733,2026-09-05T19:04:07.995+01:00,393856,1367560,142,142,True,True,0x04,"NO_IRQ,NO_IRQ,OK,RESYNC_NEEDED","NONE,NONE,DELTA,NONE",
9.210800,2026-09-05T19:04:07.999+01:00,393998,1367561,190,190,True,True,0x04,"NO_IRQ,NO_IRQ,OK,RESYNC_NEEDED","NONE,NONE,DELTA,NONE",
9.215921,2026-09-05T19:04:08.004+01:00,394188,1367562,258,258,True,True,0x04,"NO_IRQ,NO_IRQ,OK,RESYNC_NEEDED","NONE,NONE,DELTA,NONE",
9.220460,2026-09-05T19:04:08.009+01:00,394446,1367563,264,264,True,True,0x04,"NO_IRQ,NO_IRQ,OK,RESYNC_NEEDED","NONE,NONE,DELTA,NONE",
9.228543,2026-09-05T19:04:08.014+01:00,394710,1367564,146,146,True,True,0x04,"NO_IRQ,NO_IRQ,OK,RESYNC_NEEDED","NONE,NONE,DELTA,NONE",
9.230160,2026-09-05T19:04:08.022+01:00,394856,1367565,186,186,True,True,0x04,"NO_IRQ,NO_IRQ,OK,RESYNC_NEEDED","NONE,NONE,DELTA,NONE",
9.235614,2026-09-05T19:04:08.023+01:00,395042,1367566,238,238,True,True,0x04,"NO_IRQ,NO_IRQ,OK,RESYNC_NEEDED","NONE,NONE,DELTA,NONE",
9.240883,2026-09-05T19:04:08.029+01:00,395280,1367567,250,250,True,True,0x04,"NO_IRQ,NO_IRQ,OK,RESYNC_NEEDED","NONE,NONE,DELTA,NONE",
9.251451,2026-09-05T19:04:08.034+01:00,395530,1367568,150,150,True,True,0x04,"NO_IRQ,NO_IRQ,OK,RESYNC_NEEDED","NONE,NONE,DELTA,NONE",
9.252626,2026-09-05T19:04:08.045+01:00,395680,1367569,198,198,True,True,0x04,"NO_IRQ,NO_IRQ,OK,RESYNC_NEEDED","NONE,NONE,DELTA,NONE",
9.256565,2026-09-05T19:04:08.046+01:00,395878,1367570,242,242,True,True,0x04,"NO_IRQ,NO_IRQ,OK,RESYNC_NEEDED","NONE,NONE,DELTA,NONE",
9.261575,2026-09-05T19:04:08.050+01:00,396120,1367571,250,250,True,True,0x04,"NO_IRQ,NO_IRQ,OK,RESYNC_NEEDED","NONE,NONE,DELTA,NONE",
9.266304,2026-09-05T19:04:08.055+01:00,396370,1367572,156,156,True,True,0x04,"NO_IRQ,NO_IRQ,OK,RESYNC_NEEDED","NONE,NONE,DELTA,NONE",
9.271014,2026-09-05T19:04:08.060+01:00,396526,1367573,180,180,True,True,0x04,"NO_IRQ,NO_IRQ,OK,RESYNC_NEEDED","NONE,NONE,DELTA,NONE",
9.283502,2026-09-05T19:04:08.064+01:00,396706,1367574,240,240,True,True,0x04,"NO_IRQ,NO_IRQ,OK,RESYNC_NEEDED","NONE,NONE,DELTA,NONE",
9.284335,2026-09-05T19:04:08.077+01:00,396946,1367575,250,250,True,True,0x04,"NO_IRQ,NO_IRQ,OK,RESYNC_NEEDED","NONE,NONE,DELTA,NONE",
9.285340,2026-09-05T19:04:08.078+01:00,397196,1367576,146,146,True,True,0x04,"NO_IRQ,NO_IRQ,OK,RESYNC_NEEDED","NONE,NONE,DELTA,NONE",
9.291052,2026-09-05T19:04:08.079+01:00,397342,1367577,186,186,True,True,0x04,"NO_IRQ,NO_IRQ,OK,RESYNC_NEEDED","NONE,NONE,DELTA,NONE",
9.295243,2026-09-05T19:04:08.085+01:00,397528,1367578,240,240,True,True,0x04,"NO_IRQ,NO_IRQ,OK,RESYNC_NEEDED","NONE,NONE,DELTA,NONE",
9.300577,2026-09-05T19:04:08.089+01:00,397768,1367579,256,256,True,True,0x04,"NO_IRQ,NO_IRQ,OK,RESYNC_NEEDED","NONE,NONE,DELTA,NONE",
9.305156,2026-09-05T19:04:08.094+01:00,398024,1367580,148,148,True,True,0x04,"NO_IRQ,NO_IRQ,OK,RESYNC_NEEDED","NONE,NONE,DELTA,NONE",
9.315266,2026-09-05T19:04:08.099+01:00,398172,1367581,178,178,True,True,0x04,"NO_IRQ,NO_IRQ,OK,RESYNC_NEEDED","NONE,NONE,DELTA,NONE",
9.316162,2026-09-05T19:04:08.109+01:00,398350,1367582,238,238,True,True,0x04,"NO_IRQ,NO_IRQ,OK,RESYNC_NEEDED","NONE,NONE,DELTA,NONE",
9.321157,2026-09-05T19:04:08.109+01:00,398588,1367583,262,262,True,True,0x04,"NO_IRQ,NO_IRQ,OK,RESYNC_NEEDED","NONE,NONE,DELTA,NONE",
9.325729,2026-09-05T19:04:08.115+01:00,398850,1367584,150,150,True,True,0x04,"NO_IRQ,NO_IRQ,OK,RESYNC_NEEDED","NONE,NONE,DELTA,NONE",
9.337664,2026-09-05T19:04:08.119+01:00,399000,1367585,182,182,True,True,0x04,"NO_IRQ,NO_IRQ,OK,RESYNC_NEEDED","NONE,NONE,DELTA,NONE",
9.338644,2026-09-05T19:04:08.131+01:00,399182,1367586,240,240,True,True,0x04,"NO_IRQ,NO_IRQ,OK,RESYNC_NEEDED","NONE,NONE,DELTA,NONE",
9.340318,2026-09-05T19:04:08.132+01:00,399422,1367587,260,260,True,True,0x04,"NO_IRQ,NO_IRQ,OK,RESYNC_NEEDED","NONE,NONE,DELTA,NONE",
9.345327,2026-09-05T19:04:08.134+01:00,399682,1367588,148,148,True,True,0x04,"NO_IRQ,NO_IRQ,OK,RESYNC_NEEDED","NONE,NONE,DELTA,NONE",
9.350171,2026-09-05T19:04:08.139+01:00,399830,1367589,172,172,True,True,0x04,"NO_IRQ,NO_IRQ,OK,RESYNC_NEEDED","NONE,NONE,DELTA,NONE",
9.356732,2026-09-05T19:04:08.144+01:00,400002,1367590,242,242,True,True,0x04,"NO_IRQ,NO_IRQ,OK,RESYNC_NEEDED","NONE,NONE,DELTA,NONE",
9.361330,2026-09-05T19:04:08.151+01:00,400244,1367591,252,252,True,True,0x04,"NO_IRQ,NO_IRQ,OK,RESYNC_NEEDED","NONE,NONE,DELTA,NONE",
9.367038,2026-09-05T19:04:08.155+01:00,400496,1367592,154,154,True,True,0x04,"NO_IRQ,NO_IRQ,OK,RESYNC_NEEDED","NONE,NONE,DELTA,NONE",
9.370238,2026-09-05T19:04:08.160+01:00,400650,1367593,184,184,True,True,0x04,"NO_IRQ,NO_IRQ,OK,RESYNC_NEEDED","NONE,NONE,DELTA,NONE",
9.375177,2026-09-05T19:04:08.164+01:00,400834,1367594,260,260,True,True,0x04,"NO_IRQ,NO_IRQ,OK,RESYNC_NEEDED","NONE,NONE,DELTA,NONE",
9.380145,2026-09-05T19:04:08.169+01:00,401094,1367595,266,266,True,True,0x04,"NO_IRQ,NO_IRQ,OK,RESYNC_NEEDED","NONE,NONE,DELTA,NONE",
9.384870,2026-09-05T19:04:08.173+01:00,401360,1367596,152,152,True,True,0x04,"NO_IRQ,NO_IRQ,OK,RESYNC_NEEDED","NONE,NONE,DELTA,NONE",
9.402881,2026-09-05T19:04:08.178+01:00,401512,1367597,182,182,True,True,0x04,"NO_IRQ,NO_IRQ,OK,RESYNC_NEEDED","NONE,NONE,DELTA,NONE",
9.403429,2026-09-05T19:04:08.196+01:00,401694,1367598,248,248,True,True,0x04,"NO_IRQ,NO_IRQ,OK,RESYNC_NEEDED","NONE,NONE,DELTA,NONE",
9.404502,2026-09-05T19:04:08.197+01:00,401942,1367599,258,258,True,True,0x04,"NO_IRQ,NO_IRQ,OK,RESYNC_NEEDED","NONE,NONE,DELTA,NONE",
9.405378,2026-09-05T19:04:08.198+01:00,402200,1367600,162,162,True,True,0x04,"NO_IRQ,NO_IRQ,OK,RESYNC_NEEDED","NONE,NONE,DELTA,NONE",
9.410719,2026-09-05T19:04:08.199+01:00,402362,1367601,180,180,True,True,0x04,"NO_IRQ,NO_IRQ,OK,RESYNC_NEEDED","NONE,NONE,DELTA,NONE",
9.415386,2026-09-05T19:04:08.204+01:00,402542,1367602,260,260,True,True,0x04,"NO_IRQ,NO_IRQ,OK,RESYNC_NEEDED","NONE,NONE,DELTA,NONE",
9.428418,2026-09-05T19:04:08.209+01:00,402802,1367603,270,270,True,True,0x04,"NO_IRQ,NO_IRQ,OK,RESYNC_NEEDED","NONE,NONE,DELTA,NONE",
9.429317,2026-09-05T19:04:08.222+01:00,403072,1367604,146,146,True,True,0x04,"NO_IRQ,NO_IRQ,OK,RESYNC_NEEDED","NONE,NONE,DELTA,NONE",
9.430005,2026-09-05T19:04:08.223+01:00,403218,1367605,172,172,True,True,0x04,"NO_IRQ,NO_IRQ,OK,RESYNC_NEEDED","NONE,NONE,DELTA,NONE",
9.435583,2026-09-05T19:04:08.224+01:00,403390,1367606,254,254,True,True,0x04,"NO_IRQ,NO_IRQ,OK,RESYNC_NEEDED","NONE,NONE,DELTA,NONE",
9.440396,2026-09-05T19:04:08.229+01:00,403644,1367607,274,274,True,True,0x04,"NO_IRQ,NO_IRQ,OK,RESYNC_NEEDED","NONE,NONE,DELTA,NONE",
9.450680,2026-09-05T19:04:08.234+01:00,403918,1367608,160,160,True,True,0x04,"NO_IRQ,NO_IRQ,OK,RESYNC_NEEDED","NONE,NONE,DELTA,NONE",
9.451458,2026-09-05T19:04:08.244+01:00,404078,1367609,168,168,True,True,0x04,"NO_IRQ,NO_IRQ,OK,RESYNC_NEEDED","NONE,NONE,DELTA,NONE",
9.455190,2026-09-05T19:04:08.245+01:00,404246,1367610,242,242,True,True,0x04,"NO_IRQ,NO_IRQ,OK,RESYNC_NEEDED","NONE,NONE,DELTA,NONE",
9.460315,2026-09-05T19:04:08.249+01:00,404488,1367611,256,256,True,True,0x04,"NO_IRQ,NO_IRQ,OK,RESYNC_NEEDED","NONE,NONE,DELTA,NONE",
9.468149,2026-09-05T19:04:08.254+01:00,404744,1367612,154,154,True,True,0x04,"NO_IRQ,NO_IRQ,OK,RESYNC_NEEDED","NONE,NONE,DELTA,NONE",
9.470282,2026-09-05T19:04:08.261+01:00,404898,1367613,166,166,True,True,0x04,"NO_IRQ,NO_IRQ,OK,RESYNC_NEEDED","NONE,NONE,DELTA,NONE",
9.475360,2026-09-05T19:04:08.264+01:00,405064,1367614,244,244,True,True,0x04,"NO_IRQ,NO_IRQ,OK,RESYNC_NEEDED","NONE,NONE,DELTA,NONE",
9.485848,2026-09-05T19:04:08.269+01:00,405308,1367615,252,252,True,True,0x04,"NO_IRQ,NO_IRQ,OK,RESYNC_NEEDED","NONE,NONE,DELTA,NONE",
9.486927,2026-09-05T19:04:08.279+01:00,405560,1367616,158,158,True,True,0x04,"NO_IRQ,NO_IRQ,OK,RESYNC_NEEDED","NONE,NONE,DELTA,NONE",
9.490193,2026-09-05T19:04:08.280+01:00,405718,1367617,172,172,True,True,0x04,"NO_IRQ,NO_IRQ,OK,RESYNC_NEEDED","NONE,NONE,DELTA,NONE",
9.495369,2026-09-05T19:04:08.284+01:00,405890,1367618,246,246,True,True,0x04,"NO_IRQ,NO_IRQ,OK,RESYNC_NEEDED","NONE,NONE,DELTA,NONE",
9.500420,2026-09-05T19:04:08.289+01:00,406136,1367619,264,264,True,True,0x04,"NO_IRQ,NO_IRQ,OK,RESYNC_NEEDED","NONE,NONE,DELTA,NONE",
9.507519,2026-09-05T19:04:08.294+01:00,406400,1367620,154,154,True,True,0x04,"NO_IRQ,NO_IRQ,OK,RESYNC_NEEDED","NONE,NONE,DELTA,NONE",
9.510868,2026-09-05T19:04:08.304+01:00,406554,1367621,166,166,True,True,0x04,"NO_IRQ,NO_IRQ,OK,RESYNC_NEEDED","NONE,NONE,DELTA,NONE",
9.515168,2026-09-05T19:04:08.304+01:00,406720,1367622,248,248,True,True,0x04,"NO_IRQ,NO_IRQ,OK,RESYNC_NEEDED","NONE,NONE,DELTA,NONE",
9.522958,2026-09-05T19:04:08.308+01:00,406968,1367623,258,258,True,True,0x04,"NO_IRQ,NO_IRQ,OK,RESYNC_NEEDED","NONE,NONE,DELTA,NONE",
9.525261,2026-09-05T19:04:08.316+01:00,407226,1367624,162,162,True,True,0x04,"NO_IRQ,NO_IRQ,OK,RESYNC_NEEDED","NONE,NONE,DELTA,NONE",
9.538716,2026-09-05T19:04:08.319+01:00,407388,1367625,164,164,True,True,0x04,"NO_IRQ,NO_IRQ,OK,RESYNC_NEEDED","NONE,NONE,DELTA,NONE",
9.539826,2026-09-05T19:04:08.332+01:00,407552,1367626,248,248,True,True,0x04,"NO_IRQ,NO_IRQ,OK,RESYNC_NEEDED","NONE,NONE,DELTA,NONE",
9.540618,2026-09-05T19:04:08.333+01:00,407800,1367627,254,254,True,True,0x04,"NO_IRQ,NO_IRQ,OK,RESYNC_NEEDED","NONE,NONE,DELTA,NONE",
9.545589,2026-09-05T19:04:08.334+01:00,408054,1367628,158,158,True,True,0x04,"NO_IRQ,NO_IRQ,OK,RESYNC_NEEDED","NONE,NONE,DELTA,NONE",
9.550189,2026-09-05T19:04:08.340+01:00,408212,1367629,164,164,True,True,0x04,"NO_IRQ,NO_IRQ,OK,RESYNC_NEEDED","NONE,NONE,DELTA,NONE",
9.555440,2026-09-05T19:04:08.344+01:00,408376,1367630,250,250,True,True,0x04,"NO_IRQ,NO_IRQ,OK,RESYNC_NEEDED","NONE,NONE,DELTA,NONE",
9.567719,2026-09-05T19:04:08.349+01:00,408626,1367631,252,252,True,True,0x04,"NO_IRQ,NO_IRQ,OK,RESYNC_NEEDED","NONE,NONE,DELTA,NONE",
9.568137,2026-09-05T19:04:08.361+01:00,408878,1367632,166,166,True,True,0x04,"NO_IRQ,NO_IRQ,OK,RESYNC_NEEDED","NONE,NONE,DELTA,NONE",
9.570886,2026-09-05T19:04:08.362+01:00,409044,1367633,162,162,True,True,0x04,"NO_IRQ,NO_IRQ,OK,RESYNC_NEEDED","NONE,NONE,DELTA,NONE",
9.575391,2026-09-05T19:04:08.364+01:00,409206,1367634,254,254,True,True,0x04,"NO_IRQ,NO_IRQ,OK,RESYNC_NEEDED","NONE,NONE,DELTA,NONE",
9.580656,2026-09-05T19:04:08.369+01:00,409460,1367635,1084,1084,True,True,0x04,"NO_IRQ,NO_IRQ,OK,RESYNC_NEEDED","NONE,NONE,DELTA_SYNC,NONE",
9.585298,2026-09-05T19:04:08.374+01:00,410544,1367636,162,162,True,True,0x04,"NO_IRQ,NO_IRQ,OK,RESYNC_NEEDED","NONE,NONE,DELTA,NONE",
9.590219,2026-09-05T19:04:08.379+01:00,410706,1367637,170,170,True,True,0x04,"NO_IRQ,NO_IRQ,OK,RESYNC_NEEDED","NONE,NONE,DELTA,NONE",
9.595169,2026-09-05T19:04:08.384+01:00,410876,1367638,260,260,True,True,0x04,"NO_IRQ,NO_IRQ,OK,RESYNC_NEEDED","NONE,NONE,DELTA,NONE",
9.600201,2026-09-05T19:04:08.389+01:00,411136,1367639,248,248,True,True,0x04,"NO_IRQ,NO_IRQ,OK,RESYNC_NEEDED","NONE,NONE,DELTA,NONE",
9.604877,2026-09-05T19:04:08.394+01:00,411384,1367640,162,162,True,True,0x04,"NO_IRQ,NO_IRQ,OK,RESYNC_NEEDED","NONE,NONE,DELTA,NONE",
9.609970,2026-09-05T19:04:08.398+01:00,411546,1367641,152,152,True,True,0x04,"NO_IRQ,NO_IRQ,OK,RESYNC_NEEDED","NONE,NONE,DELTA,NONE",
9.625065,2026-09-05T19:04:08.403+01:00,411698,1367642,252,252,True,True,0x04,"NO_IRQ,NO_IRQ,OK,RESYNC_NEEDED","NONE,NONE,DELTA,NONE",
9.625491,2026-09-05T19:04:08.418+01:00,411950,1367643,258,258,True,True,0x04,"NO_IRQ,NO_IRQ,OK,RESYNC_NEEDED","NONE,NONE,DELTA,NONE",
9.625777,2026-09-05T19:04:08.419+01:00,412208,1367644,166,166,True,True,0x04,"NO_IRQ,NO_IRQ,OK,RESYNC_NEEDED","NONE,NONE,DELTA,NONE",
9.643868,2026-09-05T19:04:08.419+01:00,412374,1367645,158,158,True,True,0x04,"NO_IRQ,NO_IRQ,OK,RESYNC_NEEDED","NONE,NONE,DELTA,NONE",
9.644849,2026-09-05T19:04:08.437+01:00,412532,1367646,238,238,True,True,0x04,"NO_IRQ,NO_IRQ,OK,RESYNC_NEEDED","NONE,NONE,DELTA,NONE",
9.646311,2026-09-05T19:04:08.438+01:00,412770,1367647,250,250,True,True,0x04,"NO_IRQ,NO_IRQ,OK,RESYNC_NEEDED","NONE,NONE,DELTA,NONE",
9.647238,2026-09-05T19:04:08.440+01:00,413020,1367648,164,164,True,True,0x04,"NO_IRQ,NO_IRQ,OK,RESYNC_NEEDED","NONE,NONE,DELTA,NONE",
9.650201,2026-09-05T19:04:08.441+01:00,413184,1367649,154,154,True,True,0x04,"NO_IRQ,NO_IRQ,OK,RESYNC_NEEDED","NONE,NONE,DELTA,NONE",
9.655406,2026-09-05T19:04:08.444+01:00,413338,1367650,242,242,True,True,0x04,"NO_IRQ,NO_IRQ,OK,RESYNC_NEEDED","NONE,NONE,DELTA,NONE",
9.665176,2026-09-05T19:04:08.449+01:00,413580,1367651,252,252,True,True,0x04,"NO_IRQ,NO_IRQ,OK,RESYNC_NEEDED","NONE,NONE,DELTA,NONE",
9.666409,2026-09-05T19:04:08.459+01:00,413832,1367652,166,166,True,True,0x04,"NO_IRQ,NO_IRQ,OK,RESYNC_NEEDED","NONE,NONE,DELTA,NONE",
9.670392,2026-09-05T19:04:08.460+01:00,413998,1367653,150,150,True,True,0x04,"NO_IRQ,NO_IRQ,OK,RESYNC_NEEDED","NONE,NONE,DELTA,NONE",
9.675207,2026-09-05T19:04:08.464+01:00,414148,1367654,246,246,True,True,0x04,"NO_IRQ,NO_IRQ,OK,RESYNC_NEEDED","NONE,NONE,DELTA,NONE",
9.685765,2026-09-05T19:04:08.469+01:00,414394,1367655,246,246,True,True,0x04,"NO_IRQ,NO_IRQ,OK,RESYNC_NEEDED","NONE,NONE,DELTA,NONE",
9.687002,2026-09-05T19:04:08.479+01:00,414640,1367656,170,170,True,True,0x04,"NO_IRQ,NO_IRQ,OK,RESYNC_NEEDED","NONE,NONE,DELTA,NONE",
9.692616,2026-09-05T19:04:08.480+01:00,414810,1367657,156,156,True,True,0x04,"NO_IRQ,NO_IRQ,OK,RESYNC_NEEDED","NONE,NONE,DELTA,NONE",
9.696061,2026-09-05T19:04:08.486+01:00,414966,1367658,256,256,True,True,0x04,"NO_IRQ,NO_IRQ,OK,RESYNC_NEEDED","NONE,NONE,DELTA,NONE",
9.700531,2026-09-05T19:04:08.489+01:00,415222,1367659,244,244,True,True,0x04,"NO_IRQ,NO_IRQ,OK,RESYNC_NEEDED","NONE,NONE,DELTA,NONE",
9.714975,2026-09-05T19:04:08.494+01:00,415466,1367660,166,166,True,True,0x04,"NO_IRQ,NO_IRQ,OK,RESYNC_NEEDED","NONE,NONE,DELTA,NONE",
9.716133,2026-09-05T19:04:08.509+01:00,415632,1367661,150,150,True,True,0x04,"NO_IRQ,NO_IRQ,OK,RESYNC_NEEDED","NONE,NONE,DELTA,NONE",
9.717099,2026-09-05T19:04:08.510+01:00,415782,1367662,262,262,True,True,0x04,"NO_IRQ,NO_IRQ,OK,RESYNC_NEEDED","NONE,NONE,DELTA,NONE",
9.720587,2026-09-05T19:04:08.510+01:00,416044,1367663,258,258,True,True,0x04,"NO_IRQ,NO_IRQ,OK,RESYNC_NEEDED","NONE,NONE,DELTA,NONE",
9.724952,2026-09-05T19:04:08.514+01:00,416302,1367664,174,174,True,True,0x04,"NO_IRQ,NO_IRQ,OK,RESYNC_NEEDED","NONE,NONE,DELTA,NONE",
9.729740,2026-09-05T19:04:08.518+01:00,416476,1367665,164,164,True,True,0x04,"NO_IRQ,NO_IRQ,OK,RESYNC_NEEDED","NONE,NONE,DELTA,NONE",
9.736981,2026-09-05T19:04:08.523+01:00,416640,1367666,250,250,True,True,0x04,"NO_IRQ,NO_IRQ,OK,RESYNC_NEEDED","NONE,NONE,DELTA,NONE",
9.739991,2026-09-05T19:04:08.530+01:00,416890,1367667,248,248,True,True,0x04,"NO_IRQ,NO_IRQ,OK,RESYNC_NEEDED","NONE,NONE,DELTA,NONE",
9.745263,2026-09-05T19:04:08.534+01:00,417138,1367668,176,176,True,True,0x04,"NO_IRQ,NO_IRQ,OK,RESYNC_NEEDED","NONE,NONE,DELTA,NONE",
9.749945,2026-09-05T19:04:08.539+01:00,417314,1367669,158,158,True,True,0x04,"NO_IRQ,NO_IRQ,OK,RESYNC_NEEDED","NONE,NONE,DELTA,NONE",
9.755183,2026-09-05T19:04:08.543+01:00,417472,1367670,246,246,True,True,0x04,"NO_IRQ,NO_IRQ,OK,RESYNC_NEEDED","NONE,NONE,DELTA,NONE",
9.763057,2026-09-05T19:04:08.550+01:00,417718,1367671,244,244,True,True,0x04,"NO_IRQ,NO_IRQ,OK,RESYNC_NEEDED","NONE,NONE,DELTA,NONE",
9.764964,2026-09-05T19:04:08.557+01:00,417962,1367672,170,170,True,True,0x04,"NO_IRQ,NO_IRQ,OK,RESYNC_NEEDED","NONE,NONE,DELTA,NONE",
9.769811,2026-09-05T19:04:08.558+01:00,418132,1367673,154,154,True,True,0x04,"NO_IRQ,NO_IRQ,OK,RESYNC_NEEDED","NONE,NONE,DELTA,NONE",
9.774977,2026-09-05T19:04:08.563+01:00,418286,1367674,246,246,True,True,0x04,"NO_IRQ,NO_IRQ,OK,RESYNC_NEEDED","NONE,NONE,DELTA,NONE",
9.781357,2026-09-05T19:04:08.568+01:00,418532,1367675,248,248,True,True,0x04,"NO_IRQ,NO_IRQ,OK,RESYNC_NEEDED","NONE,NONE,DELTA,NONE",
9.786036,2026-09-05T19:04:08.579+01:00,418780,1367676,170,170,True,True,0x04,"NO_IRQ,NO_IRQ,OK,RESYNC_NEEDED","NONE,NONE,DELTA,NONE",
9.790513,2026-09-05T19:04:08.579+01:00,418950,1367677,152,152,True,True,0x04,"NO_IRQ,NO_IRQ,OK,RESYNC_NEEDED","NONE,NONE,DELTA,NONE",
9.795473,2026-09-05T19:04:08.584+01:00,419102,1367678,250,250,True,True,0x04,"NO_IRQ,NO_IRQ,OK,RESYNC_NEEDED","NONE,NONE,DELTA,NONE",
9.809342,2026-09-05T19:04:08.589+01:00,419352,1367679,242,242,True,True,0x04,"NO_IRQ,NO_IRQ,OK,RESYNC_NEEDED","NONE,NONE,DELTA,NONE",
9.810426,2026-09-05T19:04:08.603+01:00,419594,1367680,170,170,True,True,0x04,"NO_IRQ,NO_IRQ,OK,RESYNC_NEEDED","NONE,NONE,DELTA,NONE",
9.811110,2026-09-05T19:04:08.604+01:00,419764,1367681,160,160,True,True,0x04,"NO_IRQ,NO_IRQ,OK,RESYNC_NEEDED","NONE,NONE,DELTA,NONE",
9.814915,2026-09-05T19:04:08.604+01:00,419924,1367682,248,248,True,True,0x04,"NO_IRQ,NO_IRQ,OK,RESYNC_NEEDED","NONE,NONE,DELTA,NONE",
9.820493,2026-09-05T19:04:08.608+01:00,420172,1367683,248,248,True,True,0x04,"NO_IRQ,NO_IRQ,OK,RESYNC_NEEDED","NONE,NONE,DELTA,NONE",
9.825115,2026-09-05T19:04:08.614+01:00,420420,1367684,182,182,True,True,0x04,"NO_IRQ,NO_IRQ,OK,RESYNC_NEEDED","NONE,NONE,DELTA,NONE",
9.829796,2026-09-05T19:04:08.618+01:00,420602,1367685,150,150,True,True,0x04,"NO_IRQ,NO_IRQ,OK,RESYNC_NEEDED","NONE,NONE,DELTA,NONE",
9.836412,2026-09-05T19:04:08.623+01:00,420752,1367686,242,242,True,True,0x04,"NO_IRQ,NO_IRQ,OK,RESYNC_NEEDED","NONE,NONE,DELTA,NONE",
9.839987,2026-09-05T19:04:08.630+01:00,420994,1367687,236,236,True,True,0x04,"NO_IRQ,NO_IRQ,OK,RESYNC_NEEDED","NONE,NONE,DELTA,NONE",
9.844513,2026-09-05T19:04:08.633+01:00,421230,1367688,176,176,True,True,0x04,"NO_IRQ,NO_IRQ,OK,RESYNC_NEEDED","NONE,NONE,DELTA,NONE",
9.849732,2026-09-05T19:04:08.638+01:00,421406,1367689,154,154,True,True,0x04,"NO_IRQ,NO_IRQ,OK,RESYNC_NEEDED","NONE,NONE,DELTA,NONE",
9.867404,2026-09-05T19:04:08.643+01:00,421560,1367690,246,246,True,True,0x04,"NO_IRQ,NO_IRQ,OK,RESYNC_NEEDED","NONE,NONE,DELTA,NONE",
9.868104,2026-09-05T19:04:08.661+01:00,421806,1367691,246,246,True,True,0x04,"NO_IRQ,NO_IRQ,OK,RESYNC_NEEDED","NONE,NONE,DELTA,NONE",
9.868768,2026-09-05T19:04:08.661+01:00,422052,1367692,174,174,True,True,0x04,"NO_IRQ,NO_IRQ,OK,RESYNC_NEEDED","NONE,NONE,DELTA,NONE",
9.869997,2026-09-05T19:04:08.662+01:00,422226,1367693,148,148,True,True,0x04,"NO_IRQ,NO_IRQ,OK,RESYNC_NEEDED","NONE,NONE,DELTA,NONE",
9.875008,2026-09-05T19:04:08.664+01:00,422374,1367694,252,252,True,True,0x04,"NO_IRQ,NO_IRQ,OK,RESYNC_NEEDED","NONE,NONE,DELTA,NONE",
9.879957,2026-09-05T19:04:08.668+01:00,422626,1367695,250,250,True,True,0x04,"NO_IRQ,NO_IRQ,OK,RESYNC_NEEDED","NONE,NONE,DELTA,NONE",
9.892821,2026-09-05T19:04:08.673+01:00,422876,1367696,182,182,True,True,0x04,"NO_IRQ,NO_IRQ,OK,RESYNC_NEEDED","NONE,NONE,DELTA,NONE",
9.894389,2026-09-05T19:04:08.686+01:00,423058,1367697,144,144,True,True,0x04,"NO_IRQ,NO_IRQ,OK,RESYNC_NEEDED","NONE,NONE,DELTA,NONE",
9.895793,2026-09-05T19:04:08.688+01:00,423202,1367698,244,244,True,True,0x04,"NO_IRQ,NO_IRQ,OK,RESYNC_NEEDED","NONE,NONE,DELTA,NONE",
9.899915,2026-09-05T19:04:08.689+01:00,423446,1367699,240,240,True,True,0x04,"NO_IRQ,NO_IRQ,OK,RESYNC_NEEDED","NONE,NONE,DELTA,NONE",
9.904736,2026-09-05T19:04:08.694+01:00,423686,1367700,190,190,True,True,0x04,"NO_IRQ,NO_IRQ,OK,RESYNC_NEEDED","NONE,NONE,DELTA,NONE",
9.912333,2026-09-05T19:04:08.698+01:00,423876,1367701,154,154,True,True,0x04,"NO_IRQ,NO_IRQ,OK,RESYNC_NEEDED","NONE,NONE,DELTA,NONE",
9.914945,2026-09-05T19:04:08.706+01:00,424030,1367702,248,248,True,True,0x04,"NO_IRQ,NO_IRQ,OK,RESYNC_NEEDED","NONE,NONE,DELTA,NONE",
9.920350,2026-09-05T19:04:08.708+01:00,424278,1367703,240,240,True,True,0x04,"NO_IRQ,NO_IRQ,OK,RESYNC_NEEDED","NONE,NONE,DELTA,NONE",
9.924690,2026-09-05T19:04:08.714+01:00,424518,1367704,184,184,True,True,0x04,"NO_IRQ,NO_IRQ,OK,RESYNC_NEEDED","NONE,NONE,DELTA,NONE",
9.934466,2026-09-05T19:04:08.718+01:00,424702,1367705,150,150,True,True,0x04,"NO_IRQ,NO_IRQ,OK,RESYNC_NEEDED","NONE,NONE,DELTA,NONE",
9.935869,2026-09-05T19:04:08.728+01:00,424852,1367706,250,250,True,True,0x04,"NO_IRQ,NO_IRQ,OK,RESYNC_NEEDED","NONE,NONE,DELTA,NONE",
9.940112,2026-09-05T19:04:08.729+01:00,425102,1367707,246,246,True,True,0x04,"NO_IRQ,NO_IRQ,OK,RESYNC_NEEDED","NONE,NONE,DELTA,NONE",
9.945376,2026-09-05T19:04:08.734+01:00,425348,1367708,184,184,True,True,0x04,"NO_IRQ,NO_IRQ,OK,RESYNC_NEEDED","NONE,NONE,DELTA,NONE",
9.949361,2026-09-05T19:04:08.739+01:00,425532,1367709,146,146,True,True,0x04,"NO_IRQ,NO_IRQ,OK,RESYNC_NEEDED","NONE,NONE,DELTA,NONE",
9.958144,2026-09-05T19:04:08.743+01:00,425678,1367710,244,244,True,True,0x04,"NO_IRQ,NO_IRQ,OK,RESYNC_NEEDED","NONE,NONE,DELTA,NONE",
9.960053,2026-09-05T19:04:08.752+01:00,425922,1367711,250,250,True,True,0x04,"NO_IRQ,NO_IRQ,OK,RESYNC_NEEDED","NONE,NONE,DELTA,NONE",
9.964844,2026-09-05T19:04:08.753+01:00,426172,1367712,194,194,True,True,0x04,"NO_IRQ,NO_IRQ,OK,RESYNC_NEEDED","NONE,NONE,DELTA,NONE",
9.976087,2026-09-05T19:04:08.758+01:00,426366,1367713,154,154,True,True,0x04,"NO_IRQ,NO_IRQ,OK,RESYNC_NEEDED","NONE,NONE,DELTA,NONE",
9.976959,2026-09-05T19:04:08.769+01:00,426520,1367714,244,244,True,True,0x04,"NO_IRQ,NO_IRQ,OK,RESYNC_NEEDED","NONE,NONE,DELTA,NONE",
9.979976,2026-09-05T19:04:08.770+01:00,426764,1367715,250,250,True,True,0x04,"NO_IRQ,NO_IRQ,OK,RESYNC_NEEDED","NONE,NONE,DELTA,NONE",
9.984759,2026-09-05T19:04:08.773+01:00,427014,1367716,190,190,True,True,0x04,"NO_IRQ,NO_IRQ,OK,RESYNC_NEEDED","NONE,NONE,DELTA,NONE",
9.995884,2026-09-05T19:04:08.778+01:00,427204,1367717,156,156,True,True,0x04,"NO_IRQ,NO_IRQ,OK,RESYNC_NEEDED","NONE,NONE,DELTA,NONE",
9.996720,2026-09-05T19:04:08.789+01:00,427360,1367718,240,240,True,True,0x04,"NO_IRQ,NO_IRQ,OK,RESYNC_NEEDED","NONE,NONE,DELTA,NONE",
9.999880,2026-09-05T19:04:08.790+01:00,427600,1367719,242,242,True,True,0x04,"NO_IRQ,NO_IRQ,OK,RESYNC_NEEDED","NONE,NONE,DELTA,NONE",
10.004634,2026-09-05T19:04:08.793+01:00,427842,1367720,190,190,True,True,0x04,"NO_IRQ,NO_IRQ,OK,RESYNC_NEEDED","NONE,NONE,DELTA,NONE",
10.014079,2026-09-05T19:04:08.798+01:00,428032,1367721,144,144,True,True,0x04,"NO_IRQ,NO_IRQ,OK,RESYNC_NEEDED","NONE,NONE,DELTA,NONE",
10.014889,2026-09-05T19:04:08.807+01:00,428176,1367722,244,244,True,True,0x04,"NO_IRQ,NO_IRQ,OK,RESYNC_NEEDED","NONE,NONE,DELTA,NONE",
10.021250,2026-09-05T19:04:08.808+01:00,428420,1367723,230,230,True,True,0x04,"NO_IRQ,NO_IRQ,OK,RESYNC_NEEDED","NONE,NONE,DELTA,NONE",
10.024616,2026-09-05T19:04:08.815+01:00,428650,1367724,206,206,True,True,0x04,"NO_IRQ,NO_IRQ,OK,RESYNC_NEEDED","NONE,NONE,DELTA,NONE",
10.030437,2026-09-05T19:04:08.818+01:00,428856,1367725,142,142,True,True,0x04,"NO_IRQ,NO_IRQ,OK,RESYNC_NEEDED","NONE,NONE,DELTA,NONE",
10.034935,2026-09-05T19:04:08.824+01:00,428998,1367726,248,248,True,True,0x04,"NO_IRQ,NO_IRQ,OK,RESYNC_NEEDED","NONE,NONE,DELTA,NONE",
10.039752,2026-09-05T19:04:08.829+01:00,429246,1367727,234,234,True,True,0x04,"NO_IRQ,NO_IRQ,OK,RESYNC_NEEDED","NONE,NONE,DELTA,NONE",
10.044534,2026-09-05T19:04:08.833+01:00,429480,1367728,198,198,True,True,0x04,"NO_IRQ,NO_IRQ,OK,RESYNC_NEEDED","NONE,NONE,DELTA,NONE",
10.049294,2026-09-05T19:04:08.838+01:00,429678,1367729,144,144,True,True,0x04,"NO_IRQ,NO_IRQ,OK,RESYNC_NEEDED","NONE,NONE,DELTA,NONE",
10.062227,2026-09-05T19:04:08.843+01:00,429822,1367730,252,252,True,True,0x04,"NO_IRQ,NO_IRQ,OK,RESYNC_NEEDED","NONE,NONE,DELTA,NONE",
10.062663,2026-09-05T19:04:08.856+01:00,430074,1367731,240,240,True,True,0x04,"NO_IRQ,NO_IRQ,OK,RESYNC_NEEDED","NONE,NONE,DELTA,NONE",
10.077508,2026-09-05T19:04:08.856+01:00,430314,1367732,192,192,True,True,0x04,"NO_IRQ,NO_IRQ,OK,RESYNC_NEEDED","NONE,NONE,DELTA,NONE",
10.081165,2026-09-05T19:04:08.874+01:00,430506,1367733,142,142,True,True,0x04,"NO_IRQ,NO_IRQ,OK,RESYNC_NEEDED","NONE,NONE,DELTA,NONE",
10.082136,2026-09-05T19:04:08.874+01:00,430648,1367734,250,250,True,True,0x04,"NO_IRQ,NO_IRQ,OK,RESYNC_NEEDED","NONE,NONE,DELTA,NONE",
10.083152,2026-09-05T19:04:08.875+01:00,430898,1367735,232,232,True,True,0x04,"NO_IRQ,NO_IRQ,OK,RESYNC_NEEDED","NONE,NONE,DELTA,NONE",
10.084405,2026-09-05T19:04:08.877+01:00,431130,1367736,200,200,True,True,0x04,"NO_IRQ,NO_IRQ,OK,RESYNC_NEEDED","NONE,NONE,DELTA,NONE",
10.090192,2026-09-05T19:04:08.878+01:00,431330,1367737,142,142,True,True,0x04,"NO_IRQ,NO_IRQ,OK,RESYNC_NEEDED","NONE,NONE,DELTA,NONE",
10.094960,2026-09-05T19:04:08.884+01:00,431472,1367738,264,264,True,True,0x04,"NO_IRQ,NO_IRQ,OK,RESYNC_NEEDED","NONE,NONE,DELTA,NONE",
10.109506,2026-09-05T19:04:08.888+01:00,431736,1367739,238,238,True,True,0x04,"NO_IRQ,NO_IRQ,OK,RESYNC_NEEDED","NONE,NONE,DELTA,NONE",
10.110430,2026-09-05T19:04:08.903+01:00,431974,1367740,198,198,True,True,0x04,"NO_IRQ,NO_IRQ,OK,RESYNC_NEEDED","NONE,NONE,DELTA,NONE",
10.111411,2026-09-05T19:04:08.904+01:00,432172,1367741,140,140,True,True,0x04,"NO_IRQ,NO_IRQ,OK,RESYNC_NEEDED","NONE,NONE,DELTA,NONE",
10.114612,2026-09-05T19:04:08.905+01:00,432312,1367742,252,252,True,True,0x04,"NO_IRQ,NO_IRQ,OK,RESYNC_NEEDED","NONE,NONE,DELTA,NONE",
10.119770,2026-09-05T19:04:08.908+01:00,432564,1367743,236,236,True,True,0x04,"NO_IRQ,NO_IRQ,OK,RESYNC_NEEDED","NONE,NONE,DELTA,NONE",
10.132528,2026-09-05T19:04:08.913+01:00,432800,1367744,190,190,True,True,0x04,"NO_IRQ,NO_IRQ,OK,RESYNC_NEEDED","NONE,NONE,DELTA,NONE",
10.133620,2026-09-05T19:04:08.926+01:00,432990,1367745,140,140,True,True,0x04,"NO_IRQ,NO_IRQ,OK,RESYNC_NEEDED","NONE,NONE,DELTA,NONE",
10.134673,2026-09-05T19:04:08.927+01:00,433130,1367746,248,248,True,True,0x04,"NO_IRQ,NO_IRQ,OK,RESYNC_NEEDED","NONE,NONE,DELTA,NONE",
10.139832,2026-09-05T19:04:08.928+01:00,433378,1367747,230,230,True,True,0x04,"NO_IRQ,NO_IRQ,OK,RESYNC_NEEDED","NONE,NONE,DELTA,NONE",
10.144601,2026-09-05T19:04:08.933+01:00,433608,1367748,196,196,True,True,0x04,"NO_IRQ,NO_IRQ,OK,RESYNC_NEEDED","NONE,NONE,DELTA,NONE",
10.157984,2026-09-05T19:04:08.938+01:00,433804,1367749,148,148,True,True,0x04,"NO_IRQ,NO_IRQ,OK,RESYNC_NEEDED","NONE,NONE,DELTA,NONE",
10.159103,2026-09-05T19:04:08.952+01:00,433952,1367750,250,250,True,True,0x04,"NO_IRQ,NO_IRQ,OK,RESYNC_NEEDED","NONE,NONE,DELTA,NONE",
10.160643,2026-09-05T19:04:08.953+01:00,434202,1367751,240,240,True,True,0x04,"NO_IRQ,NO_IRQ,OK,RESYNC_NEEDED","NONE,NONE,DELTA,NONE",
10.164702,2026-09-05T19:04:08.954+01:00,434442,1367752,198,198,True,True,0x04,"NO_IRQ,NO_IRQ,OK,RESYNC_NEEDED","NONE,NONE,DELTA,NONE",
10.170129,2026-09-05T19:04:08.958+01:00,434640,1367753,144,144,True,True,0x04,"NO_IRQ,NO_IRQ,OK,RESYNC_NEEDED","NONE,NONE,DELTA,NONE",
10.179967,2026-09-05T19:04:08.964+01:00,434784,1367754,254,254,True,True,0x04,"NO_IRQ,NO_IRQ,OK,RESYNC_NEEDED","NONE,NONE,DELTA,NONE",
10.181255,2026-09-05T19:04:08.973+01:00,435038,1367755,244,244,True,True,0x04,"NO_IRQ,NO_IRQ,OK,RESYNC_NEEDED","NONE,NONE,DELTA,NONE",
10.184314,2026-09-05T19:04:08.975+01:00,435282,1367756,206,206,True,True,0x04,"NO_IRQ,NO_IRQ,OK,RESYNC_NEEDED","NONE,NONE,DELTA,NONE",
10.189515,2026-09-05T19:04:08.978+01:00,435488,1367757,148,148,True,True,0x04,"NO_IRQ,NO_IRQ,OK,RESYNC_NEEDED","NONE,NONE,DELTA,NONE",
10.194521,2026-09-05T19:04:08.983+01:00,435636,1367758,248,248,True,True,0x04,"NO_IRQ,NO_IRQ,OK,RESYNC_NEEDED","NONE,NONE,DELTA,NONE",
10.203778,2026-09-05T19:04:08.988+01:00,435884,1367759,234,234,True,True,0x04,"NO_IRQ,NO_IRQ,OK,RESYNC_NEEDED","NONE,NONE,DELTA,NONE",
10.204434,2026-09-05T19:04:08.997+01:00,436118,1367760,200,200,True,True,0x04,"NO_IRQ,NO_IRQ,OK,RESYNC_NEEDED","NONE,NONE,DELTA,NONE",
10.209481,2026-09-05T19:04:08.998+01:00,436318,1367761,136,136,True,True,0x04,"NO_IRQ,NO_IRQ,OK,RESYNC_NEEDED","NONE,NONE,DELTA,NONE",
10.214460,2026-09-05T19:04:09.003+01:00,436454,1367762,244,244,True,True,0x04,"NO_IRQ,NO_IRQ,OK,RESYNC_NEEDED","NONE,NONE,DELTA,NONE",
10.224500,2026-09-05T19:04:09.008+01:00,436698,1367763,234,234,True,True,0x04,"NO_IRQ,NO_IRQ,OK,RESYNC_NEEDED","NONE,NONE,DELTA,NONE",
10.225620,2026-09-05T19:04:09.018+01:00,436932,1367764,204,204,True,True,0x04,"NO_IRQ,NO_IRQ,OK,RESYNC_NEEDED","NONE,NONE,DELTA,NONE",
10.229572,2026-09-05T19:04:09.019+01:00,437136,1367765,136,136,True,True,0x04,"NO_IRQ,NO_IRQ,OK,RESYNC_NEEDED","NONE,NONE,DELTA,NONE",
10.234303,2026-09-05T19:04:09.023+01:00,437272,1367766,244,244,True,True,0x04,"NO_IRQ,NO_IRQ,OK,RESYNC_NEEDED","NONE,NONE,DELTA,NONE",
10.241603,2026-09-05T19:04:09.028+01:00,437516,1367767,242,242,True,True,0x04,"NO_IRQ,NO_IRQ,OK,RESYNC_NEEDED","NONE,NONE,DELTA,NONE",
10.244596,2026-09-05T19:04:09.035+01:00,437758,1367768,204,204,True,True,0x04,"NO_IRQ,NO_IRQ,OK,RESYNC_NEEDED","NONE,NONE,DELTA,NONE",
10.249268,2026-09-05T19:04:09.038+01:00,437962,1367769,136,136,True,True,0x04,"NO_IRQ,NO_IRQ,OK,RESYNC_NEEDED","NONE,NONE,DELTA,NONE",
10.254489,2026-09-05T19:04:09.043+01:00,438098,1367770,242,242,True,True,0x04,"NO_IRQ,NO_IRQ,OK,RESYNC_NEEDED","NONE,NONE,DELTA,NONE",
10.261084,2026-09-05T19:04:09.048+01:00,438340,1367771,248,248,True,True,0x04,"NO_IRQ,NO_IRQ,OK,RESYNC_NEEDED","NONE,NONE,DELTA,NONE",
10.264528,2026-09-05T19:04:09.054+01:00,438588,1367772,206,206,True,True,0x04,"NO_IRQ,NO_IRQ,OK,RESYNC_NEEDED","NONE,NONE,DELTA,NONE",
10.269520,2026-09-05T19:04:09.058+01:00,438794,1367773,144,144,True,True,0x04,"NO_IRQ,NO_IRQ,OK,RESYNC_NEEDED","NONE,NONE,DELTA,NONE",
10.274202,2026-09-05T19:04:09.063+01:00,438938,1367774,242,242,True,True,0x04,"NO_IRQ,NO_IRQ,OK,RESYNC_NEEDED","NONE,NONE,DELTA,NONE",
10.279224,2026-09-05T19:04:09.068+01:00,439180,1367775,228,228,True,True,0x04,"NO_IRQ,NO_IRQ,OK,RESYNC_NEEDED","NONE,NONE,DELTA,NONE",
10.296361,2026-09-05T19:04:09.073+01:00,439408,1367776,200,200,True,True,0x04,"NO_IRQ,NO_IRQ,OK,RESYNC_NEEDED","NONE,NONE,DELTA,NONE",
10.297144,2026-09-05T19:04:09.090+01:00,439608,1367777,142,142,True,True,0x04,"NO_IRQ,NO_IRQ,OK,RESYNC_NEEDED","NONE,NONE,DELTA,NONE",
10.298000,2026-09-05T19:04:09.091+01:00,439750,1367778,252,252,True,True,0x04,"NO_IRQ,NO_IRQ,OK,RESYNC_NEEDED","NONE,NONE,DELTA,NONE",
10.299231,2026-09-05T19:04:09.091+01:00,440002,1367779,246,246,True,True,0x04,"NO_IRQ,NO_IRQ,OK,RESYNC_NEEDED","NONE,NONE,DELTA,NONE",
10.304476,2026-09-05T19:04:09.093+01:00,440248,1367780,212,212,True,True,0x04,"NO_IRQ,NO_IRQ,OK,RESYNC_NEEDED","NONE,NONE,DELTA,NONE",
10.314161,2026-09-05T19:04:09.098+01:00,440460,1367781,142,142,True,True,0x04,"NO_IRQ,NO_IRQ,OK,RESYNC_NEEDED","NONE,NONE,DELTA,NONE",
10.315228,2026-09-05T19:04:09.108+01:00,440602,1367782,252,252,True,True,0x04,"NO_IRQ,NO_IRQ,OK,RESYNC_NEEDED","NONE,NONE,DELTA,NONE",
10.319879,2026-09-05T19:04:09.109+01:00,440854,1367783,246,246,True,True,0x04,"NO_IRQ,NO_IRQ,OK,RESYNC_NEEDED","NONE,NONE,DELTA,NONE",
10.324293,2026-09-05T19:04:09.113+01:00,441100,1367784,212,212,True,True,0x04,"NO_IRQ,NO_IRQ,OK,RESYNC_NEEDED","NONE,NONE,DELTA,NONE",
10.332507,2026-09-05T19:04:09.118+01:00,441312,1367785,144,144,True,True,0x04,"NO_IRQ,NO_IRQ,OK,RESYNC_NEEDED","NONE,NONE,DELTA,NONE",
10.334243,2026-09-05T19:04:09.126+01:00,441456,1367786,252,252,True,True,0x04,"NO_IRQ,NO_IRQ,OK,RESYNC_NEEDED","NONE,NONE,DELTA,NONE",
10.339515,2026-09-05T19:04:09.128+01:00,441708,1367787,240,240,True,True,0x04,"NO_IRQ,NO_IRQ,OK,RESYNC_NEEDED","NONE,NONE,DELTA,NONE",
10.352125,2026-09-05T19:04:09.133+01:00,441948,1367788,214,214,True,True,0x04,"NO_IRQ,NO_IRQ,OK,RESYNC_NEEDED","NONE,NONE,DELTA,NONE",
10.352705,2026-09-05T19:04:09.145+01:00,442162,1367789,140,140,True,True,0x04,"NO_IRQ,NO_IRQ,OK,RESYNC_NEEDED","NONE,NONE,DELTA,NONE",
10.354482,2026-09-05T19:04:09.146+01:00,442302,1367790,244,244,True,True,0x04,"NO_IRQ,NO_IRQ,OK,RESYNC_NEEDED","NONE,NONE,DELTA,NONE",
10.359519,2026-09-05T19:04:09.148+01:00,442546,1367791,240,240,True,True,0x04,"NO_IRQ,NO_IRQ,OK,RESYNC_NEEDED","NONE,NONE,DELTA,NONE",
10.368805,2026-09-05T19:04:09.153+01:00,442786,1367792,216,216,True,True,0x04,"NO_IRQ,NO_IRQ,OK,RESYNC_NEEDED","NONE,NONE,DELTA,NONE",
10.369378,2026-09-05T19:04:09.162+01:00,443002,1367793,136,136,True,True,0x04,"NO_IRQ,NO_IRQ,OK,RESYNC_NEEDED","NONE,NONE,DELTA,NONE",
10.374403,2026-09-05T19:04:09.163+01:00,443138,1367794,234,234,True,True,0x04,"NO_IRQ,NO_IRQ,OK,RESYNC_NEEDED","NONE,NONE,DELTA,NONE",
10.379682,2026-09-05T19:04:09.168+01:00,443372,1367795,250,250,True,True,0x04,"NO_IRQ,NO_IRQ,OK,RESYNC_NEEDED","NONE,NONE,DELTA,NONE",
10.391309,2026-09-05T19:04:09.173+01:00,443622,1367796,208,208,True,True,0x04,"NO_IRQ,NO_IRQ,OK,RESYNC_NEEDED","NONE,NONE,DELTA,NONE",
10.392240,2026-09-05T19:04:09.185+01:00,443830,1367797,142,142,True,True,0x04,"NO_IRQ,NO_IRQ,OK,RESYNC_NEEDED","NONE,NONE,DELTA,NONE",
10.394738,2026-09-05T19:04:09.186+01:00,443972,1367798,242,242,True,True,0x04,"NO_IRQ,NO_IRQ,OK,RESYNC_NEEDED","NONE,NONE,DELTA,NONE",
10.399679,2026-09-05T19:04:09.188+01:00,444214,1367799,242,242,True,True,0x04,"NO_IRQ,NO_IRQ,OK,RESYNC_NEEDED","NONE,NONE,DELTA,NONE",
10.404237,2026-09-05T19:04:09.193+01:00,444456,1367800,222,222,True,True,0x04,"NO_IRQ,NO_IRQ,OK,RESYNC_NEEDED","NONE,NONE,DELTA,NONE",
10.412630,2026-09-05T19:04:09.198+01:00,444678,1367801,140,140,True,True,0x04,"NO_IRQ,NO_IRQ,OK,RESYNC_NEEDED","NONE,NONE,DELTA,NONE",
10.414667,2026-09-05T19:04:09.206+01:00,444818,1367802,242,242,True,True,0x04,"NO_IRQ,NO_IRQ,OK,RESYNC_NEEDED","NONE,NONE,DELTA,NONE",
10.419304,2026-09-05T19:04:09.208+01:00,445060,1367803,228,228,True,True,0x04,"NO_IRQ,NO_IRQ,OK,RESYNC_NEEDED","NONE,NONE,DELTA,NONE",
10.424400,2026-09-05T19:04:09.213+01:00,445288,1367804,224,224,True,True,0x04,"NO_IRQ,NO_IRQ,OK,RESYNC_NEEDED","NONE,NONE,DELTA,NONE",
10.431109,2026-09-05T19:04:09.218+01:00,445512,1367805,146,146,True,True,0x04,"NO_IRQ,NO_IRQ,OK,RESYNC_NEEDED","NONE,NONE,DELTA,NONE",
10.434359,2026-09-05T19:04:09.225+01:00,445658,1367806,236,236,True,True,0x04,"NO_IRQ,NO_IRQ,OK,RESYNC_NEEDED","NONE,NONE,DELTA,NONE",
10.439388,2026-09-05T19:04:09.228+01:00,445894,1367807,234,234,True,True,0x04,"NO_IRQ,NO_IRQ,OK,RESYNC_NEEDED","NONE,NONE,DELTA,NONE",
10.445043,2026-09-05T19:04:09.233+01:00,446128,1367808,226,226,True,True,0x04,"NO_IRQ,NO_IRQ,OK,RESYNC_NEEDED","NONE,NONE,DELTA,NONE",
10.448965,2026-09-05T19:04:09.238+01:00,446354,1367809,136,136,True,True,0x04,"NO_IRQ,NO_IRQ,OK,RESYNC_NEEDED","NONE,NONE,DELTA,NONE",
10.454215,2026-09-05T19:04:09.242+01:00,446490,1367810,234,234,True,True,0x04,"NO_IRQ,NO_IRQ,OK,RESYNC_NEEDED","NONE,NONE,DELTA,NONE",
10.459140,2026-09-05T19:04:09.248+01:00,446724,1367811,242,242,True,True,0x04,"NO_IRQ,NO_IRQ,OK,RESYNC_NEEDED","NONE,NONE,DELTA,NONE",
10.464021,2026-09-05T19:04:09.252+01:00,446966,1367812,226,226,True,True,0x04,"NO_IRQ,NO_IRQ,OK,RESYNC_NEEDED","NONE,NONE,DELTA,NONE",
10.474714,2026-09-05T19:04:09.257+01:00,447192,1367813,134,134,True,True,0x04,"NO_IRQ,NO_IRQ,OK,RESYNC_NEEDED","NONE,NONE,DELTA,NONE",
10.475263,2026-09-05T19:04:09.268+01:00,447326,1367814,246,246,True,True,0x04,"NO_IRQ,NO_IRQ,OK,RESYNC_NEEDED","NONE,NONE,DELTA,NONE",
10.498900,2026-09-05T19:04:09.269+01:00,447572,1367815,230,230,True,True,0x04,"NO_IRQ,NO_IRQ,OK,RESYNC_NEEDED","NONE,NONE,DELTA,NONE",
10.500297,2026-09-05T19:04:09.292+01:00,447802,1367816,230,230,True,True,0x04,"NO_IRQ,NO_IRQ,OK,RESYNC_NEEDED","NONE,NONE,DELTA,NONE",
10.501455,2026-09-05T19:04:09.294+01:00,448032,1367817,136,136,True,True,0x04,"NO_IRQ,NO_IRQ,OK,RESYNC_NEEDED","NONE,NONE,DELTA,NONE",
10.502488,2026-09-05T19:04:09.295+01:00,448168,1367818,238,238,True,True,0x04,"NO_IRQ,NO_IRQ,OK,RESYNC_NEEDED","NONE,NONE,DELTA,NONE",
10.503816,2026-09-05T19:04:09.296+01:00,448406,1367819,232,232,True,True,0x04,"NO_IRQ,NO_IRQ,OK,RESYNC_NEEDED","NONE,NONE,DELTA,NONE",
10.504965,2026-09-05T19:04:09.297+01:00,448638,1367820,220,220,True,True,0x04,"NO_IRQ,NO_IRQ,OK,RESYNC_NEEDED","NONE,NONE,DELTA,NONE",
10.509300,2026-09-05T19:04:09.298+01:00,448858,1367821,134,134,True,True,0x04,"NO_IRQ,NO_IRQ,OK,RESYNC_NEEDED","NONE,NONE,DELTA,NONE",
10.514326,2026-09-05T19:04:09.303+01:00,448992,1367822,230,230,True,True,0x04,"NO_IRQ,NO_IRQ,OK,RESYNC_NEEDED","NONE,NONE,DELTA,NONE",
10.523987,2026-09-05T19:04:09.308+01:00,449222,1367823,234,234,True,True,0x04,"NO_IRQ,NO_IRQ,OK,RESYNC_NEEDED","NONE,NONE,DELTA,NONE",
10.530291,2026-09-05T19:04:09.323+01:00,449456,1367824,220,220,True,True,0x04,"NO_IRQ,NO_IRQ,OK,RESYNC_NEEDED","NONE,NONE,DELTA,NONE",
10.531187,2026-09-05T19:04:09.324+01:00,449676,1367825,138,138,True,True,0x04,"NO_IRQ,NO_IRQ,OK,RESYNC_NEEDED","NONE,NONE,DELTA,NONE",
10.534373,2026-09-05T19:04:09.325+01:00,449814,1367826,240,240,True,True,0x04,"NO_IRQ,NO_IRQ,OK,RESYNC_NEEDED","NONE,NONE,DELTA,NONE",
10.540204,2026-09-05T19:04:09.328+01:00,450054,1367827,252,252,True,True,0x04,"NO_IRQ,NO_IRQ,OK,RESYNC_NEEDED","NONE,NONE,DELTA,NONE",
10.544218,2026-09-05T19:04:09.334+01:00,450306,1367828,224,224,True,True,0x04,"NO_IRQ,NO_IRQ,OK,RESYNC_NEEDED","NONE,NONE,DELTA,NONE",
10.556519,2026-09-05T19:04:09.338+01:00,450530,1367829,134,134,True,True,0x04,"NO_IRQ,NO_IRQ,OK,RESYNC_NEEDED","NONE,NONE,DELTA,NONE",
10.558298,2026-09-05T19:04:09.350+01:00,450664,1367830,224,224,True,True,0x04,"NO_IRQ,NO_IRQ,OK,RESYNC_NEEDED","NONE,NONE,DELTA,NONE",
10.559193,2026-09-05T19:04:09.352+01:00,450888,1367831,232,232,True,True,0x04,"NO_IRQ,NO_IRQ,OK,RESYNC_NEEDED","NONE,NONE,DELTA,NONE",
10.564262,2026-09-05T19:04:09.353+01:00,451120,1367832,230,230,True,True,0x04,"NO_IRQ,NO_IRQ,OK,RESYNC_NEEDED","NONE,NONE,DELTA,NONE",
10.568855,2026-09-05T19:04:09.358+01:00,451350,1367833,140,140,True,True,0x04,"NO_IRQ,NO_IRQ,OK,RESYNC_NEEDED","NONE,NONE,DELTA,NONE",
10.581735,2026-09-05T19:04:09.362+01:00,451490,1367834,234,234,True,True,0x04,"NO_IRQ,NO_IRQ,OK,RESYNC_NEEDED","NONE,NONE,DELTA,NONE",
10.583000,2026-09-05T19:04:09.376+01:00,451724,1367835,1084,1084,True,True,0x04,"NO_IRQ,NO_IRQ,OK,RESYNC_NEEDED","NONE,NONE,DELTA_SYNC,NONE",
10.584501,2026-09-05T19:04:09.376+01:00,452808,1367836,232,232,True,True,0x04,"NO_IRQ,NO_IRQ,OK,RESYNC_NEEDED","NONE,NONE,DELTA,NONE",
10.588736,2026-09-05T19:04:09.378+01:00,453040,1367837,140,140,True,True,0x04,"NO_IRQ,NO_IRQ,OK,RESYNC_NEEDED","NONE,NONE,DELTA,NONE",
10.594028,2026-09-05T19:04:09.382+01:00,453180,1367838,226,226,True,True,0x04,"NO_IRQ,NO_IRQ,OK,RESYNC_NEEDED","NONE,NONE,DELTA,NONE",
10.610891,2026-09-05T19:04:09.388+01:00,453406,1367839,238,238,True,True,0x04,"NO_IRQ,NO_IRQ,OK,RESYNC_NEEDED","NONE,NONE,DELTA,NONE",
10.612036,2026-09-05T19:04:09.404+01:00,453644,1367840,222,222,True,True,0x04,"NO_IRQ,NO_IRQ,OK,RESYNC_NEEDED","NONE,NONE,DELTA,NONE",
10.612931,2026-09-05T19:04:09.405+01:00,453866,1367841,134,134,True,True,0x04,"NO_IRQ,NO_IRQ,OK,RESYNC_NEEDED","NONE,NONE,DELTA,NONE",
10.614348,2026-09-05T19:04:09.406+01:00,454000,1367842,228,228,True,True,0x04,"NO_IRQ,NO_IRQ,OK,RESYNC_NEEDED","NONE,NONE,DELTA,NONE",
10.619381,2026-09-05T19:04:09.408+01:00,454228,1367843,230,230,True,True,0x04,"NO_IRQ,NO_IRQ,OK,RESYNC_NEEDED","NONE,NONE,DELTA,NONE",
10.624908,2026-09-05T19:04:09.413+01:00,454458,1367844,232,232,True,True,0x04,"NO_IRQ,NO_IRQ,OK,RESYNC_NEEDED","NONE,NONE,DELTA,NONE",
10.638083,2026-09-05T19:04:09.419+01:00,454690,1367845,132,132,True,True,0x04,"NO_IRQ,NO_IRQ,OK,RESYNC_NEEDED","NONE,NONE,DELTA,NONE",
10.639180,2026-09-05T19:04:09.432+01:00,454822,1367846,226,226,True,True,0x04,"NO_IRQ,NO_IRQ,OK,RESYNC_NEEDED","NONE,NONE,DELTA,NONE",
10.640391,2026-09-05T19:04:09.433+01:00,455048,1367847,240,240,True,True,0x04,"NO_IRQ,NO_IRQ,OK,RESYNC_NEEDED","NONE,NONE,DELTA,NONE",
10.644581,2026-09-05T19:04:09.434+01:00,455288,1367848,236,236,True,True,0x04,"NO_IRQ,NO_IRQ,OK,RESYNC_NEEDED","NONE,NONE,DELTA,NONE",
10.649101,2026-09-05T19:04:09.438+01:00,455524,1367849,130,130,True,True,0x04,"NO_IRQ,NO_IRQ,OK,RESYNC_NEEDED","NONE,NONE,DELTA,NONE",
10.663961,2026-09-05T19:04:09.443+01:00,455654,1367850,222,222,True,True,0x04,"NO_IRQ,NO_IRQ,OK,RESYNC_NEEDED","NONE,NONE,DELTA,NONE",
10.665283,2026-09-05T19:04:09.457+01:00,455876,1367851,230,230,True,True,0x04,"NO_IRQ,NO_IRQ,OK,RESYNC_NEEDED","NONE,NONE,DELTA,NONE",
10.666227,2026-09-05T19:04:09.459+01:00,456106,1367852,226,226,True,True,0x04,"NO_IRQ,NO_IRQ,OK,RESYNC_NEEDED","NONE,NONE,DELTA,NONE",
10.669084,2026-09-05T19:04:09.460+01:00,456332,1367853,134,134,True,True,0x04,"NO_IRQ,NO_IRQ,OK,RESYNC_NEEDED","NONE,NONE,DELTA,NONE",
10.674258,2026-09-05T19:04:09.463+01:00,456466,1367854,230,230,True,True,0x04,"NO_IRQ,NO_IRQ,OK,RESYNC_NEEDED","NONE,NONE,DELTA,NONE",
10.679216,2026-09-05T19:04:09.468+01:00,456696,1367855,236,236,True,True,0x04,"NO_IRQ,NO_IRQ,OK,RESYNC_NEEDED","NONE,NONE,DELTA,NONE",
10.689697,2026-09-05T19:04:09.473+01:00,456932,1367856,244,244,True,True,0x04,"NO_IRQ,NO_IRQ,OK,RESYNC_NEEDED","NONE,NONE,DELTA,NONE",
10.690751,2026-09-05T19:04:09.483+01:00,457176,1367857,130,130,True,True,0x04,"NO_IRQ,NO_IRQ,OK,RESYNC_NEEDED","NONE,NONE,DELTA,NONE",
10.694269,2026-09-05T19:04:09.484+01:00,457306,1367858,214,214,True,True,0x04,"NO_IRQ,NO_IRQ,OK,RESYNC_NEEDED","NONE,NONE,DELTA,NONE",
10.699396,2026-09-05T19:04:09.488+01:00,457520,1367859,244,244,True,True,0x04,"NO_IRQ,NO_IRQ,OK,RESYNC_NEEDED","NONE,NONE,DELTA,NONE",
10.704919,2026-09-05T19:04:09.493+01:00,457764,1367860,246,246,True,True,0x04,"NO_IRQ,NO_IRQ,OK,RESYNC_NEEDED","NONE,NONE,DELTA,NONE",
10.710333,2026-09-05T19:04:09.498+01:00,458010,1367861,132,132,True,True,0x04,"NO_IRQ,NO_IRQ,OK,RESYNC_NEEDED","NONE,NONE,DELTA,NONE",
10.714250,2026-09-05T19:04:09.506+01:00,458142,1367862,224,224,True,True,0x04,"NO_IRQ,NO_IRQ,OK,RESYNC_NEEDED","NONE,NONE,DELTA,NONE",
10.718920,2026-09-05T19:04:09.508+01:00,458366,1367863,222,222,True,True,0x04,"NO_IRQ,NO_IRQ,OK,RESYNC_NEEDED","NONE,NONE,DELTA,NONE",
10.724499,2026-09-05T19:04:09.512+01:00,458588,1367864,240,240,True,True,0x04,"NO_IRQ,NO_IRQ,OK,RESYNC_NEEDED","NONE,NONE,DELTA,NONE",
10.728639,2026-09-05T19:04:09.518+01:00,458828,1367865,132,132,True,True,0x04,"NO_IRQ,NO_IRQ,OK,RESYNC_NEEDED","NONE,NONE,DELTA,NONE",
10.733708,2026-09-05T19:04:09.522+01:00,458960,1367866,232,232,True,True,0x04,"NO_IRQ,NO_IRQ,OK,RESYNC_NEEDED","NONE,NONE,DELTA,NONE",
10.745720,2026-09-05T19:04:09.527+01:00,459192,1367867,224,224,True,True,0x04,"NO_IRQ,NO_IRQ,OK,RESYNC_NEEDED","NONE,NONE,DELTA,NONE",
10.751396,2026-09-05T19:04:09.540+01:00,459416,1367868,230,230,True,True,0x04,"NO_IRQ,NO_IRQ,OK,RESYNC_NEEDED","NONE,NONE,DELTA,NONE",
10.752234,2026-09-05T19:04:09.545+01:00,459646,1367869,130,130,True,True,0x04,"NO_IRQ,NO_IRQ,OK,RESYNC_NEEDED","NONE,NONE,DELTA,NONE",
10.754004,2026-09-05T19:04:09.546+01:00,459776,1367870,232,232,True,True,0x04,"NO_IRQ,NO_IRQ,OK,RESYNC_NEEDED","NONE,NONE,DELTA,NONE",
10.759467,2026-09-05T19:04:09.547+01:00,460008,1367871,228,228,True,True,0x04,"NO_IRQ,NO_IRQ,OK,RESYNC_NEEDED","NONE,NONE,DELTA,NONE",
10.763809,2026-09-05T19:04:09.553+01:00,460236,1367872,230,230,True,True,0x04,"NO_IRQ,NO_IRQ,OK,RESYNC_NEEDED","NONE,NONE,DELTA,NONE",
10.771082,2026-09-05T19:04:09.557+01:00,460466,1367873,130,130,True,True,0x04,"NO_IRQ,NO_IRQ,OK,RESYNC_NEEDED","NONE,NONE,DELTA,NONE",
10.778193,2026-09-05T19:04:09.570+01:00,460596,1367874,226,226,True,True,0x04,"NO_IRQ,NO_IRQ,OK,RESYNC_NEEDED","NONE,NONE,DELTA,NONE",
10.779233,2026-09-05T19:04:09.572+01:00,460822,1367875,234,234,True,True,0x04,"NO_IRQ,NO_IRQ,OK,RESYNC_NEEDED","NONE,NONE,DELTA,NONE",
10.784023,2026-09-05T19:04:09.573+01:00,461056,1367876,238,238,True,True,0x04,"NO_IRQ,NO_IRQ,OK,RESYNC_NEEDED","NONE,NONE,DELTA,NONE",
10.789565,2026-09-05T19:04:09.578+01:00,461294,1367877,128,128,True,True,0x04,"NO_IRQ,NO_IRQ,OK,RESYNC_NEEDED","NONE,NONE,DELTA,NONE",
10.793769,2026-09-05T19:04:09.583+01:00,461422,1367878,226,226,True,True,0x04,"NO_IRQ,NO_IRQ,OK,RESYNC_NEEDED","NONE,NONE,DELTA,NONE",
10.802845,2026-09-05T19:04:09.587+01:00,461648,1367879,250,250,True,True,0x04,"NO_IRQ,NO_IRQ,OK,RESYNC_NEEDED","NONE,NONE,DELTA,NONE",
10.803817,2026-09-05T19:04:09.596+01:00,461898,1367880,250,250,True,True,0x04,"NO_IRQ,NO_IRQ,OK,RESYNC_NEEDED","NONE,NONE,DELTA,NONE",
10.808771,2026-09-05T19:04:09.598+01:00,462148,1367881,130,130,True,True,0x04,"NO_IRQ,NO_IRQ,OK,RESYNC_NEEDED","NONE,NONE,DELTA,NONE",
10.815154,2026-09-05T19:04:09.602+01:00,462278,1367882,234,234,True,True,0x04,"NO_IRQ,NO_IRQ,OK,RESYNC_NEEDED","NONE,NONE,DELTA,NONE",
10.819489,2026-09-05T19:04:09.609+01:00,462512,1367883,242,242,True,True,0x04,"NO_IRQ,NO_IRQ,OK,RESYNC_NEEDED","NONE,NONE,DELTA,NONE",
10.830756,2026-09-05T19:04:09.613+01:00,462754,1367884,242,242,True,True,0x04,"NO_IRQ,NO_IRQ,OK,RESYNC_NEEDED","NONE,NONE,DELTA,NONE",
10.831945,2026-09-05T19:04:09.624+01:00,462996,1367885,128,128,True,True,0x04,"NO_IRQ,NO_IRQ,OK,RESYNC_NEEDED","NONE,NONE,DELTA,NONE",
10.833660,2026-09-05T19:04:09.626+01:00,463124,1367886,214,214,True,True,0x04,"NO_IRQ,NO_IRQ,OK,RESYNC_NEEDED","NONE,NONE,DELTA,NONE",
10.839854,2026-09-05T19:04:09.627+01:00,463338,1367887,238,238,True,True,0x04,"NO_IRQ,NO_IRQ,OK,RESYNC_NEEDED","NONE,NONE,DELTA,NONE",
10.844272,2026-09-05T19:04:09.633+01:00,463576,1367888,242,242,True,True,0x04,"NO_IRQ,NO_IRQ,OK,RESYNC_NEEDED","NONE,NONE,DELTA,NONE",
10.857077,2026-09-05T19:04:09.638+01:00,463818,1367889,128,128,True,True,0x04,"NO_IRQ,NO_IRQ,OK,RESYNC_NEEDED","NONE,NONE,DELTA,NONE",
10.857963,2026-09-05T19:04:09.651+01:00,463946,1367890,222,222,True,True,0x04,"NO_IRQ,NO_IRQ,OK,RESYNC_NEEDED","NONE,NONE,DELTA,NONE",
10.858798,2026-09-05T19:04:09.651+01:00,464168,1367891,248,248,True,True,0x04,"NO_IRQ,NO_IRQ,OK,RESYNC_NEEDED","NONE,NONE,DELTA,NONE",
10.865091,2026-09-05T19:04:09.652+01:00,464416,1367892,256,256,True,True,0x04,"NO_IRQ,NO_IRQ,OK,RESYNC_NEEDED","NONE,NONE,DELTA,NONE",
10.868921,2026-09-05T19:04:09.659+01:00,464672,1367893,126,126,True,True,0x04,"NO_IRQ,NO_IRQ,OK,RESYNC_NEEDED","NONE,NONE,DELTA,NONE",
10.874632,2026-09-05T19:04:09.662+01:00,464798,1367894,228,228,True,True,0x04,"NO_IRQ,NO_IRQ,OK,RESYNC_NEEDED","NONE,NONE,DELTA,NONE",
10.879498,2026-09-05T19:04:09.668+01:00,465026,1367895,252,252,True,True,0x04,"NO_IRQ,NO_IRQ,OK,RESYNC_NEEDED","NONE,NONE,DELTA,NONE",
10.886456,2026-09-05T19:04:09.673+01:00,465278,1367896,250,250,True,True,0x04,"NO_IRQ,NO_IRQ,OK,RESYNC_NEEDED","NONE,NONE,DELTA,NONE",
10.898049,2026-09-05T19:04:09.680+01:00,465528,1367897,128,128,True,True,0x04,"NO_IRQ,NO_IRQ,OK,RESYNC_NEEDED","NONE,NONE,DELTA,NONE",
10.899779,2026-09-05T19:04:09.692+01:00,465656,1367898,218,218,True,True,0x04,"NO_IRQ,NO_IRQ,OK,RESYNC_NEEDED","NONE,NONE,DELTA,NONE",
10.903408,2026-09-05T19:04:09.694+01:00,465874,1367899,250,250,True,True,0x04,"NO_IRQ,NO_IRQ,OK,RESYNC_NEEDED","NONE,NONE,DELTA,NONE",
10.904913,2026-09-05T19:04:09.697+01:00,466124,1367900,258,258,True,True,0x04,"NO_IRQ,NO_IRQ,OK,RESYNC_NEEDED","NONE,NONE,DELTA,NONE",
10.909397,2026-09-05T19:04:09.698+01:00,466382,1367901,130,130,True,True,0x04,"NO_IRQ,NO_IRQ,OK,RESYNC_NEEDED","NONE,NONE,DELTA,NONE",
10.914324,2026-09-05T19:04:09.703+01:00,466512,1367902,220,220,True,True,0x04,"NO_IRQ,NO_IRQ,OK,RESYNC_NEEDED","NONE,NONE,DELTA,NONE",
10.919518,2026-09-05T19:04:09.708+01:00,466732,1367903,242,242,True,True,0x04,"NO_IRQ,NO_IRQ,OK,RESYNC_NEEDED","NONE,NONE,DELTA,NONE",
10.934511,2026-09-05T19:04:09.714+01:00,466974,1367904,246,246,True,True,0x04,"NO_IRQ,NO_IRQ,OK,RESYNC_NEEDED","NONE,NONE,DELTA,NONE",
10.935845,2026-09-05T19:04:09.728+01:00,467220,1367905,126,126,True,True,0x04,"NO_IRQ,NO_IRQ,OK,RESYNC_NEEDED","NONE,NONE,DELTA,NONE",
10.936935,2026-09-05T19:04:09.729+01:00,467346,1367906,216,216,True,True,0x04,"NO_IRQ,NO_IRQ,OK,RESYNC_NEEDED","NONE,NONE,DELTA,NONE",
10.938966,2026-09-05T19:04:09.730+01:00,467562,1367907,240,240,True,True,0x04,"NO_IRQ,NO_IRQ,OK,RESYNC_NEEDED","NONE,NONE,DELTA,NONE",
10.944379,2026-09-05T19:04:09.732+01:00,467802,1367908,250,250,True,True,0x04,"NO_IRQ,NO_IRQ,OK,RESYNC_NEEDED","NONE,NONE,DELTA,NONE",
10.953737,2026-09-05T19:04:09.746+01:00,468052,1367909,126,126,True,True,0x04,"NO_IRQ,NO_IRQ,OK,RESYNC_NEEDED","NONE,NONE,DELTA,NONE",
10.955039,2026-09-05T19:04:09.747+01:00,468178,1367910,222,222,True,True,0x04,"NO_IRQ,NO_IRQ,OK,RESYNC_NEEDED","NONE,NONE,DELTA,NONE",
10.969730,2026-09-05T19:04:09.749+01:00,468400,1367911,248,248,True,True,0x04,"NO_IRQ,NO_IRQ,OK,RESYNC_NEEDED","NONE,NONE,DELTA,NONE",
10.971085,2026-09-05T19:04:09.763+01:00,468648,1367912,260,260,True,True,0x04,"NO_IRQ,NO_IRQ,OK,RESYNC_NEEDED","NONE,NONE,DELTA,NONE",
10.972352,2026-09-05T19:04:09.765+01:00,468908,1367913,130,130,True,True,0x04,"NO_IRQ,NO_IRQ,OK,RESYNC_NEEDED","NONE,NONE,DELTA,NONE",
10.973933,2026-09-05T19:04:09.766+01:00,469038,1367914,218,218,True,True,0x04,"NO_IRQ,NO_IRQ,OK,RESYNC_NEEDED","NONE,NONE,DELTA,NONE",
10.979581,2026-09-05T19:04:09.768+01:00,469256,1367915,224,224,True,True,0x04,"NO_IRQ,NO_IRQ,OK,RESYNC_NEEDED","NONE,NONE,DELTA,NONE",
10.984974,2026-09-05T19:04:09.774+01:00,469480,1367916,252,252,True,True,0x04,"NO_IRQ,NO_IRQ,OK,RESYNC_NEEDED","NONE,NONE,DELTA,NONE",
10.989118,2026-09-05T19:04:09.778+01:00,469732,1367917,132,132,True,True,0x04,"NO_IRQ,NO_IRQ,OK,RESYNC_NEEDED","NONE,NONE,DELTA,NONE",
10.994254,2026-09-05T19:04:09.783+01:00,469864,1367918,228,228,True,True,0x04,"NO_IRQ,NO_IRQ,OK,RESYNC_NEEDED","NONE,NONE,DELTA,NONE",
10.998743,2026-09-05T19:04:09.788+01:00,470092,1367919,238,238,True,True,0x04,"NO_IRQ,NO_IRQ,OK,RESYNC_NEEDED","NONE,NONE,DELTA,NONE",
11.004076,2026-09-05T19:04:09.792+01:00,470330,1367920,266,266,True,True,0x04,"NO_IRQ,NO_IRQ,OK,RESYNC_NEEDED","NONE,NONE,DELTA,NONE",
11.010062,2026-09-05T19:04:09.797+01:00,470596,1367921,130,130,True,True,0x04,"NO_IRQ,NO_IRQ,OK,RESYNC_NEEDED","NONE,NONE,DELTA,NONE",
11.013972,2026-09-05T19:04:09.806+01:00,470726,1367922,224,224,True,True,0x04,"NO_IRQ,NO_IRQ,OK,RESYNC_NEEDED","NONE,NONE,DELTA,NONE",
11.018475,2026-09-05T19:04:09.808+01:00,470950,1367923,236,236,True,True,0x04,"NO_IRQ,NO_IRQ,OK,RESYNC_NEEDED","NONE,NONE,DELTA,NONE",
11.023604,2026-09-05T19:04:09.812+01:00,471186,1367924,250,250,True,True,0x04,"NO_IRQ,NO_IRQ,OK,RESYNC_NEEDED","NONE,NONE,DELTA,NONE",
11.028300,2026-09-05T19:04:09.817+01:00,471436,1367925,130,130,True,True,0x04,"NO_IRQ,NO_IRQ,OK,RESYNC_NEEDED","NONE,NONE,DELTA,NONE",
11.040009,2026-09-05T19:04:09.822+01:00,471566,1367926,212,212,True,True,0x04,"NO_IRQ,NO_IRQ,OK,RESYNC_NEEDED","NONE,NONE,DELTA,NONE",
11.040673,2026-09-05T19:04:09.833+01:00,471778,1367927,244,244,True,True,0x04,"NO_IRQ,NO_IRQ,OK,RESYNC_NEEDED","NONE,NONE,DELTA,NONE",
11.060375,2026-09-05T19:04:09.834+01:00,472022,1367928,260,260,True,True,0x04,"NO_IRQ,NO_IRQ,OK,RESYNC_NEEDED","NONE,NONE,DELTA,NONE",
11.061553,2026-09-05T19:04:09.854+01:00,472282,1367929,126,126,True,True,0x04,"NO_IRQ,NO_IRQ,OK,RESYNC_NEEDED","NONE,NONE,DELTA,NONE",
11.062545,2026-09-05T19:04:09.855+01:00,472408,1367930,216,216,True,True,0x04,"NO_IRQ,NO_IRQ,OK,RESYNC_NEEDED","NONE,NONE,DELTA,NONE",
11.063805,2026-09-05T19:04:09.856+01:00,472624,1367931,232,232,True,True,0x04,"NO_IRQ,NO_IRQ,OK,RESYNC_NEEDED","NONE,NONE,DELTA,NONE",
11.064634,2026-09-05T19:04:09.857+01:00,472856,1367932,256,256,True,True,0x04,"NO_IRQ,NO_IRQ,OK,RESYNC_NEEDED","NONE,NONE,DELTA,NONE",
11.068898,2026-09-05T19:04:09.858+01:00,473112,1367933,130,130,True,True,0x04,"NO_IRQ,NO_IRQ,OK,RESYNC_NEEDED","NONE,NONE,DELTA,NONE",
11.075288,2026-09-05T19:04:09.862+01:00,473242,1367934,202,202,True,True,0x04,"NO_IRQ,NO_IRQ,OK,RESYNC_NEEDED","NONE,NONE,DELTA,NONE",
11.087868,2026-09-05T19:04:09.869+01:00,473444,1367935,248,248,True,True,0x04,"NO_IRQ,NO_IRQ,OK,RESYNC_NEEDED","NONE,NONE,DELTA,NONE",
11.088299,2026-09-05T19:04:09.881+01:00,473692,1367936,242,242,True,True,0x04,"NO_IRQ,NO_IRQ,OK,RESYNC_NEEDED","NONE,NONE,DELTA,NONE",
11.089306,2026-09-05T19:04:09.882+01:00,473934,1367937,126,126,True,True,0x04,"NO_IRQ,NO_IRQ,OK,RESYNC_NEEDED","NONE,NONE,DELTA,NONE",
11.093929,2026-09-05T19:04:09.883+01:00,474060,1367938,216,216,True,True,0x04,"NO_IRQ,NO_IRQ,OK,RESYNC_NEEDED","NONE,NONE,DELTA,NONE",
11.098710,2026-09-05T19:04:09.887+01:00,474276,1367939,230,230,True,True,0x04,"NO_IRQ,NO_IRQ,OK,RESYNC_NEEDED","NONE,NONE,DELTA,NONE",
11.103727,2026-09-05T19:04:09.892+01:00,474506,1367940,258,258,True,True,0x04,"NO_IRQ,NO_IRQ,OK,RESYNC_NEEDED","NONE,NONE,DELTA,NONE",
11.112138,2026-09-05T19:04:09.898+01:00,474764,1367941,126,126,True,True,0x04,"NO_IRQ,NO_IRQ,OK,RESYNC_NEEDED","NONE,NONE,DELTA,NONE",
11.113388,2026-09-05T19:04:09.905+01:00,474890,1367942,210,210,True,True,0x04,"NO_IRQ,NO_IRQ,OK,RESYNC_NEEDED","NONE,NONE,DELTA,NONE",
11.118918,2026-09-05T19:04:09.907+01:00,475100,1367943,232,232,True,True,0x04,"NO_IRQ,NO_IRQ,OK,RESYNC_NEEDED","NONE,NONE,DELTA,NONE",
11.123831,2026-09-05T19:04:09.912+01:00,475332,1367944,248,248,True,True,0x04,"NO_IRQ,NO_IRQ,OK,RESYNC_NEEDED","NONE,NONE,DELTA,NONE",
11.133901,2026-09-05T19:04:09.917+01:00,475580,1367945,130,130,True,True,0x04,"NO_IRQ,NO_IRQ,OK,RESYNC_NEEDED","NONE,NONE,DELTA,NONE",
11.134249,2026-09-05T19:04:09.927+01:00,475710,1367946,210,210,True,True,0x04,"NO_IRQ,NO_IRQ,OK,RESYNC_NEEDED","NONE,NONE,DELTA,NONE",
11.139154,2026-09-05T19:04:09.928+01:00,475920,1367947,238,238,True,True,0x04,"NO_IRQ,NO_IRQ,OK,RESYNC_NEEDED","NONE,NONE,DELTA,NONE",
11.144052,2026-09-05T19:04:09.933+01:00,476158,1367948,250,250,True,True,0x04,"NO_IRQ,NO_IRQ,OK,RESYNC_NEEDED","NONE,NONE,DELTA,NONE",
11.148229,2026-09-05T19:04:09.937+01:00,476408,1367949,130,130,True,True,0x04,"NO_IRQ,NO_IRQ,OK,RESYNC_NEEDED","NONE,NONE,DELTA,NONE",
11.156926,2026-09-05T19:04:09.942+01:00,476538,1367950,208,208,True,True,0x04,"NO_IRQ,NO_IRQ,OK,RESYNC_NEEDED","NONE,NONE,DELTA,NONE",
11.158543,2026-09-05T19:04:09.951+01:00,476746,1367951,220,220,True,True,0x04,"NO_IRQ,NO_IRQ,OK,RESYNC_NEEDED","NONE,NONE,DELTA,NONE",
11.163550,2026-09-05T19:04:09.952+01:00,476966,1367952,254,254,True,True,0x04,"NO_IRQ,NO_IRQ,OK,RESYNC_NEEDED","NONE,NONE,DELTA,NONE",
11.168796,2026-09-05T19:04:09.957+01:00,477220,1367953,132,132,True,True,0x04,"NO_IRQ,NO_IRQ,OK,RESYNC_NEEDED","NONE,NONE,DELTA,NONE",
11.181259,2026-09-05T19:04:09.962+01:00,477352,1367954,210,210,True,True,0x04,"NO_IRQ,NO_IRQ,OK,RESYNC_NEEDED","NONE,NONE,DELTA,NONE",
11.182522,2026-09-05T19:04:09.975+01:00,477562,1367955,234,234,True,True,0x04,"NO_IRQ,NO_IRQ,OK,RESYNC_NEEDED","NONE,NONE,DELTA,NONE",
11.183957,2026-09-05T19:04:09.976+01:00,477796,1367956,260,260,True,True,0x04,"NO_IRQ,NO_IRQ,OK,RESYNC_NEEDED","NONE,NONE,DELTA,NONE",
11.188336,2026-09-05T19:04:09.978+01:00,478056,1367957,130,130,True,True,0x04,"NO_IRQ,NO_IRQ,OK,RESYNC_NEEDED","NONE,NONE,DELTA,NONE",
11.194539,2026-09-05T19:04:09.982+01:00,478186,1367958,208,208,True,True,0x04,"NO_IRQ,NO_IRQ,OK,RESYNC_NEEDED","NONE,NONE,DELTA,NONE",
11.205806,2026-09-05T19:04:09.988+01:00,478394,1367959,234,234,True,True,0x04,"NO_IRQ,NO_IRQ,OK,RESYNC_NEEDED","NONE,NONE,DELTA,NONE",
11.206477,2026-09-05T19:04:09.999+01:00,478628,1367960,242,242,True,True,0x04,"NO_IRQ,NO_IRQ,OK,RESYNC_NEEDED","NONE,NONE,DELTA,NONE",
11.208305,2026-09-05T19:04:10.000+01:00,478870,1367961,136,136,True,True,0x04,"NO_IRQ,NO_IRQ,OK,RESYNC_NEEDED","NONE,NONE,DELTA,NONE",
11.214044,2026-09-05T19:04:10.002+01:00,479006,1367962,214,214,True,True,0x04,"NO_IRQ,NO_IRQ,OK,RESYNC_NEEDED","NONE,NONE,DELTA,NONE",
11.218400,2026-09-05T19:04:10.007+01:00,479220,1367963,238,238,True,True,0x04,"NO_IRQ,NO_IRQ,OK,RESYNC_NEEDED","NONE,NONE,DELTA,NONE",
11.224950,2026-09-05T19:04:10.012+01:00,479458,1367964,262,262,True,True,0x04,"NO_IRQ,NO_IRQ,OK,RESYNC_NEEDED","NONE,NONE,DELTA,NONE",
11.228796,2026-09-05T19:04:10.021+01:00,479720,1367965,138,138,True,True,0x04,"NO_IRQ,NO_IRQ,OK,RESYNC_NEEDED","NONE,NONE,DELTA,NONE",
11.233513,2026-09-05T19:04:10.022+01:00,479858,1367966,202,202,True,True,0x04,"NO_IRQ,NO_IRQ,OK,RESYNC_NEEDED","NONE,NONE,DELTA,NONE",
11.238966,2026-09-05T19:04:10.027+01:00,480060,1367967,232,232,True,True,0x04,"NO_IRQ,NO_IRQ,OK,RESYNC_NEEDED","NONE,NONE,DELTA,NONE",
11.246542,2026-09-05T19:04:10.032+01:00,480292,1367968,252,252,True,True,0x04,"NO_IRQ,NO_IRQ,OK,RESYNC_NEEDED","NONE,NONE,DELTA,NONE",
11.248852,2026-09-05T19:04:10.042+01:00,480544,1367969,130,130,True,True,0x04,"NO_IRQ,NO_IRQ,OK,RESYNC_NEEDED","NONE,NONE,DELTA,NONE",
11.255331,2026-09-05T19:04:10.043+01:00,480674,1367970,200,200,True,True,0x04,"NO_IRQ,NO_IRQ,OK,RESYNC_NEEDED","NONE,NONE,DELTA,NONE",
11.258759,2026-09-05T19:04:10.049+01:00,480874,1367971,242,242,True,True,0x04,"NO_IRQ,NO_IRQ,OK,RESYNC_NEEDED","NONE,NONE,DELTA,NONE",
11.263851,2026-09-05T19:04:10.052+01:00,481116,1367972,244,244,True,True,0x04,"NO_IRQ,NO_IRQ,OK,RESYNC_NEEDED","NONE,NONE,DELTA,NONE",
11.268106,2026-09-05T19:04:10.057+01:00,481360,1367973,138,138,True,True,0x04,"NO_IRQ,NO_IRQ,OK,RESYNC_NEEDED","NONE,NONE,DELTA,NONE",
11.273108,2026-09-05T19:04:10.061+01:00,481498,1367974,200,200,True,True,0x04,"NO_IRQ,NO_IRQ,OK,RESYNC_NEEDED","NONE,NONE,DELTA,NONE",
11.288142,2026-09-05T19:04:10.066+01:00,481698,1367975,244,244,True,True,0x04,"NO_IRQ,NO_IRQ,OK,RESYNC_NEEDED","NONE,NONE,DELTA,NONE",
11.295176,2026-09-05T19:04:10.083+01:00,481942,1367976,260,260,True,True,0x04,"NO_IRQ,NO_IRQ,OK,RESYNC_NEEDED","NONE,NONE,DELTA,NONE",
11.295675,2026-09-05T19:04:10.089+01:00,482202,1367977,136,136,True,True,0x04,"NO_IRQ,NO_IRQ,OK,RESYNC_NEEDED","NONE,NONE,DELTA,NONE",
11.296446,2026-09-05T19:04:10.089+01:00,482338,1367978,200,200,True,True,0x04,"NO_IRQ,NO_IRQ,OK,RESYNC_NEEDED","NONE,NONE,DELTA,NONE",
11.298346,2026-09-05T19:04:10.090+01:00,482538,1367979,232,232,True,True,0x04,"NO_IRQ,NO_IRQ,OK,RESYNC_NEEDED","NONE,NONE,DELTA,NONE",
11.303699,2026-09-05T19:04:10.092+01:00,482770,1367980,244,244,True,True,0x04,"NO_IRQ,NO_IRQ,OK,RESYNC_NEEDED","NONE,NONE,DELTA,NONE",
11.308365,2026-09-05T19:04:10.097+01:00,483014,1367981,134,134,True,True,0x04,"NO_IRQ,NO_IRQ,OK,RESYNC_NEEDED","NONE,NONE,DELTA,NONE",
11.321008,2026-09-05T19:04:10.102+01:00,483148,1367982,188,188,True,True,0x04,"NO_IRQ,NO_IRQ,OK,RESYNC_NEEDED","NONE,NONE,DELTA,NONE",
11.321761,2026-09-05T19:04:10.114+01:00,483336,1367983,236,236,True,True,0x04,"NO_IRQ,NO_IRQ,OK,RESYNC_NEEDED","NONE,NONE,DELTA,NONE",
11.323534,2026-09-05T19:04:10.115+01:00,483572,1367984,256,256,True,True,0x04,"NO_IRQ,NO_IRQ,OK,RESYNC_NEEDED","NONE,NONE,DELTA,NONE",
11.328416,2026-09-05T19:04:10.117+01:00,483828,1367985,146,146,True,True,0x04,"NO_IRQ,NO_IRQ,OK,RESYNC_NEEDED","NONE,NONE,DELTA,NONE",
11.339000,2026-09-05T19:04:10.122+01:00,483974,1367986,194,194,True,True,0x04,"NO_IRQ,NO_IRQ,OK,RESYNC_NEEDED","NONE,NONE,DELTA,NONE",
11.341999,2026-09-05T19:04:10.135+01:00,484168,1367987,248,248,True,True,0x04,"NO_IRQ,NO_IRQ,OK,RESYNC_NEEDED","NONE,NONE,DELTA,NONE",
11.343437,2026-09-05T19:04:10.135+01:00,484416,1367988,250,250,True,True,0x04,"NO_IRQ,NO_IRQ,OK,RESYNC_NEEDED","NONE,NONE,DELTA,NONE",
11.348411,2026-09-05T19:04:10.137+01:00,484666,1367989,150,150,True,True,0x04,"NO_IRQ,NO_IRQ,OK,RESYNC_NEEDED","NONE,NONE,DELTA,NONE",
11.358142,2026-09-05T19:04:10.142+01:00,484816,1367990,202,202,True,True,0x04,"NO_IRQ,NO_IRQ,OK,RESYNC_NEEDED","NONE,NONE,DELTA,NONE",
11.363358,2026-09-05T19:04:10.152+01:00,485018,1367991,248,248,True,True,0x04,"NO_IRQ,NO_IRQ,OK,RESYNC_NEEDED","NONE,NONE,DELTA,NONE",
11.364650,2026-09-05T19:04:10.157+01:00,485266,1367992,248,248,True,True,0x04,"NO_IRQ,NO_IRQ,OK,RESYNC_NEEDED","NONE,NONE,DELTA,NONE",
11.368714,2026-09-05T19:04:10.158+01:00,485514,1367993,142,142,True,True,0x04,"NO_IRQ,NO_IRQ,OK,RESYNC_NEEDED","NONE,NONE,DELTA,NONE",
11.373684,2026-09-05T19:04:10.162+01:00,485656,1367994,180,180,True,True,0x04,"NO_IRQ,NO_IRQ,OK,RESYNC_NEEDED","NONE,NONE,DELTA,NONE",
11.389931,2026-09-05T19:04:10.167+01:00,485836,1367995,246,246,True,True,0x04,"NO_IRQ,NO_IRQ,OK,RESYNC_NEEDED","NONE,NONE,DELTA,NONE",
11.390328,2026-09-05T19:04:10.183+01:00,486082,1367996,258,258,True,True,0x04,"NO_IRQ,NO_IRQ,OK,RESYNC_NEEDED","NONE,NONE,DELTA,NONE",
11.391945,2026-09-05T19:04:10.184+01:00,486340,1367997,140,140,True,True,0x04,"NO_IRQ,NO_IRQ,OK,RESYNC_NEEDED","NONE,NONE,DELTA,NONE",
11.393628,2026-09-05T19:04:10.185+01:00,486480,1367998,182,182,True,True,0x04,"NO_IRQ,NO_IRQ,OK,RESYNC_NEEDED","NONE,NONE,DELTA,NONE",
11.399209,2026-09-05T19:04:10.187+01:00,486662,1367999,246,246,True,True,0x04,"NO_IRQ,NO_IRQ,OK,RESYNC_NEEDED","NONE,NONE,DELTA,NONE",
11.403266,2026-09-05T19:04:10.193+01:00,486908,1368000,252,252,True,True,0x04,"NO_IRQ,NO_IRQ,OK,RESYNC_NEEDED","NONE,NONE,DELTA,NONE",
11.413966,2026-09-05T19:04:10.197+01:00,487160,1368001,140,140,True,True,0x04,"NO_IRQ,NO_IRQ,OK,RESYNC_NEEDED","NONE,NONE,DELTA,NONE",
11.414838,2026-09-05T19:04:10.207+01:00,487300,1368002,182,182,True,True,0x04,"NO_IRQ,NO_IRQ,OK,RESYNC_NEEDED","NONE,NONE,DELTA,NONE",
11.418332,2026-09-05T19:04:10.208+01:00,487482,1368003,240,240,True,True,0x04,"NO_IRQ,NO_IRQ,OK,RESYNC_NEEDED","NONE,NONE,DELTA,NONE",
11.423389,2026-09-05T19:04:10.212+01:00,487722,1368004,250,250,True,True,0x04,"NO_IRQ,NO_IRQ,OK,RESYNC_NEEDED","NONE,NONE,DELTA,NONE",
11.437950,2026-09-05T19:04:10.217+01:00,487972,1368005,144,144,True,True,0x04,"NO_IRQ,NO_IRQ,OK,RESYNC_NEEDED","NONE,NONE,DELTA,NONE",
11.438750,2026-09-05T19:04:10.231+01:00,488116,1368006,186,186,True,True,0x04,"NO_IRQ,NO_IRQ,OK,RESYNC_NEEDED","NONE,NONE,DELTA,NONE",
11.439569,2026-09-05T19:04:10.232+01:00,488302,1368007,240,240,True,True,0x04,"NO_IRQ,NO_IRQ,OK,RESYNC_NEEDED","NONE,NONE,DELTA,NONE",
11.443247,2026-09-05T19:04:10.233+01:00,488542,1368008,248,248,True,True,0x04,"NO_IRQ,NO_IRQ,OK,RESYNC_NEEDED","NONE,NONE,DELTA,NONE",
11.448158,2026-09-05T19:04:10.237+01:00,488790,1368009,146,146,True,True,0x04,"NO_IRQ,NO_IRQ,OK,RESYNC_NEEDED","NONE,NONE,DELTA,NONE",
11.458909,2026-09-05T19:04:10.242+01:00,488936,1368010,184,184,True,True,0x04,"NO_IRQ,NO_IRQ,OK,RESYNC_NEEDED","NONE,NONE,DELTA,NONE",
11.459547,2026-09-05T19:04:10.252+01:00,489120,1368011,240,240,True,True,0x04,"NO_IRQ,NO_IRQ,OK,RESYNC_NEEDED","NONE,NONE,DELTA,NONE",
11.463027,2026-09-05T19:04:10.253+01:00,489360,1368012,258,258,True,True,0x04,"NO_IRQ,NO_IRQ,OK,RESYNC_NEEDED","NONE,NONE,DELTA,NONE",
11.468114,2026-09-05T19:04:10.256+01:00,489618,1368013,144,144,True,True,0x04,"NO_IRQ,NO_IRQ,OK,RESYNC_NEEDED","NONE,NONE,DELTA,NONE",
11.473158,2026-09-05T19:04:10.261+01:00,489762,1368014,170,170,True,True,0x04,"NO_IRQ,NO_IRQ,OK,RESYNC_NEEDED","NONE,NONE,DELTA,NONE",
11.478033,2026-09-05T19:04:10.266+01:00,489932,1368015,242,242,True,True,0x04,"NO_IRQ,NO_IRQ,OK,RESYNC_NEEDED","NONE,NONE,DELTA,NONE",
11.482963,2026-09-05T19:04:10.271+01:00,490174,1368016,256,256,True,True,0x04,"NO_IRQ,NO_IRQ,OK,RESYNC_NEEDED","NONE,NONE,DELTA,NONE",
11.487893,2026-09-05T19:04:10.276+01:00,490430,1368017,144,144,True,True,0x04,"NO_IRQ,NO_IRQ,OK,RESYNC_NEEDED","NONE,NONE,DELTA,NONE",
11.492808,2026-09-05T19:04:10.281+01:00,490574,1368018,174,174,True,True,0x04,"NO_IRQ,NO_IRQ,OK,RESYNC_NEEDED","NONE,NONE,DELTA,NONE",
11.506969,2026-09-05T19:04:10.286+01:00,490748,1368019,250,250,True,True,0x04,"NO_IRQ,NO_IRQ,OK,RESYNC_NEEDED","NONE,NONE,DELTA,NONE",
11.507323,2026-09-05T19:04:10.300+01:00,490998,1368020,250,250,True,True,0x04,"NO_IRQ,NO_IRQ,OK,RESYNC_NEEDED","NONE,NONE,DELTA,NONE",
11.507644,2026-09-05T19:04:10.301+01:00,491248,1368021,146,146,True,True,0x04,"NO_IRQ,NO_IRQ,OK,RESYNC_NEEDED","NONE,NONE,DELTA,NONE",
11.522237,2026-09-05T19:04:10.301+01:00,491394,1368022,170,170,True,True,0x04,"NO_IRQ,NO_IRQ,OK,RESYNC_NEEDED","NONE,NONE,DELTA,NONE",
11.523582,2026-09-05T19:04:10.316+01:00,491564,1368023,244,244,True,True,0x04,"NO_IRQ,NO_IRQ,OK,RESYNC_NEEDED","NONE,NONE,DELTA,NONE",
11.524474,2026-09-05T19:04:10.317+01:00,491808,1368024,262,262,True,True,0x04,"NO_IRQ,NO_IRQ,OK,RESYNC_NEEDED","NONE,NONE,DELTA,NONE",
11.529198,2026-09-05T19:04:10.318+01:00,492070,1368025,158,158,True,True,0x04,"NO_IRQ,NO_IRQ,OK,RESYNC_NEEDED","NONE,NONE,DELTA,NONE",
11.533948,2026-09-05T19:04:10.323+01:00,492228,1368026,178,178,True,True,0x04,"NO_IRQ,NO_IRQ,OK,RESYNC_NEEDED","NONE,NONE,DELTA,NONE",
11.538624,2026-09-05T19:04:10.328+01:00,492406,1368027,252,252,True,True,0x04,"NO_IRQ,NO_IRQ,OK,RESYNC_NEEDED","NONE,NONE,DELTA,NONE",
11.543142,2026-09-05T19:04:10.332+01:00,492658,1368028,256,256,True,True,0x04,"NO_IRQ,NO_IRQ,OK,RESYNC_NEEDED","NONE,NONE,DELTA,NONE",
11.552863,2026-09-05T19:04:10.336+01:00,492914,1368029,156,156,True,True,0x04,"NO_IRQ,NO_IRQ,OK,RESYNC_NEEDED","NONE,NONE,DELTA,NONE",
11.557148,2026-09-05T19:04:10.350+01:00,493070,1368030,172,172,True,True,0x04,"NO_IRQ,NO_IRQ,OK,RESYNC_NEEDED","NONE,NONE,DELTA,NONE",
11.558372,2026-09-05T19:04:10.351+01:00,493242,1368031,250,250,True,True,0x04,"NO_IRQ,NO_IRQ,OK,RESYNC_NEEDED","NONE,NONE,DELTA,NONE",
11.563361,2026-09-05T19:04:10.352+01:00,493492,1368032,256,256,True,True,0x04,"NO_IRQ,NO_IRQ,OK,RESYNC_NEEDED","NONE,NONE,DELTA,NONE",
11.568267,2026-09-05T19:04:10.357+01:00,493748,1368033,154,154,True,True,0x04,"NO_IRQ,NO_IRQ,OK,RESYNC_NEEDED","NONE,NONE,DELTA,NONE",
11.573242,2026-09-05T19:04:10.362+01:00,493902,1368034,174,174,True,True,0x04,"NO_IRQ,NO_IRQ,OK,RESYNC_NEEDED","NONE,NONE,DELTA,NONE",
11.583186,2026-09-05T19:04:10.367+01:00,494076,1368035,1084,1084,True,True,0x04,"NO_IRQ,NO_IRQ,OK,RESYNC_NEEDED","NONE,NONE,DELTA_SYNC,NONE",
11.584211,2026-09-05T19:04:10.377+01:00,495160,1368036,262,262,True,True,0x04,"NO_IRQ,NO_IRQ,OK,RESYNC_NEEDED","NONE,NONE,DELTA,NONE",
11.588226,2026-09-05T19:04:10.378+01:00,495422,1368037,156,156,True,True,0x04,"NO_IRQ,NO_IRQ,OK,RESYNC_NEEDED","NONE,NONE,DELTA,NONE",
11.593308,2026-09-05T19:04:10.382+01:00,495578,1368038,160,160,True,True,0x04,"NO_IRQ,NO_IRQ,OK,RESYNC_NEEDED","NONE,NONE,DELTA,NONE",
11.597980,2026-09-05T19:04:10.387+01:00,495738,1368039,236,236,True,True,0x04,"NO_IRQ,NO_IRQ,OK,RESYNC_NEEDED","NONE,NONE,DELTA,NONE",
11.607762,2026-09-05T19:04:10.391+01:00,495974,1368040,252,252,True,True,0x04,"NO_IRQ,NO_IRQ,OK,RESYNC_NEEDED","NONE,NONE,DELTA,NONE",
11.608793,2026-09-05T19:04:10.401+01:00,496226,1368041,150,150,True,True,0x04,"NO_IRQ,NO_IRQ,OK,RESYNC_NEEDED","NONE,NONE,DELTA,NONE",
11.612951,2026-09-05T19:04:10.402+01:00,496376,1368042,168,168,True,True,0x04,"NO_IRQ,NO_IRQ,OK,RESYNC_NEEDED","NONE,NONE,DELTA,NONE",
11.618815,2026-09-05T19:04:10.407+01:00,496544,1368043,246,246,True,True,0x04,"NO_IRQ,NO_IRQ,OK,RESYNC_NEEDED","NONE,NONE,DELTA,NONE",
11.633989,2026-09-05T19:04:10.412+01:00,496790,1368044,246,246,True,True,0x04,"NO_IRQ,NO_IRQ,OK,RESYNC_NEEDED","NONE,NONE,DELTA,NONE",
11.634584,2026-09-05T19:04:10.427+01:00,497036,1368045,152,152,True,True,0x04,"NO_IRQ,NO_IRQ,OK,RESYNC_NEEDED","NONE,NONE,DELTA,NONE",
11.635278,2026-09-05T19:04:10.428+01:00,497188,1368046,170,170,True,True,0x04,"NO_IRQ,NO_IRQ,OK,RESYNC_NEEDED","NONE,NONE,DELTA,NONE",
11.638384,2026-09-05T19:04:10.429+01:00,497358,1368047,248,248,True,True,0x04,"NO_IRQ,NO_IRQ,OK,RESYNC_NEEDED","NONE,NONE,DELTA,NONE",
11.642961,2026-09-05T19:04:10.432+01:00,497606,1368048,254,254,True,True,0x04,"NO_IRQ,NO_IRQ,OK,RESYNC_NEEDED","NONE,NONE,DELTA,NONE",
11.648133,2026-09-05T19:04:10.436+01:00,497860,1368049,156,156,True,True,0x04,"NO_IRQ,NO_IRQ,OK,RESYNC_NEEDED","NONE,NONE,DELTA,NONE",
11.659288,2026-09-05T19:04:10.442+01:00,498016,1368050,162,162,True,True,0x04,"NO_IRQ,NO_IRQ,OK,RESYNC_NEEDED","NONE,NONE,DELTA,NONE",
11.660237,2026-09-05T19:04:10.453+01:00,498178,1368051,254,254,True,True,0x04,"NO_IRQ,NO_IRQ,OK,RESYNC_NEEDED","NONE,NONE,DELTA,NONE",
11.662847,2026-09-05T19:04:10.454+01:00,498432,1368052,262,262,True,True,0x04,"NO_IRQ,NO_IRQ,OK,RESYNC_NEEDED","NONE,NONE,DELTA,NONE",
11.668009,2026-09-05T19:04:10.456+01:00,498694,1368053,162,162,True,True,0x04,"NO_IRQ,NO_IRQ,OK,RESYNC_NEEDED","NONE,NONE,DELTA,NONE",
11.672988,2026-09-05T19:04:10.461+01:00,498856,1368054,172,172,True,True,0x04,"NO_IRQ,NO_IRQ,OK,RESYNC_NEEDED","NONE,NONE,DELTA,NONE",
11.685720,2026-09-05T19:04:10.467+01:00,499028,1368055,256,256,True,True,0x04,"NO_IRQ,NO_IRQ,OK,RESYNC_NEEDED","NONE,NONE,DELTA,NONE",
11.686382,2026-09-05T19:04:10.479+01:00,499284,1368056,266,266,True,True,0x04,"NO_IRQ,NO_IRQ,OK,RESYNC_NEEDED","NONE,NONE,DELTA,NONE",
11.688250,2026-09-05T19:04:10.480+01:00,499550,1368057,160,160,True,True,0x04,"NO_IRQ,NO_IRQ,OK,RESYNC_NEEDED","NONE,NONE,DELTA,NONE",
11.693194,2026-09-05T19:04:10.482+01:00,499710,1368058,166,166,True,True,0x04,"NO_IRQ,NO_IRQ,OK,RESYNC_NEEDED","NONE,NONE,DELTA,NONE",
11.698071,2026-09-05T19:04:10.487+01:00,499876,1368059,244,244,True,True,0x04,"NO_IRQ,NO_IRQ,OK,RESYNC_NEEDED","NONE,NONE,DELTA,NONE",
11.706654,2026-09-05T19:04:10.491+01:00,500120,1368060,260,260,True,True,0x04,"NO_IRQ,NO_IRQ,OK,RESYNC_NEEDED","NONE,NONE,DELTA,NONE",
11.707614,2026-09-05T19:04:10.500+01:00,500380,1368061,164,164,True,True,0x04,"NO_IRQ,NO_IRQ,OK,RESYNC_NEEDED","NONE,NONE,DELTA,NONE",
11.714401,2026-09-05T19:04:10.501+01:00,500544,1368062,160,160,True,True,0x04,"NO_IRQ,NO_IRQ,OK,RESYNC_NEEDED","NONE,NONE,DELTA,NONE",
11.718159,2026-09-05T19:04:10.508+01:00,500704,1368063,248,248,True,True,0x04,"NO_IRQ,NO_IRQ,OK,RESYNC_NEEDED","NONE,NONE,DELTA,NONE",
11.724027,2026-09-05T19:04:10.512+01:00,500952,1368064,266,266,True,True,0x04,"NO_IRQ,NO_IRQ,OK,RESYNC_NEEDED","NONE,NONE,DELTA,NONE",
11.728078,2026-09-05T19:04:10.517+01:00,501218,1368065,166,166,True,True,0x04,"NO_IRQ,NO_IRQ,OK,RESYNC_NEEDED","NONE,NONE,DELTA,NONE",
11.732579,2026-09-05T19:04:10.521+01:00,501384,1368066,164,164,True,True,0x04,"NO_IRQ,NO_IRQ,OK,RESYNC_NEEDED","NONE,NONE,DELTA,NONE",
11.738314,2026-09-05T19:04:10.526+01:00,501548,1368067,246,246,True,True,0x04,"NO_IRQ,NO_IRQ,OK,RESYNC_NEEDED","NONE,NONE,DELTA,NONE",
11.742659,2026-09-05T19:04:10.532+01:00,501794,1368068,260,260,True,True,0x04,"NO_IRQ,NO_IRQ,OK,RESYNC_NEEDED","NONE,NONE,DELTA,NONE",
11.756001,2026-09-05T19:04:10.536+01:00,502054,1368069,156,156,True,True,0x04,"NO_IRQ,NO_IRQ,OK,RESYNC_NEEDED","NONE,NONE,DELTA,NONE",
11.757176,2026-09-05T19:04:10.549+01:00,502210,1368070,160,160,True,True,0x04,"NO_IRQ,NO_IRQ,OK,RESYNC_NEEDED","NONE,NONE,DELTA,NONE",
11.758047,2026-09-05T19:04:10.551+01:00,502370,1368071,254,254,True,True,0x04,"NO_IRQ,NO_IRQ,OK,RESYNC_NEEDED","NONE,NONE,DELTA,NONE",
11.762699,2026-09-05T19:04:10.551+01:00,502624,1368072,254,254,True,True,0x04,"NO_IRQ,NO_IRQ,OK,RESYNC_NEEDED","NONE,NONE,DELTA,NONE",
11.768328,2026-09-05T19:04:10.556+01:00,502878,1368073,172,172,True,True,0x04,"NO_IRQ,NO_IRQ,OK,RESYNC_NEEDED","NONE,NONE,DELTA,NONE",
11.777387,2026-09-05T19:04:10.562+01:00,503050,1368074,166,166,True,True,0x04,"NO_IRQ,NO_IRQ,OK,RESYNC_NEEDED","NONE,NONE,DELTA,NONE",
11.778088,2026-09-05T19:04:10.571+01:00,503216,1368075,250,250,True,True,0x04,"NO_IRQ,NO_IRQ,OK,RESYNC_NEEDED","NONE,NONE,DELTA,NONE",
11.783278,2026-09-05T19:04:10.571+01:00,503466,1368076,242,242,True,True,0x04,"NO_IRQ,NO_IRQ,OK,RESYNC_NEEDED","NONE,NONE,DELTA,NONE",
11.788394,2026-09-05T19:04:10.577+01:00,503708,1368077,164,164,True,True,0x04,"NO_IRQ,NO_IRQ,OK,RESYNC_NEEDED","NONE,NONE,DELTA,NONE",
11.797754,2026-09-05T19:04:10.582+01:00,503872,1368078,156,156,True,True,0x04,"NO_IRQ,NO_IRQ,OK,RESYNC_NEEDED","NONE,NONE,DELTA,NONE",
11.798906,2026-09-05T19:04:10.591+01:00,504028,1368079,242,242,True,True,0x04,"NO_IRQ,NO_IRQ,OK,RESYNC_NEEDED","NONE,NONE,DELTA,NONE",
11.803552,2026-09-05T19:04:10.592+01:00,504270,1368080,254,254,True,True,0x04,"NO_IRQ,NO_IRQ,OK,RESYNC_NEEDED","NONE,NONE,DELTA,NONE",
11.807979,2026-09-05T19:04:10.597+01:00,504524,1368081,162,162,True,True,0x04,"NO_IRQ,NO_IRQ,OK,RESYNC_NEEDED","NONE,NONE,DELTA,NONE",
11.815591,2026-09-05T19:04:10.601+01:00,504686,1368082,158,158,True,True,0x04,"NO_IRQ,NO_IRQ,OK,RESYNC_NEEDED","NONE,NONE,DELTA,NONE",
11.817816,2026-09-05T19:04:10.609+01:00,504844,1368083,246,246,True,True,0x04,"NO_IRQ,NO_IRQ,OK,RESYNC_NEEDED","NONE,NONE,DELTA,NONE",
11.822982,2026-09-05T19:04:10.611+01:00,505090,1368084,240,240,True,True,0x04,"NO_IRQ,NO_IRQ,OK,RESYNC_NEEDED","NONE,NONE,DELTA,NONE",
11.827778,2026-09-05T19:04:10.616+01:00,505330,1368085,166,166,True,True,0x04,"NO_IRQ,NO_IRQ,OK,RESYNC_NEEDED","NONE,NONE,DELTA,NONE",
11.837833,2026-09-05T19:04:10.621+01:00,505496,1368086,160,160,True,True,0x04,"NO_IRQ,NO_IRQ,OK,RESYNC_NEEDED","NONE,NONE,DELTA,NONE",
11.838603,2026-09-05T19:04:10.631+01:00,505656,1368087,244,244,True,True,0x04,"NO_IRQ,NO_IRQ,OK,RESYNC_NEEDED","NONE,NONE,DELTA,NONE",
11.843225,2026-09-05T19:04:10.632+01:00,505900,1368088,250,250,True,True,0x04,"NO_IRQ,NO_IRQ,OK,RESYNC_NEEDED","NONE,NONE,DELTA,NONE",
11.848023,2026-09-05T19:04:10.637+01:00,506150,1368089,168,168,True,True,0x04,"NO_IRQ,NO_IRQ,OK,RESYNC_NEEDED","NONE,NONE,DELTA,NONE",
11.856358,2026-09-05T19:04:10.641+01:00,506318,1368090,154,154,True,True,0x04,"NO_IRQ,NO_IRQ,OK,RESYNC_NEEDED","NONE,NONE,DELTA,NONE",
11.857656,2026-09-05T19:04:10.650+01:00,506472,1368091,242,242,True,True,0x04,"NO_IRQ,NO_IRQ,OK,RESYNC_NEEDED","NONE,NONE,DELTA,NONE",
11.862778,2026-09-05T19:04:10.651+01:00,506714,1368092,254,254,True,True,0x04,"NO_IRQ,NO_IRQ,OK,RESYNC_NEEDED","NONE,NONE,DELTA,NONE",
11.873516,2026-09-05T19:04:10.656+01:00,506968,1368093,168,168,True,True,0x04,"NO_IRQ,NO_IRQ,OK,RESYNC_NEEDED","NONE,NONE,DELTA,NONE",
11.874147,2026-09-05T19:04:10.667+01:00,507136,1368094,154,154,True,True,0x04,"NO_IRQ,NO_IRQ,OK,RESYNC_NEEDED","NONE,NONE,DELTA,NONE",
11.878097,2026-09-05T19:04:10.668+01:00,507290,1368095,244,244,True,True,0x04,"NO_IRQ,NO_IRQ,OK,RESYNC_NEEDED","NONE,NONE,DELTA,NONE",
11.882624,2026-09-05T19:04:10.672+01:00,507534,1368096,250,250,True,True,0x04,"NO_IRQ,NO_IRQ,OK,RESYNC_NEEDED","NONE,NONE,DELTA,NONE",
11.892441,2026-09-05T19:04:10.676+01:00,507784,1368097,170,170,True,True,0x04,"NO_IRQ,NO_IRQ,OK,RESYNC_NEEDED","NONE,NONE,DELTA,NONE",
11.893499,2026-09-05T19:04:10.686+01:00,507954,1368098,148,148,True,True,0x04,"NO_IRQ,NO_IRQ,OK,RESYNC_NEEDED","NONE,NONE,DELTA,NONE",
11.897740,2026-09-05T19:04:10.687+01:00,508102,1368099,250,250,True,True,0x04,"NO_IRQ,NO_IRQ,OK,RESYNC_NEEDED","NONE,NONE,DELTA,NONE",
11.902656,2026-09-05T19:04:10.691+01:00,508352,1368100,250,250,True,True,0x04,"NO_IRQ,NO_IRQ,OK,RESYNC_NEEDED","NONE,NONE,DELTA,NONE",
11.910081,2026-09-05T19:04:10.696+01:00,508602,1368101,174,174,True,True,0x04,"NO_IRQ,NO_IRQ,OK,RESYNC_NEEDED","NONE,NONE,DELTA,NONE",
11.913447,2026-09-05T19:04:10.703+01:00,508776,1368102,166,166,True,True,0x04,"NO_IRQ,NO_IRQ,OK,RESYNC_NEEDED","NONE,NONE,DELTA,NONE",
11.919363,2026-09-05T19:04:10.707+01:00,508942,1368103,238,238,True,True,0x04,"NO_IRQ,NO_IRQ,OK,RESYNC_NEEDED","NONE,NONE,DELTA,NONE",
11.922631,2026-09-05T19:04:10.713+01:00,509180,1368104,248,248,True,True,0x04,"NO_IRQ,NO_IRQ,OK,RESYNC_NEEDED","NONE,NONE,DELTA,NONE",
11.927303,2026-09-05T19:04:10.716+01:00,509428,1368105,178,178,True,True,0x04,"NO_IRQ,NO_IRQ,OK,RESYNC_NEEDED","NONE,NONE,DELTA,NONE",
11.940031,2026-09-05T19:04:10.721+01:00,509606,1368106,156,156,True,True,0x04,"NO_IRQ,NO_IRQ,OK,RESYNC_NEEDED","NONE,NONE,DELTA,NONE",
11.940379,2026-09-05T19:04:10.733+01:00,509762,1368107,250,250,True,True,0x04,"NO_IRQ,NO_IRQ,OK,RESYNC_NEEDED","NONE,NONE,DELTA,NONE",
11.957141,2026-09-05T19:04:10.734+01:00,510012,1368108,246,246,True,True,0x04,"NO_IRQ,NO_IRQ,OK,RESYNC_NEEDED","NONE,NONE,DELTA,NONE",
11.958119,2026-09-05T19:04:10.751+01:00,510258,1368109,184,184,True,True,0x04,"NO_IRQ,NO_IRQ,OK,RESYNC_NEEDED","NONE,NONE,DELTA,NONE",
11.958659,2026-09-05T19:04:10.751+01:00,510442,1368110,156,156,True,True,0x04,"NO_IRQ,NO_IRQ,OK,RESYNC_NEEDED","NONE,NONE,DELTA,NONE",
11.959281,2026-09-05T19:04:10.752+01:00,510598,1368111,240,240,True,True,0x04,"NO_IRQ,NO_IRQ,OK,RESYNC_NEEDED","NONE,NONE,DELTA,NONE",
11.963151,2026-09-05T19:04:10.753+01:00,510838,1368112,240,240,True,True,0x04,"NO_IRQ,NO_IRQ,OK,RESYNC_NEEDED","NONE,NONE,DELTA,NONE",
11.968117,2026-09-05T19:04:10.757+01:00,511078,1368113,174,174,True,True,0x04,"NO_IRQ,NO_IRQ,OK,RESYNC_NEEDED","NONE,NONE,DELTA,NONE",
11.972816,2026-09-05T19:04:10.762+01:00,511252,1368114,144,144,True,True,0x04,"NO_IRQ,NO_IRQ,OK,RESYNC_NEEDED","NONE,NONE,DELTA,NONE",
11.981924,2026-09-05T19:04:10.766+01:00,511396,1368115,244,244,True,True,0x04,"NO_IRQ,NO_IRQ,OK,RESYNC_NEEDED","NONE,NONE,DELTA,NONE",
11.983136,2026-09-05T19:04:10.775+01:00,511640,1368116,242,242,True,True,0x04,"NO_IRQ,NO_IRQ,OK,RESYNC_NEEDED","NONE,NONE,DELTA,NONE",
11.987813,2026-09-05T19:04:10.776+01:00,511882,1368117,180,180,True,True,0x04,"NO_IRQ,NO_IRQ,OK,RESYNC_NEEDED","NONE,NONE,DELTA,NONE",
11.992313,2026-09-05T19:04:10.781+01:00,512062,1368118,144,144,True,True,0x04,"NO_IRQ,NO_IRQ,OK,RESYNC_NEEDED","NONE,NONE,DELTA,NONE",
12.003195,2026-09-05T19:04:10.786+01:00,512206,1368119,248,248,True,True,0x04,"NO_IRQ,NO_IRQ,OK,RESYNC_NEEDED","NONE,NONE,DELTA,NONE",
12.004621,2026-09-05T19:04:10.797+01:00,512454,1368120,242,242,True,True,0x04,"NO_IRQ,NO_IRQ,OK,RESYNC_NEEDED","NONE,NONE,DELTA,NONE",
12.008127,2026-09-05T19:04:10.798+01:00,512696,1368121,182,182,True,True,0x04,"NO_IRQ,NO_IRQ,OK,RESYNC_NEEDED","NONE,NONE,DELTA,NONE",
12.012299,2026-09-05T19:04:10.801+01:00,512878,1368122,142,142,True,True,0x04,"NO_IRQ,NO_IRQ,OK,RESYNC_NEEDED","NONE,NONE,DELTA,NONE",
12.020919,2026-09-05T19:04:10.806+01:00,513020,1368123,250,250,True,True,0x04,"NO_IRQ,NO_IRQ,OK,RESYNC_NEEDED","NONE,NONE,DELTA,NONE",
12.022525,2026-09-05T19:04:10.814+01:00,513270,1368124,248,248,True,True,0x04,"NO_IRQ,NO_IRQ,OK,RESYNC_NEEDED","NONE,NONE,DELTA,NONE",
12.027775,2026-09-05T19:04:10.816+01:00,513518,1368125,180,180,True,True,0x04,"NO_IRQ,NO_IRQ,OK,RESYNC_NEEDED","NONE,NONE,DELTA,NONE",
12.032319,2026-09-05T19:04:10.821+01:00,513698,1368126,152,152,True,True,0x04,"NO_IRQ,NO_IRQ,OK,RESYNC_NEEDED","NONE,NONE,DELTA,NONE",
12.041856,2026-09-05T19:04:10.826+01:00,513850,1368127,256,256,True,True,0x04,"NO_IRQ,NO_IRQ,OK,RESYNC_NEEDED","NONE,NONE,DELTA,NONE",
12.042832,2026-09-05T19:04:10.835+01:00,514106,1368128,248,248,True,True,0x04,"NO_IRQ,NO_IRQ,OK,RESYNC_NEEDED","NONE,NONE,DELTA,NONE",
12.047728,2026-09-05T19:04:10.836+01:00,514354,1368129,178,178,True,True,0x04,"NO_IRQ,NO_IRQ,OK,RESYNC_NEEDED","NONE,NONE,DELTA,NONE",
12.052286,2026-09-05T19:04:10.841+01:00,514532,1368130,148,148,True,True,0x04,"NO_IRQ,NO_IRQ,OK,RESYNC_NEEDED","NONE,NONE,DELTA,NONE",
12.061411,2026-09-05T19:04:10.846+01:00,514680,1368131,244,244,True,True,0x04,"NO_IRQ,NO_IRQ,OK,RESYNC_NEEDED","NONE,NONE,DELTA,NONE",
12.062668,2026-09-05T19:04:10.855+01:00,514924,1368132,242,242,True,True,0x04,"NO_IRQ,NO_IRQ,OK,RESYNC_NEEDED","NONE,NONE,DELTA,NONE",
12.067566,2026-09-05T19:04:10.856+01:00,515166,1368133,188,188,True,True,0x04,"NO_IRQ,NO_IRQ,OK,RESYNC_NEEDED","NONE,NONE,DELTA,NONE",
12.072741,2026-09-05T19:04:10.861+01:00,515354,1368134,150,150,True,True,0x04,"NO_IRQ,NO_IRQ,OK,RESYNC_NEEDED","NONE,NONE,DELTA,NONE",
12.084960,2026-09-05T19:04:10.866+01:00,515504,1368135,246,246,True,True,0x04,"NO_IRQ,NO_IRQ,OK,RESYNC_NEEDED","NONE,NONE,DELTA,NONE",
12.085937,2026-09-05T19:04:10.878+01:00,515750,1368136,246,246,True,True,0x04,"NO_IRQ,NO_IRQ,OK,RESYNC_NEEDED","NONE,NONE,DELTA,NONE",
12.087524,2026-09-05T19:04:10.879+01:00,515996,1368137,184,184,True,True,0x04,"NO_IRQ,NO_IRQ,OK,RESYNC_NEEDED","NONE,NONE,DELTA,NONE",
12.092459,2026-09-05T19:04:10.881+01:00,516180,1368138,138,138,True,True,0x04,"NO_IRQ,NO_IRQ,OK,RESYNC_NEEDED","NONE,NONE,DELTA,NONE",
12.097576,2026-09-05T19:04:10.886+01:00,516318,1368139,246,246,True,True,0x04,"NO_IRQ,NO_IRQ,OK,RESYNC_NEEDED","NONE,NONE,DELTA,NONE",
12.108496,2026-09-05T19:04:10.891+01:00,516564,1368140,240,240,True,True,0x04,"NO_IRQ,NO_IRQ,OK,RESYNC_NEEDED","NONE,NONE,DELTA,NONE",
12.109301,2026-09-05T19:04:10.902+01:00,516804,1368141,188,188,True,True,0x04,"NO_IRQ,NO_IRQ,OK,RESYNC_NEEDED","NONE,NONE,DELTA,NONE",
12.112345,2026-09-05T19:04:10.903+01:00,516992,1368142,146,146,True,True,0x04,"NO_IRQ,NO_IRQ,OK,RESYNC_NEEDED","NONE,NONE,DELTA,NONE",
12.117892,2026-09-05T19:04:10.906+01:00,517138,1368143,242,242,True,True,0x04,"NO_IRQ,NO_IRQ,OK,RESYNC_NEEDED","NONE,NONE,DELTA,NONE",
12.122543,2026-09-05T19:04:10.912+01:00,517380,1368144,246,246,True,True,0x04,"NO_IRQ,NO_IRQ,OK,RESYNC_NEEDED","NONE,NONE,DELTA,NONE",
12.127995,2026-09-05T19:04:10.916+01:00,517626,1368145,188,188,True,True,0x04,"NO_IRQ,NO_IRQ,OK,RESYNC_NEEDED","NONE,NONE,DELTA,NONE",
12.133745,2026-09-05T19:04:10.921+01:00,517814,1368146,152,152,True,True,0x04,"NO_IRQ,NO_IRQ,OK,RESYNC_NEEDED","NONE,NONE,DELTA,NONE",
12.137471,2026-09-05T19:04:10.927+01:00,517966,1368147,242,242,True,True,0x04,"NO_IRQ,NO_IRQ,OK,RESYNC_NEEDED","NONE,NONE,DELTA,NONE",
12.142266,2026-09-05T19:04:10.931+01:00,518208,1368148,238,238,True,True,0x04,"NO_IRQ,NO_IRQ,OK,RESYNC_NEEDED","NONE,NONE,DELTA,NONE",
12.147200,2026-09-05T19:04:10.936+01:00,518446,1368149,184,184,True,True,0x04,"NO_IRQ,NO_IRQ,OK,RESYNC_NEEDED","NONE,NONE,DELTA,NONE",
12.166487,2026-09-05T19:04:10.940+01:00,518630,1368150,146,146,True,True,0x04,"NO_IRQ,NO_IRQ,OK,RESYNC_NEEDED","NONE,NONE,DELTA,NONE",
12.167520,2026-09-05T19:04:10.960+01:00,518776,1368151,254,254,True,True,0x04,"NO_IRQ,NO_IRQ,OK,RESYNC_NEEDED","NONE,NONE,DELTA,NONE",
12.168430,2026-09-05T19:04:10.961+01:00,519030,1368152,234,234,True,True,0x04,"NO_IRQ,NO_IRQ,OK,RESYNC_NEEDED","NONE,NONE,DELTA,NONE",
12.169292,2026-09-05T19:04:10.962+01:00,519264,1368153,196,196,True,True,0x04,"NO_IRQ,NO_IRQ,OK,RESYNC_NEEDED","NONE,NONE,DELTA,NONE",
12.172661,2026-09-05T19:04:10.963+01:00,519460,1368154,140,140,True,True,0x04,"NO_IRQ,NO_IRQ,OK,RESYNC_NEEDED","NONE,NONE,DELTA,NONE",
12.177563,2026-09-05T19:04:10.966+01:00,519600,1368155,254,254,True,True,0x04,"NO_IRQ,NO_IRQ,OK,RESYNC_NEEDED","NONE,NONE,DELTA,NONE",
12.187702,2026-09-05T19:04:10.971+01:00,519854,1368156,224,224,True,True,0x04,"NO_IRQ,NO_IRQ,OK,RESYNC_NEEDED","NONE,NONE,DELTA,NONE",
12.191480,2026-09-05T19:04:10.984+01:00,520078,1368157,186,186,True,True,0x04,"NO_IRQ,NO_IRQ,OK,RESYNC_NEEDED","NONE,NONE,DELTA,NONE",
12.192915,2026-09-05T19:04:10.985+01:00,520264,1368158,140,140,True,True,0x04,"NO_IRQ,NO_IRQ,OK,RESYNC_NEEDED","NONE,NONE,DELTA,NONE",
12.197519,2026-09-05T19:04:10.986+01:00,520404,1368159,244,244,True,True,0x04,"NO_IRQ,NO_IRQ,OK,RESYNC_NEEDED","NONE,NONE,DELTA,NONE",
12.202113,2026-09-05T19:04:10.991+01:00,520648,1368160,224,224,True,True,0x04,"NO_IRQ,NO_IRQ,OK,RESYNC_NEEDED","NONE,NONE,DELTA,NONE",
12.209784,2026-09-05T19:04:10.995+01:00,520872,1368161,192,192,True,True,0x04,"NO_IRQ,NO_IRQ,OK,RESYNC_NEEDED","NONE,NONE,DELTA,NONE",
12.212242,2026-09-05T19:04:11.003+01:00,521064,1368162,138,138,True,True,0x04,"NO_IRQ,NO_IRQ,OK,RESYNC_NEEDED","NONE,NONE,DELTA,NONE",
12.217524,2026-09-05T19:04:11.006+01:00,521202,1368163,258,258,True,True,0x04,"NO_IRQ,NO_IRQ,OK,RESYNC_NEEDED","NONE,NONE,DELTA,NONE",
12.226830,2026-09-05T19:04:11.011+01:00,521460,1368164,240,240,True,True,0x04,"NO_IRQ,NO_IRQ,OK,RESYNC_NEEDED","NONE,NONE,DELTA,NONE",
12.227721,2026-09-05T19:04:11.020+01:00,521700,1368165,196,196,True,True,0x04,"NO_IRQ,NO_IRQ,OK,RESYNC_NEEDED","NONE,NONE,DELTA,NONE",
12.232865,2026-09-05T19:04:11.021+01:00,521896,1368166,138,138,True,True,0x04,"NO_IRQ,NO_IRQ,OK,RESYNC_NEEDED","NONE,NONE,DELTA,NONE",
12.237128,2026-09-05T19:04:11.026+01:00,522034,1368167,262,262,True,True,0x04,"NO_IRQ,NO_IRQ,OK,RESYNC_NEEDED","NONE,NONE,DELTA,NONE",
12.246684,2026-09-05T19:04:11.030+01:00,522296,1368168,242,242,True,True,0x04,"NO_IRQ,NO_IRQ,OK,RESYNC_NEEDED","NONE,NONE,DELTA,NONE",
12.247847,2026-09-05T19:04:11.040+01:00,522538,1368169,192,192,True,True,0x04,"NO_IRQ,NO_IRQ,OK,RESYNC_NEEDED","NONE,NONE,DELTA,NONE",
12.252410,2026-09-05T19:04:11.041+01:00,522730,1368170,138,138,True,True,0x04,"NO_IRQ,NO_IRQ,OK,RESYNC_NEEDED","NONE,NONE,DELTA,NONE",
12.257532,2026-09-05T19:04:11.046+01:00,522868,1368171,252,252,True,True,0x04,"NO_IRQ,NO_IRQ,OK,RESYNC_NEEDED","NONE,NONE,DELTA,NONE",
12.266512,2026-09-05T19:04:11.051+01:00,523120,1368172,236,236,True,True,0x04,"NO_IRQ,NO_IRQ,OK,RESYNC_NEEDED","NONE,NONE,DELTA,NONE",
12.267237,2026-09-05T19:04:11.060+01:00,523356,1368173,192,192,True,True,0x04,"NO_IRQ,NO_IRQ,OK,RESYNC_NEEDED","NONE,NONE,DELTA,NONE",
12.272271,2026-09-05T19:04:11.061+01:00,523548,1368174,152,152,True,True,0x04,"NO_IRQ,NO_IRQ,OK,RESYNC_NEEDED","NONE,NONE,DELTA,NONE",
12.277399,2026-09-05T19:04:11.066+01:00,523700,1368175,240,240,True,True,0x04,"NO_IRQ,NO_IRQ,OK,RESYNC_NEEDED","NONE,NONE,DELTA,NONE",
12.283871,2026-09-05T19:04:11.071+01:00,523940,1368176,232,232,True,True,0x04,"NO_IRQ,NO_IRQ,OK,RESYNC_NEEDED","NONE,NONE,DELTA,NONE",
12.291467,2026-09-05T19:04:11.077+01:00,524172,1368177,202,202,True,True,0x04,"NO_IRQ,NO_IRQ,OK,RESYNC_NEEDED","NONE,NONE,DELTA,NONE",
12.293145,2026-09-05T19:04:11.085+01:00,524374,1368178,140,140,True,True,0x04,"NO_IRQ,NO_IRQ,OK,RESYNC_NEEDED","NONE,NONE,DELTA,NONE",
12.297880,2026-09-05T19:04:11.087+01:00,524514,1368179,250,250,True,True,0x04,"NO_IRQ,NO_IRQ,OK,RESYNC_NEEDED","NONE,NONE,DELTA,NONE",
12.302738,2026-09-05T19:04:11.091+01:00,524764,1368180,234,234,True,True,0x04,"NO_IRQ,NO_IRQ,OK,RESYNC_NEEDED","NONE,NONE,DELTA,NONE",
12.311871,2026-09-05T19:04:11.104+01:00,524998,1368181,194,194,True,True,0x04,"NO_IRQ,NO_IRQ,OK,RESYNC_NEEDED","NONE,NONE,DELTA,NONE",
12.312877,2026-09-05T19:04:11.105+01:00,525192,1368182,146,146,True,True,0x04,"NO_IRQ,NO_IRQ,OK,RESYNC_NEEDED","NONE,NONE,DELTA,NONE",
12.317513,2026-09-05T19:04:11.107+01:00,525338,1368183,246,246,True,True,0x04,"NO_IRQ,NO_IRQ,OK,RESYNC_NEEDED","NONE,NONE,DELTA,NONE",
12.322426,2026-09-05T19:04:11.111+01:00,525584,1368184,236,236,True,True,0x04,"NO_IRQ,NO_IRQ,OK,RESYNC_NEEDED","NONE,NONE,DELTA,NONE",
12.327318,2026-09-05T19:04:11.116+01:00,525820,1368185,198,198,True,True,0x04,"NO_IRQ,NO_IRQ,OK,RESYNC_NEEDED","NONE,NONE,DELTA,NONE",
12.332170,2026-09-05T19:04:11.121+01:00,526018,1368186,142,142,True,True,0x04,"NO_IRQ,NO_IRQ,OK,RESYNC_NEEDED","NONE,NONE,DELTA,NONE",
12.338568,2026-09-05T19:04:11.125+01:00,526160,1368187,254,254,True,True,0x04,"NO_IRQ,NO_IRQ,OK,RESYNC_NEEDED","NONE,NONE,DELTA,NONE",
12.342007,2026-09-05T19:04:11.132+01:00,526414,1368188,236,236,True,True,0x04,"NO_IRQ,NO_IRQ,OK,RESYNC_NEEDED","NONE,NONE,DELTA,NONE",
12.347114,2026-09-05T19:04:11.135+01:00,526650,1368189,212,212,True,True,0x04,"NO_IRQ,NO_IRQ,OK,RESYNC_NEEDED","NONE,NONE,DELTA,NONE",
12.360965,2026-09-05T19:04:11.140+01:00,526862,1368190,150,150,True,True,0x04,"NO_IRQ,NO_IRQ,OK,RESYNC_NEEDED","NONE,NONE,DELTA,NONE",
12.361369,2026-09-05T19:04:11.154+01:00,527012,1368191,248,248,True,True,0x04,"NO_IRQ,NO_IRQ,OK,RESYNC_NEEDED","NONE,NONE,DELTA,NONE",
12.361946,2026-09-05T19:04:11.155+01:00,527260,1368192,230,230,True,True,0x04,"NO_IRQ,NO_IRQ,OK,RESYNC_NEEDED","NONE,NONE,DELTA,NONE",
12.381155,2026-09-05T19:04:11.155+01:00,527490,1368193,198,198,True,True,0x04,"NO_IRQ,NO_IRQ,OK,RESYNC_NEEDED","NONE,NONE,DELTA,NONE",
12.381834,2026-09-05T19:04:11.174+01:00,527688,1368194,136,136,True,True,0x04,"NO_IRQ,NO_IRQ,OK,RESYNC_NEEDED","NONE,NONE,DELTA,NONE",
12.383056,2026-09-05T19:04:11.175+01:00,527824,1368195,240,240,True,True,0x04,"NO_IRQ,NO_IRQ,OK,RESYNC_NEEDED","NONE,NONE,DELTA,NONE",
12.383635,2026-09-05T19:04:11.176+01:00,528064,1368196,230,230,True,True,0x04,"NO_IRQ,NO_IRQ,OK,RESYNC_NEEDED","NONE,NONE,DELTA,NONE",
12.387351,2026-09-05T19:04:11.177+01:00,528294,1368197,208,208,True,True,0x04,"NO_IRQ,NO_IRQ,OK,RESYNC_NEEDED","NONE,NONE,DELTA,NONE",
12.392380,2026-09-05T19:04:11.181+01:00,528502,1368198,144,144,True,True,0x04,"NO_IRQ,NO_IRQ,OK,RESYNC_NEEDED","NONE,NONE,DELTA,NONE",
12.397078,2026-09-05T19:04:11.186+01:00,528646,1368199,240,240,True,True,0x04,"NO_IRQ,NO_IRQ,OK,RESYNC_NEEDED","NONE,NONE,DELTA,NONE",
12.403515,2026-09-05T19:04:11.190+01:00,528886,1368200,232,232,True,True,0x04,"NO_IRQ,NO_IRQ,OK,RESYNC_NEEDED","NONE,NONE,DELTA,NONE",
12.408272,2026-09-05T19:04:11.198+01:00,529118,1368201,210,210,True,True,0x04,"NO_IRQ,NO_IRQ,OK,RESYNC_NEEDED","NONE,NONE,DELTA,NONE",
12.412809,2026-09-05T19:04:11.202+01:00,529328,1368202,138,138,True,True,0x04,"NO_IRQ,NO_IRQ,OK,RESYNC_NEEDED","NONE,NONE,DELTA,NONE",
12.417386,2026-09-05T19:04:11.206+01:00,529466,1368203,240,240,True,True,0x04,"NO_IRQ,NO_IRQ,OK,RESYNC_NEEDED","NONE,NONE,DELTA,NONE",
12.430084,2026-09-05T19:04:11.211+01:00,529706,1368204,236,236,True,True,0x04,"NO_IRQ,NO_IRQ,OK,RESYNC_NEEDED","NONE,NONE,DELTA,NONE",
12.430469,2026-09-05T19:04:11.223+01:00,529942,1368205,206,206,True,True,0x04,"NO_IRQ,NO_IRQ,OK,RESYNC_NEEDED","NONE,NONE,DELTA,NONE",
12.432440,2026-09-05T19:04:11.224+01:00,530148,1368206,146,146,True,True,0x04,"NO_IRQ,NO_IRQ,OK,RESYNC_NEEDED","NONE,NONE,DELTA,NONE",
12.437711,2026-09-05T19:04:11.226+01:00,530294,1368207,236,236,True,True,0x04,"NO_IRQ,NO_IRQ,OK,RESYNC_NEEDED","NONE,NONE,DELTA,NONE",
12.442182,2026-09-05T19:04:11.231+01:00,530530,1368208,230,230,True,True,0x04,"NO_IRQ,NO_IRQ,OK,RESYNC_NEEDED","NONE,NONE,DELTA,NONE",
12.446939,2026-09-05T19:04:11.236+01:00,530760,1368209,206,206,True,True,0x04,"NO_IRQ,NO_IRQ,OK,RESYNC_NEEDED","NONE,NONE,DELTA,NONE",
12.456292,2026-09-05T19:04:11.240+01:00,530966,1368210,142,142,True,True,0x04,"NO_IRQ,NO_IRQ,OK,RESYNC_NEEDED","NONE,NONE,DELTA,NONE",
12.457187,2026-09-05T19:04:11.250+01:00,531108,1368211,246,246,True,True,0x04,"NO_IRQ,NO_IRQ,OK,RESYNC_NEEDED","NONE,NONE,DELTA,NONE",
12.462048,2026-09-05T19:04:11.251+01:00,531354,1368212,236,236,True,True,0x04,"NO_IRQ,NO_IRQ,OK,RESYNC_NEEDED","NONE,NONE,DELTA,NONE",
12.466976,2026-09-05T19:04:11.255+01:00,531590,1368213,204,204,True,True,0x04,"NO_IRQ,NO_IRQ,OK,RESYNC_NEEDED","NONE,NONE,DELTA,NONE",
12.479330,2026-09-05T19:04:11.260+01:00,531794,1368214,148,148,True,True,0x04,"NO_IRQ,NO_IRQ,OK,RESYNC_NEEDED","NONE,NONE,DELTA,NONE",
12.480221,2026-09-05T19:04:11.273+01:00,531942,1368215,242,242,True,True,0x04,"NO_IRQ,NO_IRQ,OK,RESYNC_NEEDED","NONE,NONE,DELTA,NONE",
12.482250,2026-09-05T19:04:11.274+01:00,532184,1368216,232,232,True,True,0x04,"NO_IRQ,NO_IRQ,OK,RESYNC_NEEDED","NONE,NONE,DELTA,NONE",
12.486885,2026-09-05T19:04:11.276+01:00,532416,1368217,208,208,True,True,0x04,"NO_IRQ,NO_IRQ,OK,RESYNC_NEEDED","NONE,NONE,DELTA,NONE",
12.491847,2026-09-05T19:04:11.281+01:00,532624,1368218,136,136,True,True,0x04,"NO_IRQ,NO_IRQ,OK,RESYNC_NEEDED","NONE,NONE,DELTA,NONE",
12.499748,2026-09-05T19:04:11.285+01:00,532760,1368219,242,242,True,True,0x04,"NO_IRQ,NO_IRQ,OK,RESYNC_NEEDED","NONE,NONE,DELTA,NONE",
12.504848,2026-09-05T19:04:11.297+01:00,533002,1368220,230,230,True,True,0x04,"NO_IRQ,NO_IRQ,OK,RESYNC_NEEDED","NONE,NONE,DELTA,NONE",
12.507324,2026-09-05T19:04:11.298+01:00,533232,1368221,212,212,True,True,0x04,"NO_IRQ,NO_IRQ,OK,RESYNC_NEEDED","NONE,NONE,DELTA,NONE",
12.512020,2026-09-05T19:04:11.301+01:00,533444,1368222,138,138,True,True,0x04,"NO_IRQ,NO_IRQ,OK,RESYNC_NEEDED","NONE,NONE,DELTA,NONE",
12.517431,2026-09-05T19:04:11.306+01:00,533582,1368223,238,238,True,True,0x04,"NO_IRQ,NO_IRQ,OK,RESYNC_NEEDED","NONE,NONE,DELTA,NONE",
12.528889,2026-09-05T19:04:11.311+01:00,533820,1368224,238,238,True,True,0x04,"NO_IRQ,NO_IRQ,OK,RESYNC_NEEDED","NONE,NONE,DELTA,NONE",
12.529942,2026-09-05T19:04:11.322+01:00,534058,1368225,220,220,True,True,0x04,"NO_IRQ,NO_IRQ,OK,RESYNC_NEEDED","NONE,NONE,DELTA,NONE",
12.531877,2026-09-05T19:04:11.323+01:00,534278,1368226,134,134,True,True,0x04,"NO_IRQ,NO_IRQ,OK,RESYNC_NEEDED","NONE,NONE,DELTA,NONE",
12.537378,2026-09-05T19:04:11.325+01:00,534412,1368227,240,240,True,True,0x04,"NO_IRQ,NO_IRQ,OK,RESYNC_NEEDED","NONE,NONE,DELTA,NONE",
12.547463,2026-09-05T19:04:11.331+01:00,534652,1368228,228,228,True,True,0x04,"NO_IRQ,NO_IRQ,OK,RESYNC_NEEDED","NONE,NONE,DELTA,NONE",
12.548460,2026-09-05T19:04:11.341+01:00,534880,1368229,228,228,True,True,0x04,"NO_IRQ,NO_IRQ,OK,RESYNC_NEEDED","NONE,NONE,DELTA,NONE",
12.552228,2026-09-05T19:04:11.342+01:00,535108,1368230,136,136,True,True,0x04,"NO_IRQ,NO_IRQ,OK,RESYNC_NEEDED","NONE,NONE,DELTA,NONE",
12.557134,2026-09-05T19:04:11.346+01:00,535244,1368231,234,234,True,True,0x04,"NO_IRQ,NO_IRQ,OK,RESYNC_NEEDED","NONE,NONE,DELTA,NONE",
12.562415,2026-09-05T19:04:11.350+01:00,535478,1368232,240,240,True,True,0x04,"NO_IRQ,NO_IRQ,OK,RESYNC_NEEDED","NONE,NONE,DELTA,NONE",
12.569716,2026-09-05T19:04:11.356+01:00,535718,1368233,208,208,True,True,0x04,"NO_IRQ,NO_IRQ,OK,RESYNC_NEEDED","NONE,NONE,DELTA,NONE",
12.572897,2026-09-05T19:04:11.363+01:00,535926,1368234,130,130,True,True,0x04,"NO_IRQ,NO_IRQ,OK,RESYNC_NEEDED","NONE,NONE,DELTA,NONE",
12.577405,2026-09-05T19:04:11.366+01:00,536056,1368235,1084,1084,True,True,0x04,"NO_IRQ,NO_IRQ,OK,RESYNC_NEEDED","NONE,NONE,DELTA_SYNC,NONE",
12.581925,2026-09-05T19:04:11.371+01:00,537140,1368236,236,236,True,True,0x04,"NO_IRQ,NO_IRQ,OK,RESYNC_NEEDED","NONE,NONE,DELTA,NONE",
12.586727,2026-09-05T19:04:11.375+01:00,537376,1368237,224,224,True,True,0x04,"NO_IRQ,NO_IRQ,OK,RESYNC_NEEDED","NONE,NONE,DELTA,NONE",
12.601859,2026-09-05T19:04:11.380+01:00,537600,1368238,134,134,True,True,0x04,"NO_IRQ,NO_IRQ,OK,RESYNC_NEEDED","NONE,NONE,DELTA,NONE",
12.602942,2026-09-05T19:04:11.395+01:00,537734,1368239,234,234,True,True,0x04,"NO_IRQ,NO_IRQ,OK,RESYNC_NEEDED","NONE,NONE,DELTA,NONE",
12.604304,2026-09-05T19:04:11.396+01:00,537968,1368240,234,234,True,True,0x04,"NO_IRQ,NO_IRQ,OK,RESYNC_NEEDED","NONE,NONE,DELTA,NONE",
12.606927,2026-09-05T19:04:11.398+01:00,538202,1368241,218,218,True,True,0x04,"NO_IRQ,NO_IRQ,OK,RESYNC_NEEDED","NONE,NONE,DELTA,NONE",
12.611774,2026-09-05T19:04:11.400+01:00,538420,1368242,130,130,True,True,0x04,"NO_IRQ,NO_IRQ,OK,RESYNC_NEEDED","NONE,NONE,DELTA,NONE",
12.626825,2026-09-05T19:04:11.405+01:00,538550,1368243,236,236,True,True,0x04,"NO_IRQ,NO_IRQ,OK,RESYNC_NEEDED","NONE,NONE,DELTA,NONE",
12.627792,2026-09-05T19:04:11.420+01:00,538786,1368244,240,240,True,True,0x04,"NO_IRQ,NO_IRQ,OK,RESYNC_NEEDED","NONE,NONE,DELTA,NONE",
12.629220,2026-09-05T19:04:11.421+01:00,539026,1368245,220,220,True,True,0x04,"NO_IRQ,NO_IRQ,OK,RESYNC_NEEDED","NONE,NONE,DELTA,NONE",
12.632375,2026-09-05T19:04:11.423+01:00,539246,1368246,134,134,True,True,0x04,"NO_IRQ,NO_IRQ,OK,RESYNC_NEEDED","NONE,NONE,DELTA,NONE",
12.638268,2026-09-05T19:04:11.426+01:00,539380,1368247,224,224,True,True,0x04,"NO_IRQ,NO_IRQ,OK,RESYNC_NEEDED","NONE,NONE,DELTA,NONE",
12.641992,2026-09-05T19:04:11.432+01:00,539604,1368248,222,222,True,True,0x04,"NO_IRQ,NO_IRQ,OK,RESYNC_NEEDED","NONE,NONE,DELTA,NONE",
12.651267,2026-09-05T19:04:11.436+01:00,539826,1368249,220,220,True,True,0x04,"NO_IRQ,NO_IRQ,OK,RESYNC_NEEDED","NONE,NONE,DELTA,NONE",
12.652785,2026-09-05T19:04:11.445+01:00,540046,1368250,130,130,True,True,0x04,"NO_IRQ,NO_IRQ,OK,RESYNC_NEEDED","NONE,NONE,DELTA,NONE",
12.657202,2026-09-05T19:04:11.446+01:00,540176,1368251,234,234,True,True,0x04,"NO_IRQ,NO_IRQ,OK,RESYNC_NEEDED","NONE,NONE,DELTA,NONE",
12.661674,2026-09-05T19:04:11.451+01:00,540410,1368252,234,234,True,True,0x04,"NO_IRQ,NO_IRQ,OK,RESYNC_NEEDED","NONE,NONE,DELTA,NONE",
12.670714,2026-09-05T19:04:11.455+01:00,540644,1368253,220,220,True,True,0x04,"NO_IRQ,NO_IRQ,OK,RESYNC_NEEDED","NONE,NONE,DELTA,NONE",
12.678634,2026-09-05T19:04:11.464+01:00,540864,1368254,132,132,True,True,0x04,"NO_IRQ,NO_IRQ,OK,RESYNC_NEEDED","NONE,NONE,DELTA,NONE",
12.679072,2026-09-05T19:04:11.472+01:00,540996,1368255,240,240,True,True,0x04,"NO_IRQ,NO_IRQ,OK,RESYNC_NEEDED","NONE,NONE,DELTA,NONE",
12.682248,2026-09-05T19:04:11.472+01:00,541236,1368256,230,230,True,True,0x04,"NO_IRQ,NO_IRQ,OK,RESYNC_NEEDED","NONE,NONE,DELTA,NONE",
12.687455,2026-09-05T19:04:11.476+01:00,541466,1368257,218,218,True,True,0x04,"NO_IRQ,NO_IRQ,OK,RESYNC_NEEDED","NONE,NONE,DELTA,NONE",
12.692054,2026-09-05T19:04:11.481+01:00,541684,1368258,138,138,True,True,0x04,"NO_IRQ,NO_IRQ,OK,RESYNC_NEEDED","NONE,NONE,DELTA,NONE",
12.703013,2026-09-05T19:04:11.485+01:00,541822,1368259,238,238,True,True,0x04,"NO_IRQ,NO_IRQ,OK,RESYNC_NEEDED","NONE,NONE,DELTA,NONE",
12.704010,2026-09-05T19:04:11.496+01:00,542060,1368260,238,238,True,True,0x04,"NO_IRQ,NO_IRQ,OK,RESYNC_NEEDED","NONE,NONE,DELTA,NONE",
12.706801,2026-09-05T19:04:11.497+01:00,542298,1368261,228,228,True,True,0x04,"NO_IRQ,NO_IRQ,OK,RESYNC_NEEDED","NONE,NONE,DELTA,NONE",
12.711535,2026-09-05T19:04:11.500+01:00,542526,1368262,136,136,True,True,0x04,"NO_IRQ,NO_IRQ,OK,RESYNC_NEEDED","NONE,NONE,DELTA,NONE",
12.716742,2026-09-05T19:04:11.505+01:00,542662,1368263,232,232,True,True,0x04,"NO_IRQ,NO_IRQ,OK,RESYNC_NEEDED","NONE,NONE,DELTA,NONE",
12.726571,2026-09-05T19:04:11.510+01:00,542894,1368264,234,234,True,True,0x04,"NO_IRQ,NO_IRQ,OK,RESYNC_NEEDED","NONE,NONE,DELTA,NONE",
12.727555,2026-09-05T19:04:11.520+01:00,543128,1368265,224,224,True,True,0x04,"NO_IRQ,NO_IRQ,OK,RESYNC_NEEDED","NONE,NONE,DELTA,NONE",
12.731906,2026-09-05T19:04:11.521+01:00,543352,1368266,132,132,True,True,0x04,"NO_IRQ,NO_IRQ,OK,RESYNC_NEEDED","NONE,NONE,DELTA,NONE",
12.737265,2026-09-05T19:04:11.525+01:00,543484,1368267,230,230,True,True,0x04,"NO_IRQ,NO_IRQ,OK,RESYNC_NEEDED","NONE,NONE,DELTA,NONE",
12.751806,2026-09-05T19:04:11.531+01:00,543714,1368268,236,236,True,True,0x04,"NO_IRQ,NO_IRQ,OK,RESYNC_NEEDED","NONE,NONE,DELTA,NONE",
12.753042,2026-09-05T19:04:11.545+01:00,543950,1368269,236,236,True,True,0x04,"NO_IRQ,NO_IRQ,OK,RESYNC_NEEDED","NONE,NONE,DELTA,NONE",
12.753435,2026-09-05T19:04:11.546+01:00,544186,1368270,138,138,True,True,0x04,"NO_IRQ,NO_IRQ,OK,RESYNC_NEEDED","NONE,NONE,DELTA,NONE",
12.757018,2026-09-05T19:04:11.547+01:00,544324,1368271,230,230,True,True,0x04,"NO_IRQ,NO_IRQ,OK,RESYNC_NEEDED","NONE,NONE,DELTA,NONE",
12.762160,2026-09-05T19:04:11.550+01:00,544554,1368272,238,238,True,True,0x04,"NO_IRQ,NO_IRQ,OK,RESYNC_NEEDED","NONE,NONE,DELTA,NONE",
12.766761,2026-09-05T19:04:11.556+01:00,544792,1368273,230,230,True,True,0x04,"NO_IRQ,NO_IRQ,OK,RESYNC_NEEDED","NONE,NONE,DELTA,NONE",
12.777270,2026-09-05T19:04:11.560+01:00,545022,1368274,126,126,True,True,0x04,"NO_IRQ,NO_IRQ,OK,RESYNC_NEEDED","NONE,NONE,DELTA,NONE",
12.778484,2026-09-05T19:04:11.571+01:00,545148,1368275,230,230,True,True,0x04,"NO_IRQ,NO_IRQ,OK,RESYNC_NEEDED","NONE,NONE,DELTA,NONE",
12.781668,2026-09-05T19:04:11.572+01:00,545378,1368276,238,238,True,True,0x04,"NO_IRQ,NO_IRQ,OK,RESYNC_NEEDED","NONE,NONE,DELTA,NONE",
12.786933,2026-09-05T19:04:11.575+01:00,545616,1368277,236,236,True,True,0x04,"NO_IRQ,NO_IRQ,OK,RESYNC_NEEDED","NONE,NONE,DELTA,NONE",
12.791658,2026-09-05T19:04:11.580+01:00,545852,1368278,134,134,True,True,0x04,"NO_IRQ,NO_IRQ,OK,RESYNC_NEEDED","NONE,NONE,DELTA,NONE",
12.797663,2026-09-05T19:04:11.585+01:00,545986,1368279,226,226,True,True,0x04,"NO_IRQ,NO_IRQ,OK,RESYNC_NEEDED","NONE,NONE,DELTA,NONE",
12.801969,2026-09-05T19:04:11.591+01:00,546212,1368280,232,232,True,True,0x04,"NO_IRQ,NO_IRQ,OK,RESYNC_NEEDED","NONE,NONE,DELTA,NONE",
12.808946,2026-09-05T19:04:11.595+01:00,546444,1368281,228,228,True,True,0x04,"NO_IRQ,NO_IRQ,OK,RESYNC_NEEDED","NONE,NONE,DELTA,NONE",
12.811507,2026-09-05T19:04:11.602+01:00,546672,1368282,134,134,True,True,0x04,"NO_IRQ,NO_IRQ,OK,RESYNC_NEEDED","NONE,NONE,DELTA,NONE",
12.816645,2026-09-05T19:04:11.605+01:00,546806,1368283,218,218,True,True,0x04,"NO_IRQ,NO_IRQ,OK,RESYNC_NEEDED","NONE,NONE,DELTA,NONE",
12.822170,2026-09-05T19:04:11.610+01:00,547024,1368284,228,228,True,True,0x04,"NO_IRQ,NO_IRQ,OK,RESYNC_NEEDED","NONE,NONE,DELTA,NONE",
12.826466,2026-09-05T19:04:11.616+01:00,547252,1368285,230,230,True,True,0x04,"NO_IRQ,NO_IRQ,OK,RESYNC_NEEDED","NONE,NONE,DELTA,NONE",
12.839486,2026-09-05T19:04:11.620+01:00,547482,1368286,126,126,True,True,0x04,"NO_IRQ,NO_IRQ,OK,RESYNC_NEEDED","NONE,NONE,DELTA,NONE",
12.839851,2026-09-05T19:04:11.633+01:00,547608,1368287,230,230,True,True,0x04,"NO_IRQ,NO_IRQ,OK,RESYNC_NEEDED","NONE,NONE,DELTA,NONE",
12.841841,2026-09-05T19:04:11.633+01:00,547838,1368288,240,240,True,True,0x04,"NO_IRQ,NO_IRQ,OK,RESYNC_NEEDED","NONE,NONE,DELTA,NONE",
12.848428,2026-09-05T19:04:11.641+01:00,548078,1368289,230,230,True,True,0x04,"NO_IRQ,NO_IRQ,OK,RESYNC_NEEDED","NONE,NONE,DELTA,NONE",
12.857345,2026-09-05T19:04:11.642+01:00,548308,1368290,128,128,True,True,0x04,"NO_IRQ,NO_IRQ,OK,RESYNC_NEEDED","NONE,NONE,DELTA,NONE",
12.858225,2026-09-05T19:04:11.651+01:00,548436,1368291,224,224,True,True,0x04,"NO_IRQ,NO_IRQ,OK,RESYNC_NEEDED","NONE,NONE,DELTA,NONE",
12.861705,2026-09-05T19:04:11.652+01:00,548660,1368292,230,230,True,True,0x04,"NO_IRQ,NO_IRQ,OK,RESYNC_NEEDED","NONE,NONE,DELTA,NONE",
12.867163,2026-09-05T19:04:11.655+01:00,548890,1368293,246,246,True,True,0x04,"NO_IRQ,NO_IRQ,OK,RESYNC_NEEDED","NONE,NONE,DELTA,NONE",
12.871405,2026-09-05T19:04:11.661+01:00,549136,1368294,128,128,True,True,0x04,"NO_IRQ,NO_IRQ,OK,RESYNC_NEEDED","NONE,NONE,DELTA,NONE",
12.882960,2026-09-05T19:04:11.665+01:00,549264,1368295,214,214,True,True,0x04,"NO_IRQ,NO_IRQ,OK,RESYNC_NEEDED","NONE,NONE,DELTA,NONE",
12.884490,2026-09-05T19:04:11.676+01:00,549478,1368296,222,222,True,True,0x04,"NO_IRQ,NO_IRQ,OK,RESYNC_NEEDED","NONE,NONE,DELTA,NONE",
12.887265,2026-09-05T19:04:11.678+01:00,549700,1368297,238,238,True,True,0x04,"NO_IRQ,NO_IRQ,OK,RESYNC_NEEDED","NONE,NONE,DELTA,NONE",
12.891959,2026-09-05T19:04:11.681+01:00,549938,1368298,132,132,True,True,0x04,"NO_IRQ,NO_IRQ,OK,RESYNC_NEEDED","NONE,NONE,DELTA,NONE",
12.896870,2026-09-05T19:04:11.685+01:00,550070,1368299,220,220,True,True,0x04,"NO_IRQ,NO_IRQ,OK,RESYNC_NEEDED","NONE,NONE,DELTA,NONE",
12.903815,2026-09-05T19:04:11.690+01:00,550290,1368300,232,232,True,True,0x04,"NO_IRQ,NO_IRQ,OK,RESYNC_NEEDED","NONE,NONE,DELTA,NONE",
12.906952,2026-09-05T19:04:11.697+01:00,550522,1368301,236,236,True,True,0x04,"NO_IRQ,NO_IRQ,OK,RESYNC_NEEDED","NONE,NONE,DELTA,NONE",
12.911854,2026-09-05T19:04:11.700+01:00,550758,1368302,128,128,True,True,0x04,"NO_IRQ,NO_IRQ,OK,RESYNC_NEEDED","NONE,NONE,DELTA,NONE",
12.923758,2026-09-05T19:04:11.705+01:00,550886,1368303,220,220,True,True,0x04,"NO_IRQ,NO_IRQ,OK,RESYNC_NEEDED","NONE,NONE,DELTA,NONE",
12.924421,2026-09-05T19:04:11.717+01:00,551106,1368304,242,242,True,True,0x04,"NO_IRQ,NO_IRQ,OK,RESYNC_NEEDED","NONE,NONE,DELTA,NONE",
12.926626,2026-09-05T19:04:11.718+01:00,551348,1368305,242,242,True,True,0x04,"NO_IRQ,NO_IRQ,OK,RESYNC_NEEDED","NONE,NONE,DELTA,NONE",
12.931377,2026-09-05T19:04:11.720+01:00,551590,1368306,128,128,True,True,0x04,"NO_IRQ,NO_IRQ,OK,RESYNC_NEEDED","NONE,NONE,DELTA,NONE",
12.939972,2026-09-05T19:04:11.725+01:00,551718,1368307,230,230,True,True,0x04,"NO_IRQ,NO_IRQ,OK,RESYNC_NEEDED","NONE,NONE,DELTA,NONE",
12.942097,2026-09-05T19:04:11.734+01:00,551948,1368308,246,246,True,True,0x04,"NO_IRQ,NO_IRQ,OK,RESYNC_NEEDED","NONE,NONE,DELTA,NONE",
12.947031,2026-09-05T19:04:11.735+01:00,552194,1368309,250,250,True,True,0x04,"NO_IRQ,NO_IRQ,OK,RESYNC_NEEDED","NONE,NONE,DELTA,NONE",
12.960942,2026-09-05T19:04:11.741+01:00,552444,1368310,130,130,True,True,0x04,"NO_IRQ,NO_IRQ,OK,RESYNC_NEEDED","NONE,NONE,DELTA,NONE",
12.961775,2026-09-05T19:04:11.754+01:00,552574,1368311,222,222,True,True,0x04,"NO_IRQ,NO_IRQ,OK,RESYNC_NEEDED","NONE,NONE,DELTA,NONE",
12.962879,2026-09-05T19:04:11.755+01:00,552796,1368312,250,250,True,True,0x04,"NO_IRQ,NO_IRQ,OK,RESYNC_NEEDED","NONE,NONE,DELTA,NONE",
12.967084,2026-09-05T19:04:11.756+01:00,553046,1368313,252,252,True,True,0x04,"NO_IRQ,NO_IRQ,OK,RESYNC_NEEDED","NONE,NONE,DELTA,NONE",
12.971472,2026-09-05T19:04:11.761+01:00,553298,1368314,130,130,True,True,0x04,"NO_IRQ,NO_IRQ,OK,RESYNC_NEEDED","NONE,NONE,DELTA,NONE",
12.986035,2026-09-05T19:04:11.765+01:00,553428,1368315,218,218,True,True,0x04,"NO_IRQ,NO_IRQ,OK,RESYNC_NEEDED","NONE,NONE,DELTA,NONE",
12.987317,2026-09-05T19:04:11.779+01:00,553646,1368316,228,228,True,True,0x04,"NO_IRQ,NO_IRQ,OK,RESYNC_NEEDED","NONE,NONE,DELTA,NONE",
12.988398,2026-09-05T19:04:11.781+01:00,553874,1368317,242,242,True,True,0x04,"NO_IRQ,NO_IRQ,OK,RESYNC_NEEDED","NONE,NONE,DELTA,NONE",
12.991661,2026-09-05T19:04:11.782+01:00,554116,1368318,134,134,True,True,0x04,"NO_IRQ,NO_IRQ,OK,RESYNC_NEEDED","NONE,NONE,DELTA,NONE",
12.996849,2026-09-05T19:04:11.785+01:00,554250,1368319,220,220,True,True,0x04,"NO_IRQ,NO_IRQ,OK,RESYNC_NEEDED","NONE,NONE,DELTA,NONE",
13.007252,2026-09-05T19:04:11.790+01:00,554470,1368320,240,240,True,True,0x04,"NO_IRQ,NO_IRQ,OK,RESYNC_NEEDED","NONE,NONE,DELTA,NONE",
13.008248,2026-09-05T19:04:11.801+01:00,554710,1368321,250,250,True,True,0x04,"NO_IRQ,NO_IRQ,OK,RESYNC_NEEDED","NONE,NONE,DELTA,NONE",
13.011562,2026-09-05T19:04:11.802+01:00,554960,1368322,128,128,True,True,0x04,"NO_IRQ,NO_IRQ,OK,RESYNC_NEEDED","NONE,NONE,DELTA,NONE",
13.017282,2026-09-05T19:04:11.805+01:00,555088,1368323,210,210,True,True,0x04,"NO_IRQ,NO_IRQ,OK,RESYNC_NEEDED","NONE,NONE,DELTA,NONE",
13.021475,2026-09-05T19:04:11.811+01:00,555298,1368324,232,232,True,True,0x04,"NO_IRQ,NO_IRQ,OK,RESYNC_NEEDED","NONE,NONE,DELTA,NONE",
13.027940,2026-09-05T19:04:11.815+01:00,555530,1368325,248,248,True,True,0x04,"NO_IRQ,NO_IRQ,OK,RESYNC_NEEDED","NONE,NONE,DELTA,NONE",
13.032684,2026-09-05T19:04:11.821+01:00,555778,1368326,124,124,True,True,0x04,"NO_IRQ,NO_IRQ,OK,RESYNC_NEEDED","NONE,NONE,DELTA,NONE",
13.037540,2026-09-05T19:04:11.826+01:00,555902,1368327,220,220,True,True,0x04,"NO_IRQ,NO_IRQ,OK,RESYNC_NEEDED","NONE,NONE,DELTA,NONE",
13.041302,2026-09-05T19:04:11.831+01:00,556122,1368328,236,236,True,True,0x04,"NO_IRQ,NO_IRQ,OK,RESYNC_NEEDED","NONE,NONE,DELTA,NONE",
13.046332,2026-09-05T19:04:11.835+01:00,556358,1368329,248,248,True,True,0x04,"NO_IRQ,NO_IRQ,OK,RESYNC_NEEDED","NONE,NONE,DELTA,NONE",
13.061703,2026-09-05T19:04:11.840+01:00,556606,1368330,126,126,True,True,0x04,"NO_IRQ,NO_IRQ,OK,RESYNC_NEEDED","NONE,NONE,DELTA,NONE",
13.064831,2026-09-05T19:04:11.857+01:00,556732,1368331,216,216,True,True,0x04,"NO_IRQ,NO_IRQ,OK,RESYNC_NEEDED","NONE,NONE,DELTA,NONE",
13.065514,2026-09-05T19:04:11.858+01:00,556948,1368332,236,236,True,True,0x04,"NO_IRQ,NO_IRQ,OK,RESYNC_NEEDED","NONE,NONE,DELTA,NONE",
13.066482,2026-09-05T19:04:11.859+01:00,557184,1368333,252,252,True,True,0x04,"NO_IRQ,NO_IRQ,OK,RESYNC_NEEDED","NONE,NONE,DELTA,NONE",
13.071457,2026-09-05T19:04:11.860+01:00,557436,1368334,126,126,True,True,0x04,"NO_IRQ,NO_IRQ,OK,RESYNC_NEEDED","NONE,NONE,DELTA,NONE",
13.076438,2026-09-05T19:04:11.865+01:00,557562,1368335,216,216,True,True,0x04,"NO_IRQ,NO_IRQ,OK,RESYNC_NEEDED","NONE,NONE,DELTA,NONE",
13.087219,2026-09-05T19:04:11.870+01:00,557778,1368336,250,250,True,True,0x04,"NO_IRQ,NO_IRQ,OK,RESYNC_NEEDED","NONE,NONE,DELTA,NONE",
13.087843,2026-09-05T19:04:11.881+01:00,558028,1368337,266,266,True,True,0x04,"NO_IRQ,NO_IRQ,OK,RESYNC_NEEDED","NONE,NONE,DELTA,NONE",
13.091269,2026-09-05T19:04:11.881+01:00,558294,1368338,130,130,True,True,0x04,"NO_IRQ,NO_IRQ,OK,RESYNC_NEEDED","NONE,NONE,DELTA,NONE",
13.096621,2026-09-05T19:04:11.885+01:00,558424,1368339,208,208,True,True,0x04,"NO_IRQ,NO_IRQ,OK,RESYNC_NEEDED","NONE,NONE,DELTA,NONE",
13.109367,2026-09-05T19:04:11.890+01:00,558632,1368340,230,230,True,True,0x04,"NO_IRQ,NO_IRQ,OK,RESYNC_NEEDED","NONE,NONE,DELTA,NONE",
13.110351,2026-09-05T19:04:11.903+01:00,558862,1368341,260,260,True,True,0x04,"NO_IRQ,NO_IRQ,OK,RESYNC_NEEDED","NONE,NONE,DELTA,NONE",
13.111799,2026-09-05T19:04:11.904+01:00,559122,1368342,126,126,True,True,0x04,"NO_IRQ,NO_IRQ,OK,RESYNC_NEEDED","NONE,NONE,DELTA,NONE",
13.116796,2026-09-05T19:04:11.905+01:00,559248,1368343,214,214,True,True,0x04,"NO_IRQ,NO_IRQ,OK,RESYNC_NEEDED","NONE,NONE,DELTA,NONE",
13.121739,2026-09-05T19:04:11.910+01:00,559462,1368344,224,224,True,True,0x04,"NO_IRQ,NO_IRQ,OK,RESYNC_NEEDED","NONE,NONE,DELTA,NONE",
13.132625,2026-09-05T19:04:11.915+01:00,559686,1368345,248,248,True,True,0x04,"NO_IRQ,NO_IRQ,OK,RESYNC_NEEDED","NONE,NONE,DELTA,NONE",
13.133760,2026-09-05T19:04:11.926+01:00,559934,1368346,128,128,True,True,0x04,"NO_IRQ,NO_IRQ,OK,RESYNC_NEEDED","NONE,NONE,DELTA,NONE",
13.136779,2026-09-05T19:04:11.927+01:00,560062,1368347,214,214,True,True,0x04,"NO_IRQ,NO_IRQ,OK,RESYNC_NEEDED","NONE,NONE,DELTA,NONE",
13.141799,2026-09-05T19:04:11.930+01:00,560276,1368348,232,232,True,True,0x04,"NO_IRQ,NO_IRQ,OK,RESYNC_NEEDED","NONE,NONE,DELTA,NONE",
13.146419,2026-09-05T19:04:11.935+01:00,560508,1368349,246,246,True,True,0x04,"NO_IRQ,NO_IRQ,OK,RESYNC_NEEDED","NONE,NONE,DELTA,NONE",
13.157186,2026-09-05T19:04:11.940+01:00,560754,1368350,126,126,True,True,0x04,"NO_IRQ,NO_IRQ,OK,RESYNC_NEEDED","NONE,NONE,DELTA,NONE",
13.158571,2026-09-05T19:04:11.951+01:00,560880,1368351,210,210,True,True,0x04,"NO_IRQ,NO_IRQ,OK,RESYNC_NEEDED","NONE,NONE,DELTA,NONE",
13.161740,2026-09-05T19:04:11.952+01:00,561090,1368352,234,234,True,True,0x04,"NO_IRQ,NO_IRQ,OK,RESYNC_NEEDED","NONE,NONE,DELTA,NONE",
13.166920,2026-09-05T19:04:11.955+01:00,561324,1368353,248,248,True,True,0x04,"NO_IRQ,NO_IRQ,OK,RESYNC_NEEDED","NONE,NONE,DELTA,NONE",
13.171098,2026-09-05T19:04:11.961+01:00,561572,1368354,126,126,True,True,0x04,"NO_IRQ,NO_IRQ,OK,RESYNC_NEEDED","NONE,NONE,DELTA,NONE",
13.183465,2026-09-05T19:04:11.965+01:00,561698,1368355,216,216,True,True,0x04,"NO_IRQ,NO_IRQ,OK,RESYNC_NEEDED","NONE,NONE,DELTA,NONE",
13.185086,2026-09-05T19:04:11.977+01:00,561914,1368356,230,230,True,True,0x04,"NO_IRQ,NO_IRQ,OK,RESYNC_NEEDED","NONE,NONE,DELTA,NONE",
13.186533,2026-09-05T19:04:11.978+01:00,562144,1368357,252,252,True,True,0x04,"NO_IRQ,NO_IRQ,OK,RESYNC_NEEDED","NONE,NONE,DELTA,NONE",
13.191640,2026-09-05T19:04:11.980+01:00,562396,1368358,128,128,True,True,0x04,"NO_IRQ,NO_IRQ,OK,RESYNC_NEEDED","NONE,NONE,DELTA,NONE",
13.196874,2026-09-05T19:04:11.985+01:00,562524,1368359,212,212,True,True,0x04,"NO_IRQ,NO_IRQ,OK,RESYNC_NEEDED","NONE,NONE,DELTA,NONE",
13.207711,2026-09-05T19:04:11.990+01:00,562736,1368360,242,242,True,True,0x04,"NO_IRQ,NO_IRQ,OK,RESYNC_NEEDED","NONE,NONE,DELTA,NONE",
13.208809,2026-09-05T19:04:12.001+01:00,562978,1368361,256,256,True,True,0x04,"NO_IRQ,NO_IRQ,OK,RESYNC_NEEDED","NONE,NONE,DELTA,NONE",
13.211363,2026-09-05T19:04:12.002+01:00,563234,1368362,124,124,True,True,0x04,"NO_IRQ,NO_IRQ,OK,RESYNC_NEEDED","NONE,NONE,DELTA,NONE",
13.216778,2026-09-05T19:04:12.005+01:00,563358,1368363,210,210,True,True,0x04,"NO_IRQ,NO_IRQ,OK,RESYNC_NEEDED","NONE,NONE,DELTA,NONE",
13.221402,2026-09-05T19:04:12.010+01:00,563568,1368364,242,242,True,True,0x04,"NO_IRQ,NO_IRQ,OK,RESYNC_NEEDED","NONE,NONE,DELTA,NONE",
13.232731,2026-09-05T19:04:12.015+01:00,563810,1368365,254,254,True,True,0x04,"NO_IRQ,NO_IRQ,OK,RESYNC_NEEDED","NONE,NONE,DELTA,NONE",
13.233364,2026-09-05T19:04:12.026+01:00,564064,1368366,128,128,True,True,0x04,"NO_IRQ,NO_IRQ,OK,RESYNC_NEEDED","NONE,NONE,DELTA,NONE",
13.236914,2026-09-05T19:04:12.027+01:00,564192,1368367,210,210,True,True,0x04,"NO_IRQ,NO_IRQ,OK,RESYNC_NEEDED","NONE,NONE,DELTA,NONE",
13.241657,2026-09-05T19:04:12.030+01:00,564402,1368368,246,246,True,True,0x04,"NO_IRQ,NO_IRQ,OK,RESYNC_NEEDED","NONE,NONE,DELTA,NONE",
13.246277,2026-09-05T19:04:12.035+01:00,564648,1368369,258,258,True,True,0x04,"NO_IRQ,NO_IRQ,OK,RESYNC_NEEDED","NONE,NONE,DELTA,NONE",
13.251853,2026-09-05T19:04:12.040+01:00,564906,1368370,130,130,True,True,0x04,"NO_IRQ,NO_IRQ,OK,RESYNC_NEEDED","NONE,NONE,DELTA,NONE",
13.256210,2026-09-05T19:04:12.045+01:00,565036,1368371,214,214,True,True,0x04,"NO_IRQ,NO_IRQ,OK,RESYNC_NEEDED","NONE,NONE,DELTA,NONE",
13.261571,2026-09-05T19:04:12.050+01:00,565250,1368372,228,228,True,True,0x04,"NO_IRQ,NO_IRQ,OK,RESYNC_NEEDED","NONE,NONE,DELTA,NONE",
13.266287,2026-09-05T19:04:12.055+01:00,565478,1368373,246,246,True,True,0x04,"NO_IRQ,NO_IRQ,OK,RESYNC_NEEDED","NONE,NONE,DELTA,NONE",
13.270892,2026-09-05T19:04:12.060+01:00,565724,1368374,126,126,True,True,0x04,"NO_IRQ,NO_IRQ,OK,RESYNC_NEEDED","NONE,NONE,DELTA,NONE",
13.276080,2026-09-05T19:04:12.064+01:00,565850,1368375,204,204,True,True,0x04,"NO_IRQ,NO_IRQ,OK,RESYNC_NEEDED","NONE,NONE,DELTA,NONE",
13.287729,2026-09-05T19:04:12.069+01:00,566054,1368376,232,232,True,True,0x04,"NO_IRQ,NO_IRQ,OK,RESYNC_NEEDED","NONE,NONE,DELTA,NONE",
13.288103,2026-09-05T19:04:12.081+01:00,566286,1368377,252,252,True,True,0x04,"NO_IRQ,NO_IRQ,OK,RESYNC_NEEDED","NONE,NONE,DELTA,NONE",
13.299426,2026-09-05T19:04:12.081+01:00,566538,1368378,126,126,True,True,0x04,"NO_IRQ,NO_IRQ,OK,RESYNC_NEEDED","NONE,NONE,DELTA,NONE",
13.303320,2026-09-05T19:04:12.096+01:00,566664,1368379,210,210,True,True,0x04,"NO_IRQ,NO_IRQ,OK,RESYNC_NEEDED","NONE,NONE,DELTA,NONE",
13.304279,2026-09-05T19:04:12.097+01:00,566874,1368380,230,230,True,True,0x04,"NO_IRQ,NO_IRQ,OK,RESYNC_NEEDED","NONE,NONE,DELTA,NONE",
13.306407,2026-09-05T19:04:12.098+01:00,567104,1368381,250,250,True,True,0x04,"NO_IRQ,NO_IRQ,OK,RESYNC_NEEDED","NONE,NONE,DELTA,NONE",
13.311144,2026-09-05T19:04:12.100+01:00,567354,1368382,124,124,True,True,0x04,"NO_IRQ,NO_IRQ,OK,RESYNC_NEEDED","NONE,NONE,DELTA,NONE",
13.325523,2026-09-05T19:04:12.105+01:00,567478,1368383,216,216,True,True,0x04,"NO_IRQ,NO_IRQ,OK,RESYNC_NEEDED","NONE,NONE,DELTA,NONE",
13.326030,2026-09-05T19:04:12.119+01:00,567694,1368384,246,246,True,True,0x04,"NO_IRQ,NO_IRQ,OK,RESYNC_NEEDED","NONE,NONE,DELTA,NONE",
13.326643,2026-09-05T19:04:12.119+01:00,567940,1368385,264,264,True,True,0x04,"NO_IRQ,NO_IRQ,OK,RESYNC_NEEDED","NONE,NONE,DELTA,NONE",
13.331737,2026-09-05T19:04:12.120+01:00,568204,1368386,128,128,True,True,0x04,"NO_IRQ,NO_IRQ,OK,RESYNC_NEEDED","NONE,NONE,DELTA,NONE",
13.336084,2026-09-05T19:04:12.125+01:00,568332,1368387,196,196,True,True,0x04,"NO_IRQ,NO_IRQ,OK,RESYNC_NEEDED","NONE,NONE,DELTA,NONE",
13.346710,2026-09-05T19:04:12.129+01:00,568528,1368388,228,228,True,True,0x04,"NO_IRQ,NO_IRQ,OK,RESYNC_NEEDED","NONE,NONE,DELTA,NONE",
13.347413,2026-09-05T19:04:12.140+01:00,568756,1368389,258,258,True,True,0x04,"NO_IRQ,NO_IRQ,OK,RESYNC_NEEDED","NONE,NONE,DELTA,NONE",
13.351366,2026-09-05T19:04:12.141+01:00,569014,1368390,128,128,True,True,0x04,"NO_IRQ,NO_IRQ,OK,RESYNC_NEEDED","NONE,NONE,DELTA,NONE",
13.356266,2026-09-05T19:04:12.145+01:00,569142,1368391,210,210,True,True,0x04,"NO_IRQ,NO_IRQ,OK,RESYNC_NEEDED","NONE,NONE,DELTA,NONE",
13.364085,2026-09-05T19:04:12.150+01:00,569352,1368392,234,234,True,True,0x04,"NO_IRQ,NO_IRQ,OK,RESYNC_NEEDED","NONE,NONE,DELTA,NONE",
13.366174,2026-09-05T19:04:12.158+01:00,569586,1368393,244,244,True,True,0x04,"NO_IRQ,NO_IRQ,OK,RESYNC_NEEDED","NONE,NONE,DELTA,NONE",
13.371304,2026-09-05T19:04:12.160+01:00,569830,1368394,130,130,True,True,0x04,"NO_IRQ,NO_IRQ,OK,RESYNC_NEEDED","NONE,NONE,DELTA,NONE",
13.380968,2026-09-05T19:04:12.165+01:00,569960,1368395,210,210,True,True,0x04,"NO_IRQ,NO_IRQ,OK,RESYNC_NEEDED","NONE,NONE,DELTA,NONE",
13.382126,2026-09-05T19:04:12.175+01:00,570170,1368396,240,240,True,True,0x04,"NO_IRQ,NO_IRQ,OK,RESYNC_NEEDED","NONE,NONE,DELTA,NONE",
13.387464,2026-09-05T19:04:12.175+01:00,570410,1368397,256,256,True,True,0x04,"NO_IRQ,NO_IRQ,OK,RESYNC_NEEDED","NONE,NONE,DELTA,NONE",
13.391376,2026-09-05T19:04:12.181+01:00,570666,1368398,132,132,True,True,0x04,"NO_IRQ,NO_IRQ,OK,RESYNC_NEEDED","NONE,NONE,DELTA,NONE",
13.402075,2026-09-05T19:04:12.185+01:00,570798,1368399,198,198,True,True,0x04,"NO_IRQ,NO_IRQ,OK,RESYNC_NEEDED","NONE,NONE,DELTA,NONE",
13.403079,2026-09-05T19:04:12.195+01:00,570996,1368400,242,242,True,True,0x04,"NO_IRQ,NO_IRQ,OK,RESYNC_NEEDED","NONE,NONE,DELTA,NONE",
13.406306,2026-09-05T19:04:12.197+01:00,571238,1368401,264,264,True,True,0x04,"NO_IRQ,NO_IRQ,OK,RESYNC_NEEDED","NONE,NONE,DELTA,NONE",
13.411098,2026-09-05T19:04:12.200+01:00,571502,1368402,134,134,True,True,0x04,"NO_IRQ,NO_IRQ,OK,RESYNC_NEEDED","NONE,NONE,DELTA,NONE",
13.422050,2026-09-05T19:04:12.205+01:00,571636,1368403,206,206,True,True,0x04,"NO_IRQ,NO_IRQ,OK,RESYNC_NEEDED","NONE,NONE,DELTA,NONE",
13.422999,2026-09-05T19:04:12.216+01:00,571842,1368404,230,230,True,True,0x04,"NO_IRQ,NO_IRQ,OK,RESYNC_NEEDED","NONE,NONE,DELTA,NONE",
13.426907,2026-09-05T19:04:12.216+01:00,572072,1368405,256,256,True,True,0x04,"NO_IRQ,NO_IRQ,OK,RESYNC_NEEDED","NONE,NONE,DELTA,NONE",
13.431567,2026-09-05T19:04:12.220+01:00,572328,1368406,134,134,True,True,0x04,"NO_IRQ,NO_IRQ,OK,RESYNC_NEEDED","NONE,NONE,DELTA,NONE",
13.436362,2026-09-05T19:04:12.225+01:00,572462,1368407,194,194,True,True,0x04,"NO_IRQ,NO_IRQ,OK,RESYNC_NEEDED","NONE,NONE,DELTA,NONE",
13.445655,2026-09-05T19:04:12.230+01:00,572656,1368408,236,236,True,True,0x04,"NO_IRQ,NO_IRQ,OK,RESYNC_NEEDED","NONE,NONE,DELTA,NONE",
13.447318,2026-09-05T19:04:12.239+01:00,572892,1368409,256,256,True,True,0x04,"NO_IRQ,NO_IRQ,OK,RESYNC_NEEDED","NONE,NONE,DELTA,NONE",
13.451609,2026-09-05T19:04:12.241+01:00,573148,1368410,138,138,True,True,0x04,"NO_IRQ,NO_IRQ,OK,RESYNC_NEEDED","NONE,NONE,DELTA,NONE",
13.456658,2026-09-05T19:04:12.245+01:00,573286,1368411,192,192,True,True,0x04,"NO_IRQ,NO_IRQ,OK,RESYNC_NEEDED","NONE,NONE,DELTA,NONE",
13.461502,2026-09-05T19:04:12.250+01:00,573478,1368412,240,240,True,True,0x04,"NO_IRQ,NO_IRQ,OK,RESYNC_NEEDED","NONE,NONE,DELTA,NONE",
13.466457,2026-09-05T19:04:12.255+01:00,573718,1368413,258,258,True,True,0x04,"NO_IRQ,NO_IRQ,OK,RESYNC_NEEDED","NONE,NONE,DELTA,NONE",
13.473312,2026-09-05T19:04:12.260+01:00,573976,1368414,134,134,True,True,0x04,"NO_IRQ,NO_IRQ,OK,RESYNC_NEEDED","NONE,NONE,DELTA,NONE",
13.475838,2026-09-05T19:04:12.267+01:00,574110,1368415,200,200,True,True,0x04,"NO_IRQ,NO_IRQ,OK,RESYNC_NEEDED","NONE,NONE,DELTA,NONE",
13.481382,2026-09-05T19:04:12.269+01:00,574310,1368416,242,242,True,True,0x04,"NO_IRQ,NO_IRQ,OK,RESYNC_NEEDED","NONE,NONE,DELTA,NONE",
13.496530,2026-09-05T19:04:12.275+01:00,574552,1368417,242,242,True,True,0x04,"NO_IRQ,NO_IRQ,OK,RESYNC_NEEDED","NONE,NONE,DELTA,NONE",
13.502960,2026-09-05T19:04:12.295+01:00,574794,1368418,132,132,True,True,0x04,"NO_IRQ,NO_IRQ,OK,RESYNC_NEEDED","NONE,NONE,DELTA,NONE",
13.504640,2026-09-05T19:04:12.296+01:00,574926,1368419,186,186,True,True,0x04,"NO_IRQ,NO_IRQ,OK,RESYNC_NEEDED","NONE,NONE,DELTA,NONE",
13.505336,2026-09-05T19:04:12.298+01:00,575112,1368420,240,240,True,True,0x04,"NO_IRQ,NO_IRQ,OK,RESYNC_NEEDED","NONE,NONE,DELTA,NONE",
13.506275,2026-09-05T19:04:12.299+01:00,575352,1368421,252,252,True,True,0x04,"NO_IRQ,NO_IRQ,OK,RESYNC_NEEDED","NONE,NONE,DELTA,NONE",
13.511282,2026-09-05T19:04:12.300+01:00,575604,1368422,136,136,True,True,0x04,"NO_IRQ,NO_IRQ,OK,RESYNC_NEEDED","NONE,NONE,DELTA,NONE",
13.515970,2026-09-05T19:04:12.305+01:00,575740,1368423,194,194,True,True,0x04,"NO_IRQ,NO_IRQ,OK,RESYNC_NEEDED","NONE,NONE,DELTA,NONE",
13.523536,2026-09-05T19:04:12.309+01:00,575934,1368424,240,240,True,True,0x04,"NO_IRQ,NO_IRQ,OK,RESYNC_NEEDED","NONE,NONE,DELTA,NONE",
13.526324,2026-09-05T19:04:12.317+01:00,576174,1368425,254,254,True,True,0x04,"NO_IRQ,NO_IRQ,OK,RESYNC_NEEDED","NONE,NONE,DELTA,NONE",
13.531193,2026-09-05T19:04:12.320+01:00,576428,1368426,142,142,True,True,0x04,"NO_IRQ,NO_IRQ,OK,RESYNC_NEEDED","NONE,NONE,DELTA,NONE",
13.541678,2026-09-05T19:04:12.325+01:00,576570,1368427,192,192,True,True,0x04,"NO_IRQ,NO_IRQ,OK,RESYNC_NEEDED","NONE,NONE,DELTA,NONE",
13.542758,2026-09-05T19:04:12.335+01:00,576762,1368428,240,240,True,True,0x04,"NO_IRQ,NO_IRQ,OK,RESYNC_NEEDED","NONE,NONE,DELTA,NONE",
13.546446,2026-09-05T19:04:12.336+01:00,577002,1368429,252,252,True,True,0x04,"NO_IRQ,NO_IRQ,OK,RESYNC_NEEDED","NONE,NONE,DELTA,NONE",
13.551015,2026-09-05T19:04:12.340+01:00,577254,1368430,140,140,True,True,0x04,"NO_IRQ,NO_IRQ,OK,RESYNC_NEEDED","NONE,NONE,DELTA,NONE",
13.556134,2026-09-05T19:04:12.344+01:00,577394,1368431,190,190,True,True,0x04,"NO_IRQ,NO_IRQ,OK,RESYNC_NEEDED","NONE,NONE,DELTA,NONE",
13.562889,2026-09-05T19:04:12.350+01:00,577584,1368432,248,248,True,True,0x04,"NO_IRQ,NO_IRQ,OK,RESYNC_NEEDED","NONE,NONE,DELTA,NONE",
13.566431,2026-09-05T19:04:12.356+01:00,577832,1368433,258,258,True,True,0x04,"NO_IRQ,NO_IRQ,OK,RESYNC_NEEDED","NONE,NONE,DELTA,NONE",
13.571243,2026-09-05T19:04:12.360+01:00,578090,1368434,144,144,True,True,0x04,"NO_IRQ,NO_IRQ,OK,RESYNC_NEEDED","NONE,NONE,DELTA,NONE",
13.586374,2026-09-05T19:04:12.365+01:00,578234,1368435,1084,1084,True,True,0x04,"NO_IRQ,NO_IRQ,OK,RESYNC_NEEDED","NONE,NONE,DELTA_SYNC,NONE",
13.587235,2026-09-05T19:04:12.380+01:00,579318,1368436,264,264,True,True,0x04,"NO_IRQ,NO_IRQ,OK,RESYNC_NEEDED","NONE,NONE,DELTA,NONE",
13.587838,2026-09-05T19:04:12.381+01:00,579582,1368437,274,274,True,True,0x04,"NO_IRQ,NO_IRQ,OK,RESYNC_NEEDED","NONE,NONE,DELTA,NONE",
13.591277,2026-09-05T19:04:12.381+01:00,579856,1368438,142,142,True,True,0x04,"NO_IRQ,NO_IRQ,OK,RESYNC_NEEDED","NONE,NONE,DELTA,NONE",
13.596067,2026-09-05T19:04:12.385+01:00,579998,1368439,176,176,True,True,0x04,"NO_IRQ,NO_IRQ,OK,RESYNC_NEEDED","NONE,NONE,DELTA,NONE",
13.607225,2026-09-05T19:04:12.389+01:00,580174,1368440,234,234,True,True,0x04,"NO_IRQ,NO_IRQ,OK,RESYNC_NEEDED","NONE,NONE,DELTA,NONE",
13.608322,2026-09-05T19:04:12.401+01:00,580408,1368441,254,254,True,True,0x04,"NO_IRQ,NO_IRQ,OK,RESYNC_NEEDED","NONE,NONE,DELTA,NONE",
13.611063,2026-09-05T19:04:12.402+01:00,580662,1368442,140,140,True,True,0x04,"NO_IRQ,NO_IRQ,OK,RESYNC_NEEDED","NONE,NONE,DELTA,NONE",
13.616013,2026-09-05T19:04:12.404+01:00,580802,1368443,178,178,True,True,0x04,"NO_IRQ,NO_IRQ,OK,RESYNC_NEEDED","NONE,NONE,DELTA,NONE",
13.626095,2026-09-05T19:04:12.409+01:00,580980,1368444,250,250,True,True,0x04,"NO_IRQ,NO_IRQ,OK,RESYNC_NEEDED","NONE,NONE,DELTA,NONE",
13.626850,2026-09-05T19:04:12.419+01:00,581230,1368445,252,252,True,True,0x04,"NO_IRQ,NO_IRQ,OK,RESYNC_NEEDED","NONE,NONE,DELTA,NONE",
13.630970,2026-09-05T19:04:12.420+01:00,581482,1368446,148,148,True,True,0x04,"NO_IRQ,NO_IRQ,OK,RESYNC_NEEDED","NONE,NONE,DELTA,NONE",
13.635970,2026-09-05T19:04:12.424+01:00,581630,1368447,170,170,True,True,0x04,"NO_IRQ,NO_IRQ,OK,RESYNC_NEEDED","NONE,NONE,DELTA,NONE",
13.641277,2026-09-05T19:04:12.430+01:00,581800,1368448,242,242,True,True,0x04,"NO_IRQ,NO_IRQ,OK,RESYNC_NEEDED","NONE,NONE,DELTA,NONE",
13.648687,2026-09-05T19:04:12.435+01:00,582042,1368449,258,258,True,True,0x04,"NO_IRQ,NO_IRQ,OK,RESYNC_NEEDED","NONE,NONE,DELTA,NONE",
13.650645,2026-09-05T19:04:12.442+01:00,582300,1368450,152,152,True,True,0x04,"NO_IRQ,NO_IRQ,OK,RESYNC_NEEDED","NONE,NONE,DELTA,NONE",
13.655922,2026-09-05T19:04:12.444+01:00,582452,1368451,168,168,True,True,0x04,"NO_IRQ,NO_IRQ,OK,RESYNC_NEEDED","NONE,NONE,DELTA,NONE",
13.661092,2026-09-05T19:04:12.449+01:00,582620,1368452,240,240,True,True,0x04,"NO_IRQ,NO_IRQ,OK,RESYNC_NEEDED","NONE,NONE,DELTA,NONE",
13.665738,2026-09-05T19:04:12.455+01:00,582860,1368453,258,258,True,True,0x04,"NO_IRQ,NO_IRQ,OK,RESYNC_NEEDED","NONE,NONE,DELTA,NONE",
13.672518,2026-09-05T19:04:12.459+01:00,583118,1368454,150,150,True,True,0x04,"NO_IRQ,NO_IRQ,OK,RESYNC_NEEDED","NONE,NONE,DELTA,NONE",
13.675957,2026-09-05T19:04:12.466+01:00,583268,1368455,176,176,True,True,0x04,"NO_IRQ,NO_IRQ,OK,RESYNC_NEEDED","NONE,NONE,DELTA,NONE",
13.683006,2026-09-05T19:04:12.476+01:00,583444,1368456,244,244,True,True,0x04,"NO_IRQ,NO_IRQ,OK,RESYNC_NEEDED","NONE,NONE,DELTA,NONE",
13.685605,2026-09-05T19:04:12.476+01:00,583688,1368457,256,256,True,True,0x04,"NO_IRQ,NO_IRQ,OK,RESYNC_NEEDED","NONE,NONE,DELTA,NONE",
13.697348,2026-09-05T19:04:12.479+01:00,583944,1368458,150,150,True,True,0x04,"NO_IRQ,NO_IRQ,OK,RESYNC_NEEDED","NONE,NONE,DELTA,NONE",
13.697696,2026-09-05T19:04:12.491+01:00,584094,1368459,176,176,True,True,0x04,"NO_IRQ,NO_IRQ,OK,RESYNC_NEEDED","NONE,NONE,DELTA,NONE",
13.712865,2026-09-05T19:04:12.491+01:00,584270,1368460,236,236,True,True,0x04,"NO_IRQ,NO_IRQ,OK,RESYNC_NEEDED","NONE,NONE,DELTA,NONE",
13.713906,2026-09-05T19:04:12.506+01:00,584506,1368461,254,254,True,True,0x04,"NO_IRQ,NO_IRQ,OK,RESYNC_NEEDED","NONE,NONE,DELTA,NONE",
13.714587,2026-09-05T19:04:12.507+01:00,584760,1368462,150,150,True,True,0x04,"NO_IRQ,NO_IRQ,OK,RESYNC_NEEDED","NONE,NONE,DELTA,NONE",
13.715919,2026-09-05T19:04:12.508+01:00,584910,1368463,174,174,True,True,0x04,"NO_IRQ,NO_IRQ,OK,RESYNC_NEEDED","NONE,NONE,DELTA,NONE",
13.723022,2026-09-05T19:04:12.509+01:00,585084,1368464,260,260,True,True,0x04,"NO_IRQ,NO_IRQ,OK,RESYNC_NEEDED","NONE,NONE,DELTA,NONE",
13.727108,2026-09-05T19:04:12.517+01:00,585344,1368465,274,274,True,True,0x04,"NO_IRQ,NO_IRQ,OK,RESYNC_NEEDED","NONE,NONE,DELTA,NONE",
13.741826,2026-09-05T19:04:12.520+01:00,585618,1368466,150,150,True,True,0x04,"NO_IRQ,NO_IRQ,OK,RESYNC_NEEDED","NONE,NONE,DELTA,NONE",
13.742886,2026-09-05T19:04:12.535+01:00,585768,1368467,166,166,True,True,0x04,"NO_IRQ,NO_IRQ,OK,RESYNC_NEEDED","NONE,NONE,DELTA,NONE",
13.743685,2026-09-05T19:04:12.536+01:00,585934,1368468,238,238,True,True,0x04,"NO_IRQ,NO_IRQ,OK,RESYNC_NEEDED","NONE,NONE,DELTA,NONE",
13.745961,2026-09-05T19:04:12.537+01:00,586172,1368469,252,252,True,True,0x04,"NO_IRQ,NO_IRQ,OK,RESYNC_NEEDED","NONE,NONE,DELTA,NONE",
13.750874,2026-09-05T19:04:12.539+01:00,586424,1368470,152,152,True,True,0x04,"NO_IRQ,NO_IRQ,OK,RESYNC_NEEDED","NONE,NONE,DELTA,NONE",
13.755728,2026-09-05T19:04:12.544+01:00,586576,1368471,172,172,True,True,0x04,"NO_IRQ,NO_IRQ,OK,RESYNC_NEEDED","NONE,NONE,DELTA,NONE",
13.768387,2026-09-05T19:04:12.549+01:00,586748,1368472,248,248,True,True,0x04,"NO_IRQ,NO_IRQ,OK,RESYNC_NEEDED","NONE,NONE,DELTA,NONE",
13.769268,2026-09-05T19:04:12.562+01:00,586996,1368473,258,258,True,True,0x04,"NO_IRQ,NO_IRQ,OK,RESYNC_NEEDED","NONE,NONE,DELTA,NONE",
13.770518,2026-09-05T19:04:12.563+01:00,587254,1368474,150,150,True,True,0x04,"NO_IRQ,NO_IRQ,OK,RESYNC_NEEDED","NONE,NONE,DELTA,NONE",
13.775560,2026-09-05T19:04:12.564+01:00,587404,1368475,160,160,True,True,0x04,"NO_IRQ,NO_IRQ,OK,RESYNC_NEEDED","NONE,NONE,DELTA,NONE",
13.780954,2026-09-05T19:04:12.569+01:00,587564,1368476,246,246,True,True,0x04,"NO_IRQ,NO_IRQ,OK,RESYNC_NEEDED","NONE,NONE,DELTA,NONE",
13.791927,2026-09-05T19:04:12.574+01:00,587810,1368477,264,264,True,True,0x04,"NO_IRQ,NO_IRQ,OK,RESYNC_NEEDED","NONE,NONE,DELTA,NONE",
13.792900,2026-09-05T19:04:12.585+01:00,588074,1368478,158,158,True,True,0x04,"NO_IRQ,NO_IRQ,OK,RESYNC_NEEDED","NONE,NONE,DELTA,NONE",
13.795717,2026-09-05T19:04:12.586+01:00,588232,1368479,166,166,True,True,0x04,"NO_IRQ,NO_IRQ,OK,RESYNC_NEEDED","NONE,NONE,DELTA,NONE",
13.800795,2026-09-05T19:04:12.589+01:00,588398,1368480,254,254,True,True,0x04,"NO_IRQ,NO_IRQ,OK,RESYNC_NEEDED","NONE,NONE,DELTA,NONE",
13.805594,2026-09-05T19:04:12.595+01:00,588652,1368481,264,264,True,True,0x04,"NO_IRQ,NO_IRQ,OK,RESYNC_NEEDED","NONE,NONE,DELTA,NONE",
13.818565,2026-09-05T19:04:12.599+01:00,588916,1368482,156,156,True,True,0x04,"NO_IRQ,NO_IRQ,OK,RESYNC_NEEDED","NONE,NONE,DELTA,NONE",
13.819103,2026-09-05T19:04:12.612+01:00,589072,1368483,172,172,True,True,0x04,"NO_IRQ,NO_IRQ,OK,RESYNC_NEEDED","NONE,NONE,DELTA,NONE",
13.820981,2026-09-05T19:04:12.612+01:00,589244,1368484,256,256,True,True,0x04,"NO_IRQ,NO_IRQ,OK,RESYNC_NEEDED","NONE,NONE,DELTA,NONE",
13.825735,2026-09-05T19:04:12.614+01:00,589500,1368485,252,252,True,True,0x04,"NO_IRQ,NO_IRQ,OK,RESYNC_NEEDED","NONE,NONE,DELTA,NONE",
13.830968,2026-09-05T19:04:12.619+01:00,589752,1368486,158,158,True,True,0x04,"NO_IRQ,NO_IRQ,OK,RESYNC_NEEDED","NONE,NONE,DELTA,NONE",
13.840024,2026-09-05T19:04:12.625+01:00,589910,1368487,160,160,True,True,0x04,"NO_IRQ,NO_IRQ,OK,RESYNC_NEEDED","NONE,NONE,DELTA,NONE",
13.840713,2026-09-05T19:04:12.633+01:00,590070,1368488,242,242,True,True,0x04,"NO_IRQ,NO_IRQ,OK,RESYNC_NEEDED","NONE,NONE,DELTA,NONE",
13.845851,2026-09-05T19:04:12.634+01:00,590312,1368489,246,246,True,True,0x04,"NO_IRQ,NO_IRQ,OK,RESYNC_NEEDED","NONE,NONE,DELTA,NONE",
13.850373,2026-09-05T19:04:12.639+01:00,590558,1368490,154,154,True,True,0x04,"NO_IRQ,NO_IRQ,OK,RESYNC_NEEDED","NONE,NONE,DELTA,NONE",
13.858357,2026-09-05T19:04:12.644+01:00,590712,1368491,176,176,True,True,0x04,"NO_IRQ,NO_IRQ,OK,RESYNC_NEEDED","NONE,NONE,DELTA,NONE",
13.860811,2026-09-05T19:04:12.652+01:00,590888,1368492,246,246,True,True,0x04,"NO_IRQ,NO_IRQ,OK,RESYNC_NEEDED","NONE,NONE,DELTA,NONE",
13.866235,2026-09-05T19:04:12.654+01:00,591134,1368493,258,258,True,True,0x04,"NO_IRQ,NO_IRQ,OK,RESYNC_NEEDED","NONE,NONE,DELTA,NONE",
13.870584,2026-09-05T19:04:12.660+01:00,591392,1368494,158,158,True,True,0x04,"NO_IRQ,NO_IRQ,OK,RESYNC_NEEDED","NONE,NONE,DELTA,NONE",
13.881256,2026-09-05T19:04:12.664+01:00,591550,1368495,166,166,True,True,0x04,"NO_IRQ,NO_IRQ,OK,RESYNC_NEEDED","NONE,NONE,DELTA,NONE",
13.882025,2026-09-05T19:04:12.675+01:00,591716,1368496,244,244,True,True,0x04,"NO_IRQ,NO_IRQ,OK,RESYNC_NEEDED","NONE,NONE,DELTA,NONE",
13.885611,2026-09-05T19:04:12.675+01:00,591960,1368497,246,246,True,True,0x04,"NO_IRQ,NO_IRQ,OK,RESYNC_NEEDED","NONE,NONE,DELTA,NONE",
13.890903,2026-09-05T19:04:12.679+01:00,592206,1368498,160,160,True,True,0x04,"NO_IRQ,NO_IRQ,OK,RESYNC_NEEDED","NONE,NONE,DELTA,NONE",
13.896361,2026-09-05T19:04:12.684+01:00,592366,1368499,174,174,True,True,0x04,"NO_IRQ,NO_IRQ,OK,RESYNC_NEEDED","NONE,NONE,DELTA,NONE",
13.900805,2026-09-05T19:04:12.690+01:00,592540,1368500,242,242,True,True,0x04,"NO_IRQ,NO_IRQ,OK,RESYNC_NEEDED","NONE,NONE,DELTA,NONE",
13.905347,2026-09-05T19:04:12.694+01:00,592782,1368501,248,248,True,True,0x04,"NO_IRQ,NO_IRQ,OK,RESYNC_NEEDED","NONE,NONE,DELTA,NONE",
13.910132,2026-09-05T19:04:12.699+01:00,593030,1368502,158,158,True,True,0x04,"NO_IRQ,NO_IRQ,OK,RESYNC_NEEDED","NONE,NONE,DELTA,NONE",
13.915186,2026-09-05T19:04:12.703+01:00,593188,1368503,160,160,True,True,0x04,"NO_IRQ,NO_IRQ,OK,RESYNC_NEEDED","NONE,NONE,DELTA,NONE",
13.930533,2026-09-05T19:04:12.709+01:00,593348,1368504,252,252,True,True,0x04,"NO_IRQ,NO_IRQ,OK,RESYNC_NEEDED","NONE,NONE,DELTA,NONE",
13.936060,2026-09-05T19:04:12.728+01:00,593600,1368505,256,256,True,True,0x04,"NO_IRQ,NO_IRQ,OK,RESYNC_NEEDED","NONE,NONE,DELTA,NONE",
13.937235,2026-09-05T19:04:12.729+01:00,593856,1368506,162,162,True,True,0x04,"NO_IRQ,NO_IRQ,OK,RESYNC_NEEDED","NONE,NONE,DELTA,NONE",
13.937989,2026-09-05T19:04:12.731+01:00,594018,1368507,164,164,True,True,0x04,"NO_IRQ,NO_IRQ,OK,RESYNC_NEEDED","NONE,NONE,DELTA,NONE",
13.940586,2026-09-05T19:04:12.732+01:00,594182,1368508,240,240,True,True,0x04,"NO_IRQ,NO_IRQ,OK,RESYNC_NEEDED","NONE,NONE,DELTA,NONE",
13.945706,2026-09-05T19:04:12.734+01:00,594422,1368509,250,250,True,True,0x04,"NO_IRQ,NO_IRQ,OK,RESYNC_NEEDED","NONE,NONE,DELTA,NONE",
13.954059,2026-09-05T19:04:12.739+01:00,594672,1368510,170,170,True,True,0x04,"NO_IRQ,NO_IRQ,OK,RESYNC_NEEDED","NONE,NONE,DELTA,NONE",
13.955401,2026-09-05T19:04:12.747+01:00,594842,1368511,152,152,True,True,0x04,"NO_IRQ,NO_IRQ,OK,RESYNC_NEEDED","NONE,NONE,DELTA,NONE",
13.960663,2026-09-05T19:04:12.749+01:00,594994,1368512,246,246,True,True,0x04,"NO_IRQ,NO_IRQ,OK,RESYNC_NEEDED","NONE,NONE,DELTA,NONE",
13.974514,2026-09-05T19:04:12.754+01:00,595240,1368513,248,248,True,True,0x04,"NO_IRQ,NO_IRQ,OK,RESYNC_NEEDED","NONE,NONE,DELTA,NONE",
13.974880,2026-09-05T19:04:12.768+01:00,595488,1368514,162,162,True,True,0x04,"NO_IRQ,NO_IRQ,OK,RESYNC_NEEDED","NONE,NONE,DELTA,NONE",
13.976002,2026-09-05T19:04:12.768+01:00,595650,1368515,154,154,True,True,0x04,"NO_IRQ,NO_IRQ,OK,RESYNC_NEEDED","NONE,NONE,DELTA,NONE",
13.980824,2026-09-05T19:04:12.769+01:00,595804,1368516,250,250,True,True,0x04,"NO_IRQ,NO_IRQ,OK,RESYNC_NEEDED","NONE,NONE,DELTA,NONE",
13.992762,2026-09-05T19:04:12.774+01:00,596054,1368517,248,248,True,True,0x04,"NO_IRQ,NO_IRQ,OK,RESYNC_NEEDED","NONE,NONE,DELTA,NONE",
13.993763,2026-09-05T19:04:12.786+01:00,596302,1368518,164,164,True,True,0x04,"NO_IRQ,NO_IRQ,OK,RESYNC_NEEDED","NONE,NONE,DELTA,NONE",
13.995139,2026-09-05T19:04:12.787+01:00,596466,1368519,152,152,True,True,0x04,"NO_IRQ,NO_IRQ,OK,RESYNC_NEEDED","NONE,NONE,DELTA,NONE",
14.000530,2026-09-05T19:04:12.789+01:00,596618,1368520,248,248,True,True,0x04,"NO_IRQ,NO_IRQ,OK,RESYNC_NEEDED","NONE,NONE,DELTA,NONE",
14.005713,2026-09-05T19:04:12.794+01:00,596866,1368521,248,248,True,True,0x04,"NO_IRQ,NO_IRQ,OK,RESYNC_NEEDED","NONE,NONE,DELTA,NONE",
14.014673,2026-09-05T19:04:12.799+01:00,597114,1368522,168,168,True,True,0x04,"NO_IRQ,NO_IRQ,OK,RESYNC_NEEDED","NONE,NONE,DELTA,NONE",
14.015328,2026-09-05T19:04:12.808+01:00,597282,1368523,154,154,True,True,0x04,"NO_IRQ,NO_IRQ,OK,RESYNC_NEEDED","NONE,NONE,DELTA,NONE",
14.020525,2026-09-05T19:04:12.809+01:00,597436,1368524,254,254,True,True,0x04,"NO_IRQ,NO_IRQ,OK,RESYNC_NEEDED","NONE,NONE,DELTA,NONE",
14.030981,2026-09-05T19:04:12.814+01:00,597690,1368525,248,248,True,True,0x04,"NO_IRQ,NO_IRQ,OK,RESYNC_NEEDED","NONE,NONE,DELTA,NONE",
14.031689,2026-09-05T19:04:12.824+01:00,597938,1368526,170,170,True,True,0x04,"NO_IRQ,NO_IRQ,OK,RESYNC_NEEDED","NONE,NONE,DELTA,NONE",
14.035552,2026-09-05T19:04:12.825+01:00,598108,1368527,162,162,True,True,0x04,"NO_IRQ,NO_IRQ,OK,RESYNC_NEEDED","NONE,NONE,DELTA,NONE",
14.040808,2026-09-05T19:04:12.829+01:00,598270,1368528,244,244,True,True,0x04,"NO_IRQ,NO_IRQ,OK,RESYNC_NEEDED","NONE,NONE,DELTA,NONE",
14.050721,2026-09-05T19:04:12.834+01:00,598514,1368529,254,254,True,True,0x04,"NO_IRQ,NO_IRQ,OK,RESYNC_NEEDED","NONE,NONE,DELTA,NONE",
14.055736,2026-09-05T19:04:12.848+01:00,598768,1368530,170,170,True,True,0x04,"NO_IRQ,NO_IRQ,OK,RESYNC_NEEDED","NONE,NONE,DELTA,NONE",
14.057386,2026-09-05T19:04:12.849+01:00,598938,1368531,152,152,True,True,0x04,"NO_IRQ,NO_IRQ,OK,RESYNC_NEEDED","NONE,NONE,DELTA,NONE",
14.060381,2026-09-05T19:04:12.851+01:00,599090,1368532,254,254,True,True,0x04,"NO_IRQ,NO_IRQ,OK,RESYNC_NEEDED","NONE,NONE,DELTA,NONE",
14.065583,2026-09-05T19:04:12.854+01:00,599344,1368533,246,246,True,True,0x04,"NO_IRQ,NO_IRQ,OK,RESYNC_NEEDED","NONE,NONE,DELTA,NONE",
14.080160,2026-09-05T19:04:12.859+01:00,599590,1368534,170,170,True,True,0x04,"NO_IRQ,NO_IRQ,OK,RESYNC_NEEDED","NONE,NONE,DELTA,NONE",
14.081520,2026-09-05T19:04:12.874+01:00,599760,1368535,164,164,True,True,0x04,"NO_IRQ,NO_IRQ,OK,RESYNC_NEEDED","NONE,NONE,DELTA,NONE",
14.082279,2026-09-05T19:04:12.875+01:00,599924,1368536,244,244,True,True,0x04,"NO_IRQ,NO_IRQ,OK,RESYNC_NEEDED","NONE,NONE,DELTA,NONE",
14.086200,2026-09-05T19:04:12.876+01:00,600168,1368537,240,240,True,True,0x04,"NO_IRQ,NO_IRQ,OK,RESYNC_NEEDED","NONE,NONE,DELTA,NONE",
14.090392,2026-09-05T19:04:12.880+01:00,600408,1368538,172,172,True,True,0x04,"NO_IRQ,NO_IRQ,OK,RESYNC_NEEDED","NONE,NONE,DELTA,NONE",
14.095223,2026-09-05T19:04:12.884+01:00,600580,1368539,152,152,True,True,0x04,"NO_IRQ,NO_IRQ,OK,RESYNC_NEEDED","NONE,NONE,DELTA,NONE",
14.102020,2026-09-05T19:04:12.889+01:00,600732,1368540,250,250,True,True,0x04,"NO_IRQ,NO_IRQ,OK,RESYNC_NEEDED","NONE,NONE,DELTA,NONE",
14.105289,2026-09-05T19:04:12.895+01:00,600982,1368541,252,252,True,True,0x04,"NO_IRQ,NO_IRQ,OK,RESYNC_NEEDED","NONE,NONE,DELTA,NONE",
14.113370,2026-09-05T19:04:12.899+01:00,601234,1368542,172,172,True,True,0x04,"NO_IRQ,NO_IRQ,OK,RESYNC_NEEDED","NONE,NONE,DELTA,NONE",
14.115030,2026-09-05T19:04:12.907+01:00,601406,1368543,156,156,True,True,0x04,"NO_IRQ,NO_IRQ,OK,RESYNC_NEEDED","NONE,NONE,DELTA,NONE",
14.120918,2026-09-05T19:04:12.908+01:00,601562,1368544,250,250,True,True,0x04,"NO_IRQ,NO_IRQ,OK,RESYNC_NEEDED","NONE,NONE,DELTA,NONE",
14.125429,2026-09-05T19:04:12.914+01:00,601812,1368545,244,244,True,True,0x04,"NO_IRQ,NO_IRQ,OK,RESYNC_NEEDED","NONE,NONE,DELTA,NONE",
14.130012,2026-09-05T19:04:12.919+01:00,602056,1368546,176,176,True,True,0x04,"NO_IRQ,NO_IRQ,OK,RESYNC_NEEDED","NONE,NONE,DELTA,NONE",
14.141884,2026-09-05T19:04:12.923+01:00,602232,1368547,148,148,True,True,0x04,"NO_IRQ,NO_IRQ,OK,RESYNC_NEEDED","NONE,NONE,DELTA,NONE",
14.142566,2026-09-05T19:04:12.935+01:00,602380,1368548,246,246,True,True,0x04,"NO_IRQ,NO_IRQ,OK,RESYNC_NEEDED","NONE,NONE,DELTA,NONE",
14.150938,2026-09-05T19:04:12.936+01:00,602626,1368549,244,244,True,True,0x04,"NO_IRQ,NO_IRQ,OK,RESYNC_NEEDED","NONE,NONE,DELTA,NONE",
14.160934,2026-09-05T19:04:12.944+01:00,602870,1368550,176,176,True,True,0x04,"NO_IRQ,NO_IRQ,OK,RESYNC_NEEDED","NONE,NONE,DELTA,NONE",
14.161885,2026-09-05T19:04:12.954+01:00,603046,1368551,154,154,True,True,0x04,"NO_IRQ,NO_IRQ,OK,RESYNC_NEEDED","NONE,NONE,DELTA,NONE",
14.163115,2026-09-05T19:04:12.956+01:00,603200,1368552,242,242,True,True,0x04,"NO_IRQ,NO_IRQ,OK,RESYNC_NEEDED","NONE,NONE,DELTA,NONE",
14.166645,2026-09-05T19:04:12.956+01:00,603442,1368553,246,246,True,True,0x04,"NO_IRQ,NO_IRQ,OK,RESYNC_NEEDED","NONE,NONE,DELTA,NONE",
14.171714,2026-09-05T19:04:12.960+01:00,603688,1368554,184,184,True,True,0x04,"NO_IRQ,NO_IRQ,OK,RESYNC_NEEDED","NONE,NONE,DELTA,NONE",
14.175168,2026-09-05T19:04:12.965+01:00,603872,1368555,152,152,True,True,0x04,"NO_IRQ,NO_IRQ,OK,RESYNC_NEEDED","NONE,NONE,DELTA,NONE",
14.188221,2026-09-05T19:04:12.969+01:00,604024,1368556,252,252,True,True,0x04,"NO_IRQ,NO_IRQ,OK,RESYNC_NEEDED","NONE,NONE,DELTA,NONE",
14.189689,2026-09-05T19:04:12.982+01:00,604276,1368557,246,246,True,True,0x04,"NO_IRQ,NO_IRQ,OK,RESYNC_NEEDED","NONE,NONE,DELTA,NONE",
14.190704,2026-09-05T19:04:12.983+01:00,604522,1368558,178,178,True,True,0x04,"NO_IRQ,NO_IRQ,OK,RESYNC_NEEDED","NONE,NONE,DELTA,NONE",
14.195792,2026-09-05T19:04:12.984+01:00,604700,1368559,148,148,True,True,0x04,"NO_IRQ,NO_IRQ,OK,RESYNC_NEEDED","NONE,NONE,DELTA,NONE",
14.200389,2026-09-05T19:04:12.989+01:00,604848,1368560,256,256,True,True,0x04,"NO_IRQ,NO_IRQ,OK,RESYNC_NEEDED","NONE,NONE,DELTA,NONE",
14.214036,2026-09-05T19:04:12.994+01:00,605104,1368561,262,262,True,True,0x04,"NO_IRQ,NO_IRQ,OK,RESYNC_NEEDED","NONE,NONE,DELTA,NONE",
14.215041,2026-09-05T19:04:13.007+01:00,605366,1368562,184,184,True,True,0x04,"NO_IRQ,NO_IRQ,OK,RESYNC_NEEDED","NONE,NONE,DELTA,NONE",
14.215843,2026-09-05T19:04:13.008+01:00,605550,1368563,152,152,True,True,0x04,"NO_IRQ,NO_IRQ,OK,RESYNC_NEEDED","NONE,NONE,DELTA,NONE",
14.221279,2026-09-05T19:04:13.009+01:00,605702,1368564,244,244,True,True,0x04,"NO_IRQ,NO_IRQ,OK,RESYNC_NEEDED","NONE,NONE,DELTA,NONE",
14.225415,2026-09-05T19:04:13.015+01:00,605946,1368565,240,240,True,True,0x04,"NO_IRQ,NO_IRQ,OK,RESYNC_NEEDED","NONE,NONE,DELTA,NONE",
14.237683,2026-09-05T19:04:13.019+01:00,606186,1368566,182,182,True,True,0x04,"NO_IRQ,NO_IRQ,OK,RESYNC_NEEDED","NONE,NONE,DELTA,NONE",
14.238503,2026-09-05T19:04:13.031+01:00,606368,1368567,150,150,True,True,0x04,"NO_IRQ,NO_IRQ,OK,RESYNC_NEEDED","NONE,NONE,DELTA,NONE",
14.240060,2026-09-05T19:04:13.032+01:00,606518,1368568,248,248,True,True,0x04,"NO_IRQ,NO_IRQ,OK,RESYNC_NEEDED","NONE,NONE,DELTA,NONE",
14.245536,2026-09-05T19:04:13.033+01:00,606766,1368569,240,240,True,True,0x04,"NO_IRQ,NO_IRQ,OK,RESYNC_NEEDED","NONE,NONE,DELTA,NONE",
14.250375,2026-09-05T19:04:13.039+01:00,607006,1368570,188,188,True,True,0x04,"NO_IRQ,NO_IRQ,OK,RESYNC_NEEDED","NONE,NONE,DELTA,NONE",
14.261578,2026-09-05T19:04:13.044+01:00,607194,1368571,150,150,True,True,0x04,"NO_IRQ,NO_IRQ,OK,RESYNC_NEEDED","NONE,NONE,DELTA,NONE",
14.262708,2026-09-05T19:04:13.055+01:00,607344,1368572,244,244,True,True,0x04,"NO_IRQ,NO_IRQ,OK,RESYNC_NEEDED","NONE,NONE,DELTA,NONE",
14.265235,2026-09-05T19:04:13.056+01:00,607588,1368573,242,242,True,True,0x04,"NO_IRQ,NO_IRQ,OK,RESYNC_NEEDED","NONE,NONE,DELTA,NONE",
14.271270,2026-09-05T19:04:13.059+01:00,607830,1368574,182,182,True,True,0x04,"NO_IRQ,NO_IRQ,OK,RESYNC_NEEDED","NONE,NONE,DELTA,NONE",
14.275289,2026-09-05T19:04:13.065+01:00,608012,1368575,146,146,True,True,0x04,"NO_IRQ,NO_IRQ,OK,RESYNC_NEEDED","NONE,NONE,DELTA,NONE",
14.290807,2026-09-05T19:04:13.069+01:00,608158,1368576,248,248,True,True,0x04,"NO_IRQ,NO_IRQ,OK,RESYNC_NEEDED","NONE,NONE,DELTA,NONE",
14.292097,2026-09-05T19:04:13.084+01:00,608406,1368577,246,246,True,True,0x04,"NO_IRQ,NO_IRQ,OK,RESYNC_NEEDED","NONE,NONE,DELTA,NONE",
14.293162,2026-09-05T19:04:13.086+01:00,608652,1368578,186,186,True,True,0x04,"NO_IRQ,NO_IRQ,OK,RESYNC_NEEDED","NONE,NONE,DELTA,NONE",
14.295941,2026-09-05T19:04:13.087+01:00,608838,1368579,142,142,True,True,0x04,"NO_IRQ,NO_IRQ,OK,RESYNC_NEEDED","NONE,NONE,DELTA,NONE",
14.300872,2026-09-05T19:04:13.089+01:00,608980,1368580,248,248,True,True,0x04,"NO_IRQ,NO_IRQ,OK,RESYNC_NEEDED","NONE,NONE,DELTA,NONE",
14.305672,2026-09-05T19:04:13.094+01:00,609228,1368581,244,244,True,True,0x04,"NO_IRQ,NO_IRQ,OK,RESYNC_NEEDED","NONE,NONE,DELTA,NONE",
14.309930,2026-09-05T19:04:13.099+01:00,609472,1368582,194,194,True,True,0x04,"NO_IRQ,NO_IRQ,OK,RESYNC_NEEDED","NONE,NONE,DELTA,NONE",
14.320561,2026-09-05T19:04:13.103+01:00,609666,1368583,144,144,True,True,0x04,"NO_IRQ,NO_IRQ,OK,RESYNC_NEEDED","NONE,NONE,DELTA,NONE",
14.321922,2026-09-05T19:04:13.114+01:00,609810,1368584,242,242,True,True,0x04,"NO_IRQ,NO_IRQ,OK,RESYNC_NEEDED","NONE,NONE,DELTA,NONE",
14.326206,2026-09-05T19:04:13.115+01:00,610052,1368585,244,244,True,True,0x04,"NO_IRQ,NO_IRQ,OK,RESYNC_NEEDED","NONE,NONE,DELTA,NONE",
14.330578,2026-09-05T19:04:13.120+01:00,610296,1368586,194,194,True,True,0x04,"NO_IRQ,NO_IRQ,OK,RESYNC_NEEDED","NONE,NONE,DELTA,NONE",
14.335280,2026-09-05T19:04:13.124+01:00,610490,1368587,140,140,True,True,0x04,"NO_IRQ,NO_IRQ,OK,RESYNC_NEEDED","NONE,NONE,DELTA,NONE",
14.346456,2026-09-05T19:04:13.129+01:00,610630,1368588,244,244,True,True,0x04,"NO_IRQ,NO_IRQ,OK,RESYNC_NEEDED","NONE,NONE,DELTA,NONE",
14.347528,2026-09-05T19:04:13.140+01:00,610874,1368589,234,234,True,True,0x04,"NO_IRQ,NO_IRQ,OK,RESYNC_NEEDED","NONE,NONE,DELTA,NONE",
14.349987,2026-09-05T19:04:13.141+01:00,611108,1368590,190,190,True,True,0x04,"NO_IRQ,NO_IRQ,OK,RESYNC_NEEDED","NONE,NONE,DELTA,NONE",
14.355125,2026-09-05T19:04:13.143+01:00,611298,1368591,144,144,True,True,0x04,"NO_IRQ,NO_IRQ,OK,RESYNC_NEEDED","NONE,NONE,DELTA,NONE",
14.360265,2026-09-05T19:04:13.148+01:00,611442,1368592,244,244,True,True,0x04,"NO_IRQ,NO_IRQ,OK,RESYNC_NEEDED","NONE,NONE,DELTA,NONE",
14.364836,2026-09-05T19:04:13.154+01:00,611686,1368593,230,230,True,True,0x04,"NO_IRQ,NO_IRQ,OK,RESYNC_NEEDED","NONE,NONE,DELTA,NONE",
14.371211,2026-09-05T19:04:13.158+01:00,611916,1368594,184,184,True,True,0x04,"NO_IRQ,NO_IRQ,OK,RESYNC_NEEDED","NONE,NONE,DELTA,NONE",
14.376350,2026-09-05T19:04:13.165+01:00,612100,1368595,150,150,True,True,0x04,"NO_IRQ,NO_IRQ,OK,RESYNC_NEEDED","NONE,NONE,DELTA,NONE",
14.380652,2026-09-05T19:04:13.170+01:00,612250,1368596,244,244,True,True,0x04,"NO_IRQ,NO_IRQ,OK,RESYNC_NEEDED","NONE,NONE,DELTA,NONE",
14.384980,2026-09-05T19:04:13.174+01:00,612494,1368597,230,230,True,True,0x04,"NO_IRQ,NO_IRQ,OK,RESYNC_NEEDED","NONE,NONE,DELTA,NONE",
14.389737,2026-09-05T19:04:13.178+01:00,612724,1368598,192,192,True,True,0x04,"NO_IRQ,NO_IRQ,OK,RESYNC_NEEDED","NONE,NONE,DELTA,NONE",
14.402409,2026-09-05T19:04:13.183+01:00,612916,1368599,138,138,True,True,0x04,"NO_IRQ,NO_IRQ,OK,RESYNC_NEEDED","NONE,NONE,DELTA,NONE",
14.407396,2026-09-05T19:04:13.197+01:00,613054,1368600,248,248,True,True,0x04,"NO_IRQ,NO_IRQ,OK,RESYNC_NEEDED","NONE,NONE,DELTA,NONE",
14.411148,2026-09-05T19:04:13.201+01:00,613302,1368601,230,230,True,True,0x04,"NO_IRQ,NO_IRQ,OK,RESYNC_NEEDED","NONE,NONE,DELTA,NONE",
14.412279,2026-09-05T19:04:13.204+01:00,613532,1368602,196,196,True,True,0x04,"NO_IRQ,NO_IRQ,OK,RESYNC_NEEDED","NONE,NONE,DELTA,NONE",
14.415016,2026-09-05T19:04:13.206+01:00,613728,1368603,138,138,True,True,0x04,"NO_IRQ,NO_IRQ,OK,RESYNC_NEEDED","NONE,NONE,DELTA,NONE",
14.420766,2026-09-05T19:04:13.208+01:00,613866,1368604,256,256,True,True,0x04,"NO_IRQ,NO_IRQ,OK,RESYNC_NEEDED","NONE,NONE,DELTA,NONE",
14.431850,2026-09-05T19:04:13.214+01:00,614122,1368605,238,238,True,True,0x04,"NO_IRQ,NO_IRQ,OK,RESYNC_NEEDED","NONE,NONE,DELTA,NONE",
14.432789,2026-09-05T19:04:13.225+01:00,614360,1368606,194,194,True,True,0x04,"NO_IRQ,NO_IRQ,OK,RESYNC_NEEDED","NONE,NONE,DELTA,NONE",
14.435040,2026-09-05T19:04:13.226+01:00,614554,1368607,134,134,True,True,0x04,"NO_IRQ,NO_IRQ,OK,RESYNC_NEEDED","NONE,NONE,DELTA,NONE",
14.440186,2026-09-05T19:04:13.228+01:00,614688,1368608,236,236,True,True,0x04,"NO_IRQ,NO_IRQ,OK,RESYNC_NEEDED","NONE,NONE,DELTA,NONE",
14.445447,2026-09-05T19:04:13.234+01:00,614924,1368609,232,232,True,True,0x04,"NO_IRQ,NO_IRQ,OK,RESYNC_NEEDED","NONE,NONE,DELTA,NONE",
14.450498,2026-09-05T19:04:13.239+01:00,615156,1368610,198,198,True,True,0x04,"NO_IRQ,NO_IRQ,OK,RESYNC_NEEDED","NONE,NONE,DELTA,NONE",
14.455664,2026-09-05T19:04:13.244+01:00,615354,1368611,142,142,True,True,0x04,"NO_IRQ,NO_IRQ,OK,RESYNC_NEEDED","NONE,NONE,DELTA,NONE",
14.462911,2026-09-05T19:04:13.249+01:00,615496,1368612,238,238,True,True,0x04,"NO_IRQ,NO_IRQ,OK,RESYNC_NEEDED","NONE,NONE,DELTA,NONE",
14.464832,2026-09-05T19:04:13.256+01:00,615734,1368613,234,234,True,True,0x04,"NO_IRQ,NO_IRQ,OK,RESYNC_NEEDED","NONE,NONE,DELTA,NONE",
14.471146,2026-09-05T19:04:13.259+01:00,615968,1368614,192,192,True,True,0x04,"NO_IRQ,NO_IRQ,OK,RESYNC_NEEDED","NONE,NONE,DELTA,NONE",
14.476359,2026-09-05T19:04:13.265+01:00,616160,1368615,138,138,True,True,0x04,"NO_IRQ,NO_IRQ,OK,RESYNC_NEEDED","NONE,NONE,DELTA,NONE",
14.479982,2026-09-05T19:04:13.270+01:00,616298,1368616,244,244,True,True,0x04,"NO_IRQ,NO_IRQ,OK,RESYNC_NEEDED","NONE,NONE,DELTA,NONE",
14.489688,2026-09-05T19:04:13.273+01:00,616542,1368617,242,242,True,True,0x04,"NO_IRQ,NO_IRQ,OK,RESYNC_NEEDED","NONE,NONE,DELTA,NONE",
14.491544,2026-09-05T19:04:13.283+01:00,616784,1368618,192,192,True,True,0x04,"NO_IRQ,NO_IRQ,OK,RESYNC_NEEDED","NONE,NONE,DELTA,NONE",
14.494919,2026-09-05T19:04:13.285+01:00,616976,1368619,140,140,True,True,0x04,"NO_IRQ,NO_IRQ,OK,RESYNC_NEEDED","NONE,NONE,DELTA,NONE",
14.500301,2026-09-05T19:04:13.288+01:00,617116,1368620,228,228,True,True,0x04,"NO_IRQ,NO_IRQ,OK,RESYNC_NEEDED","NONE,NONE,DELTA,NONE",
14.505287,2026-09-05T19:04:13.294+01:00,617344,1368621,234,234,True,True,0x04,"NO_IRQ,NO_IRQ,OK,RESYNC_NEEDED","NONE,NONE,DELTA,NONE",
14.515226,2026-09-05T19:04:13.299+01:00,617578,1368622,192,192,True,True,0x04,"NO_IRQ,NO_IRQ,OK,RESYNC_NEEDED","NONE,NONE,DELTA,NONE",
14.516175,2026-09-05T19:04:13.309+01:00,617770,1368623,144,144,True,True,0x04,"NO_IRQ,NO_IRQ,OK,RESYNC_NEEDED","NONE,NONE,DELTA,NONE",
14.520222,2026-09-05T19:04:13.310+01:00,617914,1368624,236,236,True,True,0x04,"NO_IRQ,NO_IRQ,OK,RESYNC_NEEDED","NONE,NONE,DELTA,NONE",
14.525144,2026-09-05T19:04:13.314+01:00,618150,1368625,238,238,True,True,0x04,"NO_IRQ,NO_IRQ,OK,RESYNC_NEEDED","NONE,NONE,DELTA,NONE",
14.529689,2026-09-05T19:04:13.318+01:00,618388,1368626,204,204,True,True,0x04,"NO_IRQ,NO_IRQ,OK,RESYNC_NEEDED","NONE,NONE,DELTA,NONE",
14.540240,2026-09-05T19:04:13.323+01:00,618592,1368627,138,138,True,True,0x04,"NO_IRQ,NO_IRQ,OK,RESYNC_NEEDED","NONE,NONE,DELTA,NONE",
14.541222,2026-09-05T19:04:13.334+01:00,618730,1368628,250,250,True,True,0x04,"NO_IRQ,NO_IRQ,OK,RESYNC_NEEDED","NONE,NONE,DELTA,NONE",
14.545173,2026-09-05T19:04:13.335+01:00,618980,1368629,238,238,True,True,0x04,"NO_IRQ,NO_IRQ,OK,RESYNC_NEEDED","NONE,NONE,DELTA,NONE",
14.549731,2026-09-05T19:04:13.338+01:00,619218,1368630,200,200,True,True,0x04,"NO_IRQ,NO_IRQ,OK,RESYNC_NEEDED","NONE,NONE,DELTA,NONE",
14.566866,2026-09-05T19:04:13.343+01:00,619418,1368631,146,146,True,True,0x04,"NO_IRQ,NO_IRQ,OK,RESYNC_NEEDED","NONE,NONE,DELTA,NONE",
14.568108,2026-09-05T19:04:13.360+01:00,619564,1368632,238,238,True,True,0x04,"NO_IRQ,NO_IRQ,OK,RESYNC_NEEDED","NONE,NONE,DELTA,NONE",
14.569271,2026-09-05T19:04:13.361+01:00,619802,1368633,242,242,True,True,0x04,"NO_IRQ,NO_IRQ,OK,RESYNC_NEEDED","NONE,NONE,DELTA,NONE",
14.570854,2026-09-05T19:04:13.363+01:00,620044,1368634,208,208,True,True,0x04,"NO_IRQ,NO_IRQ,OK,RESYNC_NEEDED","NONE,NONE,DELTA,NONE",
14.575610,2026-09-05T19:04:13.364+01:00,620252,1368635,1084,1084,True,True,0x04,"NO_IRQ,NO_IRQ,OK,RESYNC_NEEDED","NONE,NONE,DELTA_SYNC,NONE",
14.579894,2026-09-05T19:04:13.369+01:00,621336,1368636,252,252,True,True,0x04,"NO_IRQ,NO_IRQ,OK,RESYNC_NEEDED","NONE,NONE,DELTA,NONE",
14.588367,2026-09-05T19:04:13.374+01:00,621588,1368637,242,242,True,True,0x04,"NO_IRQ,NO_IRQ,OK,RESYNC_NEEDED","NONE,NONE,DELTA,NONE",
14.589686,2026-09-05T19:04:13.382+01:00,621830,1368638,196,196,True,True,0x04,"NO_IRQ,NO_IRQ,OK,RESYNC_NEEDED","NONE,NONE,DELTA,NONE",
14.594687,2026-09-05T19:04:13.384+01:00,622026,1368639,134,134,True,True,0x04,"NO_IRQ,NO_IRQ,OK,RESYNC_NEEDED","NONE,NONE,DELTA,NONE",
14.600642,2026-09-05T19:04:13.388+01:00,622160,1368640,240,240,True,True,0x04,"NO_IRQ,NO_IRQ,OK,RESYNC_NEEDED","NONE,NONE,DELTA,NONE",
14.604899,2026-09-05T19:04:13.394+01:00,622400,1368641,230,230,True,True,0x04,"NO_IRQ,NO_IRQ,OK,RESYNC_NEEDED","NONE,NONE,DELTA,NONE",
14.610127,2026-09-05T19:04:13.398+01:00,622630,1368642,206,206,True,True,0x04,"NO_IRQ,NO_IRQ,OK,RESYNC_NEEDED","NONE,NONE,DELTA,NONE",
14.616884,2026-09-05T19:04:13.403+01:00,622836,1368643,140,140,True,True,0x04,"NO_IRQ,NO_IRQ,OK,RESYNC_NEEDED","NONE,NONE,DELTA,NONE",
14.620182,2026-09-05T19:04:13.410+01:00,622976,1368644,240,240,True,True,0x04,"NO_IRQ,NO_IRQ,OK,RESYNC_NEEDED","NONE,NONE,DELTA,NONE",
14.624953,2026-09-05T19:04:13.413+01:00,623216,1368645,228,228,True,True,0x04,"NO_IRQ,NO_IRQ,OK,RESYNC_NEEDED","NONE,NONE,DELTA,NONE",
14.639660,2026-09-05T19:04:13.418+01:00,623444,1368646,202,202,True,True,0x04,"NO_IRQ,NO_IRQ,OK,RESYNC_NEEDED","NONE,NONE,DELTA,NONE",
14.639982,2026-09-05T19:04:13.433+01:00,623646,1368647,132,132,True,True,0x04,"NO_IRQ,NO_IRQ,OK,RESYNC_NEEDED","NONE,NONE,DELTA,NONE",
14.640207,2026-09-05T19:04:13.433+01:00,623778,1368648,242,242,True,True,0x04,"NO_IRQ,NO_IRQ,OK,RESYNC_NEEDED","NONE,NONE,DELTA,NONE",
14.654097,2026-09-05T19:04:13.433+01:00,624020,1368649,234,234,True,True,0x04,"NO_IRQ,NO_IRQ,OK,RESYNC_NEEDED","NONE,NONE,DELTA,NONE",
14.655193,2026-09-05T19:04:13.448+01:00,624254,1368650,204,204,True,True,0x04,"NO_IRQ,NO_IRQ,OK,RESYNC_NEEDED","NONE,NONE,DELTA,NONE",
14.655762,2026-09-05T19:04:13.449+01:00,624458,1368651,140,140,True,True,0x04,"NO_IRQ,NO_IRQ,OK,RESYNC_NEEDED","NONE,NONE,DELTA,NONE",
14.660328,2026-09-05T19:04:13.449+01:00,624598,1368652,242,242,True,True,0x04,"NO_IRQ,NO_IRQ,OK,RESYNC_NEEDED","NONE,NONE,DELTA,NONE",
14.664644,2026-09-05T19:04:13.454+01:00,624840,1368653,240,240,True,True,0x04,"NO_IRQ,NO_IRQ,OK,RESYNC_NEEDED","NONE,NONE,DELTA,NONE",
14.669935,2026-09-05T19:04:13.458+01:00,625080,1368654,206,206,True,True,0x04,"NO_IRQ,NO_IRQ,OK,RESYNC_NEEDED","NONE,NONE,DELTA,NONE",
14.675220,2026-09-05T19:04:13.463+01:00,625286,1368655,142,142,True,True,0x04,"NO_IRQ,NO_IRQ,OK,RESYNC_NEEDED","NONE,NONE,DELTA,NONE",
14.679840,2026-09-05T19:04:13.469+01:00,625428,1368656,236,236,True,True,0x04,"NO_IRQ,NO_IRQ,OK,RESYNC_NEEDED","NONE,NONE,DELTA,NONE",
14.684636,2026-09-05T19:04:13.473+01:00,625664,1368657,236,236,True,True,0x04,"NO_IRQ,NO_IRQ,OK,RESYNC_NEEDED","NONE,NONE,DELTA,NONE",
14.689539,2026-09-05T19:04:13.478+01:00,625900,1368658,214,214,True,True,0x04,"NO_IRQ,NO_IRQ,OK,RESYNC_NEEDED","NONE,NONE,DELTA,NONE",
14.699991,2026-09-05T19:04:13.483+01:00,626114,1368659,136,136,True,True,0x04,"NO_IRQ,NO_IRQ,OK,RESYNC_NEEDED","NONE,NONE,DELTA,NONE",
14.701808,2026-09-05T19:04:13.493+01:00,626250,1368660,238,238,True,True,0x04,"NO_IRQ,NO_IRQ,OK,RESYNC_NEEDED","NONE,NONE,DELTA,NONE",
14.704851,2026-09-05T19:04:13.495+01:00,626488,1368661,248,248,True,True,0x04,"NO_IRQ,NO_IRQ,OK,RESYNC_NEEDED","NONE,NONE,DELTA,NONE",
14.709680,2026-09-05T19:04:13.499+01:00,626736,1368662,226,226,True,True,0x04,"NO_IRQ,NO_IRQ,OK,RESYNC_NEEDED","NONE,NONE,DELTA,NONE",
14.714489,2026-09-05T19:04:13.503+01:00,626962,1368663,132,132,True,True,0x04,"NO_IRQ,NO_IRQ,OK,RESYNC_NEEDED","NONE,NONE,DELTA,NONE",
14.726096,2026-09-05T19:04:13.508+01:00,627094,1368664,240,240,True,True,0x04,"NO_IRQ,NO_IRQ,OK,RESYNC_NEEDED","NONE,NONE,DELTA,NONE",
14.727134,2026-09-05T19:04:13.519+01:00,627334,1368665,232,232,True,True,0x04,"NO_IRQ,NO_IRQ,OK,RESYNC_NEEDED","NONE,NONE,DELTA,NONE",
14.729691,2026-09-05T19:04:13.520+01:00,627566,1368666,212,212,True,True,0x04,"NO_IRQ,NO_IRQ,OK,RESYNC_NEEDED","NONE,NONE,DELTA,NONE",
14.734238,2026-09-05T19:04:13.523+01:00,627778,1368667,136,136,True,True,0x04,"NO_IRQ,NO_IRQ,OK,RESYNC_NEEDED","NONE,NONE,DELTA,NONE",
14.753525,2026-09-05T19:04:13.528+01:00,627914,1368668,236,236,True,True,0x04,"NO_IRQ,NO_IRQ,OK,RESYNC_NEEDED","NONE,NONE,DELTA,NONE",
14.755959,2026-09-05T19:04:13.547+01:00,628150,1368669,256,256,True,True,0x04,"NO_IRQ,NO_IRQ,OK,RESYNC_NEEDED","NONE,NONE,DELTA,NONE",
14.757230,2026-09-05T19:04:13.550+01:00,628406,1368670,218,218,True,True,0x04,"NO_IRQ,NO_IRQ,OK,RESYNC_NEEDED","NONE,NONE,DELTA,NONE",
14.758382,2026-09-05T19:04:13.551+01:00,628624,1368671,134,134,True,True,0x04,"NO_IRQ,NO_IRQ,OK,RESYNC_NEEDED","NONE,NONE,DELTA,NONE",
14.759922,2026-09-05T19:04:13.552+01:00,628758,1368672,232,232,True,True,0x04,"NO_IRQ,NO_IRQ,OK,RESYNC_NEEDED","NONE,NONE,DELTA,NONE",
14.765410,2026-09-05T19:04:13.554+01:00,628990,1368673,236,236,True,True,0x04,"NO_IRQ,NO_IRQ,OK,RESYNC_NEEDED","NONE,NONE,DELTA,NONE",
14.770394,2026-09-05T19:04:13.559+01:00,629226,1368674,214,214,True,True,0x04,"NO_IRQ,NO_IRQ,OK,RESYNC_NEEDED","NONE,NONE,DELTA,NONE",
14.774261,2026-09-05T19:04:13.564+01:00,629440,1368675,132,132,True,True,0x04,"NO_IRQ,NO_IRQ,OK,RESYNC_NEEDED","NONE,NONE,DELTA,NONE",
14.790187,2026-09-05T19:04:13.568+01:00,629572,1368676,224,224,True,True,0x04,"NO_IRQ,NO_IRQ,OK,RESYNC_NEEDED","NONE,NONE,DELTA,NONE",
14.791303,2026-09-05T19:04:13.584+01:00,629796,1368677,228,228,True,True,0x04,"NO_IRQ,NO_IRQ,OK,RESYNC_NEEDED","NONE,NONE,DELTA,NONE",
14.792419,2026-09-05T19:04:13.585+01:00,630024,1368678,214,214,True,True,0x04,"NO_IRQ,NO_IRQ,OK,RESYNC_NEEDED","NONE,NONE,DELTA,NONE",
14.795317,2026-09-05T19:04:13.586+01:00,630238,1368679,136,136,True,True,0x04,"NO_IRQ,NO_IRQ,OK,RESYNC_NEEDED","NONE,NONE,DELTA,NONE",
14.799814,2026-09-05T19:04:13.589+01:00,630374,1368680,240,240,True,True,0x04,"NO_IRQ,NO_IRQ,OK,RESYNC_NEEDED","NONE,NONE,DELTA,NONE",
14.806187,2026-09-05T19:04:13.594+01:00,630614,1368681,220,220,True,True,0x04,"NO_IRQ,NO_IRQ,OK,RESYNC_NEEDED","NONE,NONE,DELTA,NONE",
14.809803,2026-09-05T19:04:13.600+01:00,630834,1368682,218,218,True,True,0x04,"NO_IRQ,NO_IRQ,OK,RESYNC_NEEDED","NONE,NONE,DELTA,NONE",
14.823391,2026-09-05T19:04:13.603+01:00,631052,1368683,132,132,True,True,0x04,"NO_IRQ,NO_IRQ,OK,RESYNC_NEEDED","NONE,NONE,DELTA,NONE",
14.824816,2026-09-05T19:04:13.617+01:00,631184,1368684,232,232,True,True,0x04,"NO_IRQ,NO_IRQ,OK,RESYNC_NEEDED","NONE,NONE,DELTA,NONE",
14.825655,2026-09-05T19:04:13.618+01:00,631416,1368685,230,230,True,True,0x04,"NO_IRQ,NO_IRQ,OK,RESYNC_NEEDED","NONE,NONE,DELTA,NONE",
14.829931,2026-09-05T19:04:13.619+01:00,631646,1368686,226,226,True,True,0x04,"NO_IRQ,NO_IRQ,OK,RESYNC_NEEDED","NONE,NONE,DELTA,NONE",
14.834529,2026-09-05T19:04:13.623+01:00,631872,1368687,134,134,True,True,0x04,"NO_IRQ,NO_IRQ,OK,RESYNC_NEEDED","NONE,NONE,DELTA,NONE",
14.845908,2026-09-05T19:04:13.628+01:00,632006,1368688,220,220,True,True,0x04,"NO_IRQ,NO_IRQ,OK,RESYNC_NEEDED","NONE,NONE,DELTA,NONE",
14.847618,2026-09-05T19:04:13.640+01:00,632226,1368689,230,230,True,True,0x04,"NO_IRQ,NO_IRQ,OK,RESYNC_NEEDED","NONE,NONE,DELTA,NONE",
14.849339,2026-09-05T19:04:13.641+01:00,632456,1368690,222,222,True,True,0x04,"NO_IRQ,NO_IRQ,OK,RESYNC_NEEDED","NONE,NONE,DELTA,NONE",
14.854503,2026-09-05T19:04:13.643+01:00,632678,1368691,130,130,True,True,0x04,"NO_IRQ,NO_IRQ,OK,RESYNC_NEEDED","NONE,NONE,DELTA,NONE",
14.859654,2026-09-05T19:04:13.648+01:00,632808,1368692,230,230,True,True,0x04,"NO_IRQ,NO_IRQ,OK,RESYNC_NEEDED","NONE,NONE,DELTA,NONE",
14.864660,2026-09-05T19:04:13.653+01:00,633038,1368693,228,228,True,True,0x04,"NO_IRQ,NO_IRQ,OK,RESYNC_NEEDED","NONE,NONE,DELTA,NONE",
14.869342,2026-09-05T19:04:13.658+01:00,633266,1368694,218,218,True,True,0x04,"NO_IRQ,NO_IRQ,OK,RESYNC_NEEDED","NONE,NONE,DELTA,NONE",
14.874362,2026-09-05T19:04:13.663+01:00,633484,1368695,130,130,True,True,0x04,"NO_IRQ,NO_IRQ,OK,RESYNC_NEEDED","NONE,NONE,DELTA,NONE",
14.879255,2026-09-05T19:04:13.668+01:00,633614,1368696,238,238,True,True,0x04,"NO_IRQ,NO_IRQ,OK,RESYNC_NEEDED","NONE,NONE,DELTA,NONE",
14.884349,2026-09-05T19:04:13.673+01:00,633852,1368697,242,242,True,True,0x04,"NO_IRQ,NO_IRQ,OK,RESYNC_NEEDED","NONE,NONE,DELTA,NONE",
14.894028,2026-09-05T19:04:13.678+01:00,634094,1368698,218,218,True,True,0x04,"NO_IRQ,NO_IRQ,OK,RESYNC_NEEDED","NONE,NONE,DELTA,NONE",
14.896045,2026-09-05T19:04:13.688+01:00,634312,1368699,136,136,True,True,0x04,"NO_IRQ,NO_IRQ,OK,RESYNC_NEEDED","NONE,NONE,DELTA,NONE",
14.904476,2026-09-05T19:04:13.692+01:00,634448,1368700,238,238,True,True,0x04,"NO_IRQ,NO_IRQ,OK,RESYNC_NEEDED","NONE,NONE,DELTA,NONE",
14.906883,2026-09-05T19:04:13.698+01:00,634686,1368701,230,230,True,True,0x04,"NO_IRQ,NO_IRQ,OK,RESYNC_NEEDED","NONE,NONE,DELTA,NONE",
14.909927,2026-09-05T19:04:13.700+01:00,634916,1368702,226,226,True,True,0x04,"NO_IRQ,NO_IRQ,OK,RESYNC_NEEDED","NONE,NONE,DELTA,NONE",
14.914814,2026-09-05T19:04:13.703+01:00,635142,1368703,126,126,True,True,0x04,"NO_IRQ,NO_IRQ,OK,RESYNC_NEEDED","NONE,NONE,DELTA,NONE",
14.919309,2026-09-05T19:04:13.708+01:00,635268,1368704,232,232,True,True,0x04,"NO_IRQ,NO_IRQ,OK,RESYNC_NEEDED","NONE,NONE,DELTA,NONE",
14.928608,2026-09-05T19:04:13.713+01:00,635500,1368705,230,230,True,True,0x04,"NO_IRQ,NO_IRQ,OK,RESYNC_NEEDED","NONE,NONE,DELTA,NONE",
14.930014,2026-09-05T19:04:13.722+01:00,635730,1368706,220,220,True,True,0x04,"NO_IRQ,NO_IRQ,OK,RESYNC_NEEDED","NONE,NONE,DELTA,NONE",
14.934406,2026-09-05T19:04:13.724+01:00,635950,1368707,126,126,True,True,0x04,"NO_IRQ,NO_IRQ,OK,RESYNC_NEEDED","NONE,NONE,DELTA,NONE",
14.941871,2026-09-05T19:04:13.728+01:00,636076,1368708,222,222,True,True,0x04,"NO_IRQ,NO_IRQ,OK,RESYNC_NEEDED","NONE,NONE,DELTA,NONE",
14.944575,2026-09-05T19:04:13.735+01:00,636298,1368709,244,244,True,True,0x04,"NO_IRQ,NO_IRQ,OK,RESYNC_NEEDED","NONE,NONE,DELTA,NONE",
14.949195,2026-09-05T19:04:13.738+01:00,636542,1368710,244,244,True,True,0x04,"NO_IRQ,NO_IRQ,OK,RESYNC_NEEDED","NONE,NONE,DELTA,NONE",
14.959443,2026-09-05T19:04:13.743+01:00,636786,1368711,130,130,True,True,0x04,"NO_IRQ,NO_IRQ,OK,RESYNC_NEEDED","NONE,NONE,DELTA,NONE",
14.961112,2026-09-05T19:04:13.753+01:00,636916,1368712,222,222,True,True,0x04,"NO_IRQ,NO_IRQ,OK,RESYNC_NEEDED","NONE,NONE,DELTA,NONE",
14.964612,2026-09-05T19:04:13.754+01:00,637138,1368713,240,240,True,True,0x04,"NO_IRQ,NO_IRQ,OK,RESYNC_NEEDED","NONE,NONE,DELTA,NONE",
14.969643,2026-09-05T19:04:13.758+01:00,637378,1368714,226,226,True,True,0x04,"NO_IRQ,NO_IRQ,OK,RESYNC_NEEDED","NONE,NONE,DELTA,NONE",
14.978243,2026-09-05T19:04:13.763+01:00,637604,1368715,138,138,True,True,0x04,"NO_IRQ,NO_IRQ,OK,RESYNC_NEEDED","NONE,NONE,DELTA,NONE",
14.982918,2026-09-05T19:04:13.773+01:00,637742,1368716,224,224,True,True,0x04,"NO_IRQ,NO_IRQ,OK,RESYNC_NEEDED","NONE,NONE,DELTA,NONE",
14.984506,2026-09-05T19:04:13.776+01:00,637966,1368717,238,238,True,True,0x04,"NO_IRQ,NO_IRQ,OK,RESYNC_NEEDED","NONE,NONE,DELTA,NONE",
14.989774,2026-09-05T19:04:13.778+01:00,638204,1368718,238,238,True,True,0x04,"NO_IRQ,NO_IRQ,OK,RESYNC_NEEDED","NONE,NONE,DELTA,NONE",
14.994520,2026-09-05T19:04:13.783+01:00,638442,1368719,134,134,True,True,0x04,"NO_IRQ,NO_IRQ,OK,RESYNC_NEEDED","NONE,NONE,DELTA,NONE",
15.007713,2026-09-05T19:04:13.788+01:00,638576,1368720,224,224,True,True,0x04,"NO_IRQ,NO_IRQ,OK,RESYNC_NEEDED","NONE,NONE,DELTA,NONE",
15.008503,2026-09-05T19:04:13.801+01:00,638800,1368721,240,240,True,True,0x04,"NO_IRQ,NO_IRQ,OK,RESYNC_NEEDED","NONE,NONE,DELTA,NONE",
15.009431,2026-09-05T19:04:13.802+01:00,639040,1368722,234,234,True,True,0x04,"NO_IRQ,NO_IRQ,OK,RESYNC_NEEDED","NONE,NONE,DELTA,NONE",
15.014215,2026-09-05T19:04:13.803+01:00,639274,1368723,142,142,True,True,0x04,"NO_IRQ,NO_IRQ,OK,RESYNC_NEEDED","NONE,NONE,DELTA,NONE",
15.020449,2026-09-05T19:04:13.808+01:00,639416,1368724,232,232,True,True,0x04,"NO_IRQ,NO_IRQ,OK,RESYNC_NEEDED","NONE,NONE,DELTA,NONE",
15.032055,2026-09-05T19:04:13.815+01:00,639648,1368725,240,240,True,True,0x04,"NO_IRQ,NO_IRQ,OK,RESYNC_NEEDED","NONE,NONE,DELTA,NONE",
15.033016,2026-09-05T19:04:13.825+01:00,639888,1368726,236,236,True,True,0x04,"NO_IRQ,NO_IRQ,OK,RESYNC_NEEDED","NONE,NONE,DELTA,NONE",
15.034439,2026-09-05T19:04:13.826+01:00,640124,1368727,136,136,True,True,0x04,"NO_IRQ,NO_IRQ,OK,RESYNC_NEEDED","NONE,NONE,DELTA,NONE",
15.039457,2026-09-05T19:04:13.828+01:00,640260,1368728,234,234,True,True,0x04,"NO_IRQ,NO_IRQ,OK,RESYNC_NEEDED","NONE,NONE,DELTA,NONE",
15.046019,2026-09-05T19:04:13.838+01:00,640494,1368729,232,232,True,True,0x04,"NO_IRQ,NO_IRQ,OK,RESYNC_NEEDED","NONE,NONE,DELTA,NONE",
15.049729,2026-09-05T19:04:13.839+01:00,640726,1368730,230,230,True,True,0x04,"NO_IRQ,NO_IRQ,OK,RESYNC_NEEDED","NONE,NONE,DELTA,NONE",
15.060012,2026-09-05T19:04:13.843+01:00,640956,1368731,126,126,True,True,0x04,"NO_IRQ,NO_IRQ,OK,RESYNC_NEEDED","NONE,NONE,DELTA,NONE",
15.061052,2026-09-05T19:04:13.853+01:00,641082,1368732,236,236,True,True,0x04,"NO_IRQ,NO_IRQ,OK,RESYNC_NEEDED","NONE,NONE,DELTA,NONE",
15.064803,2026-09-05T19:04:13.854+01:00,641318,1368733,228,228,True,True,0x04,"NO_IRQ,NO_IRQ,OK,RESYNC_NEEDED","NONE,NONE,DELTA,NONE",
15.069835,2026-09-05T19:04:13.858+01:00,641546,1368734,242,242,True,True,0x04,"NO_IRQ,NO_IRQ,OK,RESYNC_NEEDED","NONE,NONE,DELTA,NONE",
15.074110,2026-09-05T19:04:13.863+01:00,641788,1368735,128,128,True,True,0x04,"NO_IRQ,NO_IRQ,OK,RESYNC_NEEDED","NONE,NONE,DELTA,NONE",
15.084423,2026-09-05T19:04:13.867+01:00,641916,1368736,234,234,True,True,0x04,"NO_IRQ,NO_IRQ,OK,RESYNC_NEEDED","NONE,NONE,DELTA,NONE",
15.085841,2026-09-05T19:04:13.878+01:00,642150,1368737,230,230,True,True,0x04,"NO_IRQ,NO_IRQ,OK,RESYNC_NEEDED","NONE,NONE,DELTA,NONE",
15.089529,2026-09-05T19:04:13.879+01:00,642380,1368738,232,232,True,True,0x04,"NO_IRQ,NO_IRQ,OK,RESYNC_NEEDED","NONE,NONE,DELTA,NONE",
15.094150,2026-09-05T19:04:13.883+01:00,642612,1368739,130,130,True,True,0x04,"NO_IRQ,NO_IRQ,OK,RESYNC_NEEDED","NONE,NONE,DELTA,NONE",
15.099199,2026-09-05T19:04:13.887+01:00,642742,1368740,230,230,True,True,0x04,"NO_IRQ,NO_IRQ,OK,RESYNC_NEEDED","NONE,NONE,DELTA,NONE",
15.105697,2026-09-05T19:04:13.893+01:00,642972,1368741,240,240,True,True,0x04,"NO_IRQ,NO_IRQ,OK,RESYNC_NEEDED","NONE,NONE,DELTA,NONE",
15.110338,2026-09-05T19:04:13.899+01:00,643212,1368742,242,242,True,True,0x04,"NO_IRQ,NO_IRQ,OK,RESYNC_NEEDED","NONE,NONE,DELTA,NONE",
15.113857,2026-09-05T19:04:13.904+01:00,643454,1368743,130,130,True,True,0x04,"NO_IRQ,NO_IRQ,OK,RESYNC_NEEDED","NONE,NONE,DELTA,NONE",
15.119247,2026-09-05T19:04:13.907+01:00,643584,1368744,232,232,True,True,0x04,"NO_IRQ,NO_IRQ,OK,RESYNC_NEEDED","NONE,NONE,DELTA,NONE",
15.124265,2026-09-05T19:04:13.913+01:00,643816,1368745,236,236,True,True,0x04,"NO_IRQ,NO_IRQ,OK,RESYNC_NEEDED","NONE,NONE,DELTA,NONE",
15.129245,2026-09-05T19:04:13.918+01:00,644052,1368746,246,246,True,True,0x04,"NO_IRQ,NO_IRQ,OK,RESYNC_NEEDED","NONE,NONE,DELTA,NONE",
15.141331,2026-09-05T19:04:13.923+01:00,644298,1368747,130,130,True,True,0x04,"NO_IRQ,NO_IRQ,OK,RESYNC_NEEDED","NONE,NONE,DELTA,NONE",
15.141766,2026-09-05T19:04:13.935+01:00,644428,1368748,222,222,True,True,0x04,"NO_IRQ,NO_IRQ,OK,RESYNC_NEEDED","NONE,NONE,DELTA,NONE",
15.156861,2026-09-05T19:04:13.935+01:00,644650,1368749,240,240,True,True,0x04,"NO_IRQ,NO_IRQ,OK,RESYNC_NEEDED","NONE,NONE,DELTA,NONE",
15.158919,2026-09-05T19:04:13.951+01:00,644890,1368750,244,244,True,True,0x04,"NO_IRQ,NO_IRQ,OK,RESYNC_NEEDED","NONE,NONE,DELTA,NONE",
15.159936,2026-09-05T19:04:13.952+01:00,645134,1368751,128,128,True,True,0x04,"NO_IRQ,NO_IRQ,OK,RESYNC_NEEDED","NONE,NONE,DELTA,NONE",
15.160866,2026-09-05T19:04:13.953+01:00,645262,1368752,218,218,True,True,0x04,"NO_IRQ,NO_IRQ,OK,RESYNC_NEEDED","NONE,NONE,DELTA,NONE",
15.164990,2026-09-05T19:04:13.955+01:00,645480,1368753,240,240,True,True,0x04,"NO_IRQ,NO_IRQ,OK,RESYNC_NEEDED","NONE,NONE,DELTA,NONE",
15.169167,2026-09-05T19:04:13.958+01:00,645720,1368754,244,244,True,True,0x04,"NO_IRQ,NO_IRQ,OK,RESYNC_NEEDED","NONE,NONE,DELTA,NONE",
15.182155,2026-09-05T19:04:13.962+01:00,645964,1368755,126,126,True,True,0x04,"NO_IRQ,NO_IRQ,OK,RESYNC_NEEDED","NONE,NONE,DELTA,NONE",
15.183063,2026-09-05T19:04:13.976+01:00,646090,1368756,224,224,True,True,0x04,"NO_IRQ,NO_IRQ,OK,RESYNC_NEEDED","NONE,NONE,DELTA,NONE",
15.184463,2026-09-05T19:04:13.977+01:00,646314,1368757,240,240,True,True,0x04,"NO_IRQ,NO_IRQ,OK,RESYNC_NEEDED","NONE,NONE,DELTA,NONE",
15.189591,2026-09-05T19:04:13.978+01:00,646554,1368758,246,246,True,True,0x04,"NO_IRQ,NO_IRQ,OK,RESYNC_NEEDED","NONE,NONE,DELTA,NONE",
15.193948,2026-09-05T19:04:13.983+01:00,646800,1368759,124,124,True,True,0x04,"NO_IRQ,NO_IRQ,OK,RESYNC_NEEDED","NONE,NONE,DELTA,NONE",
15.207423,2026-09-05T19:04:13.987+01:00,646924,1368760,220,220,True,True,0x04,"NO_IRQ,NO_IRQ,OK,RESYNC_NEEDED","NONE,NONE,DELTA,NONE",
15.208280,2026-09-05T19:04:14.001+01:00,647144,1368761,234,234,True,True,0x04,"NO_IRQ,NO_IRQ,OK,RESYNC_NEEDED","NONE,NONE,DELTA,NONE",
15.209303,2026-09-05T19:04:14.002+01:00,647378,1368762,248,248,True,True,0x04,"NO_IRQ,NO_IRQ,OK,RESYNC_NEEDED","NONE,NONE,DELTA,NONE",
15.214399,2026-09-05T19:04:14.003+01:00,647626,1368763,130,130,True,True,0x04,"NO_IRQ,NO_IRQ,OK,RESYNC_NEEDED","NONE,NONE,DELTA,NONE",
15.219612,2026-09-05T19:04:14.008+01:00,647756,1368764,226,226,True,True,0x04,"NO_IRQ,NO_IRQ,OK,RESYNC_NEEDED","NONE,NONE,DELTA,NONE",
15.224187,2026-09-05T19:04:14.013+01:00,647982,1368765,232,232,True,True,0x04,"NO_IRQ,NO_IRQ,OK,RESYNC_NEEDED","NONE,NONE,DELTA,NONE",
15.233441,2026-09-05T19:04:14.018+01:00,648214,1368766,238,238,True,True,0x04,"NO_IRQ,NO_IRQ,OK,RESYNC_NEEDED","NONE,NONE,DELTA,NONE",
15.234364,2026-09-05T19:04:14.027+01:00,648452,1368767,130,130,True,True,0x04,"NO_IRQ,NO_IRQ,OK,RESYNC_NEEDED","NONE,NONE,DELTA,NONE",
15.239180,2026-09-05T19:04:14.028+01:00,648582,1368768,222,222,True,True,0x04,"NO_IRQ,NO_IRQ,OK,RESYNC_NEEDED","NONE,NONE,DELTA,NONE",
15.244624,2026-09-05T19:04:14.033+01:00,648804,1368769,244,244,True,True,0x04,"NO_IRQ,NO_IRQ,OK,RESYNC_NEEDED","NONE,NONE,DELTA,NONE",
15.257965,2026-09-05T19:04:14.038+01:00,649048,1368770,262,262,True,True,0x04,"NO_IRQ,NO_IRQ,OK,RESYNC_NEEDED","NONE,NONE,DELTA,NONE",
15.259213,2026-09-05T19:04:14.052+01:00,649310,1368771,126,126,True,True,0x04,"NO_IRQ,NO_IRQ,OK,RESYNC_NEEDED","NONE,NONE,DELTA,NONE",
15.260123,2026-09-05T19:04:14.053+01:00,649436,1368772,228,228,True,True,0x04,"NO_IRQ,NO_IRQ,OK,RESYNC_NEEDED","NONE,NONE,DELTA,NONE",
15.264242,2026-09-05T19:04:14.053+01:00,649664,1368773,232,232,True,True,0x04,"NO_IRQ,NO_IRQ,OK,RESYNC_NEEDED","NONE,NONE,DELTA,NONE",
15.269203,2026-09-05T19:04:14.058+01:00,649896,1368774,240,240,True,True,0x04,"NO_IRQ,NO_IRQ,OK,RESYNC_NEEDED","NONE,NONE,DELTA,NONE",
15.282365,2026-09-05T19:04:14.063+01:00,650136,1368775,126,126,True,True,0x04,"NO_IRQ,NO_IRQ,OK,RESYNC_NEEDED","NONE,NONE,DELTA,NONE",
15.284083,2026-09-05T19:04:14.076+01:00,650262,1368776,212,212,True,True,0x04,"NO_IRQ,NO_IRQ,OK,RESYNC_NEEDED","NONE,NONE,DELTA,NONE",
15.285666,2026-09-05T19:04:14.078+01:00,650474,1368777,232,232,True,True,0x04,"NO_IRQ,NO_IRQ,OK,RESYNC_NEEDED","NONE,NONE,DELTA,NONE",
15.289123,2026-09-05T19:04:14.079+01:00,650706,1368778,252,252,True,True,0x04,"NO_IRQ,NO_IRQ,OK,RESYNC_NEEDED","NONE,NONE,DELTA,NONE",
15.293981,2026-09-05T19:04:14.082+01:00,650958,1368779,124,124,True,True,0x04,"NO_IRQ,NO_IRQ,OK,RESYNC_NEEDED","NONE,NONE,DELTA,NONE",
15.307175,2026-09-05T19:04:14.087+01:00,651082,1368780,218,218,True,True,0x04,"NO_IRQ,NO_IRQ,OK,RESYNC_NEEDED","NONE,NONE,DELTA,NONE",
15.308100,2026-09-05T19:04:14.101+01:00,651300,1368781,240,240,True,True,0x04,"NO_IRQ,NO_IRQ,OK,RESYNC_NEEDED","NONE,NONE,DELTA,NONE",
15.309064,2026-09-05T19:04:14.101+01:00,651540,1368782,252,252,True,True,0x04,"NO_IRQ,NO_IRQ,OK,RESYNC_NEEDED","NONE,NONE,DELTA,NONE",
15.314193,2026-09-05T19:04:14.102+01:00,651792,1368783,126,126,True,True,0x04,"NO_IRQ,NO_IRQ,OK,RESYNC_NEEDED","NONE,NONE,DELTA,NONE",
15.318787,2026-09-05T19:04:14.108+01:00,651918,1368784,218,218,True,True,0x04,"NO_IRQ,NO_IRQ,OK,RESYNC_NEEDED","NONE,NONE,DELTA,NONE",
15.327052,2026-09-05T19:04:14.112+01:00,652136,1368785,236,236,True,True,0x04,"NO_IRQ,NO_IRQ,OK,RESYNC_NEEDED","NONE,NONE,DELTA,NONE",
15.332972,2026-09-05T19:04:14.120+01:00,652372,1368786,248,248,True,True,0x04,"NO_IRQ,NO_IRQ,OK,RESYNC_NEEDED","NONE,NONE,DELTA,NONE",
15.333679,2026-09-05T19:04:14.126+01:00,652620,1368787,124,124,True,True,0x04,"NO_IRQ,NO_IRQ,OK,RESYNC_NEEDED","NONE,NONE,DELTA,NONE",
15.339252,2026-09-05T19:04:14.127+01:00,652744,1368788,214,214,True,True,0x04,"NO_IRQ,NO_IRQ,OK,RESYNC_NEEDED","NONE,NONE,DELTA,NONE",
15.344115,2026-09-05T19:04:14.133+01:00,652958,1368789,232,232,True,True,0x04,"NO_IRQ,NO_IRQ,OK,RESYNC_NEEDED","NONE,NONE,DELTA,NONE",
15.349910,2026-09-05T19:04:14.138+01:00,653190,1368790,254,254,True,True,0x04,"NO_IRQ,NO_IRQ,OK,RESYNC_NEEDED","NONE,NONE,DELTA,NONE",
15.354413,2026-09-05T19:04:14.143+01:00,653444,1368791,128,128,True,True,0x04,"NO_IRQ,NO_IRQ,OK,RESYNC_NEEDED","NONE,NONE,DELTA,NONE",
15.359108,2026-09-05T19:04:14.148+01:00,653572,1368792,204,204,True,True,0x04,"NO_IRQ,NO_IRQ,OK,RESYNC_NEEDED","NONE,NONE,DELTA,NONE",
15.363875,2026-09-05T19:04:14.152+01:00,653776,1368793,218,218,True,True,0x04,"NO_IRQ,NO_IRQ,OK,RESYNC_NEEDED","NONE,NONE,DELTA,NONE",
15.369198,2026-09-05T19:04:14.157+01:00,653994,1368794,258,258,True,True,0x04,"NO_IRQ,NO_IRQ,OK,RESYNC_NEEDED","NONE,NONE,DELTA,NONE",
15.373811,2026-09-05T19:04:14.163+01:00,654252,1368795,130,130,True,True,0x04,"NO_IRQ,NO_IRQ,OK,RESYNC_NEEDED","NONE,NONE,DELTA,NONE",
15.392711,2026-09-05T19:04:14.167+01:00,654382,1368796,208,208,True,True,0x04,"NO_IRQ,NO_IRQ,OK,RESYNC_NEEDED","NONE,NONE,DELTA,NONE",
15.394013,2026-09-05T19:04:14.186+01:00,654590,1368797,226,226,True,True,0x04,"NO_IRQ,NO_IRQ,OK,RESYNC_NEEDED","NONE,NONE,DELTA,NONE",
15.395079,2026-09-05T19:04:14.187+01:00,654816,1368798,242,242,True,True,0x04,"NO_IRQ,NO_IRQ,OK,RESYNC_NEEDED","NONE,NONE,DELTA,NONE",
15.396084,2026-09-05T19:04:14.188+01:00,655058,1368799,128,128,True,True,0x04,"NO_IRQ,NO_IRQ,OK,RESYNC_NEEDED","NONE,NONE,DELTA,NONE",
15.399281,2026-09-05T19:04:14.189+01:00,655186,1368800,202,202,True,True,0x04,"NO_IRQ,NO_IRQ,OK,RESYNC_NEEDED","NONE,NONE,DELTA,NONE",
15.404219,2026-09-05T19:04:14.193+01:00,655388,1368801,230,230,True,True,0x04,"NO_IRQ,NO_IRQ,OK,RESYNC_NEEDED","NONE,NONE,DELTA,NONE",
15.417613,2026-09-05T19:04:14.198+01:00,655618,1368802,236,236,True,True,0x04,"NO_IRQ,NO_IRQ,OK,RESYNC_NEEDED","NONE,NONE,DELTA,NONE",
15.419066,2026-09-05T19:04:14.211+01:00,655854,1368803,130,130,True,True,0x04,"NO_IRQ,NO_IRQ,OK,RESYNC_NEEDED","NONE,NONE,DELTA,NONE",
15.419931,2026-09-05T19:04:14.212+01:00,655984,1368804,218,218,True,True,0x04,"NO_IRQ,NO_IRQ,OK,RESYNC_NEEDED","NONE,NONE,DELTA,NONE",
15.424361,2026-09-05T19:04:14.213+01:00,656202,1368805,234,234,True,True,0x04,"NO_IRQ,NO_IRQ,OK,RESYNC_NEEDED","NONE,NONE,DELTA,NONE",
15.428744,2026-09-05T19:04:14.218+01:00,656436,1368806,244,244,True,True,0x04,"NO_IRQ,NO_IRQ,OK,RESYNC_NEEDED","NONE,NONE,DELTA,NONE",
15.441619,2026-09-05T19:04:14.222+01:00,656680,1368807,124,124,True,True,0x04,"NO_IRQ,NO_IRQ,OK,RESYNC_NEEDED","NONE,NONE,DELTA,NONE",
15.442584,2026-09-05T19:04:14.235+01:00,656804,1368808,206,206,True,True,0x04,"NO_IRQ,NO_IRQ,OK,RESYNC_NEEDED","NONE,NONE,DELTA,NONE",
15.443945,2026-09-05T19:04:14.236+01:00,657010,1368809,226,226,True,True,0x04,"NO_IRQ,NO_IRQ,OK,RESYNC_NEEDED","NONE,NONE,DELTA,NONE",
15.449146,2026-09-05T19:04:14.237+01:00,657236,1368810,248,248,True,True,0x04,"NO_IRQ,NO_IRQ,OK,RESYNC_NEEDED","NONE,NONE,DELTA,NONE",
15.454244,2026-09-05T19:04:14.242+01:00,657484,1368811,130,130,True,True,0x04,"NO_IRQ,NO_IRQ,OK,RESYNC_NEEDED","NONE,NONE,DELTA,NONE",
15.466441,2026-09-05T19:04:14.248+01:00,657614,1368812,212,212,True,True,0x04,"NO_IRQ,NO_IRQ,OK,RESYNC_NEEDED","NONE,NONE,DELTA,NONE",
15.467583,2026-09-05T19:04:14.260+01:00,657826,1368813,228,228,True,True,0x04,"NO_IRQ,NO_IRQ,OK,RESYNC_NEEDED","NONE,NONE,DELTA,NONE",
15.468820,2026-09-05T19:04:14.261+01:00,658054,1368814,244,244,True,True,0x04,"NO_IRQ,NO_IRQ,OK,RESYNC_NEEDED","NONE,NONE,DELTA,NONE",
15.473762,2026-09-05T19:04:14.263+01:00,658298,1368815,134,134,True,True,0x04,"NO_IRQ,NO_IRQ,OK,RESYNC_NEEDED","NONE,NONE,DELTA,NONE",
15.478823,2026-09-05T19:04:14.268+01:00,658432,1368816,220,220,True,True,0x04,"NO_IRQ,NO_IRQ,OK,RESYNC_NEEDED","NONE,NONE,DELTA,NONE",
15.491763,2026-09-05T19:04:14.272+01:00,658652,1368817,220,220,True,True,0x04,"NO_IRQ,NO_IRQ,OK,RESYNC_NEEDED","NONE,NONE,DELTA,NONE",
15.493154,2026-09-05T19:04:14.285+01:00,658872,1368818,246,246,True,True,0x04,"NO_IRQ,NO_IRQ,OK,RESYNC_NEEDED","NONE,NONE,DELTA,NONE",
15.493771,2026-09-05T19:04:14.286+01:00,659118,1368819,130,130,True,True,0x04,"NO_IRQ,NO_IRQ,OK,RESYNC_NEEDED","NONE,NONE,DELTA,NONE",
15.499505,2026-09-05T19:04:14.287+01:00,659248,1368820,206,206,True,True,0x04,"NO_IRQ,NO_IRQ,OK,RESYNC_NEEDED","NONE,NONE,DELTA,NONE",
15.505098,2026-09-05T19:04:14.293+01:00,659454,1368821,226,226,True,True,0x04,"NO_IRQ,NO_IRQ,OK,RESYNC_NEEDED","NONE,NONE,DELTA,NONE",
15.515117,2026-09-05T19:04:14.298+01:00,659680,1368822,258,258,True,True,0x04,"NO_IRQ,NO_IRQ,OK,RESYNC_NEEDED","NONE,NONE,DELTA,NONE",
15.515739,2026-09-05T19:04:14.308+01:00,659938,1368823,128,128,True,True,0x04,"NO_IRQ,NO_IRQ,OK,RESYNC_NEEDED","NONE,NONE,DELTA,NONE",
15.519800,2026-09-05T19:04:14.309+01:00,660066,1368824,214,214,True,True,0x04,"NO_IRQ,NO_IRQ,OK,RESYNC_NEEDED","NONE,NONE,DELTA,NONE",
15.524882,2026-09-05T19:04:14.313+01:00,660280,1368825,238,238,True,True,0x04,"NO_IRQ,NO_IRQ,OK,RESYNC_NEEDED","NONE,NONE,DELTA,NONE",
15.528923,2026-09-05T19:04:14.318+01:00,660518,1368826,256,256,True,True,0x04,"NO_IRQ,NO_IRQ,OK,RESYNC_NEEDED","NONE,NONE,DELTA,NONE",
15.538654,2026-09-05T19:04:14.322+01:00,660774,1368827,124,124,True,True,0x04,"NO_IRQ,NO_IRQ,OK,RESYNC_NEEDED","NONE,NONE,DELTA,NONE",
15.540314,2026-09-05T19:04:14.332+01:00,660898,1368828,210,210,True,True,0x04,"NO_IRQ,NO_IRQ,OK,RESYNC_NEEDED","NONE,NONE,DELTA,NONE",
15.544051,2026-09-05T19:04:14.334+01:00,661108,1368829,228,228,True,True,0x04,"NO_IRQ,NO_IRQ,OK,RESYNC_NEEDED","NONE,NONE,DELTA,NONE",
15.549582,2026-09-05T19:04:14.337+01:00,661336,1368830,246,246,True,True,0x04,"NO_IRQ,NO_IRQ,OK,RESYNC_NEEDED","NONE,NONE,DELTA,NONE",
15.553651,2026-09-05T19:04:14.343+01:00,661582,1368831,128,128,True,True,0x04,"NO_IRQ,NO_IRQ,OK,RESYNC_NEEDED","NONE,NONE,DELTA,NONE",
15.563072,2026-09-05T19:04:14.347+01:00,661710,1368832,198,198,True,True,0x04,"NO_IRQ,NO_IRQ,OK,RESYNC_NEEDED","NONE,NONE,DELTA,NONE",
15.564816,2026-09-05T19:04:14.357+01:00,661908,1368833,232,232,True,True,0x04,"NO_IRQ,NO_IRQ,OK,RESYNC_NEEDED","NONE,NONE,DELTA,NONE",
15.569389,2026-09-05T19:04:14.358+01:00,662140,1368834,244,244,True,True,0x04,"NO_IRQ,NO_IRQ,OK,RESYNC_NEEDED","NONE,NONE,DELTA,NONE",
15.574184,2026-09-05T19:04:14.363+01:00,662384,1368835,1084,1084,True,True,0x04,"NO_IRQ,NO_IRQ,OK,RESYNC_NEEDED","NONE,NONE,DELTA_SYNC,NONE",
15.578490,2026-09-05T19:04:14.368+01:00,663468,1368836,214,214,True,True,0x04,"NO_IRQ,NO_IRQ,OK,RESYNC_NEEDED","NONE,NONE,DELTA,NONE",
15.584713,2026-09-05T19:04:14.372+01:00,663682,1368837,234,234,True,True,0x04,"NO_IRQ,NO_IRQ,OK,RESYNC_NEEDED","NONE,NONE,DELTA,NONE",
15.590033,2026-09-05T19:04:14.378+01:00,663916,1368838,252,252,True,True,0x04,"NO_IRQ,NO_IRQ,OK,RESYNC_NEEDED","NONE,NONE,DELTA,NONE",
15.593499,2026-09-05T19:04:14.384+01:00,664168,1368839,134,134,True,True,0x04,"NO_IRQ,NO_IRQ,OK,RESYNC_NEEDED","NONE,NONE,DELTA,NONE",
15.598620,2026-09-05T19:04:14.387+01:00,664302,1368840,200,200,True,True,0x04,"NO_IRQ,NO_IRQ,OK,RESYNC_NEEDED","NONE,NONE,DELTA,NONE",
15.603971,2026-09-05T19:04:14.392+01:00,664502,1368841,236,236,True,True,0x04,"NO_IRQ,NO_IRQ,OK,RESYNC_NEEDED","NONE,NONE,DELTA,NONE",
15.617099,2026-09-05T19:04:14.397+01:00,664738,1368842,266,266,True,True,0x04,"NO_IRQ,NO_IRQ,OK,RESYNC_NEEDED","NONE,NONE,DELTA,NONE",
15.617566,2026-09-05T19:04:14.410+01:00,665004,1368843,138,138,True,True,0x04,"NO_IRQ,NO_IRQ,OK,RESYNC_NEEDED","NONE,NONE,DELTA,NONE",
15.618592,2026-09-05T19:04:14.411+01:00,665142,1368844,202,202,True,True,0x04,"NO_IRQ,NO_IRQ,OK,RESYNC_NEEDED","NONE,NONE,DELTA,NONE",
15.638565,2026-09-05T19:04:14.412+01:00,665344,1368845,236,236,True,True,0x04,"NO_IRQ,NO_IRQ,OK,RESYNC_NEEDED","NONE,NONE,DELTA,NONE",
15.639594,2026-09-05T19:04:14.432+01:00,665580,1368846,250,250,True,True,0x04,"NO_IRQ,NO_IRQ,OK,RESYNC_NEEDED","NONE,NONE,DELTA,NONE",
15.640678,2026-09-05T19:04:14.433+01:00,665830,1368847,134,134,True,True,0x04,"NO_IRQ,NO_IRQ,OK,RESYNC_NEEDED","NONE,NONE,DELTA,NONE",
15.641529,2026-09-05T19:04:14.434+01:00,665964,1368848,200,200,True,True,0x04,"NO_IRQ,NO_IRQ,OK,RESYNC_NEEDED","NONE,NONE,DELTA,NONE",
15.644672,2026-09-05T19:04:14.435+01:00,666164,1368849,238,238,True,True,0x04,"NO_IRQ,NO_IRQ,OK,RESYNC_NEEDED","NONE,NONE,DELTA,NONE",
15.648963,2026-09-05T19:04:14.438+01:00,666402,1368850,248,248,True,True,0x04,"NO_IRQ,NO_IRQ,OK,RESYNC_NEEDED","NONE,NONE,DELTA,NONE",
15.653510,2026-09-05T19:04:14.442+01:00,666650,1368851,134,134,True,True,0x04,"NO_IRQ,NO_IRQ,OK,RESYNC_NEEDED","NONE,NONE,DELTA,NONE",
15.666150,2026-09-05T19:04:14.447+01:00,666784,1368852,180,180,True,True,0x04,"NO_IRQ,NO_IRQ,OK,RESYNC_NEEDED","NONE,NONE,DELTA,NONE",
15.667530,2026-09-05T19:04:14.460+01:00,666964,1368853,222,222,True,True,0x04,"NO_IRQ,NO_IRQ,OK,RESYNC_NEEDED","NONE,NONE,DELTA,NONE",
15.668758,2026-09-05T19:04:14.461+01:00,667186,1368854,248,248,True,True,0x04,"NO_IRQ,NO_IRQ,OK,RESYNC_NEEDED","NONE,NONE,DELTA,NONE",
15.673529,2026-09-05T19:04:14.462+01:00,667434,1368855,142,142,True,True,0x04,"NO_IRQ,NO_IRQ,OK,RESYNC_NEEDED","NONE,NONE,DELTA,NONE",
15.678649,2026-09-05T19:04:14.467+01:00,667576,1368856,200,200,True,True,0x04,"NO_IRQ,NO_IRQ,OK,RESYNC_NEEDED","NONE,NONE,DELTA,NONE",
15.688462,2026-09-05T19:04:14.472+01:00,667776,1368857,236,236,True,True,0x04,"NO_IRQ,NO_IRQ,OK,RESYNC_NEEDED","NONE,NONE,DELTA,NONE",
15.689277,2026-09-05T19:04:14.482+01:00,668012,1368858,246,246,True,True,0x04,"NO_IRQ,NO_IRQ,OK,RESYNC_NEEDED","NONE,NONE,DELTA,NONE",
15.693541,2026-09-05T19:04:14.483+01:00,668258,1368859,134,134,True,True,0x04,"NO_IRQ,NO_IRQ,OK,RESYNC_NEEDED","NONE,NONE,DELTA,NONE",
15.698895,2026-09-05T19:04:14.487+01:00,668392,1368860,196,196,True,True,0x04,"NO_IRQ,NO_IRQ,OK,RESYNC_NEEDED","NONE,NONE,DELTA,NONE",
15.710122,2026-09-05T19:04:14.492+01:00,668588,1368861,254,254,True,True,0x04,"NO_IRQ,NO_IRQ,OK,RESYNC_NEEDED","NONE,NONE,DELTA,NONE",
15.711085,2026-09-05T19:04:14.504+01:00,668842,1368862,260,260,True,True,0x04,"NO_IRQ,NO_IRQ,OK,RESYNC_NEEDED","NONE,NONE,DELTA,NONE",
15.713566,2026-09-05T19:04:14.504+01:00,669102,1368863,136,136,True,True,0x04,"NO_IRQ,NO_IRQ,OK,RESYNC_NEEDED","NONE,NONE,DELTA,NONE",
15.718821,2026-09-05T19:04:14.507+01:00,669238,1368864,192,192,True,True,0x04,"NO_IRQ,NO_IRQ,OK,RESYNC_NEEDED","NONE,NONE,DELTA,NONE",
15.723539,2026-09-05T19:04:14.512+01:00,669430,1368865,238,238,True,True,0x04,"NO_IRQ,NO_IRQ,OK,RESYNC_NEEDED","NONE,NONE,DELTA,NONE",
15.733669,2026-09-05T19:04:14.517+01:00,669668,1368866,266,266,True,True,0x04,"NO_IRQ,NO_IRQ,OK,RESYNC_NEEDED","NONE,NONE,DELTA,NONE",
15.734624,2026-09-05T19:04:14.527+01:00,669934,1368867,138,138,True,True,0x04,"NO_IRQ,NO_IRQ,OK,RESYNC_NEEDED","NONE,NONE,DELTA,NONE",
15.739012,2026-09-05T19:04:14.528+01:00,670072,1368868,190,190,True,True,0x04,"NO_IRQ,NO_IRQ,OK,RESYNC_NEEDED","NONE,NONE,DELTA,NONE",
15.743708,2026-09-05T19:04:14.533+01:00,670262,1368869,236,236,True,True,0x04,"NO_IRQ,NO_IRQ,OK,RESYNC_NEEDED","NONE,NONE,DELTA,NONE",
15.748791,2026-09-05T19:04:14.537+01:00,670498,1368870,262,262,True,True,0x04,"NO_IRQ,NO_IRQ,OK,RESYNC_NEEDED","NONE,NONE,DELTA,NONE",
15.753804,2026-09-05T19:04:14.542+01:00,670760,1368871,136,136,True,True,0x04,"NO_IRQ,NO_IRQ,OK,RESYNC_NEEDED","NONE,NONE,DELTA,NONE",
15.762106,2026-09-05T19:04:14.549+01:00,670896,1368872,192,192,True,True,0x04,"NO_IRQ,NO_IRQ,OK,RESYNC_NEEDED","NONE,NONE,DELTA,NONE",
15.763390,2026-09-05T19:04:14.556+01:00,671088,1368873,234,234,True,True,0x04,"NO_IRQ,NO_IRQ,OK,RESYNC_NEEDED","NONE,NONE,DELTA,NONE",
15.768681,2026-09-05T19:04:14.557+01:00,671322,1368874,250,250,True,True,0x04,"NO_IRQ,NO_IRQ,OK,RESYNC_NEEDED","NONE,NONE,DELTA,NONE",
15.773453,2026-09-05T19:04:14.562+01:00,671572,1368875,138,138,True,True,0x04,"NO_IRQ,NO_IRQ,OK,RESYNC_NEEDED","NONE,NONE,DELTA,NONE",
15.783268,2026-09-05T19:04:14.567+01:00,671710,1368876,186,186,True,True,0x04,"NO_IRQ,NO_IRQ,OK,RESYNC_NEEDED","NONE,NONE,DELTA,NONE",
15.784720,2026-09-05T19:04:14.577+01:00,671896,1368877,242,242,True,True,0x04,"NO_IRQ,NO_IRQ,OK,RESYNC_NEEDED","NONE,NONE,DELTA,NONE",
15.788825,2026-09-05T19:04:14.578+01:00,672138,1368878,250,250,True,True,0x04,"NO_IRQ,NO_IRQ,OK,RESYNC_NEEDED","NONE,NONE,DELTA,NONE",
15.793487,2026-09-05T19:04:14.582+01:00,672388,1368879,148,148,True,True,0x04,"NO_IRQ,NO_IRQ,OK,RESYNC_NEEDED","NONE,NONE,DELTA,NONE",
15.800380,2026-09-05T19:04:14.587+01:00,672536,1368880,184,184,True,True,0x04,"NO_IRQ,NO_IRQ,OK,RESYNC_NEEDED","NONE,NONE,DELTA,NONE",
15.803871,2026-09-05T19:04:14.594+01:00,672720,1368881,236,236,True,True,0x04,"NO_IRQ,NO_IRQ,OK,RESYNC_NEEDED","NONE,NONE,DELTA,NONE",
15.815122,2026-09-05T19:04:14.598+01:00,672956,1368882,258,258,True,True,0x04,"NO_IRQ,NO_IRQ,OK,RESYNC_NEEDED","NONE,NONE,DELTA,NONE",
15.820287,2026-09-05T19:04:14.613+01:00,673214,1368883,140,140,True,True,0x04,"NO_IRQ,NO_IRQ,OK,RESYNC_NEEDED","NONE,NONE,DELTA,NONE",
15.821719,2026-09-05T19:04:14.614+01:00,673354,1368884,180,180,True,True,0x04,"NO_IRQ,NO_IRQ,OK,RESYNC_NEEDED","NONE,NONE,DELTA,NONE",
15.823525,2026-09-05T19:04:14.615+01:00,673534,1368885,236,236,True,True,0x04,"NO_IRQ,NO_IRQ,OK,RESYNC_NEEDED","NONE,NONE,DELTA,NONE",
15.828671,2026-09-05T19:04:14.617+01:00,673770,1368886,250,250,True,True,0x04,"NO_IRQ,NO_IRQ,OK,RESYNC_NEEDED","NONE,NONE,DELTA,NONE",
15.833370,2026-09-05T19:04:14.622+01:00,674020,1368887,148,148,True,True,0x04,"NO_IRQ,NO_IRQ,OK,RESYNC_NEEDED","NONE,NONE,DELTA,NONE",
15.839119,2026-09-05T19:04:14.627+01:00,674168,1368888,176,176,True,True,0x04,"NO_IRQ,NO_IRQ,OK,RESYNC_NEEDED","NONE,NONE,DELTA,NONE",
15.843806,2026-09-05T19:04:14.632+01:00,674344,1368889,250,250,True,True,0x04,"NO_IRQ,NO_IRQ,OK,RESYNC_NEEDED","NONE,NONE,DELTA,NONE",
15.848877,2026-09-05T19:04:14.639+01:00,674594,1368890,252,252,True,True,0x04,"NO_IRQ,NO_IRQ,OK,RESYNC_NEEDED","NONE,NONE,DELTA,NONE",
15.853185,2026-09-05T19:04:14.642+01:00,674846,1368891,154,154,True,True,0x04,"NO_IRQ,NO_IRQ,OK,RESYNC_NEEDED","NONE,NONE,DELTA,NONE",
15.858317,2026-09-05T19:04:14.647+01:00,675000,1368892,182,182,True,True,0x04,"NO_IRQ,NO_IRQ,OK,RESYNC_NEEDED","NONE,NONE,DELTA,NONE",
15.863272,2026-09-05T19:04:14.652+01:00,675182,1368893,240,240,True,True,0x04,"NO_IRQ,NO_IRQ,OK,RESYNC_NEEDED","NONE,NONE,DELTA,NONE",
15.882048,2026-09-05T19:04:14.657+01:00,675422,1368894,248,248,True,True,0x04,"NO_IRQ,NO_IRQ,OK,RESYNC_NEEDED","NONE,NONE,DELTA,NONE",
15.883357,2026-09-05T19:04:14.675+01:00,675670,1368895,146,146,True,True,0x04,"NO_IRQ,NO_IRQ,OK,RESYNC_NEEDED","NONE,NONE,DELTA,NONE",
15.885003,2026-09-05T19:04:14.677+01:00,675816,1368896,180,180,True,True,0x04,"NO_IRQ,NO_IRQ,OK,RESYNC_NEEDED","NONE,NONE,DELTA,NONE",
15.886882,2026-09-05T19:04:14.678+01:00,675996,1368897,230,230,True,True,0x04,"NO_IRQ,NO_IRQ,OK,RESYNC_NEEDED","NONE,NONE,DELTA,NONE",
15.888836,2026-09-05T19:04:14.680+01:00,676226,1368898,252,252,True,True,0x04,"NO_IRQ,NO_IRQ,OK,RESYNC_NEEDED","NONE,NONE,DELTA,NONE",
15.893971,2026-09-05T19:04:14.682+01:00,676478,1368899,146,146,True,True,0x04,"NO_IRQ,NO_IRQ,OK,RESYNC_NEEDED","NONE,NONE,DELTA,NONE",
15.898735,2026-09-05T19:04:14.687+01:00,676624,1368900,180,180,True,True,0x04,"NO_IRQ,NO_IRQ,OK,RESYNC_NEEDED","NONE,NONE,DELTA,NONE",
15.906776,2026-09-05T19:04:14.692+01:00,676804,1368901,244,244,True,True,0x04,"NO_IRQ,NO_IRQ,OK,RESYNC_NEEDED","NONE,NONE,DELTA,NONE",
15.908532,2026-09-05T19:04:14.700+01:00,677048,1368902,264,264,True,True,0x04,"NO_IRQ,NO_IRQ,OK,RESYNC_NEEDED","NONE,NONE,DELTA,NONE",
15.913712,2026-09-05T19:04:14.702+01:00,677312,1368903,148,148,True,True,0x04,"NO_IRQ,NO_IRQ,OK,RESYNC_NEEDED","NONE,NONE,DELTA,NONE",
15.926460,2026-09-05T19:04:14.707+01:00,677460,1368904,172,172,True,True,0x04,"NO_IRQ,NO_IRQ,OK,RESYNC_NEEDED","NONE,NONE,DELTA,NONE",
15.927872,2026-09-05T19:04:14.720+01:00,677632,1368905,236,236,True,True,0x04,"NO_IRQ,NO_IRQ,OK,RESYNC_NEEDED","NONE,NONE,DELTA,NONE",
15.928739,2026-09-05T19:04:14.721+01:00,677868,1368906,254,254,True,True,0x04,"NO_IRQ,NO_IRQ,OK,RESYNC_NEEDED","NONE,NONE,DELTA,NONE",
15.933373,2026-09-05T19:04:14.722+01:00,678122,1368907,146,146,True,True,0x04,"NO_IRQ,NO_IRQ,OK,RESYNC_NEEDED","NONE,NONE,DELTA,NONE",
15.938476,2026-09-05T19:04:14.727+01:00,678268,1368908,170,170,True,True,0x04,"NO_IRQ,NO_IRQ,OK,RESYNC_NEEDED","NONE,NONE,DELTA,NONE",
15.945258,2026-09-05T19:04:14.732+01:00,678438,1368909,254,254,True,True,0x04,"NO_IRQ,NO_IRQ,OK,RESYNC_NEEDED","NONE,NONE,DELTA,NONE",
15.948617,2026-09-05T19:04:14.739+01:00,678692,1368910,250,250,True,True,0x04,"NO_IRQ,NO_IRQ,OK,RESYNC_NEEDED","NONE,NONE,DELTA,NONE",
15.953994,2026-09-05T19:04:14.742+01:00,678942,1368911,152,152,True,True,0x04,"NO_IRQ,NO_IRQ,OK,RESYNC_NEEDED","NONE,NONE,DELTA,NONE",
15.958011,2026-09-05T19:04:14.748+01:00,679094,1368912,166,166,True,True,0x04,"NO_IRQ,NO_IRQ,OK,RESYNC_NEEDED","NONE,NONE,DELTA,NONE",
15.964609,2026-09-05T19:04:14.751+01:00,679260,1368913,250,250,True,True,0x04,"NO_IRQ,NO_IRQ,OK,RESYNC_NEEDED","NONE,NONE,DELTA,NONE",
15.968394,2026-09-05T19:04:14.758+01:00,679510,1368914,264,264,True,True,0x04,"NO_IRQ,NO_IRQ,OK,RESYNC_NEEDED","NONE,NONE,DELTA,NONE",
15.973611,2026-09-05T19:04:14.762+01:00,679774,1368915,156,156,True,True,0x04,"NO_IRQ,NO_IRQ,OK,RESYNC_NEEDED","NONE,NONE,DELTA,NONE",
15.978204,2026-09-05T19:04:14.767+01:00,679930,1368916,172,172,True,True,0x04,"NO_IRQ,NO_IRQ,OK,RESYNC_NEEDED","NONE,NONE,DELTA,NONE",
15.987029,2026-09-05T19:04:14.772+01:00,680102,1368917,244,244,True,True,0x04,"NO_IRQ,NO_IRQ,OK,RESYNC_NEEDED","NONE,NONE,DELTA,NONE",
15.988212,2026-09-05T19:04:14.780+01:00,680346,1368918,268,268,True,True,0x04,"NO_IRQ,NO_IRQ,OK,RESYNC_NEEDED","NONE,NONE,DELTA,NONE",
15.993338,2026-09-05T19:04:14.782+01:00,680614,1368919,150,150,True,True,0x04,"NO_IRQ,NO_IRQ,OK,RESYNC_NEEDED","NONE,NONE,DELTA,NONE",
15.998004,2026-09-05T19:04:14.787+01:00,680764,1368920,162,162,True,True,0x04,"NO_IRQ,NO_IRQ,OK,RESYNC_NEEDED","NONE,NONE,DELTA,NONE",
16.004765,2026-09-05T19:04:14.791+01:00,680926,1368921,248,248,True,True,0x04,"NO_IRQ,NO_IRQ,OK,RESYNC_NEEDED","NONE,NONE,DELTA,NONE",
16.008320,2026-09-05T19:04:14.798+01:00,681174,1368922,260,260,True,True,0x04,"NO_IRQ,NO_IRQ,OK,RESYNC_NEEDED","NONE,NONE,DELTA,NONE",
16.013173,2026-09-05T19:04:14.802+01:00,681434,1368923,150,150,True,True,0x04,"NO_IRQ,NO_IRQ,OK,RESYNC_NEEDED","NONE,NONE,DELTA,NONE",
16.025702,2026-09-05T19:04:14.806+01:00,681584,1368924,168,168,True,True,0x04,"NO_IRQ,NO_IRQ,OK,RESYNC_NEEDED","NONE,NONE,DELTA,NONE",
16.026516,2026-09-05T19:04:14.819+01:00,681752,1368925,248,248,True,True,0x04,"NO_IRQ,NO_IRQ,OK,RESYNC_NEEDED","NONE,NONE,DELTA,NONE",
16.028369,2026-09-05T19:04:14.820+01:00,682000,1368926,264,264,True,True,0x04,"NO_IRQ,NO_IRQ,OK,RESYNC_NEEDED","NONE,NONE,DELTA,NONE",
16.033370,2026-09-05T19:04:14.822+01:00,682264,1368927,158,158,True,True,0x04,"NO_IRQ,NO_IRQ,OK,RESYNC_NEEDED","NONE,NONE,DELTA,NONE",
16.039163,2026-09-05T19:04:14.827+01:00,682422,1368928,176,176,True,True,0x04,"NO_IRQ,NO_IRQ,OK,RESYNC_NEEDED","NONE,NONE,DELTA,NONE",
16.043609,2026-09-05T19:04:14.832+01:00,682598,1368929,244,244,True,True,0x04,"NO_IRQ,NO_IRQ,OK,RESYNC_NEEDED","NONE,NONE,DELTA,NONE",
16.048143,2026-09-05T19:04:14.837+01:00,682842,1368930,254,254,True,True,0x04,"NO_IRQ,NO_IRQ,OK,RESYNC_NEEDED","NONE,NONE,DELTA,NONE",
16.053362,2026-09-05T19:04:14.841+01:00,683096,1368931,152,152,True,True,0x04,"NO_IRQ,NO_IRQ,OK,RESYNC_NEEDED","NONE,NONE,DELTA,NONE",
16.065310,2026-09-05T19:04:14.847+01:00,683248,1368932,160,160,True,True,0x04,"NO_IRQ,NO_IRQ,OK,RESYNC_NEEDED","NONE,NONE,DELTA,NONE",
16.065668,2026-09-05T19:04:14.859+01:00,683408,1368933,250,250,True,True,0x04,"NO_IRQ,NO_IRQ,OK,RESYNC_NEEDED","NONE,NONE,DELTA,NONE",
16.073138,2026-09-05T19:04:14.859+01:00,683658,1368934,252,252,True,True,0x04,"NO_IRQ,NO_IRQ,OK,RESYNC_NEEDED","NONE,NONE,DELTA,NONE",
16.075637,2026-09-05T19:04:14.867+01:00,683910,1368935,158,158,True,True,0x04,"NO_IRQ,NO_IRQ,OK,RESYNC_NEEDED","NONE,NONE,DELTA,NONE",
16.081903,2026-09-05T19:04:14.869+01:00,684068,1368936,162,162,True,True,0x04,"NO_IRQ,NO_IRQ,OK,RESYNC_NEEDED","NONE,NONE,DELTA,NONE",
16.083337,2026-09-05T19:04:14.875+01:00,684230,1368937,246,246,True,True,0x04,"NO_IRQ,NO_IRQ,OK,RESYNC_NEEDED","NONE,NONE,DELTA,NONE",
16.090645,2026-09-05T19:04:14.877+01:00,684476,1368938,258,258,True,True,0x04,"NO_IRQ,NO_IRQ,OK,RESYNC_NEEDED","NONE,NONE,DELTA,NONE",
16.095851,2026-09-05T19:04:14.884+01:00,684734,1368939,164,164,True,True,0x04,"NO_IRQ,NO_IRQ,OK,RESYNC_NEEDED","NONE,NONE,DELTA,NONE",
16.098696,2026-09-05T19:04:14.889+01:00,684898,1368940,154,154,True,True,0x04,"NO_IRQ,NO_IRQ,OK,RESYNC_NEEDED","NONE,NONE,DELTA,NONE",
16.103807,2026-09-05T19:04:14.892+01:00,685052,1368941,248,248,True,True,0x04,"NO_IRQ,NO_IRQ,OK,RESYNC_NEEDED","NONE,NONE,DELTA,NONE",
16.116482,2026-09-05T19:04:14.898+01:00,685300,1368942,262,262,True,True,0x04,"NO_IRQ,NO_IRQ,OK,RESYNC_NEEDED","NONE,NONE,DELTA,NONE",
16.117418,2026-09-05T19:04:14.910+01:00,685562,1368943,154,154,True,True,0x04,"NO_IRQ,NO_IRQ,OK,RESYNC_NEEDED","NONE,NONE,DELTA,NONE",
16.118301,2026-09-05T19:04:14.911+01:00,685716,1368944,160,160,True,True,0x04,"NO_IRQ,NO_IRQ,OK,RESYNC_NEEDED","NONE,NONE,DELTA,NONE",
16.123284,2026-09-05T19:04:14.912+01:00,685876,1368945,250,250,True,True,0x04,"NO_IRQ,NO_IRQ,OK,RESYNC_NEEDED","NONE,NONE,DELTA,NONE",
16.129036,2026-09-05T19:04:14.917+01:00,686126,1368946,256,256,True,True,0x04,"NO_IRQ,NO_IRQ,OK,RESYNC_NEEDED","NONE,NONE,DELTA,NONE",
16.143163,2026-09-05T19:04:14.922+01:00,686382,1368947,164,164,True,True,0x04,"NO_IRQ,NO_IRQ,OK,RESYNC_NEEDED","NONE,NONE,DELTA,NONE",
16.144622,2026-09-05T19:04:14.937+01:00,686546,1368948,166,166,True,True,0x04,"NO_IRQ,NO_IRQ,OK,RESYNC_NEEDED","NONE,NONE,DELTA,NONE",
16.145611,2026-09-05T19:04:14.938+01:00,686712,1368949,236,236,True,True,0x04,"NO_IRQ,NO_IRQ,OK,RESYNC_NEEDED","NONE,NONE,DELTA,NONE",
16.148817,2026-09-05T19:04:14.939+01:00,686948,1368950,240,240,True,True,0x04,"NO_IRQ,NO_IRQ,OK,RESYNC_NEEDED","NONE,NONE,DELTA,NONE",
16.153049,2026-09-05T19:04:14.942+01:00,687188,1368951,156,156,True,True,0x04,"NO_IRQ,NO_IRQ,OK,RESYNC_NEEDED","NONE,NONE,DELTA,NONE",
16.158192,2026-09-05T19:04:14.947+01:00,687344,1368952,162,162,True,True,0x04,"NO_IRQ,NO_IRQ,OK,RESYNC_NEEDED","NONE,NONE,DELTA,NONE",
16.168255,2026-09-05T19:04:14.952+01:00,687506,1368953,246,246,True,True,0x04,"NO_IRQ,NO_IRQ,OK,RESYNC_NEEDED","NONE,NONE,DELTA,NONE",
16.169801,2026-09-05T19:04:14.962+01:00,687752,1368954,262,262,True,True,0x04,"NO_IRQ,NO_IRQ,OK,RESYNC_NEEDED","NONE,NONE,DELTA,NONE",
16.173228,2026-09-05T19:04:14.963+01:00,688014,1368955,162,162,True,True,0x04,"NO_IRQ,NO_IRQ,OK,RESYNC_NEEDED","NONE,NONE,DELTA,NONE",
16.178640,2026-09-05T19:04:14.967+01:00,688176,1368956,158,158,True,True,0x04,"NO_IRQ,NO_IRQ,OK,RESYNC_NEEDED","NONE,NONE,DELTA,NONE",
16.183808,2026-09-05T19:04:14.972+01:00,688334,1368957,242,242,True,True,0x04,"NO_IRQ,NO_IRQ,OK,RESYNC_NEEDED","NONE,NONE,DELTA,NONE",
16.194805,2026-09-05T19:04:14.977+01:00,688576,1368958,244,244,True,True,0x04,"NO_IRQ,NO_IRQ,OK,RESYNC_NEEDED","NONE,NONE,DELTA,NONE",
16.196103,2026-09-05T19:04:14.988+01:00,688820,1368959,162,162,True,True,0x04,"NO_IRQ,NO_IRQ,OK,RESYNC_NEEDED","NONE,NONE,DELTA,NONE",
16.198728,2026-09-05T19:04:14.990+01:00,688982,1368960,154,154,True,True,0x04,"NO_IRQ,NO_IRQ,OK,RESYNC_NEEDED","NONE,NONE,DELTA,NONE",
16.203775,2026-09-05T19:04:14.992+01:00,689136,1368961,254,254,True,True,0x04,"NO_IRQ,NO_IRQ,OK,RESYNC_NEEDED","NONE,NONE,DELTA,NONE",
16.208707,2026-09-05T19:04:14.997+01:00,689390,1368962,252,252,True,True,0x04,"NO_IRQ,NO_IRQ,OK,RESYNC_NEEDED","NONE,NONE,DELTA,NONE",
16.221939,2026-09-05T19:04:15.002+01:00,689642,1368963,162,162,True,True,0x04,"NO_IRQ,NO_IRQ,OK,RESYNC_NEEDED","NONE,NONE,DELTA,NONE",
16.222679,2026-09-05T19:04:15.015+01:00,689804,1368964,154,154,True,True,0x04,"NO_IRQ,NO_IRQ,OK,RESYNC_NEEDED","NONE,NONE,DELTA,NONE",
16.223126,2026-09-05T19:04:15.016+01:00,689958,1368965,248,248,True,True,0x04,"NO_IRQ,NO_IRQ,OK,RESYNC_NEEDED","NONE,NONE,DELTA,NONE",
16.228743,2026-09-05T19:04:15.016+01:00,690206,1368966,238,238,True,True,0x04,"NO_IRQ,NO_IRQ,OK,RESYNC_NEEDED","NONE,NONE,DELTA,NONE",
16.233080,2026-09-05T19:04:15.022+01:00,690444,1368967,162,162,True,True,0x04,"NO_IRQ,NO_IRQ,OK,RESYNC_NEEDED","NONE,NONE,DELTA,NONE",
16.237939,2026-09-05T19:04:15.026+01:00,690606,1368968,156,156,True,True,0x04,"NO_IRQ,NO_IRQ,OK,RESYNC_NEEDED","NONE,NONE,DELTA,NONE",
16.247430,2026-09-05T19:04:15.031+01:00,690762,1368969,246,246,True,True,0x04,"NO_IRQ,NO_IRQ,OK,RESYNC_NEEDED","NONE,NONE,DELTA,NONE",
16.248528,2026-09-05T19:04:15.041+01:00,691008,1368970,250,250,True,True,0x04,"NO_IRQ,NO_IRQ,OK,RESYNC_NEEDED","NONE,NONE,DELTA,NONE",
16.252967,2026-09-05T19:04:15.042+01:00,691258,1368971,180,180,True,True,0x04,"NO_IRQ,NO_IRQ,OK,RESYNC_NEEDED","NONE,NONE,DELTA,NONE",
16.258152,2026-09-05T19:04:15.046+01:00,691438,1368972,154,154,True,True,0x04,"NO_IRQ,NO_IRQ,OK,RESYNC_NEEDED","NONE,NONE,DELTA,NONE",
16.274894,2026-09-05T19:04:15.051+01:00,691592,1368973,250,250,True,True,0x04,"NO_IRQ,NO_IRQ,OK,RESYNC_NEEDED","NONE,NONE,DELTA,NONE",
16.276252,2026-09-05T19:04:15.068+01:00,691842,1368974,244,244,True,True,0x04,"NO_IRQ,NO_IRQ,OK,RESYNC_NEEDED","NONE,NONE,DELTA,NONE",
16.277358,2026-09-05T19:04:15.070+01:00,692086,1368975,168,168,True,True,0x04,"NO_IRQ,NO_IRQ,OK,RESYNC_NEEDED","NONE,NONE,DELTA,NONE",
16.279256,2026-09-05T19:04:15.071+01:00,692254,1368976,150,150,True,True,0x04,"NO_IRQ,NO_IRQ,OK,RESYNC_NEEDED","NONE,NONE,DELTA,NONE",
16.283249,2026-09-05T19:04:15.073+01:00,692404,1368977,246,246,True,True,0x04,"NO_IRQ,NO_IRQ,OK,RESYNC_NEEDED","NONE,NONE,DELTA,NONE",
16.288689,2026-09-05T19:04:15.077+01:00,692650,1368978,244,244,True,True,0x04,"NO_IRQ,NO_IRQ,OK,RESYNC_NEEDED","NONE,NONE,DELTA,NONE",
16.292951,2026-09-05T19:04:15.082+01:00,692894,1368979,168,168,True,True,0x04,"NO_IRQ,NO_IRQ,OK,RESYNC_NEEDED","NONE,NONE,DELTA,NONE",
16.297674,2026-09-05T19:04:15.086+01:00,693062,1368980,154,154,True,True,0x04,"NO_IRQ,NO_IRQ,OK,RESYNC_NEEDED","NONE,NONE,DELTA,NONE",
16.302848,2026-09-05T19:04:15.091+01:00,693216,1368981,250,250,True,True,0x04,"NO_IRQ,NO_IRQ,OK,RESYNC_NEEDED","NONE,NONE,DELTA,NONE",
16.307808,2026-09-05T19:04:15.096+01:00,693466,1368982,254,254,True,True,0x04,"NO_IRQ,NO_IRQ,OK,RESYNC_NEEDED","NONE,NONE,DELTA,NONE",
16.312688,2026-09-05T19:04:15.101+01:00,693720,1368983,168,168,True,True,0x04,"NO_IRQ,NO_IRQ,OK,RESYNC_NEEDED","NONE,NONE,DELTA,NONE",
16.330906,2026-09-05T19:04:15.106+01:00,693888,1368984,150,150,True,True,0x04,"NO_IRQ,NO_IRQ,OK,RESYNC_NEEDED","NONE,NONE,DELTA,NONE",
16.331592,2026-09-05T19:04:15.124+01:00,694038,1368985,248,248,True,True,0x04,"NO_IRQ,NO_IRQ,OK,RESYNC_NEEDED","NONE,NONE,DELTA,NONE",
16.332247,2026-09-05T19:04:15.125+01:00,694286,1368986,242,242,True,True,0x04,"NO_IRQ,NO_IRQ,OK,RESYNC_NEEDED","NONE,NONE,DELTA,NONE",
16.333037,2026-09-05T19:04:15.126+01:00,694528,1368987,172,172,True,True,0x04,"NO_IRQ,NO_IRQ,OK,RESYNC_NEEDED","NONE,NONE,DELTA,NONE",
16.338352,2026-09-05T19:04:15.126+01:00,694700,1368988,152,152,True,True,0x04,"NO_IRQ,NO_IRQ,OK,RESYNC_NEEDED","NONE,NONE,DELTA,NONE",
16.342989,2026-09-05T19:04:15.132+01:00,694852,1368989,246,246,True,True,0x04,"NO_IRQ,NO_IRQ,OK,RESYNC_NEEDED","NONE,NONE,DELTA,NONE",
16.351627,2026-09-05T19:04:15.136+01:00,695098,1368990,240,240,True,True,0x04,"NO_IRQ,NO_IRQ,OK,RESYNC_NEEDED","NONE,NONE,DELTA,NONE",
16.352813,2026-09-05T19:04:15.145+01:00,695338,1368991,182,182,True,True,0x04,"NO_IRQ,NO_IRQ,OK,RESYNC_NEEDED","NONE,NONE,DELTA,NONE",
16.357891,2026-09-05T19:04:15.146+01:00,695520,1368992,156,156,True,True,0x04,"NO_IRQ,NO_IRQ,OK,RESYNC_NEEDED","NONE,NONE,DELTA,NONE",
16.363374,2026-09-05T19:04:15.151+01:00,695676,1368993,250,250,True,True,0x04,"NO_IRQ,NO_IRQ,OK,RESYNC_NEEDED","NONE,NONE,DELTA,NONE",
16.370285,2026-09-05T19:04:15.157+01:00,695926,1368994,244,244,True,True,0x04,"NO_IRQ,NO_IRQ,OK,RESYNC_NEEDED","NONE,NONE,DELTA,NONE",
16.376446,2026-09-05T19:04:15.169+01:00,696170,1368995,172,172,True,True,0x04,"NO_IRQ,NO_IRQ,OK,RESYNC_NEEDED","NONE,NONE,DELTA,NONE",
16.377842,2026-09-05T19:04:15.170+01:00,696342,1368996,146,146,True,True,0x04,"NO_IRQ,NO_IRQ,OK,RESYNC_NEEDED","NONE,NONE,DELTA,NONE",
16.383075,2026-09-05T19:04:15.171+01:00,696488,1368997,246,246,True,True,0x04,"NO_IRQ,NO_IRQ,OK,RESYNC_NEEDED","NONE,NONE,DELTA,NONE",
16.388119,2026-09-05T19:04:15.177+01:00,696734,1368998,242,242,True,True,0x04,"NO_IRQ,NO_IRQ,OK,RESYNC_NEEDED","NONE,NONE,DELTA,NONE",
16.398929,2026-09-05T19:04:15.182+01:00,696976,1368999,176,176,True,True,0x04,"NO_IRQ,NO_IRQ,OK,RESYNC_NEEDED","NONE,NONE,DELTA,NONE",
16.399536,2026-09-05T19:04:15.192+01:00,697152,1369000,154,154,True,True,0x04,"NO_IRQ,NO_IRQ,OK,RESYNC_NEEDED","NONE,NONE,DELTA,NONE",
16.403830,2026-09-05T19:04:15.193+01:00,697306,1369001,242,242,True,True,0x04,"NO_IRQ,NO_IRQ,OK,RESYNC_NEEDED","NONE,NONE,DELTA,NONE",
16.417084,2026-09-05T19:04:15.205+01:00,697548,1369002,250,250,True,True,0x04,"NO_IRQ,NO_IRQ,OK,RESYNC_NEEDED","NONE,NONE,DELTA,NONE",
16.418038,2026-09-05T19:04:15.210+01:00,697798,1369003,178,178,True,True,0x04,"NO_IRQ,NO_IRQ,OK,RESYNC_NEEDED","NONE,NONE,DELTA,NONE",
16.419194,2026-09-05T19:04:15.211+01:00,697976,1369004,148,148,True,True,0x04,"NO_IRQ,NO_IRQ,OK,RESYNC_NEEDED","NONE,NONE,DELTA,NONE",
16.423216,2026-09-05T19:04:15.212+01:00,698124,1369005,242,242,True,True,0x04,"NO_IRQ,NO_IRQ,OK,RESYNC_NEEDED","NONE,NONE,DELTA,NONE",
16.428100,2026-09-05T19:04:15.217+01:00,698366,1369006,250,250,True,True,0x04,"NO_IRQ,NO_IRQ,OK,RESYNC_NEEDED","NONE,NONE,DELTA,NONE",
16.440180,2026-09-05T19:04:15.222+01:00,698616,1369007,178,178,True,True,0x04,"NO_IRQ,NO_IRQ,OK,RESYNC_NEEDED","NONE,NONE,DELTA,NONE",
16.440819,2026-09-05T19:04:15.234+01:00,698794,1369008,144,144,True,True,0x04,"NO_IRQ,NO_IRQ,OK,RESYNC_NEEDED","NONE,NONE,DELTA,NONE",
16.443035,2026-09-05T19:04:15.234+01:00,698938,1369009,244,244,True,True,0x04,"NO_IRQ,NO_IRQ,OK,RESYNC_NEEDED","NONE,NONE,DELTA,NONE",
16.448149,2026-09-05T19:04:15.236+01:00,699182,1369010,248,248,True,True,0x04,"NO_IRQ,NO_IRQ,OK,RESYNC_NEEDED","NONE,NONE,DELTA,NONE",
16.452885,2026-09-05T19:04:15.241+01:00,699430,1369011,178,178,True,True,0x04,"NO_IRQ,NO_IRQ,OK,RESYNC_NEEDED","NONE,NONE,DELTA,NONE",
16.461394,2026-09-05T19:04:15.246+01:00,699608,1369012,142,142,True,True,0x04,"NO_IRQ,NO_IRQ,OK,RESYNC_NEEDED","NONE,NONE,DELTA,NONE",
16.463174,2026-09-05T19:04:15.255+01:00,699750,1369013,250,250,True,True,0x04,"NO_IRQ,NO_IRQ,OK,RESYNC_NEEDED","NONE,NONE,DELTA,NONE",
16.468858,2026-09-05T19:04:15.256+01:00,700000,1369014,252,252,True,True,0x04,"NO_IRQ,NO_IRQ,OK,RESYNC_NEEDED","NONE,NONE,DELTA,NONE",
16.473216,2026-09-05T19:04:15.262+01:00,700252,1369015,186,186,True,True,0x04,"NO_IRQ,NO_IRQ,OK,RESYNC_NEEDED","NONE,NONE,DELTA,NONE",
16.480633,2026-09-05T19:04:15.267+01:00,700438,1369016,148,148,True,True,0x04,"NO_IRQ,NO_IRQ,OK,RESYNC_NEEDED","NONE,NONE,DELTA,NONE",
16.483111,2026-09-05T19:04:15.274+01:00,700586,1369017,248,248,True,True,0x04,"NO_IRQ,NO_IRQ,OK,RESYNC_NEEDED","NONE,NONE,DELTA,NONE",
16.488054,2026-09-05T19:04:15.277+01:00,700834,1369018,248,248,True,True,0x04,"NO_IRQ,NO_IRQ,OK,RESYNC_NEEDED","NONE,NONE,DELTA,NONE",
16.492997,2026-09-05T19:04:15.281+01:00,701082,1369019,188,188,True,True,0x04,"NO_IRQ,NO_IRQ,OK,RESYNC_NEEDED","NONE,NONE,DELTA,NONE",
16.498315,2026-09-05T19:04:15.286+01:00,701270,1369020,144,144,True,True,0x04,"NO_IRQ,NO_IRQ,OK,RESYNC_NEEDED","NONE,NONE,DELTA,NONE",
16.503139,2026-09-05T19:04:15.292+01:00,701414,1369021,250,250,True,True,0x04,"NO_IRQ,NO_IRQ,OK,RESYNC_NEEDED","NONE,NONE,DELTA,NONE",
16.507746,2026-09-05T19:04:15.296+01:00,701664,1369022,234,234,True,True,0x04,"NO_IRQ,NO_IRQ,OK,RESYNC_NEEDED","NONE,NONE,DELTA,NONE",
16.514377,2026-09-05T19:04:15.301+01:00,701898,1369023,184,184,True,True,0x04,"NO_IRQ,NO_IRQ,OK,RESYNC_NEEDED","NONE,NONE,DELTA,NONE",
16.517454,2026-09-05T19:04:15.308+01:00,702082,1369024,148,148,True,True,0x04,"NO_IRQ,NO_IRQ,OK,RESYNC_NEEDED","NONE,NONE,DELTA,NONE",
16.529258,2026-09-05T19:04:15.311+01:00,702230,1369025,252,252,True,True,0x04,"NO_IRQ,NO_IRQ,OK,RESYNC_NEEDED","NONE,NONE,DELTA,NONE",
16.529652,2026-09-05T19:04:15.323+01:00,702482,1369026,236,236,True,True,0x04,"NO_IRQ,NO_IRQ,OK,RESYNC_NEEDED","NONE,NONE,DELTA,NONE",
16.537302,2026-09-05T19:04:15.323+01:00,702718,1369027,190,190,True,True,0x04,"NO_IRQ,NO_IRQ,OK,RESYNC_NEEDED","NONE,NONE,DELTA,NONE",
16.547275,2026-09-05T19:04:15.331+01:00,702908,1369028,146,146,True,True,0x04,"NO_IRQ,NO_IRQ,OK,RESYNC_NEEDED","NONE,NONE,DELTA,NONE",
16.547903,2026-09-05T19:04:15.341+01:00,703054,1369029,242,242,True,True,0x04,"NO_IRQ,NO_IRQ,OK,RESYNC_NEEDED","NONE,NONE,DELTA,NONE",
16.548171,2026-09-05T19:04:15.341+01:00,703296,1369030,232,232,True,True,0x04,"NO_IRQ,NO_IRQ,OK,RESYNC_NEEDED","NONE,NONE,DELTA,NONE",
16.552897,2026-09-05T19:04:15.341+01:00,703528,1369031,182,182,True,True,0x04,"NO_IRQ,NO_IRQ,OK,RESYNC_NEEDED","NONE,NONE,DELTA,NONE",
16.557624,2026-09-05T19:04:15.346+01:00,703710,1369032,144,144,True,True,0x04,"NO_IRQ,NO_IRQ,OK,RESYNC_NEEDED","NONE,NONE,DELTA,NONE",
16.571524,2026-09-05T19:04:15.351+01:00,703854,1369033,240,240,True,True,0x04,"NO_IRQ,NO_IRQ,OK,RESYNC_NEEDED","NONE,NONE,DELTA,NONE",
16.572456,2026-09-05T19:04:15.365+01:00,704094,1369034,234,234,True,True,0x04,"NO_IRQ,NO_IRQ,OK,RESYNC_NEEDED","NONE,NONE,DELTA,NONE",
16.573250,2026-09-05T19:04:15.366+01:00,704328,1369035,1084,1084,True,True,0x04,"NO_IRQ,NO_IRQ,OK,RESYNC_NEEDED","NONE,NONE,DELTA_SYNC,NONE",
16.578147,2026-09-05T19:04:15.367+01:00,705412,1369036,142,142,True,True,0x04,"NO_IRQ,NO_IRQ,OK,RESYNC_NEEDED","NONE,NONE,DELTA,NONE",
16.582952,2026-09-05T19:04:15.372+01:00,705554,1369037,254,254,True,True,0x04,"NO_IRQ,NO_IRQ,OK,RESYNC_NEEDED","NONE,NONE,DELTA,NONE",
16.594643,2026-09-05T19:04:15.376+01:00,705808,1369038,238,238,True,True,0x04,"NO_IRQ,NO_IRQ,OK,RESYNC_NEEDED","NONE,NONE,DELTA,NONE",
16.595445,2026-09-05T19:04:15.388+01:00,706046,1369039,184,184,True,True,0x04,"NO_IRQ,NO_IRQ,OK,RESYNC_NEEDED","NONE,NONE,DELTA,NONE",
16.597455,2026-09-05T19:04:15.389+01:00,706230,1369040,136,136,True,True,0x04,"NO_IRQ,NO_IRQ,OK,RESYNC_NEEDED","NONE,NONE,DELTA,NONE",
16.603217,2026-09-05T19:04:15.391+01:00,706366,1369041,244,244,True,True,0x04,"NO_IRQ,NO_IRQ,OK,RESYNC_NEEDED","NONE,NONE,DELTA,NONE",
16.607719,2026-09-05T19:04:15.397+01:00,706610,1369042,232,232,True,True,0x04,"NO_IRQ,NO_IRQ,OK,RESYNC_NEEDED","NONE,NONE,DELTA,NONE",
16.617566,2026-09-05T19:04:15.401+01:00,706842,1369043,194,194,True,True,0x04,"NO_IRQ,NO_IRQ,OK,RESYNC_NEEDED","NONE,NONE,DELTA,NONE",
16.618338,2026-09-05T19:04:15.411+01:00,707036,1369044,144,144,True,True,0x04,"NO_IRQ,NO_IRQ,OK,RESYNC_NEEDED","NONE,NONE,DELTA,NONE",
16.623275,2026-09-05T19:04:15.412+01:00,707180,1369045,240,240,True,True,0x04,"NO_IRQ,NO_IRQ,OK,RESYNC_NEEDED","NONE,NONE,DELTA,NONE",
16.628428,2026-09-05T19:04:15.417+01:00,707420,1369046,230,230,True,True,0x04,"NO_IRQ,NO_IRQ,OK,RESYNC_NEEDED","NONE,NONE,DELTA,NONE",
16.633206,2026-09-05T19:04:15.422+01:00,707650,1369047,192,192,True,True,0x04,"NO_IRQ,NO_IRQ,OK,RESYNC_NEEDED","NONE,NONE,DELTA,NONE",
16.637849,2026-09-05T19:04:15.427+01:00,707842,1369048,142,142,True,True,0x04,"NO_IRQ,NO_IRQ,OK,RESYNC_NEEDED","NONE,NONE,DELTA,NONE",
16.648291,2026-09-05T19:04:15.431+01:00,707984,1369049,240,240,True,True,0x04,"NO_IRQ,NO_IRQ,OK,RESYNC_NEEDED","NONE,NONE,DELTA,NONE",
16.649644,2026-09-05T19:04:15.442+01:00,708224,1369050,230,230,True,True,0x04,"NO_IRQ,NO_IRQ,OK,RESYNC_NEEDED","NONE,NONE,DELTA,NONE",
16.653074,2026-09-05T19:04:15.443+01:00,708454,1369051,190,190,True,True,0x04,"NO_IRQ,NO_IRQ,OK,RESYNC_NEEDED","NONE,NONE,DELTA,NONE",
16.657757,2026-09-05T19:04:15.446+01:00,708644,1369052,140,140,True,True,0x04,"NO_IRQ,NO_IRQ,OK,RESYNC_NEEDED","NONE,NONE,DELTA,NONE",
16.667331,2026-09-05T19:04:15.451+01:00,708784,1369053,262,262,True,True,0x04,"NO_IRQ,NO_IRQ,OK,RESYNC_NEEDED","NONE,NONE,DELTA,NONE",
16.668236,2026-09-05T19:04:15.461+01:00,709046,1369054,236,236,True,True,0x04,"NO_IRQ,NO_IRQ,OK,RESYNC_NEEDED","NONE,NONE,DELTA,NONE",
16.673073,2026-09-05T19:04:15.462+01:00,709282,1369055,196,196,True,True,0x04,"NO_IRQ,NO_IRQ,OK,RESYNC_NEEDED","NONE,NONE,DELTA,NONE",
16.678068,2026-09-05T19:04:15.466+01:00,709478,1369056,138,138,True,True,0x04,"NO_IRQ,NO_IRQ,OK,RESYNC_NEEDED","NONE,NONE,DELTA,NONE",
16.682555,2026-09-05T19:04:15.471+01:00,709616,1369057,248,248,True,True,0x04,"NO_IRQ,NO_IRQ,OK,RESYNC_NEEDED","NONE,NONE,DELTA,NONE",
16.690216,2026-09-05T19:04:15.476+01:00,709864,1369058,238,238,True,True,0x04,"NO_IRQ,NO_IRQ,OK,RESYNC_NEEDED","NONE,NONE,DELTA,NONE",
16.692473,2026-09-05T19:04:15.484+01:00,710102,1369059,190,190,True,True,0x04,"NO_IRQ,NO_IRQ,OK,RESYNC_NEEDED","NONE,NONE,DELTA,NONE",
16.697912,2026-09-05T19:04:15.486+01:00,710292,1369060,140,140,True,True,0x04,"NO_IRQ,NO_IRQ,OK,RESYNC_NEEDED","NONE,NONE,DELTA,NONE",
16.711293,2026-09-05T19:04:15.491+01:00,710432,1369061,244,244,True,True,0x04,"NO_IRQ,NO_IRQ,OK,RESYNC_NEEDED","NONE,NONE,DELTA,NONE",
16.712635,2026-09-05T19:04:15.505+01:00,710676,1369062,230,230,True,True,0x04,"NO_IRQ,NO_IRQ,OK,RESYNC_NEEDED","NONE,NONE,DELTA,NONE",
16.714290,2026-09-05T19:04:15.506+01:00,710906,1369063,194,194,True,True,0x04,"NO_IRQ,NO_IRQ,OK,RESYNC_NEEDED","NONE,NONE,DELTA,NONE",
16.717533,2026-09-05T19:04:15.508+01:00,711100,1369064,136,136,True,True,0x04,"NO_IRQ,NO_IRQ,OK,RESYNC_NEEDED","NONE,NONE,DELTA,NONE",
16.722904,2026-09-05T19:04:15.511+01:00,711236,1369065,248,248,True,True,0x04,"NO_IRQ,NO_IRQ,OK,RESYNC_NEEDED","NONE,NONE,DELTA,NONE",
16.727887,2026-09-05T19:04:15.516+01:00,711484,1369066,238,238,True,True,0x04,"NO_IRQ,NO_IRQ,OK,RESYNC_NEEDED","NONE,NONE,DELTA,NONE",
16.733598,2026-09-05T19:04:15.521+01:00,711722,1369067,192,192,True,True,0x04,"NO_IRQ,NO_IRQ,OK,RESYNC_NEEDED","NONE,NONE,DELTA,NONE",
16.738041,2026-09-05T19:04:15.527+01:00,711914,1369068,138,138,True,True,0x04,"NO_IRQ,NO_IRQ,OK,RESYNC_NEEDED","NONE,NONE,DELTA,NONE",
16.742362,2026-09-05T19:04:15.531+01:00,712052,1369069,242,242,True,True,0x04,"NO_IRQ,NO_IRQ,OK,RESYNC_NEEDED","NONE,NONE,DELTA,NONE",
16.747577,2026-09-05T19:04:15.536+01:00,712294,1369070,232,232,True,True,0x04,"NO_IRQ,NO_IRQ,OK,RESYNC_NEEDED","NONE,NONE,DELTA,NONE",
16.768528,2026-09-05T19:04:15.541+01:00,712526,1369071,192,192,True,True,0x04,"NO_IRQ,NO_IRQ,OK,RESYNC_NEEDED","NONE,NONE,DELTA,NONE",
16.769413,2026-09-05T19:04:15.562+01:00,712718,1369072,138,138,True,True,0x04,"NO_IRQ,NO_IRQ,OK,RESYNC_NEEDED","NONE,NONE,DELTA,NONE",
16.770495,2026-09-05T19:04:15.563+01:00,712856,1369073,242,242,True,True,0x04,"NO_IRQ,NO_IRQ,OK,RESYNC_NEEDED","NONE,NONE,DELTA,NONE",
16.771271,2026-09-05T19:04:15.564+01:00,713098,1369074,244,244,True,True,0x04,"NO_IRQ,NO_IRQ,OK,RESYNC_NEEDED","NONE,NONE,DELTA,NONE",
16.772611,2026-09-05T19:04:15.565+01:00,713342,1369075,198,198,True,True,0x04,"NO_IRQ,NO_IRQ,OK,RESYNC_NEEDED","NONE,NONE,DELTA,NONE",
16.777607,2026-09-05T19:04:15.566+01:00,713540,1369076,144,144,True,True,0x04,"NO_IRQ,NO_IRQ,OK,RESYNC_NEEDED","NONE,NONE,DELTA,NONE",
16.787840,2026-09-05T19:04:15.571+01:00,713684,1369077,244,244,True,True,0x04,"NO_IRQ,NO_IRQ,OK,RESYNC_NEEDED","NONE,NONE,DELTA,NONE",
16.788475,2026-09-05T19:04:15.581+01:00,713928,1369078,224,224,True,True,0x04,"NO_IRQ,NO_IRQ,OK,RESYNC_NEEDED","NONE,NONE,DELTA,NONE",
16.792802,2026-09-05T19:04:15.582+01:00,714152,1369079,204,204,True,True,0x04,"NO_IRQ,NO_IRQ,OK,RESYNC_NEEDED","NONE,NONE,DELTA,NONE",
16.797453,2026-09-05T19:04:15.586+01:00,714356,1369080,140,140,True,True,0x04,"NO_IRQ,NO_IRQ,OK,RESYNC_NEEDED","NONE,NONE,DELTA,NONE",
16.805679,2026-09-05T19:04:15.591+01:00,714496,1369081,250,250,True,True,0x04,"NO_IRQ,NO_IRQ,OK,RESYNC_NEEDED","NONE,NONE,DELTA,NONE",
16.808346,2026-09-05T19:04:15.599+01:00,714746,1369082,236,236,True,True,0x04,"NO_IRQ,NO_IRQ,OK,RESYNC_NEEDED","NONE,NONE,DELTA,NONE",
16.813329,2026-09-05T19:04:15.602+01:00,714982,1369083,204,204,True,True,0x04,"NO_IRQ,NO_IRQ,OK,RESYNC_NEEDED","NONE,NONE,DELTA,NONE",
16.817380,2026-09-05T19:04:15.607+01:00,715186,1369084,140,140,True,True,0x04,"NO_IRQ,NO_IRQ,OK,RESYNC_NEEDED","NONE,NONE,DELTA,NONE",
16.822358,2026-09-05T19:04:15.611+01:00,715326,1369085,232,232,True,True,0x04,"NO_IRQ,NO_IRQ,OK,RESYNC_NEEDED","NONE,NONE,DELTA,NONE",
16.831729,2026-09-05T19:04:15.616+01:00,715558,1369086,226,226,True,True,0x04,"NO_IRQ,NO_IRQ,OK,RESYNC_NEEDED","NONE,NONE,DELTA,NONE",
16.832457,2026-09-05T19:04:15.625+01:00,715784,1369087,206,206,True,True,0x04,"NO_IRQ,NO_IRQ,OK,RESYNC_NEEDED","NONE,NONE,DELTA,NONE",
16.837647,2026-09-05T19:04:15.626+01:00,715990,1369088,144,144,True,True,0x04,"NO_IRQ,NO_IRQ,OK,RESYNC_NEEDED","NONE,NONE,DELTA,NONE",
16.842516,2026-09-05T19:04:15.631+01:00,716134,1369089,254,254,True,True,0x04,"NO_IRQ,NO_IRQ,OK,RESYNC_NEEDED","NONE,NONE,DELTA,NONE",
16.851285,2026-09-05T19:04:15.636+01:00,716388,1369090,228,228,True,True,0x04,"NO_IRQ,NO_IRQ,OK,RESYNC_NEEDED","NONE,NONE,DELTA,NONE",
16.852231,2026-09-05T19:04:15.645+01:00,716616,1369091,200,200,True,True,0x04,"NO_IRQ,NO_IRQ,OK,RESYNC_NEEDED","NONE,NONE,DELTA,NONE",
16.857822,2026-09-05T19:04:15.646+01:00,716816,1369092,136,136,True,True,0x04,"NO_IRQ,NO_IRQ,OK,RESYNC_NEEDED","NONE,NONE,DELTA,NONE",
16.862363,2026-09-05T19:04:15.651+01:00,716952,1369093,246,246,True,True,0x04,"NO_IRQ,NO_IRQ,OK,RESYNC_NEEDED","NONE,NONE,DELTA,NONE",
16.872489,2026-09-05T19:04:15.656+01:00,717198,1369094,232,232,True,True,0x04,"NO_IRQ,NO_IRQ,OK,RESYNC_NEEDED","NONE,NONE,DELTA,NONE",
16.873130,2026-09-05T19:04:15.666+01:00,717430,1369095,210,210,True,True,0x04,"NO_IRQ,NO_IRQ,OK,RESYNC_NEEDED","NONE,NONE,DELTA,NONE",
16.877545,2026-09-05T19:04:15.666+01:00,717640,1369096,140,140,True,True,0x04,"NO_IRQ,NO_IRQ,OK,RESYNC_NEEDED","NONE,NONE,DELTA,NONE",
16.882744,2026-09-05T19:04:15.671+01:00,717780,1369097,236,236,True,True,0x04,"NO_IRQ,NO_IRQ,OK,RESYNC_NEEDED","NONE,NONE,DELTA,NONE",
16.890517,2026-09-05T19:04:15.676+01:00,718016,1369098,236,236,True,True,0x04,"NO_IRQ,NO_IRQ,OK,RESYNC_NEEDED","NONE,NONE,DELTA,NONE",
16.892873,2026-09-05T19:04:15.684+01:00,718252,1369099,208,208,True,True,0x04,"NO_IRQ,NO_IRQ,OK,RESYNC_NEEDED","NONE,NONE,DELTA,NONE",
16.897422,2026-09-05T19:04:15.686+01:00,718460,1369100,136,136,True,True,0x04,"NO_IRQ,NO_IRQ,OK,RESYNC_NEEDED","NONE,NONE,DELTA,NONE",
16.902787,2026-09-05T19:04:15.691+01:00,718596,1369101,246,246,True,True,0x04,"NO_IRQ,NO_IRQ,OK,RESYNC_NEEDED","NONE,NONE,DELTA,NONE",
16.914228,2026-09-05T19:04:15.696+01:00,718842,1369102,236,236,True,True,0x04,"NO_IRQ,NO_IRQ,OK,RESYNC_NEEDED","NONE,NONE,DELTA,NONE",
16.915368,2026-09-05T19:04:15.708+01:00,719078,1369103,214,214,True,True,0x04,"NO_IRQ,NO_IRQ,OK,RESYNC_NEEDED","NONE,NONE,DELTA,NONE",
16.917406,2026-09-05T19:04:15.709+01:00,719292,1369104,142,142,True,True,0x04,"NO_IRQ,NO_IRQ,OK,RESYNC_NEEDED","NONE,NONE,DELTA,NONE",
16.922290,2026-09-05T19:04:15.711+01:00,719434,1369105,236,236,True,True,0x04,"NO_IRQ,NO_IRQ,OK,RESYNC_NEEDED","NONE,NONE,DELTA,NONE",
16.927349,2026-09-05T19:04:15.716+01:00,719670,1369106,230,230,True,True,0x04,"NO_IRQ,NO_IRQ,OK,RESYNC_NEEDED","NONE,NONE,DELTA,NONE",
16.933247,2026-09-05T19:04:15.721+01:00,719900,1369107,212,212,True,True,0x04,"NO_IRQ,NO_IRQ,OK,RESYNC_NEEDED","NONE,NONE,DELTA,NONE",
16.937141,2026-09-05T19:04:15.727+01:00,720112,1369108,138,138,True,True,0x04,"NO_IRQ,NO_IRQ,OK,RESYNC_NEEDED","NONE,NONE,DELTA,NONE",
16.942517,2026-09-05T19:04:15.730+01:00,720250,1369109,242,242,True,True,0x04,"NO_IRQ,NO_IRQ,OK,RESYNC_NEEDED","NONE,NONE,DELTA,NONE",
16.947079,2026-09-05T19:04:15.736+01:00,720492,1369110,230,230,True,True,0x04,"NO_IRQ,NO_IRQ,OK,RESYNC_NEEDED","NONE,NONE,DELTA,NONE",
16.952161,2026-09-05T19:04:15.740+01:00,720722,1369111,212,212,True,True,0x04,"NO_IRQ,NO_IRQ,OK,RESYNC_NEEDED","NONE,NONE,DELTA,NONE",
16.957164,2026-09-05T19:04:15.746+01:00,720934,1369112,136,136,True,True,0x04,"NO_IRQ,NO_IRQ,OK,RESYNC_NEEDED","NONE,NONE,DELTA,NONE",
16.966922,2026-09-05T19:04:15.750+01:00,721070,1369113,236,236,True,True,0x04,"NO_IRQ,NO_IRQ,OK,RESYNC_NEEDED","NONE,NONE,DELTA,NONE",
16.967254,2026-09-05T19:04:15.760+01:00,721306,1369114,232,232,True,True,0x04,"NO_IRQ,NO_IRQ,OK,RESYNC_NEEDED","NONE,NONE,DELTA,NONE",
16.984909,2026-09-05T19:04:15.761+01:00,721538,1369115,224,224,True,True,0x04,"NO_IRQ,NO_IRQ,OK,RESYNC_NEEDED","NONE,NONE,DELTA,NONE",
16.986122,2026-09-05T19:04:15.778+01:00,721762,1369116,136,136,True,True,0x04,"NO_IRQ,NO_IRQ,OK,RESYNC_NEEDED","NONE,NONE,DELTA,NONE",
16.987966,2026-09-05T19:04:15.779+01:00,721898,1369117,230,230,True,True,0x04,"NO_IRQ,NO_IRQ,OK,RESYNC_NEEDED","NONE,NONE,DELTA,NONE",
16.988911,2026-09-05T19:04:15.781+01:00,722128,1369118,236,236,True,True,0x04,"NO_IRQ,NO_IRQ,OK,RESYNC_NEEDED","NONE,NONE,DELTA,NONE",
16.992545,2026-09-05T19:04:15.782+01:00,722364,1369119,220,220,True,True,0x04,"NO_IRQ,NO_IRQ,OK,RESYNC_NEEDED","NONE,NONE,DELTA,NONE",
16.997356,2026-09-05T19:04:15.786+01:00,722584,1369120,136,136,True,True,0x04,"NO_IRQ,NO_IRQ,OK,RESYNC_NEEDED","NONE,NONE,DELTA,NONE",
17.008489,2026-09-05T19:04:15.791+01:00,722720,1369121,234,234,True,True,0x04,"NO_IRQ,NO_IRQ,OK,RESYNC_NEEDED","NONE,NONE,DELTA,NONE",
17.009530,2026-09-05T19:04:15.802+01:00,722954,1369122,236,236,True,True,0x04,"NO_IRQ,NO_IRQ,OK,RESYNC_NEEDED","NONE,NONE,DELTA,NONE",
17.012429,2026-09-05T19:04:15.803+01:00,723190,1369123,210,210,True,True,0x04,"NO_IRQ,NO_IRQ,OK,RESYNC_NEEDED","NONE,NONE,DELTA,NONE",
17.017648,2026-09-05T19:04:15.806+01:00,723400,1369124,136,136,True,True,0x04,"NO_IRQ,NO_IRQ,OK,RESYNC_NEEDED","NONE,NONE,DELTA,NONE",
17.022342,2026-09-05T19:04:15.811+01:00,723536,1369125,246,246,True,True,0x04,"NO_IRQ,NO_IRQ,OK,RESYNC_NEEDED","NONE,NONE,DELTA,NONE",
17.033316,2026-09-05T19:04:15.816+01:00,723782,1369126,228,228,True,True,0x04,"NO_IRQ,NO_IRQ,OK,RESYNC_NEEDED","NONE,NONE,DELTA,NONE",
17.034490,2026-09-05T19:04:15.827+01:00,724010,1369127,220,220,True,True,0x04,"NO_IRQ,NO_IRQ,OK,RESYNC_NEEDED","NONE,NONE,DELTA,NONE",
17.037728,2026-09-05T19:04:15.828+01:00,724230,1369128,140,140,True,True,0x04,"NO_IRQ,NO_IRQ,OK,RESYNC_NEEDED","NONE,NONE,DELTA,NONE",
17.042007,2026-09-05T19:04:15.831+01:00,724370,1369129,238,238,True,True,0x04,"NO_IRQ,NO_IRQ,OK,RESYNC_NEEDED","NONE,NONE,DELTA,NONE",
17.050955,2026-09-05T19:04:15.835+01:00,724608,1369130,230,230,True,True,0x04,"NO_IRQ,NO_IRQ,OK,RESYNC_NEEDED","NONE,NONE,DELTA,NONE",
17.052074,2026-09-05T19:04:15.844+01:00,724838,1369131,214,214,True,True,0x04,"NO_IRQ,NO_IRQ,OK,RESYNC_NEEDED","NONE,NONE,DELTA,NONE",
17.057170,2026-09-05T19:04:15.846+01:00,725052,1369132,134,134,True,True,0x04,"NO_IRQ,NO_IRQ,OK,RESYNC_NEEDED","NONE,NONE,DELTA,NONE",
17.062667,2026-09-05T19:04:15.851+01:00,725186,1369133,224,224,True,True,0x04,"NO_IRQ,NO_IRQ,OK,RESYNC_NEEDED","NONE,NONE,DELTA,NONE",
17.067449,2026-09-05T19:04:15.856+01:00,725410,1369134,236,236,True,True,0x04,"NO_IRQ,NO_IRQ,OK,RESYNC_NEEDED","NONE,NONE,DELTA,NONE",
17.072217,2026-09-05T19:04:15.861+01:00,725646,1369135,220,220,True,True,0x04,"NO_IRQ,NO_IRQ,OK,RESYNC_NEEDED","NONE,NONE,DELTA,NONE",
17.080753,2026-09-05T19:04:15.867+01:00,725866,1369136,138,138,True,True,0x04,"NO_IRQ,NO_IRQ,OK,RESYNC_NEEDED","NONE,NONE,DELTA,NONE",
17.082686,2026-09-05T19:04:15.874+01:00,726004,1369137,224,224,True,True,0x04,"NO_IRQ,NO_IRQ,OK,RESYNC_NEEDED","NONE,NONE,DELTA,NONE",
17.087813,2026-09-05T19:04:15.876+01:00,726228,1369138,224,224,True,True,0x04,"NO_IRQ,NO_IRQ,OK,RESYNC_NEEDED","NONE,NONE,DELTA,NONE",
17.092578,2026-09-05T19:04:15.881+01:00,726452,1369139,226,226,True,True,0x04,"NO_IRQ,NO_IRQ,OK,RESYNC_NEEDED","NONE,NONE,DELTA,NONE",
17.102174,2026-09-05T19:04:15.886+01:00,726678,1369140,134,134,True,True,0x04,"NO_IRQ,NO_IRQ,OK,RESYNC_NEEDED","NONE,NONE,DELTA,NONE",
17.102837,2026-09-05T19:04:15.895+01:00,726812,1369141,226,226,True,True,0x04,"NO_IRQ,NO_IRQ,OK,RESYNC_NEEDED","NONE,NONE,DELTA,NONE",
17.107668,2026-09-05T19:04:15.896+01:00,727038,1369142,230,230,True,True,0x04,"NO_IRQ,NO_IRQ,OK,RESYNC_NEEDED","NONE,NONE,DELTA,NONE",
17.112248,2026-09-05T19:04:15.901+01:00,727268,1369143,226,226,True,True,0x04,"NO_IRQ,NO_IRQ,OK,RESYNC_NEEDED","NONE,NONE,DELTA,NONE",
17.120816,2026-09-05T19:04:15.906+01:00,727494,1369144,134,134,True,True,0x04,"NO_IRQ,NO_IRQ,OK,RESYNC_NEEDED","NONE,NONE,DELTA,NONE",
17.122845,2026-09-05T19:04:15.914+01:00,727628,1369145,228,228,True,True,0x04,"NO_IRQ,NO_IRQ,OK,RESYNC_NEEDED","NONE,NONE,DELTA,NONE",
17.127319,2026-09-05T19:04:15.916+01:00,727856,1369146,236,236,True,True,0x04,"NO_IRQ,NO_IRQ,OK,RESYNC_NEEDED","NONE,NONE,DELTA,NONE",
17.139429,2026-09-05T19:04:15.921+01:00,728092,1369147,220,220,True,True,0x04,"NO_IRQ,NO_IRQ,OK,RESYNC_NEEDED","NONE,NONE,DELTA,NONE",
17.139839,2026-09-05T19:04:15.933+01:00,728312,1369148,136,136,True,True,0x04,"NO_IRQ,NO_IRQ,OK,RESYNC_NEEDED","NONE,NONE,DELTA,NONE",
17.142555,2026-09-05T19:04:15.933+01:00,728448,1369149,224,224,True,True,0x04,"NO_IRQ,NO_IRQ,OK,RESYNC_NEEDED","NONE,NONE,DELTA,NONE",
17.147426,2026-09-05T19:04:15.936+01:00,728672,1369150,234,234,True,True,0x04,"NO_IRQ,NO_IRQ,OK,RESYNC_NEEDED","NONE,NONE,DELTA,NONE",
17.152784,2026-09-05T19:04:15.941+01:00,728906,1369151,222,222,True,True,0x04,"NO_IRQ,NO_IRQ,OK,RESYNC_NEEDED","NONE,NONE,DELTA,NONE",
17.157023,2026-09-05T19:04:15.947+01:00,729128,1369152,136,136,True,True,0x04,"NO_IRQ,NO_IRQ,OK,RESYNC_NEEDED","NONE,NONE,DELTA,NONE",
17.162775,2026-09-05T19:04:15.951+01:00,729264,1369153,230,230,True,True,0x04,"NO_IRQ,NO_IRQ,OK,RESYNC_NEEDED","NONE,NONE,DELTA,NONE",
17.167833,2026-09-05T19:04:15.956+01:00,729494,1369154,242,242,True,True,0x04,"NO_IRQ,NO_IRQ,OK,RESYNC_NEEDED","NONE,NONE,DELTA,NONE",
17.172165,2026-09-05T19:04:15.961+01:00,729736,1369155,220,220,True,True,0x04,"NO_IRQ,NO_IRQ,OK,RESYNC_NEEDED","NONE,NONE,DELTA,NONE",
17.176894,2026-09-05T19:04:15.966+01:00,729956,1369156,134,134,True,True,0x04,"NO_IRQ,NO_IRQ,OK,RESYNC_NEEDED","NONE,NONE,DELTA,NONE",
17.192389,2026-09-05T19:04:15.970+01:00,730090,1369157,220,220,True,True,0x04,"NO_IRQ,NO_IRQ,OK,RESYNC_NEEDED","NONE,NONE,DELTA,NONE",
17.193637,2026-09-05T19:04:15.986+01:00,730310,1369158,228,228,True,True,0x04,"NO_IRQ,NO_IRQ,OK,RESYNC_NEEDED","NONE,NONE,DELTA,NONE",
17.194554,2026-09-05T19:04:15.987+01:00,730538,1369159,220,220,True,True,0x04,"NO_IRQ,NO_IRQ,OK,RESYNC_NEEDED","NONE,NONE,DELTA,NONE",
17.197366,2026-09-05T19:04:15.988+01:00,730758,1369160,136,136,True,True,0x04,"NO_IRQ,NO_IRQ,OK,RESYNC_NEEDED","NONE,NONE,DELTA,NONE",
17.202461,2026-09-05T19:04:15.991+01:00,730894,1369161,234,234,True,True,0x04,"NO_IRQ,NO_IRQ,OK,RESYNC_NEEDED","NONE,NONE,DELTA,NONE",
17.206934,2026-09-05T19:04:15.996+01:00,731128,1369162,232,232,True,True,0x04,"NO_IRQ,NO_IRQ,OK,RESYNC_NEEDED","NONE,NONE,DELTA,NONE",
17.220736,2026-09-05T19:04:16.000+01:00,731360,1369163,234,234,True,True,0x04,"NO_IRQ,NO_IRQ,OK,RESYNC_NEEDED","NONE,NONE,DELTA,NONE",
17.221872,2026-09-05T19:04:16.014+01:00,731594,1369164,134,134,True,True,0x04,"NO_IRQ,NO_IRQ,OK,RESYNC_NEEDED","NONE,NONE,DELTA,NONE",
17.222694,2026-09-05T19:04:16.015+01:00,731728,1369165,224,224,True,True,0x04,"NO_IRQ,NO_IRQ,OK,RESYNC_NEEDED","NONE,NONE,DELTA,NONE",
17.227583,2026-09-05T19:04:16.016+01:00,731952,1369166,220,220,True,True,0x04,"NO_IRQ,NO_IRQ,OK,RESYNC_NEEDED","NONE,NONE,DELTA,NONE",
17.232017,2026-09-05T19:04:16.021+01:00,732172,1369167,228,228,True,True,0x04,"NO_IRQ,NO_IRQ,OK,RESYNC_NEEDED","NONE,NONE,DELTA,NONE",
17.237377,2026-09-05T19:04:16.025+01:00,732400,1369168,132,132,True,True,0x04,"NO_IRQ,NO_IRQ,OK,RESYNC_NEEDED","NONE,NONE,DELTA,NONE",
17.249059,2026-09-05T19:04:16.031+01:00,732532,1369169,236,236,True,True,0x04,"NO_IRQ,NO_IRQ,OK,RESYNC_NEEDED","NONE,NONE,DELTA,NONE",
17.249899,2026-09-05T19:04:16.042+01:00,732768,1369170,228,228,True,True,0x04,"NO_IRQ,NO_IRQ,OK,RESYNC_NEEDED","NONE,NONE,DELTA,NONE",
17.252160,2026-09-05T19:04:16.043+01:00,732996,1369171,230,230,True,True,0x04,"NO_IRQ,NO_IRQ,OK,RESYNC_NEEDED","NONE,NONE,DELTA,NONE",
17.257838,2026-09-05T19:04:16.045+01:00,733226,1369172,138,138,True,True,0x04,"NO_IRQ,NO_IRQ,OK,RESYNC_NEEDED","NONE,NONE,DELTA,NONE",
17.263439,2026-09-05T19:04:16.051+01:00,733364,1369173,220,220,True,True,0x04,"NO_IRQ,NO_IRQ,OK,RESYNC_NEEDED","NONE,NONE,DELTA,NONE",
17.267472,2026-09-05T19:04:16.057+01:00,733584,1369174,228,228,True,True,0x04,"NO_IRQ,NO_IRQ,OK,RESYNC_NEEDED","NONE,NONE,DELTA,NONE",
17.275549,2026-09-05T19:04:16.061+01:00,733812,1369175,234,234,True,True,0x04,"NO_IRQ,NO_IRQ,OK,RESYNC_NEEDED","NONE,NONE,DELTA,NONE",
17.281589,2026-09-05T19:04:16.069+01:00,734046,1369176,126,126,True,True,0x04,"NO_IRQ,NO_IRQ,OK,RESYNC_NEEDED","NONE,NONE,DELTA,NONE",
17.282365,2026-09-05T19:04:16.075+01:00,734172,1369177,226,226,True,True,0x04,"NO_IRQ,NO_IRQ,OK,RESYNC_NEEDED","NONE,NONE,DELTA,NONE",
17.287210,2026-09-05T19:04:16.076+01:00,734398,1369178,228,228,True,True,0x04,"NO_IRQ,NO_IRQ,OK,RESYNC_NEEDED","NONE,NONE,DELTA,NONE",
17.291884,2026-09-05T19:04:16.081+01:00,734626,1369179,228,228,True,True,0x04,"NO_IRQ,NO_IRQ,OK,RESYNC_NEEDED","NONE,NONE,DELTA,NONE",
17.304713,2026-09-05T19:04:16.086+01:00,734854,1369180,132,132,True,True,0x04,"NO_IRQ,NO_IRQ,OK,RESYNC_NEEDED","NONE,NONE,DELTA,NONE",
17.305519,2026-09-05T19:04:16.098+01:00,734986,1369181,222,222,True,True,0x04,"NO_IRQ,NO_IRQ,OK,RESYNC_NEEDED","NONE,NONE,DELTA,NONE",
17.307869,2026-09-05T19:04:16.099+01:00,735208,1369182,224,224,True,True,0x04,"NO_IRQ,NO_IRQ,OK,RESYNC_NEEDED","NONE,NONE,DELTA,NONE",
17.312130,2026-09-05T19:04:16.101+01:00,735432,1369183,238,238,True,True,0x04,"NO_IRQ,NO_IRQ,OK,RESYNC_NEEDED","NONE,NONE,DELTA,NONE",
17.317037,2026-09-05T19:04:16.106+01:00,735670,1369184,134,134,True,True,0x04,"NO_IRQ,NO_IRQ,OK,RESYNC_NEEDED","NONE,NONE,DELTA,NONE",
17.328243,2026-09-05T19:04:16.111+01:00,735804,1369185,228,228,True,True,0x04,"NO_IRQ,NO_IRQ,OK,RESYNC_NEEDED","NONE,NONE,DELTA,NONE",
17.329612,2026-09-05T19:04:16.122+01:00,736032,1369186,236,236,True,True,0x04,"NO_IRQ,NO_IRQ,OK,RESYNC_NEEDED","NONE,NONE,DELTA,NONE",
17.332121,2026-09-05T19:04:16.123+01:00,736268,1369187,236,236,True,True,0x04,"NO_IRQ,NO_IRQ,OK,RESYNC_NEEDED","NONE,NONE,DELTA,NONE",
17.337480,2026-09-05T19:04:16.125+01:00,736504,1369188,136,136,True,True,0x04,"NO_IRQ,NO_IRQ,OK,RESYNC_NEEDED","NONE,NONE,DELTA,NONE",
17.342392,2026-09-05T19:04:16.131+01:00,736640,1369189,230,230,True,True,0x04,"NO_IRQ,NO_IRQ,OK,RESYNC_NEEDED","NONE,NONE,DELTA,NONE",
17.352845,2026-09-05T19:04:16.136+01:00,736870,1369190,246,246,True,True,0x04,"NO_IRQ,NO_IRQ,OK,RESYNC_NEEDED","NONE,NONE,DELTA,NONE",
17.359935,2026-09-05T19:04:16.153+01:00,737116,1369191,248,248,True,True,0x04,"NO_IRQ,NO_IRQ,OK,RESYNC_NEEDED","NONE,NONE,DELTA,NONE",
17.360833,2026-09-05T19:04:16.153+01:00,737364,1369192,136,136,True,True,0x04,"NO_IRQ,NO_IRQ,OK,RESYNC_NEEDED","NONE,NONE,DELTA,NONE",
17.361744,2026-09-05T19:04:16.154+01:00,737500,1369193,218,218,True,True,0x04,"NO_IRQ,NO_IRQ,OK,RESYNC_NEEDED","NONE,NONE,DELTA,NONE",
17.367755,2026-09-05T19:04:16.155+01:00,737718,1369194,238,238,True,True,0x04,"NO_IRQ,NO_IRQ,OK,RESYNC_NEEDED","NONE,NONE,DELTA,NONE",
17.372012,2026-09-05T19:04:16.161+01:00,737956,1369195,242,242,True,True,0x04,"NO_IRQ,NO_IRQ,OK,RESYNC_NEEDED","NONE,NONE,DELTA,NONE",
17.388586,2026-09-05T19:04:16.166+01:00,738198,1369196,126,126,True,True,0x04,"NO_IRQ,NO_IRQ,OK,RESYNC_NEEDED","NONE,NONE,DELTA,NONE",
17.389737,2026-09-05T19:04:16.182+01:00,738324,1369197,230,230,True,True,0x04,"NO_IRQ,NO_IRQ,OK,RESYNC_NEEDED","NONE,NONE,DELTA,NONE",
17.390616,2026-09-05T19:04:16.183+01:00,738554,1369198,238,238,True,True,0x04,"NO_IRQ,NO_IRQ,OK,RESYNC_NEEDED","NONE,NONE,DELTA,NONE",
17.391886,2026-09-05T19:04:16.184+01:00,738792,1369199,260,260,True,True,0x04,"NO_IRQ,NO_IRQ,OK,RESYNC_NEEDED","NONE,NONE,DELTA,NONE",
17.397188,2026-09-05T19:04:16.185+01:00,739052,1369200,128,128,True,True,0x04,"NO_IRQ,NO_IRQ,OK,RESYNC_NEEDED","NONE,NONE,DELTA,NONE",
17.402211,2026-09-05T19:04:16.191+01:00,739180,1369201,222,222,True,True,0x04,"NO_IRQ,NO_IRQ,OK,RESYNC_NEEDED","NONE,NONE,DELTA,NONE",
17.406796,2026-09-05T19:04:16.196+01:00,739402,1369202,242,242,True,True,0x04,"NO_IRQ,NO_IRQ,OK,RESYNC_NEEDED","NONE,NONE,DELTA,NONE",
17.412462,2026-09-05T19:04:16.200+01:00,739644,1369203,248,248,True,True,0x04,"NO_IRQ,NO_IRQ,OK,RESYNC_NEEDED","NONE,NONE,DELTA,NONE",
17.416595,2026-09-05T19:04:16.206+01:00,739892,1369204,136,136,True,True,0x04,"NO_IRQ,NO_IRQ,OK,RESYNC_NEEDED","NONE,NONE,DELTA,NONE",
17.422017,2026-09-05T19:04:16.210+01:00,740028,1369205,218,218,True,True,0x04,"NO_IRQ,NO_IRQ,OK,RESYNC_NEEDED","NONE,NONE,DELTA,NONE",
17.426701,2026-09-05T19:04:16.215+01:00,740246,1369206,226,226,True,True,0x04,"NO_IRQ,NO_IRQ,OK,RESYNC_NEEDED","NONE,NONE,DELTA,NONE",
17.431835,2026-09-05T19:04:16.220+01:00,740472,1369207,242,242,True,True,0x04,"NO_IRQ,NO_IRQ,OK,RESYNC_NEEDED","NONE,NONE,DELTA,NONE",
17.442813,2026-09-05T19:04:16.225+01:00,740714,1369208,132,132,True,True,0x04,"NO_IRQ,NO_IRQ,OK,RESYNC_NEEDED","NONE,NONE,DELTA,NONE",
17.443364,2026-09-05T19:04:16.236+01:00,740846,1369209,212,212,True,True,0x04,"NO_IRQ,NO_IRQ,OK,RESYNC_NEEDED","NONE,NONE,DELTA,NONE",
17.458527,2026-09-05T19:04:16.237+01:00,741058,1369210,238,238,True,True,0x04,"NO_IRQ,NO_IRQ,OK,RESYNC_NEEDED","NONE,NONE,DELTA,NONE",
17.459250,2026-09-05T19:04:16.252+01:00,741296,1369211,242,242,True,True,0x04,"NO_IRQ,NO_IRQ,OK,RESYNC_NEEDED","NONE,NONE,DELTA,NONE",
17.459958,2026-09-05T19:04:16.253+01:00,741538,1369212,126,126,True,True,0x04,"NO_IRQ,NO_IRQ,OK,RESYNC_NEEDED","NONE,NONE,DELTA,NONE",
17.462029,2026-09-05T19:04:16.253+01:00,741664,1369213,212,212,True,True,0x04,"NO_IRQ,NO_IRQ,OK,RESYNC_NEEDED","NONE,NONE,DELTA,NONE",
17.468010,2026-09-05T19:04:16.255+01:00,741876,1369214,224,224,True,True,0x04,"NO_IRQ,NO_IRQ,OK,RESYNC_NEEDED","NONE,NONE,DELTA,NONE",
17.471683,2026-09-05T19:04:16.261+01:00,742100,1369215,242,242,True,True,0x04,"NO_IRQ,NO_IRQ,OK,RESYNC_NEEDED","NONE,NONE,DELTA,NONE",
17.483819,2026-09-05T19:04:16.265+01:00,742342,1369216,126,126,True,True,0x04,"NO_IRQ,NO_IRQ,OK,RESYNC_NEEDED","NONE,NONE,DELTA,NONE",
17.484559,2026-09-05T19:04:16.277+01:00,742468,1369217,214,214,True,True,0x04,"NO_IRQ,NO_IRQ,OK,RESYNC_NEEDED","NONE,NONE,DELTA,NONE",
17.487397,2026-09-05T19:04:16.278+01:00,742682,1369218,244,244,True,True,0x04,"NO_IRQ,NO_IRQ,OK,RESYNC_NEEDED","NONE,NONE,DELTA,NONE",
17.492308,2026-09-05T19:04:16.281+01:00,742926,1369219,252,252,True,True,0x04,"NO_IRQ,NO_IRQ,OK,RESYNC_NEEDED","NONE,NONE,DELTA,NONE",
17.503217,2026-09-05T19:04:16.286+01:00,743178,1369220,132,132,True,True,0x04,"NO_IRQ,NO_IRQ,OK,RESYNC_NEEDED","NONE,NONE,DELTA,NONE",
17.504109,2026-09-05T19:04:16.297+01:00,743310,1369221,228,228,True,True,0x04,"NO_IRQ,NO_IRQ,OK,RESYNC_NEEDED","NONE,NONE,DELTA,NONE",
17.506996,2026-09-05T19:04:16.297+01:00,743538,1369222,226,226,True,True,0x04,"NO_IRQ,NO_IRQ,OK,RESYNC_NEEDED","NONE,NONE,DELTA,NONE",
17.511984,2026-09-05T19:04:16.301+01:00,743764,1369223,244,244,True,True,0x04,"NO_IRQ,NO_IRQ,OK,RESYNC_NEEDED","NONE,NONE,DELTA,NONE",
17.524594,2026-09-05T19:04:16.305+01:00,744008,1369224,130,130,True,True,0x04,"NO_IRQ,NO_IRQ,OK,RESYNC_NEEDED","NONE,NONE,DELTA,NONE",
17.525781,2026-09-05T19:04:16.318+01:00,744138,1369225,218,218,True,True,0x04,"NO_IRQ,NO_IRQ,OK,RESYNC_NEEDED","NONE,NONE,DELTA,NONE",
17.526800,2026-09-05T19:04:16.319+01:00,744356,1369226,224,224,True,True,0x04,"NO_IRQ,NO_IRQ,OK,RESYNC_NEEDED","NONE,NONE,DELTA,NONE",
17.532792,2026-09-05T19:04:16.320+01:00,744580,1369227,254,254,True,True,0x04,"NO_IRQ,NO_IRQ,OK,RESYNC_NEEDED","NONE,NONE,DELTA,NONE",
17.536869,2026-09-05T19:04:16.326+01:00,744834,1369228,134,134,True,True,0x04,"NO_IRQ,NO_IRQ,OK,RESYNC_NEEDED","NONE,NONE,DELTA,NONE",
17.541787,2026-09-05T19:04:16.330+01:00,744968,1369229,214,214,True,True,0x04,"NO_IRQ,NO_IRQ,OK,RESYNC_NEEDED","NONE,NONE,DELTA,NONE",
17.553812,2026-09-05T19:04:16.335+01:00,745182,1369230,238,238,True,True,0x04,"NO_IRQ,NO_IRQ,OK,RESYNC_NEEDED","NONE,NONE,DELTA,NONE",
17.554695,2026-09-05T19:04:16.347+01:00,745420,1369231,248,248,True,True,0x04,"NO_IRQ,NO_IRQ,OK,RESYNC_NEEDED","NONE,NONE,DELTA,NONE",
17.556583,2026-09-05T19:04:16.348+01:00,745668,1369232,124,124,True,True,0x04,"NO_IRQ,NO_IRQ,OK,RESYNC_NEEDED","NONE,NONE,DELTA,NONE",
17.562360,2026-09-05T19:04:16.350+01:00,745792,1369233,212,212,True,True,0x04,"NO_IRQ,NO_IRQ,OK,RESYNC_NEEDED","NONE,NONE,DELTA,NONE",
17.567256,2026-09-05T19:04:16.356+01:00,746004,1369234,232,232,True,True,0x04,"NO_IRQ,NO_IRQ,OK,RESYNC_NEEDED","NONE,NONE,DELTA,NONE",
17.576261,2026-09-05T19:04:16.361+01:00,746236,1369235,1084,1084,True,True,0x04,"NO_IRQ,NO_IRQ,OK,RESYNC_NEEDED","NONE,NONE,DELTA_SYNC,NONE",
17.582133,2026-09-05T19:04:16.370+01:00,747320,1369236,132,132,True,True,0x04,"NO_IRQ,NO_IRQ,OK,RESYNC_NEEDED","NONE,NONE,DELTA,NONE",
17.583380,2026-09-05T19:04:16.376+01:00,747452,1369237,224,224,True,True,0x04,"NO_IRQ,NO_IRQ,OK,RESYNC_NEEDED","NONE,NONE,DELTA,NONE",
17.587183,2026-09-05T19:04:16.377+01:00,747676,1369238,226,226,True,True,0x04,"NO_IRQ,NO_IRQ,OK,RESYNC_NEEDED","NONE,NONE,DELTA,NONE",
17.593100,2026-09-05T19:04:16.380+01:00,747902,1369239,238,238,True,True,0x04,"NO_IRQ,NO_IRQ,OK,RESYNC_NEEDED","NONE,NONE,DELTA,NONE",
17.600930,2026-09-05T19:04:16.386+01:00,748140,1369240,124,124,True,True,0x04,"NO_IRQ,NO_IRQ,OK,RESYNC_NEEDED","NONE,NONE,DELTA,NONE",
17.602122,2026-09-05T19:04:16.395+01:00,748264,1369241,206,206,True,True,0x04,"NO_IRQ,NO_IRQ,OK,RESYNC_NEEDED","NONE,NONE,DELTA,NONE",
17.607106,2026-09-05T19:04:16.395+01:00,748470,1369242,228,228,True,True,0x04,"NO_IRQ,NO_IRQ,OK,RESYNC_NEEDED","NONE,NONE,DELTA,NONE",
17.611842,2026-09-05T19:04:16.401+01:00,748698,1369243,248,248,True,True,0x04,"NO_IRQ,NO_IRQ,OK,RESYNC_NEEDED","NONE,NONE,DELTA,NONE",
17.623407,2026-09-05T19:04:16.405+01:00,748946,1369244,130,130,True,True,0x04,"NO_IRQ,NO_IRQ,OK,RESYNC_NEEDED","NONE,NONE,DELTA,NONE",
17.624063,2026-09-05T19:04:16.417+01:00,749076,1369245,218,218,True,True,0x04,"NO_IRQ,NO_IRQ,OK,RESYNC_NEEDED","NONE,NONE,DELTA,NONE",
17.626760,2026-09-05T19:04:16.417+01:00,749294,1369246,238,238,True,True,0x04,"NO_IRQ,NO_IRQ,OK,RESYNC_NEEDED","NONE,NONE,DELTA,NONE",
17.631724,2026-09-05T19:04:16.420+01:00,749532,1369247,250,250,True,True,0x04,"NO_IRQ,NO_IRQ,OK,RESYNC_NEEDED","NONE,NONE,DELTA,NONE",
17.637643,2026-09-05T19:04:16.425+01:00,749782,1369248,124,124,True,True,0x04,"NO_IRQ,NO_IRQ,OK,RESYNC_NEEDED","NONE,NONE,DELTA,NONE",
17.642023,2026-09-05T19:04:16.431+01:00,749906,1369249,212,212,True,True,0x04,"NO_IRQ,NO_IRQ,OK,RESYNC_NEEDED","NONE,NONE,DELTA,NONE",
17.648328,2026-09-05T19:04:16.435+01:00,750118,1369250,228,228,True,True,0x04,"NO_IRQ,NO_IRQ,OK,RESYNC_NEEDED","NONE,NONE,DELTA,NONE",
17.652499,2026-09-05T19:04:16.442+01:00,750346,1369251,248,248,True,True,0x04,"NO_IRQ,NO_IRQ,OK,RESYNC_NEEDED","NONE,NONE,DELTA,NONE",
17.656468,2026-09-05T19:04:16.446+01:00,750594,1369252,126,126,True,True,0x04,"NO_IRQ,NO_IRQ,OK,RESYNC_NEEDED","NONE,NONE,DELTA,NONE",
17.661435,2026-09-05T19:04:16.450+01:00,750720,1369253,214,214,True,True,0x04,"NO_IRQ,NO_IRQ,OK,RESYNC_NEEDED","NONE,NONE,DELTA,NONE",
17.672467,2026-09-05T19:04:16.455+01:00,750934,1369254,238,238,True,True,0x04,"NO_IRQ,NO_IRQ,OK,RESYNC_NEEDED","NONE,NONE,DELTA,NONE",
17.676204,2026-09-05T19:04:16.469+01:00,751172,1369255,260,260,True,True,0x04,"NO_IRQ,NO_IRQ,OK,RESYNC_NEEDED","NONE,NONE,DELTA,NONE",
17.678145,2026-09-05T19:04:16.470+01:00,751432,1369256,136,136,True,True,0x04,"NO_IRQ,NO_IRQ,OK,RESYNC_NEEDED","NONE,NONE,DELTA,NONE",
17.681785,2026-09-05T19:04:16.472+01:00,751568,1369257,216,216,True,True,0x04,"NO_IRQ,NO_IRQ,OK,RESYNC_NEEDED","NONE,NONE,DELTA,NONE",
17.687058,2026-09-05T19:04:16.476+01:00,751784,1369258,220,220,True,True,0x04,"NO_IRQ,NO_IRQ,OK,RESYNC_NEEDED","NONE,NONE,DELTA,NONE",
17.691618,2026-09-05T19:04:16.480+01:00,752004,1369259,238,238,True,True,0x04,"NO_IRQ,NO_IRQ,OK,RESYNC_NEEDED","NONE,NONE,DELTA,NONE",
17.698799,2026-09-05T19:04:16.485+01:00,752242,1369260,126,126,True,True,0x04,"NO_IRQ,NO_IRQ,OK,RESYNC_NEEDED","NONE,NONE,DELTA,NONE",
17.702308,2026-09-05T19:04:16.492+01:00,752368,1369261,220,220,True,True,0x04,"NO_IRQ,NO_IRQ,OK,RESYNC_NEEDED","NONE,NONE,DELTA,NONE",
17.706512,2026-09-05T19:04:16.496+01:00,752588,1369262,234,234,True,True,0x04,"NO_IRQ,NO_IRQ,OK,RESYNC_NEEDED","NONE,NONE,DELTA,NONE",
17.711589,2026-09-05T19:04:16.500+01:00,752822,1369263,256,256,True,True,0x04,"NO_IRQ,NO_IRQ,OK,RESYNC_NEEDED","NONE,NONE,DELTA,NONE",
17.721847,2026-09-05T19:04:16.505+01:00,753078,1369264,126,126,True,True,0x04,"NO_IRQ,NO_IRQ,OK,RESYNC_NEEDED","NONE,NONE,DELTA,NONE",
17.722747,2026-09-05T19:04:16.515+01:00,753204,1369265,206,206,True,True,0x04,"NO_IRQ,NO_IRQ,OK,RESYNC_NEEDED","NONE,NONE,DELTA,NONE",
17.726792,2026-09-05T19:04:16.516+01:00,753410,1369266,228,228,True,True,0x04,"NO_IRQ,NO_IRQ,OK,RESYNC_NEEDED","NONE,NONE,DELTA,NONE",
17.739550,2026-09-05T19:04:16.520+01:00,753638,1369267,248,248,True,True,0x04,"NO_IRQ,NO_IRQ,OK,RESYNC_NEEDED","NONE,NONE,DELTA,NONE",
17.740294,2026-09-05T19:04:16.533+01:00,753886,1369268,132,132,True,True,0x04,"NO_IRQ,NO_IRQ,OK,RESYNC_NEEDED","NONE,NONE,DELTA,NONE",
17.741718,2026-09-05T19:04:16.534+01:00,754018,1369269,214,214,True,True,0x04,"NO_IRQ,NO_IRQ,OK,RESYNC_NEEDED","NONE,NONE,DELTA,NONE",
17.747466,2026-09-05T19:04:16.535+01:00,754232,1369270,236,236,True,True,0x04,"NO_IRQ,NO_IRQ,OK,RESYNC_NEEDED","NONE,NONE,DELTA,NONE",
17.757410,2026-09-05T19:04:16.541+01:00,754468,1369271,250,250,True,True,0x04,"NO_IRQ,NO_IRQ,OK,RESYNC_NEEDED","NONE,NONE,DELTA,NONE",
17.758149,2026-09-05T19:04:16.551+01:00,754718,1369272,128,128,True,True,0x04,"NO_IRQ,NO_IRQ,OK,RESYNC_NEEDED","NONE,NONE,DELTA,NONE",
17.761573,2026-09-05T19:04:16.552+01:00,754846,1369273,214,214,True,True,0x04,"NO_IRQ,NO_IRQ,OK,RESYNC_NEEDED","NONE,NONE,DELTA,NONE",
17.767196,2026-09-05T19:04:16.555+01:00,755060,1369274,236,236,True,True,0x04,"NO_IRQ,NO_IRQ,OK,RESYNC_NEEDED","NONE,NONE,DELTA,NONE",
17.775382,2026-09-05T19:04:16.568+01:00,755296,1369275,266,266,True,True,0x04,"NO_IRQ,NO_IRQ,OK,RESYNC_NEEDED","NONE,NONE,DELTA,NONE",
17.776677,2026-09-05T19:04:16.569+01:00,755562,1369276,126,126,True,True,0x04,"NO_IRQ,NO_IRQ,OK,RESYNC_NEEDED","NONE,NONE,DELTA,NONE",
17.781925,2026-09-05T19:04:16.570+01:00,755688,1369277,196,196,True,True,0x04,"NO_IRQ,NO_IRQ,OK,RESYNC_NEEDED","NONE,NONE,DELTA,NONE",
17.792483,2026-09-05T19:04:16.575+01:00,755884,1369278,236,236,True,True,0x04,"NO_IRQ,NO_IRQ,OK,RESYNC_NEEDED","NONE,NONE,DELTA,NONE",
17.793209,2026-09-05T19:04:16.586+01:00,756120,1369279,260,260,True,True,0x04,"NO_IRQ,NO_IRQ,OK,RESYNC_NEEDED","NONE,NONE,DELTA,NONE",
17.796762,2026-09-05T19:04:16.587+01:00,756380,1369280,132,132,True,True,0x04,"NO_IRQ,NO_IRQ,OK,RESYNC_NEEDED","NONE,NONE,DELTA,NONE",
17.801702,2026-09-05T19:04:16.590+01:00,756512,1369281,208,208,True,True,0x04,"NO_IRQ,NO_IRQ,OK,RESYNC_NEEDED","NONE,NONE,DELTA,NONE",
17.810254,2026-09-05T19:04:16.595+01:00,756720,1369282,236,236,True,True,0x04,"NO_IRQ,NO_IRQ,OK,RESYNC_NEEDED","NONE,NONE,DELTA,NONE",
17.811460,2026-09-05T19:04:16.604+01:00,756956,1369283,260,260,True,True,0x04,"NO_IRQ,NO_IRQ,OK,RESYNC_NEEDED","NONE,NONE,DELTA,NONE",
17.817963,2026-09-05T19:04:16.605+01:00,757216,1369284,138,138,True,True,0x04,"NO_IRQ,NO_IRQ,OK,RESYNC_NEEDED","NONE,NONE,DELTA,NONE",
17.822093,2026-09-05T19:04:16.611+01:00,757354,1369285,218,218,True,True,0x04,"NO_IRQ,NO_IRQ,OK,RESYNC_NEEDED","NONE,NONE,DELTA,NONE",
17.827633,2026-09-05T19:04:16.615+01:00,757572,1369286,234,234,True,True,0x04,"NO_IRQ,NO_IRQ,OK,RESYNC_NEEDED","NONE,NONE,DELTA,NONE",
17.832306,2026-09-05T19:04:16.621+01:00,757806,1369287,266,266,True,True,0x04,"NO_IRQ,NO_IRQ,OK,RESYNC_NEEDED","NONE,NONE,DELTA,NONE",
17.838822,2026-09-05T19:04:16.628+01:00,758072,1369288,126,126,True,True,0x04,"NO_IRQ,NO_IRQ,OK,RESYNC_NEEDED","NONE,NONE,DELTA,NONE",
17.842654,2026-09-05T19:04:16.632+01:00,758198,1369289,206,206,True,True,0x04,"NO_IRQ,NO_IRQ,OK,RESYNC_NEEDED","NONE,NONE,DELTA,NONE",
17.847905,2026-09-05T19:04:16.636+01:00,758404,1369290,242,242,True,True,0x04,"NO_IRQ,NO_IRQ,OK,RESYNC_NEEDED","NONE,NONE,DELTA,NONE",
17.851317,2026-09-05T19:04:16.641+01:00,758646,1369291,258,258,True,True,0x04,"NO_IRQ,NO_IRQ,OK,RESYNC_NEEDED","NONE,NONE,DELTA,NONE",
17.856480,2026-09-05T19:04:16.645+01:00,758904,1369292,130,130,True,True,0x04,"NO_IRQ,NO_IRQ,OK,RESYNC_NEEDED","NONE,NONE,DELTA,NONE",
17.861486,2026-09-05T19:04:16.650+01:00,759034,1369293,196,196,True,True,0x04,"NO_IRQ,NO_IRQ,OK,RESYNC_NEEDED","NONE,NONE,DELTA,NONE",
17.866775,2026-09-05T19:04:16.655+01:00,759230,1369294,238,238,True,True,0x04,"NO_IRQ,NO_IRQ,OK,RESYNC_NEEDED","NONE,NONE,DELTA,NONE",
17.877794,2026-09-05T19:04:16.660+01:00,759468,1369295,260,260,True,True,0x04,"NO_IRQ,NO_IRQ,OK,RESYNC_NEEDED","NONE,NONE,DELTA,NONE",
17.878242,2026-09-05T19:04:16.671+01:00,759728,1369296,132,132,True,True,0x04,"NO_IRQ,NO_IRQ,OK,RESYNC_NEEDED","NONE,NONE,DELTA,NONE",
17.888384,2026-09-05T19:04:16.672+01:00,759860,1369297,202,202,True,True,0x04,"NO_IRQ,NO_IRQ,OK,RESYNC_NEEDED","NONE,NONE,DELTA,NONE",
17.896340,2026-09-05T19:04:16.682+01:00,760062,1369298,242,242,True,True,0x04,"NO_IRQ,NO_IRQ,OK,RESYNC_NEEDED","NONE,NONE,DELTA,NONE",
17.897063,2026-09-05T19:04:16.690+01:00,760304,1369299,260,260,True,True,0x04,"NO_IRQ,NO_IRQ,OK,RESYNC_NEEDED","NONE,NONE,DELTA,NONE",
17.897521,2026-09-05T19:04:16.690+01:00,760564,1369300,134,134,True,True,0x04,"NO_IRQ,NO_IRQ,OK,RESYNC_NEEDED","NONE,NONE,DELTA,NONE",
17.901984,2026-09-05T19:04:16.692+01:00,760698,1369301,192,192,True,True,0x04,"NO_IRQ,NO_IRQ,OK,RESYNC_NEEDED","NONE,NONE,DELTA,NONE",
17.906915,2026-09-05T19:04:16.695+01:00,760890,1369302,246,246,True,True,0x04,"NO_IRQ,NO_IRQ,OK,RESYNC_NEEDED","NONE,NONE,DELTA,NONE",
17.911796,2026-09-05T19:04:16.700+01:00,761136,1369303,254,254,True,True,0x04,"NO_IRQ,NO_IRQ,OK,RESYNC_NEEDED","NONE,NONE,DELTA,NONE",
17.923323,2026-09-05T19:04:16.705+01:00,761390,1369304,134,134,True,True,0x04,"NO_IRQ,NO_IRQ,OK,RESYNC_NEEDED","NONE,NONE,DELTA,NONE",
17.924302,2026-09-05T19:04:16.717+01:00,761524,1369305,200,200,True,True,0x04,"NO_IRQ,NO_IRQ,OK,RESYNC_NEEDED","NONE,NONE,DELTA,NONE",
17.926353,2026-09-05T19:04:16.718+01:00,761724,1369306,228,228,True,True,0x04,"NO_IRQ,NO_IRQ,OK,RESYNC_NEEDED","NONE,NONE,DELTA,NONE",
17.931459,2026-09-05T19:04:16.720+01:00,761952,1369307,246,246,True,True,0x04,"NO_IRQ,NO_IRQ,OK,RESYNC_NEEDED","NONE,NONE,DELTA,NONE",
17.936250,2026-09-05T19:04:16.725+01:00,762198,1369308,134,134,True,True,0x04,"NO_IRQ,NO_IRQ,OK,RESYNC_NEEDED","NONE,NONE,DELTA,NONE",
17.946486,2026-09-05T19:04:16.730+01:00,762332,1369309,186,186,True,True,0x04,"NO_IRQ,NO_IRQ,OK,RESYNC_NEEDED","NONE,NONE,DELTA,NONE",
17.948561,2026-09-05T19:04:16.741+01:00,762518,1369310,230,230,True,True,0x04,"NO_IRQ,NO_IRQ,OK,RESYNC_NEEDED","NONE,NONE,DELTA,NONE",
17.951864,2026-09-05T19:04:16.742+01:00,762748,1369311,254,254,True,True,0x04,"NO_IRQ,NO_IRQ,OK,RESYNC_NEEDED","NONE,NONE,DELTA,NONE",
17.956339,2026-09-05T19:04:16.745+01:00,763002,1369312,138,138,True,True,0x04,"NO_IRQ,NO_IRQ,OK,RESYNC_NEEDED","NONE,NONE,DELTA,NONE",
17.961355,2026-09-05T19:04:16.750+01:00,763140,1369313,192,192,True,True,0x04,"NO_IRQ,NO_IRQ,OK,RESYNC_NEEDED","NONE,NONE,DELTA,NONE",
17.973736,2026-09-05T19:04:16.755+01:00,763332,1369314,236,236,True,True,0x04,"NO_IRQ,NO_IRQ,OK,RESYNC_NEEDED","NONE,NONE,DELTA,NONE",
17.975253,2026-09-05T19:04:16.767+01:00,763568,1369315,254,254,True,True,0x04,"NO_IRQ,NO_IRQ,OK,RESYNC_NEEDED","NONE,NONE,DELTA,NONE",
17.976571,2026-09-05T19:04:16.769+01:00,763822,1369316,142,142,True,True,0x04,"NO_IRQ,NO_IRQ,OK,RESYNC_NEEDED","NONE,NONE,DELTA,NONE",
17.984700,2026-09-05T19:04:16.770+01:00,763964,1369317,196,196,True,True,0x04,"NO_IRQ,NO_IRQ,OK,RESYNC_NEEDED","NONE,NONE,DELTA,NONE",
17.986440,2026-09-05T19:04:16.778+01:00,764160,1369318,238,238,True,True,0x04,"NO_IRQ,NO_IRQ,OK,RESYNC_NEEDED","NONE,NONE,DELTA,NONE",
17.998961,2026-09-05T19:04:16.780+01:00,764398,1369319,246,246,True,True,0x04,"NO_IRQ,NO_IRQ,OK,RESYNC_NEEDED","NONE,NONE,DELTA,NONE",
17.999695,2026-09-05T19:04:16.792+01:00,764644,1369320,134,134,True,True,0x04,"NO_IRQ,NO_IRQ,OK,RESYNC_NEEDED","NONE,NONE,DELTA,NONE",
18.001646,2026-09-05T19:04:16.793+01:00,764778,1369321,186,186,True,True,0x04,"NO_IRQ,NO_IRQ,OK,RESYNC_NEEDED","NONE,NONE,DELTA,NONE",
18.007154,2026-09-05T19:04:16.795+01:00,764964,1369322,234,234,True,True,0x04,"NO_IRQ,NO_IRQ,OK,RESYNC_NEEDED","NONE,NONE,DELTA,NONE",
18.011568,2026-09-05T19:04:16.800+01:00,765198,1369323,254,254,True,True,0x04,"NO_IRQ,NO_IRQ,OK,RESYNC_NEEDED","NONE,NONE,DELTA,NONE",
18.022497,2026-09-05T19:04:16.805+01:00,765452,1369324,148,148,True,True,0x04,"NO_IRQ,NO_IRQ,OK,RESYNC_NEEDED","NONE,NONE,DELTA,NONE",
18.023523,2026-09-05T19:04:16.816+01:00,765600,1369325,188,188,True,True,0x04,"NO_IRQ,NO_IRQ,OK,RESYNC_NEEDED","NONE,NONE,DELTA,NONE",
18.026265,2026-09-05T19:04:16.817+01:00,765788,1369326,248,248,True,True,0x04,"NO_IRQ,NO_IRQ,OK,RESYNC_NEEDED","NONE,NONE,DELTA,NONE",
18.031509,2026-09-05T19:04:16.820+01:00,766036,1369327,250,250,True,True,0x04,"NO_IRQ,NO_IRQ,OK,RESYNC_NEEDED","NONE,NONE,DELTA,NONE",
18.036034,2026-09-05T19:04:16.825+01:00,766286,1369328,138,138,True,True,0x04,"NO_IRQ,NO_IRQ,OK,RESYNC_NEEDED","NONE,NONE,DELTA,NONE",
18.045837,2026-09-05T19:04:16.829+01:00,766424,1369329,178,178,True,True,0x04,"NO_IRQ,NO_IRQ,OK,RESYNC_NEEDED","NONE,NONE,DELTA,NONE",
18.047106,2026-09-05T19:04:16.839+01:00,766602,1369330,242,242,True,True,0x04,"NO_IRQ,NO_IRQ,OK,RESYNC_NEEDED","NONE,NONE,DELTA,NONE",
18.051589,2026-09-05T19:04:16.840+01:00,766844,1369331,252,252,True,True,0x04,"NO_IRQ,NO_IRQ,OK,RESYNC_NEEDED","NONE,NONE,DELTA,NONE",
18.056538,2026-09-05T19:04:16.845+01:00,767096,1369332,140,140,True,True,0x04,"NO_IRQ,NO_IRQ,OK,RESYNC_NEEDED","NONE,NONE,DELTA,NONE",
18.072412,2026-09-05T19:04:16.850+01:00,767236,1369333,188,188,True,True,0x04,"NO_IRQ,NO_IRQ,OK,RESYNC_NEEDED","NONE,NONE,DELTA,NONE",
18.073702,2026-09-05T19:04:16.866+01:00,767424,1369334,258,258,True,True,0x04,"NO_IRQ,NO_IRQ,OK,RESYNC_NEEDED","NONE,NONE,DELTA,NONE",
18.074485,2026-09-05T19:04:16.867+01:00,767682,1369335,262,262,True,True,0x04,"NO_IRQ,NO_IRQ,OK,RESYNC_NEEDED","NONE,NONE,DELTA,NONE",
18.076241,2026-09-05T19:04:16.868+01:00,767944,1369336,144,144,True,True,0x04,"NO_IRQ,NO_IRQ,OK,RESYNC_NEEDED","NONE,NONE,DELTA,NONE",
18.081646,2026-09-05T19:04:16.870+01:00,768088,1369337,182,182,True,True,0x04,"NO_IRQ,NO_IRQ,OK,RESYNC_NEEDED","NONE,NONE,DELTA,NONE",
18.086769,2026-09-05T19:04:16.875+01:00,768270,1369338,238,238,True,True,0x04,"NO_IRQ,NO_IRQ,OK,RESYNC_NEEDED","NONE,NONE,DELTA,NONE",
18.091847,2026-09-05T19:04:16.880+01:00,768508,1369339,252,252,True,True,0x04,"NO_IRQ,NO_IRQ,OK,RESYNC_NEEDED","NONE,NONE,DELTA,NONE",
18.095963,2026-09-05T19:04:16.885+01:00,768760,1369340,150,150,True,True,0x04,"NO_IRQ,NO_IRQ,OK,RESYNC_NEEDED","NONE,NONE,DELTA,NONE",
18.100910,2026-09-05T19:04:16.890+01:00,768910,1369341,176,176,True,True,0x04,"NO_IRQ,NO_IRQ,OK,RESYNC_NEEDED","NONE,NONE,DELTA,NONE",
18.106032,2026-09-05T19:04:16.894+01:00,769086,1369342,238,238,True,True,0x04,"NO_IRQ,NO_IRQ,OK,RESYNC_NEEDED","NONE,NONE,DELTA,NONE",
18.111000,2026-09-05T19:04:16.899+01:00,769324,1369343,252,252,True,True,0x04,"NO_IRQ,NO_IRQ,OK,RESYNC_NEEDED","NONE,NONE,DELTA,NONE",
18.115804,2026-09-05T19:04:16.904+01:00,769576,1369344,150,150,True,True,0x04,"NO_IRQ,NO_IRQ,OK,RESYNC_NEEDED","NONE,NONE,DELTA,NONE",
18.125468,2026-09-05T19:04:16.909+01:00,769726,1369345,182,182,True,True,0x04,"NO_IRQ,NO_IRQ,OK,RESYNC_NEEDED","NONE,NONE,DELTA,NONE",
18.127915,2026-09-05T19:04:16.920+01:00,769908,1369346,248,248,True,True,0x04,"NO_IRQ,NO_IRQ,OK,RESYNC_NEEDED","NONE,NONE,DELTA,NONE",
18.135289,2026-09-05T19:04:16.921+01:00,770156,1369347,258,258,True,True,0x04,"NO_IRQ,NO_IRQ,OK,RESYNC_NEEDED","NONE,NONE,DELTA,NONE",
18.137292,2026-09-05T19:04:16.929+01:00,770414,1369348,144,144,True,True,0x04,"NO_IRQ,NO_IRQ,OK,RESYNC_NEEDED","NONE,NONE,DELTA,NONE",
18.141518,2026-09-05T19:04:16.931+01:00,770558,1369349,178,178,True,True,0x04,"NO_IRQ,NO_IRQ,OK,RESYNC_NEEDED","NONE,NONE,DELTA,NONE",
18.146413,2026-09-05T19:04:16.935+01:00,770736,1369350,244,244,True,True,0x04,"NO_IRQ,NO_IRQ,OK,RESYNC_NEEDED","NONE,NONE,DELTA,NONE",
18.159948,2026-09-05T19:04:16.940+01:00,770980,1369351,256,256,True,True,0x04,"NO_IRQ,NO_IRQ,OK,RESYNC_NEEDED","NONE,NONE,DELTA,NONE",
18.160858,2026-09-05T19:04:16.953+01:00,771236,1369352,148,148,True,True,0x04,"NO_IRQ,NO_IRQ,OK,RESYNC_NEEDED","NONE,NONE,DELTA,NONE",
18.161625,2026-09-05T19:04:16.954+01:00,771384,1369353,172,172,True,True,0x04,"NO_IRQ,NO_IRQ,OK,RESYNC_NEEDED","NONE,NONE,DELTA,NONE",
18.166313,2026-09-05T19:04:16.955+01:00,771556,1369354,254,254,True,True,0x04,"NO_IRQ,NO_IRQ,OK,RESYNC_NEEDED","NONE,NONE,DELTA,NONE",
18.171537,2026-09-05T19:04:16.960+01:00,771810,1369355,254,254,True,True,0x04,"NO_IRQ,NO_IRQ,OK,RESYNC_NEEDED","NONE,NONE,DELTA,NONE",
18.183649,2026-09-05T19:04:16.965+01:00,772064,1369356,146,146,True,True,0x04,"NO_IRQ,NO_IRQ,OK,RESYNC_NEEDED","NONE,NONE,DELTA,NONE",
18.184577,2026-09-05T19:04:16.977+01:00,772210,1369357,166,166,True,True,0x04,"NO_IRQ,NO_IRQ,OK,RESYNC_NEEDED","NONE,NONE,DELTA,NONE",
18.187093,2026-09-05T19:04:16.978+01:00,772376,1369358,244,244,True,True,0x04,"NO_IRQ,NO_IRQ,OK,RESYNC_NEEDED","NONE,NONE,DELTA,NONE",
18.191299,2026-09-05T19:04:16.981+01:00,772620,1369359,260,260,True,True,0x04,"NO_IRQ,NO_IRQ,OK,RESYNC_NEEDED","NONE,NONE,DELTA,NONE",
18.196066,2026-09-05T19:04:16.985+01:00,772880,1369360,150,150,True,True,0x04,"NO_IRQ,NO_IRQ,OK,RESYNC_NEEDED","NONE,NONE,DELTA,NONE",
18.205583,2026-09-05T19:04:16.990+01:00,773030,1369361,176,176,True,True,0x04,"NO_IRQ,NO_IRQ,OK,RESYNC_NEEDED","NONE,NONE,DELTA,NONE",
18.206373,2026-09-05T19:04:16.999+01:00,773206,1369362,236,236,True,True,0x04,"NO_IRQ,NO_IRQ,OK,RESYNC_NEEDED","NONE,NONE,DELTA,NONE",
18.211110,2026-09-05T19:04:17.001+01:00,773442,1369363,252,252,True,True,0x04,"NO_IRQ,NO_IRQ,OK,RESYNC_NEEDED","NONE,NONE,DELTA,NONE",
18.216334,2026-09-05T19:04:17.005+01:00,773694,1369364,154,154,True,True,0x04,"NO_IRQ,NO_IRQ,OK,RESYNC_NEEDED","NONE,NONE,DELTA,NONE",
18.231371,2026-09-05T19:04:17.010+01:00,773848,1369365,176,176,True,True,0x04,"NO_IRQ,NO_IRQ,OK,RESYNC_NEEDED","NONE,NONE,DELTA,NONE",
18.232564,2026-09-05T19:04:17.025+01:00,774024,1369366,244,244,True,True,0x04,"NO_IRQ,NO_IRQ,OK,RESYNC_NEEDED","NONE,NONE,DELTA,NONE",
18.233693,2026-09-05T19:04:17.026+01:00,774268,1369367,260,260,True,True,0x04,"NO_IRQ,NO_IRQ,OK,RESYNC_NEEDED","NONE,NONE,DELTA,NONE",
18.236346,2026-09-05T19:04:17.027+01:00,774528,1369368,154,154,True,True,0x04,"NO_IRQ,NO_IRQ,OK,RESYNC_NEEDED","NONE,NONE,DELTA,NONE",
18.241463,2026-09-05T19:04:17.030+01:00,774682,1369369,170,170,True,True,0x04,"NO_IRQ,NO_IRQ,OK,RESYNC_NEEDED","NONE,NONE,DELTA,NONE",
18.246511,2026-09-05T19:04:17.035+01:00,774852,1369370,252,252,True,True,0x04,"NO_IRQ,NO_IRQ,OK,RESYNC_NEEDED","NONE,NONE,DELTA,NONE",
18.258225,2026-09-05T19:04:17.040+01:00,775104,1369371,256,256,True,True,0x04,"NO_IRQ,NO_IRQ,OK,RESYNC_NEEDED","NONE,NONE,DELTA,NONE",
18.259235,2026-09-05T19:04:17.052+01:00,775360,1369372,154,154,True,True,0x04,"NO_IRQ,NO_IRQ,OK,RESYNC_NEEDED","NONE,NONE,DELTA,NONE",
18.261190,2026-09-05T19:04:17.053+01:00,775514,1369373,164,164,True,True,0x04,"NO_IRQ,NO_IRQ,OK,RESYNC_NEEDED","NONE,NONE,DELTA,NONE",
18.266070,2026-09-05T19:04:17.055+01:00,775678,1369374,252,252,True,True,0x04,"NO_IRQ,NO_IRQ,OK,RESYNC_NEEDED","NONE,NONE,DELTA,NONE",
18.271176,2026-09-05T19:04:17.060+01:00,775930,1369375,266,266,True,True,0x04,"NO_IRQ,NO_IRQ,OK,RESYNC_NEEDED","NONE,NONE,DELTA,NONE",
18.282609,2026-09-05T19:04:17.065+01:00,776196,1369376,156,156,True,True,0x04,"NO_IRQ,NO_IRQ,OK,RESYNC_NEEDED","NONE,NONE,DELTA,NONE",
18.283645,2026-09-05T19:04:17.076+01:00,776352,1369377,168,168,True,True,0x04,"NO_IRQ,NO_IRQ,OK,RESYNC_NEEDED","NONE,NONE,DELTA,NONE",
18.286048,2026-09-05T19:04:17.077+01:00,776520,1369378,246,246,True,True,0x04,"NO_IRQ,NO_IRQ,OK,RESYNC_NEEDED","NONE,NONE,DELTA,NONE",
18.291514,2026-09-05T19:04:17.079+01:00,776766,1369379,258,258,True,True,0x04,"NO_IRQ,NO_IRQ,OK,RESYNC_NEEDED","NONE,NONE,DELTA,NONE",
18.295871,2026-09-05T19:04:17.085+01:00,777024,1369380,154,154,True,True,0x04,"NO_IRQ,NO_IRQ,OK,RESYNC_NEEDED","NONE,NONE,DELTA,NONE",
18.306231,2026-09-05T19:04:17.089+01:00,777178,1369381,168,168,True,True,0x04,"NO_IRQ,NO_IRQ,OK,RESYNC_NEEDED","NONE,NONE,DELTA,NONE",
18.308010,2026-09-05T19:04:17.100+01:00,777346,1369382,236,236,True,True,0x04,"NO_IRQ,NO_IRQ,OK,RESYNC_NEEDED","NONE,NONE,DELTA,NONE",
18.312119,2026-09-05T19:04:17.101+01:00,777582,1369383,244,244,True,True,0x04,"NO_IRQ,NO_IRQ,OK,RESYNC_NEEDED","NONE,NONE,DELTA,NONE",
18.316511,2026-09-05T19:04:17.105+01:00,777826,1369384,154,154,True,True,0x04,"NO_IRQ,NO_IRQ,OK,RESYNC_NEEDED","NONE,NONE,DELTA,NONE",
18.321828,2026-09-05T19:04:17.110+01:00,777980,1369385,168,168,True,True,0x04,"NO_IRQ,NO_IRQ,OK,RESYNC_NEEDED","NONE,NONE,DELTA,NONE",
18.329316,2026-09-05T19:04:17.115+01:00,778148,1369386,258,258,True,True,0x04,"NO_IRQ,NO_IRQ,OK,RESYNC_NEEDED","NONE,NONE,DELTA,NONE",
18.332540,2026-09-05T19:04:17.123+01:00,778406,1369387,252,252,True,True,0x04,"NO_IRQ,NO_IRQ,OK,RESYNC_NEEDED","NONE,NONE,DELTA,NONE",
18.335627,2026-09-05T19:04:17.126+01:00,778658,1369388,154,154,True,True,0x04,"NO_IRQ,NO_IRQ,OK,RESYNC_NEEDED","NONE,NONE,DELTA,NONE",
18.340678,2026-09-05T19:04:17.129+01:00,778812,1369389,168,168,True,True,0x04,"NO_IRQ,NO_IRQ,OK,RESYNC_NEEDED","NONE,NONE,DELTA,NONE",
18.346342,2026-09-05T19:04:17.134+01:00,778980,1369390,250,250,True,True,0x04,"NO_IRQ,NO_IRQ,OK,RESYNC_NEEDED","NONE,NONE,DELTA,NONE",
18.350941,2026-09-05T19:04:17.140+01:00,779230,1369391,254,254,True,True,0x04,"NO_IRQ,NO_IRQ,OK,RESYNC_NEEDED","NONE,NONE,DELTA,NONE",
18.355708,2026-09-05T19:04:17.144+01:00,779484,1369392,156,156,True,True,0x04,"NO_IRQ,NO_IRQ,OK,RESYNC_NEEDED","NONE,NONE,DELTA,NONE",
18.360675,2026-09-05T19:04:17.149+01:00,779640,1369393,168,168,True,True,0x04,"NO_IRQ,NO_IRQ,OK,RESYNC_NEEDED","NONE,NONE,DELTA,NONE",
18.365929,2026-09-05T19:04:17.154+01:00,779808,1369394,250,250,True,True,0x04,"NO_IRQ,NO_IRQ,OK,RESYNC_NEEDED","NONE,NONE,DELTA,NONE",
18.377017,2026-09-05T19:04:17.159+01:00,780058,1369395,258,258,True,True,0x04,"NO_IRQ,NO_IRQ,OK,RESYNC_NEEDED","NONE,NONE,DELTA,NONE",
18.377630,2026-09-05T19:04:17.170+01:00,780316,1369396,154,154,True,True,0x04,"NO_IRQ,NO_IRQ,OK,RESYNC_NEEDED","NONE,NONE,DELTA,NONE",
18.394945,2026-09-05T19:04:17.171+01:00,780470,1369397,174,174,True,True,0x04,"NO_IRQ,NO_IRQ,OK,RESYNC_NEEDED","NONE,NONE,DELTA,NONE",
18.395985,2026-09-05T19:04:17.188+01:00,780644,1369398,244,244,True,True,0x04,"NO_IRQ,NO_IRQ,OK,RESYNC_NEEDED","NONE,NONE,DELTA,NONE",
18.397025,2026-09-05T19:04:17.189+01:00,780888,1369399,250,250,True,True,0x04,"NO_IRQ,NO_IRQ,OK,RESYNC_NEEDED","NONE,NONE,DELTA,NONE",
18.397979,2026-09-05T19:04:17.190+01:00,781138,1369400,156,156,True,True,0x04,"NO_IRQ,NO_IRQ,OK,RESYNC_NEEDED","NONE,NONE,DELTA,NONE",
18.400903,2026-09-05T19:04:17.191+01:00,781294,1369401,156,156,True,True,0x04,"NO_IRQ,NO_IRQ,OK,RESYNC_NEEDED","NONE,NONE,DELTA,NONE",
18.406255,2026-09-05T19:04:17.194+01:00,781450,1369402,246,246,True,True,0x04,"NO_IRQ,NO_IRQ,OK,RESYNC_NEEDED","NONE,NONE,DELTA,NONE",
18.413824,2026-09-05T19:04:17.200+01:00,781696,1369403,250,250,True,True,0x04,"NO_IRQ,NO_IRQ,OK,RESYNC_NEEDED","NONE,NONE,DELTA,NONE",
18.415817,2026-09-05T19:04:17.207+01:00,781946,1369404,156,156,True,True,0x04,"NO_IRQ,NO_IRQ,OK,RESYNC_NEEDED","NONE,NONE,DELTA,NONE",
18.420892,2026-09-05T19:04:17.209+01:00,782102,1369405,158,158,True,True,0x04,"NO_IRQ,NO_IRQ,OK,RESYNC_NEEDED","NONE,NONE,DELTA,NONE",
18.429706,2026-09-05T19:04:17.214+01:00,782260,1369406,244,244,True,True,0x04,"NO_IRQ,NO_IRQ,OK,RESYNC_NEEDED","NONE,NONE,DELTA,NONE",
18.430886,2026-09-05T19:04:17.223+01:00,782504,1369407,242,242,True,True,0x04,"NO_IRQ,NO_IRQ,OK,RESYNC_NEEDED","NONE,NONE,DELTA,NONE",
18.435720,2026-09-05T19:04:17.224+01:00,782746,1369408,160,160,True,True,0x04,"NO_IRQ,NO_IRQ,OK,RESYNC_NEEDED","NONE,NONE,DELTA,NONE",
18.440861,2026-09-05T19:04:17.229+01:00,782906,1369409,154,154,True,True,0x04,"NO_IRQ,NO_IRQ,OK,RESYNC_NEEDED","NONE,NONE,DELTA,NONE",
18.453703,2026-09-05T19:04:17.234+01:00,783060,1369410,250,250,True,True,0x04,"NO_IRQ,NO_IRQ,OK,RESYNC_NEEDED","NONE,NONE,DELTA,NONE",
18.455017,2026-09-05T19:04:17.247+01:00,783310,1369411,260,260,True,True,0x04,"NO_IRQ,NO_IRQ,OK,RESYNC_NEEDED","NONE,NONE,DELTA,NONE",
18.456328,2026-09-05T19:04:17.248+01:00,783570,1369412,164,164,True,True,0x04,"NO_IRQ,NO_IRQ,OK,RESYNC_NEEDED","NONE,NONE,DELTA,NONE",
18.460625,2026-09-05T19:04:17.250+01:00,783734,1369413,154,154,True,True,0x04,"NO_IRQ,NO_IRQ,OK,RESYNC_NEEDED","NONE,NONE,DELTA,NONE",
18.466692,2026-09-05T19:04:17.254+01:00,783888,1369414,246,246,True,True,0x04,"NO_IRQ,NO_IRQ,OK,RESYNC_NEEDED","NONE,NONE,DELTA,NONE",
18.472749,2026-09-05T19:04:17.260+01:00,784134,1369415,246,246,True,True,0x04,"NO_IRQ,NO_IRQ,OK,RESYNC_NEEDED","NONE,NONE,DELTA,NONE",
18.483470,2026-09-05T19:04:17.267+01:00,784380,1369416,156,156,True,True,0x04,"NO_IRQ,NO_IRQ,OK,RESYNC_NEEDED","NONE,NONE,DELTA,NONE",
18.484352,2026-09-05T19:04:17.277+01:00,784536,1369417,150,150,True,True,0x04,"NO_IRQ,NO_IRQ,OK,RESYNC_NEEDED","NONE,NONE,DELTA,NONE",
18.485878,2026-09-05T19:04:17.278+01:00,784686,1369418,242,242,True,True,0x04,"NO_IRQ,NO_IRQ,OK,RESYNC_NEEDED","NONE,NONE,DELTA,NONE",
18.490987,2026-09-05T19:04:17.279+01:00,784928,1369419,242,242,True,True,0x04,"NO_IRQ,NO_IRQ,OK,RESYNC_NEEDED","NONE,NONE,DELTA,NONE",
18.495584,2026-09-05T19:04:17.284+01:00,785170,1369420,162,162,True,True,0x04,"NO_IRQ,NO_IRQ,OK,RESYNC_NEEDED","NONE,NONE,DELTA,NONE",
18.506691,2026-09-05T19:04:17.289+01:00,785332,1369421,156,156,True,True,0x04,"NO_IRQ,NO_IRQ,OK,RESYNC_NEEDED","NONE,NONE,DELTA,NONE",
18.507534,2026-09-05T19:04:17.300+01:00,785488,1369422,252,252,True,True,0x04,"NO_IRQ,NO_IRQ,OK,RESYNC_NEEDED","NONE,NONE,DELTA,NONE",
18.511231,2026-09-05T19:04:17.301+01:00,785740,1369423,254,254,True,True,0x04,"NO_IRQ,NO_IRQ,OK,RESYNC_NEEDED","NONE,NONE,DELTA,NONE",
18.515714,2026-09-05T19:04:17.305+01:00,785994,1369424,166,166,True,True,0x04,"NO_IRQ,NO_IRQ,OK,RESYNC_NEEDED","NONE,NONE,DELTA,NONE",
18.520644,2026-09-05T19:04:17.309+01:00,786160,1369425,158,158,True,True,0x04,"NO_IRQ,NO_IRQ,OK,RESYNC_NEEDED","NONE,NONE,DELTA,NONE",
18.532185,2026-09-05T19:04:17.314+01:00,786318,1369426,256,256,True,True,0x04,"NO_IRQ,NO_IRQ,OK,RESYNC_NEEDED","NONE,NONE,DELTA,NONE",
18.533037,2026-09-05T19:04:17.326+01:00,786574,1369427,252,252,True,True,0x04,"NO_IRQ,NO_IRQ,OK,RESYNC_NEEDED","NONE,NONE,DELTA,NONE",
18.536014,2026-09-05T19:04:17.327+01:00,786826,1369428,174,174,True,True,0x04,"NO_IRQ,NO_IRQ,OK,RESYNC_NEEDED","NONE,NONE,DELTA,NONE",
18.541093,2026-09-05T19:04:17.329+01:00,787000,1369429,158,158,True,True,0x04,"NO_IRQ,NO_IRQ,OK,RESYNC_NEEDED","NONE,NONE,DELTA,NONE",
18.546087,2026-09-05T19:04:17.334+01:00,787158,1369430,258,258,True,True,0x04,"NO_IRQ,NO_IRQ,OK,RESYNC_NEEDED","NONE,NONE,DELTA,NONE",
18.561758,2026-09-05T19:04:17.339+01:00,787416,1369431,258,258,True,True,0x04,"NO_IRQ,NO_IRQ,OK,RESYNC_NEEDED","NONE,NONE,DELTA,NONE",
18.562972,2026-09-05T19:04:17.355+01:00,787674,1369432,174,174,True,True,0x04,"NO_IRQ,NO_IRQ,OK,RESYNC_NEEDED","NONE,NONE,DELTA,NONE",
18.564026,2026-09-05T19:04:17.356+01:00,787848,1369433,154,154,True,True,0x04,"NO_IRQ,NO_IRQ,OK,RESYNC_NEEDED","NONE,NONE,DELTA,NONE",
18.565987,2026-09-05T19:04:17.358+01:00,788002,1369434,248,248,True,True,0x04,"NO_IRQ,NO_IRQ,OK,RESYNC_NEEDED","NONE,NONE,DELTA,NONE",
18.571241,2026-09-05T19:04:17.359+01:00,788250,1369435,1084,1084,True,True,0x04,"NO_IRQ,NO_IRQ,OK,RESYNC_NEEDED","NONE,NONE,DELTA_SYNC,NONE",
18.575769,2026-09-05T19:04:17.365+01:00,789334,1369436,172,172,True,True,0x04,"NO_IRQ,NO_IRQ,OK,RESYNC_NEEDED","NONE,NONE,DELTA,NONE",
18.581333,2026-09-05T19:04:17.369+01:00,789506,1369437,158,158,True,True,0x04,"NO_IRQ,NO_IRQ,OK,RESYNC_NEEDED","NONE,NONE,DELTA,NONE",
18.587215,2026-09-05T19:04:17.375+01:00,789664,1369438,244,244,True,True,0x04,"NO_IRQ,NO_IRQ,OK,RESYNC_NEEDED","NONE,NONE,DELTA,NONE",
18.592883,2026-09-05T19:04:17.381+01:00,789908,1369439,242,242,True,True,0x04,"NO_IRQ,NO_IRQ,OK,RESYNC_NEEDED","NONE,NONE,DELTA,NONE",
18.595412,2026-09-05T19:04:17.386+01:00,790150,1369440,174,174,True,True,0x04,"NO_IRQ,NO_IRQ,OK,RESYNC_NEEDED","NONE,NONE,DELTA,NONE",
18.600508,2026-09-05T19:04:17.389+01:00,790324,1369441,160,160,True,True,0x04,"NO_IRQ,NO_IRQ,OK,RESYNC_NEEDED","NONE,NONE,DELTA,NONE",
18.615450,2026-09-05T19:04:17.394+01:00,790484,1369442,244,244,True,True,0x04,"NO_IRQ,NO_IRQ,OK,RESYNC_NEEDED","NONE,NONE,DELTA,NONE",
18.616440,2026-09-05T19:04:17.409+01:00,790728,1369443,236,236,True,True,0x04,"NO_IRQ,NO_IRQ,OK,RESYNC_NEEDED","NONE,NONE,DELTA,NONE",
18.617598,2026-09-05T19:04:17.410+01:00,790964,1369444,176,176,True,True,0x04,"NO_IRQ,NO_IRQ,OK,RESYNC_NEEDED","NONE,NONE,DELTA,NONE",
18.621371,2026-09-05T19:04:17.411+01:00,791140,1369445,148,148,True,True,0x04,"NO_IRQ,NO_IRQ,OK,RESYNC_NEEDED","NONE,NONE,DELTA,NONE",
18.626707,2026-09-05T19:04:17.415+01:00,791288,1369446,254,254,True,True,0x04,"NO_IRQ,NO_IRQ,OK,RESYNC_NEEDED","NONE,NONE,DELTA,NONE",
18.631177,2026-09-05T19:04:17.420+01:00,791542,1369447,254,254,True,True,0x04,"NO_IRQ,NO_IRQ,OK,RESYNC_NEEDED","NONE,NONE,DELTA,NONE",
18.640741,2026-09-05T19:04:17.425+01:00,791796,1369448,186,186,True,True,0x04,"NO_IRQ,NO_IRQ,OK,RESYNC_NEEDED","NONE,NONE,DELTA,NONE",
18.641629,2026-09-05T19:04:17.434+01:00,791982,1369449,150,150,True,True,0x04,"NO_IRQ,NO_IRQ,OK,RESYNC_NEEDED","NONE,NONE,DELTA,NONE",
18.645517,2026-09-05T19:04:17.435+01:00,792132,1369450,244,244,True,True,0x04,"NO_IRQ,NO_IRQ,OK,RESYNC_NEEDED","NONE,NONE,DELTA,NONE",
18.651559,2026-09-05T19:04:17.439+01:00,792376,1369451,238,238,True,True,0x04,"NO_IRQ,NO_IRQ,OK,RESYNC_NEEDED","NONE,NONE,DELTA,NONE",
18.656563,2026-09-05T19:04:17.445+01:00,792614,1369452,176,176,True,True,0x04,"NO_IRQ,NO_IRQ,OK,RESYNC_NEEDED","NONE,NONE,DELTA,NONE",
18.661389,2026-09-05T19:04:17.450+01:00,792790,1369453,146,146,True,True,0x04,"NO_IRQ,NO_IRQ,OK,RESYNC_NEEDED","NONE,NONE,DELTA,NONE",
18.673632,2026-09-05T19:04:17.455+01:00,792936,1369454,242,242,True,True,0x04,"NO_IRQ,NO_IRQ,OK,RESYNC_NEEDED","NONE,NONE,DELTA,NONE",
18.674434,2026-09-05T19:04:17.467+01:00,793178,1369455,246,246,True,True,0x04,"NO_IRQ,NO_IRQ,OK,RESYNC_NEEDED","NONE,NONE,DELTA,NONE",
18.675761,2026-09-05T19:04:17.468+01:00,793424,1369456,172,172,True,True,0x04,"NO_IRQ,NO_IRQ,OK,RESYNC_NEEDED","NONE,NONE,DELTA,NONE",
18.680912,2026-09-05T19:04:17.469+01:00,793596,1369457,150,150,True,True,0x04,"NO_IRQ,NO_IRQ,OK,RESYNC_NEEDED","NONE,NONE,DELTA,NONE",
18.686250,2026-09-05T19:04:17.474+01:00,793746,1369458,248,248,True,True,0x04,"NO_IRQ,NO_IRQ,OK,RESYNC_NEEDED","NONE,NONE,DELTA,NONE",
18.690871,2026-09-05T19:04:17.480+01:00,793994,1369459,246,246,True,True,0x04,"NO_IRQ,NO_IRQ,OK,RESYNC_NEEDED","NONE,NONE,DELTA,NONE",
18.701535,2026-09-05T19:04:17.484+01:00,794240,1369460,180,180,True,True,0x04,"NO_IRQ,NO_IRQ,OK,RESYNC_NEEDED","NONE,NONE,DELTA,NONE",
18.702776,2026-09-05T19:04:17.495+01:00,794420,1369461,152,152,True,True,0x04,"NO_IRQ,NO_IRQ,OK,RESYNC_NEEDED","NONE,NONE,DELTA,NONE",
18.705731,2026-09-05T19:04:17.496+01:00,794572,1369462,248,248,True,True,0x04,"NO_IRQ,NO_IRQ,OK,RESYNC_NEEDED","NONE,NONE,DELTA,NONE",
18.711246,2026-09-05T19:04:17.499+01:00,794820,1369463,248,248,True,True,0x04,"NO_IRQ,NO_IRQ,OK,RESYNC_NEEDED","NONE,NONE,DELTA,NONE",
18.716800,2026-09-05T19:04:17.505+01:00,795068,1369464,186,186,True,True,0x04,"NO_IRQ,NO_IRQ,OK,RESYNC_NEEDED","NONE,NONE,DELTA,NONE",
18.724496,2026-09-05T19:04:17.510+01:00,795254,1369465,148,148,True,True,0x04,"NO_IRQ,NO_IRQ,OK,RESYNC_NEEDED","NONE,NONE,DELTA,NONE",
18.725885,2026-09-05T19:04:17.518+01:00,795402,1369466,248,248,True,True,0x04,"NO_IRQ,NO_IRQ,OK,RESYNC_NEEDED","NONE,NONE,DELTA,NONE",
18.731535,2026-09-05T19:04:17.520+01:00,795650,1369467,248,248,True,True,0x04,"NO_IRQ,NO_IRQ,OK,RESYNC_NEEDED","NONE,NONE,DELTA,NONE",
18.736395,2026-09-05T19:04:17.525+01:00,795898,1369468,184,184,True,True,0x04,"NO_IRQ,NO_IRQ,OK,RESYNC_NEEDED","NONE,NONE,DELTA,NONE",
18.740767,2026-09-05T19:04:17.530+01:00,796082,1369469,140,140,True,True,0x04,"NO_IRQ,NO_IRQ,OK,RESYNC_NEEDED","NONE,NONE,DELTA,NONE",
18.753310,2026-09-05T19:04:17.534+01:00,796222,1369470,252,252,True,True,0x04,"NO_IRQ,NO_IRQ,OK,RESYNC_NEEDED","NONE,NONE,DELTA,NONE",
18.753754,2026-09-05T19:04:17.547+01:00,796474,1369471,242,242,True,True,0x04,"NO_IRQ,NO_IRQ,OK,RESYNC_NEEDED","NONE,NONE,DELTA,NONE",
18.755509,2026-09-05T19:04:17.547+01:00,796716,1369472,188,188,True,True,0x04,"NO_IRQ,NO_IRQ,OK,RESYNC_NEEDED","NONE,NONE,DELTA,NONE",
18.761073,2026-09-05T19:04:17.549+01:00,796904,1369473,144,144,True,True,0x04,"NO_IRQ,NO_IRQ,OK,RESYNC_NEEDED","NONE,NONE,DELTA,NONE",
18.766169,2026-09-05T19:04:17.554+01:00,797048,1369474,250,250,True,True,0x04,"NO_IRQ,NO_IRQ,OK,RESYNC_NEEDED","NONE,NONE,DELTA,NONE",
18.770805,2026-09-05T19:04:17.560+01:00,797298,1369475,242,242,True,True,0x04,"NO_IRQ,NO_IRQ,OK,RESYNC_NEEDED","NONE,NONE,DELTA,NONE",
18.778569,2026-09-05T19:04:17.564+01:00,797540,1369476,182,182,True,True,0x04,"NO_IRQ,NO_IRQ,OK,RESYNC_NEEDED","NONE,NONE,DELTA,NONE",
18.780385,2026-09-05T19:04:17.572+01:00,797722,1369477,148,148,True,True,0x04,"NO_IRQ,NO_IRQ,OK,RESYNC_NEEDED","NONE,NONE,DELTA,NONE",
18.785486,2026-09-05T19:04:17.574+01:00,797870,1369478,244,244,True,True,0x04,"NO_IRQ,NO_IRQ,OK,RESYNC_NEEDED","NONE,NONE,DELTA,NONE",
18.790958,2026-09-05T19:04:17.579+01:00,798114,1369479,246,246,True,True,0x04,"NO_IRQ,NO_IRQ,OK,RESYNC_NEEDED","NONE,NONE,DELTA,NONE",
18.801204,2026-09-05T19:04:17.584+01:00,798360,1369480,186,186,True,True,0x04,"NO_IRQ,NO_IRQ,OK,RESYNC_NEEDED","NONE,NONE,DELTA,NONE",
18.802717,2026-09-05T19:04:17.595+01:00,798546,1369481,144,144,True,True,0x04,"NO_IRQ,NO_IRQ,OK,RESYNC_NEEDED","NONE,NONE,DELTA,NONE",
18.805843,2026-09-05T19:04:17.596+01:00,798690,1369482,254,254,True,True,0x04,"NO_IRQ,NO_IRQ,OK,RESYNC_NEEDED","NONE,NONE,DELTA,NONE",
18.810615,2026-09-05T19:04:17.599+01:00,798944,1369483,246,246,True,True,0x04,"NO_IRQ,NO_IRQ,OK,RESYNC_NEEDED","NONE,NONE,DELTA,NONE",
18.815536,2026-09-05T19:04:17.604+01:00,799190,1369484,188,188,True,True,0x04,"NO_IRQ,NO_IRQ,OK,RESYNC_NEEDED","NONE,NONE,DELTA,NONE",
18.820331,2026-09-05T19:04:17.609+01:00,799378,1369485,144,144,True,True,0x04,"NO_IRQ,NO_IRQ,OK,RESYNC_NEEDED","NONE,NONE,DELTA,NONE",
18.825308,2026-09-05T19:04:17.614+01:00,799522,1369486,244,244,True,True,0x04,"NO_IRQ,NO_IRQ,OK,RESYNC_NEEDED","NONE,NONE,DELTA,NONE",
18.830318,2026-09-05T19:04:17.619+01:00,799766,1369487,242,242,True,True,0x04,"NO_IRQ,NO_IRQ,OK,RESYNC_NEEDED","NONE,NONE,DELTA,NONE",
18.835243,2026-09-05T19:04:17.624+01:00,800008,1369488,192,192,True,True,0x04,"NO_IRQ,NO_IRQ,OK,RESYNC_NEEDED","NONE,NONE,DELTA,NONE",
18.848996,2026-09-05T19:04:17.629+01:00,800200,1369489,140,140,True,True,0x04,"NO_IRQ,NO_IRQ,OK,RESYNC_NEEDED","NONE,NONE,DELTA,NONE",
18.849343,2026-09-05T19:04:17.642+01:00,800340,1369490,242,242,True,True,0x04,"NO_IRQ,NO_IRQ,OK,RESYNC_NEEDED","NONE,NONE,DELTA,NONE",
18.850206,2026-09-05T19:04:17.643+01:00,800582,1369491,240,240,True,True,0x04,"NO_IRQ,NO_IRQ,OK,RESYNC_NEEDED","NONE,NONE,DELTA,NONE",
18.862950,2026-09-05T19:04:17.643+01:00,800822,1369492,192,192,True,True,0x04,"NO_IRQ,NO_IRQ,OK,RESYNC_NEEDED","NONE,NONE,DELTA,NONE",
18.867227,2026-09-05T19:04:17.660+01:00,801014,1369493,136,136,True,True,0x04,"NO_IRQ,NO_IRQ,OK,RESYNC_NEEDED","NONE,NONE,DELTA,NONE",
18.868270,2026-09-05T19:04:17.661+01:00,801150,1369494,252,252,True,True,0x04,"NO_IRQ,NO_IRQ,OK,RESYNC_NEEDED","NONE,NONE,DELTA,NONE",
18.871057,2026-09-05T19:04:17.662+01:00,801402,1369495,230,230,True,True,0x04,"NO_IRQ,NO_IRQ,OK,RESYNC_NEEDED","NONE,NONE,DELTA,NONE",
18.875534,2026-09-05T19:04:17.665+01:00,801632,1369496,200,200,True,True,0x04,"NO_IRQ,NO_IRQ,OK,RESYNC_NEEDED","NONE,NONE,DELTA,NONE",
18.887726,2026-09-05T19:04:17.669+01:00,801832,1369497,138,138,True,True,0x04,"NO_IRQ,NO_IRQ,OK,RESYNC_NEEDED","NONE,NONE,DELTA,NONE",
18.888404,2026-09-05T19:04:17.681+01:00,801970,1369498,240,240,True,True,0x04,"NO_IRQ,NO_IRQ,OK,RESYNC_NEEDED","NONE,NONE,DELTA,NONE",
18.890593,2026-09-05T19:04:17.682+01:00,802210,1369499,226,226,True,True,0x04,"NO_IRQ,NO_IRQ,OK,RESYNC_NEEDED","NONE,NONE,DELTA,NONE",
18.895608,2026-09-05T19:04:17.684+01:00,802436,1369500,192,192,True,True,0x04,"NO_IRQ,NO_IRQ,OK,RESYNC_NEEDED","NONE,NONE,DELTA,NONE",
18.909806,2026-09-05T19:04:17.689+01:00,802628,1369501,136,136,True,True,0x04,"NO_IRQ,NO_IRQ,OK,RESYNC_NEEDED","NONE,NONE,DELTA,NONE",
18.910552,2026-09-05T19:04:17.703+01:00,802764,1369502,240,240,True,True,0x04,"NO_IRQ,NO_IRQ,OK,RESYNC_NEEDED","NONE,NONE,DELTA,NONE",
18.912197,2026-09-05T19:04:17.704+01:00,803004,1369503,234,234,True,True,0x04,"NO_IRQ,NO_IRQ,OK,RESYNC_NEEDED","NONE,NONE,DELTA,NONE",
18.915968,2026-09-05T19:04:17.706+01:00,803238,1369504,198,198,True,True,0x04,"NO_IRQ,NO_IRQ,OK,RESYNC_NEEDED","NONE,NONE,DELTA,NONE",
18.921229,2026-09-05T19:04:17.709+01:00,803436,1369505,144,144,True,True,0x04,"NO_IRQ,NO_IRQ,OK,RESYNC_NEEDED","NONE,NONE,DELTA,NONE",
18.925566,2026-09-05T19:04:17.715+01:00,803580,1369506,244,244,True,True,0x04,"NO_IRQ,NO_IRQ,OK,RESYNC_NEEDED","NONE,NONE,DELTA,NONE",
18.930293,2026-09-05T19:04:17.719+01:00,803824,1369507,230,230,True,True,0x04,"NO_IRQ,NO_IRQ,OK,RESYNC_NEEDED","NONE,NONE,DELTA,NONE",
18.939849,2026-09-05T19:04:17.724+01:00,804054,1369508,192,192,True,True,0x04,"NO_IRQ,NO_IRQ,OK,RESYNC_NEEDED","NONE,NONE,DELTA,NONE",
18.941466,2026-09-05T19:04:17.733+01:00,804246,1369509,134,134,True,True,0x04,"NO_IRQ,NO_IRQ,OK,RESYNC_NEEDED","NONE,NONE,DELTA,NONE",
18.945677,2026-09-05T19:04:17.735+01:00,804380,1369510,250,250,True,True,0x04,"NO_IRQ,NO_IRQ,OK,RESYNC_NEEDED","NONE,NONE,DELTA,NONE",
18.950764,2026-09-05T19:04:17.740+01:00,804630,1369511,230,230,True,True,0x04,"NO_IRQ,NO_IRQ,OK,RESYNC_NEEDED","NONE,NONE,DELTA,NONE",
18.955725,2026-09-05T19:04:17.744+01:00,804860,1369512,196,196,True,True,0x04,"NO_IRQ,NO_IRQ,OK,RESYNC_NEEDED","NONE,NONE,DELTA,NONE",
18.966011,2026-09-05T19:04:17.749+01:00,805056,1369513,134,134,True,True,0x04,"NO_IRQ,NO_IRQ,OK,RESYNC_NEEDED","NONE,NONE,DELTA,NONE",
18.967102,2026-09-05T19:04:17.759+01:00,805190,1369514,250,250,True,True,0x04,"NO_IRQ,NO_IRQ,OK,RESYNC_NEEDED","NONE,NONE,DELTA,NONE",
18.971054,2026-09-05T19:04:17.760+01:00,805440,1369515,226,226,True,True,0x04,"NO_IRQ,NO_IRQ,OK,RESYNC_NEEDED","NONE,NONE,DELTA,NONE",
18.975179,2026-09-05T19:04:17.764+01:00,805666,1369516,196,196,True,True,0x04,"NO_IRQ,NO_IRQ,OK,RESYNC_NEEDED","NONE,NONE,DELTA,NONE",
18.982464,2026-09-05T19:04:17.768+01:00,805862,1369517,144,144,True,True,0x04,"NO_IRQ,NO_IRQ,OK,RESYNC_NEEDED","NONE,NONE,DELTA,NONE",
18.989676,2026-09-05T19:04:17.777+01:00,806006,1369518,234,234,True,True,0x04,"NO_IRQ,NO_IRQ,OK,RESYNC_NEEDED","NONE,NONE,DELTA,NONE",
18.990622,2026-09-05T19:04:17.783+01:00,806240,1369519,222,222,True,True,0x04,"NO_IRQ,NO_IRQ,OK,RESYNC_NEEDED","NONE,NONE,DELTA,NONE",
18.995437,2026-09-05T19:04:17.784+01:00,806462,1369520,202,202,True,True,0x04,"NO_IRQ,NO_IRQ,OK,RESYNC_NEEDED","NONE,NONE,DELTA,NONE",
19.000563,2026-09-05T19:04:17.789+01:00,806664,1369521,144,144,True,True,0x04,"NO_IRQ,NO_IRQ,OK,RESYNC_NEEDED","NONE,NONE,DELTA,NONE",
19.005864,2026-09-05T19:04:17.794+01:00,806808,1369522,234,234,True,True,0x04,"NO_IRQ,NO_IRQ,OK,RESYNC_NEEDED","NONE,NONE,DELTA,NONE",
19.017096,2026-09-05T19:04:17.799+01:00,807042,1369523,240,240,True,True,0x04,"NO_IRQ,NO_IRQ,OK,RESYNC_NEEDED","NONE,NONE,DELTA,NONE",
19.017678,2026-09-05T19:04:17.811+01:00,807282,1369524,198,198,True,True,0x04,"NO_IRQ,NO_IRQ,OK,RESYNC_NEEDED","NONE,NONE,DELTA,NONE",
19.020865,2026-09-05T19:04:17.811+01:00,807480,1369525,144,144,True,True,0x04,"NO_IRQ,NO_IRQ,OK,RESYNC_NEEDED","NONE,NONE,DELTA,NONE",
19.025728,2026-09-05T19:04:17.814+01:00,807624,1369526,246,246,True,True,0x04,"NO_IRQ,NO_IRQ,OK,RESYNC_NEEDED","NONE,NONE,DELTA,NONE",
19.030871,2026-09-05T19:04:17.819+01:00,807870,1369527,232,232,True,True,0x04,"NO_IRQ,NO_IRQ,OK,RESYNC_NEEDED","NONE,NONE,DELTA,NONE",
19.041451,2026-09-05T19:04:17.824+01:00,808102,1369528,208,208,True,True,0x04,"NO_IRQ,NO_IRQ,OK,RESYNC_NEEDED","NONE,NONE,DELTA,NONE",
19.042448,2026-09-05T19:04:17.835+01:00,808310,1369529,138,138,True,True,0x04,"NO_IRQ,NO_IRQ,OK,RESYNC_NEEDED","NONE,NONE,DELTA,NONE",
19.045602,2026-09-05T19:04:17.836+01:00,808448,1369530,252,252,True,True,0x04,"NO_IRQ,NO_IRQ,OK,RESYNC_NEEDED","NONE,NONE,DELTA,NONE",
19.051034,2026-09-05T19:04:17.839+01:00,808700,1369531,246,246,True,True,0x04,"NO_IRQ,NO_IRQ,OK,RESYNC_NEEDED","NONE,NONE,DELTA,NONE",
19.055078,2026-09-05T19:04:17.844+01:00,808946,1369532,198,198,True,True,0x04,"NO_IRQ,NO_IRQ,OK,RESYNC_NEEDED","NONE,NONE,DELTA,NONE",
19.060702,2026-09-05T19:04:17.848+01:00,809144,1369533,136,136,True,True,0x04,"NO_IRQ,NO_IRQ,OK,RESYNC_NEEDED","NONE,NONE,DELTA,NONE",
19.066527,2026-09-05T19:04:17.854+01:00,809280,1369534,232,232,True,True,0x04,"NO_IRQ,NO_IRQ,OK,RESYNC_NEEDED","NONE,NONE,DELTA,NONE",
19.073011,2026-09-05T19:04:17.860+01:00,809512,1369535,236,236,True,True,0x04,"NO_IRQ,NO_IRQ,OK,RESYNC_NEEDED","NONE,NONE,DELTA,NONE",
19.075394,2026-09-05T19:04:17.866+01:00,809748,1369536,210,210,True,True,0x04,"NO_IRQ,NO_IRQ,OK,RESYNC_NEEDED","NONE,NONE,DELTA,NONE",
19.080393,2026-09-05T19:04:17.869+01:00,809958,1369537,146,146,True,True,0x04,"NO_IRQ,NO_IRQ,OK,RESYNC_NEEDED","NONE,NONE,DELTA,NONE",
19.093623,2026-09-05T19:04:17.874+01:00,810104,1369538,248,248,True,True,0x04,"NO_IRQ,NO_IRQ,OK,RESYNC_NEEDED","NONE,NONE,DELTA,NONE",
19.100560,2026-09-05T19:04:17.888+01:00,810352,1369539,230,230,True,True,0x04,"NO_IRQ,NO_IRQ,OK,RESYNC_NEEDED","NONE,NONE,DELTA,NONE",
19.101418,2026-09-05T19:04:17.894+01:00,810582,1369540,200,200,True,True,0x04,"NO_IRQ,NO_IRQ,OK,RESYNC_NEEDED","NONE,NONE,DELTA,NONE",
19.102336,2026-09-05T19:04:17.895+01:00,810782,1369541,144,144,True,True,0x04,"NO_IRQ,NO_IRQ,OK,RESYNC_NEEDED","NONE,NONE,DELTA,NONE",
19.105271,2026-09-05T19:04:17.896+01:00,810926,1369542,236,236,True,True,0x04,"NO_IRQ,NO_IRQ,OK,RESYNC_NEEDED","NONE,NONE,DELTA,NONE",
19.110274,2026-09-05T19:04:17.899+01:00,811162,1369543,238,238,True,True,0x04,"NO_IRQ,NO_IRQ,OK,RESYNC_NEEDED","NONE,NONE,DELTA,NONE",
19.125190,2026-09-05T19:04:17.904+01:00,811400,1369544,208,208,True,True,0x04,"NO_IRQ,NO_IRQ,OK,RESYNC_NEEDED","NONE,NONE,DELTA,NONE",
19.134680,2026-09-05T19:04:17.927+01:00,811608,1369545,136,136,True,True,0x04,"NO_IRQ,NO_IRQ,OK,RESYNC_NEEDED","NONE,NONE,DELTA,NONE",
19.135516,2026-09-05T19:04:17.928+01:00,811744,1369546,228,228,True,True,0x04,"NO_IRQ,NO_IRQ,OK,RESYNC_NEEDED","NONE,NONE,DELTA,NONE",
19.136278,2026-09-05T19:04:17.929+01:00,811972,1369547,230,230,True,True,0x04,"NO_IRQ,NO_IRQ,OK,RESYNC_NEEDED","NONE,NONE,DELTA,NONE",
19.137208,2026-09-05T19:04:17.930+01:00,812202,1369548,212,212,True,True,0x04,"NO_IRQ,NO_IRQ,OK,RESYNC_NEEDED","NONE,NONE,DELTA,NONE",
19.140120,2026-09-05T19:04:17.931+01:00,812414,1369549,140,140,True,True,0x04,"NO_IRQ,NO_IRQ,OK,RESYNC_NEEDED","NONE,NONE,DELTA,NONE",
19.151903,2026-09-05T19:04:17.933+01:00,812554,1369550,238,238,True,True,0x04,"NO_IRQ,NO_IRQ,OK,RESYNC_NEEDED","NONE,NONE,DELTA,NONE",
19.152649,2026-09-05T19:04:17.945+01:00,812792,1369551,228,228,True,True,0x04,"NO_IRQ,NO_IRQ,OK,RESYNC_NEEDED","NONE,NONE,DELTA,NONE",
19.155699,2026-09-05T19:04:17.946+01:00,813020,1369552,210,210,True,True,0x04,"NO_IRQ,NO_IRQ,OK,RESYNC_NEEDED","NONE,NONE,DELTA,NONE",
19.160347,2026-09-05T19:04:17.949+01:00,813230,1369553,136,136,True,True,0x04,"NO_IRQ,NO_IRQ,OK,RESYNC_NEEDED","NONE,NONE,DELTA,NONE",
19.165024,2026-09-05T19:04:17.954+01:00,813366,1369554,244,244,True,True,0x04,"NO_IRQ,NO_IRQ,OK,RESYNC_NEEDED","NONE,NONE,DELTA,NONE",
19.173508,2026-09-05T19:04:17.958+01:00,813610,1369555,224,224,True,True,0x04,"NO_IRQ,NO_IRQ,OK,RESYNC_NEEDED","NONE,NONE,DELTA,NONE",
19.175154,2026-09-05T19:04:17.967+01:00,813834,1369556,206,206,True,True,0x04,"NO_IRQ,NO_IRQ,OK,RESYNC_NEEDED","NONE,NONE,DELTA,NONE",
19.180270,2026-09-05T19:04:17.969+01:00,814040,1369557,148,148,True,True,0x04,"NO_IRQ,NO_IRQ,OK,RESYNC_NEEDED","NONE,NONE,DELTA,NONE",
19.185202,2026-09-05T19:04:17.974+01:00,814188,1369558,230,230,True,True,0x04,"NO_IRQ,NO_IRQ,OK,RESYNC_NEEDED","NONE,NONE,DELTA,NONE",
19.191954,2026-09-05T19:04:17.979+01:00,814418,1369559,226,226,True,True,0x04,"NO_IRQ,NO_IRQ,OK,RESYNC_NEEDED","NONE,NONE,DELTA,NONE",
19.194951,2026-09-05T19:04:17.985+01:00,814644,1369560,214,214,True,True,0x04,"NO_IRQ,NO_IRQ,OK,RESYNC_NEEDED","NONE,NONE,DELTA,NONE",
19.200274,2026-09-05T19:04:17.988+01:00,814858,1369561,136,136,True,True,0x04,"NO_IRQ,NO_IRQ,OK,RESYNC_NEEDED","NONE,NONE,DELTA,NONE",
19.205765,2026-09-05T19:04:17.994+01:00,814994,1369562,236,236,True,True,0x04,"NO_IRQ,NO_IRQ,OK,RESYNC_NEEDED","NONE,NONE,DELTA,NONE",
19.213798,2026-09-05T19:04:17.999+01:00,815230,1369563,226,226,True,True,0x04,"NO_IRQ,NO_IRQ,OK,RESYNC_NEEDED","NONE,NONE,DELTA,NONE",
19.215125,2026-09-05T19:04:18.007+01:00,815456,1369564,226,226,True,True,0x04,"NO_IRQ,NO_IRQ,OK,RESYNC_NEEDED","NONE,NONE,DELTA,NONE",
19.220285,2026-09-05T19:04:18.008+01:00,815682,1369565,142,142,True,True,0x04,"NO_IRQ,NO_IRQ,OK,RESYNC_NEEDED","NONE,NONE,DELTA,NONE",
19.224870,2026-09-05T19:04:18.014+01:00,815824,1369566,232,232,True,True,0x04,"NO_IRQ,NO_IRQ,OK,RESYNC_NEEDED","NONE,NONE,DELTA,NONE",
19.231297,2026-09-05T19:04:18.018+01:00,816056,1369567,240,240,True,True,0x04,"NO_IRQ,NO_IRQ,OK,RESYNC_NEEDED","NONE,NONE,DELTA,NONE",
19.235515,2026-09-05T19:04:18.025+01:00,816296,1369568,214,214,True,True,0x04,"NO_IRQ,NO_IRQ,OK,RESYNC_NEEDED","NONE,NONE,DELTA,NONE",
19.239830,2026-09-05T19:04:18.029+01:00,816510,1369569,130,130,True,True,0x04,"NO_IRQ,NO_IRQ,OK,RESYNC_NEEDED","NONE,NONE,DELTA,NONE",
19.253254,2026-09-05T19:04:18.033+01:00,816640,1369570,230,230,True,True,0x04,"NO_IRQ,NO_IRQ,OK,RESYNC_NEEDED","NONE,NONE,DELTA,NONE",
19.254766,2026-09-05T19:04:18.047+01:00,816870,1369571,236,236,True,True,0x04,"NO_IRQ,NO_IRQ,OK,RESYNC_NEEDED","NONE,NONE,DELTA,NONE",
19.255334,2026-09-05T19:04:18.048+01:00,817106,1369572,210,210,True,True,0x04,"NO_IRQ,NO_IRQ,OK,RESYNC_NEEDED","NONE,NONE,DELTA,NONE",
19.260194,2026-09-05T19:04:18.049+01:00,817316,1369573,138,138,True,True,0x04,"NO_IRQ,NO_IRQ,OK,RESYNC_NEEDED","NONE,NONE,DELTA,NONE",
19.265140,2026-09-05T19:04:18.054+01:00,817454,1369574,240,240,True,True,0x04,"NO_IRQ,NO_IRQ,OK,RESYNC_NEEDED","NONE,NONE,DELTA,NONE",
19.271813,2026-09-05T19:04:18.058+01:00,817694,1369575,242,242,True,True,0x04,"NO_IRQ,NO_IRQ,OK,RESYNC_NEEDED","NONE,NONE,DELTA,NONE",
19.275330,2026-09-05T19:04:18.065+01:00,817936,1369576,230,230,True,True,0x04,"NO_IRQ,NO_IRQ,OK,RESYNC_NEEDED","NONE,NONE,DELTA,NONE",
19.279992,2026-09-05T19:04:18.069+01:00,818166,1369577,132,132,True,True,0x04,"NO_IRQ,NO_IRQ,OK,RESYNC_NEEDED","NONE,NONE,DELTA,NONE",
19.285484,2026-09-05T19:04:18.073+01:00,818298,1369578,226,226,True,True,0x04,"NO_IRQ,NO_IRQ,OK,RESYNC_NEEDED","NONE,NONE,DELTA,NONE",
19.289782,2026-09-05T19:04:18.079+01:00,818524,1369579,232,232,True,True,0x04,"NO_IRQ,NO_IRQ,OK,RESYNC_NEEDED","NONE,NONE,DELTA,NONE",
19.294868,2026-09-05T19:04:18.083+01:00,818756,1369580,224,224,True,True,0x04,"NO_IRQ,NO_IRQ,OK,RESYNC_NEEDED","NONE,NONE,DELTA,NONE",
19.307282,2026-09-05T19:04:18.088+01:00,818980,1369581,132,132,True,True,0x04,"NO_IRQ,NO_IRQ,OK,RESYNC_NEEDED","NONE,NONE,DELTA,NONE",
19.307639,2026-09-05T19:04:18.101+01:00,819112,1369582,234,234,True,True,0x04,"NO_IRQ,NO_IRQ,OK,RESYNC_NEEDED","NONE,NONE,DELTA,NONE",
19.317057,2026-09-05T19:04:18.101+01:00,819346,1369583,240,240,True,True,0x04,"NO_IRQ,NO_IRQ,OK,RESYNC_NEEDED","NONE,NONE,DELTA,NONE",
19.330725,2026-09-05T19:04:18.112+01:00,819586,1369584,226,226,True,True,0x04,"NO_IRQ,NO_IRQ,OK,RESYNC_NEEDED","NONE,NONE,DELTA,NONE",
19.331297,2026-09-05T19:04:18.124+01:00,819812,1369585,138,138,True,True,0x04,"NO_IRQ,NO_IRQ,OK,RESYNC_NEEDED","NONE,NONE,DELTA,NONE",
19.331545,2026-09-05T19:04:18.125+01:00,819950,1369586,232,232,True,True,0x04,"NO_IRQ,NO_IRQ,OK,RESYNC_NEEDED","NONE,NONE,DELTA,NONE",
19.331762,2026-09-05T19:04:18.125+01:00,820182,1369587,234,234,True,True,0x04,"NO_IRQ,NO_IRQ,OK,RESYNC_NEEDED","NONE,NONE,DELTA,NONE",
19.335927,2026-09-05T19:04:18.125+01:00,820416,1369588,222,222,True,True,0x04,"NO_IRQ,NO_IRQ,OK,RESYNC_NEEDED","NONE,NONE,DELTA,NONE",
19.341414,2026-09-05T19:04:18.131+01:00,820638,1369589,132,132,True,True,0x04,"NO_IRQ,NO_IRQ,OK,RESYNC_NEEDED","NONE,NONE,DELTA,NONE",
19.346037,2026-09-05T19:04:18.135+01:00,820770,1369590,222,222,True,True,0x04,"NO_IRQ,NO_IRQ,OK,RESYNC_NEEDED","NONE,NONE,DELTA,NONE",
19.357103,2026-09-05T19:04:18.139+01:00,820992,1369591,234,234,True,True,0x04,"NO_IRQ,NO_IRQ,OK,RESYNC_NEEDED","NONE,NONE,DELTA,NONE",
19.357913,2026-09-05T19:04:18.150+01:00,821226,1369592,226,226,True,True,0x04,"NO_IRQ,NO_IRQ,OK,RESYNC_NEEDED","NONE,NONE,DELTA,NONE",
19.360771,2026-09-05T19:04:18.152+01:00,821452,1369593,134,134,True,True,0x04,"NO_IRQ,NO_IRQ,OK,RESYNC_NEEDED","NONE,NONE,DELTA,NONE",
19.364915,2026-09-05T19:04:18.154+01:00,821586,1369594,222,222,True,True,0x04,"NO_IRQ,NO_IRQ,OK,RESYNC_NEEDED","NONE,NONE,DELTA,NONE",
19.370985,2026-09-05T19:04:18.159+01:00,821808,1369595,230,230,True,True,0x04,"NO_IRQ,NO_IRQ,OK,RESYNC_NEEDED","NONE,NONE,DELTA,NONE",
19.374728,2026-09-05T19:04:18.164+01:00,822038,1369596,228,228,True,True,0x04,"NO_IRQ,NO_IRQ,OK,RESYNC_NEEDED","NONE,NONE,DELTA,NONE",
19.389136,2026-09-05T19:04:18.168+01:00,822266,1369597,134,134,True,True,0x04,"NO_IRQ,NO_IRQ,OK,RESYNC_NEEDED","NONE,NONE,DELTA,NONE",
19.390287,2026-09-05T19:04:18.183+01:00,822400,1369598,236,236,True,True,0x04,"NO_IRQ,NO_IRQ,OK,RESYNC_NEEDED","NONE,NONE,DELTA,NONE",
19.391736,2026-09-05T19:04:18.184+01:00,822636,1369599,230,230,True,True,0x04,"NO_IRQ,NO_IRQ,OK,RESYNC_NEEDED","NONE,NONE,DELTA,NONE",
19.395134,2026-09-05T19:04:18.185+01:00,822866,1369600,226,226,True,True,0x04,"NO_IRQ,NO_IRQ,OK,RESYNC_NEEDED","NONE,NONE,DELTA,NONE",
19.400047,2026-09-05T19:04:18.189+01:00,823092,1369601,136,136,True,True,0x04,"NO_IRQ,NO_IRQ,OK,RESYNC_NEEDED","NONE,NONE,DELTA,NONE",
19.405150,2026-09-05T19:04:18.194+01:00,823228,1369602,238,238,True,True,0x04,"NO_IRQ,NO_IRQ,OK,RESYNC_NEEDED","NONE,NONE,DELTA,NONE",
19.419233,2026-09-05T19:04:18.199+01:00,823466,1369603,234,234,True,True,0x04,"NO_IRQ,NO_IRQ,OK,RESYNC_NEEDED","NONE,NONE,DELTA,NONE",
19.420829,2026-09-05T19:04:18.213+01:00,823700,1369604,226,226,True,True,0x04,"NO_IRQ,NO_IRQ,OK,RESYNC_NEEDED","NONE,NONE,DELTA,NONE",
19.422401,2026-09-05T19:04:18.214+01:00,823926,1369605,130,130,True,True,0x04,"NO_IRQ,NO_IRQ,OK,RESYNC_NEEDED","NONE,NONE,DELTA,NONE",
19.425265,2026-09-05T19:04:18.216+01:00,824056,1369606,228,228,True,True,0x04,"NO_IRQ,NO_IRQ,OK,RESYNC_NEEDED","NONE,NONE,DELTA,NONE",
19.430115,2026-09-05T19:04:18.219+01:00,824284,1369607,230,230,True,True,0x04,"NO_IRQ,NO_IRQ,OK,RESYNC_NEEDED","NONE,NONE,DELTA,NONE",
19.435029,2026-09-05T19:04:18.223+01:00,824514,1369608,226,226,True,True,0x04,"NO_IRQ,NO_IRQ,OK,RESYNC_NEEDED","NONE,NONE,DELTA,NONE",
19.446233,2026-09-05T19:04:18.228+01:00,824740,1369609,130,130,True,True,0x04,"NO_IRQ,NO_IRQ,OK,RESYNC_NEEDED","NONE,NONE,DELTA,NONE",
19.447519,2026-09-05T19:04:18.240+01:00,824870,1369610,230,230,True,True,0x04,"NO_IRQ,NO_IRQ,OK,RESYNC_NEEDED","NONE,NONE,DELTA,NONE",
19.450454,2026-09-05T19:04:18.241+01:00,825100,1369611,230,230,True,True,0x04,"NO_IRQ,NO_IRQ,OK,RESYNC_NEEDED","NONE,NONE,DELTA,NONE",
19.455264,2026-09-05T19:04:18.244+01:00,825330,1369612,236,236,True,True,0x04,"NO_IRQ,NO_IRQ,OK,RESYNC_NEEDED","NONE,NONE,DELTA,NONE",
19.459897,2026-09-05T19:04:18.249+01:00,825566,1369613,138,138,True,True,0x04,"NO_IRQ,NO_IRQ,OK,RESYNC_NEEDED","NONE,NONE,DELTA,NONE",
19.472632,2026-09-05T19:04:18.254+01:00,825704,1369614,234,234,True,True,0x04,"NO_IRQ,NO_IRQ,OK,RESYNC_NEEDED","NONE,NONE,DELTA,NONE",
19.473237,2026-09-05T19:04:18.266+01:00,825938,1369615,230,230,True,True,0x04,"NO_IRQ,NO_IRQ,OK,RESYNC_NEEDED","NONE,NONE,DELTA,NONE",
19.474928,2026-09-05T19:04:18.267+01:00,826168,1369616,226,226,True,True,0x04,"NO_IRQ,NO_IRQ,OK,RESYNC_NEEDED","NONE,NONE,DELTA,NONE",
19.479992,2026-09-05T19:04:18.269+01:00,826394,1369617,130,130,True,True,0x04,"NO_IRQ,NO_IRQ,OK,RESYNC_NEEDED","NONE,NONE,DELTA,NONE",
19.485458,2026-09-05T19:04:18.274+01:00,826524,1369618,218,218,True,True,0x04,"NO_IRQ,NO_IRQ,OK,RESYNC_NEEDED","NONE,NONE,DELTA,NONE",
19.493372,2026-09-05T19:04:18.279+01:00,826742,1369619,238,238,True,True,0x04,"NO_IRQ,NO_IRQ,OK,RESYNC_NEEDED","NONE,NONE,DELTA,NONE",
19.495425,2026-09-05T19:04:18.287+01:00,826980,1369620,236,236,True,True,0x04,"NO_IRQ,NO_IRQ,OK,RESYNC_NEEDED","NONE,NONE,DELTA,NONE",
19.499889,2026-09-05T19:04:18.289+01:00,827216,1369621,130,130,True,True,0x04,"NO_IRQ,NO_IRQ,OK,RESYNC_NEEDED","NONE,NONE,DELTA,NONE",
19.505363,2026-09-05T19:04:18.293+01:00,827346,1369622,222,222,True,True,0x04,"NO_IRQ,NO_IRQ,OK,RESYNC_NEEDED","NONE,NONE,DELTA,NONE",
19.518565,2026-09-05T19:04:18.299+01:00,827568,1369623,236,236,True,True,0x04,"NO_IRQ,NO_IRQ,OK,RESYNC_NEEDED","NONE,NONE,DELTA,NONE",
19.519302,2026-09-05T19:04:18.312+01:00,827804,1369624,250,250,True,True,0x04,"NO_IRQ,NO_IRQ,OK,RESYNC_NEEDED","NONE,NONE,DELTA,NONE",
19.521101,2026-09-05T19:04:18.313+01:00,828054,1369625,136,136,True,True,0x04,"NO_IRQ,NO_IRQ,OK,RESYNC_NEEDED","NONE,NONE,DELTA,NONE",
19.525310,2026-09-05T19:04:18.314+01:00,828190,1369626,222,222,True,True,0x04,"NO_IRQ,NO_IRQ,OK,RESYNC_NEEDED","NONE,NONE,DELTA,NONE",
19.529810,2026-09-05T19:04:18.319+01:00,828412,1369627,244,244,True,True,0x04,"NO_IRQ,NO_IRQ,OK,RESYNC_NEEDED","NONE,NONE,DELTA,NONE",
19.534937,2026-09-05T19:04:18.323+01:00,828656,1369628,238,238,True,True,0x04,"NO_IRQ,NO_IRQ,OK,RESYNC_NEEDED","NONE,NONE,DELTA,NONE",
19.540313,2026-09-05T19:04:18.330+01:00,828894,1369629,134,134,True,True,0x04,"NO_IRQ,NO_IRQ,OK,RESYNC_NEEDED","NONE,NONE,DELTA,NONE",
19.549983,2026-09-05T19:04:18.334+01:00,829028,1369630,228,228,True,True,0x04,"NO_IRQ,NO_IRQ,OK,RESYNC_NEEDED","NONE,NONE,DELTA,NONE",
19.550977,2026-09-05T19:04:18.343+01:00,829256,1369631,232,232,True,True,0x04,"NO_IRQ,NO_IRQ,OK,RESYNC_NEEDED","NONE,NONE,DELTA,NONE",
19.555279,2026-09-05T19:04:18.344+01:00,829488,1369632,240,240,True,True,0x04,"NO_IRQ,NO_IRQ,OK,RESYNC_NEEDED","NONE,NONE,DELTA,NONE",
19.559485,2026-09-05T19:04:18.349+01:00,829728,1369633,126,126,True,True,0x04,"NO_IRQ,NO_IRQ,OK,RESYNC_NEEDED","NONE,NONE,DELTA,NONE",
19.564548,2026-09-05T19:04:18.353+01:00,829854,1369634,224,224,True,True,0x04,"NO_IRQ,NO_IRQ,OK,RESYNC_NEEDED","NONE,NONE,DELTA,NONE",
19.581668,2026-09-05T19:04:18.358+01:00,830078,1369635,1084,1084,True,True,0x04,"NO_IRQ,NO_IRQ,OK,RESYNC_NEEDED","NONE,NONE,DELTA_SYNC,NONE",
19.586040,2026-09-05T19:04:18.379+01:00,831162,1369636,246,246,True,True,0x04,"NO_IRQ,NO_IRQ,OK,RESYNC_NEEDED","NONE,NONE,DELTA,NONE",
19.587038,2026-09-05T19:04:18.379+01:00,831408,1369637,136,136,True,True,0x04,"NO_IRQ,NO_IRQ,OK,RESYNC_NEEDED","NONE,NONE,DELTA,NONE",
19.588025,2026-09-05T19:04:18.380+01:00,831544,1369638,218,218,True,True,0x04,"NO_IRQ,NO_IRQ,OK,RESYNC_NEEDED","NONE,NONE,DELTA,NONE",
19.589666,2026-09-05T19:04:18.382+01:00,831762,1369639,230,230,True,True,0x04,"NO_IRQ,NO_IRQ,OK,RESYNC_NEEDED","NONE,NONE,DELTA,NONE",
19.594875,2026-09-05T19:04:18.383+01:00,831992,1369640,258,258,True,True,0x04,"NO_IRQ,NO_IRQ,OK,RESYNC_NEEDED","NONE,NONE,DELTA,NONE",
19.599625,2026-09-05T19:04:18.388+01:00,832250,1369641,132,132,True,True,0x04,"NO_IRQ,NO_IRQ,OK,RESYNC_NEEDED","NONE,NONE,DELTA,NONE",
19.610205,2026-09-05T19:04:18.393+01:00,832382,1369642,222,222,True,True,0x04,"NO_IRQ,NO_IRQ,OK,RESYNC_NEEDED","NONE,NONE,DELTA,NONE",
19.611267,2026-09-05T19:04:18.404+01:00,832604,1369643,236,236,True,True,0x04,"NO_IRQ,NO_IRQ,OK,RESYNC_NEEDED","NONE,NONE,DELTA,NONE",
19.614606,2026-09-05T19:04:18.405+01:00,832840,1369644,258,258,True,True,0x04,"NO_IRQ,NO_IRQ,OK,RESYNC_NEEDED","NONE,NONE,DELTA,NONE",
19.619798,2026-09-05T19:04:18.408+01:00,833098,1369645,134,134,True,True,0x04,"NO_IRQ,NO_IRQ,OK,RESYNC_NEEDED","NONE,NONE,DELTA,NONE",
19.630915,2026-09-05T19:04:18.413+01:00,833232,1369646,226,226,True,True,0x04,"NO_IRQ,NO_IRQ,OK,RESYNC_NEEDED","NONE,NONE,DELTA,NONE",
19.638876,2026-09-05T19:04:18.425+01:00,833458,1369647,234,234,True,True,0x04,"NO_IRQ,NO_IRQ,OK,RESYNC_NEEDED","NONE,NONE,DELTA,NONE",
19.640621,2026-09-05T19:04:18.433+01:00,833692,1369648,242,242,True,True,0x04,"NO_IRQ,NO_IRQ,OK,RESYNC_NEEDED","NONE,NONE,DELTA,NONE",
19.641165,2026-09-05T19:04:18.434+01:00,833934,1369649,126,126,True,True,0x04,"NO_IRQ,NO_IRQ,OK,RESYNC_NEEDED","NONE,NONE,DELTA,NONE",
19.644494,2026-09-05T19:04:18.435+01:00,834060,1369650,228,228,True,True,0x04,"NO_IRQ,NO_IRQ,OK,RESYNC_NEEDED","NONE,NONE,DELTA,NONE",
19.649565,2026-09-05T19:04:18.438+01:00,834288,1369651,234,234,True,True,0x04,"NO_IRQ,NO_IRQ,OK,RESYNC_NEEDED","NONE,NONE,DELTA,NONE",
19.655091,2026-09-05T19:04:18.443+01:00,834522,1369652,242,242,True,True,0x04,"NO_IRQ,NO_IRQ,OK,RESYNC_NEEDED","NONE,NONE,DELTA,NONE",
19.666845,2026-09-05T19:04:18.448+01:00,834764,1369653,128,128,True,True,0x04,"NO_IRQ,NO_IRQ,OK,RESYNC_NEEDED","NONE,NONE,DELTA,NONE",
19.668940,2026-09-05T19:04:18.460+01:00,834892,1369654,220,220,True,True,0x04,"NO_IRQ,NO_IRQ,OK,RESYNC_NEEDED","NONE,NONE,DELTA,NONE",
19.669568,2026-09-05T19:04:18.462+01:00,835112,1369655,236,236,True,True,0x04,"NO_IRQ,NO_IRQ,OK,RESYNC_NEEDED","NONE,NONE,DELTA,NONE",
19.675185,2026-09-05T19:04:18.463+01:00,835348,1369656,250,250,True,True,0x04,"NO_IRQ,NO_IRQ,OK,RESYNC_NEEDED","NONE,NONE,DELTA,NONE",
19.679285,2026-09-05T19:04:18.469+01:00,835598,1369657,134,134,True,True,0x04,"NO_IRQ,NO_IRQ,OK,RESYNC_NEEDED","NONE,NONE,DELTA,NONE",
19.688277,2026-09-05T19:04:18.473+01:00,835732,1369658,220,220,True,True,0x04,"NO_IRQ,NO_IRQ,OK,RESYNC_NEEDED","NONE,NONE,DELTA,NONE",
19.689738,2026-09-05T19:04:18.482+01:00,835952,1369659,216,216,True,True,0x04,"NO_IRQ,NO_IRQ,OK,RESYNC_NEEDED","NONE,NONE,DELTA,NONE",
19.694737,2026-09-05T19:04:18.483+01:00,836168,1369660,250,250,True,True,0x04,"NO_IRQ,NO_IRQ,OK,RESYNC_NEEDED","NONE,NONE,DELTA,NONE",
19.699406,2026-09-05T19:04:18.488+01:00,836418,1369661,128,128,True,True,0x04,"NO_IRQ,NO_IRQ,OK,RESYNC_NEEDED","NONE,NONE,DELTA,NONE",
19.712849,2026-09-05T19:04:18.493+01:00,836546,1369662,220,220,True,True,0x04,"NO_IRQ,NO_IRQ,OK,RESYNC_NEEDED","NONE,NONE,DELTA,NONE",
19.713771,2026-09-05T19:04:18.506+01:00,836766,1369663,238,238,True,True,0x04,"NO_IRQ,NO_IRQ,OK,RESYNC_NEEDED","NONE,NONE,DELTA,NONE",
19.714635,2026-09-05T19:04:18.507+01:00,837004,1369664,258,258,True,True,0x04,"NO_IRQ,NO_IRQ,OK,RESYNC_NEEDED","NONE,NONE,DELTA,NONE",
19.719119,2026-09-05T19:04:18.508+01:00,837262,1369665,128,128,True,True,0x04,"NO_IRQ,NO_IRQ,OK,RESYNC_NEEDED","NONE,NONE,DELTA,NONE",
19.724849,2026-09-05T19:04:18.512+01:00,837390,1369666,230,230,True,True,0x04,"NO_IRQ,NO_IRQ,OK,RESYNC_NEEDED","NONE,NONE,DELTA,NONE",
19.739487,2026-09-05T19:04:18.518+01:00,837620,1369667,244,244,True,True,0x04,"NO_IRQ,NO_IRQ,OK,RESYNC_NEEDED","NONE,NONE,DELTA,NONE",
19.740610,2026-09-05T19:04:18.533+01:00,837864,1369668,252,252,True,True,0x04,"NO_IRQ,NO_IRQ,OK,RESYNC_NEEDED","NONE,NONE,DELTA,NONE",
19.741291,2026-09-05T19:04:18.534+01:00,838116,1369669,130,130,True,True,0x04,"NO_IRQ,NO_IRQ,OK,RESYNC_NEEDED","NONE,NONE,DELTA,NONE",
19.744455,2026-09-05T19:04:18.535+01:00,838246,1369670,228,228,True,True,0x04,"NO_IRQ,NO_IRQ,OK,RESYNC_NEEDED","NONE,NONE,DELTA,NONE",
19.750346,2026-09-05T19:04:18.538+01:00,838474,1369671,244,244,True,True,0x04,"NO_IRQ,NO_IRQ,OK,RESYNC_NEEDED","NONE,NONE,DELTA,NONE",
19.759149,2026-09-05T19:04:18.544+01:00,838718,1369672,252,252,True,True,0x04,"NO_IRQ,NO_IRQ,OK,RESYNC_NEEDED","NONE,NONE,DELTA,NONE",
19.763559,2026-09-05T19:04:18.557+01:00,838970,1369673,126,126,True,True,0x04,"NO_IRQ,NO_IRQ,OK,RESYNC_NEEDED","NONE,NONE,DELTA,NONE",
19.764267,2026-09-05T19:04:18.557+01:00,839096,1369674,218,218,True,True,0x04,"NO_IRQ,NO_IRQ,OK,RESYNC_NEEDED","NONE,NONE,DELTA,NONE",
19.769492,2026-09-05T19:04:18.558+01:00,839314,1369675,232,232,True,True,0x04,"NO_IRQ,NO_IRQ,OK,RESYNC_NEEDED","NONE,NONE,DELTA,NONE",
19.774604,2026-09-05T19:04:18.563+01:00,839546,1369676,266,266,True,True,0x04,"NO_IRQ,NO_IRQ,OK,RESYNC_NEEDED","NONE,NONE,DELTA,NONE",
19.779581,2026-09-05T19:04:18.568+01:00,839812,1369677,132,132,True,True,0x04,"NO_IRQ,NO_IRQ,OK,RESYNC_NEEDED","NONE,NONE,DELTA,NONE",
19.784801,2026-09-05T19:04:18.575+01:00,839944,1369678,224,224,True,True,0x04,"NO_IRQ,NO_IRQ,OK,RESYNC_NEEDED","NONE,NONE,DELTA,NONE",
19.790363,2026-09-05T19:04:18.578+01:00,840168,1369679,232,232,True,True,0x04,"NO_IRQ,NO_IRQ,OK,RESYNC_NEEDED","NONE,NONE,DELTA,NONE",
19.795133,2026-09-05T19:04:18.584+01:00,840400,1369680,250,250,True,True,0x04,"NO_IRQ,NO_IRQ,OK,RESYNC_NEEDED","NONE,NONE,DELTA,NONE",
19.799200,2026-09-05T19:04:18.588+01:00,840650,1369681,126,126,True,True,0x04,"NO_IRQ,NO_IRQ,OK,RESYNC_NEEDED","NONE,NONE,DELTA,NONE",
19.804565,2026-09-05T19:04:18.593+01:00,840776,1369682,216,216,True,True,0x04,"NO_IRQ,NO_IRQ,OK,RESYNC_NEEDED","NONE,NONE,DELTA,NONE",
19.817724,2026-09-05T19:04:18.598+01:00,840992,1369683,228,228,True,True,0x04,"NO_IRQ,NO_IRQ,OK,RESYNC_NEEDED","NONE,NONE,DELTA,NONE",
19.818402,2026-09-05T19:04:18.611+01:00,841220,1369684,250,250,True,True,0x04,"NO_IRQ,NO_IRQ,OK,RESYNC_NEEDED","NONE,NONE,DELTA,NONE",
19.819000,2026-09-05T19:04:18.612+01:00,841470,1369685,132,132,True,True,0x04,"NO_IRQ,NO_IRQ,OK,RESYNC_NEEDED","NONE,NONE,DELTA,NONE",
19.834827,2026-09-05T19:04:18.613+01:00,841602,1369686,218,218,True,True,0x04,"NO_IRQ,NO_IRQ,OK,RESYNC_NEEDED","NONE,NONE,DELTA,NONE",
19.835585,2026-09-05T19:04:18.628+01:00,841820,1369687,224,224,True,True,0x04,"NO_IRQ,NO_IRQ,OK,RESYNC_NEEDED","NONE,NONE,DELTA,NONE",
19.836932,2026-09-05T19:04:18.629+01:00,842044,1369688,250,250,True,True,0x04,"NO_IRQ,NO_IRQ,OK,RESYNC_NEEDED","NONE,NONE,DELTA,NONE",
19.839465,2026-09-05T19:04:18.630+01:00,842294,1369689,126,126,True,True,0x04,"NO_IRQ,NO_IRQ,OK,RESYNC_NEEDED","NONE,NONE,DELTA,NONE",
19.844577,2026-09-05T19:04:18.633+01:00,842420,1369690,214,214,True,True,0x04,"NO_IRQ,NO_IRQ,OK,RESYNC_NEEDED","NONE,NONE,DELTA,NONE",
19.849413,2026-09-05T19:04:18.639+01:00,842634,1369691,236,236,True,True,0x04,"NO_IRQ,NO_IRQ,OK,RESYNC_NEEDED","NONE,NONE,DELTA,NONE",
19.860364,2026-09-05T19:04:18.643+01:00,842870,1369692,252,252,True,True,0x04,"NO_IRQ,NO_IRQ,OK,RESYNC_NEEDED","NONE,NONE,DELTA,NONE",
19.861289,2026-09-05T19:04:18.654+01:00,843122,1369693,126,126,True,True,0x04,"NO_IRQ,NO_IRQ,OK,RESYNC_NEEDED","NONE,NONE,DELTA,NONE",
19.864710,2026-09-05T19:04:18.655+01:00,843248,1369694,208,208,True,True,0x04,"NO_IRQ,NO_IRQ,OK,RESYNC_NEEDED","NONE,NONE,DELTA,NONE",
19.871039,2026-09-05T19:04:18.658+01:00,843456,1369695,238,238,True,True,0x04,"NO_IRQ,NO_IRQ,OK,RESYNC_NEEDED","NONE,NONE,DELTA,NONE",
19.875359,2026-09-05T19:04:18.665+01:00,843694,1369696,254,254,True,True,0x04,"NO_IRQ,NO_IRQ,OK,RESYNC_NEEDED","NONE,NONE,DELTA,NONE",
19.886439,2026-09-05T19:04:18.669+01:00,843948,1369697,126,126,True,True,0x04,"NO_IRQ,NO_IRQ,OK,RESYNC_NEEDED","NONE,NONE,DELTA,NONE",
19.887724,2026-09-05T19:04:18.680+01:00,844074,1369698,214,214,True,True,0x04,"NO_IRQ,NO_IRQ,OK,RESYNC_NEEDED","NONE,NONE,DELTA,NONE",
19.889460,2026-09-05T19:04:18.681+01:00,844288,1369699,226,226,True,True,0x04,"NO_IRQ,NO_IRQ,OK,RESYNC_NEEDED","NONE,NONE,DELTA,NONE",
19.894409,2026-09-05T19:04:18.683+01:00,844514,1369700,252,252,True,True,0x04,"NO_IRQ,NO_IRQ,OK,RESYNC_NEEDED","NONE,NONE,DELTA,NONE",
19.899292,2026-09-05T19:04:18.688+01:00,844766,1369701,124,124,True,True,0x04,"NO_IRQ,NO_IRQ,OK,RESYNC_NEEDED","NONE,NONE,DELTA,NONE",
19.909713,2026-09-05T19:04:18.693+01:00,844890,1369702,212,212,True,True,0x04,"NO_IRQ,NO_IRQ,OK,RESYNC_NEEDED","NONE,NONE,DELTA,NONE",
19.910693,2026-09-05T19:04:18.703+01:00,845102,1369703,232,232,True,True,0x04,"NO_IRQ,NO_IRQ,OK,RESYNC_NEEDED","NONE,NONE,DELTA,NONE",
19.914956,2026-09-05T19:04:18.704+01:00,845334,1369704,250,250,True,True,0x04,"NO_IRQ,NO_IRQ,OK,RESYNC_NEEDED","NONE,NONE,DELTA,NONE",
19.919220,2026-09-05T19:04:18.708+01:00,845584,1369705,128,128,True,True,0x04,"NO_IRQ,NO_IRQ,OK,RESYNC_NEEDED","NONE,NONE,DELTA,NONE",
19.924219,2026-09-05T19:04:18.713+01:00,845712,1369706,218,218,True,True,0x04,"NO_IRQ,NO_IRQ,OK,RESYNC_NEEDED","NONE,NONE,DELTA,NONE",
19.934418,2026-09-05T19:04:18.718+01:00,845930,1369707,224,224,True,True,0x04,"NO_IRQ,NO_IRQ,OK,RESYNC_NEEDED","NONE,NONE,DELTA,NONE",
19.936954,2026-09-05T19:04:18.728+01:00,846154,1369708,246,246,True,True,0x04,"NO_IRQ,NO_IRQ,OK,RESYNC_NEEDED","NONE,NONE,DELTA,NONE",
19.938937,2026-09-05T19:04:18.730+01:00,846400,1369709,124,124,True,True,0x04,"NO_IRQ,NO_IRQ,OK,RESYNC_NEEDED","NONE,NONE,DELTA,NONE",
19.944588,2026-09-05T19:04:18.732+01:00,846524,1369710,206,206,True,True,0x04,"NO_IRQ,NO_IRQ,OK,RESYNC_NEEDED","NONE,NONE,DELTA,NONE",
19.949386,2026-09-05T19:04:18.738+01:00,846730,1369711,234,234,True,True,0x04,"NO_IRQ,NO_IRQ,OK,RESYNC_NEEDED","NONE,NONE,DELTA,NONE",
19.960024,2026-09-05T19:04:18.743+01:00,846964,1369712,266,266,True,True,0x04,"NO_IRQ,NO_IRQ,OK,RESYNC_NEEDED","NONE,NONE,DELTA,NONE",
19.960946,2026-09-05T19:04:18.753+01:00,847230,1369713,128,128,True,True,0x04,"NO_IRQ,NO_IRQ,OK,RESYNC_NEEDED","NONE,NONE,DELTA,NONE",
19.964980,2026-09-05T19:04:18.754+01:00,847358,1369714,212,212,True,True,0x04,"NO_IRQ,NO_IRQ,OK,RESYNC_NEEDED","NONE,NONE,DELTA,NONE",
19.969495,2026-09-05T19:04:18.758+01:00,847570,1369715,230,230,True,True,0x04,"NO_IRQ,NO_IRQ,OK,RESYNC_NEEDED","NONE,NONE,DELTA,NONE",
19.974182,2026-09-05T19:04:18.763+01:00,847800,1369716,256,256,True,True,0x04,"NO_IRQ,NO_IRQ,OK,RESYNC_NEEDED","NONE,NONE,DELTA,NONE",
19.983232,2026-09-05T19:04:18.768+01:00,848056,1369717,124,124,True,True,0x04,"NO_IRQ,NO_IRQ,OK,RESYNC_NEEDED","NONE,NONE,DELTA,NONE",
19.984991,2026-09-05T19:04:18.777+01:00,848180,1369718,206,206,True,True,0x04,"NO_IRQ,NO_IRQ,OK,RESYNC_NEEDED","NONE,NONE,DELTA,NONE",
19.989546,2026-09-05T19:04:18.778+01:00,848386,1369719,242,242,True,True,0x04,"NO_IRQ,NO_IRQ,OK,RESYNC_NEEDED","NONE,NONE,DELTA,NONE",
19.994547,2026-09-05T19:04:18.783+01:00,848628,1369720,252,252,True,True,0x04,"NO_IRQ,NO_IRQ,OK,RESYNC_NEEDED","NONE,NONE,DELTA,NONE",
19.999758,2026-09-05T19:04:18.788+01:00,848880,1369721,128,128,True,True,0x04,"NO_IRQ,NO_IRQ,OK,RESYNC_NEEDED","NONE,NONE,DELTA,NONE",
20.008411,2026-09-05T19:04:18.793+01:00,849008,1369722,206,206,True,True,0x04,"NO_IRQ,NO_IRQ,OK,RESYNC_NEEDED","NONE,NONE,DELTA,NONE",
20.009297,2026-09-05T19:04:18.802+01:00,849214,1369723,248,248,True,True,0x04,"NO_IRQ,NO_IRQ,OK,RESYNC_NEEDED","NONE,NONE,DELTA,NONE",
20.014824,2026-09-05T19:04:18.803+01:00,849462,1369724,258,258,True,True,0x04,"NO_IRQ,NO_IRQ,OK,RESYNC_NEEDED","NONE,NONE,DELTA,NONE",
20.018893,2026-09-05T19:04:18.808+01:00,849720,1369725,134,134,True,True,0x04,"NO_IRQ,NO_IRQ,OK,RESYNC_NEEDED","NONE,NONE,DELTA,NONE",
20.023987,2026-09-05T19:04:18.812+01:00,849854,1369726,200,200,True,True,0x04,"NO_IRQ,NO_IRQ,OK,RESYNC_NEEDED","NONE,NONE,DELTA,NONE",
20.031408,2026-09-05T19:04:18.817+01:00,850054,1369727,224,224,True,True,0x04,"NO_IRQ,NO_IRQ,OK,RESYNC_NEEDED","NONE,NONE,DELTA,NONE",
20.034082,2026-09-05T19:04:18.825+01:00,850278,1369728,244,244,True,True,0x04,"NO_IRQ,NO_IRQ,OK,RESYNC_NEEDED","NONE,NONE,DELTA,NONE",
20.039033,2026-09-05T19:04:18.827+01:00,850522,1369729,130,130,True,True,0x04,"NO_IRQ,NO_IRQ,OK,RESYNC_NEEDED","NONE,NONE,DELTA,NONE",
20.043897,2026-09-05T19:04:18.832+01:00,850652,1369730,206,206,True,True,0x04,"NO_IRQ,NO_IRQ,OK,RESYNC_NEEDED","NONE,NONE,DELTA,NONE",
20.059163,2026-09-05T19:04:18.837+01:00,850858,1369731,242,242,True,True,0x04,"NO_IRQ,NO_IRQ,OK,RESYNC_NEEDED","NONE,NONE,DELTA,NONE",
20.063739,2026-09-05T19:04:18.854+01:00,851100,1369732,258,258,True,True,0x04,"NO_IRQ,NO_IRQ,OK,RESYNC_NEEDED","NONE,NONE,DELTA,NONE",
20.064959,2026-09-05T19:04:18.857+01:00,851358,1369733,136,136,True,True,0x04,"NO_IRQ,NO_IRQ,OK,RESYNC_NEEDED","NONE,NONE,DELTA,NONE",
20.065905,2026-09-05T19:04:18.858+01:00,851494,1369734,206,206,True,True,0x04,"NO_IRQ,NO_IRQ,OK,RESYNC_NEEDED","NONE,NONE,DELTA,NONE",
20.069471,2026-09-05T19:04:18.859+01:00,851700,1369735,234,234,True,True,0x04,"NO_IRQ,NO_IRQ,OK,RESYNC_NEEDED","NONE,NONE,DELTA,NONE",
20.074226,2026-09-05T19:04:18.864+01:00,851934,1369736,252,252,True,True,0x04,"NO_IRQ,NO_IRQ,OK,RESYNC_NEEDED","NONE,NONE,DELTA,NONE",
20.084801,2026-09-05T19:04:18.868+01:00,852186,1369737,130,130,True,True,0x04,"NO_IRQ,NO_IRQ,OK,RESYNC_NEEDED","NONE,NONE,DELTA,NONE",
20.085613,2026-09-05T19:04:18.878+01:00,852316,1369738,212,212,True,True,0x04,"NO_IRQ,NO_IRQ,OK,RESYNC_NEEDED","NONE,NONE,DELTA,NONE",
20.089199,2026-09-05T19:04:18.879+01:00,852528,1369739,248,248,True,True,0x04,"NO_IRQ,NO_IRQ,OK,RESYNC_NEEDED","NONE,NONE,DELTA,NONE",
20.094108,2026-09-05T19:04:18.883+01:00,852776,1369740,262,262,True,True,0x04,"NO_IRQ,NO_IRQ,OK,RESYNC_NEEDED","NONE,NONE,DELTA,NONE",
20.107436,2026-09-05T19:04:18.887+01:00,853038,1369741,136,136,True,True,0x04,"NO_IRQ,NO_IRQ,OK,RESYNC_NEEDED","NONE,NONE,DELTA,NONE",
20.108007,2026-09-05T19:04:18.901+01:00,853174,1369742,198,198,True,True,0x04,"NO_IRQ,NO_IRQ,OK,RESYNC_NEEDED","NONE,NONE,DELTA,NONE",
20.109378,2026-09-05T19:04:18.902+01:00,853372,1369743,242,242,True,True,0x04,"NO_IRQ,NO_IRQ,OK,RESYNC_NEEDED","NONE,NONE,DELTA,NONE",
20.114529,2026-09-05T19:04:18.903+01:00,853614,1369744,248,248,True,True,0x04,"NO_IRQ,NO_IRQ,OK,RESYNC_NEEDED","NONE,NONE,DELTA,NONE",
20.118981,2026-09-05T19:04:18.908+01:00,853862,1369745,134,134,True,True,0x04,"NO_IRQ,NO_IRQ,OK,RESYNC_NEEDED","NONE,NONE,DELTA,NONE",
20.128265,2026-09-05T19:04:18.912+01:00,853996,1369746,190,190,True,True,0x04,"NO_IRQ,NO_IRQ,OK,RESYNC_NEEDED","NONE,NONE,DELTA,NONE",
20.129188,2026-09-05T19:04:18.922+01:00,854186,1369747,238,238,True,True,0x04,"NO_IRQ,NO_IRQ,OK,RESYNC_NEEDED","NONE,NONE,DELTA,NONE",
20.134579,2026-09-05T19:04:18.922+01:00,854424,1369748,240,240,True,True,0x04,"NO_IRQ,NO_IRQ,OK,RESYNC_NEEDED","NONE,NONE,DELTA,NONE",
20.138838,2026-09-05T19:04:18.928+01:00,854664,1369749,134,134,True,True,0x04,"NO_IRQ,NO_IRQ,OK,RESYNC_NEEDED","NONE,NONE,DELTA,NONE",
20.146203,2026-09-05T19:04:18.932+01:00,854798,1369750,200,200,True,True,0x04,"NO_IRQ,NO_IRQ,OK,RESYNC_NEEDED","NONE,NONE,DELTA,NONE",
20.149642,2026-09-05T19:04:18.940+01:00,854998,1369751,234,234,True,True,0x04,"NO_IRQ,NO_IRQ,OK,RESYNC_NEEDED","NONE,NONE,DELTA,NONE",
20.154563,2026-09-05T19:04:18.943+01:00,855232,1369752,252,252,True,True,0x04,"NO_IRQ,NO_IRQ,OK,RESYNC_NEEDED","NONE,NONE,DELTA,NONE",
20.159120,2026-09-05T19:04:18.948+01:00,855484,1369753,136,136,True,True,0x04,"NO_IRQ,NO_IRQ,OK,RESYNC_NEEDED","NONE,NONE,DELTA,NONE",
20.173284,2026-09-05T19:04:18.952+01:00,855620,1369754,182,182,True,True,0x04,"NO_IRQ,NO_IRQ,OK,RESYNC_NEEDED","NONE,NONE,DELTA,NONE",
20.174269,2026-09-05T19:04:18.967+01:00,855802,1369755,236,236,True,True,0x04,"NO_IRQ,NO_IRQ,OK,RESYNC_NEEDED","NONE,NONE,DELTA,NONE",
20.175079,2026-09-05T19:04:18.968+01:00,856038,1369756,250,250,True,True,0x04,"NO_IRQ,NO_IRQ,OK,RESYNC_NEEDED","NONE,NONE,DELTA,NONE",
20.179311,2026-09-05T19:04:18.968+01:00,856288,1369757,138,138,True,True,0x04,"NO_IRQ,NO_IRQ,OK,RESYNC_NEEDED","NONE,NONE,DELTA,NONE",
20.184157,2026-09-05T19:04:18.973+01:00,856426,1369758,184,184,True,True,0x04,"NO_IRQ,NO_IRQ,OK,RESYNC_NEEDED","NONE,NONE,DELTA,NONE",
20.193929,2026-09-05T19:04:18.977+01:00,856610,1369759,244,244,True,True,0x04,"NO_IRQ,NO_IRQ,OK,RESYNC_NEEDED","NONE,NONE,DELTA,NONE",
20.194589,2026-09-05T19:04:18.987+01:00,856854,1369760,258,258,True,True,0x04,"NO_IRQ,NO_IRQ,OK,RESYNC_NEEDED","NONE,NONE,DELTA,NONE",
20.199324,2026-09-05T19:04:18.988+01:00,857112,1369761,138,138,True,True,0x04,"NO_IRQ,NO_IRQ,OK,RESYNC_NEEDED","NONE,NONE,DELTA,NONE",
20.203947,2026-09-05T19:04:18.993+01:00,857250,1369762,204,204,True,True,0x04,"NO_IRQ,NO_IRQ,OK,RESYNC_NEEDED","NONE,NONE,DELTA,NONE",
20.211628,2026-09-05T19:04:18.998+01:00,857454,1369763,240,240,True,True,0x04,"NO_IRQ,NO_IRQ,OK,RESYNC_NEEDED","NONE,NONE,DELTA,NONE",
20.215536,2026-09-05T19:04:19.005+01:00,857694,1369764,246,246,True,True,0x04,"NO_IRQ,NO_IRQ,OK,RESYNC_NEEDED","NONE,NONE,DELTA,NONE",
20.218766,2026-09-05T19:04:19.009+01:00,857940,1369765,142,142,True,True,0x04,"NO_IRQ,NO_IRQ,OK,RESYNC_NEEDED","NONE,NONE,DELTA,NONE",
20.225428,2026-09-05T19:04:19.012+01:00,858082,1369766,182,182,True,True,0x04,"NO_IRQ,NO_IRQ,OK,RESYNC_NEEDED","NONE,NONE,DELTA,NONE",
20.229678,2026-09-05T19:04:19.020+01:00,858264,1369767,240,240,True,True,0x04,"NO_IRQ,NO_IRQ,OK,RESYNC_NEEDED","NONE,NONE,DELTA,NONE",
20.235482,2026-09-05T19:04:19.023+01:00,858504,1369768,258,258,True,True,0x04,"NO_IRQ,NO_IRQ,OK,RESYNC_NEEDED","NONE,NONE,DELTA,NONE",
20.241227,2026-09-05T19:04:19.031+01:00,858762,1369769,140,140,True,True,0x04,"NO_IRQ,NO_IRQ,OK,RESYNC_NEEDED","NONE,NONE,DELTA,NONE",
20.244558,2026-09-05T19:04:19.035+01:00,858902,1369770,184,184,True,True,0x04,"NO_IRQ,NO_IRQ,OK,RESYNC_NEEDED","NONE,NONE,DELTA,NONE",
20.248846,2026-09-05T19:04:19.038+01:00,859086,1369771,250,250,True,True,0x04,"NO_IRQ,NO_IRQ,OK,RESYNC_NEEDED","NONE,NONE,DELTA,NONE",
20.254025,2026-09-05T19:04:19.042+01:00,859336,1369772,254,254,True,True,0x04,"NO_IRQ,NO_IRQ,OK,RESYNC_NEEDED","NONE,NONE,DELTA,NONE",
20.258883,2026-09-05T19:04:19.047+01:00,859590,1369773,144,144,True,True,0x04,"NO_IRQ,NO_IRQ,OK,RESYNC_NEEDED","NONE,NONE,DELTA,NONE",
20.263803,2026-09-05T19:04:19.052+01:00,859734,1369774,190,190,True,True,0x04,"NO_IRQ,NO_IRQ,OK,RESYNC_NEEDED","NONE,NONE,DELTA,NONE",
20.274464,2026-09-05T19:04:19.057+01:00,859924,1369775,238,238,True,True,0x04,"NO_IRQ,NO_IRQ,OK,RESYNC_NEEDED","NONE,NONE,DELTA,NONE",
20.274822,2026-09-05T19:04:19.068+01:00,860162,1369776,256,256,True,True,0x04,"NO_IRQ,NO_IRQ,OK,RESYNC_NEEDED","NONE,NONE,DELTA,NONE",
20.293022,2026-09-05T19:04:19.068+01:00,860418,1369777,148,148,True,True,0x04,"NO_IRQ,NO_IRQ,OK,RESYNC_NEEDED","NONE,NONE,DELTA,NONE",
20.294040,2026-09-05T19:04:19.086+01:00,860566,1369778,178,178,True,True,0x04,"NO_IRQ,NO_IRQ,OK,RESYNC_NEEDED","NONE,NONE,DELTA,NONE",
20.295276,2026-09-05T19:04:19.087+01:00,860744,1369779,244,244,True,True,0x04,"NO_IRQ,NO_IRQ,OK,RESYNC_NEEDED","NONE,NONE,DELTA,NONE",
20.296087,2026-09-05T19:04:19.089+01:00,860988,1369780,256,256,True,True,0x04,"NO_IRQ,NO_IRQ,OK,RESYNC_NEEDED","NONE,NONE,DELTA,NONE",
20.299092,2026-09-05T19:04:19.089+01:00,861244,1369781,150,150,True,True,0x04,"NO_IRQ,NO_IRQ,OK,RESYNC_NEEDED","NONE,NONE,DELTA,NONE",
20.304006,2026-09-05T19:04:19.092+01:00,861394,1369782,176,176,True,True,0x04,"NO_IRQ,NO_IRQ,OK,RESYNC_NEEDED","NONE,NONE,DELTA,NONE",
20.316558,2026-09-05T19:04:19.097+01:00,861570,1369783,240,240,True,True,0x04,"NO_IRQ,NO_IRQ,OK,RESYNC_NEEDED","NONE,NONE,DELTA,NONE",
20.317432,2026-09-05T19:04:19.110+01:00,861810,1369784,258,258,True,True,0x04,"NO_IRQ,NO_IRQ,OK,RESYNC_NEEDED","NONE,NONE,DELTA,NONE",
20.319339,2026-09-05T19:04:19.111+01:00,862068,1369785,142,142,True,True,0x04,"NO_IRQ,NO_IRQ,OK,RESYNC_NEEDED","NONE,NONE,DELTA,NONE",
20.324822,2026-09-05T19:04:19.113+01:00,862210,1369786,182,182,True,True,0x04,"NO_IRQ,NO_IRQ,OK,RESYNC_NEEDED","NONE,NONE,DELTA,NONE",
20.329517,2026-09-05T19:04:19.118+01:00,862392,1369787,248,248,True,True,0x04,"NO_IRQ,NO_IRQ,OK,RESYNC_NEEDED","NONE,NONE,DELTA,NONE",
20.333871,2026-09-05T19:04:19.123+01:00,862640,1369788,254,254,True,True,0x04,"NO_IRQ,NO_IRQ,OK,RESYNC_NEEDED","NONE,NONE,DELTA,NONE",
20.345081,2026-09-05T19:04:19.128+01:00,862894,1369789,144,144,True,True,0x04,"NO_IRQ,NO_IRQ,OK,RESYNC_NEEDED","NONE,NONE,DELTA,NONE",
20.346325,2026-09-05T19:04:19.139+01:00,863038,1369790,172,172,True,True,0x04,"NO_IRQ,NO_IRQ,OK,RESYNC_NEEDED","NONE,NONE,DELTA,NONE",
20.348914,2026-09-05T19:04:19.140+01:00,863210,1369791,250,250,True,True,0x04,"NO_IRQ,NO_IRQ,OK,RESYNC_NEEDED","NONE,NONE,DELTA,NONE",
20.353987,2026-09-05T19:04:19.143+01:00,863460,1369792,262,262,True,True,0x04,"NO_IRQ,NO_IRQ,OK,RESYNC_NEEDED","NONE,NONE,DELTA,NONE",
20.358659,2026-09-05T19:04:19.148+01:00,863722,1369793,154,154,True,True,0x04,"NO_IRQ,NO_IRQ,OK,RESYNC_NEEDED","NONE,NONE,DELTA,NONE",
20.373350,2026-09-05T19:04:19.152+01:00,863876,1369794,186,186,True,True,0x04,"NO_IRQ,NO_IRQ,OK,RESYNC_NEEDED","NONE,NONE,DELTA,NONE",
20.374629,2026-09-05T19:04:19.167+01:00,864062,1369795,246,246,True,True,0x04,"NO_IRQ,NO_IRQ,OK,RESYNC_NEEDED","NONE,NONE,DELTA,NONE",
20.375781,2026-09-05T19:04:19.168+01:00,864308,1369796,262,262,True,True,0x04,"NO_IRQ,NO_IRQ,OK,RESYNC_NEEDED","NONE,NONE,DELTA,NONE",
20.378822,2026-09-05T19:04:19.169+01:00,864570,1369797,148,148,True,True,0x04,"NO_IRQ,NO_IRQ,OK,RESYNC_NEEDED","NONE,NONE,DELTA,NONE",
20.383852,2026-09-05T19:04:19.172+01:00,864718,1369798,178,178,True,True,0x04,"NO_IRQ,NO_IRQ,OK,RESYNC_NEEDED","NONE,NONE,DELTA,NONE",
20.397729,2026-09-05T19:04:19.177+01:00,864896,1369799,254,254,True,True,0x04,"NO_IRQ,NO_IRQ,OK,RESYNC_NEEDED","NONE,NONE,DELTA,NONE",
20.398904,2026-09-05T19:04:19.191+01:00,865150,1369800,258,258,True,True,0x04,"NO_IRQ,NO_IRQ,OK,RESYNC_NEEDED","NONE,NONE,DELTA,NONE",
20.399879,2026-09-05T19:04:19.193+01:00,865408,1369801,148,148,True,True,0x04,"NO_IRQ,NO_IRQ,OK,RESYNC_NEEDED","NONE,NONE,DELTA,NONE",
20.403888,2026-09-05T19:04:19.193+01:00,865556,1369802,170,170,True,True,0x04,"NO_IRQ,NO_IRQ,OK,RESYNC_NEEDED","NONE,NONE,DELTA,NONE",
20.409069,2026-09-05T19:04:19.197+01:00,865726,1369803,238,238,True,True,0x04,"NO_IRQ,NO_IRQ,OK,RESYNC_NEEDED","NONE,NONE,DELTA,NONE",
20.420494,2026-09-05T19:04:19.203+01:00,865964,1369804,256,256,True,True,0x04,"NO_IRQ,NO_IRQ,OK,RESYNC_NEEDED","NONE,NONE,DELTA,NONE",
20.421632,2026-09-05T19:04:19.214+01:00,866220,1369805,152,152,True,True,0x04,"NO_IRQ,NO_IRQ,OK,RESYNC_NEEDED","NONE,NONE,DELTA,NONE",
20.424153,2026-09-05T19:04:19.215+01:00,866372,1369806,166,166,True,True,0x04,"NO_IRQ,NO_IRQ,OK,RESYNC_NEEDED","NONE,NONE,DELTA,NONE",
20.428763,2026-09-05T19:04:19.218+01:00,866538,1369807,250,250,True,True,0x04,"NO_IRQ,NO_IRQ,OK,RESYNC_NEEDED","NONE,NONE,DELTA,NONE",
20.433787,2026-09-05T19:04:19.222+01:00,866788,1369808,272,272,True,True,0x04,"NO_IRQ,NO_IRQ,OK,RESYNC_NEEDED","NONE,NONE,DELTA,NONE",
20.444570,2026-09-05T19:04:19.227+01:00,867060,1369809,152,152,True,True,0x04,"NO_IRQ,NO_IRQ,OK,RESYNC_NEEDED","NONE,NONE,DELTA,NONE",
20.446108,2026-09-05T19:04:19.238+01:00,867212,1369810,164,164,True,True,0x04,"NO_IRQ,NO_IRQ,OK,RESYNC_NEEDED","NONE,NONE,DELTA,NONE",
20.449003,2026-09-05T19:04:19.239+01:00,867376,1369811,246,246,True,True,0x04,"NO_IRQ,NO_IRQ,OK,RESYNC_NEEDED","NONE,NONE,DELTA,NONE",
20.454296,2026-09-05T19:04:19.242+01:00,867622,1369812,258,258,True,True,0x04,"NO_IRQ,NO_IRQ,OK,RESYNC_NEEDED","NONE,NONE,DELTA,NONE",
20.458899,2026-09-05T19:04:19.248+01:00,867880,1369813,146,146,True,True,0x04,"NO_IRQ,NO_IRQ,OK,RESYNC_NEEDED","NONE,NONE,DELTA,NONE",
20.474334,2026-09-05T19:04:19.252+01:00,868026,1369814,170,170,True,True,0x04,"NO_IRQ,NO_IRQ,OK,RESYNC_NEEDED","NONE,NONE,DELTA,NONE",
20.475539,2026-09-05T19:04:19.268+01:00,868196,1369815,258,258,True,True,0x04,"NO_IRQ,NO_IRQ,OK,RESYNC_NEEDED","NONE,NONE,DELTA,NONE",
20.476601,2026-09-05T19:04:19.269+01:00,868454,1369816,264,264,True,True,0x04,"NO_IRQ,NO_IRQ,OK,RESYNC_NEEDED","NONE,NONE,DELTA,NONE",
20.478888,2026-09-05T19:04:19.270+01:00,868718,1369817,150,150,True,True,0x04,"NO_IRQ,NO_IRQ,OK,RESYNC_NEEDED","NONE,NONE,DELTA,NONE",
20.484392,2026-09-05T19:04:19.273+01:00,868868,1369818,164,164,True,True,0x04,"NO_IRQ,NO_IRQ,OK,RESYNC_NEEDED","NONE,NONE,DELTA,NONE",
20.488722,2026-09-05T19:04:19.278+01:00,869032,1369819,250,250,True,True,0x04,"NO_IRQ,NO_IRQ,OK,RESYNC_NEEDED","NONE,NONE,DELTA,NONE",
20.494755,2026-09-05T19:04:19.282+01:00,869282,1369820,254,254,True,True,0x04,"NO_IRQ,NO_IRQ,OK,RESYNC_NEEDED","NONE,NONE,DELTA,NONE",
20.498619,2026-09-05T19:04:19.288+01:00,869536,1369821,152,152,True,True,0x04,"NO_IRQ,NO_IRQ,OK,RESYNC_NEEDED","NONE,NONE,DELTA,NONE",
20.503471,2026-09-05T19:04:19.292+01:00,869688,1369822,166,166,True,True,0x04,"NO_IRQ,NO_IRQ,OK,RESYNC_NEEDED","NONE,NONE,DELTA,NONE",
20.508494,2026-09-05T19:04:19.297+01:00,869854,1369823,242,242,True,True,0x04,"NO_IRQ,NO_IRQ,OK,RESYNC_NEEDED","NONE,NONE,DELTA,NONE",
20.520404,2026-09-05T19:04:19.302+01:00,870096,1369824,258,258,True,True,0x04,"NO_IRQ,NO_IRQ,OK,RESYNC_NEEDED","NONE,NONE,DELTA,NONE",
20.521246,2026-09-05T19:04:19.314+01:00,870354,1369825,160,160,True,True,0x04,"NO_IRQ,NO_IRQ,OK,RESYNC_NEEDED","NONE,NONE,DELTA,NONE",
20.523940,2026-09-05T19:04:19.315+01:00,870514,1369826,160,160,True,True,0x04,"NO_IRQ,NO_IRQ,OK,RESYNC_NEEDED","NONE,NONE,DELTA,NONE",
20.529115,2026-09-05T19:04:19.317+01:00,870674,1369827,244,244,True,True,0x04,"NO_IRQ,NO_IRQ,OK,RESYNC_NEEDED","NONE,NONE,DELTA,NONE",
20.539039,2026-09-05T19:04:19.323+01:00,870918,1369828,252,252,True,True,0x04,"NO_IRQ,NO_IRQ,OK,RESYNC_NEEDED","NONE,NONE,DELTA,NONE",
20.540076,2026-09-05T19:04:19.333+01:00,871170,1369829,160,160,True,True,0x04,"NO_IRQ,NO_IRQ,OK,RESYNC_NEEDED","NONE,NONE,DELTA,NONE",
20.543863,2026-09-05T19:04:19.333+01:00,871330,1369830,166,166,True,True,0x04,"NO_IRQ,NO_IRQ,OK,RESYNC_NEEDED","NONE,NONE,DELTA,NONE",
20.548654,2026-09-05T19:04:19.337+01:00,871496,1369831,244,244,True,True,0x04,"NO_IRQ,NO_IRQ,OK,RESYNC_NEEDED","NONE,NONE,DELTA,NONE",
20.556555,2026-09-05T19:04:19.342+01:00,871740,1369832,250,250,True,True,0x04,"NO_IRQ,NO_IRQ,OK,RESYNC_NEEDED","NONE,NONE,DELTA,NONE",
20.558518,2026-09-05T19:04:19.350+01:00,871990,1369833,156,156,True,True,0x04,"NO_IRQ,NO_IRQ,OK,RESYNC_NEEDED","NONE,NONE,DELTA,NONE",
20.563571,2026-09-05T19:04:19.352+01:00,872146,1369834,156,156,True,True,0x04,"NO_IRQ,NO_IRQ,OK,RESYNC_NEEDED","NONE,NONE,DELTA,NONE",
20.569918,2026-09-05T19:04:19.357+01:00,872302,1369835,1084,1084,True,True,0x04,"NO_IRQ,NO_IRQ,OK,RESYNC_NEEDED","NONE,NONE,DELTA_SYNC,NONE",
20.580638,2026-09-05T19:04:19.363+01:00,873386,1369836,260,260,True,True,0x04,"NO_IRQ,NO_IRQ,OK,RESYNC_NEEDED","NONE,NONE,DELTA,NONE",
20.581672,2026-09-05T19:04:19.374+01:00,873646,1369837,166,166,True,True,0x04,"NO_IRQ,NO_IRQ,OK,RESYNC_NEEDED","NONE,NONE,DELTA,NONE",
20.583642,2026-09-05T19:04:19.375+01:00,873812,1369838,168,168,True,True,0x04,"NO_IRQ,NO_IRQ,OK,RESYNC_NEEDED","NONE,NONE,DELTA,NONE",
20.588775,2026-09-05T19:04:19.377+01:00,873980,1369839,252,252,True,True,0x04,"NO_IRQ,NO_IRQ,OK,RESYNC_NEEDED","NONE,NONE,DELTA,NONE",
20.593895,2026-09-05T19:04:19.382+01:00,874232,1369840,260,260,True,True,0x04,"NO_IRQ,NO_IRQ,OK,RESYNC_NEEDED","NONE,NONE,DELTA,NONE",
20.601262,2026-09-05T19:04:19.387+01:00,874492,1369841,158,158,True,True,0x04,"NO_IRQ,NO_IRQ,OK,RESYNC_NEEDED","NONE,NONE,DELTA,NONE",
20.604197,2026-09-05T19:04:19.395+01:00,874650,1369842,168,168,True,True,0x04,"NO_IRQ,NO_IRQ,OK,RESYNC_NEEDED","NONE,NONE,DELTA,NONE",
20.608777,2026-09-05T19:04:19.398+01:00,874818,1369843,250,250,True,True,0x04,"NO_IRQ,NO_IRQ,OK,RESYNC_NEEDED","NONE,NONE,DELTA,NONE",
20.619483,2026-09-05T19:04:19.402+01:00,875068,1369844,260,260,True,True,0x04,"NO_IRQ,NO_IRQ,OK,RESYNC_NEEDED","NONE,NONE,DELTA,NONE",
20.620807,2026-09-05T19:04:19.413+01:00,875328,1369845,156,156,True,True,0x04,"NO_IRQ,NO_IRQ,OK,RESYNC_NEEDED","NONE,NONE,DELTA,NONE",
20.624093,2026-09-05T19:04:19.414+01:00,875484,1369846,162,162,True,True,0x04,"NO_IRQ,NO_IRQ,OK,RESYNC_NEEDED","NONE,NONE,DELTA,NONE",
20.628698,2026-09-05T19:04:19.417+01:00,875646,1369847,252,252,True,True,0x04,"NO_IRQ,NO_IRQ,OK,RESYNC_NEEDED","NONE,NONE,DELTA,NONE",
20.638414,2026-09-05T19:04:19.422+01:00,875898,1369848,258,258,True,True,0x04,"NO_IRQ,NO_IRQ,OK,RESYNC_NEEDED","NONE,NONE,DELTA,NONE",
20.639400,2026-09-05T19:04:19.432+01:00,876156,1369849,160,160,True,True,0x04,"NO_IRQ,NO_IRQ,OK,RESYNC_NEEDED","NONE,NONE,DELTA,NONE",
20.643619,2026-09-05T19:04:19.433+01:00,876316,1369850,166,166,True,True,0x04,"NO_IRQ,NO_IRQ,OK,RESYNC_NEEDED","NONE,NONE,DELTA,NONE",
20.648638,2026-09-05T19:04:19.437+01:00,876482,1369851,262,262,True,True,0x04,"NO_IRQ,NO_IRQ,OK,RESYNC_NEEDED","NONE,NONE,DELTA,NONE",
20.659280,2026-09-05T19:04:19.442+01:00,876744,1369852,260,260,True,True,0x04,"NO_IRQ,NO_IRQ,OK,RESYNC_NEEDED","NONE,NONE,DELTA,NONE",
20.660085,2026-09-05T19:04:19.453+01:00,877004,1369853,154,154,True,True,0x04,"NO_IRQ,NO_IRQ,OK,RESYNC_NEEDED","NONE,NONE,DELTA,NONE",
20.663840,2026-09-05T19:04:19.453+01:00,877158,1369854,174,174,True,True,0x04,"NO_IRQ,NO_IRQ,OK,RESYNC_NEEDED","NONE,NONE,DELTA,NONE",
20.668659,2026-09-05T19:04:19.457+01:00,877332,1369855,250,250,True,True,0x04,"NO_IRQ,NO_IRQ,OK,RESYNC_NEEDED","NONE,NONE,DELTA,NONE",
20.675806,2026-09-05T19:04:19.462+01:00,877582,1369856,260,260,True,True,0x04,"NO_IRQ,NO_IRQ,OK,RESYNC_NEEDED","NONE,NONE,DELTA,NONE",
20.680073,2026-09-05T19:04:19.470+01:00,877842,1369857,160,160,True,True,0x04,"NO_IRQ,NO_IRQ,OK,RESYNC_NEEDED","NONE,NONE,DELTA,NONE",
20.683858,2026-09-05T19:04:19.473+01:00,878002,1369858,166,166,True,True,0x04,"NO_IRQ,NO_IRQ,OK,RESYNC_NEEDED","NONE,NONE,DELTA,NONE",
20.688381,2026-09-05T19:04:19.477+01:00,878168,1369859,250,250,True,True,0x04,"NO_IRQ,NO_IRQ,OK,RESYNC_NEEDED","NONE,NONE,DELTA,NONE",
20.693376,2026-09-05T19:04:19.482+01:00,878418,1369860,252,252,True,True,0x04,"NO_IRQ,NO_IRQ,OK,RESYNC_NEEDED","NONE,NONE,DELTA,NONE",
20.704984,2026-09-05T19:04:19.487+01:00,878670,1369861,168,168,True,True,0x04,"NO_IRQ,NO_IRQ,OK,RESYNC_NEEDED","NONE,NONE,DELTA,NONE",
20.705367,2026-09-05T19:04:19.498+01:00,878838,1369862,156,156,True,True,0x04,"NO_IRQ,NO_IRQ,OK,RESYNC_NEEDED","NONE,NONE,DELTA,NONE",
20.720086,2026-09-05T19:04:19.499+01:00,878994,1369863,246,246,True,True,0x04,"NO_IRQ,NO_IRQ,OK,RESYNC_NEEDED","NONE,NONE,DELTA,NONE",
20.721487,2026-09-05T19:04:19.513+01:00,879240,1369864,250,250,True,True,0x04,"NO_IRQ,NO_IRQ,OK,RESYNC_NEEDED","NONE,NONE,DELTA,NONE",
20.722749,2026-09-05T19:04:19.515+01:00,879490,1369865,166,166,True,True,0x04,"NO_IRQ,NO_IRQ,OK,RESYNC_NEEDED","NONE,NONE,DELTA,NONE",
20.723841,2026-09-05T19:04:19.516+01:00,879656,1369866,164,164,True,True,0x04,"NO_IRQ,NO_IRQ,OK,RESYNC_NEEDED","NONE,NONE,DELTA,NONE",
20.729465,2026-09-05T19:04:19.517+01:00,879820,1369867,244,244,True,True,0x04,"NO_IRQ,NO_IRQ,OK,RESYNC_NEEDED","NONE,NONE,DELTA,NONE",
20.733643,2026-09-05T19:04:19.523+01:00,880064,1369868,250,250,True,True,0x04,"NO_IRQ,NO_IRQ,OK,RESYNC_NEEDED","NONE,NONE,DELTA,NONE",
20.743369,2026-09-05T19:04:19.527+01:00,880314,1369869,166,166,True,True,0x04,"NO_IRQ,NO_IRQ,OK,RESYNC_NEEDED","NONE,NONE,DELTA,NONE",
20.744078,2026-09-05T19:04:19.537+01:00,880480,1369870,168,168,True,True,0x04,"NO_IRQ,NO_IRQ,OK,RESYNC_NEEDED","NONE,NONE,DELTA,NONE",
20.748459,2026-09-05T19:04:19.537+01:00,880648,1369871,238,238,True,True,0x04,"NO_IRQ,NO_IRQ,OK,RESYNC_NEEDED","NONE,NONE,DELTA,NONE",
20.753598,2026-09-05T19:04:19.542+01:00,880886,1369872,248,248,True,True,0x04,"NO_IRQ,NO_IRQ,OK,RESYNC_NEEDED","NONE,NONE,DELTA,NONE",
20.764340,2026-09-05T19:04:19.547+01:00,881134,1369873,168,168,True,True,0x04,"NO_IRQ,NO_IRQ,OK,RESYNC_NEEDED","NONE,NONE,DELTA,NONE",
20.764901,2026-09-05T19:04:19.558+01:00,881302,1369874,152,152,True,True,0x04,"NO_IRQ,NO_IRQ,OK,RESYNC_NEEDED","NONE,NONE,DELTA,NONE",
20.768626,2026-09-05T19:04:19.558+01:00,881454,1369875,252,252,True,True,0x04,"NO_IRQ,NO_IRQ,OK,RESYNC_NEEDED","NONE,NONE,DELTA,NONE",
20.773919,2026-09-05T19:04:19.562+01:00,881706,1369876,250,250,True,True,0x04,"NO_IRQ,NO_IRQ,OK,RESYNC_NEEDED","NONE,NONE,DELTA,NONE",
20.785039,2026-09-05T19:04:19.567+01:00,881956,1369877,170,170,True,True,0x04,"NO_IRQ,NO_IRQ,OK,RESYNC_NEEDED","NONE,NONE,DELTA,NONE",
20.785880,2026-09-05T19:04:19.578+01:00,882126,1369878,150,150,True,True,0x04,"NO_IRQ,NO_IRQ,OK,RESYNC_NEEDED","NONE,NONE,DELTA,NONE",
20.788682,2026-09-05T19:04:19.579+01:00,882276,1369879,240,240,True,True,0x04,"NO_IRQ,NO_IRQ,OK,RESYNC_NEEDED","NONE,NONE,DELTA,NONE",
20.793763,2026-09-05T19:04:19.582+01:00,882516,1369880,258,258,True,True,0x04,"NO_IRQ,NO_IRQ,OK,RESYNC_NEEDED","NONE,NONE,DELTA,NONE",
20.798342,2026-09-05T19:04:19.587+01:00,882774,1369881,178,178,True,True,0x04,"NO_IRQ,NO_IRQ,OK,RESYNC_NEEDED","NONE,NONE,DELTA,NONE",
20.808251,2026-09-05T19:04:19.592+01:00,882952,1369882,156,156,True,True,0x04,"NO_IRQ,NO_IRQ,OK,RESYNC_NEEDED","NONE,NONE,DELTA,NONE",
20.809658,2026-09-05T19:04:19.602+01:00,883108,1369883,258,258,True,True,0x04,"NO_IRQ,NO_IRQ,OK,RESYNC_NEEDED","NONE,NONE,DELTA,NONE",
20.813788,2026-09-05T19:04:19.603+01:00,883366,1369884,244,244,True,True,0x04,"NO_IRQ,NO_IRQ,OK,RESYNC_NEEDED","NONE,NONE,DELTA,NONE",
20.819651,2026-09-05T19:04:19.607+01:00,883610,1369885,170,170,True,True,0x04,"NO_IRQ,NO_IRQ,OK,RESYNC_NEEDED","NONE,NONE,DELTA,NONE",
20.823519,2026-09-05T19:04:19.614+01:00,883780,1369886,154,154,True,True,0x04,"NO_IRQ,NO_IRQ,OK,RESYNC_NEEDED","NONE,NONE,DELTA,NONE",
20.828596,2026-09-05T19:04:19.617+01:00,883934,1369887,242,242,True,True,0x04,"NO_IRQ,NO_IRQ,OK,RESYNC_NEEDED","NONE,NONE,DELTA,NONE",
20.839011,2026-09-05T19:04:19.622+01:00,884176,1369888,248,248,True,True,0x04,"NO_IRQ,NO_IRQ,OK,RESYNC_NEEDED","NONE,NONE,DELTA,NONE",
20.839815,2026-09-05T19:04:19.632+01:00,884424,1369889,174,174,True,True,0x04,"NO_IRQ,NO_IRQ,OK,RESYNC_NEEDED","NONE,NONE,DELTA,NONE",
20.843402,2026-09-05T19:04:19.633+01:00,884598,1369890,152,152,True,True,0x04,"NO_IRQ,NO_IRQ,OK,RESYNC_NEEDED","NONE,NONE,DELTA,NONE",
20.848682,2026-09-05T19:04:19.637+01:00,884750,1369891,250,250,True,True,0x04,"NO_IRQ,NO_IRQ,OK,RESYNC_NEEDED","NONE,NONE,DELTA,NONE",
20.861039,2026-09-05T19:04:19.642+01:00,885000,1369892,246,246,True,True,0x04,"NO_IRQ,NO_IRQ,OK,RESYNC_NEEDED","NONE,NONE,DELTA,NONE",
20.861861,2026-09-05T19:04:19.654+01:00,885246,1369893,180,180,True,True,0x04,"NO_IRQ,NO_IRQ,OK,RESYNC_NEEDED","NONE,NONE,DELTA,NONE",
20.863886,2026-09-05T19:04:19.655+01:00,885426,1369894,148,148,True,True,0x04,"NO_IRQ,NO_IRQ,OK,RESYNC_NEEDED","NONE,NONE,DELTA,NONE",
20.868478,2026-09-05T19:04:19.657+01:00,885574,1369895,246,246,True,True,0x04,"NO_IRQ,NO_IRQ,OK,RESYNC_NEEDED","NONE,NONE,DELTA,NONE",
20.874095,2026-09-05T19:04:19.662+01:00,885820,1369896,242,242,True,True,0x04,"NO_IRQ,NO_IRQ,OK,RESYNC_NEEDED","NONE,NONE,DELTA,NONE",
20.884910,2026-09-05T19:04:19.667+01:00,886062,1369897,180,180,True,True,0x04,"NO_IRQ,NO_IRQ,OK,RESYNC_NEEDED","NONE,NONE,DELTA,NONE",
20.885851,2026-09-05T19:04:19.678+01:00,886242,1369898,150,150,True,True,0x04,"NO_IRQ,NO_IRQ,OK,RESYNC_NEEDED","NONE,NONE,DELTA,NONE",
20.888905,2026-09-05T19:04:19.679+01:00,886392,1369899,250,250,True,True,0x04,"NO_IRQ,NO_IRQ,OK,RESYNC_NEEDED","NONE,NONE,DELTA,NONE",
20.893370,2026-09-05T19:04:19.682+01:00,886642,1369900,246,246,True,True,0x04,"NO_IRQ,NO_IRQ,OK,RESYNC_NEEDED","NONE,NONE,DELTA,NONE",
20.898180,2026-09-05T19:04:19.687+01:00,886888,1369901,176,176,True,True,0x04,"NO_IRQ,NO_IRQ,OK,RESYNC_NEEDED","NONE,NONE,DELTA,NONE",
20.903513,2026-09-05T19:04:19.692+01:00,887064,1369902,146,146,True,True,0x04,"NO_IRQ,NO_IRQ,OK,RESYNC_NEEDED","NONE,NONE,DELTA,NONE",
20.908390,2026-09-05T19:04:19.697+01:00,887210,1369903,240,240,True,True,0x04,"NO_IRQ,NO_IRQ,OK,RESYNC_NEEDED","NONE,NONE,DELTA,NONE",
20.913583,2026-09-05T19:04:19.702+01:00,887450,1369904,234,234,True,True,0x04,"NO_IRQ,NO_IRQ,OK,RESYNC_NEEDED","NONE,NONE,DELTA,NONE",
20.918456,2026-09-05T19:04:19.707+01:00,887684,1369905,176,176,True,True,0x04,"NO_IRQ,NO_IRQ,OK,RESYNC_NEEDED","NONE,NONE,DELTA,NONE",
20.923273,2026-09-05T19:04:19.712+01:00,887860,1369906,152,152,True,True,0x04,"NO_IRQ,NO_IRQ,OK,RESYNC_NEEDED","NONE,NONE,DELTA,NONE",
20.928421,2026-09-05T19:04:19.717+01:00,888012,1369907,246,246,True,True,0x04,"NO_IRQ,NO_IRQ,OK,RESYNC_NEEDED","NONE,NONE,DELTA,NONE",
20.942114,2026-09-05T19:04:19.722+01:00,888258,1369908,250,250,True,True,0x04,"NO_IRQ,NO_IRQ,OK,RESYNC_NEEDED","NONE,NONE,DELTA,NONE",
20.950297,2026-09-05T19:04:19.743+01:00,888508,1369909,184,184,True,True,0x04,"NO_IRQ,NO_IRQ,OK,RESYNC_NEEDED","NONE,NONE,DELTA,NONE",
20.950961,2026-09-05T19:04:19.744+01:00,888692,1369910,156,156,True,True,0x04,"NO_IRQ,NO_IRQ,OK,RESYNC_NEEDED","NONE,NONE,DELTA,NONE",
20.951966,2026-09-05T19:04:19.744+01:00,888848,1369911,236,236,True,True,0x04,"NO_IRQ,NO_IRQ,OK,RESYNC_NEEDED","NONE,NONE,DELTA,NONE",
20.953603,2026-09-05T19:04:19.745+01:00,889084,1369912,236,236,True,True,0x04,"NO_IRQ,NO_IRQ,OK,RESYNC_NEEDED","NONE,NONE,DELTA,NONE",
20.958629,2026-09-05T19:04:19.747+01:00,889320,1369913,188,188,True,True,0x04,"NO_IRQ,NO_IRQ,OK,RESYNC_NEEDED","NONE,NONE,DELTA,NONE",
20.963617,2026-09-05T19:04:19.752+01:00,889508,1369914,152,152,True,True,0x04,"NO_IRQ,NO_IRQ,OK,RESYNC_NEEDED","NONE,NONE,DELTA,NONE",
20.971054,2026-09-05T19:04:19.757+01:00,889660,1369915,248,248,True,True,0x04,"NO_IRQ,NO_IRQ,OK,RESYNC_NEEDED","NONE,NONE,DELTA,NONE",
20.973317,2026-09-05T19:04:19.764+01:00,889908,1369916,244,244,True,True,0x04,"NO_IRQ,NO_IRQ,OK,RESYNC_NEEDED","NONE,NONE,DELTA,NONE",
20.979015,2026-09-05T19:04:19.767+01:00,890152,1369917,176,176,True,True,0x04,"NO_IRQ,NO_IRQ,OK,RESYNC_NEEDED","NONE,NONE,DELTA,NONE",
20.983649,2026-09-05T19:04:19.772+01:00,890328,1369918,146,146,True,True,0x04,"NO_IRQ,NO_IRQ,OK,RESYNC_NEEDED","NONE,NONE,DELTA,NONE",
20.988464,2026-09-05T19:04:19.777+01:00,890474,1369919,240,240,True,True,0x04,"NO_IRQ,NO_IRQ,OK,RESYNC_NEEDED","NONE,NONE,DELTA,NONE",
20.998735,2026-09-05T19:04:19.782+01:00,890714,1369920,230,230,True,True,0x04,"NO_IRQ,NO_IRQ,OK,RESYNC_NEEDED","NONE,NONE,DELTA,NONE",
20.999790,2026-09-05T19:04:19.792+01:00,890944,1369921,190,190,True,True,0x04,"NO_IRQ,NO_IRQ,OK,RESYNC_NEEDED","NONE,NONE,DELTA,NONE",
21.003338,2026-09-05T19:04:19.793+01:00,891134,1369922,146,146,True,True,0x04,"NO_IRQ,NO_IRQ,OK,RESYNC_NEEDED","NONE,NONE,DELTA,NONE",
21.008434,2026-09-05T19:04:19.797+01:00,891280,1369923,248,248,True,True,0x04,"NO_IRQ,NO_IRQ,OK,RESYNC_NEEDED","NONE,NONE,DELTA,NONE",
21.013319,2026-09-05T19:04:19.802+01:00,891528,1369924,226,226,True,True,0x04,"NO_IRQ,NO_IRQ,OK,RESYNC_NEEDED","NONE,NONE,DELTA,NONE",
21.030344,2026-09-05T19:04:19.807+01:00,891754,1369925,186,186,True,True,0x04,"NO_IRQ,NO_IRQ,OK,RESYNC_NEEDED","NONE,NONE,DELTA,NONE",
21.031459,2026-09-05T19:04:19.824+01:00,891940,1369926,152,152,True,True,0x04,"NO_IRQ,NO_IRQ,OK,RESYNC_NEEDED","NONE,NONE,DELTA,NONE",
21.032519,2026-09-05T19:04:19.825+01:00,892092,1369927,248,248,True,True,0x04,"NO_IRQ,NO_IRQ,OK,RESYNC_NEEDED","NONE,NONE,DELTA,NONE",
21.033735,2026-09-05T19:04:19.826+01:00,892340,1369928,242,242,True,True,0x04,"NO_IRQ,NO_IRQ,OK,RESYNC_NEEDED","NONE,NONE,DELTA,NONE",
21.038211,2026-09-05T19:04:19.827+01:00,892582,1369929,188,188,True,True,0x04,"NO_IRQ,NO_IRQ,OK,RESYNC_NEEDED","NONE,NONE,DELTA,NONE",
21.043306,2026-09-05T19:04:19.832+01:00,892770,1369930,144,144,True,True,0x04,"NO_IRQ,NO_IRQ,OK,RESYNC_NEEDED","NONE,NONE,DELTA,NONE",
21.054434,2026-09-05T19:04:19.837+01:00,892914,1369931,256,256,True,True,0x04,"NO_IRQ,NO_IRQ,OK,RESYNC_NEEDED","NONE,NONE,DELTA,NONE",
21.055475,2026-09-05T19:04:19.848+01:00,893170,1369932,236,236,True,True,0x04,"NO_IRQ,NO_IRQ,OK,RESYNC_NEEDED","NONE,NONE,DELTA,NONE",
21.058279,2026-09-05T19:04:19.849+01:00,893406,1369933,194,194,True,True,0x04,"NO_IRQ,NO_IRQ,OK,RESYNC_NEEDED","NONE,NONE,DELTA,NONE",
21.063167,2026-09-05T19:04:19.852+01:00,893600,1369934,142,142,True,True,0x04,"NO_IRQ,NO_IRQ,OK,RESYNC_NEEDED","NONE,NONE,DELTA,NONE",
21.068822,2026-09-05T19:04:19.857+01:00,893742,1369935,246,246,True,True,0x04,"NO_IRQ,NO_IRQ,OK,RESYNC_NEEDED","NONE,NONE,DELTA,NONE",
21.081712,2026-09-05T19:04:19.862+01:00,893988,1369936,232,232,True,True,0x04,"NO_IRQ,NO_IRQ,OK,RESYNC_NEEDED","NONE,NONE,DELTA,NONE",
21.082933,2026-09-05T19:04:19.875+01:00,894220,1369937,188,188,True,True,0x04,"NO_IRQ,NO_IRQ,OK,RESYNC_NEEDED","NONE,NONE,DELTA,NONE",
21.083766,2026-09-05T19:04:19.876+01:00,894408,1369938,140,140,True,True,0x04,"NO_IRQ,NO_IRQ,OK,RESYNC_NEEDED","NONE,NONE,DELTA,NONE",
21.088397,2026-09-05T19:04:19.877+01:00,894548,1369939,240,240,True,True,0x04,"NO_IRQ,NO_IRQ,OK,RESYNC_NEEDED","NONE,NONE,DELTA,NONE",
21.093147,2026-09-05T19:04:19.882+01:00,894788,1369940,230,230,True,True,0x04,"NO_IRQ,NO_IRQ,OK,RESYNC_NEEDED","NONE,NONE,DELTA,NONE",
21.102070,2026-09-05T19:04:19.887+01:00,895018,1369941,186,186,True,True,0x04,"NO_IRQ,NO_IRQ,OK,RESYNC_NEEDED","NONE,NONE,DELTA,NONE",
21.103874,2026-09-05T19:04:19.895+01:00,895204,1369942,148,148,True,True,0x04,"NO_IRQ,NO_IRQ,OK,RESYNC_NEEDED","NONE,NONE,DELTA,NONE",
21.108212,2026-09-05T19:04:19.897+01:00,895352,1369943,240,240,True,True,0x04,"NO_IRQ,NO_IRQ,OK,RESYNC_NEEDED","NONE,NONE,DELTA,NONE",
21.119044,2026-09-05T19:04:19.902+01:00,895592,1369944,234,234,True,True,0x04,"NO_IRQ,NO_IRQ,OK,RESYNC_NEEDED","NONE,NONE,DELTA,NONE",
21.120942,2026-09-05T19:04:19.913+01:00,895826,1369945,190,190,True,True,0x04,"NO_IRQ,NO_IRQ,OK,RESYNC_NEEDED","NONE,NONE,DELTA,NONE",
21.123484,2026-09-05T19:04:19.914+01:00,896016,1369946,142,142,True,True,0x04,"NO_IRQ,NO_IRQ,OK,RESYNC_NEEDED","NONE,NONE,DELTA,NONE",
21.128545,2026-09-05T19:04:19.917+01:00,896158,1369947,246,246,True,True,0x04,"NO_IRQ,NO_IRQ,OK,RESYNC_NEEDED","NONE,NONE,DELTA,NONE",
21.133356,2026-09-05T19:04:19.922+01:00,896404,1369948,242,242,True,True,0x04,"NO_IRQ,NO_IRQ,OK,RESYNC_NEEDED","NONE,NONE,DELTA,NONE",
21.139296,2026-09-05T19:04:19.927+01:00,896646,1369949,188,188,True,True,0x04,"NO_IRQ,NO_IRQ,OK,RESYNC_NEEDED","NONE,NONE,DELTA,NONE",
21.144181,2026-09-05T19:04:19.933+01:00,896834,1369950,138,138,True,True,0x04,"NO_IRQ,NO_IRQ,OK,RESYNC_NEEDED","NONE,NONE,DELTA,NONE",
21.148012,2026-09-05T19:04:19.938+01:00,896972,1369951,248,248,True,True,0x04,"NO_IRQ,NO_IRQ,OK,RESYNC_NEEDED","NONE,NONE,DELTA,NONE",
21.153089,2026-09-05T19:04:19.941+01:00,897220,1369952,232,232,True,True,0x04,"NO_IRQ,NO_IRQ,OK,RESYNC_NEEDED","NONE,NONE,DELTA,NONE",
21.164982,2026-09-05T19:04:19.946+01:00,897452,1369953,192,192,True,True,0x04,"NO_IRQ,NO_IRQ,OK,RESYNC_NEEDED","NONE,NONE,DELTA,NONE",
21.165396,2026-09-05T19:04:19.958+01:00,897644,1369954,148,148,True,True,0x04,"NO_IRQ,NO_IRQ,OK,RESYNC_NEEDED","NONE,NONE,DELTA,NONE",
21.170219,2026-09-05T19:04:19.959+01:00,897792,1369955,242,242,True,True,0x04,"NO_IRQ,NO_IRQ,OK,RESYNC_NEEDED","NONE,NONE,DELTA,NONE",
21.181420,2026-09-05T19:04:19.964+01:00,898034,1369956,242,242,True,True,0x04,"NO_IRQ,NO_IRQ,OK,RESYNC_NEEDED","NONE,NONE,DELTA,NONE",
21.182309,2026-09-05T19:04:19.975+01:00,898276,1369957,198,198,True,True,0x04,"NO_IRQ,NO_IRQ,OK,RESYNC_NEEDED","NONE,NONE,DELTA,NONE",
21.183471,2026-09-05T19:04:19.976+01:00,898474,1369958,144,144,True,True,0x04,"NO_IRQ,NO_IRQ,OK,RESYNC_NEEDED","NONE,NONE,DELTA,NONE",
21.189121,2026-09-05T19:04:19.977+01:00,898618,1369959,242,242,True,True,0x04,"NO_IRQ,NO_IRQ,OK,RESYNC_NEEDED","NONE,NONE,DELTA,NONE",
21.194318,2026-09-05T19:04:19.982+01:00,898860,1369960,232,232,True,True,0x04,"NO_IRQ,NO_IRQ,OK,RESYNC_NEEDED","NONE,NONE,DELTA,NONE",
21.198399,2026-09-05T19:04:19.988+01:00,899092,1369961,192,192,True,True,0x04,"NO_IRQ,NO_IRQ,OK,RESYNC_NEEDED","NONE,NONE,DELTA,NONE",
21.203009,2026-09-05T19:04:19.992+01:00,899284,1369962,140,140,True,True,0x04,"NO_IRQ,NO_IRQ,OK,RESYNC_NEEDED","NONE,NONE,DELTA,NONE",
21.217401,2026-09-05T19:04:19.996+01:00,899424,1369963,242,242,True,True,0x04,"NO_IRQ,NO_IRQ,OK,RESYNC_NEEDED","NONE,NONE,DELTA,NONE",
21.218500,2026-09-05T19:04:20.011+01:00,899666,1369964,224,224,True,True,0x04,"NO_IRQ,NO_IRQ,OK,RESYNC_NEEDED","NONE,NONE,DELTA,NONE",
21.219498,2026-09-05T19:04:20.012+01:00,899890,1369965,202,202,True,True,0x04,"NO_IRQ,NO_IRQ,OK,RESYNC_NEEDED","NONE,NONE,DELTA,NONE",
21.223821,2026-09-05T19:04:20.013+01:00,900092,1369966,140,140,True,True,0x04,"NO_IRQ,NO_IRQ,OK,RESYNC_NEEDED","NONE,NONE,DELTA,NONE",
21.228423,2026-09-05T19:04:20.017+01:00,900232,1369967,244,244,True,True,0x04,"NO_IRQ,NO_IRQ,OK,RESYNC_NEEDED","NONE,NONE,DELTA,NONE",
21.233121,2026-09-05T19:04:20.022+01:00,900476,1369968,238,238,True,True,0x04,"NO_IRQ,NO_IRQ,OK,RESYNC_NEEDED","NONE,NONE,DELTA,NONE",
21.242658,2026-09-05T19:04:20.026+01:00,900714,1369969,198,198,True,True,0x04,"NO_IRQ,NO_IRQ,OK,RESYNC_NEEDED","NONE,NONE,DELTA,NONE",
21.244091,2026-09-05T19:04:20.036+01:00,900912,1369970,140,140,True,True,0x04,"NO_IRQ,NO_IRQ,OK,RESYNC_NEEDED","NONE,NONE,DELTA,NONE",
21.248676,2026-09-05T19:04:20.037+01:00,901052,1369971,242,242,True,True,0x04,"NO_IRQ,NO_IRQ,OK,RESYNC_NEEDED","NONE,NONE,DELTA,NONE",
21.253387,2026-09-05T19:04:20.042+01:00,901294,1369972,232,232,True,True,0x04,"NO_IRQ,NO_IRQ,OK,RESYNC_NEEDED","NONE,NONE,DELTA,NONE",
21.266198,2026-09-05T19:04:20.047+01:00,901526,1369973,204,204,True,True,0x04,"NO_IRQ,NO_IRQ,OK,RESYNC_NEEDED","NONE,NONE,DELTA,NONE",
21.266692,2026-09-05T19:04:20.060+01:00,901730,1369974,144,144,True,True,0x04,"NO_IRQ,NO_IRQ,OK,RESYNC_NEEDED","NONE,NONE,DELTA,NONE",
21.268095,2026-09-05T19:04:20.060+01:00,901874,1369975,240,240,True,True,0x04,"NO_IRQ,NO_IRQ,OK,RESYNC_NEEDED","NONE,NONE,DELTA,NONE",
21.273520,2026-09-05T19:04:20.062+01:00,902114,1369976,228,228,True,True,0x04,"NO_IRQ,NO_IRQ,OK,RESYNC_NEEDED","NONE,NONE,DELTA,NONE",
21.278091,2026-09-05T19:04:20.067+01:00,902342,1369977,196,196,True,True,0x04,"NO_IRQ,NO_IRQ,OK,RESYNC_NEEDED","NONE,NONE,DELTA,NONE",
21.294139,2026-09-05T19:04:20.071+01:00,902538,1369978,140,140,True,True,0x04,"NO_IRQ,NO_IRQ,OK,RESYNC_NEEDED","NONE,NONE,DELTA,NONE",
21.295268,2026-09-05T19:04:20.087+01:00,902678,1369979,248,248,True,True,0x04,"NO_IRQ,NO_IRQ,OK,RESYNC_NEEDED","NONE,NONE,DELTA,NONE",
21.296091,2026-09-05T19:04:20.089+01:00,902926,1369980,232,232,True,True,0x04,"NO_IRQ,NO_IRQ,OK,RESYNC_NEEDED","NONE,NONE,DELTA,NONE",
21.297992,2026-09-05T19:04:20.089+01:00,903158,1369981,200,200,True,True,0x04,"NO_IRQ,NO_IRQ,OK,RESYNC_NEEDED","NONE,NONE,DELTA,NONE",
21.303424,2026-09-05T19:04:20.091+01:00,903358,1369982,136,136,True,True,0x04,"NO_IRQ,NO_IRQ,OK,RESYNC_NEEDED","NONE,NONE,DELTA,NONE",
21.308157,2026-09-05T19:04:20.097+01:00,903494,1369983,246,246,True,True,0x04,"NO_IRQ,NO_IRQ,OK,RESYNC_NEEDED","NONE,NONE,DELTA,NONE",
21.318538,2026-09-05T19:04:20.102+01:00,903740,1369984,256,256,True,True,0x04,"NO_IRQ,NO_IRQ,OK,RESYNC_NEEDED","NONE,NONE,DELTA,NONE",
21.319389,2026-09-05T19:04:20.112+01:00,903996,1369985,200,200,True,True,0x04,"NO_IRQ,NO_IRQ,OK,RESYNC_NEEDED","NONE,NONE,DELTA,NONE",
21.323152,2026-09-05T19:04:20.113+01:00,904196,1369986,138,138,True,True,0x04,"NO_IRQ,NO_IRQ,OK,RESYNC_NEEDED","NONE,NONE,DELTA,NONE",
21.328465,2026-09-05T19:04:20.117+01:00,904334,1369987,238,238,True,True,0x04,"NO_IRQ,NO_IRQ,OK,RESYNC_NEEDED","NONE,NONE,DELTA,NONE",
21.332964,2026-09-05T19:04:20.122+01:00,904572,1369988,228,228,True,True,0x04,"NO_IRQ,NO_IRQ,OK,RESYNC_NEEDED","NONE,NONE,DELTA,NONE",
21.342659,2026-09-05T19:04:20.126+01:00,904800,1369989,206,206,True,True,0x04,"NO_IRQ,NO_IRQ,OK,RESYNC_NEEDED","NONE,NONE,DELTA,NONE",
21.344175,2026-09-05T19:04:20.136+01:00,905006,1369990,134,134,True,True,0x04,"NO_IRQ,NO_IRQ,OK,RESYNC_NEEDED","NONE,NONE,DELTA,NONE",
21.348251,2026-09-05T19:04:20.138+01:00,905140,1369991,250,250,True,True,0x04,"NO_IRQ,NO_IRQ,OK,RESYNC_NEEDED","NONE,NONE,DELTA,NONE",
21.353369,2026-09-05T19:04:20.142+01:00,905390,1369992,256,256,True,True,0x04,"NO_IRQ,NO_IRQ,OK,RESYNC_NEEDED","NONE,NONE,DELTA,NONE",
21.362845,2026-09-05T19:04:20.147+01:00,905646,1369993,208,208,True,True,0x04,"NO_IRQ,NO_IRQ,OK,RESYNC_NEEDED","NONE,NONE,DELTA,NONE",
21.366951,2026-09-05T19:04:20.160+01:00,905854,1369994,144,144,True,True,0x04,"NO_IRQ,NO_IRQ,OK,RESYNC_NEEDED","NONE,NONE,DELTA,NONE",
21.367756,2026-09-05T19:04:20.161+01:00,905998,1369995,236,236,True,True,0x04,"NO_IRQ,NO_IRQ,OK,RESYNC_NEEDED","NONE,NONE,DELTA,NONE",
21.373324,2026-09-05T19:04:20.161+01:00,906234,1369996,222,222,True,True,0x04,"NO_IRQ,NO_IRQ,OK,RESYNC_NEEDED","NONE,NONE,DELTA,NONE",
21.378139,2026-09-05T19:04:20.167+01:00,906456,1369997,200,200,True,True,0x04,"NO_IRQ,NO_IRQ,OK,RESYNC_NEEDED","NONE,NONE,DELTA,NONE",
21.383184,2026-09-05T19:04:20.172+01:00,906656,1369998,140,140,True,True,0x04,"NO_IRQ,NO_IRQ,OK,RESYNC_NEEDED","NONE,NONE,DELTA,NONE",
21.389493,2026-09-05T19:04:20.177+01:00,906796,1369999,242,242,True,True,0x04,"NO_IRQ,NO_IRQ,OK,RESYNC_NEEDED","NONE,NONE,DELTA,NONE",
21.394314,2026-09-05T19:04:20.183+01:00,907038,1370000,236,236,True,True,0x04,"NO_IRQ,NO_IRQ,OK,RESYNC_NEEDED","NONE,NONE,DELTA,NONE",
21.398084,2026-09-05T19:04:20.188+01:00,907274,1370001,212,212,True,True,0x04,"NO_IRQ,NO_IRQ,OK,RESYNC_NEEDED","NONE,NONE,DELTA,NONE",
21.402699,2026-09-05T19:04:20.191+01:00,907486,1370002,134,134,True,True,0x04,"NO_IRQ,NO_IRQ,OK,RESYNC_NEEDED","NONE,NONE,DELTA,NONE",
21.407935,2026-09-05T19:04:20.196+01:00,907620,1370003,236,236,True,True,0x04,"NO_IRQ,NO_IRQ,OK,RESYNC_NEEDED","NONE,NONE,DELTA,NONE",
21.420528,2026-09-05T19:04:20.201+01:00,907856,1370004,238,238,True,True,0x04,"NO_IRQ,NO_IRQ,OK,RESYNC_NEEDED","NONE,NONE,DELTA,NONE",
21.427544,2026-09-05T19:04:20.215+01:00,908094,1370005,208,208,True,True,0x04,"NO_IRQ,NO_IRQ,OK,RESYNC_NEEDED","NONE,NONE,DELTA,NONE",
21.428732,2026-09-05T19:04:20.221+01:00,908302,1370006,140,140,True,True,0x04,"NO_IRQ,NO_IRQ,OK,RESYNC_NEEDED","NONE,NONE,DELTA,NONE",
21.429709,2026-09-05T19:04:20.222+01:00,908442,1370007,244,244,True,True,0x04,"NO_IRQ,NO_IRQ,OK,RESYNC_NEEDED","NONE,NONE,DELTA,NONE",
21.433139,2026-09-05T19:04:20.223+01:00,908686,1370008,226,226,True,True,0x04,"NO_IRQ,NO_IRQ,OK,RESYNC_NEEDED","NONE,NONE,DELTA,NONE",
21.438798,2026-09-05T19:04:20.226+01:00,908912,1370009,206,206,True,True,0x04,"NO_IRQ,NO_IRQ,OK,RESYNC_NEEDED","NONE,NONE,DELTA,NONE",
21.446414,2026-09-05T19:04:20.232+01:00,909118,1370010,136,136,True,True,0x04,"NO_IRQ,NO_IRQ,OK,RESYNC_NEEDED","NONE,NONE,DELTA,NONE",
21.448114,2026-09-05T19:04:20.240+01:00,909254,1370011,232,232,True,True,0x04,"NO_IRQ,NO_IRQ,OK,RESYNC_NEEDED","NONE,NONE,DELTA,NONE",
21.453881,2026-09-05T19:04:20.241+01:00,909486,1370012,236,236,True,True,0x04,"NO_IRQ,NO_IRQ,OK,RESYNC_NEEDED","NONE,NONE,DELTA,NONE",
21.458106,2026-09-05T19:04:20.247+01:00,909722,1370013,214,214,True,True,0x04,"NO_IRQ,NO_IRQ,OK,RESYNC_NEEDED","NONE,NONE,DELTA,NONE",
21.465389,2026-09-05T19:04:20.251+01:00,909936,1370014,140,140,True,True,0x04,"NO_IRQ,NO_IRQ,OK,RESYNC_NEEDED","NONE,NONE,DELTA,NONE",
21.468166,2026-09-05T19:04:20.259+01:00,910076,1370015,242,242,True,True,0x04,"NO_IRQ,NO_IRQ,OK,RESYNC_NEEDED","NONE,NONE,DELTA,NONE",
21.473450,2026-09-05T19:04:20.262+01:00,910318,1370016,238,238,True,True,0x04,"NO_IRQ,NO_IRQ,OK,RESYNC_NEEDED","NONE,NONE,DELTA,NONE",
21.478013,2026-09-05T19:04:20.267+01:00,910556,1370017,214,214,True,True,0x04,"NO_IRQ,NO_IRQ,OK,RESYNC_NEEDED","NONE,NONE,DELTA,NONE",
21.487195,2026-09-05T19:04:20.271+01:00,910770,1370018,140,140,True,True,0x04,"NO_IRQ,NO_IRQ,OK,RESYNC_NEEDED","NONE,NONE,DELTA,NONE",
21.488003,2026-09-05T19:04:20.281+01:00,910910,1370019,248,248,True,True,0x04,"NO_IRQ,NO_IRQ,OK,RESYNC_NEEDED","NONE,NONE,DELTA,NONE",
21.492939,2026-09-05T19:04:20.281+01:00,911158,1370020,246,246,True,True,0x04,"NO_IRQ,NO_IRQ,OK,RESYNC_NEEDED","NONE,NONE,DELTA,NONE",
21.497601,2026-09-05T19:04:20.286+01:00,911404,1370021,216,216,True,True,0x04,"NO_IRQ,NO_IRQ,OK,RESYNC_NEEDED","NONE,NONE,DELTA,NONE",
21.505308,2026-09-05T19:04:20.291+01:00,911620,1370022,136,136,True,True,0x04,"NO_IRQ,NO_IRQ,OK,RESYNC_NEEDED","NONE,NONE,DELTA,NONE",
21.507979,2026-09-05T19:04:20.299+01:00,911756,1370023,226,226,True,True,0x04,"NO_IRQ,NO_IRQ,OK,RESYNC_NEEDED","NONE,NONE,DELTA,NONE",
21.513216,2026-09-05T19:04:20.301+01:00,911982,1370024,232,232,True,True,0x04,"NO_IRQ,NO_IRQ,OK,RESYNC_NEEDED","NONE,NONE,DELTA,NONE",
21.517621,2026-09-05T19:04:20.307+01:00,912214,1370025,208,208,True,True,0x04,"NO_IRQ,NO_IRQ,OK,RESYNC_NEEDED","NONE,NONE,DELTA,NONE",
21.525047,2026-09-05T19:04:20.311+01:00,912422,1370026,134,134,True,True,0x04,"NO_IRQ,NO_IRQ,OK,RESYNC_NEEDED","NONE,NONE,DELTA,NONE",
21.527841,2026-09-05T19:04:20.318+01:00,912556,1370027,230,230,True,True,0x04,"NO_IRQ,NO_IRQ,OK,RESYNC_NEEDED","NONE,NONE,DELTA,NONE",
21.532818,2026-09-05T19:04:20.321+01:00,912786,1370028,226,226,True,True,0x04,"NO_IRQ,NO_IRQ,OK,RESYNC_NEEDED","NONE,NONE,DELTA,NONE",
21.542856,2026-09-05T19:04:20.326+01:00,913012,1370029,208,208,True,True,0x04,"NO_IRQ,NO_IRQ,OK,RESYNC_NEEDED","NONE,NONE,DELTA,NONE",
21.543723,2026-09-05T19:04:20.336+01:00,913220,1370030,132,132,True,True,0x04,"NO_IRQ,NO_IRQ,OK,RESYNC_NEEDED","NONE,NONE,DELTA,NONE",
21.548441,2026-09-05T19:04:20.337+01:00,913352,1370031,232,232,True,True,0x04,"NO_IRQ,NO_IRQ,OK,RESYNC_NEEDED","NONE,NONE,DELTA,NONE",
21.552607,2026-09-05T19:04:20.342+01:00,913584,1370032,240,240,True,True,0x04,"NO_IRQ,NO_IRQ,OK,RESYNC_NEEDED","NONE,NONE,DELTA,NONE",
21.561094,2026-09-05T19:04:20.346+01:00,913824,1370033,208,208,True,True,0x04,"NO_IRQ,NO_IRQ,OK,RESYNC_NEEDED","NONE,NONE,DELTA,NONE",
21.562709,2026-09-05T19:04:20.355+01:00,914032,1370034,140,140,True,True,0x04,"NO_IRQ,NO_IRQ,OK,RESYNC_NEEDED","NONE,NONE,DELTA,NONE",
21.568529,2026-09-05T19:04:20.356+01:00,914172,1370035,1084,1084,True,True,0x04,"NO_IRQ,NO_IRQ,OK,RESYNC_NEEDED","NONE,NONE,DELTA_SYNC,NONE",
21.572715,2026-09-05T19:04:20.362+01:00,915256,1370036,240,240,True,True,0x04,"NO_IRQ,NO_IRQ,OK,RESYNC_NEEDED","NONE,NONE,DELTA,NONE",
21.577984,2026-09-05T19:04:20.366+01:00,915496,1370037,220,220,True,True,0x04,"NO_IRQ,NO_IRQ,OK,RESYNC_NEEDED","NONE,NONE,DELTA,NONE",
21.583167,2026-09-05T19:04:20.371+01:00,915716,1370038,136,136,True,True,0x04,"NO_IRQ,NO_IRQ,OK,RESYNC_NEEDED","NONE,NONE,DELTA,NONE",
21.587516,2026-09-05T19:04:20.376+01:00,915852,1370039,224,224,True,True,0x04,"NO_IRQ,NO_IRQ,OK,RESYNC_NEEDED","NONE,NONE,DELTA,NONE",
21.592588,2026-09-05T19:04:20.381+01:00,916076,1370040,244,244,True,True,0x04,"NO_IRQ,NO_IRQ,OK,RESYNC_NEEDED","NONE,NONE,DELTA,NONE",
21.604538,2026-09-05T19:04:20.386+01:00,916320,1370041,222,222,True,True,0x04,"NO_IRQ,NO_IRQ,OK,RESYNC_NEEDED","NONE,NONE,DELTA,NONE",
21.604865,2026-09-05T19:04:20.398+01:00,916542,1370042,134,134,True,True,0x04,"NO_IRQ,NO_IRQ,OK,RESYNC_NEEDED","NONE,NONE,DELTA,NONE",
21.617526,2026-09-05T19:04:20.398+01:00,916676,1370043,230,230,True,True,0x04,"NO_IRQ,NO_IRQ,OK,RESYNC_NEEDED","NONE,NONE,DELTA,NONE",
21.618837,2026-09-05T19:04:20.411+01:00,916906,1370044,226,226,True,True,0x04,"NO_IRQ,NO_IRQ,OK,RESYNC_NEEDED","NONE,NONE,DELTA,NONE",
21.620121,2026-09-05T19:04:20.412+01:00,917132,1370045,226,226,True,True,0x04,"NO_IRQ,NO_IRQ,OK,RESYNC_NEEDED","NONE,NONE,DELTA,NONE",
21.623049,2026-09-05T19:04:20.413+01:00,917358,1370046,134,134,True,True,0x04,"NO_IRQ,NO_IRQ,OK,RESYNC_NEEDED","NONE,NONE,DELTA,NONE",
21.628301,2026-09-05T19:04:20.417+01:00,917492,1370047,234,234,True,True,0x04,"NO_IRQ,NO_IRQ,OK,RESYNC_NEEDED","NONE,NONE,DELTA,NONE",
21.637856,2026-09-05T19:04:20.422+01:00,917726,1370048,236,236,True,True,0x04,"NO_IRQ,NO_IRQ,OK,RESYNC_NEEDED","NONE,NONE,DELTA,NONE",
21.638976,2026-09-05T19:04:20.431+01:00,917962,1370049,218,218,True,True,0x04,"NO_IRQ,NO_IRQ,OK,RESYNC_NEEDED","NONE,NONE,DELTA,NONE",
21.642638,2026-09-05T19:04:20.432+01:00,918180,1370050,138,138,True,True,0x04,"NO_IRQ,NO_IRQ,OK,RESYNC_NEEDED","NONE,NONE,DELTA,NONE",
21.647624,2026-09-05T19:04:20.436+01:00,918318,1370051,236,236,True,True,0x04,"NO_IRQ,NO_IRQ,OK,RESYNC_NEEDED","NONE,NONE,DELTA,NONE",
21.656409,2026-09-05T19:04:20.441+01:00,918554,1370052,226,226,True,True,0x04,"NO_IRQ,NO_IRQ,OK,RESYNC_NEEDED","NONE,NONE,DELTA,NONE",
21.657861,2026-09-05T19:04:20.450+01:00,918780,1370053,224,224,True,True,0x04,"NO_IRQ,NO_IRQ,OK,RESYNC_NEEDED","NONE,NONE,DELTA,NONE",
21.662730,2026-09-05T19:04:20.451+01:00,919004,1370054,134,134,True,True,0x04,"NO_IRQ,NO_IRQ,OK,RESYNC_NEEDED","NONE,NONE,DELTA,NONE",
21.667824,2026-09-05T19:04:20.456+01:00,919138,1370055,234,234,True,True,0x04,"NO_IRQ,NO_IRQ,OK,RESYNC_NEEDED","NONE,NONE,DELTA,NONE",
21.677645,2026-09-05T19:04:20.461+01:00,919372,1370056,234,234,True,True,0x04,"NO_IRQ,NO_IRQ,OK,RESYNC_NEEDED","NONE,NONE,DELTA,NONE",
21.679169,2026-09-05T19:04:20.471+01:00,919606,1370057,218,218,True,True,0x04,"NO_IRQ,NO_IRQ,OK,RESYNC_NEEDED","NONE,NONE,DELTA,NONE",
21.682646,2026-09-05T19:04:20.473+01:00,919824,1370058,134,134,True,True,0x04,"NO_IRQ,NO_IRQ,OK,RESYNC_NEEDED","NONE,NONE,DELTA,NONE",
21.687787,2026-09-05T19:04:20.476+01:00,919958,1370059,228,228,True,True,0x04,"NO_IRQ,NO_IRQ,OK,RESYNC_NEEDED","NONE,NONE,DELTA,NONE",
21.695347,2026-09-05T19:04:20.481+01:00,920186,1370060,232,232,True,True,0x04,"NO_IRQ,NO_IRQ,OK,RESYNC_NEEDED","NONE,NONE,DELTA,NONE",
21.697749,2026-09-05T19:04:20.489+01:00,920418,1370061,230,230,True,True,0x04,"NO_IRQ,NO_IRQ,OK,RESYNC_NEEDED","NONE,NONE,DELTA,NONE",
21.702689,2026-09-05T19:04:20.491+01:00,920648,1370062,134,134,True,True,0x04,"NO_IRQ,NO_IRQ,OK,RESYNC_NEEDED","NONE,NONE,DELTA,NONE",
21.707883,2026-09-05T19:04:20.496+01:00,920782,1370063,226,226,True,True,0x04,"NO_IRQ,NO_IRQ,OK,RESYNC_NEEDED","NONE,NONE,DELTA,NONE",
21.716943,2026-09-05T19:04:20.501+01:00,921008,1370064,232,232,True,True,0x04,"NO_IRQ,NO_IRQ,OK,RESYNC_NEEDED","NONE,NONE,DELTA,NONE",
21.718145,2026-09-05T19:04:20.510+01:00,921240,1370065,230,230,True,True,0x04,"NO_IRQ,NO_IRQ,OK,RESYNC_NEEDED","NONE,NONE,DELTA,NONE",
21.722734,2026-09-05T19:04:20.511+01:00,921470,1370066,128,128,True,True,0x04,"NO_IRQ,NO_IRQ,OK,RESYNC_NEEDED","NONE,NONE,DELTA,NONE",
21.727889,2026-09-05T19:04:20.516+01:00,921598,1370067,222,222,True,True,0x04,"NO_IRQ,NO_IRQ,OK,RESYNC_NEEDED","NONE,NONE,DELTA,NONE",
21.741191,2026-09-05T19:04:20.521+01:00,921820,1370068,228,228,True,True,0x04,"NO_IRQ,NO_IRQ,OK,RESYNC_NEEDED","NONE,NONE,DELTA,NONE",
21.741953,2026-09-05T19:04:20.535+01:00,922048,1370069,230,230,True,True,0x04,"NO_IRQ,NO_IRQ,OK,RESYNC_NEEDED","NONE,NONE,DELTA,NONE",
21.742613,2026-09-05T19:04:20.535+01:00,922278,1370070,136,136,True,True,0x04,"NO_IRQ,NO_IRQ,OK,RESYNC_NEEDED","NONE,NONE,DELTA,NONE",
21.747503,2026-09-05T19:04:20.536+01:00,922414,1370071,234,234,True,True,0x04,"NO_IRQ,NO_IRQ,OK,RESYNC_NEEDED","NONE,NONE,DELTA,NONE",
21.752906,2026-09-05T19:04:20.541+01:00,922648,1370072,230,230,True,True,0x04,"NO_IRQ,NO_IRQ,OK,RESYNC_NEEDED","NONE,NONE,DELTA,NONE",
21.757386,2026-09-05T19:04:20.546+01:00,922878,1370073,230,230,True,True,0x04,"NO_IRQ,NO_IRQ,OK,RESYNC_NEEDED","NONE,NONE,DELTA,NONE",
21.764979,2026-09-05T19:04:20.551+01:00,923108,1370074,128,128,True,True,0x04,"NO_IRQ,NO_IRQ,OK,RESYNC_NEEDED","NONE,NONE,DELTA,NONE",
21.768030,2026-09-05T19:04:20.558+01:00,923236,1370075,228,228,True,True,0x04,"NO_IRQ,NO_IRQ,OK,RESYNC_NEEDED","NONE,NONE,DELTA,NONE",
21.772578,2026-09-05T19:04:20.562+01:00,923464,1370076,222,222,True,True,0x04,"NO_IRQ,NO_IRQ,OK,RESYNC_NEEDED","NONE,NONE,DELTA,NONE",
21.777489,2026-09-05T19:04:20.566+01:00,923686,1370077,250,250,True,True,0x04,"NO_IRQ,NO_IRQ,OK,RESYNC_NEEDED","NONE,NONE,DELTA,NONE",
21.782677,2026-09-05T19:04:20.571+01:00,923936,1370078,134,134,True,True,0x04,"NO_IRQ,NO_IRQ,OK,RESYNC_NEEDED","NONE,NONE,DELTA,NONE",
21.787804,2026-09-05T19:04:20.576+01:00,924070,1370079,234,234,True,True,0x04,"NO_IRQ,NO_IRQ,OK,RESYNC_NEEDED","NONE,NONE,DELTA,NONE",
21.792345,2026-09-05T19:04:20.581+01:00,924304,1370080,236,236,True,True,0x04,"NO_IRQ,NO_IRQ,OK,RESYNC_NEEDED","NONE,NONE,DELTA,NONE",
21.797363,2026-09-05T19:04:20.586+01:00,924540,1370081,238,238,True,True,0x04,"NO_IRQ,NO_IRQ,OK,RESYNC_NEEDED","NONE,NONE,DELTA,NONE",
21.811049,2026-09-05T19:04:20.591+01:00,924778,1370082,130,130,True,True,0x04,"NO_IRQ,NO_IRQ,OK,RESYNC_NEEDED","NONE,NONE,DELTA,NONE",
21.812259,2026-09-05T19:04:20.604+01:00,924908,1370083,234,234,True,True,0x04,"NO_IRQ,NO_IRQ,OK,RESYNC_NEEDED","NONE,NONE,DELTA,NONE",
21.813274,2026-09-05T19:04:20.606+01:00,925142,1370084,238,238,True,True,0x04,"NO_IRQ,NO_IRQ,OK,RESYNC_NEEDED","NONE,NONE,DELTA,NONE",
21.817783,2026-09-05T19:04:20.607+01:00,925380,1370085,236,236,True,True,0x04,"NO_IRQ,NO_IRQ,OK,RESYNC_NEEDED","NONE,NONE,DELTA,NONE",
21.822756,2026-09-05T19:04:20.611+01:00,925616,1370086,134,134,True,True,0x04,"NO_IRQ,NO_IRQ,OK,RESYNC_NEEDED","NONE,NONE,DELTA,NONE",
21.831894,2026-09-05T19:04:20.616+01:00,925750,1370087,226,226,True,True,0x04,"NO_IRQ,NO_IRQ,OK,RESYNC_NEEDED","NONE,NONE,DELTA,NONE",
21.833766,2026-09-05T19:04:20.626+01:00,925976,1370088,234,234,True,True,0x04,"NO_IRQ,NO_IRQ,OK,RESYNC_NEEDED","NONE,NONE,DELTA,NONE",
21.837840,2026-09-05T19:04:20.627+01:00,926210,1370089,234,234,True,True,0x04,"NO_IRQ,NO_IRQ,OK,RESYNC_NEEDED","NONE,NONE,DELTA,NONE",
21.843149,2026-09-05T19:04:20.631+01:00,926444,1370090,126,126,True,True,0x04,"NO_IRQ,NO_IRQ,OK,RESYNC_NEEDED","NONE,NONE,DELTA,NONE",
21.857077,2026-09-05T19:04:20.650+01:00,926570,1370091,226,226,True,True,0x04,"NO_IRQ,NO_IRQ,OK,RESYNC_NEEDED","NONE,NONE,DELTA,NONE",
21.857973,2026-09-05T19:04:20.650+01:00,926796,1370092,234,234,True,True,0x04,"NO_IRQ,NO_IRQ,OK,RESYNC_NEEDED","NONE,NONE,DELTA,NONE",
21.858661,2026-09-05T19:04:20.651+01:00,927030,1370093,238,238,True,True,0x04,"NO_IRQ,NO_IRQ,OK,RESYNC_NEEDED","NONE,NONE,DELTA,NONE",
21.862470,2026-09-05T19:04:20.652+01:00,927268,1370094,130,130,True,True,0x04,"NO_IRQ,NO_IRQ,OK,RESYNC_NEEDED","NONE,NONE,DELTA,NONE",
21.867620,2026-09-05T19:04:20.656+01:00,927398,1370095,240,240,True,True,0x04,"NO_IRQ,NO_IRQ,OK,RESYNC_NEEDED","NONE,NONE,DELTA,NONE",
21.879193,2026-09-05T19:04:20.661+01:00,927638,1370096,232,232,True,True,0x04,"NO_IRQ,NO_IRQ,OK,RESYNC_NEEDED","NONE,NONE,DELTA,NONE",
21.880110,2026-09-05T19:04:20.673+01:00,927870,1370097,238,238,True,True,0x04,"NO_IRQ,NO_IRQ,OK,RESYNC_NEEDED","NONE,NONE,DELTA,NONE",
21.882324,2026-09-05T19:04:20.673+01:00,928108,1370098,126,126,True,True,0x04,"NO_IRQ,NO_IRQ,OK,RESYNC_NEEDED","NONE,NONE,DELTA,NONE",
21.887726,2026-09-05T19:04:20.676+01:00,928234,1370099,226,226,True,True,0x04,"NO_IRQ,NO_IRQ,OK,RESYNC_NEEDED","NONE,NONE,DELTA,NONE",
21.897566,2026-09-05T19:04:20.681+01:00,928460,1370100,222,222,True,True,0x04,"NO_IRQ,NO_IRQ,OK,RESYNC_NEEDED","NONE,NONE,DELTA,NONE",
21.898600,2026-09-05T19:04:20.691+01:00,928682,1370101,232,232,True,True,0x04,"NO_IRQ,NO_IRQ,OK,RESYNC_NEEDED","NONE,NONE,DELTA,NONE",
21.902765,2026-09-05T19:04:20.692+01:00,928914,1370102,134,134,True,True,0x04,"NO_IRQ,NO_IRQ,OK,RESYNC_NEEDED","NONE,NONE,DELTA,NONE",
21.907267,2026-09-05T19:04:20.697+01:00,929048,1370103,232,232,True,True,0x04,"NO_IRQ,NO_IRQ,OK,RESYNC_NEEDED","NONE,NONE,DELTA,NONE",
21.921533,2026-09-05T19:04:20.701+01:00,929280,1370104,240,240,True,True,0x04,"NO_IRQ,NO_IRQ,OK,RESYNC_NEEDED","NONE,NONE,DELTA,NONE",
21.923559,2026-09-05T19:04:20.715+01:00,929520,1370105,248,248,True,True,0x04,"NO_IRQ,NO_IRQ,OK,RESYNC_NEEDED","NONE,NONE,DELTA,NONE",
21.924221,2026-09-05T19:04:20.717+01:00,929768,1370106,128,128,True,True,0x04,"NO_IRQ,NO_IRQ,OK,RESYNC_NEEDED","NONE,NONE,DELTA,NONE",
21.927804,2026-09-05T19:04:20.718+01:00,929896,1370107,226,226,True,True,0x04,"NO_IRQ,NO_IRQ,OK,RESYNC_NEEDED","NONE,NONE,DELTA,NONE",
21.932442,2026-09-05T19:04:20.721+01:00,930122,1370108,238,238,True,True,0x04,"NO_IRQ,NO_IRQ,OK,RESYNC_NEEDED","NONE,NONE,DELTA,NONE",
21.937636,2026-09-05T19:04:20.726+01:00,930360,1370109,246,246,True,True,0x04,"NO_IRQ,NO_IRQ,OK,RESYNC_NEEDED","NONE,NONE,DELTA,NONE",
21.944443,2026-09-05T19:04:20.731+01:00,930606,1370110,130,130,True,True,0x04,"NO_IRQ,NO_IRQ,OK,RESYNC_NEEDED","NONE,NONE,DELTA,NONE",
21.949837,2026-09-05T19:04:20.738+01:00,930736,1370111,232,232,True,True,0x04,"NO_IRQ,NO_IRQ,OK,RESYNC_NEEDED","NONE,NONE,DELTA,NONE",
21.952454,2026-09-05T19:04:20.743+01:00,930968,1370112,238,238,True,True,0x04,"NO_IRQ,NO_IRQ,OK,RESYNC_NEEDED","NONE,NONE,DELTA,NONE",
21.957825,2026-09-05T19:04:20.746+01:00,931206,1370113,246,246,True,True,0x04,"NO_IRQ,NO_IRQ,OK,RESYNC_NEEDED","NONE,NONE,DELTA,NONE",
21.962227,2026-09-05T19:04:20.751+01:00,931452,1370114,124,124,True,True,0x04,"NO_IRQ,NO_IRQ,OK,RESYNC_NEEDED","NONE,NONE,DELTA,NONE",
21.968011,2026-09-05T19:04:20.756+01:00,931576,1370115,224,224,True,True,0x04,"NO_IRQ,NO_IRQ,OK,RESYNC_NEEDED","NONE,NONE,DELTA,NONE",
21.973403,2026-09-05T19:04:20.761+01:00,931800,1370116,234,234,True,True,0x04,"NO_IRQ,NO_IRQ,OK,RESYNC_NEEDED","NONE,NONE,DELTA,NONE",
21.979122,2026-09-05T19:04:20.767+01:00,932034,1370117,254,254,True,True,0x04,"NO_IRQ,NO_IRQ,OK,RESYNC_NEEDED","NONE,NONE,DELTA,NONE",
21.982378,2026-09-05T19:04:20.772+01:00,932288,1370118,132,132,True,True,0x04,"NO_IRQ,NO_IRQ,OK,RESYNC_NEEDED","NONE,NONE,DELTA,NONE",
21.987458,2026-09-05T19:04:20.776+01:00,932420,1370119,224,224,True,True,0x04,"NO_IRQ,NO_IRQ,OK,RESYNC_NEEDED","NONE,NONE,DELTA,NONE",
21.993338,2026-09-05T19:04:20.781+01:00,932644,1370120,240,240,True,True,0x04,"NO_IRQ,NO_IRQ,OK,RESYNC_NEEDED","NONE,NONE,DELTA,NONE",
21.997740,2026-09-05T19:04:20.787+01:00,932884,1370121,252,252,True,True,0x04,"NO_IRQ,NO_IRQ,OK,RESYNC_NEEDED","NONE,NONE,DELTA,NONE",
22.003419,2026-09-05T19:04:20.791+01:00,933136,1370122,132,132,True,True,0x04,"NO_IRQ,NO_IRQ,OK,RESYNC_NEEDED","NONE,NONE,DELTA,NONE",
22.007209,2026-09-05T19:04:20.797+01:00,933268,1370123,226,226,True,True,0x04,"NO_IRQ,NO_IRQ,OK,RESYNC_NEEDED","NONE,NONE,DELTA,NONE",
22.012522,2026-09-05T19:04:20.801+01:00,933494,1370124,234,234,True,True,0x04,"NO_IRQ,NO_IRQ,OK,RESYNC_NEEDED","NONE,NONE,DELTA,NONE",
22.017417,2026-09-05T19:04:20.806+01:00,933728,1370125,250,250,True,True,0x04,"NO_IRQ,NO_IRQ,OK,RESYNC_NEEDED","NONE,NONE,DELTA,NONE",
22.030864,2026-09-05T19:04:20.811+01:00,933978,1370126,130,130,True,True,0x04,"NO_IRQ,NO_IRQ,OK,RESYNC_NEEDED","NONE,NONE,DELTA,NONE",
22.031243,2026-09-05T19:04:20.824+01:00,934108,1370127,218,218,True,True,0x04,"NO_IRQ,NO_IRQ,OK,RESYNC_NEEDED","NONE,NONE,DELTA,NONE",
22.032054,2026-09-05T19:04:20.825+01:00,934326,1370128,232,232,True,True,0x04,"NO_IRQ,NO_IRQ,OK,RESYNC_NEEDED","NONE,NONE,DELTA,NONE",
22.050062,2026-09-05T19:04:20.825+01:00,934558,1370129,252,252,True,True,0x04,"NO_IRQ,NO_IRQ,OK,RESYNC_NEEDED","NONE,NONE,DELTA,NONE",
22.051016,2026-09-05T19:04:20.843+01:00,934810,1370130,126,126,True,True,0x04,"NO_IRQ,NO_IRQ,OK,RESYNC_NEEDED","NONE,NONE,DELTA,NONE",
22.051822,2026-09-05T19:04:20.844+01:00,934936,1370131,214,214,True,True,0x04,"NO_IRQ,NO_IRQ,OK,RESYNC_NEEDED","NONE,NONE,DELTA,NONE",
22.053395,2026-09-05T19:04:20.845+01:00,935150,1370132,240,240,True,True,0x04,"NO_IRQ,NO_IRQ,OK,RESYNC_NEEDED","NONE,NONE,DELTA,NONE",
22.057540,2026-09-05T19:04:20.847+01:00,935390,1370133,246,246,True,True,0x04,"NO_IRQ,NO_IRQ,OK,RESYNC_NEEDED","NONE,NONE,DELTA,NONE",
22.062710,2026-09-05T19:04:20.851+01:00,935636,1370134,126,126,True,True,0x04,"NO_IRQ,NO_IRQ,OK,RESYNC_NEEDED","NONE,NONE,DELTA,NONE",
22.069886,2026-09-05T19:04:20.857+01:00,935762,1370135,218,218,True,True,0x04,"NO_IRQ,NO_IRQ,OK,RESYNC_NEEDED","NONE,NONE,DELTA,NONE",
22.072969,2026-09-05T19:04:20.866+01:00,935980,1370136,230,230,True,True,0x04,"NO_IRQ,NO_IRQ,OK,RESYNC_NEEDED","NONE,NONE,DELTA,NONE",
22.077212,2026-09-05T19:04:20.866+01:00,936210,1370137,250,250,True,True,0x04,"NO_IRQ,NO_IRQ,OK,RESYNC_NEEDED","NONE,NONE,DELTA,NONE",
22.082353,2026-09-05T19:04:20.871+01:00,936460,1370138,126,126,True,True,0x04,"NO_IRQ,NO_IRQ,OK,RESYNC_NEEDED","NONE,NONE,DELTA,NONE",
22.090839,2026-09-05T19:04:20.876+01:00,936586,1370139,214,214,True,True,0x04,"NO_IRQ,NO_IRQ,OK,RESYNC_NEEDED","NONE,NONE,DELTA,NONE",
22.092160,2026-09-05T19:04:20.884+01:00,936800,1370140,228,228,True,True,0x04,"NO_IRQ,NO_IRQ,OK,RESYNC_NEEDED","NONE,NONE,DELTA,NONE",
22.097417,2026-09-05T19:04:20.885+01:00,937028,1370141,258,258,True,True,0x04,"NO_IRQ,NO_IRQ,OK,RESYNC_NEEDED","NONE,NONE,DELTA,NONE",
22.101869,2026-09-05T19:04:20.891+01:00,937286,1370142,132,132,True,True,0x04,"NO_IRQ,NO_IRQ,OK,RESYNC_NEEDED","NONE,NONE,DELTA,NONE",
22.114501,2026-09-05T19:04:20.895+01:00,937418,1370143,214,214,True,True,0x04,"NO_IRQ,NO_IRQ,OK,RESYNC_NEEDED","NONE,NONE,DELTA,NONE",
22.115446,2026-09-05T19:04:20.908+01:00,937632,1370144,228,228,True,True,0x04,"NO_IRQ,NO_IRQ,OK,RESYNC_NEEDED","NONE,NONE,DELTA,NONE",
22.118579,2026-09-05T19:04:20.909+01:00,937860,1370145,254,254,True,True,0x04,"NO_IRQ,NO_IRQ,OK,RESYNC_NEEDED","NONE,NONE,DELTA,NONE",
22.122203,2026-09-05T19:04:20.912+01:00,938114,1370146,126,126,True,True,0x04,"NO_IRQ,NO_IRQ,OK,RESYNC_NEEDED","NONE,NONE,DELTA,NONE",
22.127737,2026-09-05T19:04:20.916+01:00,938240,1370147,218,218,True,True,0x04,"NO_IRQ,NO_IRQ,OK,RESYNC_NEEDED","NONE,NONE,DELTA,NONE",
22.143712,2026-09-05T19:04:20.921+01:00,938458,1370148,238,238,True,True,0x04,"NO_IRQ,NO_IRQ,OK,RESYNC_NEEDED","NONE,NONE,DELTA,NONE",
22.144540,2026-09-05T19:04:20.937+01:00,938696,1370149,260,260,True,True,0x04,"NO_IRQ,NO_IRQ,OK,RESYNC_NEEDED","NONE,NONE,DELTA,NONE",
22.145136,2026-09-05T19:04:20.938+01:00,938956,1370150,134,134,True,True,0x04,"NO_IRQ,NO_IRQ,OK,RESYNC_NEEDED","NONE,NONE,DELTA,NONE",
22.148967,2026-09-05T19:04:20.938+01:00,939090,1370151,216,216,True,True,0x04,"NO_IRQ,NO_IRQ,OK,RESYNC_NEEDED","NONE,NONE,DELTA,NONE",
22.152687,2026-09-05T19:04:20.943+01:00,939306,1370152,232,232,True,True,0x04,"NO_IRQ,NO_IRQ,OK,RESYNC_NEEDED","NONE,NONE,DELTA,NONE",
22.157792,2026-09-05T19:04:20.946+01:00,939538,1370153,250,250,True,True,0x04,"NO_IRQ,NO_IRQ,OK,RESYNC_NEEDED","NONE,NONE,DELTA,NONE",
22.169800,2026-09-05T19:04:20.951+01:00,939788,1370154,126,126,True,True,0x04,"NO_IRQ,NO_IRQ,OK,RESYNC_NEEDED","NONE,NONE,DELTA,NONE",
22.171004,2026-09-05T19:04:20.963+01:00,939914,1370155,214,214,True,True,0x04,"NO_IRQ,NO_IRQ,OK,RESYNC_NEEDED","NONE,NONE,DELTA,NONE",
22.172844,2026-09-05T19:04:20.964+01:00,940128,1370156,230,230,True,True,0x04,"NO_IRQ,NO_IRQ,OK,RESYNC_NEEDED","NONE,NONE,DELTA,NONE",
22.177782,2026-09-05T19:04:20.966+01:00,940358,1370157,252,252,True,True,0x04,"NO_IRQ,NO_IRQ,OK,RESYNC_NEEDED","NONE,NONE,DELTA,NONE",
22.182256,2026-09-05T19:04:20.971+01:00,940610,1370158,130,130,True,True,0x04,"NO_IRQ,NO_IRQ,OK,RESYNC_NEEDED","NONE,NONE,DELTA,NONE",
22.193318,2026-09-05T19:04:20.976+01:00,940740,1370159,210,210,True,True,0x04,"NO_IRQ,NO_IRQ,OK,RESYNC_NEEDED","NONE,NONE,DELTA,NONE",
22.194376,2026-09-05T19:04:20.987+01:00,940950,1370160,236,236,True,True,0x04,"NO_IRQ,NO_IRQ,OK,RESYNC_NEEDED","NONE,NONE,DELTA,NONE",
22.197930,2026-09-05T19:04:20.988+01:00,941186,1370161,248,248,True,True,0x04,"NO_IRQ,NO_IRQ,OK,RESYNC_NEEDED","NONE,NONE,DELTA,NONE",
22.202265,2026-09-05T19:04:20.991+01:00,941434,1370162,124,124,True,True,0x04,"NO_IRQ,NO_IRQ,OK,RESYNC_NEEDED","NONE,NONE,DELTA,NONE",
22.207422,2026-09-05T19:04:20.996+01:00,941558,1370163,216,216,True,True,0x04,"NO_IRQ,NO_IRQ,OK,RESYNC_NEEDED","NONE,NONE,DELTA,NONE",
22.218360,2026-09-05T19:04:21.001+01:00,941774,1370164,226,226,True,True,0x04,"NO_IRQ,NO_IRQ,OK,RESYNC_NEEDED","NONE,NONE,DELTA,NONE",
22.219387,2026-09-05T19:04:21.012+01:00,942000,1370165,250,250,True,True,0x04,"NO_IRQ,NO_IRQ,OK,RESYNC_NEEDED","NONE,NONE,DELTA,NONE",
22.222093,2026-09-05T19:04:21.013+01:00,942250,1370166,126,126,True,True,0x04,"NO_IRQ,NO_IRQ,OK,RESYNC_NEEDED","NONE,NONE,DELTA,NONE",
22.227192,2026-09-05T19:04:21.015+01:00,942376,1370167,208,208,True,True,0x04,"NO_IRQ,NO_IRQ,OK,RESYNC_NEEDED","NONE,NONE,DELTA,NONE",
22.232710,2026-09-05T19:04:21.021+01:00,942584,1370168,240,240,True,True,0x04,"NO_IRQ,NO_IRQ,OK,RESYNC_NEEDED","NONE,NONE,DELTA,NONE",
22.238830,2026-09-05T19:04:21.026+01:00,942824,1370169,250,250,True,True,0x04,"NO_IRQ,NO_IRQ,OK,RESYNC_NEEDED","NONE,NONE,DELTA,NONE",
22.242983,2026-09-05T19:04:21.032+01:00,943074,1370170,124,124,True,True,0x04,"NO_IRQ,NO_IRQ,OK,RESYNC_NEEDED","NONE,NONE,DELTA,NONE",
22.247379,2026-09-05T19:04:21.036+01:00,943198,1370171,206,206,True,True,0x04,"NO_IRQ,NO_IRQ,OK,RESYNC_NEEDED","NONE,NONE,DELTA,NONE",
22.252207,2026-09-05T19:04:21.041+01:00,943404,1370172,236,236,True,True,0x04,"NO_IRQ,NO_IRQ,OK,RESYNC_NEEDED","NONE,NONE,DELTA,NONE",
22.257148,2026-09-05T19:04:21.046+01:00,943640,1370173,260,260,True,True,0x04,"NO_IRQ,NO_IRQ,OK,RESYNC_NEEDED","NONE,NONE,DELTA,NONE",
22.261812,2026-09-05T19:04:21.051+01:00,943900,1370174,126,126,True,True,0x04,"NO_IRQ,NO_IRQ,OK,RESYNC_NEEDED","NONE,NONE,DELTA,NONE",
22.267481,2026-09-05T19:04:21.055+01:00,944026,1370175,202,202,True,True,0x04,"NO_IRQ,NO_IRQ,OK,RESYNC_NEEDED","NONE,NONE,DELTA,NONE",
22.283695,2026-09-05T19:04:21.061+01:00,944228,1370176,238,238,True,True,0x04,"NO_IRQ,NO_IRQ,OK,RESYNC_NEEDED","NONE,NONE,DELTA,NONE",
22.284367,2026-09-05T19:04:21.077+01:00,944466,1370177,258,258,True,True,0x04,"NO_IRQ,NO_IRQ,OK,RESYNC_NEEDED","NONE,NONE,DELTA,NONE",
22.285048,2026-09-05T19:04:21.078+01:00,944724,1370178,128,128,True,True,0x04,"NO_IRQ,NO_IRQ,OK,RESYNC_NEEDED","NONE,NONE,DELTA,NONE",
22.287614,2026-09-05T19:04:21.078+01:00,944852,1370179,210,210,True,True,0x04,"NO_IRQ,NO_IRQ,OK,RESYNC_NEEDED","NONE,NONE,DELTA,NONE",
22.292143,2026-09-05T19:04:21.081+01:00,945062,1370180,236,236,True,True,0x04,"NO_IRQ,NO_IRQ,OK,RESYNC_NEEDED","NONE,NONE,DELTA,NONE",
22.299582,2026-09-05T19:04:21.085+01:00,945298,1370181,264,264,True,True,0x04,"NO_IRQ,NO_IRQ,OK,RESYNC_NEEDED","NONE,NONE,DELTA,NONE",
22.303408,2026-09-05T19:04:21.096+01:00,945562,1370182,128,128,True,True,0x04,"NO_IRQ,NO_IRQ,OK,RESYNC_NEEDED","NONE,NONE,DELTA,NONE",
22.306993,2026-09-05T19:04:21.097+01:00,945690,1370183,210,210,True,True,0x04,"NO_IRQ,NO_IRQ,OK,RESYNC_NEEDED","NONE,NONE,DELTA,NONE",
22.312119,2026-09-05T19:04:21.101+01:00,945900,1370184,238,238,True,True,0x04,"NO_IRQ,NO_IRQ,OK,RESYNC_NEEDED","NONE,NONE,DELTA,NONE",
22.320318,2026-09-05T19:04:21.106+01:00,946138,1370185,252,252,True,True,0x04,"NO_IRQ,NO_IRQ,OK,RESYNC_NEEDED","NONE,NONE,DELTA,NONE",
22.324339,2026-09-05T19:04:21.114+01:00,946390,1370186,128,128,True,True,0x04,"NO_IRQ,NO_IRQ,OK,RESYNC_NEEDED","NONE,NONE,DELTA,NONE",
22.327320,2026-09-05T19:04:21.118+01:00,946518,1370187,210,210,True,True,0x04,"NO_IRQ,NO_IRQ,OK,RESYNC_NEEDED","NONE,NONE,DELTA,NONE",
22.331962,2026-09-05T19:04:21.121+01:00,946728,1370188,236,236,True,True,0x04,"NO_IRQ,NO_IRQ,OK,RESYNC_NEEDED","NONE,NONE,DELTA,NONE",
22.340626,2026-09-05T19:04:21.125+01:00,946964,1370189,254,254,True,True,0x04,"NO_IRQ,NO_IRQ,OK,RESYNC_NEEDED","NONE,NONE,DELTA,NONE",
22.342089,2026-09-05T19:04:21.134+01:00,947218,1370190,128,128,True,True,0x04,"NO_IRQ,NO_IRQ,OK,RESYNC_NEEDED","NONE,NONE,DELTA,NONE",
22.347151,2026-09-05T19:04:21.136+01:00,947346,1370191,206,206,True,True,0x04,"NO_IRQ,NO_IRQ,OK,RESYNC_NEEDED","NONE,NONE,DELTA,NONE",
22.357556,2026-09-05T19:04:21.140+01:00,947552,1370192,236,236,True,True,0x04,"NO_IRQ,NO_IRQ,OK,RESYNC_NEEDED","NONE,NONE,DELTA,NONE",
22.358497,2026-09-05T19:04:21.151+01:00,947788,1370193,252,252,True,True,0x04,"NO_IRQ,NO_IRQ,OK,RESYNC_NEEDED","NONE,NONE,DELTA,NONE",
22.361851,2026-09-05T19:04:21.152+01:00,948040,1370194,128,128,True,True,0x04,"NO_IRQ,NO_IRQ,OK,RESYNC_NEEDED","NONE,NONE,DELTA,NONE",
22.367143,2026-09-05T19:04:21.156+01:00,948168,1370195,202,202,True,True,0x04,"NO_IRQ,NO_IRQ,OK,RESYNC_NEEDED","NONE,NONE,DELTA,NONE",
22.378098,2026-09-05T19:04:21.160+01:00,948370,1370196,234,234,True,True,0x04,"NO_IRQ,NO_IRQ,OK,RESYNC_NEEDED","NONE,NONE,DELTA,NONE",
22.379043,2026-09-05T19:04:21.171+01:00,948604,1370197,254,254,True,True,0x04,"NO_IRQ,NO_IRQ,OK,RESYNC_NEEDED","NONE,NONE,DELTA,NONE",
22.381943,2026-09-05T19:04:21.172+01:00,948858,1370198,132,132,True,True,0x04,"NO_IRQ,NO_IRQ,OK,RESYNC_NEEDED","NONE,NONE,DELTA,NONE",
22.387335,2026-09-05T19:04:21.175+01:00,948990,1370199,202,202,True,True,0x04,"NO_IRQ,NO_IRQ,OK,RESYNC_NEEDED","NONE,NONE,DELTA,NONE",
22.396429,2026-09-05T19:04:21.181+01:00,949192,1370200,226,226,True,True,0x04,"NO_IRQ,NO_IRQ,OK,RESYNC_NEEDED","NONE,NONE,DELTA,NONE",
22.397205,2026-09-05T19:04:21.190+01:00,949418,1370201,250,250,True,True,0x04,"NO_IRQ,NO_IRQ,OK,RESYNC_NEEDED","NONE,NONE,DELTA,NONE",
22.402131,2026-09-05T19:04:21.191+01:00,949668,1370202,130,130,True,True,0x04,"NO_IRQ,NO_IRQ,OK,RESYNC_NEEDED","NONE,NONE,DELTA,NONE",
22.407151,2026-09-05T19:04:21.195+01:00,949798,1370203,200,200,True,True,0x04,"NO_IRQ,NO_IRQ,OK,RESYNC_NEEDED","NONE,NONE,DELTA,NONE",
22.417417,2026-09-05T19:04:21.201+01:00,949998,1370204,240,240,True,True,0x04,"NO_IRQ,NO_IRQ,OK,RESYNC_NEEDED","NONE,NONE,DELTA,NONE",
22.418935,2026-09-05T19:04:21.211+01:00,950238,1370205,244,244,True,True,0x04,"NO_IRQ,NO_IRQ,OK,RESYNC_NEEDED","NONE,NONE,DELTA,NONE",
22.421984,2026-09-05T19:04:21.212+01:00,950482,1370206,132,132,True,True,0x04,"NO_IRQ,NO_IRQ,OK,RESYNC_NEEDED","NONE,NONE,DELTA,NONE",
22.426985,2026-09-05T19:04:21.216+01:00,950614,1370207,198,198,True,True,0x04,"NO_IRQ,NO_IRQ,OK,RESYNC_NEEDED","NONE,NONE,DELTA,NONE",
22.431952,2026-09-05T19:04:21.221+01:00,950812,1370208,230,230,True,True,0x04,"NO_IRQ,NO_IRQ,OK,RESYNC_NEEDED","NONE,NONE,DELTA,NONE",
22.438903,2026-09-05T19:04:21.226+01:00,951042,1370209,262,262,True,True,0x04,"NO_IRQ,NO_IRQ,OK,RESYNC_NEEDED","NONE,NONE,DELTA,NONE",
22.443004,2026-09-05T19:04:21.233+01:00,951304,1370210,134,134,True,True,0x04,"NO_IRQ,NO_IRQ,OK,RESYNC_NEEDED","NONE,NONE,DELTA,NONE",
22.448191,2026-09-05T19:04:21.236+01:00,951438,1370211,194,194,True,True,0x04,"NO_IRQ,NO_IRQ,OK,RESYNC_NEEDED","NONE,NONE,DELTA,NONE",
22.452561,2026-09-05T19:04:21.242+01:00,951632,1370212,230,230,True,True,0x04,"NO_IRQ,NO_IRQ,OK,RESYNC_NEEDED","NONE,NONE,DELTA,NONE",
22.457335,2026-09-05T19:04:21.246+01:00,951862,1370213,254,254,True,True,0x04,"NO_IRQ,NO_IRQ,OK,RESYNC_NEEDED","NONE,NONE,DELTA,NONE",
22.462202,2026-09-05T19:04:21.251+01:00,952116,1370214,134,134,True,True,0x04,"NO_IRQ,NO_IRQ,OK,RESYNC_NEEDED","NONE,NONE,DELTA,NONE",
22.466920,2026-09-05T19:04:21.256+01:00,952250,1370215,198,198,True,True,0x04,"NO_IRQ,NO_IRQ,OK,RESYNC_NEEDED","NONE,NONE,DELTA,NONE",
22.472138,2026-09-05T19:04:21.260+01:00,952448,1370216,234,234,True,True,0x04,"NO_IRQ,NO_IRQ,OK,RESYNC_NEEDED","NONE,NONE,DELTA,NONE",
22.476997,2026-09-05T19:04:21.266+01:00,952682,1370217,252,252,True,True,0x04,"NO_IRQ,NO_IRQ,OK,RESYNC_NEEDED","NONE,NONE,DELTA,NONE",
22.486891,2026-09-05T19:04:21.270+01:00,952934,1370218,138,138,True,True,0x04,"NO_IRQ,NO_IRQ,OK,RESYNC_NEEDED","NONE,NONE,DELTA,NONE",
22.487369,2026-09-05T19:04:21.280+01:00,953072,1370219,198,198,True,True,0x04,"NO_IRQ,NO_IRQ,OK,RESYNC_NEEDED","NONE,NONE,DELTA,NONE",
22.497339,2026-09-05T19:04:21.281+01:00,953270,1370220,238,238,True,True,0x04,"NO_IRQ,NO_IRQ,OK,RESYNC_NEEDED","NONE,NONE,DELTA,NONE",
22.505571,2026-09-05T19:04:21.291+01:00,953508,1370221,246,246,True,True,0x04,"NO_IRQ,NO_IRQ,OK,RESYNC_NEEDED","NONE,NONE,DELTA,NONE",
22.506089,2026-09-05T19:04:21.299+01:00,953754,1370222,136,136,True,True,0x04,"NO_IRQ,NO_IRQ,OK,RESYNC_NEEDED","NONE,NONE,DELTA,NONE",
22.507321,2026-09-05T19:04:21.299+01:00,953890,1370223,192,192,True,True,0x04,"NO_IRQ,NO_IRQ,OK,RESYNC_NEEDED","NONE,NONE,DELTA,NONE",
22.511844,2026-09-05T19:04:21.301+01:00,954082,1370224,236,236,True,True,0x04,"NO_IRQ,NO_IRQ,OK,RESYNC_NEEDED","NONE,NONE,DELTA,NONE",
22.516764,2026-09-05T19:04:21.305+01:00,954318,1370225,252,252,True,True,0x04,"NO_IRQ,NO_IRQ,OK,RESYNC_NEEDED","NONE,NONE,DELTA,NONE",
22.528821,2026-09-05T19:04:21.310+01:00,954570,1370226,134,134,True,True,0x04,"NO_IRQ,NO_IRQ,OK,RESYNC_NEEDED","NONE,NONE,DELTA,NONE",
22.530170,2026-09-05T19:04:21.323+01:00,954704,1370227,194,194,True,True,0x04,"NO_IRQ,NO_IRQ,OK,RESYNC_NEEDED","NONE,NONE,DELTA,NONE",
22.531918,2026-09-05T19:04:21.324+01:00,954898,1370228,242,242,True,True,0x04,"NO_IRQ,NO_IRQ,OK,RESYNC_NEEDED","NONE,NONE,DELTA,NONE",
22.537227,2026-09-05T19:04:21.325+01:00,955140,1370229,248,248,True,True,0x04,"NO_IRQ,NO_IRQ,OK,RESYNC_NEEDED","NONE,NONE,DELTA,NONE",
22.541618,2026-09-05T19:04:21.331+01:00,955388,1370230,136,136,True,True,0x04,"NO_IRQ,NO_IRQ,OK,RESYNC_NEEDED","NONE,NONE,DELTA,NONE",
22.550886,2026-09-05T19:04:21.335+01:00,955524,1370231,184,184,True,True,0x04,"NO_IRQ,NO_IRQ,OK,RESYNC_NEEDED","NONE,NONE,DELTA,NONE",
22.554880,2026-09-05T19:04:21.348+01:00,955708,1370232,246,246,True,True,0x04,"NO_IRQ,NO_IRQ,OK,RESYNC_NEEDED","NONE,NONE,DELTA,NONE",
22.556795,2026-09-05T19:04:21.349+01:00,955954,1370233,256,256,True,True,0x04,"NO_IRQ,NO_IRQ,OK,RESYNC_NEEDED","NONE,NONE,DELTA,NONE",
22.562240,2026-09-05T19:04:21.350+01:00,956210,1370234,136,136,True,True,0x04,"NO_IRQ,NO_IRQ,OK,RESYNC_NEEDED","NONE,NONE,DELTA,NONE",
22.567165,2026-09-05T19:04:21.356+01:00,956346,1370235,1084,1084,True,True,0x04,"NO_IRQ,NO_IRQ,OK,RESYNC_NEEDED","NONE,NONE,DELTA_SYNC,NONE",
22.577596,2026-09-05T19:04:21.360+01:00,957430,1370236,248,248,True,True,0x04,"NO_IRQ,NO_IRQ,OK,RESYNC_NEEDED","NONE,NONE,DELTA,NONE",
22.578435,2026-09-05T19:04:21.371+01:00,957678,1370237,264,264,True,True,0x04,"NO_IRQ,NO_IRQ,OK,RESYNC_NEEDED","NONE,NONE,DELTA,NONE",
22.582415,2026-09-05T19:04:21.372+01:00,957942,1370238,148,148,True,True,0x04,"NO_IRQ,NO_IRQ,OK,RESYNC_NEEDED","NONE,NONE,DELTA,NONE",
22.586585,2026-09-05T19:04:21.376+01:00,958090,1370239,198,198,True,True,0x04,"NO_IRQ,NO_IRQ,OK,RESYNC_NEEDED","NONE,NONE,DELTA,NONE",
22.592269,2026-09-05T19:04:21.380+01:00,958288,1370240,234,234,True,True,0x04,"NO_IRQ,NO_IRQ,OK,RESYNC_NEEDED","NONE,NONE,DELTA,NONE",
22.603205,2026-09-05T19:04:21.386+01:00,958522,1370241,242,242,True,True,0x04,"NO_IRQ,NO_IRQ,OK,RESYNC_NEEDED","NONE,NONE,DELTA,NONE",
22.604138,2026-09-05T19:04:21.397+01:00,958764,1370242,142,142,True,True,0x04,"NO_IRQ,NO_IRQ,OK,RESYNC_NEEDED","NONE,NONE,DELTA,NONE",
22.606706,2026-09-05T19:04:21.398+01:00,958906,1370243,184,184,True,True,0x04,"NO_IRQ,NO_IRQ,OK,RESYNC_NEEDED","NONE,NONE,DELTA,NONE",
22.611828,2026-09-05T19:04:21.400+01:00,959090,1370244,240,240,True,True,0x04,"NO_IRQ,NO_IRQ,OK,RESYNC_NEEDED","NONE,NONE,DELTA,NONE",
22.617179,2026-09-05T19:04:21.405+01:00,959330,1370245,254,254,True,True,0x04,"NO_IRQ,NO_IRQ,OK,RESYNC_NEEDED","NONE,NONE,DELTA,NONE",
22.631454,2026-09-05T19:04:21.411+01:00,959584,1370246,142,142,True,True,0x04,"NO_IRQ,NO_IRQ,OK,RESYNC_NEEDED","NONE,NONE,DELTA,NONE",
22.632668,2026-09-05T19:04:21.425+01:00,959726,1370247,188,188,True,True,0x04,"NO_IRQ,NO_IRQ,OK,RESYNC_NEEDED","NONE,NONE,DELTA,NONE",
22.633467,2026-09-05T19:04:21.426+01:00,959914,1370248,240,240,True,True,0x04,"NO_IRQ,NO_IRQ,OK,RESYNC_NEEDED","NONE,NONE,DELTA,NONE",
22.637967,2026-09-05T19:04:21.427+01:00,960154,1370249,264,264,True,True,0x04,"NO_IRQ,NO_IRQ,OK,RESYNC_NEEDED","NONE,NONE,DELTA,NONE",
22.641927,2026-09-05T19:04:21.431+01:00,960418,1370250,146,146,True,True,0x04,"NO_IRQ,NO_IRQ,OK,RESYNC_NEEDED","NONE,NONE,DELTA,NONE",
22.652234,2026-09-05T19:04:21.436+01:00,960564,1370251,186,186,True,True,0x04,"NO_IRQ,NO_IRQ,OK,RESYNC_NEEDED","NONE,NONE,DELTA,NONE",
22.653144,2026-09-05T19:04:21.446+01:00,960750,1370252,240,240,True,True,0x04,"NO_IRQ,NO_IRQ,OK,RESYNC_NEEDED","NONE,NONE,DELTA,NONE",
22.656784,2026-09-05T19:04:21.446+01:00,960990,1370253,258,258,True,True,0x04,"NO_IRQ,NO_IRQ,OK,RESYNC_NEEDED","NONE,NONE,DELTA,NONE",
22.661394,2026-09-05T19:04:21.450+01:00,961248,1370254,142,142,True,True,0x04,"NO_IRQ,NO_IRQ,OK,RESYNC_NEEDED","NONE,NONE,DELTA,NONE",
22.666586,2026-09-05T19:04:21.455+01:00,961390,1370255,178,178,True,True,0x04,"NO_IRQ,NO_IRQ,OK,RESYNC_NEEDED","NONE,NONE,DELTA,NONE",
22.678117,2026-09-05T19:04:21.460+01:00,961568,1370256,242,242,True,True,0x04,"NO_IRQ,NO_IRQ,OK,RESYNC_NEEDED","NONE,NONE,DELTA,NONE",
22.678857,2026-09-05T19:04:21.471+01:00,961810,1370257,254,254,True,True,0x04,"NO_IRQ,NO_IRQ,OK,RESYNC_NEEDED","NONE,NONE,DELTA,NONE",
22.681909,2026-09-05T19:04:21.472+01:00,962064,1370258,150,150,True,True,0x04,"NO_IRQ,NO_IRQ,OK,RESYNC_NEEDED","NONE,NONE,DELTA,NONE",
22.686973,2026-09-05T19:04:21.475+01:00,962214,1370259,182,182,True,True,0x04,"NO_IRQ,NO_IRQ,OK,RESYNC_NEEDED","NONE,NONE,DELTA,NONE",
22.694276,2026-09-05T19:04:21.480+01:00,962396,1370260,246,246,True,True,0x04,"NO_IRQ,NO_IRQ,OK,RESYNC_NEEDED","NONE,NONE,DELTA,NONE",
22.696737,2026-09-05T19:04:21.488+01:00,962642,1370261,258,258,True,True,0x04,"NO_IRQ,NO_IRQ,OK,RESYNC_NEEDED","NONE,NONE,DELTA,NONE",
22.701514,2026-09-05T19:04:21.490+01:00,962900,1370262,148,148,True,True,0x04,"NO_IRQ,NO_IRQ,OK,RESYNC_NEEDED","NONE,NONE,DELTA,NONE",
22.706816,2026-09-05T19:04:21.495+01:00,963048,1370263,184,184,True,True,0x04,"NO_IRQ,NO_IRQ,OK,RESYNC_NEEDED","NONE,NONE,DELTA,NONE",
22.711493,2026-09-05T19:04:21.500+01:00,963232,1370264,240,240,True,True,0x04,"NO_IRQ,NO_IRQ,OK,RESYNC_NEEDED","NONE,NONE,DELTA,NONE",
22.716896,2026-09-05T19:04:21.505+01:00,963472,1370265,254,254,True,True,0x04,"NO_IRQ,NO_IRQ,OK,RESYNC_NEEDED","NONE,NONE,DELTA,NONE",
22.721494,2026-09-05T19:04:21.510+01:00,963726,1370266,148,148,True,True,0x04,"NO_IRQ,NO_IRQ,OK,RESYNC_NEEDED","NONE,NONE,DELTA,NONE",
22.738570,2026-09-05T19:04:21.515+01:00,963874,1370267,180,180,True,True,0x04,"NO_IRQ,NO_IRQ,OK,RESYNC_NEEDED","NONE,NONE,DELTA,NONE",
22.739088,2026-09-05T19:04:21.532+01:00,964054,1370268,242,242,True,True,0x04,"NO_IRQ,NO_IRQ,OK,RESYNC_NEEDED","NONE,NONE,DELTA,NONE",
22.740554,2026-09-05T19:04:21.533+01:00,964296,1370269,254,254,True,True,0x04,"NO_IRQ,NO_IRQ,OK,RESYNC_NEEDED","NONE,NONE,DELTA,NONE",
22.741412,2026-09-05T19:04:21.534+01:00,964550,1370270,146,146,True,True,0x04,"NO_IRQ,NO_IRQ,OK,RESYNC_NEEDED","NONE,NONE,DELTA,NONE",
22.747025,2026-09-05T19:04:21.535+01:00,964696,1370271,168,168,True,True,0x04,"NO_IRQ,NO_IRQ,OK,RESYNC_NEEDED","NONE,NONE,DELTA,NONE",
22.751988,2026-09-05T19:04:21.541+01:00,964864,1370272,232,232,True,True,0x04,"NO_IRQ,NO_IRQ,OK,RESYNC_NEEDED","NONE,NONE,DELTA,NONE",
22.763828,2026-09-05T19:04:21.546+01:00,965096,1370273,252,252,True,True,0x04,"NO_IRQ,NO_IRQ,OK,RESYNC_NEEDED","NONE,NONE,DELTA,NONE",
22.764951,2026-09-05T19:04:21.557+01:00,965348,1370274,146,146,True,True,0x04,"NO_IRQ,NO_IRQ,OK,RESYNC_NEEDED","NONE,NONE,DELTA,NONE",
22.767503,2026-09-05T19:04:21.558+01:00,965494,1370275,178,178,True,True,0x04,"NO_IRQ,NO_IRQ,OK,RESYNC_NEEDED","NONE,NONE,DELTA,NONE",
22.772837,2026-09-05T19:04:21.561+01:00,965672,1370276,248,248,True,True,0x04,"NO_IRQ,NO_IRQ,OK,RESYNC_NEEDED","NONE,NONE,DELTA,NONE",
22.776959,2026-09-05T19:04:21.566+01:00,965920,1370277,268,268,True,True,0x04,"NO_IRQ,NO_IRQ,OK,RESYNC_NEEDED","NONE,NONE,DELTA,NONE",
22.789538,2026-09-05T19:04:21.570+01:00,966188,1370278,152,152,True,True,0x04,"NO_IRQ,NO_IRQ,OK,RESYNC_NEEDED","NONE,NONE,DELTA,NONE",
22.790551,2026-09-05T19:04:21.583+01:00,966340,1370279,172,172,True,True,0x04,"NO_IRQ,NO_IRQ,OK,RESYNC_NEEDED","NONE,NONE,DELTA,NONE",
22.791921,2026-09-05T19:04:21.584+01:00,966512,1370280,244,244,True,True,0x04,"NO_IRQ,NO_IRQ,OK,RESYNC_NEEDED","NONE,NONE,DELTA,NONE",
22.796767,2026-09-05T19:04:21.586+01:00,966756,1370281,252,252,True,True,0x04,"NO_IRQ,NO_IRQ,OK,RESYNC_NEEDED","NONE,NONE,DELTA,NONE",
22.801585,2026-09-05T19:04:21.590+01:00,967008,1370282,152,152,True,True,0x04,"NO_IRQ,NO_IRQ,OK,RESYNC_NEEDED","NONE,NONE,DELTA,NONE",
22.815000,2026-09-05T19:04:21.595+01:00,967160,1370283,176,176,True,True,0x04,"NO_IRQ,NO_IRQ,OK,RESYNC_NEEDED","NONE,NONE,DELTA,NONE",
22.815898,2026-09-05T19:04:21.608+01:00,967336,1370284,240,240,True,True,0x04,"NO_IRQ,NO_IRQ,OK,RESYNC_NEEDED","NONE,NONE,DELTA,NONE",
22.816732,2026-09-05T19:04:21.609+01:00,967576,1370285,260,260,True,True,0x04,"NO_IRQ,NO_IRQ,OK,RESYNC_NEEDED","NONE,NONE,DELTA,NONE",
22.821826,2026-09-05T19:04:21.610+01:00,967836,1370286,152,152,True,True,0x04,"NO_IRQ,NO_IRQ,OK,RESYNC_NEEDED","NONE,NONE,DELTA,NONE",
22.826719,2026-09-05T19:04:21.615+01:00,967988,1370287,168,168,True,True,0x04,"NO_IRQ,NO_IRQ,OK,RESYNC_NEEDED","NONE,NONE,DELTA,NONE",
22.836530,2026-09-05T19:04:21.620+01:00,968156,1370288,242,242,True,True,0x04,"NO_IRQ,NO_IRQ,OK,RESYNC_NEEDED","NONE,NONE,DELTA,NONE",
22.837683,2026-09-05T19:04:21.630+01:00,968398,1370289,264,264,True,True,0x04,"NO_IRQ,NO_IRQ,OK,RESYNC_NEEDED","NONE,NONE,DELTA,NONE",
22.841700,2026-09-05T19:04:21.631+01:00,968662,1370290,154,154,True,True,0x04,"NO_IRQ,NO_IRQ,OK,RESYNC_NEEDED","NONE,NONE,DELTA,NONE",
22.846628,2026-09-05T19:04:21.635+01:00,968816,1370291,170,170,True,True,0x04,"NO_IRQ,NO_IRQ,OK,RESYNC_NEEDED","NONE,NONE,DELTA,NONE",
22.857309,2026-09-05T19:04:21.640+01:00,968986,1370292,246,246,True,True,0x04,"NO_IRQ,NO_IRQ,OK,RESYNC_NEEDED","NONE,NONE,DELTA,NONE",
22.858219,2026-09-05T19:04:21.651+01:00,969232,1370293,252,252,True,True,0x04,"NO_IRQ,NO_IRQ,OK,RESYNC_NEEDED","NONE,NONE,DELTA,NONE",
22.861636,2026-09-05T19:04:21.652+01:00,969484,1370294,152,152,True,True,0x04,"NO_IRQ,NO_IRQ,OK,RESYNC_NEEDED","NONE,NONE,DELTA,NONE",
22.866766,2026-09-05T19:04:21.655+01:00,969636,1370295,168,168,True,True,0x04,"NO_IRQ,NO_IRQ,OK,RESYNC_NEEDED","NONE,NONE,DELTA,NONE",
22.883345,2026-09-05T19:04:21.660+01:00,969804,1370296,236,236,True,True,0x04,"NO_IRQ,NO_IRQ,OK,RESYNC_NEEDED","NONE,NONE,DELTA,NONE",
22.884659,2026-09-05T19:04:21.677+01:00,970040,1370297,250,250,True,True,0x04,"NO_IRQ,NO_IRQ,OK,RESYNC_NEEDED","NONE,NONE,DELTA,NONE",
22.885802,2026-09-05T19:04:21.678+01:00,970290,1370298,158,158,True,True,0x04,"NO_IRQ,NO_IRQ,OK,RESYNC_NEEDED","NONE,NONE,DELTA,NONE",
22.887298,2026-09-05T19:04:21.679+01:00,970448,1370299,164,164,True,True,0x04,"NO_IRQ,NO_IRQ,OK,RESYNC_NEEDED","NONE,NONE,DELTA,NONE",
22.891876,2026-09-05T19:04:21.681+01:00,970612,1370300,248,248,True,True,0x04,"NO_IRQ,NO_IRQ,OK,RESYNC_NEEDED","NONE,NONE,DELTA,NONE",
22.896797,2026-09-05T19:04:21.685+01:00,970860,1370301,262,262,True,True,0x04,"NO_IRQ,NO_IRQ,OK,RESYNC_NEEDED","NONE,NONE,DELTA,NONE",
22.904703,2026-09-05T19:04:21.690+01:00,971122,1370302,158,158,True,True,0x04,"NO_IRQ,NO_IRQ,OK,RESYNC_NEEDED","NONE,NONE,DELTA,NONE",
22.906474,2026-09-05T19:04:21.698+01:00,971280,1370303,158,158,True,True,0x04,"NO_IRQ,NO_IRQ,OK,RESYNC_NEEDED","NONE,NONE,DELTA,NONE",
22.911739,2026-09-05T19:04:21.700+01:00,971438,1370304,244,244,True,True,0x04,"NO_IRQ,NO_IRQ,OK,RESYNC_NEEDED","NONE,NONE,DELTA,NONE",
22.916681,2026-09-05T19:04:21.705+01:00,971682,1370305,250,250,True,True,0x04,"NO_IRQ,NO_IRQ,OK,RESYNC_NEEDED","NONE,NONE,DELTA,NONE",
22.922234,2026-09-05T19:04:21.711+01:00,971932,1370306,154,154,True,True,0x04,"NO_IRQ,NO_IRQ,OK,RESYNC_NEEDED","NONE,NONE,DELTA,NONE",
22.926575,2026-09-05T19:04:21.716+01:00,972086,1370307,164,164,True,True,0x04,"NO_IRQ,NO_IRQ,OK,RESYNC_NEEDED","NONE,NONE,DELTA,NONE",
22.931274,2026-09-05T19:04:21.720+01:00,972250,1370308,242,242,True,True,0x04,"NO_IRQ,NO_IRQ,OK,RESYNC_NEEDED","NONE,NONE,DELTA,NONE",
22.945077,2026-09-05T19:04:21.725+01:00,972492,1370309,264,264,True,True,0x04,"NO_IRQ,NO_IRQ,OK,RESYNC_NEEDED","NONE,NONE,DELTA,NONE",
22.945398,2026-09-05T19:04:21.738+01:00,972756,1370310,154,154,True,True,0x04,"NO_IRQ,NO_IRQ,OK,RESYNC_NEEDED","NONE,NONE,DELTA,NONE",
22.946057,2026-09-05T19:04:21.739+01:00,972910,1370311,158,158,True,True,0x04,"NO_IRQ,NO_IRQ,OK,RESYNC_NEEDED","NONE,NONE,DELTA,NONE",
22.956468,2026-09-05T19:04:21.739+01:00,973068,1370312,256,256,True,True,0x04,"NO_IRQ,NO_IRQ,OK,RESYNC_NEEDED","NONE,NONE,DELTA,NONE",
22.960199,2026-09-05T19:04:21.753+01:00,973324,1370313,262,262,True,True,0x04,"NO_IRQ,NO_IRQ,OK,RESYNC_NEEDED","NONE,NONE,DELTA,NONE",
22.961854,2026-09-05T19:04:21.754+01:00,973586,1370314,152,152,True,True,0x04,"NO_IRQ,NO_IRQ,OK,RESYNC_NEEDED","NONE,NONE,DELTA,NONE",
22.967138,2026-09-05T19:04:21.756+01:00,973738,1370315,170,170,True,True,0x04,"NO_IRQ,NO_IRQ,OK,RESYNC_NEEDED","NONE,NONE,DELTA,NONE",
22.971744,2026-09-05T19:04:21.761+01:00,973908,1370316,256,256,True,True,0x04,"NO_IRQ,NO_IRQ,OK,RESYNC_NEEDED","NONE,NONE,DELTA,NONE",
22.978420,2026-09-05T19:04:21.765+01:00,974164,1370317,256,256,True,True,0x04,"NO_IRQ,NO_IRQ,OK,RESYNC_NEEDED","NONE,NONE,DELTA,NONE",
22.981495,2026-09-05T19:04:21.772+01:00,974420,1370318,156,156,True,True,0x04,"NO_IRQ,NO_IRQ,OK,RESYNC_NEEDED","NONE,NONE,DELTA,NONE",
22.986397,2026-09-05T19:04:21.775+01:00,974576,1370319,164,164,True,True,0x04,"NO_IRQ,NO_IRQ,OK,RESYNC_NEEDED","NONE,NONE,DELTA,NONE",
23.003912,2026-09-05T19:04:21.780+01:00,974740,1370320,256,256,True,True,0x04,"NO_IRQ,NO_IRQ,OK,RESYNC_NEEDED","NONE,NONE,DELTA,NONE",
23.006947,2026-09-05T19:04:21.797+01:00,974996,1370321,262,262,True,True,0x04,"NO_IRQ,NO_IRQ,OK,RESYNC_NEEDED","NONE,NONE,DELTA,NONE",
23.009140,2026-09-05T19:04:21.801+01:00,975258,1370322,152,152,True,True,0x04,"NO_IRQ,NO_IRQ,OK,RESYNC_NEEDED","NONE,NONE,DELTA,NONE",
23.010355,2026-09-05T19:04:21.802+01:00,975410,1370323,154,154,True,True,0x04,"NO_IRQ,NO_IRQ,OK,RESYNC_NEEDED","NONE,NONE,DELTA,NONE",
23.011490,2026-09-05T19:04:21.804+01:00,975564,1370324,250,250,True,True,0x04,"NO_IRQ,NO_IRQ,OK,RESYNC_NEEDED","NONE,NONE,DELTA,NONE",
23.017762,2026-09-05T19:04:21.805+01:00,975814,1370325,266,266,True,True,0x04,"NO_IRQ,NO_IRQ,OK,RESYNC_NEEDED","NONE,NONE,DELTA,NONE",
23.022435,2026-09-05T19:04:21.812+01:00,976080,1370326,172,172,True,True,0x04,"NO_IRQ,NO_IRQ,OK,RESYNC_NEEDED","NONE,NONE,DELTA,NONE",
23.026255,2026-09-05T19:04:21.816+01:00,976252,1370327,160,160,True,True,0x04,"NO_IRQ,NO_IRQ,OK,RESYNC_NEEDED","NONE,NONE,DELTA,NONE",
23.039278,2026-09-05T19:04:21.820+01:00,976412,1370328,242,242,True,True,0x04,"NO_IRQ,NO_IRQ,OK,RESYNC_NEEDED","NONE,NONE,DELTA,NONE",
23.040279,2026-09-05T19:04:21.833+01:00,976654,1370329,250,250,True,True,0x04,"NO_IRQ,NO_IRQ,OK,RESYNC_NEEDED","NONE,NONE,DELTA,NONE",
23.041181,2026-09-05T19:04:21.834+01:00,976904,1370330,164,164,True,True,0x04,"NO_IRQ,NO_IRQ,OK,RESYNC_NEEDED","NONE,NONE,DELTA,NONE",
23.048440,2026-09-05T19:04:21.834+01:00,977068,1370331,150,150,True,True,0x04,"NO_IRQ,NO_IRQ,OK,RESYNC_NEEDED","NONE,NONE,DELTA,NONE",
23.051503,2026-09-05T19:04:21.842+01:00,977218,1370332,246,246,True,True,0x04,"NO_IRQ,NO_IRQ,OK,RESYNC_NEEDED","NONE,NONE,DELTA,NONE",
23.062758,2026-09-05T19:04:21.845+01:00,977464,1370333,252,252,True,True,0x04,"NO_IRQ,NO_IRQ,OK,RESYNC_NEEDED","NONE,NONE,DELTA,NONE",
23.063870,2026-09-05T19:04:21.856+01:00,977716,1370334,160,160,True,True,0x04,"NO_IRQ,NO_IRQ,OK,RESYNC_NEEDED","NONE,NONE,DELTA,NONE",
23.066477,2026-09-05T19:04:21.857+01:00,977876,1370335,164,164,True,True,0x04,"NO_IRQ,NO_IRQ,OK,RESYNC_NEEDED","NONE,NONE,DELTA,NONE",
23.071763,2026-09-05T19:04:21.860+01:00,978040,1370336,252,252,True,True,0x04,"NO_IRQ,NO_IRQ,OK,RESYNC_NEEDED","NONE,NONE,DELTA,NONE",
23.081946,2026-09-05T19:04:21.865+01:00,978292,1370337,258,258,True,True,0x04,"NO_IRQ,NO_IRQ,OK,RESYNC_NEEDED","NONE,NONE,DELTA,NONE",
23.082624,2026-09-05T19:04:21.875+01:00,978550,1370338,164,164,True,True,0x04,"NO_IRQ,NO_IRQ,OK,RESYNC_NEEDED","NONE,NONE,DELTA,NONE",
23.086573,2026-09-05T19:04:21.876+01:00,978714,1370339,152,152,True,True,0x04,"NO_IRQ,NO_IRQ,OK,RESYNC_NEEDED","NONE,NONE,DELTA,NONE",
23.091455,2026-09-05T19:04:21.880+01:00,978866,1370340,252,252,True,True,0x04,"NO_IRQ,NO_IRQ,OK,RESYNC_NEEDED","NONE,NONE,DELTA,NONE",
23.099238,2026-09-05T19:04:21.885+01:00,979118,1370341,244,244,True,True,0x04,"NO_IRQ,NO_IRQ,OK,RESYNC_NEEDED","NONE,NONE,DELTA,NONE",
23.101356,2026-09-05T19:04:21.893+01:00,979362,1370342,166,166,True,True,0x04,"NO_IRQ,NO_IRQ,OK,RESYNC_NEEDED","NONE,NONE,DELTA,NONE",
23.106346,2026-09-05T19:04:21.895+01:00,979528,1370343,156,156,True,True,0x04,"NO_IRQ,NO_IRQ,OK,RESYNC_NEEDED","NONE,NONE,DELTA,NONE",
23.119488,2026-09-05T19:04:21.900+01:00,979684,1370344,242,242,True,True,0x04,"NO_IRQ,NO_IRQ,OK,RESYNC_NEEDED","NONE,NONE,DELTA,NONE",
23.120834,2026-09-05T19:04:21.913+01:00,979926,1370345,246,246,True,True,0x04,"NO_IRQ,NO_IRQ,OK,RESYNC_NEEDED","NONE,NONE,DELTA,NONE",
23.121964,2026-09-05T19:04:21.915+01:00,980172,1370346,166,166,True,True,0x04,"NO_IRQ,NO_IRQ,OK,RESYNC_NEEDED","NONE,NONE,DELTA,NONE",
23.126186,2026-09-05T19:04:21.915+01:00,980338,1370347,156,156,True,True,0x04,"NO_IRQ,NO_IRQ,OK,RESYNC_NEEDED","NONE,NONE,DELTA,NONE",
23.133068,2026-09-05T19:04:21.919+01:00,980494,1370348,252,252,True,True,0x04,"NO_IRQ,NO_IRQ,OK,RESYNC_NEEDED","NONE,NONE,DELTA,NONE",
23.136554,2026-09-05T19:04:21.926+01:00,980746,1370349,246,246,True,True,0x04,"NO_IRQ,NO_IRQ,OK,RESYNC_NEEDED","NONE,NONE,DELTA,NONE",
23.141579,2026-09-05T19:04:21.930+01:00,980992,1370350,170,170,True,True,0x04,"NO_IRQ,NO_IRQ,OK,RESYNC_NEEDED","NONE,NONE,DELTA,NONE",
23.146052,2026-09-05T19:04:21.935+01:00,981162,1370351,150,150,True,True,0x04,"NO_IRQ,NO_IRQ,OK,RESYNC_NEEDED","NONE,NONE,DELTA,NONE",
23.151104,2026-09-05T19:04:21.939+01:00,981312,1370352,246,246,True,True,0x04,"NO_IRQ,NO_IRQ,OK,RESYNC_NEEDED","NONE,NONE,DELTA,NONE",
23.156089,2026-09-05T19:04:21.944+01:00,981558,1370353,248,248,True,True,0x04,"NO_IRQ,NO_IRQ,OK,RESYNC_NEEDED","NONE,NONE,DELTA,NONE",
23.166741,2026-09-05T19:04:21.949+01:00,981806,1370354,172,172,True,True,0x04,"NO_IRQ,NO_IRQ,OK,RESYNC_NEEDED","NONE,NONE,DELTA,NONE",
23.172512,2026-09-05T19:04:21.960+01:00,981978,1370355,156,156,True,True,0x04,"NO_IRQ,NO_IRQ,OK,RESYNC_NEEDED","NONE,NONE,DELTA,NONE",
23.173256,2026-09-05T19:04:21.966+01:00,982134,1370356,242,242,True,True,0x04,"NO_IRQ,NO_IRQ,OK,RESYNC_NEEDED","NONE,NONE,DELTA,NONE",
23.176895,2026-09-05T19:04:21.967+01:00,982376,1370357,244,244,True,True,0x04,"NO_IRQ,NO_IRQ,OK,RESYNC_NEEDED","NONE,NONE,DELTA,NONE",
23.181597,2026-09-05T19:04:21.970+01:00,982620,1370358,168,168,True,True,0x04,"NO_IRQ,NO_IRQ,OK,RESYNC_NEEDED","NONE,NONE,DELTA,NONE",
23.186157,2026-09-05T19:04:21.975+01:00,982788,1370359,156,156,True,True,0x04,"NO_IRQ,NO_IRQ,OK,RESYNC_NEEDED","NONE,NONE,DELTA,NONE",
23.193588,2026-09-05T19:04:21.979+01:00,982944,1370360,244,244,True,True,0x04,"NO_IRQ,NO_IRQ,OK,RESYNC_NEEDED","NONE,NONE,DELTA,NONE",
23.196498,2026-09-05T19:04:21.988+01:00,983188,1370361,240,240,True,True,0x04,"NO_IRQ,NO_IRQ,OK,RESYNC_NEEDED","NONE,NONE,DELTA,NONE",
23.201093,2026-09-05T19:04:21.990+01:00,983428,1370362,176,176,True,True,0x04,"NO_IRQ,NO_IRQ,OK,RESYNC_NEEDED","NONE,NONE,DELTA,NONE",
23.212179,2026-09-05T19:04:21.994+01:00,983604,1370363,156,156,True,True,0x04,"NO_IRQ,NO_IRQ,OK,RESYNC_NEEDED","NONE,NONE,DELTA,NONE",
23.219029,2026-09-05T19:04:22.011+01:00,983760,1370364,248,248,True,True,0x04,"NO_IRQ,NO_IRQ,OK,RESYNC_NEEDED","NONE,NONE,DELTA,NONE",
23.220683,2026-09-05T19:04:22.012+01:00,984008,1370365,236,236,True,True,0x04,"NO_IRQ,NO_IRQ,OK,RESYNC_NEEDED","NONE,NONE,DELTA,NONE",
23.221225,2026-09-05T19:04:22.014+01:00,984244,1370366,180,180,True,True,0x04,"NO_IRQ,NO_IRQ,OK,RESYNC_NEEDED","NONE,NONE,DELTA,NONE",
23.226156,2026-09-05T19:04:22.015+01:00,984424,1370367,154,154,True,True,0x04,"NO_IRQ,NO_IRQ,OK,RESYNC_NEEDED","NONE,NONE,DELTA,NONE",
23.233951,2026-09-05T19:04:22.019+01:00,984578,1370368,244,244,True,True,0x04,"NO_IRQ,NO_IRQ,OK,RESYNC_NEEDED","NONE,NONE,DELTA,NONE",
23.236462,2026-09-05T19:04:22.027+01:00,984822,1370369,246,246,True,True,0x04,"NO_IRQ,NO_IRQ,OK,RESYNC_NEEDED","NONE,NONE,DELTA,NONE",
23.241192,2026-09-05T19:04:22.030+01:00,985068,1370370,180,180,True,True,0x04,"NO_IRQ,NO_IRQ,OK,RESYNC_NEEDED","NONE,NONE,DELTA,NONE",
23.252437,2026-09-05T19:04:22.035+01:00,985248,1370371,152,152,True,True,0x04,"NO_IRQ,NO_IRQ,OK,RESYNC_NEEDED","NONE,NONE,DELTA,NONE",
23.253323,2026-09-05T19:04:22.046+01:00,985400,1370372,238,238,True,True,0x04,"NO_IRQ,NO_IRQ,OK,RESYNC_NEEDED","NONE,NONE,DELTA,NONE",
23.256657,2026-09-05T19:04:22.047+01:00,985638,1370373,244,244,True,True,0x04,"NO_IRQ,NO_IRQ,OK,RESYNC_NEEDED","NONE,NONE,DELTA,NONE",
23.261782,2026-09-05T19:04:22.050+01:00,985882,1370374,178,178,True,True,0x04,"NO_IRQ,NO_IRQ,OK,RESYNC_NEEDED","NONE,NONE,DELTA,NONE",
23.266199,2026-09-05T19:04:22.055+01:00,986060,1370375,152,152,True,True,0x04,"NO_IRQ,NO_IRQ,OK,RESYNC_NEEDED","NONE,NONE,DELTA,NONE",
23.279198,2026-09-05T19:04:22.060+01:00,986212,1370376,254,254,True,True,0x04,"NO_IRQ,NO_IRQ,OK,RESYNC_NEEDED","NONE,NONE,DELTA,NONE",
23.280039,2026-09-05T19:04:22.073+01:00,986466,1370377,256,256,True,True,0x04,"NO_IRQ,NO_IRQ,OK,RESYNC_NEEDED","NONE,NONE,DELTA,NONE",
23.281012,2026-09-05T19:04:22.073+01:00,986722,1370378,178,178,True,True,0x04,"NO_IRQ,NO_IRQ,OK,RESYNC_NEEDED","NONE,NONE,DELTA,NONE",
23.286406,2026-09-05T19:04:22.074+01:00,986900,1370379,148,148,True,True,0x04,"NO_IRQ,NO_IRQ,OK,RESYNC_NEEDED","NONE,NONE,DELTA,NONE",
23.291305,2026-09-05T19:04:22.080+01:00,987048,1370380,246,246,True,True,0x04,"NO_IRQ,NO_IRQ,OK,RESYNC_NEEDED","NONE,NONE,DELTA,NONE",
23.297461,2026-09-05T19:04:22.085+01:00,987294,1370381,242,242,True,True,0x04,"NO_IRQ,NO_IRQ,OK,RESYNC_NEEDED","NONE,NONE,DELTA,NONE",
23.306284,2026-09-05T19:04:22.091+01:00,987536,1370382,174,174,True,True,0x04,"NO_IRQ,NO_IRQ,OK,RESYNC_NEEDED","NONE,NONE,DELTA,NONE",
23.306605,2026-09-05T19:04:22.100+01:00,987710,1370383,156,156,True,True,0x04,"NO_IRQ,NO_IRQ,OK,RESYNC_NEEDED","NONE,NONE,DELTA,NONE",
23.311472,2026-09-05T19:04:22.100+01:00,987866,1370384,238,238,True,True,0x04,"NO_IRQ,NO_IRQ,OK,RESYNC_NEEDED","NONE,NONE,DELTA,NONE",
23.316967,2026-09-05T19:04:22.105+01:00,988104,1370385,246,246,True,True,0x04,"NO_IRQ,NO_IRQ,OK,RESYNC_NEEDED","NONE,NONE,DELTA,NONE",
23.323294,2026-09-05T19:04:22.110+01:00,988350,1370386,180,180,True,True,0x04,"NO_IRQ,NO_IRQ,OK,RESYNC_NEEDED","NONE,NONE,DELTA,NONE",
23.326038,2026-09-05T19:04:22.117+01:00,988530,1370387,144,144,True,True,0x04,"NO_IRQ,NO_IRQ,OK,RESYNC_NEEDED","NONE,NONE,DELTA,NONE",
23.340947,2026-09-05T19:04:22.119+01:00,988674,1370388,246,246,True,True,0x04,"NO_IRQ,NO_IRQ,OK,RESYNC_NEEDED","NONE,NONE,DELTA,NONE",
23.341504,2026-09-05T19:04:22.134+01:00,988920,1370389,240,240,True,True,0x04,"NO_IRQ,NO_IRQ,OK,RESYNC_NEEDED","NONE,NONE,DELTA,NONE",
23.342418,2026-09-05T19:04:22.135+01:00,989160,1370390,178,178,True,True,0x04,"NO_IRQ,NO_IRQ,OK,RESYNC_NEEDED","NONE,NONE,DELTA,NONE",
23.346159,2026-09-05T19:04:22.136+01:00,989338,1370391,140,140,True,True,0x04,"NO_IRQ,NO_IRQ,OK,RESYNC_NEEDED","NONE,NONE,DELTA,NONE",
23.351744,2026-09-05T19:04:22.140+01:00,989478,1370392,246,246,True,True,0x04,"NO_IRQ,NO_IRQ,OK,RESYNC_NEEDED","NONE,NONE,DELTA,NONE",
23.356022,2026-09-05T19:04:22.145+01:00,989724,1370393,236,236,True,True,0x04,"NO_IRQ,NO_IRQ,OK,RESYNC_NEEDED","NONE,NONE,DELTA,NONE",
23.362417,2026-09-05T19:04:22.149+01:00,989960,1370394,184,184,True,True,0x04,"NO_IRQ,NO_IRQ,OK,RESYNC_NEEDED","NONE,NONE,DELTA,NONE",
23.367255,2026-09-05T19:04:22.156+01:00,990144,1370395,144,144,True,True,0x04,"NO_IRQ,NO_IRQ,OK,RESYNC_NEEDED","NONE,NONE,DELTA,NONE",
23.370969,2026-09-05T19:04:22.161+01:00,990288,1370396,250,250,True,True,0x04,"NO_IRQ,NO_IRQ,OK,RESYNC_NEEDED","NONE,NONE,DELTA,NONE",
23.376412,2026-09-05T19:04:22.164+01:00,990538,1370397,238,238,True,True,0x04,"NO_IRQ,NO_IRQ,OK,RESYNC_NEEDED","NONE,NONE,DELTA,NONE",
23.381020,2026-09-05T19:04:22.170+01:00,990776,1370398,186,186,True,True,0x04,"NO_IRQ,NO_IRQ,OK,RESYNC_NEEDED","NONE,NONE,DELTA,NONE",
23.386079,2026-09-05T19:04:22.174+01:00,990962,1370399,144,144,True,True,0x04,"NO_IRQ,NO_IRQ,OK,RESYNC_NEEDED","NONE,NONE,DELTA,NONE",
23.391242,2026-09-05T19:04:22.179+01:00,991106,1370400,252,252,True,True,0x04,"NO_IRQ,NO_IRQ,OK,RESYNC_NEEDED","NONE,NONE,DELTA,NONE",
23.396051,2026-09-05T19:04:22.185+01:00,991358,1370401,234,234,True,True,0x04,"NO_IRQ,NO_IRQ,OK,RESYNC_NEEDED","NONE,NONE,DELTA,NONE",
23.407351,2026-09-05T19:04:22.189+01:00,991592,1370402,186,186,True,True,0x04,"NO_IRQ,NO_IRQ,OK,RESYNC_NEEDED","NONE,NONE,DELTA,NONE",
23.407835,2026-09-05T19:04:22.201+01:00,991778,1370403,140,140,True,True,0x04,"NO_IRQ,NO_IRQ,OK,RESYNC_NEEDED","NONE,NONE,DELTA,NONE",
23.426606,2026-09-05T19:04:22.201+01:00,991918,1370404,246,246,True,True,0x04,"NO_IRQ,NO_IRQ,OK,RESYNC_NEEDED","NONE,NONE,DELTA,NONE",
23.427383,2026-09-05T19:04:22.220+01:00,992164,1370405,246,246,True,True,0x04,"NO_IRQ,NO_IRQ,OK,RESYNC_NEEDED","NONE,NONE,DELTA,NONE",
23.428362,2026-09-05T19:04:22.221+01:00,992410,1370406,184,184,True,True,0x04,"NO_IRQ,NO_IRQ,OK,RESYNC_NEEDED","NONE,NONE,DELTA,NONE",
23.429306,2026-09-05T19:04:22.222+01:00,992594,1370407,142,142,True,True,0x04,"NO_IRQ,NO_IRQ,OK,RESYNC_NEEDED","NONE,NONE,DELTA,NONE",
23.431136,2026-09-05T19:04:22.223+01:00,992736,1370408,252,252,True,True,0x04,"NO_IRQ,NO_IRQ,OK,RESYNC_NEEDED","NONE,NONE,DELTA,NONE",
23.436457,2026-09-05T19:04:22.225+01:00,992988,1370409,244,244,True,True,0x04,"NO_IRQ,NO_IRQ,OK,RESYNC_NEEDED","NONE,NONE,DELTA,NONE",
23.442402,2026-09-05T19:04:22.230+01:00,993232,1370410,194,194,True,True,0x04,"NO_IRQ,NO_IRQ,OK,RESYNC_NEEDED","NONE,NONE,DELTA,NONE",
23.445687,2026-09-05T19:04:22.236+01:00,993426,1370411,140,140,True,True,0x04,"NO_IRQ,NO_IRQ,OK,RESYNC_NEEDED","NONE,NONE,DELTA,NONE",
23.455664,2026-09-05T19:04:22.239+01:00,993566,1370412,242,242,True,True,0x04,"NO_IRQ,NO_IRQ,OK,RESYNC_NEEDED","NONE,NONE,DELTA,NONE",
23.456598,2026-09-05T19:04:22.249+01:00,993808,1370413,244,244,True,True,0x04,"NO_IRQ,NO_IRQ,OK,RESYNC_NEEDED","NONE,NONE,DELTA,NONE",
23.461105,2026-09-05T19:04:22.250+01:00,994052,1370414,182,182,True,True,0x04,"NO_IRQ,NO_IRQ,OK,RESYNC_NEEDED","NONE,NONE,DELTA,NONE",
23.465995,2026-09-05T19:04:22.255+01:00,994234,1370415,138,138,True,True,0x04,"NO_IRQ,NO_IRQ,OK,RESYNC_NEEDED","NONE,NONE,DELTA,NONE",
23.478147,2026-09-05T19:04:22.260+01:00,994372,1370416,252,252,True,True,0x04,"NO_IRQ,NO_IRQ,OK,RESYNC_NEEDED","NONE,NONE,DELTA,NONE",
23.479266,2026-09-05T19:04:22.272+01:00,994624,1370417,236,236,True,True,0x04,"NO_IRQ,NO_IRQ,OK,RESYNC_NEEDED","NONE,NONE,DELTA,NONE",
23.481066,2026-09-05T19:04:22.273+01:00,994860,1370418,192,192,True,True,0x04,"NO_IRQ,NO_IRQ,OK,RESYNC_NEEDED","NONE,NONE,DELTA,NONE",
23.486232,2026-09-05T19:04:22.275+01:00,995052,1370419,138,138,True,True,0x04,"NO_IRQ,NO_IRQ,OK,RESYNC_NEEDED","NONE,NONE,DELTA,NONE",
23.491298,2026-09-05T19:04:22.280+01:00,995190,1370420,258,258,True,True,0x04,"NO_IRQ,NO_IRQ,OK,RESYNC_NEEDED","NONE,NONE,DELTA,NONE",
23.506872,2026-09-05T19:04:22.285+01:00,995448,1370421,236,236,True,True,0x04,"NO_IRQ,NO_IRQ,OK,RESYNC_NEEDED","NONE,NONE,DELTA,NONE",
23.507826,2026-09-05T19:04:22.300+01:00,995684,1370422,188,188,True,True,0x04,"NO_IRQ,NO_IRQ,OK,RESYNC_NEEDED","NONE,NONE,DELTA,NONE",
23.509330,2026-09-05T19:04:22.301+01:00,995872,1370423,144,144,True,True,0x04,"NO_IRQ,NO_IRQ,OK,RESYNC_NEEDED","NONE,NONE,DELTA,NONE",
23.511179,2026-09-05T19:04:22.303+01:00,996016,1370424,240,240,True,True,0x04,"NO_IRQ,NO_IRQ,OK,RESYNC_NEEDED","NONE,NONE,DELTA,NONE",
23.515788,2026-09-05T19:04:22.304+01:00,996256,1370425,226,226,True,True,0x04,"NO_IRQ,NO_IRQ,OK,RESYNC_NEEDED","NONE,NONE,DELTA,NONE",
23.521452,2026-09-05T19:04:22.309+01:00,996482,1370426,182,182,True,True,0x04,"NO_IRQ,NO_IRQ,OK,RESYNC_NEEDED","NONE,NONE,DELTA,NONE",
23.533936,2026-09-05T19:04:22.315+01:00,996664,1370427,142,142,True,True,0x04,"NO_IRQ,NO_IRQ,OK,RESYNC_NEEDED","NONE,NONE,DELTA,NONE",
23.535046,2026-09-05T19:04:22.327+01:00,996806,1370428,258,258,True,True,0x04,"NO_IRQ,NO_IRQ,OK,RESYNC_NEEDED","NONE,NONE,DELTA,NONE",
23.536107,2026-09-05T19:04:22.328+01:00,997064,1370429,220,220,True,True,0x04,"NO_IRQ,NO_IRQ,OK,RESYNC_NEEDED","NONE,NONE,DELTA,NONE",
23.541106,2026-09-05T19:04:22.330+01:00,997284,1370430,196,196,True,True,0x04,"NO_IRQ,NO_IRQ,OK,RESYNC_NEEDED","NONE,NONE,DELTA,NONE",
23.545968,2026-09-05T19:04:22.335+01:00,997480,1370431,146,146,True,True,0x04,"NO_IRQ,NO_IRQ,OK,RESYNC_NEEDED","NONE,NONE,DELTA,NONE",
23.557739,2026-09-05T19:04:22.339+01:00,997626,1370432,242,242,True,True,0x04,"NO_IRQ,NO_IRQ,OK,RESYNC_NEEDED","NONE,NONE,DELTA,NONE",
23.559038,2026-09-05T19:04:22.351+01:00,997868,1370433,234,234,True,True,0x04,"NO_IRQ,NO_IRQ,OK,RESYNC_NEEDED","NONE,NONE,DELTA,NONE",
23.560991,2026-09-05T19:04:22.352+01:00,998102,1370434,198,198,True,True,0x04,"NO_IRQ,NO_IRQ,OK,RESYNC_NEEDED","NONE,NONE,DELTA,NONE",
23.566172,2026-09-05T19:04:22.354+01:00,998300,1370435,1084,1084,True,True,0x04,"NO_IRQ,NO_IRQ,OK,RESYNC_NEEDED","NONE,NONE,DELTA_SYNC,NONE",
23.571101,2026-09-05T19:04:22.360+01:00,999384,1370436,254,254,True,True,0x04,"NO_IRQ,NO_IRQ,OK,RESYNC_NEEDED","NONE,NONE,DELTA,NONE",
23.580241,2026-09-05T19:04:22.364+01:00,999638,1370437,244,244,True,True,0x04,"NO_IRQ,NO_IRQ,OK,RESYNC_NEEDED","NONE,NONE,DELTA,NONE",
23.581476,2026-09-05T19:04:22.374+01:00,999882,1370438,190,190,True,True,0x04,"NO_IRQ,NO_IRQ,OK,RESYNC_NEEDED","NONE,NONE,DELTA,NONE",
23.585859,2026-09-05T19:04:22.375+01:00,1000072,1370439,144,144,True,True,0x04,"NO_IRQ,NO_IRQ,OK,RESYNC_NEEDED","NONE,NONE,DELTA,NONE",
23.590776,2026-09-05T19:04:22.379+01:00,1000216,1370440,240,240,True,True,0x04,"NO_IRQ,NO_IRQ,OK,RESYNC_NEEDED","NONE,NONE,DELTA,NONE",
23.603386,2026-09-05T19:04:22.384+01:00,1000456,1370441,228,228,True,True,0x04,"NO_IRQ,NO_IRQ,OK,RESYNC_NEEDED","NONE,NONE,DELTA,NONE",
23.604580,2026-09-05T19:04:22.397+01:00,1000684,1370442,200,200,True,True,0x04,"NO_IRQ,NO_IRQ,OK,RESYNC_NEEDED","NONE,NONE,DELTA,NONE",
23.605808,2026-09-05T19:04:22.398+01:00,1000884,1370443,138,138,True,True,0x04,"NO_IRQ,NO_IRQ,OK,RESYNC_NEEDED","NONE,NONE,DELTA,NONE",
23.610752,2026-09-05T19:04:22.399+01:00,1001022,1370444,244,244,True,True,0x04,"NO_IRQ,NO_IRQ,OK,RESYNC_NEEDED","NONE,NONE,DELTA,NONE",
23.615730,2026-09-05T19:04:22.404+01:00,1001266,1370445,226,226,True,True,0x04,"NO_IRQ,NO_IRQ,OK,RESYNC_NEEDED","NONE,NONE,DELTA,NONE",
23.622430,2026-09-05T19:04:22.409+01:00,1001492,1370446,196,196,True,True,0x04,"NO_IRQ,NO_IRQ,OK,RESYNC_NEEDED","NONE,NONE,DELTA,NONE",
23.627872,2026-09-05T19:04:22.416+01:00,1001688,1370447,136,136,True,True,0x04,"NO_IRQ,NO_IRQ,OK,RESYNC_NEEDED","NONE,NONE,DELTA,NONE",
23.631813,2026-09-05T19:04:22.421+01:00,1001824,1370448,244,244,True,True,0x04,"NO_IRQ,NO_IRQ,OK,RESYNC_NEEDED","NONE,NONE,DELTA,NONE",
23.635656,2026-09-05T19:04:22.425+01:00,1002068,1370449,240,240,True,True,0x04,"NO_IRQ,NO_IRQ,OK,RESYNC_NEEDED","NONE,NONE,DELTA,NONE",
23.641231,2026-09-05T19:04:22.429+01:00,1002308,1370450,196,196,True,True,0x04,"NO_IRQ,NO_IRQ,OK,RESYNC_NEEDED","NONE,NONE,DELTA,NONE",
23.645473,2026-09-05T19:04:22.435+01:00,1002504,1370451,134,134,True,True,0x04,"NO_IRQ,NO_IRQ,OK,RESYNC_NEEDED","NONE,NONE,DELTA,NONE",
23.657950,2026-09-05T19:04:22.439+01:00,1002638,1370452,252,252,True,True,0x04,"NO_IRQ,NO_IRQ,OK,RESYNC_NEEDED","NONE,NONE,DELTA,NONE",
23.661060,2026-09-05T19:04:22.451+01:00,1002890,1370453,242,242,True,True,0x04,"NO_IRQ,NO_IRQ,OK,RESYNC_NEEDED","NONE,NONE,DELTA,NONE",
23.666147,2026-09-05T19:04:22.458+01:00,1003132,1370454,198,198,True,True,0x04,"NO_IRQ,NO_IRQ,OK,RESYNC_NEEDED","NONE,NONE,DELTA,NONE",
23.667070,2026-09-05T19:04:22.460+01:00,1003330,1370455,144,144,True,True,0x04,"NO_IRQ,NO_IRQ,OK,RESYNC_NEEDED","NONE,NONE,DELTA,NONE",
23.673480,2026-09-05T19:04:22.461+01:00,1003474,1370456,244,244,True,True,0x04,"NO_IRQ,NO_IRQ,OK,RESYNC_NEEDED","NONE,NONE,DELTA,NONE",
23.676066,2026-09-05T19:04:22.467+01:00,1003718,1370457,232,232,True,True,0x04,"NO_IRQ,NO_IRQ,OK,RESYNC_NEEDED","NONE,NONE,DELTA,NONE",
23.680662,2026-09-05T19:04:22.470+01:00,1003950,1370458,198,198,True,True,0x04,"NO_IRQ,NO_IRQ,OK,RESYNC_NEEDED","NONE,NONE,DELTA,NONE",
23.694548,2026-09-05T19:04:22.474+01:00,1004148,1370459,136,136,True,True,0x04,"NO_IRQ,NO_IRQ,OK,RESYNC_NEEDED","NONE,NONE,DELTA,NONE",
23.695671,2026-09-05T19:04:22.488+01:00,1004284,1370460,240,240,True,True,0x04,"NO_IRQ,NO_IRQ,OK,RESYNC_NEEDED","NONE,NONE,DELTA,NONE",
23.696920,2026-09-05T19:04:22.489+01:00,1004524,1370461,226,226,True,True,0x04,"NO_IRQ,NO_IRQ,OK,RESYNC_NEEDED","NONE,NONE,DELTA,NONE",
23.701063,2026-09-05T19:04:22.490+01:00,1004750,1370462,202,202,True,True,0x04,"NO_IRQ,NO_IRQ,OK,RESYNC_NEEDED","NONE,NONE,DELTA,NONE",
23.705834,2026-09-05T19:04:22.494+01:00,1004952,1370463,140,140,True,True,0x04,"NO_IRQ,NO_IRQ,OK,RESYNC_NEEDED","NONE,NONE,DELTA,NONE",
23.718423,2026-09-05T19:04:22.499+01:00,1005092,1370464,242,242,True,True,0x04,"NO_IRQ,NO_IRQ,OK,RESYNC_NEEDED","NONE,NONE,DELTA,NONE",
23.719421,2026-09-05T19:04:22.512+01:00,1005334,1370465,234,234,True,True,0x04,"NO_IRQ,NO_IRQ,OK,RESYNC_NEEDED","NONE,NONE,DELTA,NONE",
23.721177,2026-09-05T19:04:22.513+01:00,1005568,1370466,214,214,True,True,0x04,"NO_IRQ,NO_IRQ,OK,RESYNC_NEEDED","NONE,NONE,DELTA,NONE",
23.725762,2026-09-05T19:04:22.515+01:00,1005782,1370467,136,136,True,True,0x04,"NO_IRQ,NO_IRQ,OK,RESYNC_NEEDED","NONE,NONE,DELTA,NONE",
23.730928,2026-09-05T19:04:22.519+01:00,1005918,1370468,256,256,True,True,0x04,"NO_IRQ,NO_IRQ,OK,RESYNC_NEEDED","NONE,NONE,DELTA,NONE",
23.741907,2026-09-05T19:04:22.524+01:00,1006174,1370469,232,232,True,True,0x04,"NO_IRQ,NO_IRQ,OK,RESYNC_NEEDED","NONE,NONE,DELTA,NONE",
23.743046,2026-09-05T19:04:22.535+01:00,1006406,1370470,206,206,True,True,0x04,"NO_IRQ,NO_IRQ,OK,RESYNC_NEEDED","NONE,NONE,DELTA,NONE",
23.745849,2026-09-05T19:04:22.536+01:00,1006612,1370471,140,140,True,True,0x04,"NO_IRQ,NO_IRQ,OK,RESYNC_NEEDED","NONE,NONE,DELTA,NONE",
23.751134,2026-09-05T19:04:22.539+01:00,1006752,1370472,244,244,True,True,0x04,"NO_IRQ,NO_IRQ,OK,RESYNC_NEEDED","NONE,NONE,DELTA,NONE",
23.755716,2026-09-05T19:04:22.544+01:00,1006996,1370473,240,240,True,True,0x04,"NO_IRQ,NO_IRQ,OK,RESYNC_NEEDED","NONE,NONE,DELTA,NONE",
23.768272,2026-09-05T19:04:22.549+01:00,1007236,1370474,198,198,True,True,0x04,"NO_IRQ,NO_IRQ,OK,RESYNC_NEEDED","NONE,NONE,DELTA,NONE",
23.769487,2026-09-05T19:04:22.562+01:00,1007434,1370475,138,138,True,True,0x04,"NO_IRQ,NO_IRQ,OK,RESYNC_NEEDED","NONE,NONE,DELTA,NONE",
23.770920,2026-09-05T19:04:22.563+01:00,1007572,1370476,246,246,True,True,0x04,"NO_IRQ,NO_IRQ,OK,RESYNC_NEEDED","NONE,NONE,DELTA,NONE",
23.776801,2026-09-05T19:04:22.564+01:00,1007818,1370477,248,248,True,True,0x04,"NO_IRQ,NO_IRQ,OK,RESYNC_NEEDED","NONE,NONE,DELTA,NONE",
23.780692,2026-09-05T19:04:22.570+01:00,1008066,1370478,214,214,True,True,0x04,"NO_IRQ,NO_IRQ,OK,RESYNC_NEEDED","NONE,NONE,DELTA,NONE",
23.791089,2026-09-05T19:04:22.574+01:00,1008280,1370479,136,136,True,True,0x04,"NO_IRQ,NO_IRQ,OK,RESYNC_NEEDED","NONE,NONE,DELTA,NONE",
23.791684,2026-09-05T19:04:22.584+01:00,1008416,1370480,238,238,True,True,0x04,"NO_IRQ,NO_IRQ,OK,RESYNC_NEEDED","NONE,NONE,DELTA,NONE",
23.796606,2026-09-05T19:04:22.585+01:00,1008654,1370481,236,236,True,True,0x04,"NO_IRQ,NO_IRQ,OK,RESYNC_NEEDED","NONE,NONE,DELTA,NONE",
23.801239,2026-09-05T19:04:22.590+01:00,1008890,1370482,204,204,True,True,0x04,"NO_IRQ,NO_IRQ,OK,RESYNC_NEEDED","NONE,NONE,DELTA,NONE",
23.805637,2026-09-05T19:04:22.595+01:00,1009094,1370483,134,134,True,True,0x04,"NO_IRQ,NO_IRQ,OK,RESYNC_NEEDED","NONE,NONE,DELTA,NONE",
23.815664,2026-09-05T19:04:22.599+01:00,1009228,1370484,234,234,True,True,0x04,"NO_IRQ,NO_IRQ,OK,RESYNC_NEEDED","NONE,NONE,DELTA,NONE",
23.816898,2026-09-05T19:04:22.609+01:00,1009462,1370485,216,216,True,True,0x04,"NO_IRQ,NO_IRQ,OK,RESYNC_NEEDED","NONE,NONE,DELTA,NONE",
23.820938,2026-09-05T19:04:22.610+01:00,1009678,1370486,216,216,True,True,0x04,"NO_IRQ,NO_IRQ,OK,RESYNC_NEEDED","NONE,NONE,DELTA,NONE",
23.827116,2026-09-05T19:04:22.614+01:00,1009894,1370487,134,134,True,True,0x04,"NO_IRQ,NO_IRQ,OK,RESYNC_NEEDED","NONE,NONE,DELTA,NONE",
23.831085,2026-09-05T19:04:22.620+01:00,1010028,1370488,234,234,True,True,0x04,"NO_IRQ,NO_IRQ,OK,RESYNC_NEEDED","NONE,NONE,DELTA,NONE",
23.836982,2026-09-05T19:04:22.624+01:00,1010262,1370489,232,232,True,True,0x04,"NO_IRQ,NO_IRQ,OK,RESYNC_NEEDED","NONE,NONE,DELTA,NONE",
23.844387,2026-09-05T19:04:22.630+01:00,1010494,1370490,202,202,True,True,0x04,"NO_IRQ,NO_IRQ,OK,RESYNC_NEEDED","NONE,NONE,DELTA,NONE",
23.845317,2026-09-05T19:04:22.638+01:00,1010696,1370491,138,138,True,True,0x04,"NO_IRQ,NO_IRQ,OK,RESYNC_NEEDED","NONE,NONE,DELTA,NONE",
23.850656,2026-09-05T19:04:22.639+01:00,1010834,1370492,238,238,True,True,0x04,"NO_IRQ,NO_IRQ,OK,RESYNC_NEEDED","NONE,NONE,DELTA,NONE",
23.857010,2026-09-05T19:04:22.644+01:00,1011072,1370493,228,228,True,True,0x04,"NO_IRQ,NO_IRQ,OK,RESYNC_NEEDED","NONE,NONE,DELTA,NONE",
23.865748,2026-09-05T19:04:22.650+01:00,1011300,1370494,216,216,True,True,0x04,"NO_IRQ,NO_IRQ,OK,RESYNC_NEEDED","NONE,NONE,DELTA,NONE",
23.866415,2026-09-05T19:04:22.659+01:00,1011516,1370495,136,136,True,True,0x04,"NO_IRQ,NO_IRQ,OK,RESYNC_NEEDED","NONE,NONE,DELTA,NONE",
23.873487,2026-09-05T19:04:22.660+01:00,1011652,1370496,240,240,True,True,0x04,"NO_IRQ,NO_IRQ,OK,RESYNC_NEEDED","NONE,NONE,DELTA,NONE",
23.875665,2026-09-05T19:04:22.667+01:00,1011892,1370497,234,234,True,True,0x04,"NO_IRQ,NO_IRQ,OK,RESYNC_NEEDED","NONE,NONE,DELTA,NONE",
23.880819,2026-09-05T19:04:22.669+01:00,1012126,1370498,216,216,True,True,0x04,"NO_IRQ,NO_IRQ,OK,RESYNC_NEEDED","NONE,NONE,DELTA,NONE",
23.885602,2026-09-05T19:04:22.674+01:00,1012342,1370499,140,140,True,True,0x04,"NO_IRQ,NO_IRQ,OK,RESYNC_NEEDED","NONE,NONE,DELTA,NONE",
23.890795,2026-09-05T19:04:22.679+01:00,1012482,1370500,242,242,True,True,0x04,"NO_IRQ,NO_IRQ,OK,RESYNC_NEEDED","NONE,NONE,DELTA,NONE",
23.900557,2026-09-05T19:04:22.684+01:00,1012724,1370501,234,234,True,True,0x04,"NO_IRQ,NO_IRQ,OK,RESYNC_NEEDED","NONE,NONE,DELTA,NONE",
23.901106,2026-09-05T19:04:22.694+01:00,1012958,1370502,208,208,True,True,0x04,"NO_IRQ,NO_IRQ,OK,RESYNC_NEEDED","NONE,NONE,DELTA,NONE",
23.918680,2026-09-05T19:04:22.694+01:00,1013166,1370503,136,136,True,True,0x04,"NO_IRQ,NO_IRQ,OK,RESYNC_NEEDED","NONE,NONE,DELTA,NONE",
23.919885,2026-09-05T19:04:22.712+01:00,1013302,1370504,234,234,True,True,0x04,"NO_IRQ,NO_IRQ,OK,RESYNC_NEEDED","NONE,NONE,DELTA,NONE",
23.920991,2026-09-05T19:04:22.713+01:00,1013536,1370505,236,236,True,True,0x04,"NO_IRQ,NO_IRQ,OK,RESYNC_NEEDED","NONE,NONE,DELTA,NONE",
23.921834,2026-09-05T19:04:22.714+01:00,1013772,1370506,212,212,True,True,0x04,"NO_IRQ,NO_IRQ,OK,RESYNC_NEEDED","NONE,NONE,DELTA,NONE",
23.925382,2026-09-05T19:04:22.715+01:00,1013984,1370507,138,138,True,True,0x04,"NO_IRQ,NO_IRQ,OK,RESYNC_NEEDED","NONE,NONE,DELTA,NONE",
23.931440,2026-09-05T19:04:22.719+01:00,1014122,1370508,236,236,True,True,0x04,"NO_IRQ,NO_IRQ,OK,RESYNC_NEEDED","NONE,NONE,DELTA,NONE",
23.944450,2026-09-05T19:04:22.725+01:00,1014358,1370509,236,236,True,True,0x04,"NO_IRQ,NO_IRQ,OK,RESYNC_NEEDED","NONE,NONE,DELTA,NONE",
23.945644,2026-09-05T19:04:22.738+01:00,1014594,1370510,220,220,True,True,0x04,"NO_IRQ,NO_IRQ,OK,RESYNC_NEEDED","NONE,NONE,DELTA,NONE",
23.947143,2026-09-05T19:04:22.739+01:00,1014814,1370511,134,134,True,True,0x04,"NO_IRQ,NO_IRQ,OK,RESYNC_NEEDED","NONE,NONE,DELTA,NONE",
23.951446,2026-09-05T19:04:22.741+01:00,1014948,1370512,232,232,True,True,0x04,"NO_IRQ,NO_IRQ,OK,RESYNC_NEEDED","NONE,NONE,DELTA,NONE",
23.956272,2026-09-05T19:04:22.745+01:00,1015180,1370513,242,242,True,True,0x04,"NO_IRQ,NO_IRQ,OK,RESYNC_NEEDED","NONE,NONE,DELTA,NONE",
23.960659,2026-09-05T19:04:22.750+01:00,1015422,1370514,230,230,True,True,0x04,"NO_IRQ,NO_IRQ,OK,RESYNC_NEEDED","NONE,NONE,DELTA,NONE",
23.969949,2026-09-05T19:04:22.754+01:00,1015652,1370515,136,136,True,True,0x04,"NO_IRQ,NO_IRQ,OK,RESYNC_NEEDED","NONE,NONE,DELTA,NONE",
23.970775,2026-09-05T19:04:22.763+01:00,1015788,1370516,234,234,True,True,0x04,"NO_IRQ,NO_IRQ,OK,RESYNC_NEEDED","NONE,NONE,DELTA,NONE",
23.975562,2026-09-05T19:04:22.764+01:00,1016022,1370517,226,226,True,True,0x04,"NO_IRQ,NO_IRQ,OK,RESYNC_NEEDED","NONE,NONE,DELTA,NONE",
23.980303,2026-09-05T19:04:22.769+01:00,1016248,1370518,218,218,True,True,0x04,"NO_IRQ,NO_IRQ,OK,RESYNC_NEEDED","NONE,NONE,DELTA,NONE",
23.991980,2026-09-05T19:04:22.774+01:00,1016466,1370519,128,128,True,True,0x04,"NO_IRQ,NO_IRQ,OK,RESYNC_NEEDED","NONE,NONE,DELTA,NONE",
23.992731,2026-09-05T19:04:22.785+01:00,1016594,1370520,240,240,True,True,0x04,"NO_IRQ,NO_IRQ,OK,RESYNC_NEEDED","NONE,NONE,DELTA,NONE",
23.996179,2026-09-05T19:04:22.786+01:00,1016834,1370521,236,236,True,True,0x04,"NO_IRQ,NO_IRQ,OK,RESYNC_NEEDED","NONE,NONE,DELTA,NONE",
24.001048,2026-09-05T19:04:22.790+01:00,1017070,1370522,222,222,True,True,0x04,"NO_IRQ,NO_IRQ,OK,RESYNC_NEEDED","NONE,NONE,DELTA,NONE",
24.005414,2026-09-05T19:04:22.795+01:00,1017292,1370523,138,138,True,True,0x04,"NO_IRQ,NO_IRQ,OK,RESYNC_NEEDED","NONE,NONE,DELTA,NONE",
24.019250,2026-09-05T19:04:22.799+01:00,1017430,1370524,224,224,True,True,0x04,"NO_IRQ,NO_IRQ,OK,RESYNC_NEEDED","NONE,NONE,DELTA,NONE",
24.020556,2026-09-05T19:04:22.813+01:00,1017654,1370525,246,246,True,True,0x04,"NO_IRQ,NO_IRQ,OK,RESYNC_NEEDED","NONE,NONE,DELTA,NONE",
24.020981,2026-09-05T19:04:22.814+01:00,1017900,1370526,226,226,True,True,0x04,"NO_IRQ,NO_IRQ,OK,RESYNC_NEEDED","NONE,NONE,DELTA,NONE",
24.025756,2026-09-05T19:04:22.815+01:00,1018126,1370527,138,138,True,True,0x04,"NO_IRQ,NO_IRQ,OK,RESYNC_NEEDED","NONE,NONE,DELTA,NONE",
24.030569,2026-09-05T19:04:22.819+01:00,1018264,1370528,232,232,True,True,0x04,"NO_IRQ,NO_IRQ,OK,RESYNC_NEEDED","NONE,NONE,DELTA,NONE",
24.035340,2026-09-05T19:04:22.824+01:00,1018496,1370529,236,236,True,True,0x04,"NO_IRQ,NO_IRQ,OK,RESYNC_NEEDED","NONE,NONE,DELTA,NONE",
24.044836,2026-09-05T19:04:22.829+01:00,1018732,1370530,230,230,True,True,0x04,"NO_IRQ,NO_IRQ,OK,RESYNC_NEEDED","NONE,NONE,DELTA,NONE",
24.046177,2026-09-05T19:04:22.838+01:00,1018962,1370531,132,132,True,True,0x04,"NO_IRQ,NO_IRQ,OK,RESYNC_NEEDED","NONE,NONE,DELTA,NONE",
24.051031,2026-09-05T19:04:22.840+01:00,1019094,1370532,240,240,True,True,0x04,"NO_IRQ,NO_IRQ,OK,RESYNC_NEEDED","NONE,NONE,DELTA,NONE",
24.056087,2026-09-05T19:04:22.844+01:00,1019334,1370533,242,242,True,True,0x04,"NO_IRQ,NO_IRQ,OK,RESYNC_NEEDED","NONE,NONE,DELTA,NONE",
24.060456,2026-09-05T19:04:22.849+01:00,1019576,1370534,222,222,True,True,0x04,"NO_IRQ,NO_IRQ,OK,RESYNC_NEEDED","NONE,NONE,DELTA,NONE",
24.072277,2026-09-05T19:04:22.854+01:00,1019798,1370535,132,132,True,True,0x04,"NO_IRQ,NO_IRQ,OK,RESYNC_NEEDED","NONE,NONE,DELTA,NONE",
24.073089,2026-09-05T19:04:22.866+01:00,1019930,1370536,224,224,True,True,0x04,"NO_IRQ,NO_IRQ,OK,RESYNC_NEEDED","NONE,NONE,DELTA,NONE",
24.075561,2026-09-05T19:04:22.866+01:00,1020154,1370537,244,244,True,True,0x04,"NO_IRQ,NO_IRQ,OK,RESYNC_NEEDED","NONE,NONE,DELTA,NONE",
24.081164,2026-09-05T19:04:22.869+01:00,1020398,1370538,222,222,True,True,0x04,"NO_IRQ,NO_IRQ,OK,RESYNC_NEEDED","NONE,NONE,DELTA,NONE",
24.085872,2026-09-05T19:04:22.875+01:00,1020620,1370539,128,128,True,True,0x04,"NO_IRQ,NO_IRQ,OK,RESYNC_NEEDED","NONE,NONE,DELTA,NONE",
24.094998,2026-09-05T19:04:22.879+01:00,1020748,1370540,220,220,True,True,0x04,"NO_IRQ,NO_IRQ,OK,RESYNC_NEEDED","NONE,NONE,DELTA,NONE",
24.096105,2026-09-05T19:04:22.889+01:00,1020968,1370541,228,228,True,True,0x04,"NO_IRQ,NO_IRQ,OK,RESYNC_NEEDED","NONE,NONE,DELTA,NONE",
24.100806,2026-09-05T19:04:22.889+01:00,1021196,1370542,224,224,True,True,0x04,"NO_IRQ,NO_IRQ,OK,RESYNC_NEEDED","NONE,NONE,DELTA,NONE",
24.105591,2026-09-05T19:04:22.894+01:00,1021420,1370543,130,130,True,True,0x04,"NO_IRQ,NO_IRQ,OK,RESYNC_NEEDED","NONE,NONE,DELTA,NONE",
24.110838,2026-09-05T19:04:22.899+01:00,1021550,1370544,232,232,True,True,0x04,"NO_IRQ,NO_IRQ,OK,RESYNC_NEEDED","NONE,NONE,DELTA,NONE",
24.115843,2026-09-05T19:04:22.904+01:00,1021782,1370545,232,232,True,True,0x04,"NO_IRQ,NO_IRQ,OK,RESYNC_NEEDED","NONE,NONE,DELTA,NONE",
24.120134,2026-09-05T19:04:22.909+01:00,1022014,1370546,236,236,True,True,0x04,"NO_IRQ,NO_IRQ,OK,RESYNC_NEEDED","NONE,NONE,DELTA,NONE",
24.125041,2026-09-05T19:04:22.913+01:00,1022250,1370547,132,132,True,True,0x04,"NO_IRQ,NO_IRQ,OK,RESYNC_NEEDED","NONE,NONE,DELTA,NONE",
24.140525,2026-09-05T19:04:22.918+01:00,1022382,1370548,226,226,True,True,0x04,"NO_IRQ,NO_IRQ,OK,RESYNC_NEEDED","NONE,NONE,DELTA,NONE",
24.141828,2026-09-05T19:04:22.934+01:00,1022608,1370549,224,224,True,True,0x04,"NO_IRQ,NO_IRQ,OK,RESYNC_NEEDED","NONE,NONE,DELTA,NONE",
24.142626,2026-09-05T19:04:22.935+01:00,1022832,1370550,220,220,True,True,0x04,"NO_IRQ,NO_IRQ,OK,RESYNC_NEEDED","NONE,NONE,DELTA,NONE",
24.145748,2026-09-05T19:04:22.936+01:00,1023052,1370551,128,128,True,True,0x04,"NO_IRQ,NO_IRQ,OK,RESYNC_NEEDED","NONE,NONE,DELTA,NONE",
24.151098,2026-09-05T19:04:22.939+01:00,1023180,1370552,236,236,True,True,0x04,"NO_IRQ,NO_IRQ,OK,RESYNC_NEEDED","NONE,NONE,DELTA,NONE",
24.161293,2026-09-05T19:04:22.944+01:00,1023416,1370553,228,228,True,True,0x04,"NO_IRQ,NO_IRQ,OK,RESYNC_NEEDED","NONE,NONE,DELTA,NONE",
24.162138,2026-09-05T19:04:22.955+01:00,1023644,1370554,242,242,True,True,0x04,"NO_IRQ,NO_IRQ,OK,RESYNC_NEEDED","NONE,NONE,DELTA,NONE",
24.165353,2026-09-05T19:04:22.955+01:00,1023886,1370555,136,136,True,True,0x04,"NO_IRQ,NO_IRQ,OK,RESYNC_NEEDED","NONE,NONE,DELTA,NONE",
24.170628,2026-09-05T19:04:22.959+01:00,1024022,1370556,232,232,True,True,0x04,"NO_IRQ,NO_IRQ,OK,RESYNC_NEEDED","NONE,NONE,DELTA,NONE",
24.182300,2026-09-05T19:04:22.964+01:00,1024254,1370557,240,240,True,True,0x04,"NO_IRQ,NO_IRQ,OK,RESYNC_NEEDED","NONE,NONE,DELTA,NONE",
24.182984,2026-09-05T19:04:22.976+01:00,1024494,1370558,234,234,True,True,0x04,"NO_IRQ,NO_IRQ,OK,RESYNC_NEEDED","NONE,NONE,DELTA,NONE",
24.185262,2026-09-05T19:04:22.976+01:00,1024728,1370559,134,134,True,True,0x04,"NO_IRQ,NO_IRQ,OK,RESYNC_NEEDED","NONE,NONE,DELTA,NONE",
24.190436,2026-09-05T19:04:22.979+01:00,1024862,1370560,220,220,True,True,0x04,"NO_IRQ,NO_IRQ,OK,RESYNC_NEEDED","NONE,NONE,DELTA,NONE",
24.200530,2026-09-05T19:04:22.984+01:00,1025082,1370561,238,238,True,True,0x04,"NO_IRQ,NO_IRQ,OK,RESYNC_NEEDED","NONE,NONE,DELTA,NONE",
24.201770,2026-09-05T19:04:22.994+01:00,1025320,1370562,224,224,True,True,0x04,"NO_IRQ,NO_IRQ,OK,RESYNC_NEEDED","NONE,NONE,DELTA,NONE",
24.205455,2026-09-05T19:04:22.995+01:00,1025544,1370563,132,132,True,True,0x04,"NO_IRQ,NO_IRQ,OK,RESYNC_NEEDED","NONE,NONE,DELTA,NONE",
24.210304,2026-09-05T19:04:22.999+01:00,1025676,1370564,232,232,True,True,0x04,"NO_IRQ,NO_IRQ,OK,RESYNC_NEEDED","NONE,NONE,DELTA,NONE",
24.223467,2026-09-05T19:04:23.004+01:00,1025908,1370565,240,240,True,True,0x04,"NO_IRQ,NO_IRQ,OK,RESYNC_NEEDED","NONE,NONE,DELTA,NONE",
24.224472,2026-09-05T19:04:23.017+01:00,1026148,1370566,244,244,True,True,0x04,"NO_IRQ,NO_IRQ,OK,RESYNC_NEEDED","NONE,NONE,DELTA,NONE",
24.225451,2026-09-05T19:04:23.018+01:00,1026392,1370567,134,134,True,True,0x04,"NO_IRQ,NO_IRQ,OK,RESYNC_NEEDED","NONE,NONE,DELTA,NONE",
24.230832,2026-09-05T19:04:23.019+01:00,1026526,1370568,222,222,True,True,0x04,"NO_IRQ,NO_IRQ,OK,RESYNC_NEEDED","NONE,NONE,DELTA,NONE",
24.236085,2026-09-05T19:04:23.024+01:00,1026748,1370569,242,242,True,True,0x04,"NO_IRQ,NO_IRQ,OK,RESYNC_NEEDED","NONE,NONE,DELTA,NONE",
24.249707,2026-09-05T19:04:23.030+01:00,1026990,1370570,234,234,True,True,0x04,"NO_IRQ,NO_IRQ,OK,RESYNC_NEEDED","NONE,NONE,DELTA,NONE",
24.250404,2026-09-05T19:04:23.043+01:00,1027224,1370571,126,126,True,True,0x04,"NO_IRQ,NO_IRQ,OK,RESYNC_NEEDED","NONE,NONE,DELTA,NONE",
24.251006,2026-09-05T19:04:23.044+01:00,1027350,1370572,218,218,True,True,0x04,"NO_IRQ,NO_IRQ,OK,RESYNC_NEEDED","NONE,NONE,DELTA,NONE",
24.255507,2026-09-05T19:04:23.044+01:00,1027568,1370573,228,228,True,True,0x04,"NO_IRQ,NO_IRQ,OK,RESYNC_NEEDED","NONE,NONE,DELTA,NONE",
24.260414,2026-09-05T19:04:23.049+01:00,1027796,1370574,244,244,True,True,0x04,"NO_IRQ,NO_IRQ,OK,RESYNC_NEEDED","NONE,NONE,DELTA,NONE",
24.265000,2026-09-05T19:04:23.054+01:00,1028040,1370575,128,128,True,True,0x04,"NO_IRQ,NO_IRQ,OK,RESYNC_NEEDED","NONE,NONE,DELTA,NONE",
24.275205,2026-09-05T19:04:23.058+01:00,1028168,1370576,226,226,True,True,0x04,"NO_IRQ,NO_IRQ,OK,RESYNC_NEEDED","NONE,NONE,DELTA,NONE",
24.276212,2026-09-05T19:04:23.069+01:00,1028394,1370577,244,244,True,True,0x04,"NO_IRQ,NO_IRQ,OK,RESYNC_NEEDED","NONE,NONE,DELTA,NONE",
24.280163,2026-09-05T19:04:23.070+01:00,1028638,1370578,230,230,True,True,0x04,"NO_IRQ,NO_IRQ,OK,RESYNC_NEEDED","NONE,NONE,DELTA,NONE",
24.285100,2026-09-05T19:04:23.074+01:00,1028868,1370579,134,134,True,True,0x04,"NO_IRQ,NO_IRQ,OK,RESYNC_NEEDED","NONE,NONE,DELTA,NONE",
24.296704,2026-09-05T19:04:23.078+01:00,1029002,1370580,228,228,True,True,0x04,"NO_IRQ,NO_IRQ,OK,RESYNC_NEEDED","NONE,NONE,DELTA,NONE",
24.297791,2026-09-05T19:04:23.090+01:00,1029230,1370581,226,226,True,True,0x04,"NO_IRQ,NO_IRQ,OK,RESYNC_NEEDED","NONE,NONE,DELTA,NONE",
24.300449,2026-09-05T19:04:23.091+01:00,1029456,1370582,234,234,True,True,0x04,"NO_IRQ,NO_IRQ,OK,RESYNC_NEEDED","NONE,NONE,DELTA,NONE",
24.305517,2026-09-05T19:04:23.094+01:00,1029690,1370583,134,134,True,True,0x04,"NO_IRQ,NO_IRQ,OK,RESYNC_NEEDED","NONE,NONE,DELTA,NONE",
24.311302,2026-09-05T19:04:23.099+01:00,1029824,1370584,228,228,True,True,0x04,"NO_IRQ,NO_IRQ,OK,RESYNC_NEEDED","NONE,NONE,DELTA,NONE",
24.315707,2026-09-05T19:04:23.105+01:00,1030052,1370585,248,248,True,True,0x04,"NO_IRQ,NO_IRQ,OK,RESYNC_NEEDED","NONE,NONE,DELTA,NONE",
24.320460,2026-09-05T19:04:23.109+01:00,1030300,1370586,244,244,True,True,0x04,"NO_IRQ,NO_IRQ,OK,RESYNC_NEEDED","NONE,NONE,DELTA,NONE",
24.324779,2026-09-05T19:04:23.114+01:00,1030544,1370587,136,136,True,True,0x04,"NO_IRQ,NO_IRQ,OK,RESYNC_NEEDED","NONE,NONE,DELTA,NONE",
24.336447,2026-09-05T19:04:23.118+01:00,1030680,1370588,218,218,True,True,0x04,"NO_IRQ,NO_IRQ,OK,RESYNC_NEEDED","NONE,NONE,DELTA,NONE",
24.336885,2026-09-05T19:04:23.130+01:00,1030898,1370589,248,248,True,True,0x04,"NO_IRQ,NO_IRQ,OK,RESYNC_NEEDED","NONE,NONE,DELTA,NONE",
24.357089,2026-09-05T19:04:23.130+01:00,1031146,1370590,254,254,True,True,0x04,"NO_IRQ,NO_IRQ,OK,RESYNC_NEEDED","NONE,NONE,DELTA,NONE",
24.357966,2026-09-05T19:04:23.150+01:00,1031400,1370591,130,130,True,True,0x04,"NO_IRQ,NO_IRQ,OK,RESYNC_NEEDED","NONE,NONE,DELTA,NONE",
24.358372,2026-09-05T19:04:23.151+01:00,1031530,1370592,220,220,True,True,0x04,"NO_IRQ,NO_IRQ,OK,RESYNC_NEEDED","NONE,NONE,DELTA,NONE",
24.359105,2026-09-05T19:04:23.152+01:00,1031750,1370593,230,230,True,True,0x04,"NO_IRQ,NO_IRQ,OK,RESYNC_NEEDED","NONE,NONE,DELTA,NONE",
24.360293,2026-09-05T19:04:23.152+01:00,1031980,1370594,248,248,True,True,0x04,"NO_IRQ,NO_IRQ,OK,RESYNC_NEEDED","NONE,NONE,DELTA,NONE",
24.365128,2026-09-05T19:04:23.154+01:00,1032228,1370595,138,138,True,True,0x04,"NO_IRQ,NO_IRQ,OK,RESYNC_NEEDED","NONE,NONE,DELTA,NONE",
24.371371,2026-09-05T19:04:23.159+01:00,1032366,1370596,232,232,True,True,0x04,"NO_IRQ,NO_IRQ,OK,RESYNC_NEEDED","NONE,NONE,DELTA,NONE",
24.379115,2026-09-05T19:04:23.165+01:00,1032598,1370597,240,240,True,True,0x04,"NO_IRQ,NO_IRQ,OK,RESYNC_NEEDED","NONE,NONE,DELTA,NONE",
24.380560,2026-09-05T19:04:23.173+01:00,1032838,1370598,236,236,True,True,0x04,"NO_IRQ,NO_IRQ,OK,RESYNC_NEEDED","NONE,NONE,DELTA,NONE",
24.385016,2026-09-05T19:04:23.174+01:00,1033074,1370599,126,126,True,True,0x04,"NO_IRQ,NO_IRQ,OK,RESYNC_NEEDED","NONE,NONE,DELTA,NONE",
24.393026,2026-09-05T19:04:23.178+01:00,1033200,1370600,224,224,True,True,0x04,"NO_IRQ,NO_IRQ,OK,RESYNC_NEEDED","NONE,NONE,DELTA,NONE",
24.399817,2026-09-05T19:04:23.193+01:00,1033424,1370601,226,226,True,True,0x04,"NO_IRQ,NO_IRQ,OK,RESYNC_NEEDED","NONE,NONE,DELTA,NONE",
24.400710,2026-09-05T19:04:23.193+01:00,1033650,1370602,254,254,True,True,0x04,"NO_IRQ,NO_IRQ,OK,RESYNC_NEEDED","NONE,NONE,DELTA,NONE",
24.405425,2026-09-05T19:04:23.194+01:00,1033904,1370603,126,126,True,True,0x04,"NO_IRQ,NO_IRQ,OK,RESYNC_NEEDED","NONE,NONE,DELTA,NONE",
24.410280,2026-09-05T19:04:23.199+01:00,1034030,1370604,220,220,True,True,0x04,"NO_IRQ,NO_IRQ,OK,RESYNC_NEEDED","NONE,NONE,DELTA,NONE",
24.420731,2026-09-05T19:04:23.204+01:00,1034250,1370605,234,234,True,True,0x04,"NO_IRQ,NO_IRQ,OK,RESYNC_NEEDED","NONE,NONE,DELTA,NONE",
24.421343,2026-09-05T19:04:23.214+01:00,1034484,1370606,250,250,True,True,0x04,"NO_IRQ,NO_IRQ,OK,RESYNC_NEEDED","NONE,NONE,DELTA,NONE",
24.425003,2026-09-05T19:04:23.215+01:00,1034734,1370607,128,128,True,True,0x04,"NO_IRQ,NO_IRQ,OK,RESYNC_NEEDED","NONE,NONE,DELTA,NONE",
24.429823,2026-09-05T19:04:23.218+01:00,1034862,1370608,226,226,True,True,0x04,"NO_IRQ,NO_IRQ,OK,RESYNC_NEEDED","NONE,NONE,DELTA,NONE",
24.436484,2026-09-05T19:04:23.223+01:00,1035088,1370609,238,238,True,True,0x04,"NO_IRQ,NO_IRQ,OK,RESYNC_NEEDED","NONE,NONE,DELTA,NONE",
24.440241,2026-09-05T19:04:23.230+01:00,1035326,1370610,252,252,True,True,0x04,"NO_IRQ,NO_IRQ,OK,RESYNC_NEEDED","NONE,NONE,DELTA,NONE",
24.445179,2026-09-05T19:04:23.234+01:00,1035578,1370611,124,124,True,True,0x04,"NO_IRQ,NO_IRQ,OK,RESYNC_NEEDED","NONE,NONE,DELTA,NONE",
24.456029,2026-09-05T19:04:23.239+01:00,1035702,1370612,218,218,True,True,0x04,"NO_IRQ,NO_IRQ,OK,RESYNC_NEEDED","NONE,NONE,DELTA,NONE",
24.456921,2026-09-05T19:04:23.250+01:00,1035920,1370613,232,232,True,True,0x04,"NO_IRQ,NO_IRQ,OK,RESYNC_NEEDED","NONE,NONE,DELTA,NONE",
24.460900,2026-09-05T19:04:23.250+01:00,1036152,1370614,246,246,True,True,0x04,"NO_IRQ,NO_IRQ,OK,RESYNC_NEEDED","NONE,NONE,DELTA,NONE",
24.465032,2026-09-05T19:04:23.254+01:00,1036398,1370615,128,128,True,True,0x04,"NO_IRQ,NO_IRQ,OK,RESYNC_NEEDED","NONE,NONE,DELTA,NONE",
24.470277,2026-09-05T19:04:23.258+01:00,1036526,1370616,230,230,True,True,0x04,"NO_IRQ,NO_IRQ,OK,RESYNC_NEEDED","NONE,NONE,DELTA,NONE",
24.478384,2026-09-05T19:04:23.264+01:00,1036756,1370617,228,228,True,True,0x04,"NO_IRQ,NO_IRQ,OK,RESYNC_NEEDED","NONE,NONE,DELTA,NONE",
24.480084,2026-09-05T19:04:23.272+01:00,1036984,1370618,246,246,True,True,0x04,"NO_IRQ,NO_IRQ,OK,RESYNC_NEEDED","NONE,NONE,DELTA,NONE",
24.484969,2026-09-05T19:04:23.274+01:00,1037230,1370619,126,126,True,True,0x04,"NO_IRQ,NO_IRQ,OK,RESYNC_NEEDED","NONE,NONE,DELTA,NONE",
24.490218,2026-09-05T19:04:23.278+01:00,1037356,1370620,210,210,True,True,0x04,"NO_IRQ,NO_IRQ,OK,RESYNC_NEEDED","NONE,NONE,DELTA,NONE",
24.507933,2026-09-05T19:04:23.284+01:00,1037566,1370621,228,228,True,True,0x04,"NO_IRQ,NO_IRQ,OK,RESYNC_NEEDED","NONE,NONE,DELTA,NONE",
24.508713,2026-09-05T19:04:23.301+01:00,1037794,1370622,248,248,True,True,0x04,"NO_IRQ,NO_IRQ,OK,RESYNC_NEEDED","NONE,NONE,DELTA,NONE",
24.510275,2026-09-05T19:04:23.303+01:00,1038042,1370623,128,128,True,True,0x04,"NO_IRQ,NO_IRQ,OK,RESYNC_NEEDED","NONE,NONE,DELTA,NONE",
24.511298,2026-09-05T19:04:23.304+01:00,1038170,1370624,218,218,True,True,0x04,"NO_IRQ,NO_IRQ,OK,RESYNC_NEEDED","NONE,NONE,DELTA,NONE",
24.515907,2026-09-05T19:04:23.305+01:00,1038388,1370625,234,234,True,True,0x04,"NO_IRQ,NO_IRQ,OK,RESYNC_NEEDED","NONE,NONE,DELTA,NONE",
24.521020,2026-09-05T19:04:23.309+01:00,1038622,1370626,254,254,True,True,0x04,"NO_IRQ,NO_IRQ,OK,RESYNC_NEEDED","NONE,NONE,DELTA,NONE",
24.525078,2026-09-05T19:04:23.315+01:00,1038876,1370627,128,128,True,True,0x04,"NO_IRQ,NO_IRQ,OK,RESYNC_NEEDED","NONE,NONE,DELTA,NONE",
24.530117,2026-09-05T19:04:23.319+01:00,1039004,1370628,214,214,True,True,0x04,"NO_IRQ,NO_IRQ,OK,RESYNC_NEEDED","NONE,NONE,DELTA,NONE",
24.536339,2026-09-05T19:04:23.323+01:00,1039218,1370629,230,230,True,True,0x04,"NO_IRQ,NO_IRQ,OK,RESYNC_NEEDED","NONE,NONE,DELTA,NONE",
24.541740,2026-09-05T19:04:23.330+01:00,1039448,1370630,248,248,True,True,0x04,"NO_IRQ,NO_IRQ,OK,RESYNC_NEEDED","NONE,NONE,DELTA,NONE",
24.544876,2026-09-05T19:04:23.335+01:00,1039696,1370631,128,128,True,True,0x04,"NO_IRQ,NO_IRQ,OK,RESYNC_NEEDED","NONE,NONE,DELTA,NONE",
24.549923,2026-09-05T19:04:23.338+01:00,1039824,1370632,214,214,True,True,0x04,"NO_IRQ,NO_IRQ,OK,RESYNC_NEEDED","NONE,NONE,DELTA,NONE",
24.554975,2026-09-05T19:04:23.343+01:00,1040038,1370633,242,242,True,True,0x04,"NO_IRQ,NO_IRQ,OK,RESYNC_NEEDED","NONE,NONE,DELTA,NONE",
24.574788,2026-09-05T19:04:23.348+01:00,1040280,1370634,260,260,True,True,0x04,"NO_IRQ,NO_IRQ,OK,RESYNC_NEEDED","NONE,NONE,DELTA,NONE",
24.576279,2026-09-05T19:04:23.368+01:00,1040540,1370635,1084,1084,True,True,0x04,"NO_IRQ,NO_IRQ,OK,RESYNC_NEEDED","NONE,NONE,DELTA_SYNC,NONE",
24.578028,2026-09-05T19:04:23.370+01:00,1041624,1370636,232,232,True,True,0x04,"NO_IRQ,NO_IRQ,OK,RESYNC_NEEDED","NONE,NONE,DELTA,NONE",
24.579260,2026-09-05T19:04:23.372+01:00,1041856,1370637,234,234,True,True,0x04,"NO_IRQ,NO_IRQ,OK,RESYNC_NEEDED","NONE,NONE,DELTA,NONE",
24.580643,2026-09-05T19:04:23.373+01:00,1042090,1370638,254,254,True,True,0x04,"NO_IRQ,NO_IRQ,OK,RESYNC_NEEDED","NONE,NONE,DELTA,NONE",
24.589749,2026-09-05T19:04:23.382+01:00,1042344,1370639,124,124,True,True,0x04,"NO_IRQ,NO_IRQ,OK,RESYNC_NEEDED","NONE,NONE,DELTA,NONE",
24.590600,2026-09-05T19:04:23.383+01:00,1042468,1370640,208,208,True,True,0x04,"NO_IRQ,NO_IRQ,OK,RESYNC_NEEDED","NONE,NONE,DELTA,NONE",
24.598673,2026-09-05T19:04:23.384+01:00,1042676,1370641,244,244,True,True,0x04,"NO_IRQ,NO_IRQ,OK,RESYNC_NEEDED","NONE,NONE,DELTA,NONE",
24.599913,2026-09-05T19:04:23.392+01:00,1042920,1370642,248,248,True,True,0x04,"NO_IRQ,NO_IRQ,OK,RESYNC_NEEDED","NONE,NONE,DELTA,NONE",
24.604840,2026-09-05T19:04:23.394+01:00,1043168,1370643,124,124,True,True,0x04,"NO_IRQ,NO_IRQ,OK,RESYNC_NEEDED","NONE,NONE,DELTA,NONE",
24.610072,2026-09-05T19:04:23.399+01:00,1043292,1370644,212,212,True,True,0x04,"NO_IRQ,NO_IRQ,OK,RESYNC_NEEDED","NONE,NONE,DELTA,NONE",
24.619342,2026-09-05T19:04:23.403+01:00,1043504,1370645,236,236,True,True,0x04,"NO_IRQ,NO_IRQ,OK,RESYNC_NEEDED","NONE,NONE,DELTA,NONE",
24.620848,2026-09-05T19:04:23.413+01:00,1043740,1370646,250,250,True,True,0x04,"NO_IRQ,NO_IRQ,OK,RESYNC_NEEDED","NONE,NONE,DELTA,NONE",
24.624740,2026-09-05T19:04:23.414+01:00,1043990,1370647,126,126,True,True,0x04,"NO_IRQ,NO_IRQ,OK,RESYNC_NEEDED","NONE,NONE,DELTA,NONE",
24.630288,2026-09-05T19:04:23.418+01:00,1044116,1370648,208,208,True,True,0x04,"NO_IRQ,NO_IRQ,OK,RESYNC_NEEDED","NONE,NONE,DELTA,NONE",
24.640997,2026-09-05T19:04:23.424+01:00,1044324,1370649,236,236,True,True,0x04,"NO_IRQ,NO_IRQ,OK,RESYNC_NEEDED","NONE,NONE,DELTA,NONE",
24.641791,2026-09-05T19:04:23.435+01:00,1044560,1370650,256,256,True,True,0x04,"NO_IRQ,NO_IRQ,OK,RESYNC_NEEDED","NONE,NONE,DELTA,NONE",
24.644765,2026-09-05T19:04:23.435+01:00,1044816,1370651,128,128,True,True,0x04,"NO_IRQ,NO_IRQ,OK,RESYNC_NEEDED","NONE,NONE,DELTA,NONE",
24.650238,2026-09-05T19:04:23.438+01:00,1044944,1370652,206,206,True,True,0x04,"NO_IRQ,NO_IRQ,OK,RESYNC_NEEDED","NONE,NONE,DELTA,NONE",
24.658926,2026-09-05T19:04:23.444+01:00,1045150,1370653,228,228,True,True,0x04,"NO_IRQ,NO_IRQ,OK,RESYNC_NEEDED","NONE,NONE,DELTA,NONE",
24.662456,2026-09-05T19:04:23.452+01:00,1045378,1370654,248,248,True,True,0x04,"NO_IRQ,NO_IRQ,OK,RESYNC_NEEDED","NONE,NONE,DELTA,NONE",
24.664491,2026-09-05T19:04:23.456+01:00,1045626,1370655,126,126,True,True,0x04,"NO_IRQ,NO_IRQ,OK,RESYNC_NEEDED","NONE,NONE,DELTA,NONE",
24.670974,2026-09-05T19:04:23.458+01:00,1045752,1370656,216,216,True,True,0x04,"NO_IRQ,NO_IRQ,OK,RESYNC_NEEDED","NONE,NONE,DELTA,NONE",
24.675084,2026-09-05T19:04:23.464+01:00,1045968,1370657,248,248,True,True,0x04,"NO_IRQ,NO_IRQ,OK,RESYNC_NEEDED","NONE,NONE,DELTA,NONE",
24.691848,2026-09-05T19:04:23.468+01:00,1046216,1370658,242,242,True,True,0x04,"NO_IRQ,NO_IRQ,OK,RESYNC_NEEDED","NONE,NONE,DELTA,NONE",
24.692577,2026-09-05T19:04:23.485+01:00,1046458,1370659,126,126,True,True,0x04,"NO_IRQ,NO_IRQ,OK,RESYNC_NEEDED","NONE,NONE,DELTA,NONE",
24.693150,2026-09-05T19:04:23.486+01:00,1046584,1370660,212,212,True,True,0x04,"NO_IRQ,NO_IRQ,OK,RESYNC_NEEDED","NONE,NONE,DELTA,NONE",
24.696515,2026-09-05T19:04:23.486+01:00,1046796,1370661,226,226,True,True,0x04,"NO_IRQ,NO_IRQ,OK,RESYNC_NEEDED","NONE,NONE,DELTA,NONE",
24.700358,2026-09-05T19:04:23.490+01:00,1047022,1370662,248,248,True,True,0x04,"NO_IRQ,NO_IRQ,OK,RESYNC_NEEDED","NONE,NONE,DELTA,NONE",
24.706483,2026-09-05T19:04:23.494+01:00,1047270,1370663,128,128,True,True,0x04,"NO_IRQ,NO_IRQ,OK,RESYNC_NEEDED","NONE,NONE,DELTA,NONE",
24.711086,2026-09-05T19:04:23.500+01:00,1047398,1370664,204,204,True,True,0x04,"NO_IRQ,NO_IRQ,OK,RESYNC_NEEDED","NONE,NONE,DELTA,NONE",
24.726155,2026-09-05T19:04:23.504+01:00,1047602,1370665,236,236,True,True,0x04,"NO_IRQ,NO_IRQ,OK,RESYNC_NEEDED","NONE,NONE,DELTA,NONE",
24.727883,2026-09-05T19:04:23.520+01:00,1047838,1370666,246,246,True,True,0x04,"NO_IRQ,NO_IRQ,OK,RESYNC_NEEDED","NONE,NONE,DELTA,NONE",
24.728837,2026-09-05T19:04:23.521+01:00,1048084,1370667,124,124,True,True,0x04,"NO_IRQ,NO_IRQ,OK,RESYNC_NEEDED","NONE,NONE,DELTA,NONE",
24.730195,2026-09-05T19:04:23.522+01:00,1048208,1370668,198,198,True,True,0x04,"NO_IRQ,NO_IRQ,OK,RESYNC_NEEDED","NONE,NONE,DELTA,NONE",
24.735407,2026-09-05T19:04:23.524+01:00,1048406,1370669,226,226,True,True,0x04,"NO_IRQ,NO_IRQ,OK,RESYNC_NEEDED","NONE,NONE,DELTA,NONE",
24.740027,2026-09-05T19:04:23.529+01:00,1048632,1370670,254,254,True,True,0x04,"NO_IRQ,NO_IRQ,OK,RESYNC_NEEDED","NONE,NONE,DELTA,NONE",
24.752702,2026-09-05T19:04:23.534+01:00,1048886,1370671,128,128,True,True,0x04,"NO_IRQ,NO_IRQ,OK,RESYNC_NEEDED","NONE,NONE,DELTA,NONE",
24.754212,2026-09-05T19:04:23.546+01:00,1049014,1370672,204,204,True,True,0x04,"NO_IRQ,NO_IRQ,OK,RESYNC_NEEDED","NONE,NONE,DELTA,NONE",
24.755148,2026-09-05T19:04:23.548+01:00,1049218,1370673,228,228,True,True,0x04,"NO_IRQ,NO_IRQ,OK,RESYNC_NEEDED","NONE,NONE,DELTA,NONE",
24.759862,2026-09-05T19:04:23.548+01:00,1049446,1370674,248,248,True,True,0x04,"NO_IRQ,NO_IRQ,OK,RESYNC_NEEDED","NONE,NONE,DELTA,NONE",
24.764679,2026-09-05T19:04:23.553+01:00,1049694,1370675,132,132,True,True,0x04,"NO_IRQ,NO_IRQ,OK,RESYNC_NEEDED","NONE,NONE,DELTA,NONE",
24.771941,2026-09-05T19:04:23.558+01:00,1049826,1370676,212,212,True,True,0x04,"NO_IRQ,NO_IRQ,OK,RESYNC_NEEDED","NONE,NONE,DELTA,NONE",
24.776411,2026-09-05T19:04:23.565+01:00,1050038,1370677,242,242,True,True,0x04,"NO_IRQ,NO_IRQ,OK,RESYNC_NEEDED","NONE,NONE,DELTA,NONE",
24.781327,2026-09-05T19:04:23.570+01:00,1050280,1370678,264,264,True,True,0x04,"NO_IRQ,NO_IRQ,OK,RESYNC_NEEDED","NONE,NONE,DELTA,NONE",
24.784515,2026-09-05T19:04:23.575+01:00,1050544,1370679,134,134,True,True,0x04,"NO_IRQ,NO_IRQ,OK,RESYNC_NEEDED","NONE,NONE,DELTA,NONE",
24.790228,2026-09-05T19:04:23.578+01:00,1050678,1370680,194,194,True,True,0x04,"NO_IRQ,NO_IRQ,OK,RESYNC_NEEDED","NONE,NONE,DELTA,NONE",
24.794705,2026-09-05T19:04:23.584+01:00,1050872,1370681,232,232,True,True,0x04,"NO_IRQ,NO_IRQ,OK,RESYNC_NEEDED","NONE,NONE,DELTA,NONE",
24.806863,2026-09-05T19:04:23.588+01:00,1051104,1370682,246,246,True,True,0x04,"NO_IRQ,NO_IRQ,OK,RESYNC_NEEDED","NONE,NONE,DELTA,NONE",
24.807477,2026-09-05T19:04:23.600+01:00,1051350,1370683,130,130,True,True,0x04,"NO_IRQ,NO_IRQ,OK,RESYNC_NEEDED","NONE,NONE,DELTA,NONE",
24.809681,2026-09-05T19:04:23.601+01:00,1051480,1370684,204,204,True,True,0x04,"NO_IRQ,NO_IRQ,OK,RESYNC_NEEDED","NONE,NONE,DELTA,NONE",
24.826323,2026-09-05T19:04:23.609+01:00,1051684,1370685,240,240,True,True,0x04,"NO_IRQ,NO_IRQ,OK,RESYNC_NEEDED","NONE,NONE,DELTA,NONE",
24.827174,2026-09-05T19:04:23.620+01:00,1051924,1370686,258,258,True,True,0x04,"NO_IRQ,NO_IRQ,OK,RESYNC_NEEDED","NONE,NONE,DELTA,NONE",
24.828504,2026-09-05T19:04:23.621+01:00,1052182,1370687,132,132,True,True,0x04,"NO_IRQ,NO_IRQ,OK,RESYNC_NEEDED","NONE,NONE,DELTA,NONE",
24.829902,2026-09-05T19:04:23.622+01:00,1052314,1370688,200,200,True,True,0x04,"NO_IRQ,NO_IRQ,OK,RESYNC_NEEDED","NONE,NONE,DELTA,NONE",
24.835262,2026-09-05T19:04:23.623+01:00,1052514,1370689,248,248,True,True,0x04,"NO_IRQ,NO_IRQ,OK,RESYNC_NEEDED","NONE,NONE,DELTA,NONE",
24.839964,2026-09-05T19:04:23.629+01:00,1052762,1370690,264,264,True,True,0x04,"NO_IRQ,NO_IRQ,OK,RESYNC_NEEDED","NONE,NONE,DELTA,NONE",
24.851538,2026-09-05T19:04:23.634+01:00,1053026,1370691,130,130,True,True,0x04,"NO_IRQ,NO_IRQ,OK,RESYNC_NEEDED","NONE,NONE,DELTA,NONE",
24.852487,2026-09-05T19:04:23.645+01:00,1053156,1370692,194,194,True,True,0x04,"NO_IRQ,NO_IRQ,OK,RESYNC_NEEDED","NONE,NONE,DELTA,NONE",
24.855640,2026-09-05T19:04:23.646+01:00,1053350,1370693,238,238,True,True,0x04,"NO_IRQ,NO_IRQ,OK,RESYNC_NEEDED","NONE,NONE,DELTA,NONE",
24.860361,2026-09-05T19:04:23.649+01:00,1053588,1370694,244,244,True,True,0x04,"NO_IRQ,NO_IRQ,OK,RESYNC_NEEDED","NONE,NONE,DELTA,NONE",
24.864419,2026-09-05T19:04:23.654+01:00,1053832,1370695,136,136,True,True,0x04,"NO_IRQ,NO_IRQ,OK,RESYNC_NEEDED","NONE,NONE,DELTA,NONE",
24.877043,2026-09-05T19:04:23.658+01:00,1053968,1370696,194,194,True,True,0x04,"NO_IRQ,NO_IRQ,OK,RESYNC_NEEDED","NONE,NONE,DELTA,NONE",
24.878754,2026-09-05T19:04:23.670+01:00,1054162,1370697,238,238,True,True,0x04,"NO_IRQ,NO_IRQ,OK,RESYNC_NEEDED","NONE,NONE,DELTA,NONE",
24.879686,2026-09-05T19:04:23.672+01:00,1054400,1370698,248,248,True,True,0x04,"NO_IRQ,NO_IRQ,OK,RESYNC_NEEDED","NONE,NONE,DELTA,NONE",
24.884456,2026-09-05T19:04:23.673+01:00,1054648,1370699,134,134,True,True,0x04,"NO_IRQ,NO_IRQ,OK,RESYNC_NEEDED","NONE,NONE,DELTA,NONE",
24.889504,2026-09-05T19:04:23.678+01:00,1054782,1370700,196,196,True,True,0x04,"NO_IRQ,NO_IRQ,OK,RESYNC_NEEDED","NONE,NONE,DELTA,NONE",
24.900501,2026-09-05T19:04:23.683+01:00,1054978,1370701,240,240,True,True,0x04,"NO_IRQ,NO_IRQ,OK,RESYNC_NEEDED","NONE,NONE,DELTA,NONE",
24.901318,2026-09-05T19:04:23.694+01:00,1055218,1370702,254,254,True,True,0x04,"NO_IRQ,NO_IRQ,OK,RESYNC_NEEDED","NONE,NONE,DELTA,NONE",
24.904693,2026-09-05T19:04:23.695+01:00,1055472,1370703,134,134,True,True,0x04,"NO_IRQ,NO_IRQ,OK,RESYNC_NEEDED","NONE,NONE,DELTA,NONE",
24.909952,2026-09-05T19:04:23.698+01:00,1055606,1370704,192,192,True,True,0x04,"NO_IRQ,NO_IRQ,OK,RESYNC_NEEDED","NONE,NONE,DELTA,NONE",
24.923123,2026-09-05T19:04:23.703+01:00,1055798,1370705,238,238,True,True,0x04,"NO_IRQ,NO_IRQ,OK,RESYNC_NEEDED","NONE,NONE,DELTA,NONE",
24.924110,2026-09-05T19:04:23.716+01:00,1056036,1370706,258,258,True,True,0x04,"NO_IRQ,NO_IRQ,OK,RESYNC_NEEDED","NONE,NONE,DELTA,NONE",
24.925571,2026-09-05T19:04:23.717+01:00,1056294,1370707,134,134,True,True,0x04,"NO_IRQ,NO_IRQ,OK,RESYNC_NEEDED","NONE,NONE,DELTA,NONE",
24.929654,2026-09-05T19:04:23.719+01:00,1056428,1370708,184,184,True,True,0x04,"NO_IRQ,NO_IRQ,OK,RESYNC_NEEDED","NONE,NONE,DELTA,NONE",
24.934652,2026-09-05T19:04:23.723+01:00,1056612,1370709,244,244,True,True,0x04,"NO_IRQ,NO_IRQ,OK,RESYNC_NEEDED","NONE,NONE,DELTA,NONE",
24.942894,2026-09-05T19:04:23.728+01:00,1056856,1370710,258,258,True,True,0x04,"NO_IRQ,NO_IRQ,OK,RESYNC_NEEDED","NONE,NONE,DELTA,NONE",
24.950227,2026-09-05T19:04:23.739+01:00,1057114,1370711,138,138,True,True,0x04,"NO_IRQ,NO_IRQ,OK,RESYNC_NEEDED","NONE,NONE,DELTA,NONE",
24.952088,2026-09-05T19:04:23.744+01:00,1057252,1370712,196,196,True,True,0x04,"NO_IRQ,NO_IRQ,OK,RESYNC_NEEDED","NONE,NONE,DELTA,NONE",
24.954940,2026-09-05T19:04:23.745+01:00,1057448,1370713,238,238,True,True,0x04,"NO_IRQ,NO_IRQ,OK,RESYNC_NEEDED","NONE,NONE,DELTA,NONE",
24.959748,2026-09-05T19:04:23.748+01:00,1057686,1370714,258,258,True,True,0x04,"NO_IRQ,NO_IRQ,OK,RESYNC_NEEDED","NONE,NONE,DELTA,NONE",
24.965306,2026-09-05T19:04:23.753+01:00,1057944,1370715,140,140,True,True,0x04,"NO_IRQ,NO_IRQ,OK,RESYNC_NEEDED","NONE,NONE,DELTA,NONE",
24.978817,2026-09-05T19:04:23.759+01:00,1058084,1370716,184,184,True,True,0x04,"NO_IRQ,NO_IRQ,OK,RESYNC_NEEDED","NONE,NONE,DELTA,NONE",
24.979537,2026-09-05T19:04:23.772+01:00,1058268,1370717,232,232,True,True,0x04,"NO_IRQ,NO_IRQ,OK,RESYNC_NEEDED","NONE,NONE,DELTA,NONE",
24.981576,2026-09-05T19:04:23.773+01:00,1058500,1370718,248,248,True,True,0x04,"NO_IRQ,NO_IRQ,OK,RESYNC_NEEDED","NONE,NONE,DELTA,NONE",
24.984334,2026-09-05T19:04:23.775+01:00,1058748,1370719,144,144,True,True,0x04,"NO_IRQ,NO_IRQ,OK,RESYNC_NEEDED","NONE,NONE,DELTA,NONE",
24.989860,2026-09-05T19:04:23.778+01:00,1058892,1370720,182,182,True,True,0x04,"NO_IRQ,NO_IRQ,OK,RESYNC_NEEDED","NONE,NONE,DELTA,NONE",
24.997639,2026-09-05T19:04:23.783+01:00,1059074,1370721,246,246,True,True,0x04,"NO_IRQ,NO_IRQ,OK,RESYNC_NEEDED","NONE,NONE,DELTA,NONE",
25.005282,2026-09-05T19:04:23.797+01:00,1059320,1370722,256,256,True,True,0x04,"NO_IRQ,NO_IRQ,OK,RESYNC_NEEDED","NONE,NONE,DELTA,NONE",
25.006437,2026-09-05T19:04:23.799+01:00,1059576,1370723,138,138,True,True,0x04,"NO_IRQ,NO_IRQ,OK,RESYNC_NEEDED","NONE,NONE,DELTA,NONE",
25.009658,2026-09-05T19:04:23.800+01:00,1059714,1370724,174,174,True,True,0x04,"NO_IRQ,NO_IRQ,OK,RESYNC_NEEDED","NONE,NONE,DELTA,NONE",
25.015574,2026-09-05T19:04:23.803+01:00,1059888,1370725,228,228,True,True,0x04,"NO_IRQ,NO_IRQ,OK,RESYNC_NEEDED","NONE,NONE,DELTA,NONE",
25.020300,2026-09-05T19:04:23.809+01:00,1060116,1370726,262,262,True,True,0x04,"NO_IRQ,NO_IRQ,OK,RESYNC_NEEDED","NONE,NONE,DELTA,NONE",
25.024710,2026-09-05T19:04:23.814+01:00,1060378,1370727,146,146,True,True,0x04,"NO_IRQ,NO_IRQ,OK,RESYNC_NEEDED","NONE,NONE,DELTA,NONE",
25.030413,2026-09-05T19:04:23.819+01:00,1060524,1370728,192,192,True,True,0x04,"NO_IRQ,NO_IRQ,OK,RESYNC_NEEDED","NONE,NONE,DELTA,NONE",
25.034644,2026-09-05T19:04:23.824+01:00,1060716,1370729,230,230,True,True,0x04,"NO_IRQ,NO_IRQ,OK,RESYNC_NEEDED","NONE,NONE,DELTA,NONE",
25.039966,2026-09-05T19:04:23.828+01:00,1060946,1370730,256,256,True,True,0x04,"NO_IRQ,NO_IRQ,OK,RESYNC_NEEDED","NONE,NONE,DELTA,NONE",
25.044650,2026-09-05T19:04:23.833+01:00,1061202,1370731,144,144,True,True,0x04,"NO_IRQ,NO_IRQ,OK,RESYNC_NEEDED","NONE,NONE,DELTA,NONE",
25.049345,2026-09-05T19:04:23.838+01:00,1061346,1370732,184,184,True,True,0x04,"NO_IRQ,NO_IRQ,OK,RESYNC_NEEDED","NONE,NONE,DELTA,NONE",
25.054434,2026-09-05T19:04:23.843+01:00,1061530,1370733,254,254,True,True,0x04,"NO_IRQ,NO_IRQ,OK,RESYNC_NEEDED","NONE,NONE,DELTA,NONE",
25.073242,2026-09-05T19:04:23.848+01:00,1061784,1370734,254,254,True,True,0x04,"NO_IRQ,NO_IRQ,OK,RESYNC_NEEDED","NONE,NONE,DELTA,NONE",
25.074957,2026-09-05T19:04:23.867+01:00,1062038,1370735,144,144,True,True,0x04,"NO_IRQ,NO_IRQ,OK,RESYNC_NEEDED","NONE,NONE,DELTA,NONE",
25.075810,2026-09-05T19:04:23.868+01:00,1062182,1370736,186,186,True,True,0x04,"NO_IRQ,NO_IRQ,OK,RESYNC_NEEDED","NONE,NONE,DELTA,NONE",
25.076839,2026-09-05T19:04:23.869+01:00,1062368,1370737,248,248,True,True,0x04,"NO_IRQ,NO_IRQ,OK,RESYNC_NEEDED","NONE,NONE,DELTA,NONE",
25.080054,2026-09-05T19:04:23.870+01:00,1062616,1370738,254,254,True,True,0x04,"NO_IRQ,NO_IRQ,OK,RESYNC_NEEDED","NONE,NONE,DELTA,NONE",
25.084435,2026-09-05T19:04:23.873+01:00,1062870,1370739,146,146,True,True,0x04,"NO_IRQ,NO_IRQ,OK,RESYNC_NEEDED","NONE,NONE,DELTA,NONE",
25.089604,2026-09-05T19:04:23.878+01:00,1063016,1370740,172,172,True,True,0x04,"NO_IRQ,NO_IRQ,OK,RESYNC_NEEDED","NONE,NONE,DELTA,NONE",
25.102679,2026-09-05T19:04:23.883+01:00,1063188,1370741,238,238,True,True,0x04,"NO_IRQ,NO_IRQ,OK,RESYNC_NEEDED","NONE,NONE,DELTA,NONE",
25.103932,2026-09-05T19:04:23.896+01:00,1063426,1370742,256,256,True,True,0x04,"NO_IRQ,NO_IRQ,OK,RESYNC_NEEDED","NONE,NONE,DELTA,NONE",
25.104702,2026-09-05T19:04:23.897+01:00,1063682,1370743,142,142,True,True,0x04,"NO_IRQ,NO_IRQ,OK,RESYNC_NEEDED","NONE,NONE,DELTA,NONE",
25.109846,2026-09-05T19:04:23.898+01:00,1063824,1370744,166,166,True,True,0x04,"NO_IRQ,NO_IRQ,OK,RESYNC_NEEDED","NONE,NONE,DELTA,NONE",
25.114586,2026-09-05T19:04:23.903+01:00,1063990,1370745,250,250,True,True,0x04,"NO_IRQ,NO_IRQ,OK,RESYNC_NEEDED","NONE,NONE,DELTA,NONE",
25.125210,2026-09-05T19:04:23.908+01:00,1064240,1370746,264,264,True,True,0x04,"NO_IRQ,NO_IRQ,OK,RESYNC_NEEDED","NONE,NONE,DELTA,NONE",
25.126106,2026-09-05T19:04:23.919+01:00,1064504,1370747,146,146,True,True,0x04,"NO_IRQ,NO_IRQ,OK,RESYNC_NEEDED","NONE,NONE,DELTA,NONE",
25.129437,2026-09-05T19:04:23.919+01:00,1064650,1370748,172,172,True,True,0x04,"NO_IRQ,NO_IRQ,OK,RESYNC_NEEDED","NONE,NONE,DELTA,NONE",
25.134450,2026-09-05T19:04:23.923+01:00,1064822,1370749,240,240,True,True,0x04,"NO_IRQ,NO_IRQ,OK,RESYNC_NEEDED","NONE,NONE,DELTA,NONE",
25.144431,2026-09-05T19:04:23.928+01:00,1065062,1370750,258,258,True,True,0x04,"NO_IRQ,NO_IRQ,OK,RESYNC_NEEDED","NONE,NONE,DELTA,NONE",
25.145535,2026-09-05T19:04:23.938+01:00,1065320,1370751,144,144,True,True,0x04,"NO_IRQ,NO_IRQ,OK,RESYNC_NEEDED","NONE,NONE,DELTA,NONE",
25.149802,2026-09-05T19:04:23.939+01:00,1065464,1370752,170,170,True,True,0x04,"NO_IRQ,NO_IRQ,OK,RESYNC_NEEDED","NONE,NONE,DELTA,NONE",
25.154661,2026-09-05T19:04:23.943+01:00,1065634,1370753,248,248,True,True,0x04,"NO_IRQ,NO_IRQ,OK,RESYNC_NEEDED","NONE,NONE,DELTA,NONE",
25.166245,2026-09-05T19:04:23.948+01:00,1065882,1370754,266,266,True,True,0x04,"NO_IRQ,NO_IRQ,OK,RESYNC_NEEDED","NONE,NONE,DELTA,NONE",
25.166966,2026-09-05T19:04:23.960+01:00,1066148,1370755,146,146,True,True,0x04,"NO_IRQ,NO_IRQ,OK,RESYNC_NEEDED","NONE,NONE,DELTA,NONE",
25.169123,2026-09-05T19:04:23.960+01:00,1066294,1370756,168,168,True,True,0x04,"NO_IRQ,NO_IRQ,OK,RESYNC_NEEDED","NONE,NONE,DELTA,NONE",
25.174598,2026-09-05T19:04:23.962+01:00,1066462,1370757,244,244,True,True,0x04,"NO_IRQ,NO_IRQ,OK,RESYNC_NEEDED","NONE,NONE,DELTA,NONE",
25.179390,2026-09-05T19:04:23.968+01:00,1066706,1370758,254,254,True,True,0x04,"NO_IRQ,NO_IRQ,OK,RESYNC_NEEDED","NONE,NONE,DELTA,NONE",
25.190018,2026-09-05T19:04:23.973+01:00,1066960,1370759,158,158,True,True,0x04,"NO_IRQ,NO_IRQ,OK,RESYNC_NEEDED","NONE,NONE,DELTA,NONE",
25.190937,2026-09-05T19:04:23.983+01:00,1067118,1370760,174,174,True,True,0x04,"NO_IRQ,NO_IRQ,OK,RESYNC_NEEDED","NONE,NONE,DELTA,NONE",
25.194998,2026-09-05T19:04:23.984+01:00,1067292,1370761,248,248,True,True,0x04,"NO_IRQ,NO_IRQ,OK,RESYNC_NEEDED","NONE,NONE,DELTA,NONE",
25.199345,2026-09-05T19:04:23.988+01:00,1067540,1370762,258,258,True,True,0x04,"NO_IRQ,NO_IRQ,OK,RESYNC_NEEDED","NONE,NONE,DELTA,NONE",
25.210099,2026-09-05T19:04:23.993+01:00,1067798,1370763,150,150,True,True,0x04,"NO_IRQ,NO_IRQ,OK,RESYNC_NEEDED","NONE,NONE,DELTA,NONE",
25.211038,2026-09-05T19:04:24.003+01:00,1067948,1370764,172,172,True,True,0x04,"NO_IRQ,NO_IRQ,OK,RESYNC_NEEDED","NONE,NONE,DELTA,NONE",
25.214340,2026-09-05T19:04:24.005+01:00,1068120,1370765,240,240,True,True,0x04,"NO_IRQ,NO_IRQ,OK,RESYNC_NEEDED","NONE,NONE,DELTA,NONE",
25.219250,2026-09-05T19:04:24.008+01:00,1068360,1370766,248,248,True,True,0x04,"NO_IRQ,NO_IRQ,OK,RESYNC_NEEDED","NONE,NONE,DELTA,NONE",
25.229570,2026-09-05T19:04:24.013+01:00,1068608,1370767,154,154,True,True,0x04,"NO_IRQ,NO_IRQ,OK,RESYNC_NEEDED","NONE,NONE,DELTA,NONE",
25.230386,2026-09-05T19:04:24.023+01:00,1068762,1370768,166,166,True,True,0x04,"NO_IRQ,NO_IRQ,OK,RESYNC_NEEDED","NONE,NONE,DELTA,NONE",
25.234523,2026-09-05T19:04:24.024+01:00,1068928,1370769,248,248,True,True,0x04,"NO_IRQ,NO_IRQ,OK,RESYNC_NEEDED","NONE,NONE,DELTA,NONE",
25.239258,2026-09-05T19:04:24.028+01:00,1069176,1370770,248,248,True,True,0x04,"NO_IRQ,NO_IRQ,OK,RESYNC_NEEDED","NONE,NONE,DELTA,NONE",
25.244049,2026-09-05T19:04:24.033+01:00,1069424,1370771,152,152,True,True,0x04,"NO_IRQ,NO_IRQ,OK,RESYNC_NEEDED","NONE,NONE,DELTA,NONE",
25.250136,2026-09-05T19:04:24.037+01:00,1069576,1370772,170,170,True,True,0x04,"NO_IRQ,NO_IRQ,OK,RESYNC_NEEDED","NONE,NONE,DELTA,NONE",
25.254929,2026-09-05T19:04:24.043+01:00,1069746,1370773,250,250,True,True,0x04,"NO_IRQ,NO_IRQ,OK,RESYNC_NEEDED","NONE,NONE,DELTA,NONE",
25.259207,2026-09-05T19:04:24.048+01:00,1069996,1370774,264,264,True,True,0x04,"NO_IRQ,NO_IRQ,OK,RESYNC_NEEDED","NONE,NONE,DELTA,NONE",
25.270781,2026-09-05T19:04:24.053+01:00,1070260,1370775,152,152,True,True,0x04,"NO_IRQ,NO_IRQ,OK,RESYNC_NEEDED","NONE,NONE,DELTA,NONE",
25.271798,2026-09-05T19:04:24.065+01:00,1070412,1370776,164,164,True,True,0x04,"NO_IRQ,NO_IRQ,OK,RESYNC_NEEDED","NONE,NONE,DELTA,NONE",
25.274022,2026-09-05T19:04:24.065+01:00,1070576,1370777,254,254,True,True,0x04,"NO_IRQ,NO_IRQ,OK,RESYNC_NEEDED","NONE,NONE,DELTA,NONE",
25.291277,2026-09-05T19:04:24.074+01:00,1070830,1370778,260,260,True,True,0x04,"NO_IRQ,NO_IRQ,OK,RESYNC_NEEDED","NONE,NONE,DELTA,NONE",
25.292579,2026-09-05T19:04:24.085+01:00,1071090,1370779,160,160,True,True,0x04,"NO_IRQ,NO_IRQ,OK,RESYNC_NEEDED","NONE,NONE,DELTA,NONE",
25.293522,2026-09-05T19:04:24.086+01:00,1071250,1370780,164,164,True,True,0x04,"NO_IRQ,NO_IRQ,OK,RESYNC_NEEDED","NONE,NONE,DELTA,NONE",
25.294881,2026-09-05T19:04:24.087+01:00,1071414,1370781,246,246,True,True,0x04,"NO_IRQ,NO_IRQ,OK,RESYNC_NEEDED","NONE,NONE,DELTA,NONE",
25.299832,2026-09-05T19:04:24.088+01:00,1071660,1370782,248,248,True,True,0x04,"NO_IRQ,NO_IRQ,OK,RESYNC_NEEDED","NONE,NONE,DELTA,NONE",
25.304818,2026-09-05T19:04:24.093+01:00,1071908,1370783,162,162,True,True,0x04,"NO_IRQ,NO_IRQ,OK,RESYNC_NEEDED","NONE,NONE,DELTA,NONE",
25.316028,2026-09-05T19:04:24.098+01:00,1072070,1370784,166,166,True,True,0x04,"NO_IRQ,NO_IRQ,OK,RESYNC_NEEDED","NONE,NONE,DELTA,NONE",
25.317302,2026-09-05T19:04:24.109+01:00,1072236,1370785,244,244,True,True,0x04,"NO_IRQ,NO_IRQ,OK,RESYNC_NEEDED","NONE,NONE,DELTA,NONE",
25.319296,2026-09-05T19:04:24.111+01:00,1072480,1370786,252,252,True,True,0x04,"NO_IRQ,NO_IRQ,OK,RESYNC_NEEDED","NONE,NONE,DELTA,NONE",
25.324165,2026-09-05T19:04:24.113+01:00,1072732,1370787,162,162,True,True,0x04,"NO_IRQ,NO_IRQ,OK,RESYNC_NEEDED","NONE,NONE,DELTA,NONE",
25.329050,2026-09-05T19:04:24.117+01:00,1072894,1370788,170,170,True,True,0x04,"NO_IRQ,NO_IRQ,OK,RESYNC_NEEDED","NONE,NONE,DELTA,NONE",
25.337366,2026-09-05T19:04:24.123+01:00,1073064,1370789,240,240,True,True,0x04,"NO_IRQ,NO_IRQ,OK,RESYNC_NEEDED","NONE,NONE,DELTA,NONE",
25.339226,2026-09-05T19:04:24.131+01:00,1073304,1370790,258,258,True,True,0x04,"NO_IRQ,NO_IRQ,OK,RESYNC_NEEDED","NONE,NONE,DELTA,NONE",
25.344499,2026-09-05T19:04:24.133+01:00,1073562,1370791,158,158,True,True,0x04,"NO_IRQ,NO_IRQ,OK,RESYNC_NEEDED","NONE,NONE,DELTA,NONE",
25.360384,2026-09-05T19:04:24.138+01:00,1073720,1370792,164,164,True,True,0x04,"NO_IRQ,NO_IRQ,OK,RESYNC_NEEDED","NONE,NONE,DELTA,NONE",
25.361293,2026-09-05T19:04:24.154+01:00,1073884,1370793,254,254,True,True,0x04,"NO_IRQ,NO_IRQ,OK,RESYNC_NEEDED","NONE,NONE,DELTA,NONE",
25.362242,2026-09-05T19:04:24.155+01:00,1074138,1370794,252,252,True,True,0x04,"NO_IRQ,NO_IRQ,OK,RESYNC_NEEDED","NONE,NONE,DELTA,NONE",
25.364081,2026-09-05T19:04:24.156+01:00,1074390,1370795,160,160,True,True,0x04,"NO_IRQ,NO_IRQ,OK,RESYNC_NEEDED","NONE,NONE,DELTA,NONE",
25.368870,2026-09-05T19:04:24.157+01:00,1074550,1370796,162,162,True,True,0x04,"NO_IRQ,NO_IRQ,OK,RESYNC_NEEDED","NONE,NONE,DELTA,NONE",
25.373993,2026-09-05T19:04:24.162+01:00,1074712,1370797,244,244,True,True,0x04,"NO_IRQ,NO_IRQ,OK,RESYNC_NEEDED","NONE,NONE,DELTA,NONE",
25.387939,2026-09-05T19:04:24.167+01:00,1074956,1370798,252,252,True,True,0x04,"NO_IRQ,NO_IRQ,OK,RESYNC_NEEDED","NONE,NONE,DELTA,NONE",
25.390136,2026-09-05T19:04:24.182+01:00,1075208,1370799,162,162,True,True,0x04,"NO_IRQ,NO_IRQ,OK,RESYNC_NEEDED","NONE,NONE,DELTA,NONE",
25.391099,2026-09-05T19:04:24.184+01:00,1075370,1370800,156,156,True,True,0x04,"NO_IRQ,NO_IRQ,OK,RESYNC_NEEDED","NONE,NONE,DELTA,NONE",
25.394342,2026-09-05T19:04:24.184+01:00,1075526,1370801,248,248,True,True,0x04,"NO_IRQ,NO_IRQ,OK,RESYNC_NEEDED","NONE,NONE,DELTA,NONE",
25.399522,2026-09-05T19:04:24.188+01:00,1075774,1370802,248,248,True,True,0x04,"NO_IRQ,NO_IRQ,OK,RESYNC_NEEDED","NONE,NONE,DELTA,NONE",
25.410420,2026-09-05T19:04:24.193+01:00,1076022,1370803,162,162,True,True,0x04,"NO_IRQ,NO_IRQ,OK,RESYNC_NEEDED","NONE,NONE,DELTA,NONE",
25.411240,2026-09-05T19:04:24.204+01:00,1076184,1370804,154,154,True,True,0x04,"NO_IRQ,NO_IRQ,OK,RESYNC_NEEDED","NONE,NONE,DELTA,NONE",
25.414152,2026-09-05T19:04:24.205+01:00,1076338,1370805,252,252,True,True,0x04,"NO_IRQ,NO_IRQ,OK,RESYNC_NEEDED","NONE,NONE,DELTA,NONE",
25.419353,2026-09-05T19:04:24.208+01:00,1076590,1370806,246,246,True,True,0x04,"NO_IRQ,NO_IRQ,OK,RESYNC_NEEDED","NONE,NONE,DELTA,NONE",
25.424464,2026-09-05T19:04:24.213+01:00,1076836,1370807,160,160,True,True,0x04,"NO_IRQ,NO_IRQ,OK,RESYNC_NEEDED","NONE,NONE,DELTA,NONE",
25.439417,2026-09-05T19:04:24.218+01:00,1076996,1370808,156,156,True,True,0x04,"NO_IRQ,NO_IRQ,OK,RESYNC_NEEDED","NONE,NONE,DELTA,NONE",
25.440081,2026-09-05T19:04:24.233+01:00,1077152,1370809,250,250,True,True,0x04,"NO_IRQ,NO_IRQ,OK,RESYNC_NEEDED","NONE,NONE,DELTA,NONE",
25.440719,2026-09-05T19:04:24.233+01:00,1077402,1370810,252,252,True,True,0x04,"NO_IRQ,NO_IRQ,OK,RESYNC_NEEDED","NONE,NONE,DELTA,NONE",
25.444254,2026-09-05T19:04:24.234+01:00,1077654,1370811,166,166,True,True,0x04,"NO_IRQ,NO_IRQ,OK,RESYNC_NEEDED","NONE,NONE,DELTA,NONE",
25.449212,2026-09-05T19:04:24.238+01:00,1077820,1370812,158,158,True,True,0x04,"NO_IRQ,NO_IRQ,OK,RESYNC_NEEDED","NONE,NONE,DELTA,NONE",
25.454173,2026-09-05T19:04:24.243+01:00,1077978,1370813,232,232,True,True,0x04,"NO_IRQ,NO_IRQ,OK,RESYNC_NEEDED","NONE,NONE,DELTA,NONE",
25.465154,2026-09-05T19:04:24.248+01:00,1078210,1370814,248,248,True,True,0x04,"NO_IRQ,NO_IRQ,OK,RESYNC_NEEDED","NONE,NONE,DELTA,NONE",
25.466628,2026-09-05T19:04:24.259+01:00,1078458,1370815,166,166,True,True,0x04,"NO_IRQ,NO_IRQ,OK,RESYNC_NEEDED","NONE,NONE,DELTA,NONE",
25.469501,2026-09-05T19:04:24.260+01:00,1078624,1370816,158,158,True,True,0x04,"NO_IRQ,NO_IRQ,OK,RESYNC_NEEDED","NONE,NONE,DELTA,NONE",
25.474109,2026-09-05T19:04:24.263+01:00,1078782,1370817,244,244,True,True,0x04,"NO_IRQ,NO_IRQ,OK,RESYNC_NEEDED","NONE,NONE,DELTA,NONE",
25.479485,2026-09-05T19:04:24.268+01:00,1079026,1370818,246,246,True,True,0x04,"NO_IRQ,NO_IRQ,OK,RESYNC_NEEDED","NONE,NONE,DELTA,NONE",
25.485744,2026-09-05T19:04:24.273+01:00,1079272,1370819,166,166,True,True,0x04,"NO_IRQ,NO_IRQ,OK,RESYNC_NEEDED","NONE,NONE,DELTA,NONE",
25.489142,2026-09-05T19:04:24.279+01:00,1079438,1370820,162,162,True,True,0x04,"NO_IRQ,NO_IRQ,OK,RESYNC_NEEDED","NONE,NONE,DELTA,NONE",
25.494238,2026-09-05T19:04:24.283+01:00,1079600,1370821,244,244,True,True,0x04,"NO_IRQ,NO_IRQ,OK,RESYNC_NEEDED","NONE,NONE,DELTA,NONE",
25.499782,2026-09-05T19:04:24.289+01:00,1079844,1370822,248,248,True,True,0x04,"NO_IRQ,NO_IRQ,OK,RESYNC_NEEDED","NONE,NONE,DELTA,NONE",
25.504370,2026-09-05T19:04:24.293+01:00,1080092,1370823,176,176,True,True,0x04,"NO_IRQ,NO_IRQ,OK,RESYNC_NEEDED","NONE,NONE,DELTA,NONE",
25.508863,2026-09-05T19:04:24.298+01:00,1080268,1370824,166,166,True,True,0x04,"NO_IRQ,NO_IRQ,OK,RESYNC_NEEDED","NONE,NONE,DELTA,NONE",
25.514105,2026-09-05T19:04:24.302+01:00,1080434,1370825,246,246,True,True,0x04,"NO_IRQ,NO_IRQ,OK,RESYNC_NEEDED","NONE,NONE,DELTA,NONE",
25.527218,2026-09-05T19:04:24.307+01:00,1080680,1370826,256,256,True,True,0x04,"NO_IRQ,NO_IRQ,OK,RESYNC_NEEDED","NONE,NONE,DELTA,NONE",
25.535167,2026-09-05T19:04:24.321+01:00,1080936,1370827,174,174,True,True,0x04,"NO_IRQ,NO_IRQ,OK,RESYNC_NEEDED","NONE,NONE,DELTA,NONE",
25.536506,2026-09-05T19:04:24.329+01:00,1081110,1370828,150,150,True,True,0x04,"NO_IRQ,NO_IRQ,OK,RESYNC_NEEDED","NONE,NONE,DELTA,NONE",
25.538593,2026-09-05T19:04:24.330+01:00,1081260,1370829,254,254,True,True,0x04,"NO_IRQ,NO_IRQ,OK,RESYNC_NEEDED","NONE,NONE,DELTA,NONE",
25.539839,2026-09-05T19:04:24.332+01:00,1081514,1370830,252,252,True,True,0x04,"NO_IRQ,NO_IRQ,OK,RESYNC_NEEDED","NONE,NONE,DELTA,NONE",
25.544214,2026-09-05T19:04:24.333+01:00,1081766,1370831,168,168,True,True,0x04,"NO_IRQ,NO_IRQ,OK,RESYNC_NEEDED","NONE,NONE,DELTA,NONE",
25.549440,2026-09-05T19:04:24.338+01:00,1081934,1370832,146,146,True,True,0x04,"NO_IRQ,NO_IRQ,OK,RESYNC_NEEDED","NONE,NONE,DELTA,NONE",
25.558527,2026-09-05T19:04:24.343+01:00,1082080,1370833,252,252,True,True,0x04,"NO_IRQ,NO_IRQ,OK,RESYNC_NEEDED","NONE,NONE,DELTA,NONE",
25.559959,2026-09-05T19:04:24.352+01:00,1082332,1370834,236,236,True,True,0x04,"NO_IRQ,NO_IRQ,OK,RESYNC_NEEDED","NONE,NONE,DELTA,NONE",
25.564999,2026-09-05T19:04:24.353+01:00,1082568,1370835,1084,1084,True,True,0x04,"NO_IRQ,NO_IRQ,OK,RESYNC_NEEDED","NONE,NONE,DELTA_SYNC,NONE",
25.569377,2026-09-05T19:04:24.359+01:00,1083652,1370836,162,162,True,True,0x04,"NO_IRQ,NO_IRQ,OK,RESYNC_NEEDED","NONE,NONE,DELTA,NONE",
25.581566,2026-09-05T19:04:24.363+01:00,1083814,1370837,258,258,True,True,0x04,"NO_IRQ,NO_IRQ,OK,RESYNC_NEEDED","NONE,NONE,DELTA,NONE",
25.582884,2026-09-05T19:04:24.375+01:00,1084072,1370838,252,252,True,True,0x04,"NO_IRQ,NO_IRQ,OK,RESYNC_NEEDED","NONE,NONE,DELTA,NONE",
25.584222,2026-09-05T19:04:24.376+01:00,1084324,1370839,172,172,True,True,0x04,"NO_IRQ,NO_IRQ,OK,RESYNC_NEEDED","NONE,NONE,DELTA,NONE",
25.589187,2026-09-05T19:04:24.378+01:00,1084496,1370840,150,150,True,True,0x04,"NO_IRQ,NO_IRQ,OK,RESYNC_NEEDED","NONE,NONE,DELTA,NONE",
25.594412,2026-09-05T19:04:24.383+01:00,1084646,1370841,250,250,True,True,0x04,"NO_IRQ,NO_IRQ,OK,RESYNC_NEEDED","NONE,NONE,DELTA,NONE",
25.598808,2026-09-05T19:04:24.388+01:00,1084896,1370842,244,244,True,True,0x04,"NO_IRQ,NO_IRQ,OK,RESYNC_NEEDED","NONE,NONE,DELTA,NONE",
25.606491,2026-09-05T19:04:24.392+01:00,1085140,1370843,172,172,True,True,0x04,"NO_IRQ,NO_IRQ,OK,RESYNC_NEEDED","NONE,NONE,DELTA,NONE",
25.609075,2026-09-05T19:04:24.400+01:00,1085312,1370844,150,150,True,True,0x04,"NO_IRQ,NO_IRQ,OK,RESYNC_NEEDED","NONE,NONE,DELTA,NONE",
25.613842,2026-09-05T19:04:24.402+01:00,1085462,1370845,240,240,True,True,0x04,"NO_IRQ,NO_IRQ,OK,RESYNC_NEEDED","NONE,NONE,DELTA,NONE",
25.623288,2026-09-05T19:04:24.407+01:00,1085702,1370846,244,244,True,True,0x04,"NO_IRQ,NO_IRQ,OK,RESYNC_NEEDED","NONE,NONE,DELTA,NONE",
25.624214,2026-09-05T19:04:24.417+01:00,1085946,1370847,190,190,True,True,0x04,"NO_IRQ,NO_IRQ,OK,RESYNC_NEEDED","NONE,NONE,DELTA,NONE",
25.629318,2026-09-05T19:04:24.418+01:00,1086136,1370848,152,152,True,True,0x04,"NO_IRQ,NO_IRQ,OK,RESYNC_NEEDED","NONE,NONE,DELTA,NONE",
25.634431,2026-09-05T19:04:24.423+01:00,1086288,1370849,256,256,True,True,0x04,"NO_IRQ,NO_IRQ,OK,RESYNC_NEEDED","NONE,NONE,DELTA,NONE",
25.639080,2026-09-05T19:04:24.428+01:00,1086544,1370850,252,252,True,True,0x04,"NO_IRQ,NO_IRQ,OK,RESYNC_NEEDED","NONE,NONE,DELTA,NONE",
25.649058,2026-09-05T19:04:24.433+01:00,1086796,1370851,180,180,True,True,0x04,"NO_IRQ,NO_IRQ,OK,RESYNC_NEEDED","NONE,NONE,DELTA,NONE",
25.649999,2026-09-05T19:04:24.442+01:00,1086976,1370852,148,148,True,True,0x04,"NO_IRQ,NO_IRQ,OK,RESYNC_NEEDED","NONE,NONE,DELTA,NONE",
25.654090,2026-09-05T19:04:24.443+01:00,1087124,1370853,244,244,True,True,0x04,"NO_IRQ,NO_IRQ,OK,RESYNC_NEEDED","NONE,NONE,DELTA,NONE",
25.659218,2026-09-05T19:04:24.447+01:00,1087368,1370854,248,248,True,True,0x04,"NO_IRQ,NO_IRQ,OK,RESYNC_NEEDED","NONE,NONE,DELTA,NONE",
25.668430,2026-09-05T19:04:24.453+01:00,1087616,1370855,180,180,True,True,0x04,"NO_IRQ,NO_IRQ,OK,RESYNC_NEEDED","NONE,NONE,DELTA,NONE",
25.669148,2026-09-05T19:04:24.462+01:00,1087796,1370856,148,148,True,True,0x04,"NO_IRQ,NO_IRQ,OK,RESYNC_NEEDED","NONE,NONE,DELTA,NONE",
25.674428,2026-09-05T19:04:24.463+01:00,1087944,1370857,242,242,True,True,0x04,"NO_IRQ,NO_IRQ,OK,RESYNC_NEEDED","NONE,NONE,DELTA,NONE",
25.679062,2026-09-05T19:04:24.468+01:00,1088186,1370858,242,242,True,True,0x04,"NO_IRQ,NO_IRQ,OK,RESYNC_NEEDED","NONE,NONE,DELTA,NONE",
25.685441,2026-09-05T19:04:24.473+01:00,1088428,1370859,178,178,True,True,0x04,"NO_IRQ,NO_IRQ,OK,RESYNC_NEEDED","NONE,NONE,DELTA,NONE",
25.693566,2026-09-05T19:04:24.479+01:00,1088606,1370860,148,148,True,True,0x04,"NO_IRQ,NO_IRQ,OK,RESYNC_NEEDED","NONE,NONE,DELTA,NONE",
25.694721,2026-09-05T19:04:24.487+01:00,1088754,1370861,252,252,True,True,0x04,"NO_IRQ,NO_IRQ,OK,RESYNC_NEEDED","NONE,NONE,DELTA,NONE",
25.699169,2026-09-05T19:04:24.488+01:00,1089006,1370862,246,246,True,True,0x04,"NO_IRQ,NO_IRQ,OK,RESYNC_NEEDED","NONE,NONE,DELTA,NONE",
25.703591,2026-09-05T19:04:24.492+01:00,1089252,1370863,182,182,True,True,0x04,"NO_IRQ,NO_IRQ,OK,RESYNC_NEEDED","NONE,NONE,DELTA,NONE",
25.708602,2026-09-05T19:04:24.497+01:00,1089434,1370864,146,146,True,True,0x04,"NO_IRQ,NO_IRQ,OK,RESYNC_NEEDED","NONE,NONE,DELTA,NONE",
25.714490,2026-09-05T19:04:24.502+01:00,1089580,1370865,242,242,True,True,0x04,"NO_IRQ,NO_IRQ,OK,RESYNC_NEEDED","NONE,NONE,DELTA,NONE",
25.718589,2026-09-05T19:04:24.508+01:00,1089822,1370866,242,242,True,True,0x04,"NO_IRQ,NO_IRQ,OK,RESYNC_NEEDED","NONE,NONE,DELTA,NONE",
25.723707,2026-09-05T19:04:24.512+01:00,1090064,1370867,186,186,True,True,0x04,"NO_IRQ,NO_IRQ,OK,RESYNC_NEEDED","NONE,NONE,DELTA,NONE",
25.728461,2026-09-05T19:04:24.517+01:00,1090250,1370868,148,148,True,True,0x04,"NO_IRQ,NO_IRQ,OK,RESYNC_NEEDED","NONE,NONE,DELTA,NONE",
25.742684,2026-09-05T19:04:24.522+01:00,1090398,1370869,256,256,True,True,0x04,"NO_IRQ,NO_IRQ,OK,RESYNC_NEEDED","NONE,NONE,DELTA,NONE",
25.743051,2026-09-05T19:04:24.536+01:00,1090654,1370870,246,246,True,True,0x04,"NO_IRQ,NO_IRQ,OK,RESYNC_NEEDED","NONE,NONE,DELTA,NONE",
25.743405,2026-09-05T19:04:24.536+01:00,1090900,1370871,182,182,True,True,0x04,"NO_IRQ,NO_IRQ,OK,RESYNC_NEEDED","NONE,NONE,DELTA,NONE",
25.756351,2026-09-05T19:04:24.537+01:00,1091082,1370872,144,144,True,True,0x04,"NO_IRQ,NO_IRQ,OK,RESYNC_NEEDED","NONE,NONE,DELTA,NONE",
25.761549,2026-09-05T19:04:24.551+01:00,1091226,1370873,248,248,True,True,0x04,"NO_IRQ,NO_IRQ,OK,RESYNC_NEEDED","NONE,NONE,DELTA,NONE",
25.762356,2026-09-05T19:04:24.555+01:00,1091474,1370874,240,240,True,True,0x04,"NO_IRQ,NO_IRQ,OK,RESYNC_NEEDED","NONE,NONE,DELTA,NONE",
25.763736,2026-09-05T19:04:24.556+01:00,1091714,1370875,188,188,True,True,0x04,"NO_IRQ,NO_IRQ,OK,RESYNC_NEEDED","NONE,NONE,DELTA,NONE",
25.769201,2026-09-05T19:04:24.557+01:00,1091902,1370876,146,146,True,True,0x04,"NO_IRQ,NO_IRQ,OK,RESYNC_NEEDED","NONE,NONE,DELTA,NONE",
25.773902,2026-09-05T19:04:24.563+01:00,1092048,1370877,236,236,True,True,0x04,"NO_IRQ,NO_IRQ,OK,RESYNC_NEEDED","NONE,NONE,DELTA,NONE",
25.791846,2026-09-05T19:04:24.567+01:00,1092284,1370878,254,254,True,True,0x04,"NO_IRQ,NO_IRQ,OK,RESYNC_NEEDED","NONE,NONE,DELTA,NONE",
25.792633,2026-09-05T19:04:24.585+01:00,1092538,1370879,188,188,True,True,0x04,"NO_IRQ,NO_IRQ,OK,RESYNC_NEEDED","NONE,NONE,DELTA,NONE",
25.793324,2026-09-05T19:04:24.586+01:00,1092726,1370880,144,144,True,True,0x04,"NO_IRQ,NO_IRQ,OK,RESYNC_NEEDED","NONE,NONE,DELTA,NONE",
25.794325,2026-09-05T19:04:24.587+01:00,1092870,1370881,250,250,True,True,0x04,"NO_IRQ,NO_IRQ,OK,RESYNC_NEEDED","NONE,NONE,DELTA,NONE",
25.799247,2026-09-05T19:04:24.588+01:00,1093120,1370882,222,222,True,True,0x04,"NO_IRQ,NO_IRQ,OK,RESYNC_NEEDED","NONE,NONE,DELTA,NONE",
25.804245,2026-09-05T19:04:24.593+01:00,1093342,1370883,190,190,True,True,0x04,"NO_IRQ,NO_IRQ,OK,RESYNC_NEEDED","NONE,NONE,DELTA,NONE",
25.816324,2026-09-05T19:04:24.598+01:00,1093532,1370884,140,140,True,True,0x04,"NO_IRQ,NO_IRQ,OK,RESYNC_NEEDED","NONE,NONE,DELTA,NONE",
25.817239,2026-09-05T19:04:24.610+01:00,1093672,1370885,246,246,True,True,0x04,"NO_IRQ,NO_IRQ,OK,RESYNC_NEEDED","NONE,NONE,DELTA,NONE",
25.818854,2026-09-05T19:04:24.611+01:00,1093918,1370886,236,236,True,True,0x04,"NO_IRQ,NO_IRQ,OK,RESYNC_NEEDED","NONE,NONE,DELTA,NONE",
25.823766,2026-09-05T19:04:24.612+01:00,1094154,1370887,186,186,True,True,0x04,"NO_IRQ,NO_IRQ,OK,RESYNC_NEEDED","NONE,NONE,DELTA,NONE",
25.828600,2026-09-05T19:04:24.617+01:00,1094340,1370888,148,148,True,True,0x04,"NO_IRQ,NO_IRQ,OK,RESYNC_NEEDED","NONE,NONE,DELTA,NONE",
25.836224,2026-09-05T19:04:24.622+01:00,1094488,1370889,252,252,True,True,0x04,"NO_IRQ,NO_IRQ,OK,RESYNC_NEEDED","NONE,NONE,DELTA,NONE",
25.844481,2026-09-05T19:04:24.630+01:00,1094740,1370890,236,236,True,True,0x04,"NO_IRQ,NO_IRQ,OK,RESYNC_NEEDED","NONE,NONE,DELTA,NONE",
25.845544,2026-09-05T19:04:24.638+01:00,1094976,1370891,186,186,True,True,0x04,"NO_IRQ,NO_IRQ,OK,RESYNC_NEEDED","NONE,NONE,DELTA,NONE",
25.849100,2026-09-05T19:04:24.639+01:00,1095162,1370892,142,142,True,True,0x04,"NO_IRQ,NO_IRQ,OK,RESYNC_NEEDED","NONE,NONE,DELTA,NONE",
25.854581,2026-09-05T19:04:24.642+01:00,1095304,1370893,238,238,True,True,0x04,"NO_IRQ,NO_IRQ,OK,RESYNC_NEEDED","NONE,NONE,DELTA,NONE",
25.858536,2026-09-05T19:04:24.648+01:00,1095542,1370894,234,234,True,True,0x04,"NO_IRQ,NO_IRQ,OK,RESYNC_NEEDED","NONE,NONE,DELTA,NONE",
25.871459,2026-09-05T19:04:24.652+01:00,1095776,1370895,190,190,True,True,0x04,"NO_IRQ,NO_IRQ,OK,RESYNC_NEEDED","NONE,NONE,DELTA,NONE",
25.872296,2026-09-05T19:04:24.665+01:00,1095966,1370896,142,142,True,True,0x04,"NO_IRQ,NO_IRQ,OK,RESYNC_NEEDED","NONE,NONE,DELTA,NONE",
25.873529,2026-09-05T19:04:24.666+01:00,1096108,1370897,244,244,True,True,0x04,"NO_IRQ,NO_IRQ,OK,RESYNC_NEEDED","NONE,NONE,DELTA,NONE",
25.878651,2026-09-05T19:04:24.667+01:00,1096352,1370898,240,240,True,True,0x04,"NO_IRQ,NO_IRQ,OK,RESYNC_NEEDED","NONE,NONE,DELTA,NONE",
25.888082,2026-09-05T19:04:24.672+01:00,1096592,1370899,190,190,True,True,0x04,"NO_IRQ,NO_IRQ,OK,RESYNC_NEEDED","NONE,NONE,DELTA,NONE",
25.892340,2026-09-05T19:04:24.682+01:00,1096782,1370900,140,140,True,True,0x04,"NO_IRQ,NO_IRQ,OK,RESYNC_NEEDED","NONE,NONE,DELTA,NONE",
25.893900,2026-09-05T19:04:24.686+01:00,1096922,1370901,246,246,True,True,0x04,"NO_IRQ,NO_IRQ,OK,RESYNC_NEEDED","NONE,NONE,DELTA,NONE",
25.899093,2026-09-05T19:04:24.687+01:00,1097168,1370902,238,238,True,True,0x04,"NO_IRQ,NO_IRQ,OK,RESYNC_NEEDED","NONE,NONE,DELTA,NONE",
25.903879,2026-09-05T19:04:24.692+01:00,1097406,1370903,194,194,True,True,0x04,"NO_IRQ,NO_IRQ,OK,RESYNC_NEEDED","NONE,NONE,DELTA,NONE",
25.912995,2026-09-05T19:04:24.697+01:00,1097600,1370904,138,138,True,True,0x04,"NO_IRQ,NO_IRQ,OK,RESYNC_NEEDED","NONE,NONE,DELTA,NONE",
25.914174,2026-09-05T19:04:24.706+01:00,1097738,1370905,244,244,True,True,0x04,"NO_IRQ,NO_IRQ,OK,RESYNC_NEEDED","NONE,NONE,DELTA,NONE",
25.918657,2026-09-05T19:04:24.707+01:00,1097982,1370906,228,228,True,True,0x04,"NO_IRQ,NO_IRQ,OK,RESYNC_NEEDED","NONE,NONE,DELTA,NONE",
25.923806,2026-09-05T19:04:24.712+01:00,1098210,1370907,198,198,True,True,0x04,"NO_IRQ,NO_IRQ,OK,RESYNC_NEEDED","NONE,NONE,DELTA,NONE",
25.933729,2026-09-05T19:04:24.717+01:00,1098408,1370908,134,134,True,True,0x04,"NO_IRQ,NO_IRQ,OK,RESYNC_NEEDED","NONE,NONE,DELTA,NONE",
25.934378,2026-09-05T19:04:24.727+01:00,1098542,1370909,254,254,True,True,0x04,"NO_IRQ,NO_IRQ,OK,RESYNC_NEEDED","NONE,NONE,DELTA,NONE",
25.939273,2026-09-05T19:04:24.728+01:00,1098796,1370910,246,246,True,True,0x04,"NO_IRQ,NO_IRQ,OK,RESYNC_NEEDED","NONE,NONE,DELTA,NONE",
25.943466,2026-09-05T19:04:24.733+01:00,1099042,1370911,196,196,True,True,0x04,"NO_IRQ,NO_IRQ,OK,RESYNC_NEEDED","NONE,NONE,DELTA,NONE",
25.949886,2026-09-05T19:04:24.737+01:00,1099238,1370912,136,136,True,True,0x04,"NO_IRQ,NO_IRQ,OK,RESYNC_NEEDED","NONE,NONE,DELTA,NONE",
25.955685,2026-09-05T19:04:24.747+01:00,1099374,1370913,244,244,True,True,0x04,"NO_IRQ,NO_IRQ,OK,RESYNC_NEEDED","NONE,NONE,DELTA,NONE",
25.958486,2026-09-05T19:04:24.749+01:00,1099618,1370914,232,232,True,True,0x04,"NO_IRQ,NO_IRQ,OK,RESYNC_NEEDED","NONE,NONE,DELTA,NONE",
25.963272,2026-09-05T19:04:24.752+01:00,1099850,1370915,188,188,True,True,0x04,"NO_IRQ,NO_IRQ,OK,RESYNC_NEEDED","NONE,NONE,DELTA,NONE",
25.968344,2026-09-05T19:04:24.757+01:00,1100038,1370916,136,136,True,True,0x04,"NO_IRQ,NO_IRQ,OK,RESYNC_NEEDED","NONE,NONE,DELTA,NONE",
25.985777,2026-09-05T19:04:24.762+01:00,1100174,1370917,238,238,True,True,0x04,"NO_IRQ,NO_IRQ,OK,RESYNC_NEEDED","NONE,NONE,DELTA,NONE",
25.986714,2026-09-05T19:04:24.779+01:00,1100412,1370918,232,232,True,True,0x04,"NO_IRQ,NO_IRQ,OK,RESYNC_NEEDED","NONE,NONE,DELTA,NONE",
25.987888,2026-09-05T19:04:24.780+01:00,1100644,1370919,194,194,True,True,0x04,"NO_IRQ,NO_IRQ,OK,RESYNC_NEEDED","NONE,NONE,DELTA,NONE",
25.988785,2026-09-05T19:04:24.782+01:00,1100838,1370920,142,142,True,True,0x04,"NO_IRQ,NO_IRQ,OK,RESYNC_NEEDED","NONE,NONE,DELTA,NONE",
25.993766,2026-09-05T19:04:24.782+01:00,1100980,1370921,248,248,True,True,0x04,"NO_IRQ,NO_IRQ,OK,RESYNC_NEEDED","NONE,NONE,DELTA,NONE",
26.004256,2026-09-05T19:04:24.787+01:00,1101228,1370922,240,240,True,True,0x04,"NO_IRQ,NO_IRQ,OK,RESYNC_NEEDED","NONE,NONE,DELTA,NONE",
26.004885,2026-09-05T19:04:24.798+01:00,1101468,1370923,202,202,True,True,0x04,"NO_IRQ,NO_IRQ,OK,RESYNC_NEEDED","NONE,NONE,DELTA,NONE",
26.008310,2026-09-05T19:04:24.798+01:00,1101670,1370924,138,138,True,True,0x04,"NO_IRQ,NO_IRQ,OK,RESYNC_NEEDED","NONE,NONE,DELTA,NONE",
26.013738,2026-09-05T19:04:24.802+01:00,1101808,1370925,246,246,True,True,0x04,"NO_IRQ,NO_IRQ,OK,RESYNC_NEEDED","NONE,NONE,DELTA,NONE",
26.025881,2026-09-05T19:04:24.807+01:00,1102054,1370926,244,244,True,True,0x04,"NO_IRQ,NO_IRQ,OK,RESYNC_NEEDED","NONE,NONE,DELTA,NONE",
26.026562,2026-09-05T19:04:24.819+01:00,1102298,1370927,200,200,True,True,0x04,"NO_IRQ,NO_IRQ,OK,RESYNC_NEEDED","NONE,NONE,DELTA,NONE",
26.028245,2026-09-05T19:04:24.820+01:00,1102498,1370928,142,142,True,True,0x04,"NO_IRQ,NO_IRQ,OK,RESYNC_NEEDED","NONE,NONE,DELTA,NONE",
26.033590,2026-09-05T19:04:24.822+01:00,1102640,1370929,246,246,True,True,0x04,"NO_IRQ,NO_IRQ,OK,RESYNC_NEEDED","NONE,NONE,DELTA,NONE",
26.044223,2026-09-05T19:04:24.827+01:00,1102886,1370930,236,236,True,True,0x04,"NO_IRQ,NO_IRQ,OK,RESYNC_NEEDED","NONE,NONE,DELTA,NONE",
26.044837,2026-09-05T19:04:24.838+01:00,1103122,1370931,212,212,True,True,0x04,"NO_IRQ,NO_IRQ,OK,RESYNC_NEEDED","NONE,NONE,DELTA,NONE",
26.048490,2026-09-05T19:04:24.838+01:00,1103334,1370932,136,136,True,True,0x04,"NO_IRQ,NO_IRQ,OK,RESYNC_NEEDED","NONE,NONE,DELTA,NONE",
26.053774,2026-09-05T19:04:24.842+01:00,1103470,1370933,246,246,True,True,0x04,"NO_IRQ,NO_IRQ,OK,RESYNC_NEEDED","NONE,NONE,DELTA,NONE",
26.060895,2026-09-05T19:04:24.847+01:00,1103716,1370934,236,236,True,True,0x04,"NO_IRQ,NO_IRQ,OK,RESYNC_NEEDED","NONE,NONE,DELTA,NONE",
26.063730,2026-09-05T19:04:24.854+01:00,1103952,1370935,204,204,True,True,0x04,"NO_IRQ,NO_IRQ,OK,RESYNC_NEEDED","NONE,NONE,DELTA,NONE",
26.068511,2026-09-05T19:04:24.857+01:00,1104156,1370936,140,140,True,True,0x04,"NO_IRQ,NO_IRQ,OK,RESYNC_NEEDED","NONE,NONE,DELTA,NONE",
26.073245,2026-09-05T19:04:24.862+01:00,1104296,1370937,236,236,True,True,0x04,"NO_IRQ,NO_IRQ,OK,RESYNC_NEEDED","NONE,NONE,DELTA,NONE",
26.082169,2026-09-05T19:04:24.867+01:00,1104532,1370938,230,230,True,True,0x04,"NO_IRQ,NO_IRQ,OK,RESYNC_NEEDED","NONE,NONE,DELTA,NONE",
26.083585,2026-09-05T19:04:24.876+01:00,1104762,1370939,200,200,True,True,0x04,"NO_IRQ,NO_IRQ,OK,RESYNC_NEEDED","NONE,NONE,DELTA,NONE",
26.088551,2026-09-05T19:04:24.877+01:00,1104962,1370940,136,136,True,True,0x04,"NO_IRQ,NO_IRQ,OK,RESYNC_NEEDED","NONE,NONE,DELTA,NONE",
26.093454,2026-09-05T19:04:24.882+01:00,1105098,1370941,248,248,True,True,0x04,"NO_IRQ,NO_IRQ,OK,RESYNC_NEEDED","NONE,NONE,DELTA,NONE",
26.106603,2026-09-05T19:04:24.887+01:00,1105346,1370942,238,238,True,True,0x04,"NO_IRQ,NO_IRQ,OK,RESYNC_NEEDED","NONE,NONE,DELTA,NONE",
26.107095,2026-09-05T19:04:24.900+01:00,1105584,1370943,204,204,True,True,0x04,"NO_IRQ,NO_IRQ,OK,RESYNC_NEEDED","NONE,NONE,DELTA,NONE",
26.108194,2026-09-05T19:04:24.900+01:00,1105788,1370944,138,138,True,True,0x04,"NO_IRQ,NO_IRQ,OK,RESYNC_NEEDED","NONE,NONE,DELTA,NONE",
26.113544,2026-09-05T19:04:24.901+01:00,1105926,1370945,234,234,True,True,0x04,"NO_IRQ,NO_IRQ,OK,RESYNC_NEEDED","NONE,NONE,DELTA,NONE",
26.118128,2026-09-05T19:04:24.907+01:00,1106160,1370946,236,236,True,True,0x04,"NO_IRQ,NO_IRQ,OK,RESYNC_NEEDED","NONE,NONE,DELTA,NONE",
26.126611,2026-09-05T19:04:24.911+01:00,1106396,1370947,200,200,True,True,0x04,"NO_IRQ,NO_IRQ,OK,RESYNC_NEEDED","NONE,NONE,DELTA,NONE",
26.128019,2026-09-05T19:04:24.920+01:00,1106596,1370948,140,140,True,True,0x04,"NO_IRQ,NO_IRQ,OK,RESYNC_NEEDED","NONE,NONE,DELTA,NONE",
26.133852,2026-09-05T19:04:24.922+01:00,1106736,1370949,242,242,True,True,0x04,"NO_IRQ,NO_IRQ,OK,RESYNC_NEEDED","NONE,NONE,DELTA,NONE",
26.138165,2026-09-05T19:04:24.928+01:00,1106978,1370950,240,240,True,True,0x04,"NO_IRQ,NO_IRQ,OK,RESYNC_NEEDED","NONE,NONE,DELTA,NONE",
26.144259,2026-09-05T19:04:24.931+01:00,1107218,1370951,208,208,True,True,0x04,"NO_IRQ,NO_IRQ,OK,RESYNC_NEEDED","NONE,NONE,DELTA,NONE",
26.148163,2026-09-05T19:04:24.938+01:00,1107426,1370952,136,136,True,True,0x04,"NO_IRQ,NO_IRQ,OK,RESYNC_NEEDED","NONE,NONE,DELTA,NONE",
26.153735,2026-09-05T19:04:24.941+01:00,1107562,1370953,230,230,True,True,0x04,"NO_IRQ,NO_IRQ,OK,RESYNC_NEEDED","NONE,NONE,DELTA,NONE",
26.158258,2026-09-05T19:04:24.947+01:00,1107792,1370954,238,238,True,True,0x04,"NO_IRQ,NO_IRQ,OK,RESYNC_NEEDED","NONE,NONE,DELTA,NONE",
26.163043,2026-09-05T19:04:24.952+01:00,1108030,1370955,216,216,True,True,0x04,"NO_IRQ,NO_IRQ,OK,RESYNC_NEEDED","NONE,NONE,DELTA,NONE",
26.168083,2026-09-05T19:04:24.956+01:00,1108246,1370956,136,136,True,True,0x04,"NO_IRQ,NO_IRQ,OK,RESYNC_NEEDED","NONE,NONE,DELTA,NONE",
26.180720,2026-09-05T19:04:24.961+01:00,1108382,1370957,228,228,True,True,0x04,"NO_IRQ,NO_IRQ,OK,RESYNC_NEEDED","NONE,NONE,DELTA,NONE",
26.181380,2026-09-05T19:04:24.974+01:00,1108610,1370958,234,234,True,True,0x04,"NO_IRQ,NO_IRQ,OK,RESYNC_NEEDED","NONE,NONE,DELTA,NONE",
26.183720,2026-09-05T19:04:24.975+01:00,1108844,1370959,200,200,True,True,0x04,"NO_IRQ,NO_IRQ,OK,RESYNC_NEEDED","NONE,NONE,DELTA,NONE",
26.194828,2026-09-05T19:04:24.982+01:00,1109044,1370960,134,134,True,True,0x04,"NO_IRQ,NO_IRQ,OK,RESYNC_NEEDED","NONE,NONE,DELTA,NONE",
26.202036,2026-09-05T19:04:24.994+01:00,1109178,1370961,230,230,True,True,0x04,"NO_IRQ,NO_IRQ,OK,RESYNC_NEEDED","NONE,NONE,DELTA,NONE",
26.202898,2026-09-05T19:04:24.995+01:00,1109408,1370962,232,232,True,True,0x04,"NO_IRQ,NO_IRQ,OK,RESYNC_NEEDED","NONE,NONE,DELTA,NONE",
26.203760,2026-09-05T19:04:24.996+01:00,1109640,1370963,212,212,True,True,0x04,"NO_IRQ,NO_IRQ,OK,RESYNC_NEEDED","NONE,NONE,DELTA,NONE",
26.208247,2026-09-05T19:04:24.997+01:00,1109852,1370964,138,138,True,True,0x04,"NO_IRQ,NO_IRQ,OK,RESYNC_NEEDED","NONE,NONE,DELTA,NONE",
26.219569,2026-09-05T19:04:25.002+01:00,1109990,1370965,240,240,True,True,0x04,"NO_IRQ,NO_IRQ,OK,RESYNC_NEEDED","NONE,NONE,DELTA,NONE",
26.219992,2026-09-05T19:04:25.013+01:00,1110230,1370966,228,228,True,True,0x04,"NO_IRQ,NO_IRQ,OK,RESYNC_NEEDED","NONE,NONE,DELTA,NONE",
26.223340,2026-09-05T19:04:25.013+01:00,1110458,1370967,206,206,True,True,0x04,"NO_IRQ,NO_IRQ,OK,RESYNC_NEEDED","NONE,NONE,DELTA,NONE",
26.228808,2026-09-05T19:04:25.017+01:00,1110664,1370968,130,130,True,True,0x04,"NO_IRQ,NO_IRQ,OK,RESYNC_NEEDED","NONE,NONE,DELTA,NONE",
26.240251,2026-09-05T19:04:25.022+01:00,1110794,1370969,230,230,True,True,0x04,"NO_IRQ,NO_IRQ,OK,RESYNC_NEEDED","NONE,NONE,DELTA,NONE",
26.241202,2026-09-05T19:04:25.034+01:00,1111024,1370970,244,244,True,True,0x04,"NO_IRQ,NO_IRQ,OK,RESYNC_NEEDED","NONE,NONE,DELTA,NONE",
26.243330,2026-09-05T19:04:25.035+01:00,1111268,1370971,216,216,True,True,0x04,"NO_IRQ,NO_IRQ,OK,RESYNC_NEEDED","NONE,NONE,DELTA,NONE",
26.248293,2026-09-05T19:04:25.037+01:00,1111484,1370972,138,138,True,True,0x04,"NO_IRQ,NO_IRQ,OK,RESYNC_NEEDED","NONE,NONE,DELTA,NONE",
26.257071,2026-09-05T19:04:25.042+01:00,1111622,1370973,234,234,True,True,0x04,"NO_IRQ,NO_IRQ,OK,RESYNC_NEEDED","NONE,NONE,DELTA,NONE",
26.258967,2026-09-05T19:04:25.051+01:00,1111856,1370974,236,236,True,True,0x04,"NO_IRQ,NO_IRQ,OK,RESYNC_NEEDED","NONE,NONE,DELTA,NONE",
26.263640,2026-09-05T19:04:25.052+01:00,1112092,1370975,218,218,True,True,0x04,"NO_IRQ,NO_IRQ,OK,RESYNC_NEEDED","NONE,NONE,DELTA,NONE",
26.267883,2026-09-05T19:04:25.057+01:00,1112310,1370976,140,140,True,True,0x04,"NO_IRQ,NO_IRQ,OK,RESYNC_NEEDED","NONE,NONE,DELTA,NONE",
26.273744,2026-09-05T19:04:25.062+01:00,1112450,1370977,232,232,True,True,0x04,"NO_IRQ,NO_IRQ,OK,RESYNC_NEEDED","NONE,NONE,DELTA,NONE",
26.288541,2026-09-05T19:04:25.067+01:00,1112682,1370978,224,224,True,True,0x04,"NO_IRQ,NO_IRQ,OK,RESYNC_NEEDED","NONE,NONE,DELTA,NONE",
26.289285,2026-09-05T19:04:25.082+01:00,1112906,1370979,214,214,True,True,0x04,"NO_IRQ,NO_IRQ,OK,RESYNC_NEEDED","NONE,NONE,DELTA,NONE",
26.289891,2026-09-05T19:04:25.083+01:00,1113120,1370980,134,134,True,True,0x04,"NO_IRQ,NO_IRQ,OK,RESYNC_NEEDED","NONE,NONE,DELTA,NONE",
26.293888,2026-09-05T19:04:25.083+01:00,1113254,1370981,244,244,True,True,0x04,"NO_IRQ,NO_IRQ,OK,RESYNC_NEEDED","NONE,NONE,DELTA,NONE",
26.298360,2026-09-05T19:04:25.087+01:00,1113498,1370982,234,234,True,True,0x04,"NO_IRQ,NO_IRQ,OK,RESYNC_NEEDED","NONE,NONE,DELTA,NONE",
26.310025,2026-09-05T19:04:25.092+01:00,1113732,1370983,228,228,True,True,0x04,"NO_IRQ,NO_IRQ,OK,RESYNC_NEEDED","NONE,NONE,DELTA,NONE",
26.311091,2026-09-05T19:04:25.103+01:00,1113960,1370984,128,128,True,True,0x04,"NO_IRQ,NO_IRQ,OK,RESYNC_NEEDED","NONE,NONE,DELTA,NONE",
26.313269,2026-09-05T19:04:25.105+01:00,1114088,1370985,228,228,True,True,0x04,"NO_IRQ,NO_IRQ,OK,RESYNC_NEEDED","NONE,NONE,DELTA,NONE",
26.318879,2026-09-05T19:04:25.107+01:00,1114316,1370986,232,232,True,True,0x04,"NO_IRQ,NO_IRQ,OK,RESYNC_NEEDED","NONE,NONE,DELTA,NONE",
26.323150,2026-09-05T19:04:25.112+01:00,1114548,1370987,226,226,True,True,0x04,"NO_IRQ,NO_IRQ,OK,RESYNC_NEEDED","NONE,NONE,DELTA,NONE",
26.332128,2026-09-05T19:04:25.117+01:00,1114774,1370988,132,132,True,True,0x04,"NO_IRQ,NO_IRQ,OK,RESYNC_NEEDED","NONE,NONE,DELTA,NONE",
26.333340,2026-09-05T19:04:25.126+01:00,1114906,1370989,222,222,True,True,0x04,"NO_IRQ,NO_IRQ,OK,RESYNC_NEEDED","NONE,NONE,DELTA,NONE",
26.339379,2026-09-05T19:04:25.127+01:00,1115128,1370990,246,246,True,True,0x04,"NO_IRQ,NO_IRQ,OK,RESYNC_NEEDED","NONE,NONE,DELTA,NONE",
26.343173,2026-09-05T19:04:25.133+01:00,1115374,1370991,226,226,True,True,0x04,"NO_IRQ,NO_IRQ,OK,RESYNC_NEEDED","NONE,NONE,DELTA,NONE",
26.351285,2026-09-05T19:04:25.136+01:00,1115600,1370992,132,132,True,True,0x04,"NO_IRQ,NO_IRQ,OK,RESYNC_NEEDED","NONE,NONE,DELTA,NONE",
26.353473,2026-09-05T19:04:25.145+01:00,1115732,1370993,228,228,True,True,0x04,"NO_IRQ,NO_IRQ,OK,RESYNC_NEEDED","NONE,NONE,DELTA,NONE",
26.358275,2026-09-05T19:04:25.147+01:00,1115960,1370994,238,238,True,True,0x04,"NO_IRQ,NO_IRQ,OK,RESYNC_NEEDED","NONE,NONE,DELTA,NONE",
26.363001,2026-09-05T19:04:25.152+01:00,1116198,1370995,236,236,True,True,0x04,"NO_IRQ,NO_IRQ,OK,RESYNC_NEEDED","NONE,NONE,DELTA,NONE",
26.367892,2026-09-05T19:04:25.157+01:00,1116434,1370996,130,130,True,True,0x04,"NO_IRQ,NO_IRQ,OK,RESYNC_NEEDED","NONE,NONE,DELTA,NONE",
26.372989,2026-09-05T19:04:25.162+01:00,1116564,1370997,226,226,True,True,0x04,"NO_IRQ,NO_IRQ,OK,RESYNC_NEEDED","NONE,NONE,DELTA,NONE",
26.378054,2026-09-05T19:04:25.166+01:00,1116790,1370998,234,234,True,True,0x04,"NO_IRQ,NO_IRQ,OK,RESYNC_NEEDED","NONE,NONE,DELTA,NONE",
26.382865,2026-09-05T19:04:25.171+01:00,1117024,1370999,216,216,True,True,0x04,"NO_IRQ,NO_IRQ,OK,RESYNC_NEEDED","NONE,NONE,DELTA,NONE",
26.387745,2026-09-05T19:04:25.176+01:00,1117240,1371000,128,128,True,True,0x04,"NO_IRQ,NO_IRQ,OK,RESYNC_NEEDED","NONE,NONE,DELTA,NONE",
26.406383,2026-09-05T19:04:25.181+01:00,1117368,1371001,218,218,True,True,0x04,"NO_IRQ,NO_IRQ,OK,RESYNC_NEEDED","NONE,NONE,DELTA,NONE",
26.407268,2026-09-05T19:04:25.200+01:00,1117586,1371002,240,240,True,True,0x04,"NO_IRQ,NO_IRQ,OK,RESYNC_NEEDED","NONE,NONE,DELTA,NONE",
26.407784,2026-09-05T19:04:25.201+01:00,1117826,1371003,226,226,True,True,0x04,"NO_IRQ,NO_IRQ,OK,RESYNC_NEEDED","NONE,NONE,DELTA,NONE",
26.408623,2026-09-05T19:04:25.201+01:00,1118052,1371004,128,128,True,True,0x04,"NO_IRQ,NO_IRQ,OK,RESYNC_NEEDED","NONE,NONE,DELTA,NONE",
26.413114,2026-09-05T19:04:25.202+01:00,1118180,1371005,236,236,True,True,0x04,"NO_IRQ,NO_IRQ,OK,RESYNC_NEEDED","NONE,NONE,DELTA,NONE",
26.418601,2026-09-05T19:04:25.207+01:00,1118416,1371006,236,236,True,True,0x04,"NO_IRQ,NO_IRQ,OK,RESYNC_NEEDED","NONE,NONE,DELTA,NONE",
26.423102,2026-09-05T19:04:25.212+01:00,1118652,1371007,232,232,True,True,0x04,"NO_IRQ,NO_IRQ,OK,RESYNC_NEEDED","NONE,NONE,DELTA,NONE",
26.433561,2026-09-05T19:04:25.216+01:00,1118884,1371008,142,142,True,True,0x04,"NO_IRQ,NO_IRQ,OK,RESYNC_NEEDED","NONE,NONE,DELTA,NONE",
26.434570,2026-09-05T19:04:25.227+01:00,1119026,1371009,230,230,True,True,0x04,"NO_IRQ,NO_IRQ,OK,RESYNC_NEEDED","NONE,NONE,DELTA,NONE",
26.438703,2026-09-05T19:04:25.228+01:00,1119256,1371010,246,246,True,True,0x04,"NO_IRQ,NO_IRQ,OK,RESYNC_NEEDED","NONE,NONE,DELTA,NONE",
26.443174,2026-09-05T19:04:25.232+01:00,1119502,1371011,234,234,True,True,0x04,"NO_IRQ,NO_IRQ,OK,RESYNC_NEEDED","NONE,NONE,DELTA,NONE",
26.451708,2026-09-05T19:04:25.237+01:00,1119736,1371012,136,136,True,True,0x04,"NO_IRQ,NO_IRQ,OK,RESYNC_NEEDED","NONE,NONE,DELTA,NONE",
26.453120,2026-09-05T19:04:25.245+01:00,1119872,1371013,222,222,True,True,0x04,"NO_IRQ,NO_IRQ,OK,RESYNC_NEEDED","NONE,NONE,DELTA,NONE",
26.458819,2026-09-05T19:04:25.247+01:00,1120094,1371014,224,224,True,True,0x04,"NO_IRQ,NO_IRQ,OK,RESYNC_NEEDED","NONE,NONE,DELTA,NONE",
26.463167,2026-09-05T19:04:25.252+01:00,1120318,1371015,226,226,True,True,0x04,"NO_IRQ,NO_IRQ,OK,RESYNC_NEEDED","NONE,NONE,DELTA,NONE",
26.470179,2026-09-05T19:04:25.256+01:00,1120544,1371016,134,134,True,True,0x04,"NO_IRQ,NO_IRQ,OK,RESYNC_NEEDED","NONE,NONE,DELTA,NONE",
26.475906,2026-09-05T19:04:25.264+01:00,1120678,1371017,234,234,True,True,0x04,"NO_IRQ,NO_IRQ,OK,RESYNC_NEEDED","NONE,NONE,DELTA,NONE",
26.478038,2026-09-05T19:04:25.269+01:00,1120912,1371018,224,224,True,True,0x04,"NO_IRQ,NO_IRQ,OK,RESYNC_NEEDED","NONE,NONE,DELTA,NONE",
26.483316,2026-09-05T19:04:25.272+01:00,1121136,1371019,224,224,True,True,0x04,"NO_IRQ,NO_IRQ,OK,RESYNC_NEEDED","NONE,NONE,DELTA,NONE",
26.487882,2026-09-05T19:04:25.277+01:00,1121360,1371020,134,134,True,True,0x04,"NO_IRQ,NO_IRQ,OK,RESYNC_NEEDED","NONE,NONE,DELTA,NONE",
26.499237,2026-09-05T19:04:25.281+01:00,1121494,1371021,236,236,True,True,0x04,"NO_IRQ,NO_IRQ,OK,RESYNC_NEEDED","NONE,NONE,DELTA,NONE",
26.500551,2026-09-05T19:04:25.293+01:00,1121730,1371022,234,234,True,True,0x04,"NO_IRQ,NO_IRQ,OK,RESYNC_NEEDED","NONE,NONE,DELTA,NONE",
26.503572,2026-09-05T19:04:25.294+01:00,1121964,1371023,240,240,True,True,0x04,"NO_IRQ,NO_IRQ,OK,RESYNC_NEEDED","NONE,NONE,DELTA,NONE",
26.508381,2026-09-05T19:04:25.297+01:00,1122204,1371024,134,134,True,True,0x04,"NO_IRQ,NO_IRQ,OK,RESYNC_NEEDED","NONE,NONE,DELTA,NONE",
26.512802,2026-09-05T19:04:25.302+01:00,1122338,1371025,232,232,True,True,0x04,"NO_IRQ,NO_IRQ,OK,RESYNC_NEEDED","NONE,NONE,DELTA,NONE",
26.527033,2026-09-05T19:04:25.306+01:00,1122570,1371026,222,222,True,True,0x04,"NO_IRQ,NO_IRQ,OK,RESYNC_NEEDED","NONE,NONE,DELTA,NONE",
26.528621,2026-09-05T19:04:25.321+01:00,1122792,1371027,230,230,True,True,0x04,"NO_IRQ,NO_IRQ,OK,RESYNC_NEEDED","NONE,NONE,DELTA,NONE",
26.529408,2026-09-05T19:04:25.322+01:00,1123022,1371028,130,130,True,True,0x04,"NO_IRQ,NO_IRQ,OK,RESYNC_NEEDED","NONE,NONE,DELTA,NONE",
26.533310,2026-09-05T19:04:25.323+01:00,1123152,1371029,226,226,True,True,0x04,"NO_IRQ,NO_IRQ,OK,RESYNC_NEEDED","NONE,NONE,DELTA,NONE",
26.538148,2026-09-05T19:04:25.327+01:00,1123378,1371030,228,228,True,True,0x04,"NO_IRQ,NO_IRQ,OK,RESYNC_NEEDED","NONE,NONE,DELTA,NONE",
26.546894,2026-09-05T19:04:25.331+01:00,1123606,1371031,234,234,True,True,0x04,"NO_IRQ,NO_IRQ,OK,RESYNC_NEEDED","NONE,NONE,DELTA,NONE",
26.547993,2026-09-05T19:04:25.341+01:00,1123840,1371032,130,130,True,True,0x04,"NO_IRQ,NO_IRQ,OK,RESYNC_NEEDED","NONE,NONE,DELTA,NONE",
26.553216,2026-09-05T19:04:25.341+01:00,1123970,1371033,230,230,True,True,0x04,"NO_IRQ,NO_IRQ,OK,RESYNC_NEEDED","NONE,NONE,DELTA,NONE",
26.563832,2026-09-05T19:04:25.347+01:00,1124200,1371034,230,230,True,True,0x04,"NO_IRQ,NO_IRQ,OK,RESYNC_NEEDED","NONE,NONE,DELTA,NONE",
26.564760,2026-09-05T19:04:25.357+01:00,1124430,1371035,1084,1084,True,True,0x04,"NO_IRQ,NO_IRQ,OK,RESYNC_NEEDED","NONE,NONE,DELTA_SYNC,NONE",
26.567842,2026-09-05T19:04:25.358+01:00,1125514,1371036,136,136,True,True,0x04,"NO_IRQ,NO_IRQ,OK,RESYNC_NEEDED","NONE,NONE,DELTA,NONE",
26.572784,2026-09-05T19:04:25.361+01:00,1125650,1371037,236,236,True,True,0x04,"NO_IRQ,NO_IRQ,OK,RESYNC_NEEDED","NONE,NONE,DELTA,NONE",
26.578059,2026-09-05T19:04:25.367+01:00,1125886,1371038,236,236,True,True,0x04,"NO_IRQ,NO_IRQ,OK,RESYNC_NEEDED","NONE,NONE,DELTA,NONE",
26.582691,2026-09-05T19:04:25.371+01:00,1126122,1371039,232,232,True,True,0x04,"NO_IRQ,NO_IRQ,OK,RESYNC_NEEDED","NONE,NONE,DELTA,NONE",
26.589491,2026-09-05T19:04:25.376+01:00,1126354,1371040,124,124,True,True,0x04,"NO_IRQ,NO_IRQ,OK,RESYNC_NEEDED","NONE,NONE,DELTA,NONE",
26.592993,2026-09-05T19:04:25.383+01:00,1126478,1371041,226,226,True,True,0x04,"NO_IRQ,NO_IRQ,OK,RESYNC_NEEDED","NONE,NONE,DELTA,NONE",
26.597892,2026-09-05T19:04:25.386+01:00,1126704,1371042,234,234,True,True,0x04,"NO_IRQ,NO_IRQ,OK,RESYNC_NEEDED","NONE,NONE,DELTA,NONE",
26.602804,2026-09-05T19:04:25.391+01:00,1126938,1371043,236,236,True,True,0x04,"NO_IRQ,NO_IRQ,OK,RESYNC_NEEDED","NONE,NONE,DELTA,NONE",
26.607501,2026-09-05T19:04:25.396+01:00,1127174,1371044,126,126,True,True,0x04,"NO_IRQ,NO_IRQ,OK,RESYNC_NEEDED","NONE,NONE,DELTA,NONE",
26.623745,2026-09-05T19:04:25.401+01:00,1127300,1371045,220,220,True,True,0x04,"NO_IRQ,NO_IRQ,OK,RESYNC_NEEDED","NONE,NONE,DELTA,NONE",
26.624113,2026-09-05T19:04:25.417+01:00,1127520,1371046,232,232,True,True,0x04,"NO_IRQ,NO_IRQ,OK,RESYNC_NEEDED","NONE,NONE,DELTA,NONE",
26.624330,2026-09-05T19:04:25.417+01:00,1127752,1371047,246,246,True,True,0x04,"NO_IRQ,NO_IRQ,OK,RESYNC_NEEDED","NONE,NONE,DELTA,NONE",
26.640382,2026-09-05T19:04:25.418+01:00,1127998,1371048,124,124,True,True,0x04,"NO_IRQ,NO_IRQ,OK,RESYNC_NEEDED","NONE,NONE,DELTA,NONE",
26.641088,2026-09-05T19:04:25.434+01:00,1128122,1371049,232,232,True,True,0x04,"NO_IRQ,NO_IRQ,OK,RESYNC_NEEDED","NONE,NONE,DELTA,NONE",
26.641902,2026-09-05T19:04:25.434+01:00,1128354,1371050,234,234,True,True,0x04,"NO_IRQ,NO_IRQ,OK,RESYNC_NEEDED","NONE,NONE,DELTA,NONE",
26.642748,2026-09-05T19:04:25.435+01:00,1128588,1371051,238,238,True,True,0x04,"NO_IRQ,NO_IRQ,OK,RESYNC_NEEDED","NONE,NONE,DELTA,NONE",
26.648075,2026-09-05T19:04:25.437+01:00,1128826,1371052,126,126,True,True,0x04,"NO_IRQ,NO_IRQ,OK,RESYNC_NEEDED","NONE,NONE,DELTA,NONE",
26.653511,2026-09-05T19:04:25.442+01:00,1128952,1371053,230,230,True,True,0x04,"NO_IRQ,NO_IRQ,OK,RESYNC_NEEDED","NONE,NONE,DELTA,NONE",
26.662502,2026-09-05T19:04:25.447+01:00,1129182,1371054,240,240,True,True,0x04,"NO_IRQ,NO_IRQ,OK,RESYNC_NEEDED","NONE,NONE,DELTA,NONE",
26.663433,2026-09-05T19:04:25.456+01:00,1129422,1371055,238,238,True,True,0x04,"NO_IRQ,NO_IRQ,OK,RESYNC_NEEDED","NONE,NONE,DELTA,NONE",
26.668703,2026-09-05T19:04:25.457+01:00,1129660,1371056,126,126,True,True,0x04,"NO_IRQ,NO_IRQ,OK,RESYNC_NEEDED","NONE,NONE,DELTA,NONE",
26.673081,2026-09-05T19:04:25.462+01:00,1129786,1371057,224,224,True,True,0x04,"NO_IRQ,NO_IRQ,OK,RESYNC_NEEDED","NONE,NONE,DELTA,NONE",
26.681607,2026-09-05T19:04:25.466+01:00,1130010,1371058,224,224,True,True,0x04,"NO_IRQ,NO_IRQ,OK,RESYNC_NEEDED","NONE,NONE,DELTA,NONE",
26.682891,2026-09-05T19:04:25.475+01:00,1130234,1371059,236,236,True,True,0x04,"NO_IRQ,NO_IRQ,OK,RESYNC_NEEDED","NONE,NONE,DELTA,NONE",
26.687946,2026-09-05T19:04:25.476+01:00,1130470,1371060,130,130,True,True,0x04,"NO_IRQ,NO_IRQ,OK,RESYNC_NEEDED","NONE,NONE,DELTA,NONE",
26.692747,2026-09-05T19:04:25.481+01:00,1130600,1371061,224,224,True,True,0x04,"NO_IRQ,NO_IRQ,OK,RESYNC_NEEDED","NONE,NONE,DELTA,NONE",
26.699737,2026-09-05T19:04:25.486+01:00,1130824,1371062,240,240,True,True,0x04,"NO_IRQ,NO_IRQ,OK,RESYNC_NEEDED","NONE,NONE,DELTA,NONE",
26.702740,2026-09-05T19:04:25.493+01:00,1131064,1371063,246,246,True,True,0x04,"NO_IRQ,NO_IRQ,OK,RESYNC_NEEDED","NONE,NONE,DELTA,NONE",
26.707647,2026-09-05T19:04:25.497+01:00,1131310,1371064,130,130,True,True,0x04,"NO_IRQ,NO_IRQ,OK,RESYNC_NEEDED","NONE,NONE,DELTA,NONE",
26.717476,2026-09-05T19:04:25.501+01:00,1131440,1371065,230,230,True,True,0x04,"NO_IRQ,NO_IRQ,OK,RESYNC_NEEDED","NONE,NONE,DELTA,NONE",
26.718469,2026-09-05T19:04:25.511+01:00,1131670,1371066,228,228,True,True,0x04,"NO_IRQ,NO_IRQ,OK,RESYNC_NEEDED","NONE,NONE,DELTA,NONE",
26.722867,2026-09-05T19:04:25.512+01:00,1131898,1371067,250,250,True,True,0x04,"NO_IRQ,NO_IRQ,OK,RESYNC_NEEDED","NONE,NONE,DELTA,NONE",
26.727454,2026-09-05T19:04:25.516+01:00,1132148,1371068,126,126,True,True,0x04,"NO_IRQ,NO_IRQ,OK,RESYNC_NEEDED","NONE,NONE,DELTA,NONE",
26.735965,2026-09-05T19:04:25.521+01:00,1132274,1371069,224,224,True,True,0x04,"NO_IRQ,NO_IRQ,OK,RESYNC_NEEDED","NONE,NONE,DELTA,NONE",
26.737774,2026-09-05T19:04:25.529+01:00,1132498,1371070,226,226,True,True,0x04,"NO_IRQ,NO_IRQ,OK,RESYNC_NEEDED","NONE,NONE,DELTA,NONE",
26.742781,2026-09-05T19:04:25.531+01:00,1132724,1371071,242,242,True,True,0x04,"NO_IRQ,NO_IRQ,OK,RESYNC_NEEDED","NONE,NONE,DELTA,NONE",
26.754970,2026-09-05T19:04:25.536+01:00,1132966,1371072,126,126,True,True,0x04,"NO_IRQ,NO_IRQ,OK,RESYNC_NEEDED","NONE,NONE,DELTA,NONE",
26.755688,2026-09-05T19:04:25.548+01:00,1133092,1371073,230,230,True,True,0x04,"NO_IRQ,NO_IRQ,OK,RESYNC_NEEDED","NONE,NONE,DELTA,NONE",
26.757703,2026-09-05T19:04:25.549+01:00,1133322,1371074,230,230,True,True,0x04,"NO_IRQ,NO_IRQ,OK,RESYNC_NEEDED","NONE,NONE,DELTA,NONE",
26.763261,2026-09-05T19:04:25.551+01:00,1133552,1371075,248,248,True,True,0x04,"NO_IRQ,NO_IRQ,OK,RESYNC_NEEDED","NONE,NONE,DELTA,NONE",
26.775117,2026-09-05T19:04:25.557+01:00,1133800,1371076,132,132,True,True,0x04,"NO_IRQ,NO_IRQ,OK,RESYNC_NEEDED","NONE,NONE,DELTA,NONE",
26.775857,2026-09-05T19:04:25.568+01:00,1133932,1371077,214,214,True,True,0x04,"NO_IRQ,NO_IRQ,OK,RESYNC_NEEDED","NONE,NONE,DELTA,NONE",
26.777645,2026-09-05T19:04:25.569+01:00,1134146,1371078,228,228,True,True,0x04,"NO_IRQ,NO_IRQ,OK,RESYNC_NEEDED","NONE,NONE,DELTA,NONE",
26.783096,2026-09-05T19:04:25.571+01:00,1134374,1371079,238,238,True,True,0x04,"NO_IRQ,NO_IRQ,OK,RESYNC_NEEDED","NONE,NONE,DELTA,NONE",
26.789470,2026-09-05T19:04:25.576+01:00,1134612,1371080,124,124,True,True,0x04,"NO_IRQ,NO_IRQ,OK,RESYNC_NEEDED","NONE,NONE,DELTA,NONE",
26.793273,2026-09-05T19:04:25.583+01:00,1134736,1371081,216,216,True,True,0x04,"NO_IRQ,NO_IRQ,OK,RESYNC_NEEDED","NONE,NONE,DELTA,NONE",
26.797818,2026-09-05T19:04:25.588+01:00,1134952,1371082,230,230,True,True,0x04,"NO_IRQ,NO_IRQ,OK,RESYNC_NEEDED","NONE,NONE,DELTA,NONE",
26.802447,2026-09-05T19:04:25.591+01:00,1135182,1371083,260,260,True,True,0x04,"NO_IRQ,NO_IRQ,OK,RESYNC_NEEDED","NONE,NONE,DELTA,NONE",
26.807690,2026-09-05T19:04:25.596+01:00,1135442,1371084,130,130,True,True,0x04,"NO_IRQ,NO_IRQ,OK,RESYNC_NEEDED","NONE,NONE,DELTA,NONE",
26.821215,2026-09-05T19:04:25.601+01:00,1135572,1371085,220,220,True,True,0x04,"NO_IRQ,NO_IRQ,OK,RESYNC_NEEDED","NONE,NONE,DELTA,NONE",
26.821926,2026-09-05T19:04:25.615+01:00,1135792,1371086,232,232,True,True,0x04,"NO_IRQ,NO_IRQ,OK,RESYNC_NEEDED","NONE,NONE,DELTA,NONE",
26.822976,2026-09-05T19:04:25.616+01:00,1136024,1371087,252,252,True,True,0x04,"NO_IRQ,NO_IRQ,OK,RESYNC_NEEDED","NONE,NONE,DELTA,NONE",
26.827470,2026-09-05T19:04:25.616+01:00,1136276,1371088,124,124,True,True,0x04,"NO_IRQ,NO_IRQ,OK,RESYNC_NEEDED","NONE,NONE,DELTA,NONE",
26.832558,2026-09-05T19:04:25.621+01:00,1136400,1371089,214,214,True,True,0x04,"NO_IRQ,NO_IRQ,OK,RESYNC_NEEDED","NONE,NONE,DELTA,NONE",
26.839556,2026-09-05T19:04:25.626+01:00,1136614,1371090,224,224,True,True,0x04,"NO_IRQ,NO_IRQ,OK,RESYNC_NEEDED","NONE,NONE,DELTA,NONE",
26.843998,2026-09-05T19:04:25.637+01:00,1136838,1371091,244,244,True,True,0x04,"NO_IRQ,NO_IRQ,OK,RESYNC_NEEDED","NONE,NONE,DELTA,NONE",
26.847440,2026-09-05T19:04:25.638+01:00,1137082,1371092,128,128,True,True,0x04,"NO_IRQ,NO_IRQ,OK,RESYNC_NEEDED","NONE,NONE,DELTA,NONE",
26.852634,2026-09-05T19:04:25.641+01:00,1137210,1371093,222,222,True,True,0x04,"NO_IRQ,NO_IRQ,OK,RESYNC_NEEDED","NONE,NONE,DELTA,NONE",
26.864457,2026-09-05T19:04:25.647+01:00,1137432,1371094,242,242,True,True,0x04,"NO_IRQ,NO_IRQ,OK,RESYNC_NEEDED","NONE,NONE,DELTA,NONE",
26.865239,2026-09-05T19:04:25.658+01:00,1137674,1371095,270,270,True,True,0x04,"NO_IRQ,NO_IRQ,OK,RESYNC_NEEDED","NONE,NONE,DELTA,NONE",
26.867499,2026-09-05T19:04:25.659+01:00,1137944,1371096,124,124,True,True,0x04,"NO_IRQ,NO_IRQ,OK,RESYNC_NEEDED","NONE,NONE,DELTA,NONE",
26.873008,2026-09-05T19:04:25.661+01:00,1138068,1371097,218,218,True,True,0x04,"NO_IRQ,NO_IRQ,OK,RESYNC_NEEDED","NONE,NONE,DELTA,NONE",
26.878149,2026-09-05T19:04:25.666+01:00,1138286,1371098,228,228,True,True,0x04,"NO_IRQ,NO_IRQ,OK,RESYNC_NEEDED","NONE,NONE,DELTA,NONE",
26.886860,2026-09-05T19:04:25.671+01:00,1138514,1371099,248,248,True,True,0x04,"NO_IRQ,NO_IRQ,OK,RESYNC_NEEDED","NONE,NONE,DELTA,NONE",
26.887554,2026-09-05T19:04:25.680+01:00,1138762,1371100,128,128,True,True,0x04,"NO_IRQ,NO_IRQ,OK,RESYNC_NEEDED","NONE,NONE,DELTA,NONE",
26.892652,2026-09-05T19:04:25.681+01:00,1138890,1371101,212,212,True,True,0x04,"NO_IRQ,NO_IRQ,OK,RESYNC_NEEDED","NONE,NONE,DELTA,NONE",
26.902865,2026-09-05T19:04:25.686+01:00,1139102,1371102,226,226,True,True,0x04,"NO_IRQ,NO_IRQ,OK,RESYNC_NEEDED","NONE,NONE,DELTA,NONE",
26.903947,2026-09-05T19:04:25.696+01:00,1139328,1371103,248,248,True,True,0x04,"NO_IRQ,NO_IRQ,OK,RESYNC_NEEDED","NONE,NONE,DELTA,NONE",
26.907277,2026-09-05T19:04:25.697+01:00,1139576,1371104,126,126,True,True,0x04,"NO_IRQ,NO_IRQ,OK,RESYNC_NEEDED","NONE,NONE,DELTA,NONE",
26.912549,2026-09-05T19:04:25.701+01:00,1139702,1371105,208,208,True,True,0x04,"NO_IRQ,NO_IRQ,OK,RESYNC_NEEDED","NONE,NONE,DELTA,NONE",
26.920989,2026-09-05T19:04:25.706+01:00,1139910,1371106,242,242,True,True,0x04,"NO_IRQ,NO_IRQ,OK,RESYNC_NEEDED","NONE,NONE,DELTA,NONE",
26.922508,2026-09-05T19:04:25.714+01:00,1140152,1371107,256,256,True,True,0x04,"NO_IRQ,NO_IRQ,OK,RESYNC_NEEDED","NONE,NONE,DELTA,NONE",
26.927608,2026-09-05T19:04:25.716+01:00,1140408,1371108,126,126,True,True,0x04,"NO_IRQ,NO_IRQ,OK,RESYNC_NEEDED","NONE,NONE,DELTA,NONE",
26.937237,2026-09-05T19:04:25.721+01:00,1140534,1371109,220,220,True,True,0x04,"NO_IRQ,NO_IRQ,OK,RESYNC_NEEDED","NONE,NONE,DELTA,NONE",
26.938135,2026-09-05T19:04:25.731+01:00,1140754,1371110,236,236,True,True,0x04,"NO_IRQ,NO_IRQ,OK,RESYNC_NEEDED","NONE,NONE,DELTA,NONE",
26.942747,2026-09-05T19:04:25.731+01:00,1140990,1371111,254,254,True,True,0x04,"NO_IRQ,NO_IRQ,OK,RESYNC_NEEDED","NONE,NONE,DELTA,NONE",
26.947388,2026-09-05T19:04:25.736+01:00,1141244,1371112,124,124,True,True,0x04,"NO_IRQ,NO_IRQ,OK,RESYNC_NEEDED","NONE,NONE,DELTA,NONE",
26.954905,2026-09-05T19:04:25.741+01:00,1141368,1371113,214,214,True,True,0x04,"NO_IRQ,NO_IRQ,OK,RESYNC_NEEDED","NONE,NONE,DELTA,NONE",
26.957337,2026-09-05T19:04:25.748+01:00,1141582,1371114,226,226,True,True,0x04,"NO_IRQ,NO_IRQ,OK,RESYNC_NEEDED","NONE,NONE,DELTA,NONE",
26.963265,2026-09-05T19:04:25.751+01:00,1141808,1371115,244,244,True,True,0x04,"NO_IRQ,NO_IRQ,OK,RESYNC_NEEDED","NONE,NONE,DELTA,NONE",
26.969554,2026-09-05T19:04:25.757+01:00,1142052,1371116,132,132,True,True,0x04,"NO_IRQ,NO_IRQ,OK,RESYNC_NEEDED","NONE,NONE,DELTA,NONE",
26.973690,2026-09-05T19:04:25.763+01:00,1142184,1371117,208,208,True,True,0x04,"NO_IRQ,NO_IRQ,OK,RESYNC_NEEDED","NONE,NONE,DELTA,NONE",
26.978249,2026-09-05T19:04:25.767+01:00,1142392,1371118,230,230,True,True,0x04,"NO_IRQ,NO_IRQ,OK,RESYNC_NEEDED","NONE,NONE,DELTA,NONE",
26.982420,2026-09-05T19:04:25.772+01:00,1142622,1371119,246,246,True,True,0x04,"NO_IRQ,NO_IRQ,OK,RESYNC_NEEDED","NONE,NONE,DELTA,NONE",
26.987083,2026-09-05T19:04:25.776+01:00,1142868,1371120,128,128,True,True,0x04,"NO_IRQ,NO_IRQ,OK,RESYNC_NEEDED","NONE,NONE,DELTA,NONE",
27.002184,2026-09-05T19:04:25.780+01:00,1142996,1371121,208,208,True,True,0x04,"NO_IRQ,NO_IRQ,OK,RESYNC_NEEDED","NONE,NONE,DELTA,NONE",
27.002549,2026-09-05T19:04:25.796+01:00,1143204,1371122,238,238,True,True,0x04,"NO_IRQ,NO_IRQ,OK,RESYNC_NEEDED","NONE,NONE,DELTA,NONE",
27.002796,2026-09-05T19:04:25.796+01:00,1143442,1371123,264,264,True,True,0x04,"NO_IRQ,NO_IRQ,OK,RESYNC_NEEDED","NONE,NONE,DELTA,NONE",
27.012075,2026-09-05T19:04:25.796+01:00,1143706,1371124,126,126,True,True,0x04,"NO_IRQ,NO_IRQ,OK,RESYNC_NEEDED","NONE,NONE,DELTA,NONE",
27.017651,2026-09-05T19:04:25.810+01:00,1143832,1371125,204,204,True,True,0x04,"NO_IRQ,NO_IRQ,OK,RESYNC_NEEDED","NONE,NONE,DELTA,NONE",
27.018297,2026-09-05T19:04:25.811+01:00,1144036,1371126,234,234,True,True,0x04,"NO_IRQ,NO_IRQ,OK,RESYNC_NEEDED","NONE,NONE,DELTA,NONE",
27.022526,2026-09-05T19:04:25.812+01:00,1144270,1371127,250,250,True,True,0x04,"NO_IRQ,NO_IRQ,OK,RESYNC_NEEDED","NONE,NONE,DELTA,NONE",
27.027294,2026-09-05T19:04:25.816+01:00,1144520,1371128,128,128,True,True,0x04,"NO_IRQ,NO_IRQ,OK,RESYNC_NEEDED","NONE,NONE,DELTA,NONE",
27.041129,2026-09-05T19:04:25.821+01:00,1144648,1371129,210,210,True,True,0x04,"NO_IRQ,NO_IRQ,OK,RESYNC_NEEDED","NONE,NONE,DELTA,NONE",
27.041828,2026-09-05T19:04:25.835+01:00,1144858,1371130,230,230,True,True,0x04,"NO_IRQ,NO_IRQ,OK,RESYNC_NEEDED","NONE,NONE,DELTA,NONE",
27.042441,2026-09-05T19:04:25.835+01:00,1145088,1371131,242,242,True,True,0x04,"NO_IRQ,NO_IRQ,OK,RESYNC_NEEDED","NONE,NONE,DELTA,NONE",
27.047544,2026-09-05T19:04:25.836+01:00,1145330,1371132,128,128,True,True,0x04,"NO_IRQ,NO_IRQ,OK,RESYNC_NEEDED","NONE,NONE,DELTA,NONE",
27.052335,2026-09-05T19:04:25.841+01:00,1145458,1371133,212,212,True,True,0x04,"NO_IRQ,NO_IRQ,OK,RESYNC_NEEDED","NONE,NONE,DELTA,NONE",
27.057477,2026-09-05T19:04:25.846+01:00,1145670,1371134,232,232,True,True,0x04,"NO_IRQ,NO_IRQ,OK,RESYNC_NEEDED","NONE,NONE,DELTA,NONE",
27.063535,2026-09-05T19:04:25.851+01:00,1145902,1371135,258,258,True,True,0x04,"NO_IRQ,NO_IRQ,OK,RESYNC_NEEDED","NONE,NONE,DELTA,NONE",
27.072149,2026-09-05T19:04:25.857+01:00,1146160,1371136,134,134,True,True,0x04,"NO_IRQ,NO_IRQ,OK,RESYNC_NEEDED","NONE,NONE,DELTA,NONE",
27.073467,2026-09-05T19:04:25.866+01:00,1146294,1371137,212,212,True,True,0x04,"NO_IRQ,NO_IRQ,OK,RESYNC_NEEDED","NONE,NONE,DELTA,NONE",
27.077712,2026-09-05T19:04:25.867+01:00,1146506,1371138,236,236,True,True,0x04,"NO_IRQ,NO_IRQ,OK,RESYNC_NEEDED","NONE,NONE,DELTA,NONE",
27.082954,2026-09-05T19:04:25.871+01:00,1146742,1371139,258,258,True,True,0x04,"NO_IRQ,NO_IRQ,OK,RESYNC_NEEDED","NONE,NONE,DELTA,NONE",
27.087117,2026-09-05T19:04:25.876+01:00,1147000,1371140,132,132,True,True,0x04,"NO_IRQ,NO_IRQ,OK,RESYNC_NEEDED","NONE,NONE,DELTA,NONE",
27.096106,2026-09-05T19:04:25.881+01:00,1147132,1371141,206,206,True,True,0x04,"NO_IRQ,NO_IRQ,OK,RESYNC_NEEDED","NONE,NONE,DELTA,NONE",
27.097230,2026-09-05T19:04:25.889+01:00,1147338,1371142,238,238,True,True,0x04,"NO_IRQ,NO_IRQ,OK,RESYNC_NEEDED","NONE,NONE,DELTA,NONE",
27.103353,2026-09-05T19:04:25.891+01:00,1147576,1371143,256,256,True,True,0x04,"NO_IRQ,NO_IRQ,OK,RESYNC_NEEDED","NONE,NONE,DELTA,NONE",
27.107530,2026-09-05T19:04:25.897+01:00,1147832,1371144,130,130,True,True,0x04,"NO_IRQ,NO_IRQ,OK,RESYNC_NEEDED","NONE,NONE,DELTA,NONE",
27.112864,2026-09-05T19:04:25.901+01:00,1147962,1371145,200,200,True,True,0x04,"NO_IRQ,NO_IRQ,OK,RESYNC_NEEDED","NONE,NONE,DELTA,NONE",
27.121122,2026-09-05T19:04:25.906+01:00,1148162,1371146,246,246,True,True,0x04,"NO_IRQ,NO_IRQ,OK,RESYNC_NEEDED","NONE,NONE,DELTA,NONE",
27.122407,2026-09-05T19:04:25.914+01:00,1148408,1371147,256,256,True,True,0x04,"NO_IRQ,NO_IRQ,OK,RESYNC_NEEDED","NONE,NONE,DELTA,NONE",
27.127741,2026-09-05T19:04:25.916+01:00,1148664,1371148,130,130,True,True,0x04,"NO_IRQ,NO_IRQ,OK,RESYNC_NEEDED","NONE,NONE,DELTA,NONE",
27.132808,2026-09-05T19:04:25.921+01:00,1148794,1371149,210,210,True,True,0x04,"NO_IRQ,NO_IRQ,OK,RESYNC_NEEDED","NONE,NONE,DELTA,NONE",
27.143935,2026-09-05T19:04:25.927+01:00,1149004,1371150,242,242,True,True,0x04,"NO_IRQ,NO_IRQ,OK,RESYNC_NEEDED","NONE,NONE,DELTA,NONE",
27.144929,2026-09-05T19:04:25.937+01:00,1149246,1371151,252,252,True,True,0x04,"NO_IRQ,NO_IRQ,OK,RESYNC_NEEDED","NONE,NONE,DELTA,NONE",
27.147611,2026-09-05T19:04:25.938+01:00,1149498,1371152,130,130,True,True,0x04,"NO_IRQ,NO_IRQ,OK,RESYNC_NEEDED","NONE,NONE,DELTA,NONE",
27.152576,2026-09-05T19:04:25.941+01:00,1149628,1371153,196,196,True,True,0x04,"NO_IRQ,NO_IRQ,OK,RESYNC_NEEDED","NONE,NONE,DELTA,NONE",
27.157262,2026-09-05T19:04:25.946+01:00,1149824,1371154,240,240,True,True,0x04,"NO_IRQ,NO_IRQ,OK,RESYNC_NEEDED","NONE,NONE,DELTA,NONE",
27.169483,2026-09-05T19:04:25.951+01:00,1150064,1371155,250,250,True,True,0x04,"NO_IRQ,NO_IRQ,OK,RESYNC_NEEDED","NONE,NONE,DELTA,NONE",
27.170822,2026-09-05T19:04:25.963+01:00,1150314,1371156,132,132,True,True,0x04,"NO_IRQ,NO_IRQ,OK,RESYNC_NEEDED","NONE,NONE,DELTA,NONE",
27.171973,2026-09-05T19:04:25.964+01:00,1150446,1371157,200,200,True,True,0x04,"NO_IRQ,NO_IRQ,OK,RESYNC_NEEDED","NONE,NONE,DELTA,NONE",
27.177496,2026-09-05T19:04:25.965+01:00,1150646,1371158,224,224,True,True,0x04,"NO_IRQ,NO_IRQ,OK,RESYNC_NEEDED","NONE,NONE,DELTA,NONE",
27.186539,2026-09-05T19:04:25.971+01:00,1150870,1371159,262,262,True,True,0x04,"NO_IRQ,NO_IRQ,OK,RESYNC_NEEDED","NONE,NONE,DELTA,NONE",
27.187694,2026-09-05T19:04:25.980+01:00,1151132,1371160,136,136,True,True,0x04,"NO_IRQ,NO_IRQ,OK,RESYNC_NEEDED","NONE,NONE,DELTA,NONE",
27.192341,2026-09-05T19:04:25.981+01:00,1151268,1371161,196,196,True,True,0x04,"NO_IRQ,NO_IRQ,OK,RESYNC_NEEDED","NONE,NONE,DELTA,NONE",
27.198820,2026-09-05T19:04:25.986+01:00,1151464,1371162,242,242,True,True,0x04,"NO_IRQ,NO_IRQ,OK,RESYNC_NEEDED","NONE,NONE,DELTA,NONE",
27.203155,2026-09-05T19:04:25.992+01:00,1151706,1371163,250,250,True,True,0x04,"NO_IRQ,NO_IRQ,OK,RESYNC_NEEDED","NONE,NONE,DELTA,NONE",
27.206856,2026-09-05T19:04:25.997+01:00,1151956,1371164,134,134,True,True,0x04,"NO_IRQ,NO_IRQ,OK,RESYNC_NEEDED","NONE,NONE,DELTA,NONE",
27.211959,2026-09-05T19:04:26.000+01:00,1152090,1371165,198,198,True,True,0x04,"NO_IRQ,NO_IRQ,OK,RESYNC_NEEDED","NONE,NONE,DELTA,NONE",
27.218303,2026-09-05T19:04:26.005+01:00,1152288,1371166,234,234,True,True,0x04,"NO_IRQ,NO_IRQ,OK,RESYNC_NEEDED","NONE,NONE,DELTA,NONE",
27.222142,2026-09-05T19:04:26.012+01:00,1152522,1371167,254,254,True,True,0x04,"NO_IRQ,NO_IRQ,OK,RESYNC_NEEDED","NONE,NONE,DELTA,NONE",
27.233897,2026-09-05T19:04:26.015+01:00,1152776,1371168,138,138,True,True,0x04,"NO_IRQ,NO_IRQ,OK,RESYNC_NEEDED","NONE,NONE,DELTA,NONE",
27.238567,2026-09-05T19:04:26.031+01:00,1152914,1371169,188,188,True,True,0x04,"NO_IRQ,NO_IRQ,OK,RESYNC_NEEDED","NONE,NONE,DELTA,NONE",
27.239249,2026-09-05T19:04:26.032+01:00,1153102,1371170,226,226,True,True,0x04,"NO_IRQ,NO_IRQ,OK,RESYNC_NEEDED","NONE,NONE,DELTA,NONE",
27.242465,2026-09-05T19:04:26.033+01:00,1153328,1371171,244,244,True,True,0x04,"NO_IRQ,NO_IRQ,OK,RESYNC_NEEDED","NONE,NONE,DELTA,NONE",
27.247533,2026-09-05T19:04:26.036+01:00,1153572,1371172,134,134,True,True,0x04,"NO_IRQ,NO_IRQ,OK,RESYNC_NEEDED","NONE,NONE,DELTA,NONE",
27.258979,2026-09-05T19:04:26.041+01:00,1153706,1371173,198,198,True,True,0x04,"NO_IRQ,NO_IRQ,OK,RESYNC_NEEDED","NONE,NONE,DELTA,NONE",
27.260426,2026-09-05T19:04:26.052+01:00,1153904,1371174,238,238,True,True,0x04,"NO_IRQ,NO_IRQ,OK,RESYNC_NEEDED","NONE,NONE,DELTA,NONE",
27.262543,2026-09-05T19:04:26.054+01:00,1154142,1371175,248,248,True,True,0x04,"NO_IRQ,NO_IRQ,OK,RESYNC_NEEDED","NONE,NONE,DELTA,NONE",
27.266955,2026-09-05T19:04:26.056+01:00,1154390,1371176,142,142,True,True,0x04,"NO_IRQ,NO_IRQ,OK,RESYNC_NEEDED","NONE,NONE,DELTA,NONE",
27.272063,2026-09-05T19:04:26.060+01:00,1154532,1371177,186,186,True,True,0x04,"NO_IRQ,NO_IRQ,OK,RESYNC_NEEDED","NONE,NONE,DELTA,NONE",
27.280910,2026-09-05T19:04:26.065+01:00,1154718,1371178,228,228,True,True,0x04,"NO_IRQ,NO_IRQ,OK,RESYNC_NEEDED","NONE,NONE,DELTA,NONE",
27.282212,2026-09-05T19:04:26.075+01:00,1154946,1371179,252,252,True,True,0x04,"NO_IRQ,NO_IRQ,OK,RESYNC_NEEDED","NONE,NONE,DELTA,NONE",
27.287820,2026-09-05T19:04:26.076+01:00,1155198,1371180,140,140,True,True,0x04,"NO_IRQ,NO_IRQ,OK,RESYNC_NEEDED","NONE,NONE,DELTA,NONE",
27.291922,2026-09-05T19:04:26.081+01:00,1155338,1371181,186,186,True,True,0x04,"NO_IRQ,NO_IRQ,OK,RESYNC_NEEDED","NONE,NONE,DELTA,NONE",
27.300202,2026-09-05T19:04:26.085+01:00,1155524,1371182,234,234,True,True,0x04,"NO_IRQ,NO_IRQ,OK,RESYNC_NEEDED","NONE,NONE,DELTA,NONE",
27.302618,2026-09-05T19:04:26.094+01:00,1155758,1371183,252,252,True,True,0x04,"NO_IRQ,NO_IRQ,OK,RESYNC_NEEDED","NONE,NONE,DELTA,NONE",
27.307206,2026-09-05T19:04:26.096+01:00,1156010,1371184,138,138,True,True,0x04,"NO_IRQ,NO_IRQ,OK,RESYNC_NEEDED","NONE,NONE,DELTA,NONE",
27.318650,2026-09-05T19:04:26.109+01:00,1156148,1371185,184,184,True,True,0x04,"NO_IRQ,NO_IRQ,OK,RESYNC_NEEDED","NONE,NONE,DELTA,NONE",
27.319538,2026-09-05T19:04:26.112+01:00,1156332,1371186,242,242,True,True,0x04,"NO_IRQ,NO_IRQ,OK,RESYNC_NEEDED","NONE,NONE,DELTA,NONE",
27.322767,2026-09-05T19:04:26.113+01:00,1156574,1371187,244,244,True,True,0x04,"NO_IRQ,NO_IRQ,OK,RESYNC_NEEDED","NONE,NONE,DELTA,NONE",
27.326980,2026-09-05T19:04:26.116+01:00,1156818,1371188,146,146,True,True,0x04,"NO_IRQ,NO_IRQ,OK,RESYNC_NEEDED","NONE,NONE,DELTA,NONE",
27.331873,2026-09-05T19:04:26.120+01:00,1156964,1371189,192,192,True,True,0x04,"NO_IRQ,NO_IRQ,OK,RESYNC_NEEDED","NONE,NONE,DELTA,NONE",
27.343242,2026-09-05T19:04:26.125+01:00,1157156,1371190,244,244,True,True,0x04,"NO_IRQ,NO_IRQ,OK,RESYNC_NEEDED","NONE,NONE,DELTA,NONE",
27.343916,2026-09-05T19:04:26.137+01:00,1157400,1371191,250,250,True,True,0x04,"NO_IRQ,NO_IRQ,OK,RESYNC_NEEDED","NONE,NONE,DELTA,NONE",
27.346827,2026-09-05T19:04:26.137+01:00,1157650,1371192,140,140,True,True,0x04,"NO_IRQ,NO_IRQ,OK,RESYNC_NEEDED","NONE,NONE,DELTA,NONE",
27.352144,2026-09-05T19:04:26.140+01:00,1157790,1371193,174,174,True,True,0x04,"NO_IRQ,NO_IRQ,OK,RESYNC_NEEDED","NONE,NONE,DELTA,NONE",
27.361388,2026-09-05T19:04:26.145+01:00,1157964,1371194,238,238,True,True,0x04,"NO_IRQ,NO_IRQ,OK,RESYNC_NEEDED","NONE,NONE,DELTA,NONE",
27.362132,2026-09-05T19:04:26.155+01:00,1158202,1371195,248,248,True,True,0x04,"NO_IRQ,NO_IRQ,OK,RESYNC_NEEDED","NONE,NONE,DELTA,NONE",
27.366923,2026-09-05T19:04:26.155+01:00,1158450,1371196,144,144,True,True,0x04,"NO_IRQ,NO_IRQ,OK,RESYNC_NEEDED","NONE,NONE,DELTA,NONE",
27.372145,2026-09-05T19:04:26.160+01:00,1158594,1371197,176,176,True,True,0x04,"NO_IRQ,NO_IRQ,OK,RESYNC_NEEDED","NONE,NONE,DELTA,NONE",
27.382265,2026-09-05T19:04:26.166+01:00,1158770,1371198,234,234,True,True,0x04,"NO_IRQ,NO_IRQ,OK,RESYNC_NEEDED","NONE,NONE,DELTA,NONE",
27.383233,2026-09-05T19:04:26.176+01:00,1159004,1371199,256,256,True,True,0x04,"NO_IRQ,NO_IRQ,OK,RESYNC_NEEDED","NONE,NONE,DELTA,NONE",
27.387442,2026-09-05T19:04:26.177+01:00,1159260,1371200,144,144,True,True,0x04,"NO_IRQ,NO_IRQ,OK,RESYNC_NEEDED","NONE,NONE,DELTA,NONE",
27.391996,2026-09-05T19:04:26.181+01:00,1159404,1371201,182,182,True,True,0x04,"NO_IRQ,NO_IRQ,OK,RESYNC_NEEDED","NONE,NONE,DELTA,NONE",
27.397205,2026-09-05T19:04:26.185+01:00,1159586,1371202,230,230,True,True,0x04,"NO_IRQ,NO_IRQ,OK,RESYNC_NEEDED","NONE,NONE,DELTA,NONE",
27.404440,2026-09-05T19:04:26.191+01:00,1159816,1371203,248,248,True,True,0x04,"NO_IRQ,NO_IRQ,OK,RESYNC_NEEDED","NONE,NONE,DELTA,NONE",
27.407882,2026-09-05T19:04:26.198+01:00,1160064,1371204,144,144,True,True,0x04,"NO_IRQ,NO_IRQ,OK,RESYNC_NEEDED","NONE,NONE,DELTA,NONE",
27.411638,2026-09-05T19:04:26.201+01:00,1160208,1371205,178,178,True,True,0x04,"NO_IRQ,NO_IRQ,OK,RESYNC_NEEDED","NONE,NONE,DELTA,NONE",
27.417105,2026-09-05T19:04:26.205+01:00,1160386,1371206,242,242,True,True,0x04,"NO_IRQ,NO_IRQ,OK,RESYNC_NEEDED","NONE,NONE,DELTA,NONE",
27.427213,2026-09-05T19:04:26.210+01:00,1160628,1371207,256,256,True,True,0x04,"NO_IRQ,NO_IRQ,OK,RESYNC_NEEDED","NONE,NONE,DELTA,NONE",
27.427529,2026-09-05T19:04:26.221+01:00,1160884,1371208,146,146,True,True,0x04,"NO_IRQ,NO_IRQ,OK,RESYNC_NEEDED","NONE,NONE,DELTA,NONE",
27.438975,2026-09-05T19:04:26.221+01:00,1161030,1371209,174,174,True,True,0x04,"NO_IRQ,NO_IRQ,OK,RESYNC_NEEDED","NONE,NONE,DELTA,NONE",
27.439295,2026-09-05T19:04:26.232+01:00,1161204,1371210,240,240,True,True,0x04,"NO_IRQ,NO_IRQ,OK,RESYNC_NEEDED","NONE,NONE,DELTA,NONE",
27.442375,2026-09-05T19:04:26.233+01:00,1161444,1371211,252,252,True,True,0x04,"NO_IRQ,NO_IRQ,OK,RESYNC_NEEDED","NONE,NONE,DELTA,NONE",
27.446948,2026-09-05T19:04:26.236+01:00,1161696,1371212,144,144,True,True,0x04,"NO_IRQ,NO_IRQ,OK,RESYNC_NEEDED","NONE,NONE,DELTA,NONE",
27.451628,2026-09-05T19:04:26.240+01:00,1161840,1371213,176,176,True,True,0x04,"NO_IRQ,NO_IRQ,OK,RESYNC_NEEDED","NONE,NONE,DELTA,NONE",
27.462330,2026-09-05T19:04:26.245+01:00,1162016,1371214,240,240,True,True,0x04,"NO_IRQ,NO_IRQ,OK,RESYNC_NEEDED","NONE,NONE,DELTA,NONE",
27.463225,2026-09-05T19:04:26.256+01:00,1162256,1371215,258,258,True,True,0x04,"NO_IRQ,NO_IRQ,OK,RESYNC_NEEDED","NONE,NONE,DELTA,NONE",
27.467347,2026-09-05T19:04:26.257+01:00,1162514,1371216,144,144,True,True,0x04,"NO_IRQ,NO_IRQ,OK,RESYNC_NEEDED","NONE,NONE,DELTA,NONE",
27.472101,2026-09-05T19:04:26.261+01:00,1162658,1371217,182,182,True,True,0x04,"NO_IRQ,NO_IRQ,OK,RESYNC_NEEDED","NONE,NONE,DELTA,NONE",
27.476901,2026-09-05T19:04:26.265+01:00,1162840,1371218,244,244,True,True,0x04,"NO_IRQ,NO_IRQ,OK,RESYNC_NEEDED","NONE,NONE,DELTA,NONE",
27.487479,2026-09-05T19:04:26.270+01:00,1163084,1371219,260,260,True,True,0x04,"NO_IRQ,NO_IRQ,OK,RESYNC_NEEDED","NONE,NONE,DELTA,NONE",
27.488616,2026-09-05T19:04:26.281+01:00,1163344,1371220,146,146,True,True,0x04,"NO_IRQ,NO_IRQ,OK,RESYNC_NEEDED","NONE,NONE,DELTA,NONE",
27.491908,2026-09-05T19:04:26.282+01:00,1163490,1371221,184,184,True,True,0x04,"NO_IRQ,NO_IRQ,OK,RESYNC_NEEDED","NONE,NONE,DELTA,NONE",
27.497256,2026-09-05T19:04:26.285+01:00,1163674,1371222,248,248,True,True,0x04,"NO_IRQ,NO_IRQ,OK,RESYNC_NEEDED","NONE,NONE,DELTA,NONE",
27.508927,2026-09-05T19:04:26.291+01:00,1163922,1371223,254,254,True,True,0x04,"NO_IRQ,NO_IRQ,OK,RESYNC_NEEDED","NONE,NONE,DELTA,NONE",
27.510038,2026-09-05T19:04:26.302+01:00,1164176,1371224,146,146,True,True,0x04,"NO_IRQ,NO_IRQ,OK,RESYNC_NEEDED","NONE,NONE,DELTA,NONE",
27.512005,2026-09-05T19:04:26.303+01:00,1164322,1371225,164,164,True,True,0x04,"NO_IRQ,NO_IRQ,OK,RESYNC_NEEDED","NONE,NONE,DELTA,NONE",
27.517382,2026-09-05T19:04:26.305+01:00,1164486,1371226,244,244,True,True,0x04,"NO_IRQ,NO_IRQ,OK,RESYNC_NEEDED","NONE,NONE,DELTA,NONE",
27.521967,2026-09-05T19:04:26.311+01:00,1164730,1371227,250,250,True,True,0x04,"NO_IRQ,NO_IRQ,OK,RESYNC_NEEDED","NONE,NONE,DELTA,NONE",
27.526813,2026-09-05T19:04:26.315+01:00,1164980,1371228,154,154,True,True,0x04,"NO_IRQ,NO_IRQ,OK,RESYNC_NEEDED","NONE,NONE,DELTA,NONE",
27.534578,2026-09-05T19:04:26.320+01:00,1165134,1371229,176,176,True,True,0x04,"NO_IRQ,NO_IRQ,OK,RESYNC_NEEDED","NONE,NONE,DELTA,NONE",
27.537183,2026-09-05T19:04:26.328+01:00,1165310,1371230,250,250,True,True,0x04,"NO_IRQ,NO_IRQ,OK,RESYNC_NEEDED","NONE,NONE,DELTA,NONE",
27.542437,2026-09-05T19:04:26.331+01:00,1165560,1371231,260,260,True,True,0x04,"NO_IRQ,NO_IRQ,OK,RESYNC_NEEDED","NONE,NONE,DELTA,NONE",
27.553241,2026-09-05T19:04:26.336+01:00,1165820,1371232,148,148,True,True,0x04,"NO_IRQ,NO_IRQ,OK,RESYNC_NEEDED","NONE,NONE,DELTA,NONE",
27.553592,2026-09-05T19:04:26.347+01:00,1165968,1371233,174,174,True,True,0x04,"NO_IRQ,NO_IRQ,OK,RESYNC_NEEDED","NONE,NONE,DELTA,NONE",
27.557760,2026-09-05T19:04:26.347+01:00,1166142,1371234,246,246,True,True,0x04,"NO_IRQ,NO_IRQ,OK,RESYNC_NEEDED","NONE,NONE,DELTA,NONE",
27.562465,2026-09-05T19:04:26.351+01:00,1166388,1371235,1084,1084,True,True,0x04,"NO_IRQ,NO_IRQ,OK,RESYNC_NEEDED","NONE,NONE,DELTA_SYNC,NONE",
27.568047,2026-09-05T19:04:26.356+01:00,1167472,1371236,162,162,True,True,0x04,"NO_IRQ,NO_IRQ,OK,RESYNC_NEEDED","NONE,NONE,DELTA,NONE",
27.573753,2026-09-05T19:04:26.363+01:00,1167634,1371237,166,166,True,True,0x04,"NO_IRQ,NO_IRQ,OK,RESYNC_NEEDED","NONE,NONE,DELTA,NONE",
27.576671,2026-09-05T19:04:26.367+01:00,1167800,1371238,250,250,True,True,0x04,"NO_IRQ,NO_IRQ,OK,RESYNC_NEEDED","NONE,NONE,DELTA,NONE",
27.581881,2026-09-05T19:04:26.370+01:00,1168050,1371239,256,256,True,True,0x04,"NO_IRQ,NO_IRQ,OK,RESYNC_NEEDED","NONE,NONE,DELTA,NONE",
27.591772,2026-09-05T19:04:26.375+01:00,1168306,1371240,150,150,True,True,0x04,"NO_IRQ,NO_IRQ,OK,RESYNC_NEEDED","NONE,NONE,DELTA,NONE",
27.592600,2026-09-05T19:04:26.385+01:00,1168456,1371241,168,168,True,True,0x04,"NO_IRQ,NO_IRQ,OK,RESYNC_NEEDED","NONE,NONE,DELTA,NONE",
27.597067,2026-09-05T19:04:26.386+01:00,1168624,1371242,248,248,True,True,0x04,"NO_IRQ,NO_IRQ,OK,RESYNC_NEEDED","NONE,NONE,DELTA,NONE",
27.601963,2026-09-05T19:04:26.390+01:00,1168872,1371243,258,258,True,True,0x04,"NO_IRQ,NO_IRQ,OK,RESYNC_NEEDED","NONE,NONE,DELTA,NONE",
27.607629,2026-09-05T19:04:26.395+01:00,1169130,1371244,152,152,True,True,0x04,"NO_IRQ,NO_IRQ,OK,RESYNC_NEEDED","NONE,NONE,DELTA,NONE",
27.612174,2026-09-05T19:04:26.401+01:00,1169282,1371245,166,166,True,True,0x04,"NO_IRQ,NO_IRQ,OK,RESYNC_NEEDED","NONE,NONE,DELTA,NONE",
27.617010,2026-09-05T19:04:26.405+01:00,1169448,1371246,254,254,True,True,0x04,"NO_IRQ,NO_IRQ,OK,RESYNC_NEEDED","NONE,NONE,DELTA,NONE",
27.621910,2026-09-05T19:04:26.410+01:00,1169702,1371247,264,264,True,True,0x04,"NO_IRQ,NO_IRQ,OK,RESYNC_NEEDED","NONE,NONE,DELTA,NONE",
27.626811,2026-09-05T19:04:26.415+01:00,1169966,1371248,160,160,True,True,0x04,"NO_IRQ,NO_IRQ,OK,RESYNC_NEEDED","NONE,NONE,DELTA,NONE",
27.643471,2026-09-05T19:04:26.420+01:00,1170126,1371249,180,180,True,True,0x04,"NO_IRQ,NO_IRQ,OK,RESYNC_NEEDED","NONE,NONE,DELTA,NONE",
27.644698,2026-09-05T19:04:26.437+01:00,1170306,1371250,250,250,True,True,0x04,"NO_IRQ,NO_IRQ,OK,RESYNC_NEEDED","NONE,NONE,DELTA,NONE",
27.645570,2026-09-05T19:04:26.438+01:00,1170556,1371251,260,260,True,True,0x04,"NO_IRQ,NO_IRQ,OK,RESYNC_NEEDED","NONE,NONE,DELTA,NONE",
27.646789,2026-09-05T19:04:26.439+01:00,1170816,1371252,158,158,True,True,0x04,"NO_IRQ,NO_IRQ,OK,RESYNC_NEEDED","NONE,NONE,DELTA,NONE",
27.651628,2026-09-05T19:04:26.440+01:00,1170974,1371253,164,164,True,True,0x04,"NO_IRQ,NO_IRQ,OK,RESYNC_NEEDED","NONE,NONE,DELTA,NONE",
27.656705,2026-09-05T19:04:26.445+01:00,1171138,1371254,244,244,True,True,0x04,"NO_IRQ,NO_IRQ,OK,RESYNC_NEEDED","NONE,NONE,DELTA,NONE",
27.666403,2026-09-05T19:04:26.450+01:00,1171382,1371255,252,252,True,True,0x04,"NO_IRQ,NO_IRQ,OK,RESYNC_NEEDED","NONE,NONE,DELTA,NONE",
27.667294,2026-09-05T19:04:26.460+01:00,1171634,1371256,158,158,True,True,0x04,"NO_IRQ,NO_IRQ,OK,RESYNC_NEEDED","NONE,NONE,DELTA,NONE",
27.671769,2026-09-05T19:04:26.461+01:00,1171792,1371257,164,164,True,True,0x04,"NO_IRQ,NO_IRQ,OK,RESYNC_NEEDED","NONE,NONE,DELTA,NONE",
27.676963,2026-09-05T19:04:26.465+01:00,1171956,1371258,248,248,True,True,0x04,"NO_IRQ,NO_IRQ,OK,RESYNC_NEEDED","NONE,NONE,DELTA,NONE",
27.688560,2026-09-05T19:04:26.470+01:00,1172204,1371259,252,252,True,True,0x04,"NO_IRQ,NO_IRQ,OK,RESYNC_NEEDED","NONE,NONE,DELTA,NONE",
27.689192,2026-09-05T19:04:26.482+01:00,1172456,1371260,160,160,True,True,0x04,"NO_IRQ,NO_IRQ,OK,RESYNC_NEEDED","NONE,NONE,DELTA,NONE",
27.691881,2026-09-05T19:04:26.482+01:00,1172616,1371261,156,156,True,True,0x04,"NO_IRQ,NO_IRQ,OK,RESYNC_NEEDED","NONE,NONE,DELTA,NONE",
27.696870,2026-09-05T19:04:26.485+01:00,1172772,1371262,256,256,True,True,0x04,"NO_IRQ,NO_IRQ,OK,RESYNC_NEEDED","NONE,NONE,DELTA,NONE",
27.708909,2026-09-05T19:04:26.490+01:00,1173028,1371263,254,254,True,True,0x04,"NO_IRQ,NO_IRQ,OK,RESYNC_NEEDED","NONE,NONE,DELTA,NONE",
27.709497,2026-09-05T19:04:26.502+01:00,1173282,1371264,154,154,True,True,0x04,"NO_IRQ,NO_IRQ,OK,RESYNC_NEEDED","NONE,NONE,DELTA,NONE",
27.711533,2026-09-05T19:04:26.503+01:00,1173436,1371265,160,160,True,True,0x04,"NO_IRQ,NO_IRQ,OK,RESYNC_NEEDED","NONE,NONE,DELTA,NONE",
27.717333,2026-09-05T19:04:26.505+01:00,1173596,1371266,246,246,True,True,0x04,"NO_IRQ,NO_IRQ,OK,RESYNC_NEEDED","NONE,NONE,DELTA,NONE",
27.721705,2026-09-05T19:04:26.511+01:00,1173842,1371267,258,258,True,True,0x04,"NO_IRQ,NO_IRQ,OK,RESYNC_NEEDED","NONE,NONE,DELTA,NONE",
27.731949,2026-09-05T19:04:26.515+01:00,1174100,1371268,160,160,True,True,0x04,"NO_IRQ,NO_IRQ,OK,RESYNC_NEEDED","NONE,NONE,DELTA,NONE",
27.732787,2026-09-05T19:04:26.525+01:00,1174260,1371269,166,166,True,True,0x04,"NO_IRQ,NO_IRQ,OK,RESYNC_NEEDED","NONE,NONE,DELTA,NONE",
27.737157,2026-09-05T19:04:26.526+01:00,1174426,1371270,236,236,True,True,0x04,"NO_IRQ,NO_IRQ,OK,RESYNC_NEEDED","NONE,NONE,DELTA,NONE",
27.741930,2026-09-05T19:04:26.531+01:00,1174662,1371271,250,250,True,True,0x04,"NO_IRQ,NO_IRQ,OK,RESYNC_NEEDED","NONE,NONE,DELTA,NONE",
27.752274,2026-09-05T19:04:26.535+01:00,1174912,1371272,162,162,True,True,0x04,"NO_IRQ,NO_IRQ,OK,RESYNC_NEEDED","NONE,NONE,DELTA,NONE",
27.753781,2026-09-05T19:04:26.546+01:00,1175074,1371273,156,156,True,True,0x04,"NO_IRQ,NO_IRQ,OK,RESYNC_NEEDED","NONE,NONE,DELTA,NONE",
27.756734,2026-09-05T19:04:26.547+01:00,1175230,1371274,240,240,True,True,0x04,"NO_IRQ,NO_IRQ,OK,RESYNC_NEEDED","NONE,NONE,DELTA,NONE",
27.762073,2026-09-05T19:04:26.550+01:00,1175470,1371275,244,244,True,True,0x04,"NO_IRQ,NO_IRQ,OK,RESYNC_NEEDED","NONE,NONE,DELTA,NONE",
27.772194,2026-09-05T19:04:26.555+01:00,1175714,1371276,166,166,True,True,0x04,"NO_IRQ,NO_IRQ,OK,RESYNC_NEEDED","NONE,NONE,DELTA,NONE",
27.772920,2026-09-05T19:04:26.566+01:00,1175880,1371277,164,164,True,True,0x04,"NO_IRQ,NO_IRQ,OK,RESYNC_NEEDED","NONE,NONE,DELTA,NONE",
27.776565,2026-09-05T19:04:26.566+01:00,1176044,1371278,252,252,True,True,0x04,"NO_IRQ,NO_IRQ,OK,RESYNC_NEEDED","NONE,NONE,DELTA,NONE",
27.781974,2026-09-05T19:04:26.570+01:00,1176296,1371279,254,254,True,True,0x04,"NO_IRQ,NO_IRQ,OK,RESYNC_NEEDED","NONE,NONE,DELTA,NONE",
27.792209,2026-09-05T19:04:26.575+01:00,1176550,1371280,166,166,True,True,0x04,"NO_IRQ,NO_IRQ,OK,RESYNC_NEEDED","NONE,NONE,DELTA,NONE",
27.793089,2026-09-05T19:04:26.586+01:00,1176716,1371281,160,160,True,True,0x04,"NO_IRQ,NO_IRQ,OK,RESYNC_NEEDED","NONE,NONE,DELTA,NONE",
27.796796,2026-09-05T19:04:26.587+01:00,1176876,1371282,246,246,True,True,0x04,"NO_IRQ,NO_IRQ,OK,RESYNC_NEEDED","NONE,NONE,DELTA,NONE",
27.801440,2026-09-05T19:04:26.590+01:00,1177122,1371283,244,244,True,True,0x04,"NO_IRQ,NO_IRQ,OK,RESYNC_NEEDED","NONE,NONE,DELTA,NONE",
27.807697,2026-09-05T19:04:26.595+01:00,1177366,1371284,162,162,True,True,0x04,"NO_IRQ,NO_IRQ,OK,RESYNC_NEEDED","NONE,NONE,DELTA,NONE",
27.812783,2026-09-05T19:04:26.601+01:00,1177528,1371285,152,152,True,True,0x04,"NO_IRQ,NO_IRQ,OK,RESYNC_NEEDED","NONE,NONE,DELTA,NONE",
27.816569,2026-09-05T19:04:26.606+01:00,1177680,1371286,250,250,True,True,0x04,"NO_IRQ,NO_IRQ,OK,RESYNC_NEEDED","NONE,NONE,DELTA,NONE",
27.821416,2026-09-05T19:04:26.610+01:00,1177930,1371287,244,244,True,True,0x04,"NO_IRQ,NO_IRQ,OK,RESYNC_NEEDED","NONE,NONE,DELTA,NONE",
27.826284,2026-09-05T19:04:26.615+01:00,1178174,1371288,158,158,True,True,0x04,"NO_IRQ,NO_IRQ,OK,RESYNC_NEEDED","NONE,NONE,DELTA,NONE",
27.836090,2026-09-05T19:04:26.620+01:00,1178332,1371289,154,154,True,True,0x04,"NO_IRQ,NO_IRQ,OK,RESYNC_NEEDED","NONE,NONE,DELTA,NONE",
27.836515,2026-09-05T19:04:26.629+01:00,1178486,1371290,256,256,True,True,0x04,"NO_IRQ,NO_IRQ,OK,RESYNC_NEEDED","NONE,NONE,DELTA,NONE",
27.852507,2026-09-05T19:04:26.630+01:00,1178742,1371291,254,254,True,True,0x04,"NO_IRQ,NO_IRQ,OK,RESYNC_NEEDED","NONE,NONE,DELTA,NONE",
27.863595,2026-09-05T19:04:26.646+01:00,1178996,1371292,176,176,True,True,0x04,"NO_IRQ,NO_IRQ,OK,RESYNC_NEEDED","NONE,NONE,DELTA,NONE",
27.865227,2026-09-05T19:04:26.657+01:00,1179172,1371293,162,162,True,True,0x04,"NO_IRQ,NO_IRQ,OK,RESYNC_NEEDED","NONE,NONE,DELTA,NONE",
27.866709,2026-09-05T19:04:26.659+01:00,1179334,1371294,238,238,True,True,0x04,"NO_IRQ,NO_IRQ,OK,RESYNC_NEEDED","NONE,NONE,DELTA,NONE",
27.868089,2026-09-05T19:04:26.660+01:00,1179572,1371295,252,252,True,True,0x04,"NO_IRQ,NO_IRQ,OK,RESYNC_NEEDED","NONE,NONE,DELTA,NONE",
27.869517,2026-09-05T19:04:26.662+01:00,1179824,1371296,164,164,True,True,0x04,"NO_IRQ,NO_IRQ,OK,RESYNC_NEEDED","NONE,NONE,DELTA,NONE",
27.871552,2026-09-05T19:04:26.663+01:00,1179988,1371297,156,156,True,True,0x04,"NO_IRQ,NO_IRQ,OK,RESYNC_NEEDED","NONE,NONE,DELTA,NONE",
27.876539,2026-09-05T19:04:26.666+01:00,1180144,1371298,250,250,True,True,0x04,"NO_IRQ,NO_IRQ,OK,RESYNC_NEEDED","NONE,NONE,DELTA,NONE",
27.881797,2026-09-05T19:04:26.670+01:00,1180394,1371299,248,248,True,True,0x04,"NO_IRQ,NO_IRQ,OK,RESYNC_NEEDED","NONE,NONE,DELTA,NONE",
27.887622,2026-09-05T19:04:26.675+01:00,1180642,1371300,164,164,True,True,0x04,"NO_IRQ,NO_IRQ,OK,RESYNC_NEEDED","NONE,NONE,DELTA,NONE",
27.897499,2026-09-05T19:04:26.681+01:00,1180806,1371301,150,150,True,True,0x04,"NO_IRQ,NO_IRQ,OK,RESYNC_NEEDED","NONE,NONE,DELTA,NONE",
27.898562,2026-09-05T19:04:26.691+01:00,1180956,1371302,252,252,True,True,0x04,"NO_IRQ,NO_IRQ,OK,RESYNC_NEEDED","NONE,NONE,DELTA,NONE",
27.902500,2026-09-05T19:04:26.692+01:00,1181208,1371303,248,248,True,True,0x04,"NO_IRQ,NO_IRQ,OK,RESYNC_NEEDED","NONE,NONE,DELTA,NONE",
27.906670,2026-09-05T19:04:26.696+01:00,1181456,1371304,174,174,True,True,0x04,"NO_IRQ,NO_IRQ,OK,RESYNC_NEEDED","NONE,NONE,DELTA,NONE",
27.911329,2026-09-05T19:04:26.700+01:00,1181630,1371305,154,154,True,True,0x04,"NO_IRQ,NO_IRQ,OK,RESYNC_NEEDED","NONE,NONE,DELTA,NONE",
27.921994,2026-09-05T19:04:26.705+01:00,1181784,1371306,238,238,True,True,0x04,"NO_IRQ,NO_IRQ,OK,RESYNC_NEEDED","NONE,NONE,DELTA,NONE",
27.922902,2026-09-05T19:04:26.716+01:00,1182022,1371307,252,252,True,True,0x04,"NO_IRQ,NO_IRQ,OK,RESYNC_NEEDED","NONE,NONE,DELTA,NONE",
27.930334,2026-09-05T19:04:26.717+01:00,1182274,1371308,174,174,True,True,0x04,"NO_IRQ,NO_IRQ,OK,RESYNC_NEEDED","NONE,NONE,DELTA,NONE",
27.934147,2026-09-05T19:04:26.724+01:00,1182448,1371309,154,154,True,True,0x04,"NO_IRQ,NO_IRQ,OK,RESYNC_NEEDED","NONE,NONE,DELTA,NONE",
27.937059,2026-09-05T19:04:26.727+01:00,1182602,1371310,244,244,True,True,0x04,"NO_IRQ,NO_IRQ,OK,RESYNC_NEEDED","NONE,NONE,DELTA,NONE",
27.952288,2026-09-05T19:04:26.730+01:00,1182846,1371311,248,248,True,True,0x04,"NO_IRQ,NO_IRQ,OK,RESYNC_NEEDED","NONE,NONE,DELTA,NONE",
27.954016,2026-09-05T19:04:26.746+01:00,1183094,1371312,174,174,True,True,0x04,"NO_IRQ,NO_IRQ,OK,RESYNC_NEEDED","NONE,NONE,DELTA,NONE",
27.954895,2026-09-05T19:04:26.747+01:00,1183268,1371313,160,160,True,True,0x04,"NO_IRQ,NO_IRQ,OK,RESYNC_NEEDED","NONE,NONE,DELTA,NONE",
27.956619,2026-09-05T19:04:26.748+01:00,1183428,1371314,244,244,True,True,0x04,"NO_IRQ,NO_IRQ,OK,RESYNC_NEEDED","NONE,NONE,DELTA,NONE",
27.961661,2026-09-05T19:04:26.750+01:00,1183672,1371315,244,244,True,True,0x04,"NO_IRQ,NO_IRQ,OK,RESYNC_NEEDED","NONE,NONE,DELTA,NONE",
27.971674,2026-09-05T19:04:26.755+01:00,1183916,1371316,174,174,True,True,0x04,"NO_IRQ,NO_IRQ,OK,RESYNC_NEEDED","NONE,NONE,DELTA,NONE",
27.972317,2026-09-05T19:04:26.765+01:00,1184090,1371317,152,152,True,True,0x04,"NO_IRQ,NO_IRQ,OK,RESYNC_NEEDED","NONE,NONE,DELTA,NONE",
27.976677,2026-09-05T19:04:26.766+01:00,1184242,1371318,248,248,True,True,0x04,"NO_IRQ,NO_IRQ,OK,RESYNC_NEEDED","NONE,NONE,DELTA,NONE",
27.981732,2026-09-05T19:04:26.770+01:00,1184490,1371319,238,238,True,True,0x04,"NO_IRQ,NO_IRQ,OK,RESYNC_NEEDED","NONE,NONE,DELTA,NONE",
27.988580,2026-09-05T19:04:26.775+01:00,1184728,1371320,172,172,True,True,0x04,"NO_IRQ,NO_IRQ,OK,RESYNC_NEEDED","NONE,NONE,DELTA,NONE",
27.991469,2026-09-05T19:04:26.782+01:00,1184900,1371321,152,152,True,True,0x04,"NO_IRQ,NO_IRQ,OK,RESYNC_NEEDED","NONE,NONE,DELTA,NONE",
27.996343,2026-09-05T19:04:26.785+01:00,1185052,1371322,254,254,True,True,0x04,"NO_IRQ,NO_IRQ,OK,RESYNC_NEEDED","NONE,NONE,DELTA,NONE",
28.004839,2026-09-05T19:04:26.790+01:00,1185306,1371323,248,248,True,True,0x04,"NO_IRQ,NO_IRQ,OK,RESYNC_NEEDED","NONE,NONE,DELTA,NONE",
28.006735,2026-09-05T19:04:26.798+01:00,1185554,1371324,178,178,True,True,0x04,"NO_IRQ,NO_IRQ,OK,RESYNC_NEEDED","NONE,NONE,DELTA,NONE",
28.011757,2026-09-05T19:04:26.800+01:00,1185732,1371325,148,148,True,True,0x04,"NO_IRQ,NO_IRQ,OK,RESYNC_NEEDED","NONE,NONE,DELTA,NONE",
28.016493,2026-09-05T19:04:26.805+01:00,1185880,1371326,242,242,True,True,0x04,"NO_IRQ,NO_IRQ,OK,RESYNC_NEEDED","NONE,NONE,DELTA,NONE",
28.023750,2026-09-05T19:04:26.810+01:00,1186122,1371327,240,240,True,True,0x04,"NO_IRQ,NO_IRQ,OK,RESYNC_NEEDED","NONE,NONE,DELTA,NONE",
28.026740,2026-09-05T19:04:26.817+01:00,1186362,1371328,178,178,True,True,0x04,"NO_IRQ,NO_IRQ,OK,RESYNC_NEEDED","NONE,NONE,DELTA,NONE",
28.031623,2026-09-05T19:04:26.820+01:00,1186540,1371329,148,148,True,True,0x04,"NO_IRQ,NO_IRQ,OK,RESYNC_NEEDED","NONE,NONE,DELTA,NONE",
28.037005,2026-09-05T19:04:26.825+01:00,1186688,1371330,246,246,True,True,0x04,"NO_IRQ,NO_IRQ,OK,RESYNC_NEEDED","NONE,NONE,DELTA,NONE",
28.044588,2026-09-05T19:04:26.830+01:00,1186934,1371331,252,252,True,True,0x04,"NO_IRQ,NO_IRQ,OK,RESYNC_NEEDED","NONE,NONE,DELTA,NONE",
28.047770,2026-09-05T19:04:26.838+01:00,1187186,1371332,184,184,True,True,0x04,"NO_IRQ,NO_IRQ,OK,RESYNC_NEEDED","NONE,NONE,DELTA,NONE",
28.051132,2026-09-05T19:04:26.841+01:00,1187370,1371333,148,148,True,True,0x04,"NO_IRQ,NO_IRQ,OK,RESYNC_NEEDED","NONE,NONE,DELTA,NONE",
28.056144,2026-09-05T19:04:26.844+01:00,1187518,1371334,242,242,True,True,0x04,"NO_IRQ,NO_IRQ,OK,RESYNC_NEEDED","NONE,NONE,DELTA,NONE",
28.061695,2026-09-05T19:04:26.849+01:00,1187760,1371335,236,236,True,True,0x04,"NO_IRQ,NO_IRQ,OK,RESYNC_NEEDED","NONE,NONE,DELTA,NONE",
28.074505,2026-09-05T19:04:26.855+01:00,1187996,1371336,178,178,True,True,0x04,"NO_IRQ,NO_IRQ,OK,RESYNC_NEEDED","NONE,NONE,DELTA,NONE",
28.079127,2026-09-05T19:04:26.869+01:00,1188174,1371337,146,146,True,True,0x04,"NO_IRQ,NO_IRQ,OK,RESYNC_NEEDED","NONE,NONE,DELTA,NONE",
28.079810,2026-09-05T19:04:26.873+01:00,1188320,1371338,252,252,True,True,0x04,"NO_IRQ,NO_IRQ,OK,RESYNC_NEEDED","NONE,NONE,DELTA,NONE",
28.081505,2026-09-05T19:04:26.873+01:00,1188572,1371339,250,250,True,True,0x04,"NO_IRQ,NO_IRQ,OK,RESYNC_NEEDED","NONE,NONE,DELTA,NONE",
28.086708,2026-09-05T19:04:26.875+01:00,1188822,1371340,182,182,True,True,0x04,"NO_IRQ,NO_IRQ,OK,RESYNC_NEEDED","NONE,NONE,DELTA,NONE",
28.091279,2026-09-05T19:04:26.880+01:00,1189004,1371341,150,150,True,True,0x04,"NO_IRQ,NO_IRQ,OK,RESYNC_NEEDED","NONE,NONE,DELTA,NONE",
28.104072,2026-09-05T19:04:26.885+01:00,1189154,1371342,248,248,True,True,0x04,"NO_IRQ,NO_IRQ,OK,RESYNC_NEEDED","NONE,NONE,DELTA,NONE",
28.104970,2026-09-05T19:04:26.897+01:00,1189402,1371343,240,240,True,True,0x04,"NO_IRQ,NO_IRQ,OK,RESYNC_NEEDED","NONE,NONE,DELTA,NONE",
28.106598,2026-09-05T19:04:26.898+01:00,1189642,1371344,180,180,True,True,0x04,"NO_IRQ,NO_IRQ,OK,RESYNC_NEEDED","NONE,NONE,DELTA,NONE",
28.111753,2026-09-05T19:04:26.900+01:00,1189822,1371345,148,148,True,True,0x04,"NO_IRQ,NO_IRQ,OK,RESYNC_NEEDED","NONE,NONE,DELTA,NONE",
28.116829,2026-09-05T19:04:26.905+01:00,1189970,1371346,244,244,True,True,0x04,"NO_IRQ,NO_IRQ,OK,RESYNC_NEEDED","NONE,NONE,DELTA,NONE",
28.129400,2026-09-05T19:04:26.910+01:00,1190214,1371347,234,234,True,True,0x04,"NO_IRQ,NO_IRQ,OK,RESYNC_NEEDED","NONE,NONE,DELTA,NONE",
28.129836,2026-09-05T19:04:26.923+01:00,1190448,1371348,188,188,True,True,0x04,"NO_IRQ,NO_IRQ,OK,RESYNC_NEEDED","NONE,NONE,DELTA,NONE",
28.131340,2026-09-05T19:04:26.923+01:00,1190636,1371349,146,146,True,True,0x04,"NO_IRQ,NO_IRQ,OK,RESYNC_NEEDED","NONE,NONE,DELTA,NONE",
28.136223,2026-09-05T19:04:26.925+01:00,1190782,1371350,248,248,True,True,0x04,"NO_IRQ,NO_IRQ,OK,RESYNC_NEEDED","NONE,NONE,DELTA,NONE",
28.142145,2026-09-05T19:04:26.930+01:00,1191030,1371351,244,244,True,True,0x04,"NO_IRQ,NO_IRQ,OK,RESYNC_NEEDED","NONE,NONE,DELTA,NONE",
28.146315,2026-09-05T19:04:26.936+01:00,1191274,1371352,184,184,True,True,0x04,"NO_IRQ,NO_IRQ,OK,RESYNC_NEEDED","NONE,NONE,DELTA,NONE",
28.159927,2026-09-05T19:04:26.940+01:00,1191458,1371353,144,144,True,True,0x04,"NO_IRQ,NO_IRQ,OK,RESYNC_NEEDED","NONE,NONE,DELTA,NONE",
28.161075,2026-09-05T19:04:26.954+01:00,1191602,1371354,248,248,True,True,0x04,"NO_IRQ,NO_IRQ,OK,RESYNC_NEEDED","NONE,NONE,DELTA,NONE",
28.162018,2026-09-05T19:04:26.954+01:00,1191850,1371355,250,250,True,True,0x04,"NO_IRQ,NO_IRQ,OK,RESYNC_NEEDED","NONE,NONE,DELTA,NONE",
28.166493,2026-09-05T19:04:26.956+01:00,1192100,1371356,192,192,True,True,0x04,"NO_IRQ,NO_IRQ,OK,RESYNC_NEEDED","NONE,NONE,DELTA,NONE",
28.171640,2026-09-05T19:04:26.960+01:00,1192292,1371357,140,140,True,True,0x04,"NO_IRQ,NO_IRQ,OK,RESYNC_NEEDED","NONE,NONE,DELTA,NONE",
28.184919,2026-09-05T19:04:26.965+01:00,1192432,1371358,252,252,True,True,0x04,"NO_IRQ,NO_IRQ,OK,RESYNC_NEEDED","NONE,NONE,DELTA,NONE",
28.186512,2026-09-05T19:04:26.978+01:00,1192684,1371359,246,246,True,True,0x04,"NO_IRQ,NO_IRQ,OK,RESYNC_NEEDED","NONE,NONE,DELTA,NONE",
28.188037,2026-09-05T19:04:26.980+01:00,1192930,1371360,186,186,True,True,0x04,"NO_IRQ,NO_IRQ,OK,RESYNC_NEEDED","NONE,NONE,DELTA,NONE",
28.191213,2026-09-05T19:04:26.981+01:00,1193116,1371361,146,146,True,True,0x04,"NO_IRQ,NO_IRQ,OK,RESYNC_NEEDED","NONE,NONE,DELTA,NONE",
28.196339,2026-09-05T19:04:26.985+01:00,1193262,1371362,246,246,True,True,0x04,"NO_IRQ,NO_IRQ,OK,RESYNC_NEEDED","NONE,NONE,DELTA,NONE",
28.204478,2026-09-05T19:04:26.990+01:00,1193508,1371363,236,236,True,True,0x04,"NO_IRQ,NO_IRQ,OK,RESYNC_NEEDED","NONE,NONE,DELTA,NONE",
28.206244,2026-09-05T19:04:26.998+01:00,1193744,1371364,186,186,True,True,0x04,"NO_IRQ,NO_IRQ,OK,RESYNC_NEEDED","NONE,NONE,DELTA,NONE",
28.211201,2026-09-05T19:04:27.000+01:00,1193930,1371365,146,146,True,True,0x04,"NO_IRQ,NO_IRQ,OK,RESYNC_NEEDED","NONE,NONE,DELTA,NONE",
28.222166,2026-09-05T19:04:27.005+01:00,1194076,1371366,258,258,True,True,0x04,"NO_IRQ,NO_IRQ,OK,RESYNC_NEEDED","NONE,NONE,DELTA,NONE",
28.223275,2026-09-05T19:04:27.015+01:00,1194334,1371367,238,238,True,True,0x04,"NO_IRQ,NO_IRQ,OK,RESYNC_NEEDED","NONE,NONE,DELTA,NONE",
28.226057,2026-09-05T19:04:27.017+01:00,1194572,1371368,186,186,True,True,0x04,"NO_IRQ,NO_IRQ,OK,RESYNC_NEEDED","NONE,NONE,DELTA,NONE",
28.231202,2026-09-05T19:04:27.020+01:00,1194758,1371369,146,146,True,True,0x04,"NO_IRQ,NO_IRQ,OK,RESYNC_NEEDED","NONE,NONE,DELTA,NONE",
28.242376,2026-09-05T19:04:27.025+01:00,1194904,1371370,254,254,True,True,0x04,"NO_IRQ,NO_IRQ,OK,RESYNC_NEEDED","NONE,NONE,DELTA,NONE",
28.243080,2026-09-05T19:04:27.036+01:00,1195158,1371371,236,236,True,True,0x04,"NO_IRQ,NO_IRQ,OK,RESYNC_NEEDED","NONE,NONE,DELTA,NONE",
28.246394,2026-09-05T19:04:27.037+01:00,1195394,1371372,192,192,True,True,0x04,"NO_IRQ,NO_IRQ,OK,RESYNC_NEEDED","NONE,NONE,DELTA,NONE",
28.251412,2026-09-05T19:04:27.040+01:00,1195586,1371373,146,146,True,True,0x04,"NO_IRQ,NO_IRQ,OK,RESYNC_NEEDED","NONE,NONE,DELTA,NONE",
28.256321,2026-09-05T19:04:27.045+01:00,1195732,1371374,248,248,True,True,0x04,"NO_IRQ,NO_IRQ,OK,RESYNC_NEEDED","NONE,NONE,DELTA,NONE",
28.261037,2026-09-05T19:04:27.050+01:00,1195980,1371375,236,236,True,True,0x04,"NO_IRQ,NO_IRQ,OK,RESYNC_NEEDED","NONE,NONE,DELTA,NONE",
28.267964,2026-09-05T19:04:27.055+01:00,1196216,1371376,194,194,True,True,0x04,"NO_IRQ,NO_IRQ,OK,RESYNC_NEEDED","NONE,NONE,DELTA,NONE",
28.270839,2026-09-05T19:04:27.061+01:00,1196410,1371377,144,144,True,True,0x04,"NO_IRQ,NO_IRQ,OK,RESYNC_NEEDED","NONE,NONE,DELTA,NONE",
28.275998,2026-09-05T19:04:27.064+01:00,1196554,1371378,242,242,True,True,0x04,"NO_IRQ,NO_IRQ,OK,RESYNC_NEEDED","NONE,NONE,DELTA,NONE",
28.288409,2026-09-05T19:04:27.069+01:00,1196796,1371379,242,242,True,True,0x04,"NO_IRQ,NO_IRQ,OK,RESYNC_NEEDED","NONE,NONE,DELTA,NONE",
28.288773,2026-09-05T19:04:27.082+01:00,1197038,1371380,198,198,True,True,0x04,"NO_IRQ,NO_IRQ,OK,RESYNC_NEEDED","NONE,NONE,DELTA,NONE",
28.291847,2026-09-05T19:04:27.082+01:00,1197236,1371381,144,144,True,True,0x04,"NO_IRQ,NO_IRQ,OK,RESYNC_NEEDED","NONE,NONE,DELTA,NONE",
28.302994,2026-09-05T19:04:27.090+01:00,1197380,1371382,238,238,True,True,0x04,"NO_IRQ,NO_IRQ,OK,RESYNC_NEEDED","NONE,NONE,DELTA,NONE",
28.304161,2026-09-05T19:04:27.097+01:00,1197618,1371383,240,240,True,True,0x04,"NO_IRQ,NO_IRQ,OK,RESYNC_NEEDED","NONE,NONE,DELTA,NONE",
28.306230,2026-09-05T19:04:27.097+01:00,1197858,1371384,202,202,True,True,0x04,"NO_IRQ,NO_IRQ,OK,RESYNC_NEEDED","NONE,NONE,DELTA,NONE",
28.311400,2026-09-05T19:04:27.100+01:00,1198060,1371385,140,140,True,True,0x04,"NO_IRQ,NO_IRQ,OK,RESYNC_NEEDED","NONE,NONE,DELTA,NONE",
28.321714,2026-09-05T19:04:27.105+01:00,1198200,1371386,248,248,True,True,0x04,"NO_IRQ,NO_IRQ,OK,RESYNC_NEEDED","NONE,NONE,DELTA,NONE",
28.322406,2026-09-05T19:04:27.115+01:00,1198448,1371387,228,228,True,True,0x04,"NO_IRQ,NO_IRQ,OK,RESYNC_NEEDED","NONE,NONE,DELTA,NONE",
28.326332,2026-09-05T19:04:27.116+01:00,1198676,1371388,198,198,True,True,0x04,"NO_IRQ,NO_IRQ,OK,RESYNC_NEEDED","NONE,NONE,DELTA,NONE",
28.331213,2026-09-05T19:04:27.120+01:00,1198874,1371389,138,138,True,True,0x04,"NO_IRQ,NO_IRQ,OK,RESYNC_NEEDED","NONE,NONE,DELTA,NONE",
28.340294,2026-09-05T19:04:27.125+01:00,1199012,1371390,240,240,True,True,0x04,"NO_IRQ,NO_IRQ,OK,RESYNC_NEEDED","NONE,NONE,DELTA,NONE",
28.341196,2026-09-05T19:04:27.134+01:00,1199252,1371391,228,228,True,True,0x04,"NO_IRQ,NO_IRQ,OK,RESYNC_NEEDED","NONE,NONE,DELTA,NONE",
28.346208,2026-09-05T19:04:27.135+01:00,1199480,1371392,188,188,True,True,0x04,"NO_IRQ,NO_IRQ,OK,RESYNC_NEEDED","NONE,NONE,DELTA,NONE",
28.350909,2026-09-05T19:04:27.140+01:00,1199668,1371393,136,136,True,True,0x04,"NO_IRQ,NO_IRQ,OK,RESYNC_NEEDED","NONE,NONE,DELTA,NONE",
28.362407,2026-09-05T19:04:27.145+01:00,1199804,1371394,244,244,True,True,0x04,"NO_IRQ,NO_IRQ,OK,RESYNC_NEEDED","NONE,NONE,DELTA,NONE",
28.363379,2026-09-05T19:04:27.156+01:00,1200048,1371395,236,236,True,True,0x04,"NO_IRQ,NO_IRQ,OK,RESYNC_NEEDED","NONE,NONE,DELTA,NONE",
28.366141,2026-09-05T19:04:27.157+01:00,1200284,1371396,192,192,True,True,0x04,"NO_IRQ,NO_IRQ,OK,RESYNC_NEEDED","NONE,NONE,DELTA,NONE",
28.370862,2026-09-05T19:04:27.160+01:00,1200476,1371397,140,140,True,True,0x04,"NO_IRQ,NO_IRQ,OK,RESYNC_NEEDED","NONE,NONE,DELTA,NONE",
28.375954,2026-09-05T19:04:27.164+01:00,1200616,1371398,246,246,True,True,0x04,"NO_IRQ,NO_IRQ,OK,RESYNC_NEEDED","NONE,NONE,DELTA,NONE",
28.383400,2026-09-05T19:04:27.169+01:00,1200862,1371399,244,244,True,True,0x04,"NO_IRQ,NO_IRQ,OK,RESYNC_NEEDED","NONE,NONE,DELTA,NONE",
28.386501,2026-09-05T19:04:27.177+01:00,1201106,1371400,202,202,True,True,0x04,"NO_IRQ,NO_IRQ,OK,RESYNC_NEEDED","NONE,NONE,DELTA,NONE",
28.391147,2026-09-05T19:04:27.180+01:00,1201308,1371401,142,142,True,True,0x04,"NO_IRQ,NO_IRQ,OK,RESYNC_NEEDED","NONE,NONE,DELTA,NONE",
28.400932,2026-09-05T19:04:27.184+01:00,1201450,1371402,240,240,True,True,0x04,"NO_IRQ,NO_IRQ,OK,RESYNC_NEEDED","NONE,NONE,DELTA,NONE",
28.401207,2026-09-05T19:04:27.194+01:00,1201690,1371403,234,234,True,True,0x04,"NO_IRQ,NO_IRQ,OK,RESYNC_NEEDED","NONE,NONE,DELTA,NONE",
28.406296,2026-09-05T19:04:27.195+01:00,1201924,1371404,198,198,True,True,0x04,"NO_IRQ,NO_IRQ,OK,RESYNC_NEEDED","NONE,NONE,DELTA,NONE",
28.410916,2026-09-05T19:04:27.200+01:00,1202122,1371405,148,148,True,True,0x04,"NO_IRQ,NO_IRQ,OK,RESYNC_NEEDED","NONE,NONE,DELTA,NONE",
28.419297,2026-09-05T19:04:27.204+01:00,1202270,1371406,248,248,True,True,0x04,"NO_IRQ,NO_IRQ,OK,RESYNC_NEEDED","NONE,NONE,DELTA,NONE",
28.421339,2026-09-05T19:04:27.213+01:00,1202518,1371407,244,244,True,True,0x04,"NO_IRQ,NO_IRQ,OK,RESYNC_NEEDED","NONE,NONE,DELTA,NONE",
28.426069,2026-09-05T19:04:27.215+01:00,1202762,1371408,204,204,True,True,0x04,"NO_IRQ,NO_IRQ,OK,RESYNC_NEEDED","NONE,NONE,DELTA,NONE",
28.434806,2026-09-05T19:04:27.219+01:00,1202966,1371409,136,136,True,True,0x04,"NO_IRQ,NO_IRQ,OK,RESYNC_NEEDED","NONE,NONE,DELTA,NONE",
28.440128,2026-09-05T19:04:27.233+01:00,1203102,1371410,242,242,True,True,0x04,"NO_IRQ,NO_IRQ,OK,RESYNC_NEEDED","NONE,NONE,DELTA,NONE",
28.441054,2026-09-05T19:04:27.233+01:00,1203344,1371411,226,226,True,True,0x04,"NO_IRQ,NO_IRQ,OK,RESYNC_NEEDED","NONE,NONE,DELTA,NONE",
28.446388,2026-09-05T19:04:27.234+01:00,1203570,1371412,204,204,True,True,0x04,"NO_IRQ,NO_IRQ,OK,RESYNC_NEEDED","NONE,NONE,DELTA,NONE",
28.450968,2026-09-05T19:04:27.240+01:00,1203774,1371413,138,138,True,True,0x04,"NO_IRQ,NO_IRQ,OK,RESYNC_NEEDED","NONE,NONE,DELTA,NONE",
28.458208,2026-09-05T19:04:27.244+01:00,1203912,1371414,246,246,True,True,0x04,"NO_IRQ,NO_IRQ,OK,RESYNC_NEEDED","NONE,NONE,DELTA,NONE",
28.461300,2026-09-05T19:04:27.252+01:00,1204158,1371415,228,228,True,True,0x04,"NO_IRQ,NO_IRQ,OK,RESYNC_NEEDED","NONE,NONE,DELTA,NONE",
28.466327,2026-09-05T19:04:27.255+01:00,1204386,1371416,210,210,True,True,0x04,"NO_IRQ,NO_IRQ,OK,RESYNC_NEEDED","NONE,NONE,DELTA,NONE",
28.470870,2026-09-05T19:04:27.260+01:00,1204596,1371417,140,140,True,True,0x04,"NO_IRQ,NO_IRQ,OK,RESYNC_NEEDED","NONE,NONE,DELTA,NONE",
28.475814,2026-09-05T19:04:27.264+01:00,1204736,1371418,246,246,True,True,0x04,"NO_IRQ,NO_IRQ,OK,RESYNC_NEEDED","NONE,NONE,DELTA,NONE",
28.493094,2026-09-05T19:04:27.269+01:00,1204982,1371419,238,238,True,True,0x04,"NO_IRQ,NO_IRQ,OK,RESYNC_NEEDED","NONE,NONE,DELTA,NONE",
28.493746,2026-09-05T19:04:27.286+01:00,1205220,1371420,202,202,True,True,0x04,"NO_IRQ,NO_IRQ,OK,RESYNC_NEEDED","NONE,NONE,DELTA,NONE",
28.494568,2026-09-05T19:04:27.287+01:00,1205422,1371421,138,138,True,True,0x04,"NO_IRQ,NO_IRQ,OK,RESYNC_NEEDED","NONE,NONE,DELTA,NONE",
28.496022,2026-09-05T19:04:27.288+01:00,1205560,1371422,238,238,True,True,0x04,"NO_IRQ,NO_IRQ,OK,RESYNC_NEEDED","NONE,NONE,DELTA,NONE",
28.501094,2026-09-05T19:04:27.289+01:00,1205798,1371423,226,226,True,True,0x04,"NO_IRQ,NO_IRQ,OK,RESYNC_NEEDED","NONE,NONE,DELTA,NONE",
28.506205,2026-09-05T19:04:27.294+01:00,1206024,1371424,200,200,True,True,0x04,"NO_IRQ,NO_IRQ,OK,RESYNC_NEEDED","NONE,NONE,DELTA,NONE",
28.515588,2026-09-05T19:04:27.300+01:00,1206224,1371425,138,138,True,True,0x04,"NO_IRQ,NO_IRQ,OK,RESYNC_NEEDED","NONE,NONE,DELTA,NONE",
28.516292,2026-09-05T19:04:27.309+01:00,1206362,1371426,240,240,True,True,0x04,"NO_IRQ,NO_IRQ,OK,RESYNC_NEEDED","NONE,NONE,DELTA,NONE",
28.521332,2026-09-05T19:04:27.310+01:00,1206602,1371427,242,242,True,True,0x04,"NO_IRQ,NO_IRQ,OK,RESYNC_NEEDED","NONE,NONE,DELTA,NONE",
28.526185,2026-09-05T19:04:27.315+01:00,1206844,1371428,218,218,True,True,0x04,"NO_IRQ,NO_IRQ,OK,RESYNC_NEEDED","NONE,NONE,DELTA,NONE",
28.538087,2026-09-05T19:04:27.320+01:00,1207062,1371429,140,140,True,True,0x04,"NO_IRQ,NO_IRQ,OK,RESYNC_NEEDED","NONE,NONE,DELTA,NONE",
28.538818,2026-09-05T19:04:27.331+01:00,1207202,1371430,248,248,True,True,0x04,"NO_IRQ,NO_IRQ,OK,RESYNC_NEEDED","NONE,NONE,DELTA,NONE",
28.540946,2026-09-05T19:04:27.332+01:00,1207450,1371431,236,236,True,True,0x04,"NO_IRQ,NO_IRQ,OK,RESYNC_NEEDED","NONE,NONE,DELTA,NONE",
28.545959,2026-09-05T19:04:27.334+01:00,1207686,1371432,202,202,True,True,0x04,"NO_IRQ,NO_IRQ,OK,RESYNC_NEEDED","NONE,NONE,DELTA,NONE",
28.557759,2026-09-05T19:04:27.339+01:00,1207888,1371433,136,136,True,True,0x04,"NO_IRQ,NO_IRQ,OK,RESYNC_NEEDED","NONE,NONE,DELTA,NONE",
28.558513,2026-09-05T19:04:27.351+01:00,1208024,1371434,242,242,True,True,0x04,"NO_IRQ,NO_IRQ,OK,RESYNC_NEEDED","NONE,NONE,DELTA,NONE",
28.561681,2026-09-05T19:04:27.352+01:00,1208266,1371435,1084,1084,True,True,0x04,"NO_IRQ,NO_IRQ,OK,RESYNC_NEEDED","NONE,NONE,DELTA_SYNC,NONE",
28.566097,2026-09-05T19:04:27.355+01:00,1209350,1371436,218,218,True,True,0x04,"NO_IRQ,NO_IRQ,OK,RESYNC_NEEDED","NONE,NONE,DELTA,NONE",
28.570864,2026-09-05T19:04:27.359+01:00,1209568,1371437,144,144,True,True,0x04,"NO_IRQ,NO_IRQ,OK,RESYNC_NEEDED","NONE,NONE,DELTA,NONE",
28.577045,2026-09-05T19:04:27.364+01:00,1209712,1371438,238,238,True,True,0x04,"NO_IRQ,NO_IRQ,OK,RESYNC_NEEDED","NONE,NONE,DELTA,NONE",
28.581009,2026-09-05T19:04:27.370+01:00,1209950,1371439,234,234,True,True,0x04,"NO_IRQ,NO_IRQ,OK,RESYNC_NEEDED","NONE,NONE,DELTA,NONE",
28.586085,2026-09-05T19:04:27.374+01:00,1210184,1371440,204,204,True,True,0x04,"NO_IRQ,NO_IRQ,OK,RESYNC_NEEDED","NONE,NONE,DELTA,NONE",
28.592460,2026-09-05T19:04:27.379+01:00,1210388,1371441,132,132,True,True,0x04,"NO_IRQ,NO_IRQ,OK,RESYNC_NEEDED","NONE,NONE,DELTA,NONE",
28.597056,2026-09-05T19:04:27.386+01:00,1210520,1371442,236,236,True,True,0x04,"NO_IRQ,NO_IRQ,OK,RESYNC_NEEDED","NONE,NONE,DELTA,NONE",
28.601031,2026-09-05T19:04:27.390+01:00,1210756,1371443,224,224,True,True,0x04,"NO_IRQ,NO_IRQ,OK,RESYNC_NEEDED","NONE,NONE,DELTA,NONE",
28.605874,2026-09-05T19:04:27.394+01:00,1210980,1371444,208,208,True,True,0x04,"NO_IRQ,NO_IRQ,OK,RESYNC_NEEDED","NONE,NONE,DELTA,NONE",
28.615254,2026-09-05T19:04:27.399+01:00,1211188,1371445,136,136,True,True,0x04,"NO_IRQ,NO_IRQ,OK,RESYNC_NEEDED","NONE,NONE,DELTA,NONE",
28.615902,2026-09-05T19:04:27.409+01:00,1211324,1371446,236,236,True,True,0x04,"NO_IRQ,NO_IRQ,OK,RESYNC_NEEDED","NONE,NONE,DELTA,NONE",
28.622019,2026-09-05T19:04:27.409+01:00,1211560,1371447,232,232,True,True,0x04,"NO_IRQ,NO_IRQ,OK,RESYNC_NEEDED","NONE,NONE,DELTA,NONE",
28.625865,2026-09-05T19:04:27.416+01:00,1211792,1371448,210,210,True,True,0x04,"NO_IRQ,NO_IRQ,OK,RESYNC_NEEDED","NONE,NONE,DELTA,NONE",
28.633330,2026-09-05T19:04:27.419+01:00,1212002,1371449,132,132,True,True,0x04,"NO_IRQ,NO_IRQ,OK,RESYNC_NEEDED","NONE,NONE,DELTA,NONE",
28.635897,2026-09-05T19:04:27.427+01:00,1212134,1371450,234,234,True,True,0x04,"NO_IRQ,NO_IRQ,OK,RESYNC_NEEDED","NONE,NONE,DELTA,NONE",
28.641192,2026-09-05T19:04:27.430+01:00,1212368,1371451,228,228,True,True,0x04,"NO_IRQ,NO_IRQ,OK,RESYNC_NEEDED","NONE,NONE,DELTA,NONE",
28.645753,2026-09-05T19:04:27.435+01:00,1212596,1371452,214,214,True,True,0x04,"NO_IRQ,NO_IRQ,OK,RESYNC_NEEDED","NONE,NONE,DELTA,NONE",
28.651727,2026-09-05T19:04:27.439+01:00,1212810,1371453,136,136,True,True,0x04,"NO_IRQ,NO_IRQ,OK,RESYNC_NEEDED","NONE,NONE,DELTA,NONE",
28.659549,2026-09-05T19:04:27.445+01:00,1212946,1371454,224,224,True,True,0x04,"NO_IRQ,NO_IRQ,OK,RESYNC_NEEDED","NONE,NONE,DELTA,NONE",
28.664099,2026-09-05T19:04:27.453+01:00,1213170,1371455,234,234,True,True,0x04,"NO_IRQ,NO_IRQ,OK,RESYNC_NEEDED","NONE,NONE,DELTA,NONE",
28.667122,2026-09-05T19:04:27.458+01:00,1213404,1371456,206,206,True,True,0x04,"NO_IRQ,NO_IRQ,OK,RESYNC_NEEDED","NONE,NONE,DELTA,NONE",
28.673826,2026-09-05T19:04:27.466+01:00,1213610,1371457,130,130,True,True,0x04,"NO_IRQ,NO_IRQ,OK,RESYNC_NEEDED","NONE,NONE,DELTA,NONE",
28.675843,2026-09-05T19:04:27.467+01:00,1213740,1371458,242,242,True,True,0x04,"NO_IRQ,NO_IRQ,OK,RESYNC_NEEDED","NONE,NONE,DELTA,NONE",
28.680830,2026-09-05T19:04:27.469+01:00,1213982,1371459,228,228,True,True,0x04,"NO_IRQ,NO_IRQ,OK,RESYNC_NEEDED","NONE,NONE,DELTA,NONE",
28.685827,2026-09-05T19:04:27.474+01:00,1214210,1371460,220,220,True,True,0x04,"NO_IRQ,NO_IRQ,OK,RESYNC_NEEDED","NONE,NONE,DELTA,NONE",
28.695964,2026-09-05T19:04:27.479+01:00,1214430,1371461,134,134,True,True,0x04,"NO_IRQ,NO_IRQ,OK,RESYNC_NEEDED","NONE,NONE,DELTA,NONE",
28.696364,2026-09-05T19:04:27.489+01:00,1214564,1371462,238,238,True,True,0x04,"NO_IRQ,NO_IRQ,OK,RESYNC_NEEDED","NONE,NONE,DELTA,NONE",
28.713632,2026-09-05T19:04:27.490+01:00,1214802,1371463,246,246,True,True,0x04,"NO_IRQ,NO_IRQ,OK,RESYNC_NEEDED","NONE,NONE,DELTA,NONE",
28.715160,2026-09-05T19:04:27.507+01:00,1215048,1371464,224,224,True,True,0x04,"NO_IRQ,NO_IRQ,OK,RESYNC_NEEDED","NONE,NONE,DELTA,NONE",
28.715968,2026-09-05T19:04:27.509+01:00,1215272,1371465,136,136,True,True,0x04,"NO_IRQ,NO_IRQ,OK,RESYNC_NEEDED","NONE,NONE,DELTA,NONE",
28.716893,2026-09-05T19:04:27.509+01:00,1215408,1371466,232,232,True,True,0x04,"NO_IRQ,NO_IRQ,OK,RESYNC_NEEDED","NONE,NONE,DELTA,NONE",
28.720657,2026-09-05T19:04:27.510+01:00,1215640,1371467,228,228,True,True,0x04,"NO_IRQ,NO_IRQ,OK,RESYNC_NEEDED","NONE,NONE,DELTA,NONE",
28.725669,2026-09-05T19:04:27.514+01:00,1215868,1371468,220,220,True,True,0x04,"NO_IRQ,NO_IRQ,OK,RESYNC_NEEDED","NONE,NONE,DELTA,NONE",
28.736902,2026-09-05T19:04:27.519+01:00,1216088,1371469,134,134,True,True,0x04,"NO_IRQ,NO_IRQ,OK,RESYNC_NEEDED","NONE,NONE,DELTA,NONE",
28.737312,2026-09-05T19:04:27.530+01:00,1216222,1371470,228,228,True,True,0x04,"NO_IRQ,NO_IRQ,OK,RESYNC_NEEDED","NONE,NONE,DELTA,NONE",
28.740777,2026-09-05T19:04:27.531+01:00,1216450,1371471,232,232,True,True,0x04,"NO_IRQ,NO_IRQ,OK,RESYNC_NEEDED","NONE,NONE,DELTA,NONE",
28.745996,2026-09-05T19:04:27.534+01:00,1216682,1371472,226,226,True,True,0x04,"NO_IRQ,NO_IRQ,OK,RESYNC_NEEDED","NONE,NONE,DELTA,NONE",
28.750759,2026-09-05T19:04:27.540+01:00,1216908,1371473,136,136,True,True,0x04,"NO_IRQ,NO_IRQ,OK,RESYNC_NEEDED","NONE,NONE,DELTA,NONE",
28.762973,2026-09-05T19:04:27.544+01:00,1217044,1371474,232,232,True,True,0x04,"NO_IRQ,NO_IRQ,OK,RESYNC_NEEDED","NONE,NONE,DELTA,NONE",
28.764209,2026-09-05T19:04:27.556+01:00,1217276,1371475,238,238,True,True,0x04,"NO_IRQ,NO_IRQ,OK,RESYNC_NEEDED","NONE,NONE,DELTA,NONE",
28.766084,2026-09-05T19:04:27.558+01:00,1217514,1371476,220,220,True,True,0x04,"NO_IRQ,NO_IRQ,OK,RESYNC_NEEDED","NONE,NONE,DELTA,NONE",
28.770942,2026-09-05T19:04:27.560+01:00,1217734,1371477,134,134,True,True,0x04,"NO_IRQ,NO_IRQ,OK,RESYNC_NEEDED","NONE,NONE,DELTA,NONE",
28.775961,2026-09-05T19:04:27.565+01:00,1217868,1371478,234,234,True,True,0x04,"NO_IRQ,NO_IRQ,OK,RESYNC_NEEDED","NONE,NONE,DELTA,NONE",
28.783150,2026-09-05T19:04:27.569+01:00,1218102,1371479,234,234,True,True,0x04,"NO_IRQ,NO_IRQ,OK,RESYNC_NEEDED","NONE,NONE,DELTA,NONE",
28.785781,2026-09-05T19:04:27.577+01:00,1218336,1371480,226,226,True,True,0x04,"NO_IRQ,NO_IRQ,OK,RESYNC_NEEDED","NONE,NONE,DELTA,NONE",
28.790603,2026-09-05T19:04:27.579+01:00,1218562,1371481,138,138,True,True,0x04,"NO_IRQ,NO_IRQ,OK,RESYNC_NEEDED","NONE,NONE,DELTA,NONE",
28.796083,2026-09-05T19:04:27.584+01:00,1218700,1371482,238,238,True,True,0x04,"NO_IRQ,NO_IRQ,OK,RESYNC_NEEDED","NONE,NONE,DELTA,NONE",
28.807317,2026-09-05T19:04:27.589+01:00,1218938,1371483,264,264,True,True,0x04,"NO_IRQ,NO_IRQ,OK,RESYNC_NEEDED","NONE,NONE,DELTA,NONE",
28.807962,2026-09-05T19:04:27.601+01:00,1219202,1371484,224,224,True,True,0x04,"NO_IRQ,NO_IRQ,OK,RESYNC_NEEDED","NONE,NONE,DELTA,NONE",
28.810484,2026-09-05T19:04:27.601+01:00,1219426,1371485,136,136,True,True,0x04,"NO_IRQ,NO_IRQ,OK,RESYNC_NEEDED","NONE,NONE,DELTA,NONE",
28.816236,2026-09-05T19:04:27.604+01:00,1219562,1371486,230,230,True,True,0x04,"NO_IRQ,NO_IRQ,OK,RESYNC_NEEDED","NONE,NONE,DELTA,NONE",
28.821169,2026-09-05T19:04:27.610+01:00,1219792,1371487,226,226,True,True,0x04,"NO_IRQ,NO_IRQ,OK,RESYNC_NEEDED","NONE,NONE,DELTA,NONE",
28.832191,2026-09-05T19:04:27.615+01:00,1220018,1371488,218,218,True,True,0x04,"NO_IRQ,NO_IRQ,OK,RESYNC_NEEDED","NONE,NONE,DELTA,NONE",
28.832844,2026-09-05T19:04:27.626+01:00,1220236,1371489,130,130,True,True,0x04,"NO_IRQ,NO_IRQ,OK,RESYNC_NEEDED","NONE,NONE,DELTA,NONE",
28.836218,2026-09-05T19:04:27.626+01:00,1220366,1371490,238,238,True,True,0x04,"NO_IRQ,NO_IRQ,OK,RESYNC_NEEDED","NONE,NONE,DELTA,NONE",
28.841395,2026-09-05T19:04:27.630+01:00,1220604,1371491,244,244,True,True,0x04,"NO_IRQ,NO_IRQ,OK,RESYNC_NEEDED","NONE,NONE,DELTA,NONE",
28.851344,2026-09-05T19:04:27.635+01:00,1220848,1371492,216,216,True,True,0x04,"NO_IRQ,NO_IRQ,OK,RESYNC_NEEDED","NONE,NONE,DELTA,NONE",
28.852099,2026-09-05T19:04:27.645+01:00,1221064,1371493,138,138,True,True,0x04,"NO_IRQ,NO_IRQ,OK,RESYNC_NEEDED","NONE,NONE,DELTA,NONE",
28.855697,2026-09-05T19:04:27.645+01:00,1221202,1371494,244,244,True,True,0x04,"NO_IRQ,NO_IRQ,OK,RESYNC_NEEDED","NONE,NONE,DELTA,NONE",
28.860730,2026-09-05T19:04:27.649+01:00,1221446,1371495,228,228,True,True,0x04,"NO_IRQ,NO_IRQ,OK,RESYNC_NEEDED","NONE,NONE,DELTA,NONE",
28.871613,2026-09-05T19:04:27.654+01:00,1221674,1371496,224,224,True,True,0x04,"NO_IRQ,NO_IRQ,OK,RESYNC_NEEDED","NONE,NONE,DELTA,NONE",
28.872233,2026-09-05T19:04:27.665+01:00,1221898,1371497,134,134,True,True,0x04,"NO_IRQ,NO_IRQ,OK,RESYNC_NEEDED","NONE,NONE,DELTA,NONE",
28.875689,2026-09-05T19:04:27.666+01:00,1222032,1371498,232,232,True,True,0x04,"NO_IRQ,NO_IRQ,OK,RESYNC_NEEDED","NONE,NONE,DELTA,NONE",
28.880597,2026-09-05T19:04:27.669+01:00,1222264,1371499,238,238,True,True,0x04,"NO_IRQ,NO_IRQ,OK,RESYNC_NEEDED","NONE,NONE,DELTA,NONE",
28.887032,2026-09-05T19:04:27.674+01:00,1222502,1371500,226,226,True,True,0x04,"NO_IRQ,NO_IRQ,OK,RESYNC_NEEDED","NONE,NONE,DELTA,NONE",
28.890534,2026-09-05T19:04:27.680+01:00,1222728,1371501,132,132,True,True,0x04,"NO_IRQ,NO_IRQ,OK,RESYNC_NEEDED","NONE,NONE,DELTA,NONE",
28.895420,2026-09-05T19:04:27.684+01:00,1222860,1371502,232,232,True,True,0x04,"NO_IRQ,NO_IRQ,OK,RESYNC_NEEDED","NONE,NONE,DELTA,NONE",
28.900561,2026-09-05T19:04:27.689+01:00,1223092,1371503,238,238,True,True,0x04,"NO_IRQ,NO_IRQ,OK,RESYNC_NEEDED","NONE,NONE,DELTA,NONE",
28.918738,2026-09-05T19:04:27.694+01:00,1223330,1371504,226,226,True,True,0x04,"NO_IRQ,NO_IRQ,OK,RESYNC_NEEDED","NONE,NONE,DELTA,NONE",
28.920401,2026-09-05T19:04:27.712+01:00,1223556,1371505,126,126,True,True,0x04,"NO_IRQ,NO_IRQ,OK,RESYNC_NEEDED","NONE,NONE,DELTA,NONE",
28.921301,2026-09-05T19:04:27.714+01:00,1223682,1371506,238,238,True,True,0x04,"NO_IRQ,NO_IRQ,OK,RESYNC_NEEDED","NONE,NONE,DELTA,NONE",
28.921930,2026-09-05T19:04:27.715+01:00,1223920,1371507,234,234,True,True,0x04,"NO_IRQ,NO_IRQ,OK,RESYNC_NEEDED","NONE,NONE,DELTA,NONE",
28.926005,2026-09-05T19:04:27.715+01:00,1224154,1371508,236,236,True,True,0x04,"NO_IRQ,NO_IRQ,OK,RESYNC_NEEDED","NONE,NONE,DELTA,NONE",
28.930817,2026-09-05T19:04:27.719+01:00,1224390,1371509,132,132,True,True,0x04,"NO_IRQ,NO_IRQ,OK,RESYNC_NEEDED","NONE,NONE,DELTA,NONE",
28.942651,2026-09-05T19:04:27.724+01:00,1224522,1371510,232,232,True,True,0x04,"NO_IRQ,NO_IRQ,OK,RESYNC_NEEDED","NONE,NONE,DELTA,NONE",
28.944322,2026-09-05T19:04:27.736+01:00,1224754,1371511,236,236,True,True,0x04,"NO_IRQ,NO_IRQ,OK,RESYNC_NEEDED","NONE,NONE,DELTA,NONE",
28.945572,2026-09-05T19:04:27.738+01:00,1224990,1371512,226,226,True,True,0x04,"NO_IRQ,NO_IRQ,OK,RESYNC_NEEDED","NONE,NONE,DELTA,NONE",
28.950893,2026-09-05T19:04:27.739+01:00,1225216,1371513,136,136,True,True,0x04,"NO_IRQ,NO_IRQ,OK,RESYNC_NEEDED","NONE,NONE,DELTA,NONE",
28.955821,2026-09-05T19:04:27.744+01:00,1225352,1371514,216,216,True,True,0x04,"NO_IRQ,NO_IRQ,OK,RESYNC_NEEDED","NONE,NONE,DELTA,NONE",
28.965749,2026-09-05T19:04:27.749+01:00,1225568,1371515,226,226,True,True,0x04,"NO_IRQ,NO_IRQ,OK,RESYNC_NEEDED","NONE,NONE,DELTA,NONE",
28.966829,2026-09-05T19:04:27.759+01:00,1225794,1371516,244,244,True,True,0x04,"NO_IRQ,NO_IRQ,OK,RESYNC_NEEDED","NONE,NONE,DELTA,NONE",
28.971281,2026-09-05T19:04:27.760+01:00,1226038,1371517,132,132,True,True,0x04,"NO_IRQ,NO_IRQ,OK,RESYNC_NEEDED","NONE,NONE,DELTA,NONE",
28.976085,2026-09-05T19:04:27.765+01:00,1226170,1371518,228,228,True,True,0x04,"NO_IRQ,NO_IRQ,OK,RESYNC_NEEDED","NONE,NONE,DELTA,NONE",
28.981074,2026-09-05T19:04:27.770+01:00,1226398,1371519,234,234,True,True,0x04,"NO_IRQ,NO_IRQ,OK,RESYNC_NEEDED","NONE,NONE,DELTA,NONE",
28.990901,2026-09-05T19:04:27.774+01:00,1226632,1371520,236,236,True,True,0x04,"NO_IRQ,NO_IRQ,OK,RESYNC_NEEDED","NONE,NONE,DELTA,NONE",
28.991534,2026-09-05T19:04:27.784+01:00,1226868,1371521,132,132,True,True,0x04,"NO_IRQ,NO_IRQ,OK,RESYNC_NEEDED","NONE,NONE,DELTA,NONE",
28.995813,2026-09-05T19:04:27.785+01:00,1227000,1371522,234,234,True,True,0x04,"NO_IRQ,NO_IRQ,OK,RESYNC_NEEDED","NONE,NONE,DELTA,NONE",
29.000651,2026-09-05T19:04:27.789+01:00,1227234,1371523,234,234,True,True,0x04,"NO_IRQ,NO_IRQ,OK,RESYNC_NEEDED","NONE,NONE,DELTA,NONE",
29.012436,2026-09-05T19:04:27.794+01:00,1227468,1371524,222,222,True,True,0x04,"NO_IRQ,NO_IRQ,OK,RESYNC_NEEDED","NONE,NONE,DELTA,NONE",
29.013418,2026-09-05T19:04:27.806+01:00,1227690,1371525,138,138,True,True,0x04,"NO_IRQ,NO_IRQ,OK,RESYNC_NEEDED","NONE,NONE,DELTA,NONE",
29.015964,2026-09-05T19:04:27.807+01:00,1227828,1371526,232,232,True,True,0x04,"NO_IRQ,NO_IRQ,OK,RESYNC_NEEDED","NONE,NONE,DELTA,NONE",
29.020387,2026-09-05T19:04:27.809+01:00,1228060,1371527,246,246,True,True,0x04,"NO_IRQ,NO_IRQ,OK,RESYNC_NEEDED","NONE,NONE,DELTA,NONE",
29.030959,2026-09-05T19:04:27.814+01:00,1228306,1371528,228,228,True,True,0x04,"NO_IRQ,NO_IRQ,OK,RESYNC_NEEDED","NONE,NONE,DELTA,NONE",
29.031893,2026-09-05T19:04:27.824+01:00,1228534,1371529,128,128,True,True,0x04,"NO_IRQ,NO_IRQ,OK,RESYNC_NEEDED","NONE,NONE,DELTA,NONE",
29.036025,2026-09-05T19:04:27.825+01:00,1228662,1371530,218,218,True,True,0x04,"NO_IRQ,NO_IRQ,OK,RESYNC_NEEDED","NONE,NONE,DELTA,NONE",
29.040558,2026-09-05T19:04:27.829+01:00,1228880,1371531,234,234,True,True,0x04,"NO_IRQ,NO_IRQ,OK,RESYNC_NEEDED","NONE,NONE,DELTA,NONE",
29.051735,2026-09-05T19:04:27.834+01:00,1229114,1371532,236,236,True,True,0x04,"NO_IRQ,NO_IRQ,OK,RESYNC_NEEDED","NONE,NONE,DELTA,NONE",
29.052442,2026-09-05T19:04:27.845+01:00,1229350,1371533,126,126,True,True,0x04,"NO_IRQ,NO_IRQ,OK,RESYNC_NEEDED","NONE,NONE,DELTA,NONE",
29.055583,2026-09-05T19:04:27.846+01:00,1229476,1371534,226,226,True,True,0x04,"NO_IRQ,NO_IRQ,OK,RESYNC_NEEDED","NONE,NONE,DELTA,NONE",
29.060928,2026-09-05T19:04:27.849+01:00,1229702,1371535,234,234,True,True,0x04,"NO_IRQ,NO_IRQ,OK,RESYNC_NEEDED","NONE,NONE,DELTA,NONE",
29.067137,2026-09-05T19:04:27.855+01:00,1229936,1371536,238,238,True,True,0x04,"NO_IRQ,NO_IRQ,OK,RESYNC_NEEDED","NONE,NONE,DELTA,NONE",
29.076895,2026-09-05T19:04:27.861+01:00,1230174,1371537,132,132,True,True,0x04,"NO_IRQ,NO_IRQ,OK,RESYNC_NEEDED","NONE,NONE,DELTA,NONE",
29.077615,2026-09-05T19:04:27.870+01:00,1230306,1371538,224,224,True,True,0x04,"NO_IRQ,NO_IRQ,OK,RESYNC_NEEDED","NONE,NONE,DELTA,NONE",
29.080597,2026-09-05T19:04:27.871+01:00,1230530,1371539,228,228,True,True,0x04,"NO_IRQ,NO_IRQ,OK,RESYNC_NEEDED","NONE,NONE,DELTA,NONE",
29.085621,2026-09-05T19:04:27.874+01:00,1230758,1371540,234,234,True,True,0x04,"NO_IRQ,NO_IRQ,OK,RESYNC_NEEDED","NONE,NONE,DELTA,NONE",
29.090454,2026-09-05T19:04:27.879+01:00,1230992,1371541,128,128,True,True,0x04,"NO_IRQ,NO_IRQ,OK,RESYNC_NEEDED","NONE,NONE,DELTA,NONE",
29.096532,2026-09-05T19:04:27.884+01:00,1231120,1371542,228,228,True,True,0x04,"NO_IRQ,NO_IRQ,OK,RESYNC_NEEDED","NONE,NONE,DELTA,NONE",
29.100386,2026-09-05T19:04:27.890+01:00,1231348,1371543,226,226,True,True,0x04,"NO_IRQ,NO_IRQ,OK,RESYNC_NEEDED","NONE,NONE,DELTA,NONE",
29.105431,2026-09-05T19:04:27.895+01:00,1231574,1371544,242,242,True,True,0x04,"NO_IRQ,NO_IRQ,OK,RESYNC_NEEDED","NONE,NONE,DELTA,NONE",
29.110364,2026-09-05T19:04:27.899+01:00,1231816,1371545,138,138,True,True,0x04,"NO_IRQ,NO_IRQ,OK,RESYNC_NEEDED","NONE,NONE,DELTA,NONE",
29.121813,2026-09-05T19:04:27.904+01:00,1231954,1371546,224,224,True,True,0x04,"NO_IRQ,NO_IRQ,OK,RESYNC_NEEDED","NONE,NONE,DELTA,NONE",
29.122170,2026-09-05T19:04:27.915+01:00,1232178,1371547,236,236,True,True,0x04,"NO_IRQ,NO_IRQ,OK,RESYNC_NEEDED","NONE,NONE,DELTA,NONE",
29.137047,2026-09-05T19:04:27.915+01:00,1232414,1371548,244,244,True,True,0x04,"NO_IRQ,NO_IRQ,OK,RESYNC_NEEDED","NONE,NONE,DELTA,NONE",
29.138100,2026-09-05T19:04:27.931+01:00,1232658,1371549,124,124,True,True,0x04,"NO_IRQ,NO_IRQ,OK,RESYNC_NEEDED","NONE,NONE,DELTA,NONE",
29.139034,2026-09-05T19:04:27.932+01:00,1232782,1371550,224,224,True,True,0x04,"NO_IRQ,NO_IRQ,OK,RESYNC_NEEDED","NONE,NONE,DELTA,NONE",
29.140186,2026-09-05T19:04:27.932+01:00,1233006,1371551,228,228,True,True,0x04,"NO_IRQ,NO_IRQ,OK,RESYNC_NEEDED","NONE,NONE,DELTA,NONE",
29.145654,2026-09-05T19:04:27.934+01:00,1233234,1371552,232,232,True,True,0x04,"NO_IRQ,NO_IRQ,OK,RESYNC_NEEDED","NONE,NONE,DELTA,NONE",
29.159787,2026-09-05T19:04:27.939+01:00,1233466,1371553,126,126,True,True,0x04,"NO_IRQ,NO_IRQ,OK,RESYNC_NEEDED","NONE,NONE,DELTA,NONE",
29.160113,2026-09-05T19:04:27.953+01:00,1233592,1371554,234,234,True,True,0x04,"NO_IRQ,NO_IRQ,OK,RESYNC_NEEDED","NONE,NONE,DELTA,NONE",
29.160732,2026-09-05T19:04:27.953+01:00,1233826,1371555,236,236,True,True,0x04,"NO_IRQ,NO_IRQ,OK,RESYNC_NEEDED","NONE,NONE,DELTA,NONE",
29.165612,2026-09-05T19:04:27.954+01:00,1234062,1371556,238,238,True,True,0x04,"NO_IRQ,NO_IRQ,OK,RESYNC_NEEDED","NONE,NONE,DELTA,NONE",
29.170676,2026-09-05T19:04:27.959+01:00,1234300,1371557,136,136,True,True,0x04,"NO_IRQ,NO_IRQ,OK,RESYNC_NEEDED","NONE,NONE,DELTA,NONE",
29.178673,2026-09-05T19:04:27.964+01:00,1234436,1371558,224,224,True,True,0x04,"NO_IRQ,NO_IRQ,OK,RESYNC_NEEDED","NONE,NONE,DELTA,NONE",
29.180416,2026-09-05T19:04:27.972+01:00,1234660,1371559,240,240,True,True,0x04,"NO_IRQ,NO_IRQ,OK,RESYNC_NEEDED","NONE,NONE,DELTA,NONE",
29.185415,2026-09-05T19:04:27.974+01:00,1234900,1371560,250,250,True,True,0x04,"NO_IRQ,NO_IRQ,OK,RESYNC_NEEDED","NONE,NONE,DELTA,NONE",
29.190060,2026-09-05T19:04:27.979+01:00,1235150,1371561,132,132,True,True,0x04,"NO_IRQ,NO_IRQ,OK,RESYNC_NEEDED","NONE,NONE,DELTA,NONE",
29.196580,2026-09-05T19:04:27.983+01:00,1235282,1371562,224,224,True,True,0x04,"NO_IRQ,NO_IRQ,OK,RESYNC_NEEDED","NONE,NONE,DELTA,NONE",
29.200524,2026-09-05T19:04:27.990+01:00,1235506,1371563,228,228,True,True,0x04,"NO_IRQ,NO_IRQ,OK,RESYNC_NEEDED","NONE,NONE,DELTA,NONE",
29.205933,2026-09-05T19:04:27.994+01:00,1235734,1371564,248,248,True,True,0x04,"NO_IRQ,NO_IRQ,OK,RESYNC_NEEDED","NONE,NONE,DELTA,NONE",
29.215194,2026-09-05T19:04:27.999+01:00,1235982,1371565,126,126,True,True,0x04,"NO_IRQ,NO_IRQ,OK,RESYNC_NEEDED","NONE,NONE,DELTA,NONE",
29.216007,2026-09-05T19:04:28.009+01:00,1236108,1371566,226,226,True,True,0x04,"NO_IRQ,NO_IRQ,OK,RESYNC_NEEDED","NONE,NONE,DELTA,NONE",
29.220831,2026-09-05T19:04:28.009+01:00,1236334,1371567,242,242,True,True,0x04,"NO_IRQ,NO_IRQ,OK,RESYNC_NEEDED","NONE,NONE,DELTA,NONE",
29.225137,2026-09-05T19:04:28.014+01:00,1236576,1371568,254,254,True,True,0x04,"NO_IRQ,NO_IRQ,OK,RESYNC_NEEDED","NONE,NONE,DELTA,NONE",
29.232391,2026-09-05T19:04:28.019+01:00,1236830,1371569,132,132,True,True,0x04,"NO_IRQ,NO_IRQ,OK,RESYNC_NEEDED","NONE,NONE,DELTA,NONE",
29.235589,2026-09-05T19:04:28.026+01:00,1236962,1371570,226,226,True,True,0x04,"NO_IRQ,NO_IRQ,OK,RESYNC_NEEDED","NONE,NONE,DELTA,NONE",
29.240623,2026-09-05T19:04:28.029+01:00,1237188,1371571,238,238,True,True,0x04,"NO_IRQ,NO_IRQ,OK,RESYNC_NEEDED","NONE,NONE,DELTA,NONE",
29.248021,2026-09-05T19:04:28.034+01:00,1237426,1371572,248,248,True,True,0x04,"NO_IRQ,NO_IRQ,OK,RESYNC_NEEDED","NONE,NONE,DELTA,NONE",
29.253972,2026-09-05T19:04:28.043+01:00,1237674,1371573,126,126,True,True,0x04,"NO_IRQ,NO_IRQ,OK,RESYNC_NEEDED","NONE,NONE,DELTA,NONE",
29.255093,2026-09-05T19:04:28.048+01:00,1237800,1371574,216,216,True,True,0x04,"NO_IRQ,NO_IRQ,OK,RESYNC_NEEDED","NONE,NONE,DELTA,NONE",
29.260833,2026-09-05T19:04:28.049+01:00,1238016,1371575,228,228,True,True,0x04,"NO_IRQ,NO_IRQ,OK,RESYNC_NEEDED","NONE,NONE,DELTA,NONE",
29.265164,2026-09-05T19:04:28.054+01:00,1238244,1371576,244,244,True,True,0x04,"NO_IRQ,NO_IRQ,OK,RESYNC_NEEDED","NONE,NONE,DELTA,NONE",
29.275342,2026-09-05T19:04:28.058+01:00,1238488,1371577,130,130,True,True,0x04,"NO_IRQ,NO_IRQ,OK,RESYNC_NEEDED","NONE,NONE,DELTA,NONE",
29.275938,2026-09-05T19:04:28.069+01:00,1238618,1371578,220,220,True,True,0x04,"NO_IRQ,NO_IRQ,OK,RESYNC_NEEDED","NONE,NONE,DELTA,NONE",
29.280516,2026-09-05T19:04:28.069+01:00,1238838,1371579,242,242,True,True,0x04,"NO_IRQ,NO_IRQ,OK,RESYNC_NEEDED","NONE,NONE,DELTA,NONE",
29.285749,2026-09-05T19:04:28.074+01:00,1239080,1371580,258,258,True,True,0x04,"NO_IRQ,NO_IRQ,OK,RESYNC_NEEDED","NONE,NONE,DELTA,NONE",
29.290036,2026-09-05T19:04:28.079+01:00,1239338,1371581,124,124,True,True,0x04,"NO_IRQ,NO_IRQ,OK,RESYNC_NEEDED","NONE,NONE,DELTA,NONE",
29.295027,2026-09-05T19:04:28.084+01:00,1239462,1371582,216,216,True,True,0x04,"NO_IRQ,NO_IRQ,OK,RESYNC_NEEDED","NONE,NONE,DELTA,NONE",
29.300042,2026-09-05T19:04:28.088+01:00,1239678,1371583,234,234,True,True,0x04,"NO_IRQ,NO_IRQ,OK,RESYNC_NEEDED","NONE,NONE,DELTA,NONE",
29.305089,2026-09-05T19:04:28.093+01:00,1239912,1371584,256,256,True,True,0x04,"NO_IRQ,NO_IRQ,OK,RESYNC_NEEDED","NONE,NONE,DELTA,NONE",
29.324951,2026-09-05T19:04:28.098+01:00,1240168,1371585,126,126,True,True,0x04,"NO_IRQ,NO_IRQ,OK,RESYNC_NEEDED","NONE,NONE,DELTA,NONE",
29.325684,2026-09-05T19:04:28.118+01:00,1240294,1371586,206,206,True,True,0x04,"NO_IRQ,NO_IRQ,OK,RESYNC_NEEDED","NONE,NONE,DELTA,NONE",
29.326536,2026-09-05T19:04:28.119+01:00,1240500,1371587,236,236,True,True,0x04,"NO_IRQ,NO_IRQ,OK,RESYNC_NEEDED","NONE,NONE,DELTA,NONE",
29.327222,2026-09-05T19:04:28.120+01:00,1240736,1371588,252,252,True,True,0x04,"NO_IRQ,NO_IRQ,OK,RESYNC_NEEDED","NONE,NONE,DELTA,NONE",
29.330507,2026-09-05T19:04:28.121+01:00,1240988,1371589,128,128,True,True,0x04,"NO_IRQ,NO_IRQ,OK,RESYNC_NEEDED","NONE,NONE,DELTA,NONE",
29.335673,2026-09-05T19:04:28.124+01:00,1241116,1371590,222,222,True,True,0x04,"NO_IRQ,NO_IRQ,OK,RESYNC_NEEDED","NONE,NONE,DELTA,NONE",
29.347069,2026-09-05T19:04:28.129+01:00,1241338,1371591,236,236,True,True,0x04,"NO_IRQ,NO_IRQ,OK,RESYNC_NEEDED","NONE,NONE,DELTA,NONE",
29.348326,2026-09-05T19:04:28.140+01:00,1241574,1371592,252,252,True,True,0x04,"NO_IRQ,NO_IRQ,OK,RESYNC_NEEDED","NONE,NONE,DELTA,NONE",
29.349844,2026-09-05T19:04:28.142+01:00,1241826,1371593,124,124,True,True,0x04,"NO_IRQ,NO_IRQ,OK,RESYNC_NEEDED","NONE,NONE,DELTA,NONE",
29.355448,2026-09-05T19:04:28.144+01:00,1241950,1371594,218,218,True,True,0x04,"NO_IRQ,NO_IRQ,OK,RESYNC_NEEDED","NONE,NONE,DELTA,NONE",
29.366482,2026-09-05T19:04:28.149+01:00,1242168,1371595,240,240,True,True,0x04,"NO_IRQ,NO_IRQ,OK,RESYNC_NEEDED","NONE,NONE,DELTA,NONE",
29.367128,2026-09-05T19:04:28.160+01:00,1242408,1371596,246,246,True,True,0x04,"NO_IRQ,NO_IRQ,OK,RESYNC_NEEDED","NONE,NONE,DELTA,NONE",
29.370369,2026-09-05T19:04:28.160+01:00,1242654,1371597,124,124,True,True,0x04,"NO_IRQ,NO_IRQ,OK,RESYNC_NEEDED","NONE,NONE,DELTA,NONE",
29.375286,2026-09-05T19:04:28.164+01:00,1242778,1371598,218,218,True,True,0x04,"NO_IRQ,NO_IRQ,OK,RESYNC_NEEDED","NONE,NONE,DELTA,NONE",
29.384763,2026-09-05T19:04:28.169+01:00,1242996,1371599,244,244,True,True,0x04,"NO_IRQ,NO_IRQ,OK,RESYNC_NEEDED","NONE,NONE,DELTA,NONE",
29.385364,2026-09-05T19:04:28.178+01:00,1243240,1371600,246,246,True,True,0x04,"NO_IRQ,NO_IRQ,OK,RESYNC_NEEDED","NONE,NONE,DELTA,NONE",
29.390080,2026-09-05T19:04:28.179+01:00,1243486,1371601,128,128,True,True,0x04,"NO_IRQ,NO_IRQ,OK,RESYNC_NEEDED","NONE,NONE,DELTA,NONE",
29.401061,2026-09-05T19:04:28.183+01:00,1243614,1371602,208,208,True,True,0x04,"NO_IRQ,NO_IRQ,OK,RESYNC_NEEDED","NONE,NONE,DELTA,NONE",
29.403011,2026-09-05T19:04:28.195+01:00,1243822,1371603,238,238,True,True,0x04,"NO_IRQ,NO_IRQ,OK,RESYNC_NEEDED","NONE,NONE,DELTA,NONE",
29.405255,2026-09-05T19:04:28.196+01:00,1244060,1371604,256,256,True,True,0x04,"NO_IRQ,NO_IRQ,OK,RESYNC_NEEDED","NONE,NONE,DELTA,NONE",
29.410438,2026-09-05T19:04:28.199+01:00,1244316,1371605,134,134,True,True,0x04,"NO_IRQ,NO_IRQ,OK,RESYNC_NEEDED","NONE,NONE,DELTA,NONE",
29.417228,2026-09-05T19:04:28.204+01:00,1244450,1371606,212,212,True,True,0x04,"NO_IRQ,NO_IRQ,OK,RESYNC_NEEDED","NONE,NONE,DELTA,NONE",
29.420504,2026-09-05T19:04:28.211+01:00,1244662,1371607,234,234,True,True,0x04,"NO_IRQ,NO_IRQ,OK,RESYNC_NEEDED","NONE,NONE,DELTA,NONE",
29.425835,2026-09-05T19:04:28.214+01:00,1244896,1371608,250,250,True,True,0x04,"NO_IRQ,NO_IRQ,OK,RESYNC_NEEDED","NONE,NONE,DELTA,NONE",
29.437248,2026-09-05T19:04:28.220+01:00,1245146,1371609,126,126,True,True,0x04,"NO_IRQ,NO_IRQ,OK,RESYNC_NEEDED","NONE,NONE,DELTA,NONE",
29.438402,2026-09-05T19:04:28.231+01:00,1245272,1371610,214,214,True,True,0x04,"NO_IRQ,NO_IRQ,OK,RESYNC_NEEDED","NONE,NONE,DELTA,NONE",
29.440151,2026-09-05T19:04:28.232+01:00,1245486,1371611,230,230,True,True,0x04,"NO_IRQ,NO_IRQ,OK,RESYNC_NEEDED","NONE,NONE,DELTA,NONE",
29.445045,2026-09-05T19:04:28.234+01:00,1245716,1371612,258,258,True,True,0x04,"NO_IRQ,NO_IRQ,OK,RESYNC_NEEDED","NONE,NONE,DELTA,NONE",
29.450736,2026-09-05T19:04:28.238+01:00,1245974,1371613,126,126,True,True,0x04,"NO_IRQ,NO_IRQ,OK,RESYNC_NEEDED","NONE,NONE,DELTA,NONE",
29.462335,2026-09-05T19:04:28.244+01:00,1246100,1371614,214,214,True,True,0x04,"NO_IRQ,NO_IRQ,OK,RESYNC_NEEDED","NONE,NONE,DELTA,NONE",
29.463448,2026-09-05T19:04:28.256+01:00,1246314,1371615,244,244,True,True,0x04,"NO_IRQ,NO_IRQ,OK,RESYNC_NEEDED","NONE,NONE,DELTA,NONE",
29.465682,2026-09-05T19:04:28.257+01:00,1246558,1371616,260,260,True,True,0x04,"NO_IRQ,NO_IRQ,OK,RESYNC_NEEDED","NONE,NONE,DELTA,NONE",
29.470142,2026-09-05T19:04:28.259+01:00,1246818,1371617,126,126,True,True,0x04,"NO_IRQ,NO_IRQ,OK,RESYNC_NEEDED","NONE,NONE,DELTA,NONE",
29.475033,2026-09-05T19:04:28.264+01:00,1246944,1371618,206,206,True,True,0x04,"NO_IRQ,NO_IRQ,OK,RESYNC_NEEDED","NONE,NONE,DELTA,NONE",
29.486595,2026-09-05T19:04:28.268+01:00,1247150,1371619,230,230,True,True,0x04,"NO_IRQ,NO_IRQ,OK,RESYNC_NEEDED","NONE,NONE,DELTA,NONE",
29.487801,2026-09-05T19:04:28.280+01:00,1247380,1371620,248,248,True,True,0x04,"NO_IRQ,NO_IRQ,OK,RESYNC_NEEDED","NONE,NONE,DELTA,NONE",
29.490167,2026-09-05T19:04:28.281+01:00,1247628,1371621,128,128,True,True,0x04,"NO_IRQ,NO_IRQ,OK,RESYNC_NEEDED","NONE,NONE,DELTA,NONE",
29.495616,2026-09-05T19:04:28.283+01:00,1247756,1371622,206,206,True,True,0x04,"NO_IRQ,NO_IRQ,OK,RESYNC_NEEDED","NONE,NONE,DELTA,NONE",
29.500181,2026-09-05T19:04:28.289+01:00,1247962,1371623,236,236,True,True,0x04,"NO_IRQ,NO_IRQ,OK,RESYNC_NEEDED","NONE,NONE,DELTA,NONE",
29.505893,2026-09-05T19:04:28.294+01:00,1248198,1371624,250,250,True,True,0x04,"NO_IRQ,NO_IRQ,OK,RESYNC_NEEDED","NONE,NONE,DELTA,NONE",
29.511113,2026-09-05T19:04:28.300+01:00,1248448,1371625,126,126,True,True,0x04,"NO_IRQ,NO_IRQ,OK,RESYNC_NEEDED","NONE,NONE,DELTA,NONE",
29.515466,2026-09-05T19:04:28.304+01:00,1248574,1371626,206,206,True,True,0x04,"NO_IRQ,NO_IRQ,OK,RESYNC_NEEDED","NONE,NONE,DELTA,NONE",
29.520600,2026-09-05T19:04:28.309+01:00,1248780,1371627,240,240,True,True,0x04,"NO_IRQ,NO_IRQ,OK,RESYNC_NEEDED","NONE,NONE,DELTA,NONE",
29.525045,2026-09-05T19:04:28.314+01:00,1249020,1371628,266,266,True,True,0x04,"NO_IRQ,NO_IRQ,OK,RESYNC_NEEDED","NONE,NONE,DELTA,NONE",
29.537183,2026-09-05T19:04:28.318+01:00,1249286,1371629,126,126,True,True,0x04,"NO_IRQ,NO_IRQ,OK,RESYNC_NEEDED","NONE,NONE,DELTA,NONE",
29.537629,2026-09-05T19:04:28.331+01:00,1249412,1371630,204,204,True,True,0x04,"NO_IRQ,NO_IRQ,OK,RESYNC_NEEDED","NONE,NONE,DELTA,NONE",
29.550870,2026-09-05T19:04:28.331+01:00,1249616,1371631,240,240,True,True,0x04,"NO_IRQ,NO_IRQ,OK,RESYNC_NEEDED","NONE,NONE,DELTA,NONE",
29.551758,2026-09-05T19:04:28.344+01:00,1249856,1371632,250,250,True,True,0x04,"NO_IRQ,NO_IRQ,OK,RESYNC_NEEDED","NONE,NONE,DELTA,NONE",
29.552415,2026-09-05T19:04:28.345+01:00,1250106,1371633,126,126,True,True,0x04,"NO_IRQ,NO_IRQ,OK,RESYNC_NEEDED","NONE,NONE,DELTA,NONE",
29.555116,2026-09-05T19:04:28.346+01:00,1250232,1371634,214,214,True,True,0x04,"NO_IRQ,NO_IRQ,OK,RESYNC_NEEDED","NONE,NONE,DELTA,NONE",
29.560241,2026-09-05T19:04:28.349+01:00,1250446,1371635,1084,1084,True,True,0x04,"NO_IRQ,NO_IRQ,OK,RESYNC_NEEDED","NONE,NONE,DELTA_SYNC,NONE",
29.565426,2026-09-05T19:04:28.354+01:00,1251530,1371636,262,262,True,True,0x04,"NO_IRQ,NO_IRQ,OK,RESYNC_NEEDED","NONE,NONE,DELTA,NONE",
29.579782,2026-09-05T19:04:28.359+01:00,1251792,1371637,128,128,True,True,0x04,"NO_IRQ,NO_IRQ,OK,RESYNC_NEEDED","NONE,NONE,DELTA,NONE",
29.581015,2026-09-05T19:04:28.373+01:00,1251920,1371638,208,208,True,True,0x04,"NO_IRQ,NO_IRQ,OK,RESYNC_NEEDED","NONE,NONE,DELTA,NONE",
29.581839,2026-09-05T19:04:28.374+01:00,1252128,1371639,236,236,True,True,0x04,"NO_IRQ,NO_IRQ,OK,RESYNC_NEEDED","NONE,NONE,DELTA,NONE",
29.585567,2026-09-05T19:04:28.375+01:00,1252364,1371640,252,252,True,True,0x04,"NO_IRQ,NO_IRQ,OK,RESYNC_NEEDED","NONE,NONE,DELTA,NONE",
29.590275,2026-09-05T19:04:28.379+01:00,1252616,1371641,128,128,True,True,0x04,"NO_IRQ,NO_IRQ,OK,RESYNC_NEEDED","NONE,NONE,DELTA,NONE",
29.595611,2026-09-05T19:04:28.384+01:00,1252744,1371642,214,214,True,True,0x04,"NO_IRQ,NO_IRQ,OK,RESYNC_NEEDED","NONE,NONE,DELTA,NONE",
29.604130,2026-09-05T19:04:28.389+01:00,1252958,1371643,252,252,True,True,0x04,"NO_IRQ,NO_IRQ,OK,RESYNC_NEEDED","NONE,NONE,DELTA,NONE",
29.605922,2026-09-05T19:04:28.397+01:00,1253210,1371644,254,254,True,True,0x04,"NO_IRQ,NO_IRQ,OK,RESYNC_NEEDED","NONE,NONE,DELTA,NONE",
29.609794,2026-09-05T19:04:28.399+01:00,1253464,1371645,132,132,True,True,0x04,"NO_IRQ,NO_IRQ,OK,RESYNC_NEEDED","NONE,NONE,DELTA,NONE",
29.621302,2026-09-05T19:04:28.403+01:00,1253596,1371646,212,212,True,True,0x04,"NO_IRQ,NO_IRQ,OK,RESYNC_NEEDED","NONE,NONE,DELTA,NONE",
29.622034,2026-09-05T19:04:28.415+01:00,1253808,1371647,228,228,True,True,0x04,"NO_IRQ,NO_IRQ,OK,RESYNC_NEEDED","NONE,NONE,DELTA,NONE",
29.625095,2026-09-05T19:04:28.415+01:00,1254036,1371648,254,254,True,True,0x04,"NO_IRQ,NO_IRQ,OK,RESYNC_NEEDED","NONE,NONE,DELTA,NONE",
29.630240,2026-09-05T19:04:28.418+01:00,1254290,1371649,126,126,True,True,0x04,"NO_IRQ,NO_IRQ,OK,RESYNC_NEEDED","NONE,NONE,DELTA,NONE",
29.639376,2026-09-05T19:04:28.424+01:00,1254416,1371650,194,194,True,True,0x04,"NO_IRQ,NO_IRQ,OK,RESYNC_NEEDED","NONE,NONE,DELTA,NONE",
29.640668,2026-09-05T19:04:28.433+01:00,1254610,1371651,230,230,True,True,0x04,"NO_IRQ,NO_IRQ,OK,RESYNC_NEEDED","NONE,NONE,DELTA,NONE",
29.645037,2026-09-05T19:04:28.434+01:00,1254840,1371652,256,256,True,True,0x04,"NO_IRQ,NO_IRQ,OK,RESYNC_NEEDED","NONE,NONE,DELTA,NONE",
29.650246,2026-09-05T19:04:28.438+01:00,1255096,1371653,128,128,True,True,0x04,"NO_IRQ,NO_IRQ,OK,RESYNC_NEEDED","NONE,NONE,DELTA,NONE",
29.655114,2026-09-05T19:04:28.444+01:00,1255224,1371654,194,194,True,True,0x04,"NO_IRQ,NO_IRQ,OK,RESYNC_NEEDED","NONE,NONE,DELTA,NONE",
29.666138,2026-09-05T19:04:28.448+01:00,1255418,1371655,240,240,True,True,0x04,"NO_IRQ,NO_IRQ,OK,RESYNC_NEEDED","NONE,NONE,DELTA,NONE",
29.667369,2026-09-05T19:04:28.460+01:00,1255658,1371656,254,254,True,True,0x04,"NO_IRQ,NO_IRQ,OK,RESYNC_NEEDED","NONE,NONE,DELTA,NONE",
29.670374,2026-09-05T19:04:28.461+01:00,1255912,1371657,128,128,True,True,0x04,"NO_IRQ,NO_IRQ,OK,RESYNC_NEEDED","NONE,NONE,DELTA,NONE",
29.675094,2026-09-05T19:04:28.464+01:00,1256040,1371658,198,198,True,True,0x04,"NO_IRQ,NO_IRQ,OK,RESYNC_NEEDED","NONE,NONE,DELTA,NONE",
29.684784,2026-09-05T19:04:28.468+01:00,1256238,1371659,240,240,True,True,0x04,"NO_IRQ,NO_IRQ,OK,RESYNC_NEEDED","NONE,NONE,DELTA,NONE",
29.685442,2026-09-05T19:04:28.478+01:00,1256478,1371660,258,258,True,True,0x04,"NO_IRQ,NO_IRQ,OK,RESYNC_NEEDED","NONE,NONE,DELTA,NONE",
29.689691,2026-09-05T19:04:28.479+01:00,1256736,1371661,136,136,True,True,0x04,"NO_IRQ,NO_IRQ,OK,RESYNC_NEEDED","NONE,NONE,DELTA,NONE",
29.694968,2026-09-05T19:04:28.483+01:00,1256872,1371662,196,196,True,True,0x04,"NO_IRQ,NO_IRQ,OK,RESYNC_NEEDED","NONE,NONE,DELTA,NONE",
29.702289,2026-09-05T19:04:28.488+01:00,1257068,1371663,230,230,True,True,0x04,"NO_IRQ,NO_IRQ,OK,RESYNC_NEEDED","NONE,NONE,DELTA,NONE",
29.710591,2026-09-05T19:04:28.497+01:00,1257298,1371664,256,256,True,True,0x04,"NO_IRQ,NO_IRQ,OK,RESYNC_NEEDED","NONE,NONE,DELTA,NONE",
29.711347,2026-09-05T19:04:28.504+01:00,1257554,1371665,132,132,True,True,0x04,"NO_IRQ,NO_IRQ,OK,RESYNC_NEEDED","NONE,NONE,DELTA,NONE",
29.715242,2026-09-05T19:04:28.505+01:00,1257686,1371666,190,190,True,True,0x04,"NO_IRQ,NO_IRQ,OK,RESYNC_NEEDED","NONE,NONE,DELTA,NONE",
29.719805,2026-09-05T19:04:28.509+01:00,1257876,1371667,240,240,True,True,0x04,"NO_IRQ,NO_IRQ,OK,RESYNC_NEEDED","NONE,NONE,DELTA,NONE",
29.724816,2026-09-05T19:04:28.513+01:00,1258116,1371668,250,250,True,True,0x04,"NO_IRQ,NO_IRQ,OK,RESYNC_NEEDED","NONE,NONE,DELTA,NONE",
29.730294,2026-09-05T19:04:28.518+01:00,1258366,1371669,136,136,True,True,0x04,"NO_IRQ,NO_IRQ,OK,RESYNC_NEEDED","NONE,NONE,DELTA,NONE",
29.734774,2026-09-05T19:04:28.524+01:00,1258502,1371670,194,194,True,True,0x04,"NO_IRQ,NO_IRQ,OK,RESYNC_NEEDED","NONE,NONE,DELTA,NONE",
29.739824,2026-09-05T19:04:28.528+01:00,1258696,1371671,242,242,True,True,0x04,"NO_IRQ,NO_IRQ,OK,RESYNC_NEEDED","NONE,NONE,DELTA,NONE",
29.744648,2026-09-05T19:04:28.533+01:00,1258938,1371672,248,248,True,True,0x04,"NO_IRQ,NO_IRQ,OK,RESYNC_NEEDED","NONE,NONE,DELTA,NONE",
29.749473,2026-09-05T19:04:28.538+01:00,1259186,1371673,138,138,True,True,0x04,"NO_IRQ,NO_IRQ,OK,RESYNC_NEEDED","NONE,NONE,DELTA,NONE",
29.759043,2026-09-05T19:04:28.543+01:00,1259324,1371674,202,202,True,True,0x04,"NO_IRQ,NO_IRQ,OK,RESYNC_NEEDED","NONE,NONE,DELTA,NONE",
29.762809,2026-09-05T19:04:28.553+01:00,1259526,1371675,254,254,True,True,0x04,"NO_IRQ,NO_IRQ,OK,RESYNC_NEEDED","NONE,NONE,DELTA,NONE",
29.764817,2026-09-05T19:04:28.556+01:00,1259780,1371676,250,250,True,True,0x04,"NO_IRQ,NO_IRQ,OK,RESYNC_NEEDED","NONE,NONE,DELTA,NONE",
29.770015,2026-09-05T19:04:28.558+01:00,1260030,1371677,138,138,True,True,0x04,"NO_IRQ,NO_IRQ,OK,RESYNC_NEEDED","NONE,NONE,DELTA,NONE",
29.778607,2026-09-05T19:04:28.563+01:00,1260168,1371678,194,194,True,True,0x04,"NO_IRQ,NO_IRQ,OK,RESYNC_NEEDED","NONE,NONE,DELTA,NONE",
29.779739,2026-09-05T19:04:28.572+01:00,1260362,1371679,244,244,True,True,0x04,"NO_IRQ,NO_IRQ,OK,RESYNC_NEEDED","NONE,NONE,DELTA,NONE",
29.785054,2026-09-05T19:04:28.573+01:00,1260606,1371680,254,254,True,True,0x04,"NO_IRQ,NO_IRQ,OK,RESYNC_NEEDED","NONE,NONE,DELTA,NONE",
29.789932,2026-09-05T19:04:28.578+01:00,1260860,1371681,134,134,True,True,0x04,"NO_IRQ,NO_IRQ,OK,RESYNC_NEEDED","NONE,NONE,DELTA,NONE",
29.806666,2026-09-05T19:04:28.584+01:00,1260994,1371682,192,192,True,True,0x04,"NO_IRQ,NO_IRQ,OK,RESYNC_NEEDED","NONE,NONE,DELTA,NONE",
29.807955,2026-09-05T19:04:28.600+01:00,1261186,1371683,230,230,True,True,0x04,"NO_IRQ,NO_IRQ,OK,RESYNC_NEEDED","NONE,NONE,DELTA,NONE",
29.808718,2026-09-05T19:04:28.601+01:00,1261416,1371684,250,250,True,True,0x04,"NO_IRQ,NO_IRQ,OK,RESYNC_NEEDED","NONE,NONE,DELTA,NONE",
29.809670,2026-09-05T19:04:28.602+01:00,1261666,1371685,136,136,True,True,0x04,"NO_IRQ,NO_IRQ,OK,RESYNC_NEEDED","NONE,NONE,DELTA,NONE",
29.815350,2026-09-05T19:04:28.603+01:00,1261802,1371686,188,188,True,True,0x04,"NO_IRQ,NO_IRQ,OK,RESYNC_NEEDED","NONE,NONE,DELTA,NONE",
29.820964,2026-09-05T19:04:28.609+01:00,1261990,1371687,236,236,True,True,0x04,"NO_IRQ,NO_IRQ,OK,RESYNC_NEEDED","NONE,NONE,DELTA,NONE",
29.829133,2026-09-05T19:04:28.614+01:00,1262226,1371688,244,244,True,True,0x04,"NO_IRQ,NO_IRQ,OK,RESYNC_NEEDED","NONE,NONE,DELTA,NONE",
29.829842,2026-09-05T19:04:28.622+01:00,1262470,1371689,142,142,True,True,0x04,"NO_IRQ,NO_IRQ,OK,RESYNC_NEEDED","NONE,NONE,DELTA,NONE",
29.834612,2026-09-05T19:04:28.623+01:00,1262612,1371690,186,186,True,True,0x04,"NO_IRQ,NO_IRQ,OK,RESYNC_NEEDED","NONE,NONE,DELTA,NONE",
29.840702,2026-09-05T19:04:28.628+01:00,1262798,1371691,244,244,True,True,0x04,"NO_IRQ,NO_IRQ,OK,RESYNC_NEEDED","NONE,NONE,DELTA,NONE",
29.849955,2026-09-05T19:04:28.634+01:00,1263042,1371692,246,246,True,True,0x04,"NO_IRQ,NO_IRQ,OK,RESYNC_NEEDED","NONE,NONE,DELTA,NONE",
29.851013,2026-09-05T19:04:28.643+01:00,1263288,1371693,136,136,True,True,0x04,"NO_IRQ,NO_IRQ,OK,RESYNC_NEEDED","NONE,NONE,DELTA,NONE",
29.854652,2026-09-05T19:04:28.644+01:00,1263424,1371694,184,184,True,True,0x04,"NO_IRQ,NO_IRQ,OK,RESYNC_NEEDED","NONE,NONE,DELTA,NONE",
29.859648,2026-09-05T19:04:28.648+01:00,1263608,1371695,244,244,True,True,0x04,"NO_IRQ,NO_IRQ,OK,RESYNC_NEEDED","NONE,NONE,DELTA,NONE",
29.868077,2026-09-05T19:04:28.653+01:00,1263852,1371696,260,260,True,True,0x04,"NO_IRQ,NO_IRQ,OK,RESYNC_NEEDED","NONE,NONE,DELTA,NONE",
29.869413,2026-09-05T19:04:28.662+01:00,1264112,1371697,138,138,True,True,0x04,"NO_IRQ,NO_IRQ,OK,RESYNC_NEEDED","NONE,NONE,DELTA,NONE",
29.874668,2026-09-05T19:04:28.663+01:00,1264250,1371698,184,184,True,True,0x04,"NO_IRQ,NO_IRQ,OK,RESYNC_NEEDED","NONE,NONE,DELTA,NONE",
29.879895,2026-09-05T19:04:28.668+01:00,1264434,1371699,244,244,True,True,0x04,"NO_IRQ,NO_IRQ,OK,RESYNC_NEEDED","NONE,NONE,DELTA,NONE",
29.887606,2026-09-05T19:04:28.673+01:00,1264678,1371700,248,248,True,True,0x04,"NO_IRQ,NO_IRQ,OK,RESYNC_NEEDED","NONE,NONE,DELTA,NONE",
29.889472,2026-09-05T19:04:28.681+01:00,1264926,1371701,144,144,True,True,0x04,"NO_IRQ,NO_IRQ,OK,RESYNC_NEEDED","NONE,NONE,DELTA,NONE",
29.895074,2026-09-05T19:04:28.683+01:00,1265070,1371702,180,180,True,True,0x04,"NO_IRQ,NO_IRQ,OK,RESYNC_NEEDED","NONE,NONE,DELTA,NONE",
29.906417,2026-09-05T19:04:28.689+01:00,1265250,1371703,244,244,True,True,0x04,"NO_IRQ,NO_IRQ,OK,RESYNC_NEEDED","NONE,NONE,DELTA,NONE",
29.907275,2026-09-05T19:04:28.700+01:00,1265494,1371704,260,260,True,True,0x04,"NO_IRQ,NO_IRQ,OK,RESYNC_NEEDED","NONE,NONE,DELTA,NONE",
29.909910,2026-09-05T19:04:28.701+01:00,1265754,1371705,138,138,True,True,0x04,"NO_IRQ,NO_IRQ,OK,RESYNC_NEEDED","NONE,NONE,DELTA,NONE",
29.914871,2026-09-05T19:04:28.704+01:00,1265892,1371706,190,190,True,True,0x04,"NO_IRQ,NO_IRQ,OK,RESYNC_NEEDED","NONE,NONE,DELTA,NONE",
29.920544,2026-09-05T19:04:28.708+01:00,1266082,1371707,246,246,True,True,0x04,"NO_IRQ,NO_IRQ,OK,RESYNC_NEEDED","NONE,NONE,DELTA,NONE",
29.926181,2026-09-05T19:04:28.715+01:00,1266328,1371708,260,260,True,True,0x04,"NO_IRQ,NO_IRQ,OK,RESYNC_NEEDED","NONE,NONE,DELTA,NONE",
29.931208,2026-09-05T19:04:28.720+01:00,1266588,1371709,146,146,True,True,0x04,"NO_IRQ,NO_IRQ,OK,RESYNC_NEEDED","NONE,NONE,DELTA,NONE",
29.934576,2026-09-05T19:04:28.725+01:00,1266734,1371710,182,182,True,True,0x04,"NO_IRQ,NO_IRQ,OK,RESYNC_NEEDED","NONE,NONE,DELTA,NONE",
29.940880,2026-09-05T19:04:28.728+01:00,1266916,1371711,236,236,True,True,0x04,"NO_IRQ,NO_IRQ,OK,RESYNC_NEEDED","NONE,NONE,DELTA,NONE",
29.944775,2026-09-05T19:04:28.734+01:00,1267152,1371712,254,254,True,True,0x04,"NO_IRQ,NO_IRQ,OK,RESYNC_NEEDED","NONE,NONE,DELTA,NONE",
29.958800,2026-09-05T19:04:28.738+01:00,1267406,1371713,142,142,True,True,0x04,"NO_IRQ,NO_IRQ,OK,RESYNC_NEEDED","NONE,NONE,DELTA,NONE",
29.959158,2026-09-05T19:04:28.752+01:00,1267548,1371714,176,176,True,True,0x04,"NO_IRQ,NO_IRQ,OK,RESYNC_NEEDED","NONE,NONE,DELTA,NONE",
29.959394,2026-09-05T19:04:28.752+01:00,1267724,1371715,246,246,True,True,0x04,"NO_IRQ,NO_IRQ,OK,RESYNC_NEEDED","NONE,NONE,DELTA,NONE",
29.974624,2026-09-05T19:04:28.753+01:00,1267970,1371716,256,256,True,True,0x04,"NO_IRQ,NO_IRQ,OK,RESYNC_NEEDED","NONE,NONE,DELTA,NONE",
29.975704,2026-09-05T19:04:28.768+01:00,1268226,1371717,142,142,True,True,0x04,"NO_IRQ,NO_IRQ,OK,RESYNC_NEEDED","NONE,NONE,DELTA,NONE",
29.976440,2026-09-05T19:04:28.769+01:00,1268368,1371718,182,182,True,True,0x04,"NO_IRQ,NO_IRQ,OK,RESYNC_NEEDED","NONE,NONE,DELTA,NONE",
29.980070,2026-09-05T19:04:28.770+01:00,1268550,1371719,236,236,True,True,0x04,"NO_IRQ,NO_IRQ,OK,RESYNC_NEEDED","NONE,NONE,DELTA,NONE",
29.984571,2026-09-05T19:04:28.773+01:00,1268786,1371720,252,252,True,True,0x04,"NO_IRQ,NO_IRQ,OK,RESYNC_NEEDED","NONE,NONE,DELTA,NONE",
29.994711,2026-09-05T19:04:28.778+01:00,1269038,1371721,146,146,True,True,0x04,"NO_IRQ,NO_IRQ,OK,RESYNC_NEEDED","NONE,NONE,DELTA,NONE",
29.995427,2026-09-05T19:04:28.788+01:00,1269184,1371722,170,170,True,True,0x04,"NO_IRQ,NO_IRQ,OK,RESYNC_NEEDED","NONE,NONE,DELTA,NONE",
29.999904,2026-09-05T19:04:28.789+01:00,1269354,1371723,242,242,True,True,0x04,"NO_IRQ,NO_IRQ,OK,RESYNC_NEEDED","NONE,NONE,DELTA,NONE",
