elapsed_s,mul_start_time,raw_offset,packet_sequence,declared_length,received_bytes,outer_crc_ok,parse_ok,updated_mask,module_statuses,algorithms,error
0.002415,2026-09-05T18:45:20.431+01:00,0,1144064,1050,1050,True,True,0x0F,"OK,OK,OK,OK","DELTA,DELTA,DELTA,DELTA",
0.003896,2026-09-05T18:45:20.434+01:00,1050,1144065,1274,1274,True,True,0x0F,"OK,OK,OK,OK","DELTA,DELTA,DELTA,DELTA",
0.004949,2026-09-05T18:45:20.436+01:00,2324,1144066,1250,1250,True,True,0x0F,"OK,OK,OK,OK","DELTA,DELTA,DELTA,DELTA",
0.010022,2026-09-05T18:45:20.436+01:00,3574,1144067,1116,1116,True,True,0x0F,"OK,OK,OK,OK","DELTA,DELTA,DELTA,DELTA",
0.019893,2026-09-05T18:45:20.442+01:00,4690,1144068,1064,1064,True,True,0x0F,"OK,OK,OK,OK","DELTA,DELTA,DELTA,DELTA",
0.021987,2026-09-05T18:45:20.453+01:00,5754,1144069,1178,1178,True,True,0x0F,"OK,OK,OK,OK","DELTA,DELTA,DELTA,DELTA",
0.024630,2026-09-05T18:45:20.454+01:00,6932,1144070,1206,1206,True,True,0x0F,"OK,OK,OK,OK","DELTA,DELTA,DELTA,DELTA",
0.029539,2026-09-05T18:45:20.456+01:00,8138,1144071,1118,1118,True,True,0x0F,"OK,OK,OK,OK","DELTA,DELTA,DELTA,DELTA",
0.038203,2026-09-05T18:45:20.461+01:00,9256,1144072,1042,1042,True,True,0x0F,"OK,OK,OK,OK","DELTA,DELTA,DELTA,DELTA",
0.039305,2026-09-05T18:45:20.470+01:00,10298,1144073,1168,1168,True,True,0x0F,"OK,OK,OK,OK","DELTA,DELTA,DELTA,DELTA",
0.044593,2026-09-05T18:45:20.471+01:00,11466,1144074,1200,1200,True,True,0x0F,"OK,OK,OK,OK","DELTA,DELTA,DELTA,DELTA",
0.055101,2026-09-05T18:45:20.476+01:00,12666,1144075,1012,1012,True,True,0x0F,"OK,OK,OK,OK","DELTA,DELTA,DELTA,DELTA",
0.056061,2026-09-05T18:45:20.487+01:00,13678,1144076,1032,1032,True,True,0x0F,"OK,OK,OK,OK","DELTA,DELTA,DELTA,DELTA",
0.059745,2026-09-05T18:45:20.488+01:00,14710,1144077,1232,1232,True,True,0x0F,"OK,OK,OK,OK","DELTA,DELTA,DELTA,DELTA",
0.064416,2026-09-05T18:45:20.491+01:00,15942,1144078,1254,1254,True,True,0x0F,"OK,OK,OK,OK","DELTA,DELTA,DELTA,DELTA",
0.073128,2026-09-05T18:45:20.496+01:00,17196,1144079,1114,1114,True,True,0x0F,"OK,OK,OK,OK","DELTA,DELTA,DELTA,DELTA",
0.074361,2026-09-05T18:45:20.505+01:00,18310,1144080,1058,1058,True,True,0x0F,"OK,OK,OK,OK","DELTA,DELTA,DELTA,DELTA",
0.079662,2026-09-05T18:45:20.506+01:00,19368,1144081,1284,1284,True,True,0x0F,"OK,OK,OK,OK","DELTA,DELTA,DELTA,DELTA",
0.084349,2026-09-05T18:45:20.511+01:00,20652,1144082,1240,1240,True,True,0x0F,"OK,OK,OK,OK","DELTA,DELTA,DELTA,DELTA",
0.091623,2026-09-05T18:45:20.516+01:00,21892,1144083,1118,1118,True,True,0x0F,"OK,OK,OK,OK","DELTA,DELTA,DELTA,DELTA",
0.094134,2026-09-05T18:45:20.523+01:00,23010,1144084,1014,1014,True,True,0x0F,"OK,OK,OK,OK","DELTA,DELTA,DELTA,DELTA",
0.099175,2026-09-05T18:45:20.526+01:00,24024,1144085,1184,1184,True,True,0x0F,"OK,OK,OK,OK","DELTA,DELTA,DELTA,DELTA",
0.108259,2026-09-05T18:45:20.531+01:00,25208,1144086,1210,1210,True,True,0x0F,"OK,OK,OK,OK","DELTA,DELTA,DELTA,DELTA",
0.109439,2026-09-05T18:45:20.540+01:00,26418,1144087,1092,1092,True,True,0x0F,"OK,OK,OK,OK","DELTA,DELTA,DELTA,DELTA",
0.114738,2026-09-05T18:45:20.541+01:00,27510,1144088,1000,1000,True,True,0x0F,"OK,OK,OK,OK","DELTA,DELTA,DELTA,DELTA",
0.118988,2026-09-05T18:45:20.546+01:00,28510,1144089,1172,1172,True,True,0x0F,"OK,OK,OK,OK","DELTA,DELTA,DELTA,DELTA",
0.125684,2026-09-05T18:45:20.551+01:00,29682,1144090,1178,1178,True,True,0x0F,"OK,OK,OK,OK","DELTA,DELTA,DELTA,DELTA",
0.128970,2026-09-05T18:45:20.557+01:00,30860,1144091,1074,1074,True,True,0x0F,"OK,OK,OK,OK","DELTA,DELTA,DELTA,DELTA",
0.134245,2026-09-05T18:45:20.560+01:00,31934,1144092,962,962,True,True,0x0F,"OK,OK,OK,OK","DELTA,DELTA,DELTA,DELTA",
0.139316,2026-09-05T18:45:20.566+01:00,32896,1144093,1198,1198,True,True,0x0F,"OK,OK,OK,OK","DELTA,DELTA,DELTA,DELTA",
0.144117,2026-09-05T18:45:20.571+01:00,34094,1144094,1086,1086,True,True,0x0F,"OK,OK,OK,OK","DELTA,DELTA,DELTA,DELTA",
0.148959,2026-09-05T18:45:20.576+01:00,35180,1144095,1090,1090,True,True,0x0F,"OK,OK,OK,OK","DELTA,DELTA,DELTA,DELTA",
0.153980,2026-09-05T18:45:20.580+01:00,36270,1144096,1034,1034,True,True,0x0F,"OK,OK,OK,OK","DELTA,DELTA,DELTA,DELTA",
0.162982,2026-09-05T18:45:20.586+01:00,37304,1144097,1242,1242,True,True,0x0F,"OK,OK,OK,OK","DELTA,DELTA,DELTA,DELTA",
0.163882,2026-09-05T18:45:20.595+01:00,38546,1144098,1160,1160,True,True,0x0F,"OK,OK,OK,OK","DELTA,DELTA,DELTA,DELTA",
0.177233,2026-09-05T18:45:20.595+01:00,39706,1144099,1038,1038,True,True,0x0F,"OK,OK,OK,OK","DELTA,DELTA,DELTA,DELTA",
0.177884,2026-09-05T18:45:20.609+01:00,40744,1144100,1046,1046,True,True,0x0F,"OK,OK,OK,OK","DELTA,DELTA,DELTA,DELTA",
0.179268,2026-09-05T18:45:20.609+01:00,41790,1144101,1198,1198,True,True,0x0F,"OK,OK,OK,OK","DELTA,DELTA,DELTA,DELTA",
0.184578,2026-09-05T18:45:20.611+01:00,42988,1144102,1206,1206,True,True,0x0F,"OK,OK,OK,OK","DELTA,DELTA,DELTA,DELTA",
0.194763,2026-09-05T18:45:20.616+01:00,44194,1144103,1064,1064,True,True,0x0F,"OK,OK,OK,OK","DELTA,DELTA,DELTA,DELTA",
0.195683,2026-09-05T18:45:20.626+01:00,45258,1144104,1044,1044,True,True,0x0F,"OK,OK,OK,OK","DELTA,DELTA,DELTA,DELTA",
0.199476,2026-09-05T18:45:20.627+01:00,46302,1144105,4216,4216,True,True,0x0F,"OK,OK,OK,OK","DELTA_SYNC,DELTA_SYNC,DELTA_SYNC,DELTA_SYNC",
0.203968,2026-09-05T18:45:20.631+01:00,50518,1144106,1276,1276,True,True,0x0F,"OK,OK,OK,OK","DELTA,DELTA,DELTA,DELTA",
0.211665,2026-09-05T18:45:20.636+01:00,51794,1144107,1136,1136,True,True,0x0F,"OK,OK,OK,OK","DELTA,DELTA,DELTA,DELTA",
0.214135,2026-09-05T18:45:20.643+01:00,52930,1144108,1096,1096,True,True,0x0F,"OK,OK,OK,OK","DELTA,DELTA,DELTA,DELTA",
0.219179,2026-09-05T18:45:20.646+01:00,54026,1144109,1116,1116,True,True,0x0F,"OK,OK,OK,OK","DELTA,DELTA,DELTA,DELTA",
0.228448,2026-09-05T18:45:20.651+01:00,55142,1144110,1160,1160,True,True,0x0F,"OK,OK,OK,OK","DELTA,DELTA,DELTA,DELTA",
0.230014,2026-09-05T18:45:20.660+01:00,56302,1144111,1078,1078,True,True,0x0F,"OK,OK,OK,OK","DELTA,DELTA,DELTA,DELTA",
0.234183,2026-09-05T18:45:20.662+01:00,57380,1144112,1102,1102,True,True,0x0F,"OK,OK,OK,OK","DELTA,DELTA,DELTA,DELTA",
0.239049,2026-09-05T18:45:20.666+01:00,58482,1144113,1196,1196,True,True,0x0F,"OK,OK,OK,OK","DELTA,DELTA,DELTA,DELTA",
0.245606,2026-09-05T18:45:20.671+01:00,59678,1144114,1252,1252,True,True,0x0F,"OK,OK,OK,OK","DELTA,DELTA,DELTA,DELTA",
0.249291,2026-09-05T18:45:20.677+01:00,60930,1144115,1088,1088,True,True,0x0F,"OK,OK,OK,OK","DELTA,DELTA,DELTA,DELTA",
0.254005,2026-09-05T18:45:20.681+01:00,62018,1144116,1042,1042,True,True,0x0F,"OK,OK,OK,OK","DELTA,DELTA,DELTA,DELTA",
0.263145,2026-09-05T18:45:20.686+01:00,63060,1144117,1118,1118,True,True,0x0F,"OK,OK,OK,OK","DELTA,DELTA,DELTA,DELTA",
0.264121,2026-09-05T18:45:20.695+01:00,64178,1144118,1224,1224,True,True,0x0F,"OK,OK,OK,OK","DELTA,DELTA,DELTA,DELTA",
0.268968,2026-09-05T18:45:20.696+01:00,65402,1144119,1054,1054,True,True,0x0F,"OK,OK,OK,OK","DELTA,DELTA,DELTA,DELTA",
0.275459,2026-09-05T18:45:20.701+01:00,66456,1144120,1042,1042,True,True,0x0F,"OK,OK,OK,OK","DELTA,DELTA,DELTA,DELTA",
0.280527,2026-09-05T18:45:20.707+01:00,67498,1144121,1142,1142,True,True,0x0F,"OK,OK,OK,OK","DELTA,DELTA,DELTA,DELTA",
0.283850,2026-09-05T18:45:20.712+01:00,68640,1144122,1222,1222,True,True,0x0F,"OK,OK,OK,OK","DELTA,DELTA,DELTA,DELTA",
0.289177,2026-09-05T18:45:20.715+01:00,69862,1144123,1058,1058,True,True,0x0F,"OK,OK,OK,OK","DELTA,DELTA,DELTA,DELTA",
0.297267,2026-09-05T18:45:20.721+01:00,70920,1144124,1010,1010,True,True,0x0F,"OK,OK,OK,OK","DELTA,DELTA,DELTA,DELTA",
0.299057,2026-09-05T18:45:20.729+01:00,71930,1144125,1166,1166,True,True,0x0F,"OK,OK,OK,OK","DELTA,DELTA,DELTA,DELTA",
0.303924,2026-09-05T18:45:20.731+01:00,73096,1144126,1204,1204,True,True,0x0F,"OK,OK,OK,OK","DELTA,DELTA,DELTA,DELTA",
0.309167,2026-09-05T18:45:20.735+01:00,74300,1144127,1038,1038,True,True,0x0F,"OK,OK,OK,OK","DELTA,DELTA,DELTA,DELTA",
0.313697,2026-09-05T18:45:20.742+01:00,75338,1144128,948,948,True,True,0x0F,"OK,OK,OK,OK","DELTA,DELTA,DELTA,DELTA",
0.318698,2026-09-05T18:45:20.745+01:00,76286,1144129,1160,1160,True,True,0x0F,"OK,OK,OK,OK","DELTA,DELTA,DELTA,DELTA",
0.323557,2026-09-05T18:45:20.750+01:00,77446,1144130,1184,1184,True,True,0x0F,"OK,OK,OK,OK","DELTA,DELTA,DELTA,DELTA",
0.339421,2026-09-05T18:45:20.755+01:00,78630,1144131,1150,1150,True,True,0x0F,"OK,OK,OK,OK","DELTA,DELTA,DELTA,DELTA",
0.340842,2026-09-05T18:45:20.771+01:00,79780,1144132,990,990,True,True,0x0F,"OK,OK,OK,OK","DELTA,DELTA,DELTA,DELTA",
0.341792,2026-09-05T18:45:20.772+01:00,80770,1144133,1106,1106,True,True,0x0F,"OK,OK,OK,OK","DELTA,DELTA,DELTA,DELTA",
0.344021,2026-09-05T18:45:20.773+01:00,81876,1144134,1190,1190,True,True,0x0F,"OK,OK,OK,OK","DELTA,DELTA,DELTA,DELTA",
0.349076,2026-09-05T18:45:20.776+01:00,83066,1144135,1146,1146,True,True,0x0F,"OK,OK,OK,OK","DELTA,DELTA,DELTA,DELTA",
0.358201,2026-09-05T18:45:20.781+01:00,84212,1144136,1064,1064,True,True,0x0F,"OK,OK,OK,OK","DELTA,DELTA,DELTA,DELTA",
0.359092,2026-09-05T18:45:20.790+01:00,85276,1144137,1144,1144,True,True,0x0F,"OK,OK,OK,OK","DELTA,DELTA,DELTA,DELTA",
0.363778,2026-09-05T18:45:20.791+01:00,86420,1144138,1192,1192,True,True,0x0F,"OK,OK,OK,OK","DELTA,DELTA,DELTA,DELTA",
0.368680,2026-09-05T18:45:20.796+01:00,87612,1144139,1096,1096,True,True,0x0F,"OK,OK,OK,OK","DELTA,DELTA,DELTA,DELTA",
0.375851,2026-09-05T18:45:20.800+01:00,88708,1144140,946,946,True,True,0x0F,"OK,OK,OK,OK","DELTA,DELTA,DELTA,DELTA",
0.378928,2026-09-05T18:45:20.808+01:00,89654,1144141,1130,1130,True,True,0x0F,"OK,OK,OK,OK","DELTA,DELTA,DELTA,DELTA",
0.383694,2026-09-05T18:45:20.810+01:00,90784,1144142,1230,1230,True,True,0x0F,"OK,OK,OK,OK","DELTA,DELTA,DELTA,DELTA",
0.392412,2026-09-05T18:45:20.815+01:00,92014,1144143,1180,1180,True,True,0x0F,"OK,OK,OK,OK","DELTA,DELTA,DELTA,DELTA",
0.393739,2026-09-05T18:45:20.824+01:00,93194,1144144,1018,1018,True,True,0x0F,"OK,OK,OK,OK","DELTA,DELTA,DELTA,DELTA",
0.399042,2026-09-05T18:45:20.825+01:00,94212,1144145,1220,1220,True,True,0x0F,"OK,OK,OK,OK","DELTA,DELTA,DELTA,DELTA",
0.404473,2026-09-05T18:45:20.831+01:00,95432,1144146,1218,1218,True,True,0x0F,"OK,OK,OK,OK","DELTA,DELTA,DELTA,DELTA",
0.410009,2026-09-05T18:45:20.838+01:00,96650,1144147,1182,1182,True,True,0x0F,"OK,OK,OK,OK","DELTA,DELTA,DELTA,DELTA",
0.413791,2026-09-05T18:45:20.842+01:00,97832,1144148,954,954,True,True,0x0F,"OK,OK,OK,OK","DELTA,DELTA,DELTA,DELTA",
0.418442,2026-09-05T18:45:20.845+01:00,98786,1144149,1040,1040,True,True,0x0F,"OK,OK,OK,OK","DELTA,DELTA,DELTA,DELTA",
0.426195,2026-09-05T18:45:20.850+01:00,99826,1144150,1198,1198,True,True,0x0F,"OK,OK,OK,OK","DELTA,DELTA,DELTA,DELTA",
0.428468,2026-09-05T18:45:20.858+01:00,101024,1144151,1090,1090,True,True,0x0F,"OK,OK,OK,OK","DELTA,DELTA,DELTA,DELTA",
0.433686,2026-09-05T18:45:20.860+01:00,102114,1144152,932,932,True,True,0x0F,"OK,OK,OK,OK","DELTA,DELTA,DELTA,DELTA",
0.442698,2026-09-05T18:45:20.865+01:00,103046,1144153,1114,1114,True,True,0x0F,"OK,OK,OK,OK","DELTA,DELTA,DELTA,DELTA",
0.443687,2026-09-05T18:45:20.874+01:00,104160,1144154,1276,1276,True,True,0x0F,"OK,OK,OK,OK","DELTA,DELTA,DELTA,DELTA",
0.448597,2026-09-05T18:45:20.875+01:00,105436,1144155,1162,1162,True,True,0x0F,"OK,OK,OK,OK","DELTA,DELTA,DELTA,DELTA",
0.453310,2026-09-05T18:45:20.880+01:00,106598,1144156,1032,1032,True,True,0x0F,"OK,OK,OK,OK","DELTA,DELTA,DELTA,DELTA",
0.460100,2026-09-05T18:45:20.885+01:00,107630,1144157,1184,1184,True,True,0x0F,"OK,OK,OK,OK","DELTA,DELTA,DELTA,DELTA",
0.463688,2026-09-05T18:45:20.892+01:00,108814,1144158,1124,1124,True,True,0x0F,"OK,OK,OK,OK","DELTA,DELTA,DELTA,DELTA",
0.468552,2026-09-05T18:45:20.895+01:00,109938,1144159,1146,1146,True,True,0x0F,"OK,OK,OK,OK","DELTA,DELTA,DELTA,DELTA",
0.473521,2026-09-05T18:45:20.900+01:00,111084,1144160,984,984,True,True,0x0F,"OK,OK,OK,OK","DELTA,DELTA,DELTA,DELTA",
0.478597,2026-09-05T18:45:20.905+01:00,112068,1144161,1168,1168,True,True,0x0F,"OK,OK,OK,OK","DELTA,DELTA,DELTA,DELTA",
0.483413,2026-09-05T18:45:20.910+01:00,113236,1144162,1264,1264,True,True,0x0F,"OK,OK,OK,OK","DELTA,DELTA,DELTA,DELTA",
0.488297,2026-09-05T18:45:20.915+01:00,114500,1144163,1158,1158,True,True,0x0F,"OK,OK,OK,OK","DELTA,DELTA,DELTA,DELTA",
0.499293,2026-09-05T18:45:20.920+01:00,115658,1144164,1034,1034,True,True,0x0F,"OK,OK,OK,OK","DELTA,DELTA,DELTA,DELTA",
0.499984,2026-09-05T18:45:20.931+01:00,116692,1144165,1160,1160,True,True,0x0F,"OK,OK,OK,OK","DELTA,DELTA,DELTA,DELTA",
0.512690,2026-09-05T18:45:20.932+01:00,117852,1144166,1200,1200,True,True,0x0F,"OK,OK,OK,OK","DELTA,DELTA,DELTA,DELTA",
0.513883,2026-09-05T18:45:20.944+01:00,119052,1144167,1244,1244,True,True,0x0F,"OK,OK,OK,OK","DELTA,DELTA,DELTA,DELTA",
0.514791,2026-09-05T18:45:20.945+01:00,120296,1144168,922,922,True,True,0x0F,"OK,OK,OK,OK","DELTA,DELTA,DELTA,DELTA",
0.518453,2026-09-05T18:45:20.946+01:00,121218,1144169,1216,1216,True,True,0x0F,"OK,OK,OK,OK","DELTA,DELTA,DELTA,DELTA",
0.523587,2026-09-05T18:45:20.950+01:00,122434,1144170,1276,1276,True,True,0x0F,"OK,OK,OK,OK","DELTA,DELTA,DELTA,DELTA",
0.531991,2026-09-05T18:45:20.955+01:00,123710,1144171,1110,1110,True,True,0x0F,"OK,OK,OK,OK","DELTA,DELTA,DELTA,DELTA",
0.533263,2026-09-05T18:45:20.964+01:00,124820,1144172,1108,1108,True,True,0x0F,"OK,OK,OK,OK","DELTA,DELTA,DELTA,DELTA",
0.538741,2026-09-05T18:45:20.965+01:00,125928,1144173,1212,1212,True,True,0x0F,"OK,OK,OK,OK","DELTA,DELTA,DELTA,DELTA",
0.548599,2026-09-05T18:45:20.970+01:00,127140,1144174,1218,1218,True,True,0x0F,"OK,OK,OK,OK","DELTA,DELTA,DELTA,DELTA",
0.549487,2026-09-05T18:45:20.980+01:00,128358,1144175,1216,1216,True,True,0x0F,"OK,OK,OK,OK","DELTA,DELTA,DELTA,DELTA",
0.553316,2026-09-05T18:45:20.981+01:00,129574,1144176,996,996,True,True,0x0F,"OK,OK,OK,OK","DELTA,DELTA,DELTA,DELTA",
0.558340,2026-09-05T18:45:20.985+01:00,130570,1144177,1156,1156,True,True,0x0F,"OK,OK,OK,OK","DELTA,DELTA,DELTA,DELTA",
0.565888,2026-09-05T18:45:20.990+01:00,131726,1144178,1180,1180,True,True,0x0F,"OK,OK,OK,OK","DELTA,DELTA,DELTA,DELTA",
0.568253,2026-09-05T18:45:20.997+01:00,132906,1144179,1090,1090,True,True,0x0F,"OK,OK,OK,OK","DELTA,DELTA,DELTA,DELTA",
0.573265,2026-09-05T18:45:21.000+01:00,133996,1144180,1020,1020,True,True,0x0F,"OK,OK,OK,OK","DELTA,DELTA,DELTA,DELTA",
0.582791,2026-09-05T18:45:21.005+01:00,135016,1144181,1256,1256,True,True,0x0F,"OK,OK,OK,OK","DELTA,DELTA,DELTA,DELTA",
0.583766,2026-09-05T18:45:21.014+01:00,136272,1144182,1148,1148,True,True,0x0F,"OK,OK,OK,OK","DELTA,DELTA,DELTA,DELTA",
0.588431,2026-09-05T18:45:21.015+01:00,137420,1144183,1180,1180,True,True,0x0F,"OK,OK,OK,OK","DELTA,DELTA,DELTA,DELTA",
0.593212,2026-09-05T18:45:21.020+01:00,138600,1144184,1060,1060,True,True,0x0F,"OK,OK,OK,OK","DELTA,DELTA,DELTA,DELTA",
0.600243,2026-09-05T18:45:21.025+01:00,139660,1144185,1110,1110,True,True,0x0F,"OK,OK,OK,OK","DELTA,DELTA,DELTA,DELTA",
0.603203,2026-09-05T18:45:21.032+01:00,140770,1144186,1124,1124,True,True,0x0F,"OK,OK,OK,OK","DELTA,DELTA,DELTA,DELTA",
0.608134,2026-09-05T18:45:21.035+01:00,141894,1144187,1064,1064,True,True,0x0F,"OK,OK,OK,OK","DELTA,DELTA,DELTA,DELTA",
0.616663,2026-09-05T18:45:21.040+01:00,142958,1144188,980,980,True,True,0x0F,"OK,OK,OK,OK","DELTA,DELTA,DELTA,DELTA",
0.618202,2026-09-05T18:45:21.048+01:00,143938,1144189,1146,1146,True,True,0x0F,"OK,OK,OK,OK","DELTA,DELTA,DELTA,DELTA",
0.623219,2026-09-05T18:45:21.050+01:00,145084,1144190,1234,1234,True,True,0x0F,"OK,OK,OK,OK","DELTA,DELTA,DELTA,DELTA",
0.629917,2026-09-05T18:45:21.055+01:00,146318,1144191,1158,1158,True,True,0x0F,"OK,OK,OK,OK","DELTA,DELTA,DELTA,DELTA",
0.634643,2026-09-05T18:45:21.063+01:00,147476,1144192,986,986,True,True,0x0F,"OK,OK,OK,OK","DELTA,DELTA,DELTA,DELTA",
0.638376,2026-09-05T18:45:21.066+01:00,148462,1144193,1152,1152,True,True,0x0F,"OK,OK,OK,OK","DELTA,DELTA,DELTA,DELTA",
0.643399,2026-09-05T18:45:21.070+01:00,149614,1144194,1224,1224,True,True,0x0F,"OK,OK,OK,OK","DELTA,DELTA,DELTA,DELTA",
0.648829,2026-09-05T18:45:21.075+01:00,150838,1144195,1166,1166,True,True,0x0F,"OK,OK,OK,OK","DELTA,DELTA,DELTA,DELTA",
0.653701,2026-09-05T18:45:21.080+01:00,152004,1144196,964,964,True,True,0x0F,"OK,OK,OK,OK","DELTA,DELTA,DELTA,DELTA",
0.658279,2026-09-05T18:45:21.085+01:00,152968,1144197,1134,1134,True,True,0x0F,"OK,OK,OK,OK","DELTA,DELTA,DELTA,DELTA",
0.662935,2026-09-05T18:45:21.090+01:00,154102,1144198,1218,1218,True,True,0x0F,"OK,OK,OK,OK","DELTA,DELTA,DELTA,DELTA",
0.677105,2026-09-05T18:45:21.094+01:00,155320,1144199,1138,1138,True,True,0x0F,"OK,OK,OK,OK","DELTA,DELTA,DELTA,DELTA",
0.678083,2026-09-05T18:45:21.109+01:00,156458,1144200,1000,1000,True,True,0x0F,"OK,OK,OK,OK","DELTA,DELTA,DELTA,DELTA",
0.679452,2026-09-05T18:45:21.110+01:00,157458,1144201,1130,1130,True,True,0x0F,"OK,OK,OK,OK","DELTA,DELTA,DELTA,DELTA",
0.683325,2026-09-05T18:45:21.111+01:00,158588,1144202,1174,1174,True,True,0x0F,"OK,OK,OK,OK","DELTA,DELTA,DELTA,DELTA",
0.688129,2026-09-05T18:45:21.115+01:00,159762,1144203,1126,1126,True,True,0x0F,"OK,OK,OK,OK","DELTA,DELTA,DELTA,DELTA",
0.694894,2026-09-05T18:45:21.120+01:00,160888,1144204,1000,1000,True,True,0x0F,"OK,OK,OK,OK","DELTA,DELTA,DELTA,DELTA",
0.698165,2026-09-05T18:45:21.126+01:00,161888,1144205,1192,1192,True,True,0x0F,"OK,OK,OK,OK","DELTA,DELTA,DELTA,DELTA",
0.703058,2026-09-05T18:45:21.130+01:00,163080,1144206,1192,1192,True,True,0x0F,"OK,OK,OK,OK","DELTA,DELTA,DELTA,DELTA",
0.711529,2026-09-05T18:45:21.135+01:00,164272,1144207,1166,1166,True,True,0x0F,"OK,OK,OK,OK","DELTA,DELTA,DELTA,DELTA",
0.713823,2026-09-05T18:45:21.143+01:00,165438,1144208,1050,1050,True,True,0x0F,"OK,OK,OK,OK","DELTA,DELTA,DELTA,DELTA",
0.718136,2026-09-05T18:45:21.146+01:00,166488,1144209,1176,1176,True,True,0x0F,"OK,OK,OK,OK","DELTA,DELTA,DELTA,DELTA",
0.729091,2026-09-05T18:45:21.150+01:00,167664,1144210,1166,1166,True,True,0x0F,"OK,OK,OK,OK","DELTA,DELTA,DELTA,DELTA",
0.730055,2026-09-05T18:45:21.161+01:00,168830,1144211,1168,1168,True,True,0x0F,"OK,OK,OK,OK","DELTA,DELTA,DELTA,DELTA",
0.732929,2026-09-05T18:45:21.162+01:00,169998,1144212,970,970,True,True,0x0F,"OK,OK,OK,OK","DELTA,DELTA,DELTA,DELTA",
0.737915,2026-09-05T18:45:21.164+01:00,170968,1144213,1180,1180,True,True,0x0F,"OK,OK,OK,OK","DELTA,DELTA,DELTA,DELTA",
0.746453,2026-09-05T18:45:21.169+01:00,172148,1144214,1190,1190,True,True,0x0F,"OK,OK,OK,OK","DELTA,DELTA,DELTA,DELTA",
0.748109,2026-09-05T18:45:21.178+01:00,173338,1144215,1112,1112,True,True,0x0F,"OK,OK,OK,OK","DELTA,DELTA,DELTA,DELTA",
0.753132,2026-09-05T18:45:21.180+01:00,174450,1144216,968,968,True,True,0x0F,"OK,OK,OK,OK","DELTA,DELTA,DELTA,DELTA",
0.763570,2026-09-05T18:45:21.185+01:00,175418,1144217,1314,1314,True,True,0x0F,"OK,OK,OK,OK","DELTA,DELTA,DELTA,DELTA",
0.764537,2026-09-05T18:45:21.195+01:00,176732,1144218,1212,1212,True,True,0x0F,"OK,OK,OK,OK","DELTA,DELTA,DELTA,DELTA",
0.767948,2026-09-05T18:45:21.196+01:00,177944,1144219,1194,1194,True,True,0x0F,"OK,OK,OK,OK","DELTA,DELTA,DELTA,DELTA",
0.772822,2026-09-05T18:45:21.200+01:00,179138,1144220,872,872,True,True,0x0F,"OK,OK,OK,OK","DELTA,DELTA,DELTA,DELTA",
0.781241,2026-09-05T18:45:21.204+01:00,180010,1144221,1102,1102,True,True,0x0F,"OK,OK,OK,OK","DELTA,DELTA,DELTA,DELTA",
0.782837,2026-09-05T18:45:21.213+01:00,181112,1144222,1160,1160,True,True,0x0F,"OK,OK,OK,OK","DELTA,DELTA,DELTA,DELTA",
0.787913,2026-09-05T18:45:21.214+01:00,182272,1144223,1076,1076,True,True,0x0F,"OK,OK,OK,OK","DELTA,DELTA,DELTA,DELTA",
0.797716,2026-09-05T18:45:21.220+01:00,183348,1144224,1026,1026,True,True,0x0F,"OK,OK,OK,OK","DELTA,DELTA,DELTA,DELTA",
0.798644,2026-09-05T18:45:21.229+01:00,184374,1144225,1132,1132,True,True,0x0F,"OK,OK,OK,OK","DELTA,DELTA,DELTA,DELTA",
0.802782,2026-09-05T18:45:21.230+01:00,185506,1144226,1190,1190,True,True,0x0F,"OK,OK,OK,OK","DELTA,DELTA,DELTA,DELTA",
0.807698,2026-09-05T18:45:21.234+01:00,186696,1144227,1164,1164,True,True,0x0F,"OK,OK,OK,OK","DELTA,DELTA,DELTA,DELTA",
0.812978,2026-09-05T18:45:21.239+01:00,187860,1144228,912,912,True,True,0x0F,"OK,OK,OK,OK","DELTA,DELTA,DELTA,DELTA",
0.817995,2026-09-05T18:45:21.244+01:00,188772,1144229,1136,1136,True,True,0x0F,"OK,OK,OK,OK","DELTA,DELTA,DELTA,DELTA",
0.823018,2026-09-05T18:45:21.250+01:00,189908,1144230,1120,1120,True,True,0x0F,"OK,OK,OK,OK","DELTA,DELTA,DELTA,DELTA",
0.827475,2026-09-05T18:45:21.255+01:00,191028,1144231,1148,1148,True,True,0x0F,"OK,OK,OK,OK","DELTA,DELTA,DELTA,DELTA",
0.836039,2026-09-05T18:45:21.259+01:00,192176,1144232,978,978,True,True,0x0F,"OK,OK,OK,OK","DELTA,DELTA,DELTA,DELTA",
0.838137,2026-09-05T18:45:21.268+01:00,193154,1144233,1172,1172,True,True,0x0F,"OK,OK,OK,OK","DELTA,DELTA,DELTA,DELTA",
0.850042,2026-09-05T18:45:21.274+01:00,194326,1144234,1222,1222,True,True,0x0F,"OK,OK,OK,OK","DELTA,DELTA,DELTA,DELTA",
0.851098,2026-09-05T18:45:21.282+01:00,195548,1144235,1254,1254,True,True,0x0F,"OK,OK,OK,OK","DELTA,DELTA,DELTA,DELTA",
0.852592,2026-09-05T18:45:21.283+01:00,196802,1144236,916,916,True,True,0x0F,"OK,OK,OK,OK","DELTA,DELTA,DELTA,DELTA",
0.857998,2026-09-05T18:45:21.284+01:00,197718,1144237,1156,1156,True,True,0x0F,"OK,OK,OK,OK","DELTA,DELTA,DELTA,DELTA",
0.867817,2026-09-05T18:45:21.290+01:00,198874,1144238,1226,1226,True,True,0x0F,"OK,OK,OK,OK","DELTA,DELTA,DELTA,DELTA",
0.868842,2026-09-05T18:45:21.299+01:00,200100,1144239,1144,1144,True,True,0x0F,"OK,OK,OK,OK","DELTA,DELTA,DELTA,DELTA",
0.872793,2026-09-05T18:45:21.300+01:00,201244,1144240,944,944,True,True,0x0F,"OK,OK,OK,OK","DELTA,DELTA,DELTA,DELTA",
0.877447,2026-09-05T18:45:21.304+01:00,202188,1144241,1212,1212,True,True,0x0F,"OK,OK,OK,OK","DELTA,DELTA,DELTA,DELTA",
0.884829,2026-09-05T18:45:21.316+01:00,203400,1144242,1136,1136,True,True,0x0F,"OK,OK,OK,OK","DELTA,DELTA,DELTA,DELTA",
0.887490,2026-09-05T18:45:21.316+01:00,204536,1144243,1146,1146,True,True,0x0F,"OK,OK,OK,OK","DELTA,DELTA,DELTA,DELTA",
0.892566,2026-09-05T18:45:21.319+01:00,205682,1144244,1070,1070,True,True,0x0F,"OK,OK,OK,OK","DELTA,DELTA,DELTA,DELTA",
0.900806,2026-09-05T18:45:21.324+01:00,206752,1144245,1056,1056,True,True,0x0F,"OK,OK,OK,OK","DELTA,DELTA,DELTA,DELTA",
0.902719,2026-09-05T18:45:21.332+01:00,207808,1144246,1150,1150,True,True,0x0F,"OK,OK,OK,OK","DELTA,DELTA,DELTA,DELTA",
0.907837,2026-09-05T18:45:21.334+01:00,208958,1144247,1230,1230,True,True,0x0F,"OK,OK,OK,OK","DELTA,DELTA,DELTA,DELTA",
0.917732,2026-09-05T18:45:21.339+01:00,210188,1144248,974,974,True,True,0x0F,"OK,OK,OK,OK","DELTA,DELTA,DELTA,DELTA",
0.919424,2026-09-05T18:45:21.350+01:00,211162,1144249,1058,1058,True,True,0x0F,"OK,OK,OK,OK","DELTA,DELTA,DELTA,DELTA",
0.922781,2026-09-05T18:45:21.351+01:00,212220,1144250,1228,1228,True,True,0x0F,"OK,OK,OK,OK","DELTA,DELTA,DELTA,DELTA",
0.927904,2026-09-05T18:45:21.354+01:00,213448,1144251,1134,1134,True,True,0x0F,"OK,OK,OK,OK","DELTA,DELTA,DELTA,DELTA",
0.936125,2026-09-05T18:45:21.359+01:00,214582,1144252,916,916,True,True,0x0F,"OK,OK,OK,OK","DELTA,DELTA,DELTA,DELTA",
0.937716,2026-09-05T18:45:21.368+01:00,215498,1144253,1180,1180,True,True,0x0F,"OK,OK,OK,OK","DELTA,DELTA,DELTA,DELTA",
0.942661,2026-09-05T18:45:21.369+01:00,216678,1144254,1172,1172,True,True,0x0F,"OK,OK,OK,OK","DELTA,DELTA,DELTA,DELTA",
0.952803,2026-09-05T18:45:21.374+01:00,217850,1144255,1172,1172,True,True,0x0F,"OK,OK,OK,OK","DELTA,DELTA,DELTA,DELTA",
0.953709,2026-09-05T18:45:21.384+01:00,219022,1144256,992,992,True,True,0x0F,"OK,OK,OK,OK","DELTA,DELTA,DELTA,DELTA",
0.957507,2026-09-05T18:45:21.385+01:00,220014,1144257,1148,1148,True,True,0x0F,"OK,OK,OK,OK","DELTA,DELTA,DELTA,DELTA",
0.962828,2026-09-05T18:45:21.389+01:00,221162,1144258,1308,1308,True,True,0x0F,"OK,OK,OK,OK","DELTA,DELTA,DELTA,DELTA",
0.970798,2026-09-05T18:45:21.394+01:00,222470,1144259,1136,1136,True,True,0x0F,"OK,OK,OK,OK","DELTA,DELTA,DELTA,DELTA",
0.972460,2026-09-05T18:45:21.402+01:00,223606,1144260,966,966,True,True,0x0F,"OK,OK,OK,OK","DELTA,DELTA,DELTA,DELTA",
0.977376,2026-09-05T18:45:21.404+01:00,224572,1144261,1044,1044,True,True,0x0F,"OK,OK,OK,OK","DELTA,DELTA,DELTA,DELTA",
0.982696,2026-09-05T18:45:21.409+01:00,225616,1144262,1132,1132,True,True,0x0F,"OK,OK,OK,OK","DELTA,DELTA,DELTA,DELTA",
0.987497,2026-09-05T18:45:21.414+01:00,226748,1144263,1184,1184,True,True,0x0F,"OK,OK,OK,OK","DELTA,DELTA,DELTA,DELTA",
0.992197,2026-09-05T18:45:21.419+01:00,227932,1144264,972,972,True,True,0x0F,"OK,OK,OK,OK","DELTA,DELTA,DELTA,DELTA",
0.997404,2026-09-05T18:45:21.424+01:00,228904,1144265,1108,1108,True,True,0x0F,"OK,OK,OK,OK","DELTA,DELTA,DELTA,DELTA",
1.002610,2026-09-05T18:45:21.429+01:00,230012,1144266,1090,1090,True,True,0x0F,"OK,OK,OK,OK","DELTA,DELTA,DELTA,DELTA",
1.011555,2026-09-05T18:45:21.434+01:00,231102,1144267,1142,1142,True,True,0x0F,"OK,OK,OK,OK","DELTA,DELTA,DELTA,DELTA",
1.017023,2026-09-05T18:45:21.444+01:00,232244,1144268,962,962,True,True,0x0F,"OK,OK,OK,OK","DELTA,DELTA,DELTA,DELTA",
1.018133,2026-09-05T18:45:21.449+01:00,233206,1144269,1132,1132,True,True,0x0F,"OK,OK,OK,OK","DELTA,DELTA,DELTA,DELTA",
1.022379,2026-09-05T18:45:21.450+01:00,234338,1144270,1188,1188,True,True,0x0F,"OK,OK,OK,OK","DELTA,DELTA,DELTA,DELTA",
1.027152,2026-09-05T18:45:21.454+01:00,235526,1144271,1094,1094,True,True,0x0F,"OK,OK,OK,OK","DELTA,DELTA,DELTA,DELTA",
1.034351,2026-09-05T18:45:21.459+01:00,236620,1144272,980,980,True,True,0x0F,"OK,OK,OK,OK","DELTA,DELTA,DELTA,DELTA",
1.037414,2026-09-05T18:45:21.466+01:00,237600,1144273,1166,1166,True,True,0x0F,"OK,OK,OK,OK","DELTA,DELTA,DELTA,DELTA",
1.042177,2026-09-05T18:45:21.469+01:00,238766,1144274,1300,1300,True,True,0x0F,"OK,OK,OK,OK","DELTA,DELTA,DELTA,DELTA",
1.050956,2026-09-05T18:45:21.474+01:00,240066,1144275,1240,1240,True,True,0x0F,"OK,OK,OK,OK","DELTA,DELTA,DELTA,DELTA",
1.052248,2026-09-05T18:45:21.482+01:00,241306,1144276,1028,1028,True,True,0x0F,"OK,OK,OK,OK","DELTA,DELTA,DELTA,DELTA",
1.056958,2026-09-05T18:45:21.484+01:00,242334,1144277,1098,1098,True,True,0x0F,"OK,OK,OK,OK","DELTA,DELTA,DELTA,DELTA",
1.068053,2026-09-05T18:45:21.489+01:00,243432,1144278,1208,1208,True,True,0x0F,"OK,OK,OK,OK","DELTA,DELTA,DELTA,DELTA",
1.069048,2026-09-05T18:45:21.500+01:00,244640,1144279,1166,1166,True,True,0x0F,"OK,OK,OK,OK","DELTA,DELTA,DELTA,DELTA",
1.072338,2026-09-05T18:45:21.501+01:00,245806,1144280,950,950,True,True,0x0F,"OK,OK,OK,OK","DELTA,DELTA,DELTA,DELTA",
1.077135,2026-09-05T18:45:21.504+01:00,246756,1144281,1100,1100,True,True,0x0F,"OK,OK,OK,OK","DELTA,DELTA,DELTA,DELTA",
1.085694,2026-09-05T18:45:21.509+01:00,247856,1144282,1188,1188,True,True,0x0F,"OK,OK,OK,OK","DELTA,DELTA,DELTA,DELTA",
1.087198,2026-09-05T18:45:21.517+01:00,249044,1144283,1178,1178,True,True,0x0F,"OK,OK,OK,OK","DELTA,DELTA,DELTA,DELTA",
1.092230,2026-09-05T18:45:21.519+01:00,250222,1144284,942,942,True,True,0x0F,"OK,OK,OK,OK","DELTA,DELTA,DELTA,DELTA",
1.101921,2026-09-05T18:45:21.524+01:00,251164,1144285,1074,1074,True,True,0x0F,"OK,OK,OK,OK","DELTA,DELTA,DELTA,DELTA",
1.102857,2026-09-05T18:45:21.533+01:00,252238,1144286,1196,1196,True,True,0x0F,"OK,OK,OK,OK","DELTA,DELTA,DELTA,DELTA",
1.107222,2026-09-05T18:45:21.534+01:00,253434,1144287,1240,1240,True,True,0x0F,"OK,OK,OK,OK","DELTA,DELTA,DELTA,DELTA",
1.112190,2026-09-05T18:45:21.539+01:00,254674,1144288,1022,1022,True,True,0x0F,"OK,OK,OK,OK","DELTA,DELTA,DELTA,DELTA",
1.118886,2026-09-05T18:45:21.544+01:00,255696,1144289,1152,1152,True,True,0x0F,"OK,OK,OK,OK","DELTA,DELTA,DELTA,DELTA",
1.122250,2026-09-05T18:45:21.550+01:00,256848,1144290,1082,1082,True,True,0x0F,"OK,OK,OK,OK","DELTA,DELTA,DELTA,DELTA",
1.127102,2026-09-05T18:45:21.554+01:00,257930,1144291,1242,1242,True,True,0x0F,"OK,OK,OK,OK","DELTA,DELTA,DELTA,DELTA",
1.134936,2026-09-05T18:45:21.559+01:00,259172,1144292,890,890,True,True,0x0F,"OK,OK,OK,OK","DELTA,DELTA,DELTA,DELTA",
1.137634,2026-09-05T18:45:21.566+01:00,260062,1144293,1052,1052,True,True,0x0F,"OK,OK,OK,OK","DELTA,DELTA,DELTA,DELTA",
1.142274,2026-09-05T18:45:21.569+01:00,261114,1144294,1250,1250,True,True,0x0F,"OK,OK,OK,OK","DELTA,DELTA,DELTA,DELTA",
1.148136,2026-09-05T18:45:21.574+01:00,262364,1144295,1254,1254,True,True,0x0F,"OK,OK,OK,OK","DELTA,DELTA,DELTA,DELTA",
1.152485,2026-09-05T18:45:21.580+01:00,263618,1144296,988,988,True,True,0x0F,"OK,OK,OK,OK","DELTA,DELTA,DELTA,DELTA",
1.157017,2026-09-05T18:45:21.584+01:00,264606,1144297,1084,1084,True,True,0x0F,"OK,OK,OK,OK","DELTA,DELTA,DELTA,DELTA",
1.161704,2026-09-05T18:45:21.589+01:00,265690,1144298,1146,1146,True,True,0x0F,"OK,OK,OK,OK","DELTA,DELTA,DELTA,DELTA",
1.174331,2026-09-05T18:45:21.593+01:00,266836,1144299,1190,1190,True,True,0x0F,"OK,OK,OK,OK","DELTA,DELTA,DELTA,DELTA",
1.175346,2026-09-05T18:45:21.606+01:00,268026,1144300,956,956,True,True,0x0F,"OK,OK,OK,OK","DELTA,DELTA,DELTA,DELTA",
1.187677,2026-09-05T18:45:21.610+01:00,268982,1144301,1086,1086,True,True,0x0F,"OK,OK,OK,OK","DELTA,DELTA,DELTA,DELTA",
1.188724,2026-09-05T18:45:21.619+01:00,270068,1144302,1154,1154,True,True,0x0F,"OK,OK,OK,OK","DELTA,DELTA,DELTA,DELTA",
1.189723,2026-09-05T18:45:21.620+01:00,271222,1144303,1186,1186,True,True,0x0F,"OK,OK,OK,OK","DELTA,DELTA,DELTA,DELTA",
1.192156,2026-09-05T18:45:21.621+01:00,272408,1144304,1104,1104,True,True,0x0F,"OK,OK,OK,OK","DELTA,DELTA,DELTA,DELTA",
1.197138,2026-09-05T18:45:21.624+01:00,273512,1144305,4216,4216,True,True,0x0F,"OK,OK,OK,OK","DELTA_SYNC,DELTA_SYNC,DELTA_SYNC,DELTA_SYNC",
1.206187,2026-09-05T18:45:21.629+01:00,277728,1144306,1226,1226,True,True,0x0F,"OK,OK,OK,OK","DELTA,DELTA,DELTA,DELTA",
1.207152,2026-09-05T18:45:21.638+01:00,278954,1144307,1266,1266,True,True,0x0F,"OK,OK,OK,OK","DELTA,DELTA,DELTA,DELTA",
1.211821,2026-09-05T18:45:21.639+01:00,280220,1144308,936,936,True,True,0x0F,"OK,OK,OK,OK","DELTA,DELTA,DELTA,DELTA",
1.222423,2026-09-05T18:45:21.643+01:00,281156,1144309,1186,1186,True,True,0x0F,"OK,OK,OK,OK","DELTA,DELTA,DELTA,DELTA",
1.223469,2026-09-05T18:45:21.654+01:00,282342,1144310,1196,1196,True,True,0x0F,"OK,OK,OK,OK","DELTA,DELTA,DELTA,DELTA",
1.226943,2026-09-05T18:45:21.655+01:00,283538,1144311,1204,1204,True,True,0x0F,"OK,OK,OK,OK","DELTA,DELTA,DELTA,DELTA",
1.232149,2026-09-05T18:45:21.658+01:00,284742,1144312,1068,1068,True,True,0x0F,"OK,OK,OK,OK","DELTA,DELTA,DELTA,DELTA",
1.240176,2026-09-05T18:45:21.664+01:00,285810,1144313,1060,1060,True,True,0x0F,"OK,OK,OK,OK","DELTA,DELTA,DELTA,DELTA",
1.241843,2026-09-05T18:45:21.672+01:00,286870,1144314,1212,1212,True,True,0x0F,"OK,OK,OK,OK","DELTA,DELTA,DELTA,DELTA",
1.246808,2026-09-05T18:45:21.673+01:00,288082,1144315,1212,1212,True,True,0x0F,"OK,OK,OK,OK","DELTA,DELTA,DELTA,DELTA",
1.256353,2026-09-05T18:45:21.678+01:00,289294,1144316,996,996,True,True,0x0F,"OK,OK,OK,OK","DELTA,DELTA,DELTA,DELTA",
1.257240,2026-09-05T18:45:21.688+01:00,290290,1144317,1050,1050,True,True,0x0F,"OK,OK,OK,OK","DELTA,DELTA,DELTA,DELTA",
1.261963,2026-09-05T18:45:21.689+01:00,291340,1144318,1260,1260,True,True,0x0F,"OK,OK,OK,OK","DELTA,DELTA,DELTA,DELTA",
1.266773,2026-09-05T18:45:21.693+01:00,292600,1144319,1202,1202,True,True,0x0F,"OK,OK,OK,OK","DELTA,DELTA,DELTA,DELTA",
1.273269,2026-09-05T18:45:21.698+01:00,293802,1144320,1024,1024,True,True,0x0F,"OK,OK,OK,OK","DELTA,DELTA,DELTA,DELTA",
1.276737,2026-09-05T18:45:21.705+01:00,294826,1144321,1148,1148,True,True,0x0F,"OK,OK,OK,OK","DELTA,DELTA,DELTA,DELTA",
1.282305,2026-09-05T18:45:21.708+01:00,295974,1144322,1184,1184,True,True,0x0F,"OK,OK,OK,OK","DELTA,DELTA,DELTA,DELTA",
1.289887,2026-09-05T18:45:21.714+01:00,297158,1144323,1206,1206,True,True,0x0F,"OK,OK,OK,OK","DELTA,DELTA,DELTA,DELTA",
1.291778,2026-09-05T18:45:21.721+01:00,298364,1144324,976,976,True,True,0x0F,"OK,OK,OK,OK","DELTA,DELTA,DELTA,DELTA",
1.297217,2026-09-05T18:45:21.723+01:00,299340,1144325,1110,1110,True,True,0x0F,"OK,OK,OK,OK","DELTA,DELTA,DELTA,DELTA",
1.306863,2026-09-05T18:45:21.729+01:00,300450,1144326,1118,1118,True,True,0x0F,"OK,OK,OK,OK","DELTA,DELTA,DELTA,DELTA",
1.307767,2026-09-05T18:45:21.738+01:00,301568,1144327,1094,1094,True,True,0x0F,"OK,OK,OK,OK","DELTA,DELTA,DELTA,DELTA",
1.312069,2026-09-05T18:45:21.739+01:00,302662,1144328,942,942,True,True,0x0F,"OK,OK,OK,OK","DELTA,DELTA,DELTA,DELTA",
1.316424,2026-09-05T18:45:21.744+01:00,303604,1144329,1048,1048,True,True,0x0F,"OK,OK,OK,OK","DELTA,DELTA,DELTA,DELTA",
1.321588,2026-09-05T18:45:21.748+01:00,304652,1144330,1128,1128,True,True,0x0F,"OK,OK,OK,OK","DELTA,DELTA,DELTA,DELTA",
1.326425,2026-09-05T18:45:21.753+01:00,305780,1144331,1144,1144,True,True,0x0F,"OK,OK,OK,OK","DELTA,DELTA,DELTA,DELTA",
1.331300,2026-09-05T18:45:21.758+01:00,306924,1144332,944,944,True,True,0x0F,"OK,OK,OK,OK","DELTA,DELTA,DELTA,DELTA",
1.336242,2026-09-05T18:45:21.763+01:00,307868,1144333,982,982,True,True,0x0F,"OK,OK,OK,OK","DELTA,DELTA,DELTA,DELTA",
1.346067,2026-09-05T18:45:21.768+01:00,308850,1144334,1128,1128,True,True,0x0F,"OK,OK,OK,OK","DELTA,DELTA,DELTA,DELTA",
1.349827,2026-09-05T18:45:21.781+01:00,309978,1144335,1164,1164,True,True,0x0F,"OK,OK,OK,OK","DELTA,DELTA,DELTA,DELTA",
1.351449,2026-09-05T18:45:21.781+01:00,311142,1144336,976,976,True,True,0x0F,"OK,OK,OK,OK","DELTA,DELTA,DELTA,DELTA",
1.357130,2026-09-05T18:45:21.783+01:00,312118,1144337,1036,1036,True,True,0x0F,"OK,OK,OK,OK","DELTA,DELTA,DELTA,DELTA",
1.367250,2026-09-05T18:45:21.789+01:00,313154,1144338,1148,1148,True,True,0x0F,"OK,OK,OK,OK","DELTA,DELTA,DELTA,DELTA",
1.368171,2026-09-05T18:45:21.799+01:00,314302,1144339,1092,1092,True,True,0x0F,"OK,OK,OK,OK","DELTA,DELTA,DELTA,DELTA",
1.371665,2026-09-05T18:45:21.800+01:00,315394,1144340,880,880,True,True,0x0F,"OK,OK,OK,OK","DELTA,DELTA,DELTA,DELTA",
1.376446,2026-09-05T18:45:21.803+01:00,316274,1144341,1096,1096,True,True,0x0F,"OK,OK,OK,OK","DELTA,DELTA,DELTA,DELTA",
1.384558,2026-09-05T18:45:21.808+01:00,317370,1144342,1276,1276,True,True,0x0F,"OK,OK,OK,OK","DELTA,DELTA,DELTA,DELTA",
1.387619,2026-09-05T18:45:21.816+01:00,318646,1144343,1258,1258,True,True,0x0F,"OK,OK,OK,OK","DELTA,DELTA,DELTA,DELTA",
1.392728,2026-09-05T18:45:21.819+01:00,319904,1144344,916,916,True,True,0x0F,"OK,OK,OK,OK","DELTA,DELTA,DELTA,DELTA",
1.396438,2026-09-05T18:45:21.824+01:00,320820,1144345,1068,1068,True,True,0x0F,"OK,OK,OK,OK","DELTA,DELTA,DELTA,DELTA",
1.403710,2026-09-05T18:45:21.828+01:00,321888,1144346,1244,1244,True,True,0x0F,"OK,OK,OK,OK","DELTA,DELTA,DELTA,DELTA",
1.407005,2026-09-05T18:45:21.835+01:00,323132,1144347,1176,1176,True,True,0x0F,"OK,OK,OK,OK","DELTA,DELTA,DELTA,DELTA",
1.411393,2026-09-05T18:45:21.839+01:00,324308,1144348,920,920,True,True,0x0F,"OK,OK,OK,OK","DELTA,DELTA,DELTA,DELTA",
1.420766,2026-09-05T18:45:21.843+01:00,325228,1144349,1034,1034,True,True,0x0F,"OK,OK,OK,OK","DELTA,DELTA,DELTA,DELTA",
1.422123,2026-09-05T18:45:21.852+01:00,326262,1144350,1122,1122,True,True,0x0F,"OK,OK,OK,OK","DELTA,DELTA,DELTA,DELTA",
1.426698,2026-09-05T18:45:21.854+01:00,327384,1144351,1202,1202,True,True,0x0F,"OK,OK,OK,OK","DELTA,DELTA,DELTA,DELTA",
1.431391,2026-09-05T18:45:21.859+01:00,328586,1144352,1042,1042,True,True,0x0F,"OK,OK,OK,OK","DELTA,DELTA,DELTA,DELTA",
1.438064,2026-09-05T18:45:21.863+01:00,329628,1144353,1040,1040,True,True,0x0F,"OK,OK,OK,OK","DELTA,DELTA,DELTA,DELTA",
1.441286,2026-09-05T18:45:21.870+01:00,330668,1144354,1162,1162,True,True,0x0F,"OK,OK,OK,OK","DELTA,DELTA,DELTA,DELTA",
1.446506,2026-09-05T18:45:21.873+01:00,331830,1144355,1178,1178,True,True,0x0F,"OK,OK,OK,OK","DELTA,DELTA,DELTA,DELTA",
1.454377,2026-09-05T18:45:21.878+01:00,333008,1144356,952,952,True,True,0x0F,"OK,OK,OK,OK","DELTA,DELTA,DELTA,DELTA",
1.456111,2026-09-05T18:45:21.886+01:00,333960,1144357,1052,1052,True,True,0x0F,"OK,OK,OK,OK","DELTA,DELTA,DELTA,DELTA",
1.461421,2026-09-05T18:45:21.888+01:00,335012,1144358,1190,1190,True,True,0x0F,"OK,OK,OK,OK","DELTA,DELTA,DELTA,DELTA",
1.470746,2026-09-05T18:45:21.893+01:00,336202,1144359,1192,1192,True,True,0x0F,"OK,OK,OK,OK","DELTA,DELTA,DELTA,DELTA",
1.471638,2026-09-05T18:45:21.902+01:00,337394,1144360,950,950,True,True,0x0F,"OK,OK,OK,OK","DELTA,DELTA,DELTA,DELTA",
1.476274,2026-09-05T18:45:21.903+01:00,338344,1144361,1048,1048,True,True,0x0F,"OK,OK,OK,OK","DELTA,DELTA,DELTA,DELTA",
1.482274,2026-09-05T18:45:21.908+01:00,339392,1144362,1146,1146,True,True,0x0F,"OK,OK,OK,OK","DELTA,DELTA,DELTA,DELTA",
1.486616,2026-09-05T18:45:21.914+01:00,340538,1144363,1152,1152,True,True,0x0F,"OK,OK,OK,OK","DELTA,DELTA,DELTA,DELTA",
1.490952,2026-09-05T18:45:21.918+01:00,341690,1144364,966,966,True,True,0x0F,"OK,OK,OK,OK","DELTA,DELTA,DELTA,DELTA",
1.496898,2026-09-05T18:45:21.922+01:00,342656,1144365,1026,1026,True,True,0x0F,"OK,OK,OK,OK","DELTA,DELTA,DELTA,DELTA",
1.508220,2026-09-05T18:45:21.929+01:00,343682,1144366,1152,1152,True,True,0x0F,"OK,OK,OK,OK","DELTA,DELTA,DELTA,DELTA",
1.508893,2026-09-05T18:45:21.940+01:00,344834,1144367,1208,1208,True,True,0x0F,"OK,OK,OK,OK","DELTA,DELTA,DELTA,DELTA",
1.521155,2026-09-05T18:45:21.940+01:00,346042,1144368,1030,1030,True,True,0x0F,"OK,OK,OK,OK","DELTA,DELTA,DELTA,DELTA",
1.522133,2026-09-05T18:45:21.953+01:00,347072,1144369,1032,1032,True,True,0x0F,"OK,OK,OK,OK","DELTA,DELTA,DELTA,DELTA",
1.523051,2026-09-05T18:45:21.954+01:00,348104,1144370,1266,1266,True,True,0x0F,"OK,OK,OK,OK","DELTA,DELTA,DELTA,DELTA",
1.527291,2026-09-05T18:45:21.955+01:00,349370,1144371,1160,1160,True,True,0x0F,"OK,OK,OK,OK","DELTA,DELTA,DELTA,DELTA",
1.531041,2026-09-05T18:45:21.959+01:00,350530,1144372,982,982,True,True,0x0F,"OK,OK,OK,OK","DELTA,DELTA,DELTA,DELTA",
1.539386,2026-09-05T18:45:21.963+01:00,351512,1144373,1084,1084,True,True,0x0F,"OK,OK,OK,OK","DELTA,DELTA,DELTA,DELTA",
1.541361,2026-09-05T18:45:21.971+01:00,352596,1144374,1204,1204,True,True,0x0F,"OK,OK,OK,OK","DELTA,DELTA,DELTA,DELTA",
1.546548,2026-09-05T18:45:21.973+01:00,353800,1144375,1212,1212,True,True,0x0F,"OK,OK,OK,OK","DELTA,DELTA,DELTA,DELTA",
1.557200,2026-09-05T18:45:21.978+01:00,355012,1144376,970,970,True,True,0x0F,"OK,OK,OK,OK","DELTA,DELTA,DELTA,DELTA",
1.558125,2026-09-05T18:45:21.989+01:00,355982,1144377,948,948,True,True,0x0F,"OK,OK,OK,OK","DELTA,DELTA,DELTA,DELTA",
1.561683,2026-09-05T18:45:21.990+01:00,356930,1144378,1232,1232,True,True,0x0F,"OK,OK,OK,OK","DELTA,DELTA,DELTA,DELTA",
1.566364,2026-09-05T18:45:21.993+01:00,358162,1144379,1224,1224,True,True,0x0F,"OK,OK,OK,OK","DELTA,DELTA,DELTA,DELTA",
1.573954,2026-09-05T18:45:21.998+01:00,359386,1144380,922,922,True,True,0x0F,"OK,OK,OK,OK","DELTA,DELTA,DELTA,DELTA",
1.576021,2026-09-05T18:45:22.005+01:00,360308,1144381,948,948,True,True,0x0F,"OK,OK,OK,OK","DELTA,DELTA,DELTA,DELTA",
1.581329,2026-09-05T18:45:22.008+01:00,361256,1144382,1210,1210,True,True,0x0F,"OK,OK,OK,OK","DELTA,DELTA,DELTA,DELTA",
1.590841,2026-09-05T18:45:22.013+01:00,362466,1144383,1274,1274,True,True,0x0F,"OK,OK,OK,OK","DELTA,DELTA,DELTA,DELTA",
1.591689,2026-09-05T18:45:22.022+01:00,363740,1144384,1010,1010,True,True,0x0F,"OK,OK,OK,OK","DELTA,DELTA,DELTA,DELTA",
1.596150,2026-09-05T18:45:22.023+01:00,364750,1144385,1058,1058,True,True,0x0F,"OK,OK,OK,OK","DELTA,DELTA,DELTA,DELTA",
1.604163,2026-09-05T18:45:22.028+01:00,365808,1144386,1212,1212,True,True,0x0F,"OK,OK,OK,OK","DELTA,DELTA,DELTA,DELTA",
1.607966,2026-09-05T18:45:22.036+01:00,367020,1144387,1234,1234,True,True,0x0F,"OK,OK,OK,OK","DELTA,DELTA,DELTA,DELTA",
1.611121,2026-09-05T18:45:22.039+01:00,368254,1144388,1004,1004,True,True,0x0F,"OK,OK,OK,OK","DELTA,DELTA,DELTA,DELTA",
1.615999,2026-09-05T18:45:22.043+01:00,369258,1144389,1036,1036,True,True,0x0F,"OK,OK,OK,OK","DELTA,DELTA,DELTA,DELTA",
1.624899,2026-09-05T18:45:22.048+01:00,370294,1144390,1162,1162,True,True,0x0F,"OK,OK,OK,OK","DELTA,DELTA,DELTA,DELTA",
1.626197,2026-09-05T18:45:22.056+01:00,371456,1144391,1206,1206,True,True,0x0F,"OK,OK,OK,OK","DELTA,DELTA,DELTA,DELTA",
1.631019,2026-09-05T18:45:22.058+01:00,372662,1144392,990,990,True,True,0x0F,"OK,OK,OK,OK","DELTA,DELTA,DELTA,DELTA",
1.641323,2026-09-05T18:45:22.063+01:00,373652,1144393,986,986,True,True,0x0F,"OK,OK,OK,OK","DELTA,DELTA,DELTA,DELTA",
1.642230,2026-09-05T18:45:22.073+01:00,374638,1144394,1270,1270,True,True,0x0F,"OK,OK,OK,OK","DELTA,DELTA,DELTA,DELTA",
1.646266,2026-09-05T18:45:22.074+01:00,375908,1144395,1216,1216,True,True,0x0F,"OK,OK,OK,OK","DELTA,DELTA,DELTA,DELTA",
1.650943,2026-09-05T18:45:22.078+01:00,377124,1144396,972,972,True,True,0x0F,"OK,OK,OK,OK","DELTA,DELTA,DELTA,DELTA",
1.656273,2026-09-05T18:45:22.082+01:00,378096,1144397,970,970,True,True,0x0F,"OK,OK,OK,OK","DELTA,DELTA,DELTA,DELTA",
1.660949,2026-09-05T18:45:22.088+01:00,379066,1144398,1146,1146,True,True,0x0F,"OK,OK,OK,OK","DELTA,DELTA,DELTA,DELTA",
1.666404,2026-09-05T18:45:22.092+01:00,380212,1144399,1124,1124,True,True,0x0F,"OK,OK,OK,OK","DELTA,DELTA,DELTA,DELTA",
1.670749,2026-09-05T18:45:22.098+01:00,381336,1144400,936,936,True,True,0x0F,"OK,OK,OK,OK","DELTA,DELTA,DELTA,DELTA",
1.682685,2026-09-05T18:45:22.102+01:00,382272,1144401,934,934,True,True,0x0F,"OK,OK,OK,OK","DELTA,DELTA,DELTA,DELTA",
1.683779,2026-09-05T18:45:22.114+01:00,383206,1144402,1178,1178,True,True,0x0F,"OK,OK,OK,OK","DELTA,DELTA,DELTA,DELTA",
1.686158,2026-09-05T18:45:22.115+01:00,384384,1144403,1162,1162,True,True,0x0F,"OK,OK,OK,OK","DELTA,DELTA,DELTA,DELTA",
1.690998,2026-09-05T18:45:22.118+01:00,385546,1144404,972,972,True,True,0x0F,"OK,OK,OK,OK","DELTA,DELTA,DELTA,DELTA",
1.699815,2026-09-05T18:45:22.123+01:00,386518,1144405,984,984,True,True,0x0F,"OK,OK,OK,OK","DELTA,DELTA,DELTA,DELTA",
1.701173,2026-09-05T18:45:22.131+01:00,387502,1144406,1020,1020,True,True,0x0F,"OK,OK,OK,OK","DELTA,DELTA,DELTA,DELTA",
1.706283,2026-09-05T18:45:22.133+01:00,388522,1144407,1206,1206,True,True,0x0F,"OK,OK,OK,OK","DELTA,DELTA,DELTA,DELTA",
1.716044,2026-09-05T18:45:22.138+01:00,389728,1144408,978,978,True,True,0x0F,"OK,OK,OK,OK","DELTA,DELTA,DELTA,DELTA",
1.717131,2026-09-05T18:45:22.148+01:00,390706,1144409,914,914,True,True,0x0F,"OK,OK,OK,OK","DELTA,DELTA,DELTA,DELTA",
1.721125,2026-09-05T18:45:22.149+01:00,391620,1144410,1190,1190,True,True,0x0F,"OK,OK,OK,OK","DELTA,DELTA,DELTA,DELTA",
1.726159,2026-09-05T18:45:22.153+01:00,392810,1144411,1196,1196,True,True,0x0F,"OK,OK,OK,OK","DELTA,DELTA,DELTA,DELTA",
1.733035,2026-09-05T18:45:22.158+01:00,394006,1144412,928,928,True,True,0x0F,"OK,OK,OK,OK","DELTA,DELTA,DELTA,DELTA",
1.735927,2026-09-05T18:45:22.165+01:00,394934,1144413,1010,1010,True,True,0x0F,"OK,OK,OK,OK","DELTA,DELTA,DELTA,DELTA",
1.741136,2026-09-05T18:45:22.167+01:00,395944,1144414,1160,1160,True,True,0x0F,"OK,OK,OK,OK","DELTA,DELTA,DELTA,DELTA",
1.750791,2026-09-05T18:45:22.173+01:00,397104,1144415,1180,1180,True,True,0x0F,"OK,OK,OK,OK","DELTA,DELTA,DELTA,DELTA",
1.751659,2026-09-05T18:45:22.182+01:00,398284,1144416,946,946,True,True,0x0F,"OK,OK,OK,OK","DELTA,DELTA,DELTA,DELTA",
1.755928,2026-09-05T18:45:22.183+01:00,399230,1144417,1000,1000,True,True,0x0F,"OK,OK,OK,OK","DELTA,DELTA,DELTA,DELTA",
1.760943,2026-09-05T18:45:22.187+01:00,400230,1144418,1062,1062,True,True,0x0F,"OK,OK,OK,OK","DELTA,DELTA,DELTA,DELTA",
1.767644,2026-09-05T18:45:22.192+01:00,401292,1144419,1152,1152,True,True,0x0F,"OK,OK,OK,OK","DELTA,DELTA,DELTA,DELTA",
1.770654,2026-09-05T18:45:22.199+01:00,402444,1144420,972,972,True,True,0x0F,"OK,OK,OK,OK","DELTA,DELTA,DELTA,DELTA",
1.775737,2026-09-05T18:45:22.202+01:00,403416,1144421,984,984,True,True,0x0F,"OK,OK,OK,OK","DELTA,DELTA,DELTA,DELTA",
1.783859,2026-09-05T18:45:22.207+01:00,404400,1144422,1084,1084,True,True,0x0F,"OK,OK,OK,OK","DELTA,DELTA,DELTA,DELTA",
1.785868,2026-09-05T18:45:22.215+01:00,405484,1144423,1118,1118,True,True,0x0F,"OK,OK,OK,OK","DELTA,DELTA,DELTA,DELTA",
1.790864,2026-09-05T18:45:22.217+01:00,406602,1144424,988,988,True,True,0x0F,"OK,OK,OK,OK","DELTA,DELTA,DELTA,DELTA",
1.800211,2026-09-05T18:45:22.222+01:00,407590,1144425,1030,1030,True,True,0x0F,"OK,OK,OK,OK","DELTA,DELTA,DELTA,DELTA",
1.801360,2026-09-05T18:45:22.232+01:00,408620,1144426,1200,1200,True,True,0x0F,"OK,OK,OK,OK","DELTA,DELTA,DELTA,DELTA",
1.805941,2026-09-05T18:45:22.233+01:00,409820,1144427,1140,1140,True,True,0x0F,"OK,OK,OK,OK","DELTA,DELTA,DELTA,DELTA",
1.811864,2026-09-05T18:45:22.238+01:00,410960,1144428,966,966,True,True,0x0F,"OK,OK,OK,OK","DELTA,DELTA,DELTA,DELTA",
1.816291,2026-09-05T18:45:22.243+01:00,411926,1144429,950,950,True,True,0x0F,"OK,OK,OK,OK","DELTA,DELTA,DELTA,DELTA",
1.820713,2026-09-05T18:45:22.248+01:00,412876,1144430,1084,1084,True,True,0x0F,"OK,OK,OK,OK","DELTA,DELTA,DELTA,DELTA",
1.825701,2026-09-05T18:45:22.252+01:00,413960,1144431,1112,1112,True,True,0x0F,"OK,OK,OK,OK","DELTA,DELTA,DELTA,DELTA",
1.837213,2026-09-05T18:45:22.257+01:00,415072,1144432,950,950,True,True,0x0F,"OK,OK,OK,OK","DELTA,DELTA,DELTA,DELTA",
1.837855,2026-09-05T18:45:22.269+01:00,416022,1144433,896,896,True,True,0x0F,"OK,OK,OK,OK","DELTA,DELTA,DELTA,DELTA",
1.848250,2026-09-05T18:45:22.269+01:00,416918,1144434,1092,1092,True,True,0x0F,"OK,OK,OK,OK","DELTA,DELTA,DELTA,DELTA",
1.851757,2026-09-05T18:45:22.280+01:00,418010,1144435,1118,1118,True,True,0x0F,"OK,OK,OK,OK","DELTA,DELTA,DELTA,DELTA",
1.852728,2026-09-05T18:45:22.283+01:00,419128,1144436,998,998,True,True,0x0F,"OK,OK,OK,OK","DELTA,DELTA,DELTA,DELTA",
1.856010,2026-09-05T18:45:22.284+01:00,420126,1144437,930,930,True,True,0x0F,"OK,OK,OK,OK","DELTA,DELTA,DELTA,DELTA",
1.860841,2026-09-05T18:45:22.288+01:00,421056,1144438,1118,1118,True,True,0x0F,"OK,OK,OK,OK","DELTA,DELTA,DELTA,DELTA",
1.869902,2026-09-05T18:45:22.292+01:00,422174,1144439,1118,1118,True,True,0x0F,"OK,OK,OK,OK","DELTA,DELTA,DELTA,DELTA",
1.870856,2026-09-05T18:45:22.301+01:00,423292,1144440,972,972,True,True,0x0F,"OK,OK,OK,OK","DELTA,DELTA,DELTA,DELTA",
1.875727,2026-09-05T18:45:22.302+01:00,424264,1144441,1000,1000,True,True,0x0F,"OK,OK,OK,OK","DELTA,DELTA,DELTA,DELTA",
1.886721,2026-09-05T18:45:22.307+01:00,425264,1144442,1152,1152,True,True,0x0F,"OK,OK,OK,OK","DELTA,DELTA,DELTA,DELTA",
1.887673,2026-09-05T18:45:22.318+01:00,426416,1144443,1166,1166,True,True,0x0F,"OK,OK,OK,OK","DELTA,DELTA,DELTA,DELTA",
1.890757,2026-09-05T18:45:22.319+01:00,427582,1144444,1064,1064,True,True,0x0F,"OK,OK,OK,OK","DELTA,DELTA,DELTA,DELTA",
1.895900,2026-09-05T18:45:22.322+01:00,428646,1144445,972,972,True,True,0x0F,"OK,OK,OK,OK","DELTA,DELTA,DELTA,DELTA",
1.904686,2026-09-05T18:45:22.327+01:00,429618,1144446,1150,1150,True,True,0x0F,"OK,OK,OK,OK","DELTA,DELTA,DELTA,DELTA",
1.905845,2026-09-05T18:45:22.336+01:00,430768,1144447,1160,1160,True,True,0x0F,"OK,OK,OK,OK","DELTA,DELTA,DELTA,DELTA",
1.910797,2026-09-05T18:45:22.337+01:00,431928,1144448,1046,1046,True,True,0x0F,"OK,OK,OK,OK","DELTA,DELTA,DELTA,DELTA",
1.920798,2026-09-05T18:45:22.342+01:00,432974,1144449,946,946,True,True,0x0F,"OK,OK,OK,OK","DELTA,DELTA,DELTA,DELTA",
1.921671,2026-09-05T18:45:22.352+01:00,433920,1144450,1068,1068,True,True,0x0F,"OK,OK,OK,OK","DELTA,DELTA,DELTA,DELTA",
1.925770,2026-09-05T18:45:22.353+01:00,434988,1144451,1092,1092,True,True,0x0F,"OK,OK,OK,OK","DELTA,DELTA,DELTA,DELTA",
1.930813,2026-09-05T18:45:22.358+01:00,436080,1144452,1060,1060,True,True,0x0F,"OK,OK,OK,OK","DELTA,DELTA,DELTA,DELTA",
1.937574,2026-09-05T18:45:22.362+01:00,437140,1144453,976,976,True,True,0x0F,"OK,OK,OK,OK","DELTA,DELTA,DELTA,DELTA",
1.940612,2026-09-05T18:45:22.369+01:00,438116,1144454,1132,1132,True,True,0x0F,"OK,OK,OK,OK","DELTA,DELTA,DELTA,DELTA",
1.945979,2026-09-05T18:45:22.372+01:00,439248,1144455,1146,1146,True,True,0x0F,"OK,OK,OK,OK","DELTA,DELTA,DELTA,DELTA",
1.954976,2026-09-05T18:45:22.377+01:00,440394,1144456,1076,1076,True,True,0x0F,"OK,OK,OK,OK","DELTA,DELTA,DELTA,DELTA",
1.955772,2026-09-05T18:45:22.386+01:00,441470,1144457,928,928,True,True,0x0F,"OK,OK,OK,OK","DELTA,DELTA,DELTA,DELTA",
1.961085,2026-09-05T18:45:22.387+01:00,442398,1144458,1172,1172,True,True,0x0F,"OK,OK,OK,OK","DELTA,DELTA,DELTA,DELTA",
1.971305,2026-09-05T18:45:22.393+01:00,443570,1144459,1176,1176,True,True,0x0F,"OK,OK,OK,OK","DELTA,DELTA,DELTA,DELTA",
1.972404,2026-09-05T18:45:22.403+01:00,444746,1144460,1030,1030,True,True,0x0F,"OK,OK,OK,OK","DELTA,DELTA,DELTA,DELTA",
1.975855,2026-09-05T18:45:22.404+01:00,445776,1144461,1034,1034,True,True,0x0F,"OK,OK,OK,OK","DELTA,DELTA,DELTA,DELTA",
1.980626,2026-09-05T18:45:22.407+01:00,446810,1144462,1138,1138,True,True,0x0F,"OK,OK,OK,OK","DELTA,DELTA,DELTA,DELTA",
1.986629,2026-09-05T18:45:22.412+01:00,447948,1144463,1104,1104,True,True,0x0F,"OK,OK,OK,OK","DELTA,DELTA,DELTA,DELTA",
1.991503,2026-09-05T18:45:22.418+01:00,449052,1144464,1032,1032,True,True,0x0F,"OK,OK,OK,OK","DELTA,DELTA,DELTA,DELTA",
1.995449,2026-09-05T18:45:22.423+01:00,450084,1144465,958,958,True,True,0x0F,"OK,OK,OK,OK","DELTA,DELTA,DELTA,DELTA",
2.000470,2026-09-05T18:45:22.427+01:00,451042,1144466,1084,1084,True,True,0x0F,"OK,OK,OK,OK","DELTA,DELTA,DELTA,DELTA",
2.013115,2026-09-05T18:45:22.432+01:00,452126,1144467,1102,1102,True,True,0x0F,"OK,OK,OK,OK","DELTA,DELTA,DELTA,DELTA",
2.014116,2026-09-05T18:45:22.445+01:00,453228,1144468,1090,1090,True,True,0x0F,"OK,OK,OK,OK","DELTA,DELTA,DELTA,DELTA",
2.015592,2026-09-05T18:45:22.446+01:00,454318,1144469,984,984,True,True,0x0F,"OK,OK,OK,OK","DELTA,DELTA,DELTA,DELTA",
2.020920,2026-09-05T18:45:22.447+01:00,455302,1144470,1160,1160,True,True,0x0F,"OK,OK,OK,OK","DELTA,DELTA,DELTA,DELTA",
2.030662,2026-09-05T18:45:22.452+01:00,456462,1144471,1154,1154,True,True,0x0F,"OK,OK,OK,OK","DELTA,DELTA,DELTA,DELTA",
2.031576,2026-09-05T18:45:22.462+01:00,457616,1144472,1100,1100,True,True,0x0F,"OK,OK,OK,OK","DELTA,DELTA,DELTA,DELTA",
2.035767,2026-09-05T18:45:22.463+01:00,458716,1144473,952,952,True,True,0x0F,"OK,OK,OK,OK","DELTA,DELTA,DELTA,DELTA",
2.040730,2026-09-05T18:45:22.468+01:00,459668,1144474,1128,1128,True,True,0x0F,"OK,OK,OK,OK","DELTA,DELTA,DELTA,DELTA",
2.047978,2026-09-05T18:45:22.472+01:00,460796,1144475,1180,1180,True,True,0x0F,"OK,OK,OK,OK","DELTA,DELTA,DELTA,DELTA",
2.050941,2026-09-05T18:45:22.479+01:00,461976,1144476,1038,1038,True,True,0x0F,"OK,OK,OK,OK","DELTA,DELTA,DELTA,DELTA",
2.055860,2026-09-05T18:45:22.482+01:00,463014,1144477,840,840,True,True,0x0F,"OK,OK,OK,OK","DELTA,DELTA,DELTA,DELTA",
2.064749,2026-09-05T18:45:22.487+01:00,463854,1144478,1296,1296,True,True,0x0F,"OK,OK,OK,OK","DELTA,DELTA,DELTA,DELTA",
2.065960,2026-09-05T18:45:22.496+01:00,465150,1144479,1178,1178,True,True,0x0F,"OK,OK,OK,OK","DELTA,DELTA,DELTA,DELTA",
2.070811,2026-09-05T18:45:22.497+01:00,466328,1144480,1056,1056,True,True,0x0F,"OK,OK,OK,OK","DELTA,DELTA,DELTA,DELTA",
2.081548,2026-09-05T18:45:22.502+01:00,467384,1144481,1048,1048,True,True,0x0F,"OK,OK,OK,OK","DELTA,DELTA,DELTA,DELTA",
2.082430,2026-09-05T18:45:22.513+01:00,468432,1144482,1136,1136,True,True,0x0F,"OK,OK,OK,OK","DELTA,DELTA,DELTA,DELTA",
2.085689,2026-09-05T18:45:22.514+01:00,469568,1144483,1026,1026,True,True,0x0F,"OK,OK,OK,OK","DELTA,DELTA,DELTA,DELTA",
2.090637,2026-09-05T18:45:22.517+01:00,470594,1144484,1130,1130,True,True,0x0F,"OK,OK,OK,OK","DELTA,DELTA,DELTA,DELTA",
2.098796,2026-09-05T18:45:22.522+01:00,471724,1144485,1074,1074,True,True,0x0F,"OK,OK,OK,OK","DELTA,DELTA,DELTA,DELTA",
2.100638,2026-09-05T18:45:22.530+01:00,472798,1144486,1084,1084,True,True,0x0F,"OK,OK,OK,OK","DELTA,DELTA,DELTA,DELTA",
2.105724,2026-09-05T18:45:22.532+01:00,473882,1144487,1176,1176,True,True,0x0F,"OK,OK,OK,OK","DELTA,DELTA,DELTA,DELTA",
2.115496,2026-09-05T18:45:22.537+01:00,475058,1144488,1042,1042,True,True,0x0F,"OK,OK,OK,OK","DELTA,DELTA,DELTA,DELTA",
2.116603,2026-09-05T18:45:22.547+01:00,476100,1144489,906,906,True,True,0x0F,"OK,OK,OK,OK","DELTA,DELTA,DELTA,DELTA",
2.120816,2026-09-05T18:45:22.548+01:00,477006,1144490,1080,1080,True,True,0x0F,"OK,OK,OK,OK","DELTA,DELTA,DELTA,DELTA",
2.125691,2026-09-05T18:45:22.552+01:00,478086,1144491,1130,1130,True,True,0x0F,"OK,OK,OK,OK","DELTA,DELTA,DELTA,DELTA",
2.132645,2026-09-05T18:45:22.557+01:00,479216,1144492,986,986,True,True,0x0F,"OK,OK,OK,OK","DELTA,DELTA,DELTA,DELTA",
2.135539,2026-09-05T18:45:22.564+01:00,480202,1144493,950,950,True,True,0x0F,"OK,OK,OK,OK","DELTA,DELTA,DELTA,DELTA",
2.140665,2026-09-05T18:45:22.567+01:00,481152,1144494,1258,1258,True,True,0x0F,"OK,OK,OK,OK","DELTA,DELTA,DELTA,DELTA",
2.146743,2026-09-05T18:45:22.572+01:00,482410,1144495,1218,1218,True,True,0x0F,"OK,OK,OK,OK","DELTA,DELTA,DELTA,DELTA",
2.151498,2026-09-05T18:45:22.578+01:00,483628,1144496,1088,1088,True,True,0x0F,"OK,OK,OK,OK","DELTA,DELTA,DELTA,DELTA",
2.155407,2026-09-05T18:45:22.583+01:00,484716,1144497,1032,1032,True,True,0x0F,"OK,OK,OK,OK","DELTA,DELTA,DELTA,DELTA",
2.160365,2026-09-05T18:45:22.587+01:00,485748,1144498,1124,1124,True,True,0x0F,"OK,OK,OK,OK","DELTA,DELTA,DELTA,DELTA",
2.169581,2026-09-05T18:45:22.592+01:00,486872,1144499,1096,1096,True,True,0x0F,"OK,OK,OK,OK","DELTA,DELTA,DELTA,DELTA",
2.170336,2026-09-05T18:45:22.601+01:00,487968,1144500,1066,1066,True,True,0x0F,"OK,OK,OK,OK","DELTA,DELTA,DELTA,DELTA",
2.181971,2026-09-05T18:45:22.602+01:00,489034,1144501,968,968,True,True,0x0F,"OK,OK,OK,OK","DELTA,DELTA,DELTA,DELTA",
2.183222,2026-09-05T18:45:22.614+01:00,490002,1144502,1174,1174,True,True,0x0F,"OK,OK,OK,OK","DELTA,DELTA,DELTA,DELTA",
2.185622,2026-09-05T18:45:22.615+01:00,491176,1144503,1174,1174,True,True,0x0F,"OK,OK,OK,OK","DELTA,DELTA,DELTA,DELTA",
2.190670,2026-09-05T18:45:22.617+01:00,492350,1144504,1046,1046,True,True,0x0F,"OK,OK,OK,OK","DELTA,DELTA,DELTA,DELTA",
2.199480,2026-09-05T18:45:22.622+01:00,493396,1144505,4216,4216,True,True,0x0F,"OK,OK,OK,OK","DELTA_SYNC,DELTA_SYNC,DELTA_SYNC,DELTA_SYNC",
2.200428,2026-09-05T18:45:22.631+01:00,497612,1144506,1230,1230,True,True,0x0F,"OK,OK,OK,OK","DELTA,DELTA,DELTA,DELTA",
2.205713,2026-09-05T18:45:22.632+01:00,498842,1144507,1292,1292,True,True,0x0F,"OK,OK,OK,OK","DELTA,DELTA,DELTA,DELTA",
2.215835,2026-09-05T18:45:22.637+01:00,500134,1144508,1122,1122,True,True,0x0F,"OK,OK,OK,OK","DELTA,DELTA,DELTA,DELTA",
2.216775,2026-09-05T18:45:22.647+01:00,501256,1144509,934,934,True,True,0x0F,"OK,OK,OK,OK","DELTA,DELTA,DELTA,DELTA",
2.220746,2026-09-05T18:45:22.648+01:00,502190,1144510,1148,1148,True,True,0x0F,"OK,OK,OK,OK","DELTA,DELTA,DELTA,DELTA",
2.225536,2026-09-05T18:45:22.652+01:00,503338,1144511,1238,1238,True,True,0x0F,"OK,OK,OK,OK","DELTA,DELTA,DELTA,DELTA",
2.232958,2026-09-05T18:45:22.657+01:00,504576,1144512,1124,1124,True,True,0x0F,"OK,OK,OK,OK","DELTA,DELTA,DELTA,DELTA",
2.235457,2026-09-05T18:45:22.664+01:00,505700,1144513,986,986,True,True,0x0F,"OK,OK,OK,OK","DELTA,DELTA,DELTA,DELTA",
2.240525,2026-09-05T18:45:22.667+01:00,506686,1144514,1218,1218,True,True,0x0F,"OK,OK,OK,OK","DELTA,DELTA,DELTA,DELTA",
2.249850,2026-09-05T18:45:22.677+01:00,507904,1144515,1064,1064,True,True,0x0F,"OK,OK,OK,OK","DELTA,DELTA,DELTA,DELTA",
2.250733,2026-09-05T18:45:22.681+01:00,508968,1144516,1108,1108,True,True,0x0F,"OK,OK,OK,OK","DELTA,DELTA,DELTA,DELTA",
2.255394,2026-09-05T18:45:22.682+01:00,510076,1144517,1018,1018,True,True,0x0F,"OK,OK,OK,OK","DELTA,DELTA,DELTA,DELTA",
2.266182,2026-09-05T18:45:22.687+01:00,511094,1144518,1148,1148,True,True,0x0F,"OK,OK,OK,OK","DELTA,DELTA,DELTA,DELTA",
2.267079,2026-09-05T18:45:22.698+01:00,512242,1144519,1154,1154,True,True,0x0F,"OK,OK,OK,OK","DELTA,DELTA,DELTA,DELTA",
2.270816,2026-09-05T18:45:22.699+01:00,513396,1144520,1152,1152,True,True,0x0F,"OK,OK,OK,OK","DELTA,DELTA,DELTA,DELTA",
2.275580,2026-09-05T18:45:22.702+01:00,514548,1144521,976,976,True,True,0x0F,"OK,OK,OK,OK","DELTA,DELTA,DELTA,DELTA",
2.283485,2026-09-05T18:45:22.707+01:00,515524,1144522,1080,1080,True,True,0x0F,"OK,OK,OK,OK","DELTA,DELTA,DELTA,DELTA",
2.285623,2026-09-05T18:45:22.715+01:00,516604,1144523,1158,1158,True,True,0x0F,"OK,OK,OK,OK","DELTA,DELTA,DELTA,DELTA",
2.290535,2026-09-05T18:45:22.717+01:00,517762,1144524,1082,1082,True,True,0x0F,"OK,OK,OK,OK","DELTA,DELTA,DELTA,DELTA",
2.300036,2026-09-05T18:45:22.722+01:00,518844,1144525,974,974,True,True,0x0F,"OK,OK,OK,OK","DELTA,DELTA,DELTA,DELTA",
2.301399,2026-09-05T18:45:22.732+01:00,519818,1144526,1074,1074,True,True,0x0F,"OK,OK,OK,OK","DELTA,DELTA,DELTA,DELTA",
2.305347,2026-09-05T18:45:22.733+01:00,520892,1144527,1108,1108,True,True,0x0F,"OK,OK,OK,OK","DELTA,DELTA,DELTA,DELTA",
2.310348,2026-09-05T18:45:22.737+01:00,522000,1144528,1154,1154,True,True,0x0F,"OK,OK,OK,OK","DELTA,DELTA,DELTA,DELTA",
2.315742,2026-09-05T18:45:22.742+01:00,523154,1144529,974,974,True,True,0x0F,"OK,OK,OK,OK","DELTA,DELTA,DELTA,DELTA",
2.320394,2026-09-05T18:45:22.747+01:00,524128,1144530,1122,1122,True,True,0x0F,"OK,OK,OK,OK","DELTA,DELTA,DELTA,DELTA",
2.325340,2026-09-05T18:45:22.752+01:00,525250,1144531,1138,1138,True,True,0x0F,"OK,OK,OK,OK","DELTA,DELTA,DELTA,DELTA",
2.338587,2026-09-05T18:45:22.757+01:00,526388,1144532,1170,1170,True,True,0x0F,"OK,OK,OK,OK","DELTA,DELTA,DELTA,DELTA",
2.343272,2026-09-05T18:45:22.772+01:00,527558,1144533,954,954,True,True,0x0F,"OK,OK,OK,OK","DELTA,DELTA,DELTA,DELTA",
2.344250,2026-09-05T18:45:22.775+01:00,528512,1144534,1202,1202,True,True,0x0F,"OK,OK,OK,OK","DELTA,DELTA,DELTA,DELTA",
2.345188,2026-09-05T18:45:22.776+01:00,529714,1144535,1128,1128,True,True,0x0F,"OK,OK,OK,OK","DELTA,DELTA,DELTA,DELTA",
2.350274,2026-09-05T18:45:22.777+01:00,530842,1144536,994,994,True,True,0x0F,"OK,OK,OK,OK","DELTA,DELTA,DELTA,DELTA",
2.360502,2026-09-05T18:45:22.782+01:00,531836,1144537,1066,1066,True,True,0x0F,"OK,OK,OK,OK","DELTA,DELTA,DELTA,DELTA",
2.361383,2026-09-05T18:45:22.792+01:00,532902,1144538,1062,1062,True,True,0x0F,"OK,OK,OK,OK","DELTA,DELTA,DELTA,DELTA",
2.365314,2026-09-05T18:45:22.793+01:00,533964,1144539,1218,1218,True,True,0x0F,"OK,OK,OK,OK","DELTA,DELTA,DELTA,DELTA",
2.370277,2026-09-05T18:45:22.797+01:00,535182,1144540,1142,1142,True,True,0x0F,"OK,OK,OK,OK","DELTA,DELTA,DELTA,DELTA",
2.377837,2026-09-05T18:45:22.802+01:00,536324,1144541,922,922,True,True,0x0F,"OK,OK,OK,OK","DELTA,DELTA,DELTA,DELTA",
2.380482,2026-09-05T18:45:22.809+01:00,537246,1144542,1180,1180,True,True,0x0F,"OK,OK,OK,OK","DELTA,DELTA,DELTA,DELTA",
2.385174,2026-09-05T18:45:22.812+01:00,538426,1144543,1162,1162,True,True,0x0F,"OK,OK,OK,OK","DELTA,DELTA,DELTA,DELTA",
2.394014,2026-09-05T18:45:22.817+01:00,539588,1144544,1086,1086,True,True,0x0F,"OK,OK,OK,OK","DELTA,DELTA,DELTA,DELTA",
2.395075,2026-09-05T18:45:22.826+01:00,540674,1144545,968,968,True,True,0x0F,"OK,OK,OK,OK","DELTA,DELTA,DELTA,DELTA",
2.400029,2026-09-05T18:45:22.827+01:00,541642,1144546,1138,1138,True,True,0x0F,"OK,OK,OK,OK","DELTA,DELTA,DELTA,DELTA",
2.405044,2026-09-05T18:45:22.832+01:00,542780,1144547,1070,1070,True,True,0x0F,"OK,OK,OK,OK","DELTA,DELTA,DELTA,DELTA",
2.412134,2026-09-05T18:45:22.837+01:00,543850,1144548,1164,1164,True,True,0x0F,"OK,OK,OK,OK","DELTA,DELTA,DELTA,DELTA",
2.414965,2026-09-05T18:45:22.844+01:00,545014,1144549,930,930,True,True,0x0F,"OK,OK,OK,OK","DELTA,DELTA,DELTA,DELTA",
2.420121,2026-09-05T18:45:22.847+01:00,545944,1144550,1086,1086,True,True,0x0F,"OK,OK,OK,OK","DELTA,DELTA,DELTA,DELTA",
2.428232,2026-09-05T18:45:22.852+01:00,547030,1144551,1040,1040,True,True,0x0F,"OK,OK,OK,OK","DELTA,DELTA,DELTA,DELTA",
2.430020,2026-09-05T18:45:22.860+01:00,548070,1144552,1074,1074,True,True,0x0F,"OK,OK,OK,OK","DELTA,DELTA,DELTA,DELTA",
2.435136,2026-09-05T18:45:22.862+01:00,549144,1144553,978,978,True,True,0x0F,"OK,OK,OK,OK","DELTA,DELTA,DELTA,DELTA",
2.445474,2026-09-05T18:45:22.867+01:00,550122,1144554,1136,1136,True,True,0x0F,"OK,OK,OK,OK","DELTA,DELTA,DELTA,DELTA",
2.446492,2026-09-05T18:45:22.877+01:00,551258,1144555,1248,1248,True,True,0x0F,"OK,OK,OK,OK","DELTA,DELTA,DELTA,DELTA",
2.450398,2026-09-05T18:45:22.878+01:00,552506,1144556,1138,1138,True,True,0x0F,"OK,OK,OK,OK","DELTA,DELTA,DELTA,DELTA",
2.454791,2026-09-05T18:45:22.882+01:00,553644,1144557,814,814,True,True,0x0F,"OK,OK,OK,OK","DELTA,DELTA,DELTA,DELTA",
2.462422,2026-09-05T18:45:22.886+01:00,554458,1144558,1120,1120,True,True,0x0F,"OK,OK,OK,OK","DELTA,DELTA,DELTA,DELTA",
2.465194,2026-09-05T18:45:22.894+01:00,555578,1144559,1168,1168,True,True,0x0F,"OK,OK,OK,OK","DELTA,DELTA,DELTA,DELTA",
2.470100,2026-09-05T18:45:22.897+01:00,556746,1144560,1008,1008,True,True,0x0F,"OK,OK,OK,OK","DELTA,DELTA,DELTA,DELTA",
2.475422,2026-09-05T18:45:22.902+01:00,557754,1144561,842,842,True,True,0x0F,"OK,OK,OK,OK","DELTA,DELTA,DELTA,DELTA",
2.480253,2026-09-05T18:45:22.907+01:00,558596,1144562,1086,1086,True,True,0x0F,"OK,OK,OK,OK","DELTA,DELTA,DELTA,DELTA",
2.484729,2026-09-05T18:45:22.912+01:00,559682,1144563,1096,1096,True,True,0x0F,"OK,OK,OK,OK","DELTA,DELTA,DELTA,DELTA",
2.490295,2026-09-05T18:45:22.916+01:00,560778,1144564,1072,1072,True,True,0x0F,"OK,OK,OK,OK","DELTA,DELTA,DELTA,DELTA",
2.500418,2026-09-05T18:45:22.922+01:00,561850,1144565,946,946,True,True,0x0F,"OK,OK,OK,OK","DELTA,DELTA,DELTA,DELTA",
2.501097,2026-09-05T18:45:22.932+01:00,562796,1144566,1198,1198,True,True,0x0F,"OK,OK,OK,OK","DELTA,DELTA,DELTA,DELTA",
2.513442,2026-09-05T18:45:22.933+01:00,563994,1144567,1218,1218,True,True,0x0F,"OK,OK,OK,OK","DELTA,DELTA,DELTA,DELTA",
2.514468,2026-09-05T18:45:22.945+01:00,565212,1144568,1156,1156,True,True,0x0F,"OK,OK,OK,OK","DELTA,DELTA,DELTA,DELTA",
2.515592,2026-09-05T18:45:22.946+01:00,566368,1144569,952,952,True,True,0x0F,"OK,OK,OK,OK","DELTA,DELTA,DELTA,DELTA",
2.520260,2026-09-05T18:45:22.947+01:00,567320,1144570,1186,1186,True,True,0x0F,"OK,OK,OK,OK","DELTA,DELTA,DELTA,DELTA",
2.524832,2026-09-05T18:45:22.952+01:00,568506,1144571,1180,1180,True,True,0x0F,"OK,OK,OK,OK","DELTA,DELTA,DELTA,DELTA",
2.531602,2026-09-05T18:45:22.956+01:00,569686,1144572,1120,1120,True,True,0x0F,"OK,OK,OK,OK","DELTA,DELTA,DELTA,DELTA",
2.534950,2026-09-05T18:45:22.963+01:00,570806,1144573,936,936,True,True,0x0F,"OK,OK,OK,OK","DELTA,DELTA,DELTA,DELTA",
2.539782,2026-09-05T18:45:22.967+01:00,571742,1144574,1118,1118,True,True,0x0F,"OK,OK,OK,OK","DELTA,DELTA,DELTA,DELTA",
2.548534,2026-09-05T18:45:22.971+01:00,572860,1144575,1072,1072,True,True,0x0F,"OK,OK,OK,OK","DELTA,DELTA,DELTA,DELTA",
2.549727,2026-09-05T18:45:22.980+01:00,573932,1144576,1098,1098,True,True,0x0F,"OK,OK,OK,OK","DELTA,DELTA,DELTA,DELTA",
2.554916,2026-09-05T18:45:22.981+01:00,575030,1144577,952,952,True,True,0x0F,"OK,OK,OK,OK","DELTA,DELTA,DELTA,DELTA",
2.564747,2026-09-05T18:45:22.986+01:00,575982,1144578,1054,1054,True,True,0x0F,"OK,OK,OK,OK","DELTA,DELTA,DELTA,DELTA",
2.565635,2026-09-05T18:45:22.996+01:00,577036,1144579,1170,1170,True,True,0x0F,"OK,OK,OK,OK","DELTA,DELTA,DELTA,DELTA",
2.570051,2026-09-05T18:45:22.997+01:00,578206,1144580,1134,1134,True,True,0x0F,"OK,OK,OK,OK","DELTA,DELTA,DELTA,DELTA",
2.574507,2026-09-05T18:45:23.002+01:00,579340,1144581,856,856,True,True,0x0F,"OK,OK,OK,OK","DELTA,DELTA,DELTA,DELTA",
2.581300,2026-09-05T18:45:23.006+01:00,580196,1144582,1086,1086,True,True,0x0F,"OK,OK,OK,OK","DELTA,DELTA,DELTA,DELTA",
2.584805,2026-09-05T18:45:23.013+01:00,581282,1144583,1068,1068,True,True,0x0F,"OK,OK,OK,OK","DELTA,DELTA,DELTA,DELTA",
2.589797,2026-09-05T18:45:23.016+01:00,582350,1144584,1180,1180,True,True,0x0F,"OK,OK,OK,OK","DELTA,DELTA,DELTA,DELTA",
2.597655,2026-09-05T18:45:23.022+01:00,583530,1144585,972,972,True,True,0x0F,"OK,OK,OK,OK","DELTA,DELTA,DELTA,DELTA",
2.599653,2026-09-05T18:45:23.029+01:00,584502,1144586,1258,1258,True,True,0x0F,"OK,OK,OK,OK","DELTA,DELTA,DELTA,DELTA",
2.604963,2026-09-05T18:45:23.031+01:00,585760,1144587,1206,1206,True,True,0x0F,"OK,OK,OK,OK","DELTA,DELTA,DELTA,DELTA",
2.614281,2026-09-05T18:45:23.036+01:00,586966,1144588,1188,1188,True,True,0x0F,"OK,OK,OK,OK","DELTA,DELTA,DELTA,DELTA",
2.615194,2026-09-05T18:45:23.046+01:00,588154,1144589,964,964,True,True,0x0F,"OK,OK,OK,OK","DELTA,DELTA,DELTA,DELTA",
2.619953,2026-09-05T18:45:23.047+01:00,589118,1144590,1102,1102,True,True,0x0F,"OK,OK,OK,OK","DELTA,DELTA,DELTA,DELTA",
2.630486,2026-09-05T18:45:23.052+01:00,590220,1144591,1146,1146,True,True,0x0F,"OK,OK,OK,OK","DELTA,DELTA,DELTA,DELTA",
2.631402,2026-09-05T18:45:23.062+01:00,591366,1144592,1158,1158,True,True,0x0F,"OK,OK,OK,OK","DELTA,DELTA,DELTA,DELTA",
2.634628,2026-09-05T18:45:23.063+01:00,592524,1144593,1024,1024,True,True,0x0F,"OK,OK,OK,OK","DELTA,DELTA,DELTA,DELTA",
2.639670,2026-09-05T18:45:23.066+01:00,593548,1144594,1244,1244,True,True,0x0F,"OK,OK,OK,OK","DELTA,DELTA,DELTA,DELTA",
2.645462,2026-09-05T18:45:23.071+01:00,594792,1144595,1212,1212,True,True,0x0F,"OK,OK,OK,OK","DELTA,DELTA,DELTA,DELTA",
2.650345,2026-09-05T18:45:23.077+01:00,596004,1144596,1202,1202,True,True,0x0F,"OK,OK,OK,OK","DELTA,DELTA,DELTA,DELTA",
2.654298,2026-09-05T18:45:23.082+01:00,597206,1144597,966,966,True,True,0x0F,"OK,OK,OK,OK","DELTA,DELTA,DELTA,DELTA",
2.659527,2026-09-05T18:45:23.086+01:00,598172,1144598,1142,1142,True,True,0x0F,"OK,OK,OK,OK","DELTA,DELTA,DELTA,DELTA",
2.672545,2026-09-05T18:45:23.091+01:00,599314,1144599,1216,1216,True,True,0x0F,"OK,OK,OK,OK","DELTA,DELTA,DELTA,DELTA",
2.673539,2026-09-05T18:45:23.104+01:00,600530,1144600,1106,1106,True,True,0x0F,"OK,OK,OK,OK","DELTA,DELTA,DELTA,DELTA",
2.674398,2026-09-05T18:45:23.105+01:00,601636,1144601,948,948,True,True,0x0F,"OK,OK,OK,OK","DELTA,DELTA,DELTA,DELTA",
2.679822,2026-09-05T18:45:23.106+01:00,602584,1144602,1158,1158,True,True,0x0F,"OK,OK,OK,OK","DELTA,DELTA,DELTA,DELTA",
2.690583,2026-09-05T18:45:23.111+01:00,603742,1144603,1188,1188,True,True,0x0F,"OK,OK,OK,OK","DELTA,DELTA,DELTA,DELTA",
2.691478,2026-09-05T18:45:23.122+01:00,604930,1144604,1096,1096,True,True,0x0F,"OK,OK,OK,OK","DELTA,DELTA,DELTA,DELTA",
2.694597,2026-09-05T18:45:23.123+01:00,606026,1144605,962,962,True,True,0x0F,"OK,OK,OK,OK","DELTA,DELTA,DELTA,DELTA",
2.699567,2026-09-05T18:45:23.126+01:00,606988,1144606,1138,1138,True,True,0x0F,"OK,OK,OK,OK","DELTA,DELTA,DELTA,DELTA",
2.707353,2026-09-05T18:45:23.131+01:00,608126,1144607,1188,1188,True,True,0x0F,"OK,OK,OK,OK","DELTA,DELTA,DELTA,DELTA",
2.709591,2026-09-05T18:45:23.139+01:00,609314,1144608,1182,1182,True,True,0x0F,"OK,OK,OK,OK","DELTA,DELTA,DELTA,DELTA",
2.714622,2026-09-05T18:45:23.141+01:00,610496,1144609,1002,1002,True,True,0x0F,"OK,OK,OK,OK","DELTA,DELTA,DELTA,DELTA",
2.725662,2026-09-05T18:45:23.146+01:00,611498,1144610,1066,1066,True,True,0x0F,"OK,OK,OK,OK","DELTA,DELTA,DELTA,DELTA",
2.726785,2026-09-05T18:45:23.157+01:00,612564,1144611,1208,1208,True,True,0x0F,"OK,OK,OK,OK","DELTA,DELTA,DELTA,DELTA",
2.729778,2026-09-05T18:45:23.158+01:00,613772,1144612,1172,1172,True,True,0x0F,"OK,OK,OK,OK","DELTA,DELTA,DELTA,DELTA",
2.735615,2026-09-05T18:45:23.161+01:00,614944,1144613,994,994,True,True,0x0F,"OK,OK,OK,OK","DELTA,DELTA,DELTA,DELTA",
2.744016,2026-09-05T18:45:23.167+01:00,615938,1144614,1106,1106,True,True,0x0F,"OK,OK,OK,OK","DELTA,DELTA,DELTA,DELTA",
2.745351,2026-09-05T18:45:23.176+01:00,617044,1144615,1268,1268,True,True,0x0F,"OK,OK,OK,OK","DELTA,DELTA,DELTA,DELTA",
2.749770,2026-09-05T18:45:23.177+01:00,618312,1144616,1114,1114,True,True,0x0F,"OK,OK,OK,OK","DELTA,DELTA,DELTA,DELTA",
2.754449,2026-09-05T18:45:23.181+01:00,619426,1144617,954,954,True,True,0x0F,"OK,OK,OK,OK","DELTA,DELTA,DELTA,DELTA",
2.762544,2026-09-05T18:45:23.186+01:00,620380,1144618,1166,1166,True,True,0x0F,"OK,OK,OK,OK","DELTA,DELTA,DELTA,DELTA",
2.764574,2026-09-05T18:45:23.194+01:00,621546,1144619,1240,1240,True,True,0x0F,"OK,OK,OK,OK","DELTA,DELTA,DELTA,DELTA",
2.769747,2026-09-05T18:45:23.196+01:00,622786,1144620,1122,1122,True,True,0x0F,"OK,OK,OK,OK","DELTA,DELTA,DELTA,DELTA",
2.779208,2026-09-05T18:45:23.201+01:00,623908,1144621,858,858,True,True,0x0F,"OK,OK,OK,OK","DELTA,DELTA,DELTA,DELTA",
2.780085,2026-09-05T18:45:23.211+01:00,624766,1144622,1062,1062,True,True,0x0F,"OK,OK,OK,OK","DELTA,DELTA,DELTA,DELTA",
2.784765,2026-09-05T18:45:23.212+01:00,625828,1144623,1076,1076,True,True,0x0F,"OK,OK,OK,OK","DELTA,DELTA,DELTA,DELTA",
2.789542,2026-09-05T18:45:23.216+01:00,626904,1144624,1172,1172,True,True,0x0F,"OK,OK,OK,OK","DELTA,DELTA,DELTA,DELTA",
2.796146,2026-09-05T18:45:23.221+01:00,628076,1144625,980,980,True,True,0x0F,"OK,OK,OK,OK","DELTA,DELTA,DELTA,DELTA",
2.799621,2026-09-05T18:45:23.228+01:00,629056,1144626,1122,1122,True,True,0x0F,"OK,OK,OK,OK","DELTA,DELTA,DELTA,DELTA",
2.804563,2026-09-05T18:45:23.231+01:00,630178,1144627,1242,1242,True,True,0x0F,"OK,OK,OK,OK","DELTA,DELTA,DELTA,DELTA",
2.810860,2026-09-05T18:45:23.236+01:00,631420,1144628,1168,1168,True,True,0x0F,"OK,OK,OK,OK","DELTA,DELTA,DELTA,DELTA",
2.814890,2026-09-05T18:45:23.242+01:00,632588,1144629,920,920,True,True,0x0F,"OK,OK,OK,OK","DELTA,DELTA,DELTA,DELTA",
2.819984,2026-09-05T18:45:23.248+01:00,633508,1144630,1234,1234,True,True,0x0F,"OK,OK,OK,OK","DELTA,DELTA,DELTA,DELTA",
2.824772,2026-09-05T18:45:23.252+01:00,634742,1144631,1218,1218,True,True,0x0F,"OK,OK,OK,OK","DELTA,DELTA,DELTA,DELTA",
2.837462,2026-09-05T18:45:23.256+01:00,635960,1144632,1146,1146,True,True,0x0F,"OK,OK,OK,OK","DELTA,DELTA,DELTA,DELTA",
2.838211,2026-09-05T18:45:23.269+01:00,637106,1144633,946,946,True,True,0x0F,"OK,OK,OK,OK","DELTA,DELTA,DELTA,DELTA",
2.847816,2026-09-05T18:45:23.270+01:00,638052,1144634,1098,1098,True,True,0x0F,"OK,OK,OK,OK","DELTA,DELTA,DELTA,DELTA",
2.851622,2026-09-05T18:45:23.282+01:00,639150,1144635,1212,1212,True,True,0x0F,"OK,OK,OK,OK","DELTA,DELTA,DELTA,DELTA",
2.852574,2026-09-05T18:45:23.283+01:00,640362,1144636,1212,1212,True,True,0x0F,"OK,OK,OK,OK","DELTA,DELTA,DELTA,DELTA",
2.854132,2026-09-05T18:45:23.284+01:00,641574,1144637,952,952,True,True,0x0F,"OK,OK,OK,OK","DELTA,DELTA,DELTA,DELTA",
2.859493,2026-09-05T18:45:23.286+01:00,642526,1144638,1072,1072,True,True,0x0F,"OK,OK,OK,OK","DELTA,DELTA,DELTA,DELTA",
2.868675,2026-09-05T18:45:23.291+01:00,643598,1144639,1212,1212,True,True,0x0F,"OK,OK,OK,OK","DELTA,DELTA,DELTA,DELTA",
2.869616,2026-09-05T18:45:23.300+01:00,644810,1144640,1244,1244,True,True,0x0F,"OK,OK,OK,OK","DELTA,DELTA,DELTA,DELTA",
2.874475,2026-09-05T18:45:23.301+01:00,646054,1144641,924,924,True,True,0x0F,"OK,OK,OK,OK","DELTA,DELTA,DELTA,DELTA",
2.884796,2026-09-05T18:45:23.306+01:00,646978,1144642,1204,1204,True,True,0x0F,"OK,OK,OK,OK","DELTA,DELTA,DELTA,DELTA",
2.885757,2026-09-05T18:45:23.316+01:00,648182,1144643,1250,1250,True,True,0x0F,"OK,OK,OK,OK","DELTA,DELTA,DELTA,DELTA",
2.889492,2026-09-05T18:45:23.317+01:00,649432,1144644,1210,1210,True,True,0x0F,"OK,OK,OK,OK","DELTA,DELTA,DELTA,DELTA",
2.894120,2026-09-05T18:45:23.321+01:00,650642,1144645,966,966,True,True,0x0F,"OK,OK,OK,OK","DELTA,DELTA,DELTA,DELTA",
2.902891,2026-09-05T18:45:23.326+01:00,651608,1144646,1082,1082,True,True,0x0F,"OK,OK,OK,OK","DELTA,DELTA,DELTA,DELTA",
2.904490,2026-09-05T18:45:23.335+01:00,652690,1144647,1180,1180,True,True,0x0F,"OK,OK,OK,OK","DELTA,DELTA,DELTA,DELTA",
2.909560,2026-09-05T18:45:23.336+01:00,653870,1144648,1194,1194,True,True,0x0F,"OK,OK,OK,OK","DELTA,DELTA,DELTA,DELTA",
2.919942,2026-09-05T18:45:23.341+01:00,655064,1144649,954,954,True,True,0x0F,"OK,OK,OK,OK","DELTA,DELTA,DELTA,DELTA",
2.920879,2026-09-05T18:45:23.352+01:00,656018,1144650,1082,1082,True,True,0x0F,"OK,OK,OK,OK","DELTA,DELTA,DELTA,DELTA",
2.924281,2026-09-05T18:45:23.353+01:00,657100,1144651,1162,1162,True,True,0x0F,"OK,OK,OK,OK","DELTA,DELTA,DELTA,DELTA",
2.929652,2026-09-05T18:45:23.356+01:00,658262,1144652,1220,1220,True,True,0x0F,"OK,OK,OK,OK","DELTA,DELTA,DELTA,DELTA",
2.936842,2026-09-05T18:45:23.361+01:00,659482,1144653,912,912,True,True,0x0F,"OK,OK,OK,OK","DELTA,DELTA,DELTA,DELTA",
2.939702,2026-09-05T18:45:23.368+01:00,660394,1144654,1096,1096,True,True,0x0F,"OK,OK,OK,OK","DELTA,DELTA,DELTA,DELTA",
2.944552,2026-09-05T18:45:23.371+01:00,661490,1144655,1176,1176,True,True,0x0F,"OK,OK,OK,OK","DELTA,DELTA,DELTA,DELTA",
2.953653,2026-09-05T18:45:23.376+01:00,662666,1144656,1182,1182,True,True,0x0F,"OK,OK,OK,OK","DELTA,DELTA,DELTA,DELTA",
2.954534,2026-09-05T18:45:23.385+01:00,663848,1144657,928,928,True,True,0x0F,"OK,OK,OK,OK","DELTA,DELTA,DELTA,DELTA",
2.959345,2026-09-05T18:45:23.386+01:00,664776,1144658,1140,1140,True,True,0x0F,"OK,OK,OK,OK","DELTA,DELTA,DELTA,DELTA",
2.970469,2026-09-05T18:45:23.391+01:00,665916,1144659,1168,1168,True,True,0x0F,"OK,OK,OK,OK","DELTA,DELTA,DELTA,DELTA",
2.971407,2026-09-05T18:45:23.402+01:00,667084,1144660,1288,1288,True,True,0x0F,"OK,OK,OK,OK","DELTA,DELTA,DELTA,DELTA",
2.974253,2026-09-05T18:45:23.403+01:00,668372,1144661,914,914,True,True,0x0F,"OK,OK,OK,OK","DELTA,DELTA,DELTA,DELTA",
2.979198,2026-09-05T18:45:23.406+01:00,669286,1144662,1128,1128,True,True,0x0F,"OK,OK,OK,OK","DELTA,DELTA,DELTA,DELTA",
2.985229,2026-09-05T18:45:23.411+01:00,670414,1144663,1182,1182,True,True,0x0F,"OK,OK,OK,OK","DELTA,DELTA,DELTA,DELTA",
2.989963,2026-09-05T18:45:23.417+01:00,671596,1144664,1152,1152,True,True,0x0F,"OK,OK,OK,OK","DELTA,DELTA,DELTA,DELTA",
2.993924,2026-09-05T18:45:23.421+01:00,672748,1144665,960,960,True,True,0x0F,"OK,OK,OK,OK","DELTA,DELTA,DELTA,DELTA",
2.999067,2026-09-05T18:45:23.425+01:00,673708,1144666,1072,1072,True,True,0x0F,"OK,OK,OK,OK","DELTA,DELTA,DELTA,DELTA",
3.011379,2026-09-05T18:45:23.431+01:00,674780,1144667,1250,1250,True,True,0x0F,"OK,OK,OK,OK","DELTA,DELTA,DELTA,DELTA",
3.012590,2026-09-05T18:45:23.443+01:00,676030,1144668,1294,1294,True,True,0x0F,"OK,OK,OK,OK","DELTA,DELTA,DELTA,DELTA",
3.014486,2026-09-05T18:45:23.444+01:00,677324,1144669,980,980,True,True,0x0F,"OK,OK,OK,OK","DELTA,DELTA,DELTA,DELTA",
3.019466,2026-09-05T18:45:23.446+01:00,678304,1144670,1054,1054,True,True,0x0F,"OK,OK,OK,OK","DELTA,DELTA,DELTA,DELTA",
3.028777,2026-09-05T18:45:23.451+01:00,679358,1144671,1182,1182,True,True,0x0F,"OK,OK,OK,OK","DELTA,DELTA,DELTA,DELTA",
3.029747,2026-09-05T18:45:23.460+01:00,680540,1144672,1202,1202,True,True,0x0F,"OK,OK,OK,OK","DELTA,DELTA,DELTA,DELTA",
3.034344,2026-09-05T18:45:23.461+01:00,681742,1144673,974,974,True,True,0x0F,"OK,OK,OK,OK","DELTA,DELTA,DELTA,DELTA",
3.039335,2026-09-05T18:45:23.466+01:00,682716,1144674,1050,1050,True,True,0x0F,"OK,OK,OK,OK","DELTA,DELTA,DELTA,DELTA",
3.046977,2026-09-05T18:45:23.471+01:00,683766,1144675,1296,1296,True,True,0x0F,"OK,OK,OK,OK","DELTA,DELTA,DELTA,DELTA",
3.049338,2026-09-05T18:45:23.479+01:00,685062,1144676,1262,1262,True,True,0x0F,"OK,OK,OK,OK","DELTA,DELTA,DELTA,DELTA",
3.054139,2026-09-05T18:45:23.481+01:00,686324,1144677,1014,1014,True,True,0x0F,"OK,OK,OK,OK","DELTA,DELTA,DELTA,DELTA",
3.063314,2026-09-05T18:45:23.486+01:00,687338,1144678,1130,1130,True,True,0x0F,"OK,OK,OK,OK","DELTA,DELTA,DELTA,DELTA",
3.064301,2026-09-05T18:45:23.495+01:00,688468,1144679,1228,1228,True,True,0x0F,"OK,OK,OK,OK","DELTA,DELTA,DELTA,DELTA",
3.069366,2026-09-05T18:45:23.496+01:00,689696,1144680,1210,1210,True,True,0x0F,"OK,OK,OK,OK","DELTA,DELTA,DELTA,DELTA",
3.073862,2026-09-05T18:45:23.501+01:00,690906,1144681,1022,1022,True,True,0x0F,"OK,OK,OK,OK","DELTA,DELTA,DELTA,DELTA",
3.080581,2026-09-05T18:45:23.505+01:00,691928,1144682,1142,1142,True,True,0x0F,"OK,OK,OK,OK","DELTA,DELTA,DELTA,DELTA",
3.084418,2026-09-05T18:45:23.512+01:00,693070,1144683,1224,1224,True,True,0x0F,"OK,OK,OK,OK","DELTA,DELTA,DELTA,DELTA",
3.089399,2026-09-05T18:45:23.516+01:00,694294,1144684,1292,1292,True,True,0x0F,"OK,OK,OK,OK","DELTA,DELTA,DELTA,DELTA",
3.097495,2026-09-05T18:45:23.521+01:00,695586,1144685,1056,1056,True,True,0x0F,"OK,OK,OK,OK","DELTA,DELTA,DELTA,DELTA",
3.099285,2026-09-05T18:45:23.529+01:00,696642,1144686,1058,1058,True,True,0x0F,"OK,OK,OK,OK","DELTA,DELTA,DELTA,DELTA",
3.104382,2026-09-05T18:45:23.531+01:00,697700,1144687,1234,1234,True,True,0x0F,"OK,OK,OK,OK","DELTA,DELTA,DELTA,DELTA",
3.114023,2026-09-05T18:45:23.536+01:00,698934,1144688,1218,1218,True,True,0x0F,"OK,OK,OK,OK","DELTA,DELTA,DELTA,DELTA",
3.114911,2026-09-05T18:45:23.546+01:00,700152,1144689,978,978,True,True,0x0F,"OK,OK,OK,OK","DELTA,DELTA,DELTA,DELTA",
3.119183,2026-09-05T18:45:23.547+01:00,701130,1144690,1128,1128,True,True,0x0F,"OK,OK,OK,OK","DELTA,DELTA,DELTA,DELTA",
3.124250,2026-09-05T18:45:23.551+01:00,702258,1144691,1192,1192,True,True,0x0F,"OK,OK,OK,OK","DELTA,DELTA,DELTA,DELTA",
3.130890,2026-09-05T18:45:23.556+01:00,703450,1144692,1290,1290,True,True,0x0F,"OK,OK,OK,OK","DELTA,DELTA,DELTA,DELTA",
3.134166,2026-09-05T18:45:23.563+01:00,704740,1144693,1032,1032,True,True,0x0F,"OK,OK,OK,OK","DELTA,DELTA,DELTA,DELTA",
3.138991,2026-09-05T18:45:23.566+01:00,705772,1144694,1106,1106,True,True,0x0F,"OK,OK,OK,OK","DELTA,DELTA,DELTA,DELTA",
3.144853,2026-09-05T18:45:23.570+01:00,706878,1144695,1184,1184,True,True,0x0F,"OK,OK,OK,OK","DELTA,DELTA,DELTA,DELTA",
3.149801,2026-09-05T18:45:23.576+01:00,708062,1144696,1224,1224,True,True,0x0F,"OK,OK,OK,OK","DELTA,DELTA,DELTA,DELTA",
3.153805,2026-09-05T18:45:23.581+01:00,709286,1144697,974,974,True,True,0x0F,"OK,OK,OK,OK","DELTA,DELTA,DELTA,DELTA",
3.158809,2026-09-05T18:45:23.585+01:00,710260,1144698,1098,1098,True,True,0x0F,"OK,OK,OK,OK","DELTA,DELTA,DELTA,DELTA",
3.167787,2026-09-05T18:45:23.590+01:00,711358,1144699,1172,1172,True,True,0x0F,"OK,OK,OK,OK","DELTA,DELTA,DELTA,DELTA",
3.169009,2026-09-05T18:45:23.599+01:00,712530,1144700,1194,1194,True,True,0x0F,"OK,OK,OK,OK","DELTA,DELTA,DELTA,DELTA",
3.182762,2026-09-05T18:45:23.601+01:00,713724,1144701,938,938,True,True,0x0F,"OK,OK,OK,OK","DELTA,DELTA,DELTA,DELTA",
3.183984,2026-09-05T18:45:23.614+01:00,714662,1144702,1094,1094,True,True,0x0F,"OK,OK,OK,OK","DELTA,DELTA,DELTA,DELTA",
3.184951,2026-09-05T18:45:23.616+01:00,715756,1144703,1232,1232,True,True,0x0F,"OK,OK,OK,OK","DELTA,DELTA,DELTA,DELTA",
3.189249,2026-09-05T18:45:23.616+01:00,716988,1144704,1196,1196,True,True,0x0F,"OK,OK,OK,OK","DELTA,DELTA,DELTA,DELTA",
3.200382,2026-09-05T18:45:23.621+01:00,718184,1144705,4216,4216,True,True,0x0F,"OK,OK,OK,OK","DELTA_SYNC,DELTA_SYNC,DELTA_SYNC,DELTA_SYNC",
3.201571,2026-09-05T18:45:23.632+01:00,722400,1144706,1124,1124,True,True,0x0F,"OK,OK,OK,OK","DELTA,DELTA,DELTA,DELTA",
3.204070,2026-09-05T18:45:23.633+01:00,723524,1144707,1302,1302,True,True,0x0F,"OK,OK,OK,OK","DELTA,DELTA,DELTA,DELTA",
3.209020,2026-09-05T18:45:23.636+01:00,724826,1144708,1286,1286,True,True,0x0F,"OK,OK,OK,OK","DELTA,DELTA,DELTA,DELTA",
3.217284,2026-09-05T18:45:23.641+01:00,726112,1144709,940,940,True,True,0x0F,"OK,OK,OK,OK","DELTA,DELTA,DELTA,DELTA",
3.219081,2026-09-05T18:45:23.649+01:00,727052,1144710,1124,1124,True,True,0x0F,"OK,OK,OK,OK","DELTA,DELTA,DELTA,DELTA",
3.223966,2026-09-05T18:45:23.651+01:00,728176,1144711,1210,1210,True,True,0x0F,"OK,OK,OK,OK","DELTA,DELTA,DELTA,DELTA",
3.233845,2026-09-05T18:45:23.656+01:00,729386,1144712,1204,1204,True,True,0x0F,"OK,OK,OK,OK","DELTA,DELTA,DELTA,DELTA",
3.234707,2026-09-05T18:45:23.665+01:00,730590,1144713,1054,1054,True,True,0x0F,"OK,OK,OK,OK","DELTA,DELTA,DELTA,DELTA",
3.239086,2026-09-05T18:45:23.666+01:00,731644,1144714,1042,1042,True,True,0x0F,"OK,OK,OK,OK","DELTA,DELTA,DELTA,DELTA",
3.244092,2026-09-05T18:45:23.671+01:00,732686,1144715,1252,1252,True,True,0x0F,"OK,OK,OK,OK","DELTA,DELTA,DELTA,DELTA",
3.251000,2026-09-05T18:45:23.676+01:00,733938,1144716,1194,1194,True,True,0x0F,"OK,OK,OK,OK","DELTA,DELTA,DELTA,DELTA",
3.253921,2026-09-05T18:45:23.683+01:00,735132,1144717,1000,1000,True,True,0x0F,"OK,OK,OK,OK","DELTA,DELTA,DELTA,DELTA",
3.259132,2026-09-05T18:45:23.685+01:00,736132,1144718,1122,1122,True,True,0x0F,"OK,OK,OK,OK","DELTA,DELTA,DELTA,DELTA",
3.268250,2026-09-05T18:45:23.691+01:00,737254,1144719,1256,1256,True,True,0x0F,"OK,OK,OK,OK","DELTA,DELTA,DELTA,DELTA",
3.269201,2026-09-05T18:45:23.700+01:00,738510,1144720,1186,1186,True,True,0x0F,"OK,OK,OK,OK","DELTA,DELTA,DELTA,DELTA",
3.273905,2026-09-05T18:45:23.701+01:00,739696,1144721,944,944,True,True,0x0F,"OK,OK,OK,OK","DELTA,DELTA,DELTA,DELTA",
3.284306,2026-09-05T18:45:23.705+01:00,740640,1144722,1110,1110,True,True,0x0F,"OK,OK,OK,OK","DELTA,DELTA,DELTA,DELTA",
3.285500,2026-09-05T18:45:23.716+01:00,741750,1144723,1140,1140,True,True,0x0F,"OK,OK,OK,OK","DELTA,DELTA,DELTA,DELTA",
3.289042,2026-09-05T18:45:23.717+01:00,742890,1144724,1284,1284,True,True,0x0F,"OK,OK,OK,OK","DELTA,DELTA,DELTA,DELTA",
3.293735,2026-09-05T18:45:23.721+01:00,744174,1144725,1068,1068,True,True,0x0F,"OK,OK,OK,OK","DELTA,DELTA,DELTA,DELTA",
3.301279,2026-09-05T18:45:23.725+01:00,745242,1144726,1054,1054,True,True,0x0F,"OK,OK,OK,OK","DELTA,DELTA,DELTA,DELTA",
3.304157,2026-09-05T18:45:23.733+01:00,746296,1144727,1228,1228,True,True,0x0F,"OK,OK,OK,OK","DELTA,DELTA,DELTA,DELTA",
3.309121,2026-09-05T18:45:23.736+01:00,747524,1144728,1180,1180,True,True,0x0F,"OK,OK,OK,OK","DELTA,DELTA,DELTA,DELTA",
3.314361,2026-09-05T18:45:23.741+01:00,748704,1144729,1010,1010,True,True,0x0F,"OK,OK,OK,OK","DELTA,DELTA,DELTA,DELTA",
3.319058,2026-09-05T18:45:23.746+01:00,749714,1144730,1078,1078,True,True,0x0F,"OK,OK,OK,OK","DELTA,DELTA,DELTA,DELTA",
3.323858,2026-09-05T18:45:23.751+01:00,750792,1144731,1258,1258,True,True,0x0F,"OK,OK,OK,OK","DELTA,DELTA,DELTA,DELTA",
3.328881,2026-09-05T18:45:23.755+01:00,752050,1144732,1254,1254,True,True,0x0F,"OK,OK,OK,OK","DELTA,DELTA,DELTA,DELTA",
3.342797,2026-09-05T18:45:23.760+01:00,753304,1144733,1070,1070,True,True,0x0F,"OK,OK,OK,OK","DELTA,DELTA,DELTA,DELTA",
3.343763,2026-09-05T18:45:23.774+01:00,754374,1144734,1034,1034,True,True,0x0F,"OK,OK,OK,OK","DELTA,DELTA,DELTA,DELTA",
3.344746,2026-09-05T18:45:23.775+01:00,755408,1144735,1166,1166,True,True,0x0F,"OK,OK,OK,OK","DELTA,DELTA,DELTA,DELTA",
3.349093,2026-09-05T18:45:23.776+01:00,756574,1144736,1280,1280,True,True,0x0F,"OK,OK,OK,OK","DELTA,DELTA,DELTA,DELTA",
3.353920,2026-09-05T18:45:23.781+01:00,757854,1144737,1066,1066,True,True,0x0F,"OK,OK,OK,OK","DELTA,DELTA,DELTA,DELTA",
3.360883,2026-09-05T18:45:23.786+01:00,758920,1144738,1088,1088,True,True,0x0F,"OK,OK,OK,OK","DELTA,DELTA,DELTA,DELTA",
3.364210,2026-09-05T18:45:23.792+01:00,760008,1144739,1302,1302,True,True,0x0F,"OK,OK,OK,OK","DELTA,DELTA,DELTA,DELTA",
3.368827,2026-09-05T18:45:23.796+01:00,761310,1144740,1198,1198,True,True,0x0F,"OK,OK,OK,OK","DELTA,DELTA,DELTA,DELTA",
3.377287,2026-09-05T18:45:23.800+01:00,762508,1144741,1132,1132,True,True,0x0F,"OK,OK,OK,OK","DELTA,DELTA,DELTA,DELTA",
3.378777,2026-09-05T18:45:23.809+01:00,763640,1144742,1032,1032,True,True,0x0F,"OK,OK,OK,OK","DELTA,DELTA,DELTA,DELTA",
3.384152,2026-09-05T18:45:23.810+01:00,764672,1144743,1214,1214,True,True,0x0F,"OK,OK,OK,OK","DELTA,DELTA,DELTA,DELTA",
3.394067,2026-09-05T18:45:23.816+01:00,765886,1144744,1208,1208,True,True,0x0F,"OK,OK,OK,OK","DELTA,DELTA,DELTA,DELTA",
3.395211,2026-09-05T18:45:23.826+01:00,767094,1144745,988,988,True,True,0x0F,"OK,OK,OK,OK","DELTA,DELTA,DELTA,DELTA",
3.398904,2026-09-05T18:45:23.827+01:00,768082,1144746,1156,1156,True,True,0x0F,"OK,OK,OK,OK","DELTA,DELTA,DELTA,DELTA",
3.403979,2026-09-05T18:45:23.831+01:00,769238,1144747,1210,1210,True,True,0x0F,"OK,OK,OK,OK","DELTA,DELTA,DELTA,DELTA",
3.411597,2026-09-05T18:45:23.835+01:00,770448,1144748,1186,1186,True,True,0x0F,"OK,OK,OK,OK","DELTA,DELTA,DELTA,DELTA",
3.413750,2026-09-05T18:45:23.843+01:00,771634,1144749,1020,1020,True,True,0x0F,"OK,OK,OK,OK","DELTA,DELTA,DELTA,DELTA",
3.419013,2026-09-05T18:45:23.845+01:00,772654,1144750,1092,1092,True,True,0x0F,"OK,OK,OK,OK","DELTA,DELTA,DELTA,DELTA",
3.427875,2026-09-05T18:45:23.851+01:00,773746,1144751,1148,1148,True,True,0x0F,"OK,OK,OK,OK","DELTA,DELTA,DELTA,DELTA",
3.428920,2026-09-05T18:45:23.859+01:00,774894,1144752,1168,1168,True,True,0x0F,"OK,OK,OK,OK","DELTA,DELTA,DELTA,DELTA",
3.434084,2026-09-05T18:45:23.860+01:00,776062,1144753,1100,1100,True,True,0x0F,"OK,OK,OK,OK","DELTA,DELTA,DELTA,DELTA",
3.444299,2026-09-05T18:45:23.866+01:00,777162,1144754,1038,1038,True,True,0x0F,"OK,OK,OK,OK","DELTA,DELTA,DELTA,DELTA",
3.445247,2026-09-05T18:45:23.876+01:00,778200,1144755,1234,1234,True,True,0x0F,"OK,OK,OK,OK","DELTA,DELTA,DELTA,DELTA",
3.449214,2026-09-05T18:45:23.877+01:00,779434,1144756,1296,1296,True,True,0x0F,"OK,OK,OK,OK","DELTA,DELTA,DELTA,DELTA",
3.453753,2026-09-05T18:45:23.881+01:00,780730,1144757,1050,1050,True,True,0x0F,"OK,OK,OK,OK","DELTA,DELTA,DELTA,DELTA",
3.461503,2026-09-05T18:45:23.885+01:00,781780,1144758,986,986,True,True,0x0F,"OK,OK,OK,OK","DELTA,DELTA,DELTA,DELTA",
3.463908,2026-09-05T18:45:23.893+01:00,782766,1144759,1188,1188,True,True,0x0F,"OK,OK,OK,OK","DELTA,DELTA,DELTA,DELTA",
3.468943,2026-09-05T18:45:23.895+01:00,783954,1144760,1156,1156,True,True,0x0F,"OK,OK,OK,OK","DELTA,DELTA,DELTA,DELTA",
3.474537,2026-09-05T18:45:23.900+01:00,785110,1144761,992,992,True,True,0x0F,"OK,OK,OK,OK","DELTA,DELTA,DELTA,DELTA",
3.479328,2026-09-05T18:45:23.906+01:00,786102,1144762,1048,1048,True,True,0x0F,"OK,OK,OK,OK","DELTA,DELTA,DELTA,DELTA",
3.483981,2026-09-05T18:45:23.911+01:00,787150,1144763,1218,1218,True,True,0x0F,"OK,OK,OK,OK","DELTA,DELTA,DELTA,DELTA",
3.488756,2026-09-05T18:45:23.916+01:00,788368,1144764,1168,1168,True,True,0x0F,"OK,OK,OK,OK","DELTA,DELTA,DELTA,DELTA",
3.499065,2026-09-05T18:45:23.920+01:00,789536,1144765,1104,1104,True,True,0x0F,"OK,OK,OK,OK","DELTA,DELTA,DELTA,DELTA",
3.499685,2026-09-05T18:45:23.931+01:00,790640,1144766,1010,1010,True,True,0x0F,"OK,OK,OK,OK","DELTA,DELTA,DELTA,DELTA",
3.511540,2026-09-05T18:45:23.931+01:00,791650,1144767,1268,1268,True,True,0x0F,"OK,OK,OK,OK","DELTA,DELTA,DELTA,DELTA",
3.512673,2026-09-05T18:45:23.943+01:00,792918,1144768,1238,1238,True,True,0x0F,"OK,OK,OK,OK","DELTA,DELTA,DELTA,DELTA",
3.513906,2026-09-05T18:45:23.944+01:00,794156,1144769,1048,1048,True,True,0x0F,"OK,OK,OK,OK","DELTA,DELTA,DELTA,DELTA",
3.518978,2026-09-05T18:45:23.945+01:00,795204,1144770,980,980,True,True,0x0F,"OK,OK,OK,OK","DELTA,DELTA,DELTA,DELTA",
3.530141,2026-09-05T18:45:23.951+01:00,796184,1144771,1198,1198,True,True,0x0F,"OK,OK,OK,OK","DELTA,DELTA,DELTA,DELTA",
3.531197,2026-09-05T18:45:23.962+01:00,797382,1144772,1228,1228,True,True,0x0F,"OK,OK,OK,OK","DELTA,DELTA,DELTA,DELTA",
3.533916,2026-09-05T18:45:23.963+01:00,798610,1144773,1024,1024,True,True,0x0F,"OK,OK,OK,OK","DELTA,DELTA,DELTA,DELTA",
3.538985,2026-09-05T18:45:23.965+01:00,799634,1144774,1002,1002,True,True,0x0F,"OK,OK,OK,OK","DELTA,DELTA,DELTA,DELTA",
3.548409,2026-09-05T18:45:23.971+01:00,800636,1144775,1146,1146,True,True,0x0F,"OK,OK,OK,OK","DELTA,DELTA,DELTA,DELTA",
3.549331,2026-09-05T18:45:23.980+01:00,801782,1144776,1138,1138,True,True,0x0F,"OK,OK,OK,OK","DELTA,DELTA,DELTA,DELTA",
3.553880,2026-09-05T18:45:23.981+01:00,802920,1144777,1086,1086,True,True,0x0F,"OK,OK,OK,OK","DELTA,DELTA,DELTA,DELTA",
3.564556,2026-09-05T18:45:23.985+01:00,804006,1144778,1040,1040,True,True,0x0F,"OK,OK,OK,OK","DELTA,DELTA,DELTA,DELTA",
3.565447,2026-09-05T18:45:23.996+01:00,805046,1144779,1118,1118,True,True,0x0F,"OK,OK,OK,OK","DELTA,DELTA,DELTA,DELTA",
3.568878,2026-09-05T18:45:23.997+01:00,806164,1144780,1080,1080,True,True,0x0F,"OK,OK,OK,OK","DELTA,DELTA,DELTA,DELTA",
3.573784,2026-09-05T18:45:24.000+01:00,807244,1144781,1106,1106,True,True,0x0F,"OK,OK,OK,OK","DELTA,DELTA,DELTA,DELTA",
3.581100,2026-09-05T18:45:24.005+01:00,808350,1144782,1028,1028,True,True,0x0F,"OK,OK,OK,OK","DELTA,DELTA,DELTA,DELTA",
3.584026,2026-09-05T18:45:24.013+01:00,809378,1144783,1210,1210,True,True,0x0F,"OK,OK,OK,OK","DELTA,DELTA,DELTA,DELTA",
3.589057,2026-09-05T18:45:24.016+01:00,810588,1144784,1208,1208,True,True,0x0F,"OK,OK,OK,OK","DELTA,DELTA,DELTA,DELTA",
3.595860,2026-09-05T18:45:24.021+01:00,811796,1144785,1036,1036,True,True,0x0F,"OK,OK,OK,OK","DELTA,DELTA,DELTA,DELTA",
3.599904,2026-09-05T18:45:24.028+01:00,812832,1144786,1044,1044,True,True,0x0F,"OK,OK,OK,OK","DELTA,DELTA,DELTA,DELTA",
3.603903,2026-09-05T18:45:24.031+01:00,813876,1144787,1176,1176,True,True,0x0F,"OK,OK,OK,OK","DELTA,DELTA,DELTA,DELTA",
3.608848,2026-09-05T18:45:24.035+01:00,815052,1144788,1194,1194,True,True,0x0F,"OK,OK,OK,OK","DELTA,DELTA,DELTA,DELTA",
3.617891,2026-09-05T18:45:24.049+01:00,816246,1144789,1036,1036,True,True,0x0F,"OK,OK,OK,OK","DELTA,DELTA,DELTA,DELTA",
3.618962,2026-09-05T18:45:24.049+01:00,817282,1144790,1010,1010,True,True,0x0F,"OK,OK,OK,OK","DELTA,DELTA,DELTA,DELTA",
3.623891,2026-09-05T18:45:24.050+01:00,818292,1144791,1222,1222,True,True,0x0F,"OK,OK,OK,OK","DELTA,DELTA,DELTA,DELTA",
3.633547,2026-09-05T18:45:24.055+01:00,819514,1144792,1214,1214,True,True,0x0F,"OK,OK,OK,OK","DELTA,DELTA,DELTA,DELTA",
3.634454,2026-09-05T18:45:24.065+01:00,820728,1144793,1050,1050,True,True,0x0F,"OK,OK,OK,OK","DELTA,DELTA,DELTA,DELTA",
3.638756,2026-09-05T18:45:24.066+01:00,821778,1144794,936,936,True,True,0x0F,"OK,OK,OK,OK","DELTA,DELTA,DELTA,DELTA",
3.643778,2026-09-05T18:45:24.070+01:00,822714,1144795,1170,1170,True,True,0x0F,"OK,OK,OK,OK","DELTA,DELTA,DELTA,DELTA",
3.648668,2026-09-05T18:45:24.075+01:00,823884,1144796,1238,1238,True,True,0x0F,"OK,OK,OK,OK","DELTA,DELTA,DELTA,DELTA",
3.653792,2026-09-05T18:45:24.080+01:00,825122,1144797,1094,1094,True,True,0x0F,"OK,OK,OK,OK","DELTA,DELTA,DELTA,DELTA",
3.658527,2026-09-05T18:45:24.085+01:00,826216,1144798,1014,1014,True,True,0x0F,"OK,OK,OK,OK","DELTA,DELTA,DELTA,DELTA",
3.670330,2026-09-05T18:45:24.090+01:00,827230,1144799,1108,1108,True,True,0x0F,"OK,OK,OK,OK","DELTA,DELTA,DELTA,DELTA",
3.675158,2026-09-05T18:45:24.102+01:00,828338,1144800,1132,1132,True,True,0x0F,"OK,OK,OK,OK","DELTA,DELTA,DELTA,DELTA",
3.676151,2026-09-05T18:45:24.107+01:00,829470,1144801,1164,1164,True,True,0x0F,"OK,OK,OK,OK","DELTA,DELTA,DELTA,DELTA",
3.678800,2026-09-05T18:45:24.108+01:00,830634,1144802,1052,1052,True,True,0x0F,"OK,OK,OK,OK","DELTA,DELTA,DELTA,DELTA",
3.683839,2026-09-05T18:45:24.111+01:00,831686,1144803,1148,1148,True,True,0x0F,"OK,OK,OK,OK","DELTA,DELTA,DELTA,DELTA",
3.692465,2026-09-05T18:45:24.115+01:00,832834,1144804,1262,1262,True,True,0x0F,"OK,OK,OK,OK","DELTA,DELTA,DELTA,DELTA",
3.693600,2026-09-05T18:45:24.124+01:00,834096,1144805,1048,1048,True,True,0x0F,"OK,OK,OK,OK","DELTA,DELTA,DELTA,DELTA",
3.698931,2026-09-05T18:45:24.125+01:00,835144,1144806,1068,1068,True,True,0x0F,"OK,OK,OK,OK","DELTA,DELTA,DELTA,DELTA",
3.707845,2026-09-05T18:45:24.131+01:00,836212,1144807,1170,1170,True,True,0x0F,"OK,OK,OK,OK","DELTA,DELTA,DELTA,DELTA",
3.711718,2026-09-05T18:45:24.140+01:00,837382,1144808,1146,1146,True,True,0x0F,"OK,OK,OK,OK","DELTA,DELTA,DELTA,DELTA",
3.714032,2026-09-05T18:45:24.143+01:00,838528,1144809,1056,1056,True,True,0x0F,"OK,OK,OK,OK","DELTA,DELTA,DELTA,DELTA",
3.719779,2026-09-05T18:45:24.146+01:00,839584,1144810,926,926,True,True,0x0F,"OK,OK,OK,OK","DELTA,DELTA,DELTA,DELTA",
3.729724,2026-09-05T18:45:24.152+01:00,840510,1144811,1196,1196,True,True,0x0F,"OK,OK,OK,OK","DELTA,DELTA,DELTA,DELTA",
3.731040,2026-09-05T18:45:24.161+01:00,841706,1144812,1224,1224,True,True,0x0F,"OK,OK,OK,OK","DELTA,DELTA,DELTA,DELTA",
3.734096,2026-09-05T18:45:24.163+01:00,842930,1144813,1094,1094,True,True,0x0F,"OK,OK,OK,OK","DELTA,DELTA,DELTA,DELTA",
3.738750,2026-09-05T18:45:24.166+01:00,844024,1144814,1030,1030,True,True,0x0F,"OK,OK,OK,OK","DELTA,DELTA,DELTA,DELTA",
3.748137,2026-09-05T18:45:24.171+01:00,845054,1144815,1190,1190,True,True,0x0F,"OK,OK,OK,OK","DELTA,DELTA,DELTA,DELTA",
3.749000,2026-09-05T18:45:24.180+01:00,846244,1144816,1190,1190,True,True,0x0F,"OK,OK,OK,OK","DELTA,DELTA,DELTA,DELTA",
3.753668,2026-09-05T18:45:24.181+01:00,847434,1144817,1054,1054,True,True,0x0F,"OK,OK,OK,OK","DELTA,DELTA,DELTA,DELTA",
3.764495,2026-09-05T18:45:24.185+01:00,848488,1144818,1036,1036,True,True,0x0F,"OK,OK,OK,OK","DELTA,DELTA,DELTA,DELTA",
3.766037,2026-09-05T18:45:24.196+01:00,849524,1144819,1190,1190,True,True,0x0F,"OK,OK,OK,OK","DELTA,DELTA,DELTA,DELTA",
3.769086,2026-09-05T18:45:24.198+01:00,850714,1144820,1134,1134,True,True,0x0F,"OK,OK,OK,OK","DELTA,DELTA,DELTA,DELTA",
3.774091,2026-09-05T18:45:24.201+01:00,851848,1144821,1110,1110,True,True,0x0F,"OK,OK,OK,OK","DELTA,DELTA,DELTA,DELTA",
3.783585,2026-09-05T18:45:24.206+01:00,852958,1144822,1004,1004,True,True,0x0F,"OK,OK,OK,OK","DELTA,DELTA,DELTA,DELTA",
3.784583,2026-09-05T18:45:24.215+01:00,853962,1144823,1188,1188,True,True,0x0F,"OK,OK,OK,OK","DELTA,DELTA,DELTA,DELTA",
3.788837,2026-09-05T18:45:24.216+01:00,855150,1144824,1172,1172,True,True,0x0F,"OK,OK,OK,OK","DELTA,DELTA,DELTA,DELTA",
3.793628,2026-09-05T18:45:24.220+01:00,856322,1144825,1072,1072,True,True,0x0F,"OK,OK,OK,OK","DELTA,DELTA,DELTA,DELTA",
3.800896,2026-09-05T18:45:24.225+01:00,857394,1144826,984,984,True,True,0x0F,"OK,OK,OK,OK","DELTA,DELTA,DELTA,DELTA",
3.803915,2026-09-05T18:45:24.232+01:00,858378,1144827,1110,1110,True,True,0x0F,"OK,OK,OK,OK","DELTA,DELTA,DELTA,DELTA",
3.808631,2026-09-05T18:45:24.236+01:00,859488,1144828,1138,1138,True,True,0x0F,"OK,OK,OK,OK","DELTA,DELTA,DELTA,DELTA",
3.813644,2026-09-05T18:45:24.240+01:00,860626,1144829,1054,1054,True,True,0x0F,"OK,OK,OK,OK","DELTA,DELTA,DELTA,DELTA",
3.819407,2026-09-05T18:45:24.245+01:00,861680,1144830,950,950,True,True,0x0F,"OK,OK,OK,OK","DELTA,DELTA,DELTA,DELTA",
3.823919,2026-09-05T18:45:24.251+01:00,862630,1144831,1208,1208,True,True,0x0F,"OK,OK,OK,OK","DELTA,DELTA,DELTA,DELTA",
3.828701,2026-09-05T18:45:24.255+01:00,863838,1144832,1172,1172,True,True,0x0F,"OK,OK,OK,OK","DELTA,DELTA,DELTA,DELTA",
3.839353,2026-09-05T18:45:24.260+01:00,865010,1144833,1080,1080,True,True,0x0F,"OK,OK,OK,OK","DELTA,DELTA,DELTA,DELTA",
3.840001,2026-09-05T18:45:24.271+01:00,866090,1144834,978,978,True,True,0x0F,"OK,OK,OK,OK","DELTA,DELTA,DELTA,DELTA",
3.852465,2026-09-05T18:45:24.272+01:00,867068,1144835,1154,1154,True,True,0x0F,"OK,OK,OK,OK","DELTA,DELTA,DELTA,DELTA",
3.853421,2026-09-05T18:45:24.284+01:00,868222,1144836,1164,1164,True,True,0x0F,"OK,OK,OK,OK","DELTA,DELTA,DELTA,DELTA",
3.854320,2026-09-05T18:45:24.285+01:00,869386,1144837,1044,1044,True,True,0x0F,"OK,OK,OK,OK","DELTA,DELTA,DELTA,DELTA",
3.858682,2026-09-05T18:45:24.286+01:00,870430,1144838,956,956,True,True,0x0F,"OK,OK,OK,OK","DELTA,DELTA,DELTA,DELTA",
3.863708,2026-09-05T18:45:24.291+01:00,871386,1144839,1208,1208,True,True,0x0F,"OK,OK,OK,OK","DELTA,DELTA,DELTA,DELTA",
3.871343,2026-09-05T18:45:24.295+01:00,872594,1144840,1230,1230,True,True,0x0F,"OK,OK,OK,OK","DELTA,DELTA,DELTA,DELTA",
3.873827,2026-09-05T18:45:24.303+01:00,873824,1144841,1088,1088,True,True,0x0F,"OK,OK,OK,OK","DELTA,DELTA,DELTA,DELTA",
3.878916,2026-09-05T18:45:24.305+01:00,874912,1144842,1116,1116,True,True,0x0F,"OK,OK,OK,OK","DELTA,DELTA,DELTA,DELTA",
3.888007,2026-09-05T18:45:24.311+01:00,876028,1144843,1204,1204,True,True,0x0F,"OK,OK,OK,OK","DELTA,DELTA,DELTA,DELTA",
3.888884,2026-09-05T18:45:24.320+01:00,877232,1144844,1244,1244,True,True,0x0F,"OK,OK,OK,OK","DELTA,DELTA,DELTA,DELTA",
3.893784,2026-09-05T18:45:24.320+01:00,878476,1144845,1158,1158,True,True,0x0F,"OK,OK,OK,OK","DELTA,DELTA,DELTA,DELTA",
3.904250,2026-09-05T18:45:24.325+01:00,879634,1144846,1040,1040,True,True,0x0F,"OK,OK,OK,OK","DELTA,DELTA,DELTA,DELTA",
3.905129,2026-09-05T18:45:24.336+01:00,880674,1144847,1242,1242,True,True,0x0F,"OK,OK,OK,OK","DELTA,DELTA,DELTA,DELTA",
3.908955,2026-09-05T18:45:24.337+01:00,881916,1144848,1308,1308,True,True,0x0F,"OK,OK,OK,OK","DELTA,DELTA,DELTA,DELTA",
3.913686,2026-09-05T18:45:24.341+01:00,883224,1144849,1198,1198,True,True,0x0F,"OK,OK,OK,OK","DELTA,DELTA,DELTA,DELTA",
3.921386,2026-09-05T18:45:24.345+01:00,884422,1144850,1032,1032,True,True,0x0F,"OK,OK,OK,OK","DELTA,DELTA,DELTA,DELTA",
3.923739,2026-09-05T18:45:24.353+01:00,885454,1144851,1152,1152,True,True,0x0F,"OK,OK,OK,OK","DELTA,DELTA,DELTA,DELTA",
3.929109,2026-09-05T18:45:24.355+01:00,886606,1144852,1276,1276,True,True,0x0F,"OK,OK,OK,OK","DELTA,DELTA,DELTA,DELTA",
3.938109,2026-09-05T18:45:24.361+01:00,887882,1144853,1160,1160,True,True,0x0F,"OK,OK,OK,OK","DELTA,DELTA,DELTA,DELTA",
3.938984,2026-09-05T18:45:24.370+01:00,889042,1144854,986,986,True,True,0x0F,"OK,OK,OK,OK","DELTA,DELTA,DELTA,DELTA",
3.944084,2026-09-05T18:45:24.371+01:00,890028,1144855,1254,1254,True,True,0x0F,"OK,OK,OK,OK","DELTA,DELTA,DELTA,DELTA",
3.948640,2026-09-05T18:45:24.376+01:00,891282,1144856,1258,1258,True,True,0x0F,"OK,OK,OK,OK","DELTA,DELTA,DELTA,DELTA",
3.955587,2026-09-05T18:45:24.380+01:00,892540,1144857,1052,1052,True,True,0x0F,"OK,OK,OK,OK","DELTA,DELTA,DELTA,DELTA",
3.959002,2026-09-05T18:45:24.387+01:00,893592,1144858,990,990,True,True,0x0F,"OK,OK,OK,OK","DELTA,DELTA,DELTA,DELTA",
3.963859,2026-09-05T18:45:24.391+01:00,894582,1144859,1246,1246,True,True,0x0F,"OK,OK,OK,OK","DELTA,DELTA,DELTA,DELTA",
3.972153,2026-09-05T18:45:24.395+01:00,895828,1144860,1204,1204,True,True,0x0F,"OK,OK,OK,OK","DELTA,DELTA,DELTA,DELTA",
3.973584,2026-09-05T18:45:24.404+01:00,897032,1144861,1024,1024,True,True,0x0F,"OK,OK,OK,OK","DELTA,DELTA,DELTA,DELTA",
3.978707,2026-09-05T18:45:24.405+01:00,898056,1144862,1036,1036,True,True,0x0F,"OK,OK,OK,OK","DELTA,DELTA,DELTA,DELTA",
3.983798,2026-09-05T18:45:24.410+01:00,899092,1144863,1066,1066,True,True,0x0F,"OK,OK,OK,OK","DELTA,DELTA,DELTA,DELTA",
3.988638,2026-09-05T18:45:24.415+01:00,900158,1144864,1196,1196,True,True,0x0F,"OK,OK,OK,OK","DELTA,DELTA,DELTA,DELTA",
3.993496,2026-09-05T18:45:24.420+01:00,901354,1144865,1132,1132,True,True,0x0F,"OK,OK,OK,OK","DELTA,DELTA,DELTA,DELTA",
3.998486,2026-09-05T18:45:24.425+01:00,902486,1144866,974,974,True,True,0x0F,"OK,OK,OK,OK","DELTA,DELTA,DELTA,DELTA",
4.013103,2026-09-05T18:45:24.430+01:00,903460,1144867,1178,1178,True,True,0x0F,"OK,OK,OK,OK","DELTA,DELTA,DELTA,DELTA",
4.014132,2026-09-05T18:45:24.445+01:00,904638,1144868,1228,1228,True,True,0x0F,"OK,OK,OK,OK","DELTA,DELTA,DELTA,DELTA",
4.015121,2026-09-05T18:45:24.446+01:00,905866,1144869,1190,1190,True,True,0x0F,"OK,OK,OK,OK","DELTA,DELTA,DELTA,DELTA",
4.018717,2026-09-05T18:45:24.447+01:00,907056,1144870,990,990,True,True,0x0F,"OK,OK,OK,OK","DELTA,DELTA,DELTA,DELTA",
4.023558,2026-09-05T18:45:24.450+01:00,908046,1144871,1188,1188,True,True,0x0F,"OK,OK,OK,OK","DELTA,DELTA,DELTA,DELTA",
4.031424,2026-09-05T18:45:24.455+01:00,909234,1144872,1214,1214,True,True,0x0F,"OK,OK,OK,OK","DELTA,DELTA,DELTA,DELTA",
4.033457,2026-09-05T18:45:24.463+01:00,910448,1144873,1168,1168,True,True,0x0F,"OK,OK,OK,OK","DELTA,DELTA,DELTA,DELTA",
4.038621,2026-09-05T18:45:24.465+01:00,911616,1144874,944,944,True,True,0x0F,"OK,OK,OK,OK","DELTA,DELTA,DELTA,DELTA",
4.047347,2026-09-05T18:45:24.470+01:00,912560,1144875,1090,1090,True,True,0x0F,"OK,OK,OK,OK","DELTA,DELTA,DELTA,DELTA",
4.048669,2026-09-05T18:45:24.479+01:00,913650,1144876,1154,1154,True,True,0x0F,"OK,OK,OK,OK","DELTA,DELTA,DELTA,DELTA",
4.053755,2026-09-05T18:45:24.480+01:00,914804,1144877,1238,1238,True,True,0x0F,"OK,OK,OK,OK","DELTA,DELTA,DELTA,DELTA",
4.064100,2026-09-05T18:45:24.485+01:00,916042,1144878,1094,1094,True,True,0x0F,"OK,OK,OK,OK","DELTA,DELTA,DELTA,DELTA",
4.065014,2026-09-05T18:45:24.496+01:00,917136,1144879,1032,1032,True,True,0x0F,"OK,OK,OK,OK","DELTA,DELTA,DELTA,DELTA",
4.068772,2026-09-05T18:45:24.497+01:00,918168,1144880,1174,1174,True,True,0x0F,"OK,OK,OK,OK","DELTA,DELTA,DELTA,DELTA",
4.073634,2026-09-05T18:45:24.500+01:00,919342,1144881,1154,1154,True,True,0x0F,"OK,OK,OK,OK","DELTA,DELTA,DELTA,DELTA",
4.080946,2026-09-05T18:45:24.505+01:00,920496,1144882,984,984,True,True,0x0F,"OK,OK,OK,OK","DELTA,DELTA,DELTA,DELTA",
4.083715,2026-09-05T18:45:24.512+01:00,921480,1144883,1136,1136,True,True,0x0F,"OK,OK,OK,OK","DELTA,DELTA,DELTA,DELTA",
4.088675,2026-09-05T18:45:24.515+01:00,922616,1144884,1110,1110,True,True,0x0F,"OK,OK,OK,OK","DELTA,DELTA,DELTA,DELTA",
4.097366,2026-09-05T18:45:24.520+01:00,923726,1144885,1080,1080,True,True,0x0F,"OK,OK,OK,OK","DELTA,DELTA,DELTA,DELTA",
4.098619,2026-09-05T18:45:24.529+01:00,924806,1144886,1006,1006,True,True,0x0F,"OK,OK,OK,OK","DELTA,DELTA,DELTA,DELTA",
4.103715,2026-09-05T18:45:24.530+01:00,925812,1144887,1124,1124,True,True,0x0F,"OK,OK,OK,OK","DELTA,DELTA,DELTA,DELTA",
4.114443,2026-09-05T18:45:24.535+01:00,926936,1144888,1296,1296,True,True,0x0F,"OK,OK,OK,OK","DELTA,DELTA,DELTA,DELTA",
4.115310,2026-09-05T18:45:24.546+01:00,928232,1144889,1090,1090,True,True,0x0F,"OK,OK,OK,OK","DELTA,DELTA,DELTA,DELTA",
4.118607,2026-09-05T18:45:24.547+01:00,929322,1144890,990,990,True,True,0x0F,"OK,OK,OK,OK","DELTA,DELTA,DELTA,DELTA",
4.124361,2026-09-05T18:45:24.550+01:00,930312,1144891,1150,1150,True,True,0x0F,"OK,OK,OK,OK","DELTA,DELTA,DELTA,DELTA",
4.132065,2026-09-05T18:45:24.556+01:00,931462,1144892,1214,1214,True,True,0x0F,"OK,OK,OK,OK","DELTA,DELTA,DELTA,DELTA",
4.133493,2026-09-05T18:45:24.564+01:00,932676,1144893,1070,1070,True,True,0x0F,"OK,OK,OK,OK","DELTA,DELTA,DELTA,DELTA",
4.138385,2026-09-05T18:45:24.565+01:00,933746,1144894,1012,1012,True,True,0x0F,"OK,OK,OK,OK","DELTA,DELTA,DELTA,DELTA",
4.143568,2026-09-05T18:45:24.570+01:00,934758,1144895,1156,1156,True,True,0x0F,"OK,OK,OK,OK","DELTA,DELTA,DELTA,DELTA",
4.149718,2026-09-05T18:45:24.575+01:00,935914,1144896,1210,1210,True,True,0x0F,"OK,OK,OK,OK","DELTA,DELTA,DELTA,DELTA",
4.153384,2026-09-05T18:45:24.581+01:00,937124,1144897,1158,1158,True,True,0x0F,"OK,OK,OK,OK","DELTA,DELTA,DELTA,DELTA",
4.158445,2026-09-05T18:45:24.585+01:00,938282,1144898,1084,1084,True,True,0x0F,"OK,OK,OK,OK","DELTA,DELTA,DELTA,DELTA",
4.169526,2026-09-05T18:45:24.590+01:00,939366,1144899,1222,1222,True,True,0x0F,"OK,OK,OK,OK","DELTA,DELTA,DELTA,DELTA",
4.170329,2026-09-05T18:45:24.601+01:00,940588,1144900,1136,1136,True,True,0x0F,"OK,OK,OK,OK","DELTA,DELTA,DELTA,DELTA",
4.182172,2026-09-05T18:45:24.602+01:00,941724,1144901,1176,1176,True,True,0x0F,"OK,OK,OK,OK","DELTA,DELTA,DELTA,DELTA",
4.183329,2026-09-05T18:45:24.614+01:00,942900,1144902,976,976,True,True,0x0F,"OK,OK,OK,OK","DELTA,DELTA,DELTA,DELTA",
4.184639,2026-09-05T18:45:24.615+01:00,943876,1144903,1220,1220,True,True,0x0F,"OK,OK,OK,OK","DELTA,DELTA,DELTA,DELTA",
4.188704,2026-09-05T18:45:24.617+01:00,945096,1144904,1160,1160,True,True,0x0F,"OK,OK,OK,OK","DELTA,DELTA,DELTA,DELTA",
4.193645,2026-09-05T18:45:24.620+01:00,946256,1144905,4216,4216,True,True,0x0F,"OK,OK,OK,OK","DELTA_SYNC,DELTA_SYNC,DELTA_SYNC,DELTA_SYNC",
4.201820,2026-09-05T18:45:24.625+01:00,950472,1144906,972,972,True,True,0x0F,"OK,OK,OK,OK","DELTA,DELTA,DELTA,DELTA",
4.203572,2026-09-05T18:45:24.633+01:00,951444,1144907,1152,1152,True,True,0x0F,"OK,OK,OK,OK","DELTA,DELTA,DELTA,DELTA",
4.208733,2026-09-05T18:45:24.635+01:00,952596,1144908,1248,1248,True,True,0x0F,"OK,OK,OK,OK","DELTA,DELTA,DELTA,DELTA",
4.218019,2026-09-05T18:45:24.640+01:00,953844,1144909,1176,1176,True,True,0x0F,"OK,OK,OK,OK","DELTA,DELTA,DELTA,DELTA",
4.218892,2026-09-05T18:45:24.650+01:00,955020,1144910,910,910,True,True,0x0F,"OK,OK,OK,OK","DELTA,DELTA,DELTA,DELTA",
4.223738,2026-09-05T18:45:24.650+01:00,955930,1144911,1192,1192,True,True,0x0F,"OK,OK,OK,OK","DELTA,DELTA,DELTA,DELTA",
4.234507,2026-09-05T18:45:24.655+01:00,957122,1144912,1176,1176,True,True,0x0F,"OK,OK,OK,OK","DELTA,DELTA,DELTA,DELTA",
4.235728,2026-09-05T18:45:24.666+01:00,958298,1144913,1178,1178,True,True,0x0F,"OK,OK,OK,OK","DELTA,DELTA,DELTA,DELTA",
4.238454,2026-09-05T18:45:24.667+01:00,959476,1144914,928,928,True,True,0x0F,"OK,OK,OK,OK","DELTA,DELTA,DELTA,DELTA",
4.243586,2026-09-05T18:45:24.670+01:00,960404,1144915,1170,1170,True,True,0x0F,"OK,OK,OK,OK","DELTA,DELTA,DELTA,DELTA",
4.251891,2026-09-05T18:45:24.675+01:00,961574,1144916,1182,1182,True,True,0x0F,"OK,OK,OK,OK","DELTA,DELTA,DELTA,DELTA",
4.253361,2026-09-05T18:45:24.683+01:00,962756,1144917,1140,1140,True,True,0x0F,"OK,OK,OK,OK","DELTA,DELTA,DELTA,DELTA",
4.258561,2026-09-05T18:45:24.685+01:00,963896,1144918,982,982,True,True,0x0F,"OK,OK,OK,OK","DELTA,DELTA,DELTA,DELTA",
4.268372,2026-09-05T18:45:24.690+01:00,964878,1144919,1116,1116,True,True,0x0F,"OK,OK,OK,OK","DELTA,DELTA,DELTA,DELTA",
4.269281,2026-09-05T18:45:24.700+01:00,965994,1144920,1236,1236,True,True,0x0F,"OK,OK,OK,OK","DELTA,DELTA,DELTA,DELTA",
4.273840,2026-09-05T18:45:24.701+01:00,967230,1144921,1110,1110,True,True,0x0F,"OK,OK,OK,OK","DELTA,DELTA,DELTA,DELTA",
4.278621,2026-09-05T18:45:24.705+01:00,968340,1144922,1072,1072,True,True,0x0F,"OK,OK,OK,OK","DELTA,DELTA,DELTA,DELTA",
4.285250,2026-09-05T18:45:24.710+01:00,969412,1144923,1122,1122,True,True,0x0F,"OK,OK,OK,OK","DELTA,DELTA,DELTA,DELTA",
4.288524,2026-09-05T18:45:24.717+01:00,970534,1144924,1204,1204,True,True,0x0F,"OK,OK,OK,OK","DELTA,DELTA,DELTA,DELTA",
4.294334,2026-09-05T18:45:24.720+01:00,971738,1144925,1122,1122,True,True,0x0F,"OK,OK,OK,OK","DELTA,DELTA,DELTA,DELTA",
4.301344,2026-09-05T18:45:24.726+01:00,972860,1144926,1044,1044,True,True,0x0F,"OK,OK,OK,OK","DELTA,DELTA,DELTA,DELTA",
4.303587,2026-09-05T18:45:24.733+01:00,973904,1144927,1122,1122,True,True,0x0F,"OK,OK,OK,OK","DELTA,DELTA,DELTA,DELTA",
4.308480,2026-09-05T18:45:24.735+01:00,975026,1144928,1138,1138,True,True,0x0F,"OK,OK,OK,OK","DELTA,DELTA,DELTA,DELTA",
4.314318,2026-09-05T18:45:24.740+01:00,976164,1144929,1130,1130,True,True,0x0F,"OK,OK,OK,OK","DELTA,DELTA,DELTA,DELTA",
4.319074,2026-09-05T18:45:24.746+01:00,977294,1144930,992,992,True,True,0x0F,"OK,OK,OK,OK","DELTA,DELTA,DELTA,DELTA",
4.323535,2026-09-05T18:45:24.751+01:00,978286,1144931,1136,1136,True,True,0x0F,"OK,OK,OK,OK","DELTA,DELTA,DELTA,DELTA",
4.328329,2026-09-05T18:45:24.755+01:00,979422,1144932,1108,1108,True,True,0x0F,"OK,OK,OK,OK","DELTA,DELTA,DELTA,DELTA",
4.343040,2026-09-05T18:45:24.760+01:00,980530,1144933,1200,1200,True,True,0x0F,"OK,OK,OK,OK","DELTA,DELTA,DELTA,DELTA",
4.344257,2026-09-05T18:45:24.775+01:00,981730,1144934,976,976,True,True,0x0F,"OK,OK,OK,OK","DELTA,DELTA,DELTA,DELTA",
4.345157,2026-09-05T18:45:24.776+01:00,982706,1144935,1120,1120,True,True,0x0F,"OK,OK,OK,OK","DELTA,DELTA,DELTA,DELTA",
4.348647,2026-09-05T18:45:24.777+01:00,983826,1144936,1186,1186,True,True,0x0F,"OK,OK,OK,OK","DELTA,DELTA,DELTA,DELTA",
4.353320,2026-09-05T18:45:24.780+01:00,985012,1144937,1152,1152,True,True,0x0F,"OK,OK,OK,OK","DELTA,DELTA,DELTA,DELTA",
4.361652,2026-09-05T18:45:24.785+01:00,986164,1144938,914,914,True,True,0x0F,"OK,OK,OK,OK","DELTA,DELTA,DELTA,DELTA",
4.363531,2026-09-05T18:45:24.793+01:00,987078,1144939,1100,1100,True,True,0x0F,"OK,OK,OK,OK","DELTA,DELTA,DELTA,DELTA",
4.368623,2026-09-05T18:45:24.795+01:00,988178,1144940,1132,1132,True,True,0x0F,"OK,OK,OK,OK","DELTA,DELTA,DELTA,DELTA",
4.378315,2026-09-05T18:45:24.800+01:00,989310,1144941,1108,1108,True,True,0x0F,"OK,OK,OK,OK","DELTA,DELTA,DELTA,DELTA",
4.379230,2026-09-05T18:45:24.810+01:00,990418,1144942,986,986,True,True,0x0F,"OK,OK,OK,OK","DELTA,DELTA,DELTA,DELTA",
4.383610,2026-09-05T18:45:24.811+01:00,991404,1144943,1194,1194,True,True,0x0F,"OK,OK,OK,OK","DELTA,DELTA,DELTA,DELTA",
4.388515,2026-09-05T18:45:24.815+01:00,992598,1144944,1076,1076,True,True,0x0F,"OK,OK,OK,OK","DELTA,DELTA,DELTA,DELTA",
4.395229,2026-09-05T18:45:24.820+01:00,993674,1144945,1134,1134,True,True,0x0F,"OK,OK,OK,OK","DELTA,DELTA,DELTA,DELTA",
4.398538,2026-09-05T18:45:24.827+01:00,994808,1144946,964,964,True,True,0x0F,"OK,OK,OK,OK","DELTA,DELTA,DELTA,DELTA",
4.403534,2026-09-05T18:45:24.830+01:00,995772,1144947,1158,1158,True,True,0x0F,"OK,OK,OK,OK","DELTA,DELTA,DELTA,DELTA",
4.411498,2026-09-05T18:45:24.835+01:00,996930,1144948,1126,1126,True,True,0x0F,"OK,OK,OK,OK","DELTA,DELTA,DELTA,DELTA",
4.413300,2026-09-05T18:45:24.843+01:00,998056,1144949,1162,1162,True,True,0x0F,"OK,OK,OK,OK","DELTA,DELTA,DELTA,DELTA",
4.418531,2026-09-05T18:45:24.845+01:00,999218,1144950,944,944,True,True,0x0F,"OK,OK,OK,OK","DELTA,DELTA,DELTA,DELTA",
4.427969,2026-09-05T18:45:24.850+01:00,1000162,1144951,1190,1190,True,True,0x0F,"OK,OK,OK,OK","DELTA,DELTA,DELTA,DELTA",
4.429244,2026-09-05T18:45:24.859+01:00,1001352,1144952,1154,1154,True,True,0x0F,"OK,OK,OK,OK","DELTA,DELTA,DELTA,DELTA",
4.433642,2026-09-05T18:45:24.861+01:00,1002506,1144953,1180,1180,True,True,0x0F,"OK,OK,OK,OK","DELTA,DELTA,DELTA,DELTA",
4.438287,2026-09-05T18:45:24.865+01:00,1003686,1144954,962,962,True,True,0x0F,"OK,OK,OK,OK","DELTA,DELTA,DELTA,DELTA",
4.444765,2026-09-05T18:45:24.870+01:00,1004648,1144955,1120,1120,True,True,0x0F,"OK,OK,OK,OK","DELTA,DELTA,DELTA,DELTA",
4.448764,2026-09-05T18:45:24.876+01:00,1005768,1144956,1208,1208,True,True,0x0F,"OK,OK,OK,OK","DELTA,DELTA,DELTA,DELTA",
4.453466,2026-09-05T18:45:24.880+01:00,1006976,1144957,1176,1176,True,True,0x0F,"OK,OK,OK,OK","DELTA,DELTA,DELTA,DELTA",
4.461050,2026-09-05T18:45:24.885+01:00,1008152,1144958,920,920,True,True,0x0F,"OK,OK,OK,OK","DELTA,DELTA,DELTA,DELTA",
4.463634,2026-09-05T18:45:24.893+01:00,1009072,1144959,1184,1184,True,True,0x0F,"OK,OK,OK,OK","DELTA,DELTA,DELTA,DELTA",
4.468709,2026-09-05T18:45:24.895+01:00,1010256,1144960,1216,1216,True,True,0x0F,"OK,OK,OK,OK","DELTA,DELTA,DELTA,DELTA",
4.474257,2026-09-05T18:45:24.900+01:00,1011472,1144961,1148,1148,True,True,0x0F,"OK,OK,OK,OK","DELTA,DELTA,DELTA,DELTA",
4.479009,2026-09-05T18:45:24.906+01:00,1012620,1144962,984,984,True,True,0x0F,"OK,OK,OK,OK","DELTA,DELTA,DELTA,DELTA",
4.483256,2026-09-05T18:45:24.911+01:00,1013604,1144963,1156,1156,True,True,0x0F,"OK,OK,OK,OK","DELTA,DELTA,DELTA,DELTA",
4.488267,2026-09-05T18:45:24.915+01:00,1014760,1144964,1144,1144,True,True,0x0F,"OK,OK,OK,OK","DELTA,DELTA,DELTA,DELTA",
4.498820,2026-09-05T18:45:24.920+01:00,1015904,1144965,1154,1154,True,True,0x0F,"OK,OK,OK,OK","DELTA,DELTA,DELTA,DELTA",
4.499534,2026-09-05T18:45:24.930+01:00,1017058,1144966,932,932,True,True,0x0F,"OK,OK,OK,OK","DELTA,DELTA,DELTA,DELTA",
4.511852,2026-09-05T18:45:24.931+01:00,1017990,1144967,1122,1122,True,True,0x0F,"OK,OK,OK,OK","DELTA,DELTA,DELTA,DELTA",
4.513041,2026-09-05T18:45:24.943+01:00,1019112,1144968,1144,1144,True,True,0x0F,"OK,OK,OK,OK","DELTA,DELTA,DELTA,DELTA",
4.513805,2026-09-05T18:45:24.945+01:00,1020256,1144969,1188,1188,True,True,0x0F,"OK,OK,OK,OK","DELTA,DELTA,DELTA,DELTA",
4.518597,2026-09-05T18:45:24.946+01:00,1021444,1144970,986,986,True,True,0x0F,"OK,OK,OK,OK","DELTA,DELTA,DELTA,DELTA",
4.523425,2026-09-05T18:45:24.950+01:00,1022430,1144971,1122,1122,True,True,0x0F,"OK,OK,OK,OK","DELTA,DELTA,DELTA,DELTA",
4.530234,2026-09-05T18:45:24.955+01:00,1023552,1144972,1194,1194,True,True,0x0F,"OK,OK,OK,OK","DELTA,DELTA,DELTA,DELTA",
4.533600,2026-09-05T18:45:24.962+01:00,1024746,1144973,1216,1216,True,True,0x0F,"OK,OK,OK,OK","DELTA,DELTA,DELTA,DELTA",
4.538374,2026-09-05T18:45:24.965+01:00,1025962,1144974,1044,1044,True,True,0x0F,"OK,OK,OK,OK","DELTA,DELTA,DELTA,DELTA",
4.546696,2026-09-05T18:45:24.970+01:00,1027006,1144975,1108,1108,True,True,0x0F,"OK,OK,OK,OK","DELTA,DELTA,DELTA,DELTA",
4.548536,2026-09-05T18:45:24.978+01:00,1028114,1144976,1152,1152,True,True,0x0F,"OK,OK,OK,OK","DELTA,DELTA,DELTA,DELTA",
4.553420,2026-09-05T18:45:24.980+01:00,1029266,1144977,1068,1068,True,True,0x0F,"OK,OK,OK,OK","DELTA,DELTA,DELTA,DELTA",
4.563225,2026-09-05T18:45:24.985+01:00,1030334,1144978,882,882,True,True,0x0F,"OK,OK,OK,OK","DELTA,DELTA,DELTA,DELTA",
4.564088,2026-09-05T18:45:24.995+01:00,1031216,1144979,1084,1084,True,True,0x0F,"OK,OK,OK,OK","DELTA,DELTA,DELTA,DELTA",
4.568641,2026-09-05T18:45:24.996+01:00,1032300,1144980,1194,1194,True,True,0x0F,"OK,OK,OK,OK","DELTA,DELTA,DELTA,DELTA",
4.573447,2026-09-05T18:45:25.000+01:00,1033494,1144981,1178,1178,True,True,0x0F,"OK,OK,OK,OK","DELTA,DELTA,DELTA,DELTA",
4.580600,2026-09-05T18:45:25.005+01:00,1034672,1144982,934,934,True,True,0x0F,"OK,OK,OK,OK","DELTA,DELTA,DELTA,DELTA",
4.583420,2026-09-05T18:45:25.012+01:00,1035606,1144983,1054,1054,True,True,0x0F,"OK,OK,OK,OK","DELTA,DELTA,DELTA,DELTA",
4.588345,2026-09-05T18:45:25.015+01:00,1036660,1144984,1190,1190,True,True,0x0F,"OK,OK,OK,OK","DELTA,DELTA,DELTA,DELTA",
4.596880,2026-09-05T18:45:25.020+01:00,1037850,1144985,1146,1146,True,True,0x0F,"OK,OK,OK,OK","DELTA,DELTA,DELTA,DELTA",
4.598309,2026-09-05T18:45:25.028+01:00,1038996,1144986,1002,1002,True,True,0x0F,"OK,OK,OK,OK","DELTA,DELTA,DELTA,DELTA",
4.603439,2026-09-05T18:45:25.030+01:00,1039998,1144987,1074,1074,True,True,0x0F,"OK,OK,OK,OK","DELTA,DELTA,DELTA,DELTA",
4.613197,2026-09-05T18:45:25.035+01:00,1041072,1144988,1204,1204,True,True,0x0F,"OK,OK,OK,OK","DELTA,DELTA,DELTA,DELTA",
4.614233,2026-09-05T18:45:25.045+01:00,1042276,1144989,1202,1202,True,True,0x0F,"OK,OK,OK,OK","DELTA,DELTA,DELTA,DELTA",
4.618384,2026-09-05T18:45:25.046+01:00,1043478,1144990,1052,1052,True,True,0x0F,"OK,OK,OK,OK","DELTA,DELTA,DELTA,DELTA",
4.623462,2026-09-05T18:45:25.050+01:00,1044530,1144991,1142,1142,True,True,0x0F,"OK,OK,OK,OK","DELTA,DELTA,DELTA,DELTA",
4.630176,2026-09-05T18:45:25.055+01:00,1045672,1144992,1224,1224,True,True,0x0F,"OK,OK,OK,OK","DELTA,DELTA,DELTA,DELTA",
4.633977,2026-09-05T18:45:25.062+01:00,1046896,1144993,1180,1180,True,True,0x0F,"OK,OK,OK,OK","DELTA,DELTA,DELTA,DELTA",
4.638479,2026-09-05T18:45:25.066+01:00,1048076,1144994,1086,1086,True,True,0x0F,"OK,OK,OK,OK","DELTA,DELTA,DELTA,DELTA",
4.643653,2026-09-05T18:45:25.070+01:00,1049162,1144995,1052,1052,True,True,0x0F,"OK,OK,OK,OK","DELTA,DELTA,DELTA,DELTA",
4.648354,2026-09-05T18:45:25.075+01:00,1050214,1144996,1108,1108,True,True,0x0F,"OK,OK,OK,OK","DELTA,DELTA,DELTA,DELTA",
4.653249,2026-09-05T18:45:25.080+01:00,1051322,1144997,1202,1202,True,True,0x0F,"OK,OK,OK,OK","DELTA,DELTA,DELTA,DELTA",
4.658026,2026-09-05T18:45:25.085+01:00,1052524,1144998,988,988,True,True,0x0F,"OK,OK,OK,OK","DELTA,DELTA,DELTA,DELTA",
4.672578,2026-09-05T18:45:25.090+01:00,1053512,1144999,1032,1032,True,True,0x0F,"OK,OK,OK,OK","DELTA,DELTA,DELTA,DELTA",
4.673582,2026-09-05T18:45:25.104+01:00,1054544,1145000,1166,1166,True,True,0x0F,"OK,OK,OK,OK","DELTA,DELTA,DELTA,DELTA",
4.674470,2026-09-05T18:45:25.105+01:00,1055710,1145001,1152,1152,True,True,0x0F,"OK,OK,OK,OK","DELTA,DELTA,DELTA,DELTA",
4.678274,2026-09-05T18:45:25.106+01:00,1056862,1145002,962,962,True,True,0x0F,"OK,OK,OK,OK","DELTA,DELTA,DELTA,DELTA",
4.683358,2026-09-05T18:45:25.110+01:00,1057824,1145003,1014,1014,True,True,0x0F,"OK,OK,OK,OK","DELTA,DELTA,DELTA,DELTA",
4.690455,2026-09-05T18:45:25.115+01:00,1058838,1145004,1146,1146,True,True,0x0F,"OK,OK,OK,OK","DELTA,DELTA,DELTA,DELTA",
4.693361,2026-09-05T18:45:25.122+01:00,1059984,1145005,1166,1166,True,True,0x0F,"OK,OK,OK,OK","DELTA,DELTA,DELTA,DELTA",
4.698480,2026-09-05T18:45:25.125+01:00,1061150,1145006,1018,1018,True,True,0x0F,"OK,OK,OK,OK","DELTA,DELTA,DELTA,DELTA",
4.706978,2026-09-05T18:45:25.130+01:00,1062168,1145007,1064,1064,True,True,0x0F,"OK,OK,OK,OK","DELTA,DELTA,DELTA,DELTA",
4.708431,2026-09-05T18:45:25.138+01:00,1063232,1145008,1136,1136,True,True,0x0F,"OK,OK,OK,OK","DELTA,DELTA,DELTA,DELTA",
4.713411,2026-09-05T18:45:25.140+01:00,1064368,1145009,1160,1160,True,True,0x0F,"OK,OK,OK,OK","DELTA,DELTA,DELTA,DELTA",
4.723664,2026-09-05T18:45:25.145+01:00,1065528,1145010,982,982,True,True,0x0F,"OK,OK,OK,OK","DELTA,DELTA,DELTA,DELTA",
4.724452,2026-09-05T18:45:25.155+01:00,1066510,1145011,1010,1010,True,True,0x0F,"OK,OK,OK,OK","DELTA,DELTA,DELTA,DELTA",
4.728893,2026-09-05T18:45:25.156+01:00,1067520,1145012,1204,1204,True,True,0x0F,"OK,OK,OK,OK","DELTA,DELTA,DELTA,DELTA",
4.733482,2026-09-05T18:45:25.160+01:00,1068724,1145013,1200,1200,True,True,0x0F,"OK,OK,OK,OK","DELTA,DELTA,DELTA,DELTA",
4.741499,2026-09-05T18:45:25.165+01:00,1069924,1145014,1040,1040,True,True,0x0F,"OK,OK,OK,OK","DELTA,DELTA,DELTA,DELTA",
4.743325,2026-09-05T18:45:25.173+01:00,1070964,1145015,1170,1170,True,True,0x0F,"OK,OK,OK,OK","DELTA,DELTA,DELTA,DELTA",
4.748451,2026-09-05T18:45:25.175+01:00,1072134,1145016,1198,1198,True,True,0x0F,"OK,OK,OK,OK","DELTA,DELTA,DELTA,DELTA",
4.757802,2026-09-05T18:45:25.180+01:00,1073332,1145017,1232,1232,True,True,0x0F,"OK,OK,OK,OK","DELTA,DELTA,DELTA,DELTA",
4.758660,2026-09-05T18:45:25.189+01:00,1074564,1145018,958,958,True,True,0x0F,"OK,OK,OK,OK","DELTA,DELTA,DELTA,DELTA",
4.763488,2026-09-05T18:45:25.190+01:00,1075522,1145019,1070,1070,True,True,0x0F,"OK,OK,OK,OK","DELTA,DELTA,DELTA,DELTA",
4.768143,2026-09-05T18:45:25.195+01:00,1076592,1145020,1144,1144,True,True,0x0F,"OK,OK,OK,OK","DELTA,DELTA,DELTA,DELTA",
4.774693,2026-09-05T18:45:25.200+01:00,1077736,1145021,1276,1276,True,True,0x0F,"OK,OK,OK,OK","DELTA,DELTA,DELTA,DELTA",
4.778300,2026-09-05T18:45:25.206+01:00,1079012,1145022,990,990,True,True,0x0F,"OK,OK,OK,OK","DELTA,DELTA,DELTA,DELTA",
4.783256,2026-09-05T18:45:25.210+01:00,1080002,1145023,1090,1090,True,True,0x0F,"OK,OK,OK,OK","DELTA,DELTA,DELTA,DELTA",
4.791284,2026-09-05T18:45:25.215+01:00,1081092,1145024,1158,1158,True,True,0x0F,"OK,OK,OK,OK","DELTA,DELTA,DELTA,DELTA",
4.793393,2026-09-05T18:45:25.223+01:00,1082250,1145025,1190,1190,True,True,0x0F,"OK,OK,OK,OK","DELTA,DELTA,DELTA,DELTA",
4.798430,2026-09-05T18:45:25.225+01:00,1083440,1145026,1064,1064,True,True,0x0F,"OK,OK,OK,OK","DELTA,DELTA,DELTA,DELTA",
4.803369,2026-09-05T18:45:25.230+01:00,1084504,1145027,1132,1132,True,True,0x0F,"OK,OK,OK,OK","DELTA,DELTA,DELTA,DELTA",
4.809066,2026-09-05T18:45:25.236+01:00,1085636,1145028,1106,1106,True,True,0x0F,"OK,OK,OK,OK","DELTA,DELTA,DELTA,DELTA",
4.813073,2026-09-05T18:45:25.241+01:00,1086742,1145029,1178,1178,True,True,0x0F,"OK,OK,OK,OK","DELTA,DELTA,DELTA,DELTA",
4.818037,2026-09-05T18:45:25.245+01:00,1087920,1145030,1054,1054,True,True,0x0F,"OK,OK,OK,OK","DELTA,DELTA,DELTA,DELTA",
4.828416,2026-09-05T18:45:25.250+01:00,1088974,1145031,1060,1060,True,True,0x0F,"OK,OK,OK,OK","DELTA,DELTA,DELTA,DELTA",
4.829031,2026-09-05T18:45:25.260+01:00,1090034,1145032,1098,1098,True,True,0x0F,"OK,OK,OK,OK","DELTA,DELTA,DELTA,DELTA",
4.841203,2026-09-05T18:45:25.261+01:00,1091132,1145033,1152,1152,True,True,0x0F,"OK,OK,OK,OK","DELTA,DELTA,DELTA,DELTA",
4.842138,2026-09-05T18:45:25.273+01:00,1092284,1145034,984,984,True,True,0x0F,"OK,OK,OK,OK","DELTA,DELTA,DELTA,DELTA",
4.843330,2026-09-05T18:45:25.274+01:00,1093268,1145035,1014,1014,True,True,0x0F,"OK,OK,OK,OK","DELTA,DELTA,DELTA,DELTA",
4.848452,2026-09-05T18:45:25.275+01:00,1094282,1145036,1268,1268,True,True,0x0F,"OK,OK,OK,OK","DELTA,DELTA,DELTA,DELTA",
4.858942,2026-09-05T18:45:25.280+01:00,1095550,1145037,1178,1178,True,True,0x0F,"OK,OK,OK,OK","DELTA,DELTA,DELTA,DELTA",
4.859807,2026-09-05T18:45:25.290+01:00,1096728,1145038,1042,1042,True,True,0x0F,"OK,OK,OK,OK","DELTA,DELTA,DELTA,DELTA",
4.863563,2026-09-05T18:45:25.291+01:00,1097770,1145039,1084,1084,True,True,0x0F,"OK,OK,OK,OK","DELTA,DELTA,DELTA,DELTA",
4.868337,2026-09-05T18:45:25.295+01:00,1098854,1145040,1194,1194,True,True,0x0F,"OK,OK,OK,OK","DELTA,DELTA,DELTA,DELTA",
4.876148,2026-09-05T18:45:25.300+01:00,1100048,1145041,1162,1162,True,True,0x0F,"OK,OK,OK,OK","DELTA,DELTA,DELTA,DELTA",
4.877913,2026-09-05T18:45:25.308+01:00,1101210,1145042,1010,1010,True,True,0x0F,"OK,OK,OK,OK","DELTA,DELTA,DELTA,DELTA",
4.883099,2026-09-05T18:45:25.310+01:00,1102220,1145043,1034,1034,True,True,0x0F,"OK,OK,OK,OK","DELTA,DELTA,DELTA,DELTA",
4.893079,2026-09-05T18:45:25.315+01:00,1103254,1145044,1276,1276,True,True,0x0F,"OK,OK,OK,OK","DELTA,DELTA,DELTA,DELTA",
4.894012,2026-09-05T18:45:25.325+01:00,1104530,1145045,1212,1212,True,True,0x0F,"OK,OK,OK,OK","DELTA,DELTA,DELTA,DELTA",
4.898182,2026-09-05T18:45:25.326+01:00,1105742,1145046,982,982,True,True,0x0F,"OK,OK,OK,OK","DELTA,DELTA,DELTA,DELTA",
4.903251,2026-09-05T18:45:25.330+01:00,1106724,1145047,1128,1128,True,True,0x0F,"OK,OK,OK,OK","DELTA,DELTA,DELTA,DELTA",
4.910165,2026-09-05T18:45:25.335+01:00,1107852,1145048,1236,1236,True,True,0x0F,"OK,OK,OK,OK","DELTA,DELTA,DELTA,DELTA",
4.913055,2026-09-05T18:45:25.342+01:00,1109088,1145049,1122,1122,True,True,0x0F,"OK,OK,OK,OK","DELTA,DELTA,DELTA,DELTA",
4.918327,2026-09-05T18:45:25.345+01:00,1110210,1145050,1016,1016,True,True,0x0F,"OK,OK,OK,OK","DELTA,DELTA,DELTA,DELTA",
4.926614,2026-09-05T18:45:25.350+01:00,1111226,1145051,1166,1166,True,True,0x0F,"OK,OK,OK,OK","DELTA,DELTA,DELTA,DELTA",
4.928156,2026-09-05T18:45:25.358+01:00,1112392,1145052,1154,1154,True,True,0x0F,"OK,OK,OK,OK","DELTA,DELTA,DELTA,DELTA",
4.933373,2026-09-05T18:45:25.360+01:00,1113546,1145053,1252,1252,True,True,0x0F,"OK,OK,OK,OK","DELTA,DELTA,DELTA,DELTA",
4.943235,2026-09-05T18:45:25.365+01:00,1114798,1145054,1118,1118,True,True,0x0F,"OK,OK,OK,OK","DELTA,DELTA,DELTA,DELTA",
4.944104,2026-09-05T18:45:25.375+01:00,1115916,1145055,1172,1172,True,True,0x0F,"OK,OK,OK,OK","DELTA,DELTA,DELTA,DELTA",
4.948267,2026-09-05T18:45:25.376+01:00,1117088,1145056,1210,1210,True,True,0x0F,"OK,OK,OK,OK","DELTA,DELTA,DELTA,DELTA",
4.953181,2026-09-05T18:45:25.380+01:00,1118298,1145057,1222,1222,True,True,0x0F,"OK,OK,OK,OK","DELTA,DELTA,DELTA,DELTA",
4.959734,2026-09-05T18:45:25.385+01:00,1119520,1145058,1086,1086,True,True,0x0F,"OK,OK,OK,OK","DELTA,DELTA,DELTA,DELTA",
4.963333,2026-09-05T18:45:25.392+01:00,1120606,1145059,1162,1162,True,True,0x0F,"OK,OK,OK,OK","DELTA,DELTA,DELTA,DELTA",
4.968561,2026-09-05T18:45:25.395+01:00,1121768,1145060,1262,1262,True,True,0x0F,"OK,OK,OK,OK","DELTA,DELTA,DELTA,DELTA",
4.973556,2026-09-05T18:45:25.400+01:00,1123030,1145061,1312,1312,True,True,0x0F,"OK,OK,OK,OK","DELTA,DELTA,DELTA,DELTA",
4.981290,2026-09-05T18:45:25.411+01:00,1124342,1145062,1006,1006,True,True,0x0F,"OK,OK,OK,OK","DELTA,DELTA,DELTA,DELTA",
4.983486,2026-09-05T18:45:25.413+01:00,1125348,1145063,1058,1058,True,True,0x0F,"OK,OK,OK,OK","DELTA,DELTA,DELTA,DELTA",
4.988332,2026-09-05T18:45:25.415+01:00,1126406,1145064,1166,1166,True,True,0x0F,"OK,OK,OK,OK","DELTA,DELTA,DELTA,DELTA",
5.004824,2026-09-05T18:45:25.420+01:00,1127572,1145065,1276,1276,True,True,0x0F,"OK,OK,OK,OK","DELTA,DELTA,DELTA,DELTA",
5.005887,2026-09-05T18:45:25.436+01:00,1128848,1145066,1062,1062,True,True,0x0F,"OK,OK,OK,OK","DELTA,DELTA,DELTA,DELTA",
5.006801,2026-09-05T18:45:25.437+01:00,1129910,1145067,1100,1100,True,True,0x0F,"OK,OK,OK,OK","DELTA,DELTA,DELTA,DELTA",
5.008341,2026-09-05T18:45:25.439+01:00,1131010,1145068,1226,1226,True,True,0x0F,"OK,OK,OK,OK","DELTA,DELTA,DELTA,DELTA",
5.013493,2026-09-05T18:45:25.440+01:00,1132236,1145069,1216,1216,True,True,0x0F,"OK,OK,OK,OK","DELTA,DELTA,DELTA,DELTA",
5.022791,2026-09-05T18:45:25.445+01:00,1133452,1145070,1102,1102,True,True,0x0F,"OK,OK,OK,OK","DELTA,DELTA,DELTA,DELTA",
5.023633,2026-09-05T18:45:25.454+01:00,1134554,1145071,1072,1072,True,True,0x0F,"OK,OK,OK,OK","DELTA,DELTA,DELTA,DELTA",
5.028360,2026-09-05T18:45:25.455+01:00,1135626,1145072,1156,1156,True,True,0x0F,"OK,OK,OK,OK","DELTA,DELTA,DELTA,DELTA",
5.038767,2026-09-05T18:45:25.460+01:00,1136782,1145073,1176,1176,True,True,0x0F,"OK,OK,OK,OK","DELTA,DELTA,DELTA,DELTA",
5.039655,2026-09-05T18:45:25.470+01:00,1137958,1145074,1012,1012,True,True,0x0F,"OK,OK,OK,OK","DELTA,DELTA,DELTA,DELTA",
5.043261,2026-09-05T18:45:25.471+01:00,1138970,1145075,1102,1102,True,True,0x0F,"OK,OK,OK,OK","DELTA,DELTA,DELTA,DELTA",
5.048437,2026-09-05T18:45:25.475+01:00,1140072,1145076,1220,1220,True,True,0x0F,"OK,OK,OK,OK","DELTA,DELTA,DELTA,DELTA",
5.056562,2026-09-05T18:45:25.480+01:00,1141292,1145077,1118,1118,True,True,0x0F,"OK,OK,OK,OK","DELTA,DELTA,DELTA,DELTA",
5.058286,2026-09-05T18:45:25.488+01:00,1142410,1145078,1098,1098,True,True,0x0F,"OK,OK,OK,OK","DELTA,DELTA,DELTA,DELTA",
5.063304,2026-09-05T18:45:25.490+01:00,1143508,1145079,1048,1048,True,True,0x0F,"OK,OK,OK,OK","DELTA,DELTA,DELTA,DELTA",
5.073291,2026-09-05T18:45:25.495+01:00,1144556,1145080,1218,1218,True,True,0x0F,"OK,OK,OK,OK","DELTA,DELTA,DELTA,DELTA",
5.074152,2026-09-05T18:45:25.505+01:00,1145774,1145081,1186,1186,True,True,0x0F,"OK,OK,OK,OK","DELTA,DELTA,DELTA,DELTA",
5.078325,2026-09-05T18:45:25.506+01:00,1146960,1145082,1122,1122,True,True,0x0F,"OK,OK,OK,OK","DELTA,DELTA,DELTA,DELTA",
5.082976,2026-09-05T18:45:25.510+01:00,1148082,1145083,948,948,True,True,0x0F,"OK,OK,OK,OK","DELTA,DELTA,DELTA,DELTA",
5.091013,2026-09-05T18:45:25.515+01:00,1149030,1145084,1236,1236,True,True,0x0F,"OK,OK,OK,OK","DELTA,DELTA,DELTA,DELTA",
5.093006,2026-09-05T18:45:25.523+01:00,1150266,1145085,1144,1144,True,True,0x0F,"OK,OK,OK,OK","DELTA,DELTA,DELTA,DELTA",
5.098146,2026-09-05T18:45:25.525+01:00,1151410,1145086,1028,1028,True,True,0x0F,"OK,OK,OK,OK","DELTA,DELTA,DELTA,DELTA",
5.107812,2026-09-05T18:45:25.530+01:00,1152438,1145087,1132,1132,True,True,0x0F,"OK,OK,OK,OK","DELTA,DELTA,DELTA,DELTA",
5.108741,2026-09-05T18:45:25.539+01:00,1153570,1145088,1190,1190,True,True,0x0F,"OK,OK,OK,OK","DELTA,DELTA,DELTA,DELTA",
5.113240,2026-09-05T18:45:25.540+01:00,1154760,1145089,1156,1156,True,True,0x0F,"OK,OK,OK,OK","DELTA,DELTA,DELTA,DELTA",
5.118005,2026-09-05T18:45:25.545+01:00,1155916,1145090,1052,1052,True,True,0x0F,"OK,OK,OK,OK","DELTA,DELTA,DELTA,DELTA",
5.124712,2026-09-05T18:45:25.550+01:00,1156968,1145091,1120,1120,True,True,0x0F,"OK,OK,OK,OK","DELTA,DELTA,DELTA,DELTA",
5.128398,2026-09-05T18:45:25.556+01:00,1158088,1145092,1256,1256,True,True,0x0F,"OK,OK,OK,OK","DELTA,DELTA,DELTA,DELTA",
5.133396,2026-09-05T18:45:25.560+01:00,1159344,1145093,1224,1224,True,True,0x0F,"OK,OK,OK,OK","DELTA,DELTA,DELTA,DELTA",
5.138405,2026-09-05T18:45:25.565+01:00,1160568,1145094,1010,1010,True,True,0x0F,"OK,OK,OK,OK","DELTA,DELTA,DELTA,DELTA",
5.143068,2026-09-05T18:45:25.570+01:00,1161578,1145095,1078,1078,True,True,0x0F,"OK,OK,OK,OK","DELTA,DELTA,DELTA,DELTA",
5.148393,2026-09-05T18:45:25.575+01:00,1162656,1145096,1188,1188,True,True,0x0F,"OK,OK,OK,OK","DELTA,DELTA,DELTA,DELTA",
5.153001,2026-09-05T18:45:25.580+01:00,1163844,1145097,1196,1196,True,True,0x0F,"OK,OK,OK,OK","DELTA,DELTA,DELTA,DELTA",
5.164301,2026-09-05T18:45:25.585+01:00,1165040,1145098,1066,1066,True,True,0x0F,"OK,OK,OK,OK","DELTA,DELTA,DELTA,DELTA",
5.165528,2026-09-05T18:45:25.596+01:00,1166106,1145099,1092,1092,True,True,0x0F,"OK,OK,OK,OK","DELTA,DELTA,DELTA,DELTA",
5.178767,2026-09-05T18:45:25.597+01:00,1167198,1145100,1220,1220,True,True,0x0F,"OK,OK,OK,OK","DELTA,DELTA,DELTA,DELTA",
5.180283,2026-09-05T18:45:25.610+01:00,1168418,1145101,1226,1226,True,True,0x0F,"OK,OK,OK,OK","DELTA,DELTA,DELTA,DELTA",
5.181168,2026-09-05T18:45:25.612+01:00,1169644,1145102,1086,1086,True,True,0x0F,"OK,OK,OK,OK","DELTA,DELTA,DELTA,DELTA",
5.183153,2026-09-05T18:45:25.613+01:00,1170730,1145103,1094,1094,True,True,0x0F,"OK,OK,OK,OK","DELTA,DELTA,DELTA,DELTA",
5.188400,2026-09-05T18:45:25.615+01:00,1171824,1145104,1220,1220,True,True,0x0F,"OK,OK,OK,OK","DELTA,DELTA,DELTA,DELTA",
5.198241,2026-09-05T18:45:25.620+01:00,1173044,1145105,4216,4216,True,True,0x0F,"OK,OK,OK,OK","DELTA_SYNC,DELTA_SYNC,DELTA_SYNC,DELTA_SYNC",
5.199280,2026-09-05T18:45:25.630+01:00,1177260,1145106,1042,1042,True,True,0x0F,"OK,OK,OK,OK","DELTA,DELTA,DELTA,DELTA",
5.203001,2026-09-05T18:45:25.631+01:00,1178302,1145107,1134,1134,True,True,0x0F,"OK,OK,OK,OK","DELTA,DELTA,DELTA,DELTA",
5.208278,2026-09-05T18:45:25.635+01:00,1179436,1145108,1122,1122,True,True,0x0F,"OK,OK,OK,OK","DELTA,DELTA,DELTA,DELTA",
5.215815,2026-09-05T18:45:25.640+01:00,1180558,1145109,1222,1222,True,True,0x0F,"OK,OK,OK,OK","DELTA,DELTA,DELTA,DELTA",
5.218131,2026-09-05T18:45:25.647+01:00,1181780,1145110,1070,1070,True,True,0x0F,"OK,OK,OK,OK","DELTA,DELTA,DELTA,DELTA",
5.222951,2026-09-05T18:45:25.650+01:00,1182850,1145111,1062,1062,True,True,0x0F,"OK,OK,OK,OK","DELTA,DELTA,DELTA,DELTA",
5.231940,2026-09-05T18:45:25.655+01:00,1183912,1145112,1092,1092,True,True,0x0F,"OK,OK,OK,OK","DELTA,DELTA,DELTA,DELTA",
5.232856,2026-09-05T18:45:25.663+01:00,1185004,1145113,1088,1088,True,True,0x0F,"OK,OK,OK,OK","DELTA,DELTA,DELTA,DELTA",
5.238034,2026-09-05T18:45:25.664+01:00,1186092,1145114,1008,1008,True,True,0x0F,"OK,OK,OK,OK","DELTA,DELTA,DELTA,DELTA",
5.248652,2026-09-05T18:45:25.670+01:00,1187100,1145115,1012,1012,True,True,0x0F,"OK,OK,OK,OK","DELTA,DELTA,DELTA,DELTA",
5.249615,2026-09-05T18:45:25.680+01:00,1188112,1145116,1234,1234,True,True,0x0F,"OK,OK,OK,OK","DELTA,DELTA,DELTA,DELTA",
5.254104,2026-09-05T18:45:25.681+01:00,1189346,1145117,1276,1276,True,True,0x0F,"OK,OK,OK,OK","DELTA,DELTA,DELTA,DELTA",
5.258024,2026-09-05T18:45:25.686+01:00,1190622,1145118,1082,1082,True,True,0x0F,"OK,OK,OK,OK","DELTA,DELTA,DELTA,DELTA",
5.266793,2026-09-05T18:45:25.690+01:00,1191704,1145119,1028,1028,True,True,0x0F,"OK,OK,OK,OK","DELTA,DELTA,DELTA,DELTA",
5.268042,2026-09-05T18:45:25.699+01:00,1192732,1145120,1244,1244,True,True,0x0F,"OK,OK,OK,OK","DELTA,DELTA,DELTA,DELTA",
5.273873,2026-09-05T18:45:25.700+01:00,1193976,1145121,1252,1252,True,True,0x0F,"OK,OK,OK,OK","DELTA,DELTA,DELTA,DELTA",
5.285843,2026-09-05T18:45:25.705+01:00,1195228,1145122,1008,1008,True,True,0x0F,"OK,OK,OK,OK","DELTA,DELTA,DELTA,DELTA",
5.286731,2026-09-05T18:45:25.717+01:00,1196236,1145123,1144,1144,True,True,0x0F,"OK,OK,OK,OK","DELTA,DELTA,DELTA,DELTA",
5.288179,2026-09-05T18:45:25.718+01:00,1197380,1145124,1222,1222,True,True,0x0F,"OK,OK,OK,OK","DELTA,DELTA,DELTA,DELTA",
5.293387,2026-09-05T18:45:25.720+01:00,1198602,1145125,1232,1232,True,True,0x0F,"OK,OK,OK,OK","DELTA,DELTA,DELTA,DELTA",
5.302552,2026-09-05T18:45:25.725+01:00,1199834,1145126,1052,1052,True,True,0x0F,"OK,OK,OK,OK","DELTA,DELTA,DELTA,DELTA",
5.303624,2026-09-05T18:45:25.734+01:00,1200886,1145127,1036,1036,True,True,0x0F,"OK,OK,OK,OK","DELTA,DELTA,DELTA,DELTA",
5.308342,2026-09-05T18:45:25.735+01:00,1201922,1145128,1224,1224,True,True,0x0F,"OK,OK,OK,OK","DELTA,DELTA,DELTA,DELTA",
5.312929,2026-09-05T18:45:25.740+01:00,1203146,1145129,1206,1206,True,True,0x0F,"OK,OK,OK,OK","DELTA,DELTA,DELTA,DELTA",
5.318721,2026-09-05T18:45:25.744+01:00,1204352,1145130,1022,1022,True,True,0x0F,"OK,OK,OK,OK","DELTA,DELTA,DELTA,DELTA",
5.322774,2026-09-05T18:45:25.750+01:00,1205374,1145131,1006,1006,True,True,0x0F,"OK,OK,OK,OK","DELTA,DELTA,DELTA,DELTA",
5.327820,2026-09-05T18:45:25.754+01:00,1206380,1145132,1150,1150,True,True,0x0F,"OK,OK,OK,OK","DELTA,DELTA,DELTA,DELTA",
5.342460,2026-09-05T18:45:25.759+01:00,1207530,1145133,1192,1192,True,True,0x0F,"OK,OK,OK,OK","DELTA,DELTA,DELTA,DELTA",
5.343482,2026-09-05T18:45:25.774+01:00,1208722,1145134,1030,1030,True,True,0x0F,"OK,OK,OK,OK","DELTA,DELTA,DELTA,DELTA",
5.344497,2026-09-05T18:45:25.775+01:00,1209752,1145135,1094,1094,True,True,0x0F,"OK,OK,OK,OK","DELTA,DELTA,DELTA,DELTA",
5.348255,2026-09-05T18:45:25.776+01:00,1210846,1145136,1248,1248,True,True,0x0F,"OK,OK,OK,OK","DELTA,DELTA,DELTA,DELTA",
5.353174,2026-09-05T18:45:25.780+01:00,1212094,1145137,1192,1192,True,True,0x0F,"OK,OK,OK,OK","DELTA,DELTA,DELTA,DELTA",
5.361871,2026-09-05T18:45:25.785+01:00,1213286,1145138,1104,1104,True,True,0x0F,"OK,OK,OK,OK","DELTA,DELTA,DELTA,DELTA",
5.363013,2026-09-05T18:45:25.793+01:00,1214390,1145139,990,990,True,True,0x0F,"OK,OK,OK,OK","DELTA,DELTA,DELTA,DELTA",
5.368297,2026-09-05T18:45:25.795+01:00,1215380,1145140,1258,1258,True,True,0x0F,"OK,OK,OK,OK","DELTA,DELTA,DELTA,DELTA",
5.378860,2026-09-05T18:45:25.800+01:00,1216638,1145141,1224,1224,True,True,0x0F,"OK,OK,OK,OK","DELTA,DELTA,DELTA,DELTA",
5.379691,2026-09-05T18:45:25.810+01:00,1217862,1145142,1038,1038,True,True,0x0F,"OK,OK,OK,OK","DELTA,DELTA,DELTA,DELTA",
5.382829,2026-09-05T18:45:25.811+01:00,1218900,1145143,956,956,True,True,0x0F,"OK,OK,OK,OK","DELTA,DELTA,DELTA,DELTA",
5.388224,2026-09-05T18:45:25.815+01:00,1219856,1145144,1242,1242,True,True,0x0F,"OK,OK,OK,OK","DELTA,DELTA,DELTA,DELTA",
5.395870,2026-09-05T18:45:25.820+01:00,1221098,1145145,1156,1156,True,True,0x0F,"OK,OK,OK,OK","DELTA,DELTA,DELTA,DELTA",
5.398363,2026-09-05T18:45:25.827+01:00,1222254,1145146,1100,1100,True,True,0x0F,"OK,OK,OK,OK","DELTA,DELTA,DELTA,DELTA",
5.403056,2026-09-05T18:45:25.830+01:00,1223354,1145147,1022,1022,True,True,0x0F,"OK,OK,OK,OK","DELTA,DELTA,DELTA,DELTA",
5.412721,2026-09-05T18:45:25.835+01:00,1224376,1145148,1218,1218,True,True,0x0F,"OK,OK,OK,OK","DELTA,DELTA,DELTA,DELTA",
5.413644,2026-09-05T18:45:25.844+01:00,1225594,1145149,1162,1162,True,True,0x0F,"OK,OK,OK,OK","DELTA,DELTA,DELTA,DELTA",
5.418176,2026-09-05T18:45:25.845+01:00,1226756,1145150,1060,1060,True,True,0x0F,"OK,OK,OK,OK","DELTA,DELTA,DELTA,DELTA",
5.422826,2026-09-05T18:45:25.850+01:00,1227816,1145151,1018,1018,True,True,0x0F,"OK,OK,OK,OK","DELTA,DELTA,DELTA,DELTA",
5.429491,2026-09-05T18:45:25.854+01:00,1228834,1145152,1106,1106,True,True,0x0F,"OK,OK,OK,OK","DELTA,DELTA,DELTA,DELTA",
5.433194,2026-09-05T18:45:25.861+01:00,1229940,1145153,1184,1184,True,True,0x0F,"OK,OK,OK,OK","DELTA,DELTA,DELTA,DELTA",
5.438151,2026-09-05T18:45:25.865+01:00,1231124,1145154,1070,1070,True,True,0x0F,"OK,OK,OK,OK","DELTA,DELTA,DELTA,DELTA",
5.445704,2026-09-05T18:45:25.870+01:00,1232194,1145155,1076,1076,True,True,0x0F,"OK,OK,OK,OK","DELTA,DELTA,DELTA,DELTA",
5.448078,2026-09-05T18:45:25.877+01:00,1233270,1145156,1232,1232,True,True,0x0F,"OK,OK,OK,OK","DELTA,DELTA,DELTA,DELTA",
5.452963,2026-09-05T18:45:25.880+01:00,1234502,1145157,1144,1144,True,True,0x0F,"OK,OK,OK,OK","DELTA,DELTA,DELTA,DELTA",
5.463154,2026-09-05T18:45:25.884+01:00,1235646,1145158,1086,1086,True,True,0x0F,"OK,OK,OK,OK","DELTA,DELTA,DELTA,DELTA",
5.464011,2026-09-05T18:45:25.895+01:00,1236732,1145159,1022,1022,True,True,0x0F,"OK,OK,OK,OK","DELTA,DELTA,DELTA,DELTA",
5.468235,2026-09-05T18:45:25.896+01:00,1237754,1145160,1122,1122,True,True,0x0F,"OK,OK,OK,OK","DELTA,DELTA,DELTA,DELTA",
5.472864,2026-09-05T18:45:25.900+01:00,1238876,1145161,1090,1090,True,True,0x0F,"OK,OK,OK,OK","DELTA,DELTA,DELTA,DELTA",
5.478226,2026-09-05T18:45:25.904+01:00,1239966,1145162,1174,1174,True,True,0x0F,"OK,OK,OK,OK","DELTA,DELTA,DELTA,DELTA",
5.483111,2026-09-05T18:45:25.910+01:00,1241140,1145163,1084,1084,True,True,0x0F,"OK,OK,OK,OK","DELTA,DELTA,DELTA,DELTA",
5.488138,2026-09-05T18:45:25.915+01:00,1242224,1145164,1144,1144,True,True,0x0F,"OK,OK,OK,OK","DELTA,DELTA,DELTA,DELTA",
5.500736,2026-09-05T18:45:25.920+01:00,1243368,1145165,1212,1212,True,True,0x0F,"OK,OK,OK,OK","DELTA,DELTA,DELTA,DELTA",
5.501430,2026-09-05T18:45:25.932+01:00,1244580,1145166,1124,1124,True,True,0x0F,"OK,OK,OK,OK","DELTA,DELTA,DELTA,DELTA",
5.512756,2026-09-05T18:45:25.936+01:00,1245704,1145167,994,994,True,True,0x0F,"OK,OK,OK,OK","DELTA,DELTA,DELTA,DELTA",
5.513893,2026-09-05T18:45:25.945+01:00,1246698,1145168,1256,1256,True,True,0x0F,"OK,OK,OK,OK","DELTA,DELTA,DELTA,DELTA",
5.514892,2026-09-05T18:45:25.946+01:00,1247954,1145169,1248,1248,True,True,0x0F,"OK,OK,OK,OK","DELTA,DELTA,DELTA,DELTA",
5.517937,2026-09-05T18:45:25.947+01:00,1249202,1145170,1160,1160,True,True,0x0F,"OK,OK,OK,OK","DELTA,DELTA,DELTA,DELTA",
5.523188,2026-09-05T18:45:25.949+01:00,1250362,1145171,1012,1012,True,True,0x0F,"OK,OK,OK,OK","DELTA,DELTA,DELTA,DELTA",
5.533157,2026-09-05T18:45:25.955+01:00,1251374,1145172,1198,1198,True,True,0x0F,"OK,OK,OK,OK","DELTA,DELTA,DELTA,DELTA",
5.534215,2026-09-05T18:45:25.965+01:00,1252572,1145173,1258,1258,True,True,0x0F,"OK,OK,OK,OK","DELTA,DELTA,DELTA,DELTA",
5.537881,2026-09-05T18:45:25.966+01:00,1253830,1145174,994,994,True,True,0x0F,"OK,OK,OK,OK","DELTA,DELTA,DELTA,DELTA",
5.543013,2026-09-05T18:45:25.969+01:00,1254824,1145175,1034,1034,True,True,0x0F,"OK,OK,OK,OK","DELTA,DELTA,DELTA,DELTA",
5.550052,2026-09-05T18:45:25.975+01:00,1255858,1145176,1166,1166,True,True,0x0F,"OK,OK,OK,OK","DELTA,DELTA,DELTA,DELTA",
5.553016,2026-09-05T18:45:25.982+01:00,1257024,1145177,1100,1100,True,True,0x0F,"OK,OK,OK,OK","DELTA,DELTA,DELTA,DELTA",
5.557749,2026-09-05T18:45:25.985+01:00,1258124,1145178,1054,1054,True,True,0x0F,"OK,OK,OK,OK","DELTA,DELTA,DELTA,DELTA",
5.566252,2026-09-05T18:45:25.989+01:00,1259178,1145179,1052,1052,True,True,0x0F,"OK,OK,OK,OK","DELTA,DELTA,DELTA,DELTA",
5.568087,2026-09-05T18:45:25.998+01:00,1260230,1145180,1264,1264,True,True,0x0F,"OK,OK,OK,OK","DELTA,DELTA,DELTA,DELTA",
5.573103,2026-09-05T18:45:26.000+01:00,1261494,1145181,1232,1232,True,True,0x0F,"OK,OK,OK,OK","DELTA,DELTA,DELTA,DELTA",
5.583329,2026-09-05T18:45:26.005+01:00,1262726,1145182,976,976,True,True,0x0F,"OK,OK,OK,OK","DELTA,DELTA,DELTA,DELTA",
5.584210,2026-09-05T18:45:26.015+01:00,1263702,1145183,974,974,True,True,0x0F,"OK,OK,OK,OK","DELTA,DELTA,DELTA,DELTA",
5.588041,2026-09-05T18:45:26.016+01:00,1264676,1145184,1168,1168,True,True,0x0F,"OK,OK,OK,OK","DELTA,DELTA,DELTA,DELTA",
5.592986,2026-09-05T18:45:26.020+01:00,1265844,1145185,1176,1176,True,True,0x0F,"OK,OK,OK,OK","DELTA,DELTA,DELTA,DELTA",
5.600100,2026-09-05T18:45:26.025+01:00,1267020,1145186,982,982,True,True,0x0F,"OK,OK,OK,OK","DELTA,DELTA,DELTA,DELTA",
5.602860,2026-09-05T18:45:26.032+01:00,1268002,1145187,1042,1042,True,True,0x0F,"OK,OK,OK,OK","DELTA,DELTA,DELTA,DELTA",
5.608207,2026-09-05T18:45:26.034+01:00,1269044,1145188,1234,1234,True,True,0x0F,"OK,OK,OK,OK","DELTA,DELTA,DELTA,DELTA",
5.616508,2026-09-05T18:45:26.040+01:00,1270278,1145189,1292,1292,True,True,0x0F,"OK,OK,OK,OK","DELTA,DELTA,DELTA,DELTA",
5.617935,2026-09-05T18:45:26.048+01:00,1271570,1145190,1074,1074,True,True,0x0F,"OK,OK,OK,OK","DELTA,DELTA,DELTA,DELTA",
5.622911,2026-09-05T18:45:26.049+01:00,1272644,1145191,954,954,True,True,0x0F,"OK,OK,OK,OK","DELTA,DELTA,DELTA,DELTA",
5.633900,2026-09-05T18:45:26.054+01:00,1273598,1145192,1106,1106,True,True,0x0F,"OK,OK,OK,OK","DELTA,DELTA,DELTA,DELTA",
5.634883,2026-09-05T18:45:26.065+01:00,1274704,1145193,1214,1214,True,True,0x0F,"OK,OK,OK,OK","DELTA,DELTA,DELTA,DELTA",
5.637924,2026-09-05T18:45:26.066+01:00,1275918,1145194,1092,1092,True,True,0x0F,"OK,OK,OK,OK","DELTA,DELTA,DELTA,DELTA",
5.642735,2026-09-05T18:45:26.069+01:00,1277010,1145195,904,904,True,True,0x0F,"OK,OK,OK,OK","DELTA,DELTA,DELTA,DELTA",
5.648810,2026-09-05T18:45:26.074+01:00,1277914,1145196,1142,1142,True,True,0x0F,"OK,OK,OK,OK","DELTA,DELTA,DELTA,DELTA",
5.653564,2026-09-05T18:45:26.080+01:00,1279056,1145197,1250,1250,True,True,0x0F,"OK,OK,OK,OK","DELTA,DELTA,DELTA,DELTA",
5.657628,2026-09-05T18:45:26.085+01:00,1280306,1145198,1124,1124,True,True,0x0F,"OK,OK,OK,OK","DELTA,DELTA,DELTA,DELTA",
5.662674,2026-09-05T18:45:26.089+01:00,1281430,1145199,1052,1052,True,True,0x0F,"OK,OK,OK,OK","DELTA,DELTA,DELTA,DELTA",
5.674671,2026-09-05T18:45:26.094+01:00,1282482,1145200,1194,1194,True,True,0x0F,"OK,OK,OK,OK","DELTA,DELTA,DELTA,DELTA",
5.675758,2026-09-05T18:45:26.106+01:00,1283676,1145201,1230,1230,True,True,0x0F,"OK,OK,OK,OK","DELTA,DELTA,DELTA,DELTA",
5.677866,2026-09-05T18:45:26.107+01:00,1284906,1145202,1094,1094,True,True,0x0F,"OK,OK,OK,OK","DELTA,DELTA,DELTA,DELTA",
5.683080,2026-09-05T18:45:26.109+01:00,1286000,1145203,1006,1006,True,True,0x0F,"OK,OK,OK,OK","DELTA,DELTA,DELTA,DELTA",
5.692221,2026-09-05T18:45:26.115+01:00,1287006,1145204,1174,1174,True,True,0x0F,"OK,OK,OK,OK","DELTA,DELTA,DELTA,DELTA",
5.693155,2026-09-05T18:45:26.124+01:00,1288180,1145205,1178,1178,True,True,0x0F,"OK,OK,OK,OK","DELTA,DELTA,DELTA,DELTA",
5.698032,2026-09-05T18:45:26.125+01:00,1289358,1145206,1098,1098,True,True,0x0F,"OK,OK,OK,OK","DELTA,DELTA,DELTA,DELTA",
5.702715,2026-09-05T18:45:26.130+01:00,1290456,1145207,1030,1030,True,True,0x0F,"OK,OK,OK,OK","DELTA,DELTA,DELTA,DELTA",
5.709239,2026-09-05T18:45:26.134+01:00,1291486,1145208,1126,1126,True,True,0x0F,"OK,OK,OK,OK","DELTA,DELTA,DELTA,DELTA",
5.713830,2026-09-05T18:45:26.141+01:00,1292612,1145209,1140,1140,True,True,0x0F,"OK,OK,OK,OK","DELTA,DELTA,DELTA,DELTA",
5.717847,2026-09-05T18:45:26.145+01:00,1293752,1145210,1008,1008,True,True,0x0F,"OK,OK,OK,OK","DELTA,DELTA,DELTA,DELTA",
5.727146,2026-09-05T18:45:26.149+01:00,1294760,1145211,1036,1036,True,True,0x0F,"OK,OK,OK,OK","DELTA,DELTA,DELTA,DELTA",
5.728160,2026-09-05T18:45:26.159+01:00,1295796,1145212,1276,1276,True,True,0x0F,"OK,OK,OK,OK","DELTA,DELTA,DELTA,DELTA",
5.733050,2026-09-05T18:45:26.160+01:00,1297072,1145213,1216,1216,True,True,0x0F,"OK,OK,OK,OK","DELTA,DELTA,DELTA,DELTA",
5.737576,2026-09-05T18:45:26.165+01:00,1298288,1145214,1004,1004,True,True,0x0F,"OK,OK,OK,OK","DELTA,DELTA,DELTA,DELTA",
5.744351,2026-09-05T18:45:26.169+01:00,1299292,1145215,1046,1046,True,True,0x0F,"OK,OK,OK,OK","DELTA,DELTA,DELTA,DELTA",
5.747969,2026-09-05T18:45:26.176+01:00,1300338,1145216,1164,1164,True,True,0x0F,"OK,OK,OK,OK","DELTA,DELTA,DELTA,DELTA",
5.752832,2026-09-05T18:45:26.179+01:00,1301502,1145217,1112,1112,True,True,0x0F,"OK,OK,OK,OK","DELTA,DELTA,DELTA,DELTA",
5.760621,2026-09-05T18:45:26.184+01:00,1302614,1145218,1102,1102,True,True,0x0F,"OK,OK,OK,OK","DELTA,DELTA,DELTA,DELTA",
5.762641,2026-09-05T18:45:26.192+01:00,1303716,1145219,1000,1000,True,True,0x0F,"OK,OK,OK,OK","DELTA,DELTA,DELTA,DELTA",
5.767975,2026-09-05T18:45:26.194+01:00,1304716,1145220,1154,1154,True,True,0x0F,"OK,OK,OK,OK","DELTA,DELTA,DELTA,DELTA",
5.776772,2026-09-05T18:45:26.199+01:00,1305870,1145221,1226,1226,True,True,0x0F,"OK,OK,OK,OK","DELTA,DELTA,DELTA,DELTA",
5.777865,2026-09-05T18:45:26.209+01:00,1307096,1145222,1036,1036,True,True,0x0F,"OK,OK,OK,OK","DELTA,DELTA,DELTA,DELTA",
5.782864,2026-09-05T18:45:26.209+01:00,1308132,1145223,1002,1002,True,True,0x0F,"OK,OK,OK,OK","DELTA,DELTA,DELTA,DELTA",
5.794381,2026-09-05T18:45:26.214+01:00,1309134,1145224,1216,1216,True,True,0x0F,"OK,OK,OK,OK","DELTA,DELTA,DELTA,DELTA",
5.795353,2026-09-05T18:45:26.226+01:00,1310350,1145225,1176,1176,True,True,0x0F,"OK,OK,OK,OK","DELTA,DELTA,DELTA,DELTA",
5.797909,2026-09-05T18:45:26.227+01:00,1311526,1145226,1070,1070,True,True,0x0F,"OK,OK,OK,OK","DELTA,DELTA,DELTA,DELTA",
5.802951,2026-09-05T18:45:26.230+01:00,1312596,1145227,946,946,True,True,0x0F,"OK,OK,OK,OK","DELTA,DELTA,DELTA,DELTA",
5.808262,2026-09-05T18:45:26.234+01:00,1313542,1145228,1280,1280,True,True,0x0F,"OK,OK,OK,OK","DELTA,DELTA,DELTA,DELTA",
5.813058,2026-09-05T18:45:26.240+01:00,1314822,1145229,1202,1202,True,True,0x0F,"OK,OK,OK,OK","DELTA,DELTA,DELTA,DELTA",
5.817726,2026-09-05T18:45:26.245+01:00,1316024,1145230,1170,1170,True,True,0x0F,"OK,OK,OK,OK","DELTA,DELTA,DELTA,DELTA",
5.822735,2026-09-05T18:45:26.249+01:00,1317194,1145231,1044,1044,True,True,0x0F,"OK,OK,OK,OK","DELTA,DELTA,DELTA,DELTA",
5.832498,2026-09-05T18:45:26.254+01:00,1318238,1145232,1188,1188,True,True,0x0F,"OK,OK,OK,OK","DELTA,DELTA,DELTA,DELTA",
5.833216,2026-09-05T18:45:26.264+01:00,1319426,1145233,1246,1246,True,True,0x0F,"OK,OK,OK,OK","DELTA,DELTA,DELTA,DELTA",
5.844604,2026-09-05T18:45:26.268+01:00,1320672,1145234,1158,1158,True,True,0x0F,"OK,OK,OK,OK","DELTA,DELTA,DELTA,DELTA",
5.846010,2026-09-05T18:45:26.276+01:00,1321830,1145235,984,984,True,True,0x0F,"OK,OK,OK,OK","DELTA,DELTA,DELTA,DELTA",
5.848007,2026-09-05T18:45:26.278+01:00,1322814,1145236,1188,1188,True,True,0x0F,"OK,OK,OK,OK","DELTA,DELTA,DELTA,DELTA",
5.852869,2026-09-05T18:45:26.280+01:00,1324002,1145237,1094,1094,True,True,0x0F,"OK,OK,OK,OK","DELTA,DELTA,DELTA,DELTA",
5.862505,2026-09-05T18:45:26.285+01:00,1325096,1145238,1106,1106,True,True,0x0F,"OK,OK,OK,OK","DELTA,DELTA,DELTA,DELTA",
5.863395,2026-09-05T18:45:26.294+01:00,1326202,1145239,998,998,True,True,0x0F,"OK,OK,OK,OK","DELTA,DELTA,DELTA,DELTA",
5.867883,2026-09-05T18:45:26.295+01:00,1327200,1145240,1104,1104,True,True,0x0F,"OK,OK,OK,OK","DELTA,DELTA,DELTA,DELTA",
5.872646,2026-09-05T18:45:26.299+01:00,1328304,1145241,1192,1192,True,True,0x0F,"OK,OK,OK,OK","DELTA,DELTA,DELTA,DELTA",
5.879295,2026-09-05T18:45:26.304+01:00,1329496,1145242,1082,1082,True,True,0x0F,"OK,OK,OK,OK","DELTA,DELTA,DELTA,DELTA",
5.882846,2026-09-05T18:45:26.311+01:00,1330578,1145243,1022,1022,True,True,0x0F,"OK,OK,OK,OK","DELTA,DELTA,DELTA,DELTA",
5.887891,2026-09-05T18:45:26.315+01:00,1331600,1145244,1228,1228,True,True,0x0F,"OK,OK,OK,OK","DELTA,DELTA,DELTA,DELTA",
5.895547,2026-09-05T18:45:26.319+01:00,1332828,1145245,1158,1158,True,True,0x0F,"OK,OK,OK,OK","DELTA,DELTA,DELTA,DELTA",
5.897564,2026-09-05T18:45:26.327+01:00,1333986,1145246,1086,1086,True,True,0x0F,"OK,OK,OK,OK","DELTA,DELTA,DELTA,DELTA",
5.902613,2026-09-05T18:45:26.329+01:00,1335072,1145247,938,938,True,True,0x0F,"OK,OK,OK,OK","DELTA,DELTA,DELTA,DELTA",
5.911913,2026-09-05T18:45:26.334+01:00,1336010,1145248,1218,1218,True,True,0x0F,"OK,OK,OK,OK","DELTA,DELTA,DELTA,DELTA",
5.912910,2026-09-05T18:45:26.343+01:00,1337228,1145249,1242,1242,True,True,0x0F,"OK,OK,OK,OK","DELTA,DELTA,DELTA,DELTA",
5.917734,2026-09-05T18:45:26.344+01:00,1338470,1145250,1202,1202,True,True,0x0F,"OK,OK,OK,OK","DELTA,DELTA,DELTA,DELTA",
5.928220,2026-09-05T18:45:26.349+01:00,1339672,1145251,1036,1036,True,True,0x0F,"OK,OK,OK,OK","DELTA,DELTA,DELTA,DELTA",
5.929439,2026-09-05T18:45:26.360+01:00,1340708,1145252,1274,1274,True,True,0x0F,"OK,OK,OK,OK","DELTA,DELTA,DELTA,DELTA",
5.932808,2026-09-05T18:45:26.361+01:00,1341982,1145253,1198,1198,True,True,0x0F,"OK,OK,OK,OK","DELTA,DELTA,DELTA,DELTA",
5.937805,2026-09-05T18:45:26.364+01:00,1343180,1145254,1124,1124,True,True,0x0F,"OK,OK,OK,OK","DELTA,DELTA,DELTA,DELTA",
5.946323,2026-09-05T18:45:26.369+01:00,1344304,1145255,1000,1000,True,True,0x0F,"OK,OK,OK,OK","DELTA,DELTA,DELTA,DELTA",
5.947823,2026-09-05T18:45:26.378+01:00,1345304,1145256,1144,1144,True,True,0x0F,"OK,OK,OK,OK","DELTA,DELTA,DELTA,DELTA",
5.952914,2026-09-05T18:45:26.379+01:00,1346448,1145257,1158,1158,True,True,0x0F,"OK,OK,OK,OK","DELTA,DELTA,DELTA,DELTA",
5.962895,2026-09-05T18:45:26.384+01:00,1347606,1145258,1070,1070,True,True,0x0F,"OK,OK,OK,OK","DELTA,DELTA,DELTA,DELTA",
5.963728,2026-09-05T18:45:26.394+01:00,1348676,1145259,976,976,True,True,0x0F,"OK,OK,OK,OK","DELTA,DELTA,DELTA,DELTA",
5.967714,2026-09-05T18:45:26.395+01:00,1349652,1145260,1114,1114,True,True,0x0F,"OK,OK,OK,OK","DELTA,DELTA,DELTA,DELTA",
5.972902,2026-09-05T18:45:26.399+01:00,1350766,1145261,1264,1264,True,True,0x0F,"OK,OK,OK,OK","DELTA,DELTA,DELTA,DELTA",
5.978917,2026-09-05T18:45:26.404+01:00,1352030,1145262,1168,1168,True,True,0x0F,"OK,OK,OK,OK","DELTA,DELTA,DELTA,DELTA",
5.982626,2026-09-05T18:45:26.410+01:00,1353198,1145263,976,976,True,True,0x0F,"OK,OK,OK,OK","DELTA,DELTA,DELTA,DELTA",
5.987682,2026-09-05T18:45:26.414+01:00,1354174,1145264,1280,1280,True,True,0x0F,"OK,OK,OK,OK","DELTA,DELTA,DELTA,DELTA",
5.992525,2026-09-05T18:45:26.419+01:00,1355454,1145265,1206,1206,True,True,0x0F,"OK,OK,OK,OK","DELTA,DELTA,DELTA,DELTA",
6.006711,2026-09-05T18:45:26.424+01:00,1356660,1145266,1108,1108,True,True,0x0F,"OK,OK,OK,OK","DELTA,DELTA,DELTA,DELTA",
6.007784,2026-09-05T18:45:26.438+01:00,1357768,1145267,1018,1018,True,True,0x0F,"OK,OK,OK,OK","DELTA,DELTA,DELTA,DELTA",
6.008721,2026-09-05T18:45:26.439+01:00,1358786,1145268,1192,1192,True,True,0x0F,"OK,OK,OK,OK","DELTA,DELTA,DELTA,DELTA",
6.012981,2026-09-05T18:45:26.440+01:00,1359978,1145269,1110,1110,True,True,0x0F,"OK,OK,OK,OK","DELTA,DELTA,DELTA,DELTA",
6.017621,2026-09-05T18:45:26.444+01:00,1361088,1145270,1080,1080,True,True,0x0F,"OK,OK,OK,OK","DELTA,DELTA,DELTA,DELTA",
6.024664,2026-09-05T18:45:26.449+01:00,1362168,1145271,1032,1032,True,True,0x0F,"OK,OK,OK,OK","DELTA,DELTA,DELTA,DELTA",
6.027960,2026-09-05T18:45:26.456+01:00,1363200,1145272,1234,1234,True,True,0x0F,"OK,OK,OK,OK","DELTA,DELTA,DELTA,DELTA",
6.032715,2026-09-05T18:45:26.459+01:00,1364434,1145273,1166,1166,True,True,0x0F,"OK,OK,OK,OK","DELTA,DELTA,DELTA,DELTA",
6.041902,2026-09-05T18:45:26.464+01:00,1365600,1145274,1058,1058,True,True,0x0F,"OK,OK,OK,OK","DELTA,DELTA,DELTA,DELTA",
6.042793,2026-09-05T18:45:26.473+01:00,1366658,1145275,1068,1068,True,True,0x0F,"OK,OK,OK,OK","DELTA,DELTA,DELTA,DELTA",
6.047900,2026-09-05T18:45:26.474+01:00,1367726,1145276,1208,1208,True,True,0x0F,"OK,OK,OK,OK","DELTA,DELTA,DELTA,DELTA",
6.058205,2026-09-05T18:45:26.480+01:00,1368934,1145277,1176,1176,True,True,0x0F,"OK,OK,OK,OK","DELTA,DELTA,DELTA,DELTA",
6.059112,2026-09-05T18:45:26.490+01:00,1370110,1145278,1146,1146,True,True,0x0F,"OK,OK,OK,OK","DELTA,DELTA,DELTA,DELTA",
6.062600,2026-09-05T18:45:26.491+01:00,1371256,1145279,982,982,True,True,0x0F,"OK,OK,OK,OK","DELTA,DELTA,DELTA,DELTA",
6.067770,2026-09-05T18:45:26.494+01:00,1372238,1145280,1150,1150,True,True,0x0F,"OK,OK,OK,OK","DELTA,DELTA,DELTA,DELTA",
6.074838,2026-09-05T18:45:26.499+01:00,1373388,1145281,1156,1156,True,True,0x0F,"OK,OK,OK,OK","DELTA,DELTA,DELTA,DELTA",
6.077699,2026-09-05T18:45:26.507+01:00,1374544,1145282,1110,1110,True,True,0x0F,"OK,OK,OK,OK","DELTA,DELTA,DELTA,DELTA",
6.082594,2026-09-05T18:45:26.509+01:00,1375654,1145283,962,962,True,True,0x0F,"OK,OK,OK,OK","DELTA,DELTA,DELTA,DELTA",
6.091188,2026-09-05T18:45:26.514+01:00,1376616,1145284,1164,1164,True,True,0x0F,"OK,OK,OK,OK","DELTA,DELTA,DELTA,DELTA",
6.092803,2026-09-05T18:45:26.523+01:00,1377780,1145285,1216,1216,True,True,0x0F,"OK,OK,OK,OK","DELTA,DELTA,DELTA,DELTA",
6.097650,2026-09-05T18:45:26.524+01:00,1378996,1145286,1060,1060,True,True,0x0F,"OK,OK,OK,OK","DELTA,DELTA,DELTA,DELTA",
6.108268,2026-09-05T18:45:26.529+01:00,1380056,1145287,1004,1004,True,True,0x0F,"OK,OK,OK,OK","DELTA,DELTA,DELTA,DELTA",
6.109146,2026-09-05T18:45:26.540+01:00,1381060,1145288,1214,1214,True,True,0x0F,"OK,OK,OK,OK","DELTA,DELTA,DELTA,DELTA",
6.112924,2026-09-05T18:45:26.541+01:00,1382274,1145289,1202,1202,True,True,0x0F,"OK,OK,OK,OK","DELTA,DELTA,DELTA,DELTA",
6.117605,2026-09-05T18:45:26.544+01:00,1383476,1145290,1184,1184,True,True,0x0F,"OK,OK,OK,OK","DELTA,DELTA,DELTA,DELTA",
6.125089,2026-09-05T18:45:26.549+01:00,1384660,1145291,920,920,True,True,0x0F,"OK,OK,OK,OK","DELTA,DELTA,DELTA,DELTA",
6.127743,2026-09-05T18:45:26.557+01:00,1385580,1145292,1098,1098,True,True,0x0F,"OK,OK,OK,OK","DELTA,DELTA,DELTA,DELTA",
6.132773,2026-09-05T18:45:26.559+01:00,1386678,1145293,1136,1136,True,True,0x0F,"OK,OK,OK,OK","DELTA,DELTA,DELTA,DELTA",
6.138050,2026-09-05T18:45:26.564+01:00,1387814,1145294,1180,1180,True,True,0x0F,"OK,OK,OK,OK","DELTA,DELTA,DELTA,DELTA",
6.143902,2026-09-05T18:45:26.570+01:00,1388994,1145295,930,930,True,True,0x0F,"OK,OK,OK,OK","DELTA,DELTA,DELTA,DELTA",
6.147492,2026-09-05T18:45:26.575+01:00,1389924,1145296,1156,1156,True,True,0x0F,"OK,OK,OK,OK","DELTA,DELTA,DELTA,DELTA",
6.152346,2026-09-05T18:45:26.579+01:00,1391080,1145297,1144,1144,True,True,0x0F,"OK,OK,OK,OK","DELTA,DELTA,DELTA,DELTA",
6.163355,2026-09-05T18:45:26.584+01:00,1392224,1145298,1192,1192,True,True,0x0F,"OK,OK,OK,OK","DELTA,DELTA,DELTA,DELTA",
6.164051,2026-09-05T18:45:26.595+01:00,1393416,1145299,964,964,True,True,0x0F,"OK,OK,OK,OK","DELTA,DELTA,DELTA,DELTA",
6.175986,2026-09-05T18:45:26.596+01:00,1394380,1145300,1160,1160,True,True,0x0F,"OK,OK,OK,OK","DELTA,DELTA,DELTA,DELTA",
6.177034,2026-09-05T18:45:26.608+01:00,1395540,1145301,1152,1152,True,True,0x0F,"OK,OK,OK,OK","DELTA,DELTA,DELTA,DELTA",
6.177857,2026-09-05T18:45:26.609+01:00,1396692,1145302,1228,1228,True,True,0x0F,"OK,OK,OK,OK","DELTA,DELTA,DELTA,DELTA",
6.183504,2026-09-05T18:45:26.609+01:00,1397920,1145303,1034,1034,True,True,0x0F,"OK,OK,OK,OK","DELTA,DELTA,DELTA,DELTA",
6.187574,2026-09-05T18:45:26.615+01:00,1398954,1145304,1114,1114,True,True,0x0F,"OK,OK,OK,OK","DELTA,DELTA,DELTA,DELTA",
6.195594,2026-09-05T18:45:26.619+01:00,1400068,1145305,4216,4216,True,True,0x0F,"OK,OK,OK,OK","DELTA_SYNC,DELTA_SYNC,DELTA_SYNC,DELTA_SYNC",
6.197448,2026-09-05T18:45:26.627+01:00,1404284,1145306,1152,1152,True,True,0x0F,"OK,OK,OK,OK","DELTA,DELTA,DELTA,DELTA",
6.202541,2026-09-05T18:45:26.629+01:00,1405436,1145307,1054,1054,True,True,0x0F,"OK,OK,OK,OK","DELTA,DELTA,DELTA,DELTA",
6.211610,2026-09-05T18:45:26.634+01:00,1406490,1145308,1090,1090,True,True,0x0F,"OK,OK,OK,OK","DELTA,DELTA,DELTA,DELTA",
6.212842,2026-09-05T18:45:26.643+01:00,1407580,1145309,1260,1260,True,True,0x0F,"OK,OK,OK,OK","DELTA,DELTA,DELTA,DELTA",
6.217726,2026-09-05T18:45:26.645+01:00,1408840,1145310,1176,1176,True,True,0x0F,"OK,OK,OK,OK","DELTA,DELTA,DELTA,DELTA",
6.222252,2026-09-05T18:45:26.649+01:00,1410016,1145311,1028,1028,True,True,0x0F,"OK,OK,OK,OK","DELTA,DELTA,DELTA,DELTA",
6.228678,2026-09-05T18:45:26.654+01:00,1411044,1145312,1130,1130,True,True,0x0F,"OK,OK,OK,OK","DELTA,DELTA,DELTA,DELTA",
6.232931,2026-09-05T18:45:26.660+01:00,1412174,1145313,1190,1190,True,True,0x0F,"OK,OK,OK,OK","DELTA,DELTA,DELTA,DELTA",
6.238213,2026-09-05T18:45:26.664+01:00,1413364,1145314,1246,1246,True,True,0x0F,"OK,OK,OK,OK","DELTA,DELTA,DELTA,DELTA",
6.248301,2026-09-05T18:45:26.670+01:00,1414610,1145315,1006,1006,True,True,0x0F,"OK,OK,OK,OK","DELTA,DELTA,DELTA,DELTA",
6.249410,2026-09-05T18:45:26.680+01:00,1415616,1145316,1136,1136,True,True,0x0F,"OK,OK,OK,OK","DELTA,DELTA,DELTA,DELTA",
6.252587,2026-09-05T18:45:26.681+01:00,1416752,1145317,1152,1152,True,True,0x0F,"OK,OK,OK,OK","DELTA,DELTA,DELTA,DELTA",
6.258010,2026-09-05T18:45:26.684+01:00,1417904,1145318,1210,1210,True,True,0x0F,"OK,OK,OK,OK","DELTA,DELTA,DELTA,DELTA",
6.266635,2026-09-05T18:45:26.690+01:00,1419114,1145319,1054,1054,True,True,0x0F,"OK,OK,OK,OK","DELTA,DELTA,DELTA,DELTA",
6.267688,2026-09-05T18:45:26.698+01:00,1420168,1145320,1170,1170,True,True,0x0F,"OK,OK,OK,OK","DELTA,DELTA,DELTA,DELTA",
6.272501,2026-09-05T18:45:26.699+01:00,1421338,1145321,1146,1146,True,True,0x0F,"OK,OK,OK,OK","DELTA,DELTA,DELTA,DELTA",
6.283308,2026-09-05T18:45:26.704+01:00,1422484,1145322,1150,1150,True,True,0x0F,"OK,OK,OK,OK","DELTA,DELTA,DELTA,DELTA",
6.284199,2026-09-05T18:45:26.715+01:00,1423634,1145323,1040,1040,True,True,0x0F,"OK,OK,OK,OK","DELTA,DELTA,DELTA,DELTA",
6.287504,2026-09-05T18:45:26.716+01:00,1424674,1145324,1128,1128,True,True,0x0F,"OK,OK,OK,OK","DELTA,DELTA,DELTA,DELTA",
6.292642,2026-09-05T18:45:26.719+01:00,1425802,1145325,1182,1182,True,True,0x0F,"OK,OK,OK,OK","DELTA,DELTA,DELTA,DELTA",
6.300804,2026-09-05T18:45:26.724+01:00,1426984,1145326,1144,1144,True,True,0x0F,"OK,OK,OK,OK","DELTA,DELTA,DELTA,DELTA",
6.302346,2026-09-05T18:45:26.732+01:00,1428128,1145327,1008,1008,True,True,0x0F,"OK,OK,OK,OK","DELTA,DELTA,DELTA,DELTA",
6.307590,2026-09-05T18:45:26.734+01:00,1429136,1145328,1190,1190,True,True,0x0F,"OK,OK,OK,OK","DELTA,DELTA,DELTA,DELTA",
6.313369,2026-09-05T18:45:26.739+01:00,1430326,1145329,1096,1096,True,True,0x0F,"OK,OK,OK,OK","DELTA,DELTA,DELTA,DELTA",
6.318204,2026-09-05T18:45:26.745+01:00,1431422,1145330,1274,1274,True,True,0x0F,"OK,OK,OK,OK","DELTA,DELTA,DELTA,DELTA",
6.322193,2026-09-05T18:45:26.750+01:00,1432696,1145331,1020,1020,True,True,0x0F,"OK,OK,OK,OK","DELTA,DELTA,DELTA,DELTA",
6.327357,2026-09-05T18:45:26.754+01:00,1433716,1145332,1216,1216,True,True,0x0F,"OK,OK,OK,OK","DELTA,DELTA,DELTA,DELTA",
6.343275,2026-09-05T18:45:26.759+01:00,1434932,1145333,1238,1238,True,True,0x0F,"OK,OK,OK,OK","DELTA,DELTA,DELTA,DELTA",
6.344352,2026-09-05T18:45:26.775+01:00,1436170,1145334,1192,1192,True,True,0x0F,"OK,OK,OK,OK","DELTA,DELTA,DELTA,DELTA",
6.345333,2026-09-05T18:45:26.776+01:00,1437362,1145335,978,978,True,True,0x0F,"OK,OK,OK,OK","DELTA,DELTA,DELTA,DELTA",
6.347562,2026-09-05T18:45:26.777+01:00,1438340,1145336,1082,1082,True,True,0x0F,"OK,OK,OK,OK","DELTA,DELTA,DELTA,DELTA",
6.352772,2026-09-05T18:45:26.779+01:00,1439422,1145337,1170,1170,True,True,0x0F,"OK,OK,OK,OK","DELTA,DELTA,DELTA,DELTA",
6.361678,2026-09-05T18:45:26.784+01:00,1440592,1145338,1274,1274,True,True,0x0F,"OK,OK,OK,OK","DELTA,DELTA,DELTA,DELTA",
6.362522,2026-09-05T18:45:26.794+01:00,1441866,1145339,1042,1042,True,True,0x0F,"OK,OK,OK,OK","DELTA,DELTA,DELTA,DELTA",
6.367522,2026-09-05T18:45:26.794+01:00,1442908,1145340,1118,1118,True,True,0x0F,"OK,OK,OK,OK","DELTA,DELTA,DELTA,DELTA",
6.378645,2026-09-05T18:45:26.799+01:00,1444026,1145341,1208,1208,True,True,0x0F,"OK,OK,OK,OK","DELTA,DELTA,DELTA,DELTA",
6.379552,2026-09-05T18:45:26.810+01:00,1445234,1145342,1174,1174,True,True,0x0F,"OK,OK,OK,OK","DELTA,DELTA,DELTA,DELTA",
6.382588,2026-09-05T18:45:26.811+01:00,1446408,1145343,956,956,True,True,0x0F,"OK,OK,OK,OK","DELTA,DELTA,DELTA,DELTA",
6.387577,2026-09-05T18:45:26.814+01:00,1447364,1145344,1056,1056,True,True,0x0F,"OK,OK,OK,OK","DELTA,DELTA,DELTA,DELTA",
6.395506,2026-09-05T18:45:26.819+01:00,1448420,1145345,1222,1222,True,True,0x0F,"OK,OK,OK,OK","DELTA,DELTA,DELTA,DELTA",
6.397418,2026-09-05T18:45:26.827+01:00,1449642,1145346,1144,1144,True,True,0x0F,"OK,OK,OK,OK","DELTA,DELTA,DELTA,DELTA",
6.402299,2026-09-05T18:45:26.829+01:00,1450786,1145347,904,904,True,True,0x0F,"OK,OK,OK,OK","DELTA,DELTA,DELTA,DELTA",
6.411748,2026-09-05T18:45:26.834+01:00,1451690,1145348,1070,1070,True,True,0x0F,"OK,OK,OK,OK","DELTA,DELTA,DELTA,DELTA",
6.412770,2026-09-05T18:45:26.843+01:00,1452760,1145349,1178,1178,True,True,0x0F,"OK,OK,OK,OK","DELTA,DELTA,DELTA,DELTA",
6.417578,2026-09-05T18:45:26.844+01:00,1453938,1145350,1170,1170,True,True,0x0F,"OK,OK,OK,OK","DELTA,DELTA,DELTA,DELTA",
6.425496,2026-09-05T18:45:26.849+01:00,1455108,1145351,1000,1000,True,True,0x0F,"OK,OK,OK,OK","DELTA,DELTA,DELTA,DELTA",
6.430312,2026-09-05T18:45:26.857+01:00,1456108,1145352,1116,1116,True,True,0x0F,"OK,OK,OK,OK","DELTA,DELTA,DELTA,DELTA",
6.432493,2026-09-05T18:45:26.862+01:00,1457224,1145353,1118,1118,True,True,0x0F,"OK,OK,OK,OK","DELTA,DELTA,DELTA,DELTA",
6.437481,2026-09-05T18:45:26.864+01:00,1458342,1145354,1144,1144,True,True,0x0F,"OK,OK,OK,OK","DELTA,DELTA,DELTA,DELTA",
6.446896,2026-09-05T18:45:26.869+01:00,1459486,1145355,1002,1002,True,True,0x0F,"OK,OK,OK,OK","DELTA,DELTA,DELTA,DELTA",
6.447882,2026-09-05T18:45:26.878+01:00,1460488,1145356,1124,1124,True,True,0x0F,"OK,OK,OK,OK","DELTA,DELTA,DELTA,DELTA",
6.452634,2026-09-05T18:45:26.879+01:00,1461612,1145357,1298,1298,True,True,0x0F,"OK,OK,OK,OK","DELTA,DELTA,DELTA,DELTA",
6.457220,2026-09-05T18:45:26.884+01:00,1462910,1145358,1132,1132,True,True,0x0F,"OK,OK,OK,OK","DELTA,DELTA,DELTA,DELTA",
6.463924,2026-09-05T18:45:26.889+01:00,1464042,1145359,918,918,True,True,0x0F,"OK,OK,OK,OK","DELTA,DELTA,DELTA,DELTA",
6.467462,2026-09-05T18:45:26.896+01:00,1464960,1145360,1064,1064,True,True,0x0F,"OK,OK,OK,OK","DELTA,DELTA,DELTA,DELTA",
6.472258,2026-09-05T18:45:26.899+01:00,1466024,1145361,1078,1078,True,True,0x0F,"OK,OK,OK,OK","DELTA,DELTA,DELTA,DELTA",
6.478157,2026-09-05T18:45:26.904+01:00,1467102,1145362,1180,1180,True,True,0x0F,"OK,OK,OK,OK","DELTA,DELTA,DELTA,DELTA",
6.482905,2026-09-05T18:45:26.910+01:00,1468282,1145363,1026,1026,True,True,0x0F,"OK,OK,OK,OK","DELTA,DELTA,DELTA,DELTA",
6.487240,2026-09-05T18:45:26.914+01:00,1469308,1145364,1050,1050,True,True,0x0F,"OK,OK,OK,OK","DELTA,DELTA,DELTA,DELTA",
6.492199,2026-09-05T18:45:26.919+01:00,1470358,1145365,1154,1154,True,True,0x0F,"OK,OK,OK,OK","DELTA,DELTA,DELTA,DELTA",
6.500934,2026-09-05T18:45:26.924+01:00,1471512,1145366,1140,1140,True,True,0x0F,"OK,OK,OK,OK","DELTA,DELTA,DELTA,DELTA",
6.502086,2026-09-05T18:45:26.933+01:00,1472652,1145367,944,944,True,True,0x0F,"OK,OK,OK,OK","DELTA,DELTA,DELTA,DELTA",
6.513784,2026-09-05T18:45:26.934+01:00,1473596,1145368,1070,1070,True,True,0x0F,"OK,OK,OK,OK","DELTA,DELTA,DELTA,DELTA",
6.515133,2026-09-05T18:45:26.945+01:00,1474666,1145369,1220,1220,True,True,0x0F,"OK,OK,OK,OK","DELTA,DELTA,DELTA,DELTA",
6.517572,2026-09-05T18:45:26.947+01:00,1475886,1145370,1278,1278,True,True,0x0F,"OK,OK,OK,OK","DELTA,DELTA,DELTA,DELTA",
6.522268,2026-09-05T18:45:26.949+01:00,1477164,1145371,958,958,True,True,0x0F,"OK,OK,OK,OK","DELTA,DELTA,DELTA,DELTA",
6.531770,2026-09-05T18:45:26.954+01:00,1478122,1145372,1014,1014,True,True,0x0F,"OK,OK,OK,OK","DELTA,DELTA,DELTA,DELTA",
6.532694,2026-09-05T18:45:26.963+01:00,1479136,1145373,1196,1196,True,True,0x0F,"OK,OK,OK,OK","DELTA,DELTA,DELTA,DELTA",
6.537692,2026-09-05T18:45:26.964+01:00,1480332,1145374,1208,1208,True,True,0x0F,"OK,OK,OK,OK","DELTA,DELTA,DELTA,DELTA",
6.548242,2026-09-05T18:45:26.969+01:00,1481540,1145375,1016,1016,True,True,0x0F,"OK,OK,OK,OK","DELTA,DELTA,DELTA,DELTA",
6.549221,2026-09-05T18:45:26.980+01:00,1482556,1145376,1046,1046,True,True,0x0F,"OK,OK,OK,OK","DELTA,DELTA,DELTA,DELTA",
6.552354,2026-09-05T18:45:26.981+01:00,1483602,1145377,1188,1188,True,True,0x0F,"OK,OK,OK,OK","DELTA,DELTA,DELTA,DELTA",
6.557264,2026-09-05T18:45:26.984+01:00,1484790,1145378,1252,1252,True,True,0x0F,"OK,OK,OK,OK","DELTA,DELTA,DELTA,DELTA",
6.564937,2026-09-05T18:45:26.989+01:00,1486042,1145379,1090,1090,True,True,0x0F,"OK,OK,OK,OK","DELTA,DELTA,DELTA,DELTA",
6.567317,2026-09-05T18:45:26.997+01:00,1487132,1145380,1040,1040,True,True,0x0F,"OK,OK,OK,OK","DELTA,DELTA,DELTA,DELTA",
6.572709,2026-09-05T18:45:26.999+01:00,1488172,1145381,1212,1212,True,True,0x0F,"OK,OK,OK,OK","DELTA,DELTA,DELTA,DELTA",
6.581919,2026-09-05T18:45:27.004+01:00,1489384,1145382,1146,1146,True,True,0x0F,"OK,OK,OK,OK","DELTA,DELTA,DELTA,DELTA",
6.582776,2026-09-05T18:45:27.013+01:00,1490530,1145383,986,986,True,True,0x0F,"OK,OK,OK,OK","DELTA,DELTA,DELTA,DELTA",
6.587419,2026-09-05T18:45:27.014+01:00,1491516,1145384,1072,1072,True,True,0x0F,"OK,OK,OK,OK","DELTA,DELTA,DELTA,DELTA",
6.598094,2026-09-05T18:45:27.019+01:00,1492588,1145385,1304,1304,True,True,0x0F,"OK,OK,OK,OK","DELTA,DELTA,DELTA,DELTA",
6.599029,2026-09-05T18:45:27.030+01:00,1493892,1145386,1202,1202,True,True,0x0F,"OK,OK,OK,OK","DELTA,DELTA,DELTA,DELTA",
6.602422,2026-09-05T18:45:27.031+01:00,1495094,1145387,1014,1014,True,True,0x0F,"OK,OK,OK,OK","DELTA,DELTA,DELTA,DELTA",
6.607453,2026-09-05T18:45:27.034+01:00,1496108,1145388,1156,1156,True,True,0x0F,"OK,OK,OK,OK","DELTA,DELTA,DELTA,DELTA",
6.615373,2026-09-05T18:45:27.039+01:00,1497264,1145389,1268,1268,True,True,0x0F,"OK,OK,OK,OK","DELTA,DELTA,DELTA,DELTA",
6.617469,2026-09-05T18:45:27.047+01:00,1498532,1145390,1308,1308,True,True,0x0F,"OK,OK,OK,OK","DELTA,DELTA,DELTA,DELTA",
6.622281,2026-09-05T18:45:27.049+01:00,1499840,1145391,964,964,True,True,0x0F,"OK,OK,OK,OK","DELTA,DELTA,DELTA,DELTA",
6.631644,2026-09-05T18:45:27.054+01:00,1500804,1145392,1112,1112,True,True,0x0F,"OK,OK,OK,OK","DELTA,DELTA,DELTA,DELTA",
6.632806,2026-09-05T18:45:27.063+01:00,1501916,1145393,1202,1202,True,True,0x0F,"OK,OK,OK,OK","DELTA,DELTA,DELTA,DELTA",
6.637388,2026-09-05T18:45:27.064+01:00,1503118,1145394,1174,1174,True,True,0x0F,"OK,OK,OK,OK","DELTA,DELTA,DELTA,DELTA",
6.644288,2026-09-05T18:45:27.069+01:00,1504292,1145395,1052,1052,True,True,0x0F,"OK,OK,OK,OK","DELTA,DELTA,DELTA,DELTA",
6.647389,2026-09-05T18:45:27.076+01:00,1505344,1145396,1148,1148,True,True,0x0F,"OK,OK,OK,OK","DELTA,DELTA,DELTA,DELTA",
6.652050,2026-09-05T18:45:27.079+01:00,1506492,1145397,1194,1194,True,True,0x0F,"OK,OK,OK,OK","DELTA,DELTA,DELTA,DELTA",
6.657152,2026-09-05T18:45:27.084+01:00,1507686,1145398,1174,1174,True,True,0x0F,"OK,OK,OK,OK","DELTA,DELTA,DELTA,DELTA",
6.670170,2026-09-05T18:45:27.089+01:00,1508860,1145399,1064,1064,True,True,0x0F,"OK,OK,OK,OK","DELTA,DELTA,DELTA,DELTA",
6.673902,2026-09-05T18:45:27.102+01:00,1509924,1145400,1070,1070,True,True,0x0F,"OK,OK,OK,OK","DELTA,DELTA,DELTA,DELTA",
6.674835,2026-09-05T18:45:27.105+01:00,1510994,1145401,1236,1236,True,True,0x0F,"OK,OK,OK,OK","DELTA,DELTA,DELTA,DELTA",
6.677192,2026-09-05T18:45:27.106+01:00,1512230,1145402,1144,1144,True,True,0x0F,"OK,OK,OK,OK","DELTA,DELTA,DELTA,DELTA",
6.682360,2026-09-05T18:45:27.109+01:00,1513374,1145403,1092,1092,True,True,0x0F,"OK,OK,OK,OK","DELTA,DELTA,DELTA,DELTA",
6.691940,2026-09-05T18:45:27.114+01:00,1514466,1145404,1072,1072,True,True,0x0F,"OK,OK,OK,OK","DELTA,DELTA,DELTA,DELTA",
6.693015,2026-09-05T18:45:27.123+01:00,1515538,1145405,1208,1208,True,True,0x0F,"OK,OK,OK,OK","DELTA,DELTA,DELTA,DELTA",
6.697340,2026-09-05T18:45:27.125+01:00,1516746,1145406,1206,1206,True,True,0x0F,"OK,OK,OK,OK","DELTA,DELTA,DELTA,DELTA",
6.702084,2026-09-05T18:45:27.129+01:00,1517952,1145407,1038,1038,True,True,0x0F,"OK,OK,OK,OK","DELTA,DELTA,DELTA,DELTA",
6.708424,2026-09-05T18:45:27.134+01:00,1518990,1145408,1058,1058,True,True,0x0F,"OK,OK,OK,OK","DELTA,DELTA,DELTA,DELTA",
6.712523,2026-09-05T18:45:27.140+01:00,1520048,1145409,1188,1188,True,True,0x0F,"OK,OK,OK,OK","DELTA,DELTA,DELTA,DELTA",
6.717290,2026-09-05T18:45:27.144+01:00,1521236,1145410,1122,1122,True,True,0x0F,"OK,OK,OK,OK","DELTA,DELTA,DELTA,DELTA",
6.725932,2026-09-05T18:45:27.149+01:00,1522358,1145411,970,970,True,True,0x0F,"OK,OK,OK,OK","DELTA,DELTA,DELTA,DELTA",
6.727116,2026-09-05T18:45:27.157+01:00,1523328,1145412,1056,1056,True,True,0x0F,"OK,OK,OK,OK","DELTA,DELTA,DELTA,DELTA",
6.732105,2026-09-05T18:45:27.159+01:00,1524384,1145413,1138,1138,True,True,0x0F,"OK,OK,OK,OK","DELTA,DELTA,DELTA,DELTA",
6.742672,2026-09-05T18:45:27.164+01:00,1525522,1145414,1162,1162,True,True,0x0F,"OK,OK,OK,OK","DELTA,DELTA,DELTA,DELTA",
6.743526,2026-09-05T18:45:27.174+01:00,1526684,1145415,1038,1038,True,True,0x0F,"OK,OK,OK,OK","DELTA,DELTA,DELTA,DELTA",
6.747364,2026-09-05T18:45:27.175+01:00,1527722,1145416,1044,1044,True,True,0x0F,"OK,OK,OK,OK","DELTA,DELTA,DELTA,DELTA",
6.752277,2026-09-05T18:45:27.179+01:00,1528766,1145417,1172,1172,True,True,0x0F,"OK,OK,OK,OK","DELTA,DELTA,DELTA,DELTA",
6.760073,2026-09-05T18:45:27.184+01:00,1529938,1145418,1194,1194,True,True,0x0F,"OK,OK,OK,OK","DELTA,DELTA,DELTA,DELTA",
6.762163,2026-09-05T18:45:27.192+01:00,1531132,1145419,1022,1022,True,True,0x0F,"OK,OK,OK,OK","DELTA,DELTA,DELTA,DELTA",
6.767423,2026-09-05T18:45:27.194+01:00,1532154,1145420,1112,1112,True,True,0x0F,"OK,OK,OK,OK","DELTA,DELTA,DELTA,DELTA",
6.776583,2026-09-05T18:45:27.199+01:00,1533266,1145421,1188,1188,True,True,0x0F,"OK,OK,OK,OK","DELTA,DELTA,DELTA,DELTA",
6.777482,2026-09-05T18:45:27.208+01:00,1534454,1145422,1156,1156,True,True,0x0F,"OK,OK,OK,OK","DELTA,DELTA,DELTA,DELTA",
6.782206,2026-09-05T18:45:27.209+01:00,1535610,1145423,1014,1014,True,True,0x0F,"OK,OK,OK,OK","DELTA,DELTA,DELTA,DELTA",
6.792490,2026-09-05T18:45:27.214+01:00,1536624,1145424,1002,1002,True,True,0x0F,"OK,OK,OK,OK","DELTA,DELTA,DELTA,DELTA",
6.793398,2026-09-05T18:45:27.224+01:00,1537626,1145425,1200,1200,True,True,0x0F,"OK,OK,OK,OK","DELTA,DELTA,DELTA,DELTA",
6.797321,2026-09-05T18:45:27.225+01:00,1538826,1145426,1202,1202,True,True,0x0F,"OK,OK,OK,OK","DELTA,DELTA,DELTA,DELTA",
6.801934,2026-09-05T18:45:27.229+01:00,1540028,1145427,980,980,True,True,0x0F,"OK,OK,OK,OK","DELTA,DELTA,DELTA,DELTA",
6.806989,2026-09-05T18:45:27.233+01:00,1541008,1145428,1018,1018,True,True,0x0F,"OK,OK,OK,OK","DELTA,DELTA,DELTA,DELTA",
6.812641,2026-09-05T18:45:27.238+01:00,1542026,1145429,1210,1210,True,True,0x0F,"OK,OK,OK,OK","DELTA,DELTA,DELTA,DELTA",
6.817050,2026-09-05T18:45:27.244+01:00,1543236,1145430,1256,1256,True,True,0x0F,"OK,OK,OK,OK","DELTA,DELTA,DELTA,DELTA",
6.821833,2026-09-05T18:45:27.249+01:00,1544492,1145431,970,970,True,True,0x0F,"OK,OK,OK,OK","DELTA,DELTA,DELTA,DELTA",
6.830773,2026-09-05T18:45:27.253+01:00,1545462,1145432,1076,1076,True,True,0x0F,"OK,OK,OK,OK","DELTA,DELTA,DELTA,DELTA",
6.832029,2026-09-05T18:45:27.262+01:00,1546538,1145433,1246,1246,True,True,0x0F,"OK,OK,OK,OK","DELTA,DELTA,DELTA,DELTA",
6.839630,2026-09-05T18:45:27.264+01:00,1547784,1145434,1266,1266,True,True,0x0F,"OK,OK,OK,OK","DELTA,DELTA,DELTA,DELTA",
6.844707,2026-09-05T18:45:27.272+01:00,1549050,1145435,1040,1040,True,True,0x0F,"OK,OK,OK,OK","DELTA,DELTA,DELTA,DELTA",
6.847316,2026-09-05T18:45:27.276+01:00,1550090,1145436,1056,1056,True,True,0x0F,"OK,OK,OK,OK","DELTA,DELTA,DELTA,DELTA",
6.852193,2026-09-05T18:45:27.279+01:00,1551146,1145437,1232,1232,True,True,0x0F,"OK,OK,OK,OK","DELTA,DELTA,DELTA,DELTA",
6.862462,2026-09-05T18:45:27.284+01:00,1552378,1145438,1156,1156,True,True,0x0F,"OK,OK,OK,OK","DELTA,DELTA,DELTA,DELTA",
6.863618,2026-09-05T18:45:27.294+01:00,1553534,1145439,1000,1000,True,True,0x0F,"OK,OK,OK,OK","DELTA,DELTA,DELTA,DELTA",
6.867251,2026-09-05T18:45:27.295+01:00,1554534,1145440,1002,1002,True,True,0x0F,"OK,OK,OK,OK","DELTA,DELTA,DELTA,DELTA",
6.872166,2026-09-05T18:45:27.299+01:00,1555536,1145441,1234,1234,True,True,0x0F,"OK,OK,OK,OK","DELTA,DELTA,DELTA,DELTA",
6.879109,2026-09-05T18:45:27.304+01:00,1556770,1145442,1244,1244,True,True,0x0F,"OK,OK,OK,OK","DELTA,DELTA,DELTA,DELTA",
6.882110,2026-09-05T18:45:27.311+01:00,1558014,1145443,1030,1030,True,True,0x0F,"OK,OK,OK,OK","DELTA,DELTA,DELTA,DELTA",
6.887296,2026-09-05T18:45:27.314+01:00,1559044,1145444,1080,1080,True,True,0x0F,"OK,OK,OK,OK","DELTA,DELTA,DELTA,DELTA",
6.895802,2026-09-05T18:45:27.319+01:00,1560124,1145445,1216,1216,True,True,0x0F,"OK,OK,OK,OK","DELTA,DELTA,DELTA,DELTA",
6.897189,2026-09-05T18:45:27.327+01:00,1561340,1145446,1132,1132,True,True,0x0F,"OK,OK,OK,OK","DELTA,DELTA,DELTA,DELTA",
6.902173,2026-09-05T18:45:27.329+01:00,1562472,1145447,1018,1018,True,True,0x0F,"OK,OK,OK,OK","DELTA,DELTA,DELTA,DELTA",
6.911931,2026-09-05T18:45:27.334+01:00,1563490,1145448,1036,1036,True,True,0x0F,"OK,OK,OK,OK","DELTA,DELTA,DELTA,DELTA",
6.913125,2026-09-05T18:45:27.343+01:00,1564526,1145449,1164,1164,True,True,0x0F,"OK,OK,OK,OK","DELTA,DELTA,DELTA,DELTA",
6.917673,2026-09-05T18:45:27.345+01:00,1565690,1145450,1182,1182,True,True,0x0F,"OK,OK,OK,OK","DELTA,DELTA,DELTA,DELTA",
6.922130,2026-09-05T18:45:27.349+01:00,1566872,1145451,1068,1068,True,True,0x0F,"OK,OK,OK,OK","DELTA,DELTA,DELTA,DELTA",
6.929168,2026-09-05T18:45:27.354+01:00,1567940,1145452,1068,1068,True,True,0x0F,"OK,OK,OK,OK","DELTA,DELTA,DELTA,DELTA",
6.932236,2026-09-05T18:45:27.361+01:00,1569008,1145453,1198,1198,True,True,0x0F,"OK,OK,OK,OK","DELTA,DELTA,DELTA,DELTA",
6.937161,2026-09-05T18:45:27.364+01:00,1570206,1145454,1164,1164,True,True,0x0F,"OK,OK,OK,OK","DELTA,DELTA,DELTA,DELTA",
6.946616,2026-09-05T18:45:27.369+01:00,1571370,1145455,1006,1006,True,True,0x0F,"OK,OK,OK,OK","DELTA,DELTA,DELTA,DELTA",
6.947519,2026-09-05T18:45:27.378+01:00,1572376,1145456,978,978,True,True,0x0F,"OK,OK,OK,OK","DELTA,DELTA,DELTA,DELTA",
6.952106,2026-09-05T18:45:27.379+01:00,1573354,1145457,1166,1166,True,True,0x0F,"OK,OK,OK,OK","DELTA,DELTA,DELTA,DELTA",
6.962997,2026-09-05T18:45:27.384+01:00,1574520,1145458,1218,1218,True,True,0x0F,"OK,OK,OK,OK","DELTA,DELTA,DELTA,DELTA",
6.963907,2026-09-05T18:45:27.395+01:00,1575738,1145459,1006,1006,True,True,0x0F,"OK,OK,OK,OK","DELTA,DELTA,DELTA,DELTA",
6.967232,2026-09-05T18:45:27.395+01:00,1576744,1145460,1052,1052,True,True,0x0F,"OK,OK,OK,OK","DELTA,DELTA,DELTA,DELTA",
6.971903,2026-09-05T18:45:27.399+01:00,1577796,1145461,1202,1202,True,True,0x0F,"OK,OK,OK,OK","DELTA,DELTA,DELTA,DELTA",
6.977824,2026-09-05T18:45:27.403+01:00,1578998,1145462,1150,1150,True,True,0x0F,"OK,OK,OK,OK","DELTA,DELTA,DELTA,DELTA",
6.982775,2026-09-05T18:45:27.409+01:00,1580148,1145463,1104,1104,True,True,0x0F,"OK,OK,OK,OK","DELTA,DELTA,DELTA,DELTA",
6.986814,2026-09-05T18:45:27.414+01:00,1581252,1145464,1006,1006,True,True,0x0F,"OK,OK,OK,OK","DELTA,DELTA,DELTA,DELTA",
6.991894,2026-09-05T18:45:27.418+01:00,1582258,1145465,1184,1184,True,True,0x0F,"OK,OK,OK,OK","DELTA,DELTA,DELTA,DELTA",
7.004556,2026-09-05T18:45:27.423+01:00,1583442,1145466,1170,1170,True,True,0x0F,"OK,OK,OK,OK","DELTA,DELTA,DELTA,DELTA",
7.005497,2026-09-05T18:45:27.436+01:00,1584612,1145467,1042,1042,True,True,0x0F,"OK,OK,OK,OK","DELTA,DELTA,DELTA,DELTA",
7.007159,2026-09-05T18:45:27.437+01:00,1585654,1145468,1114,1114,True,True,0x0F,"OK,OK,OK,OK","DELTA,DELTA,DELTA,DELTA",
7.012274,2026-09-05T18:45:27.439+01:00,1586768,1145469,1218,1218,True,True,0x0F,"OK,OK,OK,OK","DELTA,DELTA,DELTA,DELTA",
7.017176,2026-09-05T18:45:27.444+01:00,1587986,1145470,1194,1194,True,True,0x0F,"OK,OK,OK,OK","DELTA,DELTA,DELTA,DELTA",
7.022697,2026-09-05T18:45:27.449+01:00,1589180,1145471,960,960,True,True,0x0F,"OK,OK,OK,OK","DELTA,DELTA,DELTA,DELTA",
7.027205,2026-09-05T18:45:27.454+01:00,1590140,1145472,980,980,True,True,0x0F,"OK,OK,OK,OK","DELTA,DELTA,DELTA,DELTA",
7.031957,2026-09-05T18:45:27.459+01:00,1591120,1145473,1148,1148,True,True,0x0F,"OK,OK,OK,OK","DELTA,DELTA,DELTA,DELTA",
7.039104,2026-09-05T18:45:27.464+01:00,1592268,1145474,1254,1254,True,True,0x0F,"OK,OK,OK,OK","DELTA,DELTA,DELTA,DELTA",
7.042068,2026-09-05T18:45:27.471+01:00,1593522,1145475,1108,1108,True,True,0x0F,"OK,OK,OK,OK","DELTA,DELTA,DELTA,DELTA",
7.047114,2026-09-05T18:45:27.474+01:00,1594630,1145476,1098,1098,True,True,0x0F,"OK,OK,OK,OK","DELTA,DELTA,DELTA,DELTA",
7.055481,2026-09-05T18:45:27.479+01:00,1595728,1145477,1252,1252,True,True,0x0F,"OK,OK,OK,OK","DELTA,DELTA,DELTA,DELTA",
7.057143,2026-09-05T18:45:27.487+01:00,1596980,1145478,1132,1132,True,True,0x0F,"OK,OK,OK,OK","DELTA,DELTA,DELTA,DELTA",
7.062143,2026-09-05T18:45:27.489+01:00,1598112,1145479,1146,1146,True,True,0x0F,"OK,OK,OK,OK","DELTA,DELTA,DELTA,DELTA",
7.071267,2026-09-05T18:45:27.494+01:00,1599258,1145480,1034,1034,True,True,0x0F,"OK,OK,OK,OK","DELTA,DELTA,DELTA,DELTA",
7.072196,2026-09-05T18:45:27.503+01:00,1600292,1145481,1162,1162,True,True,0x0F,"OK,OK,OK,OK","DELTA,DELTA,DELTA,DELTA",
7.077147,2026-09-05T18:45:27.504+01:00,1601454,1145482,1168,1168,True,True,0x0F,"OK,OK,OK,OK","DELTA,DELTA,DELTA,DELTA",
7.087303,2026-09-05T18:45:27.509+01:00,1602622,1145483,1034,1034,True,True,0x0F,"OK,OK,OK,OK","DELTA,DELTA,DELTA,DELTA",
7.088148,2026-09-05T18:45:27.519+01:00,1603656,1145484,1012,1012,True,True,0x0F,"OK,OK,OK,OK","DELTA,DELTA,DELTA,DELTA",
7.092209,2026-09-05T18:45:27.520+01:00,1604668,1145485,1174,1174,True,True,0x0F,"OK,OK,OK,OK","DELTA,DELTA,DELTA,DELTA",
7.097156,2026-09-05T18:45:27.524+01:00,1605842,1145486,1240,1240,True,True,0x0F,"OK,OK,OK,OK","DELTA,DELTA,DELTA,DELTA",
7.103866,2026-09-05T18:45:27.529+01:00,1607082,1145487,1118,1118,True,True,0x0F,"OK,OK,OK,OK","DELTA,DELTA,DELTA,DELTA",
7.107288,2026-09-05T18:45:27.535+01:00,1608200,1145488,1070,1070,True,True,0x0F,"OK,OK,OK,OK","DELTA,DELTA,DELTA,DELTA",
7.112331,2026-09-05T18:45:27.539+01:00,1609270,1145489,1264,1264,True,True,0x0F,"OK,OK,OK,OK","DELTA,DELTA,DELTA,DELTA",
7.120224,2026-09-05T18:45:27.544+01:00,1610534,1145490,1164,1164,True,True,0x0F,"OK,OK,OK,OK","DELTA,DELTA,DELTA,DELTA",
7.122392,2026-09-05T18:45:27.552+01:00,1611698,1145491,1126,1126,True,True,0x0F,"OK,OK,OK,OK","DELTA,DELTA,DELTA,DELTA",
7.127345,2026-09-05T18:45:27.554+01:00,1612824,1145492,1066,1066,True,True,0x0F,"OK,OK,OK,OK","DELTA,DELTA,DELTA,DELTA",
7.132050,2026-09-05T18:45:27.559+01:00,1613890,1145493,1180,1180,True,True,0x0F,"OK,OK,OK,OK","DELTA,DELTA,DELTA,DELTA",
7.137056,2026-09-05T18:45:27.564+01:00,1615070,1145494,1124,1124,True,True,0x0F,"OK,OK,OK,OK","DELTA,DELTA,DELTA,DELTA",
7.141888,2026-09-05T18:45:27.569+01:00,1616194,1145495,1142,1142,True,True,0x0F,"OK,OK,OK,OK","DELTA,DELTA,DELTA,DELTA",
7.146838,2026-09-05T18:45:27.573+01:00,1617336,1145496,1006,1006,True,True,0x0F,"OK,OK,OK,OK","DELTA,DELTA,DELTA,DELTA",
7.159268,2026-09-05T18:45:27.578+01:00,1618342,1145497,1164,1164,True,True,0x0F,"OK,OK,OK,OK","DELTA,DELTA,DELTA,DELTA",
7.159933,2026-09-05T18:45:27.591+01:00,1619506,1145498,1096,1096,True,True,0x0F,"OK,OK,OK,OK","DELTA,DELTA,DELTA,DELTA",
7.173130,2026-09-05T18:45:27.591+01:00,1620602,1145499,1012,1012,True,True,0x0F,"OK,OK,OK,OK","DELTA,DELTA,DELTA,DELTA",
7.174097,2026-09-05T18:45:27.605+01:00,1621614,1145500,1032,1032,True,True,0x0F,"OK,OK,OK,OK","DELTA,DELTA,DELTA,DELTA",
7.175157,2026-09-05T18:45:27.606+01:00,1622646,1145501,1188,1188,True,True,0x0F,"OK,OK,OK,OK","DELTA,DELTA,DELTA,DELTA",
7.176931,2026-09-05T18:45:27.607+01:00,1623834,1145502,1196,1196,True,True,0x0F,"OK,OK,OK,OK","DELTA,DELTA,DELTA,DELTA",
7.182049,2026-09-05T18:45:27.608+01:00,1625030,1145503,1050,1050,True,True,0x0F,"OK,OK,OK,OK","DELTA,DELTA,DELTA,DELTA",
7.191113,2026-09-05T18:45:27.614+01:00,1626080,1145504,986,986,True,True,0x0F,"OK,OK,OK,OK","DELTA,DELTA,DELTA,DELTA",
7.191988,2026-09-05T18:45:27.623+01:00,1627066,1145505,4216,4216,True,True,0x0F,"OK,OK,OK,OK","DELTA_SYNC,DELTA_SYNC,DELTA_SYNC,DELTA_SYNC",
7.197463,2026-09-05T18:45:27.624+01:00,1631282,1145506,1208,1208,True,True,0x0F,"OK,OK,OK,OK","DELTA,DELTA,DELTA,DELTA",
7.202690,2026-09-05T18:45:27.629+01:00,1632490,1145507,1074,1074,True,True,0x0F,"OK,OK,OK,OK","DELTA,DELTA,DELTA,DELTA",
7.209730,2026-09-05T18:45:27.634+01:00,1633564,1145508,1098,1098,True,True,0x0F,"OK,OK,OK,OK","DELTA,DELTA,DELTA,DELTA",
7.212011,2026-09-05T18:45:27.641+01:00,1634662,1145509,1160,1160,True,True,0x0F,"OK,OK,OK,OK","DELTA,DELTA,DELTA,DELTA",
7.217363,2026-09-05T18:45:27.644+01:00,1635822,1145510,1160,1160,True,True,0x0F,"OK,OK,OK,OK","DELTA,DELTA,DELTA,DELTA",
7.226715,2026-09-05T18:45:27.649+01:00,1636982,1145511,1070,1070,True,True,0x0F,"OK,OK,OK,OK","DELTA,DELTA,DELTA,DELTA",
7.227594,2026-09-05T18:45:27.658+01:00,1638052,1145512,972,972,True,True,0x0F,"OK,OK,OK,OK","DELTA,DELTA,DELTA,DELTA",
7.232383,2026-09-05T18:45:27.659+01:00,1639024,1145513,1242,1242,True,True,0x0F,"OK,OK,OK,OK","DELTA,DELTA,DELTA,DELTA",
7.237113,2026-09-05T18:45:27.664+01:00,1640266,1145514,1228,1228,True,True,0x0F,"OK,OK,OK,OK","DELTA,DELTA,DELTA,DELTA",
7.243702,2026-09-05T18:45:27.669+01:00,1641494,1145515,1156,1156,True,True,0x0F,"OK,OK,OK,OK","DELTA,DELTA,DELTA,DELTA",
7.247024,2026-09-05T18:45:27.675+01:00,1642650,1145516,1044,1044,True,True,0x0F,"OK,OK,OK,OK","DELTA,DELTA,DELTA,DELTA",
7.251923,2026-09-05T18:45:27.679+01:00,1643694,1145517,1236,1236,True,True,0x0F,"OK,OK,OK,OK","DELTA,DELTA,DELTA,DELTA",
7.260732,2026-09-05T18:45:27.683+01:00,1644930,1145518,1212,1212,True,True,0x0F,"OK,OK,OK,OK","DELTA,DELTA,DELTA,DELTA",
7.262110,2026-09-05T18:45:27.692+01:00,1646142,1145519,1088,1088,True,True,0x0F,"OK,OK,OK,OK","DELTA,DELTA,DELTA,DELTA",
7.266997,2026-09-05T18:45:27.694+01:00,1647230,1145520,1070,1070,True,True,0x0F,"OK,OK,OK,OK","DELTA,DELTA,DELTA,DELTA",
7.271801,2026-09-05T18:45:27.699+01:00,1648300,1145521,1248,1248,True,True,0x0F,"OK,OK,OK,OK","DELTA,DELTA,DELTA,DELTA",
7.279082,2026-09-05T18:45:27.703+01:00,1649548,1145522,1182,1182,True,True,0x0F,"OK,OK,OK,OK","DELTA,DELTA,DELTA,DELTA",
7.282127,2026-09-05T18:45:27.711+01:00,1650730,1145523,1140,1140,True,True,0x0F,"OK,OK,OK,OK","DELTA,DELTA,DELTA,DELTA",
7.287063,2026-09-05T18:45:27.714+01:00,1651870,1145524,1058,1058,True,True,0x0F,"OK,OK,OK,OK","DELTA,DELTA,DELTA,DELTA",
7.296371,2026-09-05T18:45:27.719+01:00,1652928,1145525,1240,1240,True,True,0x0F,"OK,OK,OK,OK","DELTA,DELTA,DELTA,DELTA",
7.297313,2026-09-05T18:45:27.728+01:00,1654168,1145526,1168,1168,True,True,0x0F,"OK,OK,OK,OK","DELTA,DELTA,DELTA,DELTA",
7.302100,2026-09-05T18:45:27.729+01:00,1655336,1145527,1100,1100,True,True,0x0F,"OK,OK,OK,OK","DELTA,DELTA,DELTA,DELTA",
7.307958,2026-09-05T18:45:27.734+01:00,1656436,1145528,1034,1034,True,True,0x0F,"OK,OK,OK,OK","DELTA,DELTA,DELTA,DELTA",
7.312350,2026-09-05T18:45:27.739+01:00,1657470,1145529,1256,1256,True,True,0x0F,"OK,OK,OK,OK","DELTA,DELTA,DELTA,DELTA",
7.316759,2026-09-05T18:45:27.744+01:00,1658726,1145530,1160,1160,True,True,0x0F,"OK,OK,OK,OK","DELTA,DELTA,DELTA,DELTA",
7.321773,2026-09-05T18:45:27.748+01:00,1659886,1145531,1102,1102,True,True,0x0F,"OK,OK,OK,OK","DELTA,DELTA,DELTA,DELTA",
7.337966,2026-09-05T18:45:27.753+01:00,1660988,1145532,1004,1004,True,True,0x0F,"OK,OK,OK,OK","DELTA,DELTA,DELTA,DELTA",
7.338985,2026-09-05T18:45:27.770+01:00,1661992,1145533,1220,1220,True,True,0x0F,"OK,OK,OK,OK","DELTA,DELTA,DELTA,DELTA",
7.339983,2026-09-05T18:45:27.771+01:00,1663212,1145534,1274,1274,True,True,0x0F,"OK,OK,OK,OK","DELTA,DELTA,DELTA,DELTA",
7.341787,2026-09-05T18:45:27.772+01:00,1664486,1145535,1196,1196,True,True,0x0F,"OK,OK,OK,OK","DELTA,DELTA,DELTA,DELTA",
7.346780,2026-09-05T18:45:27.773+01:00,1665682,1145536,1046,1046,True,True,0x0F,"OK,OK,OK,OK","DELTA,DELTA,DELTA,DELTA",
7.357426,2026-09-05T18:45:27.779+01:00,1666728,1145537,1290,1290,True,True,0x0F,"OK,OK,OK,OK","DELTA,DELTA,DELTA,DELTA",
7.358323,2026-09-05T18:45:27.789+01:00,1668018,1145538,1170,1170,True,True,0x0F,"OK,OK,OK,OK","DELTA,DELTA,DELTA,DELTA",
7.362037,2026-09-05T18:45:27.790+01:00,1669188,1145539,1120,1120,True,True,0x0F,"OK,OK,OK,OK","DELTA,DELTA,DELTA,DELTA",
7.366985,2026-09-05T18:45:27.794+01:00,1670308,1145540,976,976,True,True,0x0F,"OK,OK,OK,OK","DELTA,DELTA,DELTA,DELTA",
7.373954,2026-09-05T18:45:27.799+01:00,1671284,1145541,1064,1064,True,True,0x0F,"OK,OK,OK,OK","DELTA,DELTA,DELTA,DELTA",
7.377092,2026-09-05T18:45:27.806+01:00,1672348,1145542,1200,1200,True,True,0x0F,"OK,OK,OK,OK","DELTA,DELTA,DELTA,DELTA",
7.381923,2026-09-05T18:45:27.809+01:00,1673548,1145543,1156,1156,True,True,0x0F,"OK,OK,OK,OK","DELTA,DELTA,DELTA,DELTA",
7.390847,2026-09-05T18:45:27.813+01:00,1674704,1145544,1066,1066,True,True,0x0F,"OK,OK,OK,OK","DELTA,DELTA,DELTA,DELTA",
7.392074,2026-09-05T18:45:27.823+01:00,1675770,1145545,1232,1232,True,True,0x0F,"OK,OK,OK,OK","DELTA,DELTA,DELTA,DELTA",
7.397013,2026-09-05T18:45:27.824+01:00,1677002,1145546,1164,1164,True,True,0x0F,"OK,OK,OK,OK","DELTA,DELTA,DELTA,DELTA",
7.401742,2026-09-05T18:45:27.829+01:00,1678166,1145547,1116,1116,True,True,0x0F,"OK,OK,OK,OK","DELTA,DELTA,DELTA,DELTA",
7.408284,2026-09-05T18:45:27.833+01:00,1679282,1145548,1136,1136,True,True,0x0F,"OK,OK,OK,OK","DELTA,DELTA,DELTA,DELTA",
7.412018,2026-09-05T18:45:27.840+01:00,1680418,1145549,1202,1202,True,True,0x0F,"OK,OK,OK,OK","DELTA,DELTA,DELTA,DELTA",
7.417355,2026-09-05T18:45:27.844+01:00,1681620,1145550,1204,1204,True,True,0x0F,"OK,OK,OK,OK","DELTA,DELTA,DELTA,DELTA",
7.424919,2026-09-05T18:45:27.849+01:00,1682824,1145551,1100,1100,True,True,0x0F,"OK,OK,OK,OK","DELTA,DELTA,DELTA,DELTA",
7.426946,2026-09-05T18:45:27.856+01:00,1683924,1145552,1116,1116,True,True,0x0F,"OK,OK,OK,OK","DELTA,DELTA,DELTA,DELTA",
7.432007,2026-09-05T18:45:27.858+01:00,1685040,1145553,1246,1246,True,True,0x0F,"OK,OK,OK,OK","DELTA,DELTA,DELTA,DELTA",
7.441120,2026-09-05T18:45:27.864+01:00,1686286,1145554,1142,1142,True,True,0x0F,"OK,OK,OK,OK","DELTA,DELTA,DELTA,DELTA",
7.441996,2026-09-05T18:45:27.873+01:00,1687428,1145555,1128,1128,True,True,0x0F,"OK,OK,OK,OK","DELTA,DELTA,DELTA,DELTA",
7.446950,2026-09-05T18:45:27.873+01:00,1688556,1145556,988,988,True,True,0x0F,"OK,OK,OK,OK","DELTA,DELTA,DELTA,DELTA",
7.457333,2026-09-05T18:45:27.878+01:00,1689544,1145557,1182,1182,True,True,0x0F,"OK,OK,OK,OK","DELTA,DELTA,DELTA,DELTA",
7.458204,2026-09-05T18:45:27.889+01:00,1690726,1145558,1172,1172,True,True,0x0F,"OK,OK,OK,OK","DELTA,DELTA,DELTA,DELTA",
7.461978,2026-09-05T18:45:27.890+01:00,1691898,1145559,1136,1136,True,True,0x0F,"OK,OK,OK,OK","DELTA,DELTA,DELTA,DELTA",
7.466695,2026-09-05T18:45:27.894+01:00,1693034,1145560,956,956,True,True,0x0F,"OK,OK,OK,OK","DELTA,DELTA,DELTA,DELTA",
7.472525,2026-09-05T18:45:27.898+01:00,1693990,1145561,1208,1208,True,True,0x0F,"OK,OK,OK,OK","DELTA,DELTA,DELTA,DELTA",
7.477491,2026-09-05T18:45:27.904+01:00,1695198,1145562,1158,1158,True,True,0x0F,"OK,OK,OK,OK","DELTA,DELTA,DELTA,DELTA",
7.481639,2026-09-05T18:45:27.909+01:00,1696356,1145563,1142,1142,True,True,0x0F,"OK,OK,OK,OK","DELTA,DELTA,DELTA,DELTA",
7.486701,2026-09-05T18:45:27.913+01:00,1697498,1145564,1082,1082,True,True,0x0F,"OK,OK,OK,OK","DELTA,DELTA,DELTA,DELTA",
7.497873,2026-09-05T18:45:27.918+01:00,1698580,1145565,1070,1070,True,True,0x0F,"OK,OK,OK,OK","DELTA,DELTA,DELTA,DELTA",
7.498573,2026-09-05T18:45:27.929+01:00,1699650,1145566,1224,1224,True,True,0x0F,"OK,OK,OK,OK","DELTA,DELTA,DELTA,DELTA",
7.510245,2026-09-05T18:45:27.930+01:00,1700874,1145567,1100,1100,True,True,0x0F,"OK,OK,OK,OK","DELTA,DELTA,DELTA,DELTA",
7.511278,2026-09-05T18:45:27.942+01:00,1701974,1145568,1040,1040,True,True,0x0F,"OK,OK,OK,OK","DELTA,DELTA,DELTA,DELTA",
7.512324,2026-09-05T18:45:27.943+01:00,1703014,1145569,1338,1338,True,True,0x0F,"OK,OK,OK,OK","DELTA,DELTA,DELTA,DELTA",
7.517276,2026-09-05T18:45:27.944+01:00,1704352,1145570,1256,1256,True,True,0x0F,"OK,OK,OK,OK","DELTA,DELTA,DELTA,DELTA",
7.521845,2026-09-05T18:45:27.949+01:00,1705608,1145571,1160,1160,True,True,0x0F,"OK,OK,OK,OK","DELTA,DELTA,DELTA,DELTA",
7.529174,2026-09-05T18:45:27.953+01:00,1706768,1145572,1008,1008,True,True,0x0F,"OK,OK,OK,OK","DELTA,DELTA,DELTA,DELTA",
7.532309,2026-09-05T18:45:27.961+01:00,1707776,1145573,1246,1246,True,True,0x0F,"OK,OK,OK,OK","DELTA,DELTA,DELTA,DELTA",
7.537014,2026-09-05T18:45:27.964+01:00,1709022,1145574,1214,1214,True,True,0x0F,"OK,OK,OK,OK","DELTA,DELTA,DELTA,DELTA",
7.545319,2026-09-05T18:45:27.969+01:00,1710236,1145575,1074,1074,True,True,0x0F,"OK,OK,OK,OK","DELTA,DELTA,DELTA,DELTA",
7.546879,2026-09-05T18:45:27.977+01:00,1711310,1145576,952,952,True,True,0x0F,"OK,OK,OK,OK","DELTA,DELTA,DELTA,DELTA",
7.551820,2026-09-05T18:45:27.979+01:00,1712262,1145577,1240,1240,True,True,0x0F,"OK,OK,OK,OK","DELTA,DELTA,DELTA,DELTA",
7.562640,2026-09-05T18:45:27.984+01:00,1713502,1145578,1194,1194,True,True,0x0F,"OK,OK,OK,OK","DELTA,DELTA,DELTA,DELTA",
7.563546,2026-09-05T18:45:27.994+01:00,1714696,1145579,1192,1192,True,True,0x0F,"OK,OK,OK,OK","DELTA,DELTA,DELTA,DELTA",
7.567151,2026-09-05T18:45:27.995+01:00,1715888,1145580,990,990,True,True,0x0F,"OK,OK,OK,OK","DELTA,DELTA,DELTA,DELTA",
7.571847,2026-09-05T18:45:27.999+01:00,1716878,1145581,1196,1196,True,True,0x0F,"OK,OK,OK,OK","DELTA,DELTA,DELTA,DELTA",
7.579462,2026-09-05T18:45:28.003+01:00,1718074,1145582,1256,1256,True,True,0x0F,"OK,OK,OK,OK","DELTA,DELTA,DELTA,DELTA",
7.581692,2026-09-05T18:45:28.011+01:00,1719330,1145583,1222,1222,True,True,0x0F,"OK,OK,OK,OK","DELTA,DELTA,DELTA,DELTA",
7.587077,2026-09-05T18:45:28.013+01:00,1720552,1145584,994,994,True,True,0x0F,"OK,OK,OK,OK","DELTA,DELTA,DELTA,DELTA",
7.596115,2026-09-05T18:45:28.019+01:00,1721546,1145585,1188,1188,True,True,0x0F,"OK,OK,OK,OK","DELTA,DELTA,DELTA,DELTA",
7.597338,2026-09-05T18:45:28.028+01:00,1722734,1145586,1240,1240,True,True,0x0F,"OK,OK,OK,OK","DELTA,DELTA,DELTA,DELTA",
7.601785,2026-09-05T18:45:28.029+01:00,1723974,1145587,1166,1166,True,True,0x0F,"OK,OK,OK,OK","DELTA,DELTA,DELTA,DELTA",
7.612253,2026-09-05T18:45:28.033+01:00,1725140,1145588,1098,1098,True,True,0x0F,"OK,OK,OK,OK","DELTA,DELTA,DELTA,DELTA",
7.613277,2026-09-05T18:45:28.044+01:00,1726238,1145589,1236,1236,True,True,0x0F,"OK,OK,OK,OK","DELTA,DELTA,DELTA,DELTA",
7.617107,2026-09-05T18:45:28.045+01:00,1727474,1145590,1344,1344,True,True,0x0F,"OK,OK,OK,OK","DELTA,DELTA,DELTA,DELTA",
7.621779,2026-09-05T18:45:28.049+01:00,1728818,1145591,1130,1130,True,True,0x0F,"OK,OK,OK,OK","DELTA,DELTA,DELTA,DELTA",
7.629659,2026-09-05T18:45:28.053+01:00,1729948,1145592,1004,1004,True,True,0x0F,"OK,OK,OK,OK","DELTA,DELTA,DELTA,DELTA",
7.631707,2026-09-05T18:45:28.061+01:00,1730952,1145593,1140,1140,True,True,0x0F,"OK,OK,OK,OK","DELTA,DELTA,DELTA,DELTA",
7.636942,2026-09-05T18:45:28.063+01:00,1732092,1145594,1202,1202,True,True,0x0F,"OK,OK,OK,OK","DELTA,DELTA,DELTA,DELTA",
7.642473,2026-09-05T18:45:28.069+01:00,1733294,1145595,1140,1140,True,True,0x0F,"OK,OK,OK,OK","DELTA,DELTA,DELTA,DELTA",
7.647190,2026-09-05T18:45:28.074+01:00,1734434,1145596,1066,1066,True,True,0x0F,"OK,OK,OK,OK","DELTA,DELTA,DELTA,DELTA",
7.651691,2026-09-05T18:45:28.079+01:00,1735500,1145597,1120,1120,True,True,0x0F,"OK,OK,OK,OK","DELTA,DELTA,DELTA,DELTA",
7.656513,2026-09-05T18:45:28.083+01:00,1736620,1145598,1174,1174,True,True,0x0F,"OK,OK,OK,OK","DELTA,DELTA,DELTA,DELTA",
7.670075,2026-09-05T18:45:28.088+01:00,1737794,1145599,1192,1192,True,True,0x0F,"OK,OK,OK,OK","DELTA,DELTA,DELTA,DELTA",
7.671124,2026-09-05T18:45:28.102+01:00,1738986,1145600,1068,1068,True,True,0x0F,"OK,OK,OK,OK","DELTA,DELTA,DELTA,DELTA",
7.672106,2026-09-05T18:45:28.103+01:00,1740054,1145601,1162,1162,True,True,0x0F,"OK,OK,OK,OK","DELTA,DELTA,DELTA,DELTA",
7.676945,2026-09-05T18:45:28.104+01:00,1741216,1145602,1266,1266,True,True,0x0F,"OK,OK,OK,OK","DELTA,DELTA,DELTA,DELTA",
7.681693,2026-09-05T18:45:28.109+01:00,1742482,1145603,1184,1184,True,True,0x0F,"OK,OK,OK,OK","DELTA,DELTA,DELTA,DELTA",
7.688245,2026-09-05T18:45:28.113+01:00,1743666,1145604,1060,1060,True,True,0x0F,"OK,OK,OK,OK","DELTA,DELTA,DELTA,DELTA",
7.692042,2026-09-05T18:45:28.120+01:00,1744726,1145605,1268,1268,True,True,0x0F,"OK,OK,OK,OK","DELTA,DELTA,DELTA,DELTA",
7.705581,2026-09-05T18:45:28.133+01:00,1745994,1145606,1316,1316,True,True,0x0F,"OK,OK,OK,OK","DELTA,DELTA,DELTA,DELTA",
7.706197,2026-09-05T18:45:28.137+01:00,1747310,1145607,1172,1172,True,True,0x0F,"OK,OK,OK,OK","DELTA,DELTA,DELTA,DELTA",
7.707868,2026-09-05T18:45:28.138+01:00,1748482,1145608,1116,1116,True,True,0x0F,"OK,OK,OK,OK","DELTA,DELTA,DELTA,DELTA",
7.711681,2026-09-05T18:45:28.139+01:00,1749598,1145609,1166,1166,True,True,0x0F,"OK,OK,OK,OK","DELTA,DELTA,DELTA,DELTA",
7.716749,2026-09-05T18:45:28.143+01:00,1750764,1145610,1154,1154,True,True,0x0F,"OK,OK,OK,OK","DELTA,DELTA,DELTA,DELTA",
7.723887,2026-09-05T18:45:28.148+01:00,1751918,1145611,1064,1064,True,True,0x0F,"OK,OK,OK,OK","DELTA,DELTA,DELTA,DELTA",
7.726771,2026-09-05T18:45:28.156+01:00,1752982,1145612,896,896,True,True,0x0F,"OK,OK,OK,OK","DELTA,DELTA,DELTA,DELTA",
7.731753,2026-09-05T18:45:28.158+01:00,1753878,1145613,1148,1148,True,True,0x0F,"OK,OK,OK,OK","DELTA,DELTA,DELTA,DELTA",
7.741134,2026-09-05T18:45:28.164+01:00,1755026,1145614,1212,1212,True,True,0x0F,"OK,OK,OK,OK","DELTA,DELTA,DELTA,DELTA",
7.742059,2026-09-05T18:45:28.173+01:00,1756238,1145615,1152,1152,True,True,0x0F,"OK,OK,OK,OK","DELTA,DELTA,DELTA,DELTA",
7.746886,2026-09-05T18:45:28.174+01:00,1757390,1145616,1076,1076,True,True,0x0F,"OK,OK,OK,OK","DELTA,DELTA,DELTA,DELTA",
7.757559,2026-09-05T18:45:28.179+01:00,1758466,1145617,1250,1250,True,True,0x0F,"OK,OK,OK,OK","DELTA,DELTA,DELTA,DELTA",
7.758453,2026-09-05T18:45:28.189+01:00,1759716,1145618,1252,1252,True,True,0x0F,"OK,OK,OK,OK","DELTA,DELTA,DELTA,DELTA",
7.761548,2026-09-05T18:45:28.190+01:00,1760968,1145619,1084,1084,True,True,0x0F,"OK,OK,OK,OK","DELTA,DELTA,DELTA,DELTA",
7.766678,2026-09-05T18:45:28.193+01:00,1762052,1145620,1040,1040,True,True,0x0F,"OK,OK,OK,OK","DELTA,DELTA,DELTA,DELTA",
7.774681,2026-09-05T18:45:28.198+01:00,1763092,1145621,1164,1164,True,True,0x0F,"OK,OK,OK,OK","DELTA,DELTA,DELTA,DELTA",
7.776662,2026-09-05T18:45:28.206+01:00,1764256,1145622,1216,1216,True,True,0x0F,"OK,OK,OK,OK","DELTA,DELTA,DELTA,DELTA",
7.781879,2026-09-05T18:45:28.208+01:00,1765472,1145623,1196,1196,True,True,0x0F,"OK,OK,OK,OK","DELTA,DELTA,DELTA,DELTA",
7.790713,2026-09-05T18:45:28.213+01:00,1766668,1145624,1016,1016,True,True,0x0F,"OK,OK,OK,OK","DELTA,DELTA,DELTA,DELTA",
7.791628,2026-09-05T18:45:28.222+01:00,1767684,1145625,1200,1200,True,True,0x0F,"OK,OK,OK,OK","DELTA,DELTA,DELTA,DELTA",
7.796949,2026-09-05T18:45:28.223+01:00,1768884,1145626,1218,1218,True,True,0x0F,"OK,OK,OK,OK","DELTA,DELTA,DELTA,DELTA",
7.802710,2026-09-05T18:45:28.229+01:00,1770102,1145627,1172,1172,True,True,0x0F,"OK,OK,OK,OK","DELTA,DELTA,DELTA,DELTA",
7.807011,2026-09-05T18:45:28.234+01:00,1771274,1145628,934,934,True,True,0x0F,"OK,OK,OK,OK","DELTA,DELTA,DELTA,DELTA",
7.811455,2026-09-05T18:45:28.239+01:00,1772208,1145629,1050,1050,True,True,0x0F,"OK,OK,OK,OK","DELTA,DELTA,DELTA,DELTA",
7.816599,2026-09-05T18:45:28.243+01:00,1773258,1145630,1262,1262,True,True,0x0F,"OK,OK,OK,OK","DELTA,DELTA,DELTA,DELTA",
7.828352,2026-09-05T18:45:28.248+01:00,1774520,1145631,1250,1250,True,True,0x0F,"OK,OK,OK,OK","DELTA,DELTA,DELTA,DELTA",
7.829001,2026-09-05T18:45:28.260+01:00,1775770,1145632,1072,1072,True,True,0x0F,"OK,OK,OK,OK","DELTA,DELTA,DELTA,DELTA",
7.841676,2026-09-05T18:45:28.261+01:00,1776842,1145633,1184,1184,True,True,0x0F,"OK,OK,OK,OK","DELTA,DELTA,DELTA,DELTA",
7.842678,2026-09-05T18:45:28.273+01:00,1778026,1145634,1246,1246,True,True,0x0F,"OK,OK,OK,OK","DELTA,DELTA,DELTA,DELTA",
7.843587,2026-09-05T18:45:28.274+01:00,1779272,1145635,1244,1244,True,True,0x0F,"OK,OK,OK,OK","DELTA,DELTA,DELTA,DELTA",
7.846935,2026-09-05T18:45:28.275+01:00,1780516,1145636,1058,1058,True,True,0x0F,"OK,OK,OK,OK","DELTA,DELTA,DELTA,DELTA",
7.851842,2026-09-05T18:45:28.279+01:00,1781574,1145637,1094,1094,True,True,0x0F,"OK,OK,OK,OK","DELTA,DELTA,DELTA,DELTA",
7.860977,2026-09-05T18:45:28.283+01:00,1782668,1145638,1190,1190,True,True,0x0F,"OK,OK,OK,OK","DELTA,DELTA,DELTA,DELTA",
7.861933,2026-09-05T18:45:28.293+01:00,1783858,1145639,1198,1198,True,True,0x0F,"OK,OK,OK,OK","DELTA,DELTA,DELTA,DELTA",
7.866717,2026-09-05T18:45:28.293+01:00,1785056,1145640,974,974,True,True,0x0F,"OK,OK,OK,OK","DELTA,DELTA,DELTA,DELTA",
7.872481,2026-09-05T18:45:28.298+01:00,1786030,1145641,1172,1172,True,True,0x0F,"OK,OK,OK,OK","DELTA,DELTA,DELTA,DELTA",
7.878408,2026-09-05T18:45:28.305+01:00,1787202,1145642,1250,1250,True,True,0x0F,"OK,OK,OK,OK","DELTA,DELTA,DELTA,DELTA",
7.881786,2026-09-05T18:45:28.310+01:00,1788452,1145643,1214,1214,True,True,0x0F,"OK,OK,OK,OK","DELTA,DELTA,DELTA,DELTA",
7.886643,2026-09-05T18:45:28.313+01:00,1789666,1145644,990,990,True,True,0x0F,"OK,OK,OK,OK","DELTA,DELTA,DELTA,DELTA",
7.895268,2026-09-05T18:45:28.318+01:00,1790656,1145645,1168,1168,True,True,0x0F,"OK,OK,OK,OK","DELTA,DELTA,DELTA,DELTA",
7.896753,2026-09-05T18:45:28.327+01:00,1791824,1145646,1216,1216,True,True,0x0F,"OK,OK,OK,OK","DELTA,DELTA,DELTA,DELTA",
7.901764,2026-09-05T18:45:28.328+01:00,1793040,1145647,1268,1268,True,True,0x0F,"OK,OK,OK,OK","DELTA,DELTA,DELTA,DELTA",
7.911555,2026-09-05T18:45:28.333+01:00,1794308,1145648,952,952,True,True,0x0F,"OK,OK,OK,OK","DELTA,DELTA,DELTA,DELTA",
7.912603,2026-09-05T18:45:28.343+01:00,1795260,1145649,1128,1128,True,True,0x0F,"OK,OK,OK,OK","DELTA,DELTA,DELTA,DELTA",
7.916832,2026-09-05T18:45:28.344+01:00,1796388,1145650,1222,1222,True,True,0x0F,"OK,OK,OK,OK","DELTA,DELTA,DELTA,DELTA",
7.921355,2026-09-05T18:45:28.348+01:00,1797610,1145651,1084,1084,True,True,0x0F,"OK,OK,OK,OK","DELTA,DELTA,DELTA,DELTA",
7.928551,2026-09-05T18:45:28.353+01:00,1798694,1145652,992,992,True,True,0x0F,"OK,OK,OK,OK","DELTA,DELTA,DELTA,DELTA",
7.931854,2026-09-05T18:45:28.360+01:00,1799686,1145653,1150,1150,True,True,0x0F,"OK,OK,OK,OK","DELTA,DELTA,DELTA,DELTA",
7.936802,2026-09-05T18:45:28.363+01:00,1800836,1145654,1228,1228,True,True,0x0F,"OK,OK,OK,OK","DELTA,DELTA,DELTA,DELTA",
7.945413,2026-09-05T18:45:28.368+01:00,1802064,1145655,1160,1160,True,True,0x0F,"OK,OK,OK,OK","DELTA,DELTA,DELTA,DELTA",
7.946489,2026-09-05T18:45:28.377+01:00,1803224,1145656,994,994,True,True,0x0F,"OK,OK,OK,OK","DELTA,DELTA,DELTA,DELTA",
7.951939,2026-09-05T18:45:28.378+01:00,1804218,1145657,1138,1138,True,True,0x0F,"OK,OK,OK,OK","DELTA,DELTA,DELTA,DELTA",
7.962068,2026-09-05T18:45:28.384+01:00,1805356,1145658,1130,1130,True,True,0x0F,"OK,OK,OK,OK","DELTA,DELTA,DELTA,DELTA",
7.962676,2026-09-05T18:45:28.394+01:00,1806486,1145659,1082,1082,True,True,0x0F,"OK,OK,OK,OK","DELTA,DELTA,DELTA,DELTA",
7.966557,2026-09-05T18:45:28.394+01:00,1807568,1145660,1030,1030,True,True,0x0F,"OK,OK,OK,OK","DELTA,DELTA,DELTA,DELTA",
7.971424,2026-09-05T18:45:28.398+01:00,1808598,1145661,1028,1028,True,True,0x0F,"OK,OK,OK,OK","DELTA,DELTA,DELTA,DELTA",
7.976478,2026-09-05T18:45:28.403+01:00,1809626,1145662,1224,1224,True,True,0x0F,"OK,OK,OK,OK","DELTA,DELTA,DELTA,DELTA",
7.981788,2026-09-05T18:45:28.408+01:00,1810850,1145663,1174,1174,True,True,0x0F,"OK,OK,OK,OK","DELTA,DELTA,DELTA,DELTA",
7.986352,2026-09-05T18:45:28.413+01:00,1812024,1145664,1066,1066,True,True,0x0F,"OK,OK,OK,OK","DELTA,DELTA,DELTA,DELTA",
7.991550,2026-09-05T18:45:28.418+01:00,1813090,1145665,1126,1126,True,True,0x0F,"OK,OK,OK,OK","DELTA,DELTA,DELTA,DELTA",
8.005097,2026-09-05T18:45:28.423+01:00,1814216,1145666,1248,1248,True,True,0x0F,"OK,OK,OK,OK","DELTA,DELTA,DELTA,DELTA",
8.006095,2026-09-05T18:45:28.437+01:00,1815464,1145667,1286,1286,True,True,0x0F,"OK,OK,OK,OK","DELTA,DELTA,DELTA,DELTA",
8.006899,2026-09-05T18:45:28.438+01:00,1816750,1145668,976,976,True,True,0x0F,"OK,OK,OK,OK","DELTA,DELTA,DELTA,DELTA",
8.011324,2026-09-05T18:45:28.438+01:00,1817726,1145669,1076,1076,True,True,0x0F,"OK,OK,OK,OK","DELTA,DELTA,DELTA,DELTA",
8.022127,2026-09-05T18:45:28.443+01:00,1818802,1145670,1264,1264,True,True,0x0F,"OK,OK,OK,OK","DELTA,DELTA,DELTA,DELTA",
8.023038,2026-09-05T18:45:28.454+01:00,1820066,1145671,1162,1162,True,True,0x0F,"OK,OK,OK,OK","DELTA,DELTA,DELTA,DELTA",
8.026845,2026-09-05T18:45:28.455+01:00,1821228,1145672,952,952,True,True,0x0F,"OK,OK,OK,OK","DELTA,DELTA,DELTA,DELTA",
8.031748,2026-09-05T18:45:28.458+01:00,1822180,1145673,1150,1150,True,True,0x0F,"OK,OK,OK,OK","DELTA,DELTA,DELTA,DELTA",
8.039641,2026-09-05T18:45:28.463+01:00,1823330,1145674,1214,1214,True,True,0x0F,"OK,OK,OK,OK","DELTA,DELTA,DELTA,DELTA",
8.041475,2026-09-05T18:45:28.471+01:00,1824544,1145675,1124,1124,True,True,0x0F,"OK,OK,OK,OK","DELTA,DELTA,DELTA,DELTA",
8.046351,2026-09-05T18:45:28.473+01:00,1825668,1145676,1028,1028,True,True,0x0F,"OK,OK,OK,OK","DELTA,DELTA,DELTA,DELTA",
8.055733,2026-09-05T18:45:28.478+01:00,1826696,1145677,1176,1176,True,True,0x0F,"OK,OK,OK,OK","DELTA,DELTA,DELTA,DELTA",
8.056969,2026-09-05T18:45:28.487+01:00,1827872,1145678,1232,1232,True,True,0x0F,"OK,OK,OK,OK","DELTA,DELTA,DELTA,DELTA",
8.061722,2026-09-05T18:45:28.488+01:00,1829104,1145679,1198,1198,True,True,0x0F,"OK,OK,OK,OK","DELTA,DELTA,DELTA,DELTA",
8.066210,2026-09-05T18:45:28.494+01:00,1830302,1145680,876,876,True,True,0x0F,"OK,OK,OK,OK","DELTA,DELTA,DELTA,DELTA",
8.072459,2026-09-05T18:45:28.498+01:00,1831178,1145681,1086,1086,True,True,0x0F,"OK,OK,OK,OK","DELTA,DELTA,DELTA,DELTA",
8.076282,2026-09-05T18:45:28.504+01:00,1832264,1145682,1158,1158,True,True,0x0F,"OK,OK,OK,OK","DELTA,DELTA,DELTA,DELTA",
8.081907,2026-09-05T18:45:28.508+01:00,1833422,1145683,1146,1146,True,True,0x0F,"OK,OK,OK,OK","DELTA,DELTA,DELTA,DELTA",
8.092078,2026-09-05T18:45:28.513+01:00,1834568,1145684,1062,1062,True,True,0x0F,"OK,OK,OK,OK","DELTA,DELTA,DELTA,DELTA",
8.093344,2026-09-05T18:45:28.524+01:00,1835630,1145685,1150,1150,True,True,0x0F,"OK,OK,OK,OK","DELTA,DELTA,DELTA,DELTA",
8.096765,2026-09-05T18:45:28.525+01:00,1836780,1145686,1198,1198,True,True,0x0F,"OK,OK,OK,OK","DELTA,DELTA,DELTA,DELTA",
8.101510,2026-09-05T18:45:28.528+01:00,1837978,1145687,1118,1118,True,True,0x0F,"OK,OK,OK,OK","DELTA,DELTA,DELTA,DELTA",
8.109176,2026-09-05T18:45:28.533+01:00,1839096,1145688,1032,1032,True,True,0x0F,"OK,OK,OK,OK","DELTA,DELTA,DELTA,DELTA",
8.111454,2026-09-05T18:45:28.541+01:00,1840128,1145689,1246,1246,True,True,0x0F,"OK,OK,OK,OK","DELTA,DELTA,DELTA,DELTA",
8.116527,2026-09-05T18:45:28.543+01:00,1841374,1145690,1168,1168,True,True,0x0F,"OK,OK,OK,OK","DELTA,DELTA,DELTA,DELTA",
8.126012,2026-09-05T18:45:28.548+01:00,1842542,1145691,1166,1166,True,True,0x0F,"OK,OK,OK,OK","DELTA,DELTA,DELTA,DELTA",
8.127146,2026-09-05T18:45:28.558+01:00,1843708,1145692,1054,1054,True,True,0x0F,"OK,OK,OK,OK","DELTA,DELTA,DELTA,DELTA",
8.131749,2026-09-05T18:45:28.559+01:00,1844762,1145693,1234,1234,True,True,0x0F,"OK,OK,OK,OK","DELTA,DELTA,DELTA,DELTA",
8.136287,2026-09-05T18:45:28.563+01:00,1845996,1145694,1268,1268,True,True,0x0F,"OK,OK,OK,OK","DELTA,DELTA,DELTA,DELTA",
8.141327,2026-09-05T18:45:28.568+01:00,1847264,1145695,1072,1072,True,True,0x0F,"OK,OK,OK,OK","DELTA,DELTA,DELTA,DELTA",
8.146417,2026-09-05T18:45:28.573+01:00,1848336,1145696,1106,1106,True,True,0x0F,"OK,OK,OK,OK","DELTA,DELTA,DELTA,DELTA",
8.151359,2026-09-05T18:45:28.578+01:00,1849442,1145697,1248,1248,True,True,0x0F,"OK,OK,OK,OK","DELTA,DELTA,DELTA,DELTA",
8.163831,2026-09-05T18:45:28.583+01:00,1850690,1145698,1244,1244,True,True,0x0F,"OK,OK,OK,OK","DELTA,DELTA,DELTA,DELTA",
8.164518,2026-09-05T18:45:28.595+01:00,1851934,1145699,1266,1266,True,True,0x0F,"OK,OK,OK,OK","DELTA,DELTA,DELTA,DELTA",
8.176800,2026-09-05T18:45:28.596+01:00,1853200,1145700,912,912,True,True,0x0F,"OK,OK,OK,OK","DELTA,DELTA,DELTA,DELTA",
8.177738,2026-09-05T18:45:28.608+01:00,1854112,1145701,1098,1098,True,True,0x0F,"OK,OK,OK,OK","DELTA,DELTA,DELTA,DELTA",
8.179014,2026-09-05T18:45:28.609+01:00,1855210,1145702,1256,1256,True,True,0x0F,"OK,OK,OK,OK","DELTA,DELTA,DELTA,DELTA",
8.181212,2026-09-05T18:45:28.611+01:00,1856466,1145703,1176,1176,True,True,0x0F,"OK,OK,OK,OK","DELTA,DELTA,DELTA,DELTA",
8.186735,2026-09-05T18:45:28.613+01:00,1857642,1145704,976,976,True,True,0x0F,"OK,OK,OK,OK","DELTA,DELTA,DELTA,DELTA",
8.195363,2026-09-05T18:45:28.618+01:00,1858618,1145705,4216,4216,True,True,0x0F,"OK,OK,OK,OK","DELTA_SYNC,DELTA_SYNC,DELTA_SYNC,DELTA_SYNC",
8.196593,2026-09-05T18:45:28.627+01:00,1862834,1145706,1206,1206,True,True,0x0F,"OK,OK,OK,OK","DELTA,DELTA,DELTA,DELTA",
8.201507,2026-09-05T18:45:28.628+01:00,1864040,1145707,1198,1198,True,True,0x0F,"OK,OK,OK,OK","DELTA,DELTA,DELTA,DELTA",
8.211438,2026-09-05T18:45:28.633+01:00,1865238,1145708,1128,1128,True,True,0x0F,"OK,OK,OK,OK","DELTA,DELTA,DELTA,DELTA",
8.212397,2026-09-05T18:45:28.643+01:00,1866366,1145709,1140,1140,True,True,0x0F,"OK,OK,OK,OK","DELTA,DELTA,DELTA,DELTA",
8.216422,2026-09-05T18:45:28.644+01:00,1867506,1145710,1214,1214,True,True,0x0F,"OK,OK,OK,OK","DELTA,DELTA,DELTA,DELTA",
8.221269,2026-09-05T18:45:28.648+01:00,1868720,1145711,1146,1146,True,True,0x0F,"OK,OK,OK,OK","DELTA,DELTA,DELTA,DELTA",
8.229220,2026-09-05T18:45:28.653+01:00,1869866,1145712,1042,1042,True,True,0x0F,"OK,OK,OK,OK","DELTA,DELTA,DELTA,DELTA",
8.231495,2026-09-05T18:45:28.661+01:00,1870908,1145713,1174,1174,True,True,0x0F,"OK,OK,OK,OK","DELTA,DELTA,DELTA,DELTA",
8.236528,2026-09-05T18:45:28.663+01:00,1872082,1145714,1178,1178,True,True,0x0F,"OK,OK,OK,OK","DELTA,DELTA,DELTA,DELTA",
8.245739,2026-09-05T18:45:28.668+01:00,1873260,1145715,1208,1208,True,True,0x0F,"OK,OK,OK,OK","DELTA,DELTA,DELTA,DELTA",
8.246598,2026-09-05T18:45:28.677+01:00,1874468,1145716,1002,1002,True,True,0x0F,"OK,OK,OK,OK","DELTA,DELTA,DELTA,DELTA",
8.251351,2026-09-05T18:45:28.678+01:00,1875470,1145717,1038,1038,True,True,0x0F,"OK,OK,OK,OK","DELTA,DELTA,DELTA,DELTA",
8.262613,2026-09-05T18:45:28.683+01:00,1876508,1145718,1170,1170,True,True,0x0F,"OK,OK,OK,OK","DELTA,DELTA,DELTA,DELTA",
8.263512,2026-09-05T18:45:28.694+01:00,1877678,1145719,1198,1198,True,True,0x0F,"OK,OK,OK,OK","DELTA,DELTA,DELTA,DELTA",
8.266471,2026-09-05T18:45:28.695+01:00,1878876,1145720,1072,1072,True,True,0x0F,"OK,OK,OK,OK","DELTA,DELTA,DELTA,DELTA",
8.271444,2026-09-05T18:45:28.698+01:00,1879948,1145721,1168,1168,True,True,0x0F,"OK,OK,OK,OK","DELTA,DELTA,DELTA,DELTA",
8.279156,2026-09-05T18:45:28.703+01:00,1881116,1145722,1256,1256,True,True,0x0F,"OK,OK,OK,OK","DELTA,DELTA,DELTA,DELTA",
8.281497,2026-09-05T18:45:28.711+01:00,1882372,1145723,1130,1130,True,True,0x0F,"OK,OK,OK,OK","DELTA,DELTA,DELTA,DELTA",
8.286327,2026-09-05T18:45:28.713+01:00,1883502,1145724,1008,1008,True,True,0x0F,"OK,OK,OK,OK","DELTA,DELTA,DELTA,DELTA",
8.297541,2026-09-05T18:45:28.718+01:00,1884510,1145725,1280,1280,True,True,0x0F,"OK,OK,OK,OK","DELTA,DELTA,DELTA,DELTA",
8.298502,2026-09-05T18:45:28.729+01:00,1885790,1145726,1220,1220,True,True,0x0F,"OK,OK,OK,OK","DELTA,DELTA,DELTA,DELTA",
8.301382,2026-09-05T18:45:28.730+01:00,1887010,1145727,1204,1204,True,True,0x0F,"OK,OK,OK,OK","DELTA,DELTA,DELTA,DELTA",
8.306218,2026-09-05T18:45:28.733+01:00,1888214,1145728,1044,1044,True,True,0x0F,"OK,OK,OK,OK","DELTA,DELTA,DELTA,DELTA",
8.312252,2026-09-05T18:45:28.738+01:00,1889258,1145729,1114,1114,True,True,0x0F,"OK,OK,OK,OK","DELTA,DELTA,DELTA,DELTA",
8.317098,2026-09-05T18:45:28.744+01:00,1890372,1145730,1234,1234,True,True,0x0F,"OK,OK,OK,OK","DELTA,DELTA,DELTA,DELTA",
8.321019,2026-09-05T18:45:28.749+01:00,1891606,1145731,1142,1142,True,True,0x0F,"OK,OK,OK,OK","DELTA,DELTA,DELTA,DELTA",
8.325966,2026-09-05T18:45:28.753+01:00,1892748,1145732,998,998,True,True,0x0F,"OK,OK,OK,OK","DELTA,DELTA,DELTA,DELTA",
8.338294,2026-09-05T18:45:28.757+01:00,1893746,1145733,1120,1120,True,True,0x0F,"OK,OK,OK,OK","DELTA,DELTA,DELTA,DELTA",
8.339300,2026-09-05T18:45:28.770+01:00,1894866,1145734,1236,1236,True,True,0x0F,"OK,OK,OK,OK","DELTA,DELTA,DELTA,DELTA",
8.341248,2026-09-05T18:45:28.771+01:00,1896102,1145735,1088,1088,True,True,0x0F,"OK,OK,OK,OK","DELTA,DELTA,DELTA,DELTA",
8.346453,2026-09-05T18:45:28.773+01:00,1897190,1145736,992,992,True,True,0x0F,"OK,OK,OK,OK","DELTA,DELTA,DELTA,DELTA",
8.357305,2026-09-05T18:45:28.778+01:00,1898182,1145737,1120,1120,True,True,0x0F,"OK,OK,OK,OK","DELTA,DELTA,DELTA,DELTA",
8.358460,2026-09-05T18:45:28.789+01:00,1899302,1145738,1316,1316,True,True,0x0F,"OK,OK,OK,OK","DELTA,DELTA,DELTA,DELTA",
8.361213,2026-09-05T18:45:28.790+01:00,1900618,1145739,1144,1144,True,True,0x0F,"OK,OK,OK,OK","DELTA,DELTA,DELTA,DELTA",
8.366092,2026-09-05T18:45:28.793+01:00,1901762,1145740,988,988,True,True,0x0F,"OK,OK,OK,OK","DELTA,DELTA,DELTA,DELTA",
8.375032,2026-09-05T18:45:28.798+01:00,1902750,1145741,1134,1134,True,True,0x0F,"OK,OK,OK,OK","DELTA,DELTA,DELTA,DELTA",
8.376496,2026-09-05T18:45:28.807+01:00,1903884,1145742,1388,1388,True,True,0x0F,"OK,OK,OK,OK","DELTA,DELTA,DELTA,DELTA",
8.382059,2026-09-05T18:45:28.808+01:00,1905272,1145743,1282,1282,True,True,0x0F,"OK,OK,OK,OK","DELTA,DELTA,DELTA,DELTA",
8.385979,2026-09-05T18:45:28.814+01:00,1906554,1145744,1076,1076,True,True,0x0F,"OK,OK,OK,OK","DELTA,DELTA,DELTA,DELTA",
8.392517,2026-09-05T18:45:28.817+01:00,1907630,1145745,1046,1046,True,True,0x0F,"OK,OK,OK,OK","DELTA,DELTA,DELTA,DELTA",
8.396314,2026-09-05T18:45:28.824+01:00,1908676,1145746,1286,1286,True,True,0x0F,"OK,OK,OK,OK","DELTA,DELTA,DELTA,DELTA",
8.401357,2026-09-05T18:45:28.828+01:00,1909962,1145747,1300,1300,True,True,0x0F,"OK,OK,OK,OK","DELTA,DELTA,DELTA,DELTA",
8.408857,2026-09-05T18:45:28.833+01:00,1911262,1145748,966,966,True,True,0x0F,"OK,OK,OK,OK","DELTA,DELTA,DELTA,DELTA",
8.411103,2026-09-05T18:45:28.840+01:00,1912228,1145749,1136,1136,True,True,0x0F,"OK,OK,OK,OK","DELTA,DELTA,DELTA,DELTA",
8.416411,2026-09-05T18:45:28.843+01:00,1913364,1145750,1248,1248,True,True,0x0F,"OK,OK,OK,OK","DELTA,DELTA,DELTA,DELTA",
8.425174,2026-09-05T18:45:28.848+01:00,1914612,1145751,1182,1182,True,True,0x0F,"OK,OK,OK,OK","DELTA,DELTA,DELTA,DELTA",
8.426079,2026-09-05T18:45:28.857+01:00,1915794,1145752,1060,1060,True,True,0x0F,"OK,OK,OK,OK","DELTA,DELTA,DELTA,DELTA",
8.431508,2026-09-05T18:45:28.858+01:00,1916854,1145753,1192,1192,True,True,0x0F,"OK,OK,OK,OK","DELTA,DELTA,DELTA,DELTA",
8.441968,2026-09-05T18:45:28.863+01:00,1918046,1145754,1278,1278,True,True,0x0F,"OK,OK,OK,OK","DELTA,DELTA,DELTA,DELTA",
8.442893,2026-09-05T18:45:28.874+01:00,1919324,1145755,1204,1204,True,True,0x0F,"OK,OK,OK,OK","DELTA,DELTA,DELTA,DELTA",
8.446249,2026-09-05T18:45:28.874+01:00,1920528,1145756,1006,1006,True,True,0x0F,"OK,OK,OK,OK","DELTA,DELTA,DELTA,DELTA",
8.451321,2026-09-05T18:45:28.878+01:00,1921534,1145757,1060,1060,True,True,0x0F,"OK,OK,OK,OK","DELTA,DELTA,DELTA,DELTA",
8.458814,2026-09-05T18:45:28.883+01:00,1922594,1145758,1236,1236,True,True,0x0F,"OK,OK,OK,OK","DELTA,DELTA,DELTA,DELTA",
8.461098,2026-09-05T18:45:28.890+01:00,1923830,1145759,1248,1248,True,True,0x0F,"OK,OK,OK,OK","DELTA,DELTA,DELTA,DELTA",
8.466139,2026-09-05T18:45:28.893+01:00,1925078,1145760,1112,1112,True,True,0x0F,"OK,OK,OK,OK","DELTA,DELTA,DELTA,DELTA",
8.471708,2026-09-05T18:45:28.898+01:00,1926190,1145761,1140,1140,True,True,0x0F,"OK,OK,OK,OK","DELTA,DELTA,DELTA,DELTA",
8.476622,2026-09-05T18:45:28.903+01:00,1927330,1145762,1176,1176,True,True,0x0F,"OK,OK,OK,OK","DELTA,DELTA,DELTA,DELTA",
8.481020,2026-09-05T18:45:28.908+01:00,1928506,1145763,1180,1180,True,True,0x0F,"OK,OK,OK,OK","DELTA,DELTA,DELTA,DELTA",
8.485927,2026-09-05T18:45:28.913+01:00,1929686,1145764,1028,1028,True,True,0x0F,"OK,OK,OK,OK","DELTA,DELTA,DELTA,DELTA",
8.496900,2026-09-05T18:45:28.917+01:00,1930714,1145765,1080,1080,True,True,0x0F,"OK,OK,OK,OK","DELTA,DELTA,DELTA,DELTA",
8.497597,2026-09-05T18:45:28.928+01:00,1931794,1145766,1298,1298,True,True,0x0F,"OK,OK,OK,OK","DELTA,DELTA,DELTA,DELTA",
8.510048,2026-09-05T18:45:28.929+01:00,1933092,1145767,1190,1190,True,True,0x0F,"OK,OK,OK,OK","DELTA,DELTA,DELTA,DELTA",
8.511043,2026-09-05T18:45:28.942+01:00,1934282,1145768,1006,1006,True,True,0x0F,"OK,OK,OK,OK","DELTA,DELTA,DELTA,DELTA",
8.511974,2026-09-05T18:45:28.943+01:00,1935288,1145769,1002,1002,True,True,0x0F,"OK,OK,OK,OK","DELTA,DELTA,DELTA,DELTA",
8.516693,2026-09-05T18:45:28.944+01:00,1936290,1145770,1182,1182,True,True,0x0F,"OK,OK,OK,OK","DELTA,DELTA,DELTA,DELTA",
8.521087,2026-09-05T18:45:28.948+01:00,1937472,1145771,1170,1170,True,True,0x0F,"OK,OK,OK,OK","DELTA,DELTA,DELTA,DELTA",
8.530586,2026-09-05T18:45:28.953+01:00,1938642,1145772,958,958,True,True,0x0F,"OK,OK,OK,OK","DELTA,DELTA,DELTA,DELTA",
8.531317,2026-09-05T18:45:28.962+01:00,1939600,1145773,1072,1072,True,True,0x0F,"OK,OK,OK,OK","DELTA,DELTA,DELTA,DELTA",
8.536467,2026-09-05T18:45:28.963+01:00,1940672,1145774,1256,1256,True,True,0x0F,"OK,OK,OK,OK","DELTA,DELTA,DELTA,DELTA",
8.541164,2026-09-05T18:45:28.968+01:00,1941928,1145775,1146,1146,True,True,0x0F,"OK,OK,OK,OK","DELTA,DELTA,DELTA,DELTA",
8.547925,2026-09-05T18:45:28.973+01:00,1943074,1145776,1058,1058,True,True,0x0F,"OK,OK,OK,OK","DELTA,DELTA,DELTA,DELTA",
8.551220,2026-09-05T18:45:28.979+01:00,1944132,1145777,1082,1082,True,True,0x0F,"OK,OK,OK,OK","DELTA,DELTA,DELTA,DELTA",
8.557010,2026-09-05T18:45:28.983+01:00,1945214,1145778,1156,1156,True,True,0x0F,"OK,OK,OK,OK","DELTA,DELTA,DELTA,DELTA",
8.566250,2026-09-05T18:45:28.989+01:00,1946370,1145779,1240,1240,True,True,0x0F,"OK,OK,OK,OK","DELTA,DELTA,DELTA,DELTA",
8.567279,2026-09-05T18:45:28.998+01:00,1947610,1145780,1058,1058,True,True,0x0F,"OK,OK,OK,OK","DELTA,DELTA,DELTA,DELTA",
8.571157,2026-09-05T18:45:28.999+01:00,1948668,1145781,1018,1018,True,True,0x0F,"OK,OK,OK,OK","DELTA,DELTA,DELTA,DELTA",
8.576033,2026-09-05T18:45:29.003+01:00,1949686,1145782,1340,1340,True,True,0x0F,"OK,OK,OK,OK","DELTA,DELTA,DELTA,DELTA",
8.582865,2026-09-05T18:45:29.008+01:00,1951026,1145783,1240,1240,True,True,0x0F,"OK,OK,OK,OK","DELTA,DELTA,DELTA,DELTA",
8.586273,2026-09-05T18:45:29.015+01:00,1952266,1145784,1034,1034,True,True,0x0F,"OK,OK,OK,OK","DELTA,DELTA,DELTA,DELTA",
8.591144,2026-09-05T18:45:29.018+01:00,1953300,1145785,1096,1096,True,True,0x0F,"OK,OK,OK,OK","DELTA,DELTA,DELTA,DELTA",
8.599332,2026-09-05T18:45:29.023+01:00,1954396,1145786,1250,1250,True,True,0x0F,"OK,OK,OK,OK","DELTA,DELTA,DELTA,DELTA",
8.601573,2026-09-05T18:45:29.031+01:00,1955646,1145787,1224,1224,True,True,0x0F,"OK,OK,OK,OK","DELTA,DELTA,DELTA,DELTA",
8.606077,2026-09-05T18:45:29.033+01:00,1956870,1145788,1010,1010,True,True,0x0F,"OK,OK,OK,OK","DELTA,DELTA,DELTA,DELTA",
8.617417,2026-09-05T18:45:29.038+01:00,1957880,1145789,1112,1112,True,True,0x0F,"OK,OK,OK,OK","DELTA,DELTA,DELTA,DELTA",
8.618374,2026-09-05T18:45:29.049+01:00,1958992,1145790,1244,1244,True,True,0x0F,"OK,OK,OK,OK","DELTA,DELTA,DELTA,DELTA",
8.621201,2026-09-05T18:45:29.050+01:00,1960236,1145791,1166,1166,True,True,0x0F,"OK,OK,OK,OK","DELTA,DELTA,DELTA,DELTA",
8.625939,2026-09-05T18:45:29.053+01:00,1961402,1145792,1060,1060,True,True,0x0F,"OK,OK,OK,OK","DELTA,DELTA,DELTA,DELTA",
8.634255,2026-09-05T18:45:29.058+01:00,1962462,1145793,1132,1132,True,True,0x0F,"OK,OK,OK,OK","DELTA,DELTA,DELTA,DELTA",
8.636058,2026-09-05T18:45:29.066+01:00,1963594,1145794,1202,1202,True,True,0x0F,"OK,OK,OK,OK","DELTA,DELTA,DELTA,DELTA",
8.641088,2026-09-05T18:45:29.068+01:00,1964796,1145795,1190,1190,True,True,0x0F,"OK,OK,OK,OK","DELTA,DELTA,DELTA,DELTA",
8.645817,2026-09-05T18:45:29.073+01:00,1965986,1145796,1062,1062,True,True,0x0F,"OK,OK,OK,OK","DELTA,DELTA,DELTA,DELTA",
8.651953,2026-09-05T18:45:29.078+01:00,1967048,1145797,1088,1088,True,True,0x0F,"OK,OK,OK,OK","DELTA,DELTA,DELTA,DELTA",
8.655933,2026-09-05T18:45:29.083+01:00,1968136,1145798,1208,1208,True,True,0x0F,"OK,OK,OK,OK","DELTA,DELTA,DELTA,DELTA",
8.660996,2026-09-05T18:45:29.087+01:00,1969344,1145799,1254,1254,True,True,0x0F,"OK,OK,OK,OK","DELTA,DELTA,DELTA,DELTA",
8.674773,2026-09-05T18:45:29.093+01:00,1970598,1145800,1046,1046,True,True,0x0F,"OK,OK,OK,OK","DELTA,DELTA,DELTA,DELTA",
8.675756,2026-09-05T18:45:29.106+01:00,1971644,1145801,1072,1072,True,True,0x0F,"OK,OK,OK,OK","DELTA,DELTA,DELTA,DELTA",
8.676734,2026-09-05T18:45:29.107+01:00,1972716,1145802,1274,1274,True,True,0x0F,"OK,OK,OK,OK","DELTA,DELTA,DELTA,DELTA",
8.681332,2026-09-05T18:45:29.108+01:00,1973990,1145803,1234,1234,True,True,0x0F,"OK,OK,OK,OK","DELTA,DELTA,DELTA,DELTA",
8.685821,2026-09-05T18:45:29.113+01:00,1975224,1145804,1060,1060,True,True,0x0F,"OK,OK,OK,OK","DELTA,DELTA,DELTA,DELTA",
8.692411,2026-09-05T18:45:29.117+01:00,1976284,1145805,1030,1030,True,True,0x0F,"OK,OK,OK,OK","DELTA,DELTA,DELTA,DELTA",
8.696073,2026-09-05T18:45:29.124+01:00,1977314,1145806,1174,1174,True,True,0x0F,"OK,OK,OK,OK","DELTA,DELTA,DELTA,DELTA",
8.701091,2026-09-05T18:45:29.128+01:00,1978488,1145807,1208,1208,True,True,0x0F,"OK,OK,OK,OK","DELTA,DELTA,DELTA,DELTA",
8.706573,2026-09-05T18:45:29.133+01:00,1979696,1145808,1124,1124,True,True,0x0F,"OK,OK,OK,OK","DELTA,DELTA,DELTA,DELTA",
8.712210,2026-09-05T18:45:29.139+01:00,1980820,1145809,1152,1152,True,True,0x0F,"OK,OK,OK,OK","DELTA,DELTA,DELTA,DELTA",
8.716104,2026-09-05T18:45:29.144+01:00,1981972,1145810,1254,1254,True,True,0x0F,"OK,OK,OK,OK","DELTA,DELTA,DELTA,DELTA",
8.721234,2026-09-05T18:45:29.148+01:00,1983226,1145811,1296,1296,True,True,0x0F,"OK,OK,OK,OK","DELTA,DELTA,DELTA,DELTA",
8.729686,2026-09-05T18:45:29.153+01:00,1984522,1145812,1056,1056,True,True,0x0F,"OK,OK,OK,OK","DELTA,DELTA,DELTA,DELTA",
8.731125,2026-09-05T18:45:29.161+01:00,1985578,1145813,1066,1066,True,True,0x0F,"OK,OK,OK,OK","DELTA,DELTA,DELTA,DELTA",
8.736076,2026-09-05T18:45:29.163+01:00,1986644,1145814,1156,1156,True,True,0x0F,"OK,OK,OK,OK","DELTA,DELTA,DELTA,DELTA",
8.741556,2026-09-05T18:45:29.168+01:00,1987800,1145815,1204,1204,True,True,0x0F,"OK,OK,OK,OK","DELTA,DELTA,DELTA,DELTA",
8.748879,2026-09-05T18:45:29.173+01:00,1989004,1145816,970,970,True,True,0x0F,"OK,OK,OK,OK","DELTA,DELTA,DELTA,DELTA",
8.751281,2026-09-05T18:45:29.180+01:00,1989974,1145817,1120,1120,True,True,0x0F,"OK,OK,OK,OK","DELTA,DELTA,DELTA,DELTA",
8.756407,2026-09-05T18:45:29.183+01:00,1991094,1145818,1242,1242,True,True,0x0F,"OK,OK,OK,OK","DELTA,DELTA,DELTA,DELTA",
8.767391,2026-09-05T18:45:29.188+01:00,1992336,1145819,1210,1210,True,True,0x0F,"OK,OK,OK,OK","DELTA,DELTA,DELTA,DELTA",
8.768427,2026-09-05T18:45:29.199+01:00,1993546,1145820,1072,1072,True,True,0x0F,"OK,OK,OK,OK","DELTA,DELTA,DELTA,DELTA",
8.771024,2026-09-05T18:45:29.200+01:00,1994618,1145821,1024,1024,True,True,0x0F,"OK,OK,OK,OK","DELTA,DELTA,DELTA,DELTA",
8.776116,2026-09-05T18:45:29.203+01:00,1995642,1145822,1282,1282,True,True,0x0F,"OK,OK,OK,OK","DELTA,DELTA,DELTA,DELTA",
8.785941,2026-09-05T18:45:29.208+01:00,1996924,1145823,1192,1192,True,True,0x0F,"OK,OK,OK,OK","DELTA,DELTA,DELTA,DELTA",
8.787009,2026-09-05T18:45:29.218+01:00,1998116,1145824,1002,1002,True,True,0x0F,"OK,OK,OK,OK","DELTA,DELTA,DELTA,DELTA",
8.791178,2026-09-05T18:45:29.219+01:00,1999118,1145825,1074,1074,True,True,0x0F,"OK,OK,OK,OK","DELTA,DELTA,DELTA,DELTA",
8.796113,2026-09-05T18:45:29.223+01:00,2000192,1145826,1228,1228,True,True,0x0F,"OK,OK,OK,OK","DELTA,DELTA,DELTA,DELTA",
8.804064,2026-09-05T18:45:29.228+01:00,2001420,1145827,1206,1206,True,True,0x0F,"OK,OK,OK,OK","DELTA,DELTA,DELTA,DELTA",
8.805835,2026-09-05T18:45:29.236+01:00,2002626,1145828,1092,1092,True,True,0x0F,"OK,OK,OK,OK","DELTA,DELTA,DELTA,DELTA",
8.811600,2026-09-05T18:45:29.238+01:00,2003718,1145829,992,992,True,True,0x0F,"OK,OK,OK,OK","DELTA,DELTA,DELTA,DELTA",
8.816904,2026-09-05T18:45:29.243+01:00,2004710,1145830,1170,1170,True,True,0x0F,"OK,OK,OK,OK","DELTA,DELTA,DELTA,DELTA",
8.821395,2026-09-05T18:45:29.250+01:00,2005880,1145831,1130,1130,True,True,0x0F,"OK,OK,OK,OK","DELTA,DELTA,DELTA,DELTA",
8.825839,2026-09-05T18:45:29.253+01:00,2007010,1145832,1070,1070,True,True,0x0F,"OK,OK,OK,OK","DELTA,DELTA,DELTA,DELTA",
8.830946,2026-09-05T18:45:29.257+01:00,2008080,1145833,1048,1048,True,True,0x0F,"OK,OK,OK,OK","DELTA,DELTA,DELTA,DELTA",
8.843826,2026-09-05T18:45:29.262+01:00,2009128,1145834,1150,1150,True,True,0x0F,"OK,OK,OK,OK","DELTA,DELTA,DELTA,DELTA",
8.844583,2026-09-05T18:45:29.275+01:00,2010278,1145835,1220,1220,True,True,0x0F,"OK,OK,OK,OK","DELTA,DELTA,DELTA,DELTA",
8.851696,2026-09-05T18:45:29.276+01:00,2011498,1145836,1108,1108,True,True,0x0F,"OK,OK,OK,OK","DELTA,DELTA,DELTA,DELTA",
8.858553,2026-09-05T18:45:29.284+01:00,2012606,1145837,1148,1148,True,True,0x0F,"OK,OK,OK,OK","DELTA,DELTA,DELTA,DELTA",
8.859632,2026-09-05T18:45:29.290+01:00,2013754,1145838,1268,1268,True,True,0x0F,"OK,OK,OK,OK","DELTA,DELTA,DELTA,DELTA",
8.861048,2026-09-05T18:45:29.291+01:00,2015022,1145839,1296,1296,True,True,0x0F,"OK,OK,OK,OK","DELTA,DELTA,DELTA,DELTA",
8.865885,2026-09-05T18:45:29.293+01:00,2016318,1145840,1054,1054,True,True,0x0F,"OK,OK,OK,OK","DELTA,DELTA,DELTA,DELTA",
8.877032,2026-09-05T18:45:29.298+01:00,2017372,1145841,1056,1056,True,True,0x0F,"OK,OK,OK,OK","DELTA,DELTA,DELTA,DELTA",
8.878097,2026-09-05T18:45:29.309+01:00,2018428,1145842,1242,1242,True,True,0x0F,"OK,OK,OK,OK","DELTA,DELTA,DELTA,DELTA",
8.880894,2026-09-05T18:45:29.310+01:00,2019670,1145843,1102,1102,True,True,0x0F,"OK,OK,OK,OK","DELTA,DELTA,DELTA,DELTA",
8.886082,2026-09-05T18:45:29.313+01:00,2020772,1145844,1110,1110,True,True,0x0F,"OK,OK,OK,OK","DELTA,DELTA,DELTA,DELTA",
8.895545,2026-09-05T18:45:29.318+01:00,2021882,1145845,1070,1070,True,True,0x0F,"OK,OK,OK,OK","DELTA,DELTA,DELTA,DELTA",
8.900926,2026-09-05T18:45:29.327+01:00,2022952,1145846,1252,1252,True,True,0x0F,"OK,OK,OK,OK","DELTA,DELTA,DELTA,DELTA",
8.901923,2026-09-05T18:45:29.332+01:00,2024204,1145847,1112,1112,True,True,0x0F,"OK,OK,OK,OK","DELTA,DELTA,DELTA,DELTA",
8.905740,2026-09-05T18:45:29.334+01:00,2025316,1145848,1078,1078,True,True,0x0F,"OK,OK,OK,OK","DELTA,DELTA,DELTA,DELTA",
8.914142,2026-09-05T18:45:29.337+01:00,2026394,1145849,1112,1112,True,True,0x0F,"OK,OK,OK,OK","DELTA,DELTA,DELTA,DELTA",
8.916025,2026-09-05T18:45:29.346+01:00,2027506,1145850,1314,1314,True,True,0x0F,"OK,OK,OK,OK","DELTA,DELTA,DELTA,DELTA",
8.920944,2026-09-05T18:45:29.348+01:00,2028820,1145851,1222,1222,True,True,0x0F,"OK,OK,OK,OK","DELTA,DELTA,DELTA,DELTA",
8.931195,2026-09-05T18:45:29.352+01:00,2030042,1145852,1032,1032,True,True,0x0F,"OK,OK,OK,OK","DELTA,DELTA,DELTA,DELTA",
8.932168,2026-09-05T18:45:29.363+01:00,2031074,1145853,1142,1142,True,True,0x0F,"OK,OK,OK,OK","DELTA,DELTA,DELTA,DELTA",
8.936115,2026-09-05T18:45:29.364+01:00,2032216,1145854,1310,1310,True,True,0x0F,"OK,OK,OK,OK","DELTA,DELTA,DELTA,DELTA",
8.941222,2026-09-05T18:45:29.368+01:00,2033526,1145855,1220,1220,True,True,0x0F,"OK,OK,OK,OK","DELTA,DELTA,DELTA,DELTA",
8.949144,2026-09-05T18:45:29.373+01:00,2034746,1145856,1060,1060,True,True,0x0F,"OK,OK,OK,OK","DELTA,DELTA,DELTA,DELTA",
8.950786,2026-09-05T18:45:29.381+01:00,2035806,1145857,1158,1158,True,True,0x0F,"OK,OK,OK,OK","DELTA,DELTA,DELTA,DELTA",
8.955873,2026-09-05T18:45:29.383+01:00,2036964,1145858,1172,1172,True,True,0x0F,"OK,OK,OK,OK","DELTA,DELTA,DELTA,DELTA",
8.966326,2026-09-05T18:45:29.388+01:00,2038136,1145859,1216,1216,True,True,0x0F,"OK,OK,OK,OK","DELTA,DELTA,DELTA,DELTA",
8.967441,2026-09-05T18:45:29.398+01:00,2039352,1145860,1076,1076,True,True,0x0F,"OK,OK,OK,OK","DELTA,DELTA,DELTA,DELTA",
8.970934,2026-09-05T18:45:29.399+01:00,2040428,1145861,1006,1006,True,True,0x0F,"OK,OK,OK,OK","DELTA,DELTA,DELTA,DELTA",
8.975920,2026-09-05T18:45:29.403+01:00,2041434,1145862,1112,1112,True,True,0x0F,"OK,OK,OK,OK","DELTA,DELTA,DELTA,DELTA",
8.984493,2026-09-05T18:45:29.408+01:00,2042546,1145863,1192,1192,True,True,0x0F,"OK,OK,OK,OK","DELTA,DELTA,DELTA,DELTA",
8.985742,2026-09-05T18:45:29.416+01:00,2043738,1145864,1008,1008,True,True,0x0F,"OK,OK,OK,OK","DELTA,DELTA,DELTA,DELTA",
8.990824,2026-09-05T18:45:29.417+01:00,2044746,1145865,1094,1094,True,True,0x0F,"OK,OK,OK,OK","DELTA,DELTA,DELTA,DELTA",
8.996692,2026-09-05T18:45:29.423+01:00,2045840,1145866,1194,1194,True,True,0x0F,"OK,OK,OK,OK","DELTA,DELTA,DELTA,DELTA",
9.001675,2026-09-05T18:45:29.428+01:00,2047034,1145867,1144,1144,True,True,0x0F,"OK,OK,OK,OK","DELTA,DELTA,DELTA,DELTA",
9.005667,2026-09-05T18:45:29.433+01:00,2048178,1145868,1138,1138,True,True,0x0F,"OK,OK,OK,OK","DELTA,DELTA,DELTA,DELTA",
9.010836,2026-09-05T18:45:29.438+01:00,2049316,1145869,1074,1074,True,True,0x0F,"OK,OK,OK,OK","DELTA,DELTA,DELTA,DELTA",
9.015735,2026-09-05T18:45:29.442+01:00,2050390,1145870,1182,1182,True,True,0x0F,"OK,OK,OK,OK","DELTA,DELTA,DELTA,DELTA",
9.028264,2026-09-05T18:45:29.447+01:00,2051572,1145871,1138,1138,True,True,0x0F,"OK,OK,OK,OK","DELTA,DELTA,DELTA,DELTA",
9.029654,2026-09-05T18:45:29.460+01:00,2052710,1145872,1104,1104,True,True,0x0F,"OK,OK,OK,OK","DELTA,DELTA,DELTA,DELTA",
9.030682,2026-09-05T18:45:29.461+01:00,2053814,1145873,1102,1102,True,True,0x0F,"OK,OK,OK,OK","DELTA,DELTA,DELTA,DELTA",
9.035972,2026-09-05T18:45:29.462+01:00,2054916,1145874,1220,1220,True,True,0x0F,"OK,OK,OK,OK","DELTA,DELTA,DELTA,DELTA",
9.046840,2026-09-05T18:45:29.467+01:00,2056136,1145875,1188,1188,True,True,0x0F,"OK,OK,OK,OK","DELTA,DELTA,DELTA,DELTA",
9.047889,2026-09-05T18:45:29.478+01:00,2057324,1145876,1072,1072,True,True,0x0F,"OK,OK,OK,OK","DELTA,DELTA,DELTA,DELTA",
9.050969,2026-09-05T18:45:29.479+01:00,2058396,1145877,1046,1046,True,True,0x0F,"OK,OK,OK,OK","DELTA,DELTA,DELTA,DELTA",
9.055697,2026-09-05T18:45:29.482+01:00,2059442,1145878,1252,1252,True,True,0x0F,"OK,OK,OK,OK","DELTA,DELTA,DELTA,DELTA",
9.064255,2026-09-05T18:45:29.487+01:00,2060694,1145879,1236,1236,True,True,0x0F,"OK,OK,OK,OK","DELTA,DELTA,DELTA,DELTA",
9.065591,2026-09-05T18:45:29.496+01:00,2061930,1145880,1078,1078,True,True,0x0F,"OK,OK,OK,OK","DELTA,DELTA,DELTA,DELTA",
9.070761,2026-09-05T18:45:29.497+01:00,2063008,1145881,986,986,True,True,0x0F,"OK,OK,OK,OK","DELTA,DELTA,DELTA,DELTA",
9.081709,2026-09-05T18:45:29.502+01:00,2063994,1145882,1230,1230,True,True,0x0F,"OK,OK,OK,OK","DELTA,DELTA,DELTA,DELTA",
9.082737,2026-09-05T18:45:29.513+01:00,2065224,1145883,1190,1190,True,True,0x0F,"OK,OK,OK,OK","DELTA,DELTA,DELTA,DELTA",
9.085815,2026-09-05T18:45:29.514+01:00,2066414,1145884,1104,1104,True,True,0x0F,"OK,OK,OK,OK","DELTA,DELTA,DELTA,DELTA",
9.090711,2026-09-05T18:45:29.517+01:00,2067518,1145885,1042,1042,True,True,0x0F,"OK,OK,OK,OK","DELTA,DELTA,DELTA,DELTA",
9.099695,2026-09-05T18:45:29.522+01:00,2068560,1145886,1162,1162,True,True,0x0F,"OK,OK,OK,OK","DELTA,DELTA,DELTA,DELTA",
9.100855,2026-09-05T18:45:29.531+01:00,2069722,1145887,1234,1234,True,True,0x0F,"OK,OK,OK,OK","DELTA,DELTA,DELTA,DELTA",
9.106106,2026-09-05T18:45:29.532+01:00,2070956,1145888,1116,1116,True,True,0x0F,"OK,OK,OK,OK","DELTA,DELTA,DELTA,DELTA",
9.110834,2026-09-05T18:45:29.538+01:00,2072072,1145889,1094,1094,True,True,0x0F,"OK,OK,OK,OK","DELTA,DELTA,DELTA,DELTA",
9.118119,2026-09-05T18:45:29.542+01:00,2073166,1145890,1212,1212,True,True,0x0F,"OK,OK,OK,OK","DELTA,DELTA,DELTA,DELTA",
9.120793,2026-09-05T18:45:29.550+01:00,2074378,1145891,1176,1176,True,True,0x0F,"OK,OK,OK,OK","DELTA,DELTA,DELTA,DELTA",
9.125453,2026-09-05T18:45:29.552+01:00,2075554,1145892,1032,1032,True,True,0x0F,"OK,OK,OK,OK","DELTA,DELTA,DELTA,DELTA",
9.135238,2026-09-05T18:45:29.557+01:00,2076586,1145893,1024,1024,True,True,0x0F,"OK,OK,OK,OK","DELTA,DELTA,DELTA,DELTA",
9.136196,2026-09-05T18:45:29.567+01:00,2077610,1145894,1128,1128,True,True,0x0F,"OK,OK,OK,OK","DELTA,DELTA,DELTA,DELTA",
9.141413,2026-09-05T18:45:29.568+01:00,2078738,1145895,1290,1290,True,True,0x0F,"OK,OK,OK,OK","DELTA,DELTA,DELTA,DELTA",
9.145814,2026-09-05T18:45:29.573+01:00,2080028,1145896,1040,1040,True,True,0x0F,"OK,OK,OK,OK","DELTA,DELTA,DELTA,DELTA",
9.153338,2026-09-05T18:45:29.577+01:00,2081068,1145897,1090,1090,True,True,0x0F,"OK,OK,OK,OK","DELTA,DELTA,DELTA,DELTA",
9.155670,2026-09-05T18:45:29.585+01:00,2082158,1145898,1256,1256,True,True,0x0F,"OK,OK,OK,OK","DELTA,DELTA,DELTA,DELTA",
9.160955,2026-09-05T18:45:29.587+01:00,2083414,1145899,1136,1136,True,True,0x0F,"OK,OK,OK,OK","DELTA,DELTA,DELTA,DELTA",
9.166924,2026-09-05T18:45:29.592+01:00,2084550,1145900,1084,1084,True,True,0x0F,"OK,OK,OK,OK","DELTA,DELTA,DELTA,DELTA",
9.170783,2026-09-05T18:45:29.599+01:00,2085634,1145901,1040,1040,True,True,0x0F,"OK,OK,OK,OK","DELTA,DELTA,DELTA,DELTA",
9.175419,2026-09-05T18:45:29.602+01:00,2086674,1145902,1088,1088,True,True,0x0F,"OK,OK,OK,OK","DELTA,DELTA,DELTA,DELTA",
9.180672,2026-09-05T18:45:29.607+01:00,2087762,1145903,1160,1160,True,True,0x0F,"OK,OK,OK,OK","DELTA,DELTA,DELTA,DELTA",
9.191697,2026-09-05T18:45:29.612+01:00,2088922,1145904,1090,1090,True,True,0x0F,"OK,OK,OK,OK","DELTA,DELTA,DELTA,DELTA",
9.192107,2026-09-05T18:45:29.623+01:00,2090012,1145905,4216,4216,True,True,0x0F,"OK,OK,OK,OK","DELTA_SYNC,DELTA_SYNC,DELTA_SYNC,DELTA_SYNC",
9.206244,2026-09-05T18:45:29.624+01:00,2094228,1145906,1168,1168,True,True,0x0F,"OK,OK,OK,OK","DELTA,DELTA,DELTA,DELTA",
9.207258,2026-09-05T18:45:29.638+01:00,2095396,1145907,1164,1164,True,True,0x0F,"OK,OK,OK,OK","DELTA,DELTA,DELTA,DELTA",
9.208149,2026-09-05T18:45:29.639+01:00,2096560,1145908,1138,1138,True,True,0x0F,"OK,OK,OK,OK","DELTA,DELTA,DELTA,DELTA",
9.210600,2026-09-05T18:45:29.640+01:00,2097698,1145909,1030,1030,True,True,0x0F,"OK,OK,OK,OK","DELTA,DELTA,DELTA,DELTA",
9.215532,2026-09-05T18:45:29.642+01:00,2098728,1145910,1162,1162,True,True,0x0F,"OK,OK,OK,OK","DELTA,DELTA,DELTA,DELTA",
9.224418,2026-09-05T18:45:29.647+01:00,2099890,1145911,1242,1242,True,True,0x0F,"OK,OK,OK,OK","DELTA,DELTA,DELTA,DELTA",
9.225516,2026-09-05T18:45:29.656+01:00,2101132,1145912,1082,1082,True,True,0x0F,"OK,OK,OK,OK","DELTA,DELTA,DELTA,DELTA",
9.231103,2026-09-05T18:45:29.657+01:00,2102214,1145913,1068,1068,True,True,0x0F,"OK,OK,OK,OK","DELTA,DELTA,DELTA,DELTA",
9.241901,2026-09-05T18:45:29.663+01:00,2103282,1145914,1296,1296,True,True,0x0F,"OK,OK,OK,OK","DELTA,DELTA,DELTA,DELTA",
9.242851,2026-09-05T18:45:29.673+01:00,2104578,1145915,1194,1194,True,True,0x0F,"OK,OK,OK,OK","DELTA,DELTA,DELTA,DELTA",
9.246160,2026-09-05T18:45:29.674+01:00,2105772,1145916,1012,1012,True,True,0x0F,"OK,OK,OK,OK","DELTA,DELTA,DELTA,DELTA",
9.250594,2026-09-05T18:45:29.678+01:00,2106784,1145917,982,982,True,True,0x0F,"OK,OK,OK,OK","DELTA,DELTA,DELTA,DELTA",
9.256189,2026-09-05T18:45:29.682+01:00,2107766,1145918,1202,1202,True,True,0x0F,"OK,OK,OK,OK","DELTA,DELTA,DELTA,DELTA",
9.260554,2026-09-05T18:45:29.688+01:00,2108968,1145919,1240,1240,True,True,0x0F,"OK,OK,OK,OK","DELTA,DELTA,DELTA,DELTA",
9.265649,2026-09-05T18:45:29.692+01:00,2110208,1145920,1066,1066,True,True,0x0F,"OK,OK,OK,OK","DELTA,DELTA,DELTA,DELTA",
9.270411,2026-09-05T18:45:29.697+01:00,2111274,1145921,1048,1048,True,True,0x0F,"OK,OK,OK,OK","DELTA,DELTA,DELTA,DELTA",
9.277360,2026-09-05T18:45:29.702+01:00,2112322,1145922,1124,1124,True,True,0x0F,"OK,OK,OK,OK","DELTA,DELTA,DELTA,DELTA",
9.280695,2026-09-05T18:45:29.709+01:00,2113446,1145923,1116,1116,True,True,0x0F,"OK,OK,OK,OK","DELTA,DELTA,DELTA,DELTA",
9.285475,2026-09-05T18:45:29.712+01:00,2114562,1145924,1120,1120,True,True,0x0F,"OK,OK,OK,OK","DELTA,DELTA,DELTA,DELTA",
9.294460,2026-09-05T18:45:29.717+01:00,2115682,1145925,1084,1084,True,True,0x0F,"OK,OK,OK,OK","DELTA,DELTA,DELTA,DELTA",
9.295943,2026-09-05T18:45:29.726+01:00,2116766,1145926,1214,1214,True,True,0x0F,"OK,OK,OK,OK","DELTA,DELTA,DELTA,DELTA",
9.300821,2026-09-05T18:45:29.727+01:00,2117980,1145927,1298,1298,True,True,0x0F,"OK,OK,OK,OK","DELTA,DELTA,DELTA,DELTA",
9.305866,2026-09-05T18:45:29.732+01:00,2119278,1145928,1154,1154,True,True,0x0F,"OK,OK,OK,OK","DELTA,DELTA,DELTA,DELTA",
9.313396,2026-09-05T18:45:29.737+01:00,2120432,1145929,1036,1036,True,True,0x0F,"OK,OK,OK,OK","DELTA,DELTA,DELTA,DELTA",
9.315825,2026-09-05T18:45:29.745+01:00,2121468,1145930,1236,1236,True,True,0x0F,"OK,OK,OK,OK","DELTA,DELTA,DELTA,DELTA",
9.320859,2026-09-05T18:45:29.747+01:00,2122704,1145931,1218,1218,True,True,0x0F,"OK,OK,OK,OK","DELTA,DELTA,DELTA,DELTA",
9.329764,2026-09-05T18:45:29.752+01:00,2123922,1145932,1054,1054,True,True,0x0F,"OK,OK,OK,OK","DELTA,DELTA,DELTA,DELTA",
9.330952,2026-09-05T18:45:29.761+01:00,2124976,1145933,1048,1048,True,True,0x0F,"OK,OK,OK,OK","DELTA,DELTA,DELTA,DELTA",
9.335579,2026-09-05T18:45:29.763+01:00,2126024,1145934,1202,1202,True,True,0x0F,"OK,OK,OK,OK","DELTA,DELTA,DELTA,DELTA",
9.341830,2026-09-05T18:45:29.767+01:00,2127226,1145935,1154,1154,True,True,0x0F,"OK,OK,OK,OK","DELTA,DELTA,DELTA,DELTA",
9.346509,2026-09-05T18:45:29.773+01:00,2128380,1145936,1012,1012,True,True,0x0F,"OK,OK,OK,OK","DELTA,DELTA,DELTA,DELTA",
9.350563,2026-09-05T18:45:29.778+01:00,2129392,1145937,1030,1030,True,True,0x0F,"OK,OK,OK,OK","DELTA,DELTA,DELTA,DELTA",
9.355977,2026-09-05T18:45:29.782+01:00,2130422,1145938,1178,1178,True,True,0x0F,"OK,OK,OK,OK","DELTA,DELTA,DELTA,DELTA",
9.360306,2026-09-05T18:45:29.788+01:00,2131600,1145939,1154,1154,True,True,0x0F,"OK,OK,OK,OK","DELTA,DELTA,DELTA,DELTA",
9.374058,2026-09-05T18:45:29.792+01:00,2132754,1145940,1122,1122,True,True,0x0F,"OK,OK,OK,OK","DELTA,DELTA,DELTA,DELTA",
9.375078,2026-09-05T18:45:29.806+01:00,2133876,1145941,1090,1090,True,True,0x0F,"OK,OK,OK,OK","DELTA,DELTA,DELTA,DELTA",
9.376353,2026-09-05T18:45:29.807+01:00,2134966,1145942,1138,1138,True,True,0x0F,"OK,OK,OK,OK","DELTA,DELTA,DELTA,DELTA",
9.380637,2026-09-05T18:45:29.808+01:00,2136104,1145943,1162,1162,True,True,0x0F,"OK,OK,OK,OK","DELTA,DELTA,DELTA,DELTA",
9.385434,2026-09-05T18:45:29.812+01:00,2137266,1145944,1088,1088,True,True,0x0F,"OK,OK,OK,OK","DELTA,DELTA,DELTA,DELTA",
9.392226,2026-09-05T18:45:29.817+01:00,2138354,1145945,1044,1044,True,True,0x0F,"OK,OK,OK,OK","DELTA,DELTA,DELTA,DELTA",
9.395524,2026-09-05T18:45:29.824+01:00,2139398,1145946,1038,1038,True,True,0x0F,"OK,OK,OK,OK","DELTA,DELTA,DELTA,DELTA",
9.400399,2026-09-05T18:45:29.827+01:00,2140436,1145947,1214,1214,True,True,0x0F,"OK,OK,OK,OK","DELTA,DELTA,DELTA,DELTA",
9.411442,2026-09-05T18:45:29.832+01:00,2141650,1145948,1134,1134,True,True,0x0F,"OK,OK,OK,OK","DELTA,DELTA,DELTA,DELTA",
9.412387,2026-09-05T18:45:29.843+01:00,2142784,1145949,1066,1066,True,True,0x0F,"OK,OK,OK,OK","DELTA,DELTA,DELTA,DELTA",
9.415583,2026-09-05T18:45:29.844+01:00,2143850,1145950,1166,1166,True,True,0x0F,"OK,OK,OK,OK","DELTA,DELTA,DELTA,DELTA",
9.421180,2026-09-05T18:45:29.847+01:00,2145016,1145951,1264,1264,True,True,0x0F,"OK,OK,OK,OK","DELTA,DELTA,DELTA,DELTA",
9.429008,2026-09-05T18:45:29.853+01:00,2146280,1145952,1126,1126,True,True,0x0F,"OK,OK,OK,OK","DELTA,DELTA,DELTA,DELTA",
9.431107,2026-09-05T18:45:29.861+01:00,2147406,1145953,1132,1132,True,True,0x0F,"OK,OK,OK,OK","DELTA,DELTA,DELTA,DELTA",
9.435558,2026-09-05T18:45:29.863+01:00,2148538,1145954,1318,1318,True,True,0x0F,"OK,OK,OK,OK","DELTA,DELTA,DELTA,DELTA",
9.440254,2026-09-05T18:45:29.867+01:00,2149856,1145955,1234,1234,True,True,0x0F,"OK,OK,OK,OK","DELTA,DELTA,DELTA,DELTA",
9.447968,2026-09-05T18:45:29.872+01:00,2151090,1145956,1204,1204,True,True,0x0F,"OK,OK,OK,OK","DELTA,DELTA,DELTA,DELTA",
9.450673,2026-09-05T18:45:29.880+01:00,2152294,1145957,1032,1032,True,True,0x0F,"OK,OK,OK,OK","DELTA,DELTA,DELTA,DELTA",
9.455601,2026-09-05T18:45:29.882+01:00,2153326,1145958,1154,1154,True,True,0x0F,"OK,OK,OK,OK","DELTA,DELTA,DELTA,DELTA",
9.464748,2026-09-05T18:45:29.887+01:00,2154480,1145959,1154,1154,True,True,0x0F,"OK,OK,OK,OK","DELTA,DELTA,DELTA,DELTA",
9.466070,2026-09-05T18:45:29.897+01:00,2155634,1145960,1210,1210,True,True,0x0F,"OK,OK,OK,OK","DELTA,DELTA,DELTA,DELTA",
9.471199,2026-09-05T18:45:29.898+01:00,2156844,1145961,1090,1090,True,True,0x0F,"OK,OK,OK,OK","DELTA,DELTA,DELTA,DELTA",
9.476389,2026-09-05T18:45:29.904+01:00,2157934,1145962,1108,1108,True,True,0x0F,"OK,OK,OK,OK","DELTA,DELTA,DELTA,DELTA",
9.486355,2026-09-05T18:45:29.908+01:00,2159042,1145963,1138,1138,True,True,0x0F,"OK,OK,OK,OK","DELTA,DELTA,DELTA,DELTA",
9.487426,2026-09-05T18:45:29.918+01:00,2160180,1145964,1140,1140,True,True,0x0F,"OK,OK,OK,OK","DELTA,DELTA,DELTA,DELTA",
9.490511,2026-09-05T18:45:29.919+01:00,2161320,1145965,972,972,True,True,0x0F,"OK,OK,OK,OK","DELTA,DELTA,DELTA,DELTA",
9.495493,2026-09-05T18:45:29.922+01:00,2162292,1145966,1150,1150,True,True,0x0F,"OK,OK,OK,OK","DELTA,DELTA,DELTA,DELTA",
9.508332,2026-09-05T18:45:29.927+01:00,2163442,1145967,1250,1250,True,True,0x0F,"OK,OK,OK,OK","DELTA,DELTA,DELTA,DELTA",
9.511050,2026-09-05T18:45:29.940+01:00,2164692,1145968,1160,1160,True,True,0x0F,"OK,OK,OK,OK","DELTA,DELTA,DELTA,DELTA",
9.513179,2026-09-05T18:45:29.943+01:00,2165852,1145969,996,996,True,True,0x0F,"OK,OK,OK,OK","DELTA,DELTA,DELTA,DELTA",
9.515552,2026-09-05T18:45:29.945+01:00,2166848,1145970,1090,1090,True,True,0x0F,"OK,OK,OK,OK","DELTA,DELTA,DELTA,DELTA",
9.520212,2026-09-05T18:45:29.947+01:00,2167938,1145971,1136,1136,True,True,0x0F,"OK,OK,OK,OK","DELTA,DELTA,DELTA,DELTA",
9.525244,2026-09-05T18:45:29.952+01:00,2169074,1145972,1166,1166,True,True,0x0F,"OK,OK,OK,OK","DELTA,DELTA,DELTA,DELTA",
9.531260,2026-09-05T18:45:29.957+01:00,2170240,1145973,1108,1108,True,True,0x0F,"OK,OK,OK,OK","DELTA,DELTA,DELTA,DELTA",
9.535362,2026-09-05T18:45:29.963+01:00,2171348,1145974,1274,1274,True,True,0x0F,"OK,OK,OK,OK","DELTA,DELTA,DELTA,DELTA",
9.540357,2026-09-05T18:45:29.967+01:00,2172622,1145975,1270,1270,True,True,0x0F,"OK,OK,OK,OK","DELTA,DELTA,DELTA,DELTA",
9.549359,2026-09-05T18:45:29.972+01:00,2173892,1145976,1120,1120,True,True,0x0F,"OK,OK,OK,OK","DELTA,DELTA,DELTA,DELTA",
9.550280,2026-09-05T18:45:29.981+01:00,2175012,1145977,1062,1062,True,True,0x0F,"OK,OK,OK,OK","DELTA,DELTA,DELTA,DELTA",
9.562353,2026-09-05T18:45:29.982+01:00,2176074,1145978,1278,1278,True,True,0x0F,"OK,OK,OK,OK","DELTA,DELTA,DELTA,DELTA",
9.563406,2026-09-05T18:45:29.994+01:00,2177352,1145979,1154,1154,True,True,0x0F,"OK,OK,OK,OK","DELTA,DELTA,DELTA,DELTA",
9.565245,2026-09-05T18:45:29.995+01:00,2178506,1145980,1070,1070,True,True,0x0F,"OK,OK,OK,OK","DELTA,DELTA,DELTA,DELTA",
9.570522,2026-09-05T18:45:29.997+01:00,2179576,1145981,980,980,True,True,0x0F,"OK,OK,OK,OK","DELTA,DELTA,DELTA,DELTA",
9.579901,2026-09-05T18:45:30.002+01:00,2180556,1145982,1030,1030,True,True,0x0F,"OK,OK,OK,OK","DELTA,DELTA,DELTA,DELTA",
9.580816,2026-09-05T18:45:30.011+01:00,2181586,1145983,1182,1182,True,True,0x0F,"OK,OK,OK,OK","DELTA,DELTA,DELTA,DELTA",
9.585354,2026-09-05T18:45:30.012+01:00,2182768,1145984,1072,1072,True,True,0x0F,"OK,OK,OK,OK","DELTA,DELTA,DELTA,DELTA",
9.596443,2026-09-05T18:45:30.017+01:00,2183840,1145985,1048,1048,True,True,0x0F,"OK,OK,OK,OK","DELTA,DELTA,DELTA,DELTA",
9.597484,2026-09-05T18:45:30.028+01:00,2184888,1145986,1144,1144,True,True,0x0F,"OK,OK,OK,OK","DELTA,DELTA,DELTA,DELTA",
9.600436,2026-09-05T18:45:30.029+01:00,2186032,1145987,1236,1236,True,True,0x0F,"OK,OK,OK,OK","DELTA,DELTA,DELTA,DELTA",
9.605802,2026-09-05T18:45:30.032+01:00,2187268,1145988,1174,1174,True,True,0x0F,"OK,OK,OK,OK","DELTA,DELTA,DELTA,DELTA",
9.615105,2026-09-05T18:45:30.037+01:00,2188442,1145989,1018,1018,True,True,0x0F,"OK,OK,OK,OK","DELTA,DELTA,DELTA,DELTA",
9.616042,2026-09-05T18:45:30.047+01:00,2189460,1145990,1098,1098,True,True,0x0F,"OK,OK,OK,OK","DELTA,DELTA,DELTA,DELTA",
9.620583,2026-09-05T18:45:30.048+01:00,2190558,1145991,1182,1182,True,True,0x0F,"OK,OK,OK,OK","DELTA,DELTA,DELTA,DELTA",
9.625155,2026-09-05T18:45:30.052+01:00,2191740,1145992,1138,1138,True,True,0x0F,"OK,OK,OK,OK","DELTA,DELTA,DELTA,DELTA",
9.632138,2026-09-05T18:45:30.057+01:00,2192878,1145993,990,990,True,True,0x0F,"OK,OK,OK,OK","DELTA,DELTA,DELTA,DELTA",
9.635304,2026-09-05T18:45:30.064+01:00,2193868,1145994,1048,1048,True,True,0x0F,"OK,OK,OK,OK","DELTA,DELTA,DELTA,DELTA",
9.640340,2026-09-05T18:45:30.067+01:00,2194916,1145995,1168,1168,True,True,0x0F,"OK,OK,OK,OK","DELTA,DELTA,DELTA,DELTA",
9.648531,2026-09-05T18:45:30.072+01:00,2196084,1145996,1116,1116,True,True,0x0F,"OK,OK,OK,OK","DELTA,DELTA,DELTA,DELTA",
9.650046,2026-09-05T18:45:30.080+01:00,2197200,1145997,978,978,True,True,0x0F,"OK,OK,OK,OK","DELTA,DELTA,DELTA,DELTA",
9.655513,2026-09-05T18:45:30.082+01:00,2198178,1145998,1148,1148,True,True,0x0F,"OK,OK,OK,OK","DELTA,DELTA,DELTA,DELTA",
9.665524,2026-09-05T18:45:30.087+01:00,2199326,1145999,1206,1206,True,True,0x0F,"OK,OK,OK,OK","DELTA,DELTA,DELTA,DELTA",
9.666388,2026-09-05T18:45:30.097+01:00,2200532,1146000,1130,1130,True,True,0x0F,"OK,OK,OK,OK","DELTA,DELTA,DELTA,DELTA",
9.670341,2026-09-05T18:45:30.098+01:00,2201662,1146001,944,944,True,True,0x0F,"OK,OK,OK,OK","DELTA,DELTA,DELTA,DELTA",
9.675378,2026-09-05T18:45:30.102+01:00,2202606,1146002,1178,1178,True,True,0x0F,"OK,OK,OK,OK","DELTA,DELTA,DELTA,DELTA",
9.682153,2026-09-05T18:45:30.107+01:00,2203784,1146003,1240,1240,True,True,0x0F,"OK,OK,OK,OK","DELTA,DELTA,DELTA,DELTA",
9.685332,2026-09-05T18:45:30.114+01:00,2205024,1146004,1154,1154,True,True,0x0F,"OK,OK,OK,OK","DELTA,DELTA,DELTA,DELTA",
9.690421,2026-09-05T18:45:30.117+01:00,2206178,1146005,1036,1036,True,True,0x0F,"OK,OK,OK,OK","DELTA,DELTA,DELTA,DELTA",
9.695035,2026-09-05T18:45:30.122+01:00,2207214,1146006,1160,1160,True,True,0x0F,"OK,OK,OK,OK","DELTA,DELTA,DELTA,DELTA",
9.701087,2026-09-05T18:45:30.128+01:00,2208374,1146007,1252,1252,True,True,0x0F,"OK,OK,OK,OK","DELTA,DELTA,DELTA,DELTA",
9.704999,2026-09-05T18:45:30.133+01:00,2209626,1146008,1092,1092,True,True,0x0F,"OK,OK,OK,OK","DELTA,DELTA,DELTA,DELTA",
9.710523,2026-09-05T18:45:30.137+01:00,2210718,1146009,1034,1034,True,True,0x0F,"OK,OK,OK,OK","DELTA,DELTA,DELTA,DELTA",
9.720787,2026-09-05T18:45:30.142+01:00,2211752,1146010,1120,1120,True,True,0x0F,"OK,OK,OK,OK","DELTA,DELTA,DELTA,DELTA",
9.724074,2026-09-05T18:45:30.155+01:00,2212872,1146011,1184,1184,True,True,0x0F,"OK,OK,OK,OK","DELTA,DELTA,DELTA,DELTA",
9.725232,2026-09-05T18:45:30.156+01:00,2214056,1146012,1132,1132,True,True,0x0F,"OK,OK,OK,OK","DELTA,DELTA,DELTA,DELTA",
9.730175,2026-09-05T18:45:30.157+01:00,2215188,1146013,968,968,True,True,0x0F,"OK,OK,OK,OK","DELTA,DELTA,DELTA,DELTA",
9.740692,2026-09-05T18:45:30.162+01:00,2216156,1146014,1138,1138,True,True,0x0F,"OK,OK,OK,OK","DELTA,DELTA,DELTA,DELTA",
9.741808,2026-09-05T18:45:30.172+01:00,2217294,1146015,1178,1178,True,True,0x0F,"OK,OK,OK,OK","DELTA,DELTA,DELTA,DELTA",
9.745363,2026-09-05T18:45:30.173+01:00,2218472,1146016,1186,1186,True,True,0x0F,"OK,OK,OK,OK","DELTA,DELTA,DELTA,DELTA",
9.750267,2026-09-05T18:45:30.177+01:00,2219658,1146017,1026,1026,True,True,0x0F,"OK,OK,OK,OK","DELTA,DELTA,DELTA,DELTA",
9.757785,2026-09-05T18:45:30.182+01:00,2220684,1146018,1066,1066,True,True,0x0F,"OK,OK,OK,OK","DELTA,DELTA,DELTA,DELTA",
9.760368,2026-09-05T18:45:30.189+01:00,2221750,1146019,1242,1242,True,True,0x0F,"OK,OK,OK,OK","DELTA,DELTA,DELTA,DELTA",
9.765340,2026-09-05T18:45:30.192+01:00,2222992,1146020,1150,1150,True,True,0x0F,"OK,OK,OK,OK","DELTA,DELTA,DELTA,DELTA",
9.774559,2026-09-05T18:45:30.197+01:00,2224142,1146021,1044,1044,True,True,0x0F,"OK,OK,OK,OK","DELTA,DELTA,DELTA,DELTA",
9.775481,2026-09-05T18:45:30.206+01:00,2225186,1146022,1058,1058,True,True,0x0F,"OK,OK,OK,OK","DELTA,DELTA,DELTA,DELTA",
9.780553,2026-09-05T18:45:30.207+01:00,2226244,1146023,1282,1282,True,True,0x0F,"OK,OK,OK,OK","DELTA,DELTA,DELTA,DELTA",
9.784997,2026-09-05T18:45:30.212+01:00,2227526,1146024,1184,1184,True,True,0x0F,"OK,OK,OK,OK","DELTA,DELTA,DELTA,DELTA",
9.791585,2026-09-05T18:45:30.217+01:00,2228710,1146025,1086,1086,True,True,0x0F,"OK,OK,OK,OK","DELTA,DELTA,DELTA,DELTA",
9.795213,2026-09-05T18:45:30.223+01:00,2229796,1146026,1126,1126,True,True,0x0F,"OK,OK,OK,OK","DELTA,DELTA,DELTA,DELTA",
9.800183,2026-09-05T18:45:30.227+01:00,2230922,1146027,1270,1270,True,True,0x0F,"OK,OK,OK,OK","DELTA,DELTA,DELTA,DELTA",
9.809349,2026-09-05T18:45:30.232+01:00,2232192,1146028,1208,1208,True,True,0x0F,"OK,OK,OK,OK","DELTA,DELTA,DELTA,DELTA",
9.811145,2026-09-05T18:45:30.241+01:00,2233400,1146029,1046,1046,True,True,0x0F,"OK,OK,OK,OK","DELTA,DELTA,DELTA,DELTA",
9.816058,2026-09-05T18:45:30.243+01:00,2234446,1146030,1138,1138,True,True,0x0F,"OK,OK,OK,OK","DELTA,DELTA,DELTA,DELTA",
9.820151,2026-09-05T18:45:30.248+01:00,2235584,1146031,1270,1270,True,True,0x0F,"OK,OK,OK,OK","DELTA,DELTA,DELTA,DELTA",
9.826697,2026-09-05T18:45:30.252+01:00,2236854,1146032,1130,1130,True,True,0x0F,"OK,OK,OK,OK","DELTA,DELTA,DELTA,DELTA",
9.830319,2026-09-05T18:45:30.258+01:00,2237984,1146033,1032,1032,True,True,0x0F,"OK,OK,OK,OK","DELTA,DELTA,DELTA,DELTA",
9.835231,2026-09-05T18:45:30.262+01:00,2239016,1146034,1118,1118,True,True,0x0F,"OK,OK,OK,OK","DELTA,DELTA,DELTA,DELTA",
9.843964,2026-09-05T18:45:30.267+01:00,2240134,1146035,1222,1222,True,True,0x0F,"OK,OK,OK,OK","DELTA,DELTA,DELTA,DELTA",
9.845170,2026-09-05T18:45:30.275+01:00,2241356,1146036,1174,1174,True,True,0x0F,"OK,OK,OK,OK","DELTA,DELTA,DELTA,DELTA",
9.850280,2026-09-05T18:45:30.277+01:00,2242530,1146037,1044,1044,True,True,0x0F,"OK,OK,OK,OK","DELTA,DELTA,DELTA,DELTA",
9.855568,2026-09-05T18:45:30.282+01:00,2243574,1146038,1182,1182,True,True,0x0F,"OK,OK,OK,OK","DELTA,DELTA,DELTA,DELTA",
9.860218,2026-09-05T18:45:30.287+01:00,2244756,1146039,1150,1150,True,True,0x0F,"OK,OK,OK,OK","DELTA,DELTA,DELTA,DELTA",
9.865118,2026-09-05T18:45:30.292+01:00,2245906,1146040,1116,1116,True,True,0x0F,"OK,OK,OK,OK","DELTA,DELTA,DELTA,DELTA",
9.869996,2026-09-05T18:45:30.297+01:00,2247022,1146041,1056,1056,True,True,0x0F,"OK,OK,OK,OK","DELTA,DELTA,DELTA,DELTA",
9.881051,2026-09-05T18:45:30.302+01:00,2248078,1146042,1082,1082,True,True,0x0F,"OK,OK,OK,OK","DELTA,DELTA,DELTA,DELTA",
9.881751,2026-09-05T18:45:30.313+01:00,2249160,1146043,1208,1208,True,True,0x0F,"OK,OK,OK,OK","DELTA,DELTA,DELTA,DELTA",
9.894313,2026-09-05T18:45:30.313+01:00,2250368,1146044,1158,1158,True,True,0x0F,"OK,OK,OK,OK","DELTA,DELTA,DELTA,DELTA",
9.894930,2026-09-05T18:45:30.326+01:00,2251526,1146045,954,954,True,True,0x0F,"OK,OK,OK,OK","DELTA,DELTA,DELTA,DELTA",
9.895881,2026-09-05T18:45:30.326+01:00,2252480,1146046,1112,1112,True,True,0x0F,"OK,OK,OK,OK","DELTA,DELTA,DELTA,DELTA",
9.900528,2026-09-05T18:45:30.327+01:00,2253592,1146047,1260,1260,True,True,0x0F,"OK,OK,OK,OK","DELTA,DELTA,DELTA,DELTA",
9.905061,2026-09-05T18:45:30.332+01:00,2254852,1146048,1124,1124,True,True,0x0F,"OK,OK,OK,OK","DELTA,DELTA,DELTA,DELTA",
9.912861,2026-09-05T18:45:30.337+01:00,2255976,1146049,914,914,True,True,0x0F,"OK,OK,OK,OK","DELTA,DELTA,DELTA,DELTA",
9.915009,2026-09-05T18:45:30.344+01:00,2256890,1146050,1076,1076,True,True,0x0F,"OK,OK,OK,OK","DELTA,DELTA,DELTA,DELTA",
9.920296,2026-09-05T18:45:30.347+01:00,2257966,1146051,1182,1182,True,True,0x0F,"OK,OK,OK,OK","DELTA,DELTA,DELTA,DELTA",
9.930432,2026-09-05T18:45:30.352+01:00,2259148,1146052,1158,1158,True,True,0x0F,"OK,OK,OK,OK","DELTA,DELTA,DELTA,DELTA",
9.931473,2026-09-05T18:45:30.362+01:00,2260306,1146053,966,966,True,True,0x0F,"OK,OK,OK,OK","DELTA,DELTA,DELTA,DELTA",
9.935594,2026-09-05T18:45:30.363+01:00,2261272,1146054,1096,1096,True,True,0x0F,"OK,OK,OK,OK","DELTA,DELTA,DELTA,DELTA",
9.940592,2026-09-05T18:45:30.367+01:00,2262368,1146055,1246,1246,True,True,0x0F,"OK,OK,OK,OK","DELTA,DELTA,DELTA,DELTA",
9.948549,2026-09-05T18:45:30.372+01:00,2263614,1146056,1180,1180,True,True,0x0F,"OK,OK,OK,OK","DELTA,DELTA,DELTA,DELTA",
9.949998,2026-09-05T18:45:30.380+01:00,2264794,1146057,920,920,True,True,0x0F,"OK,OK,OK,OK","DELTA,DELTA,DELTA,DELTA",
9.955267,2026-09-05T18:45:30.382+01:00,2265714,1146058,1124,1124,True,True,0x0F,"OK,OK,OK,OK","DELTA,DELTA,DELTA,DELTA",
9.964878,2026-09-05T18:45:30.387+01:00,2266838,1146059,1282,1282,True,True,0x0F,"OK,OK,OK,OK","DELTA,DELTA,DELTA,DELTA",
9.965790,2026-09-05T18:45:30.396+01:00,2268120,1146060,1224,1224,True,True,0x0F,"OK,OK,OK,OK","DELTA,DELTA,DELTA,DELTA",
9.970101,2026-09-05T18:45:30.397+01:00,2269344,1146061,1016,1016,True,True,0x0F,"OK,OK,OK,OK","DELTA,DELTA,DELTA,DELTA",
9.975137,2026-09-05T18:45:30.402+01:00,2270360,1146062,1064,1064,True,True,0x0F,"OK,OK,OK,OK","DELTA,DELTA,DELTA,DELTA",
9.981679,2026-09-05T18:45:30.407+01:00,2271424,1146063,1162,1162,True,True,0x0F,"OK,OK,OK,OK","DELTA,DELTA,DELTA,DELTA",
9.985232,2026-09-05T18:45:30.413+01:00,2272586,1146064,1170,1170,True,True,0x0F,"OK,OK,OK,OK","DELTA,DELTA,DELTA,DELTA",
9.990056,2026-09-05T18:45:30.417+01:00,2273756,1146065,1040,1040,True,True,0x0F,"OK,OK,OK,OK","DELTA,DELTA,DELTA,DELTA",
9.998341,2026-09-05T18:45:30.422+01:00,2274796,1146066,1134,1134,True,True,0x0F,"OK,OK,OK,OK","DELTA,DELTA,DELTA,DELTA",
10.000176,2026-09-05T18:45:30.430+01:00,2275930,1146067,1222,1222,True,True,0x0F,"OK,OK,OK,OK","DELTA,DELTA,DELTA,DELTA",
10.005093,2026-09-05T18:45:30.432+01:00,2277152,1146068,1150,1150,True,True,0x0F,"OK,OK,OK,OK","DELTA,DELTA,DELTA,DELTA",
10.014580,2026-09-05T18:45:30.437+01:00,2278302,1146069,1006,1006,True,True,0x0F,"OK,OK,OK,OK","DELTA,DELTA,DELTA,DELTA",
10.015423,2026-09-05T18:45:30.446+01:00,2279308,1146070,1046,1046,True,True,0x0F,"OK,OK,OK,OK","DELTA,DELTA,DELTA,DELTA",
10.020127,2026-09-05T18:45:30.447+01:00,2280354,1146071,1180,1180,True,True,0x0F,"OK,OK,OK,OK","DELTA,DELTA,DELTA,DELTA",
10.024740,2026-09-05T18:45:30.452+01:00,2281534,1146072,1134,1134,True,True,0x0F,"OK,OK,OK,OK","DELTA,DELTA,DELTA,DELTA",
10.030561,2026-09-05T18:45:30.456+01:00,2282668,1146073,1026,1026,True,True,0x0F,"OK,OK,OK,OK","DELTA,DELTA,DELTA,DELTA",
10.034799,2026-09-05T18:45:30.462+01:00,2283694,1146074,1022,1022,True,True,0x0F,"OK,OK,OK,OK","DELTA,DELTA,DELTA,DELTA",
10.040484,2026-09-05T18:45:30.466+01:00,2284716,1146075,1218,1218,True,True,0x0F,"OK,OK,OK,OK","DELTA,DELTA,DELTA,DELTA",
10.050274,2026-09-05T18:45:30.472+01:00,2285934,1146076,1084,1084,True,True,0x0F,"OK,OK,OK,OK","DELTA,DELTA,DELTA,DELTA",
10.058327,2026-09-05T18:45:30.482+01:00,2287018,1146077,938,938,True,True,0x0F,"OK,OK,OK,OK","DELTA,DELTA,DELTA,DELTA",
10.059253,2026-09-05T18:45:30.490+01:00,2287956,1146078,1054,1054,True,True,0x0F,"OK,OK,OK,OK","DELTA,DELTA,DELTA,DELTA",
10.060160,2026-09-05T18:45:30.491+01:00,2289010,1146079,1206,1206,True,True,0x0F,"OK,OK,OK,OK","DELTA,DELTA,DELTA,DELTA",
10.064973,2026-09-05T18:45:30.492+01:00,2290216,1146080,1064,1064,True,True,0x0F,"OK,OK,OK,OK","DELTA,DELTA,DELTA,DELTA",
10.075445,2026-09-05T18:45:30.497+01:00,2291280,1146081,900,900,True,True,0x0F,"OK,OK,OK,OK","DELTA,DELTA,DELTA,DELTA",
10.076293,2026-09-05T18:45:30.507+01:00,2292180,1146082,1058,1058,True,True,0x0F,"OK,OK,OK,OK","DELTA,DELTA,DELTA,DELTA",
10.080123,2026-09-05T18:45:30.508+01:00,2293238,1146083,1186,1186,True,True,0x0F,"OK,OK,OK,OK","DELTA,DELTA,DELTA,DELTA",
10.085137,2026-09-05T18:45:30.512+01:00,2294424,1146084,1126,1126,True,True,0x0F,"OK,OK,OK,OK","DELTA,DELTA,DELTA,DELTA",
10.092633,2026-09-05T18:45:30.517+01:00,2295550,1146085,1012,1012,True,True,0x0F,"OK,OK,OK,OK","DELTA,DELTA,DELTA,DELTA",
10.094776,2026-09-05T18:45:30.524+01:00,2296562,1146086,1040,1040,True,True,0x0F,"OK,OK,OK,OK","DELTA,DELTA,DELTA,DELTA",
10.099974,2026-09-05T18:45:30.526+01:00,2297602,1146087,1138,1138,True,True,0x0F,"OK,OK,OK,OK","DELTA,DELTA,DELTA,DELTA",
10.109110,2026-09-05T18:45:30.532+01:00,2298740,1146088,1098,1098,True,True,0x0F,"OK,OK,OK,OK","DELTA,DELTA,DELTA,DELTA",
10.109952,2026-09-05T18:45:30.541+01:00,2299838,1146089,1000,1000,True,True,0x0F,"OK,OK,OK,OK","DELTA,DELTA,DELTA,DELTA",
10.114944,2026-09-05T18:45:30.541+01:00,2300838,1146090,1066,1066,True,True,0x0F,"OK,OK,OK,OK","DELTA,DELTA,DELTA,DELTA",
10.121540,2026-09-05T18:45:30.547+01:00,2301904,1146091,1160,1160,True,True,0x0F,"OK,OK,OK,OK","DELTA,DELTA,DELTA,DELTA",
10.126120,2026-09-05T18:45:30.554+01:00,2303064,1146092,1132,1132,True,True,0x0F,"OK,OK,OK,OK","DELTA,DELTA,DELTA,DELTA",
10.129888,2026-09-05T18:45:30.558+01:00,2304196,1146093,1034,1034,True,True,0x0F,"OK,OK,OK,OK","DELTA,DELTA,DELTA,DELTA",
10.134936,2026-09-05T18:45:30.562+01:00,2305230,1146094,1092,1092,True,True,0x0F,"OK,OK,OK,OK","DELTA,DELTA,DELTA,DELTA",
10.142470,2026-09-05T18:45:30.566+01:00,2306322,1146095,1150,1150,True,True,0x0F,"OK,OK,OK,OK","DELTA,DELTA,DELTA,DELTA",
10.144819,2026-09-05T18:45:30.574+01:00,2307472,1146096,1066,1066,True,True,0x0F,"OK,OK,OK,OK","DELTA,DELTA,DELTA,DELTA",
10.149958,2026-09-05T18:45:30.576+01:00,2308538,1146097,904,904,True,True,0x0F,"OK,OK,OK,OK","DELTA,DELTA,DELTA,DELTA",
10.158810,2026-09-05T18:45:30.581+01:00,2309442,1146098,1154,1154,True,True,0x0F,"OK,OK,OK,OK","DELTA,DELTA,DELTA,DELTA",
10.160116,2026-09-05T18:45:30.591+01:00,2310596,1146099,1198,1198,True,True,0x0F,"OK,OK,OK,OK","DELTA,DELTA,DELTA,DELTA",
10.164922,2026-09-05T18:45:30.592+01:00,2311794,1146100,1180,1180,True,True,0x0F,"OK,OK,OK,OK","DELTA,DELTA,DELTA,DELTA",
10.175445,2026-09-05T18:45:30.597+01:00,2312974,1146101,1018,1018,True,True,0x0F,"OK,OK,OK,OK","DELTA,DELTA,DELTA,DELTA",
10.176314,2026-09-05T18:45:30.607+01:00,2313992,1146102,1018,1018,True,True,0x0F,"OK,OK,OK,OK","DELTA,DELTA,DELTA,DELTA",
10.180118,2026-09-05T18:45:30.608+01:00,2315010,1146103,1092,1092,True,True,0x0F,"OK,OK,OK,OK","DELTA,DELTA,DELTA,DELTA",
10.184781,2026-09-05T18:45:30.612+01:00,2316102,1146104,1162,1162,True,True,0x0F,"OK,OK,OK,OK","DELTA,DELTA,DELTA,DELTA",
10.190246,2026-09-05T18:45:30.616+01:00,2317264,1146105,4216,4216,True,True,0x0F,"OK,OK,OK,OK","DELTA_SYNC,DELTA_SYNC,DELTA_SYNC,DELTA_SYNC",
10.194854,2026-09-05T18:45:30.622+01:00,2321480,1146106,1064,1064,True,True,0x0F,"OK,OK,OK,OK","DELTA,DELTA,DELTA,DELTA",
10.200135,2026-09-05T18:45:30.626+01:00,2322544,1146107,1166,1166,True,True,0x0F,"OK,OK,OK,OK","DELTA,DELTA,DELTA,DELTA",
10.204613,2026-09-05T18:45:30.632+01:00,2323710,1146108,1132,1132,True,True,0x0F,"OK,OK,OK,OK","DELTA,DELTA,DELTA,DELTA",
10.213388,2026-09-05T18:45:30.636+01:00,2324842,1146109,1062,1062,True,True,0x0F,"OK,OK,OK,OK","DELTA,DELTA,DELTA,DELTA",
10.214712,2026-09-05T18:45:30.645+01:00,2325904,1146110,1082,1082,True,True,0x0F,"OK,OK,OK,OK","DELTA,DELTA,DELTA,DELTA",
10.226772,2026-09-05T18:45:30.647+01:00,2326986,1146111,1152,1152,True,True,0x0F,"OK,OK,OK,OK","DELTA,DELTA,DELTA,DELTA",
10.227789,2026-09-05T18:45:30.658+01:00,2328138,1146112,1178,1178,True,True,0x0F,"OK,OK,OK,OK","DELTA,DELTA,DELTA,DELTA",
10.229870,2026-09-05T18:45:30.659+01:00,2329316,1146113,1046,1046,True,True,0x0F,"OK,OK,OK,OK","DELTA,DELTA,DELTA,DELTA",
10.235052,2026-09-05T18:45:30.661+01:00,2330362,1146114,1018,1018,True,True,0x0F,"OK,OK,OK,OK","DELTA,DELTA,DELTA,DELTA",
10.244223,2026-09-05T18:45:30.667+01:00,2331380,1146115,1184,1184,True,True,0x0F,"OK,OK,OK,OK","DELTA,DELTA,DELTA,DELTA",
10.245351,2026-09-05T18:45:30.676+01:00,2332564,1146116,1048,1048,True,True,0x0F,"OK,OK,OK,OK","DELTA,DELTA,DELTA,DELTA",
10.249703,2026-09-05T18:45:30.677+01:00,2333612,1146117,978,978,True,True,0x0F,"OK,OK,OK,OK","DELTA,DELTA,DELTA,DELTA",
10.260650,2026-09-05T18:45:30.681+01:00,2334590,1146118,1010,1010,True,True,0x0F,"OK,OK,OK,OK","DELTA,DELTA,DELTA,DELTA",
10.261589,2026-09-05T18:45:30.692+01:00,2335600,1146119,1200,1200,True,True,0x0F,"OK,OK,OK,OK","DELTA,DELTA,DELTA,DELTA",
10.264852,2026-09-05T18:45:30.693+01:00,2336800,1146120,1158,1158,True,True,0x0F,"OK,OK,OK,OK","DELTA,DELTA,DELTA,DELTA",
10.269794,2026-09-05T18:45:30.697+01:00,2337958,1146121,1054,1054,True,True,0x0F,"OK,OK,OK,OK","DELTA,DELTA,DELTA,DELTA",
10.277221,2026-09-05T18:45:30.701+01:00,2339012,1146122,1044,1044,True,True,0x0F,"OK,OK,OK,OK","DELTA,DELTA,DELTA,DELTA",
10.280035,2026-09-05T18:45:30.709+01:00,2340056,1146123,1164,1164,True,True,0x0F,"OK,OK,OK,OK","DELTA,DELTA,DELTA,DELTA",
10.285003,2026-09-05T18:45:30.712+01:00,2341220,1146124,1158,1158,True,True,0x0F,"OK,OK,OK,OK","DELTA,DELTA,DELTA,DELTA",
10.293628,2026-09-05T18:45:30.717+01:00,2342378,1146125,980,980,True,True,0x0F,"OK,OK,OK,OK","DELTA,DELTA,DELTA,DELTA",
10.294777,2026-09-05T18:45:30.725+01:00,2343358,1146126,1054,1054,True,True,0x0F,"OK,OK,OK,OK","DELTA,DELTA,DELTA,DELTA",
10.300199,2026-09-05T18:45:30.726+01:00,2344412,1146127,1232,1232,True,True,0x0F,"OK,OK,OK,OK","DELTA,DELTA,DELTA,DELTA",
10.309961,2026-09-05T18:45:30.732+01:00,2345644,1146128,1144,1144,True,True,0x0F,"OK,OK,OK,OK","DELTA,DELTA,DELTA,DELTA",
10.310811,2026-09-05T18:45:30.741+01:00,2346788,1146129,1066,1066,True,True,0x0F,"OK,OK,OK,OK","DELTA,DELTA,DELTA,DELTA",
10.314823,2026-09-05T18:45:30.742+01:00,2347854,1146130,1034,1034,True,True,0x0F,"OK,OK,OK,OK","DELTA,DELTA,DELTA,DELTA",
10.319819,2026-09-05T18:45:30.746+01:00,2348888,1146131,1182,1182,True,True,0x0F,"OK,OK,OK,OK","DELTA,DELTA,DELTA,DELTA",
10.326533,2026-09-05T18:45:30.751+01:00,2350070,1146132,1198,1198,True,True,0x0F,"OK,OK,OK,OK","DELTA,DELTA,DELTA,DELTA",
10.329824,2026-09-05T18:45:30.758+01:00,2351268,1146133,1040,1040,True,True,0x0F,"OK,OK,OK,OK","DELTA,DELTA,DELTA,DELTA",
10.334546,2026-09-05T18:45:30.761+01:00,2352308,1146134,1018,1018,True,True,0x0F,"OK,OK,OK,OK","DELTA,DELTA,DELTA,DELTA",
10.343621,2026-09-05T18:45:30.766+01:00,2353326,1146135,1222,1222,True,True,0x0F,"OK,OK,OK,OK","DELTA,DELTA,DELTA,DELTA",
10.346103,2026-09-05T18:45:30.775+01:00,2354548,1146136,1178,1178,True,True,0x0F,"OK,OK,OK,OK","DELTA,DELTA,DELTA,DELTA",
10.351086,2026-09-05T18:45:30.778+01:00,2355726,1146137,912,912,True,True,0x0F,"OK,OK,OK,OK","DELTA,DELTA,DELTA,DELTA",
10.356357,2026-09-05T18:45:30.783+01:00,2356638,1146138,1100,1100,True,True,0x0F,"OK,OK,OK,OK","DELTA,DELTA,DELTA,DELTA",
10.361645,2026-09-05T18:45:30.788+01:00,2357738,1146139,1150,1150,True,True,0x0F,"OK,OK,OK,OK","DELTA,DELTA,DELTA,DELTA",
10.365248,2026-09-05T18:45:30.793+01:00,2358888,1146140,1146,1146,True,True,0x0F,"OK,OK,OK,OK","DELTA,DELTA,DELTA,DELTA",
10.369775,2026-09-05T18:45:30.797+01:00,2360034,1146141,1018,1018,True,True,0x0F,"OK,OK,OK,OK","DELTA,DELTA,DELTA,DELTA",
10.374612,2026-09-05T18:45:30.801+01:00,2361052,1146142,1078,1078,True,True,0x0F,"OK,OK,OK,OK","DELTA,DELTA,DELTA,DELTA",
10.388651,2026-09-05T18:45:30.806+01:00,2362130,1146143,1252,1252,True,True,0x0F,"OK,OK,OK,OK","DELTA,DELTA,DELTA,DELTA",
10.389720,2026-09-05T18:45:30.820+01:00,2363382,1146144,1174,1174,True,True,0x0F,"OK,OK,OK,OK","DELTA,DELTA,DELTA,DELTA",
10.390813,2026-09-05T18:45:30.821+01:00,2364556,1146145,1034,1034,True,True,0x0F,"OK,OK,OK,OK","DELTA,DELTA,DELTA,DELTA",
10.395058,2026-09-05T18:45:30.822+01:00,2365590,1146146,1102,1102,True,True,0x0F,"OK,OK,OK,OK","DELTA,DELTA,DELTA,DELTA",
10.399648,2026-09-05T18:45:30.827+01:00,2366692,1146147,1216,1216,True,True,0x0F,"OK,OK,OK,OK","DELTA,DELTA,DELTA,DELTA",
10.406113,2026-09-05T18:45:30.831+01:00,2367908,1146148,1090,1090,True,True,0x0F,"OK,OK,OK,OK","DELTA,DELTA,DELTA,DELTA",
10.409643,2026-09-05T18:45:30.838+01:00,2368998,1146149,1000,1000,True,True,0x0F,"OK,OK,OK,OK","DELTA,DELTA,DELTA,DELTA",
10.415050,2026-09-05T18:45:30.841+01:00,2369998,1146150,1056,1056,True,True,0x0F,"OK,OK,OK,OK","DELTA,DELTA,DELTA,DELTA",
10.422554,2026-09-05T18:45:30.847+01:00,2371054,1146151,1264,1264,True,True,0x0F,"OK,OK,OK,OK","DELTA,DELTA,DELTA,DELTA",
10.424598,2026-09-05T18:45:30.854+01:00,2372318,1146152,1144,1144,True,True,0x0F,"OK,OK,OK,OK","DELTA,DELTA,DELTA,DELTA",
10.432778,2026-09-05T18:45:30.863+01:00,2373462,1146153,938,938,True,True,0x0F,"OK,OK,OK,OK","DELTA,DELTA,DELTA,DELTA",
10.439588,2026-09-05T18:45:30.864+01:00,2374400,1146154,968,968,True,True,0x0F,"OK,OK,OK,OK","DELTA,DELTA,DELTA,DELTA",
10.440459,2026-09-05T18:45:30.871+01:00,2375368,1146155,1178,1178,True,True,0x0F,"OK,OK,OK,OK","DELTA,DELTA,DELTA,DELTA",
10.444900,2026-09-05T18:45:30.872+01:00,2376546,1146156,1166,1166,True,True,0x0F,"OK,OK,OK,OK","DELTA,DELTA,DELTA,DELTA",
10.449736,2026-09-05T18:45:30.876+01:00,2377712,1146157,1076,1076,True,True,0x0F,"OK,OK,OK,OK","DELTA,DELTA,DELTA,DELTA",
10.457040,2026-09-05T18:45:30.881+01:00,2378788,1146158,942,942,True,True,0x0F,"OK,OK,OK,OK","DELTA,DELTA,DELTA,DELTA",
10.459825,2026-09-05T18:45:30.889+01:00,2379730,1146159,1110,1110,True,True,0x0F,"OK,OK,OK,OK","DELTA,DELTA,DELTA,DELTA",
10.464910,2026-09-05T18:45:30.891+01:00,2380840,1146160,1178,1178,True,True,0x0F,"OK,OK,OK,OK","DELTA,DELTA,DELTA,DELTA",
10.471801,2026-09-05T18:45:30.897+01:00,2382018,1146161,1006,1006,True,True,0x0F,"OK,OK,OK,OK","DELTA,DELTA,DELTA,DELTA",
10.474814,2026-09-05T18:45:30.903+01:00,2383024,1146162,1084,1084,True,True,0x0F,"OK,OK,OK,OK","DELTA,DELTA,DELTA,DELTA",
10.479927,2026-09-05T18:45:30.906+01:00,2384108,1146163,1190,1190,True,True,0x0F,"OK,OK,OK,OK","DELTA,DELTA,DELTA,DELTA",
10.484486,2026-09-05T18:45:30.912+01:00,2385298,1146164,1136,1136,True,True,0x0F,"OK,OK,OK,OK","DELTA,DELTA,DELTA,DELTA",
10.491194,2026-09-05T18:45:30.916+01:00,2386434,1146165,1048,1048,True,True,0x0F,"OK,OK,OK,OK","DELTA,DELTA,DELTA,DELTA",
10.494700,2026-09-05T18:45:30.923+01:00,2387482,1146166,1072,1072,True,True,0x0F,"OK,OK,OK,OK","DELTA,DELTA,DELTA,DELTA",
10.499668,2026-09-05T18:45:30.926+01:00,2388554,1146167,1144,1144,True,True,0x0F,"OK,OK,OK,OK","DELTA,DELTA,DELTA,DELTA",
10.507935,2026-09-05T18:45:30.931+01:00,2389698,1146168,1064,1064,True,True,0x0F,"OK,OK,OK,OK","DELTA,DELTA,DELTA,DELTA",
10.509428,2026-09-05T18:45:30.939+01:00,2390762,1146169,990,990,True,True,0x0F,"OK,OK,OK,OK","DELTA,DELTA,DELTA,DELTA",
10.514663,2026-09-05T18:45:30.941+01:00,2391752,1146170,956,956,True,True,0x0F,"OK,OK,OK,OK","DELTA,DELTA,DELTA,DELTA",
10.520093,2026-09-05T18:45:30.946+01:00,2392708,1146171,1218,1218,True,True,0x0F,"OK,OK,OK,OK","DELTA,DELTA,DELTA,DELTA",
10.524645,2026-09-05T18:45:30.952+01:00,2393926,1146172,1126,1126,True,True,0x0F,"OK,OK,OK,OK","DELTA,DELTA,DELTA,DELTA",
10.529319,2026-09-05T18:45:30.956+01:00,2395052,1146173,1002,1002,True,True,0x0F,"OK,OK,OK,OK","DELTA,DELTA,DELTA,DELTA",
10.534636,2026-09-05T18:45:30.961+01:00,2396054,1146174,1108,1108,True,True,0x0F,"OK,OK,OK,OK","DELTA,DELTA,DELTA,DELTA",
10.545706,2026-09-05T18:45:30.966+01:00,2397162,1146175,1144,1144,True,True,0x0F,"OK,OK,OK,OK","DELTA,DELTA,DELTA,DELTA",
10.546344,2026-09-05T18:45:30.977+01:00,2398306,1146176,1162,1162,True,True,0x0F,"OK,OK,OK,OK","DELTA,DELTA,DELTA,DELTA",
10.558586,2026-09-05T18:45:30.978+01:00,2399468,1146177,1070,1070,True,True,0x0F,"OK,OK,OK,OK","DELTA,DELTA,DELTA,DELTA",
10.559577,2026-09-05T18:45:30.990+01:00,2400538,1146178,1140,1140,True,True,0x0F,"OK,OK,OK,OK","DELTA,DELTA,DELTA,DELTA",
10.560481,2026-09-05T18:45:30.991+01:00,2401678,1146179,1204,1204,True,True,0x0F,"OK,OK,OK,OK","DELTA,DELTA,DELTA,DELTA",
10.564779,2026-09-05T18:45:30.992+01:00,2402882,1146180,1174,1174,True,True,0x0F,"OK,OK,OK,OK","DELTA,DELTA,DELTA,DELTA",
10.569585,2026-09-05T18:45:30.997+01:00,2404056,1146181,966,966,True,True,0x0F,"OK,OK,OK,OK","DELTA,DELTA,DELTA,DELTA",
10.577060,2026-09-05T18:45:31.001+01:00,2405022,1146182,1102,1102,True,True,0x0F,"OK,OK,OK,OK","DELTA,DELTA,DELTA,DELTA",
10.579830,2026-09-05T18:45:31.009+01:00,2406124,1146183,1198,1198,True,True,0x0F,"OK,OK,OK,OK","DELTA,DELTA,DELTA,DELTA",
10.584459,2026-09-05T18:45:31.011+01:00,2407322,1146184,1158,1158,True,True,0x0F,"OK,OK,OK,OK","DELTA,DELTA,DELTA,DELTA",
10.594182,2026-09-05T18:45:31.016+01:00,2408480,1146185,1060,1060,True,True,0x0F,"OK,OK,OK,OK","DELTA,DELTA,DELTA,DELTA",
10.595543,2026-09-05T18:45:31.026+01:00,2409540,1146186,1058,1058,True,True,0x0F,"OK,OK,OK,OK","DELTA,DELTA,DELTA,DELTA",
10.599969,2026-09-05T18:45:31.027+01:00,2410598,1146187,1216,1216,True,True,0x0F,"OK,OK,OK,OK","DELTA,DELTA,DELTA,DELTA",
10.604431,2026-09-05T18:45:31.032+01:00,2411814,1146188,1066,1066,True,True,0x0F,"OK,OK,OK,OK","DELTA,DELTA,DELTA,DELTA",
10.613400,2026-09-05T18:45:31.036+01:00,2412880,1146189,1030,1030,True,True,0x0F,"OK,OK,OK,OK","DELTA,DELTA,DELTA,DELTA",
10.614586,2026-09-05T18:45:31.045+01:00,2413910,1146190,1018,1018,True,True,0x0F,"OK,OK,OK,OK","DELTA,DELTA,DELTA,DELTA",
10.619667,2026-09-05T18:45:31.046+01:00,2414928,1146191,1080,1080,True,True,0x0F,"OK,OK,OK,OK","DELTA,DELTA,DELTA,DELTA",
10.629625,2026-09-05T18:45:31.051+01:00,2416008,1146192,1128,1128,True,True,0x0F,"OK,OK,OK,OK","DELTA,DELTA,DELTA,DELTA",
10.630477,2026-09-05T18:45:31.061+01:00,2417136,1146193,1118,1118,True,True,0x0F,"OK,OK,OK,OK","DELTA,DELTA,DELTA,DELTA",
10.634691,2026-09-05T18:45:31.062+01:00,2418254,1146194,1068,1068,True,True,0x0F,"OK,OK,OK,OK","DELTA,DELTA,DELTA,DELTA",
10.639714,2026-09-05T18:45:31.066+01:00,2419322,1146195,1248,1248,True,True,0x0F,"OK,OK,OK,OK","DELTA,DELTA,DELTA,DELTA",
10.646360,2026-09-05T18:45:31.071+01:00,2420570,1146196,1112,1112,True,True,0x0F,"OK,OK,OK,OK","DELTA,DELTA,DELTA,DELTA",
10.649801,2026-09-05T18:45:31.078+01:00,2421682,1146197,1056,1056,True,True,0x0F,"OK,OK,OK,OK","DELTA,DELTA,DELTA,DELTA",
10.654478,2026-09-05T18:45:31.081+01:00,2422738,1146198,998,998,True,True,0x0F,"OK,OK,OK,OK","DELTA,DELTA,DELTA,DELTA",
10.663021,2026-09-05T18:45:31.086+01:00,2423736,1146199,1224,1224,True,True,0x0F,"OK,OK,OK,OK","DELTA,DELTA,DELTA,DELTA",
10.664579,2026-09-05T18:45:31.095+01:00,2424960,1146200,1160,1160,True,True,0x0F,"OK,OK,OK,OK","DELTA,DELTA,DELTA,DELTA",
10.669621,2026-09-05T18:45:31.096+01:00,2426120,1146201,1038,1038,True,True,0x0F,"OK,OK,OK,OK","DELTA,DELTA,DELTA,DELTA",
10.679336,2026-09-05T18:45:31.101+01:00,2427158,1146202,994,994,True,True,0x0F,"OK,OK,OK,OK","DELTA,DELTA,DELTA,DELTA",
10.680210,2026-09-05T18:45:31.111+01:00,2428152,1146203,1142,1142,True,True,0x0F,"OK,OK,OK,OK","DELTA,DELTA,DELTA,DELTA",
10.684630,2026-09-05T18:45:31.112+01:00,2429294,1146204,1178,1178,True,True,0x0F,"OK,OK,OK,OK","DELTA,DELTA,DELTA,DELTA",
10.689367,2026-09-05T18:45:31.116+01:00,2430472,1146205,998,998,True,True,0x0F,"OK,OK,OK,OK","DELTA,DELTA,DELTA,DELTA",
10.695082,2026-09-05T18:45:31.121+01:00,2431470,1146206,1008,1008,True,True,0x0F,"OK,OK,OK,OK","DELTA,DELTA,DELTA,DELTA",
10.699495,2026-09-05T18:45:31.127+01:00,2432478,1146207,1174,1174,True,True,0x0F,"OK,OK,OK,OK","DELTA,DELTA,DELTA,DELTA",
10.704408,2026-09-05T18:45:31.131+01:00,2433652,1146208,1154,1154,True,True,0x0F,"OK,OK,OK,OK","DELTA,DELTA,DELTA,DELTA",
10.718558,2026-09-05T18:45:31.136+01:00,2434806,1146209,968,968,True,True,0x0F,"OK,OK,OK,OK","DELTA,DELTA,DELTA,DELTA",
10.722588,2026-09-05T18:45:31.150+01:00,2435774,1146210,972,972,True,True,0x0F,"OK,OK,OK,OK","DELTA,DELTA,DELTA,DELTA",
10.723746,2026-09-05T18:45:31.154+01:00,2436746,1146211,1180,1180,True,True,0x0F,"OK,OK,OK,OK","DELTA,DELTA,DELTA,DELTA",
10.724622,2026-09-05T18:45:31.155+01:00,2437926,1146212,1150,1150,True,True,0x0F,"OK,OK,OK,OK","DELTA,DELTA,DELTA,DELTA",
10.729812,2026-09-05T18:45:31.156+01:00,2439076,1146213,1050,1050,True,True,0x0F,"OK,OK,OK,OK","DELTA,DELTA,DELTA,DELTA",
10.736313,2026-09-05T18:45:31.161+01:00,2440126,1146214,970,970,True,True,0x0F,"OK,OK,OK,OK","DELTA,DELTA,DELTA,DELTA",
10.741208,2026-09-05T18:45:31.168+01:00,2441096,1146215,1184,1184,True,True,0x0F,"OK,OK,OK,OK","DELTA,DELTA,DELTA,DELTA",
10.744621,2026-09-05T18:45:31.173+01:00,2442280,1146216,1096,1096,True,True,0x0F,"OK,OK,OK,OK","DELTA,DELTA,DELTA,DELTA",
10.750113,2026-09-05T18:45:31.176+01:00,2443376,1146217,1008,1008,True,True,0x0F,"OK,OK,OK,OK","DELTA,DELTA,DELTA,DELTA",
10.758993,2026-09-05T18:45:31.182+01:00,2444384,1146218,1064,1064,True,True,0x0F,"OK,OK,OK,OK","DELTA,DELTA,DELTA,DELTA",
10.759978,2026-09-05T18:45:31.191+01:00,2445448,1146219,1064,1064,True,True,0x0F,"OK,OK,OK,OK","DELTA,DELTA,DELTA,DELTA",
10.765000,2026-09-05T18:45:31.192+01:00,2446512,1146220,1102,1102,True,True,0x0F,"OK,OK,OK,OK","DELTA,DELTA,DELTA,DELTA",
10.769999,2026-09-05T18:45:31.197+01:00,2447614,1146221,1166,1166,True,True,0x0F,"OK,OK,OK,OK","DELTA,DELTA,DELTA,DELTA",
10.777387,2026-09-05T18:45:31.202+01:00,2448780,1146222,1094,1094,True,True,0x0F,"OK,OK,OK,OK","DELTA,DELTA,DELTA,DELTA",
10.779854,2026-09-05T18:45:31.209+01:00,2449874,1146223,1182,1182,True,True,0x0F,"OK,OK,OK,OK","DELTA,DELTA,DELTA,DELTA",
10.784607,2026-09-05T18:45:31.211+01:00,2451056,1146224,1178,1178,True,True,0x0F,"OK,OK,OK,OK","DELTA,DELTA,DELTA,DELTA",
10.794263,2026-09-05T18:45:31.216+01:00,2452234,1146225,1080,1080,True,True,0x0F,"OK,OK,OK,OK","DELTA,DELTA,DELTA,DELTA",
10.795209,2026-09-05T18:45:31.226+01:00,2453314,1146226,1040,1040,True,True,0x0F,"OK,OK,OK,OK","DELTA,DELTA,DELTA,DELTA",
10.799667,2026-09-05T18:45:31.227+01:00,2454354,1146227,1180,1180,True,True,0x0F,"OK,OK,OK,OK","DELTA,DELTA,DELTA,DELTA",
10.804688,2026-09-05T18:45:31.231+01:00,2455534,1146228,1194,1194,True,True,0x0F,"OK,OK,OK,OK","DELTA,DELTA,DELTA,DELTA",
10.811354,2026-09-05T18:45:31.236+01:00,2456728,1146229,1100,1100,True,True,0x0F,"OK,OK,OK,OK","DELTA,DELTA,DELTA,DELTA",
10.814473,2026-09-05T18:45:31.243+01:00,2457828,1146230,1030,1030,True,True,0x0F,"OK,OK,OK,OK","DELTA,DELTA,DELTA,DELTA",
10.819352,2026-09-05T18:45:31.246+01:00,2458858,1146231,1176,1176,True,True,0x0F,"OK,OK,OK,OK","DELTA,DELTA,DELTA,DELTA",
10.827750,2026-09-05T18:45:31.251+01:00,2460034,1146232,1208,1208,True,True,0x0F,"OK,OK,OK,OK","DELTA,DELTA,DELTA,DELTA",
10.829531,2026-09-05T18:45:31.259+01:00,2461242,1146233,1124,1124,True,True,0x0F,"OK,OK,OK,OK","DELTA,DELTA,DELTA,DELTA",
10.834717,2026-09-05T18:45:31.261+01:00,2462366,1146234,948,948,True,True,0x0F,"OK,OK,OK,OK","DELTA,DELTA,DELTA,DELTA",
10.843912,2026-09-05T18:45:31.266+01:00,2463314,1146235,1210,1210,True,True,0x0F,"OK,OK,OK,OK","DELTA,DELTA,DELTA,DELTA",
10.844795,2026-09-05T18:45:31.275+01:00,2464524,1146236,1144,1144,True,True,0x0F,"OK,OK,OK,OK","DELTA,DELTA,DELTA,DELTA",
10.849727,2026-09-05T18:45:31.276+01:00,2465668,1146237,1134,1134,True,True,0x0F,"OK,OK,OK,OK","DELTA,DELTA,DELTA,DELTA",
10.855492,2026-09-05T18:45:31.281+01:00,2466802,1146238,994,994,True,True,0x0F,"OK,OK,OK,OK","DELTA,DELTA,DELTA,DELTA",
10.860185,2026-09-05T18:45:31.287+01:00,2467796,1146239,1074,1074,True,True,0x0F,"OK,OK,OK,OK","DELTA,DELTA,DELTA,DELTA",
10.864366,2026-09-05T18:45:31.292+01:00,2468870,1146240,1214,1214,True,True,0x0F,"OK,OK,OK,OK","DELTA,DELTA,DELTA,DELTA",
10.869193,2026-09-05T18:45:31.296+01:00,2470084,1146241,1084,1084,True,True,0x0F,"OK,OK,OK,OK","DELTA,DELTA,DELTA,DELTA",
10.874270,2026-09-05T18:45:31.301+01:00,2471168,1146242,938,938,True,True,0x0F,"OK,OK,OK,OK","DELTA,DELTA,DELTA,DELTA",
10.883048,2026-09-05T18:45:31.306+01:00,2472106,1146243,1208,1208,True,True,0x0F,"OK,OK,OK,OK","DELTA,DELTA,DELTA,DELTA",
10.884862,2026-09-05T18:45:31.315+01:00,2473314,1146244,1098,1098,True,True,0x0F,"OK,OK,OK,OK","DELTA,DELTA,DELTA,DELTA",
10.896185,2026-09-05T18:45:31.321+01:00,2474412,1146245,926,926,True,True,0x0F,"OK,OK,OK,OK","DELTA,DELTA,DELTA,DELTA",
10.897292,2026-09-05T18:45:31.328+01:00,2475338,1146246,978,978,True,True,0x0F,"OK,OK,OK,OK","DELTA,DELTA,DELTA,DELTA",
10.899467,2026-09-05T18:45:31.329+01:00,2476316,1146247,1078,1078,True,True,0x0F,"OK,OK,OK,OK","DELTA,DELTA,DELTA,DELTA",
10.904502,2026-09-05T18:45:31.331+01:00,2477394,1146248,1032,1032,True,True,0x0F,"OK,OK,OK,OK","DELTA,DELTA,DELTA,DELTA",
10.913884,2026-09-05T18:45:31.336+01:00,2478426,1146249,1064,1064,True,True,0x0F,"OK,OK,OK,OK","DELTA,DELTA,DELTA,DELTA",
10.914819,2026-09-05T18:45:31.345+01:00,2479490,1146250,986,986,True,True,0x0F,"OK,OK,OK,OK","DELTA,DELTA,DELTA,DELTA",
10.919520,2026-09-05T18:45:31.346+01:00,2480476,1146251,1126,1126,True,True,0x0F,"OK,OK,OK,OK","DELTA,DELTA,DELTA,DELTA",
10.924361,2026-09-05T18:45:31.351+01:00,2481602,1146252,1124,1124,True,True,0x0F,"OK,OK,OK,OK","DELTA,DELTA,DELTA,DELTA",
10.931872,2026-09-05T18:45:31.356+01:00,2482726,1146253,1120,1120,True,True,0x0F,"OK,OK,OK,OK","DELTA,DELTA,DELTA,DELTA",
10.934658,2026-09-05T18:45:31.363+01:00,2483846,1146254,1002,1002,True,True,0x0F,"OK,OK,OK,OK","DELTA,DELTA,DELTA,DELTA",
10.939496,2026-09-05T18:45:31.366+01:00,2484848,1146255,1132,1132,True,True,0x0F,"OK,OK,OK,OK","DELTA,DELTA,DELTA,DELTA",
10.947693,2026-09-05T18:45:31.371+01:00,2485980,1146256,1174,1174,True,True,0x0F,"OK,OK,OK,OK","DELTA,DELTA,DELTA,DELTA",
10.949200,2026-09-05T18:45:31.379+01:00,2487154,1146257,1030,1030,True,True,0x0F,"OK,OK,OK,OK","DELTA,DELTA,DELTA,DELTA",
10.954550,2026-09-05T18:45:31.381+01:00,2488184,1146258,1010,1010,True,True,0x0F,"OK,OK,OK,OK","DELTA,DELTA,DELTA,DELTA",
10.961082,2026-09-05T18:45:31.386+01:00,2489194,1146259,1120,1120,True,True,0x0F,"OK,OK,OK,OK","DELTA,DELTA,DELTA,DELTA",
10.965653,2026-09-05T18:45:31.393+01:00,2490314,1146260,1116,1116,True,True,0x0F,"OK,OK,OK,OK","DELTA,DELTA,DELTA,DELTA",
10.969393,2026-09-05T18:45:31.397+01:00,2491430,1146261,1044,1044,True,True,0x0F,"OK,OK,OK,OK","DELTA,DELTA,DELTA,DELTA",
10.974791,2026-09-05T18:45:31.401+01:00,2492474,1146262,1078,1078,True,True,0x0F,"OK,OK,OK,OK","DELTA,DELTA,DELTA,DELTA",
10.982303,2026-09-05T18:45:31.406+01:00,2493552,1146263,1150,1150,True,True,0x0F,"OK,OK,OK,OK","DELTA,DELTA,DELTA,DELTA",
10.984463,2026-09-05T18:45:31.414+01:00,2494702,1146264,1160,1160,True,True,0x0F,"OK,OK,OK,OK","DELTA,DELTA,DELTA,DELTA",
10.989464,2026-09-05T18:45:31.416+01:00,2495862,1146265,1054,1054,True,True,0x0F,"OK,OK,OK,OK","DELTA,DELTA,DELTA,DELTA",
10.998653,2026-09-05T18:45:31.421+01:00,2496916,1146266,1042,1042,True,True,0x0F,"OK,OK,OK,OK","DELTA,DELTA,DELTA,DELTA",
10.999564,2026-09-05T18:45:31.430+01:00,2497958,1146267,1156,1156,True,True,0x0F,"OK,OK,OK,OK","DELTA,DELTA,DELTA,DELTA",
11.004313,2026-09-05T18:45:31.431+01:00,2499114,1146268,1138,1138,True,True,0x0F,"OK,OK,OK,OK","DELTA,DELTA,DELTA,DELTA",
11.009123,2026-09-05T18:45:31.436+01:00,2500252,1146269,1116,1116,True,True,0x0F,"OK,OK,OK,OK","DELTA,DELTA,DELTA,DELTA",
11.015666,2026-09-05T18:45:31.441+01:00,2501368,1146270,1010,1010,True,True,0x0F,"OK,OK,OK,OK","DELTA,DELTA,DELTA,DELTA",
11.019563,2026-09-05T18:45:31.448+01:00,2502378,1146271,1112,1112,True,True,0x0F,"OK,OK,OK,OK","DELTA,DELTA,DELTA,DELTA",
11.024513,2026-09-05T18:45:31.451+01:00,2503490,1146272,1080,1080,True,True,0x0F,"OK,OK,OK,OK","DELTA,DELTA,DELTA,DELTA",
11.030785,2026-09-05T18:45:31.456+01:00,2504570,1146273,1106,1106,True,True,0x0F,"OK,OK,OK,OK","DELTA,DELTA,DELTA,DELTA",
11.036740,2026-09-05T18:45:31.462+01:00,2505676,1146274,948,948,True,True,0x0F,"OK,OK,OK,OK","DELTA,DELTA,DELTA,DELTA",
11.039171,2026-09-05T18:45:31.468+01:00,2506624,1146275,1092,1092,True,True,0x0F,"OK,OK,OK,OK","DELTA,DELTA,DELTA,DELTA",
11.044143,2026-09-05T18:45:31.471+01:00,2507716,1146276,1120,1120,True,True,0x0F,"OK,OK,OK,OK","DELTA,DELTA,DELTA,DELTA",
11.059753,2026-09-05T18:45:31.476+01:00,2508836,1146277,1092,1092,True,True,0x0F,"OK,OK,OK,OK","DELTA,DELTA,DELTA,DELTA",
11.060922,2026-09-05T18:45:31.491+01:00,2509928,1146278,1130,1130,True,True,0x0F,"OK,OK,OK,OK","DELTA,DELTA,DELTA,DELTA",
11.061850,2026-09-05T18:45:31.492+01:00,2511058,1146279,1136,1136,True,True,0x0F,"OK,OK,OK,OK","DELTA,DELTA,DELTA,DELTA",
11.064561,2026-09-05T18:45:31.493+01:00,2512194,1146280,1250,1250,True,True,0x0F,"OK,OK,OK,OK","DELTA,DELTA,DELTA,DELTA",
11.069178,2026-09-05T18:45:31.496+01:00,2513444,1146281,1044,1044,True,True,0x0F,"OK,OK,OK,OK","DELTA,DELTA,DELTA,DELTA",
11.077984,2026-09-05T18:45:31.501+01:00,2514488,1146282,954,954,True,True,0x0F,"OK,OK,OK,OK","DELTA,DELTA,DELTA,DELTA",
11.079966,2026-09-05T18:45:31.510+01:00,2515442,1146283,1108,1108,True,True,0x0F,"OK,OK,OK,OK","DELTA,DELTA,DELTA,DELTA",
11.084226,2026-09-05T18:45:31.512+01:00,2516550,1146284,1162,1162,True,True,0x0F,"OK,OK,OK,OK","DELTA,DELTA,DELTA,DELTA",
11.089044,2026-09-05T18:45:31.516+01:00,2517712,1146285,1070,1070,True,True,0x0F,"OK,OK,OK,OK","DELTA,DELTA,DELTA,DELTA",
11.095811,2026-09-05T18:45:31.521+01:00,2518782,1146286,1030,1030,True,True,0x0F,"OK,OK,OK,OK","DELTA,DELTA,DELTA,DELTA",
11.099451,2026-09-05T18:45:31.528+01:00,2519812,1146287,1138,1138,True,True,0x0F,"OK,OK,OK,OK","DELTA,DELTA,DELTA,DELTA",
11.104390,2026-09-05T18:45:31.531+01:00,2520950,1146288,1250,1250,True,True,0x0F,"OK,OK,OK,OK","DELTA,DELTA,DELTA,DELTA",
11.112002,2026-09-05T18:45:31.536+01:00,2522200,1146289,1076,1076,True,True,0x0F,"OK,OK,OK,OK","DELTA,DELTA,DELTA,DELTA",
11.114294,2026-09-05T18:45:31.544+01:00,2523276,1146290,1038,1038,True,True,0x0F,"OK,OK,OK,OK","DELTA,DELTA,DELTA,DELTA",
11.119352,2026-09-05T18:45:31.546+01:00,2524314,1146291,1144,1144,True,True,0x0F,"OK,OK,OK,OK","DELTA,DELTA,DELTA,DELTA",
11.128737,2026-09-05T18:45:31.551+01:00,2525458,1146292,1142,1142,True,True,0x0F,"OK,OK,OK,OK","DELTA,DELTA,DELTA,DELTA",
11.130165,2026-09-05T18:45:31.560+01:00,2526600,1146293,1114,1114,True,True,0x0F,"OK,OK,OK,OK","DELTA,DELTA,DELTA,DELTA",
11.134614,2026-09-05T18:45:31.562+01:00,2527714,1146294,1000,1000,True,True,0x0F,"OK,OK,OK,OK","DELTA,DELTA,DELTA,DELTA",
11.139494,2026-09-05T18:45:31.566+01:00,2528714,1146295,1140,1140,True,True,0x0F,"OK,OK,OK,OK","DELTA,DELTA,DELTA,DELTA",
11.146471,2026-09-05T18:45:31.571+01:00,2529854,1146296,1104,1104,True,True,0x0F,"OK,OK,OK,OK","DELTA,DELTA,DELTA,DELTA",
11.149354,2026-09-05T18:45:31.578+01:00,2530958,1146297,1116,1116,True,True,0x0F,"OK,OK,OK,OK","DELTA,DELTA,DELTA,DELTA",
11.154183,2026-09-05T18:45:31.581+01:00,2532074,1146298,942,942,True,True,0x0F,"OK,OK,OK,OK","DELTA,DELTA,DELTA,DELTA",
11.163201,2026-09-05T18:45:31.586+01:00,2533016,1146299,1184,1184,True,True,0x0F,"OK,OK,OK,OK","DELTA,DELTA,DELTA,DELTA",
11.164383,2026-09-05T18:45:31.595+01:00,2534200,1146300,1210,1210,True,True,0x0F,"OK,OK,OK,OK","DELTA,DELTA,DELTA,DELTA",
11.169505,2026-09-05T18:45:31.596+01:00,2535410,1146301,1064,1064,True,True,0x0F,"OK,OK,OK,OK","DELTA,DELTA,DELTA,DELTA",
11.176606,2026-09-05T18:45:31.601+01:00,2536474,1146302,1058,1058,True,True,0x0F,"OK,OK,OK,OK","DELTA,DELTA,DELTA,DELTA",
11.181057,2026-09-05T18:45:31.609+01:00,2537532,1146303,1168,1168,True,True,0x0F,"OK,OK,OK,OK","DELTA,DELTA,DELTA,DELTA",
11.184524,2026-09-05T18:45:31.613+01:00,2538700,1146304,1150,1150,True,True,0x0F,"OK,OK,OK,OK","DELTA,DELTA,DELTA,DELTA",
11.286831,2026-09-05T18:45:31.616+01:00,2539850,1146305,2144,2144,True,True,0x06,"NOT_UPDATED,OK,OK,BAD_VERSION","NONE,DELTA_SYNC,DELTA_SYNC,NONE",
11.302507,2026-09-05T18:45:31.718+01:00,2541994,1146306,4216,4216,True,True,0x0F,"OK,OK,OK,OK","DELTA_SYNC,DELTA_SYNC,DELTA_SYNC,DELTA_SYNC",
11.410786,2026-09-05T18:45:31.734+01:00,2546210,1146307,3188,3188,True,True,0x07,"OK,OK,OK,BAD_VERSION","DELTA_SYNC,DELTA_SYNC,DELTA_SYNC,NONE",
11.515755,2026-09-05T18:45:31.842+01:00,2549398,1146308,830,830,True,True,0x07,"OK,OK,OK,BAD_FRAME","DELTA,DELTA,DELTA,NONE",
11.618587,2026-09-05T18:45:31.948+01:00,2550228,1146309,784,784,True,True,0x07,"OK,OK,OK,BAD_FRAME","DELTA,DELTA,DELTA,NONE",
11.632894,2026-09-05T18:45:32.050+01:00,2551012,1146310,4216,4216,True,True,0x0F,"OK,OK,OK,OK","DELTA_SYNC,DELTA_SYNC,DELTA_SYNC,DELTA_SYNC",
11.737587,2026-09-05T18:45:32.065+01:00,2555228,1146311,3188,3188,True,True,0x07,"OK,OK,OK,BAD_VERSION","DELTA_SYNC,DELTA_SYNC,DELTA_SYNC,NONE",
11.761023,2026-09-05T18:45:32.169+01:00,2558416,1146312,4216,4216,True,True,0x0F,"OK,OK,OK,OK","DELTA_SYNC,DELTA_SYNC,DELTA_SYNC,DELTA_SYNC",
11.762253,2026-09-05T18:45:32.193+01:00,2562632,1146313,4216,4216,True,True,0x0F,"OK,OK,OK,OK","DELTA_SYNC,DELTA_SYNC,DELTA_SYNC,DELTA_SYNC",
11.763888,2026-09-05T18:45:32.194+01:00,2566848,1146314,1076,1076,True,True,0x0F,"OK,OK,OK,OK","DELTA,DELTA,DELTA,DELTA",
11.769123,2026-09-05T18:45:32.195+01:00,2567924,1146315,968,968,True,True,0x0F,"OK,OK,OK,OK","DELTA,DELTA,DELTA,DELTA",
11.773871,2026-09-05T18:45:32.201+01:00,2568892,1146316,908,908,True,True,0x0F,"OK,OK,OK,OK","DELTA,DELTA,DELTA,DELTA",
11.778616,2026-09-05T18:45:32.205+01:00,2569800,1146317,1098,1098,True,True,0x0F,"OK,OK,OK,OK","DELTA,DELTA,DELTA,DELTA",
11.783532,2026-09-05T18:45:32.210+01:00,2570898,1146318,1032,1032,True,True,0x0F,"OK,OK,OK,OK","DELTA,DELTA,DELTA,DELTA",
11.788426,2026-09-05T18:45:32.215+01:00,2571930,1146319,976,976,True,True,0x0F,"OK,OK,OK,OK","DELTA,DELTA,DELTA,DELTA",
11.801081,2026-09-05T18:45:32.220+01:00,2572906,1146320,810,810,True,True,0x0F,"OK,OK,OK,OK","DELTA,DELTA,DELTA,DELTA",
11.801706,2026-09-05T18:45:32.233+01:00,2573716,1146321,1008,1008,True,True,0x0F,"OK,OK,OK,OK","DELTA,DELTA,DELTA,DELTA",
11.811896,2026-09-05T18:45:32.233+01:00,2574724,1146322,1184,1184,True,True,0x0F,"OK,OK,OK,OK","DELTA,DELTA,DELTA,DELTA",
11.817074,2026-09-05T18:45:32.243+01:00,2575908,1146323,1062,1062,True,True,0x0F,"OK,OK,OK,OK","DELTA,DELTA,DELTA,DELTA",
11.818096,2026-09-05T18:45:32.249+01:00,2576970,1146324,798,798,True,True,0x0F,"OK,OK,OK,OK","DELTA,DELTA,DELTA,DELTA",
11.818937,2026-09-05T18:45:32.250+01:00,2577768,1146325,968,968,True,True,0x0F,"OK,OK,OK,OK","DELTA,DELTA,DELTA,DELTA",
11.823905,2026-09-05T18:45:32.251+01:00,2578736,1146326,1136,1136,True,True,0x0F,"OK,OK,OK,OK","DELTA,DELTA,DELTA,DELTA",
11.828392,2026-09-05T18:45:32.255+01:00,2579872,1146327,1084,1084,True,True,0x0F,"OK,OK,OK,OK","DELTA,DELTA,DELTA,DELTA",
11.835209,2026-09-05T18:45:32.260+01:00,2580956,1146328,914,914,True,True,0x0F,"OK,OK,OK,OK","DELTA,DELTA,DELTA,DELTA",
11.838752,2026-09-05T18:45:32.267+01:00,2581870,1146329,922,922,True,True,0x0F,"OK,OK,OK,OK","DELTA,DELTA,DELTA,DELTA",
11.843447,2026-09-05T18:45:32.270+01:00,2582792,1146330,1028,1028,True,True,0x0F,"OK,OK,OK,OK","DELTA,DELTA,DELTA,DELTA",
11.851436,2026-09-05T18:45:32.275+01:00,2583820,1146331,1048,1048,True,True,0x0F,"OK,OK,OK,OK","DELTA,DELTA,DELTA,DELTA",
11.853475,2026-09-05T18:45:32.283+01:00,2584868,1146332,838,838,True,True,0x0F,"OK,OK,OK,OK","DELTA,DELTA,DELTA,DELTA",
11.858591,2026-09-05T18:45:32.285+01:00,2585706,1146333,936,936,True,True,0x0F,"OK,OK,OK,OK","DELTA,DELTA,DELTA,DELTA",
11.863823,2026-09-05T18:45:32.290+01:00,2586642,1146334,1028,1028,True,True,0x0F,"OK,OK,OK,OK","DELTA,DELTA,DELTA,DELTA",
11.870939,2026-09-05T18:45:32.298+01:00,2587670,1146335,1008,1008,True,True,0x0F,"OK,OK,OK,OK","DELTA,DELTA,DELTA,DELTA",
11.873693,2026-09-05T18:45:32.303+01:00,2588678,1146336,832,832,True,True,0x0F,"OK,OK,OK,OK","DELTA,DELTA,DELTA,DELTA",
11.878754,2026-09-05T18:45:32.305+01:00,2589510,1146337,958,958,True,True,0x0F,"OK,OK,OK,OK","DELTA,DELTA,DELTA,DELTA",
11.888873,2026-09-05T18:45:32.310+01:00,2590468,1146338,1022,1022,True,True,0x0F,"OK,OK,OK,OK","DELTA,DELTA,DELTA,DELTA",
11.889831,2026-09-05T18:45:32.320+01:00,2591490,1146339,1010,1010,True,True,0x0F,"OK,OK,OK,OK","DELTA,DELTA,DELTA,DELTA",
11.893498,2026-09-05T18:45:32.321+01:00,2592500,1146340,904,904,True,True,0x0F,"OK,OK,OK,OK","DELTA,DELTA,DELTA,DELTA",
11.898569,2026-09-05T18:45:32.325+01:00,2593404,1146341,922,922,True,True,0x0F,"OK,OK,OK,OK","DELTA,DELTA,DELTA,DELTA",
11.905364,2026-09-05T18:45:32.330+01:00,2594326,1146342,1066,1066,True,True,0x0F,"OK,OK,OK,OK","DELTA,DELTA,DELTA,DELTA",
11.909128,2026-09-05T18:45:32.337+01:00,2595392,1146343,1058,1058,True,True,0x0F,"OK,OK,OK,OK","DELTA,DELTA,DELTA,DELTA",
11.913741,2026-09-05T18:45:32.341+01:00,2596450,1146344,792,792,True,True,0x0F,"OK,OK,OK,OK","DELTA,DELTA,DELTA,DELTA",
11.924089,2026-09-05T18:45:32.345+01:00,2597242,1146345,952,952,True,True,0x0F,"OK,OK,OK,OK","DELTA,DELTA,DELTA,DELTA",
11.925386,2026-09-05T18:45:32.356+01:00,2598194,1146346,1050,1050,True,True,0x0F,"OK,OK,OK,OK","DELTA,DELTA,DELTA,DELTA",
11.928135,2026-09-05T18:45:32.357+01:00,2599244,1146347,1054,1054,True,True,0x0F,"OK,OK,OK,OK","DELTA,DELTA,DELTA,DELTA",
11.933243,2026-09-05T18:45:32.360+01:00,2600298,1146348,878,878,True,True,0x0F,"OK,OK,OK,OK","DELTA,DELTA,DELTA,DELTA",
11.941220,2026-09-05T18:45:32.365+01:00,2601176,1146349,986,986,True,True,0x0F,"OK,OK,OK,OK","DELTA,DELTA,DELTA,DELTA",
11.943242,2026-09-05T18:45:32.373+01:00,2602162,1146350,1052,1052,True,True,0x0F,"OK,OK,OK,OK","DELTA,DELTA,DELTA,DELTA",
11.948268,2026-09-05T18:45:32.375+01:00,2603214,1146351,1046,1046,True,True,0x0F,"OK,OK,OK,OK","DELTA,DELTA,DELTA,DELTA",
11.954150,2026-09-05T18:45:32.380+01:00,2604260,1146352,832,832,True,True,0x0F,"OK,OK,OK,OK","DELTA,DELTA,DELTA,DELTA",
11.959425,2026-09-05T18:45:32.386+01:00,2605092,1146353,934,934,True,True,0x0F,"OK,OK,OK,OK","DELTA,DELTA,DELTA,DELTA",
11.963245,2026-09-05T18:45:32.391+01:00,2606026,1146354,1070,1070,True,True,0x0F,"OK,OK,OK,OK","DELTA,DELTA,DELTA,DELTA",
11.968006,2026-09-05T18:45:32.395+01:00,2607096,1146355,1010,1010,True,True,0x0F,"OK,OK,OK,OK","DELTA,DELTA,DELTA,DELTA",
11.984416,2026-09-05T18:45:32.400+01:00,2608106,1146356,828,828,True,True,0x0F,"OK,OK,OK,OK","DELTA,DELTA,DELTA,DELTA",
11.985401,2026-09-05T18:45:32.416+01:00,2608934,1146357,914,914,True,True,0x0F,"OK,OK,OK,OK","DELTA,DELTA,DELTA,DELTA",
11.986570,2026-09-05T18:45:32.417+01:00,2609848,1146358,1044,1044,True,True,0x0F,"OK,OK,OK,OK","DELTA,DELTA,DELTA,DELTA",
11.988049,2026-09-05T18:45:32.418+01:00,2610892,1146359,1084,1084,True,True,0x0F,"OK,OK,OK,OK","DELTA,DELTA,DELTA,DELTA",
11.993324,2026-09-05T18:45:32.420+01:00,2611976,1146360,906,906,True,True,0x0F,"OK,OK,OK,OK","DELTA,DELTA,DELTA,DELTA",
12.003151,2026-09-05T18:45:32.425+01:00,2612882,1146361,918,918,True,True,0x0F,"OK,OK,OK,OK","DELTA,DELTA,DELTA,DELTA",
12.004086,2026-09-05T18:45:32.435+01:00,2613800,1146362,1044,1044,True,True,0x0F,"OK,OK,OK,OK","DELTA,DELTA,DELTA,DELTA",
12.008244,2026-09-05T18:45:32.436+01:00,2614844,1146363,1072,1072,True,True,0x0F,"OK,OK,OK,OK","DELTA,DELTA,DELTA,DELTA",
12.013091,2026-09-05T18:45:32.440+01:00,2615916,1146364,886,886,True,True,0x0F,"OK,OK,OK,OK","DELTA,DELTA,DELTA,DELTA",
12.019849,2026-09-05T18:45:32.445+01:00,2616802,1146365,952,952,True,True,0x0F,"OK,OK,OK,OK","DELTA,DELTA,DELTA,DELTA",
12.023392,2026-09-05T18:45:32.451+01:00,2617754,1146366,1148,1148,True,True,0x0F,"OK,OK,OK,OK","DELTA,DELTA,DELTA,DELTA",
12.028172,2026-09-05T18:45:32.455+01:00,2618902,1146367,1016,1016,True,True,0x0F,"OK,OK,OK,OK","DELTA,DELTA,DELTA,DELTA",
12.036700,2026-09-05T18:45:32.460+01:00,2619918,1146368,896,896,True,True,0x0F,"OK,OK,OK,OK","DELTA,DELTA,DELTA,DELTA",
12.038261,2026-09-05T18:45:32.469+01:00,2620814,1146369,934,934,True,True,0x0F,"OK,OK,OK,OK","DELTA,DELTA,DELTA,DELTA",
12.043245,2026-09-05T18:45:32.470+01:00,2621748,1146370,986,986,True,True,0x0F,"OK,OK,OK,OK","DELTA,DELTA,DELTA,DELTA",
12.053547,2026-09-05T18:45:32.475+01:00,2622734,1146371,998,998,True,True,0x0F,"OK,OK,OK,OK","DELTA,DELTA,DELTA,DELTA",
12.054391,2026-09-05T18:45:32.485+01:00,2623732,1146372,882,882,True,True,0x0F,"OK,OK,OK,OK","DELTA,DELTA,DELTA,DELTA",
12.058033,2026-09-05T18:45:32.486+01:00,2624614,1146373,958,958,True,True,0x0F,"OK,OK,OK,OK","DELTA,DELTA,DELTA,DELTA",
12.064228,2026-09-05T18:45:32.490+01:00,2625572,1146374,1060,1060,True,True,0x0F,"OK,OK,OK,OK","DELTA,DELTA,DELTA,DELTA",
12.071392,2026-09-05T18:45:32.496+01:00,2626632,1146375,1048,1048,True,True,0x0F,"OK,OK,OK,OK","DELTA,DELTA,DELTA,DELTA",
12.072955,2026-09-05T18:45:32.503+01:00,2627680,1146376,922,922,True,True,0x0F,"OK,OK,OK,OK","DELTA,DELTA,DELTA,DELTA",
12.077821,2026-09-05T18:45:32.504+01:00,2628602,1146377,988,988,True,True,0x0F,"OK,OK,OK,OK","DELTA,DELTA,DELTA,DELTA",
12.088605,2026-09-05T18:45:32.509+01:00,2629590,1146378,996,996,True,True,0x0F,"OK,OK,OK,OK","DELTA,DELTA,DELTA,DELTA",
12.089294,2026-09-05T18:45:32.520+01:00,2630586,1146379,1082,1082,True,True,0x0F,"OK,OK,OK,OK","DELTA,DELTA,DELTA,DELTA",
12.092954,2026-09-05T18:45:32.521+01:00,2631668,1146380,876,876,True,True,0x0F,"OK,OK,OK,OK","DELTA,DELTA,DELTA,DELTA",
12.098457,2026-09-05T18:45:32.524+01:00,2632544,1146381,934,934,True,True,0x0F,"OK,OK,OK,OK","DELTA,DELTA,DELTA,DELTA",
12.104928,2026-09-05T18:45:32.530+01:00,2633478,1146382,1024,1024,True,True,0x0F,"OK,OK,OK,OK","DELTA,DELTA,DELTA,DELTA",
12.110737,2026-09-05T18:45:32.538+01:00,2634502,1146383,1156,1156,True,True,0x0F,"OK,OK,OK,OK","DELTA,DELTA,DELTA,DELTA",
12.113015,2026-09-05T18:45:32.542+01:00,2635658,1146384,918,918,True,True,0x0F,"OK,OK,OK,OK","DELTA,DELTA,DELTA,DELTA",
12.118205,2026-09-05T18:45:32.545+01:00,2636576,1146385,870,870,True,True,0x0F,"OK,OK,OK,OK","DELTA,DELTA,DELTA,DELTA",
12.122886,2026-09-05T18:45:32.550+01:00,2637446,1146386,1038,1038,True,True,0x0F,"OK,OK,OK,OK","DELTA,DELTA,DELTA,DELTA",
12.128564,2026-09-05T18:45:32.555+01:00,2638484,1146387,1050,1050,True,True,0x0F,"OK,OK,OK,OK","DELTA,DELTA,DELTA,DELTA",
12.133504,2026-09-05T18:45:32.560+01:00,2639534,1146388,938,938,True,True,0x0F,"OK,OK,OK,OK","DELTA,DELTA,DELTA,DELTA",
12.137720,2026-09-05T18:45:32.565+01:00,2640472,1146389,894,894,True,True,0x0F,"OK,OK,OK,OK","DELTA,DELTA,DELTA,DELTA",
12.142697,2026-09-05T18:45:32.569+01:00,2641366,1146390,1020,1020,True,True,0x0F,"OK,OK,OK,OK","DELTA,DELTA,DELTA,DELTA",
12.151825,2026-09-05T18:45:32.574+01:00,2642386,1146391,1030,1030,True,True,0x0F,"OK,OK,OK,OK","DELTA,DELTA,DELTA,DELTA",
12.152612,2026-09-05T18:45:32.583+01:00,2643416,1146392,890,890,True,True,0x0F,"OK,OK,OK,OK","DELTA,DELTA,DELTA,DELTA",
12.164627,2026-09-05T18:45:32.584+01:00,2644306,1146393,1006,1006,True,True,0x0F,"OK,OK,OK,OK","DELTA,DELTA,DELTA,DELTA",
12.166083,2026-09-05T18:45:32.596+01:00,2645312,1146394,1168,1168,True,True,0x0F,"OK,OK,OK,OK","DELTA,DELTA,DELTA,DELTA",
12.167768,2026-09-05T18:45:32.598+01:00,2646480,1146395,1030,1030,True,True,0x0F,"OK,OK,OK,OK","DELTA,DELTA,DELTA,DELTA",
12.173060,2026-09-05T18:45:32.599+01:00,2647510,1146396,880,880,True,True,0x0F,"OK,OK,OK,OK","DELTA,DELTA,DELTA,DELTA",
12.183632,2026-09-05T18:45:32.605+01:00,2648390,1146397,948,948,True,True,0x0F,"OK,OK,OK,OK","DELTA,DELTA,DELTA,DELTA",
12.184564,2026-09-05T18:45:32.615+01:00,2649338,1146398,1058,1058,True,True,0x0F,"OK,OK,OK,OK","DELTA,DELTA,DELTA,DELTA",
12.187887,2026-09-05T18:45:32.616+01:00,2650396,1146399,1070,1070,True,True,0x0F,"OK,OK,OK,OK","DELTA,DELTA,DELTA,DELTA",
12.192713,2026-09-05T18:45:32.620+01:00,2651466,1146400,886,886,True,True,0x0F,"OK,OK,OK,OK","DELTA,DELTA,DELTA,DELTA",
12.200682,2026-09-05T18:45:32.624+01:00,2652352,1146401,924,924,True,True,0x0F,"OK,OK,OK,OK","DELTA,DELTA,DELTA,DELTA",
12.202832,2026-09-05T18:45:32.632+01:00,2653276,1146402,1000,1000,True,True,0x0F,"OK,OK,OK,OK","DELTA,DELTA,DELTA,DELTA",
12.207767,2026-09-05T18:45:32.634+01:00,2654276,1146403,1112,1112,True,True,0x0F,"OK,OK,OK,OK","DELTA,DELTA,DELTA,DELTA",
12.217147,2026-09-05T18:45:32.639+01:00,2655388,1146404,878,878,True,True,0x0F,"OK,OK,OK,OK","DELTA,DELTA,DELTA,DELTA",
12.218026,2026-09-05T18:45:32.649+01:00,2656266,1146405,1028,1028,True,True,0x0F,"OK,OK,OK,OK","DELTA,DELTA,DELTA,DELTA",
12.222607,2026-09-05T18:45:32.650+01:00,2657294,1146406,1074,1074,True,True,0x0F,"OK,OK,OK,OK","DELTA,DELTA,DELTA,DELTA",
12.227612,2026-09-05T18:45:32.654+01:00,2658368,1146407,1092,1092,True,True,0x0F,"OK,OK,OK,OK","DELTA,DELTA,DELTA,DELTA",
12.234328,2026-09-05T18:45:32.659+01:00,2659460,1146408,926,926,True,True,0x0F,"OK,OK,OK,OK","DELTA,DELTA,DELTA,DELTA",
12.237652,2026-09-05T18:45:32.666+01:00,2660386,1146409,908,908,True,True,0x0F,"OK,OK,OK,OK","DELTA,DELTA,DELTA,DELTA",
12.242584,2026-09-05T18:45:32.669+01:00,2661294,1146410,1052,1052,True,True,0x0F,"OK,OK,OK,OK","DELTA,DELTA,DELTA,DELTA",
12.250984,2026-09-05T18:45:32.674+01:00,2662346,1146411,1020,1020,True,True,0x0F,"OK,OK,OK,OK","DELTA,DELTA,DELTA,DELTA",
12.252527,2026-09-05T18:45:32.683+01:00,2663366,1146412,832,832,True,True,0x0F,"OK,OK,OK,OK","DELTA,DELTA,DELTA,DELTA",
12.257736,2026-09-05T18:45:32.684+01:00,2664198,1146413,976,976,True,True,0x0F,"OK,OK,OK,OK","DELTA,DELTA,DELTA,DELTA",
12.269557,2026-09-05T18:45:32.689+01:00,2665174,1146414,1004,1004,True,True,0x0F,"OK,OK,OK,OK","DELTA,DELTA,DELTA,DELTA",
12.270661,2026-09-05T18:45:32.701+01:00,2666178,1146415,1076,1076,True,True,0x0F,"OK,OK,OK,OK","DELTA,DELTA,DELTA,DELTA",
12.272432,2026-09-05T18:45:32.702+01:00,2667254,1146416,852,852,True,True,0x0F,"OK,OK,OK,OK","DELTA,DELTA,DELTA,DELTA",
12.277647,2026-09-05T18:45:32.704+01:00,2668106,1146417,912,912,True,True,0x0F,"OK,OK,OK,OK","DELTA,DELTA,DELTA,DELTA",
12.286913,2026-09-05T18:45:32.709+01:00,2669018,1146418,1054,1054,True,True,0x0F,"OK,OK,OK,OK","DELTA,DELTA,DELTA,DELTA",
12.287891,2026-09-05T18:45:32.718+01:00,2670072,1146419,1118,1118,True,True,0x0F,"OK,OK,OK,OK","DELTA,DELTA,DELTA,DELTA",
12.292746,2026-09-05T18:45:32.719+01:00,2671190,1146420,860,860,True,True,0x0F,"OK,OK,OK,OK","DELTA,DELTA,DELTA,DELTA",
12.297640,2026-09-05T18:45:32.724+01:00,2672050,1146421,864,864,True,True,0x0F,"OK,OK,OK,OK","DELTA,DELTA,DELTA,DELTA",
12.302322,2026-09-05T18:45:32.729+01:00,2672914,1146422,1004,1004,True,True,0x0F,"OK,OK,OK,OK","DELTA,DELTA,DELTA,DELTA",
12.307569,2026-09-05T18:45:32.734+01:00,2673918,1146423,1098,1098,True,True,0x0F,"OK,OK,OK,OK","DELTA,DELTA,DELTA,DELTA",
12.312302,2026-09-05T18:45:32.739+01:00,2675016,1146424,960,960,True,True,0x0F,"OK,OK,OK,OK","DELTA,DELTA,DELTA,DELTA",
12.317301,2026-09-05T18:45:32.744+01:00,2675976,1146425,944,944,True,True,0x0F,"OK,OK,OK,OK","DELTA,DELTA,DELTA,DELTA",
12.330326,2026-09-05T18:45:32.749+01:00,2676920,1146426,1080,1080,True,True,0x0F,"OK,OK,OK,OK","DELTA,DELTA,DELTA,DELTA",
12.331468,2026-09-05T18:45:32.762+01:00,2678000,1146427,1020,1020,True,True,0x0F,"OK,OK,OK,OK","DELTA,DELTA,DELTA,DELTA",
12.332484,2026-09-05T18:45:32.763+01:00,2679020,1146428,904,904,True,True,0x0F,"OK,OK,OK,OK","DELTA,DELTA,DELTA,DELTA",
12.337533,2026-09-05T18:45:32.764+01:00,2679924,1146429,930,930,True,True,0x0F,"OK,OK,OK,OK","DELTA,DELTA,DELTA,DELTA",
12.347916,2026-09-05T18:45:32.769+01:00,2680854,1146430,1124,1124,True,True,0x0F,"OK,OK,OK,OK","DELTA,DELTA,DELTA,DELTA",
12.348853,2026-09-05T18:45:32.779+01:00,2681978,1146431,1142,1142,True,True,0x0F,"OK,OK,OK,OK","DELTA,DELTA,DELTA,DELTA",
12.352331,2026-09-05T18:45:32.780+01:00,2683120,1146432,838,838,True,True,0x0F,"OK,OK,OK,OK","DELTA,DELTA,DELTA,DELTA",
12.357446,2026-09-05T18:45:32.784+01:00,2683958,1146433,872,872,True,True,0x0F,"OK,OK,OK,OK","DELTA,DELTA,DELTA,DELTA",
12.364982,2026-09-05T18:45:32.789+01:00,2684830,1146434,1106,1106,True,True,0x0F,"OK,OK,OK,OK","DELTA,DELTA,DELTA,DELTA",
12.367381,2026-09-05T18:45:32.797+01:00,2685936,1146435,1192,1192,True,True,0x0F,"OK,OK,OK,OK","DELTA,DELTA,DELTA,DELTA",
12.372481,2026-09-05T18:45:32.799+01:00,2687128,1146436,892,892,True,True,0x0F,"OK,OK,OK,OK","DELTA,DELTA,DELTA,DELTA",
12.380564,2026-09-05T18:45:32.804+01:00,2688020,1146437,894,894,True,True,0x0F,"OK,OK,OK,OK","DELTA,DELTA,DELTA,DELTA",
12.383778,2026-09-05T18:45:32.812+01:00,2688914,1146438,936,936,True,True,0x0F,"OK,OK,OK,OK","DELTA,DELTA,DELTA,DELTA",
12.387499,2026-09-05T18:45:32.815+01:00,2689850,1146439,1012,1012,True,True,0x0F,"OK,OK,OK,OK","DELTA,DELTA,DELTA,DELTA",
12.392460,2026-09-05T18:45:32.819+01:00,2690862,1146440,868,868,True,True,0x0F,"OK,OK,OK,OK","DELTA,DELTA,DELTA,DELTA",
12.400694,2026-09-05T18:45:32.824+01:00,2691730,1146441,982,982,True,True,0x0F,"OK,OK,OK,OK","DELTA,DELTA,DELTA,DELTA",
12.402687,2026-09-05T18:45:32.832+01:00,2692712,1146442,1170,1170,True,True,0x0F,"OK,OK,OK,OK","DELTA,DELTA,DELTA,DELTA",
12.407580,2026-09-05T18:45:32.834+01:00,2693882,1146443,1112,1112,True,True,0x0F,"OK,OK,OK,OK","DELTA,DELTA,DELTA,DELTA",
12.413489,2026-09-05T18:45:32.839+01:00,2694994,1146444,888,888,True,True,0x0F,"OK,OK,OK,OK","DELTA,DELTA,DELTA,DELTA",
12.418927,2026-09-05T18:45:32.847+01:00,2695882,1146445,1012,1012,True,True,0x0F,"OK,OK,OK,OK","DELTA,DELTA,DELTA,DELTA",
12.422314,2026-09-05T18:45:32.850+01:00,2696894,1146446,1078,1078,True,True,0x0F,"OK,OK,OK,OK","DELTA,DELTA,DELTA,DELTA",
12.427214,2026-09-05T18:45:32.854+01:00,2697972,1146447,1064,1064,True,True,0x0F,"OK,OK,OK,OK","DELTA,DELTA,DELTA,DELTA",
12.435516,2026-09-05T18:45:32.859+01:00,2699036,1146448,956,956,True,True,0x0F,"OK,OK,OK,OK","DELTA,DELTA,DELTA,DELTA",
12.437196,2026-09-05T18:45:32.867+01:00,2699992,1146449,866,866,True,True,0x0F,"OK,OK,OK,OK","DELTA,DELTA,DELTA,DELTA",
12.442313,2026-09-05T18:45:32.869+01:00,2700858,1146450,1032,1032,True,True,0x0F,"OK,OK,OK,OK","DELTA,DELTA,DELTA,DELTA",
12.452317,2026-09-05T18:45:32.874+01:00,2701890,1146451,1090,1090,True,True,0x0F,"OK,OK,OK,OK","DELTA,DELTA,DELTA,DELTA",
12.453230,2026-09-05T18:45:32.884+01:00,2702980,1146452,942,942,True,True,0x0F,"OK,OK,OK,OK","DELTA,DELTA,DELTA,DELTA",
12.457220,2026-09-05T18:45:32.885+01:00,2703922,1146453,894,894,True,True,0x0F,"OK,OK,OK,OK","DELTA,DELTA,DELTA,DELTA",
12.462207,2026-09-05T18:45:32.889+01:00,2704816,1146454,1062,1062,True,True,0x0F,"OK,OK,OK,OK","DELTA,DELTA,DELTA,DELTA",
12.468011,2026-09-05T18:45:32.894+01:00,2705878,1146455,1162,1162,True,True,0x0F,"OK,OK,OK,OK","DELTA,DELTA,DELTA,DELTA",
12.472768,2026-09-05T18:45:32.900+01:00,2707040,1146456,950,950,True,True,0x0F,"OK,OK,OK,OK","DELTA,DELTA,DELTA,DELTA",
12.477002,2026-09-05T18:45:32.904+01:00,2707990,1146457,872,872,True,True,0x0F,"OK,OK,OK,OK","DELTA,DELTA,DELTA,DELTA",
12.482223,2026-09-05T18:45:32.909+01:00,2708862,1146458,1046,1046,True,True,0x0F,"OK,OK,OK,OK","DELTA,DELTA,DELTA,DELTA",
12.491833,2026-09-05T18:45:32.914+01:00,2709908,1146459,998,998,True,True,0x0F,"OK,OK,OK,OK","DELTA,DELTA,DELTA,DELTA",
12.492473,2026-09-05T18:45:32.923+01:00,2710906,1146460,906,906,True,True,0x0F,"OK,OK,OK,OK","DELTA,DELTA,DELTA,DELTA",
12.506124,2026-09-05T18:45:32.924+01:00,2711812,1146461,838,838,True,True,0x0F,"OK,OK,OK,OK","DELTA,DELTA,DELTA,DELTA",
12.507201,2026-09-05T18:45:32.938+01:00,2712650,1146462,1104,1104,True,True,0x0F,"OK,OK,OK,OK","DELTA,DELTA,DELTA,DELTA",
12.507868,2026-09-05T18:45:32.939+01:00,2713754,1146463,1126,1126,True,True,0x0F,"OK,OK,OK,OK","DELTA,DELTA,DELTA,DELTA",
12.511980,2026-09-05T18:45:32.939+01:00,2714880,1146464,918,918,True,True,0x0F,"OK,OK,OK,OK","DELTA,DELTA,DELTA,DELTA",
12.517065,2026-09-05T18:45:32.944+01:00,2715798,1146465,944,944,True,True,0x0F,"OK,OK,OK,OK","DELTA,DELTA,DELTA,DELTA",
12.524996,2026-09-05T18:45:32.949+01:00,2716742,1146466,1140,1140,True,True,0x0F,"OK,OK,OK,OK","DELTA,DELTA,DELTA,DELTA",
12.527054,2026-09-05T18:45:32.957+01:00,2717882,1146467,1116,1116,True,True,0x0F,"OK,OK,OK,OK","DELTA,DELTA,DELTA,DELTA",
12.532081,2026-09-05T18:45:32.959+01:00,2718998,1146468,926,926,True,True,0x0F,"OK,OK,OK,OK","DELTA,DELTA,DELTA,DELTA",
12.543350,2026-09-05T18:45:32.964+01:00,2719924,1146469,954,954,True,True,0x0F,"OK,OK,OK,OK","DELTA,DELTA,DELTA,DELTA",
12.544430,2026-09-05T18:45:32.975+01:00,2720878,1146470,1100,1100,True,True,0x0F,"OK,OK,OK,OK","DELTA,DELTA,DELTA,DELTA",
12.546912,2026-09-05T18:45:32.976+01:00,2721978,1146471,1030,1030,True,True,0x0F,"OK,OK,OK,OK","DELTA,DELTA,DELTA,DELTA",
12.551852,2026-09-05T18:45:32.979+01:00,2723008,1146472,918,918,True,True,0x0F,"OK,OK,OK,OK","DELTA,DELTA,DELTA,DELTA",
12.561625,2026-09-05T18:45:32.984+01:00,2723926,1146473,838,838,True,True,0x0F,"OK,OK,OK,OK","DELTA,DELTA,DELTA,DELTA",
12.563012,2026-09-05T18:45:32.994+01:00,2724764,1146474,1062,1062,True,True,0x0F,"OK,OK,OK,OK","DELTA,DELTA,DELTA,DELTA",
12.567038,2026-09-05T18:45:32.995+01:00,2725826,1146475,1052,1052,True,True,0x0F,"OK,OK,OK,OK","DELTA,DELTA,DELTA,DELTA",
12.572403,2026-09-05T18:45:32.999+01:00,2726878,1146476,914,914,True,True,0x0F,"OK,OK,OK,OK","DELTA,DELTA,DELTA,DELTA",
12.580180,2026-09-05T18:45:33.004+01:00,2727792,1146477,956,956,True,True,0x0F,"OK,OK,OK,OK","DELTA,DELTA,DELTA,DELTA",
12.581876,2026-09-05T18:45:33.012+01:00,2728748,1146478,1076,1076,True,True,0x0F,"OK,OK,OK,OK","DELTA,DELTA,DELTA,DELTA",
12.586757,2026-09-05T18:45:33.013+01:00,2729824,1146479,1106,1106,True,True,0x0F,"OK,OK,OK,OK","DELTA,DELTA,DELTA,DELTA",
12.592521,2026-09-05T18:45:33.019+01:00,2730930,1146480,956,956,True,True,0x0F,"OK,OK,OK,OK","DELTA,DELTA,DELTA,DELTA",
12.601213,2026-09-05T18:45:33.024+01:00,2731886,1146481,960,960,True,True,0x0F,"OK,OK,OK,OK","DELTA,DELTA,DELTA,DELTA",
12.602600,2026-09-05T18:45:33.033+01:00,2732846,1146482,1192,1192,True,True,0x0F,"OK,OK,OK,OK","DELTA,DELTA,DELTA,DELTA",
12.607197,2026-09-05T18:45:33.034+01:00,2734038,1146483,1162,1162,True,True,0x0F,"OK,OK,OK,OK","DELTA,DELTA,DELTA,DELTA",
12.611980,2026-09-05T18:45:33.039+01:00,2735200,1146484,988,988,True,True,0x0F,"OK,OK,OK,OK","DELTA,DELTA,DELTA,DELTA",
12.619709,2026-09-05T18:45:33.044+01:00,2736188,1146485,924,924,True,True,0x0F,"OK,OK,OK,OK","DELTA,DELTA,DELTA,DELTA",
12.622050,2026-09-05T18:45:33.051+01:00,2737112,1146486,1120,1120,True,True,0x0F,"OK,OK,OK,OK","DELTA,DELTA,DELTA,DELTA",
12.626930,2026-09-05T18:45:33.054+01:00,2738232,1146487,1110,1110,True,True,0x0F,"OK,OK,OK,OK","DELTA,DELTA,DELTA,DELTA",
12.631655,2026-09-05T18:45:33.059+01:00,2739342,1146488,1066,1066,True,True,0x0F,"OK,OK,OK,OK","DELTA,DELTA,DELTA,DELTA",
12.639034,2026-09-05T18:45:33.063+01:00,2740408,1146489,968,968,True,True,0x0F,"OK,OK,OK,OK","DELTA,DELTA,DELTA,DELTA",
12.641749,2026-09-05T18:45:33.071+01:00,2741376,1146490,1104,1104,True,True,0x0F,"OK,OK,OK,OK","DELTA,DELTA,DELTA,DELTA",
12.646657,2026-09-05T18:45:33.074+01:00,2742480,1146491,1066,1066,True,True,0x0F,"OK,OK,OK,OK","DELTA,DELTA,DELTA,DELTA",
12.651626,2026-09-05T18:45:33.078+01:00,2743546,1146492,958,958,True,True,0x0F,"OK,OK,OK,OK","DELTA,DELTA,DELTA,DELTA",
12.657730,2026-09-05T18:45:33.083+01:00,2744504,1146493,998,998,True,True,0x0F,"OK,OK,OK,OK","DELTA,DELTA,DELTA,DELTA",
12.661566,2026-09-05T18:45:33.089+01:00,2745502,1146494,1130,1130,True,True,0x0F,"OK,OK,OK,OK","DELTA,DELTA,DELTA,DELTA",
12.666606,2026-09-05T18:45:33.093+01:00,2746632,1146495,1122,1122,True,True,0x0F,"OK,OK,OK,OK","DELTA,DELTA,DELTA,DELTA",
12.682806,2026-09-05T18:45:33.098+01:00,2747754,1146496,1064,1064,True,True,0x0F,"OK,OK,OK,OK","DELTA,DELTA,DELTA,DELTA",
12.683977,2026-09-05T18:45:33.114+01:00,2748818,1146497,924,924,True,True,0x0F,"OK,OK,OK,OK","DELTA,DELTA,DELTA,DELTA",
12.685151,2026-09-05T18:45:33.116+01:00,2749742,1146498,1048,1048,True,True,0x0F,"OK,OK,OK,OK","DELTA,DELTA,DELTA,DELTA",
12.686620,2026-09-05T18:45:33.117+01:00,2750790,1146499,1116,1116,True,True,0x0F,"OK,OK,OK,OK","DELTA,DELTA,DELTA,DELTA",
12.691681,2026-09-05T18:45:33.118+01:00,2751906,1146500,1008,1008,True,True,0x0F,"OK,OK,OK,OK","DELTA,DELTA,DELTA,DELTA",
12.701967,2026-09-05T18:45:33.124+01:00,2752914,1146501,1008,1008,True,True,0x0F,"OK,OK,OK,OK","DELTA,DELTA,DELTA,DELTA",
12.702991,2026-09-05T18:45:33.134+01:00,2753922,1146502,1128,1128,True,True,0x0F,"OK,OK,OK,OK","DELTA,DELTA,DELTA,DELTA",
12.706841,2026-09-05T18:45:33.135+01:00,2755050,1146503,1084,1084,True,True,0x0F,"OK,OK,OK,OK","DELTA,DELTA,DELTA,DELTA",
12.711572,2026-09-05T18:45:33.138+01:00,2756134,1146504,940,940,True,True,0x0F,"OK,OK,OK,OK","DELTA,DELTA,DELTA,DELTA",
12.719976,2026-09-05T18:45:33.143+01:00,2757074,1146505,1000,1000,True,True,0x0F,"OK,OK,OK,OK","DELTA,DELTA,DELTA,DELTA",
12.721589,2026-09-05T18:45:33.152+01:00,2758074,1146506,1116,1116,True,True,0x0F,"OK,OK,OK,OK","DELTA,DELTA,DELTA,DELTA",
12.726658,2026-09-05T18:45:33.153+01:00,2759190,1146507,1114,1114,True,True,0x0F,"OK,OK,OK,OK","DELTA,DELTA,DELTA,DELTA",
12.737122,2026-09-05T18:45:33.158+01:00,2760304,1146508,942,942,True,True,0x0F,"OK,OK,OK,OK","DELTA,DELTA,DELTA,DELTA",
12.738098,2026-09-05T18:45:33.169+01:00,2761246,1146509,820,820,True,True,0x0F,"OK,OK,OK,OK","DELTA,DELTA,DELTA,DELTA",
12.741509,2026-09-05T18:45:33.170+01:00,2762066,1146510,1022,1022,True,True,0x0F,"OK,OK,OK,OK","DELTA,DELTA,DELTA,DELTA",
12.746617,2026-09-05T18:45:33.173+01:00,2763088,1146511,1042,1042,True,True,0x0F,"OK,OK,OK,OK","DELTA,DELTA,DELTA,DELTA",
12.754379,2026-09-05T18:45:33.178+01:00,2764130,1146512,990,990,True,True,0x0F,"OK,OK,OK,OK","DELTA,DELTA,DELTA,DELTA",
12.756822,2026-09-05T18:45:33.186+01:00,2765120,1146513,4216,4216,True,True,0x0F,"OK,OK,OK,OK","DELTA_SYNC,DELTA_SYNC,DELTA_SYNC,DELTA_SYNC",
12.761527,2026-09-05T18:45:33.188+01:00,2769336,1146514,1092,1092,True,True,0x0F,"OK,OK,OK,OK","DELTA,DELTA,DELTA,DELTA",
12.771807,2026-09-05T18:45:33.193+01:00,2770428,1146515,1136,1136,True,True,0x0F,"OK,OK,OK,OK","DELTA,DELTA,DELTA,DELTA",
12.772361,2026-09-05T18:45:33.203+01:00,2771564,1146516,1104,1104,True,True,0x0F,"OK,OK,OK,OK","DELTA,DELTA,DELTA,DELTA",
12.776946,2026-09-05T18:45:33.204+01:00,2772668,1146517,960,960,True,True,0x0F,"OK,OK,OK,OK","DELTA,DELTA,DELTA,DELTA",
12.781446,2026-09-05T18:45:33.208+01:00,2773628,1146518,964,964,True,True,0x0F,"OK,OK,OK,OK","DELTA,DELTA,DELTA,DELTA",
12.789934,2026-09-05T18:45:33.213+01:00,2774592,1146519,1104,1104,True,True,0x0F,"OK,OK,OK,OK","DELTA,DELTA,DELTA,DELTA",
12.791197,2026-09-05T18:45:33.222+01:00,2775696,1146520,978,978,True,True,0x0F,"OK,OK,OK,OK","DELTA,DELTA,DELTA,DELTA",
12.796482,2026-09-05T18:45:33.223+01:00,2776674,1146521,894,894,True,True,0x0F,"OK,OK,OK,OK","DELTA,DELTA,DELTA,DELTA",
12.806575,2026-09-05T18:45:33.228+01:00,2777568,1146522,1038,1038,True,True,0x0F,"OK,OK,OK,OK","DELTA,DELTA,DELTA,DELTA",
12.807607,2026-09-05T18:45:33.238+01:00,2778606,1146523,1146,1146,True,True,0x0F,"OK,OK,OK,OK","DELTA,DELTA,DELTA,DELTA",
12.811459,2026-09-05T18:45:33.239+01:00,2779752,1146524,996,996,True,True,0x0F,"OK,OK,OK,OK","DELTA,DELTA,DELTA,DELTA",
12.816428,2026-09-05T18:45:33.243+01:00,2780748,1146525,990,990,True,True,0x0F,"OK,OK,OK,OK","DELTA,DELTA,DELTA,DELTA",
12.822018,2026-09-05T18:45:33.248+01:00,2781738,1146526,1104,1104,True,True,0x0F,"OK,OK,OK,OK","DELTA,DELTA,DELTA,DELTA",
12.826871,2026-09-05T18:45:33.254+01:00,2782842,1146527,1100,1100,True,True,0x0F,"OK,OK,OK,OK","DELTA,DELTA,DELTA,DELTA",
12.831590,2026-09-05T18:45:33.258+01:00,2783942,1146528,966,966,True,True,0x0F,"OK,OK,OK,OK","DELTA,DELTA,DELTA,DELTA",
12.836118,2026-09-05T18:45:33.263+01:00,2784908,1146529,920,920,True,True,0x0F,"OK,OK,OK,OK","DELTA,DELTA,DELTA,DELTA",
12.847597,2026-09-05T18:45:33.268+01:00,2785828,1146530,1082,1082,True,True,0x0F,"OK,OK,OK,OK","DELTA,DELTA,DELTA,DELTA",
12.848383,2026-09-05T18:45:33.279+01:00,2786910,1146531,1132,1132,True,True,0x0F,"OK,OK,OK,OK","DELTA,DELTA,DELTA,DELTA",
12.860640,2026-09-05T18:45:33.280+01:00,2788042,1146532,1054,1054,True,True,0x0F,"OK,OK,OK,OK","DELTA,DELTA,DELTA,DELTA",
12.861888,2026-09-05T18:45:33.292+01:00,2789096,1146533,986,986,True,True,0x0F,"OK,OK,OK,OK","DELTA,DELTA,DELTA,DELTA",
12.862639,2026-09-05T18:45:33.293+01:00,2790082,1146534,1104,1104,True,True,0x0F,"OK,OK,OK,OK","DELTA,DELTA,DELTA,DELTA",
12.866853,2026-09-05T18:45:33.294+01:00,2791186,1146535,1198,1198,True,True,0x0F,"OK,OK,OK,OK","DELTA,DELTA,DELTA,DELTA",
12.871272,2026-09-05T18:45:33.298+01:00,2792384,1146536,1088,1088,True,True,0x0F,"OK,OK,OK,OK","DELTA,DELTA,DELTA,DELTA",
12.880164,2026-09-05T18:45:33.303+01:00,2793472,1146537,880,880,True,True,0x0F,"OK,OK,OK,OK","DELTA,DELTA,DELTA,DELTA",
12.881431,2026-09-05T18:45:33.312+01:00,2794352,1146538,1094,1094,True,True,0x0F,"OK,OK,OK,OK","DELTA,DELTA,DELTA,DELTA",
12.886447,2026-09-05T18:45:33.313+01:00,2795446,1146539,1158,1158,True,True,0x0F,"OK,OK,OK,OK","DELTA,DELTA,DELTA,DELTA",
12.891027,2026-09-05T18:45:33.318+01:00,2796604,1146540,1060,1060,True,True,0x0F,"OK,OK,OK,OK","DELTA,DELTA,DELTA,DELTA",
12.897611,2026-09-05T18:45:33.323+01:00,2797664,1146541,1002,1002,True,True,0x0F,"OK,OK,OK,OK","DELTA,DELTA,DELTA,DELTA",
12.901134,2026-09-05T18:45:33.329+01:00,2798666,1146542,1138,1138,True,True,0x0F,"OK,OK,OK,OK","DELTA,DELTA,DELTA,DELTA",
12.906177,2026-09-05T18:45:33.333+01:00,2799804,1146543,1092,1092,True,True,0x0F,"OK,OK,OK,OK","DELTA,DELTA,DELTA,DELTA",
12.913754,2026-09-05T18:45:33.338+01:00,2800896,1146544,1006,1006,True,True,0x0F,"OK,OK,OK,OK","DELTA,DELTA,DELTA,DELTA",
12.915954,2026-09-05T18:45:33.345+01:00,2801902,1146545,926,926,True,True,0x0F,"OK,OK,OK,OK","DELTA,DELTA,DELTA,DELTA",
12.921209,2026-09-05T18:45:33.347+01:00,2802828,1146546,1040,1040,True,True,0x0F,"OK,OK,OK,OK","DELTA,DELTA,DELTA,DELTA",
12.929954,2026-09-05T18:45:33.353+01:00,2803868,1146547,1148,1148,True,True,0x0F,"OK,OK,OK,OK","DELTA,DELTA,DELTA,DELTA",
12.930913,2026-09-05T18:45:33.361+01:00,2805016,1146548,1052,1052,True,True,0x0F,"OK,OK,OK,OK","DELTA,DELTA,DELTA,DELTA",
12.936240,2026-09-05T18:45:33.363+01:00,2806068,1146549,948,948,True,True,0x0F,"OK,OK,OK,OK","DELTA,DELTA,DELTA,DELTA",
12.946638,2026-09-05T18:45:33.368+01:00,2807016,1146550,1054,1054,True,True,0x0F,"OK,OK,OK,OK","DELTA,DELTA,DELTA,DELTA",
12.947871,2026-09-05T18:45:33.378+01:00,2808070,1146551,1132,1132,True,True,0x0F,"OK,OK,OK,OK","DELTA,DELTA,DELTA,DELTA",
12.951042,2026-09-05T18:45:33.379+01:00,2809202,1146552,1068,1068,True,True,0x0F,"OK,OK,OK,OK","DELTA,DELTA,DELTA,DELTA",
12.956455,2026-09-05T18:45:33.383+01:00,2810270,1146553,892,892,True,True,0x0F,"OK,OK,OK,OK","DELTA,DELTA,DELTA,DELTA",
12.963781,2026-09-05T18:45:33.388+01:00,2811162,1146554,1094,1094,True,True,0x0F,"OK,OK,OK,OK","DELTA,DELTA,DELTA,DELTA",
12.966093,2026-09-05T18:45:33.396+01:00,2812256,1146555,1210,1210,True,True,0x0F,"OK,OK,OK,OK","DELTA,DELTA,DELTA,DELTA",
12.971227,2026-09-05T18:45:33.398+01:00,2813466,1146556,1094,1094,True,True,0x0F,"OK,OK,OK,OK","DELTA,DELTA,DELTA,DELTA",
12.981622,2026-09-05T18:45:33.403+01:00,2814560,1146557,968,968,True,True,0x0F,"OK,OK,OK,OK","DELTA,DELTA,DELTA,DELTA",
12.982526,2026-09-05T18:45:33.413+01:00,2815528,1146558,1062,1062,True,True,0x0F,"OK,OK,OK,OK","DELTA,DELTA,DELTA,DELTA",
12.986378,2026-09-05T18:45:33.414+01:00,2816590,1146559,1068,1068,True,True,0x0F,"OK,OK,OK,OK","DELTA,DELTA,DELTA,DELTA",
12.990881,2026-09-05T18:45:33.418+01:00,2817658,1146560,1020,1020,True,True,0x0F,"OK,OK,OK,OK","DELTA,DELTA,DELTA,DELTA",
12.997104,2026-09-05T18:45:33.423+01:00,2818678,1146561,968,968,True,True,0x0F,"OK,OK,OK,OK","DELTA,DELTA,DELTA,DELTA",
13.003004,2026-09-05T18:45:33.429+01:00,2819646,1146562,1124,1124,True,True,0x0F,"OK,OK,OK,OK","DELTA,DELTA,DELTA,DELTA",
13.005809,2026-09-05T18:45:33.435+01:00,2820770,1146563,1132,1132,True,True,0x0F,"OK,OK,OK,OK","DELTA,DELTA,DELTA,DELTA",
13.010687,2026-09-05T18:45:33.437+01:00,2821902,1146564,1074,1074,True,True,0x0F,"OK,OK,OK,OK","DELTA,DELTA,DELTA,DELTA",
13.024249,2026-09-05T18:45:33.442+01:00,2822976,1146565,964,964,True,True,0x0F,"OK,OK,OK,OK","DELTA,DELTA,DELTA,DELTA",
13.025204,2026-09-05T18:45:33.456+01:00,2823940,1146566,1056,1056,True,True,0x0F,"OK,OK,OK,OK","DELTA,DELTA,DELTA,DELTA",
13.026342,2026-09-05T18:45:33.457+01:00,2824996,1146567,1118,1118,True,True,0x0F,"OK,OK,OK,OK","DELTA,DELTA,DELTA,DELTA",
13.031423,2026-09-05T18:45:33.458+01:00,2826114,1146568,1058,1058,True,True,0x0F,"OK,OK,OK,OK","DELTA,DELTA,DELTA,DELTA",
13.036175,2026-09-05T18:45:33.463+01:00,2827172,1146569,952,952,True,True,0x0F,"OK,OK,OK,OK","DELTA,DELTA,DELTA,DELTA",
13.044556,2026-09-05T18:45:33.468+01:00,2828124,1146570,1066,1066,True,True,0x0F,"OK,OK,OK,OK","DELTA,DELTA,DELTA,DELTA",
13.046343,2026-09-05T18:45:33.476+01:00,2829190,1146571,1064,1064,True,True,0x0F,"OK,OK,OK,OK","DELTA,DELTA,DELTA,DELTA",
13.051690,2026-09-05T18:45:33.478+01:00,2830254,1146572,1160,1160,True,True,0x0F,"OK,OK,OK,OK","DELTA,DELTA,DELTA,DELTA",
13.055875,2026-09-05T18:45:33.483+01:00,2831414,1146573,936,936,True,True,0x0F,"OK,OK,OK,OK","DELTA,DELTA,DELTA,DELTA",
13.063238,2026-09-05T18:45:33.487+01:00,2832350,1146574,1124,1124,True,True,0x0F,"OK,OK,OK,OK","DELTA,DELTA,DELTA,DELTA",
13.066376,2026-09-05T18:45:33.495+01:00,2833474,1146575,1172,1172,True,True,0x0F,"OK,OK,OK,OK","DELTA,DELTA,DELTA,DELTA",
13.071133,2026-09-05T18:45:33.498+01:00,2834646,1146576,1036,1036,True,True,0x0F,"OK,OK,OK,OK","DELTA,DELTA,DELTA,DELTA",
13.080427,2026-09-05T18:45:33.503+01:00,2835682,1146577,884,884,True,True,0x0F,"OK,OK,OK,OK","DELTA,DELTA,DELTA,DELTA",
13.081784,2026-09-05T18:45:33.512+01:00,2836566,1146578,1040,1040,True,True,0x0F,"OK,OK,OK,OK","DELTA,DELTA,DELTA,DELTA",
13.085928,2026-09-05T18:45:33.513+01:00,2837606,1146579,1192,1192,True,True,0x0F,"OK,OK,OK,OK","DELTA,DELTA,DELTA,DELTA",
13.090653,2026-09-05T18:45:33.517+01:00,2838798,1146580,1034,1034,True,True,0x0F,"OK,OK,OK,OK","DELTA,DELTA,DELTA,DELTA",
13.098268,2026-09-05T18:45:33.522+01:00,2839832,1146581,896,896,True,True,0x0F,"OK,OK,OK,OK","DELTA,DELTA,DELTA,DELTA",
13.100569,2026-09-05T18:45:33.530+01:00,2840728,1146582,1074,1074,True,True,0x0F,"OK,OK,OK,OK","DELTA,DELTA,DELTA,DELTA",
13.105805,2026-09-05T18:45:33.532+01:00,2841802,1146583,1092,1092,True,True,0x0F,"OK,OK,OK,OK","DELTA,DELTA,DELTA,DELTA",
13.115759,2026-09-05T18:45:33.537+01:00,2842894,1146584,1022,1022,True,True,0x0F,"OK,OK,OK,OK","DELTA,DELTA,DELTA,DELTA",
13.117300,2026-09-05T18:45:33.548+01:00,2843916,1146585,1012,1012,True,True,0x0F,"OK,OK,OK,OK","DELTA,DELTA,DELTA,DELTA",
13.120864,2026-09-05T18:45:33.549+01:00,2844928,1146586,1120,1120,True,True,0x0F,"OK,OK,OK,OK","DELTA,DELTA,DELTA,DELTA",
13.125658,2026-09-05T18:45:33.552+01:00,2846048,1146587,1168,1168,True,True,0x0F,"OK,OK,OK,OK","DELTA,DELTA,DELTA,DELTA",
13.133193,2026-09-05T18:45:33.557+01:00,2847216,1146588,1122,1122,True,True,0x0F,"OK,OK,OK,OK","DELTA,DELTA,DELTA,DELTA",
13.135620,2026-09-05T18:45:33.565+01:00,2848338,1146589,868,868,True,True,0x0F,"OK,OK,OK,OK","DELTA,DELTA,DELTA,DELTA",
13.140479,2026-09-05T18:45:33.567+01:00,2849206,1146590,984,984,True,True,0x0F,"OK,OK,OK,OK","DELTA,DELTA,DELTA,DELTA",
13.149549,2026-09-05T18:45:33.572+01:00,2850190,1146591,1108,1108,True,True,0x0F,"OK,OK,OK,OK","DELTA,DELTA,DELTA,DELTA",
13.150389,2026-09-05T18:45:33.581+01:00,2851298,1146592,1084,1084,True,True,0x0F,"OK,OK,OK,OK","DELTA,DELTA,DELTA,DELTA",
13.155715,2026-09-05T18:45:33.582+01:00,2852382,1146593,910,910,True,True,0x0F,"OK,OK,OK,OK","DELTA,DELTA,DELTA,DELTA",
13.160861,2026-09-05T18:45:33.587+01:00,2853292,1146594,1010,1010,True,True,0x0F,"OK,OK,OK,OK","DELTA,DELTA,DELTA,DELTA",
13.165424,2026-09-05T18:45:33.596+01:00,2854302,1146595,1078,1078,True,True,0x0F,"OK,OK,OK,OK","DELTA,DELTA,DELTA,DELTA",
13.170492,2026-09-05T18:45:33.597+01:00,2855380,1146596,1072,1072,True,True,0x0F,"OK,OK,OK,OK","DELTA,DELTA,DELTA,DELTA",
13.175713,2026-09-05T18:45:33.602+01:00,2856452,1146597,966,966,True,True,0x0F,"OK,OK,OK,OK","DELTA,DELTA,DELTA,DELTA",
13.180301,2026-09-05T18:45:33.607+01:00,2857418,1146598,1006,1006,True,True,0x0F,"OK,OK,OK,OK","DELTA,DELTA,DELTA,DELTA",
13.191260,2026-09-05T18:45:33.612+01:00,2858424,1146599,1072,1072,True,True,0x0F,"OK,OK,OK,OK","DELTA,DELTA,DELTA,DELTA",
13.191849,2026-09-05T18:45:33.623+01:00,2859496,1146600,1012,1012,True,True,0x0F,"OK,OK,OK,OK","DELTA,DELTA,DELTA,DELTA",
13.204008,2026-09-05T18:45:33.623+01:00,2860508,1146601,920,920,True,True,0x0F,"OK,OK,OK,OK","DELTA,DELTA,DELTA,DELTA",
13.205007,2026-09-05T18:45:33.636+01:00,2861428,1146602,1116,1116,True,True,0x0F,"OK,OK,OK,OK","DELTA,DELTA,DELTA,DELTA",
13.205877,2026-09-05T18:45:33.637+01:00,2862544,1146603,1114,1114,True,True,0x0F,"OK,OK,OK,OK","DELTA,DELTA,DELTA,DELTA",
13.210484,2026-09-05T18:45:33.637+01:00,2863658,1146604,1078,1078,True,True,0x0F,"OK,OK,OK,OK","DELTA,DELTA,DELTA,DELTA",
13.221212,2026-09-05T18:45:33.642+01:00,2864736,1146605,936,936,True,True,0x0F,"OK,OK,OK,OK","DELTA,DELTA,DELTA,DELTA",
13.222174,2026-09-05T18:45:33.653+01:00,2865672,1146606,1104,1104,True,True,0x0F,"OK,OK,OK,OK","DELTA,DELTA,DELTA,DELTA",
13.225587,2026-09-05T18:45:33.654+01:00,2866776,1146607,1126,1126,True,True,0x0F,"OK,OK,OK,OK","DELTA,DELTA,DELTA,DELTA",
13.230313,2026-09-05T18:45:33.657+01:00,2867902,1146608,1084,1084,True,True,0x0F,"OK,OK,OK,OK","DELTA,DELTA,DELTA,DELTA",
13.240212,2026-09-05T18:45:33.662+01:00,2868986,1146609,912,912,True,True,0x0F,"OK,OK,OK,OK","DELTA,DELTA,DELTA,DELTA",
13.241459,2026-09-05T18:45:33.672+01:00,2869898,1146610,1110,1110,True,True,0x0F,"OK,OK,OK,OK","DELTA,DELTA,DELTA,DELTA",
13.245217,2026-09-05T18:45:33.673+01:00,2871008,1146611,1044,1044,True,True,0x0F,"OK,OK,OK,OK","DELTA,DELTA,DELTA,DELTA",
13.250482,2026-09-05T18:45:33.677+01:00,2872052,1146612,1130,1130,True,True,0x0F,"OK,OK,OK,OK","DELTA,DELTA,DELTA,DELTA",
13.257095,2026-09-05T18:45:33.682+01:00,2873182,1146613,886,886,True,True,0x0F,"OK,OK,OK,OK","DELTA,DELTA,DELTA,DELTA",
13.260405,2026-09-05T18:45:33.689+01:00,2874068,1146614,1026,1026,True,True,0x0F,"OK,OK,OK,OK","DELTA,DELTA,DELTA,DELTA",
13.265392,2026-09-05T18:45:33.692+01:00,2875094,1146615,1146,1146,True,True,0x0F,"OK,OK,OK,OK","DELTA,DELTA,DELTA,DELTA",
13.273315,2026-09-05T18:45:33.697+01:00,2876240,1146616,1108,1108,True,True,0x0F,"OK,OK,OK,OK","DELTA,DELTA,DELTA,DELTA",
13.275299,2026-09-05T18:45:33.705+01:00,2877348,1146617,968,968,True,True,0x0F,"OK,OK,OK,OK","DELTA,DELTA,DELTA,DELTA",
13.280508,2026-09-05T18:45:33.707+01:00,2878316,1146618,1164,1164,True,True,0x0F,"OK,OK,OK,OK","DELTA,DELTA,DELTA,DELTA",
13.290486,2026-09-05T18:45:33.712+01:00,2879480,1146619,1192,1192,True,True,0x0F,"OK,OK,OK,OK","DELTA,DELTA,DELTA,DELTA",
13.291565,2026-09-05T18:45:33.722+01:00,2880672,1146620,988,988,True,True,0x0F,"OK,OK,OK,OK","DELTA,DELTA,DELTA,DELTA",
13.295433,2026-09-05T18:45:33.723+01:00,2881660,1146621,924,924,True,True,0x0F,"OK,OK,OK,OK","DELTA,DELTA,DELTA,DELTA",
13.300196,2026-09-05T18:45:33.727+01:00,2882584,1146622,1046,1046,True,True,0x0F,"OK,OK,OK,OK","DELTA,DELTA,DELTA,DELTA",
13.307215,2026-09-05T18:45:33.732+01:00,2883630,1146623,1094,1094,True,True,0x0F,"OK,OK,OK,OK","DELTA,DELTA,DELTA,DELTA",
13.310515,2026-09-05T18:45:33.739+01:00,2884724,1146624,1134,1134,True,True,0x0F,"OK,OK,OK,OK","DELTA,DELTA,DELTA,DELTA",
13.315156,2026-09-05T18:45:33.742+01:00,2885858,1146625,964,964,True,True,0x0F,"OK,OK,OK,OK","DELTA,DELTA,DELTA,DELTA",
13.323495,2026-09-05T18:45:33.747+01:00,2886822,1146626,1066,1066,True,True,0x0F,"OK,OK,OK,OK","DELTA,DELTA,DELTA,DELTA",
13.325027,2026-09-05T18:45:33.755+01:00,2887888,1146627,1168,1168,True,True,0x0F,"OK,OK,OK,OK","DELTA,DELTA,DELTA,DELTA",
13.330257,2026-09-05T18:45:33.757+01:00,2889056,1146628,1124,1124,True,True,0x0F,"OK,OK,OK,OK","DELTA,DELTA,DELTA,DELTA",
13.335159,2026-09-05T18:45:33.762+01:00,2890180,1146629,934,934,True,True,0x0F,"OK,OK,OK,OK","DELTA,DELTA,DELTA,DELTA",
13.341037,2026-09-05T18:45:33.767+01:00,2891114,1146630,988,988,True,True,0x0F,"OK,OK,OK,OK","DELTA,DELTA,DELTA,DELTA",
13.345133,2026-09-05T18:45:33.773+01:00,2892102,1146631,1114,1114,True,True,0x0F,"OK,OK,OK,OK","DELTA,DELTA,DELTA,DELTA",
13.349877,2026-09-05T18:45:33.777+01:00,2893216,1146632,1106,1106,True,True,0x0F,"OK,OK,OK,OK","DELTA,DELTA,DELTA,DELTA",
13.365033,2026-09-05T18:45:33.781+01:00,2894322,1146633,994,994,True,True,0x0F,"OK,OK,OK,OK","DELTA,DELTA,DELTA,DELTA",
13.366006,2026-09-05T18:45:33.797+01:00,2895316,1146634,1030,1030,True,True,0x0F,"OK,OK,OK,OK","DELTA,DELTA,DELTA,DELTA",
13.367067,2026-09-05T18:45:33.798+01:00,2896346,1146635,1088,1088,True,True,0x0F,"OK,OK,OK,OK","DELTA,DELTA,DELTA,DELTA",
13.370062,2026-09-05T18:45:33.799+01:00,2897434,1146636,1046,1046,True,True,0x0F,"OK,OK,OK,OK","DELTA,DELTA,DELTA,DELTA",
13.375077,2026-09-05T18:45:33.802+01:00,2898480,1146637,934,934,True,True,0x0F,"OK,OK,OK,OK","DELTA,DELTA,DELTA,DELTA",
13.382390,2026-09-05T18:45:33.807+01:00,2899414,1146638,1070,1070,True,True,0x0F,"OK,OK,OK,OK","DELTA,DELTA,DELTA,DELTA",
13.384965,2026-09-05T18:45:33.814+01:00,2900484,1146639,1148,1148,True,True,0x0F,"OK,OK,OK,OK","DELTA,DELTA,DELTA,DELTA",
13.390100,2026-09-05T18:45:33.816+01:00,2901632,1146640,1090,1090,True,True,0x0F,"OK,OK,OK,OK","DELTA,DELTA,DELTA,DELTA",
13.399886,2026-09-05T18:45:33.822+01:00,2902722,1146641,960,960,True,True,0x0F,"OK,OK,OK,OK","DELTA,DELTA,DELTA,DELTA",
13.401018,2026-09-05T18:45:33.832+01:00,2903682,1146642,1038,1038,True,True,0x0F,"OK,OK,OK,OK","DELTA,DELTA,DELTA,DELTA",
13.404987,2026-09-05T18:45:33.833+01:00,2904720,1146643,1094,1094,True,True,0x0F,"OK,OK,OK,OK","DELTA,DELTA,DELTA,DELTA",
13.410087,2026-09-05T18:45:33.837+01:00,2905814,1146644,1098,1098,True,True,0x0F,"OK,OK,OK,OK","DELTA,DELTA,DELTA,DELTA",
13.416573,2026-09-05T18:45:33.842+01:00,2906912,1146645,872,872,True,True,0x0F,"OK,OK,OK,OK","DELTA,DELTA,DELTA,DELTA",
13.420347,2026-09-05T18:45:33.848+01:00,2907784,1146646,1032,1032,True,True,0x0F,"OK,OK,OK,OK","DELTA,DELTA,DELTA,DELTA",
13.424928,2026-09-05T18:45:33.852+01:00,2908816,1146647,1082,1082,True,True,0x0F,"OK,OK,OK,OK","DELTA,DELTA,DELTA,DELTA",
13.433720,2026-09-05T18:45:33.857+01:00,2909898,1146648,1122,1122,True,True,0x0F,"OK,OK,OK,OK","DELTA,DELTA,DELTA,DELTA",
13.434870,2026-09-05T18:45:33.865+01:00,2911020,1146649,892,892,True,True,0x0F,"OK,OK,OK,OK","DELTA,DELTA,DELTA,DELTA",
13.439974,2026-09-05T18:45:33.866+01:00,2911912,1146650,1042,1042,True,True,0x0F,"OK,OK,OK,OK","DELTA,DELTA,DELTA,DELTA",
13.449695,2026-09-05T18:45:33.871+01:00,2912954,1146651,1062,1062,True,True,0x0F,"OK,OK,OK,OK","DELTA,DELTA,DELTA,DELTA",
13.450777,2026-09-05T18:45:33.881+01:00,2914016,1146652,1038,1038,True,True,0x0F,"OK,OK,OK,OK","DELTA,DELTA,DELTA,DELTA",
13.454911,2026-09-05T18:45:33.882+01:00,2915054,1146653,904,904,True,True,0x0F,"OK,OK,OK,OK","DELTA,DELTA,DELTA,DELTA",
13.459723,2026-09-05T18:45:33.887+01:00,2915958,1146654,1058,1058,True,True,0x0F,"OK,OK,OK,OK","DELTA,DELTA,DELTA,DELTA",
13.467851,2026-09-05T18:45:33.891+01:00,2917016,1146655,1122,1122,True,True,0x0F,"OK,OK,OK,OK","DELTA,DELTA,DELTA,DELTA",
13.469674,2026-09-05T18:45:33.899+01:00,2918138,1146656,1078,1078,True,True,0x0F,"OK,OK,OK,OK","DELTA,DELTA,DELTA,DELTA",
13.474987,2026-09-05T18:45:33.901+01:00,2919216,1146657,880,880,True,True,0x0F,"OK,OK,OK,OK","DELTA,DELTA,DELTA,DELTA",
13.484040,2026-09-05T18:45:33.907+01:00,2920096,1146658,1064,1064,True,True,0x0F,"OK,OK,OK,OK","DELTA,DELTA,DELTA,DELTA",
13.484963,2026-09-05T18:45:33.916+01:00,2921160,1146659,1060,1060,True,True,0x0F,"OK,OK,OK,OK","DELTA,DELTA,DELTA,DELTA",
13.489849,2026-09-05T18:45:33.917+01:00,2922220,1146660,1038,1038,True,True,0x0F,"OK,OK,OK,OK","DELTA,DELTA,DELTA,DELTA",
13.497183,2026-09-05T18:45:33.921+01:00,2923258,1146661,846,846,True,True,0x0F,"OK,OK,OK,OK","DELTA,DELTA,DELTA,DELTA",
13.500521,2026-09-05T18:45:33.929+01:00,2924104,1146662,1080,1080,True,True,0x0F,"OK,OK,OK,OK","DELTA,DELTA,DELTA,DELTA",
13.504683,2026-09-05T18:45:33.932+01:00,2925184,1146663,1100,1100,True,True,0x0F,"OK,OK,OK,OK","DELTA,DELTA,DELTA,DELTA",
13.510265,2026-09-05T18:45:33.936+01:00,2926284,1146664,1186,1186,True,True,0x0F,"OK,OK,OK,OK","DELTA,DELTA,DELTA,DELTA",
13.522918,2026-09-05T18:45:33.942+01:00,2927470,1146665,838,838,True,True,0x0F,"OK,OK,OK,OK","DELTA,DELTA,DELTA,DELTA",
13.523540,2026-09-05T18:45:33.955+01:00,2928308,1146666,1016,1016,True,True,0x0F,"OK,OK,OK,OK","DELTA,DELTA,DELTA,DELTA",
13.524418,2026-09-05T18:45:33.955+01:00,2929324,1146667,1002,1002,True,True,0x0F,"OK,OK,OK,OK","DELTA,DELTA,DELTA,DELTA",
13.536450,2026-09-05T18:45:33.956+01:00,2930326,1146668,1094,1094,True,True,0x0F,"OK,OK,OK,OK","DELTA,DELTA,DELTA,DELTA",
13.537356,2026-09-05T18:45:33.968+01:00,2931420,1146669,908,908,True,True,0x0F,"OK,OK,OK,OK","DELTA,DELTA,DELTA,DELTA",
13.539630,2026-09-05T18:45:33.969+01:00,2932328,1146670,1058,1058,True,True,0x0F,"OK,OK,OK,OK","DELTA,DELTA,DELTA,DELTA",
13.544767,2026-09-05T18:45:33.971+01:00,2933386,1146671,1110,1110,True,True,0x0F,"OK,OK,OK,OK","DELTA,DELTA,DELTA,DELTA",
13.553981,2026-09-05T18:45:33.976+01:00,2934496,1146672,1058,1058,True,True,0x0F,"OK,OK,OK,OK","DELTA,DELTA,DELTA,DELTA",
13.554837,2026-09-05T18:45:33.986+01:00,2935554,1146673,928,928,True,True,0x0F,"OK,OK,OK,OK","DELTA,DELTA,DELTA,DELTA",
13.559663,2026-09-05T18:45:33.986+01:00,2936482,1146674,940,940,True,True,0x0F,"OK,OK,OK,OK","DELTA,DELTA,DELTA,DELTA",
13.570014,2026-09-05T18:45:33.991+01:00,2937422,1146675,1120,1120,True,True,0x0F,"OK,OK,OK,OK","DELTA,DELTA,DELTA,DELTA",
13.570861,2026-09-05T18:45:34.002+01:00,2938542,1146676,1092,1092,True,True,0x0F,"OK,OK,OK,OK","DELTA,DELTA,DELTA,DELTA",
13.574777,2026-09-05T18:45:34.002+01:00,2939634,1146677,858,858,True,True,0x0F,"OK,OK,OK,OK","DELTA,DELTA,DELTA,DELTA",
13.579497,2026-09-05T18:45:34.006+01:00,2940492,1146678,1040,1040,True,True,0x0F,"OK,OK,OK,OK","DELTA,DELTA,DELTA,DELTA",
13.586696,2026-09-05T18:45:34.011+01:00,2941532,1146679,1112,1112,True,True,0x0F,"OK,OK,OK,OK","DELTA,DELTA,DELTA,DELTA",
13.589518,2026-09-05T18:45:34.018+01:00,2942644,1146680,934,934,True,True,0x0F,"OK,OK,OK,OK","DELTA,DELTA,DELTA,DELTA",
13.594569,2026-09-05T18:45:34.021+01:00,2943578,1146681,862,862,True,True,0x0F,"OK,OK,OK,OK","DELTA,DELTA,DELTA,DELTA",
13.602990,2026-09-05T18:45:34.026+01:00,2944440,1146682,1020,1020,True,True,0x0F,"OK,OK,OK,OK","DELTA,DELTA,DELTA,DELTA",
13.604523,2026-09-05T18:45:34.035+01:00,2945460,1146683,1008,1008,True,True,0x0F,"OK,OK,OK,OK","DELTA,DELTA,DELTA,DELTA",
13.609794,2026-09-05T18:45:34.036+01:00,2946468,1146684,1052,1052,True,True,0x0F,"OK,OK,OK,OK","DELTA,DELTA,DELTA,DELTA",
13.620274,2026-09-05T18:45:34.041+01:00,2947520,1146685,932,932,True,True,0x0F,"OK,OK,OK,OK","DELTA,DELTA,DELTA,DELTA",
13.621212,2026-09-05T18:45:34.052+01:00,2948452,1146686,998,998,True,True,0x0F,"OK,OK,OK,OK","DELTA,DELTA,DELTA,DELTA",
13.624260,2026-09-05T18:45:34.053+01:00,2949450,1146687,1042,1042,True,True,0x0F,"OK,OK,OK,OK","DELTA,DELTA,DELTA,DELTA",
13.629937,2026-09-05T18:45:34.056+01:00,2950492,1146688,1098,1098,True,True,0x0F,"OK,OK,OK,OK","DELTA,DELTA,DELTA,DELTA",
13.638424,2026-09-05T18:45:34.061+01:00,2951590,1146689,920,920,True,True,0x0F,"OK,OK,OK,OK","DELTA,DELTA,DELTA,DELTA",
13.639214,2026-09-05T18:45:34.070+01:00,2952510,1146690,964,964,True,True,0x0F,"OK,OK,OK,OK","DELTA,DELTA,DELTA,DELTA",
13.644435,2026-09-05T18:45:34.071+01:00,2953474,1146691,1026,1026,True,True,0x0F,"OK,OK,OK,OK","DELTA,DELTA,DELTA,DELTA",
13.655230,2026-09-05T18:45:34.076+01:00,2954500,1146692,1054,1054,True,True,0x0F,"OK,OK,OK,OK","DELTA,DELTA,DELTA,DELTA",
13.656079,2026-09-05T18:45:34.087+01:00,2955554,1146693,868,868,True,True,0x0F,"OK,OK,OK,OK","DELTA,DELTA,DELTA,DELTA",
13.659439,2026-09-05T18:45:34.088+01:00,2956422,1146694,984,984,True,True,0x0F,"OK,OK,OK,OK","DELTA,DELTA,DELTA,DELTA",
13.664355,2026-09-05T18:45:34.091+01:00,2957406,1146695,1012,1012,True,True,0x0F,"OK,OK,OK,OK","DELTA,DELTA,DELTA,DELTA",
13.669978,2026-09-05T18:45:34.096+01:00,2958418,1146696,1044,1044,True,True,0x0F,"OK,OK,OK,OK","DELTA,DELTA,DELTA,DELTA",
13.674701,2026-09-05T18:45:34.101+01:00,2959462,1146697,874,874,True,True,0x0F,"OK,OK,OK,OK","DELTA,DELTA,DELTA,DELTA",
13.679211,2026-09-05T18:45:34.106+01:00,2960336,1146698,1050,1050,True,True,0x0F,"OK,OK,OK,OK","DELTA,DELTA,DELTA,DELTA",
13.684525,2026-09-05T18:45:34.111+01:00,2961386,1146699,1120,1120,True,True,0x0F,"OK,OK,OK,OK","DELTA,DELTA,DELTA,DELTA",
13.696776,2026-09-05T18:45:34.116+01:00,2962506,1146700,1088,1088,True,True,0x0F,"OK,OK,OK,OK","DELTA,DELTA,DELTA,DELTA",
13.697740,2026-09-05T18:45:34.128+01:00,2963594,1146701,854,854,True,True,0x0F,"OK,OK,OK,OK","DELTA,DELTA,DELTA,DELTA",
13.699177,2026-09-05T18:45:34.129+01:00,2964448,1146702,946,946,True,True,0x0F,"OK,OK,OK,OK","DELTA,DELTA,DELTA,DELTA",
13.705063,2026-09-05T18:45:34.131+01:00,2965394,1146703,1108,1108,True,True,0x0F,"OK,OK,OK,OK","DELTA,DELTA,DELTA,DELTA",
13.715367,2026-09-05T18:45:34.137+01:00,2966502,1146704,1030,1030,True,True,0x0F,"OK,OK,OK,OK","DELTA,DELTA,DELTA,DELTA",
13.716688,2026-09-05T18:45:34.147+01:00,2967532,1146705,846,846,True,True,0x0F,"OK,OK,OK,OK","DELTA,DELTA,DELTA,DELTA",
13.719314,2026-09-05T18:45:34.148+01:00,2968378,1146706,988,988,True,True,0x0F,"OK,OK,OK,OK","DELTA,DELTA,DELTA,DELTA",
13.724146,2026-09-05T18:45:34.151+01:00,2969366,1146707,1080,1080,True,True,0x0F,"OK,OK,OK,OK","DELTA,DELTA,DELTA,DELTA",
13.733366,2026-09-05T18:45:34.156+01:00,2970446,1146708,1032,1032,True,True,0x0F,"OK,OK,OK,OK","DELTA,DELTA,DELTA,DELTA",
13.734282,2026-09-05T18:45:34.165+01:00,2971478,1146709,924,924,True,True,0x0F,"OK,OK,OK,OK","DELTA,DELTA,DELTA,DELTA",
13.740408,2026-09-05T18:45:34.166+01:00,2972402,1146710,1032,1032,True,True,0x0F,"OK,OK,OK,OK","DELTA,DELTA,DELTA,DELTA",
13.743994,2026-09-05T18:45:34.173+01:00,2973434,1146711,1062,1062,True,True,0x0F,"OK,OK,OK,OK","DELTA,DELTA,DELTA,DELTA",
13.752283,2026-09-05T18:45:34.176+01:00,2974496,1146712,1108,1108,True,True,0x0F,"OK,OK,OK,OK","DELTA,DELTA,DELTA,DELTA",
13.754434,2026-09-05T18:45:34.184+01:00,2975604,1146713,4216,4216,True,True,0x0F,"OK,OK,OK,OK","DELTA_SYNC,DELTA_SYNC,DELTA_SYNC,DELTA_SYNC",
13.759022,2026-09-05T18:45:34.186+01:00,2979820,1146714,1032,1032,True,True,0x0F,"OK,OK,OK,OK","DELTA,DELTA,DELTA,DELTA",
13.764055,2026-09-05T18:45:34.191+01:00,2980852,1146715,1168,1168,True,True,0x0F,"OK,OK,OK,OK","DELTA,DELTA,DELTA,DELTA",
13.769380,2026-09-05T18:45:34.197+01:00,2982020,1146716,1240,1240,True,True,0x0F,"OK,OK,OK,OK","DELTA,DELTA,DELTA,DELTA",
13.774685,2026-09-05T18:45:34.201+01:00,2983260,1146717,868,868,True,True,0x0F,"OK,OK,OK,OK","DELTA,DELTA,DELTA,DELTA",
13.779261,2026-09-05T18:45:34.206+01:00,2984128,1146718,966,966,True,True,0x0F,"OK,OK,OK,OK","DELTA,DELTA,DELTA,DELTA",
13.785752,2026-09-05T18:45:34.211+01:00,2985094,1146719,1072,1072,True,True,0x0F,"OK,OK,OK,OK","DELTA,DELTA,DELTA,DELTA",
13.788982,2026-09-05T18:45:34.217+01:00,2986166,1146720,1142,1142,True,True,0x0F,"OK,OK,OK,OK","DELTA,DELTA,DELTA,DELTA",
13.794558,2026-09-05T18:45:34.221+01:00,2987308,1146721,902,902,True,True,0x0F,"OK,OK,OK,OK","DELTA,DELTA,DELTA,DELTA",
13.803209,2026-09-05T18:45:34.226+01:00,2988210,1146722,1034,1034,True,True,0x0F,"OK,OK,OK,OK","DELTA,DELTA,DELTA,DELTA",
13.804595,2026-09-05T18:45:34.235+01:00,2989244,1146723,1058,1058,True,True,0x0F,"OK,OK,OK,OK","DELTA,DELTA,DELTA,DELTA",
13.809396,2026-09-05T18:45:34.236+01:00,2990302,1146724,1036,1036,True,True,0x0F,"OK,OK,OK,OK","DELTA,DELTA,DELTA,DELTA",
13.814009,2026-09-05T18:45:34.241+01:00,2991338,1146725,816,816,True,True,0x0F,"OK,OK,OK,OK","DELTA,DELTA,DELTA,DELTA",
13.821193,2026-09-05T18:45:34.246+01:00,2992154,1146726,946,946,True,True,0x0F,"OK,OK,OK,OK","DELTA,DELTA,DELTA,DELTA",
13.823795,2026-09-05T18:45:34.253+01:00,2993100,1146727,1050,1050,True,True,0x0F,"OK,OK,OK,OK","DELTA,DELTA,DELTA,DELTA",
13.829087,2026-09-05T18:45:34.255+01:00,2994150,1146728,1112,1112,True,True,0x0F,"OK,OK,OK,OK","DELTA,DELTA,DELTA,DELTA",
13.833661,2026-09-05T18:45:34.261+01:00,2995262,1146729,820,820,True,True,0x0F,"OK,OK,OK,OK","DELTA,DELTA,DELTA,DELTA",
13.839920,2026-09-05T18:45:34.265+01:00,2996082,1146730,968,968,True,True,0x0F,"OK,OK,OK,OK","DELTA,DELTA,DELTA,DELTA",
13.843743,2026-09-05T18:45:34.271+01:00,2997050,1146731,1080,1080,True,True,0x0F,"OK,OK,OK,OK","DELTA,DELTA,DELTA,DELTA",
13.848825,2026-09-05T18:45:34.275+01:00,2998130,1146732,1102,1102,True,True,0x0F,"OK,OK,OK,OK","DELTA,DELTA,DELTA,DELTA",
13.860045,2026-09-05T18:45:34.280+01:00,2999232,1146733,868,868,True,True,0x0F,"OK,OK,OK,OK","DELTA,DELTA,DELTA,DELTA",
13.860630,2026-09-05T18:45:34.292+01:00,3000100,1146734,1030,1030,True,True,0x0F,"OK,OK,OK,OK","DELTA,DELTA,DELTA,DELTA",
13.875608,2026-09-05T18:45:34.292+01:00,3001130,1146735,1060,1060,True,True,0x0F,"OK,OK,OK,OK","DELTA,DELTA,DELTA,DELTA",
13.876651,2026-09-05T18:45:34.307+01:00,3002190,1146736,1050,1050,True,True,0x0F,"OK,OK,OK,OK","DELTA,DELTA,DELTA,DELTA",
13.877539,2026-09-05T18:45:34.308+01:00,3003240,1146737,788,788,True,True,0x0F,"OK,OK,OK,OK","DELTA,DELTA,DELTA,DELTA",
13.879244,2026-09-05T18:45:34.309+01:00,3004028,1146738,932,932,True,True,0x0F,"OK,OK,OK,OK","DELTA,DELTA,DELTA,DELTA",
13.884141,2026-09-05T18:45:34.311+01:00,3004960,1146739,1056,1056,True,True,0x0F,"OK,OK,OK,OK","DELTA,DELTA,DELTA,DELTA",
13.888842,2026-09-05T18:45:34.316+01:00,3006016,1146740,1128,1128,True,True,0x0F,"OK,OK,OK,OK","DELTA,DELTA,DELTA,DELTA",
13.894698,2026-09-05T18:45:34.320+01:00,3007144,1146741,978,978,True,True,0x0F,"OK,OK,OK,OK","DELTA,DELTA,DELTA,DELTA",
13.898499,2026-09-05T18:45:34.326+01:00,3008122,1146742,892,892,True,True,0x0F,"OK,OK,OK,OK","DELTA,DELTA,DELTA,DELTA",
13.903691,2026-09-05T18:45:34.330+01:00,3009014,1146743,1002,1002,True,True,0x0F,"OK,OK,OK,OK","DELTA,DELTA,DELTA,DELTA",
13.910998,2026-09-05T18:45:34.335+01:00,3010016,1146744,1100,1100,True,True,0x0F,"OK,OK,OK,OK","DELTA,DELTA,DELTA,DELTA",
13.913521,2026-09-05T18:45:34.343+01:00,3011116,1146745,926,926,True,True,0x0F,"OK,OK,OK,OK","DELTA,DELTA,DELTA,DELTA",
13.919353,2026-09-05T18:45:34.345+01:00,3012042,1146746,978,978,True,True,0x0F,"OK,OK,OK,OK","DELTA,DELTA,DELTA,DELTA",
13.923587,2026-09-05T18:45:34.351+01:00,3013020,1146747,970,970,True,True,0x0F,"OK,OK,OK,OK","DELTA,DELTA,DELTA,DELTA",
13.930714,2026-09-05T18:45:34.355+01:00,3013990,1146748,982,982,True,True,0x0F,"OK,OK,OK,OK","DELTA,DELTA,DELTA,DELTA",
13.933668,2026-09-05T18:45:34.363+01:00,3014972,1146749,828,828,True,True,0x0F,"OK,OK,OK,OK","DELTA,DELTA,DELTA,DELTA",
13.938629,2026-09-05T18:45:34.365+01:00,3015800,1146750,868,868,True,True,0x0F,"OK,OK,OK,OK","DELTA,DELTA,DELTA,DELTA",
13.947538,2026-09-05T18:45:34.370+01:00,3016668,1146751,962,962,True,True,0x0F,"OK,OK,OK,OK","DELTA,DELTA,DELTA,DELTA",
13.948909,2026-09-05T18:45:34.379+01:00,3017630,1146752,1032,1032,True,True,0x0F,"OK,OK,OK,OK","DELTA,DELTA,DELTA,DELTA",
13.953632,2026-09-05T18:45:34.380+01:00,3018662,1146753,876,876,True,True,0x0F,"OK,OK,OK,OK","DELTA,DELTA,DELTA,DELTA",
13.964552,2026-09-05T18:45:34.385+01:00,3019538,1146754,904,904,True,True,0x0F,"OK,OK,OK,OK","DELTA,DELTA,DELTA,DELTA",
13.965470,2026-09-05T18:45:34.396+01:00,3020442,1146755,1028,1028,True,True,0x0F,"OK,OK,OK,OK","DELTA,DELTA,DELTA,DELTA",
13.968923,2026-09-05T18:45:34.397+01:00,3021470,1146756,1048,1048,True,True,0x0F,"OK,OK,OK,OK","DELTA,DELTA,DELTA,DELTA",
13.973559,2026-09-05T18:45:34.400+01:00,3022518,1146757,896,896,True,True,0x0F,"OK,OK,OK,OK","DELTA,DELTA,DELTA,DELTA",
13.982389,2026-09-05T18:45:34.405+01:00,3023414,1146758,996,996,True,True,0x0F,"OK,OK,OK,OK","DELTA,DELTA,DELTA,DELTA",
13.983625,2026-09-05T18:45:34.414+01:00,3024410,1146759,1082,1082,True,True,0x0F,"OK,OK,OK,OK","DELTA,DELTA,DELTA,DELTA",
13.988716,2026-09-05T18:45:34.415+01:00,3025492,1146760,1060,1060,True,True,0x0F,"OK,OK,OK,OK","DELTA,DELTA,DELTA,DELTA",
13.999581,2026-09-05T18:45:34.420+01:00,3026552,1146761,890,890,True,True,0x0F,"OK,OK,OK,OK","DELTA,DELTA,DELTA,DELTA",
14.000626,2026-09-05T18:45:34.431+01:00,3027442,1146762,942,942,True,True,0x0F,"OK,OK,OK,OK","DELTA,DELTA,DELTA,DELTA",
14.003513,2026-09-05T18:45:34.432+01:00,3028384,1146763,1132,1132,True,True,0x0F,"OK,OK,OK,OK","DELTA,DELTA,DELTA,DELTA",
14.008467,2026-09-05T18:45:34.435+01:00,3029516,1146764,1118,1118,True,True,0x0F,"OK,OK,OK,OK","DELTA,DELTA,DELTA,DELTA",
14.013945,2026-09-05T18:45:34.440+01:00,3030634,1146765,906,906,True,True,0x0F,"OK,OK,OK,OK","DELTA,DELTA,DELTA,DELTA",
14.018980,2026-09-05T18:45:34.446+01:00,3031540,1146766,980,980,True,True,0x0F,"OK,OK,OK,OK","DELTA,DELTA,DELTA,DELTA",
14.023651,2026-09-05T18:45:34.451+01:00,3032520,1146767,1108,1108,True,True,0x0F,"OK,OK,OK,OK","DELTA,DELTA,DELTA,DELTA",
14.028287,2026-09-05T18:45:34.455+01:00,3033628,1146768,1076,1076,True,True,0x0F,"OK,OK,OK,OK","DELTA,DELTA,DELTA,DELTA",
14.042495,2026-09-05T18:45:34.460+01:00,3034704,1146769,904,904,True,True,0x0F,"OK,OK,OK,OK","DELTA,DELTA,DELTA,DELTA",
14.043511,2026-09-05T18:45:34.474+01:00,3035608,1146770,1032,1032,True,True,0x0F,"OK,OK,OK,OK","DELTA,DELTA,DELTA,DELTA",
14.044478,2026-09-05T18:45:34.475+01:00,3036640,1146771,1122,1122,True,True,0x0F,"OK,OK,OK,OK","DELTA,DELTA,DELTA,DELTA",
14.048353,2026-09-05T18:45:34.476+01:00,3037762,1146772,1072,1072,True,True,0x0F,"OK,OK,OK,OK","DELTA,DELTA,DELTA,DELTA",
14.053653,2026-09-05T18:45:34.480+01:00,3038834,1146773,920,920,True,True,0x0F,"OK,OK,OK,OK","DELTA,DELTA,DELTA,DELTA",
14.061121,2026-09-05T18:45:34.485+01:00,3039754,1146774,978,978,True,True,0x0F,"OK,OK,OK,OK","DELTA,DELTA,DELTA,DELTA",
14.063290,2026-09-05T18:45:34.493+01:00,3040732,1146775,1032,1032,True,True,0x0F,"OK,OK,OK,OK","DELTA,DELTA,DELTA,DELTA",
14.068542,2026-09-05T18:45:34.495+01:00,3041764,1146776,1098,1098,True,True,0x0F,"OK,OK,OK,OK","DELTA,DELTA,DELTA,DELTA",
14.078697,2026-09-05T18:45:34.500+01:00,3042862,1146777,916,916,True,True,0x0F,"OK,OK,OK,OK","DELTA,DELTA,DELTA,DELTA",
14.079701,2026-09-05T18:45:34.510+01:00,3043778,1146778,980,980,True,True,0x0F,"OK,OK,OK,OK","DELTA,DELTA,DELTA,DELTA",
14.083592,2026-09-05T18:45:34.511+01:00,3044758,1146779,1020,1020,True,True,0x0F,"OK,OK,OK,OK","DELTA,DELTA,DELTA,DELTA",
14.088141,2026-09-05T18:45:34.515+01:00,3045778,1146780,1094,1094,True,True,0x0F,"OK,OK,OK,OK","DELTA,DELTA,DELTA,DELTA",
14.096454,2026-09-05T18:45:34.520+01:00,3046872,1146781,876,876,True,True,0x0F,"OK,OK,OK,OK","DELTA,DELTA,DELTA,DELTA",
14.098473,2026-09-05T18:45:34.528+01:00,3047748,1146782,938,938,True,True,0x0F,"OK,OK,OK,OK","DELTA,DELTA,DELTA,DELTA",
14.103399,2026-09-05T18:45:34.530+01:00,3048686,1146783,1100,1100,True,True,0x0F,"OK,OK,OK,OK","DELTA,DELTA,DELTA,DELTA",
14.108295,2026-09-05T18:45:34.535+01:00,3049786,1146784,1042,1042,True,True,0x0F,"OK,OK,OK,OK","DELTA,DELTA,DELTA,DELTA",
14.115628,2026-09-05T18:45:34.540+01:00,3050828,1146785,934,934,True,True,0x0F,"OK,OK,OK,OK","DELTA,DELTA,DELTA,DELTA",
14.118232,2026-09-05T18:45:34.547+01:00,3051762,1146786,882,882,True,True,0x0F,"OK,OK,OK,OK","DELTA,DELTA,DELTA,DELTA",
14.123397,2026-09-05T18:45:34.550+01:00,3052644,1146787,1122,1122,True,True,0x0F,"OK,OK,OK,OK","DELTA,DELTA,DELTA,DELTA",
14.132558,2026-09-05T18:45:34.555+01:00,3053766,1146788,1062,1062,True,True,0x0F,"OK,OK,OK,OK","DELTA,DELTA,DELTA,DELTA",
14.133611,2026-09-05T18:45:34.564+01:00,3054828,1146789,860,860,True,True,0x0F,"OK,OK,OK,OK","DELTA,DELTA,DELTA,DELTA",
14.138354,2026-09-05T18:45:34.565+01:00,3055688,1146790,996,996,True,True,0x0F,"OK,OK,OK,OK","DELTA,DELTA,DELTA,DELTA",
14.149243,2026-09-05T18:45:34.570+01:00,3056684,1146791,1046,1046,True,True,0x0F,"OK,OK,OK,OK","DELTA,DELTA,DELTA,DELTA",
14.150370,2026-09-05T18:45:34.581+01:00,3057730,1146792,1054,1054,True,True,0x0F,"OK,OK,OK,OK","DELTA,DELTA,DELTA,DELTA",
14.153236,2026-09-05T18:45:34.582+01:00,3058784,1146793,902,902,True,True,0x0F,"OK,OK,OK,OK","DELTA,DELTA,DELTA,DELTA",
14.158216,2026-09-05T18:45:34.585+01:00,3059686,1146794,902,902,True,True,0x0F,"OK,OK,OK,OK","DELTA,DELTA,DELTA,DELTA",
14.166974,2026-09-05T18:45:34.590+01:00,3060588,1146795,1084,1084,True,True,0x0F,"OK,OK,OK,OK","DELTA,DELTA,DELTA,DELTA",
14.168315,2026-09-05T18:45:34.599+01:00,3061672,1146796,1202,1202,True,True,0x0F,"OK,OK,OK,OK","DELTA,DELTA,DELTA,DELTA",
14.173243,2026-09-05T18:45:34.600+01:00,3062874,1146797,960,960,True,True,0x0F,"OK,OK,OK,OK","DELTA,DELTA,DELTA,DELTA",
14.179131,2026-09-05T18:45:34.605+01:00,3063834,1146798,922,922,True,True,0x0F,"OK,OK,OK,OK","DELTA,DELTA,DELTA,DELTA",
14.183448,2026-09-05T18:45:34.612+01:00,3064756,1146799,998,998,True,True,0x0F,"OK,OK,OK,OK","DELTA,DELTA,DELTA,DELTA",
14.187932,2026-09-05T18:45:34.615+01:00,3065754,1146800,1110,1110,True,True,0x0F,"OK,OK,OK,OK","DELTA,DELTA,DELTA,DELTA",
14.193167,2026-09-05T18:45:34.619+01:00,3066864,1146801,928,928,True,True,0x0F,"OK,OK,OK,OK","DELTA,DELTA,DELTA,DELTA",
14.207002,2026-09-05T18:45:34.625+01:00,3067792,1146802,1034,1034,True,True,0x0F,"OK,OK,OK,OK","DELTA,DELTA,DELTA,DELTA",
14.207651,2026-09-05T18:45:34.639+01:00,3068826,1146803,1072,1072,True,True,0x0F,"OK,OK,OK,OK","DELTA,DELTA,DELTA,DELTA",
14.208159,2026-09-05T18:45:34.639+01:00,3069898,1146804,1026,1026,True,True,0x0F,"OK,OK,OK,OK","DELTA,DELTA,DELTA,DELTA",
14.220924,2026-09-05T18:45:34.640+01:00,3070924,1146805,930,930,True,True,0x0F,"OK,OK,OK,OK","DELTA,DELTA,DELTA,DELTA",
14.222489,2026-09-05T18:45:34.653+01:00,3071854,1146806,908,908,True,True,0x0F,"OK,OK,OK,OK","DELTA,DELTA,DELTA,DELTA",
14.223476,2026-09-05T18:45:34.654+01:00,3072762,1146807,1150,1150,True,True,0x0F,"OK,OK,OK,OK","DELTA,DELTA,DELTA,DELTA",
14.228007,2026-09-05T18:45:34.655+01:00,3073912,1146808,1036,1036,True,True,0x0F,"OK,OK,OK,OK","DELTA,DELTA,DELTA,DELTA",
14.238737,2026-09-05T18:45:34.660+01:00,3074948,1146809,928,928,True,True,0x0F,"OK,OK,OK,OK","DELTA,DELTA,DELTA,DELTA",
14.239561,2026-09-05T18:45:34.670+01:00,3075876,1146810,936,936,True,True,0x0F,"OK,OK,OK,OK","DELTA,DELTA,DELTA,DELTA",
14.242764,2026-09-05T18:45:34.671+01:00,3076812,1146811,1052,1052,True,True,0x0F,"OK,OK,OK,OK","DELTA,DELTA,DELTA,DELTA",
14.247851,2026-09-05T18:45:34.674+01:00,3077864,1146812,1040,1040,True,True,0x0F,"OK,OK,OK,OK","DELTA,DELTA,DELTA,DELTA",
14.255434,2026-09-05T18:45:34.680+01:00,3078904,1146813,980,980,True,True,0x0F,"OK,OK,OK,OK","DELTA,DELTA,DELTA,DELTA",
14.257886,2026-09-05T18:45:34.687+01:00,3079884,1146814,930,930,True,True,0x0F,"OK,OK,OK,OK","DELTA,DELTA,DELTA,DELTA",
14.263057,2026-09-05T18:45:34.690+01:00,3080814,1146815,1130,1130,True,True,0x0F,"OK,OK,OK,OK","DELTA,DELTA,DELTA,DELTA",
14.271772,2026-09-05T18:45:34.695+01:00,3081944,1146816,1164,1164,True,True,0x0F,"OK,OK,OK,OK","DELTA,DELTA,DELTA,DELTA",
14.272758,2026-09-05T18:45:34.703+01:00,3083108,1146817,900,900,True,True,0x0F,"OK,OK,OK,OK","DELTA,DELTA,DELTA,DELTA",
14.278036,2026-09-05T18:45:34.704+01:00,3084008,1146818,998,998,True,True,0x0F,"OK,OK,OK,OK","DELTA,DELTA,DELTA,DELTA",
14.288334,2026-09-05T18:45:34.710+01:00,3085006,1146819,1112,1112,True,True,0x0F,"OK,OK,OK,OK","DELTA,DELTA,DELTA,DELTA",
14.289602,2026-09-05T18:45:34.720+01:00,3086118,1146820,1070,1070,True,True,0x0F,"OK,OK,OK,OK","DELTA,DELTA,DELTA,DELTA",
14.292782,2026-09-05T18:45:34.721+01:00,3087188,1146821,906,906,True,True,0x0F,"OK,OK,OK,OK","DELTA,DELTA,DELTA,DELTA",
14.297866,2026-09-05T18:45:34.724+01:00,3088094,1146822,924,924,True,True,0x0F,"OK,OK,OK,OK","DELTA,DELTA,DELTA,DELTA",
14.303504,2026-09-05T18:45:34.729+01:00,3089018,1146823,1062,1062,True,True,0x0F,"OK,OK,OK,OK","DELTA,DELTA,DELTA,DELTA",
14.307849,2026-09-05T18:45:34.735+01:00,3090080,1146824,1132,1132,True,True,0x0F,"OK,OK,OK,OK","DELTA,DELTA,DELTA,DELTA",
14.313013,2026-09-05T18:45:34.739+01:00,3091212,1146825,976,976,True,True,0x0F,"OK,OK,OK,OK","DELTA,DELTA,DELTA,DELTA",
14.322572,2026-09-05T18:45:34.745+01:00,3092188,1146826,916,916,True,True,0x0F,"OK,OK,OK,OK","DELTA,DELTA,DELTA,DELTA",
14.323436,2026-09-05T18:45:34.754+01:00,3093104,1146827,1054,1054,True,True,0x0F,"OK,OK,OK,OK","DELTA,DELTA,DELTA,DELTA",
14.327936,2026-09-05T18:45:34.755+01:00,3094158,1146828,1182,1182,True,True,0x0F,"OK,OK,OK,OK","DELTA,DELTA,DELTA,DELTA",
14.332579,2026-09-05T18:45:34.759+01:00,3095340,1146829,814,814,True,True,0x0F,"OK,OK,OK,OK","DELTA,DELTA,DELTA,DELTA",
14.339442,2026-09-05T18:45:34.764+01:00,3096154,1146830,960,960,True,True,0x0F,"OK,OK,OK,OK","DELTA,DELTA,DELTA,DELTA",
14.342880,2026-09-05T18:45:34.771+01:00,3097114,1146831,1026,1026,True,True,0x0F,"OK,OK,OK,OK","DELTA,DELTA,DELTA,DELTA",
14.347751,2026-09-05T18:45:34.774+01:00,3098140,1146832,1080,1080,True,True,0x0F,"OK,OK,OK,OK","DELTA,DELTA,DELTA,DELTA",
14.353393,2026-09-05T18:45:34.779+01:00,3099220,1146833,870,870,True,True,0x0F,"OK,OK,OK,OK","DELTA,DELTA,DELTA,DELTA",
14.358096,2026-09-05T18:45:34.785+01:00,3100090,1146834,966,966,True,True,0x0F,"OK,OK,OK,OK","DELTA,DELTA,DELTA,DELTA",
14.362454,2026-09-05T18:45:34.790+01:00,3101056,1146835,986,986,True,True,0x0F,"OK,OK,OK,OK","DELTA,DELTA,DELTA,DELTA",
14.367410,2026-09-05T18:45:34.794+01:00,3102042,1146836,1042,1042,True,True,0x0F,"OK,OK,OK,OK","DELTA,DELTA,DELTA,DELTA",
14.379583,2026-09-05T18:45:34.799+01:00,3103084,1146837,942,942,True,True,0x0F,"OK,OK,OK,OK","DELTA,DELTA,DELTA,DELTA",
14.380532,2026-09-05T18:45:34.811+01:00,3104026,1146838,932,932,True,True,0x0F,"OK,OK,OK,OK","DELTA,DELTA,DELTA,DELTA",
14.382327,2026-09-05T18:45:34.812+01:00,3104958,1146839,966,966,True,True,0x0F,"OK,OK,OK,OK","DELTA,DELTA,DELTA,DELTA",
14.387639,2026-09-05T18:45:34.814+01:00,3105924,1146840,990,990,True,True,0x0F,"OK,OK,OK,OK","DELTA,DELTA,DELTA,DELTA",
14.397033,2026-09-05T18:45:34.819+01:00,3106914,1146841,974,974,True,True,0x0F,"OK,OK,OK,OK","DELTA,DELTA,DELTA,DELTA",
14.397891,2026-09-05T18:45:34.829+01:00,3107888,1146842,884,884,True,True,0x0F,"OK,OK,OK,OK","DELTA,DELTA,DELTA,DELTA",
14.402652,2026-09-05T18:45:34.829+01:00,3108772,1146843,1042,1042,True,True,0x0F,"OK,OK,OK,OK","DELTA,DELTA,DELTA,DELTA",
14.408526,2026-09-05T18:45:34.834+01:00,3109814,1146844,1092,1092,True,True,0x0F,"OK,OK,OK,OK","DELTA,DELTA,DELTA,DELTA",
14.413896,2026-09-05T18:45:34.841+01:00,3110906,1146845,910,910,True,True,0x0F,"OK,OK,OK,OK","DELTA,DELTA,DELTA,DELTA",
14.417938,2026-09-05T18:45:34.846+01:00,3111816,1146846,898,898,True,True,0x0F,"OK,OK,OK,OK","DELTA,DELTA,DELTA,DELTA",
14.422659,2026-09-05T18:45:34.849+01:00,3112714,1146847,1036,1036,True,True,0x0F,"OK,OK,OK,OK","DELTA,DELTA,DELTA,DELTA",
14.430680,2026-09-05T18:45:34.854+01:00,3113750,1146848,1082,1082,True,True,0x0F,"OK,OK,OK,OK","DELTA,DELTA,DELTA,DELTA",
14.432411,2026-09-05T18:45:34.862+01:00,3114832,1146849,930,930,True,True,0x0F,"OK,OK,OK,OK","DELTA,DELTA,DELTA,DELTA",
14.438129,2026-09-05T18:45:34.864+01:00,3115762,1146850,986,986,True,True,0x0F,"OK,OK,OK,OK","DELTA,DELTA,DELTA,DELTA",
14.447300,2026-09-05T18:45:34.870+01:00,3116748,1146851,1116,1116,True,True,0x0F,"OK,OK,OK,OK","DELTA,DELTA,DELTA,DELTA",
14.448177,2026-09-05T18:45:34.879+01:00,3117864,1146852,1060,1060,True,True,0x0F,"OK,OK,OK,OK","DELTA,DELTA,DELTA,DELTA",
14.452541,2026-09-05T18:45:34.880+01:00,3118924,1146853,960,960,True,True,0x0F,"OK,OK,OK,OK","DELTA,DELTA,DELTA,DELTA",
14.457399,2026-09-05T18:45:34.884+01:00,3119884,1146854,950,950,True,True,0x0F,"OK,OK,OK,OK","DELTA,DELTA,DELTA,DELTA",
14.463832,2026-09-05T18:45:34.889+01:00,3120834,1146855,1006,1006,True,True,0x0F,"OK,OK,OK,OK","DELTA,DELTA,DELTA,DELTA",
14.467657,2026-09-05T18:45:34.895+01:00,3121840,1146856,1086,1086,True,True,0x0F,"OK,OK,OK,OK","DELTA,DELTA,DELTA,DELTA",
14.472778,2026-09-05T18:45:34.899+01:00,3122926,1146857,942,942,True,True,0x0F,"OK,OK,OK,OK","DELTA,DELTA,DELTA,DELTA",
14.480527,2026-09-05T18:45:34.905+01:00,3123868,1146858,986,986,True,True,0x0F,"OK,OK,OK,OK","DELTA,DELTA,DELTA,DELTA",
14.482268,2026-09-05T18:45:34.912+01:00,3124854,1146859,1062,1062,True,True,0x0F,"OK,OK,OK,OK","DELTA,DELTA,DELTA,DELTA",
14.487569,2026-09-05T18:45:34.914+01:00,3125916,1146860,1092,1092,True,True,0x0F,"OK,OK,OK,OK","DELTA,DELTA,DELTA,DELTA",
14.497373,2026-09-05T18:45:34.919+01:00,3127008,1146861,930,930,True,True,0x0F,"OK,OK,OK,OK","DELTA,DELTA,DELTA,DELTA",
14.498204,2026-09-05T18:45:34.929+01:00,3127938,1146862,866,866,True,True,0x0F,"OK,OK,OK,OK","DELTA,DELTA,DELTA,DELTA",
14.502479,2026-09-05T18:45:34.930+01:00,3128804,1146863,1040,1040,True,True,0x0F,"OK,OK,OK,OK","DELTA,DELTA,DELTA,DELTA",
14.507139,2026-09-05T18:45:34.934+01:00,3129844,1146864,1100,1100,True,True,0x0F,"OK,OK,OK,OK","DELTA,DELTA,DELTA,DELTA",
14.512181,2026-09-05T18:45:34.939+01:00,3130944,1146865,902,902,True,True,0x0F,"OK,OK,OK,OK","DELTA,DELTA,DELTA,DELTA",
14.518057,2026-09-05T18:45:34.944+01:00,3131846,1146866,930,930,True,True,0x0F,"OK,OK,OK,OK","DELTA,DELTA,DELTA,DELTA",
14.525036,2026-09-05T18:45:34.956+01:00,3132776,1146867,1068,1068,True,True,0x0F,"OK,OK,OK,OK","DELTA,DELTA,DELTA,DELTA",
14.527008,2026-09-05T18:45:34.957+01:00,3133844,1146868,1072,1072,True,True,0x0F,"OK,OK,OK,OK","DELTA,DELTA,DELTA,DELTA",
14.538419,2026-09-05T18:45:34.959+01:00,3134916,1146869,1020,1020,True,True,0x0F,"OK,OK,OK,OK","DELTA,DELTA,DELTA,DELTA",
14.538996,2026-09-05T18:45:34.970+01:00,3135936,1146870,920,920,True,True,0x0F,"OK,OK,OK,OK","DELTA,DELTA,DELTA,DELTA",
14.546807,2026-09-05T18:45:34.970+01:00,3136856,1146871,1068,1068,True,True,0x0F,"OK,OK,OK,OK","DELTA,DELTA,DELTA,DELTA",
14.552503,2026-09-05T18:45:34.981+01:00,3137924,1146872,954,954,True,True,0x0F,"OK,OK,OK,OK","DELTA,DELTA,DELTA,DELTA",
14.553603,2026-09-05T18:45:34.984+01:00,3138878,1146873,884,884,True,True,0x0F,"OK,OK,OK,OK","DELTA,DELTA,DELTA,DELTA",
14.556895,2026-09-05T18:45:34.985+01:00,3139762,1146874,898,898,True,True,0x0F,"OK,OK,OK,OK","DELTA,DELTA,DELTA,DELTA",
14.562196,2026-09-05T18:45:34.988+01:00,3140660,1146875,990,990,True,True,0x0F,"OK,OK,OK,OK","DELTA,DELTA,DELTA,DELTA",
14.569418,2026-09-05T18:45:34.994+01:00,3141650,1146876,1062,1062,True,True,0x0F,"OK,OK,OK,OK","DELTA,DELTA,DELTA,DELTA",
14.572065,2026-09-05T18:45:35.001+01:00,3142712,1146877,898,898,True,True,0x0F,"OK,OK,OK,OK","DELTA,DELTA,DELTA,DELTA",
14.576895,2026-09-05T18:45:35.004+01:00,3143610,1146878,912,912,True,True,0x0F,"OK,OK,OK,OK","DELTA,DELTA,DELTA,DELTA",
14.585294,2026-09-05T18:45:35.008+01:00,3144522,1146879,1050,1050,True,True,0x0F,"OK,OK,OK,OK","DELTA,DELTA,DELTA,DELTA",
14.587066,2026-09-05T18:45:35.017+01:00,3145572,1146880,1086,1086,True,True,0x0F,"OK,OK,OK,OK","DELTA,DELTA,DELTA,DELTA",
14.592097,2026-09-05T18:45:35.019+01:00,3146658,1146881,980,980,True,True,0x0F,"OK,OK,OK,OK","DELTA,DELTA,DELTA,DELTA",
14.601315,2026-09-05T18:45:35.024+01:00,3147638,1146882,940,940,True,True,0x0F,"OK,OK,OK,OK","DELTA,DELTA,DELTA,DELTA",
14.602356,2026-09-05T18:45:35.033+01:00,3148578,1146883,1104,1104,True,True,0x0F,"OK,OK,OK,OK","DELTA,DELTA,DELTA,DELTA",
14.607069,2026-09-05T18:45:35.034+01:00,3149682,1146884,1072,1072,True,True,0x0F,"OK,OK,OK,OK","DELTA,DELTA,DELTA,DELTA",
14.618501,2026-09-05T18:45:35.039+01:00,3150754,1146885,904,904,True,True,0x0F,"OK,OK,OK,OK","DELTA,DELTA,DELTA,DELTA",
14.619362,2026-09-05T18:45:35.050+01:00,3151658,1146886,858,858,True,True,0x0F,"OK,OK,OK,OK","DELTA,DELTA,DELTA,DELTA",
14.621923,2026-09-05T18:45:35.051+01:00,3152516,1146887,968,968,True,True,0x0F,"OK,OK,OK,OK","DELTA,DELTA,DELTA,DELTA",
14.626907,2026-09-05T18:45:35.054+01:00,3153484,1146888,1068,1068,True,True,0x0F,"OK,OK,OK,OK","DELTA,DELTA,DELTA,DELTA",
14.635046,2026-09-05T18:45:35.058+01:00,3154552,1146889,932,932,True,True,0x0F,"OK,OK,OK,OK","DELTA,DELTA,DELTA,DELTA",
14.636911,2026-09-05T18:45:35.067+01:00,3155484,1146890,970,970,True,True,0x0F,"OK,OK,OK,OK","DELTA,DELTA,DELTA,DELTA",
14.642104,2026-09-05T18:45:35.069+01:00,3156454,1146891,1172,1172,True,True,0x0F,"OK,OK,OK,OK","DELTA,DELTA,DELTA,DELTA",
14.652097,2026-09-05T18:45:35.074+01:00,3157626,1146892,994,994,True,True,0x0F,"OK,OK,OK,OK","DELTA,DELTA,DELTA,DELTA",
14.652910,2026-09-05T18:45:35.084+01:00,3158620,1146893,940,940,True,True,0x0F,"OK,OK,OK,OK","DELTA,DELTA,DELTA,DELTA",
14.656959,2026-09-05T18:45:35.084+01:00,3159560,1146894,924,924,True,True,0x0F,"OK,OK,OK,OK","DELTA,DELTA,DELTA,DELTA",
14.662176,2026-09-05T18:45:35.088+01:00,3160484,1146895,1156,1156,True,True,0x0F,"OK,OK,OK,OK","DELTA,DELTA,DELTA,DELTA",
14.669260,2026-09-05T18:45:35.094+01:00,3161640,1146896,1106,1106,True,True,0x0F,"OK,OK,OK,OK","DELTA,DELTA,DELTA,DELTA",
14.671984,2026-09-05T18:45:35.101+01:00,3162746,1146897,930,930,True,True,0x0F,"OK,OK,OK,OK","DELTA,DELTA,DELTA,DELTA",
14.676814,2026-09-05T18:45:35.103+01:00,3163676,1146898,900,900,True,True,0x0F,"OK,OK,OK,OK","DELTA,DELTA,DELTA,DELTA",
14.681994,2026-09-05T18:45:35.108+01:00,3164576,1146899,1102,1102,True,True,0x0F,"OK,OK,OK,OK","DELTA,DELTA,DELTA,DELTA",
14.688094,2026-09-05T18:45:35.114+01:00,3165678,1146900,1136,1136,True,True,0x0F,"OK,OK,OK,OK","DELTA,DELTA,DELTA,DELTA",
14.691606,2026-09-05T18:45:35.120+01:00,3166814,1146901,976,976,True,True,0x0F,"OK,OK,OK,OK","DELTA,DELTA,DELTA,DELTA",
14.696590,2026-09-05T18:45:35.123+01:00,3167790,1146902,910,910,True,True,0x0F,"OK,OK,OK,OK","DELTA,DELTA,DELTA,DELTA",
14.709822,2026-09-05T18:45:35.128+01:00,3168700,1146903,1046,1046,True,True,0x0F,"OK,OK,OK,OK","DELTA,DELTA,DELTA,DELTA",
14.711050,2026-09-05T18:45:35.141+01:00,3169746,1146904,1094,1094,True,True,0x0F,"OK,OK,OK,OK","DELTA,DELTA,DELTA,DELTA",
14.711969,2026-09-05T18:45:35.143+01:00,3170840,1146905,968,968,True,True,0x0F,"OK,OK,OK,OK","DELTA,DELTA,DELTA,DELTA",
14.716965,2026-09-05T18:45:35.143+01:00,3171808,1146906,990,990,True,True,0x0F,"OK,OK,OK,OK","DELTA,DELTA,DELTA,DELTA",
14.727179,2026-09-05T18:45:35.148+01:00,3172798,1146907,1102,1102,True,True,0x0F,"OK,OK,OK,OK","DELTA,DELTA,DELTA,DELTA",
14.728041,2026-09-05T18:45:35.159+01:00,3173900,1146908,1108,1108,True,True,0x0F,"OK,OK,OK,OK","DELTA,DELTA,DELTA,DELTA",
14.731778,2026-09-05T18:45:35.160+01:00,3175008,1146909,922,922,True,True,0x0F,"OK,OK,OK,OK","DELTA,DELTA,DELTA,DELTA",
14.736522,2026-09-05T18:45:35.163+01:00,3175930,1146910,904,904,True,True,0x0F,"OK,OK,OK,OK","DELTA,DELTA,DELTA,DELTA",
14.743856,2026-09-05T18:45:35.168+01:00,3176834,1146911,1152,1152,True,True,0x0F,"OK,OK,OK,OK","DELTA,DELTA,DELTA,DELTA",
14.746822,2026-09-05T18:45:35.176+01:00,3177986,1146912,1084,1084,True,True,0x0F,"OK,OK,OK,OK","DELTA,DELTA,DELTA,DELTA",
14.752032,2026-09-05T18:45:35.178+01:00,3179070,1146913,4216,4216,True,True,0x0F,"OK,OK,OK,OK","DELTA_SYNC,DELTA_SYNC,DELTA_SYNC,DELTA_SYNC",
14.759692,2026-09-05T18:45:35.184+01:00,3183286,1146914,922,922,True,True,0x0F,"OK,OK,OK,OK","DELTA,DELTA,DELTA,DELTA",
14.761878,2026-09-05T18:45:35.191+01:00,3184208,1146915,1144,1144,True,True,0x0F,"OK,OK,OK,OK","DELTA,DELTA,DELTA,DELTA",
14.767015,2026-09-05T18:45:35.193+01:00,3185352,1146916,1130,1130,True,True,0x0F,"OK,OK,OK,OK","DELTA,DELTA,DELTA,DELTA",
14.777151,2026-09-05T18:45:35.199+01:00,3186482,1146917,966,966,True,True,0x0F,"OK,OK,OK,OK","DELTA,DELTA,DELTA,DELTA",
14.778076,2026-09-05T18:45:35.209+01:00,3187448,1146918,930,930,True,True,0x0F,"OK,OK,OK,OK","DELTA,DELTA,DELTA,DELTA",
14.781670,2026-09-05T18:45:35.210+01:00,3188378,1146919,1024,1024,True,True,0x0F,"OK,OK,OK,OK","DELTA,DELTA,DELTA,DELTA",
14.786551,2026-09-05T18:45:35.213+01:00,3189402,1146920,1052,1052,True,True,0x0F,"OK,OK,OK,OK","DELTA,DELTA,DELTA,DELTA",
14.794078,2026-09-05T18:45:35.218+01:00,3190454,1146921,996,996,True,True,0x0F,"OK,OK,OK,OK","DELTA,DELTA,DELTA,DELTA",
14.796429,2026-09-05T18:45:35.226+01:00,3191450,1146922,952,952,True,True,0x0F,"OK,OK,OK,OK","DELTA,DELTA,DELTA,DELTA",
14.802357,2026-09-05T18:45:35.228+01:00,3192402,1146923,1058,1058,True,True,0x0F,"OK,OK,OK,OK","DELTA,DELTA,DELTA,DELTA",
14.806232,2026-09-05T18:45:35.234+01:00,3193460,1146924,1016,1016,True,True,0x0F,"OK,OK,OK,OK","DELTA,DELTA,DELTA,DELTA",
14.812857,2026-09-05T18:45:35.238+01:00,3194476,1146925,1068,1068,True,True,0x0F,"OK,OK,OK,OK","DELTA,DELTA,DELTA,DELTA",
14.816537,2026-09-05T18:45:35.245+01:00,3195544,1146926,878,878,True,True,0x0F,"OK,OK,OK,OK","DELTA,DELTA,DELTA,DELTA",
14.821421,2026-09-05T18:45:35.248+01:00,3196422,1146927,1044,1044,True,True,0x0F,"OK,OK,OK,OK","DELTA,DELTA,DELTA,DELTA",
14.829370,2026-09-05T18:45:35.253+01:00,3197466,1146928,1046,1046,True,True,0x0F,"OK,OK,OK,OK","DELTA,DELTA,DELTA,DELTA",
14.831387,2026-09-05T18:45:35.261+01:00,3198512,1146929,966,966,True,True,0x0F,"OK,OK,OK,OK","DELTA,DELTA,DELTA,DELTA",
14.836579,2026-09-05T18:45:35.263+01:00,3199478,1146930,826,826,True,True,0x0F,"OK,OK,OK,OK","DELTA,DELTA,DELTA,DELTA",
14.841441,2026-09-05T18:45:35.268+01:00,3200304,1146931,1122,1122,True,True,0x0F,"OK,OK,OK,OK","DELTA,DELTA,DELTA,DELTA",
14.846304,2026-09-05T18:45:35.273+01:00,3201426,1146932,1140,1140,True,True,0x0F,"OK,OK,OK,OK","DELTA,DELTA,DELTA,DELTA",
14.851458,2026-09-05T18:45:35.278+01:00,3202566,1146933,1056,1056,True,True,0x0F,"OK,OK,OK,OK","DELTA,DELTA,DELTA,DELTA",
14.856618,2026-09-05T18:45:35.283+01:00,3203622,1146934,932,932,True,True,0x0F,"OK,OK,OK,OK","DELTA,DELTA,DELTA,DELTA",
14.870006,2026-09-05T18:45:35.288+01:00,3204554,1146935,992,992,True,True,0x0F,"OK,OK,OK,OK","DELTA,DELTA,DELTA,DELTA",
14.870614,2026-09-05T18:45:35.302+01:00,3205546,1146936,1072,1072,True,True,0x0F,"OK,OK,OK,OK","DELTA,DELTA,DELTA,DELTA",
14.871212,2026-09-05T18:45:35.302+01:00,3206618,1146937,1014,1014,True,True,0x0F,"OK,OK,OK,OK","DELTA,DELTA,DELTA,DELTA",
14.884403,2026-09-05T18:45:35.303+01:00,3207632,1146938,932,932,True,True,0x0F,"OK,OK,OK,OK","DELTA,DELTA,DELTA,DELTA",
14.885147,2026-09-05T18:45:35.316+01:00,3208564,1146939,1034,1034,True,True,0x0F,"OK,OK,OK,OK","DELTA,DELTA,DELTA,DELTA",
14.886590,2026-09-05T18:45:35.317+01:00,3209598,1146940,1104,1104,True,True,0x0F,"OK,OK,OK,OK","DELTA,DELTA,DELTA,DELTA",
14.891377,2026-09-05T18:45:35.318+01:00,3210702,1146941,970,970,True,True,0x0F,"OK,OK,OK,OK","DELTA,DELTA,DELTA,DELTA",
14.903062,2026-09-05T18:45:35.323+01:00,3211672,1146942,984,984,True,True,0x0F,"OK,OK,OK,OK","DELTA,DELTA,DELTA,DELTA",
14.903956,2026-09-05T18:45:35.335+01:00,3212656,1146943,1082,1082,True,True,0x0F,"OK,OK,OK,OK","DELTA,DELTA,DELTA,DELTA",
14.906829,2026-09-05T18:45:35.335+01:00,3213738,1146944,1156,1156,True,True,0x0F,"OK,OK,OK,OK","DELTA,DELTA,DELTA,DELTA",
14.911476,2026-09-05T18:45:35.338+01:00,3214894,1146945,1078,1078,True,True,0x0F,"OK,OK,OK,OK","DELTA,DELTA,DELTA,DELTA",
14.919868,2026-09-05T18:45:35.343+01:00,3215972,1146946,870,870,True,True,0x0F,"OK,OK,OK,OK","DELTA,DELTA,DELTA,DELTA",
14.921290,2026-09-05T18:45:35.351+01:00,3216842,1146947,1126,1126,True,True,0x0F,"OK,OK,OK,OK","DELTA,DELTA,DELTA,DELTA",
14.926622,2026-09-05T18:45:35.353+01:00,3217968,1146948,1066,1066,True,True,0x0F,"OK,OK,OK,OK","DELTA,DELTA,DELTA,DELTA",
14.935889,2026-09-05T18:45:35.358+01:00,3219034,1146949,1012,1012,True,True,0x0F,"OK,OK,OK,OK","DELTA,DELTA,DELTA,DELTA",
14.936731,2026-09-05T18:45:35.367+01:00,3220046,1146950,898,898,True,True,0x0F,"OK,OK,OK,OK","DELTA,DELTA,DELTA,DELTA",
14.941448,2026-09-05T18:45:35.368+01:00,3220944,1146951,1060,1060,True,True,0x0F,"OK,OK,OK,OK","DELTA,DELTA,DELTA,DELTA",
14.946874,2026-09-05T18:45:35.373+01:00,3222004,1146952,1076,1076,True,True,0x0F,"OK,OK,OK,OK","DELTA,DELTA,DELTA,DELTA",
14.954111,2026-09-05T18:45:35.378+01:00,3223080,1146953,1032,1032,True,True,0x0F,"OK,OK,OK,OK","DELTA,DELTA,DELTA,DELTA",
14.956669,2026-09-05T18:45:35.386+01:00,3224112,1146954,866,866,True,True,0x0F,"OK,OK,OK,OK","DELTA,DELTA,DELTA,DELTA",
14.961560,2026-09-05T18:45:35.388+01:00,3224978,1146955,1066,1066,True,True,0x0F,"OK,OK,OK,OK","DELTA,DELTA,DELTA,DELTA",
14.971285,2026-09-05T18:45:35.393+01:00,3226044,1146956,1080,1080,True,True,0x0F,"OK,OK,OK,OK","DELTA,DELTA,DELTA,DELTA",
14.972205,2026-09-05T18:45:35.403+01:00,3227124,1146957,1008,1008,True,True,0x0F,"OK,OK,OK,OK","DELTA,DELTA,DELTA,DELTA",
14.976294,2026-09-05T18:45:35.404+01:00,3228132,1146958,876,876,True,True,0x0F,"OK,OK,OK,OK","DELTA,DELTA,DELTA,DELTA",
14.981935,2026-09-05T18:45:35.408+01:00,3229008,1146959,1010,1010,True,True,0x0F,"OK,OK,OK,OK","DELTA,DELTA,DELTA,DELTA",
14.989962,2026-09-05T18:45:35.413+01:00,3230018,1146960,1074,1074,True,True,0x0F,"OK,OK,OK,OK","DELTA,DELTA,DELTA,DELTA",
14.991364,2026-09-05T18:45:35.422+01:00,3231092,1146961,1046,1046,True,True,0x0F,"OK,OK,OK,OK","DELTA,DELTA,DELTA,DELTA",
14.996347,2026-09-05T18:45:35.423+01:00,3232138,1146962,918,918,True,True,0x0F,"OK,OK,OK,OK","DELTA,DELTA,DELTA,DELTA",
15.006560,2026-09-05T18:45:35.428+01:00,3233056,1146963,1102,1102,True,True,0x0F,"OK,OK,OK,OK","DELTA,DELTA,DELTA,DELTA",
15.007437,2026-09-05T18:45:35.438+01:00,3234158,1146964,1116,1116,True,True,0x0F,"OK,OK,OK,OK","DELTA,DELTA,DELTA,DELTA",
15.011393,2026-09-05T18:45:35.439+01:00,3235274,1146965,1046,1046,True,True,0x0F,"OK,OK,OK,OK","DELTA,DELTA,DELTA,DELTA",
15.016354,2026-09-05T18:45:35.443+01:00,3236320,1146966,952,952,True,True,0x0F,"OK,OK,OK,OK","DELTA,DELTA,DELTA,DELTA",
15.021249,2026-09-05T18:45:35.448+01:00,3237272,1146967,1162,1162,True,True,0x0F,"OK,OK,OK,OK","DELTA,DELTA,DELTA,DELTA",
15.026369,2026-09-05T18:45:35.453+01:00,3238434,1146968,1094,1094,True,True,0x0F,"OK,OK,OK,OK","DELTA,DELTA,DELTA,DELTA",
15.031685,2026-09-05T18:45:35.458+01:00,3239528,1146969,974,974,True,True,0x0F,"OK,OK,OK,OK","DELTA,DELTA,DELTA,DELTA",
15.036081,2026-09-05T18:45:35.463+01:00,3240502,1146970,950,950,True,True,0x0F,"OK,OK,OK,OK","DELTA,DELTA,DELTA,DELTA",
15.049608,2026-09-05T18:45:35.468+01:00,3241452,1146971,936,936,True,True,0x0F,"OK,OK,OK,OK","DELTA,DELTA,DELTA,DELTA",
15.050538,2026-09-05T18:45:35.481+01:00,3242388,1146972,1042,1042,True,True,0x0F,"OK,OK,OK,OK","DELTA,DELTA,DELTA,DELTA",
15.051333,2026-09-05T18:45:35.482+01:00,3243430,1146973,976,976,True,True,0x0F,"OK,OK,OK,OK","DELTA,DELTA,DELTA,DELTA",
15.056027,2026-09-05T18:45:35.483+01:00,3244406,1146974,836,836,True,True,0x0F,"OK,OK,OK,OK","DELTA,DELTA,DELTA,DELTA",
15.067873,2026-09-05T18:45:35.488+01:00,3245242,1146975,1024,1024,True,True,0x0F,"OK,OK,OK,OK","DELTA,DELTA,DELTA,DELTA",
15.068915,2026-09-05T18:45:35.500+01:00,3246266,1146976,1082,1082,True,True,0x0F,"OK,OK,OK,OK","DELTA,DELTA,DELTA,DELTA",
15.071174,2026-09-05T18:45:35.500+01:00,3247348,1146977,1032,1032,True,True,0x0F,"OK,OK,OK,OK","DELTA,DELTA,DELTA,DELTA",
15.076408,2026-09-05T18:45:35.503+01:00,3248380,1146978,930,930,True,True,0x0F,"OK,OK,OK,OK","DELTA,DELTA,DELTA,DELTA",
15.086143,2026-09-05T18:45:35.508+01:00,3249310,1146979,1024,1024,True,True,0x0F,"OK,OK,OK,OK","DELTA,DELTA,DELTA,DELTA",
15.087054,2026-09-05T18:45:35.518+01:00,3250334,1146980,1118,1118,True,True,0x0F,"OK,OK,OK,OK","DELTA,DELTA,DELTA,DELTA",
15.091311,2026-09-05T18:45:35.519+01:00,3251452,1146981,992,992,True,True,0x0F,"OK,OK,OK,OK","DELTA,DELTA,DELTA,DELTA",
15.096397,2026-09-05T18:45:35.523+01:00,3252444,1146982,870,870,True,True,0x0F,"OK,OK,OK,OK","DELTA,DELTA,DELTA,DELTA",
15.103050,2026-09-05T18:45:35.528+01:00,3253314,1146983,1012,1012,True,True,0x0F,"OK,OK,OK,OK","DELTA,DELTA,DELTA,DELTA",
15.106449,2026-09-05T18:45:35.535+01:00,3254326,1146984,1062,1062,True,True,0x0F,"OK,OK,OK,OK","DELTA,DELTA,DELTA,DELTA",
15.111279,2026-09-05T18:45:35.538+01:00,3255388,1146985,996,996,True,True,0x0F,"OK,OK,OK,OK","DELTA,DELTA,DELTA,DELTA",
15.120665,2026-09-05T18:45:35.543+01:00,3256384,1146986,894,894,True,True,0x0F,"OK,OK,OK,OK","DELTA,DELTA,DELTA,DELTA",
15.121633,2026-09-05T18:45:35.552+01:00,3257278,1146987,1106,1106,True,True,0x0F,"OK,OK,OK,OK","DELTA,DELTA,DELTA,DELTA",
15.126974,2026-09-05T18:45:35.553+01:00,3258384,1146988,1124,1124,True,True,0x0F,"OK,OK,OK,OK","DELTA,DELTA,DELTA,DELTA",
15.131313,2026-09-05T18:45:35.559+01:00,3259508,1146989,1054,1054,True,True,0x0F,"OK,OK,OK,OK","DELTA,DELTA,DELTA,DELTA",
15.135943,2026-09-05T18:45:35.563+01:00,3260562,1146990,870,870,True,True,0x0F,"OK,OK,OK,OK","DELTA,DELTA,DELTA,DELTA",
15.141565,2026-09-05T18:45:35.570+01:00,3261432,1146991,1104,1104,True,True,0x0F,"OK,OK,OK,OK","DELTA,DELTA,DELTA,DELTA",
15.146472,2026-09-05T18:45:35.573+01:00,3262536,1146992,1062,1062,True,True,0x0F,"OK,OK,OK,OK","DELTA,DELTA,DELTA,DELTA",
15.155318,2026-09-05T18:45:35.578+01:00,3263598,1146993,940,940,True,True,0x0F,"OK,OK,OK,OK","DELTA,DELTA,DELTA,DELTA",
15.156231,2026-09-05T18:45:35.587+01:00,3264538,1146994,910,910,True,True,0x0F,"OK,OK,OK,OK","DELTA,DELTA,DELTA,DELTA",
15.161206,2026-09-05T18:45:35.588+01:00,3265448,1146995,1014,1014,True,True,0x0F,"OK,OK,OK,OK","DELTA,DELTA,DELTA,DELTA",
15.172171,2026-09-05T18:45:35.593+01:00,3266462,1146996,1142,1142,True,True,0x0F,"OK,OK,OK,OK","DELTA,DELTA,DELTA,DELTA",
15.173099,2026-09-05T18:45:35.604+01:00,3267604,1146997,1028,1028,True,True,0x0F,"OK,OK,OK,OK","DELTA,DELTA,DELTA,DELTA",
15.176317,2026-09-05T18:45:35.605+01:00,3268632,1146998,882,882,True,True,0x0F,"OK,OK,OK,OK","DELTA,DELTA,DELTA,DELTA",
15.181261,2026-09-05T18:45:35.608+01:00,3269514,1146999,1118,1118,True,True,0x0F,"OK,OK,OK,OK","DELTA,DELTA,DELTA,DELTA",
15.186511,2026-09-05T18:45:35.613+01:00,3270632,1147000,1048,1048,True,True,0x0F,"OK,OK,OK,OK","DELTA,DELTA,DELTA,DELTA",
15.191495,2026-09-05T18:45:35.618+01:00,3271680,1147001,1006,1006,True,True,0x0F,"OK,OK,OK,OK","DELTA,DELTA,DELTA,DELTA",
15.196212,2026-09-05T18:45:35.623+01:00,3272686,1147002,890,890,True,True,0x0F,"OK,OK,OK,OK","DELTA,DELTA,DELTA,DELTA",
15.200979,2026-09-05T18:45:35.628+01:00,3273576,1147003,1074,1074,True,True,0x0F,"OK,OK,OK,OK","DELTA,DELTA,DELTA,DELTA",
15.211398,2026-09-05T18:45:35.632+01:00,3274650,1147004,1078,1078,True,True,0x0F,"OK,OK,OK,OK","DELTA,DELTA,DELTA,DELTA",
15.212140,2026-09-05T18:45:35.643+01:00,3275728,1147005,1152,1152,True,True,0x0F,"OK,OK,OK,OK","DELTA,DELTA,DELTA,DELTA",
15.224699,2026-09-05T18:45:35.644+01:00,3276880,1147006,938,938,True,True,0x0F,"OK,OK,OK,OK","DELTA,DELTA,DELTA,DELTA",
15.225693,2026-09-05T18:45:35.656+01:00,3277818,1147007,1070,1070,True,True,0x0F,"OK,OK,OK,OK","DELTA,DELTA,DELTA,DELTA",
15.226575,2026-09-05T18:45:35.657+01:00,3278888,1147008,1006,1006,True,True,0x0F,"OK,OK,OK,OK","DELTA,DELTA,DELTA,DELTA",
15.231428,2026-09-05T18:45:35.658+01:00,3279894,1147009,958,958,True,True,0x0F,"OK,OK,OK,OK","DELTA,DELTA,DELTA,DELTA",
15.235941,2026-09-05T18:45:35.663+01:00,3280852,1147010,948,948,True,True,0x0F,"OK,OK,OK,OK","DELTA,DELTA,DELTA,DELTA",
15.242632,2026-09-05T18:45:35.667+01:00,3281800,1147011,998,998,True,True,0x0F,"OK,OK,OK,OK","DELTA,DELTA,DELTA,DELTA",
15.246231,2026-09-05T18:45:35.674+01:00,3282798,1147012,1090,1090,True,True,0x0F,"OK,OK,OK,OK","DELTA,DELTA,DELTA,DELTA",
15.251035,2026-09-05T18:45:35.678+01:00,3283888,1147013,1026,1026,True,True,0x0F,"OK,OK,OK,OK","DELTA,DELTA,DELTA,DELTA",
15.259734,2026-09-05T18:45:35.683+01:00,3284914,1147014,830,830,True,True,0x0F,"OK,OK,OK,OK","DELTA,DELTA,DELTA,DELTA",
15.261231,2026-09-05T18:45:35.691+01:00,3285744,1147015,1060,1060,True,True,0x0F,"OK,OK,OK,OK","DELTA,DELTA,DELTA,DELTA",
15.266295,2026-09-05T18:45:35.693+01:00,3286804,1147016,1100,1100,True,True,0x0F,"OK,OK,OK,OK","DELTA,DELTA,DELTA,DELTA",
15.276242,2026-09-05T18:45:35.698+01:00,3287904,1147017,1012,1012,True,True,0x0F,"OK,OK,OK,OK","DELTA,DELTA,DELTA,DELTA",
15.277096,2026-09-05T18:45:35.708+01:00,3288916,1147018,902,902,True,True,0x0F,"OK,OK,OK,OK","DELTA,DELTA,DELTA,DELTA",
15.281522,2026-09-05T18:45:35.709+01:00,3289818,1147019,1068,1068,True,True,0x0F,"OK,OK,OK,OK","DELTA,DELTA,DELTA,DELTA",
15.286243,2026-09-05T18:45:35.713+01:00,3290886,1147020,1110,1110,True,True,0x0F,"OK,OK,OK,OK","DELTA,DELTA,DELTA,DELTA",
15.293369,2026-09-05T18:45:35.718+01:00,3291996,1147021,1018,1018,True,True,0x0F,"OK,OK,OK,OK","DELTA,DELTA,DELTA,DELTA",
15.296269,2026-09-05T18:45:35.725+01:00,3293014,1147022,932,932,True,True,0x0F,"OK,OK,OK,OK","DELTA,DELTA,DELTA,DELTA",
15.301260,2026-09-05T18:45:35.728+01:00,3293946,1147023,1070,1070,True,True,0x0F,"OK,OK,OK,OK","DELTA,DELTA,DELTA,DELTA",
15.306597,2026-09-05T18:45:35.733+01:00,3295016,1147024,1106,1106,True,True,0x0F,"OK,OK,OK,OK","DELTA,DELTA,DELTA,DELTA",
15.311238,2026-09-05T18:45:35.739+01:00,3296122,1147025,1010,1010,True,True,0x0F,"OK,OK,OK,OK","DELTA,DELTA,DELTA,DELTA",
15.316140,2026-09-05T18:45:35.743+01:00,3297132,1147026,920,920,True,True,0x0F,"OK,OK,OK,OK","DELTA,DELTA,DELTA,DELTA",
15.326557,2026-09-05T18:45:35.748+01:00,3298052,1147027,1120,1120,True,True,0x0F,"OK,OK,OK,OK","DELTA,DELTA,DELTA,DELTA",
15.327874,2026-09-05T18:45:35.758+01:00,3299172,1147028,1110,1110,True,True,0x0F,"OK,OK,OK,OK","DELTA,DELTA,DELTA,DELTA",
15.331650,2026-09-05T18:45:35.759+01:00,3300282,1147029,1036,1036,True,True,0x0F,"OK,OK,OK,OK","DELTA,DELTA,DELTA,DELTA",
15.336031,2026-09-05T18:45:35.763+01:00,3301318,1147030,944,944,True,True,0x0F,"OK,OK,OK,OK","DELTA,DELTA,DELTA,DELTA",
15.345389,2026-09-05T18:45:35.768+01:00,3302262,1147031,1012,1012,True,True,0x0F,"OK,OK,OK,OK","DELTA,DELTA,DELTA,DELTA",
15.346576,2026-09-05T18:45:35.777+01:00,3303274,1147032,1172,1172,True,True,0x0F,"OK,OK,OK,OK","DELTA,DELTA,DELTA,DELTA",
15.351149,2026-09-05T18:45:35.778+01:00,3304446,1147033,1126,1126,True,True,0x0F,"OK,OK,OK,OK","DELTA,DELTA,DELTA,DELTA",
15.355832,2026-09-05T18:45:35.783+01:00,3305572,1147034,898,898,True,True,0x0F,"OK,OK,OK,OK","DELTA,DELTA,DELTA,DELTA",
15.362652,2026-09-05T18:45:35.788+01:00,3306470,1147035,1084,1084,True,True,0x0F,"OK,OK,OK,OK","DELTA,DELTA,DELTA,DELTA",
15.366771,2026-09-05T18:45:35.794+01:00,3307554,1147036,1074,1074,True,True,0x0F,"OK,OK,OK,OK","DELTA,DELTA,DELTA,DELTA",
15.370953,2026-09-05T18:45:35.798+01:00,3308628,1147037,1094,1094,True,True,0x0F,"OK,OK,OK,OK","DELTA,DELTA,DELTA,DELTA",
15.375720,2026-09-05T18:45:35.802+01:00,3309722,1147038,848,848,True,True,0x0F,"OK,OK,OK,OK","DELTA,DELTA,DELTA,DELTA",
15.388249,2026-09-05T18:45:35.807+01:00,3310570,1147039,1086,1086,True,True,0x0F,"OK,OK,OK,OK","DELTA,DELTA,DELTA,DELTA",
15.389379,2026-09-05T18:45:35.820+01:00,3311656,1147040,1168,1168,True,True,0x0F,"OK,OK,OK,OK","DELTA,DELTA,DELTA,DELTA",
15.391236,2026-09-05T18:45:35.821+01:00,3312824,1147041,1022,1022,True,True,0x0F,"OK,OK,OK,OK","DELTA,DELTA,DELTA,DELTA",
15.396584,2026-09-05T18:45:35.823+01:00,3313846,1147042,900,900,True,True,0x0F,"OK,OK,OK,OK","DELTA,DELTA,DELTA,DELTA",
15.400862,2026-09-05T18:45:35.828+01:00,3314746,1147043,944,944,True,True,0x0F,"OK,OK,OK,OK","DELTA,DELTA,DELTA,DELTA",
15.407820,2026-09-05T18:45:35.832+01:00,3315690,1147044,1092,1092,True,True,0x0F,"OK,OK,OK,OK","DELTA,DELTA,DELTA,DELTA",
15.411300,2026-09-05T18:45:35.839+01:00,3316782,1147045,1100,1100,True,True,0x0F,"OK,OK,OK,OK","DELTA,DELTA,DELTA,DELTA",
15.416021,2026-09-05T18:45:35.843+01:00,3317882,1147046,904,904,True,True,0x0F,"OK,OK,OK,OK","DELTA,DELTA,DELTA,DELTA",
15.424109,2026-09-05T18:45:35.848+01:00,3318786,1147047,1024,1024,True,True,0x0F,"OK,OK,OK,OK","DELTA,DELTA,DELTA,DELTA",
15.426029,2026-09-05T18:45:35.856+01:00,3319810,1147048,1030,1030,True,True,0x0F,"OK,OK,OK,OK","DELTA,DELTA,DELTA,DELTA",
15.432066,2026-09-05T18:45:35.858+01:00,3320840,1147049,1136,1136,True,True,0x0F,"OK,OK,OK,OK","DELTA,DELTA,DELTA,DELTA",
15.435626,2026-09-05T18:45:35.864+01:00,3321976,1147050,850,850,True,True,0x0F,"OK,OK,OK,OK","DELTA,DELTA,DELTA,DELTA",
15.442548,2026-09-05T18:45:35.867+01:00,3322826,1147051,1026,1026,True,True,0x0F,"OK,OK,OK,OK","DELTA,DELTA,DELTA,DELTA",
15.446172,2026-09-05T18:45:35.874+01:00,3323852,1147052,1080,1080,True,True,0x0F,"OK,OK,OK,OK","DELTA,DELTA,DELTA,DELTA",
15.450928,2026-09-05T18:45:35.878+01:00,3324932,1147053,1038,1038,True,True,0x0F,"OK,OK,OK,OK","DELTA,DELTA,DELTA,DELTA",
15.459211,2026-09-05T18:45:35.882+01:00,3325970,1147054,910,910,True,True,0x0F,"OK,OK,OK,OK","DELTA,DELTA,DELTA,DELTA",
15.461393,2026-09-05T18:45:35.891+01:00,3326880,1147055,1024,1024,True,True,0x0F,"OK,OK,OK,OK","DELTA,DELTA,DELTA,DELTA",
15.466092,2026-09-05T18:45:35.893+01:00,3327904,1147056,1096,1096,True,True,0x0F,"OK,OK,OK,OK","DELTA,DELTA,DELTA,DELTA",
15.475979,2026-09-05T18:45:35.898+01:00,3329000,1147057,1066,1066,True,True,0x0F,"OK,OK,OK,OK","DELTA,DELTA,DELTA,DELTA",
15.477174,2026-09-05T18:45:35.907+01:00,3330066,1147058,920,920,True,True,0x0F,"OK,OK,OK,OK","DELTA,DELTA,DELTA,DELTA",
15.481242,2026-09-05T18:45:35.909+01:00,3330986,1147059,1046,1046,True,True,0x0F,"OK,OK,OK,OK","DELTA,DELTA,DELTA,DELTA",
15.485947,2026-09-05T18:45:35.913+01:00,3332032,1147060,1050,1050,True,True,0x0F,"OK,OK,OK,OK","DELTA,DELTA,DELTA,DELTA",
15.493216,2026-09-05T18:45:35.917+01:00,3333082,1147061,1042,1042,True,True,0x0F,"OK,OK,OK,OK","DELTA,DELTA,DELTA,DELTA",
15.495857,2026-09-05T18:45:35.925+01:00,3334124,1147062,862,862,True,True,0x0F,"OK,OK,OK,OK","DELTA,DELTA,DELTA,DELTA",
15.501284,2026-09-05T18:45:35.928+01:00,3334986,1147063,1122,1122,True,True,0x0F,"OK,OK,OK,OK","DELTA,DELTA,DELTA,DELTA",
15.509894,2026-09-05T18:45:35.933+01:00,3336108,1147064,1060,1060,True,True,0x0F,"OK,OK,OK,OK","DELTA,DELTA,DELTA,DELTA",
15.511020,2026-09-05T18:45:35.941+01:00,3337168,1147065,1150,1150,True,True,0x0F,"OK,OK,OK,OK","DELTA,DELTA,DELTA,DELTA",
15.515798,2026-09-05T18:45:35.943+01:00,3338318,1147066,874,874,True,True,0x0F,"OK,OK,OK,OK","DELTA,DELTA,DELTA,DELTA",
15.520731,2026-09-05T18:45:35.947+01:00,3339192,1147067,1000,1000,True,True,0x0F,"OK,OK,OK,OK","DELTA,DELTA,DELTA,DELTA",
15.526658,2026-09-05T18:45:35.952+01:00,3340192,1147068,1074,1074,True,True,0x0F,"OK,OK,OK,OK","DELTA,DELTA,DELTA,DELTA",
15.531104,2026-09-05T18:45:35.958+01:00,3341266,1147069,1176,1176,True,True,0x0F,"OK,OK,OK,OK","DELTA,DELTA,DELTA,DELTA",
15.535644,2026-09-05T18:45:35.963+01:00,3342442,1147070,870,870,True,True,0x0F,"OK,OK,OK,OK","DELTA,DELTA,DELTA,DELTA",
15.548272,2026-09-05T18:45:35.967+01:00,3343312,1147071,1036,1036,True,True,0x0F,"OK,OK,OK,OK","DELTA,DELTA,DELTA,DELTA",
15.548949,2026-09-05T18:45:35.980+01:00,3344348,1147072,1114,1114,True,True,0x0F,"OK,OK,OK,OK","DELTA,DELTA,DELTA,DELTA",
15.560846,2026-09-05T18:45:35.980+01:00,3345462,1147073,1110,1110,True,True,0x0F,"OK,OK,OK,OK","DELTA,DELTA,DELTA,DELTA",
15.561773,2026-09-05T18:45:35.992+01:00,3346572,1147074,854,854,True,True,0x0F,"OK,OK,OK,OK","DELTA,DELTA,DELTA,DELTA",
15.562768,2026-09-05T18:45:35.993+01:00,3347426,1147075,1072,1072,True,True,0x0F,"OK,OK,OK,OK","DELTA,DELTA,DELTA,DELTA",
15.566642,2026-09-05T18:45:35.994+01:00,3348498,1147076,1062,1062,True,True,0x0F,"OK,OK,OK,OK","DELTA,DELTA,DELTA,DELTA",
15.571055,2026-09-05T18:45:35.998+01:00,3349560,1147077,1100,1100,True,True,0x0F,"OK,OK,OK,OK","DELTA,DELTA,DELTA,DELTA",
15.580133,2026-09-05T18:45:36.003+01:00,3350660,1147078,858,858,True,True,0x0F,"OK,OK,OK,OK","DELTA,DELTA,DELTA,DELTA",
15.581050,2026-09-05T18:45:36.012+01:00,3351518,1147079,1020,1020,True,True,0x0F,"OK,OK,OK,OK","DELTA,DELTA,DELTA,DELTA",
15.585994,2026-09-05T18:45:36.013+01:00,3352538,1147080,1120,1120,True,True,0x0F,"OK,OK,OK,OK","DELTA,DELTA,DELTA,DELTA",
15.596568,2026-09-05T18:45:36.018+01:00,3353658,1147081,1078,1078,True,True,0x0F,"OK,OK,OK,OK","DELTA,DELTA,DELTA,DELTA",
15.597550,2026-09-05T18:45:36.028+01:00,3354736,1147082,906,906,True,True,0x0F,"OK,OK,OK,OK","DELTA,DELTA,DELTA,DELTA",
15.601059,2026-09-05T18:45:36.029+01:00,3355642,1147083,1070,1070,True,True,0x0F,"OK,OK,OK,OK","DELTA,DELTA,DELTA,DELTA",
15.606055,2026-09-05T18:45:36.033+01:00,3356712,1147084,1112,1112,True,True,0x0F,"OK,OK,OK,OK","DELTA,DELTA,DELTA,DELTA",
15.613638,2026-09-05T18:45:36.038+01:00,3357824,1147085,1094,1094,True,True,0x0F,"OK,OK,OK,OK","DELTA,DELTA,DELTA,DELTA",
15.615749,2026-09-05T18:45:36.045+01:00,3358918,1147086,908,908,True,True,0x0F,"OK,OK,OK,OK","DELTA,DELTA,DELTA,DELTA",
15.621139,2026-09-05T18:45:36.047+01:00,3359826,1147087,1134,1134,True,True,0x0F,"OK,OK,OK,OK","DELTA,DELTA,DELTA,DELTA",
15.630975,2026-09-05T18:45:36.053+01:00,3360960,1147088,1132,1132,True,True,0x0F,"OK,OK,OK,OK","DELTA,DELTA,DELTA,DELTA",
15.631889,2026-09-05T18:45:36.063+01:00,3362092,1147089,1116,1116,True,True,0x0F,"OK,OK,OK,OK","DELTA,DELTA,DELTA,DELTA",
15.636435,2026-09-05T18:45:36.063+01:00,3363208,1147090,832,832,True,True,0x0F,"OK,OK,OK,OK","DELTA,DELTA,DELTA,DELTA",
15.640826,2026-09-05T18:45:36.068+01:00,3364040,1147091,1036,1036,True,True,0x0F,"OK,OK,OK,OK","DELTA,DELTA,DELTA,DELTA",
15.648231,2026-09-05T18:45:36.072+01:00,3365076,1147092,1042,1042,True,True,0x0F,"OK,OK,OK,OK","DELTA,DELTA,DELTA,DELTA",
15.650972,2026-09-05T18:45:36.080+01:00,3366118,1147093,1134,1134,True,True,0x0F,"OK,OK,OK,OK","DELTA,DELTA,DELTA,DELTA",
15.655962,2026-09-05T18:45:36.082+01:00,3367252,1147094,854,854,True,True,0x0F,"OK,OK,OK,OK","DELTA,DELTA,DELTA,DELTA",
15.665334,2026-09-05T18:45:36.088+01:00,3368106,1147095,1110,1110,True,True,0x0F,"OK,OK,OK,OK","DELTA,DELTA,DELTA,DELTA",
15.666334,2026-09-05T18:45:36.097+01:00,3369216,1147096,1150,1150,True,True,0x0F,"OK,OK,OK,OK","DELTA,DELTA,DELTA,DELTA",
15.670799,2026-09-05T18:45:36.098+01:00,3370366,1147097,1104,1104,True,True,0x0F,"OK,OK,OK,OK","DELTA,DELTA,DELTA,DELTA",
15.675616,2026-09-05T18:45:36.103+01:00,3371470,1147098,904,904,True,True,0x0F,"OK,OK,OK,OK","DELTA,DELTA,DELTA,DELTA",
15.682649,2026-09-05T18:45:36.107+01:00,3372374,1147099,1022,1022,True,True,0x0F,"OK,OK,OK,OK","DELTA,DELTA,DELTA,DELTA",
15.685875,2026-09-05T18:45:36.114+01:00,3373396,1147100,1138,1138,True,True,0x0F,"OK,OK,OK,OK","DELTA,DELTA,DELTA,DELTA",
15.690738,2026-09-05T18:45:36.117+01:00,3374534,1147101,1084,1084,True,True,0x0F,"OK,OK,OK,OK","DELTA,DELTA,DELTA,DELTA",
15.695796,2026-09-05T18:45:36.122+01:00,3375618,1147102,850,850,True,True,0x0F,"OK,OK,OK,OK","DELTA,DELTA,DELTA,DELTA",
15.700572,2026-09-05T18:45:36.127+01:00,3376468,1147103,984,984,True,True,0x0F,"OK,OK,OK,OK","DELTA,DELTA,DELTA,DELTA",
15.705492,2026-09-05T18:45:36.132+01:00,3377452,1147104,1086,1086,True,True,0x0F,"OK,OK,OK,OK","DELTA,DELTA,DELTA,DELTA",
15.710419,2026-09-05T18:45:36.137+01:00,3378538,1147105,1028,1028,True,True,0x0F,"OK,OK,OK,OK","DELTA,DELTA,DELTA,DELTA",
15.724858,2026-09-05T18:45:36.142+01:00,3379566,1147106,956,956,True,True,0x0F,"OK,OK,OK,OK","DELTA,DELTA,DELTA,DELTA",
15.725857,2026-09-05T18:45:36.156+01:00,3380522,1147107,1090,1090,True,True,0x0F,"OK,OK,OK,OK","DELTA,DELTA,DELTA,DELTA",
15.726702,2026-09-05T18:45:36.157+01:00,3381612,1147108,1020,1020,True,True,0x0F,"OK,OK,OK,OK","DELTA,DELTA,DELTA,DELTA",
15.730810,2026-09-05T18:45:36.158+01:00,3382632,1147109,1128,1128,True,True,0x0F,"OK,OK,OK,OK","DELTA,DELTA,DELTA,DELTA",
15.735459,2026-09-05T18:45:36.162+01:00,3383760,1147110,858,858,True,True,0x0F,"OK,OK,OK,OK","DELTA,DELTA,DELTA,DELTA",
15.742641,2026-09-05T18:45:36.167+01:00,3384618,1147111,974,974,True,True,0x0F,"OK,OK,OK,OK","DELTA,DELTA,DELTA,DELTA",
15.746153,2026-09-05T18:45:36.174+01:00,3385592,1147112,1060,1060,True,True,0x0F,"OK,OK,OK,OK","DELTA,DELTA,DELTA,DELTA",
15.750899,2026-09-05T18:45:36.178+01:00,3386652,1147113,4216,4216,True,True,0x0F,"OK,OK,OK,OK","DELTA_SYNC,DELTA_SYNC,DELTA_SYNC,DELTA_SYNC",
15.759050,2026-09-05T18:45:36.183+01:00,3390868,1147114,946,946,True,True,0x0F,"OK,OK,OK,OK","DELTA,DELTA,DELTA,DELTA",
15.760747,2026-09-05T18:45:36.191+01:00,3391814,1147115,1096,1096,True,True,0x0F,"OK,OK,OK,OK","DELTA,DELTA,DELTA,DELTA",
15.765805,2026-09-05T18:45:36.192+01:00,3392910,1147116,1112,1112,True,True,0x0F,"OK,OK,OK,OK","DELTA,DELTA,DELTA,DELTA",
15.776538,2026-09-05T18:45:36.197+01:00,3394022,1147117,1112,1112,True,True,0x0F,"OK,OK,OK,OK","DELTA,DELTA,DELTA,DELTA",
15.777390,2026-09-05T18:45:36.208+01:00,3395134,1147118,898,898,True,True,0x0F,"OK,OK,OK,OK","DELTA,DELTA,DELTA,DELTA",
15.780831,2026-09-05T18:45:36.209+01:00,3396032,1147119,1046,1046,True,True,0x0F,"OK,OK,OK,OK","DELTA,DELTA,DELTA,DELTA",
15.785855,2026-09-05T18:45:36.212+01:00,3397078,1147120,1110,1110,True,True,0x0F,"OK,OK,OK,OK","DELTA,DELTA,DELTA,DELTA",
15.793801,2026-09-05T18:45:36.217+01:00,3398188,1147121,1188,1188,True,True,0x0F,"OK,OK,OK,OK","DELTA,DELTA,DELTA,DELTA",
15.795609,2026-09-05T18:45:36.225+01:00,3399376,1147122,928,928,True,True,0x0F,"OK,OK,OK,OK","DELTA,DELTA,DELTA,DELTA",
15.800693,2026-09-05T18:45:36.227+01:00,3400304,1147123,1032,1032,True,True,0x0F,"OK,OK,OK,OK","DELTA,DELTA,DELTA,DELTA",
15.810551,2026-09-05T18:45:36.232+01:00,3401336,1147124,1160,1160,True,True,0x0F,"OK,OK,OK,OK","DELTA,DELTA,DELTA,DELTA",
15.811514,2026-09-05T18:45:36.242+01:00,3402496,1147125,1148,1148,True,True,0x0F,"OK,OK,OK,OK","DELTA,DELTA,DELTA,DELTA",
15.815524,2026-09-05T18:45:36.243+01:00,3403644,1147126,906,906,True,True,0x0F,"OK,OK,OK,OK","DELTA,DELTA,DELTA,DELTA",
15.820394,2026-09-05T18:45:36.247+01:00,3404550,1147127,1046,1046,True,True,0x0F,"OK,OK,OK,OK","DELTA,DELTA,DELTA,DELTA",
15.827468,2026-09-05T18:45:36.252+01:00,3405596,1147128,1172,1172,True,True,0x0F,"OK,OK,OK,OK","DELTA,DELTA,DELTA,DELTA",
15.830842,2026-09-05T18:45:36.259+01:00,3406768,1147129,1216,1216,True,True,0x0F,"OK,OK,OK,OK","DELTA,DELTA,DELTA,DELTA",
15.835456,2026-09-05T18:45:36.263+01:00,3407984,1147130,860,860,True,True,0x0F,"OK,OK,OK,OK","DELTA,DELTA,DELTA,DELTA",
15.845088,2026-09-05T18:45:36.267+01:00,3408844,1147131,1106,1106,True,True,0x0F,"OK,OK,OK,OK","DELTA,DELTA,DELTA,DELTA",
15.846592,2026-09-05T18:45:36.277+01:00,3409950,1147132,1176,1176,True,True,0x0F,"OK,OK,OK,OK","DELTA,DELTA,DELTA,DELTA",
15.850669,2026-09-05T18:45:36.278+01:00,3411126,1147133,1170,1170,True,True,0x0F,"OK,OK,OK,OK","DELTA,DELTA,DELTA,DELTA",
15.855431,2026-09-05T18:45:36.282+01:00,3412296,1147134,930,930,True,True,0x0F,"OK,OK,OK,OK","DELTA,DELTA,DELTA,DELTA",
15.860334,2026-09-05T18:45:36.287+01:00,3413226,1147135,1066,1066,True,True,0x0F,"OK,OK,OK,OK","DELTA,DELTA,DELTA,DELTA",
15.865468,2026-09-05T18:45:36.292+01:00,3414292,1147136,1168,1168,True,True,0x0F,"OK,OK,OK,OK","DELTA,DELTA,DELTA,DELTA",
15.870407,2026-09-05T18:45:36.297+01:00,3415460,1147137,1108,1108,True,True,0x0F,"OK,OK,OK,OK","DELTA,DELTA,DELTA,DELTA",
15.883285,2026-09-05T18:45:36.314+01:00,3416568,1147138,890,890,True,True,0x0F,"OK,OK,OK,OK","DELTA,DELTA,DELTA,DELTA",
15.883861,2026-09-05T18:45:36.315+01:00,3417458,1147139,1002,1002,True,True,0x0F,"OK,OK,OK,OK","DELTA,DELTA,DELTA,DELTA",
15.885671,2026-09-05T18:45:36.315+01:00,3418460,1147140,1138,1138,True,True,0x0F,"OK,OK,OK,OK","DELTA,DELTA,DELTA,DELTA",
15.896717,2026-09-05T18:45:36.322+01:00,3419598,1147141,1112,1112,True,True,0x0F,"OK,OK,OK,OK","DELTA,DELTA,DELTA,DELTA",
15.897784,2026-09-05T18:45:36.328+01:00,3420710,1147142,946,946,True,True,0x0F,"OK,OK,OK,OK","DELTA,DELTA,DELTA,DELTA",
15.900442,2026-09-05T18:45:36.329+01:00,3421656,1147143,1042,1042,True,True,0x0F,"OK,OK,OK,OK","DELTA,DELTA,DELTA,DELTA",
15.905560,2026-09-05T18:45:36.332+01:00,3422698,1147144,1120,1120,True,True,0x0F,"OK,OK,OK,OK","DELTA,DELTA,DELTA,DELTA",
15.914652,2026-09-05T18:45:36.337+01:00,3423818,1147145,1148,1148,True,True,0x0F,"OK,OK,OK,OK","DELTA,DELTA,DELTA,DELTA",
15.915961,2026-09-05T18:45:36.346+01:00,3424966,1147146,940,940,True,True,0x0F,"OK,OK,OK,OK","DELTA,DELTA,DELTA,DELTA",
15.920529,2026-09-05T18:45:36.347+01:00,3425906,1147147,1044,1044,True,True,0x0F,"OK,OK,OK,OK","DELTA,DELTA,DELTA,DELTA",
15.931133,2026-09-05T18:45:36.352+01:00,3426950,1147148,1134,1134,True,True,0x0F,"OK,OK,OK,OK","DELTA,DELTA,DELTA,DELTA",
15.932066,2026-09-05T18:45:36.363+01:00,3428084,1147149,1060,1060,True,True,0x0F,"OK,OK,OK,OK","DELTA,DELTA,DELTA,DELTA",
15.935313,2026-09-05T18:45:36.364+01:00,3429144,1147150,904,904,True,True,0x0F,"OK,OK,OK,OK","DELTA,DELTA,DELTA,DELTA",
15.940321,2026-09-05T18:45:36.367+01:00,3430048,1147151,988,988,True,True,0x0F,"OK,OK,OK,OK","DELTA,DELTA,DELTA,DELTA",
15.948120,2026-09-05T18:45:36.372+01:00,3431036,1147152,1070,1070,True,True,0x0F,"OK,OK,OK,OK","DELTA,DELTA,DELTA,DELTA",
15.950462,2026-09-05T18:45:36.380+01:00,3432106,1147153,1026,1026,True,True,0x0F,"OK,OK,OK,OK","DELTA,DELTA,DELTA,DELTA",
15.955293,2026-09-05T18:45:36.382+01:00,3433132,1147154,858,858,True,True,0x0F,"OK,OK,OK,OK","DELTA,DELTA,DELTA,DELTA",
15.964475,2026-09-05T18:45:36.387+01:00,3433990,1147155,1024,1024,True,True,0x0F,"OK,OK,OK,OK","DELTA,DELTA,DELTA,DELTA",
15.965429,2026-09-05T18:45:36.396+01:00,3435014,1147156,1160,1160,True,True,0x0F,"OK,OK,OK,OK","DELTA,DELTA,DELTA,DELTA",
15.970813,2026-09-05T18:45:36.397+01:00,3436174,1147157,1172,1172,True,True,0x0F,"OK,OK,OK,OK","DELTA,DELTA,DELTA,DELTA",
15.975124,2026-09-05T18:45:36.402+01:00,3437346,1147158,894,894,True,True,0x0F,"OK,OK,OK,OK","DELTA,DELTA,DELTA,DELTA",
15.981925,2026-09-05T18:45:36.407+01:00,3438240,1147159,1096,1096,True,True,0x0F,"OK,OK,OK,OK","DELTA,DELTA,DELTA,DELTA",
15.985431,2026-09-05T18:45:36.413+01:00,3439336,1147160,1032,1032,True,True,0x0F,"OK,OK,OK,OK","DELTA,DELTA,DELTA,DELTA",
15.990484,2026-09-05T18:45:36.417+01:00,3440368,1147161,1180,1180,True,True,0x0F,"OK,OK,OK,OK","DELTA,DELTA,DELTA,DELTA",
15.995586,2026-09-05T18:45:36.422+01:00,3441548,1147162,870,870,True,True,0x0F,"OK,OK,OK,OK","DELTA,DELTA,DELTA,DELTA",
16.000228,2026-09-05T18:45:36.430+01:00,3442418,1147163,1000,1000,True,True,0x0F,"OK,OK,OK,OK","DELTA,DELTA,DELTA,DELTA",
16.005392,2026-09-05T18:45:36.432+01:00,3443418,1147164,1062,1062,True,True,0x0F,"OK,OK,OK,OK","DELTA,DELTA,DELTA,DELTA",
16.015476,2026-09-05T18:45:36.437+01:00,3444480,1147165,1164,1164,True,True,0x0F,"OK,OK,OK,OK","DELTA,DELTA,DELTA,DELTA",
16.016592,2026-09-05T18:45:36.447+01:00,3445644,1147166,878,878,True,True,0x0F,"OK,OK,OK,OK","DELTA,DELTA,DELTA,DELTA",
16.020396,2026-09-05T18:45:36.448+01:00,3446522,1147167,1046,1046,True,True,0x0F,"OK,OK,OK,OK","DELTA,DELTA,DELTA,DELTA",
16.025280,2026-09-05T18:45:36.452+01:00,3447568,1147168,1180,1180,True,True,0x0F,"OK,OK,OK,OK","DELTA,DELTA,DELTA,DELTA",
16.030658,2026-09-05T18:45:36.457+01:00,3448748,1147169,1122,1122,True,True,0x0F,"OK,OK,OK,OK","DELTA,DELTA,DELTA,DELTA",
16.035357,2026-09-05T18:45:36.462+01:00,3449870,1147170,830,830,True,True,0x0F,"OK,OK,OK,OK","DELTA,DELTA,DELTA,DELTA",
16.040508,2026-09-05T18:45:36.467+01:00,3450700,1147171,1008,1008,True,True,0x0F,"OK,OK,OK,OK","DELTA,DELTA,DELTA,DELTA",
16.045224,2026-09-05T18:45:36.472+01:00,3451708,1147172,1118,1118,True,True,0x0F,"OK,OK,OK,OK","DELTA,DELTA,DELTA,DELTA",
16.055402,2026-09-05T18:45:36.477+01:00,3452826,1147173,1124,1124,True,True,0x0F,"OK,OK,OK,OK","DELTA,DELTA,DELTA,DELTA",
16.058757,2026-09-05T18:45:36.490+01:00,3453950,1147174,1010,1010,True,True,0x0F,"OK,OK,OK,OK","DELTA,DELTA,DELTA,DELTA",
16.060611,2026-09-05T18:45:36.490+01:00,3454960,1147175,1016,1016,True,True,0x0F,"OK,OK,OK,OK","DELTA,DELTA,DELTA,DELTA",
16.065381,2026-09-05T18:45:36.492+01:00,3455976,1147176,1122,1122,True,True,0x0F,"OK,OK,OK,OK","DELTA,DELTA,DELTA,DELTA",
16.075734,2026-09-05T18:45:36.497+01:00,3457098,1147177,1170,1170,True,True,0x0F,"OK,OK,OK,OK","DELTA,DELTA,DELTA,DELTA",
16.076571,2026-09-05T18:45:36.507+01:00,3458268,1147178,984,984,True,True,0x0F,"OK,OK,OK,OK","DELTA,DELTA,DELTA,DELTA",
16.080291,2026-09-05T18:45:36.508+01:00,3459252,1147179,1054,1054,True,True,0x0F,"OK,OK,OK,OK","DELTA,DELTA,DELTA,DELTA",
16.085238,2026-09-05T18:45:36.512+01:00,3460306,1147180,1136,1136,True,True,0x0F,"OK,OK,OK,OK","DELTA,DELTA,DELTA,DELTA",
16.092340,2026-09-05T18:45:36.517+01:00,3461442,1147181,1026,1026,True,True,0x0F,"OK,OK,OK,OK","DELTA,DELTA,DELTA,DELTA",
16.095100,2026-09-05T18:45:36.524+01:00,3462468,1147182,896,896,True,True,0x0F,"OK,OK,OK,OK","DELTA,DELTA,DELTA,DELTA",
16.100160,2026-09-05T18:45:36.527+01:00,3463364,1147183,994,994,True,True,0x0F,"OK,OK,OK,OK","DELTA,DELTA,DELTA,DELTA",
16.109491,2026-09-05T18:45:36.532+01:00,3464358,1147184,1092,1092,True,True,0x0F,"OK,OK,OK,OK","DELTA,DELTA,DELTA,DELTA",
16.110405,2026-09-05T18:45:36.541+01:00,3465450,1147185,1132,1132,True,True,0x0F,"OK,OK,OK,OK","DELTA,DELTA,DELTA,DELTA",
16.115171,2026-09-05T18:45:36.542+01:00,3466582,1147186,910,910,True,True,0x0F,"OK,OK,OK,OK","DELTA,DELTA,DELTA,DELTA",
16.120234,2026-09-05T18:45:36.547+01:00,3467492,1147187,1006,1006,True,True,0x0F,"OK,OK,OK,OK","DELTA,DELTA,DELTA,DELTA",
16.127068,2026-09-05T18:45:36.552+01:00,3468498,1147188,1096,1096,True,True,0x0F,"OK,OK,OK,OK","DELTA,DELTA,DELTA,DELTA",
16.130350,2026-09-05T18:45:36.559+01:00,3469594,1147189,1122,1122,True,True,0x0F,"OK,OK,OK,OK","DELTA,DELTA,DELTA,DELTA",
16.135090,2026-09-05T18:45:36.562+01:00,3470716,1147190,914,914,True,True,0x0F,"OK,OK,OK,OK","DELTA,DELTA,DELTA,DELTA",
16.143659,2026-09-05T18:45:36.567+01:00,3471630,1147191,1056,1056,True,True,0x0F,"OK,OK,OK,OK","DELTA,DELTA,DELTA,DELTA",
16.145196,2026-09-05T18:45:36.575+01:00,3472686,1147192,1180,1180,True,True,0x0F,"OK,OK,OK,OK","DELTA,DELTA,DELTA,DELTA",
16.150370,2026-09-05T18:45:36.577+01:00,3473866,1147193,1140,1140,True,True,0x0F,"OK,OK,OK,OK","DELTA,DELTA,DELTA,DELTA",
16.161071,2026-09-05T18:45:36.582+01:00,3475006,1147194,826,826,True,True,0x0F,"OK,OK,OK,OK","DELTA,DELTA,DELTA,DELTA",
16.162076,2026-09-05T18:45:36.593+01:00,3475832,1147195,904,904,True,True,0x0F,"OK,OK,OK,OK","DELTA,DELTA,DELTA,DELTA",
16.165432,2026-09-05T18:45:36.594+01:00,3476736,1147196,1064,1064,True,True,0x0F,"OK,OK,OK,OK","DELTA,DELTA,DELTA,DELTA",
16.170152,2026-09-05T18:45:36.597+01:00,3477800,1147197,1154,1154,True,True,0x0F,"OK,OK,OK,OK","DELTA,DELTA,DELTA,DELTA",
16.178798,2026-09-05T18:45:36.602+01:00,3478954,1147198,924,924,True,True,0x0F,"OK,OK,OK,OK","DELTA,DELTA,DELTA,DELTA",
16.180031,2026-09-05T18:45:36.611+01:00,3479878,1147199,978,978,True,True,0x0F,"OK,OK,OK,OK","DELTA,DELTA,DELTA,DELTA",
16.185300,2026-09-05T18:45:36.612+01:00,3480856,1147200,1162,1162,True,True,0x0F,"OK,OK,OK,OK","DELTA,DELTA,DELTA,DELTA",
16.190779,2026-09-05T18:45:36.617+01:00,3482018,1147201,1080,1080,True,True,0x0F,"OK,OK,OK,OK","DELTA,DELTA,DELTA,DELTA",
16.194897,2026-09-05T18:45:36.623+01:00,3483098,1147202,918,918,True,True,0x0F,"OK,OK,OK,OK","DELTA,DELTA,DELTA,DELTA",
16.200392,2026-09-05T18:45:36.626+01:00,3484016,1147203,1022,1022,True,True,0x0F,"OK,OK,OK,OK","DELTA,DELTA,DELTA,DELTA",
16.205361,2026-09-05T18:45:36.632+01:00,3485038,1147204,1146,1146,True,True,0x0F,"OK,OK,OK,OK","DELTA,DELTA,DELTA,DELTA",
16.217191,2026-09-05T18:45:36.637+01:00,3486184,1147205,1080,1080,True,True,0x0F,"OK,OK,OK,OK","DELTA,DELTA,DELTA,DELTA",
16.217877,2026-09-05T18:45:36.649+01:00,3487264,1147206,972,972,True,True,0x0F,"OK,OK,OK,OK","DELTA,DELTA,DELTA,DELTA",
16.229960,2026-09-05T18:45:36.649+01:00,3488236,1147207,1040,1040,True,True,0x0F,"OK,OK,OK,OK","DELTA,DELTA,DELTA,DELTA",
16.231716,2026-09-05T18:45:36.662+01:00,3489276,1147208,1122,1122,True,True,0x0F,"OK,OK,OK,OK","DELTA,DELTA,DELTA,DELTA",
16.233072,2026-09-05T18:45:36.663+01:00,3490398,1147209,1156,1156,True,True,0x0F,"OK,OK,OK,OK","DELTA,DELTA,DELTA,DELTA",
16.235246,2026-09-05T18:45:36.665+01:00,3491554,1147210,898,898,True,True,0x0F,"OK,OK,OK,OK","DELTA,DELTA,DELTA,DELTA",
16.239945,2026-09-05T18:45:36.667+01:00,3492452,1147211,918,918,True,True,0x0F,"OK,OK,OK,OK","DELTA,DELTA,DELTA,DELTA",
16.248384,2026-09-05T18:45:36.671+01:00,3493370,1147212,1144,1144,True,True,0x0F,"OK,OK,OK,OK","DELTA,DELTA,DELTA,DELTA",
16.249961,2026-09-05T18:45:36.680+01:00,3494514,1147213,1106,1106,True,True,0x0F,"OK,OK,OK,OK","DELTA,DELTA,DELTA,DELTA",
16.255279,2026-09-05T18:45:36.681+01:00,3495620,1147214,964,964,True,True,0x0F,"OK,OK,OK,OK","DELTA,DELTA,DELTA,DELTA",
16.263004,2026-09-05T18:45:36.687+01:00,3496584,1147215,948,948,True,True,0x0F,"OK,OK,OK,OK","DELTA,DELTA,DELTA,DELTA",
16.267466,2026-09-05T18:45:36.698+01:00,3497532,1147216,1072,1072,True,True,0x0F,"OK,OK,OK,OK","DELTA,DELTA,DELTA,DELTA",
16.271854,2026-09-05T18:45:36.699+01:00,3498604,1147217,1134,1134,True,True,0x0F,"OK,OK,OK,OK","DELTA,DELTA,DELTA,DELTA",
16.275136,2026-09-05T18:45:36.703+01:00,3499738,1147218,938,938,True,True,0x0F,"OK,OK,OK,OK","DELTA,DELTA,DELTA,DELTA",
16.284704,2026-09-05T18:45:36.707+01:00,3500676,1147219,1004,1004,True,True,0x0F,"OK,OK,OK,OK","DELTA,DELTA,DELTA,DELTA",
16.285581,2026-09-05T18:45:36.716+01:00,3501680,1147220,1080,1080,True,True,0x0F,"OK,OK,OK,OK","DELTA,DELTA,DELTA,DELTA",
16.290049,2026-09-05T18:45:36.717+01:00,3502760,1147221,1170,1170,True,True,0x0F,"OK,OK,OK,OK","DELTA,DELTA,DELTA,DELTA",
16.294788,2026-09-05T18:45:36.722+01:00,3503930,1147222,922,922,True,True,0x0F,"OK,OK,OK,OK","DELTA,DELTA,DELTA,DELTA",
16.301960,2026-09-05T18:45:36.726+01:00,3504852,1147223,888,888,True,True,0x0F,"OK,OK,OK,OK","DELTA,DELTA,DELTA,DELTA",
16.304987,2026-09-05T18:45:36.734+01:00,3505740,1147224,1102,1102,True,True,0x0F,"OK,OK,OK,OK","DELTA,DELTA,DELTA,DELTA",
16.310173,2026-09-05T18:45:36.736+01:00,3506842,1147225,1066,1066,True,True,0x0F,"OK,OK,OK,OK","DELTA,DELTA,DELTA,DELTA",
16.318987,2026-09-05T18:45:36.742+01:00,3507908,1147226,916,916,True,True,0x0F,"OK,OK,OK,OK","DELTA,DELTA,DELTA,DELTA",
16.319849,2026-09-05T18:45:36.751+01:00,3508824,1147227,978,978,True,True,0x0F,"OK,OK,OK,OK","DELTA,DELTA,DELTA,DELTA",
16.325014,2026-09-05T18:45:36.751+01:00,3509802,1147228,1190,1190,True,True,0x0F,"OK,OK,OK,OK","DELTA,DELTA,DELTA,DELTA",
16.329716,2026-09-05T18:45:36.757+01:00,3510992,1147229,1158,1158,True,True,0x0F,"OK,OK,OK,OK","DELTA,DELTA,DELTA,DELTA",
16.336153,2026-09-05T18:45:36.762+01:00,3512150,1147230,922,922,True,True,0x0F,"OK,OK,OK,OK","DELTA,DELTA,DELTA,DELTA",
16.339811,2026-09-05T18:45:36.768+01:00,3513072,1147231,872,872,True,True,0x0F,"OK,OK,OK,OK","DELTA,DELTA,DELTA,DELTA",
16.344757,2026-09-05T18:45:36.771+01:00,3513944,1147232,1018,1018,True,True,0x0F,"OK,OK,OK,OK","DELTA,DELTA,DELTA,DELTA",
16.352769,2026-09-05T18:45:36.776+01:00,3514962,1147233,1068,1068,True,True,0x0F,"OK,OK,OK,OK","DELTA,DELTA,DELTA,DELTA",
16.355428,2026-09-05T18:45:36.784+01:00,3516030,1147234,996,996,True,True,0x0F,"OK,OK,OK,OK","DELTA,DELTA,DELTA,DELTA",
16.359800,2026-09-05T18:45:36.787+01:00,3517026,1147235,980,980,True,True,0x0F,"OK,OK,OK,OK","DELTA,DELTA,DELTA,DELTA",
16.366871,2026-09-05T18:45:36.792+01:00,3518006,1147236,1100,1100,True,True,0x0F,"OK,OK,OK,OK","DELTA,DELTA,DELTA,DELTA",
16.370076,2026-09-05T18:45:36.798+01:00,3519106,1147237,1110,1110,True,True,0x0F,"OK,OK,OK,OK","DELTA,DELTA,DELTA,DELTA",
16.374482,2026-09-05T18:45:36.802+01:00,3520216,1147238,878,878,True,True,0x0F,"OK,OK,OK,OK","DELTA,DELTA,DELTA,DELTA",
16.379500,2026-09-05T18:45:36.806+01:00,3521094,1147239,948,948,True,True,0x0F,"OK,OK,OK,OK","DELTA,DELTA,DELTA,DELTA",
16.394626,2026-09-05T18:45:36.811+01:00,3522042,1147240,1162,1162,True,True,0x0F,"OK,OK,OK,OK","DELTA,DELTA,DELTA,DELTA",
16.395587,2026-09-05T18:45:36.826+01:00,3523204,1147241,1146,1146,True,True,0x0F,"OK,OK,OK,OK","DELTA,DELTA,DELTA,DELTA",
16.396510,2026-09-05T18:45:36.827+01:00,3524350,1147242,952,952,True,True,0x0F,"OK,OK,OK,OK","DELTA,DELTA,DELTA,DELTA",
16.399748,2026-09-05T18:45:36.828+01:00,3525302,1147243,894,894,True,True,0x0F,"OK,OK,OK,OK","DELTA,DELTA,DELTA,DELTA",
16.404705,2026-09-05T18:45:36.831+01:00,3526196,1147244,1050,1050,True,True,0x0F,"OK,OK,OK,OK","DELTA,DELTA,DELTA,DELTA",
16.413323,2026-09-05T18:45:36.837+01:00,3527246,1147245,1120,1120,True,True,0x0F,"OK,OK,OK,OK","DELTA,DELTA,DELTA,DELTA",
16.414631,2026-09-05T18:45:36.845+01:00,3528366,1147246,934,934,True,True,0x0F,"OK,OK,OK,OK","DELTA,DELTA,DELTA,DELTA",
16.419712,2026-09-05T18:45:36.846+01:00,3529300,1147247,900,900,True,True,0x0F,"OK,OK,OK,OK","DELTA,DELTA,DELTA,DELTA",
16.430761,2026-09-05T18:45:36.851+01:00,3530200,1147248,1076,1076,True,True,0x0F,"OK,OK,OK,OK","DELTA,DELTA,DELTA,DELTA",
16.431733,2026-09-05T18:45:36.862+01:00,3531276,1147249,1150,1150,True,True,0x0F,"OK,OK,OK,OK","DELTA,DELTA,DELTA,DELTA",
16.434739,2026-09-05T18:45:36.863+01:00,3532426,1147250,960,960,True,True,0x0F,"OK,OK,OK,OK","DELTA,DELTA,DELTA,DELTA",
16.439659,2026-09-05T18:45:36.866+01:00,3533386,1147251,942,942,True,True,0x0F,"OK,OK,OK,OK","DELTA,DELTA,DELTA,DELTA",
16.447872,2026-09-05T18:45:36.871+01:00,3534328,1147252,1122,1122,True,True,0x0F,"OK,OK,OK,OK","DELTA,DELTA,DELTA,DELTA",
16.449843,2026-09-05T18:45:36.879+01:00,3535450,1147253,1102,1102,True,True,0x0F,"OK,OK,OK,OK","DELTA,DELTA,DELTA,DELTA",
16.454714,2026-09-05T18:45:36.881+01:00,3536552,1147254,838,838,True,True,0x0F,"OK,OK,OK,OK","DELTA,DELTA,DELTA,DELTA",
16.464748,2026-09-05T18:45:36.886+01:00,3537390,1147255,992,992,True,True,0x0F,"OK,OK,OK,OK","DELTA,DELTA,DELTA,DELTA",
16.466246,2026-09-05T18:45:36.896+01:00,3538382,1147256,1080,1080,True,True,0x0F,"OK,OK,OK,OK","DELTA,DELTA,DELTA,DELTA",
16.469628,2026-09-05T18:45:36.898+01:00,3539462,1147257,1010,1010,True,True,0x0F,"OK,OK,OK,OK","DELTA,DELTA,DELTA,DELTA",
16.474632,2026-09-05T18:45:36.901+01:00,3540472,1147258,958,958,True,True,0x0F,"OK,OK,OK,OK","DELTA,DELTA,DELTA,DELTA",
16.482282,2026-09-05T18:45:36.906+01:00,3541430,1147259,902,902,True,True,0x0F,"OK,OK,OK,OK","DELTA,DELTA,DELTA,DELTA",
16.484421,2026-09-05T18:45:36.914+01:00,3542332,1147260,1138,1138,True,True,0x0F,"OK,OK,OK,OK","DELTA,DELTA,DELTA,DELTA",
16.489464,2026-09-05T18:45:36.916+01:00,3543470,1147261,1074,1074,True,True,0x0F,"OK,OK,OK,OK","DELTA,DELTA,DELTA,DELTA",
16.498955,2026-09-05T18:45:36.921+01:00,3544544,1147262,954,954,True,True,0x0F,"OK,OK,OK,OK","DELTA,DELTA,DELTA,DELTA",
16.499843,2026-09-05T18:45:36.930+01:00,3545498,1147263,884,884,True,True,0x0F,"OK,OK,OK,OK","DELTA,DELTA,DELTA,DELTA",
16.504670,2026-09-05T18:45:36.931+01:00,3546382,1147264,1122,1122,True,True,0x0F,"OK,OK,OK,OK","DELTA,DELTA,DELTA,DELTA",
16.509285,2026-09-05T18:45:36.936+01:00,3547504,1147265,1072,1072,True,True,0x0F,"OK,OK,OK,OK","DELTA,DELTA,DELTA,DELTA",
16.515972,2026-09-05T18:45:36.941+01:00,3548576,1147266,930,930,True,True,0x0F,"OK,OK,OK,OK","DELTA,DELTA,DELTA,DELTA",
16.519372,2026-09-05T18:45:36.948+01:00,3549506,1147267,888,888,True,True,0x0F,"OK,OK,OK,OK","DELTA,DELTA,DELTA,DELTA",
16.524542,2026-09-05T18:45:36.951+01:00,3550394,1147268,1012,1012,True,True,0x0F,"OK,OK,OK,OK","DELTA,DELTA,DELTA,DELTA",
16.530093,2026-09-05T18:45:36.956+01:00,3551406,1147269,1054,1054,True,True,0x0F,"OK,OK,OK,OK","DELTA,DELTA,DELTA,DELTA",
16.534892,2026-09-05T18:45:36.962+01:00,3552460,1147270,950,950,True,True,0x0F,"OK,OK,OK,OK","DELTA,DELTA,DELTA,DELTA",
16.539131,2026-09-05T18:45:36.966+01:00,3553410,1147271,934,934,True,True,0x0F,"OK,OK,OK,OK","DELTA,DELTA,DELTA,DELTA",
16.544209,2026-09-05T18:45:36.971+01:00,3554344,1147272,1074,1074,True,True,0x0F,"OK,OK,OK,OK","DELTA,DELTA,DELTA,DELTA",
16.553495,2026-09-05T18:45:36.976+01:00,3555418,1147273,1102,1102,True,True,0x0F,"OK,OK,OK,OK","DELTA,DELTA,DELTA,DELTA",
16.554137,2026-09-05T18:45:36.985+01:00,3556520,1147274,924,924,True,True,0x0F,"OK,OK,OK,OK","DELTA,DELTA,DELTA,DELTA",
16.566572,2026-09-05T18:45:36.986+01:00,3557444,1147275,894,894,True,True,0x0F,"OK,OK,OK,OK","DELTA,DELTA,DELTA,DELTA",
16.567560,2026-09-05T18:45:36.998+01:00,3558338,1147276,1086,1086,True,True,0x0F,"OK,OK,OK,OK","DELTA,DELTA,DELTA,DELTA",
16.569327,2026-09-05T18:45:36.999+01:00,3559424,1147277,1054,1054,True,True,0x0F,"OK,OK,OK,OK","DELTA,DELTA,DELTA,DELTA",
16.574320,2026-09-05T18:45:37.001+01:00,3560478,1147278,930,930,True,True,0x0F,"OK,OK,OK,OK","DELTA,DELTA,DELTA,DELTA",
16.579227,2026-09-05T18:45:37.006+01:00,3561408,1147279,890,890,True,True,0x0F,"OK,OK,OK,OK","DELTA,DELTA,DELTA,DELTA",
16.585970,2026-09-05T18:45:37.011+01:00,3562298,1147280,1128,1128,True,True,0x0F,"OK,OK,OK,OK","DELTA,DELTA,DELTA,DELTA",
16.589407,2026-09-05T18:45:37.018+01:00,3563426,1147281,1108,1108,True,True,0x0F,"OK,OK,OK,OK","DELTA,DELTA,DELTA,DELTA",
16.594082,2026-09-05T18:45:37.021+01:00,3564534,1147282,934,934,True,True,0x0F,"OK,OK,OK,OK","DELTA,DELTA,DELTA,DELTA",
16.603547,2026-09-05T18:45:37.026+01:00,3565468,1147283,918,918,True,True,0x0F,"OK,OK,OK,OK","DELTA,DELTA,DELTA,DELTA",
16.604426,2026-09-05T18:45:37.035+01:00,3566386,1147284,1050,1050,True,True,0x0F,"OK,OK,OK,OK","DELTA,DELTA,DELTA,DELTA",
16.608990,2026-09-05T18:45:37.036+01:00,3567436,1147285,1120,1120,True,True,0x0F,"OK,OK,OK,OK","DELTA,DELTA,DELTA,DELTA",
16.614049,2026-09-05T18:45:37.041+01:00,3568556,1147286,998,998,True,True,0x0F,"OK,OK,OK,OK","DELTA,DELTA,DELTA,DELTA",
16.620487,2026-09-05T18:45:37.046+01:00,3569554,1147287,902,902,True,True,0x0F,"OK,OK,OK,OK","DELTA,DELTA,DELTA,DELTA",
16.624367,2026-09-05T18:45:37.052+01:00,3570456,1147288,1076,1076,True,True,0x0F,"OK,OK,OK,OK","DELTA,DELTA,DELTA,DELTA",
16.629303,2026-09-05T18:45:37.056+01:00,3571532,1147289,1114,1114,True,True,0x0F,"OK,OK,OK,OK","DELTA,DELTA,DELTA,DELTA",
16.637659,2026-09-05T18:45:37.061+01:00,3572646,1147290,892,892,True,True,0x0F,"OK,OK,OK,OK","DELTA,DELTA,DELTA,DELTA",
16.639041,2026-09-05T18:45:37.069+01:00,3573538,1147291,844,844,True,True,0x0F,"OK,OK,OK,OK","DELTA,DELTA,DELTA,DELTA",
16.644321,2026-09-05T18:45:37.071+01:00,3574382,1147292,988,988,True,True,0x0F,"OK,OK,OK,OK","DELTA,DELTA,DELTA,DELTA",
16.654128,2026-09-05T18:45:37.076+01:00,3575370,1147293,1062,1062,True,True,0x0F,"OK,OK,OK,OK","DELTA,DELTA,DELTA,DELTA",
16.655293,2026-09-05T18:45:37.086+01:00,3576432,1147294,870,870,True,True,0x0F,"OK,OK,OK,OK","DELTA,DELTA,DELTA,DELTA",
16.659143,2026-09-05T18:45:37.087+01:00,3577302,1147295,902,902,True,True,0x0F,"OK,OK,OK,OK","DELTA,DELTA,DELTA,DELTA",
16.664112,2026-09-05T18:45:37.091+01:00,3578204,1147296,1098,1098,True,True,0x0F,"OK,OK,OK,OK","DELTA,DELTA,DELTA,DELTA",
16.671639,2026-09-05T18:45:37.096+01:00,3579302,1147297,1086,1086,True,True,0x0F,"OK,OK,OK,OK","DELTA,DELTA,DELTA,DELTA",
16.673951,2026-09-05T18:45:37.103+01:00,3580388,1147298,970,970,True,True,0x0F,"OK,OK,OK,OK","DELTA,DELTA,DELTA,DELTA",
16.679188,2026-09-05T18:45:37.106+01:00,3581358,1147299,886,886,True,True,0x0F,"OK,OK,OK,OK","DELTA,DELTA,DELTA,DELTA",
16.688210,2026-09-05T18:45:37.111+01:00,3582244,1147300,1110,1110,True,True,0x0F,"OK,OK,OK,OK","DELTA,DELTA,DELTA,DELTA",
16.689180,2026-09-05T18:45:37.120+01:00,3583354,1147301,1136,1136,True,True,0x0F,"OK,OK,OK,OK","DELTA,DELTA,DELTA,DELTA",
16.694078,2026-09-05T18:45:37.121+01:00,3584490,1147302,904,904,True,True,0x0F,"OK,OK,OK,OK","DELTA,DELTA,DELTA,DELTA",
16.700053,2026-09-05T18:45:37.126+01:00,3585394,1147303,868,868,True,True,0x0F,"OK,OK,OK,OK","DELTA,DELTA,DELTA,DELTA",
16.704882,2026-09-05T18:45:37.132+01:00,3586262,1147304,1056,1056,True,True,0x0F,"OK,OK,OK,OK","DELTA,DELTA,DELTA,DELTA",
16.708932,2026-09-05T18:45:37.136+01:00,3587318,1147305,1014,1014,True,True,0x0F,"OK,OK,OK,OK","DELTA,DELTA,DELTA,DELTA",
16.714213,2026-09-05T18:45:37.140+01:00,3588332,1147306,912,912,True,True,0x0F,"OK,OK,OK,OK","DELTA,DELTA,DELTA,DELTA",
16.718656,2026-09-05T18:45:37.146+01:00,3589244,1147307,826,826,True,True,0x0F,"OK,OK,OK,OK","DELTA,DELTA,DELTA,DELTA",
16.730651,2026-09-05T18:45:37.150+01:00,3590070,1147308,1106,1106,True,True,0x0F,"OK,OK,OK,OK","DELTA,DELTA,DELTA,DELTA",
16.731576,2026-09-05T18:45:37.162+01:00,3591176,1147309,1036,1036,True,True,0x0F,"OK,OK,OK,OK","DELTA,DELTA,DELTA,DELTA",
16.733895,2026-09-05T18:45:37.163+01:00,3592212,1147310,866,866,True,True,0x0F,"OK,OK,OK,OK","DELTA,DELTA,DELTA,DELTA",
16.739013,2026-09-05T18:45:37.165+01:00,3593078,1147311,904,904,True,True,0x0F,"OK,OK,OK,OK","DELTA,DELTA,DELTA,DELTA",
16.748033,2026-09-05T18:45:37.171+01:00,3593982,1147312,1070,1070,True,True,0x0F,"OK,OK,OK,OK","DELTA,DELTA,DELTA,DELTA",
16.749296,2026-09-05T18:45:37.180+01:00,3595052,1147313,4216,4216,True,True,0x0F,"OK,OK,OK,OK","DELTA_SYNC,DELTA_SYNC,DELTA_SYNC,DELTA_SYNC",
16.754079,2026-09-05T18:45:37.181+01:00,3599268,1147314,1056,1056,True,True,0x0F,"OK,OK,OK,OK","DELTA,DELTA,DELTA,DELTA",
16.764571,2026-09-05T18:45:37.186+01:00,3600324,1147315,924,924,True,True,0x0F,"OK,OK,OK,OK","DELTA,DELTA,DELTA,DELTA",
16.765437,2026-09-05T18:45:37.196+01:00,3601248,1147316,1018,1018,True,True,0x0F,"OK,OK,OK,OK","DELTA,DELTA,DELTA,DELTA",
16.768795,2026-09-05T18:45:37.197+01:00,3602266,1147317,1160,1160,True,True,0x0F,"OK,OK,OK,OK","DELTA,DELTA,DELTA,DELTA",
16.773906,2026-09-05T18:45:37.200+01:00,3603426,1147318,966,966,True,True,0x0F,"OK,OK,OK,OK","DELTA,DELTA,DELTA,DELTA",
16.782401,2026-09-05T18:45:37.205+01:00,3604392,1147319,886,886,True,True,0x0F,"OK,OK,OK,OK","DELTA,DELTA,DELTA,DELTA",
16.784009,2026-09-05T18:45:37.214+01:00,3605278,1147320,986,986,True,True,0x0F,"OK,OK,OK,OK","DELTA,DELTA,DELTA,DELTA",
16.788982,2026-09-05T18:45:37.216+01:00,3606264,1147321,1006,1006,True,True,0x0F,"OK,OK,OK,OK","DELTA,DELTA,DELTA,DELTA",
16.796113,2026-09-05T18:45:37.221+01:00,3607270,1147322,954,954,True,True,0x0F,"OK,OK,OK,OK","DELTA,DELTA,DELTA,DELTA",
16.800504,2026-09-05T18:45:37.228+01:00,3608224,1147323,936,936,True,True,0x0F,"OK,OK,OK,OK","DELTA,DELTA,DELTA,DELTA",
16.803830,2026-09-05T18:45:37.232+01:00,3609160,1147324,1072,1072,True,True,0x0F,"OK,OK,OK,OK","DELTA,DELTA,DELTA,DELTA",
16.808684,2026-09-05T18:45:37.235+01:00,3610232,1147325,1070,1070,True,True,0x0F,"OK,OK,OK,OK","DELTA,DELTA,DELTA,DELTA",
16.816725,2026-09-05T18:45:37.240+01:00,3611302,1147326,936,936,True,True,0x0F,"OK,OK,OK,OK","DELTA,DELTA,DELTA,DELTA",
16.818772,2026-09-05T18:45:37.248+01:00,3612238,1147327,884,884,True,True,0x0F,"OK,OK,OK,OK","DELTA,DELTA,DELTA,DELTA",
16.823806,2026-09-05T18:45:37.250+01:00,3613122,1147328,1066,1066,True,True,0x0F,"OK,OK,OK,OK","DELTA,DELTA,DELTA,DELTA",
16.833191,2026-09-05T18:45:37.255+01:00,3614188,1147329,1056,1056,True,True,0x0F,"OK,OK,OK,OK","DELTA,DELTA,DELTA,DELTA",
16.834139,2026-09-05T18:45:37.265+01:00,3615244,1147330,914,914,True,True,0x0F,"OK,OK,OK,OK","DELTA,DELTA,DELTA,DELTA",
16.838816,2026-09-05T18:45:37.266+01:00,3616158,1147331,902,902,True,True,0x0F,"OK,OK,OK,OK","DELTA,DELTA,DELTA,DELTA",
16.843400,2026-09-05T18:45:37.270+01:00,3617060,1147332,992,992,True,True,0x0F,"OK,OK,OK,OK","DELTA,DELTA,DELTA,DELTA",
16.850010,2026-09-05T18:45:37.275+01:00,3618052,1147333,996,996,True,True,0x0F,"OK,OK,OK,OK","DELTA,DELTA,DELTA,DELTA",
16.853929,2026-09-05T18:45:37.282+01:00,3619048,1147334,968,968,True,True,0x0F,"OK,OK,OK,OK","DELTA,DELTA,DELTA,DELTA",
16.858636,2026-09-05T18:45:37.285+01:00,3620016,1147335,830,830,True,True,0x0F,"OK,OK,OK,OK","DELTA,DELTA,DELTA,DELTA",
16.864365,2026-09-05T18:45:37.290+01:00,3620846,1147336,1022,1022,True,True,0x0F,"OK,OK,OK,OK","DELTA,DELTA,DELTA,DELTA",
16.869114,2026-09-05T18:45:37.296+01:00,3621868,1147337,1064,1064,True,True,0x0F,"OK,OK,OK,OK","DELTA,DELTA,DELTA,DELTA",
16.873354,2026-09-05T18:45:37.301+01:00,3622932,1147338,948,948,True,True,0x0F,"OK,OK,OK,OK","DELTA,DELTA,DELTA,DELTA",
16.878614,2026-09-05T18:45:37.305+01:00,3623880,1147339,918,918,True,True,0x0F,"OK,OK,OK,OK","DELTA,DELTA,DELTA,DELTA",
16.889980,2026-09-05T18:45:37.310+01:00,3624798,1147340,1068,1068,True,True,0x0F,"OK,OK,OK,OK","DELTA,DELTA,DELTA,DELTA",
16.890640,2026-09-05T18:45:37.322+01:00,3625866,1147341,1086,1086,True,True,0x0F,"OK,OK,OK,OK","DELTA,DELTA,DELTA,DELTA",
16.903206,2026-09-05T18:45:37.322+01:00,3626952,1147342,1038,1038,True,True,0x0F,"OK,OK,OK,OK","DELTA,DELTA,DELTA,DELTA",
16.904301,2026-09-05T18:45:37.335+01:00,3627990,1147343,876,876,True,True,0x0F,"OK,OK,OK,OK","DELTA,DELTA,DELTA,DELTA",
16.905182,2026-09-05T18:45:37.336+01:00,3628866,1147344,984,984,True,True,0x0F,"OK,OK,OK,OK","DELTA,DELTA,DELTA,DELTA",
16.908650,2026-09-05T18:45:37.337+01:00,3629850,1147345,1016,1016,True,True,0x0F,"OK,OK,OK,OK","DELTA,DELTA,DELTA,DELTA",
16.913387,2026-09-05T18:45:37.340+01:00,3630866,1147346,978,978,True,True,0x0F,"OK,OK,OK,OK","DELTA,DELTA,DELTA,DELTA",
16.921365,2026-09-05T18:45:37.345+01:00,3631844,1147347,818,818,True,True,0x0F,"OK,OK,OK,OK","DELTA,DELTA,DELTA,DELTA",
16.923425,2026-09-05T18:45:37.353+01:00,3632662,1147348,1048,1048,True,True,0x0F,"OK,OK,OK,OK","DELTA,DELTA,DELTA,DELTA",
16.928579,2026-09-05T18:45:37.355+01:00,3633710,1147349,1040,1040,True,True,0x0F,"OK,OK,OK,OK","DELTA,DELTA,DELTA,DELTA",
16.937549,2026-09-05T18:45:37.360+01:00,3634750,1147350,998,998,True,True,0x0F,"OK,OK,OK,OK","DELTA,DELTA,DELTA,DELTA",
16.938456,2026-09-05T18:45:37.369+01:00,3635748,1147351,888,888,True,True,0x0F,"OK,OK,OK,OK","DELTA,DELTA,DELTA,DELTA",
16.943326,2026-09-05T18:45:37.370+01:00,3636636,1147352,982,982,True,True,0x0F,"OK,OK,OK,OK","DELTA,DELTA,DELTA,DELTA",
16.948263,2026-09-05T18:45:37.375+01:00,3637618,1147353,1024,1024,True,True,0x0F,"OK,OK,OK,OK","DELTA,DELTA,DELTA,DELTA",
16.954793,2026-09-05T18:45:37.380+01:00,3638642,1147354,1012,1012,True,True,0x0F,"OK,OK,OK,OK","DELTA,DELTA,DELTA,DELTA",
16.958450,2026-09-05T18:45:37.386+01:00,3639654,1147355,886,886,True,True,0x0F,"OK,OK,OK,OK","DELTA,DELTA,DELTA,DELTA",
16.963329,2026-09-05T18:45:37.390+01:00,3640540,1147356,1038,1038,True,True,0x0F,"OK,OK,OK,OK","DELTA,DELTA,DELTA,DELTA",
16.970925,2026-09-05T18:45:37.395+01:00,3641578,1147357,1036,1036,True,True,0x0F,"OK,OK,OK,OK","DELTA,DELTA,DELTA,DELTA",
16.973509,2026-09-05T18:45:37.402+01:00,3642614,1147358,958,958,True,True,0x0F,"OK,OK,OK,OK","DELTA,DELTA,DELTA,DELTA",
16.978346,2026-09-05T18:45:37.405+01:00,3643572,1147359,776,776,True,True,0x0F,"OK,OK,OK,OK","DELTA,DELTA,DELTA,DELTA",
16.987345,2026-09-05T18:45:37.410+01:00,3644348,1147360,1050,1050,True,True,0x0F,"OK,OK,OK,OK","DELTA,DELTA,DELTA,DELTA",
16.988670,2026-09-05T18:45:37.419+01:00,3645398,1147361,1028,1028,True,True,0x0F,"OK,OK,OK,OK","DELTA,DELTA,DELTA,DELTA",
16.993472,2026-09-05T18:45:37.420+01:00,3646426,1147362,982,982,True,True,0x0F,"OK,OK,OK,OK","DELTA,DELTA,DELTA,DELTA",
16.998730,2026-09-05T18:45:37.425+01:00,3647408,1147363,844,844,True,True,0x0F,"OK,OK,OK,OK","DELTA,DELTA,DELTA,DELTA",
17.004658,2026-09-05T18:45:37.431+01:00,3648252,1147364,992,992,True,True,0x0F,"OK,OK,OK,OK","DELTA,DELTA,DELTA,DELTA",
17.008309,2026-09-05T18:45:37.436+01:00,3649244,1147365,1012,1012,True,True,0x0F,"OK,OK,OK,OK","DELTA,DELTA,DELTA,DELTA",
17.013148,2026-09-05T18:45:37.440+01:00,3650256,1147366,1036,1036,True,True,0x0F,"OK,OK,OK,OK","DELTA,DELTA,DELTA,DELTA",
17.021173,2026-09-05T18:45:37.445+01:00,3651292,1147367,890,890,True,True,0x0F,"OK,OK,OK,OK","DELTA,DELTA,DELTA,DELTA",
17.023120,2026-09-05T18:45:37.453+01:00,3652182,1147368,1014,1014,True,True,0x0F,"OK,OK,OK,OK","DELTA,DELTA,DELTA,DELTA",
17.028103,2026-09-05T18:45:37.455+01:00,3653196,1147369,992,992,True,True,0x0F,"OK,OK,OK,OK","DELTA,DELTA,DELTA,DELTA",
17.034119,2026-09-05T18:45:37.460+01:00,3654188,1147370,994,994,True,True,0x0F,"OK,OK,OK,OK","DELTA,DELTA,DELTA,DELTA",
17.038692,2026-09-05T18:45:37.467+01:00,3655182,1147371,884,884,True,True,0x0F,"OK,OK,OK,OK","DELTA,DELTA,DELTA,DELTA",
17.043199,2026-09-05T18:45:37.470+01:00,3656066,1147372,1066,1066,True,True,0x0F,"OK,OK,OK,OK","DELTA,DELTA,DELTA,DELTA",
17.048044,2026-09-05T18:45:37.475+01:00,3657132,1147373,992,992,True,True,0x0F,"OK,OK,OK,OK","DELTA,DELTA,DELTA,DELTA",
17.061563,2026-09-05T18:45:37.480+01:00,3658124,1147374,1040,1040,True,True,0x0F,"OK,OK,OK,OK","DELTA,DELTA,DELTA,DELTA",
17.063127,2026-09-05T18:45:37.493+01:00,3659164,1147375,814,814,True,True,0x0F,"OK,OK,OK,OK","DELTA,DELTA,DELTA,DELTA",
17.063990,2026-09-05T18:45:37.495+01:00,3659978,1147376,1090,1090,True,True,0x0F,"OK,OK,OK,OK","DELTA,DELTA,DELTA,DELTA",
17.068342,2026-09-05T18:45:37.496+01:00,3661068,1147377,1036,1036,True,True,0x0F,"OK,OK,OK,OK","DELTA,DELTA,DELTA,DELTA",
17.073086,2026-09-05T18:45:37.500+01:00,3662104,1147378,1032,1032,True,True,0x0F,"OK,OK,OK,OK","DELTA,DELTA,DELTA,DELTA",
17.079988,2026-09-05T18:45:37.505+01:00,3663136,1147379,898,898,True,True,0x0F,"OK,OK,OK,OK","DELTA,DELTA,DELTA,DELTA",
17.083291,2026-09-05T18:45:37.512+01:00,3664034,1147380,1034,1034,True,True,0x0F,"OK,OK,OK,OK","DELTA,DELTA,DELTA,DELTA",
17.087896,2026-09-05T18:45:37.515+01:00,3665068,1147381,1060,1060,True,True,0x0F,"OK,OK,OK,OK","DELTA,DELTA,DELTA,DELTA",
17.096894,2026-09-05T18:45:37.520+01:00,3666128,1147382,966,966,True,True,0x0F,"OK,OK,OK,OK","DELTA,DELTA,DELTA,DELTA",
17.098122,2026-09-05T18:45:37.528+01:00,3667094,1147383,850,850,True,True,0x0F,"OK,OK,OK,OK","DELTA,DELTA,DELTA,DELTA",
17.103209,2026-09-05T18:45:37.530+01:00,3667944,1147384,976,976,True,True,0x0F,"OK,OK,OK,OK","DELTA,DELTA,DELTA,DELTA",
17.113200,2026-09-05T18:45:37.535+01:00,3668920,1147385,1008,1008,True,True,0x0F,"OK,OK,OK,OK","DELTA,DELTA,DELTA,DELTA",
17.114415,2026-09-05T18:45:37.545+01:00,3669928,1147386,998,998,True,True,0x0F,"OK,OK,OK,OK","DELTA,DELTA,DELTA,DELTA",
17.118000,2026-09-05T18:45:37.546+01:00,3670926,1147387,854,854,True,True,0x0F,"OK,OK,OK,OK","DELTA,DELTA,DELTA,DELTA",
17.123118,2026-09-05T18:45:37.550+01:00,3671780,1147388,1056,1056,True,True,0x0F,"OK,OK,OK,OK","DELTA,DELTA,DELTA,DELTA",
17.130898,2026-09-05T18:45:37.555+01:00,3672836,1147389,1040,1040,True,True,0x0F,"OK,OK,OK,OK","DELTA,DELTA,DELTA,DELTA",
17.133206,2026-09-05T18:45:37.562+01:00,3673876,1147390,948,948,True,True,0x0F,"OK,OK,OK,OK","DELTA,DELTA,DELTA,DELTA",
17.138027,2026-09-05T18:45:37.565+01:00,3674824,1147391,880,880,True,True,0x0F,"OK,OK,OK,OK","DELTA,DELTA,DELTA,DELTA",
17.147567,2026-09-05T18:45:37.570+01:00,3675704,1147392,1036,1036,True,True,0x0F,"OK,OK,OK,OK","DELTA,DELTA,DELTA,DELTA",
17.148523,2026-09-05T18:45:37.579+01:00,3676740,1147393,1044,1044,True,True,0x0F,"OK,OK,OK,OK","DELTA,DELTA,DELTA,DELTA",
17.152934,2026-09-05T18:45:37.580+01:00,3677784,1147394,1048,1048,True,True,0x0F,"OK,OK,OK,OK","DELTA,DELTA,DELTA,DELTA",
17.157823,2026-09-05T18:45:37.584+01:00,3678832,1147395,870,870,True,True,0x0F,"OK,OK,OK,OK","DELTA,DELTA,DELTA,DELTA",
17.164564,2026-09-05T18:45:37.589+01:00,3679702,1147396,990,990,True,True,0x0F,"OK,OK,OK,OK","DELTA,DELTA,DELTA,DELTA",
17.168539,2026-09-05T18:45:37.596+01:00,3680692,1147397,928,928,True,True,0x0F,"OK,OK,OK,OK","DELTA,DELTA,DELTA,DELTA",
17.172632,2026-09-05T18:45:37.600+01:00,3681620,1147398,946,946,True,True,0x0F,"OK,OK,OK,OK","DELTA,DELTA,DELTA,DELTA",
17.181140,2026-09-05T18:45:37.604+01:00,3682566,1147399,856,856,True,True,0x0F,"OK,OK,OK,OK","DELTA,DELTA,DELTA,DELTA",
17.183033,2026-09-05T18:45:37.613+01:00,3683422,1147400,992,992,True,True,0x0F,"OK,OK,OK,OK","DELTA,DELTA,DELTA,DELTA",
17.188090,2026-09-05T18:45:37.615+01:00,3684414,1147401,1012,1012,True,True,0x0F,"OK,OK,OK,OK","DELTA,DELTA,DELTA,DELTA",
17.193326,2026-09-05T18:45:37.620+01:00,3685426,1147402,960,960,True,True,0x0F,"OK,OK,OK,OK","DELTA,DELTA,DELTA,DELTA",
17.198054,2026-09-05T18:45:37.625+01:00,3686386,1147403,930,930,True,True,0x0F,"OK,OK,OK,OK","DELTA,DELTA,DELTA,DELTA",
17.202664,2026-09-05T18:45:37.630+01:00,3687316,1147404,1010,1010,True,True,0x0F,"OK,OK,OK,OK","DELTA,DELTA,DELTA,DELTA",
17.208067,2026-09-05T18:45:37.634+01:00,3688326,1147405,1084,1084,True,True,0x0F,"OK,OK,OK,OK","DELTA,DELTA,DELTA,DELTA",
17.220160,2026-09-05T18:45:37.640+01:00,3689410,1147406,1092,1092,True,True,0x0F,"OK,OK,OK,OK","DELTA,DELTA,DELTA,DELTA",
17.221371,2026-09-05T18:45:37.652+01:00,3690502,1147407,864,864,True,True,0x0F,"OK,OK,OK,OK","DELTA,DELTA,DELTA,DELTA",
17.233097,2026-09-05T18:45:37.653+01:00,3691366,1147408,1004,1004,True,True,0x0F,"OK,OK,OK,OK","DELTA,DELTA,DELTA,DELTA",
17.234280,2026-09-05T18:45:37.665+01:00,3692370,1147409,1048,1048,True,True,0x0F,"OK,OK,OK,OK","DELTA,DELTA,DELTA,DELTA",
17.235128,2026-09-05T18:45:37.666+01:00,3693418,1147410,1030,1030,True,True,0x0F,"OK,OK,OK,OK","DELTA,DELTA,DELTA,DELTA",
17.238014,2026-09-05T18:45:37.667+01:00,3694448,1147411,876,876,True,True,0x0F,"OK,OK,OK,OK","DELTA,DELTA,DELTA,DELTA",
17.242775,2026-09-05T18:45:37.670+01:00,3695324,1147412,1034,1034,True,True,0x0F,"OK,OK,OK,OK","DELTA,DELTA,DELTA,DELTA",
17.247771,2026-09-05T18:45:37.674+01:00,3696358,1147413,944,944,True,True,0x0F,"OK,OK,OK,OK","DELTA,DELTA,DELTA,DELTA",
17.252932,2026-09-05T18:45:37.679+01:00,3697302,1147414,976,976,True,True,0x0F,"OK,OK,OK,OK","DELTA,DELTA,DELTA,DELTA",
17.257918,2026-09-05T18:45:37.685+01:00,3698278,1147415,848,848,True,True,0x0F,"OK,OK,OK,OK","DELTA,DELTA,DELTA,DELTA",
17.269369,2026-09-05T18:45:37.689+01:00,3699126,1147416,1022,1022,True,True,0x0F,"OK,OK,OK,OK","DELTA,DELTA,DELTA,DELTA",
17.270704,2026-09-05T18:45:37.701+01:00,3700148,1147417,1050,1050,True,True,0x0F,"OK,OK,OK,OK","DELTA,DELTA,DELTA,DELTA",
17.273601,2026-09-05T18:45:37.702+01:00,3701198,1147418,974,974,True,True,0x0F,"OK,OK,OK,OK","DELTA,DELTA,DELTA,DELTA",
17.278305,2026-09-05T18:45:37.705+01:00,3702172,1147419,834,834,True,True,0x0F,"OK,OK,OK,OK","DELTA,DELTA,DELTA,DELTA",
17.287581,2026-09-05T18:45:37.710+01:00,3703006,1147420,972,972,True,True,0x0F,"OK,OK,OK,OK","DELTA,DELTA,DELTA,DELTA",
17.288694,2026-09-05T18:45:37.719+01:00,3703978,1147421,1016,1016,True,True,0x0F,"OK,OK,OK,OK","DELTA,DELTA,DELTA,DELTA",
17.292779,2026-09-05T18:45:37.720+01:00,3704994,1147422,990,990,True,True,0x0F,"OK,OK,OK,OK","DELTA,DELTA,DELTA,DELTA",
17.297890,2026-09-05T18:45:37.724+01:00,3705984,1147423,874,874,True,True,0x0F,"OK,OK,OK,OK","DELTA,DELTA,DELTA,DELTA",
17.304979,2026-09-05T18:45:37.729+01:00,3706858,1147424,1104,1104,True,True,0x0F,"OK,OK,OK,OK","DELTA,DELTA,DELTA,DELTA",
17.308073,2026-09-05T18:45:37.737+01:00,3707962,1147425,1106,1106,True,True,0x0F,"OK,OK,OK,OK","DELTA,DELTA,DELTA,DELTA",
17.313022,2026-09-05T18:45:37.740+01:00,3709068,1147426,1030,1030,True,True,0x0F,"OK,OK,OK,OK","DELTA,DELTA,DELTA,DELTA",
17.321420,2026-09-05T18:45:37.745+01:00,3710098,1147427,888,888,True,True,0x0F,"OK,OK,OK,OK","DELTA,DELTA,DELTA,DELTA",
17.322612,2026-09-05T18:45:37.753+01:00,3710986,1147428,992,992,True,True,0x0F,"OK,OK,OK,OK","DELTA,DELTA,DELTA,DELTA",
17.327884,2026-09-05T18:45:37.754+01:00,3711978,1147429,1008,1008,True,True,0x0F,"OK,OK,OK,OK","DELTA,DELTA,DELTA,DELTA",
17.338481,2026-09-05T18:45:37.759+01:00,3712986,1147430,968,968,True,True,0x0F,"OK,OK,OK,OK","DELTA,DELTA,DELTA,DELTA",
17.339919,2026-09-05T18:45:37.770+01:00,3713954,1147431,848,848,True,True,0x0F,"OK,OK,OK,OK","DELTA,DELTA,DELTA,DELTA",
17.342834,2026-09-05T18:45:37.771+01:00,3714802,1147432,1000,1000,True,True,0x0F,"OK,OK,OK,OK","DELTA,DELTA,DELTA,DELTA",
17.347762,2026-09-05T18:45:37.774+01:00,3715802,1147433,1146,1146,True,True,0x0F,"OK,OK,OK,OK","DELTA,DELTA,DELTA,DELTA",
17.355689,2026-09-05T18:45:37.779+01:00,3716948,1147434,1008,1008,True,True,0x0F,"OK,OK,OK,OK","DELTA,DELTA,DELTA,DELTA",
17.357683,2026-09-05T18:45:37.787+01:00,3717956,1147435,824,824,True,True,0x0F,"OK,OK,OK,OK","DELTA,DELTA,DELTA,DELTA",
17.362639,2026-09-05T18:45:37.789+01:00,3718780,1147436,1058,1058,True,True,0x0F,"OK,OK,OK,OK","DELTA,DELTA,DELTA,DELTA",
17.367837,2026-09-05T18:45:37.794+01:00,3719838,1147437,1098,1098,True,True,0x0F,"OK,OK,OK,OK","DELTA,DELTA,DELTA,DELTA",
17.372508,2026-09-05T18:45:37.799+01:00,3720936,1147438,1010,1010,True,True,0x0F,"OK,OK,OK,OK","DELTA,DELTA,DELTA,DELTA",
17.377669,2026-09-05T18:45:37.804+01:00,3721946,1147439,846,846,True,True,0x0F,"OK,OK,OK,OK","DELTA,DELTA,DELTA,DELTA",
17.382570,2026-09-05T18:45:37.809+01:00,3722792,1147440,986,986,True,True,0x0F,"OK,OK,OK,OK","DELTA,DELTA,DELTA,DELTA",
17.397056,2026-09-05T18:45:37.814+01:00,3723778,1147441,998,998,True,True,0x0F,"OK,OK,OK,OK","DELTA,DELTA,DELTA,DELTA",
17.400797,2026-09-05T18:45:37.829+01:00,3724776,1147442,1006,1006,True,True,0x0F,"OK,OK,OK,OK","DELTA,DELTA,DELTA,DELTA",
17.401931,2026-09-05T18:45:37.833+01:00,3725782,1147443,864,864,True,True,0x0F,"OK,OK,OK,OK","DELTA,DELTA,DELTA,DELTA",
17.402764,2026-09-05T18:45:37.833+01:00,3726646,1147444,1046,1046,True,True,0x0F,"OK,OK,OK,OK","DELTA,DELTA,DELTA,DELTA",
17.407847,2026-09-05T18:45:37.834+01:00,3727692,1147445,1040,1040,True,True,0x0F,"OK,OK,OK,OK","DELTA,DELTA,DELTA,DELTA",
17.416006,2026-09-05T18:45:37.839+01:00,3728732,1147446,1048,1048,True,True,0x0F,"OK,OK,OK,OK","DELTA,DELTA,DELTA,DELTA",
17.419398,2026-09-05T18:45:37.848+01:00,3729780,1147447,856,856,True,True,0x0F,"OK,OK,OK,OK","DELTA,DELTA,DELTA,DELTA",
17.422720,2026-09-05T18:45:37.851+01:00,3730636,1147448,1034,1034,True,True,0x0F,"OK,OK,OK,OK","DELTA,DELTA,DELTA,DELTA",
17.427726,2026-09-05T18:45:37.854+01:00,3731670,1147449,1086,1086,True,True,0x0F,"OK,OK,OK,OK","DELTA,DELTA,DELTA,DELTA",
17.435850,2026-09-05T18:45:37.859+01:00,3732756,1147450,1042,1042,True,True,0x0F,"OK,OK,OK,OK","DELTA,DELTA,DELTA,DELTA",
17.437343,2026-09-05T18:45:37.867+01:00,3733798,1147451,772,772,True,True,0x0F,"OK,OK,OK,OK","DELTA,DELTA,DELTA,DELTA",
17.442878,2026-09-05T18:45:37.869+01:00,3734570,1147452,1002,1002,True,True,0x0F,"OK,OK,OK,OK","DELTA,DELTA,DELTA,DELTA",
17.452985,2026-09-05T18:45:37.875+01:00,3735572,1147453,1060,1060,True,True,0x0F,"OK,OK,OK,OK","DELTA,DELTA,DELTA,DELTA",
17.453835,2026-09-05T18:45:37.885+01:00,3736632,1147454,954,954,True,True,0x0F,"OK,OK,OK,OK","DELTA,DELTA,DELTA,DELTA",
17.458061,2026-09-05T18:45:37.885+01:00,3737586,1147455,836,836,True,True,0x0F,"OK,OK,OK,OK","DELTA,DELTA,DELTA,DELTA",
17.462770,2026-09-05T18:45:37.890+01:00,3738422,1147456,1022,1022,True,True,0x0F,"OK,OK,OK,OK","DELTA,DELTA,DELTA,DELTA",
17.472508,2026-09-05T18:45:37.894+01:00,3739444,1147457,1056,1056,True,True,0x0F,"OK,OK,OK,OK","DELTA,DELTA,DELTA,DELTA",
17.473371,2026-09-05T18:45:37.904+01:00,3740500,1147458,1044,1044,True,True,0x0F,"OK,OK,OK,OK","DELTA,DELTA,DELTA,DELTA",
17.478304,2026-09-05T18:45:37.905+01:00,3741544,1147459,764,764,True,True,0x0F,"OK,OK,OK,OK","DELTA,DELTA,DELTA,DELTA",
17.482316,2026-09-05T18:45:37.910+01:00,3742308,1147460,948,948,True,True,0x0F,"OK,OK,OK,OK","DELTA,DELTA,DELTA,DELTA",
17.489738,2026-09-05T18:45:37.914+01:00,3743256,1147461,950,950,True,True,0x0F,"OK,OK,OK,OK","DELTA,DELTA,DELTA,DELTA",
17.492583,2026-09-05T18:45:37.921+01:00,3744206,1147462,1004,1004,True,True,0x0F,"OK,OK,OK,OK","DELTA,DELTA,DELTA,DELTA",
17.497526,2026-09-05T18:45:37.924+01:00,3745210,1147463,864,864,True,True,0x0F,"OK,OK,OK,OK","DELTA,DELTA,DELTA,DELTA",
17.506310,2026-09-05T18:45:37.929+01:00,3746074,1147464,1004,1004,True,True,0x0F,"OK,OK,OK,OK","DELTA,DELTA,DELTA,DELTA",
17.507640,2026-09-05T18:45:37.938+01:00,3747078,1147465,1002,1002,True,True,0x0F,"OK,OK,OK,OK","DELTA,DELTA,DELTA,DELTA",
17.513231,2026-09-05T18:45:37.939+01:00,3748080,1147466,1028,1028,True,True,0x0F,"OK,OK,OK,OK","DELTA,DELTA,DELTA,DELTA",
17.523193,2026-09-05T18:45:37.945+01:00,3749108,1147467,828,828,True,True,0x0F,"OK,OK,OK,OK","DELTA,DELTA,DELTA,DELTA",
17.524036,2026-09-05T18:45:37.955+01:00,3749936,1147468,1004,1004,True,True,0x0F,"OK,OK,OK,OK","DELTA,DELTA,DELTA,DELTA",
17.527637,2026-09-05T18:45:37.956+01:00,3750940,1147469,1034,1034,True,True,0x0F,"OK,OK,OK,OK","DELTA,DELTA,DELTA,DELTA",
17.532602,2026-09-05T18:45:37.959+01:00,3751974,1147470,1082,1082,True,True,0x0F,"OK,OK,OK,OK","DELTA,DELTA,DELTA,DELTA",
17.537498,2026-09-05T18:45:37.964+01:00,3753056,1147471,848,848,True,True,0x0F,"OK,OK,OK,OK","DELTA,DELTA,DELTA,DELTA",
17.543288,2026-09-05T18:45:37.969+01:00,3753904,1147472,998,998,True,True,0x0F,"OK,OK,OK,OK","DELTA,DELTA,DELTA,DELTA",
17.547324,2026-09-05T18:45:37.975+01:00,3754902,1147473,1008,1008,True,True,0x0F,"OK,OK,OK,OK","DELTA,DELTA,DELTA,DELTA",
17.552499,2026-09-05T18:45:37.979+01:00,3755910,1147474,1012,1012,True,True,0x0F,"OK,OK,OK,OK","DELTA,DELTA,DELTA,DELTA",
17.561670,2026-09-05T18:45:37.984+01:00,3756922,1147475,846,846,True,True,0x0F,"OK,OK,OK,OK","DELTA,DELTA,DELTA,DELTA",
17.562284,2026-09-05T18:45:37.993+01:00,3757768,1147476,998,998,True,True,0x0F,"OK,OK,OK,OK","DELTA,DELTA,DELTA,DELTA",
17.574281,2026-09-05T18:45:37.994+01:00,3758766,1147477,1024,1024,True,True,0x0F,"OK,OK,OK,OK","DELTA,DELTA,DELTA,DELTA",
17.575233,2026-09-05T18:45:38.006+01:00,3759790,1147478,1054,1054,True,True,0x0F,"OK,OK,OK,OK","DELTA,DELTA,DELTA,DELTA",
17.577281,2026-09-05T18:45:38.007+01:00,3760844,1147479,918,918,True,True,0x0F,"OK,OK,OK,OK","DELTA,DELTA,DELTA,DELTA",
17.583005,2026-09-05T18:45:38.009+01:00,3761762,1147480,1012,1012,True,True,0x0F,"OK,OK,OK,OK","DELTA,DELTA,DELTA,DELTA",
17.591870,2026-09-05T18:45:38.015+01:00,3762774,1147481,1010,1010,True,True,0x0F,"OK,OK,OK,OK","DELTA,DELTA,DELTA,DELTA",
17.593141,2026-09-05T18:45:38.023+01:00,3763784,1147482,1014,1014,True,True,0x0F,"OK,OK,OK,OK","DELTA,DELTA,DELTA,DELTA",
17.597662,2026-09-05T18:45:38.025+01:00,3764798,1147483,920,920,True,True,0x0F,"OK,OK,OK,OK","DELTA,DELTA,DELTA,DELTA",
17.602302,2026-09-05T18:45:38.029+01:00,3765718,1147484,1002,1002,True,True,0x0F,"OK,OK,OK,OK","DELTA,DELTA,DELTA,DELTA",
17.608848,2026-09-05T18:45:38.034+01:00,3766720,1147485,1048,1048,True,True,0x0F,"OK,OK,OK,OK","DELTA,DELTA,DELTA,DELTA",
17.612541,2026-09-05T18:45:38.040+01:00,3767768,1147486,1042,1042,True,True,0x0F,"OK,OK,OK,OK","DELTA,DELTA,DELTA,DELTA",
17.617538,2026-09-05T18:45:38.044+01:00,3768810,1147487,876,876,True,True,0x0F,"OK,OK,OK,OK","DELTA,DELTA,DELTA,DELTA",
17.625321,2026-09-05T18:45:38.049+01:00,3769686,1147488,998,998,True,True,0x0F,"OK,OK,OK,OK","DELTA,DELTA,DELTA,DELTA",
17.627269,2026-09-05T18:45:38.057+01:00,3770684,1147489,1008,1008,True,True,0x0F,"OK,OK,OK,OK","DELTA,DELTA,DELTA,DELTA",
17.632616,2026-09-05T18:45:38.059+01:00,3771692,1147490,1052,1052,True,True,0x0F,"OK,OK,OK,OK","DELTA,DELTA,DELTA,DELTA",
17.642415,2026-09-05T18:45:38.064+01:00,3772744,1147491,834,834,True,True,0x0F,"OK,OK,OK,OK","DELTA,DELTA,DELTA,DELTA",
17.643438,2026-09-05T18:45:38.074+01:00,3773578,1147492,950,950,True,True,0x0F,"OK,OK,OK,OK","DELTA,DELTA,DELTA,DELTA",
17.647557,2026-09-05T18:45:38.075+01:00,3774528,1147493,1036,1036,True,True,0x0F,"OK,OK,OK,OK","DELTA,DELTA,DELTA,DELTA",
17.652459,2026-09-05T18:45:38.079+01:00,3775564,1147494,1036,1036,True,True,0x0F,"OK,OK,OK,OK","DELTA,DELTA,DELTA,DELTA",
17.659799,2026-09-05T18:45:38.084+01:00,3776600,1147495,822,822,True,True,0x0F,"OK,OK,OK,OK","DELTA,DELTA,DELTA,DELTA",
17.663065,2026-09-05T18:45:38.091+01:00,3777422,1147496,1028,1028,True,True,0x0F,"OK,OK,OK,OK","DELTA,DELTA,DELTA,DELTA",
17.667733,2026-09-05T18:45:38.095+01:00,3778450,1147497,1010,1010,True,True,0x0F,"OK,OK,OK,OK","DELTA,DELTA,DELTA,DELTA",
17.677115,2026-09-05T18:45:38.099+01:00,3779460,1147498,1062,1062,True,True,0x0F,"OK,OK,OK,OK","DELTA,DELTA,DELTA,DELTA",
17.678113,2026-09-05T18:45:38.109+01:00,3780522,1147499,842,842,True,True,0x0F,"OK,OK,OK,OK","DELTA,DELTA,DELTA,DELTA",
17.682470,2026-09-05T18:45:38.110+01:00,3781364,1147500,896,896,True,True,0x0F,"OK,OK,OK,OK","DELTA,DELTA,DELTA,DELTA",
17.687433,2026-09-05T18:45:38.114+01:00,3782260,1147501,966,966,True,True,0x0F,"OK,OK,OK,OK","DELTA,DELTA,DELTA,DELTA",
17.693992,2026-09-05T18:45:38.119+01:00,3783226,1147502,1004,1004,True,True,0x0F,"OK,OK,OK,OK","DELTA,DELTA,DELTA,DELTA",
17.697564,2026-09-05T18:45:38.126+01:00,3784230,1147503,846,846,True,True,0x0F,"OK,OK,OK,OK","DELTA,DELTA,DELTA,DELTA",
17.702421,2026-09-05T18:45:38.129+01:00,3785076,1147504,978,978,True,True,0x0F,"OK,OK,OK,OK","DELTA,DELTA,DELTA,DELTA",
17.708022,2026-09-05T18:45:38.134+01:00,3786054,1147505,1050,1050,True,True,0x0F,"OK,OK,OK,OK","DELTA,DELTA,DELTA,DELTA",
17.713410,2026-09-05T18:45:38.140+01:00,3787104,1147506,1032,1032,True,True,0x0F,"OK,OK,OK,OK","DELTA,DELTA,DELTA,DELTA",
17.717066,2026-09-05T18:45:38.145+01:00,3788136,1147507,822,822,True,True,0x0F,"OK,OK,OK,OK","DELTA,DELTA,DELTA,DELTA",
17.722250,2026-09-05T18:45:38.149+01:00,3788958,1147508,1000,1000,True,True,0x0F,"OK,OK,OK,OK","DELTA,DELTA,DELTA,DELTA",
17.735272,2026-09-05T18:45:38.154+01:00,3789958,1147509,1028,1028,True,True,0x0F,"OK,OK,OK,OK","DELTA,DELTA,DELTA,DELTA",
17.736226,2026-09-05T18:45:38.167+01:00,3790986,1147510,1014,1014,True,True,0x0F,"OK,OK,OK,OK","DELTA,DELTA,DELTA,DELTA",
17.737189,2026-09-05T18:45:38.168+01:00,3792000,1147511,770,770,True,True,0x0F,"OK,OK,OK,OK","DELTA,DELTA,DELTA,DELTA",
17.742400,2026-09-05T18:45:38.169+01:00,3792770,1147512,940,940,True,True,0x0F,"OK,OK,OK,OK","DELTA,DELTA,DELTA,DELTA",
17.752370,2026-09-05T18:45:38.174+01:00,3793710,1147513,4216,4216,True,True,0x0F,"OK,OK,OK,OK","DELTA_SYNC,DELTA_SYNC,DELTA_SYNC,DELTA_SYNC",
17.753322,2026-09-05T18:45:38.184+01:00,3797926,1147514,1136,1136,True,True,0x0F,"OK,OK,OK,OK","DELTA,DELTA,DELTA,DELTA",
17.757693,2026-09-05T18:45:38.185+01:00,3799062,1147515,920,920,True,True,0x0F,"OK,OK,OK,OK","DELTA,DELTA,DELTA,DELTA",
17.762686,2026-09-05T18:45:38.189+01:00,3799982,1147516,986,986,True,True,0x0F,"OK,OK,OK,OK","DELTA,DELTA,DELTA,DELTA",
17.769629,2026-09-05T18:45:38.194+01:00,3800968,1147517,1040,1040,True,True,0x0F,"OK,OK,OK,OK","DELTA,DELTA,DELTA,DELTA",
17.772458,2026-09-05T18:45:38.201+01:00,3802008,1147518,1038,1038,True,True,0x0F,"OK,OK,OK,OK","DELTA,DELTA,DELTA,DELTA",
17.777407,2026-09-05T18:45:38.204+01:00,3803046,1147519,890,890,True,True,0x0F,"OK,OK,OK,OK","DELTA,DELTA,DELTA,DELTA",
17.786208,2026-09-05T18:45:38.209+01:00,3803936,1147520,1032,1032,True,True,0x0F,"OK,OK,OK,OK","DELTA,DELTA,DELTA,DELTA",
17.787469,2026-09-05T18:45:38.218+01:00,3804968,1147521,1074,1074,True,True,0x0F,"OK,OK,OK,OK","DELTA,DELTA,DELTA,DELTA",
17.792584,2026-09-05T18:45:38.219+01:00,3806042,1147522,1114,1114,True,True,0x0F,"OK,OK,OK,OK","DELTA,DELTA,DELTA,DELTA",
17.802798,2026-09-05T18:45:38.224+01:00,3807156,1147523,910,910,True,True,0x0F,"OK,OK,OK,OK","DELTA,DELTA,DELTA,DELTA",
17.803737,2026-09-05T18:45:38.234+01:00,3808066,1147524,966,966,True,True,0x0F,"OK,OK,OK,OK","DELTA,DELTA,DELTA,DELTA",
17.807501,2026-09-05T18:45:38.235+01:00,3809032,1147525,1016,1016,True,True,0x0F,"OK,OK,OK,OK","DELTA,DELTA,DELTA,DELTA",
17.812411,2026-09-05T18:45:38.239+01:00,3810048,1147526,1092,1092,True,True,0x0F,"OK,OK,OK,OK","DELTA,DELTA,DELTA,DELTA",
17.819627,2026-09-05T18:45:38.244+01:00,3811140,1147527,924,924,True,True,0x0F,"OK,OK,OK,OK","DELTA,DELTA,DELTA,DELTA",
17.822440,2026-09-05T18:45:38.251+01:00,3812064,1147528,978,978,True,True,0x0F,"OK,OK,OK,OK","DELTA,DELTA,DELTA,DELTA",
17.827364,2026-09-05T18:45:38.254+01:00,3813042,1147529,1052,1052,True,True,0x0F,"OK,OK,OK,OK","DELTA,DELTA,DELTA,DELTA",
17.835918,2026-09-05T18:45:38.259+01:00,3814094,1147530,1038,1038,True,True,0x0F,"OK,OK,OK,OK","DELTA,DELTA,DELTA,DELTA",
17.837315,2026-09-05T18:45:38.267+01:00,3815132,1147531,880,880,True,True,0x0F,"OK,OK,OK,OK","DELTA,DELTA,DELTA,DELTA",
17.842441,2026-09-05T18:45:38.269+01:00,3816012,1147532,1064,1064,True,True,0x0F,"OK,OK,OK,OK","DELTA,DELTA,DELTA,DELTA",
17.852773,2026-09-05T18:45:38.274+01:00,3817076,1147533,1026,1026,True,True,0x0F,"OK,OK,OK,OK","DELTA,DELTA,DELTA,DELTA",
17.853711,2026-09-05T18:45:38.284+01:00,3818102,1147534,1098,1098,True,True,0x0F,"OK,OK,OK,OK","DELTA,DELTA,DELTA,DELTA",
17.857331,2026-09-05T18:45:38.285+01:00,3819200,1147535,928,928,True,True,0x0F,"OK,OK,OK,OK","DELTA,DELTA,DELTA,DELTA",
17.862519,2026-09-05T18:45:38.289+01:00,3820128,1147536,1026,1026,True,True,0x0F,"OK,OK,OK,OK","DELTA,DELTA,DELTA,DELTA",
17.868186,2026-09-05T18:45:38.294+01:00,3821154,1147537,970,970,True,True,0x0F,"OK,OK,OK,OK","DELTA,DELTA,DELTA,DELTA",
17.873362,2026-09-05T18:45:38.300+01:00,3822124,1147538,1060,1060,True,True,0x0F,"OK,OK,OK,OK","DELTA,DELTA,DELTA,DELTA",
17.877038,2026-09-05T18:45:38.305+01:00,3823184,1147539,844,844,True,True,0x0F,"OK,OK,OK,OK","DELTA,DELTA,DELTA,DELTA",
17.882898,2026-09-05T18:45:38.309+01:00,3824028,1147540,1006,1006,True,True,0x0F,"OK,OK,OK,OK","DELTA,DELTA,DELTA,DELTA",
17.893566,2026-09-05T18:45:38.314+01:00,3825034,1147541,1046,1046,True,True,0x0F,"OK,OK,OK,OK","DELTA,DELTA,DELTA,DELTA",
17.894206,2026-09-05T18:45:38.325+01:00,3826080,1147542,1102,1102,True,True,0x0F,"OK,OK,OK,OK","DELTA,DELTA,DELTA,DELTA",
17.907503,2026-09-05T18:45:38.326+01:00,3827182,1147543,896,896,True,True,0x0F,"OK,OK,OK,OK","DELTA,DELTA,DELTA,DELTA",
17.908586,2026-09-05T18:45:38.339+01:00,3828078,1147544,1042,1042,True,True,0x0F,"OK,OK,OK,OK","DELTA,DELTA,DELTA,DELTA",
17.909473,2026-09-05T18:45:38.340+01:00,3829120,1147545,1040,1040,True,True,0x0F,"OK,OK,OK,OK","DELTA,DELTA,DELTA,DELTA",
17.912656,2026-09-05T18:45:38.341+01:00,3830160,1147546,1086,1086,True,True,0x0F,"OK,OK,OK,OK","DELTA,DELTA,DELTA,DELTA",
17.917294,2026-09-05T18:45:38.344+01:00,3831246,1147547,888,888,True,True,0x0F,"OK,OK,OK,OK","DELTA,DELTA,DELTA,DELTA",
17.925580,2026-09-05T18:45:38.349+01:00,3832134,1147548,984,984,True,True,0x0F,"OK,OK,OK,OK","DELTA,DELTA,DELTA,DELTA",
17.927399,2026-09-05T18:45:38.357+01:00,3833118,1147549,1124,1124,True,True,0x0F,"OK,OK,OK,OK","DELTA,DELTA,DELTA,DELTA",
17.932579,2026-09-05T18:45:38.359+01:00,3834242,1147550,1098,1098,True,True,0x0F,"OK,OK,OK,OK","DELTA,DELTA,DELTA,DELTA",
17.942087,2026-09-05T18:45:38.364+01:00,3835340,1147551,884,884,True,True,0x0F,"OK,OK,OK,OK","DELTA,DELTA,DELTA,DELTA",
17.942946,2026-09-05T18:45:38.374+01:00,3836224,1147552,994,994,True,True,0x0F,"OK,OK,OK,OK","DELTA,DELTA,DELTA,DELTA",
17.947616,2026-09-05T18:45:38.374+01:00,3837218,1147553,1070,1070,True,True,0x0F,"OK,OK,OK,OK","DELTA,DELTA,DELTA,DELTA",
17.952337,2026-09-05T18:45:38.379+01:00,3838288,1147554,1074,1074,True,True,0x0F,"OK,OK,OK,OK","DELTA,DELTA,DELTA,DELTA",
17.958924,2026-09-05T18:45:38.384+01:00,3839362,1147555,870,870,True,True,0x0F,"OK,OK,OK,OK","DELTA,DELTA,DELTA,DELTA",
17.962549,2026-09-05T18:45:38.390+01:00,3840232,1147556,1076,1076,True,True,0x0F,"OK,OK,OK,OK","DELTA,DELTA,DELTA,DELTA",
17.967378,2026-09-05T18:45:38.394+01:00,3841308,1147557,1024,1024,True,True,0x0F,"OK,OK,OK,OK","DELTA,DELTA,DELTA,DELTA",
17.976454,2026-09-05T18:45:38.399+01:00,3842332,1147558,1050,1050,True,True,0x0F,"OK,OK,OK,OK","DELTA,DELTA,DELTA,DELTA",
17.977337,2026-09-05T18:45:38.408+01:00,3843382,1147559,822,822,True,True,0x0F,"OK,OK,OK,OK","DELTA,DELTA,DELTA,DELTA",
17.982343,2026-09-05T18:45:38.409+01:00,3844204,1147560,1052,1052,True,True,0x0F,"OK,OK,OK,OK","DELTA,DELTA,DELTA,DELTA",
17.992855,2026-09-05T18:45:38.414+01:00,3845256,1147561,1012,1012,True,True,0x0F,"OK,OK,OK,OK","DELTA,DELTA,DELTA,DELTA",
17.993759,2026-09-05T18:45:38.424+01:00,3846268,1147562,1026,1026,True,True,0x0F,"OK,OK,OK,OK","DELTA,DELTA,DELTA,DELTA",
17.997341,2026-09-05T18:45:38.425+01:00,3847294,1147563,846,846,True,True,0x0F,"OK,OK,OK,OK","DELTA,DELTA,DELTA,DELTA",
18.002111,2026-09-05T18:45:38.429+01:00,3848140,1147564,996,996,True,True,0x0F,"OK,OK,OK,OK","DELTA,DELTA,DELTA,DELTA",
18.010312,2026-09-05T18:45:38.434+01:00,3849136,1147565,984,984,True,True,0x0F,"OK,OK,OK,OK","DELTA,DELTA,DELTA,DELTA",
18.012180,2026-09-05T18:45:38.442+01:00,3850120,1147566,1036,1036,True,True,0x0F,"OK,OK,OK,OK","DELTA,DELTA,DELTA,DELTA",
18.017325,2026-09-05T18:45:38.444+01:00,3851156,1147567,920,920,True,True,0x0F,"OK,OK,OK,OK","DELTA,DELTA,DELTA,DELTA",
18.027391,2026-09-05T18:45:38.449+01:00,3852076,1147568,990,990,True,True,0x0F,"OK,OK,OK,OK","DELTA,DELTA,DELTA,DELTA",
18.028326,2026-09-05T18:45:38.459+01:00,3853066,1147569,1140,1140,True,True,0x0F,"OK,OK,OK,OK","DELTA,DELTA,DELTA,DELTA",
18.032235,2026-09-05T18:45:38.460+01:00,3854206,1147570,1022,1022,True,True,0x0F,"OK,OK,OK,OK","DELTA,DELTA,DELTA,DELTA",
18.037138,2026-09-05T18:45:38.464+01:00,3855228,1147571,862,862,True,True,0x0F,"OK,OK,OK,OK","DELTA,DELTA,DELTA,DELTA",
18.042316,2026-09-05T18:45:38.469+01:00,3856090,1147572,1028,1028,True,True,0x0F,"OK,OK,OK,OK","DELTA,DELTA,DELTA,DELTA",
18.047213,2026-09-05T18:45:38.474+01:00,3857118,1147573,1104,1104,True,True,0x0F,"OK,OK,OK,OK","DELTA,DELTA,DELTA,DELTA",
18.052095,2026-09-05T18:45:38.479+01:00,3858222,1147574,1074,1074,True,True,0x0F,"OK,OK,OK,OK","DELTA,DELTA,DELTA,DELTA",
18.065891,2026-09-05T18:45:38.484+01:00,3859296,1147575,896,896,True,True,0x0F,"OK,OK,OK,OK","DELTA,DELTA,DELTA,DELTA",
18.069344,2026-09-05T18:45:38.500+01:00,3860192,1147576,1014,1014,True,True,0x0F,"OK,OK,OK,OK","DELTA,DELTA,DELTA,DELTA",
18.070381,2026-09-05T18:45:38.501+01:00,3861206,1147577,1050,1050,True,True,0x0F,"OK,OK,OK,OK","DELTA,DELTA,DELTA,DELTA",
18.072182,2026-09-05T18:45:38.502+01:00,3862256,1147578,1134,1134,True,True,0x0F,"OK,OK,OK,OK","DELTA,DELTA,DELTA,DELTA",
18.077411,2026-09-05T18:45:38.504+01:00,3863390,1147579,822,822,True,True,0x0F,"OK,OK,OK,OK","DELTA,DELTA,DELTA,DELTA",
18.086440,2026-09-05T18:45:38.509+01:00,3864212,1147580,1050,1050,True,True,0x0F,"OK,OK,OK,OK","DELTA,DELTA,DELTA,DELTA",
18.087419,2026-09-05T18:45:38.518+01:00,3865262,1147581,1108,1108,True,True,0x0F,"OK,OK,OK,OK","DELTA,DELTA,DELTA,DELTA",
18.092432,2026-09-05T18:45:38.519+01:00,3866370,1147582,1150,1150,True,True,0x0F,"OK,OK,OK,OK","DELTA,DELTA,DELTA,DELTA",
18.097038,2026-09-05T18:45:38.524+01:00,3867520,1147583,864,864,True,True,0x0F,"OK,OK,OK,OK","DELTA,DELTA,DELTA,DELTA",
18.104570,2026-09-05T18:45:38.529+01:00,3868384,1147584,962,962,True,True,0x0F,"OK,OK,OK,OK","DELTA,DELTA,DELTA,DELTA",
18.107014,2026-09-05T18:45:38.536+01:00,3869346,1147585,1052,1052,True,True,0x0F,"OK,OK,OK,OK","DELTA,DELTA,DELTA,DELTA",
18.112264,2026-09-05T18:45:38.539+01:00,3870398,1147586,980,980,True,True,0x0F,"OK,OK,OK,OK","DELTA,DELTA,DELTA,DELTA",
18.121886,2026-09-05T18:45:38.544+01:00,3871378,1147587,896,896,True,True,0x0F,"OK,OK,OK,OK","DELTA,DELTA,DELTA,DELTA",
18.123131,2026-09-05T18:45:38.554+01:00,3872274,1147588,918,918,True,True,0x0F,"OK,OK,OK,OK","DELTA,DELTA,DELTA,DELTA",
18.127243,2026-09-05T18:45:38.555+01:00,3873192,1147589,1044,1044,True,True,0x0F,"OK,OK,OK,OK","DELTA,DELTA,DELTA,DELTA",
18.132268,2026-09-05T18:45:38.559+01:00,3874236,1147590,1088,1088,True,True,0x0F,"OK,OK,OK,OK","DELTA,DELTA,DELTA,DELTA",
18.139839,2026-09-05T18:45:38.564+01:00,3875324,1147591,788,788,True,True,0x0F,"OK,OK,OK,OK","DELTA,DELTA,DELTA,DELTA",
18.142743,2026-09-05T18:45:38.571+01:00,3876112,1147592,960,960,True,True,0x0F,"OK,OK,OK,OK","DELTA,DELTA,DELTA,DELTA",
18.147338,2026-09-05T18:45:38.574+01:00,3877072,1147593,1100,1100,True,True,0x0F,"OK,OK,OK,OK","DELTA,DELTA,DELTA,DELTA",
18.157379,2026-09-05T18:45:38.579+01:00,3878172,1147594,1024,1024,True,True,0x0F,"OK,OK,OK,OK","DELTA,DELTA,DELTA,DELTA",
18.158298,2026-09-05T18:45:38.589+01:00,3879196,1147595,858,858,True,True,0x0F,"OK,OK,OK,OK","DELTA,DELTA,DELTA,DELTA",
18.162259,2026-09-05T18:45:38.590+01:00,3880054,1147596,890,890,True,True,0x0F,"OK,OK,OK,OK","DELTA,DELTA,DELTA,DELTA",
18.167385,2026-09-05T18:45:38.594+01:00,3880944,1147597,1034,1034,True,True,0x0F,"OK,OK,OK,OK","DELTA,DELTA,DELTA,DELTA",
18.174612,2026-09-05T18:45:38.599+01:00,3881978,1147598,1034,1034,True,True,0x0F,"OK,OK,OK,OK","DELTA,DELTA,DELTA,DELTA",
18.177059,2026-09-05T18:45:38.606+01:00,3883012,1147599,880,880,True,True,0x0F,"OK,OK,OK,OK","DELTA,DELTA,DELTA,DELTA",
18.182338,2026-09-05T18:45:38.609+01:00,3883892,1147600,1016,1016,True,True,0x0F,"OK,OK,OK,OK","DELTA,DELTA,DELTA,DELTA",
18.191248,2026-09-05T18:45:38.614+01:00,3884908,1147601,1120,1120,True,True,0x0F,"OK,OK,OK,OK","DELTA,DELTA,DELTA,DELTA",
18.192216,2026-09-05T18:45:38.623+01:00,3886028,1147602,1048,1048,True,True,0x0F,"OK,OK,OK,OK","DELTA,DELTA,DELTA,DELTA",
18.197029,2026-09-05T18:45:38.624+01:00,3887076,1147603,874,874,True,True,0x0F,"OK,OK,OK,OK","DELTA,DELTA,DELTA,DELTA",
18.202219,2026-09-05T18:45:38.629+01:00,3887950,1147604,930,930,True,True,0x0F,"OK,OK,OK,OK","DELTA,DELTA,DELTA,DELTA",
18.208847,2026-09-05T18:45:38.634+01:00,3888880,1147605,1068,1068,True,True,0x0F,"OK,OK,OK,OK","DELTA,DELTA,DELTA,DELTA",
18.212963,2026-09-05T18:45:38.640+01:00,3889948,1147606,1022,1022,True,True,0x0F,"OK,OK,OK,OK","DELTA,DELTA,DELTA,DELTA",
18.216745,2026-09-05T18:45:38.645+01:00,3890970,1147607,802,802,True,True,0x0F,"OK,OK,OK,OK","DELTA,DELTA,DELTA,DELTA",
18.221843,2026-09-05T18:45:38.648+01:00,3891772,1147608,964,964,True,True,0x0F,"OK,OK,OK,OK","DELTA,DELTA,DELTA,DELTA",
18.230954,2026-09-05T18:45:38.653+01:00,3892736,1147609,1038,1038,True,True,0x0F,"OK,OK,OK,OK","DELTA,DELTA,DELTA,DELTA",
18.232090,2026-09-05T18:45:38.663+01:00,3893774,1147610,1062,1062,True,True,0x0F,"OK,OK,OK,OK","DELTA,DELTA,DELTA,DELTA",
18.244237,2026-09-05T18:45:38.664+01:00,3894836,1147611,902,902,True,True,0x0F,"OK,OK,OK,OK","DELTA,DELTA,DELTA,DELTA",
18.245187,2026-09-05T18:45:38.676+01:00,3895738,1147612,992,992,True,True,0x0F,"OK,OK,OK,OK","DELTA,DELTA,DELTA,DELTA",
18.247159,2026-09-05T18:45:38.677+01:00,3896730,1147613,1054,1054,True,True,0x0F,"OK,OK,OK,OK","DELTA,DELTA,DELTA,DELTA",
18.252176,2026-09-05T18:45:38.679+01:00,3897784,1147614,1060,1060,True,True,0x0F,"OK,OK,OK,OK","DELTA,DELTA,DELTA,DELTA",
18.262138,2026-09-05T18:45:38.684+01:00,3898844,1147615,866,866,True,True,0x0F,"OK,OK,OK,OK","DELTA,DELTA,DELTA,DELTA",
18.262997,2026-09-05T18:45:38.694+01:00,3899710,1147616,962,962,True,True,0x0F,"OK,OK,OK,OK","DELTA,DELTA,DELTA,DELTA",
18.267164,2026-09-05T18:45:38.695+01:00,3900672,1147617,1068,1068,True,True,0x0F,"OK,OK,OK,OK","DELTA,DELTA,DELTA,DELTA",
18.272131,2026-09-05T18:45:38.699+01:00,3901740,1147618,1096,1096,True,True,0x0F,"OK,OK,OK,OK","DELTA,DELTA,DELTA,DELTA",
18.280104,2026-09-05T18:45:38.704+01:00,3902836,1147619,846,846,True,True,0x0F,"OK,OK,OK,OK","DELTA,DELTA,DELTA,DELTA",
18.282080,2026-09-05T18:45:38.712+01:00,3903682,1147620,936,936,True,True,0x0F,"OK,OK,OK,OK","DELTA,DELTA,DELTA,DELTA",
18.287309,2026-09-05T18:45:38.714+01:00,3904618,1147621,1096,1096,True,True,0x0F,"OK,OK,OK,OK","DELTA,DELTA,DELTA,DELTA",
18.296601,2026-09-05T18:45:38.719+01:00,3905714,1147622,1120,1120,True,True,0x0F,"OK,OK,OK,OK","DELTA,DELTA,DELTA,DELTA",
18.297532,2026-09-05T18:45:38.728+01:00,3906834,1147623,814,814,True,True,0x0F,"OK,OK,OK,OK","DELTA,DELTA,DELTA,DELTA",
18.302348,2026-09-05T18:45:38.729+01:00,3907648,1147624,912,912,True,True,0x0F,"OK,OK,OK,OK","DELTA,DELTA,DELTA,DELTA",
18.307132,2026-09-05T18:45:38.734+01:00,3908560,1147625,1082,1082,True,True,0x0F,"OK,OK,OK,OK","DELTA,DELTA,DELTA,DELTA",
18.314772,2026-09-05T18:45:38.739+01:00,3909642,1147626,1166,1166,True,True,0x0F,"OK,OK,OK,OK","DELTA,DELTA,DELTA,DELTA",
18.316915,2026-09-05T18:45:38.746+01:00,3910808,1147627,902,902,True,True,0x0F,"OK,OK,OK,OK","DELTA,DELTA,DELTA,DELTA",
18.321998,2026-09-05T18:45:38.748+01:00,3911710,1147628,972,972,True,True,0x0F,"OK,OK,OK,OK","DELTA,DELTA,DELTA,DELTA",
18.331502,2026-09-05T18:45:38.754+01:00,3912682,1147629,1128,1128,True,True,0x0F,"OK,OK,OK,OK","DELTA,DELTA,DELTA,DELTA",
18.333241,2026-09-05T18:45:38.763+01:00,3913810,1147630,1114,1114,True,True,0x0F,"OK,OK,OK,OK","DELTA,DELTA,DELTA,DELTA",
18.336964,2026-09-05T18:45:38.765+01:00,3914924,1147631,884,884,True,True,0x0F,"OK,OK,OK,OK","DELTA,DELTA,DELTA,DELTA",
18.341922,2026-09-05T18:45:38.769+01:00,3915808,1147632,940,940,True,True,0x0F,"OK,OK,OK,OK","DELTA,DELTA,DELTA,DELTA",
18.348951,2026-09-05T18:45:38.773+01:00,3916748,1147633,1060,1060,True,True,0x0F,"OK,OK,OK,OK","DELTA,DELTA,DELTA,DELTA",
18.352263,2026-09-05T18:45:38.781+01:00,3917808,1147634,1088,1088,True,True,0x0F,"OK,OK,OK,OK","DELTA,DELTA,DELTA,DELTA",
18.356968,2026-09-05T18:45:38.784+01:00,3918896,1147635,886,886,True,True,0x0F,"OK,OK,OK,OK","DELTA,DELTA,DELTA,DELTA",
18.366024,2026-09-05T18:45:38.788+01:00,3919782,1147636,946,946,True,True,0x0F,"OK,OK,OK,OK","DELTA,DELTA,DELTA,DELTA",
18.366997,2026-09-05T18:45:38.798+01:00,3920728,1147637,1072,1072,True,True,0x0F,"OK,OK,OK,OK","DELTA,DELTA,DELTA,DELTA",
18.372421,2026-09-05T18:45:38.799+01:00,3921800,1147638,1092,1092,True,True,0x0F,"OK,OK,OK,OK","DELTA,DELTA,DELTA,DELTA",
18.378209,2026-09-05T18:45:38.804+01:00,3922892,1147639,840,840,True,True,0x0F,"OK,OK,OK,OK","DELTA,DELTA,DELTA,DELTA",
18.382587,2026-09-05T18:45:38.811+01:00,3923732,1147640,938,938,True,True,0x0F,"OK,OK,OK,OK","DELTA,DELTA,DELTA,DELTA",
18.386917,2026-09-05T18:45:38.814+01:00,3924670,1147641,1128,1128,True,True,0x0F,"OK,OK,OK,OK","DELTA,DELTA,DELTA,DELTA",
18.392127,2026-09-05T18:45:38.818+01:00,3925798,1147642,1168,1168,True,True,0x0F,"OK,OK,OK,OK","DELTA,DELTA,DELTA,DELTA",
18.408469,2026-09-05T18:45:38.824+01:00,3926966,1147643,976,976,True,True,0x0F,"OK,OK,OK,OK","DELTA,DELTA,DELTA,DELTA",
18.409440,2026-09-05T18:45:38.840+01:00,3927942,1147644,940,940,True,True,0x0F,"OK,OK,OK,OK","DELTA,DELTA,DELTA,DELTA",
18.410354,2026-09-05T18:45:38.841+01:00,3928882,1147645,1062,1062,True,True,0x0F,"OK,OK,OK,OK","DELTA,DELTA,DELTA,DELTA",
18.411991,2026-09-05T18:45:38.842+01:00,3929944,1147646,1118,1118,True,True,0x0F,"OK,OK,OK,OK","DELTA,DELTA,DELTA,DELTA",
18.417148,2026-09-05T18:45:38.844+01:00,3931062,1147647,908,908,True,True,0x0F,"OK,OK,OK,OK","DELTA,DELTA,DELTA,DELTA",
18.426597,2026-09-05T18:45:38.849+01:00,3931970,1147648,1020,1020,True,True,0x0F,"OK,OK,OK,OK","DELTA,DELTA,DELTA,DELTA",
18.427901,2026-09-05T18:45:38.858+01:00,3932990,1147649,1080,1080,True,True,0x0F,"OK,OK,OK,OK","DELTA,DELTA,DELTA,DELTA",
18.432109,2026-09-05T18:45:38.859+01:00,3934070,1147650,1122,1122,True,True,0x0F,"OK,OK,OK,OK","DELTA,DELTA,DELTA,DELTA",
18.436830,2026-09-05T18:45:38.864+01:00,3935192,1147651,848,848,True,True,0x0F,"OK,OK,OK,OK","DELTA,DELTA,DELTA,DELTA",
18.444020,2026-09-05T18:45:38.868+01:00,3936040,1147652,918,918,True,True,0x0F,"OK,OK,OK,OK","DELTA,DELTA,DELTA,DELTA",
18.447058,2026-09-05T18:45:38.876+01:00,3936958,1147653,1020,1020,True,True,0x0F,"OK,OK,OK,OK","DELTA,DELTA,DELTA,DELTA",
18.451832,2026-09-05T18:45:38.879+01:00,3937978,1147654,990,990,True,True,0x0F,"OK,OK,OK,OK","DELTA,DELTA,DELTA,DELTA",
18.460607,2026-09-05T18:45:38.883+01:00,3938968,1147655,888,888,True,True,0x0F,"OK,OK,OK,OK","DELTA,DELTA,DELTA,DELTA",
18.462083,2026-09-05T18:45:38.892+01:00,3939856,1147656,954,954,True,True,0x0F,"OK,OK,OK,OK","DELTA,DELTA,DELTA,DELTA",
18.466909,2026-09-05T18:45:38.894+01:00,3940810,1147657,1026,1026,True,True,0x0F,"OK,OK,OK,OK","DELTA,DELTA,DELTA,DELTA",
18.473017,2026-09-05T18:45:38.898+01:00,3941836,1147658,1060,1060,True,True,0x0F,"OK,OK,OK,OK","DELTA,DELTA,DELTA,DELTA",
18.478288,2026-09-05T18:45:38.905+01:00,3942896,1147659,846,846,True,True,0x0F,"OK,OK,OK,OK","DELTA,DELTA,DELTA,DELTA",
18.482036,2026-09-05T18:45:38.910+01:00,3943742,1147660,878,878,True,True,0x0F,"OK,OK,OK,OK","DELTA,DELTA,DELTA,DELTA",
18.486748,2026-09-05T18:45:38.914+01:00,3944620,1147661,992,992,True,True,0x0F,"OK,OK,OK,OK","DELTA,DELTA,DELTA,DELTA",
18.495158,2026-09-05T18:45:38.918+01:00,3945612,1147662,1062,1062,True,True,0x0F,"OK,OK,OK,OK","DELTA,DELTA,DELTA,DELTA",
18.497246,2026-09-05T18:45:38.927+01:00,3946674,1147663,932,932,True,True,0x0F,"OK,OK,OK,OK","DELTA,DELTA,DELTA,DELTA",
18.502002,2026-09-05T18:45:38.929+01:00,3947606,1147664,874,874,True,True,0x0F,"OK,OK,OK,OK","DELTA,DELTA,DELTA,DELTA",
18.513028,2026-09-05T18:45:38.934+01:00,3948480,1147665,1108,1108,True,True,0x0F,"OK,OK,OK,OK","DELTA,DELTA,DELTA,DELTA",
18.514027,2026-09-05T18:45:38.945+01:00,3949588,1147666,1026,1026,True,True,0x0F,"OK,OK,OK,OK","DELTA,DELTA,DELTA,DELTA",
18.516925,2026-09-05T18:45:38.946+01:00,3950614,1147667,868,868,True,True,0x0F,"OK,OK,OK,OK","DELTA,DELTA,DELTA,DELTA",
18.521903,2026-09-05T18:45:38.948+01:00,3951482,1147668,862,862,True,True,0x0F,"OK,OK,OK,OK","DELTA,DELTA,DELTA,DELTA",
18.530410,2026-09-05T18:45:38.953+01:00,3952344,1147669,1022,1022,True,True,0x0F,"OK,OK,OK,OK","DELTA,DELTA,DELTA,DELTA",
18.531975,2026-09-05T18:45:38.962+01:00,3953366,1147670,1176,1176,True,True,0x0F,"OK,OK,OK,OK","DELTA,DELTA,DELTA,DELTA",
18.537084,2026-09-05T18:45:38.963+01:00,3954542,1147671,934,934,True,True,0x0F,"OK,OK,OK,OK","DELTA,DELTA,DELTA,DELTA",
18.542160,2026-09-05T18:45:38.969+01:00,3955476,1147672,972,972,True,True,0x0F,"OK,OK,OK,OK","DELTA,DELTA,DELTA,DELTA",
18.546940,2026-09-05T18:45:38.974+01:00,3956448,1147673,1050,1050,True,True,0x0F,"OK,OK,OK,OK","DELTA,DELTA,DELTA,DELTA",
18.551944,2026-09-05T18:45:38.978+01:00,3957498,1147674,1062,1062,True,True,0x0F,"OK,OK,OK,OK","DELTA,DELTA,DELTA,DELTA",
18.556807,2026-09-05T18:45:38.983+01:00,3958560,1147675,914,914,True,True,0x0F,"OK,OK,OK,OK","DELTA,DELTA,DELTA,DELTA",
18.568764,2026-09-05T18:45:38.988+01:00,3959474,1147676,998,998,True,True,0x0F,"OK,OK,OK,OK","DELTA,DELTA,DELTA,DELTA",
18.569416,2026-09-05T18:45:39.000+01:00,3960472,1147677,1084,1084,True,True,0x0F,"OK,OK,OK,OK","DELTA,DELTA,DELTA,DELTA",
18.582967,2026-09-05T18:45:39.004+01:00,3961556,1147678,1072,1072,True,True,0x0F,"OK,OK,OK,OK","DELTA,DELTA,DELTA,DELTA",
18.583905,2026-09-05T18:45:39.015+01:00,3962628,1147679,960,960,True,True,0x0F,"OK,OK,OK,OK","DELTA,DELTA,DELTA,DELTA",
18.584791,2026-09-05T18:45:39.015+01:00,3963588,1147680,916,916,True,True,0x0F,"OK,OK,OK,OK","DELTA,DELTA,DELTA,DELTA",
18.586984,2026-09-05T18:45:39.017+01:00,3964504,1147681,1066,1066,True,True,0x0F,"OK,OK,OK,OK","DELTA,DELTA,DELTA,DELTA",
18.591943,2026-09-05T18:45:39.018+01:00,3965570,1147682,1124,1124,True,True,0x0F,"OK,OK,OK,OK","DELTA,DELTA,DELTA,DELTA",
18.599617,2026-09-05T18:45:39.023+01:00,3966694,1147683,830,830,True,True,0x0F,"OK,OK,OK,OK","DELTA,DELTA,DELTA,DELTA",
18.601695,2026-09-05T18:45:39.031+01:00,3967524,1147684,944,944,True,True,0x0F,"OK,OK,OK,OK","DELTA,DELTA,DELTA,DELTA",
18.606807,2026-09-05T18:45:39.033+01:00,3968468,1147685,1110,1110,True,True,0x0F,"OK,OK,OK,OK","DELTA,DELTA,DELTA,DELTA",
18.616109,2026-09-05T18:45:39.039+01:00,3969578,1147686,1118,1118,True,True,0x0F,"OK,OK,OK,OK","DELTA,DELTA,DELTA,DELTA",
18.616994,2026-09-05T18:45:39.048+01:00,3970696,1147687,888,888,True,True,0x0F,"OK,OK,OK,OK","DELTA,DELTA,DELTA,DELTA",
18.622348,2026-09-05T18:45:39.049+01:00,3971584,1147688,888,888,True,True,0x0F,"OK,OK,OK,OK","DELTA,DELTA,DELTA,DELTA",
18.632844,2026-09-05T18:45:39.054+01:00,3972472,1147689,1104,1104,True,True,0x0F,"OK,OK,OK,OK","DELTA,DELTA,DELTA,DELTA",
18.633810,2026-09-05T18:45:39.064+01:00,3973576,1147690,1000,1000,True,True,0x0F,"OK,OK,OK,OK","DELTA,DELTA,DELTA,DELTA",
18.636996,2026-09-05T18:45:39.066+01:00,3974576,1147691,928,928,True,True,0x0F,"OK,OK,OK,OK","DELTA,DELTA,DELTA,DELTA",
18.641637,2026-09-05T18:45:39.069+01:00,3975504,1147692,900,900,True,True,0x0F,"OK,OK,OK,OK","DELTA,DELTA,DELTA,DELTA",
18.649952,2026-09-05T18:45:39.073+01:00,3976404,1147693,1108,1108,True,True,0x0F,"OK,OK,OK,OK","DELTA,DELTA,DELTA,DELTA",
18.651709,2026-09-05T18:45:39.082+01:00,3977512,1147694,1062,1062,True,True,0x0F,"OK,OK,OK,OK","DELTA,DELTA,DELTA,DELTA",
18.656731,2026-09-05T18:45:39.083+01:00,3978574,1147695,908,908,True,True,0x0F,"OK,OK,OK,OK","DELTA,DELTA,DELTA,DELTA",
18.666389,2026-09-05T18:45:39.088+01:00,3979482,1147696,896,896,True,True,0x0F,"OK,OK,OK,OK","DELTA,DELTA,DELTA,DELTA",
18.667355,2026-09-05T18:45:39.098+01:00,3980378,1147697,1138,1138,True,True,0x0F,"OK,OK,OK,OK","DELTA,DELTA,DELTA,DELTA",
18.671914,2026-09-05T18:45:39.099+01:00,3981516,1147698,1084,1084,True,True,0x0F,"OK,OK,OK,OK","DELTA,DELTA,DELTA,DELTA",
18.676905,2026-09-05T18:45:39.103+01:00,3982600,1147699,924,924,True,True,0x0F,"OK,OK,OK,OK","DELTA,DELTA,DELTA,DELTA",
18.683954,2026-09-05T18:45:39.108+01:00,3983524,1147700,916,916,True,True,0x0F,"OK,OK,OK,OK","DELTA,DELTA,DELTA,DELTA",
18.686756,2026-09-05T18:45:39.115+01:00,3984440,1147701,1052,1052,True,True,0x0F,"OK,OK,OK,OK","DELTA,DELTA,DELTA,DELTA",
18.691920,2026-09-05T18:45:39.119+01:00,3985492,1147702,1026,1026,True,True,0x0F,"OK,OK,OK,OK","DELTA,DELTA,DELTA,DELTA",
18.700257,2026-09-05T18:45:39.123+01:00,3986518,1147703,896,896,True,True,0x0F,"OK,OK,OK,OK","DELTA,DELTA,DELTA,DELTA",
18.701708,2026-09-05T18:45:39.132+01:00,3987414,1147704,898,898,True,True,0x0F,"OK,OK,OK,OK","DELTA,DELTA,DELTA,DELTA",
18.706724,2026-09-05T18:45:39.133+01:00,3988312,1147705,1028,1028,True,True,0x0F,"OK,OK,OK,OK","DELTA,DELTA,DELTA,DELTA",
18.712176,2026-09-05T18:45:39.138+01:00,3989340,1147706,1052,1052,True,True,0x0F,"OK,OK,OK,OK","DELTA,DELTA,DELTA,DELTA",
18.716891,2026-09-05T18:45:39.144+01:00,3990392,1147707,892,892,True,True,0x0F,"OK,OK,OK,OK","DELTA,DELTA,DELTA,DELTA",
18.721678,2026-09-05T18:45:39.148+01:00,3991284,1147708,918,918,True,True,0x0F,"OK,OK,OK,OK","DELTA,DELTA,DELTA,DELTA",
18.726610,2026-09-05T18:45:39.153+01:00,3992202,1147709,1044,1044,True,True,0x0F,"OK,OK,OK,OK","DELTA,DELTA,DELTA,DELTA",
18.742067,2026-09-05T18:45:39.158+01:00,3993246,1147710,1070,1070,True,True,0x0F,"OK,OK,OK,OK","DELTA,DELTA,DELTA,DELTA",
18.743857,2026-09-05T18:45:39.174+01:00,3994316,1147711,1004,1004,True,True,0x0F,"OK,OK,OK,OK","DELTA,DELTA,DELTA,DELTA",
18.745347,2026-09-05T18:45:39.175+01:00,3995320,1147712,886,886,True,True,0x0F,"OK,OK,OK,OK","DELTA,DELTA,DELTA,DELTA",
18.747174,2026-09-05T18:45:39.177+01:00,3996206,1147713,4216,4216,True,True,0x0F,"OK,OK,OK,OK","DELTA_SYNC,DELTA_SYNC,DELTA_SYNC,DELTA_SYNC",
18.751917,2026-09-05T18:45:39.179+01:00,4000422,1147714,1006,1006,True,True,0x0F,"OK,OK,OK,OK","DELTA,DELTA,DELTA,DELTA",
18.761519,2026-09-05T18:45:39.184+01:00,4001428,1147715,924,924,True,True,0x0F,"OK,OK,OK,OK","DELTA,DELTA,DELTA,DELTA",
18.763026,2026-09-05T18:45:39.193+01:00,4002352,1147716,910,910,True,True,0x0F,"OK,OK,OK,OK","DELTA,DELTA,DELTA,DELTA",
18.766804,2026-09-05T18:45:39.195+01:00,4003262,1147717,1104,1104,True,True,0x0F,"OK,OK,OK,OK","DELTA,DELTA,DELTA,DELTA",
18.771528,2026-09-05T18:45:39.198+01:00,4004366,1147718,1000,1000,True,True,0x0F,"OK,OK,OK,OK","DELTA,DELTA,DELTA,DELTA",
18.779857,2026-09-05T18:45:39.203+01:00,4005366,1147719,914,914,True,True,0x0F,"OK,OK,OK,OK","DELTA,DELTA,DELTA,DELTA",
18.781716,2026-09-05T18:45:39.211+01:00,4006280,1147720,914,914,True,True,0x0F,"OK,OK,OK,OK","DELTA,DELTA,DELTA,DELTA",
18.786767,2026-09-05T18:45:39.213+01:00,4007194,1147721,1034,1034,True,True,0x0F,"OK,OK,OK,OK","DELTA,DELTA,DELTA,DELTA",
18.797088,2026-09-05T18:45:39.219+01:00,4008228,1147722,1056,1056,True,True,0x0F,"OK,OK,OK,OK","DELTA,DELTA,DELTA,DELTA",
18.798406,2026-09-05T18:45:39.229+01:00,4009284,1147723,854,854,True,True,0x0F,"OK,OK,OK,OK","DELTA,DELTA,DELTA,DELTA",
18.801859,2026-09-05T18:45:39.230+01:00,4010138,1147724,898,898,True,True,0x0F,"OK,OK,OK,OK","DELTA,DELTA,DELTA,DELTA",
18.806648,2026-09-05T18:45:39.233+01:00,4011036,1147725,1042,1042,True,True,0x0F,"OK,OK,OK,OK","DELTA,DELTA,DELTA,DELTA",
18.814667,2026-09-05T18:45:39.238+01:00,4012078,1147726,1044,1044,True,True,0x0F,"OK,OK,OK,OK","DELTA,DELTA,DELTA,DELTA",
18.816494,2026-09-05T18:45:39.246+01:00,4013122,1147727,888,888,True,True,0x0F,"OK,OK,OK,OK","DELTA,DELTA,DELTA,DELTA",
18.821590,2026-09-05T18:45:39.248+01:00,4014010,1147728,914,914,True,True,0x0F,"OK,OK,OK,OK","DELTA,DELTA,DELTA,DELTA",
18.831457,2026-09-05T18:45:39.253+01:00,4014924,1147729,1032,1032,True,True,0x0F,"OK,OK,OK,OK","DELTA,DELTA,DELTA,DELTA",
18.832422,2026-09-05T18:45:39.263+01:00,4015956,1147730,1174,1174,True,True,0x0F,"OK,OK,OK,OK","DELTA,DELTA,DELTA,DELTA",
18.836849,2026-09-05T18:45:39.264+01:00,4017130,1147731,1002,1002,True,True,0x0F,"OK,OK,OK,OK","DELTA,DELTA,DELTA,DELTA",
18.841495,2026-09-05T18:45:39.268+01:00,4018132,1147732,864,864,True,True,0x0F,"OK,OK,OK,OK","DELTA,DELTA,DELTA,DELTA",
18.848491,2026-09-05T18:45:39.273+01:00,4018996,1147733,1040,1040,True,True,0x0F,"OK,OK,OK,OK","DELTA,DELTA,DELTA,DELTA",
18.851773,2026-09-05T18:45:39.280+01:00,4020036,1147734,1074,1074,True,True,0x0F,"OK,OK,OK,OK","DELTA,DELTA,DELTA,DELTA",
18.856624,2026-09-05T18:45:39.283+01:00,4021110,1147735,1002,1002,True,True,0x0F,"OK,OK,OK,OK","DELTA,DELTA,DELTA,DELTA",
18.865469,2026-09-05T18:45:39.288+01:00,4022112,1147736,950,950,True,True,0x0F,"OK,OK,OK,OK","DELTA,DELTA,DELTA,DELTA",
18.866918,2026-09-05T18:45:39.297+01:00,4023062,1147737,1102,1102,True,True,0x0F,"OK,OK,OK,OK","DELTA,DELTA,DELTA,DELTA",
18.871734,2026-09-05T18:45:39.299+01:00,4024164,1147738,1114,1114,True,True,0x0F,"OK,OK,OK,OK","DELTA,DELTA,DELTA,DELTA",
18.877562,2026-09-05T18:45:39.304+01:00,4025278,1147739,1034,1034,True,True,0x0F,"OK,OK,OK,OK","DELTA,DELTA,DELTA,DELTA",
18.882512,2026-09-05T18:45:39.309+01:00,4026312,1147740,992,992,True,True,0x0F,"OK,OK,OK,OK","DELTA,DELTA,DELTA,DELTA",
18.886602,2026-09-05T18:45:39.314+01:00,4027304,1147741,1146,1146,True,True,0x0F,"OK,OK,OK,OK","DELTA,DELTA,DELTA,DELTA",
18.891552,2026-09-05T18:45:39.318+01:00,4028450,1147742,1074,1074,True,True,0x0F,"OK,OK,OK,OK","DELTA,DELTA,DELTA,DELTA",
18.896304,2026-09-05T18:45:39.323+01:00,4029524,1147743,892,892,True,True,0x0F,"OK,OK,OK,OK","DELTA,DELTA,DELTA,DELTA",
18.906041,2026-09-05T18:45:39.328+01:00,4030416,1147744,1008,1008,True,True,0x0F,"OK,OK,OK,OK","DELTA,DELTA,DELTA,DELTA",
18.906699,2026-09-05T18:45:39.338+01:00,4031424,1147745,1140,1140,True,True,0x0F,"OK,OK,OK,OK","DELTA,DELTA,DELTA,DELTA",
18.916213,2026-09-05T18:45:39.338+01:00,4032564,1147746,1058,1058,True,True,0x0F,"OK,OK,OK,OK","DELTA,DELTA,DELTA,DELTA",
18.921054,2026-09-05T18:45:39.348+01:00,4033622,1147747,984,984,True,True,0x0F,"OK,OK,OK,OK","DELTA,DELTA,DELTA,DELTA",
18.921915,2026-09-05T18:45:39.353+01:00,4034606,1147748,914,914,True,True,0x0F,"OK,OK,OK,OK","DELTA,DELTA,DELTA,DELTA",
18.926761,2026-09-05T18:45:39.354+01:00,4035520,1147749,1156,1156,True,True,0x0F,"OK,OK,OK,OK","DELTA,DELTA,DELTA,DELTA",
18.931509,2026-09-05T18:45:39.359+01:00,4036676,1147750,1092,1092,True,True,0x0F,"OK,OK,OK,OK","DELTA,DELTA,DELTA,DELTA",
18.937932,2026-09-05T18:45:39.363+01:00,4037768,1147751,1010,1010,True,True,0x0F,"OK,OK,OK,OK","DELTA,DELTA,DELTA,DELTA",
18.942286,2026-09-05T18:45:39.369+01:00,4038778,1147752,916,916,True,True,0x0F,"OK,OK,OK,OK","DELTA,DELTA,DELTA,DELTA",
18.946759,2026-09-05T18:45:39.374+01:00,4039694,1147753,1082,1082,True,True,0x0F,"OK,OK,OK,OK","DELTA,DELTA,DELTA,DELTA",
18.954846,2026-09-05T18:45:39.378+01:00,4040776,1147754,1110,1110,True,True,0x0F,"OK,OK,OK,OK","DELTA,DELTA,DELTA,DELTA",
18.956334,2026-09-05T18:45:39.386+01:00,4041886,1147755,906,906,True,True,0x0F,"OK,OK,OK,OK","DELTA,DELTA,DELTA,DELTA",
18.961445,2026-09-05T18:45:39.388+01:00,4042792,1147756,904,904,True,True,0x0F,"OK,OK,OK,OK","DELTA,DELTA,DELTA,DELTA",
18.972265,2026-09-05T18:45:39.393+01:00,4043696,1147757,1000,1000,True,True,0x0F,"OK,OK,OK,OK","DELTA,DELTA,DELTA,DELTA",
18.973506,2026-09-05T18:45:39.404+01:00,4044696,1147758,1100,1100,True,True,0x0F,"OK,OK,OK,OK","DELTA,DELTA,DELTA,DELTA",
18.976593,2026-09-05T18:45:39.405+01:00,4045796,1147759,992,992,True,True,0x0F,"OK,OK,OK,OK","DELTA,DELTA,DELTA,DELTA",
18.981568,2026-09-05T18:45:39.408+01:00,4046788,1147760,888,888,True,True,0x0F,"OK,OK,OK,OK","DELTA,DELTA,DELTA,DELTA",
18.989446,2026-09-05T18:45:39.413+01:00,4047676,1147761,1070,1070,True,True,0x0F,"OK,OK,OK,OK","DELTA,DELTA,DELTA,DELTA",
18.991572,2026-09-05T18:45:39.421+01:00,4048746,1147762,1164,1164,True,True,0x0F,"OK,OK,OK,OK","DELTA,DELTA,DELTA,DELTA",
18.996757,2026-09-05T18:45:39.423+01:00,4049910,1147763,1034,1034,True,True,0x0F,"OK,OK,OK,OK","DELTA,DELTA,DELTA,DELTA",
19.006816,2026-09-05T18:45:39.428+01:00,4050944,1147764,896,896,True,True,0x0F,"OK,OK,OK,OK","DELTA,DELTA,DELTA,DELTA",
19.007712,2026-09-05T18:45:39.438+01:00,4051840,1147765,1070,1070,True,True,0x0F,"OK,OK,OK,OK","DELTA,DELTA,DELTA,DELTA",
19.011622,2026-09-05T18:45:39.439+01:00,4052910,1147766,1044,1044,True,True,0x0F,"OK,OK,OK,OK","DELTA,DELTA,DELTA,DELTA",
19.016699,2026-09-05T18:45:39.443+01:00,4053954,1147767,988,988,True,True,0x0F,"OK,OK,OK,OK","DELTA,DELTA,DELTA,DELTA",
19.023867,2026-09-05T18:45:39.448+01:00,4054942,1147768,962,962,True,True,0x0F,"OK,OK,OK,OK","DELTA,DELTA,DELTA,DELTA",
19.026777,2026-09-05T18:45:39.455+01:00,4055904,1147769,1072,1072,True,True,0x0F,"OK,OK,OK,OK","DELTA,DELTA,DELTA,DELTA",
19.031467,2026-09-05T18:45:39.458+01:00,4056976,1147770,1026,1026,True,True,0x0F,"OK,OK,OK,OK","DELTA,DELTA,DELTA,DELTA",
19.041463,2026-09-05T18:45:39.463+01:00,4058002,1147771,958,958,True,True,0x0F,"OK,OK,OK,OK","DELTA,DELTA,DELTA,DELTA",
19.042223,2026-09-05T18:45:39.473+01:00,4058960,1147772,844,844,True,True,0x0F,"OK,OK,OK,OK","DELTA,DELTA,DELTA,DELTA",
19.046853,2026-09-05T18:45:39.474+01:00,4059804,1147773,1048,1048,True,True,0x0F,"OK,OK,OK,OK","DELTA,DELTA,DELTA,DELTA",
19.051624,2026-09-05T18:45:39.478+01:00,4060852,1147774,1064,1064,True,True,0x0F,"OK,OK,OK,OK","DELTA,DELTA,DELTA,DELTA",
19.056936,2026-09-05T18:45:39.483+01:00,4061916,1147775,1076,1076,True,True,0x0F,"OK,OK,OK,OK","DELTA,DELTA,DELTA,DELTA",
19.061741,2026-09-05T18:45:39.488+01:00,4062992,1147776,898,898,True,True,0x0F,"OK,OK,OK,OK","DELTA,DELTA,DELTA,DELTA",
19.066473,2026-09-05T18:45:39.493+01:00,4063890,1147777,1140,1140,True,True,0x0F,"OK,OK,OK,OK","DELTA,DELTA,DELTA,DELTA",
19.071432,2026-09-05T18:45:39.498+01:00,4065030,1147778,1072,1072,True,True,0x0F,"OK,OK,OK,OK","DELTA,DELTA,DELTA,DELTA",
19.080223,2026-09-05T18:45:39.503+01:00,4066102,1147779,990,990,True,True,0x0F,"OK,OK,OK,OK","DELTA,DELTA,DELTA,DELTA",
19.084660,2026-09-05T18:45:39.513+01:00,4067092,1147780,932,932,True,True,0x0F,"OK,OK,OK,OK","DELTA,DELTA,DELTA,DELTA",
19.086798,2026-09-05T18:45:39.516+01:00,4068024,1147781,1068,1068,True,True,0x0F,"OK,OK,OK,OK","DELTA,DELTA,DELTA,DELTA",
19.091746,2026-09-05T18:45:39.518+01:00,4069092,1147782,1130,1130,True,True,0x0F,"OK,OK,OK,OK","DELTA,DELTA,DELTA,DELTA",
19.101814,2026-09-05T18:45:39.523+01:00,4070222,1147783,944,944,True,True,0x0F,"OK,OK,OK,OK","DELTA,DELTA,DELTA,DELTA",
19.102643,2026-09-05T18:45:39.533+01:00,4071166,1147784,890,890,True,True,0x0F,"OK,OK,OK,OK","DELTA,DELTA,DELTA,DELTA",
19.106691,2026-09-05T18:45:39.534+01:00,4072056,1147785,1086,1086,True,True,0x0F,"OK,OK,OK,OK","DELTA,DELTA,DELTA,DELTA",
19.111512,2026-09-05T18:45:39.538+01:00,4073142,1147786,1050,1050,True,True,0x0F,"OK,OK,OK,OK","DELTA,DELTA,DELTA,DELTA",
19.119127,2026-09-05T18:45:39.543+01:00,4074192,1147787,948,948,True,True,0x0F,"OK,OK,OK,OK","DELTA,DELTA,DELTA,DELTA",
19.121502,2026-09-05T18:45:39.551+01:00,4075140,1147788,928,928,True,True,0x0F,"OK,OK,OK,OK","DELTA,DELTA,DELTA,DELTA",
19.126549,2026-09-05T18:45:39.553+01:00,4076068,1147789,1180,1180,True,True,0x0F,"OK,OK,OK,OK","DELTA,DELTA,DELTA,DELTA",
19.133335,2026-09-05T18:45:39.558+01:00,4077248,1147790,1202,1202,True,True,0x0F,"OK,OK,OK,OK","DELTA,DELTA,DELTA,DELTA",
19.137068,2026-09-05T18:45:39.565+01:00,4078450,1147791,1012,1012,True,True,0x0F,"OK,OK,OK,OK","DELTA,DELTA,DELTA,DELTA",
19.141542,2026-09-05T18:45:39.569+01:00,4079462,1147792,874,874,True,True,0x0F,"OK,OK,OK,OK","DELTA,DELTA,DELTA,DELTA",
19.146441,2026-09-05T18:45:39.573+01:00,4080336,1147793,1026,1026,True,True,0x0F,"OK,OK,OK,OK","DELTA,DELTA,DELTA,DELTA",
19.153658,2026-09-05T18:45:39.578+01:00,4081362,1147794,1168,1168,True,True,0x0F,"OK,OK,OK,OK","DELTA,DELTA,DELTA,DELTA",
19.156451,2026-09-05T18:45:39.585+01:00,4082530,1147795,1010,1010,True,True,0x0F,"OK,OK,OK,OK","DELTA,DELTA,DELTA,DELTA",
19.161388,2026-09-05T18:45:39.588+01:00,4083540,1147796,970,970,True,True,0x0F,"OK,OK,OK,OK","DELTA,DELTA,DELTA,DELTA",
19.170054,2026-09-05T18:45:39.593+01:00,4084510,1147797,1142,1142,True,True,0x0F,"OK,OK,OK,OK","DELTA,DELTA,DELTA,DELTA",
19.171540,2026-09-05T18:45:39.602+01:00,4085652,1147798,1078,1078,True,True,0x0F,"OK,OK,OK,OK","DELTA,DELTA,DELTA,DELTA",
19.176281,2026-09-05T18:45:39.603+01:00,4086730,1147799,928,928,True,True,0x0F,"OK,OK,OK,OK","DELTA,DELTA,DELTA,DELTA",
19.186292,2026-09-05T18:45:39.608+01:00,4087658,1147800,926,926,True,True,0x0F,"OK,OK,OK,OK","DELTA,DELTA,DELTA,DELTA",
19.186855,2026-09-05T18:45:39.618+01:00,4088584,1147801,1022,1022,True,True,0x0F,"OK,OK,OK,OK","DELTA,DELTA,DELTA,DELTA",
19.191608,2026-09-05T18:45:39.618+01:00,4089606,1147802,1098,1098,True,True,0x0F,"OK,OK,OK,OK","DELTA,DELTA,DELTA,DELTA",
19.196843,2026-09-05T18:45:39.623+01:00,4090704,1147803,1028,1028,True,True,0x0F,"OK,OK,OK,OK","DELTA,DELTA,DELTA,DELTA",
19.203894,2026-09-05T18:45:39.628+01:00,4091732,1147804,978,978,True,True,0x0F,"OK,OK,OK,OK","DELTA,DELTA,DELTA,DELTA",
19.206628,2026-09-05T18:45:39.635+01:00,4092710,1147805,1116,1116,True,True,0x0F,"OK,OK,OK,OK","DELTA,DELTA,DELTA,DELTA",
19.211560,2026-09-05T18:45:39.638+01:00,4093826,1147806,1086,1086,True,True,0x0F,"OK,OK,OK,OK","DELTA,DELTA,DELTA,DELTA",
19.217189,2026-09-05T18:45:39.643+01:00,4094912,1147807,1060,1060,True,True,0x0F,"OK,OK,OK,OK","DELTA,DELTA,DELTA,DELTA",
19.221975,2026-09-05T18:45:39.649+01:00,4095972,1147808,938,938,True,True,0x0F,"OK,OK,OK,OK","DELTA,DELTA,DELTA,DELTA",
19.226590,2026-09-05T18:45:39.653+01:00,4096910,1147809,1040,1040,True,True,0x0F,"OK,OK,OK,OK","DELTA,DELTA,DELTA,DELTA",
19.231323,2026-09-05T18:45:39.658+01:00,4097950,1147810,1142,1142,True,True,0x0F,"OK,OK,OK,OK","DELTA,DELTA,DELTA,DELTA",
19.241949,2026-09-05T18:45:39.663+01:00,4099092,1147811,1056,1056,True,True,0x0F,"OK,OK,OK,OK","DELTA,DELTA,DELTA,DELTA",
19.242533,2026-09-05T18:45:39.674+01:00,4100148,1147812,904,904,True,True,0x0F,"OK,OK,OK,OK","DELTA,DELTA,DELTA,DELTA",
19.250003,2026-09-05T18:45:39.674+01:00,4101052,1147813,1068,1068,True,True,0x0F,"OK,OK,OK,OK","DELTA,DELTA,DELTA,DELTA",
19.256900,2026-09-05T18:45:39.682+01:00,4102120,1147814,1094,1094,True,True,0x0F,"OK,OK,OK,OK","DELTA,DELTA,DELTA,DELTA",
19.257718,2026-09-05T18:45:39.688+01:00,4103214,1147815,1006,1006,True,True,0x0F,"OK,OK,OK,OK","DELTA,DELTA,DELTA,DELTA",
19.261285,2026-09-05T18:45:39.689+01:00,4104220,1147816,908,908,True,True,0x0F,"OK,OK,OK,OK","DELTA,DELTA,DELTA,DELTA",
19.266788,2026-09-05T18:45:39.693+01:00,4105128,1147817,1116,1116,True,True,0x0F,"OK,OK,OK,OK","DELTA,DELTA,DELTA,DELTA",
19.275737,2026-09-05T18:45:39.698+01:00,4106244,1147818,1084,1084,True,True,0x0F,"OK,OK,OK,OK","DELTA,DELTA,DELTA,DELTA",
19.276619,2026-09-05T18:45:39.707+01:00,4107328,1147819,1026,1026,True,True,0x0F,"OK,OK,OK,OK","DELTA,DELTA,DELTA,DELTA",
19.282403,2026-09-05T18:45:39.708+01:00,4108354,1147820,926,926,True,True,0x0F,"OK,OK,OK,OK","DELTA,DELTA,DELTA,DELTA",
19.286213,2026-09-05T18:45:39.714+01:00,4109280,1147821,1046,1046,True,True,0x0F,"OK,OK,OK,OK","DELTA,DELTA,DELTA,DELTA",
19.293925,2026-09-05T18:45:39.718+01:00,4110326,1147822,1128,1128,True,True,0x0F,"OK,OK,OK,OK","DELTA,DELTA,DELTA,DELTA",
19.296539,2026-09-05T18:45:39.725+01:00,4111454,1147823,1018,1018,True,True,0x0F,"OK,OK,OK,OK","DELTA,DELTA,DELTA,DELTA",
19.301369,2026-09-05T18:45:39.728+01:00,4112472,1147824,936,936,True,True,0x0F,"OK,OK,OK,OK","DELTA,DELTA,DELTA,DELTA",
19.310718,2026-09-05T18:45:39.733+01:00,4113408,1147825,1038,1038,True,True,0x0F,"OK,OK,OK,OK","DELTA,DELTA,DELTA,DELTA",
19.311278,2026-09-05T18:45:39.742+01:00,4114446,1147826,1028,1028,True,True,0x0F,"OK,OK,OK,OK","DELTA,DELTA,DELTA,DELTA",
19.316470,2026-09-05T18:45:39.743+01:00,4115474,1147827,1000,1000,True,True,0x0F,"OK,OK,OK,OK","DELTA,DELTA,DELTA,DELTA",
19.321374,2026-09-05T18:45:39.748+01:00,4116474,1147828,942,942,True,True,0x0F,"OK,OK,OK,OK","DELTA,DELTA,DELTA,DELTA",
19.328000,2026-09-05T18:45:39.753+01:00,4117416,1147829,1030,1030,True,True,0x0F,"OK,OK,OK,OK","DELTA,DELTA,DELTA,DELTA",
19.331499,2026-09-05T18:45:39.760+01:00,4118446,1147830,1094,1094,True,True,0x0F,"OK,OK,OK,OK","DELTA,DELTA,DELTA,DELTA",
19.336481,2026-09-05T18:45:39.763+01:00,4119540,1147831,972,972,True,True,0x0F,"OK,OK,OK,OK","DELTA,DELTA,DELTA,DELTA",
19.344163,2026-09-05T18:45:39.768+01:00,4120512,1147832,882,882,True,True,0x0F,"OK,OK,OK,OK","DELTA,DELTA,DELTA,DELTA",
19.346189,2026-09-05T18:45:39.776+01:00,4121394,1147833,1066,1066,True,True,0x0F,"OK,OK,OK,OK","DELTA,DELTA,DELTA,DELTA",
19.351287,2026-09-05T18:45:39.778+01:00,4122460,1147834,1086,1086,True,True,0x0F,"OK,OK,OK,OK","DELTA,DELTA,DELTA,DELTA",
19.361770,2026-09-05T18:45:39.783+01:00,4123546,1147835,980,980,True,True,0x0F,"OK,OK,OK,OK","DELTA,DELTA,DELTA,DELTA",
19.362750,2026-09-05T18:45:39.793+01:00,4124526,1147836,824,824,True,True,0x0F,"OK,OK,OK,OK","DELTA,DELTA,DELTA,DELTA",
19.366399,2026-09-05T18:45:39.794+01:00,4125350,1147837,1026,1026,True,True,0x0F,"OK,OK,OK,OK","DELTA,DELTA,DELTA,DELTA",
19.371523,2026-09-05T18:45:39.798+01:00,4126376,1147838,1060,1060,True,True,0x0F,"OK,OK,OK,OK","DELTA,DELTA,DELTA,DELTA",
19.378692,2026-09-05T18:45:39.803+01:00,4127436,1147839,1066,1066,True,True,0x0F,"OK,OK,OK,OK","DELTA,DELTA,DELTA,DELTA",
19.381234,2026-09-05T18:45:39.810+01:00,4128502,1147840,934,934,True,True,0x0F,"OK,OK,OK,OK","DELTA,DELTA,DELTA,DELTA",
19.386533,2026-09-05T18:45:39.813+01:00,4129436,1147841,1064,1064,True,True,0x0F,"OK,OK,OK,OK","DELTA,DELTA,DELTA,DELTA",
19.392001,2026-09-05T18:45:39.818+01:00,4130500,1147842,1096,1096,True,True,0x0F,"OK,OK,OK,OK","DELTA,DELTA,DELTA,DELTA",
19.396715,2026-09-05T18:45:39.824+01:00,4131596,1147843,942,942,True,True,0x0F,"OK,OK,OK,OK","DELTA,DELTA,DELTA,DELTA",
19.401136,2026-09-05T18:45:39.828+01:00,4132538,1147844,860,860,True,True,0x0F,"OK,OK,OK,OK","DELTA,DELTA,DELTA,DELTA",
19.406034,2026-09-05T18:45:39.833+01:00,4133398,1147845,1012,1012,True,True,0x0F,"OK,OK,OK,OK","DELTA,DELTA,DELTA,DELTA",
19.421683,2026-09-05T18:45:39.838+01:00,4134410,1147846,1064,1064,True,True,0x0F,"OK,OK,OK,OK","DELTA,DELTA,DELTA,DELTA",
19.422602,2026-09-05T18:45:39.853+01:00,4135474,1147847,996,996,True,True,0x0F,"OK,OK,OK,OK","DELTA,DELTA,DELTA,DELTA",
19.423478,2026-09-05T18:45:39.854+01:00,4136470,1147848,970,970,True,True,0x0F,"OK,OK,OK,OK","DELTA,DELTA,DELTA,DELTA",
19.426475,2026-09-05T18:45:39.855+01:00,4137440,1147849,1104,1104,True,True,0x0F,"OK,OK,OK,OK","DELTA,DELTA,DELTA,DELTA",
19.431219,2026-09-05T18:45:39.858+01:00,4138544,1147850,1140,1140,True,True,0x0F,"OK,OK,OK,OK","DELTA,DELTA,DELTA,DELTA",
19.439479,2026-09-05T18:45:39.863+01:00,4139684,1147851,1060,1060,True,True,0x0F,"OK,OK,OK,OK","DELTA,DELTA,DELTA,DELTA",
19.441584,2026-09-05T18:45:39.871+01:00,4140744,1147852,916,916,True,True,0x0F,"OK,OK,OK,OK","DELTA,DELTA,DELTA,DELTA",
19.446685,2026-09-05T18:45:39.873+01:00,4141660,1147853,1100,1100,True,True,0x0F,"OK,OK,OK,OK","DELTA,DELTA,DELTA,DELTA",
19.456822,2026-09-05T18:45:39.878+01:00,4142760,1147854,1120,1120,True,True,0x0F,"OK,OK,OK,OK","DELTA,DELTA,DELTA,DELTA",
19.457741,2026-09-05T18:45:39.888+01:00,4143880,1147855,1088,1088,True,True,0x0F,"OK,OK,OK,OK","DELTA,DELTA,DELTA,DELTA",
19.461419,2026-09-05T18:45:39.889+01:00,4144968,1147856,920,920,True,True,0x0F,"OK,OK,OK,OK","DELTA,DELTA,DELTA,DELTA",
19.466269,2026-09-05T18:45:39.893+01:00,4145888,1147857,1042,1042,True,True,0x0F,"OK,OK,OK,OK","DELTA,DELTA,DELTA,DELTA",
19.474113,2026-09-05T18:45:39.898+01:00,4146930,1147858,1058,1058,True,True,0x0F,"OK,OK,OK,OK","DELTA,DELTA,DELTA,DELTA",
19.476437,2026-09-05T18:45:39.906+01:00,4147988,1147859,1042,1042,True,True,0x0F,"OK,OK,OK,OK","DELTA,DELTA,DELTA,DELTA",
19.481245,2026-09-05T18:45:39.908+01:00,4149030,1147860,1008,1008,True,True,0x0F,"OK,OK,OK,OK","DELTA,DELTA,DELTA,DELTA",
19.490677,2026-09-05T18:45:39.913+01:00,4150038,1147861,1036,1036,True,True,0x0F,"OK,OK,OK,OK","DELTA,DELTA,DELTA,DELTA",
19.491633,2026-09-05T18:45:39.922+01:00,4151074,1147862,1066,1066,True,True,0x0F,"OK,OK,OK,OK","DELTA,DELTA,DELTA,DELTA",
19.496214,2026-09-05T18:45:39.923+01:00,4152140,1147863,1050,1050,True,True,0x0F,"OK,OK,OK,OK","DELTA,DELTA,DELTA,DELTA",
19.501066,2026-09-05T18:45:39.928+01:00,4153190,1147864,942,942,True,True,0x0F,"OK,OK,OK,OK","DELTA,DELTA,DELTA,DELTA",
19.508101,2026-09-05T18:45:39.933+01:00,4154132,1147865,1020,1020,True,True,0x0F,"OK,OK,OK,OK","DELTA,DELTA,DELTA,DELTA",
19.511422,2026-09-05T18:45:39.940+01:00,4155152,1147866,1020,1020,True,True,0x0F,"OK,OK,OK,OK","DELTA,DELTA,DELTA,DELTA",
19.516347,2026-09-05T18:45:39.943+01:00,4156172,1147867,1000,1000,True,True,0x0F,"OK,OK,OK,OK","DELTA,DELTA,DELTA,DELTA",
19.524691,2026-09-05T18:45:39.948+01:00,4157172,1147868,908,908,True,True,0x0F,"OK,OK,OK,OK","DELTA,DELTA,DELTA,DELTA",
19.526359,2026-09-05T18:45:39.956+01:00,4158080,1147869,1112,1112,True,True,0x0F,"OK,OK,OK,OK","DELTA,DELTA,DELTA,DELTA",
19.531571,2026-09-05T18:45:39.958+01:00,4159192,1147870,1094,1094,True,True,0x0F,"OK,OK,OK,OK","DELTA,DELTA,DELTA,DELTA",
19.541939,2026-09-05T18:45:39.963+01:00,4160286,1147871,996,996,True,True,0x0F,"OK,OK,OK,OK","DELTA,DELTA,DELTA,DELTA",
19.542791,2026-09-05T18:45:39.973+01:00,4161282,1147872,892,892,True,True,0x0F,"OK,OK,OK,OK","DELTA,DELTA,DELTA,DELTA",
19.546254,2026-09-05T18:45:39.974+01:00,4162174,1147873,1124,1124,True,True,0x0F,"OK,OK,OK,OK","DELTA,DELTA,DELTA,DELTA",
19.551737,2026-09-05T18:45:39.978+01:00,4163298,1147874,1160,1160,True,True,0x0F,"OK,OK,OK,OK","DELTA,DELTA,DELTA,DELTA",
19.556689,2026-09-05T18:45:39.983+01:00,4164458,1147875,1006,1006,True,True,0x0F,"OK,OK,OK,OK","DELTA,DELTA,DELTA,DELTA",
19.561636,2026-09-05T18:45:39.988+01:00,4165464,1147876,914,914,True,True,0x0F,"OK,OK,OK,OK","DELTA,DELTA,DELTA,DELTA",
19.566299,2026-09-05T18:45:39.993+01:00,4166378,1147877,1008,1008,True,True,0x0F,"OK,OK,OK,OK","DELTA,DELTA,DELTA,DELTA",
19.570993,2026-09-05T18:45:39.998+01:00,4167386,1147878,1048,1048,True,True,0x0F,"OK,OK,OK,OK","DELTA,DELTA,DELTA,DELTA",
19.582633,2026-09-05T18:45:40.003+01:00,4168434,1147879,1128,1128,True,True,0x0F,"OK,OK,OK,OK","DELTA,DELTA,DELTA,DELTA",
19.583210,2026-09-05T18:45:40.014+01:00,4169562,1147880,846,846,True,True,0x0F,"OK,OK,OK,OK","DELTA,DELTA,DELTA,DELTA",
19.596269,2026-09-05T18:45:40.015+01:00,4170408,1147881,1062,1062,True,True,0x0F,"OK,OK,OK,OK","DELTA,DELTA,DELTA,DELTA",
19.598238,2026-09-05T18:45:40.028+01:00,4171470,1147882,1016,1016,True,True,0x0F,"OK,OK,OK,OK","DELTA,DELTA,DELTA,DELTA",
19.599247,2026-09-05T18:45:40.030+01:00,4172486,1147883,994,994,True,True,0x0F,"OK,OK,OK,OK","DELTA,DELTA,DELTA,DELTA",
19.601384,2026-09-05T18:45:40.031+01:00,4173480,1147884,888,888,True,True,0x0F,"OK,OK,OK,OK","DELTA,DELTA,DELTA,DELTA",
19.606410,2026-09-05T18:45:40.033+01:00,4174368,1147885,1116,1116,True,True,0x0F,"OK,OK,OK,OK","DELTA,DELTA,DELTA,DELTA",
19.615344,2026-09-05T18:45:40.038+01:00,4175484,1147886,1060,1060,True,True,0x0F,"OK,OK,OK,OK","DELTA,DELTA,DELTA,DELTA",
19.616727,2026-09-05T18:45:40.047+01:00,4176544,1147887,1022,1022,True,True,0x0F,"OK,OK,OK,OK","DELTA,DELTA,DELTA,DELTA",
19.621344,2026-09-05T18:45:40.048+01:00,4177566,1147888,850,850,True,True,0x0F,"OK,OK,OK,OK","DELTA,DELTA,DELTA,DELTA",
19.625953,2026-09-05T18:45:40.053+01:00,4178416,1147889,1016,1016,True,True,0x0F,"OK,OK,OK,OK","DELTA,DELTA,DELTA,DELTA",
19.632973,2026-09-05T18:45:40.057+01:00,4179432,1147890,1090,1090,True,True,0x0F,"OK,OK,OK,OK","DELTA,DELTA,DELTA,DELTA",
19.636410,2026-09-05T18:45:40.064+01:00,4180522,1147891,1070,1070,True,True,0x0F,"OK,OK,OK,OK","DELTA,DELTA,DELTA,DELTA",
19.641026,2026-09-05T18:45:40.068+01:00,4181592,1147892,938,938,True,True,0x0F,"OK,OK,OK,OK","DELTA,DELTA,DELTA,DELTA",
19.648851,2026-09-05T18:45:40.073+01:00,4182530,1147893,1062,1062,True,True,0x0F,"OK,OK,OK,OK","DELTA,DELTA,DELTA,DELTA",
19.651533,2026-09-05T18:45:40.080+01:00,4183592,1147894,1104,1104,True,True,0x0F,"OK,OK,OK,OK","DELTA,DELTA,DELTA,DELTA",
19.656492,2026-09-05T18:45:40.083+01:00,4184696,1147895,1014,1014,True,True,0x0F,"OK,OK,OK,OK","DELTA,DELTA,DELTA,DELTA",
19.667216,2026-09-05T18:45:40.088+01:00,4185710,1147896,894,894,True,True,0x0F,"OK,OK,OK,OK","DELTA,DELTA,DELTA,DELTA",
19.668179,2026-09-05T18:45:40.099+01:00,4186604,1147897,1058,1058,True,True,0x0F,"OK,OK,OK,OK","DELTA,DELTA,DELTA,DELTA",
19.671103,2026-09-05T18:45:40.100+01:00,4187662,1147898,1100,1100,True,True,0x0F,"OK,OK,OK,OK","DELTA,DELTA,DELTA,DELTA",
19.676338,2026-09-05T18:45:40.103+01:00,4188762,1147899,1022,1022,True,True,0x0F,"OK,OK,OK,OK","DELTA,DELTA,DELTA,DELTA",
19.685900,2026-09-05T18:45:40.108+01:00,4189784,1147900,868,868,True,True,0x0F,"OK,OK,OK,OK","DELTA,DELTA,DELTA,DELTA",
19.687407,2026-09-05T18:45:40.117+01:00,4190652,1147901,1046,1046,True,True,0x0F,"OK,OK,OK,OK","DELTA,DELTA,DELTA,DELTA",
19.691582,2026-09-05T18:45:40.119+01:00,4191698,1147902,1078,1078,True,True,0x0F,"OK,OK,OK,OK","DELTA,DELTA,DELTA,DELTA",
19.696292,2026-09-05T18:45:40.123+01:00,4192776,1147903,1032,1032,True,True,0x0F,"OK,OK,OK,OK","DELTA,DELTA,DELTA,DELTA",
19.704291,2026-09-05T18:45:40.128+01:00,4193808,1147904,834,834,True,True,0x0F,"OK,OK,OK,OK","DELTA,DELTA,DELTA,DELTA",
19.706064,2026-09-05T18:45:40.136+01:00,4194642,1147905,1034,1034,True,True,0x0F,"OK,OK,OK,OK","DELTA,DELTA,DELTA,DELTA",
19.711118,2026-09-05T18:45:40.138+01:00,4195676,1147906,1070,1070,True,True,0x0F,"OK,OK,OK,OK","DELTA,DELTA,DELTA,DELTA",
19.721548,2026-09-05T18:45:40.143+01:00,4196746,1147907,1028,1028,True,True,0x0F,"OK,OK,OK,OK","DELTA,DELTA,DELTA,DELTA",
19.723039,2026-09-05T18:45:40.153+01:00,4197774,1147908,874,874,True,True,0x0F,"OK,OK,OK,OK","DELTA,DELTA,DELTA,DELTA",
19.726260,2026-09-05T18:45:40.155+01:00,4198648,1147909,1028,1028,True,True,0x0F,"OK,OK,OK,OK","DELTA,DELTA,DELTA,DELTA",
19.731363,2026-09-05T18:45:40.158+01:00,4199676,1147910,1096,1096,True,True,0x0F,"OK,OK,OK,OK","DELTA,DELTA,DELTA,DELTA",
19.736317,2026-09-05T18:45:40.163+01:00,4200772,1147911,1088,1088,True,True,0x0F,"OK,OK,OK,OK","DELTA,DELTA,DELTA,DELTA",
19.741438,2026-09-05T18:45:40.168+01:00,4201860,1147912,918,918,True,True,0x0F,"OK,OK,OK,OK","DELTA,DELTA,DELTA,DELTA",
19.746055,2026-09-05T18:45:40.173+01:00,4202778,1147913,4216,4216,True,True,0x0F,"OK,OK,OK,OK","DELTA_SYNC,DELTA_SYNC,DELTA_SYNC,DELTA_SYNC",
19.750874,2026-09-05T18:45:40.178+01:00,4206994,1147914,1026,1026,True,True,0x0F,"OK,OK,OK,OK","DELTA,DELTA,DELTA,DELTA",
19.764811,2026-09-05T18:45:40.182+01:00,4208020,1147915,1082,1082,True,True,0x0F,"OK,OK,OK,OK","DELTA,DELTA,DELTA,DELTA",
19.765958,2026-09-05T18:45:40.196+01:00,4209102,1147916,952,952,True,True,0x0F,"OK,OK,OK,OK","DELTA,DELTA,DELTA,DELTA",
19.766863,2026-09-05T18:45:40.197+01:00,4210054,1147917,1040,1040,True,True,0x0F,"OK,OK,OK,OK","DELTA,DELTA,DELTA,DELTA",
19.771314,2026-09-05T18:45:40.198+01:00,4211094,1147918,994,994,True,True,0x0F,"OK,OK,OK,OK","DELTA,DELTA,DELTA,DELTA",
19.775993,2026-09-05T18:45:40.203+01:00,4212088,1147919,1052,1052,True,True,0x0F,"OK,OK,OK,OK","DELTA,DELTA,DELTA,DELTA",
19.783850,2026-09-05T18:45:40.208+01:00,4213140,1147920,896,896,True,True,0x0F,"OK,OK,OK,OK","DELTA,DELTA,DELTA,DELTA",
19.785963,2026-09-05T18:45:40.215+01:00,4214036,1147921,1010,1010,True,True,0x0F,"OK,OK,OK,OK","DELTA,DELTA,DELTA,DELTA",
19.790963,2026-09-05T18:45:40.217+01:00,4215046,1147922,1052,1052,True,True,0x0F,"OK,OK,OK,OK","DELTA,DELTA,DELTA,DELTA",
19.801294,2026-09-05T18:45:40.222+01:00,4216098,1147923,1016,1016,True,True,0x0F,"OK,OK,OK,OK","DELTA,DELTA,DELTA,DELTA",
19.802380,2026-09-05T18:45:40.233+01:00,4217114,1147924,926,926,True,True,0x0F,"OK,OK,OK,OK","DELTA,DELTA,DELTA,DELTA",
19.806085,2026-09-05T18:45:40.234+01:00,4218040,1147925,980,980,True,True,0x0F,"OK,OK,OK,OK","DELTA,DELTA,DELTA,DELTA",
19.811034,2026-09-05T18:45:40.238+01:00,4219020,1147926,1058,1058,True,True,0x0F,"OK,OK,OK,OK","DELTA,DELTA,DELTA,DELTA",
19.819716,2026-09-05T18:45:40.243+01:00,4220078,1147927,1020,1020,True,True,0x0F,"OK,OK,OK,OK","DELTA,DELTA,DELTA,DELTA",
19.821092,2026-09-05T18:45:40.251+01:00,4221098,1147928,904,904,True,True,0x0F,"OK,OK,OK,OK","DELTA,DELTA,DELTA,DELTA",
19.826232,2026-09-05T18:45:40.253+01:00,4222002,1147929,952,952,True,True,0x0F,"OK,OK,OK,OK","DELTA,DELTA,DELTA,DELTA",
19.836934,2026-09-05T18:45:40.258+01:00,4222954,1147930,1056,1056,True,True,0x0F,"OK,OK,OK,OK","DELTA,DELTA,DELTA,DELTA",
19.837778,2026-09-05T18:45:40.268+01:00,4224010,1147931,1004,1004,True,True,0x0F,"OK,OK,OK,OK","DELTA,DELTA,DELTA,DELTA",
19.841092,2026-09-05T18:45:40.269+01:00,4225014,1147932,972,972,True,True,0x0F,"OK,OK,OK,OK","DELTA,DELTA,DELTA,DELTA",
19.846116,2026-09-05T18:45:40.273+01:00,4225986,1147933,1016,1016,True,True,0x0F,"OK,OK,OK,OK","DELTA,DELTA,DELTA,DELTA",
19.853742,2026-09-05T18:45:40.278+01:00,4227002,1147934,1068,1068,True,True,0x0F,"OK,OK,OK,OK","DELTA,DELTA,DELTA,DELTA",
19.856024,2026-09-05T18:45:40.285+01:00,4228070,1147935,1080,1080,True,True,0x0F,"OK,OK,OK,OK","DELTA,DELTA,DELTA,DELTA",
19.860766,2026-09-05T18:45:40.288+01:00,4229150,1147936,936,936,True,True,0x0F,"OK,OK,OK,OK","DELTA,DELTA,DELTA,DELTA",
19.870457,2026-09-05T18:45:40.292+01:00,4230086,1147937,1008,1008,True,True,0x0F,"OK,OK,OK,OK","DELTA,DELTA,DELTA,DELTA",
19.871404,2026-09-05T18:45:40.302+01:00,4231094,1147938,1114,1114,True,True,0x0F,"OK,OK,OK,OK","DELTA,DELTA,DELTA,DELTA",
19.876059,2026-09-05T18:45:40.303+01:00,4232208,1147939,1008,1008,True,True,0x0F,"OK,OK,OK,OK","DELTA,DELTA,DELTA,DELTA",
19.880740,2026-09-05T18:45:40.308+01:00,4233216,1147940,876,876,True,True,0x0F,"OK,OK,OK,OK","DELTA,DELTA,DELTA,DELTA",
19.887293,2026-09-05T18:45:40.312+01:00,4234092,1147941,1010,1010,True,True,0x0F,"OK,OK,OK,OK","DELTA,DELTA,DELTA,DELTA",
19.891038,2026-09-05T18:45:40.319+01:00,4235102,1147942,1118,1118,True,True,0x0F,"OK,OK,OK,OK","DELTA,DELTA,DELTA,DELTA",
19.896755,2026-09-05T18:45:40.323+01:00,4236220,1147943,1088,1088,True,True,0x0F,"OK,OK,OK,OK","DELTA,DELTA,DELTA,DELTA",
19.901332,2026-09-05T18:45:40.328+01:00,4237308,1147944,870,870,True,True,0x0F,"OK,OK,OK,OK","DELTA,DELTA,DELTA,DELTA",
19.906341,2026-09-05T18:45:40.333+01:00,4238178,1147945,1020,1020,True,True,0x0F,"OK,OK,OK,OK","DELTA,DELTA,DELTA,DELTA",
19.911014,2026-09-05T18:45:40.338+01:00,4239198,1147946,1104,1104,True,True,0x0F,"OK,OK,OK,OK","DELTA,DELTA,DELTA,DELTA",
19.915841,2026-09-05T18:45:40.343+01:00,4240302,1147947,1062,1062,True,True,0x0F,"OK,OK,OK,OK","DELTA,DELTA,DELTA,DELTA",
19.927881,2026-09-05T18:45:40.347+01:00,4241364,1147948,888,888,True,True,0x0F,"OK,OK,OK,OK","DELTA,DELTA,DELTA,DELTA",
19.928594,2026-09-05T18:45:40.359+01:00,4242252,1147949,1028,1028,True,True,0x0F,"OK,OK,OK,OK","DELTA,DELTA,DELTA,DELTA",
19.935010,2026-09-05T18:45:40.360+01:00,4243280,1147950,1126,1126,True,True,0x0F,"OK,OK,OK,OK","DELTA,DELTA,DELTA,DELTA",
19.941444,2026-09-05T18:45:40.367+01:00,4244406,1147951,1072,1072,True,True,0x0F,"OK,OK,OK,OK","DELTA,DELTA,DELTA,DELTA",
19.942280,2026-09-05T18:45:40.373+01:00,4245478,1147952,938,938,True,True,0x0F,"OK,OK,OK,OK","DELTA,DELTA,DELTA,DELTA",
19.946438,2026-09-05T18:45:40.374+01:00,4246416,1147953,1000,1000,True,True,0x0F,"OK,OK,OK,OK","DELTA,DELTA,DELTA,DELTA",
19.951668,2026-09-05T18:45:40.378+01:00,4247416,1147954,1074,1074,True,True,0x0F,"OK,OK,OK,OK","DELTA,DELTA,DELTA,DELTA",
19.960147,2026-09-05T18:45:40.383+01:00,4248490,1147955,1084,1084,True,True,0x0F,"OK,OK,OK,OK","DELTA,DELTA,DELTA,DELTA",
19.961130,2026-09-05T18:45:40.392+01:00,4249574,1147956,894,894,True,True,0x0F,"OK,OK,OK,OK","DELTA,DELTA,DELTA,DELTA",
19.966414,2026-09-05T18:45:40.394+01:00,4250468,1147957,1026,1026,True,True,0x0F,"OK,OK,OK,OK","DELTA,DELTA,DELTA,DELTA",
19.970987,2026-09-05T18:45:40.398+01:00,4251494,1147958,1006,1006,True,True,0x0F,"OK,OK,OK,OK","DELTA,DELTA,DELTA,DELTA",
19.979167,2026-09-05T18:45:40.403+01:00,4252500,1147959,1024,1024,True,True,0x0F,"OK,OK,OK,OK","DELTA,DELTA,DELTA,DELTA",
19.980921,2026-09-05T18:45:40.411+01:00,4253524,1147960,868,868,True,True,0x0F,"OK,OK,OK,OK","DELTA,DELTA,DELTA,DELTA",
19.986013,2026-09-05T18:45:40.412+01:00,4254392,1147961,1020,1020,True,True,0x0F,"OK,OK,OK,OK","DELTA,DELTA,DELTA,DELTA",
19.995918,2026-09-05T18:45:40.418+01:00,4255412,1147962,1138,1138,True,True,0x0F,"OK,OK,OK,OK","DELTA,DELTA,DELTA,DELTA",
19.997011,2026-09-05T18:45:40.428+01:00,4256550,1147963,1090,1090,True,True,0x0F,"OK,OK,OK,OK","DELTA,DELTA,DELTA,DELTA",
20.000946,2026-09-05T18:45:40.429+01:00,4257640,1147964,876,876,True,True,0x0F,"OK,OK,OK,OK","DELTA,DELTA,DELTA,DELTA",
20.005964,2026-09-05T18:45:40.433+01:00,4258516,1147965,980,980,True,True,0x0F,"OK,OK,OK,OK","DELTA,DELTA,DELTA,DELTA",
20.013286,2026-09-05T18:45:40.437+01:00,4259496,1147966,1106,1106,True,True,0x0F,"OK,OK,OK,OK","DELTA,DELTA,DELTA,DELTA",
20.016460,2026-09-05T18:45:40.445+01:00,4260602,1147967,1080,1080,True,True,0x0F,"OK,OK,OK,OK","DELTA,DELTA,DELTA,DELTA",
20.020936,2026-09-05T18:45:40.448+01:00,4261682,1147968,916,916,True,True,0x0F,"OK,OK,OK,OK","DELTA,DELTA,DELTA,DELTA",
20.029589,2026-09-05T18:45:40.452+01:00,4262598,1147969,1034,1034,True,True,0x0F,"OK,OK,OK,OK","DELTA,DELTA,DELTA,DELTA",
20.031072,2026-09-05T18:45:40.461+01:00,4263632,1147970,1096,1096,True,True,0x0F,"OK,OK,OK,OK","DELTA,DELTA,DELTA,DELTA",
20.035996,2026-09-05T18:45:40.463+01:00,4264728,1147971,1068,1068,True,True,0x0F,"OK,OK,OK,OK","DELTA,DELTA,DELTA,DELTA",
20.046714,2026-09-05T18:45:40.468+01:00,4265796,1147972,934,934,True,True,0x0F,"OK,OK,OK,OK","DELTA,DELTA,DELTA,DELTA",
20.047690,2026-09-05T18:45:40.478+01:00,4266730,1147973,956,956,True,True,0x0F,"OK,OK,OK,OK","DELTA,DELTA,DELTA,DELTA",
20.050997,2026-09-05T18:45:40.479+01:00,4267686,1147974,956,956,True,True,0x0F,"OK,OK,OK,OK","DELTA,DELTA,DELTA,DELTA",
20.055982,2026-09-05T18:45:40.483+01:00,4268642,1147975,1026,1026,True,True,0x0F,"OK,OK,OK,OK","DELTA,DELTA,DELTA,DELTA",
20.063935,2026-09-05T18:45:40.488+01:00,4269668,1147976,884,884,True,True,0x0F,"OK,OK,OK,OK","DELTA,DELTA,DELTA,DELTA",
20.065895,2026-09-05T18:45:40.496+01:00,4270552,1147977,926,926,True,True,0x0F,"OK,OK,OK,OK","DELTA,DELTA,DELTA,DELTA",
20.070958,2026-09-05T18:45:40.497+01:00,4271478,1147978,1056,1056,True,True,0x0F,"OK,OK,OK,OK","DELTA,DELTA,DELTA,DELTA",
20.076999,2026-09-05T18:45:40.502+01:00,4272534,1147979,1068,1068,True,True,0x0F,"OK,OK,OK,OK","DELTA,DELTA,DELTA,DELTA",
20.081924,2026-09-05T18:45:40.509+01:00,4273602,1147980,928,928,True,True,0x0F,"OK,OK,OK,OK","DELTA,DELTA,DELTA,DELTA",
20.085638,2026-09-05T18:45:40.513+01:00,4274530,1147981,998,998,True,True,0x0F,"OK,OK,OK,OK","DELTA,DELTA,DELTA,DELTA",
20.090838,2026-09-05T18:45:40.517+01:00,4275528,1147982,1094,1094,True,True,0x0F,"OK,OK,OK,OK","DELTA,DELTA,DELTA,DELTA",
20.105461,2026-09-05T18:45:40.522+01:00,4276622,1147983,1156,1156,True,True,0x0F,"OK,OK,OK,OK","DELTA,DELTA,DELTA,DELTA",
20.106645,2026-09-05T18:45:40.537+01:00,4277778,1147984,860,860,True,True,0x0F,"OK,OK,OK,OK","DELTA,DELTA,DELTA,DELTA",
20.107781,2026-09-05T18:45:40.538+01:00,4278638,1147985,1026,1026,True,True,0x0F,"OK,OK,OK,OK","DELTA,DELTA,DELTA,DELTA",
20.110939,2026-09-05T18:45:40.539+01:00,4279664,1147986,1064,1064,True,True,0x0F,"OK,OK,OK,OK","DELTA,DELTA,DELTA,DELTA",
20.116093,2026-09-05T18:45:40.542+01:00,4280728,1147987,1028,1028,True,True,0x0F,"OK,OK,OK,OK","DELTA,DELTA,DELTA,DELTA",
20.123313,2026-09-05T18:45:40.548+01:00,4281756,1147988,840,840,True,True,0x0F,"OK,OK,OK,OK","DELTA,DELTA,DELTA,DELTA",
20.125975,2026-09-05T18:45:40.555+01:00,4282596,1147989,1008,1008,True,True,0x0F,"OK,OK,OK,OK","DELTA,DELTA,DELTA,DELTA",
20.131091,2026-09-05T18:45:40.557+01:00,4283604,1147990,1142,1142,True,True,0x0F,"OK,OK,OK,OK","DELTA,DELTA,DELTA,DELTA",
20.139177,2026-09-05T18:45:40.563+01:00,4284746,1147991,1096,1096,True,True,0x0F,"OK,OK,OK,OK","DELTA,DELTA,DELTA,DELTA",
20.141025,2026-09-05T18:45:40.571+01:00,4285842,1147992,922,922,True,True,0x0F,"OK,OK,OK,OK","DELTA,DELTA,DELTA,DELTA",
20.146515,2026-09-05T18:45:40.573+01:00,4286764,1147993,1024,1024,True,True,0x0F,"OK,OK,OK,OK","DELTA,DELTA,DELTA,DELTA",
20.156380,2026-09-05T18:45:40.578+01:00,4287788,1147994,1156,1156,True,True,0x0F,"OK,OK,OK,OK","DELTA,DELTA,DELTA,DELTA",
20.157648,2026-09-05T18:45:40.588+01:00,4288944,1147995,1058,1058,True,True,0x0F,"OK,OK,OK,OK","DELTA,DELTA,DELTA,DELTA",
20.160933,2026-09-05T18:45:40.589+01:00,4290002,1147996,816,816,True,True,0x0F,"OK,OK,OK,OK","DELTA,DELTA,DELTA,DELTA",
20.166089,2026-09-05T18:45:40.592+01:00,4290818,1147997,1000,1000,True,True,0x0F,"OK,OK,OK,OK","DELTA,DELTA,DELTA,DELTA",
20.173402,2026-09-05T18:45:40.598+01:00,4291818,1147998,1074,1074,True,True,0x0F,"OK,OK,OK,OK","DELTA,DELTA,DELTA,DELTA",
20.175939,2026-09-05T18:45:40.605+01:00,4292892,1147999,1130,1130,True,True,0x0F,"OK,OK,OK,OK","DELTA,DELTA,DELTA,DELTA",
20.181104,2026-09-05T18:45:40.607+01:00,4294022,1148000,960,960,True,True,0x0F,"OK,OK,OK,OK","DELTA,DELTA,DELTA,DELTA",
20.186629,2026-09-05T18:45:40.613+01:00,4294982,1148001,992,992,True,True,0x0F,"OK,OK,OK,OK","DELTA,DELTA,DELTA,DELTA",
20.191099,2026-09-05T18:45:40.618+01:00,4295974,1148002,1026,1026,True,True,0x0F,"OK,OK,OK,OK","DELTA,DELTA,DELTA,DELTA",
20.196227,2026-09-05T18:45:40.623+01:00,4297000,1148003,1100,1100,True,True,0x0F,"OK,OK,OK,OK","DELTA,DELTA,DELTA,DELTA",
20.206619,2026-09-05T18:45:40.628+01:00,4298100,1148004,854,854,True,True,0x0F,"OK,OK,OK,OK","DELTA,DELTA,DELTA,DELTA",
20.207769,2026-09-05T18:45:40.638+01:00,4298954,1148005,1026,1026,True,True,0x0F,"OK,OK,OK,OK","DELTA,DELTA,DELTA,DELTA",
20.210923,2026-09-05T18:45:40.639+01:00,4299980,1148006,1080,1080,True,True,0x0F,"OK,OK,OK,OK","DELTA,DELTA,DELTA,DELTA",
20.215997,2026-09-05T18:45:40.642+01:00,4301060,1148007,1086,1086,True,True,0x0F,"OK,OK,OK,OK","DELTA,DELTA,DELTA,DELTA",
20.224341,2026-09-05T18:45:40.648+01:00,4302146,1148008,916,916,True,True,0x0F,"OK,OK,OK,OK","DELTA,DELTA,DELTA,DELTA",
20.227310,2026-09-05T18:45:40.656+01:00,4303062,1148009,970,970,True,True,0x0F,"OK,OK,OK,OK","DELTA,DELTA,DELTA,DELTA",
20.230892,2026-09-05T18:45:40.659+01:00,4304032,1148010,1058,1058,True,True,0x0F,"OK,OK,OK,OK","DELTA,DELTA,DELTA,DELTA",
20.235672,2026-09-05T18:45:40.663+01:00,4305090,1148011,1108,1108,True,True,0x0F,"OK,OK,OK,OK","DELTA,DELTA,DELTA,DELTA",
20.241562,2026-09-05T18:45:40.667+01:00,4306198,1148012,824,824,True,True,0x0F,"OK,OK,OK,OK","DELTA,DELTA,DELTA,DELTA",
20.245976,2026-09-05T18:45:40.673+01:00,4307022,1148013,1054,1054,True,True,0x0F,"OK,OK,OK,OK","DELTA,DELTA,DELTA,DELTA",
20.250628,2026-09-05T18:45:40.678+01:00,4308076,1148014,1114,1114,True,True,0x0F,"OK,OK,OK,OK","DELTA,DELTA,DELTA,DELTA",
20.262814,2026-09-05T18:45:40.682+01:00,4309190,1148015,1112,1112,True,True,0x0F,"OK,OK,OK,OK","DELTA,DELTA,DELTA,DELTA",
20.263415,2026-09-05T18:45:40.694+01:00,4310302,1148016,858,858,True,True,0x0F,"OK,OK,OK,OK","DELTA,DELTA,DELTA,DELTA",
20.275627,2026-09-05T18:45:40.695+01:00,4311160,1148017,964,964,True,True,0x0F,"OK,OK,OK,OK","DELTA,DELTA,DELTA,DELTA",
20.276599,2026-09-05T18:45:40.707+01:00,4312124,1148018,1068,1068,True,True,0x0F,"OK,OK,OK,OK","DELTA,DELTA,DELTA,DELTA",
20.277934,2026-09-05T18:45:40.708+01:00,4313192,1148019,1090,1090,True,True,0x0F,"OK,OK,OK,OK","DELTA,DELTA,DELTA,DELTA",
20.281258,2026-09-05T18:45:40.709+01:00,4314282,1148020,924,924,True,True,0x0F,"OK,OK,OK,OK","DELTA,DELTA,DELTA,DELTA",
20.285799,2026-09-05T18:45:40.713+01:00,4315206,1148021,956,956,True,True,0x0F,"OK,OK,OK,OK","DELTA,DELTA,DELTA,DELTA",
20.294059,2026-09-05T18:45:40.717+01:00,4316162,1148022,1054,1054,True,True,0x0F,"OK,OK,OK,OK","DELTA,DELTA,DELTA,DELTA",
20.295919,2026-09-05T18:45:40.726+01:00,4317216,1148023,1076,1076,True,True,0x0F,"OK,OK,OK,OK","DELTA,DELTA,DELTA,DELTA",
20.300802,2026-09-05T18:45:40.727+01:00,4318292,1148024,936,936,True,True,0x0F,"OK,OK,OK,OK","DELTA,DELTA,DELTA,DELTA",
20.310674,2026-09-05T18:45:40.732+01:00,4319228,1148025,906,906,True,True,0x0F,"OK,OK,OK,OK","DELTA,DELTA,DELTA,DELTA",
20.311565,2026-09-05T18:45:40.742+01:00,4320134,1148026,1110,1110,True,True,0x0F,"OK,OK,OK,OK","DELTA,DELTA,DELTA,DELTA",
20.316275,2026-09-05T18:45:40.743+01:00,4321244,1148027,1152,1152,True,True,0x0F,"OK,OK,OK,OK","DELTA,DELTA,DELTA,DELTA",
20.321273,2026-09-05T18:45:40.748+01:00,4322396,1148028,910,910,True,True,0x0F,"OK,OK,OK,OK","DELTA,DELTA,DELTA,DELTA",
20.328731,2026-09-05T18:45:40.753+01:00,4323306,1148029,972,972,True,True,0x0F,"OK,OK,OK,OK","DELTA,DELTA,DELTA,DELTA",
20.331256,2026-09-05T18:45:40.761+01:00,4324278,1148030,1114,1114,True,True,0x0F,"OK,OK,OK,OK","DELTA,DELTA,DELTA,DELTA",
20.336176,2026-09-05T18:45:40.763+01:00,4325392,1148031,1166,1166,True,True,0x0F,"OK,OK,OK,OK","DELTA,DELTA,DELTA,DELTA",
20.345761,2026-09-05T18:45:40.768+01:00,4326558,1148032,890,890,True,True,0x0F,"OK,OK,OK,OK","DELTA,DELTA,DELTA,DELTA",
20.346737,2026-09-05T18:45:40.777+01:00,4327448,1148033,900,900,True,True,0x0F,"OK,OK,OK,OK","DELTA,DELTA,DELTA,DELTA",
20.350678,2026-09-05T18:45:40.778+01:00,4328348,1148034,1042,1042,True,True,0x0F,"OK,OK,OK,OK","DELTA,DELTA,DELTA,DELTA",
20.355688,2026-09-05T18:45:40.782+01:00,4329390,1148035,1020,1020,True,True,0x0F,"OK,OK,OK,OK","DELTA,DELTA,DELTA,DELTA",
20.362660,2026-09-05T18:45:40.787+01:00,4330410,1148036,860,860,True,True,0x0F,"OK,OK,OK,OK","DELTA,DELTA,DELTA,DELTA",
20.365895,2026-09-05T18:45:40.794+01:00,4331270,1148037,1030,1030,True,True,0x0F,"OK,OK,OK,OK","DELTA,DELTA,DELTA,DELTA",
20.371045,2026-09-05T18:45:40.797+01:00,4332300,1148038,1094,1094,True,True,0x0F,"OK,OK,OK,OK","DELTA,DELTA,DELTA,DELTA",
20.378979,2026-09-05T18:45:40.803+01:00,4333394,1148039,1072,1072,True,True,0x0F,"OK,OK,OK,OK","DELTA,DELTA,DELTA,DELTA",
20.380866,2026-09-05T18:45:40.811+01:00,4334466,1148040,896,896,True,True,0x0F,"OK,OK,OK,OK","DELTA,DELTA,DELTA,DELTA",
20.385752,2026-09-05T18:45:40.812+01:00,4335362,1148041,946,946,True,True,0x0F,"OK,OK,OK,OK","DELTA,DELTA,DELTA,DELTA",
20.394917,2026-09-05T18:45:40.817+01:00,4336308,1148042,1040,1040,True,True,0x0F,"OK,OK,OK,OK","DELTA,DELTA,DELTA,DELTA",
20.396002,2026-09-05T18:45:40.826+01:00,4337348,1148043,1090,1090,True,True,0x0F,"OK,OK,OK,OK","DELTA,DELTA,DELTA,DELTA",
20.400820,2026-09-05T18:45:40.828+01:00,4338438,1148044,930,930,True,True,0x0F,"OK,OK,OK,OK","DELTA,DELTA,DELTA,DELTA",
20.407991,2026-09-05T18:45:40.832+01:00,4339368,1148045,1036,1036,True,True,0x0F,"OK,OK,OK,OK","DELTA,DELTA,DELTA,DELTA",
20.411854,2026-09-05T18:45:40.840+01:00,4340404,1148046,1100,1100,True,True,0x0F,"OK,OK,OK,OK","DELTA,DELTA,DELTA,DELTA",
20.415500,2026-09-05T18:45:40.843+01:00,4341504,1148047,1072,1072,True,True,0x0F,"OK,OK,OK,OK","DELTA,DELTA,DELTA,DELTA",
20.420329,2026-09-05T18:45:40.847+01:00,4342576,1148048,874,874,True,True,0x0F,"OK,OK,OK,OK","DELTA,DELTA,DELTA,DELTA",
20.425503,2026-09-05T18:45:40.852+01:00,4343450,1148049,1046,1046,True,True,0x0F,"OK,OK,OK,OK","DELTA,DELTA,DELTA,DELTA",
20.438489,2026-09-05T18:45:40.857+01:00,4344496,1148050,1016,1016,True,True,0x0F,"OK,OK,OK,OK","DELTA,DELTA,DELTA,DELTA",
20.439799,2026-09-05T18:45:40.870+01:00,4345512,1148051,1050,1050,True,True,0x0F,"OK,OK,OK,OK","DELTA,DELTA,DELTA,DELTA",
20.440347,2026-09-05T18:45:40.871+01:00,4346562,1148052,862,862,True,True,0x0F,"OK,OK,OK,OK","DELTA,DELTA,DELTA,DELTA",
20.445526,2026-09-05T18:45:40.872+01:00,4347424,1148053,964,964,True,True,0x0F,"OK,OK,OK,OK","DELTA,DELTA,DELTA,DELTA",
20.456208,2026-09-05T18:45:40.877+01:00,4348388,1148054,1110,1110,True,True,0x0F,"OK,OK,OK,OK","DELTA,DELTA,DELTA,DELTA",
20.457094,2026-09-05T18:45:40.888+01:00,4349498,1148055,1034,1034,True,True,0x0F,"OK,OK,OK,OK","DELTA,DELTA,DELTA,DELTA",
20.460742,2026-09-05T18:45:40.889+01:00,4350532,1148056,844,844,True,True,0x0F,"OK,OK,OK,OK","DELTA,DELTA,DELTA,DELTA",
20.465687,2026-09-05T18:45:40.892+01:00,4351376,1148057,978,978,True,True,0x0F,"OK,OK,OK,OK","DELTA,DELTA,DELTA,DELTA",
20.473290,2026-09-05T18:45:40.897+01:00,4352354,1148058,1056,1056,True,True,0x0F,"OK,OK,OK,OK","DELTA,DELTA,DELTA,DELTA",
20.475849,2026-09-05T18:45:40.905+01:00,4353410,1148059,1026,1026,True,True,0x0F,"OK,OK,OK,OK","DELTA,DELTA,DELTA,DELTA",
20.480746,2026-09-05T18:45:40.907+01:00,4354436,1148060,814,814,True,True,0x0F,"OK,OK,OK,OK","DELTA,DELTA,DELTA,DELTA",
20.489710,2026-09-05T18:45:40.912+01:00,4355250,1148061,962,962,True,True,0x0F,"OK,OK,OK,OK","DELTA,DELTA,DELTA,DELTA",
20.491021,2026-09-05T18:45:40.922+01:00,4356212,1148062,1150,1150,True,True,0x0F,"OK,OK,OK,OK","DELTA,DELTA,DELTA,DELTA",
20.496261,2026-09-05T18:45:40.923+01:00,4357362,1148063,1012,1012,True,True,0x0F,"OK,OK,OK,OK","DELTA,DELTA,DELTA,DELTA",
20.500886,2026-09-05T18:45:40.928+01:00,4358374,1148064,884,884,True,True,0x0F,"OK,OK,OK,OK","DELTA,DELTA,DELTA,DELTA",
20.507506,2026-09-05T18:45:40.932+01:00,4359258,1148065,944,944,True,True,0x0F,"OK,OK,OK,OK","DELTA,DELTA,DELTA,DELTA",
20.512253,2026-09-05T18:45:40.939+01:00,4360202,1148066,1098,1098,True,True,0x0F,"OK,OK,OK,OK","DELTA,DELTA,DELTA,DELTA",
20.516094,2026-09-05T18:45:40.944+01:00,4361300,1148067,1034,1034,True,True,0x0F,"OK,OK,OK,OK","DELTA,DELTA,DELTA,DELTA",
20.525537,2026-09-05T18:45:40.948+01:00,4362334,1148068,842,842,True,True,0x0F,"OK,OK,OK,OK","DELTA,DELTA,DELTA,DELTA",
20.527081,2026-09-05T18:45:40.957+01:00,4363176,1148069,1042,1042,True,True,0x0F,"OK,OK,OK,OK","DELTA,DELTA,DELTA,DELTA",
20.530949,2026-09-05T18:45:40.959+01:00,4364218,1148070,1120,1120,True,True,0x0F,"OK,OK,OK,OK","DELTA,DELTA,DELTA,DELTA",
20.535648,2026-09-05T18:45:40.962+01:00,4365338,1148071,984,984,True,True,0x0F,"OK,OK,OK,OK","DELTA,DELTA,DELTA,DELTA",
20.543348,2026-09-05T18:45:40.967+01:00,4366322,1148072,848,848,True,True,0x0F,"OK,OK,OK,OK","DELTA,DELTA,DELTA,DELTA",
20.545520,2026-09-05T18:45:40.975+01:00,4367170,1148073,922,922,True,True,0x0F,"OK,OK,OK,OK","DELTA,DELTA,DELTA,DELTA",
20.550771,2026-09-05T18:45:40.977+01:00,4368092,1148074,1054,1054,True,True,0x0F,"OK,OK,OK,OK","DELTA,DELTA,DELTA,DELTA",
20.560421,2026-09-05T18:45:40.982+01:00,4369146,1148075,1042,1042,True,True,0x0F,"OK,OK,OK,OK","DELTA,DELTA,DELTA,DELTA",
20.561258,2026-09-05T18:45:40.992+01:00,4370188,1148076,898,898,True,True,0x0F,"OK,OK,OK,OK","DELTA,DELTA,DELTA,DELTA",
20.565765,2026-09-05T18:45:40.993+01:00,4371086,1148077,1012,1012,True,True,0x0F,"OK,OK,OK,OK","DELTA,DELTA,DELTA,DELTA",
20.570484,2026-09-05T18:45:40.997+01:00,4372098,1148078,1054,1054,True,True,0x0F,"OK,OK,OK,OK","DELTA,DELTA,DELTA,DELTA",
20.576610,2026-09-05T18:45:41.002+01:00,4373152,1148079,1096,1096,True,True,0x0F,"OK,OK,OK,OK","DELTA,DELTA,DELTA,DELTA",
20.580620,2026-09-05T18:45:41.008+01:00,4374248,1148080,866,866,True,True,0x0F,"OK,OK,OK,OK","DELTA,DELTA,DELTA,DELTA",
20.585629,2026-09-05T18:45:41.012+01:00,4375114,1148081,952,952,True,True,0x0F,"OK,OK,OK,OK","DELTA,DELTA,DELTA,DELTA",
20.590365,2026-09-05T18:45:41.017+01:00,4376066,1148082,1102,1102,True,True,0x0F,"OK,OK,OK,OK","DELTA,DELTA,DELTA,DELTA",
20.599551,2026-09-05T18:45:41.022+01:00,4377168,1148083,1056,1056,True,True,0x0F,"OK,OK,OK,OK","DELTA,DELTA,DELTA,DELTA",
20.600243,2026-09-05T18:45:41.031+01:00,4378224,1148084,896,896,True,True,0x0F,"OK,OK,OK,OK","DELTA,DELTA,DELTA,DELTA",
20.612928,2026-09-05T18:45:41.032+01:00,4379120,1148085,878,878,True,True,0x0F,"OK,OK,OK,OK","DELTA,DELTA,DELTA,DELTA",
20.614440,2026-09-05T18:45:41.044+01:00,4379998,1148086,1112,1112,True,True,0x0F,"OK,OK,OK,OK","DELTA,DELTA,DELTA,DELTA",
20.615793,2026-09-05T18:45:41.046+01:00,4381110,1148087,1024,1024,True,True,0x0F,"OK,OK,OK,OK","DELTA,DELTA,DELTA,DELTA",
20.620598,2026-09-05T18:45:41.047+01:00,4382134,1148088,940,940,True,True,0x0F,"OK,OK,OK,OK","DELTA,DELTA,DELTA,DELTA",
20.631331,2026-09-05T18:45:41.052+01:00,4383074,1148089,968,968,True,True,0x0F,"OK,OK,OK,OK","DELTA,DELTA,DELTA,DELTA",
20.632598,2026-09-05T18:45:41.063+01:00,4384042,1148090,1138,1138,True,True,0x0F,"OK,OK,OK,OK","DELTA,DELTA,DELTA,DELTA",
20.635713,2026-09-05T18:45:41.064+01:00,4385180,1148091,1086,1086,True,True,0x0F,"OK,OK,OK,OK","DELTA,DELTA,DELTA,DELTA",
20.640484,2026-09-05T18:45:41.067+01:00,4386266,1148092,884,884,True,True,0x0F,"OK,OK,OK,OK","DELTA,DELTA,DELTA,DELTA",
20.649059,2026-09-05T18:45:41.072+01:00,4387150,1148093,1012,1012,True,True,0x0F,"OK,OK,OK,OK","DELTA,DELTA,DELTA,DELTA",
20.650667,2026-09-05T18:45:41.081+01:00,4388162,1148094,1132,1132,True,True,0x0F,"OK,OK,OK,OK","DELTA,DELTA,DELTA,DELTA",
20.655685,2026-09-05T18:45:41.082+01:00,4389294,1148095,1110,1110,True,True,0x0F,"OK,OK,OK,OK","DELTA,DELTA,DELTA,DELTA",
20.665908,2026-09-05T18:45:41.087+01:00,4390404,1148096,902,902,True,True,0x0F,"OK,OK,OK,OK","DELTA,DELTA,DELTA,DELTA",
20.666968,2026-09-05T18:45:41.097+01:00,4391306,1148097,946,946,True,True,0x0F,"OK,OK,OK,OK","DELTA,DELTA,DELTA,DELTA",
20.670735,2026-09-05T18:45:41.099+01:00,4392252,1148098,1046,1046,True,True,0x0F,"OK,OK,OK,OK","DELTA,DELTA,DELTA,DELTA",
20.675736,2026-09-05T18:45:41.102+01:00,4393298,1148099,1040,1040,True,True,0x0F,"OK,OK,OK,OK","DELTA,DELTA,DELTA,DELTA",
20.682601,2026-09-05T18:45:41.107+01:00,4394338,1148100,930,930,True,True,0x0F,"OK,OK,OK,OK","DELTA,DELTA,DELTA,DELTA",
20.685627,2026-09-05T18:45:41.114+01:00,4395268,1148101,1022,1022,True,True,0x0F,"OK,OK,OK,OK","DELTA,DELTA,DELTA,DELTA",
20.690844,2026-09-05T18:45:41.117+01:00,4396290,1148102,1192,1192,True,True,0x0F,"OK,OK,OK,OK","DELTA,DELTA,DELTA,DELTA",
20.699857,2026-09-05T18:45:41.122+01:00,4397482,1148103,1086,1086,True,True,0x0F,"OK,OK,OK,OK","DELTA,DELTA,DELTA,DELTA",
20.701045,2026-09-05T18:45:41.132+01:00,4398568,1148104,924,924,True,True,0x0F,"OK,OK,OK,OK","DELTA,DELTA,DELTA,DELTA",
20.705465,2026-09-05T18:45:41.133+01:00,4399492,1148105,938,938,True,True,0x0F,"OK,OK,OK,OK","DELTA,DELTA,DELTA,DELTA",
20.710225,2026-09-05T18:45:41.137+01:00,4400430,1148106,1028,1028,True,True,0x0F,"OK,OK,OK,OK","DELTA,DELTA,DELTA,DELTA",
20.717258,2026-09-05T18:45:41.142+01:00,4401458,1148107,1026,1026,True,True,0x0F,"OK,OK,OK,OK","DELTA,DELTA,DELTA,DELTA",
20.720569,2026-09-05T18:45:41.149+01:00,4402484,1148108,934,934,True,True,0x0F,"OK,OK,OK,OK","DELTA,DELTA,DELTA,DELTA",
20.725333,2026-09-05T18:45:41.152+01:00,4403418,1148109,906,906,True,True,0x0F,"OK,OK,OK,OK","DELTA,DELTA,DELTA,DELTA",
20.733933,2026-09-05T18:45:41.157+01:00,4404324,1148110,1064,1064,True,True,0x0F,"OK,OK,OK,OK","DELTA,DELTA,DELTA,DELTA",
20.735488,2026-09-05T18:45:41.165+01:00,4405388,1148111,1022,1022,True,True,0x0F,"OK,OK,OK,OK","DELTA,DELTA,DELTA,DELTA",
20.740516,2026-09-05T18:45:41.167+01:00,4406410,1148112,934,934,True,True,0x0F,"OK,OK,OK,OK","DELTA,DELTA,DELTA,DELTA",
20.745402,2026-09-05T18:45:41.172+01:00,4407344,1148113,4216,4216,True,True,0x0F,"OK,OK,OK,OK","DELTA_SYNC,DELTA_SYNC,DELTA_SYNC,DELTA_SYNC",
20.751644,2026-09-05T18:45:41.177+01:00,4411560,1148114,1092,1092,True,True,0x0F,"OK,OK,OK,OK","DELTA,DELTA,DELTA,DELTA",
20.755314,2026-09-05T18:45:41.183+01:00,4412652,1148115,1128,1128,True,True,0x0F,"OK,OK,OK,OK","DELTA,DELTA,DELTA,DELTA",
20.760218,2026-09-05T18:45:41.187+01:00,4413780,1148116,902,902,True,True,0x0F,"OK,OK,OK,OK","DELTA,DELTA,DELTA,DELTA",
20.774969,2026-09-05T18:45:41.192+01:00,4414682,1148117,950,950,True,True,0x0F,"OK,OK,OK,OK","DELTA,DELTA,DELTA,DELTA",
20.775896,2026-09-05T18:45:41.207+01:00,4415632,1148118,1072,1072,True,True,0x0F,"OK,OK,OK,OK","DELTA,DELTA,DELTA,DELTA",
20.776538,2026-09-05T18:45:41.207+01:00,4416704,1148119,1172,1172,True,True,0x0F,"OK,OK,OK,OK","DELTA,DELTA,DELTA,DELTA",
20.780682,2026-09-05T18:45:41.209+01:00,4417876,1148120,898,898,True,True,0x0F,"OK,OK,OK,OK","DELTA,DELTA,DELTA,DELTA",
20.785440,2026-09-05T18:45:41.212+01:00,4418774,1148121,964,964,True,True,0x0F,"OK,OK,OK,OK","DELTA,DELTA,DELTA,DELTA",
20.794794,2026-09-05T18:45:41.217+01:00,4419738,1148122,1076,1076,True,True,0x0F,"OK,OK,OK,OK","DELTA,DELTA,DELTA,DELTA",
20.795886,2026-09-05T18:45:41.226+01:00,4420814,1148123,1084,1084,True,True,0x0F,"OK,OK,OK,OK","DELTA,DELTA,DELTA,DELTA",
20.800650,2026-09-05T18:45:41.227+01:00,4421898,1148124,1032,1032,True,True,0x0F,"OK,OK,OK,OK","DELTA,DELTA,DELTA,DELTA",
20.806132,2026-09-05T18:45:41.232+01:00,4422930,1148125,1026,1026,True,True,0x0F,"OK,OK,OK,OK","DELTA,DELTA,DELTA,DELTA",
20.813320,2026-09-05T18:45:41.238+01:00,4423956,1148126,1112,1112,True,True,0x0F,"OK,OK,OK,OK","DELTA,DELTA,DELTA,DELTA",
20.815730,2026-09-05T18:45:41.245+01:00,4425068,1148127,1062,1062,True,True,0x0F,"OK,OK,OK,OK","DELTA,DELTA,DELTA,DELTA",
20.821694,2026-09-05T18:45:41.247+01:00,4426130,1148128,962,962,True,True,0x0F,"OK,OK,OK,OK","DELTA,DELTA,DELTA,DELTA",
20.825194,2026-09-05T18:45:41.253+01:00,4427092,1148129,952,952,True,True,0x0F,"OK,OK,OK,OK","DELTA,DELTA,DELTA,DELTA",
20.832602,2026-09-05T18:45:41.257+01:00,4428044,1148130,1040,1040,True,True,0x0F,"OK,OK,OK,OK","DELTA,DELTA,DELTA,DELTA",
20.835912,2026-09-05T18:45:41.264+01:00,4429084,1148131,1114,1114,True,True,0x0F,"OK,OK,OK,OK","DELTA,DELTA,DELTA,DELTA",
20.840219,2026-09-05T18:45:41.268+01:00,4430198,1148132,954,954,True,True,0x0F,"OK,OK,OK,OK","DELTA,DELTA,DELTA,DELTA",
20.849203,2026-09-05T18:45:41.272+01:00,4431152,1148133,906,906,True,True,0x0F,"OK,OK,OK,OK","DELTA,DELTA,DELTA,DELTA",
20.850350,2026-09-05T18:45:41.281+01:00,4432058,1148134,1150,1150,True,True,0x0F,"OK,OK,OK,OK","DELTA,DELTA,DELTA,DELTA",
20.855482,2026-09-05T18:45:41.282+01:00,4433208,1148135,1118,1118,True,True,0x0F,"OK,OK,OK,OK","DELTA,DELTA,DELTA,DELTA",
20.866191,2026-09-05T18:45:41.287+01:00,4434326,1148136,838,838,True,True,0x0F,"OK,OK,OK,OK","DELTA,DELTA,DELTA,DELTA",
20.867143,2026-09-05T18:45:41.298+01:00,4435164,1148137,872,872,True,True,0x0F,"OK,OK,OK,OK","DELTA,DELTA,DELTA,DELTA",
20.870407,2026-09-05T18:45:41.299+01:00,4436036,1148138,1132,1132,True,True,0x0F,"OK,OK,OK,OK","DELTA,DELTA,DELTA,DELTA",
20.875647,2026-09-05T18:45:41.302+01:00,4437168,1148139,1112,1112,True,True,0x0F,"OK,OK,OK,OK","DELTA,DELTA,DELTA,DELTA",
20.883968,2026-09-05T18:45:41.307+01:00,4438280,1148140,932,932,True,True,0x0F,"OK,OK,OK,OK","DELTA,DELTA,DELTA,DELTA",
20.885495,2026-09-05T18:45:41.315+01:00,4439212,1148141,996,996,True,True,0x0F,"OK,OK,OK,OK","DELTA,DELTA,DELTA,DELTA",
20.890641,2026-09-05T18:45:41.317+01:00,4440208,1148142,1076,1076,True,True,0x0F,"OK,OK,OK,OK","DELTA,DELTA,DELTA,DELTA",
20.901785,2026-09-05T18:45:41.322+01:00,4441284,1148143,1142,1142,True,True,0x0F,"OK,OK,OK,OK","DELTA,DELTA,DELTA,DELTA",
20.903060,2026-09-05T18:45:41.333+01:00,4442426,1148144,854,854,True,True,0x0F,"OK,OK,OK,OK","DELTA,DELTA,DELTA,DELTA",
20.905538,2026-09-05T18:45:41.335+01:00,4443280,1148145,1000,1000,True,True,0x0F,"OK,OK,OK,OK","DELTA,DELTA,DELTA,DELTA",
20.910635,2026-09-05T18:45:41.337+01:00,4444280,1148146,1136,1136,True,True,0x0F,"OK,OK,OK,OK","DELTA,DELTA,DELTA,DELTA",
20.917189,2026-09-05T18:45:41.342+01:00,4445416,1148147,1090,1090,True,True,0x0F,"OK,OK,OK,OK","DELTA,DELTA,DELTA,DELTA",
20.920851,2026-09-05T18:45:41.349+01:00,4446506,1148148,892,892,True,True,0x0F,"OK,OK,OK,OK","DELTA,DELTA,DELTA,DELTA",
20.925005,2026-09-05T18:45:41.352+01:00,4447398,1148149,892,892,True,True,0x0F,"OK,OK,OK,OK","DELTA,DELTA,DELTA,DELTA",
20.930462,2026-09-05T18:45:41.357+01:00,4448290,1148150,1078,1078,True,True,0x0F,"OK,OK,OK,OK","DELTA,DELTA,DELTA,DELTA",
20.942004,2026-09-05T18:45:41.362+01:00,4449368,1148151,1076,1076,True,True,0x0F,"OK,OK,OK,OK","DELTA,DELTA,DELTA,DELTA",
20.942692,2026-09-05T18:45:41.374+01:00,4450444,1148152,986,986,True,True,0x0F,"OK,OK,OK,OK","DELTA,DELTA,DELTA,DELTA",
20.955231,2026-09-05T18:45:41.374+01:00,4451430,1148153,922,922,True,True,0x0F,"OK,OK,OK,OK","DELTA,DELTA,DELTA,DELTA",
20.956504,2026-09-05T18:45:41.387+01:00,4452352,1148154,1016,1016,True,True,0x0F,"OK,OK,OK,OK","DELTA,DELTA,DELTA,DELTA",
20.957618,2026-09-05T18:45:41.388+01:00,4453368,1148155,978,978,True,True,0x0F,"OK,OK,OK,OK","DELTA,DELTA,DELTA,DELTA",
20.960245,2026-09-05T18:45:41.389+01:00,4454346,1148156,900,900,True,True,0x0F,"OK,OK,OK,OK","DELTA,DELTA,DELTA,DELTA",
20.965447,2026-09-05T18:45:41.392+01:00,4455246,1148157,930,930,True,True,0x0F,"OK,OK,OK,OK","DELTA,DELTA,DELTA,DELTA",
20.973403,2026-09-05T18:45:41.397+01:00,4456176,1148158,1098,1098,True,True,0x0F,"OK,OK,OK,OK","DELTA,DELTA,DELTA,DELTA",
20.975203,2026-09-05T18:45:41.405+01:00,4457274,1148159,1070,1070,True,True,0x0F,"OK,OK,OK,OK","DELTA,DELTA,DELTA,DELTA",
20.980211,2026-09-05T18:45:41.407+01:00,4458344,1148160,966,966,True,True,0x0F,"OK,OK,OK,OK","DELTA,DELTA,DELTA,DELTA",
20.989473,2026-09-05T18:45:41.412+01:00,4459310,1148161,1028,1028,True,True,0x0F,"OK,OK,OK,OK","DELTA,DELTA,DELTA,DELTA",
20.990633,2026-09-05T18:45:41.421+01:00,4460338,1148162,1072,1072,True,True,0x0F,"OK,OK,OK,OK","DELTA,DELTA,DELTA,DELTA",
20.995465,2026-09-05T18:45:41.422+01:00,4461410,1148163,1066,1066,True,True,0x0F,"OK,OK,OK,OK","DELTA,DELTA,DELTA,DELTA",
21.000051,2026-09-05T18:45:41.427+01:00,4462476,1148164,934,934,True,True,0x0F,"OK,OK,OK,OK","DELTA,DELTA,DELTA,DELTA",
21.006871,2026-09-05T18:45:41.432+01:00,4463410,1148165,964,964,True,True,0x0F,"OK,OK,OK,OK","DELTA,DELTA,DELTA,DELTA",
21.010678,2026-09-05T18:45:41.438+01:00,4464374,1148166,1064,1064,True,True,0x0F,"OK,OK,OK,OK","DELTA,DELTA,DELTA,DELTA",
21.015492,2026-09-05T18:45:41.442+01:00,4465438,1148167,1118,1118,True,True,0x0F,"OK,OK,OK,OK","DELTA,DELTA,DELTA,DELTA",
21.023627,2026-09-05T18:45:41.447+01:00,4466556,1148168,900,900,True,True,0x0F,"OK,OK,OK,OK","DELTA,DELTA,DELTA,DELTA",
21.025514,2026-09-05T18:45:41.455+01:00,4467456,1148169,968,968,True,True,0x0F,"OK,OK,OK,OK","DELTA,DELTA,DELTA,DELTA",
21.030413,2026-09-05T18:45:41.457+01:00,4468424,1148170,1082,1082,True,True,0x0F,"OK,OK,OK,OK","DELTA,DELTA,DELTA,DELTA",
21.040551,2026-09-05T18:45:41.462+01:00,4469506,1148171,1222,1222,True,True,0x0F,"OK,OK,OK,OK","DELTA,DELTA,DELTA,DELTA",
21.041742,2026-09-05T18:45:41.472+01:00,4470728,1148172,966,966,True,True,0x0F,"OK,OK,OK,OK","DELTA,DELTA,DELTA,DELTA",
21.045223,2026-09-05T18:45:41.473+01:00,4471694,1148173,928,928,True,True,0x0F,"OK,OK,OK,OK","DELTA,DELTA,DELTA,DELTA",
21.050472,2026-09-05T18:45:41.477+01:00,4472622,1148174,1062,1062,True,True,0x0F,"OK,OK,OK,OK","DELTA,DELTA,DELTA,DELTA",
21.060202,2026-09-05T18:45:41.482+01:00,4473684,1148175,1142,1142,True,True,0x0F,"OK,OK,OK,OK","DELTA,DELTA,DELTA,DELTA",
21.061158,2026-09-05T18:45:41.492+01:00,4474826,1148176,982,982,True,True,0x0F,"OK,OK,OK,OK","DELTA,DELTA,DELTA,DELTA",
21.065176,2026-09-05T18:45:41.493+01:00,4475808,1148177,880,880,True,True,0x0F,"OK,OK,OK,OK","DELTA,DELTA,DELTA,DELTA",
21.070495,2026-09-05T18:45:41.497+01:00,4476688,1148178,1156,1156,True,True,0x0F,"OK,OK,OK,OK","DELTA,DELTA,DELTA,DELTA",
21.077822,2026-09-05T18:45:41.502+01:00,4477844,1148179,1062,1062,True,True,0x0F,"OK,OK,OK,OK","DELTA,DELTA,DELTA,DELTA",
21.080473,2026-09-05T18:45:41.509+01:00,4478906,1148180,978,978,True,True,0x0F,"OK,OK,OK,OK","DELTA,DELTA,DELTA,DELTA",
21.085461,2026-09-05T18:45:41.512+01:00,4479884,1148181,938,938,True,True,0x0F,"OK,OK,OK,OK","DELTA,DELTA,DELTA,DELTA",
21.090972,2026-09-05T18:45:41.517+01:00,4480822,1148182,1068,1068,True,True,0x0F,"OK,OK,OK,OK","DELTA,DELTA,DELTA,DELTA",
21.095678,2026-09-05T18:45:41.523+01:00,4481890,1148183,1044,1044,True,True,0x0F,"OK,OK,OK,OK","DELTA,DELTA,DELTA,DELTA",
21.099833,2026-09-05T18:45:41.527+01:00,4482934,1148184,944,944,True,True,0x0F,"OK,OK,OK,OK","DELTA,DELTA,DELTA,DELTA",
21.104938,2026-09-05T18:45:41.531+01:00,4483878,1148185,924,924,True,True,0x0F,"OK,OK,OK,OK","DELTA,DELTA,DELTA,DELTA",
21.116138,2026-09-05T18:45:41.536+01:00,4484802,1148186,1078,1078,True,True,0x0F,"OK,OK,OK,OK","DELTA,DELTA,DELTA,DELTA",
21.119869,2026-09-05T18:45:41.550+01:00,4485880,1148187,1126,1126,True,True,0x0F,"OK,OK,OK,OK","DELTA,DELTA,DELTA,DELTA",
21.121073,2026-09-05T18:45:41.551+01:00,4487006,1148188,982,982,True,True,0x0F,"OK,OK,OK,OK","DELTA,DELTA,DELTA,DELTA",
21.125139,2026-09-05T18:45:41.553+01:00,4487988,1148189,958,958,True,True,0x0F,"OK,OK,OK,OK","DELTA,DELTA,DELTA,DELTA",
21.130272,2026-09-05T18:45:41.557+01:00,4488946,1148190,1076,1076,True,True,0x0F,"OK,OK,OK,OK","DELTA,DELTA,DELTA,DELTA",
21.137133,2026-09-05T18:45:41.562+01:00,4490022,1148191,1058,1058,True,True,0x0F,"OK,OK,OK,OK","DELTA,DELTA,DELTA,DELTA",
21.140198,2026-09-05T18:45:41.569+01:00,4491080,1148192,998,998,True,True,0x0F,"OK,OK,OK,OK","DELTA,DELTA,DELTA,DELTA",
21.145423,2026-09-05T18:45:41.572+01:00,4492078,1148193,862,862,True,True,0x0F,"OK,OK,OK,OK","DELTA,DELTA,DELTA,DELTA",
21.153928,2026-09-05T18:45:41.577+01:00,4492940,1148194,1022,1022,True,True,0x0F,"OK,OK,OK,OK","DELTA,DELTA,DELTA,DELTA",
21.155897,2026-09-05T18:45:41.585+01:00,4493962,1148195,1076,1076,True,True,0x0F,"OK,OK,OK,OK","DELTA,DELTA,DELTA,DELTA",
21.160337,2026-09-05T18:45:41.587+01:00,4495038,1148196,932,932,True,True,0x0F,"OK,OK,OK,OK","DELTA,DELTA,DELTA,DELTA",
21.165158,2026-09-05T18:45:41.592+01:00,4495970,1148197,848,848,True,True,0x0F,"OK,OK,OK,OK","DELTA,DELTA,DELTA,DELTA",
21.172954,2026-09-05T18:45:41.597+01:00,4496818,1148198,1084,1084,True,True,0x0F,"OK,OK,OK,OK","DELTA,DELTA,DELTA,DELTA",
21.175291,2026-09-05T18:45:41.605+01:00,4497902,1148199,1132,1132,True,True,0x0F,"OK,OK,OK,OK","DELTA,DELTA,DELTA,DELTA",
21.180668,2026-09-05T18:45:41.607+01:00,4499034,1148200,1020,1020,True,True,0x0F,"OK,OK,OK,OK","DELTA,DELTA,DELTA,DELTA",
21.190225,2026-09-05T18:45:41.612+01:00,4500054,1148201,890,890,True,True,0x0F,"OK,OK,OK,OK","DELTA,DELTA,DELTA,DELTA",
21.191423,2026-09-05T18:45:41.622+01:00,4500944,1148202,1080,1080,True,True,0x0F,"OK,OK,OK,OK","DELTA,DELTA,DELTA,DELTA",
21.195312,2026-09-05T18:45:41.623+01:00,4502024,1148203,1096,1096,True,True,0x0F,"OK,OK,OK,OK","DELTA,DELTA,DELTA,DELTA",
21.199994,2026-09-05T18:45:41.627+01:00,4503120,1148204,980,980,True,True,0x0F,"OK,OK,OK,OK","DELTA,DELTA,DELTA,DELTA",
21.207779,2026-09-05T18:45:41.632+01:00,4504100,1148205,954,954,True,True,0x0F,"OK,OK,OK,OK","DELTA,DELTA,DELTA,DELTA",
21.210251,2026-09-05T18:45:41.639+01:00,4505054,1148206,1050,1050,True,True,0x0F,"OK,OK,OK,OK","DELTA,DELTA,DELTA,DELTA",
21.215310,2026-09-05T18:45:41.642+01:00,4506104,1148207,1074,1074,True,True,0x0F,"OK,OK,OK,OK","DELTA,DELTA,DELTA,DELTA",
21.225083,2026-09-05T18:45:41.647+01:00,4507178,1148208,992,992,True,True,0x0F,"OK,OK,OK,OK","DELTA,DELTA,DELTA,DELTA",
21.226240,2026-09-05T18:45:41.657+01:00,4508170,1148209,926,926,True,True,0x0F,"OK,OK,OK,OK","DELTA,DELTA,DELTA,DELTA",
21.230556,2026-09-05T18:45:41.658+01:00,4509096,1148210,1070,1070,True,True,0x0F,"OK,OK,OK,OK","DELTA,DELTA,DELTA,DELTA",
21.235104,2026-09-05T18:45:41.662+01:00,4510166,1148211,1098,1098,True,True,0x0F,"OK,OK,OK,OK","DELTA,DELTA,DELTA,DELTA",
21.242339,2026-09-05T18:45:41.667+01:00,4511264,1148212,964,964,True,True,0x0F,"OK,OK,OK,OK","DELTA,DELTA,DELTA,DELTA",
21.245106,2026-09-05T18:45:41.674+01:00,4512228,1148213,976,976,True,True,0x0F,"OK,OK,OK,OK","DELTA,DELTA,DELTA,DELTA",
21.250278,2026-09-05T18:45:41.677+01:00,4513204,1148214,1096,1096,True,True,0x0F,"OK,OK,OK,OK","DELTA,DELTA,DELTA,DELTA",
21.255791,2026-09-05T18:45:41.682+01:00,4514300,1148215,1110,1110,True,True,0x0F,"OK,OK,OK,OK","DELTA,DELTA,DELTA,DELTA",
21.260466,2026-09-05T18:45:41.688+01:00,4515410,1148216,932,932,True,True,0x0F,"OK,OK,OK,OK","DELTA,DELTA,DELTA,DELTA",
21.264865,2026-09-05T18:45:41.692+01:00,4516342,1148217,858,858,True,True,0x0F,"OK,OK,OK,OK","DELTA,DELTA,DELTA,DELTA",
21.269960,2026-09-05T18:45:41.696+01:00,4517200,1148218,1100,1100,True,True,0x0F,"OK,OK,OK,OK","DELTA,DELTA,DELTA,DELTA",
21.281496,2026-09-05T18:45:41.701+01:00,4518300,1148219,1040,1040,True,True,0x0F,"OK,OK,OK,OK","DELTA,DELTA,DELTA,DELTA",
21.282163,2026-09-05T18:45:41.713+01:00,4519340,1148220,956,956,True,True,0x0F,"OK,OK,OK,OK","DELTA,DELTA,DELTA,DELTA",
21.294252,2026-09-05T18:45:41.714+01:00,4520296,1148221,940,940,True,True,0x0F,"OK,OK,OK,OK","DELTA,DELTA,DELTA,DELTA",
21.295518,2026-09-05T18:45:41.726+01:00,4521236,1148222,1034,1034,True,True,0x0F,"OK,OK,OK,OK","DELTA,DELTA,DELTA,DELTA",
21.296886,2026-09-05T18:45:41.727+01:00,4522270,1148223,1024,1024,True,True,0x0F,"OK,OK,OK,OK","DELTA,DELTA,DELTA,DELTA",
21.300302,2026-09-05T18:45:41.728+01:00,4523294,1148224,1068,1068,True,True,0x0F,"OK,OK,OK,OK","DELTA,DELTA,DELTA,DELTA",
21.305038,2026-09-05T18:45:41.732+01:00,4524362,1148225,872,872,True,True,0x0F,"OK,OK,OK,OK","DELTA,DELTA,DELTA,DELTA",
21.313607,2026-09-05T18:45:41.737+01:00,4525234,1148226,1058,1058,True,True,0x0F,"OK,OK,OK,OK","DELTA,DELTA,DELTA,DELTA",
21.315009,2026-09-05T18:45:41.745+01:00,4526292,1148227,940,940,True,True,0x0F,"OK,OK,OK,OK","DELTA,DELTA,DELTA,DELTA",
21.320360,2026-09-05T18:45:41.747+01:00,4527232,1148228,976,976,True,True,0x0F,"OK,OK,OK,OK","DELTA,DELTA,DELTA,DELTA",
21.329525,2026-09-05T18:45:41.752+01:00,4528208,1148229,954,954,True,True,0x0F,"OK,OK,OK,OK","DELTA,DELTA,DELTA,DELTA",
21.331287,2026-09-05T18:45:41.762+01:00,4529162,1148230,1078,1078,True,True,0x0F,"OK,OK,OK,OK","DELTA,DELTA,DELTA,DELTA",
21.335006,2026-09-05T18:45:41.763+01:00,4530240,1148231,1028,1028,True,True,0x0F,"OK,OK,OK,OK","DELTA,DELTA,DELTA,DELTA",
21.339703,2026-09-05T18:45:41.767+01:00,4531268,1148232,982,982,True,True,0x0F,"OK,OK,OK,OK","DELTA,DELTA,DELTA,DELTA",
21.346443,2026-09-05T18:45:41.771+01:00,4532250,1148233,890,890,True,True,0x0F,"OK,OK,OK,OK","DELTA,DELTA,DELTA,DELTA",
21.350416,2026-09-05T18:45:41.778+01:00,4533140,1148234,1018,1018,True,True,0x0F,"OK,OK,OK,OK","DELTA,DELTA,DELTA,DELTA",
21.355089,2026-09-05T18:45:41.782+01:00,4534158,1148235,1030,1030,True,True,0x0F,"OK,OK,OK,OK","DELTA,DELTA,DELTA,DELTA",
21.363586,2026-09-05T18:45:41.787+01:00,4535188,1148236,988,988,True,True,0x0F,"OK,OK,OK,OK","DELTA,DELTA,DELTA,DELTA",
21.365012,2026-09-05T18:45:41.795+01:00,4536176,1148237,898,898,True,True,0x0F,"OK,OK,OK,OK","DELTA,DELTA,DELTA,DELTA",
21.370105,2026-09-05T18:45:41.797+01:00,4537074,1148238,1020,1020,True,True,0x0F,"OK,OK,OK,OK","DELTA,DELTA,DELTA,DELTA",
21.380121,2026-09-05T18:45:41.802+01:00,4538094,1148239,1036,1036,True,True,0x0F,"OK,OK,OK,OK","DELTA,DELTA,DELTA,DELTA",
21.381044,2026-09-05T18:45:41.812+01:00,4539130,1148240,1016,1016,True,True,0x0F,"OK,OK,OK,OK","DELTA,DELTA,DELTA,DELTA",
21.385978,2026-09-05T18:45:41.813+01:00,4540146,1148241,934,934,True,True,0x0F,"OK,OK,OK,OK","DELTA,DELTA,DELTA,DELTA",
21.390255,2026-09-05T18:45:41.818+01:00,4541080,1148242,1006,1006,True,True,0x0F,"OK,OK,OK,OK","DELTA,DELTA,DELTA,DELTA",
21.399353,2026-09-05T18:45:41.822+01:00,4542086,1148243,1086,1086,True,True,0x0F,"OK,OK,OK,OK","DELTA,DELTA,DELTA,DELTA",
21.400289,2026-09-05T18:45:41.831+01:00,4543172,1148244,974,974,True,True,0x0F,"OK,OK,OK,OK","DELTA,DELTA,DELTA,DELTA",
21.405012,2026-09-05T18:45:41.832+01:00,4544146,1148245,894,894,True,True,0x0F,"OK,OK,OK,OK","DELTA,DELTA,DELTA,DELTA",
21.409833,2026-09-05T18:45:41.837+01:00,4545040,1148246,994,994,True,True,0x0F,"OK,OK,OK,OK","DELTA,DELTA,DELTA,DELTA",
21.416841,2026-09-05T18:45:41.841+01:00,4546034,1148247,1048,1048,True,True,0x0F,"OK,OK,OK,OK","DELTA,DELTA,DELTA,DELTA",
21.419951,2026-09-05T18:45:41.848+01:00,4547082,1148248,914,914,True,True,0x0F,"OK,OK,OK,OK","DELTA,DELTA,DELTA,DELTA",
21.425180,2026-09-05T18:45:41.851+01:00,4547996,1148249,898,898,True,True,0x0F,"OK,OK,OK,OK","DELTA,DELTA,DELTA,DELTA",
21.430619,2026-09-05T18:45:41.857+01:00,4548894,1148250,1060,1060,True,True,0x0F,"OK,OK,OK,OK","DELTA,DELTA,DELTA,DELTA",
21.435520,2026-09-05T18:45:41.862+01:00,4549954,1148251,1106,1106,True,True,0x0F,"OK,OK,OK,OK","DELTA,DELTA,DELTA,DELTA",
21.439604,2026-09-05T18:45:41.867+01:00,4551060,1148252,952,952,True,True,0x0F,"OK,OK,OK,OK","DELTA,DELTA,DELTA,DELTA",
21.444970,2026-09-05T18:45:41.871+01:00,4552012,1148253,892,892,True,True,0x0F,"OK,OK,OK,OK","DELTA,DELTA,DELTA,DELTA",
21.460075,2026-09-05T18:45:41.877+01:00,4552904,1148254,1114,1114,True,True,0x0F,"OK,OK,OK,OK","DELTA,DELTA,DELTA,DELTA",
21.461322,2026-09-05T18:45:41.892+01:00,4554018,1148255,1054,1054,True,True,0x0F,"OK,OK,OK,OK","DELTA,DELTA,DELTA,DELTA",
21.462252,2026-09-05T18:45:41.893+01:00,4555072,1148256,1012,1012,True,True,0x0F,"OK,OK,OK,OK","DELTA,DELTA,DELTA,DELTA",
21.464797,2026-09-05T18:45:41.894+01:00,4556084,1148257,886,886,True,True,0x0F,"OK,OK,OK,OK","DELTA,DELTA,DELTA,DELTA",
21.470223,2026-09-05T18:45:41.896+01:00,4556970,1148258,1148,1148,True,True,0x0F,"OK,OK,OK,OK","DELTA,DELTA,DELTA,DELTA",
21.477788,2026-09-05T18:45:41.902+01:00,4558118,1148259,1030,1030,True,True,0x0F,"OK,OK,OK,OK","DELTA,DELTA,DELTA,DELTA",
21.479999,2026-09-05T18:45:41.909+01:00,4559148,1148260,986,986,True,True,0x0F,"OK,OK,OK,OK","DELTA,DELTA,DELTA,DELTA",
21.485237,2026-09-05T18:45:41.912+01:00,4560134,1148261,930,930,True,True,0x0F,"OK,OK,OK,OK","DELTA,DELTA,DELTA,DELTA",
21.495321,2026-09-05T18:45:41.917+01:00,4561064,1148262,1072,1072,True,True,0x0F,"OK,OK,OK,OK","DELTA,DELTA,DELTA,DELTA",
21.496553,2026-09-05T18:45:41.927+01:00,4562136,1148263,1086,1086,True,True,0x0F,"OK,OK,OK,OK","DELTA,DELTA,DELTA,DELTA",
21.499850,2026-09-05T18:45:41.929+01:00,4563222,1148264,964,964,True,True,0x0F,"OK,OK,OK,OK","DELTA,DELTA,DELTA,DELTA",
21.504973,2026-09-05T18:45:41.932+01:00,4564186,1148265,916,916,True,True,0x0F,"OK,OK,OK,OK","DELTA,DELTA,DELTA,DELTA",
21.513963,2026-09-05T18:45:41.936+01:00,4565102,1148266,1068,1068,True,True,0x0F,"OK,OK,OK,OK","DELTA,DELTA,DELTA,DELTA",
21.515227,2026-09-05T18:45:41.945+01:00,4566170,1148267,1044,1044,True,True,0x0F,"OK,OK,OK,OK","DELTA,DELTA,DELTA,DELTA",
21.519924,2026-09-05T18:45:41.947+01:00,4567214,1148268,1022,1022,True,True,0x0F,"OK,OK,OK,OK","DELTA,DELTA,DELTA,DELTA",
21.530792,2026-09-05T18:45:41.952+01:00,4568236,1148269,836,836,True,True,0x0F,"OK,OK,OK,OK","DELTA,DELTA,DELTA,DELTA",
21.532097,2026-09-05T18:45:41.962+01:00,4569072,1148270,1084,1084,True,True,0x0F,"OK,OK,OK,OK","DELTA,DELTA,DELTA,DELTA",
21.534842,2026-09-05T18:45:41.964+01:00,4570156,1148271,1066,1066,True,True,0x0F,"OK,OK,OK,OK","DELTA,DELTA,DELTA,DELTA",
21.539857,2026-09-05T18:45:41.967+01:00,4571222,1148272,980,980,True,True,0x0F,"OK,OK,OK,OK","DELTA,DELTA,DELTA,DELTA",
21.548465,2026-09-05T18:45:41.971+01:00,4572202,1148273,860,860,True,True,0x0F,"OK,OK,OK,OK","DELTA,DELTA,DELTA,DELTA",
21.550022,2026-09-05T18:45:41.980+01:00,4573062,1148274,1050,1050,True,True,0x0F,"OK,OK,OK,OK","DELTA,DELTA,DELTA,DELTA",
21.555065,2026-09-05T18:45:41.982+01:00,4574112,1148275,1014,1014,True,True,0x0F,"OK,OK,OK,OK","DELTA,DELTA,DELTA,DELTA",
21.565381,2026-09-05T18:45:41.987+01:00,4575126,1148276,980,980,True,True,0x0F,"OK,OK,OK,OK","DELTA,DELTA,DELTA,DELTA",
21.566530,2026-09-05T18:45:41.997+01:00,4576106,1148277,900,900,True,True,0x0F,"OK,OK,OK,OK","DELTA,DELTA,DELTA,DELTA",
21.570128,2026-09-05T18:45:41.998+01:00,4577006,1148278,1072,1072,True,True,0x0F,"OK,OK,OK,OK","DELTA,DELTA,DELTA,DELTA",
21.574991,2026-09-05T18:45:42.002+01:00,4578078,1148279,1086,1086,True,True,0x0F,"OK,OK,OK,OK","DELTA,DELTA,DELTA,DELTA",
21.582347,2026-09-05T18:45:42.007+01:00,4579164,1148280,956,956,True,True,0x0F,"OK,OK,OK,OK","DELTA,DELTA,DELTA,DELTA",
21.584974,2026-09-05T18:45:42.014+01:00,4580120,1148281,968,968,True,True,0x0F,"OK,OK,OK,OK","DELTA,DELTA,DELTA,DELTA",
21.589929,2026-09-05T18:45:42.017+01:00,4581088,1148282,1048,1048,True,True,0x0F,"OK,OK,OK,OK","DELTA,DELTA,DELTA,DELTA",
21.596959,2026-09-05T18:45:42.022+01:00,4582136,1148283,1012,1012,True,True,0x0F,"OK,OK,OK,OK","DELTA,DELTA,DELTA,DELTA",
21.600696,2026-09-05T18:45:42.029+01:00,4583148,1148284,1018,1018,True,True,0x0F,"OK,OK,OK,OK","DELTA,DELTA,DELTA,DELTA",
21.604493,2026-09-05T18:45:42.032+01:00,4584166,1148285,894,894,True,True,0x0F,"OK,OK,OK,OK","DELTA,DELTA,DELTA,DELTA",
21.610076,2026-09-05T18:45:42.036+01:00,4585060,1148286,1090,1090,True,True,0x0F,"OK,OK,OK,OK","DELTA,DELTA,DELTA,DELTA",
21.621159,2026-09-05T18:45:42.042+01:00,4586150,1148287,1024,1024,True,True,0x0F,"OK,OK,OK,OK","DELTA,DELTA,DELTA,DELTA",
21.621769,2026-09-05T18:45:42.053+01:00,4587174,1148288,980,980,True,True,0x0F,"OK,OK,OK,OK","DELTA,DELTA,DELTA,DELTA",
21.634223,2026-09-05T18:45:42.053+01:00,4588154,1148289,870,870,True,True,0x0F,"OK,OK,OK,OK","DELTA,DELTA,DELTA,DELTA",
21.636383,2026-09-05T18:45:42.066+01:00,4589024,1148290,1038,1038,True,True,0x0F,"OK,OK,OK,OK","DELTA,DELTA,DELTA,DELTA",
21.637780,2026-09-05T18:45:42.068+01:00,4590062,1148291,1098,1098,True,True,0x0F,"OK,OK,OK,OK","DELTA,DELTA,DELTA,DELTA",
21.639912,2026-09-05T18:45:42.069+01:00,4591160,1148292,914,914,True,True,0x0F,"OK,OK,OK,OK","DELTA,DELTA,DELTA,DELTA",
21.644589,2026-09-05T18:45:42.071+01:00,4592074,1148293,852,852,True,True,0x0F,"OK,OK,OK,OK","DELTA,DELTA,DELTA,DELTA",
21.653881,2026-09-05T18:45:42.076+01:00,4592926,1148294,1070,1070,True,True,0x0F,"OK,OK,OK,OK","DELTA,DELTA,DELTA,DELTA",
21.655022,2026-09-05T18:45:42.085+01:00,4593996,1148295,1048,1048,True,True,0x0F,"OK,OK,OK,OK","DELTA,DELTA,DELTA,DELTA",
21.659778,2026-09-05T18:45:42.087+01:00,4595044,1148296,1026,1026,True,True,0x0F,"OK,OK,OK,OK","DELTA,DELTA,DELTA,DELTA",
21.670612,2026-09-05T18:45:42.091+01:00,4596070,1148297,866,866,True,True,0x0F,"OK,OK,OK,OK","DELTA,DELTA,DELTA,DELTA",
21.671703,2026-09-05T18:45:42.102+01:00,4596936,1148298,1028,1028,True,True,0x0F,"OK,OK,OK,OK","DELTA,DELTA,DELTA,DELTA",
21.674883,2026-09-05T18:45:42.103+01:00,4597964,1148299,1088,1088,True,True,0x0F,"OK,OK,OK,OK","DELTA,DELTA,DELTA,DELTA",
21.679877,2026-09-05T18:45:42.106+01:00,4599052,1148300,978,978,True,True,0x0F,"OK,OK,OK,OK","DELTA,DELTA,DELTA,DELTA",
21.688007,2026-09-05T18:45:42.111+01:00,4600030,1148301,896,896,True,True,0x0F,"OK,OK,OK,OK","DELTA,DELTA,DELTA,DELTA",
21.689850,2026-09-05T18:45:42.120+01:00,4600926,1148302,998,998,True,True,0x0F,"OK,OK,OK,OK","DELTA,DELTA,DELTA,DELTA",
21.694976,2026-09-05T18:45:42.121+01:00,4601924,1148303,1086,1086,True,True,0x0F,"OK,OK,OK,OK","DELTA,DELTA,DELTA,DELTA",
21.704484,2026-09-05T18:45:42.126+01:00,4603010,1148304,972,972,True,True,0x0F,"OK,OK,OK,OK","DELTA,DELTA,DELTA,DELTA",
21.705391,2026-09-05T18:45:42.136+01:00,4603982,1148305,958,958,True,True,0x0F,"OK,OK,OK,OK","DELTA,DELTA,DELTA,DELTA",
21.709897,2026-09-05T18:45:42.137+01:00,4604940,1148306,1010,1010,True,True,0x0F,"OK,OK,OK,OK","DELTA,DELTA,DELTA,DELTA",
21.714520,2026-09-05T18:45:42.141+01:00,4605950,1148307,1020,1020,True,True,0x0F,"OK,OK,OK,OK","DELTA,DELTA,DELTA,DELTA",
21.721908,2026-09-05T18:45:42.146+01:00,4606970,1148308,1062,1062,True,True,0x0F,"OK,OK,OK,OK","DELTA,DELTA,DELTA,DELTA",
21.724460,2026-09-05T18:45:42.154+01:00,4608032,1148309,906,906,True,True,0x0F,"OK,OK,OK,OK","DELTA,DELTA,DELTA,DELTA",
21.729623,2026-09-05T18:45:42.156+01:00,4608938,1148310,1062,1062,True,True,0x0F,"OK,OK,OK,OK","DELTA,DELTA,DELTA,DELTA",
21.738202,2026-09-05T18:45:42.161+01:00,4610000,1148311,1110,1110,True,True,0x0F,"OK,OK,OK,OK","DELTA,DELTA,DELTA,DELTA",
21.739635,2026-09-05T18:45:42.170+01:00,4611110,1148312,1006,1006,True,True,0x0F,"OK,OK,OK,OK","DELTA,DELTA,DELTA,DELTA",
21.744835,2026-09-05T18:45:42.171+01:00,4612116,1148313,4216,4216,True,True,0x0F,"OK,OK,OK,OK","DELTA_SYNC,DELTA_SYNC,DELTA_SYNC,DELTA_SYNC",
21.754508,2026-09-05T18:45:42.177+01:00,4616332,1148314,1074,1074,True,True,0x0F,"OK,OK,OK,OK","DELTA,DELTA,DELTA,DELTA",
21.755409,2026-09-05T18:45:42.186+01:00,4617406,1148315,1084,1084,True,True,0x0F,"OK,OK,OK,OK","DELTA,DELTA,DELTA,DELTA",
21.759804,2026-09-05T18:45:42.187+01:00,4618490,1148316,1036,1036,True,True,0x0F,"OK,OK,OK,OK","DELTA,DELTA,DELTA,DELTA",
21.764746,2026-09-05T18:45:42.191+01:00,4619526,1148317,934,934,True,True,0x0F,"OK,OK,OK,OK","DELTA,DELTA,DELTA,DELTA",
21.769761,2026-09-05T18:45:42.196+01:00,4620460,1148318,1072,1072,True,True,0x0F,"OK,OK,OK,OK","DELTA,DELTA,DELTA,DELTA",
21.774591,2026-09-05T18:45:42.201+01:00,4621532,1148319,1052,1052,True,True,0x0F,"OK,OK,OK,OK","DELTA,DELTA,DELTA,DELTA",
21.779771,2026-09-05T18:45:42.206+01:00,4622584,1148320,1056,1056,True,True,0x0F,"OK,OK,OK,OK","DELTA,DELTA,DELTA,DELTA",
21.784868,2026-09-05T18:45:42.211+01:00,4623640,1148321,846,846,True,True,0x0F,"OK,OK,OK,OK","DELTA,DELTA,DELTA,DELTA",
21.796490,2026-09-05T18:45:42.219+01:00,4624486,1148322,1106,1106,True,True,0x0F,"OK,OK,OK,OK","DELTA,DELTA,DELTA,DELTA",
21.797464,2026-09-05T18:45:42.228+01:00,4625592,1148323,1038,1038,True,True,0x0F,"OK,OK,OK,OK","DELTA,DELTA,DELTA,DELTA",
21.799478,2026-09-05T18:45:42.229+01:00,4626630,1148324,980,980,True,True,0x0F,"OK,OK,OK,OK","DELTA,DELTA,DELTA,DELTA",
21.804538,2026-09-05T18:45:42.231+01:00,4627610,1148325,894,894,True,True,0x0F,"OK,OK,OK,OK","DELTA,DELTA,DELTA,DELTA",
21.814360,2026-09-05T18:45:42.236+01:00,4628504,1148326,1044,1044,True,True,0x0F,"OK,OK,OK,OK","DELTA,DELTA,DELTA,DELTA",
21.815423,2026-09-05T18:45:42.246+01:00,4629548,1148327,1090,1090,True,True,0x0F,"OK,OK,OK,OK","DELTA,DELTA,DELTA,DELTA",
21.819396,2026-09-05T18:45:42.247+01:00,4630638,1148328,956,956,True,True,0x0F,"OK,OK,OK,OK","DELTA,DELTA,DELTA,DELTA",
21.824656,2026-09-05T18:45:42.251+01:00,4631594,1148329,902,902,True,True,0x0F,"OK,OK,OK,OK","DELTA,DELTA,DELTA,DELTA",
21.832322,2026-09-05T18:45:42.256+01:00,4632496,1148330,1084,1084,True,True,0x0F,"OK,OK,OK,OK","DELTA,DELTA,DELTA,DELTA",
21.834495,2026-09-05T18:45:42.264+01:00,4633580,1148331,1036,1036,True,True,0x0F,"OK,OK,OK,OK","DELTA,DELTA,DELTA,DELTA",
21.839707,2026-09-05T18:45:42.266+01:00,4634616,1148332,1048,1048,True,True,0x0F,"OK,OK,OK,OK","DELTA,DELTA,DELTA,DELTA",
21.849162,2026-09-05T18:45:42.271+01:00,4635664,1148333,880,880,True,True,0x0F,"OK,OK,OK,OK","DELTA,DELTA,DELTA,DELTA",
21.850051,2026-09-05T18:45:42.281+01:00,4636544,1148334,1028,1028,True,True,0x0F,"OK,OK,OK,OK","DELTA,DELTA,DELTA,DELTA",
21.854593,2026-09-05T18:45:42.282+01:00,4637572,1148335,1110,1110,True,True,0x0F,"OK,OK,OK,OK","DELTA,DELTA,DELTA,DELTA",
21.859500,2026-09-05T18:45:42.286+01:00,4638682,1148336,1078,1078,True,True,0x0F,"OK,OK,OK,OK","DELTA,DELTA,DELTA,DELTA",
21.866236,2026-09-05T18:45:42.291+01:00,4639760,1148337,890,890,True,True,0x0F,"OK,OK,OK,OK","DELTA,DELTA,DELTA,DELTA",
21.869563,2026-09-05T18:45:42.298+01:00,4640650,1148338,958,958,True,True,0x0F,"OK,OK,OK,OK","DELTA,DELTA,DELTA,DELTA",
21.874660,2026-09-05T18:45:42.301+01:00,4641608,1148339,1116,1116,True,True,0x0F,"OK,OK,OK,OK","DELTA,DELTA,DELTA,DELTA",
21.882958,2026-09-05T18:45:42.306+01:00,4642724,1148340,1104,1104,True,True,0x0F,"OK,OK,OK,OK","DELTA,DELTA,DELTA,DELTA",
21.884460,2026-09-05T18:45:42.314+01:00,4643828,1148341,888,888,True,True,0x0F,"OK,OK,OK,OK","DELTA,DELTA,DELTA,DELTA",
21.890376,2026-09-05T18:45:42.316+01:00,4644716,1148342,1088,1088,True,True,0x0F,"OK,OK,OK,OK","DELTA,DELTA,DELTA,DELTA",
21.900576,2026-09-05T18:45:42.322+01:00,4645804,1148343,1142,1142,True,True,0x0F,"OK,OK,OK,OK","DELTA,DELTA,DELTA,DELTA",
21.901491,2026-09-05T18:45:42.332+01:00,4646946,1148344,1026,1026,True,True,0x0F,"OK,OK,OK,OK","DELTA,DELTA,DELTA,DELTA",
21.904579,2026-09-05T18:45:42.333+01:00,4647972,1148345,908,908,True,True,0x0F,"OK,OK,OK,OK","DELTA,DELTA,DELTA,DELTA",
21.909662,2026-09-05T18:45:42.336+01:00,4648880,1148346,1104,1104,True,True,0x0F,"OK,OK,OK,OK","DELTA,DELTA,DELTA,DELTA",
21.917725,2026-09-05T18:45:42.341+01:00,4649984,1148347,1086,1086,True,True,0x0F,"OK,OK,OK,OK","DELTA,DELTA,DELTA,DELTA",
21.919712,2026-09-05T18:45:42.349+01:00,4651070,1148348,1030,1030,True,True,0x0F,"OK,OK,OK,OK","DELTA,DELTA,DELTA,DELTA",
21.924592,2026-09-05T18:45:42.351+01:00,4652100,1148349,952,952,True,True,0x0F,"OK,OK,OK,OK","DELTA,DELTA,DELTA,DELTA",
21.929957,2026-09-05T18:45:42.356+01:00,4653052,1148350,1026,1026,True,True,0x0F,"OK,OK,OK,OK","DELTA,DELTA,DELTA,DELTA",
21.934892,2026-09-05T18:45:42.362+01:00,4654078,1148351,1084,1084,True,True,0x0F,"OK,OK,OK,OK","DELTA,DELTA,DELTA,DELTA",
21.939278,2026-09-05T18:45:42.366+01:00,4655162,1148352,1008,1008,True,True,0x0F,"OK,OK,OK,OK","DELTA,DELTA,DELTA,DELTA",
21.944583,2026-09-05T18:45:42.371+01:00,4656170,1148353,850,850,True,True,0x0F,"OK,OK,OK,OK","DELTA,DELTA,DELTA,DELTA",
21.956998,2026-09-05T18:45:42.376+01:00,4657020,1148354,1008,1008,True,True,0x0F,"OK,OK,OK,OK","DELTA,DELTA,DELTA,DELTA",
21.957675,2026-09-05T18:45:42.389+01:00,4658028,1148355,1012,1012,True,True,0x0F,"OK,OK,OK,OK","DELTA,DELTA,DELTA,DELTA",
21.966944,2026-09-05T18:45:42.389+01:00,4659040,1148356,1082,1082,True,True,0x0F,"OK,OK,OK,OK","DELTA,DELTA,DELTA,DELTA",
21.972044,2026-09-05T18:45:42.400+01:00,4660122,1148357,890,890,True,True,0x0F,"OK,OK,OK,OK","DELTA,DELTA,DELTA,DELTA",
21.972960,2026-09-05T18:45:42.404+01:00,4661012,1148358,984,984,True,True,0x0F,"OK,OK,OK,OK","DELTA,DELTA,DELTA,DELTA",
21.974856,2026-09-05T18:45:42.405+01:00,4661996,1148359,1160,1160,True,True,0x0F,"OK,OK,OK,OK","DELTA,DELTA,DELTA,DELTA",
21.980441,2026-09-05T18:45:42.406+01:00,4663156,1148360,1044,1044,True,True,0x0F,"OK,OK,OK,OK","DELTA,DELTA,DELTA,DELTA",
21.984506,2026-09-05T18:45:42.412+01:00,4664200,1148361,896,896,True,True,0x0F,"OK,OK,OK,OK","DELTA,DELTA,DELTA,DELTA",
21.991304,2026-09-05T18:45:42.416+01:00,4665096,1148362,928,928,True,True,0x0F,"OK,OK,OK,OK","DELTA,DELTA,DELTA,DELTA",
21.994562,2026-09-05T18:45:42.423+01:00,4666024,1148363,1086,1086,True,True,0x0F,"OK,OK,OK,OK","DELTA,DELTA,DELTA,DELTA",
21.999535,2026-09-05T18:45:42.426+01:00,4667110,1148364,1010,1010,True,True,0x0F,"OK,OK,OK,OK","DELTA,DELTA,DELTA,DELTA",
22.009041,2026-09-05T18:45:42.431+01:00,4668120,1148365,850,850,True,True,0x0F,"OK,OK,OK,OK","DELTA,DELTA,DELTA,DELTA",
22.009880,2026-09-05T18:45:42.441+01:00,4668970,1148366,956,956,True,True,0x0F,"OK,OK,OK,OK","DELTA,DELTA,DELTA,DELTA",
22.014383,2026-09-05T18:45:42.441+01:00,4669926,1148367,1062,1062,True,True,0x0F,"OK,OK,OK,OK","DELTA,DELTA,DELTA,DELTA",
22.019245,2026-09-05T18:45:42.446+01:00,4670988,1148368,1036,1036,True,True,0x0F,"OK,OK,OK,OK","DELTA,DELTA,DELTA,DELTA",
22.025750,2026-09-05T18:45:42.451+01:00,4672024,1148369,900,900,True,True,0x0F,"OK,OK,OK,OK","DELTA,DELTA,DELTA,DELTA",
22.029839,2026-09-05T18:45:42.457+01:00,4672924,1148370,950,950,True,True,0x0F,"OK,OK,OK,OK","DELTA,DELTA,DELTA,DELTA",
22.035337,2026-09-05T18:45:42.461+01:00,4673874,1148371,1026,1026,True,True,0x0F,"OK,OK,OK,OK","DELTA,DELTA,DELTA,DELTA",
22.043633,2026-09-05T18:45:42.467+01:00,4674900,1148372,1050,1050,True,True,0x0F,"OK,OK,OK,OK","DELTA,DELTA,DELTA,DELTA",
22.044936,2026-09-05T18:45:42.475+01:00,4675950,1148373,870,870,True,True,0x0F,"OK,OK,OK,OK","DELTA,DELTA,DELTA,DELTA",
22.049440,2026-09-05T18:45:42.477+01:00,4676820,1148374,960,960,True,True,0x0F,"OK,OK,OK,OK","DELTA,DELTA,DELTA,DELTA",
22.054183,2026-09-05T18:45:42.481+01:00,4677780,1148375,1060,1060,True,True,0x0F,"OK,OK,OK,OK","DELTA,DELTA,DELTA,DELTA",
22.060800,2026-09-05T18:45:42.486+01:00,4678840,1148376,1066,1066,True,True,0x0F,"OK,OK,OK,OK","DELTA,DELTA,DELTA,DELTA",
22.064311,2026-09-05T18:45:42.492+01:00,4679906,1148377,860,860,True,True,0x0F,"OK,OK,OK,OK","DELTA,DELTA,DELTA,DELTA",
22.069469,2026-09-05T18:45:42.496+01:00,4680766,1148378,1058,1058,True,True,0x0F,"OK,OK,OK,OK","DELTA,DELTA,DELTA,DELTA",
22.077376,2026-09-05T18:45:42.501+01:00,4681824,1148379,1038,1038,True,True,0x0F,"OK,OK,OK,OK","DELTA,DELTA,DELTA,DELTA",
22.079596,2026-09-05T18:45:42.509+01:00,4682862,1148380,1042,1042,True,True,0x0F,"OK,OK,OK,OK","DELTA,DELTA,DELTA,DELTA",
22.084508,2026-09-05T18:45:42.511+01:00,4683904,1148381,910,910,True,True,0x0F,"OK,OK,OK,OK","DELTA,DELTA,DELTA,DELTA",
22.093952,2026-09-05T18:45:42.516+01:00,4684814,1148382,902,902,True,True,0x0F,"OK,OK,OK,OK","DELTA,DELTA,DELTA,DELTA",
22.094909,2026-09-05T18:45:42.525+01:00,4685716,1148383,1060,1060,True,True,0x0F,"OK,OK,OK,OK","DELTA,DELTA,DELTA,DELTA",
22.099746,2026-09-05T18:45:42.526+01:00,4686776,1148384,1118,1118,True,True,0x0F,"OK,OK,OK,OK","DELTA,DELTA,DELTA,DELTA",
22.104220,2026-09-05T18:45:42.531+01:00,4687894,1148385,808,808,True,True,0x0F,"OK,OK,OK,OK","DELTA,DELTA,DELTA,DELTA",
22.110267,2026-09-05T18:45:42.536+01:00,4688702,1148386,1060,1060,True,True,0x0F,"OK,OK,OK,OK","DELTA,DELTA,DELTA,DELTA",
22.114536,2026-09-05T18:45:42.542+01:00,4689762,1148387,1122,1122,True,True,0x0F,"OK,OK,OK,OK","DELTA,DELTA,DELTA,DELTA",
22.119123,2026-09-05T18:45:42.546+01:00,4690884,1148388,1066,1066,True,True,0x0F,"OK,OK,OK,OK","DELTA,DELTA,DELTA,DELTA",
22.134778,2026-09-05T18:45:42.551+01:00,4691950,1148389,888,888,True,True,0x0F,"OK,OK,OK,OK","DELTA,DELTA,DELTA,DELTA",
22.136018,2026-09-05T18:45:42.567+01:00,4692838,1148390,1038,1038,True,True,0x0F,"OK,OK,OK,OK","DELTA,DELTA,DELTA,DELTA",
22.137314,2026-09-05T18:45:42.568+01:00,4693876,1148391,1074,1074,True,True,0x0F,"OK,OK,OK,OK","DELTA,DELTA,DELTA,DELTA",
22.139267,2026-09-05T18:45:42.569+01:00,4694950,1148392,1014,1014,True,True,0x0F,"OK,OK,OK,OK","DELTA,DELTA,DELTA,DELTA",
22.144395,2026-09-05T18:45:42.571+01:00,4695964,1148393,820,820,True,True,0x0F,"OK,OK,OK,OK","DELTA,DELTA,DELTA,DELTA",
22.153475,2026-09-05T18:45:42.576+01:00,4696784,1148394,1044,1044,True,True,0x0F,"OK,OK,OK,OK","DELTA,DELTA,DELTA,DELTA",
22.154449,2026-09-05T18:45:42.585+01:00,4697828,1148395,1088,1088,True,True,0x0F,"OK,OK,OK,OK","DELTA,DELTA,DELTA,DELTA",
22.159426,2026-09-05T18:45:42.586+01:00,4698916,1148396,1076,1076,True,True,0x0F,"OK,OK,OK,OK","DELTA,DELTA,DELTA,DELTA",
22.164089,2026-09-05T18:45:42.591+01:00,4699992,1148397,898,898,True,True,0x0F,"OK,OK,OK,OK","DELTA,DELTA,DELTA,DELTA",
22.171156,2026-09-05T18:45:42.596+01:00,4700890,1148398,916,916,True,True,0x0F,"OK,OK,OK,OK","DELTA,DELTA,DELTA,DELTA",
22.174196,2026-09-05T18:45:42.603+01:00,4701806,1148399,1028,1028,True,True,0x0F,"OK,OK,OK,OK","DELTA,DELTA,DELTA,DELTA",
22.179491,2026-09-05T18:45:42.606+01:00,4702834,1148400,1080,1080,True,True,0x0F,"OK,OK,OK,OK","DELTA,DELTA,DELTA,DELTA",
22.188395,2026-09-05T18:45:42.611+01:00,4703914,1148401,896,896,True,True,0x0F,"OK,OK,OK,OK","DELTA,DELTA,DELTA,DELTA",
22.189588,2026-09-05T18:45:42.620+01:00,4704810,1148402,994,994,True,True,0x0F,"OK,OK,OK,OK","DELTA,DELTA,DELTA,DELTA",
22.194410,2026-09-05T18:45:42.621+01:00,4705804,1148403,1070,1070,True,True,0x0F,"OK,OK,OK,OK","DELTA,DELTA,DELTA,DELTA",
22.205460,2026-09-05T18:45:42.626+01:00,4706874,1148404,1064,1064,True,True,0x0F,"OK,OK,OK,OK","DELTA,DELTA,DELTA,DELTA",
22.206274,2026-09-05T18:45:42.637+01:00,4707938,1148405,852,852,True,True,0x0F,"OK,OK,OK,OK","DELTA,DELTA,DELTA,DELTA",
22.209569,2026-09-05T18:45:42.638+01:00,4708790,1148406,1048,1048,True,True,0x0F,"OK,OK,OK,OK","DELTA,DELTA,DELTA,DELTA",
22.214596,2026-09-05T18:45:42.641+01:00,4709838,1148407,1200,1200,True,True,0x0F,"OK,OK,OK,OK","DELTA,DELTA,DELTA,DELTA",
22.222645,2026-09-05T18:45:42.646+01:00,4711038,1148408,1070,1070,True,True,0x0F,"OK,OK,OK,OK","DELTA,DELTA,DELTA,DELTA",
22.224343,2026-09-05T18:45:42.654+01:00,4712108,1148409,832,832,True,True,0x0F,"OK,OK,OK,OK","DELTA,DELTA,DELTA,DELTA",
22.229550,2026-09-05T18:45:42.656+01:00,4712940,1148410,1048,1048,True,True,0x0F,"OK,OK,OK,OK","DELTA,DELTA,DELTA,DELTA",
22.239183,2026-09-05T18:45:42.661+01:00,4713988,1148411,1106,1106,True,True,0x0F,"OK,OK,OK,OK","DELTA,DELTA,DELTA,DELTA",
22.240100,2026-09-05T18:45:42.671+01:00,4715094,1148412,1000,1000,True,True,0x0F,"OK,OK,OK,OK","DELTA,DELTA,DELTA,DELTA",
22.244229,2026-09-05T18:45:42.672+01:00,4716094,1148413,854,854,True,True,0x0F,"OK,OK,OK,OK","DELTA,DELTA,DELTA,DELTA",
22.249445,2026-09-05T18:45:42.676+01:00,4716948,1148414,988,988,True,True,0x0F,"OK,OK,OK,OK","DELTA,DELTA,DELTA,DELTA",
22.256307,2026-09-05T18:45:42.681+01:00,4717936,1148415,1102,1102,True,True,0x0F,"OK,OK,OK,OK","DELTA,DELTA,DELTA,DELTA",
22.259440,2026-09-05T18:45:42.688+01:00,4719038,1148416,1018,1018,True,True,0x0F,"OK,OK,OK,OK","DELTA,DELTA,DELTA,DELTA",
22.264235,2026-09-05T18:45:42.691+01:00,4720056,1148417,878,878,True,True,0x0F,"OK,OK,OK,OK","DELTA,DELTA,DELTA,DELTA",
22.269784,2026-09-05T18:45:42.696+01:00,4720934,1148418,1070,1070,True,True,0x0F,"OK,OK,OK,OK","DELTA,DELTA,DELTA,DELTA",
22.274541,2026-09-05T18:45:42.701+01:00,4722004,1148419,1124,1124,True,True,0x0F,"OK,OK,OK,OK","DELTA,DELTA,DELTA,DELTA",
22.279822,2026-09-05T18:45:42.706+01:00,4723128,1148420,988,988,True,True,0x0F,"OK,OK,OK,OK","DELTA,DELTA,DELTA,DELTA",
22.284091,2026-09-05T18:45:42.711+01:00,4724116,1148421,934,934,True,True,0x0F,"OK,OK,OK,OK","DELTA,DELTA,DELTA,DELTA",
22.296085,2026-09-05T18:45:42.716+01:00,4725050,1148422,1038,1038,True,True,0x0F,"OK,OK,OK,OK","DELTA,DELTA,DELTA,DELTA",
22.296863,2026-09-05T18:45:42.728+01:00,4726088,1148423,1032,1032,True,True,0x0F,"OK,OK,OK,OK","DELTA,DELTA,DELTA,DELTA",
22.309193,2026-09-05T18:45:42.728+01:00,4727120,1148424,992,992,True,True,0x0F,"OK,OK,OK,OK","DELTA,DELTA,DELTA,DELTA",
22.310987,2026-09-05T18:45:42.741+01:00,4728112,1148425,866,866,True,True,0x0F,"OK,OK,OK,OK","DELTA,DELTA,DELTA,DELTA",
22.312551,2026-09-05T18:45:42.743+01:00,4728978,1148426,1002,1002,True,True,0x0F,"OK,OK,OK,OK","DELTA,DELTA,DELTA,DELTA",
22.314342,2026-09-05T18:45:42.744+01:00,4729980,1148427,1054,1054,True,True,0x0F,"OK,OK,OK,OK","DELTA,DELTA,DELTA,DELTA",
22.319202,2026-09-05T18:45:42.746+01:00,4731034,1148428,1054,1054,True,True,0x0F,"OK,OK,OK,OK","DELTA,DELTA,DELTA,DELTA",
22.328534,2026-09-05T18:45:42.751+01:00,4732088,1148429,892,892,True,True,0x0F,"OK,OK,OK,OK","DELTA,DELTA,DELTA,DELTA",
22.329959,2026-09-05T18:45:42.760+01:00,4732980,1148430,946,946,True,True,0x0F,"OK,OK,OK,OK","DELTA,DELTA,DELTA,DELTA",
22.334354,2026-09-05T18:45:42.761+01:00,4733926,1148431,1092,1092,True,True,0x0F,"OK,OK,OK,OK","DELTA,DELTA,DELTA,DELTA",
22.339431,2026-09-05T18:45:42.766+01:00,4735018,1148432,1168,1168,True,True,0x0F,"OK,OK,OK,OK","DELTA,DELTA,DELTA,DELTA",
22.346163,2026-09-05T18:45:42.771+01:00,4736186,1148433,852,852,True,True,0x0F,"OK,OK,OK,OK","DELTA,DELTA,DELTA,DELTA",
22.349372,2026-09-05T18:45:42.778+01:00,4737038,1148434,982,982,True,True,0x0F,"OK,OK,OK,OK","DELTA,DELTA,DELTA,DELTA",
22.354338,2026-09-05T18:45:42.781+01:00,4738020,1148435,1098,1098,True,True,0x0F,"OK,OK,OK,OK","DELTA,DELTA,DELTA,DELTA",
22.363214,2026-09-05T18:45:42.786+01:00,4739118,1148436,1008,1008,True,True,0x0F,"OK,OK,OK,OK","DELTA,DELTA,DELTA,DELTA",
22.364236,2026-09-05T18:45:42.795+01:00,4740126,1148437,874,874,True,True,0x0F,"OK,OK,OK,OK","DELTA,DELTA,DELTA,DELTA",
22.369202,2026-09-05T18:45:42.796+01:00,4741000,1148438,944,944,True,True,0x0F,"OK,OK,OK,OK","DELTA,DELTA,DELTA,DELTA",
22.379801,2026-09-05T18:45:42.801+01:00,4741944,1148439,1088,1088,True,True,0x0F,"OK,OK,OK,OK","DELTA,DELTA,DELTA,DELTA",
22.381140,2026-09-05T18:45:42.811+01:00,4743032,1148440,1106,1106,True,True,0x0F,"OK,OK,OK,OK","DELTA,DELTA,DELTA,DELTA",
22.384146,2026-09-05T18:45:42.813+01:00,4744138,1148441,860,860,True,True,0x0F,"OK,OK,OK,OK","DELTA,DELTA,DELTA,DELTA",
22.389577,2026-09-05T18:45:42.816+01:00,4744998,1148442,1012,1012,True,True,0x0F,"OK,OK,OK,OK","DELTA,DELTA,DELTA,DELTA",
22.398035,2026-09-05T18:45:42.821+01:00,4746010,1148443,1064,1064,True,True,0x0F,"OK,OK,OK,OK","DELTA,DELTA,DELTA,DELTA",
22.399262,2026-09-05T18:45:42.830+01:00,4747074,1148444,1092,1092,True,True,0x0F,"OK,OK,OK,OK","DELTA,DELTA,DELTA,DELTA",
22.404259,2026-09-05T18:45:42.831+01:00,4748166,1148445,862,862,True,True,0x0F,"OK,OK,OK,OK","DELTA,DELTA,DELTA,DELTA",
22.414756,2026-09-05T18:45:42.836+01:00,4749028,1148446,958,958,True,True,0x0F,"OK,OK,OK,OK","DELTA,DELTA,DELTA,DELTA",
22.415664,2026-09-05T18:45:42.846+01:00,4749986,1148447,1032,1032,True,True,0x0F,"OK,OK,OK,OK","DELTA,DELTA,DELTA,DELTA",
22.419209,2026-09-05T18:45:42.847+01:00,4751018,1148448,1060,1060,True,True,0x0F,"OK,OK,OK,OK","DELTA,DELTA,DELTA,DELTA",
22.424164,2026-09-05T18:45:42.851+01:00,4752078,1148449,878,878,True,True,0x0F,"OK,OK,OK,OK","DELTA,DELTA,DELTA,DELTA",
22.431667,2026-09-05T18:45:42.856+01:00,4752956,1148450,884,884,True,True,0x0F,"OK,OK,OK,OK","DELTA,DELTA,DELTA,DELTA",
22.434063,2026-09-05T18:45:42.863+01:00,4753840,1148451,1012,1012,True,True,0x0F,"OK,OK,OK,OK","DELTA,DELTA,DELTA,DELTA",
22.439171,2026-09-05T18:45:42.866+01:00,4754852,1148452,1084,1084,True,True,0x0F,"OK,OK,OK,OK","DELTA,DELTA,DELTA,DELTA",
22.444205,2026-09-05T18:45:42.871+01:00,4755936,1148453,894,894,True,True,0x0F,"OK,OK,OK,OK","DELTA,DELTA,DELTA,DELTA",
22.450099,2026-09-05T18:45:42.876+01:00,4756830,1148454,916,916,True,True,0x0F,"OK,OK,OK,OK","DELTA,DELTA,DELTA,DELTA",
22.454179,2026-09-05T18:45:42.882+01:00,4757746,1148455,1080,1080,True,True,0x0F,"OK,OK,OK,OK","DELTA,DELTA,DELTA,DELTA",
22.458959,2026-09-05T18:45:42.886+01:00,4758826,1148456,1090,1090,True,True,0x0F,"OK,OK,OK,OK","DELTA,DELTA,DELTA,DELTA",
22.475625,2026-09-05T18:45:42.890+01:00,4759916,1148457,936,936,True,True,0x0F,"OK,OK,OK,OK","DELTA,DELTA,DELTA,DELTA",
22.476580,2026-09-05T18:45:42.907+01:00,4760852,1148458,950,950,True,True,0x0F,"OK,OK,OK,OK","DELTA,DELTA,DELTA,DELTA",
22.477406,2026-09-05T18:45:42.908+01:00,4761802,1148459,1010,1010,True,True,0x0F,"OK,OK,OK,OK","DELTA,DELTA,DELTA,DELTA",
22.479172,2026-09-05T18:45:42.909+01:00,4762812,1148460,1048,1048,True,True,0x0F,"OK,OK,OK,OK","DELTA,DELTA,DELTA,DELTA",
22.484688,2026-09-05T18:45:42.911+01:00,4763860,1148461,896,896,True,True,0x0F,"OK,OK,OK,OK","DELTA,DELTA,DELTA,DELTA",
22.493851,2026-09-05T18:45:42.916+01:00,4764756,1148462,954,954,True,True,0x0F,"OK,OK,OK,OK","DELTA,DELTA,DELTA,DELTA",
22.494740,2026-09-05T18:45:42.925+01:00,4765710,1148463,1074,1074,True,True,0x0F,"OK,OK,OK,OK","DELTA,DELTA,DELTA,DELTA",
22.499407,2026-09-05T18:45:42.926+01:00,4766784,1148464,1082,1082,True,True,0x0F,"OK,OK,OK,OK","DELTA,DELTA,DELTA,DELTA",
22.504184,2026-09-05T18:45:42.931+01:00,4767866,1148465,882,882,True,True,0x0F,"OK,OK,OK,OK","DELTA,DELTA,DELTA,DELTA",
22.510708,2026-09-05T18:45:42.936+01:00,4768748,1148466,972,972,True,True,0x0F,"OK,OK,OK,OK","DELTA,DELTA,DELTA,DELTA",
22.514271,2026-09-05T18:45:42.942+01:00,4769720,1148467,1098,1098,True,True,0x0F,"OK,OK,OK,OK","DELTA,DELTA,DELTA,DELTA",
22.519035,2026-09-05T18:45:42.946+01:00,4770818,1148468,1048,1048,True,True,0x0F,"OK,OK,OK,OK","DELTA,DELTA,DELTA,DELTA",
22.526879,2026-09-05T18:45:42.951+01:00,4771866,1148469,818,818,True,True,0x0F,"OK,OK,OK,OK","DELTA,DELTA,DELTA,DELTA",
22.529263,2026-09-05T18:45:42.958+01:00,4772684,1148470,964,964,True,True,0x0F,"OK,OK,OK,OK","DELTA,DELTA,DELTA,DELTA",
22.534307,2026-09-05T18:45:42.961+01:00,4773648,1148471,1036,1036,True,True,0x0F,"OK,OK,OK,OK","DELTA,DELTA,DELTA,DELTA",
22.544608,2026-09-05T18:45:42.966+01:00,4774684,1148472,1090,1090,True,True,0x0F,"OK,OK,OK,OK","DELTA,DELTA,DELTA,DELTA",
22.545794,2026-09-05T18:45:42.976+01:00,4775774,1148473,866,866,True,True,0x0F,"OK,OK,OK,OK","DELTA,DELTA,DELTA,DELTA",
22.549087,2026-09-05T18:45:42.977+01:00,4776640,1148474,832,832,True,True,0x0F,"OK,OK,OK,OK","DELTA,DELTA,DELTA,DELTA",
22.554091,2026-09-05T18:45:42.981+01:00,4777472,1148475,1048,1048,True,True,0x0F,"OK,OK,OK,OK","DELTA,DELTA,DELTA,DELTA",
22.562000,2026-09-05T18:45:42.986+01:00,4778520,1148476,1084,1084,True,True,0x0F,"OK,OK,OK,OK","DELTA,DELTA,DELTA,DELTA",
22.563806,2026-09-05T18:45:42.994+01:00,4779604,1148477,880,880,True,True,0x0F,"OK,OK,OK,OK","DELTA,DELTA,DELTA,DELTA",
22.569027,2026-09-05T18:45:42.996+01:00,4780484,1148478,960,960,True,True,0x0F,"OK,OK,OK,OK","DELTA,DELTA,DELTA,DELTA",
22.578455,2026-09-05T18:45:43.001+01:00,4781444,1148479,1068,1068,True,True,0x0F,"OK,OK,OK,OK","DELTA,DELTA,DELTA,DELTA",
22.579525,2026-09-05T18:45:43.010+01:00,4782512,1148480,1032,1032,True,True,0x0F,"OK,OK,OK,OK","DELTA,DELTA,DELTA,DELTA",
22.584052,2026-09-05T18:45:43.011+01:00,4783544,1148481,978,978,True,True,0x0F,"OK,OK,OK,OK","DELTA,DELTA,DELTA,DELTA",
22.589099,2026-09-05T18:45:43.016+01:00,4784522,1148482,916,916,True,True,0x0F,"OK,OK,OK,OK","DELTA,DELTA,DELTA,DELTA",
22.596472,2026-09-05T18:45:43.021+01:00,4785438,1148483,1130,1130,True,True,0x0F,"OK,OK,OK,OK","DELTA,DELTA,DELTA,DELTA",
22.598895,2026-09-05T18:45:43.028+01:00,4786568,1148484,1062,1062,True,True,0x0F,"OK,OK,OK,OK","DELTA,DELTA,DELTA,DELTA",
22.604246,2026-09-05T18:45:43.030+01:00,4787630,1148485,956,956,True,True,0x0F,"OK,OK,OK,OK","DELTA,DELTA,DELTA,DELTA",
22.609915,2026-09-05T18:45:43.036+01:00,4788586,1148486,1018,1018,True,True,0x0F,"OK,OK,OK,OK","DELTA,DELTA,DELTA,DELTA",
22.614887,2026-09-05T18:45:43.041+01:00,4789604,1148487,1084,1084,True,True,0x0F,"OK,OK,OK,OK","DELTA,DELTA,DELTA,DELTA",
22.618888,2026-09-05T18:45:43.046+01:00,4790688,1148488,1088,1088,True,True,0x0F,"OK,OK,OK,OK","DELTA,DELTA,DELTA,DELTA",
22.623868,2026-09-05T18:45:43.050+01:00,4791776,1148489,912,912,True,True,0x0F,"OK,OK,OK,OK","DELTA,DELTA,DELTA,DELTA",
22.634770,2026-09-05T18:45:43.055+01:00,4792688,1148490,982,982,True,True,0x0F,"OK,OK,OK,OK","DELTA,DELTA,DELTA,DELTA",
22.635419,2026-09-05T18:45:43.066+01:00,4793670,1148491,1086,1086,True,True,0x0F,"OK,OK,OK,OK","DELTA,DELTA,DELTA,DELTA",
22.642608,2026-09-05T18:45:43.067+01:00,4794756,1148492,1054,1054,True,True,0x0F,"OK,OK,OK,OK","DELTA,DELTA,DELTA,DELTA",
22.648628,2026-09-05T18:45:43.076+01:00,4795810,1148493,966,966,True,True,0x0F,"OK,OK,OK,OK","DELTA,DELTA,DELTA,DELTA",
22.649657,2026-09-05T18:45:43.080+01:00,4796776,1148494,998,998,True,True,0x0F,"OK,OK,OK,OK","DELTA,DELTA,DELTA,DELTA",
22.653932,2026-09-05T18:45:43.081+01:00,4797774,1148495,1096,1096,True,True,0x0F,"OK,OK,OK,OK","DELTA,DELTA,DELTA,DELTA",
22.659010,2026-09-05T18:45:43.086+01:00,4798870,1148496,1076,1076,True,True,0x0F,"OK,OK,OK,OK","DELTA,DELTA,DELTA,DELTA",
22.666019,2026-09-05T18:45:43.091+01:00,4799946,1148497,912,912,True,True,0x0F,"OK,OK,OK,OK","DELTA,DELTA,DELTA,DELTA",
22.669123,2026-09-05T18:45:43.098+01:00,4800858,1148498,1042,1042,True,True,0x0F,"OK,OK,OK,OK","DELTA,DELTA,DELTA,DELTA",
22.673697,2026-09-05T18:45:43.101+01:00,4801900,1148499,964,964,True,True,0x0F,"OK,OK,OK,OK","DELTA,DELTA,DELTA,DELTA",
22.682384,2026-09-05T18:45:43.105+01:00,4802864,1148500,1070,1070,True,True,0x0F,"OK,OK,OK,OK","DELTA,DELTA,DELTA,DELTA",
22.684048,2026-09-05T18:45:43.114+01:00,4803934,1148501,916,916,True,True,0x0F,"OK,OK,OK,OK","DELTA,DELTA,DELTA,DELTA",
22.689294,2026-09-05T18:45:43.116+01:00,4804850,1148502,860,860,True,True,0x0F,"OK,OK,OK,OK","DELTA,DELTA,DELTA,DELTA",
22.700098,2026-09-05T18:45:43.131+01:00,4805710,1148503,1018,1018,True,True,0x0F,"OK,OK,OK,OK","DELTA,DELTA,DELTA,DELTA",
22.700925,2026-09-05T18:45:43.132+01:00,4806728,1148504,1008,1008,True,True,0x0F,"OK,OK,OK,OK","DELTA,DELTA,DELTA,DELTA",
22.704188,2026-09-05T18:45:43.132+01:00,4807736,1148505,860,860,True,True,0x0F,"OK,OK,OK,OK","DELTA,DELTA,DELTA,DELTA",
22.708905,2026-09-05T18:45:43.136+01:00,4808596,1148506,920,920,True,True,0x0F,"OK,OK,OK,OK","DELTA,DELTA,DELTA,DELTA",
22.716888,2026-09-05T18:45:43.141+01:00,4809516,1148507,1030,1030,True,True,0x0F,"OK,OK,OK,OK","DELTA,DELTA,DELTA,DELTA",
22.718973,2026-09-05T18:45:43.148+01:00,4810546,1148508,1072,1072,True,True,0x0F,"OK,OK,OK,OK","DELTA,DELTA,DELTA,DELTA",
22.723922,2026-09-05T18:45:43.150+01:00,4811618,1148509,854,854,True,True,0x0F,"OK,OK,OK,OK","DELTA,DELTA,DELTA,DELTA",
22.733654,2026-09-05T18:45:43.156+01:00,4812472,1148510,994,994,True,True,0x0F,"OK,OK,OK,OK","DELTA,DELTA,DELTA,DELTA",
22.734537,2026-09-05T18:45:43.165+01:00,4813466,1148511,1042,1042,True,True,0x0F,"OK,OK,OK,OK","DELTA,DELTA,DELTA,DELTA",
22.739187,2026-09-05T18:45:43.166+01:00,4814508,1148512,1088,1088,True,True,0x0F,"OK,OK,OK,OK","DELTA,DELTA,DELTA,DELTA",
22.743856,2026-09-05T18:45:43.171+01:00,4815596,1148513,4216,4216,True,True,0x0F,"OK,OK,OK,OK","DELTA_SYNC,DELTA_SYNC,DELTA_SYNC,DELTA_SYNC",
22.750773,2026-09-05T18:45:43.175+01:00,4819812,1148514,964,964,True,True,0x0F,"OK,OK,OK,OK","DELTA,DELTA,DELTA,DELTA",
22.754175,2026-09-05T18:45:43.183+01:00,4820776,1148515,1102,1102,True,True,0x0F,"OK,OK,OK,OK","DELTA,DELTA,DELTA,DELTA",
22.758925,2026-09-05T18:45:43.186+01:00,4821878,1148516,1042,1042,True,True,0x0F,"OK,OK,OK,OK","DELTA,DELTA,DELTA,DELTA",
22.767676,2026-09-05T18:45:43.190+01:00,4822920,1148517,952,952,True,True,0x0F,"OK,OK,OK,OK","DELTA,DELTA,DELTA,DELTA",
22.768943,2026-09-05T18:45:43.199+01:00,4823872,1148518,1068,1068,True,True,0x0F,"OK,OK,OK,OK","DELTA,DELTA,DELTA,DELTA",
22.773951,2026-09-05T18:45:43.200+01:00,4824940,1148519,1126,1126,True,True,0x0F,"OK,OK,OK,OK","DELTA,DELTA,DELTA,DELTA",
22.779506,2026-09-05T18:45:43.206+01:00,4826066,1148520,1000,1000,True,True,0x0F,"OK,OK,OK,OK","DELTA,DELTA,DELTA,DELTA",
22.784071,2026-09-05T18:45:43.211+01:00,4827066,1148521,918,918,True,True,0x0F,"OK,OK,OK,OK","DELTA,DELTA,DELTA,DELTA",
22.788794,2026-09-05T18:45:43.216+01:00,4827984,1148522,972,972,True,True,0x0F,"OK,OK,OK,OK","DELTA,DELTA,DELTA,DELTA",
22.794157,2026-09-05T18:45:43.220+01:00,4828956,1148523,1102,1102,True,True,0x0F,"OK,OK,OK,OK","DELTA,DELTA,DELTA,DELTA",
22.807834,2026-09-05T18:45:43.226+01:00,4830058,1148524,1056,1056,True,True,0x0F,"OK,OK,OK,OK","DELTA,DELTA,DELTA,DELTA",
22.811408,2026-09-05T18:45:43.242+01:00,4831114,1148525,854,854,True,True,0x0F,"OK,OK,OK,OK","DELTA,DELTA,DELTA,DELTA",
22.812266,2026-09-05T18:45:43.243+01:00,4831968,1148526,992,992,True,True,0x0F,"OK,OK,OK,OK","DELTA,DELTA,DELTA,DELTA",
22.813913,2026-09-05T18:45:43.244+01:00,4832960,1148527,1066,1066,True,True,0x0F,"OK,OK,OK,OK","DELTA,DELTA,DELTA,DELTA",
22.819161,2026-09-05T18:45:43.245+01:00,4834026,1148528,962,962,True,True,0x0F,"OK,OK,OK,OK","DELTA,DELTA,DELTA,DELTA",
22.829452,2026-09-05T18:45:43.251+01:00,4834988,1148529,902,902,True,True,0x0F,"OK,OK,OK,OK","DELTA,DELTA,DELTA,DELTA",
22.830380,2026-09-05T18:45:43.261+01:00,4835890,1148530,1010,1010,True,True,0x0F,"OK,OK,OK,OK","DELTA,DELTA,DELTA,DELTA",
22.833849,2026-09-05T18:45:43.262+01:00,4836900,1148531,1034,1034,True,True,0x0F,"OK,OK,OK,OK","DELTA,DELTA,DELTA,DELTA",
22.838842,2026-09-05T18:45:43.265+01:00,4837934,1148532,1086,1086,True,True,0x0F,"OK,OK,OK,OK","DELTA,DELTA,DELTA,DELTA",
22.847019,2026-09-05T18:45:43.270+01:00,4839020,1148533,998,998,True,True,0x0F,"OK,OK,OK,OK","DELTA,DELTA,DELTA,DELTA",
22.848695,2026-09-05T18:45:43.279+01:00,4840018,1148534,960,960,True,True,0x0F,"OK,OK,OK,OK","DELTA,DELTA,DELTA,DELTA",
22.853981,2026-09-05T18:45:43.280+01:00,4840978,1148535,1102,1102,True,True,0x0F,"OK,OK,OK,OK","DELTA,DELTA,DELTA,DELTA",
22.863994,2026-09-05T18:45:43.286+01:00,4842080,1148536,974,974,True,True,0x0F,"OK,OK,OK,OK","DELTA,DELTA,DELTA,DELTA",
22.864961,2026-09-05T18:45:43.296+01:00,4843054,1148537,910,910,True,True,0x0F,"OK,OK,OK,OK","DELTA,DELTA,DELTA,DELTA",
22.869017,2026-09-05T18:45:43.296+01:00,4843964,1148538,894,894,True,True,0x0F,"OK,OK,OK,OK","DELTA,DELTA,DELTA,DELTA",
22.873839,2026-09-05T18:45:43.301+01:00,4844858,1148539,1030,1030,True,True,0x0F,"OK,OK,OK,OK","DELTA,DELTA,DELTA,DELTA",
22.881086,2026-09-05T18:45:43.305+01:00,4845888,1148540,1028,1028,True,True,0x0F,"OK,OK,OK,OK","DELTA,DELTA,DELTA,DELTA",
22.883805,2026-09-05T18:45:43.313+01:00,4846916,1148541,918,918,True,True,0x0F,"OK,OK,OK,OK","DELTA,DELTA,DELTA,DELTA",
22.888674,2026-09-05T18:45:43.315+01:00,4847834,1148542,936,936,True,True,0x0F,"OK,OK,OK,OK","DELTA,DELTA,DELTA,DELTA",
22.897373,2026-09-05T18:45:43.320+01:00,4848770,1148543,1126,1126,True,True,0x0F,"OK,OK,OK,OK","DELTA,DELTA,DELTA,DELTA",
22.898873,2026-09-05T18:45:43.329+01:00,4849896,1148544,1022,1022,True,True,0x0F,"OK,OK,OK,OK","DELTA,DELTA,DELTA,DELTA",
22.903658,2026-09-05T18:45:43.330+01:00,4850918,1148545,866,866,True,True,0x0F,"OK,OK,OK,OK","DELTA,DELTA,DELTA,DELTA",
22.908764,2026-09-05T18:45:43.335+01:00,4851784,1148546,998,998,True,True,0x0F,"OK,OK,OK,OK","DELTA,DELTA,DELTA,DELTA",
22.916129,2026-09-05T18:45:43.341+01:00,4852782,1148547,1098,1098,True,True,0x0F,"OK,OK,OK,OK","DELTA,DELTA,DELTA,DELTA",
22.919062,2026-09-05T18:45:43.348+01:00,4853880,1148548,1074,1074,True,True,0x0F,"OK,OK,OK,OK","DELTA,DELTA,DELTA,DELTA",
22.924393,2026-09-05T18:45:43.351+01:00,4854954,1148549,956,956,True,True,0x0F,"OK,OK,OK,OK","DELTA,DELTA,DELTA,DELTA",
22.933910,2026-09-05T18:45:43.356+01:00,4855910,1148550,904,904,True,True,0x0F,"OK,OK,OK,OK","DELTA,DELTA,DELTA,DELTA",
22.934770,2026-09-05T18:45:43.365+01:00,4856814,1148551,1028,1028,True,True,0x0F,"OK,OK,OK,OK","DELTA,DELTA,DELTA,DELTA",
22.938777,2026-09-05T18:45:43.366+01:00,4857842,1148552,1020,1020,True,True,0x0F,"OK,OK,OK,OK","DELTA,DELTA,DELTA,DELTA",
22.943557,2026-09-05T18:45:43.371+01:00,4858862,1148553,896,896,True,True,0x0F,"OK,OK,OK,OK","DELTA,DELTA,DELTA,DELTA",
22.948804,2026-09-05T18:45:43.375+01:00,4859758,1148554,972,972,True,True,0x0F,"OK,OK,OK,OK","DELTA,DELTA,DELTA,DELTA",
22.953654,2026-09-05T18:45:43.380+01:00,4860730,1148555,1048,1048,True,True,0x0F,"OK,OK,OK,OK","DELTA,DELTA,DELTA,DELTA",
22.958615,2026-09-05T18:45:43.385+01:00,4861778,1148556,1004,1004,True,True,0x0F,"OK,OK,OK,OK","DELTA,DELTA,DELTA,DELTA",
22.963555,2026-09-05T18:45:43.390+01:00,4862782,1148557,940,940,True,True,0x0F,"OK,OK,OK,OK","DELTA,DELTA,DELTA,DELTA",
22.974402,2026-09-05T18:45:43.395+01:00,4863722,1148558,864,864,True,True,0x0F,"OK,OK,OK,OK","DELTA,DELTA,DELTA,DELTA",
22.975014,2026-09-05T18:45:43.406+01:00,4864586,1148559,1028,1028,True,True,0x0F,"OK,OK,OK,OK","DELTA,DELTA,DELTA,DELTA",
22.982793,2026-09-05T18:45:43.407+01:00,4865614,1148560,1044,1044,True,True,0x0F,"OK,OK,OK,OK","DELTA,DELTA,DELTA,DELTA",
22.988416,2026-09-05T18:45:43.415+01:00,4866658,1148561,916,916,True,True,0x0F,"OK,OK,OK,OK","DELTA,DELTA,DELTA,DELTA",
22.989341,2026-09-05T18:45:43.420+01:00,4867574,1148562,918,918,True,True,0x0F,"OK,OK,OK,OK","DELTA,DELTA,DELTA,DELTA",
22.993860,2026-09-05T18:45:43.421+01:00,4868492,1148563,1134,1134,True,True,0x0F,"OK,OK,OK,OK","DELTA,DELTA,DELTA,DELTA",
22.998764,2026-09-05T18:45:43.425+01:00,4869626,1148564,1016,1016,True,True,0x0F,"OK,OK,OK,OK","DELTA,DELTA,DELTA,DELTA",
23.005321,2026-09-05T18:45:43.430+01:00,4870642,1148565,836,836,True,True,0x0F,"OK,OK,OK,OK","DELTA,DELTA,DELTA,DELTA",
23.009139,2026-09-05T18:45:43.437+01:00,4871478,1148566,944,944,True,True,0x0F,"OK,OK,OK,OK","DELTA,DELTA,DELTA,DELTA",
23.014043,2026-09-05T18:45:43.441+01:00,4872422,1148567,1142,1142,True,True,0x0F,"OK,OK,OK,OK","DELTA,DELTA,DELTA,DELTA",
23.022100,2026-09-05T18:45:43.446+01:00,4873564,1148568,1094,1094,True,True,0x0F,"OK,OK,OK,OK","DELTA,DELTA,DELTA,DELTA",
23.023720,2026-09-05T18:45:43.454+01:00,4874658,1148569,914,914,True,True,0x0F,"OK,OK,OK,OK","DELTA,DELTA,DELTA,DELTA",
23.029033,2026-09-05T18:45:43.455+01:00,4875572,1148570,946,946,True,True,0x0F,"OK,OK,OK,OK","DELTA,DELTA,DELTA,DELTA",
23.039447,2026-09-05T18:45:43.461+01:00,4876518,1148571,1116,1116,True,True,0x0F,"OK,OK,OK,OK","DELTA,DELTA,DELTA,DELTA",
23.040436,2026-09-05T18:45:43.471+01:00,4877634,1148572,1104,1104,True,True,0x0F,"OK,OK,OK,OK","DELTA,DELTA,DELTA,DELTA",
23.043940,2026-09-05T18:45:43.472+01:00,4878738,1148573,920,920,True,True,0x0F,"OK,OK,OK,OK","DELTA,DELTA,DELTA,DELTA",
23.048740,2026-09-05T18:45:43.475+01:00,4879658,1148574,898,898,True,True,0x0F,"OK,OK,OK,OK","DELTA,DELTA,DELTA,DELTA",
23.056944,2026-09-05T18:45:43.480+01:00,4880556,1148575,1098,1098,True,True,0x0F,"OK,OK,OK,OK","DELTA,DELTA,DELTA,DELTA",
23.059092,2026-09-05T18:45:43.489+01:00,4881654,1148576,1064,1064,True,True,0x0F,"OK,OK,OK,OK","DELTA,DELTA,DELTA,DELTA",
23.063888,2026-09-05T18:45:43.491+01:00,4882718,1148577,850,850,True,True,0x0F,"OK,OK,OK,OK","DELTA,DELTA,DELTA,DELTA",
23.073776,2026-09-05T18:45:43.496+01:00,4883568,1148578,926,926,True,True,0x0F,"OK,OK,OK,OK","DELTA,DELTA,DELTA,DELTA",
23.074954,2026-09-05T18:45:43.505+01:00,4884494,1148579,1152,1152,True,True,0x0F,"OK,OK,OK,OK","DELTA,DELTA,DELTA,DELTA",
23.079054,2026-09-05T18:45:43.506+01:00,4885646,1148580,1086,1086,True,True,0x0F,"OK,OK,OK,OK","DELTA,DELTA,DELTA,DELTA",
23.083654,2026-09-05T18:45:43.511+01:00,4886732,1148581,942,942,True,True,0x0F,"OK,OK,OK,OK","DELTA,DELTA,DELTA,DELTA",
23.091247,2026-09-05T18:45:43.515+01:00,4887674,1148582,900,900,True,True,0x0F,"OK,OK,OK,OK","DELTA,DELTA,DELTA,DELTA",
23.093673,2026-09-05T18:45:43.523+01:00,4888574,1148583,1156,1156,True,True,0x0F,"OK,OK,OK,OK","DELTA,DELTA,DELTA,DELTA",
23.098714,2026-09-05T18:45:43.525+01:00,4889730,1148584,986,986,True,True,0x0F,"OK,OK,OK,OK","DELTA,DELTA,DELTA,DELTA",
23.108089,2026-09-05T18:45:43.530+01:00,4890716,1148585,914,914,True,True,0x0F,"OK,OK,OK,OK","DELTA,DELTA,DELTA,DELTA",
23.109211,2026-09-05T18:45:43.540+01:00,4891630,1148586,912,912,True,True,0x0F,"OK,OK,OK,OK","DELTA,DELTA,DELTA,DELTA",
23.113777,2026-09-05T18:45:43.541+01:00,4892542,1148587,1012,1012,True,True,0x0F,"OK,OK,OK,OK","DELTA,DELTA,DELTA,DELTA",
23.118500,2026-09-05T18:45:43.545+01:00,4893554,1148588,1056,1056,True,True,0x0F,"OK,OK,OK,OK","DELTA,DELTA,DELTA,DELTA",
23.124173,2026-09-05T18:45:43.550+01:00,4894610,1148589,946,946,True,True,0x0F,"OK,OK,OK,OK","DELTA,DELTA,DELTA,DELTA",
23.128907,2026-09-05T18:45:43.556+01:00,4895556,1148590,888,888,True,True,0x0F,"OK,OK,OK,OK","DELTA,DELTA,DELTA,DELTA",
23.133832,2026-09-05T18:45:43.560+01:00,4896444,1148591,1144,1144,True,True,0x0F,"OK,OK,OK,OK","DELTA,DELTA,DELTA,DELTA",
23.149917,2026-09-05T18:45:43.565+01:00,4897588,1148592,1018,1018,True,True,0x0F,"OK,OK,OK,OK","DELTA,DELTA,DELTA,DELTA",
23.150933,2026-09-05T18:45:43.581+01:00,4898606,1148593,950,950,True,True,0x0F,"OK,OK,OK,OK","DELTA,DELTA,DELTA,DELTA",
23.151819,2026-09-05T18:45:43.582+01:00,4899556,1148594,910,910,True,True,0x0F,"OK,OK,OK,OK","DELTA,DELTA,DELTA,DELTA",
23.154048,2026-09-05T18:45:43.584+01:00,4900466,1148595,1160,1160,True,True,0x0F,"OK,OK,OK,OK","DELTA,DELTA,DELTA,DELTA",
23.158645,2026-09-05T18:45:43.586+01:00,4901626,1148596,1110,1110,True,True,0x0F,"OK,OK,OK,OK","DELTA,DELTA,DELTA,DELTA",
23.168130,2026-09-05T18:45:43.590+01:00,4902736,1148597,972,972,True,True,0x0F,"OK,OK,OK,OK","DELTA,DELTA,DELTA,DELTA",
23.169046,2026-09-05T18:45:43.600+01:00,4903708,1148598,932,932,True,True,0x0F,"OK,OK,OK,OK","DELTA,DELTA,DELTA,DELTA",
23.173913,2026-09-05T18:45:43.601+01:00,4904640,1148599,1096,1096,True,True,0x0F,"OK,OK,OK,OK","DELTA,DELTA,DELTA,DELTA",
23.178527,2026-09-05T18:45:43.605+01:00,4905736,1148600,1078,1078,True,True,0x0F,"OK,OK,OK,OK","DELTA,DELTA,DELTA,DELTA",
23.185390,2026-09-05T18:45:43.610+01:00,4906814,1148601,1024,1024,True,True,0x0F,"OK,OK,OK,OK","DELTA,DELTA,DELTA,DELTA",
23.188835,2026-09-05T18:45:43.617+01:00,4907838,1148602,914,914,True,True,0x0F,"OK,OK,OK,OK","DELTA,DELTA,DELTA,DELTA",
23.193653,2026-09-05T18:45:43.620+01:00,4908752,1148603,1076,1076,True,True,0x0F,"OK,OK,OK,OK","DELTA,DELTA,DELTA,DELTA",
23.201993,2026-09-05T18:45:43.625+01:00,4909828,1148604,1030,1030,True,True,0x0F,"OK,OK,OK,OK","DELTA,DELTA,DELTA,DELTA",
23.203558,2026-09-05T18:45:43.634+01:00,4910858,1148605,990,990,True,True,0x0F,"OK,OK,OK,OK","DELTA,DELTA,DELTA,DELTA",
23.209117,2026-09-05T18:45:43.635+01:00,4911848,1148606,958,958,True,True,0x0F,"OK,OK,OK,OK","DELTA,DELTA,DELTA,DELTA",
23.219722,2026-09-05T18:45:43.641+01:00,4912806,1148607,1048,1048,True,True,0x0F,"OK,OK,OK,OK","DELTA,DELTA,DELTA,DELTA",
23.220616,2026-09-05T18:45:43.651+01:00,4913854,1148608,1084,1084,True,True,0x0F,"OK,OK,OK,OK","DELTA,DELTA,DELTA,DELTA",
23.223417,2026-09-05T18:45:43.652+01:00,4914938,1148609,964,964,True,True,0x0F,"OK,OK,OK,OK","DELTA,DELTA,DELTA,DELTA",
23.228828,2026-09-05T18:45:43.655+01:00,4915902,1148610,938,938,True,True,0x0F,"OK,OK,OK,OK","DELTA,DELTA,DELTA,DELTA",
23.236628,2026-09-05T18:45:43.660+01:00,4916840,1148611,972,972,True,True,0x0F,"OK,OK,OK,OK","DELTA,DELTA,DELTA,DELTA",
23.238718,2026-09-05T18:45:43.668+01:00,4917812,1148612,1100,1100,True,True,0x0F,"OK,OK,OK,OK","DELTA,DELTA,DELTA,DELTA",
23.243563,2026-09-05T18:45:43.670+01:00,4918912,1148613,942,942,True,True,0x0F,"OK,OK,OK,OK","DELTA,DELTA,DELTA,DELTA",
23.253064,2026-09-05T18:45:43.675+01:00,4919854,1148614,832,832,True,True,0x0F,"OK,OK,OK,OK","DELTA,DELTA,DELTA,DELTA",
23.253924,2026-09-05T18:45:43.685+01:00,4920686,1148615,1044,1044,True,True,0x0F,"OK,OK,OK,OK","DELTA,DELTA,DELTA,DELTA",
23.258781,2026-09-05T18:45:43.685+01:00,4921730,1148616,1164,1164,True,True,0x0F,"OK,OK,OK,OK","DELTA,DELTA,DELTA,DELTA",
23.263400,2026-09-05T18:45:43.690+01:00,4922894,1148617,1018,1018,True,True,0x0F,"OK,OK,OK,OK","DELTA,DELTA,DELTA,DELTA",
23.270103,2026-09-05T18:45:43.695+01:00,4923912,1148618,890,890,True,True,0x0F,"OK,OK,OK,OK","DELTA,DELTA,DELTA,DELTA",
23.273508,2026-09-05T18:45:43.702+01:00,4924802,1148619,1068,1068,True,True,0x0F,"OK,OK,OK,OK","DELTA,DELTA,DELTA,DELTA",
23.278768,2026-09-05T18:45:43.705+01:00,4925870,1148620,1042,1042,True,True,0x0F,"OK,OK,OK,OK","DELTA,DELTA,DELTA,DELTA",
23.284284,2026-09-05T18:45:43.710+01:00,4926912,1148621,966,966,True,True,0x0F,"OK,OK,OK,OK","DELTA,DELTA,DELTA,DELTA",
23.289431,2026-09-05T18:45:43.717+01:00,4927878,1148622,896,896,True,True,0x0F,"OK,OK,OK,OK","DELTA,DELTA,DELTA,DELTA",
23.293386,2026-09-05T18:45:43.721+01:00,4928774,1148623,1030,1030,True,True,0x0F,"OK,OK,OK,OK","DELTA,DELTA,DELTA,DELTA",
23.298464,2026-09-05T18:45:43.725+01:00,4929804,1148624,1050,1050,True,True,0x0F,"OK,OK,OK,OK","DELTA,DELTA,DELTA,DELTA",
23.309646,2026-09-05T18:45:43.730+01:00,4930854,1148625,962,962,True,True,0x0F,"OK,OK,OK,OK","DELTA,DELTA,DELTA,DELTA",
23.310231,2026-09-05T18:45:43.741+01:00,4931816,1148626,930,930,True,True,0x0F,"OK,OK,OK,OK","DELTA,DELTA,DELTA,DELTA",
23.322839,2026-09-05T18:45:43.742+01:00,4932746,1148627,1126,1126,True,True,0x0F,"OK,OK,OK,OK","DELTA,DELTA,DELTA,DELTA",
23.323792,2026-09-05T18:45:43.754+01:00,4933872,1148628,922,922,True,True,0x0F,"OK,OK,OK,OK","DELTA,DELTA,DELTA,DELTA",
23.324788,2026-09-05T18:45:43.755+01:00,4934794,1148629,990,990,True,True,0x0F,"OK,OK,OK,OK","DELTA,DELTA,DELTA,DELTA",
23.328527,2026-09-05T18:45:43.756+01:00,4935784,1148630,912,912,True,True,0x0F,"OK,OK,OK,OK","DELTA,DELTA,DELTA,DELTA",
23.333607,2026-09-05T18:45:43.760+01:00,4936696,1148631,1112,1112,True,True,0x0F,"OK,OK,OK,OK","DELTA,DELTA,DELTA,DELTA",
23.341268,2026-09-05T18:45:43.766+01:00,4937808,1148632,1050,1050,True,True,0x0F,"OK,OK,OK,OK","DELTA,DELTA,DELTA,DELTA",
23.343484,2026-09-05T18:45:43.773+01:00,4938858,1148633,952,952,True,True,0x0F,"OK,OK,OK,OK","DELTA,DELTA,DELTA,DELTA",
23.348752,2026-09-05T18:45:43.775+01:00,4939810,1148634,888,888,True,True,0x0F,"OK,OK,OK,OK","DELTA,DELTA,DELTA,DELTA",
23.358101,2026-09-05T18:45:43.780+01:00,4940698,1148635,1050,1050,True,True,0x0F,"OK,OK,OK,OK","DELTA,DELTA,DELTA,DELTA",
23.358965,2026-09-05T18:45:43.790+01:00,4941748,1148636,1040,1040,True,True,0x0F,"OK,OK,OK,OK","DELTA,DELTA,DELTA,DELTA",
23.363681,2026-09-05T18:45:43.790+01:00,4942788,1148637,950,950,True,True,0x0F,"OK,OK,OK,OK","DELTA,DELTA,DELTA,DELTA",
23.368452,2026-09-05T18:45:43.795+01:00,4943738,1148638,834,834,True,True,0x0F,"OK,OK,OK,OK","DELTA,DELTA,DELTA,DELTA",
23.375099,2026-09-05T18:45:43.800+01:00,4944572,1148639,1044,1044,True,True,0x0F,"OK,OK,OK,OK","DELTA,DELTA,DELTA,DELTA",
23.378668,2026-09-05T18:45:43.807+01:00,4945616,1148640,1058,1058,True,True,0x0F,"OK,OK,OK,OK","DELTA,DELTA,DELTA,DELTA",
23.383437,2026-09-05T18:45:43.810+01:00,4946674,1148641,996,996,True,True,0x0F,"OK,OK,OK,OK","DELTA,DELTA,DELTA,DELTA",
23.391806,2026-09-05T18:45:43.815+01:00,4947670,1148642,910,910,True,True,0x0F,"OK,OK,OK,OK","DELTA,DELTA,DELTA,DELTA",
23.393777,2026-09-05T18:45:43.823+01:00,4948580,1148643,1090,1090,True,True,0x0F,"OK,OK,OK,OK","DELTA,DELTA,DELTA,DELTA",
23.398598,2026-09-05T18:45:43.825+01:00,4949670,1148644,998,998,True,True,0x0F,"OK,OK,OK,OK","DELTA,DELTA,DELTA,DELTA",
23.408414,2026-09-05T18:45:43.830+01:00,4950668,1148645,922,922,True,True,0x0F,"OK,OK,OK,OK","DELTA,DELTA,DELTA,DELTA",
23.409349,2026-09-05T18:45:43.840+01:00,4951590,1148646,904,904,True,True,0x0F,"OK,OK,OK,OK","DELTA,DELTA,DELTA,DELTA",
23.413887,2026-09-05T18:45:43.841+01:00,4952494,1148647,1144,1144,True,True,0x0F,"OK,OK,OK,OK","DELTA,DELTA,DELTA,DELTA",
23.418421,2026-09-05T18:45:43.846+01:00,4953638,1148648,1086,1086,True,True,0x0F,"OK,OK,OK,OK","DELTA,DELTA,DELTA,DELTA",
23.425584,2026-09-05T18:45:43.850+01:00,4954724,1148649,980,980,True,True,0x0F,"OK,OK,OK,OK","DELTA,DELTA,DELTA,DELTA",
23.428663,2026-09-05T18:45:43.857+01:00,4955704,1148650,880,880,True,True,0x0F,"OK,OK,OK,OK","DELTA,DELTA,DELTA,DELTA",
23.433422,2026-09-05T18:45:43.860+01:00,4956584,1148651,1058,1058,True,True,0x0F,"OK,OK,OK,OK","DELTA,DELTA,DELTA,DELTA",
23.441899,2026-09-05T18:45:43.865+01:00,4957642,1148652,1012,1012,True,True,0x0F,"OK,OK,OK,OK","DELTA,DELTA,DELTA,DELTA",
23.443351,2026-09-05T18:45:43.873+01:00,4958654,1148653,944,944,True,True,0x0F,"OK,OK,OK,OK","DELTA,DELTA,DELTA,DELTA",
23.448423,2026-09-05T18:45:43.875+01:00,4959598,1148654,910,910,True,True,0x0F,"OK,OK,OK,OK","DELTA,DELTA,DELTA,DELTA",
23.454095,2026-09-05T18:45:43.880+01:00,4960508,1148655,1042,1042,True,True,0x0F,"OK,OK,OK,OK","DELTA,DELTA,DELTA,DELTA",
23.458621,2026-09-05T18:45:43.886+01:00,4961550,1148656,1032,1032,True,True,0x0F,"OK,OK,OK,OK","DELTA,DELTA,DELTA,DELTA",
23.463301,2026-09-05T18:45:43.890+01:00,4962582,1148657,918,918,True,True,0x0F,"OK,OK,OK,OK","DELTA,DELTA,DELTA,DELTA",
23.468210,2026-09-05T18:45:43.895+01:00,4963500,1148658,876,876,True,True,0x0F,"OK,OK,OK,OK","DELTA,DELTA,DELTA,DELTA",
23.473307,2026-09-05T18:45:43.900+01:00,4964376,1148659,1072,1072,True,True,0x0F,"OK,OK,OK,OK","DELTA,DELTA,DELTA,DELTA",
23.487256,2026-09-05T18:45:43.905+01:00,4965448,1148660,1128,1128,True,True,0x0F,"OK,OK,OK,OK","DELTA,DELTA,DELTA,DELTA",
23.488215,2026-09-05T18:45:43.919+01:00,4966576,1148661,1002,1002,True,True,0x0F,"OK,OK,OK,OK","DELTA,DELTA,DELTA,DELTA",
23.489011,2026-09-05T18:45:43.920+01:00,4967578,1148662,930,930,True,True,0x0F,"OK,OK,OK,OK","DELTA,DELTA,DELTA,DELTA",
23.493588,2026-09-05T18:45:43.921+01:00,4968508,1148663,1042,1042,True,True,0x0F,"OK,OK,OK,OK","DELTA,DELTA,DELTA,DELTA",
23.498405,2026-09-05T18:45:43.925+01:00,4969550,1148664,1064,1064,True,True,0x0F,"OK,OK,OK,OK","DELTA,DELTA,DELTA,DELTA",
23.505062,2026-09-05T18:45:43.930+01:00,4970614,1148665,904,904,True,True,0x0F,"OK,OK,OK,OK","DELTA,DELTA,DELTA,DELTA",
23.508499,2026-09-05T18:45:43.937+01:00,4971518,1148666,920,920,True,True,0x0F,"OK,OK,OK,OK","DELTA,DELTA,DELTA,DELTA",
23.514026,2026-09-05T18:45:43.940+01:00,4972438,1148667,1058,1058,True,True,0x0F,"OK,OK,OK,OK","DELTA,DELTA,DELTA,DELTA",
23.522511,2026-09-05T18:45:43.946+01:00,4973496,1148668,1096,1096,True,True,0x0F,"OK,OK,OK,OK","DELTA,DELTA,DELTA,DELTA",
23.523446,2026-09-05T18:45:43.954+01:00,4974592,1148669,1022,1022,True,True,0x0F,"OK,OK,OK,OK","DELTA,DELTA,DELTA,DELTA",
23.528331,2026-09-05T18:45:43.955+01:00,4975614,1148670,886,886,True,True,0x0F,"OK,OK,OK,OK","DELTA,DELTA,DELTA,DELTA",
23.539107,2026-09-05T18:45:43.960+01:00,4976500,1148671,988,988,True,True,0x0F,"OK,OK,OK,OK","DELTA,DELTA,DELTA,DELTA",
23.540089,2026-09-05T18:45:43.971+01:00,4977488,1148672,1010,1010,True,True,0x0F,"OK,OK,OK,OK","DELTA,DELTA,DELTA,DELTA",
23.543323,2026-09-05T18:45:43.972+01:00,4978498,1148673,914,914,True,True,0x0F,"OK,OK,OK,OK","DELTA,DELTA,DELTA,DELTA",
23.548137,2026-09-05T18:45:43.975+01:00,4979412,1148674,808,808,True,True,0x0F,"OK,OK,OK,OK","DELTA,DELTA,DELTA,DELTA",
23.556708,2026-09-05T18:45:43.980+01:00,4980220,1148675,982,982,True,True,0x0F,"OK,OK,OK,OK","DELTA,DELTA,DELTA,DELTA",
23.558236,2026-09-05T18:45:43.989+01:00,4981202,1148676,1042,1042,True,True,0x0F,"OK,OK,OK,OK","DELTA,DELTA,DELTA,DELTA",
23.563337,2026-09-05T18:45:43.990+01:00,4982244,1148677,898,898,True,True,0x0F,"OK,OK,OK,OK","DELTA,DELTA,DELTA,DELTA",
23.573904,2026-09-05T18:45:43.995+01:00,4983142,1148678,928,928,True,True,0x0F,"OK,OK,OK,OK","DELTA,DELTA,DELTA,DELTA",
23.574898,2026-09-05T18:45:44.005+01:00,4984070,1148679,1080,1080,True,True,0x0F,"OK,OK,OK,OK","DELTA,DELTA,DELTA,DELTA",
23.578544,2026-09-05T18:45:44.006+01:00,4985150,1148680,1056,1056,True,True,0x0F,"OK,OK,OK,OK","DELTA,DELTA,DELTA,DELTA",
23.583384,2026-09-05T18:45:44.010+01:00,4986206,1148681,930,930,True,True,0x0F,"OK,OK,OK,OK","DELTA,DELTA,DELTA,DELTA",
23.590974,2026-09-05T18:45:44.015+01:00,4987136,1148682,898,898,True,True,0x0F,"OK,OK,OK,OK","DELTA,DELTA,DELTA,DELTA",
23.593539,2026-09-05T18:45:44.023+01:00,4988034,1148683,1156,1156,True,True,0x0F,"OK,OK,OK,OK","DELTA,DELTA,DELTA,DELTA",
23.598359,2026-09-05T18:45:44.025+01:00,4989190,1148684,1084,1084,True,True,0x0F,"OK,OK,OK,OK","DELTA,DELTA,DELTA,DELTA",
23.607747,2026-09-05T18:45:44.030+01:00,4990274,1148685,1014,1014,True,True,0x0F,"OK,OK,OK,OK","DELTA,DELTA,DELTA,DELTA",
23.608610,2026-09-05T18:45:44.039+01:00,4991288,1148686,946,946,True,True,0x0F,"OK,OK,OK,OK","DELTA,DELTA,DELTA,DELTA",
23.613553,2026-09-05T18:45:44.040+01:00,4992234,1148687,1054,1054,True,True,0x0F,"OK,OK,OK,OK","DELTA,DELTA,DELTA,DELTA",
23.618283,2026-09-05T18:45:44.045+01:00,4993288,1148688,1076,1076,True,True,0x0F,"OK,OK,OK,OK","DELTA,DELTA,DELTA,DELTA",
23.624108,2026-09-05T18:45:44.050+01:00,4994364,1148689,928,928,True,True,0x0F,"OK,OK,OK,OK","DELTA,DELTA,DELTA,DELTA",
23.628101,2026-09-05T18:45:44.056+01:00,4995292,1148690,886,886,True,True,0x0F,"OK,OK,OK,OK","DELTA,DELTA,DELTA,DELTA",
23.633132,2026-09-05T18:45:44.060+01:00,4996178,1148691,1028,1028,True,True,0x0F,"OK,OK,OK,OK","DELTA,DELTA,DELTA,DELTA",
23.645123,2026-09-05T18:45:44.065+01:00,4997206,1148692,1114,1114,True,True,0x0F,"OK,OK,OK,OK","DELTA,DELTA,DELTA,DELTA",
23.645697,2026-09-05T18:45:44.077+01:00,4998320,1148693,956,956,True,True,0x0F,"OK,OK,OK,OK","DELTA,DELTA,DELTA,DELTA",
23.658527,2026-09-05T18:45:44.077+01:00,4999276,1148694,880,880,True,True,0x0F,"OK,OK,OK,OK","DELTA,DELTA,DELTA,DELTA",
23.659551,2026-09-05T18:45:44.090+01:00,5000156,1148695,1148,1148,True,True,0x0F,"OK,OK,OK,OK","DELTA,DELTA,DELTA,DELTA",
23.660507,2026-09-05T18:45:44.091+01:00,5001304,1148696,1072,1072,True,True,0x0F,"OK,OK,OK,OK","DELTA,DELTA,DELTA,DELTA",
23.663466,2026-09-05T18:45:44.092+01:00,5002376,1148697,960,960,True,True,0x0F,"OK,OK,OK,OK","DELTA,DELTA,DELTA,DELTA",
23.668372,2026-09-05T18:45:44.095+01:00,5003336,1148698,886,886,True,True,0x0F,"OK,OK,OK,OK","DELTA,DELTA,DELTA,DELTA",
23.676888,2026-09-05T18:45:44.100+01:00,5004222,1148699,1044,1044,True,True,0x0F,"OK,OK,OK,OK","DELTA,DELTA,DELTA,DELTA",
23.678444,2026-09-05T18:45:44.108+01:00,5005266,1148700,1068,1068,True,True,0x0F,"OK,OK,OK,OK","DELTA,DELTA,DELTA,DELTA",
23.683230,2026-09-05T18:45:44.110+01:00,5006334,1148701,970,970,True,True,0x0F,"OK,OK,OK,OK","DELTA,DELTA,DELTA,DELTA",
23.693520,2026-09-05T18:45:44.115+01:00,5007304,1148702,934,934,True,True,0x0F,"OK,OK,OK,OK","DELTA,DELTA,DELTA,DELTA",
23.694436,2026-09-05T18:45:44.125+01:00,5008238,1148703,1030,1030,True,True,0x0F,"OK,OK,OK,OK","DELTA,DELTA,DELTA,DELTA",
23.698364,2026-09-05T18:45:44.126+01:00,5009268,1148704,1014,1014,True,True,0x0F,"OK,OK,OK,OK","DELTA,DELTA,DELTA,DELTA",
23.703324,2026-09-05T18:45:44.130+01:00,5010282,1148705,982,982,True,True,0x0F,"OK,OK,OK,OK","DELTA,DELTA,DELTA,DELTA",
23.710385,2026-09-05T18:45:44.135+01:00,5011264,1148706,884,884,True,True,0x0F,"OK,OK,OK,OK","DELTA,DELTA,DELTA,DELTA",
23.713414,2026-09-05T18:45:44.142+01:00,5012148,1148707,1130,1130,True,True,0x0F,"OK,OK,OK,OK","DELTA,DELTA,DELTA,DELTA",
23.718400,2026-09-05T18:45:44.145+01:00,5013278,1148708,1030,1030,True,True,0x0F,"OK,OK,OK,OK","DELTA,DELTA,DELTA,DELTA",
23.727726,2026-09-05T18:45:44.150+01:00,5014308,1148709,978,978,True,True,0x0F,"OK,OK,OK,OK","DELTA,DELTA,DELTA,DELTA",
23.729420,2026-09-05T18:45:44.159+01:00,5015286,1148710,950,950,True,True,0x0F,"OK,OK,OK,OK","DELTA,DELTA,DELTA,DELTA",
23.733623,2026-09-05T18:45:44.161+01:00,5016236,1148711,1106,1106,True,True,0x0F,"OK,OK,OK,OK","DELTA,DELTA,DELTA,DELTA",
23.738413,2026-09-05T18:45:44.165+01:00,5017342,1148712,1022,1022,True,True,0x0F,"OK,OK,OK,OK","DELTA,DELTA,DELTA,DELTA",
23.745474,2026-09-05T18:45:44.170+01:00,5018364,1148713,4216,4216,True,True,0x0F,"OK,OK,OK,OK","DELTA_SYNC,DELTA_SYNC,DELTA_SYNC,DELTA_SYNC",
23.748230,2026-09-05T18:45:44.177+01:00,5022580,1148714,892,892,True,True,0x0F,"OK,OK,OK,OK","DELTA,DELTA,DELTA,DELTA",
23.753357,2026-09-05T18:45:44.180+01:00,5023472,1148715,1018,1018,True,True,0x0F,"OK,OK,OK,OK","DELTA,DELTA,DELTA,DELTA",
23.762334,2026-09-05T18:45:44.185+01:00,5024490,1148716,1134,1134,True,True,0x0F,"OK,OK,OK,OK","DELTA,DELTA,DELTA,DELTA",
23.763336,2026-09-05T18:45:44.194+01:00,5025624,1148717,1092,1092,True,True,0x0F,"OK,OK,OK,OK","DELTA,DELTA,DELTA,DELTA",
23.768097,2026-09-05T18:45:44.195+01:00,5026716,1148718,858,858,True,True,0x0F,"OK,OK,OK,OK","DELTA,DELTA,DELTA,DELTA",
23.779028,2026-09-05T18:45:44.200+01:00,5027574,1148719,1124,1124,True,True,0x0F,"OK,OK,OK,OK","DELTA,DELTA,DELTA,DELTA",
23.780107,2026-09-05T18:45:44.211+01:00,5028698,1148720,1076,1076,True,True,0x0F,"OK,OK,OK,OK","DELTA,DELTA,DELTA,DELTA",
23.783383,2026-09-05T18:45:44.212+01:00,5029774,1148721,1030,1030,True,True,0x0F,"OK,OK,OK,OK","DELTA,DELTA,DELTA,DELTA",
23.788397,2026-09-05T18:45:44.215+01:00,5030804,1148722,1020,1020,True,True,0x0F,"OK,OK,OK,OK","DELTA,DELTA,DELTA,DELTA",
23.793151,2026-09-05T18:45:44.220+01:00,5031824,1148723,994,994,True,True,0x0F,"OK,OK,OK,OK","DELTA,DELTA,DELTA,DELTA",
23.798301,2026-09-05T18:45:44.225+01:00,5032818,1148724,1052,1052,True,True,0x0F,"OK,OK,OK,OK","DELTA,DELTA,DELTA,DELTA",
23.803087,2026-09-05T18:45:44.230+01:00,5033870,1148725,962,962,True,True,0x0F,"OK,OK,OK,OK","DELTA,DELTA,DELTA,DELTA",
23.807992,2026-09-05T18:45:44.235+01:00,5034832,1148726,968,968,True,True,0x0F,"OK,OK,OK,OK","DELTA,DELTA,DELTA,DELTA",
23.819111,2026-09-05T18:45:44.240+01:00,5035800,1148727,1106,1106,True,True,0x0F,"OK,OK,OK,OK","DELTA,DELTA,DELTA,DELTA",
23.822781,2026-09-05T18:45:44.253+01:00,5036906,1148728,1088,1088,True,True,0x0F,"OK,OK,OK,OK","DELTA,DELTA,DELTA,DELTA",
23.823711,2026-09-05T18:45:44.254+01:00,5037994,1148729,998,998,True,True,0x0F,"OK,OK,OK,OK","DELTA,DELTA,DELTA,DELTA",
23.828139,2026-09-05T18:45:44.256+01:00,5038992,1148730,956,956,True,True,0x0F,"OK,OK,OK,OK","DELTA,DELTA,DELTA,DELTA",
23.834543,2026-09-05T18:45:44.260+01:00,5039948,1148731,1118,1118,True,True,0x0F,"OK,OK,OK,OK","DELTA,DELTA,DELTA,DELTA",
23.839817,2026-09-05T18:45:44.267+01:00,5041066,1148732,1060,1060,True,True,0x0F,"OK,OK,OK,OK","DELTA,DELTA,DELTA,DELTA",
23.843669,2026-09-05T18:45:44.272+01:00,5042126,1148733,1042,1042,True,True,0x0F,"OK,OK,OK,OK","DELTA,DELTA,DELTA,DELTA",
23.848350,2026-09-05T18:45:44.275+01:00,5043168,1148734,998,998,True,True,0x0F,"OK,OK,OK,OK","DELTA,DELTA,DELTA,DELTA",
23.856699,2026-09-05T18:45:44.280+01:00,5044166,1148735,1010,1010,True,True,0x0F,"OK,OK,OK,OK","DELTA,DELTA,DELTA,DELTA",
23.858339,2026-09-05T18:45:44.288+01:00,5045176,1148736,1046,1046,True,True,0x0F,"OK,OK,OK,OK","DELTA,DELTA,DELTA,DELTA",
23.863256,2026-09-05T18:45:44.290+01:00,5046222,1148737,1090,1090,True,True,0x0F,"OK,OK,OK,OK","DELTA,DELTA,DELTA,DELTA",
23.873609,2026-09-05T18:45:44.295+01:00,5047312,1148738,914,914,True,True,0x0F,"OK,OK,OK,OK","DELTA,DELTA,DELTA,DELTA",
23.874874,2026-09-05T18:45:44.305+01:00,5048226,1148739,986,986,True,True,0x0F,"OK,OK,OK,OK","DELTA,DELTA,DELTA,DELTA",
23.878173,2026-09-05T18:45:44.306+01:00,5049212,1148740,1062,1062,True,True,0x0F,"OK,OK,OK,OK","DELTA,DELTA,DELTA,DELTA",
23.883091,2026-09-05T18:45:44.310+01:00,5050274,1148741,986,986,True,True,0x0F,"OK,OK,OK,OK","DELTA,DELTA,DELTA,DELTA",
23.890676,2026-09-05T18:45:44.315+01:00,5051260,1148742,832,832,True,True,0x0F,"OK,OK,OK,OK","DELTA,DELTA,DELTA,DELTA",
23.893391,2026-09-05T18:45:44.322+01:00,5052092,1148743,990,990,True,True,0x0F,"OK,OK,OK,OK","DELTA,DELTA,DELTA,DELTA",
23.898286,2026-09-05T18:45:44.325+01:00,5053082,1148744,1042,1042,True,True,0x0F,"OK,OK,OK,OK","DELTA,DELTA,DELTA,DELTA",
23.909325,2026-09-05T18:45:44.330+01:00,5054124,1148745,976,976,True,True,0x0F,"OK,OK,OK,OK","DELTA,DELTA,DELTA,DELTA",
23.910202,2026-09-05T18:45:44.341+01:00,5055100,1148746,920,920,True,True,0x0F,"OK,OK,OK,OK","DELTA,DELTA,DELTA,DELTA",
23.913340,2026-09-05T18:45:44.342+01:00,5056020,1148747,1038,1038,True,True,0x0F,"OK,OK,OK,OK","DELTA,DELTA,DELTA,DELTA",
23.918418,2026-09-05T18:45:44.345+01:00,5057058,1148748,1000,1000,True,True,0x0F,"OK,OK,OK,OK","DELTA,DELTA,DELTA,DELTA",
23.928076,2026-09-05T18:45:44.350+01:00,5058058,1148749,1010,1010,True,True,0x0F,"OK,OK,OK,OK","DELTA,DELTA,DELTA,DELTA",
23.929270,2026-09-05T18:45:44.360+01:00,5059068,1148750,942,942,True,True,0x0F,"OK,OK,OK,OK","DELTA,DELTA,DELTA,DELTA",
23.933456,2026-09-05T18:45:44.361+01:00,5060010,1148751,1024,1024,True,True,0x0F,"OK,OK,OK,OK","DELTA,DELTA,DELTA,DELTA",
23.938292,2026-09-05T18:45:44.365+01:00,5061034,1148752,1056,1056,True,True,0x0F,"OK,OK,OK,OK","DELTA,DELTA,DELTA,DELTA",
23.945548,2026-09-05T18:45:44.370+01:00,5062090,1148753,1018,1018,True,True,0x0F,"OK,OK,OK,OK","DELTA,DELTA,DELTA,DELTA",
23.948254,2026-09-05T18:45:44.377+01:00,5063108,1148754,916,916,True,True,0x0F,"OK,OK,OK,OK","DELTA,DELTA,DELTA,DELTA",
23.953219,2026-09-05T18:45:44.380+01:00,5064024,1148755,1174,1174,True,True,0x0F,"OK,OK,OK,OK","DELTA,DELTA,DELTA,DELTA",
23.958435,2026-09-05T18:45:44.385+01:00,5065198,1148756,1112,1112,True,True,0x0F,"OK,OK,OK,OK","DELTA,DELTA,DELTA,DELTA",
23.963321,2026-09-05T18:45:44.390+01:00,5066310,1148757,1088,1088,True,True,0x0F,"OK,OK,OK,OK","DELTA,DELTA,DELTA,DELTA",
23.967910,2026-09-05T18:45:44.395+01:00,5067398,1148758,910,910,True,True,0x0F,"OK,OK,OK,OK","DELTA,DELTA,DELTA,DELTA",
23.973144,2026-09-05T18:45:44.399+01:00,5068308,1148759,1002,1002,True,True,0x0F,"OK,OK,OK,OK","DELTA,DELTA,DELTA,DELTA",
23.984966,2026-09-05T18:45:44.405+01:00,5069310,1148760,1084,1084,True,True,0x0F,"OK,OK,OK,OK","DELTA,DELTA,DELTA,DELTA",
23.985568,2026-09-05T18:45:44.417+01:00,5070394,1148761,1000,1000,True,True,0x0F,"OK,OK,OK,OK","DELTA,DELTA,DELTA,DELTA",
23.998212,2026-09-05T18:45:44.417+01:00,5071394,1148762,894,894,True,True,0x0F,"OK,OK,OK,OK","DELTA,DELTA,DELTA,DELTA",
23.999519,2026-09-05T18:45:44.430+01:00,5072288,1148763,960,960,True,True,0x0F,"OK,OK,OK,OK","DELTA,DELTA,DELTA,DELTA",
24.000621,2026-09-05T18:45:44.431+01:00,5073248,1148764,1078,1078,True,True,0x0F,"OK,OK,OK,OK","DELTA,DELTA,DELTA,DELTA",
24.003384,2026-09-05T18:45:44.432+01:00,5074326,1148765,992,992,True,True,0x0F,"OK,OK,OK,OK","DELTA,DELTA,DELTA,DELTA",
24.008041,2026-09-05T18:45:44.435+01:00,5075318,1148766,842,842,True,True,0x0F,"OK,OK,OK,OK","DELTA,DELTA,DELTA,DELTA",
24.016835,2026-09-05T18:45:44.440+01:00,5076160,1148767,1066,1066,True,True,0x0F,"OK,OK,OK,OK","DELTA,DELTA,DELTA,DELTA",
24.018091,2026-09-05T18:45:44.448+01:00,5077226,1148768,1044,1044,True,True,0x0F,"OK,OK,OK,OK","DELTA,DELTA,DELTA,DELTA",
24.022990,2026-09-05T18:45:44.450+01:00,5078270,1148769,1004,1004,True,True,0x0F,"OK,OK,OK,OK","DELTA,DELTA,DELTA,DELTA",
24.033244,2026-09-05T18:45:44.455+01:00,5079274,1148770,962,962,True,True,0x0F,"OK,OK,OK,OK","DELTA,DELTA,DELTA,DELTA",
24.034164,2026-09-05T18:45:44.465+01:00,5080236,1148771,1036,1036,True,True,0x0F,"OK,OK,OK,OK","DELTA,DELTA,DELTA,DELTA",
24.038190,2026-09-05T18:45:44.466+01:00,5081272,1148772,1064,1064,True,True,0x0F,"OK,OK,OK,OK","DELTA,DELTA,DELTA,DELTA",
24.043286,2026-09-05T18:45:44.470+01:00,5082336,1148773,954,954,True,True,0x0F,"OK,OK,OK,OK","DELTA,DELTA,DELTA,DELTA",
24.051476,2026-09-05T18:45:44.475+01:00,5083290,1148774,914,914,True,True,0x0F,"OK,OK,OK,OK","DELTA,DELTA,DELTA,DELTA",
24.052946,2026-09-05T18:45:44.483+01:00,5084204,1148775,980,980,True,True,0x0F,"OK,OK,OK,OK","DELTA,DELTA,DELTA,DELTA",
24.058151,2026-09-05T18:45:44.484+01:00,5085184,1148776,988,988,True,True,0x0F,"OK,OK,OK,OK","DELTA,DELTA,DELTA,DELTA",
24.068392,2026-09-05T18:45:44.499+01:00,5086172,1148777,980,980,True,True,0x0F,"OK,OK,OK,OK","DELTA,DELTA,DELTA,DELTA",
24.069183,2026-09-05T18:45:44.500+01:00,5087152,1148778,888,888,True,True,0x0F,"OK,OK,OK,OK","DELTA,DELTA,DELTA,DELTA",
24.072865,2026-09-05T18:45:44.501+01:00,5088040,1148779,980,980,True,True,0x0F,"OK,OK,OK,OK","DELTA,DELTA,DELTA,DELTA",
24.078100,2026-09-05T18:45:44.505+01:00,5089020,1148780,1018,1018,True,True,0x0F,"OK,OK,OK,OK","DELTA,DELTA,DELTA,DELTA",
24.084749,2026-09-05T18:45:44.510+01:00,5090038,1148781,1052,1052,True,True,0x0F,"OK,OK,OK,OK","DELTA,DELTA,DELTA,DELTA",
24.088408,2026-09-05T18:45:44.516+01:00,5091090,1148782,970,970,True,True,0x0F,"OK,OK,OK,OK","DELTA,DELTA,DELTA,DELTA",
24.093233,2026-09-05T18:45:44.520+01:00,5092060,1148783,1066,1066,True,True,0x0F,"OK,OK,OK,OK","DELTA,DELTA,DELTA,DELTA",
24.100992,2026-09-05T18:45:44.525+01:00,5093126,1148784,1030,1030,True,True,0x0F,"OK,OK,OK,OK","DELTA,DELTA,DELTA,DELTA",
24.103014,2026-09-05T18:45:44.533+01:00,5094156,1148785,1010,1010,True,True,0x0F,"OK,OK,OK,OK","DELTA,DELTA,DELTA,DELTA",
24.108163,2026-09-05T18:45:44.535+01:00,5095166,1148786,804,804,True,True,0x0F,"OK,OK,OK,OK","DELTA,DELTA,DELTA,DELTA",
24.118580,2026-09-05T18:45:44.540+01:00,5095970,1148787,1012,1012,True,True,0x0F,"OK,OK,OK,OK","DELTA,DELTA,DELTA,DELTA",
24.119497,2026-09-05T18:45:44.550+01:00,5096982,1148788,1062,1062,True,True,0x0F,"OK,OK,OK,OK","DELTA,DELTA,DELTA,DELTA",
24.122945,2026-09-05T18:45:44.551+01:00,5098044,1148789,962,962,True,True,0x0F,"OK,OK,OK,OK","DELTA,DELTA,DELTA,DELTA",
24.128043,2026-09-05T18:45:44.554+01:00,5099006,1148790,928,928,True,True,0x0F,"OK,OK,OK,OK","DELTA,DELTA,DELTA,DELTA",
24.133524,2026-09-05T18:45:44.560+01:00,5099934,1148791,1098,1098,True,True,0x0F,"OK,OK,OK,OK","DELTA,DELTA,DELTA,DELTA",
24.138400,2026-09-05T18:45:44.565+01:00,5101032,1148792,1086,1086,True,True,0x0F,"OK,OK,OK,OK","DELTA,DELTA,DELTA,DELTA",
24.142769,2026-09-05T18:45:44.570+01:00,5102118,1148793,1056,1056,True,True,0x0F,"OK,OK,OK,OK","DELTA,DELTA,DELTA,DELTA",
24.147842,2026-09-05T18:45:44.574+01:00,5103174,1148794,930,930,True,True,0x0F,"OK,OK,OK,OK","DELTA,DELTA,DELTA,DELTA",
24.160679,2026-09-05T18:45:44.579+01:00,5104104,1148795,1096,1096,True,True,0x0F,"OK,OK,OK,OK","DELTA,DELTA,DELTA,DELTA",
24.161712,2026-09-05T18:45:44.592+01:00,5105200,1148796,1050,1050,True,True,0x0F,"OK,OK,OK,OK","DELTA,DELTA,DELTA,DELTA",
24.162993,2026-09-05T18:45:44.593+01:00,5106250,1148797,976,976,True,True,0x0F,"OK,OK,OK,OK","DELTA,DELTA,DELTA,DELTA",
24.168123,2026-09-05T18:45:44.595+01:00,5107226,1148798,866,866,True,True,0x0F,"OK,OK,OK,OK","DELTA,DELTA,DELTA,DELTA",
24.178928,2026-09-05T18:45:44.600+01:00,5108092,1148799,1100,1100,True,True,0x0F,"OK,OK,OK,OK","DELTA,DELTA,DELTA,DELTA",
24.179870,2026-09-05T18:45:44.610+01:00,5109192,1148800,1072,1072,True,True,0x0F,"OK,OK,OK,OK","DELTA,DELTA,DELTA,DELTA",
24.182913,2026-09-05T18:45:44.611+01:00,5110264,1148801,1022,1022,True,True,0x0F,"OK,OK,OK,OK","DELTA,DELTA,DELTA,DELTA",
24.187955,2026-09-05T18:45:44.614+01:00,5111286,1148802,844,844,True,True,0x0F,"OK,OK,OK,OK","DELTA,DELTA,DELTA,DELTA",
24.196511,2026-09-05T18:45:44.620+01:00,5112130,1148803,1060,1060,True,True,0x0F,"OK,OK,OK,OK","DELTA,DELTA,DELTA,DELTA",
24.198138,2026-09-05T18:45:44.628+01:00,5113190,1148804,1090,1090,True,True,0x0F,"OK,OK,OK,OK","DELTA,DELTA,DELTA,DELTA",
24.202986,2026-09-05T18:45:44.630+01:00,5114280,1148805,996,996,True,True,0x0F,"OK,OK,OK,OK","DELTA,DELTA,DELTA,DELTA",
24.213221,2026-09-05T18:45:44.635+01:00,5115276,1148806,866,866,True,True,0x0F,"OK,OK,OK,OK","DELTA,DELTA,DELTA,DELTA",
24.214247,2026-09-05T18:45:44.645+01:00,5116142,1148807,1068,1068,True,True,0x0F,"OK,OK,OK,OK","DELTA,DELTA,DELTA,DELTA",
24.217900,2026-09-05T18:45:44.646+01:00,5117210,1148808,1054,1054,True,True,0x0F,"OK,OK,OK,OK","DELTA,DELTA,DELTA,DELTA",
24.222890,2026-09-05T18:45:44.650+01:00,5118264,1148809,1042,1042,True,True,0x0F,"OK,OK,OK,OK","DELTA,DELTA,DELTA,DELTA",
24.230442,2026-09-05T18:45:44.654+01:00,5119306,1148810,930,930,True,True,0x0F,"OK,OK,OK,OK","DELTA,DELTA,DELTA,DELTA",
24.233065,2026-09-05T18:45:44.662+01:00,5120236,1148811,1086,1086,True,True,0x0F,"OK,OK,OK,OK","DELTA,DELTA,DELTA,DELTA",
24.238079,2026-09-05T18:45:44.665+01:00,5121322,1148812,1096,1096,True,True,0x0F,"OK,OK,OK,OK","DELTA,DELTA,DELTA,DELTA",
24.247811,2026-09-05T18:45:44.670+01:00,5122418,1148813,1016,1016,True,True,0x0F,"OK,OK,OK,OK","DELTA,DELTA,DELTA,DELTA",
24.248811,2026-09-05T18:45:44.679+01:00,5123434,1148814,836,836,True,True,0x0F,"OK,OK,OK,OK","DELTA,DELTA,DELTA,DELTA",
24.253252,2026-09-05T18:45:44.680+01:00,5124270,1148815,1096,1096,True,True,0x0F,"OK,OK,OK,OK","DELTA,DELTA,DELTA,DELTA",
24.258048,2026-09-05T18:45:44.685+01:00,5125366,1148816,1076,1076,True,True,0x0F,"OK,OK,OK,OK","DELTA,DELTA,DELTA,DELTA",
24.265301,2026-09-05T18:45:44.690+01:00,5126442,1148817,960,960,True,True,0x0F,"OK,OK,OK,OK","DELTA,DELTA,DELTA,DELTA",
24.267941,2026-09-05T18:45:44.697+01:00,5127402,1148818,794,794,True,True,0x0F,"OK,OK,OK,OK","DELTA,DELTA,DELTA,DELTA",
24.273062,2026-09-05T18:45:44.699+01:00,5128196,1148819,948,948,True,True,0x0F,"OK,OK,OK,OK","DELTA,DELTA,DELTA,DELTA",
24.282753,2026-09-05T18:45:44.705+01:00,5129144,1148820,1018,1018,True,True,0x0F,"OK,OK,OK,OK","DELTA,DELTA,DELTA,DELTA",
24.283731,2026-09-05T18:45:44.714+01:00,5130162,1148821,1084,1084,True,True,0x0F,"OK,OK,OK,OK","DELTA,DELTA,DELTA,DELTA",
24.288090,2026-09-05T18:45:44.715+01:00,5131246,1148822,894,894,True,True,0x0F,"OK,OK,OK,OK","DELTA,DELTA,DELTA,DELTA",
24.292800,2026-09-05T18:45:44.720+01:00,5132140,1148823,1056,1056,True,True,0x0F,"OK,OK,OK,OK","DELTA,DELTA,DELTA,DELTA",
24.298713,2026-09-05T18:45:44.725+01:00,5133196,1148824,1086,1086,True,True,0x0F,"OK,OK,OK,OK","DELTA,DELTA,DELTA,DELTA",
24.303760,2026-09-05T18:45:44.730+01:00,5134282,1148825,1078,1078,True,True,0x0F,"OK,OK,OK,OK","DELTA,DELTA,DELTA,DELTA",
24.307665,2026-09-05T18:45:44.735+01:00,5135360,1148826,926,926,True,True,0x0F,"OK,OK,OK,OK","DELTA,DELTA,DELTA,DELTA",
24.312758,2026-09-05T18:45:44.739+01:00,5136286,1148827,1058,1058,True,True,0x0F,"OK,OK,OK,OK","DELTA,DELTA,DELTA,DELTA",
24.322939,2026-09-05T18:45:44.744+01:00,5137344,1148828,1086,1086,True,True,0x0F,"OK,OK,OK,OK","DELTA,DELTA,DELTA,DELTA",
24.323549,2026-09-05T18:45:44.755+01:00,5138430,1148829,1054,1054,True,True,0x0F,"OK,OK,OK,OK","DELTA,DELTA,DELTA,DELTA",
24.336516,2026-09-05T18:45:44.755+01:00,5139484,1148830,878,878,True,True,0x0F,"OK,OK,OK,OK","DELTA,DELTA,DELTA,DELTA",
24.337360,2026-09-05T18:45:44.768+01:00,5140362,1148831,994,994,True,True,0x0F,"OK,OK,OK,OK","DELTA,DELTA,DELTA,DELTA",
24.339161,2026-09-05T18:45:44.769+01:00,5141356,1148832,1062,1062,True,True,0x0F,"OK,OK,OK,OK","DELTA,DELTA,DELTA,DELTA",
24.342546,2026-09-05T18:45:44.771+01:00,5142418,1148833,956,956,True,True,0x0F,"OK,OK,OK,OK","DELTA,DELTA,DELTA,DELTA",
24.347959,2026-09-05T18:45:44.774+01:00,5143374,1148834,864,864,True,True,0x0F,"OK,OK,OK,OK","DELTA,DELTA,DELTA,DELTA",
24.355768,2026-09-05T18:45:44.779+01:00,5144238,1148835,1070,1070,True,True,0x0F,"OK,OK,OK,OK","DELTA,DELTA,DELTA,DELTA",
24.357765,2026-09-05T18:45:44.787+01:00,5145308,1148836,1034,1034,True,True,0x0F,"OK,OK,OK,OK","DELTA,DELTA,DELTA,DELTA",
24.363148,2026-09-05T18:45:44.789+01:00,5146342,1148837,986,986,True,True,0x0F,"OK,OK,OK,OK","DELTA,DELTA,DELTA,DELTA",
24.372122,2026-09-05T18:45:44.795+01:00,5147328,1148838,936,936,True,True,0x0F,"OK,OK,OK,OK","DELTA,DELTA,DELTA,DELTA",
24.373226,2026-09-05T18:45:44.804+01:00,5148264,1148839,1112,1112,True,True,0x0F,"OK,OK,OK,OK","DELTA,DELTA,DELTA,DELTA",
24.377749,2026-09-05T18:45:44.805+01:00,5149376,1148840,1052,1052,True,True,0x0F,"OK,OK,OK,OK","DELTA,DELTA,DELTA,DELTA",
24.382680,2026-09-05T18:45:44.809+01:00,5150428,1148841,998,998,True,True,0x0F,"OK,OK,OK,OK","DELTA,DELTA,DELTA,DELTA",
24.390159,2026-09-05T18:45:44.814+01:00,5151426,1148842,910,910,True,True,0x0F,"OK,OK,OK,OK","DELTA,DELTA,DELTA,DELTA",
24.393370,2026-09-05T18:45:44.822+01:00,5152336,1148843,1084,1084,True,True,0x0F,"OK,OK,OK,OK","DELTA,DELTA,DELTA,DELTA",
24.398753,2026-09-05T18:45:44.825+01:00,5153420,1148844,1112,1112,True,True,0x0F,"OK,OK,OK,OK","DELTA,DELTA,DELTA,DELTA",
24.408197,2026-09-05T18:45:44.830+01:00,5154532,1148845,950,950,True,True,0x0F,"OK,OK,OK,OK","DELTA,DELTA,DELTA,DELTA",
24.409492,2026-09-05T18:45:44.840+01:00,5155482,1148846,846,846,True,True,0x0F,"OK,OK,OK,OK","DELTA,DELTA,DELTA,DELTA",
24.413032,2026-09-05T18:45:44.841+01:00,5156328,1148847,976,976,True,True,0x0F,"OK,OK,OK,OK","DELTA,DELTA,DELTA,DELTA",
24.418370,2026-09-05T18:45:44.845+01:00,5157304,1148848,1142,1142,True,True,0x0F,"OK,OK,OK,OK","DELTA,DELTA,DELTA,DELTA",
24.425571,2026-09-05T18:45:44.850+01:00,5158446,1148849,1026,1026,True,True,0x0F,"OK,OK,OK,OK","DELTA,DELTA,DELTA,DELTA",
24.427799,2026-09-05T18:45:44.857+01:00,5159472,1148850,904,904,True,True,0x0F,"OK,OK,OK,OK","DELTA,DELTA,DELTA,DELTA",
24.432987,2026-09-05T18:45:44.859+01:00,5160376,1148851,986,986,True,True,0x0F,"OK,OK,OK,OK","DELTA,DELTA,DELTA,DELTA",
24.441827,2026-09-05T18:45:44.865+01:00,5161362,1148852,1070,1070,True,True,0x0F,"OK,OK,OK,OK","DELTA,DELTA,DELTA,DELTA",
24.442671,2026-09-05T18:45:44.873+01:00,5162432,1148853,932,932,True,True,0x0F,"OK,OK,OK,OK","DELTA,DELTA,DELTA,DELTA",
24.447715,2026-09-05T18:45:44.874+01:00,5163364,1148854,870,870,True,True,0x0F,"OK,OK,OK,OK","DELTA,DELTA,DELTA,DELTA",
24.458004,2026-09-05T18:45:44.879+01:00,5164234,1148855,1064,1064,True,True,0x0F,"OK,OK,OK,OK","DELTA,DELTA,DELTA,DELTA",
24.458889,2026-09-05T18:45:44.890+01:00,5165298,1148856,1022,1022,True,True,0x0F,"OK,OK,OK,OK","DELTA,DELTA,DELTA,DELTA",
24.462828,2026-09-05T18:45:44.890+01:00,5166320,1148857,1050,1050,True,True,0x0F,"OK,OK,OK,OK","DELTA,DELTA,DELTA,DELTA",
24.467946,2026-09-05T18:45:44.894+01:00,5167370,1148858,904,904,True,True,0x0F,"OK,OK,OK,OK","DELTA,DELTA,DELTA,DELTA",
24.472839,2026-09-05T18:45:44.899+01:00,5168274,1148859,1044,1044,True,True,0x0F,"OK,OK,OK,OK","DELTA,DELTA,DELTA,DELTA",
24.477720,2026-09-05T18:45:44.904+01:00,5169318,1148860,1024,1024,True,True,0x0F,"OK,OK,OK,OK","DELTA,DELTA,DELTA,DELTA",
24.482784,2026-09-05T18:45:44.909+01:00,5170342,1148861,1092,1092,True,True,0x0F,"OK,OK,OK,OK","DELTA,DELTA,DELTA,DELTA",
24.487560,2026-09-05T18:45:44.914+01:00,5171434,1148862,836,836,True,True,0x0F,"OK,OK,OK,OK","DELTA,DELTA,DELTA,DELTA",
24.500885,2026-09-05T18:45:44.919+01:00,5172270,1148863,1044,1044,True,True,0x0F,"OK,OK,OK,OK","DELTA,DELTA,DELTA,DELTA",
24.502516,2026-09-05T18:45:44.933+01:00,5173314,1148864,1032,1032,True,True,0x0F,"OK,OK,OK,OK","DELTA,DELTA,DELTA,DELTA",
24.503863,2026-09-05T18:45:44.934+01:00,5174346,1148865,1030,1030,True,True,0x0F,"OK,OK,OK,OK","DELTA,DELTA,DELTA,DELTA",
24.507836,2026-09-05T18:45:44.935+01:00,5175376,1148866,820,820,True,True,0x0F,"OK,OK,OK,OK","DELTA,DELTA,DELTA,DELTA",
24.512910,2026-09-05T18:45:44.939+01:00,5176196,1148867,956,956,True,True,0x0F,"OK,OK,OK,OK","DELTA,DELTA,DELTA,DELTA",
24.519705,2026-09-05T18:45:44.944+01:00,5177152,1148868,1148,1148,True,True,0x0F,"OK,OK,OK,OK","DELTA,DELTA,DELTA,DELTA",
24.522590,2026-09-05T18:45:44.952+01:00,5178300,1148869,1070,1070,True,True,0x0F,"OK,OK,OK,OK","DELTA,DELTA,DELTA,DELTA",
24.527630,2026-09-05T18:45:44.954+01:00,5179370,1148870,868,868,True,True,0x0F,"OK,OK,OK,OK","DELTA,DELTA,DELTA,DELTA",
24.536275,2026-09-05T18:45:44.959+01:00,5180238,1148871,1072,1072,True,True,0x0F,"OK,OK,OK,OK","DELTA,DELTA,DELTA,DELTA",
24.537651,2026-09-05T18:45:44.968+01:00,5181310,1148872,1092,1092,True,True,0x0F,"OK,OK,OK,OK","DELTA,DELTA,DELTA,DELTA",
24.542849,2026-09-05T18:45:44.969+01:00,5182402,1148873,1018,1018,True,True,0x0F,"OK,OK,OK,OK","DELTA,DELTA,DELTA,DELTA",
24.553149,2026-09-05T18:45:44.974+01:00,5183420,1148874,844,844,True,True,0x0F,"OK,OK,OK,OK","DELTA,DELTA,DELTA,DELTA",
24.554271,2026-09-05T18:45:44.985+01:00,5184264,1148875,1054,1054,True,True,0x0F,"OK,OK,OK,OK","DELTA,DELTA,DELTA,DELTA",
24.557826,2026-09-05T18:45:44.986+01:00,5185318,1148876,1046,1046,True,True,0x0F,"OK,OK,OK,OK","DELTA,DELTA,DELTA,DELTA",
24.562856,2026-09-05T18:45:44.989+01:00,5186364,1148877,1094,1094,True,True,0x0F,"OK,OK,OK,OK","DELTA,DELTA,DELTA,DELTA",
24.571620,2026-09-05T18:45:44.994+01:00,5187458,1148878,822,822,True,True,0x0F,"OK,OK,OK,OK","DELTA,DELTA,DELTA,DELTA",
24.572567,2026-09-05T18:45:45.003+01:00,5188280,1148879,1010,1010,True,True,0x0F,"OK,OK,OK,OK","DELTA,DELTA,DELTA,DELTA",
24.577930,2026-09-05T18:45:45.004+01:00,5189290,1148880,1126,1126,True,True,0x0F,"OK,OK,OK,OK","DELTA,DELTA,DELTA,DELTA",
24.588467,2026-09-05T18:45:45.010+01:00,5190416,1148881,1016,1016,True,True,0x0F,"OK,OK,OK,OK","DELTA,DELTA,DELTA,DELTA",
24.589319,2026-09-05T18:45:45.020+01:00,5191432,1148882,834,834,True,True,0x0F,"OK,OK,OK,OK","DELTA,DELTA,DELTA,DELTA",
24.593073,2026-09-05T18:45:45.021+01:00,5192266,1148883,1024,1024,True,True,0x0F,"OK,OK,OK,OK","DELTA,DELTA,DELTA,DELTA",
24.597711,2026-09-05T18:45:45.025+01:00,5193290,1148884,1048,1048,True,True,0x0F,"OK,OK,OK,OK","DELTA,DELTA,DELTA,DELTA",
24.606090,2026-09-05T18:45:45.029+01:00,5194338,1148885,1046,1046,True,True,0x0F,"OK,OK,OK,OK","DELTA,DELTA,DELTA,DELTA",
24.607822,2026-09-05T18:45:45.038+01:00,5195384,1148886,944,944,True,True,0x0F,"OK,OK,OK,OK","DELTA,DELTA,DELTA,DELTA",
24.612700,2026-09-05T18:45:45.039+01:00,5196328,1148887,988,988,True,True,0x0F,"OK,OK,OK,OK","DELTA,DELTA,DELTA,DELTA",
24.622793,2026-09-05T18:45:45.044+01:00,5197316,1148888,998,998,True,True,0x0F,"OK,OK,OK,OK","DELTA,DELTA,DELTA,DELTA",
24.623670,2026-09-05T18:45:45.054+01:00,5198314,1148889,992,992,True,True,0x0F,"OK,OK,OK,OK","DELTA,DELTA,DELTA,DELTA",
24.627753,2026-09-05T18:45:45.055+01:00,5199306,1148890,848,848,True,True,0x0F,"OK,OK,OK,OK","DELTA,DELTA,DELTA,DELTA",
24.632579,2026-09-05T18:45:45.059+01:00,5200154,1148891,1036,1036,True,True,0x0F,"OK,OK,OK,OK","DELTA,DELTA,DELTA,DELTA",
24.637650,2026-09-05T18:45:45.064+01:00,5201190,1148892,1122,1122,True,True,0x0F,"OK,OK,OK,OK","DELTA,DELTA,DELTA,DELTA",
24.642704,2026-09-05T18:45:45.069+01:00,5202312,1148893,1076,1076,True,True,0x0F,"OK,OK,OK,OK","DELTA,DELTA,DELTA,DELTA",
24.647406,2026-09-05T18:45:45.074+01:00,5203388,1148894,904,904,True,True,0x0F,"OK,OK,OK,OK","DELTA,DELTA,DELTA,DELTA",
24.660604,2026-09-05T18:45:45.079+01:00,5204292,1148895,996,996,True,True,0x0F,"OK,OK,OK,OK","DELTA,DELTA,DELTA,DELTA",
24.661297,2026-09-05T18:45:45.092+01:00,5205288,1148896,1094,1094,True,True,0x0F,"OK,OK,OK,OK","DELTA,DELTA,DELTA,DELTA",
24.671098,2026-09-05T18:45:45.093+01:00,5206382,1148897,1018,1018,True,True,0x0F,"OK,OK,OK,OK","DELTA,DELTA,DELTA,DELTA",
24.674777,2026-09-05T18:45:45.105+01:00,5207400,1148898,884,884,True,True,0x0F,"OK,OK,OK,OK","DELTA,DELTA,DELTA,DELTA",
24.675668,2026-09-05T18:45:45.106+01:00,5208284,1148899,948,948,True,True,0x0F,"OK,OK,OK,OK","DELTA,DELTA,DELTA,DELTA",
24.677681,2026-09-05T18:45:45.107+01:00,5209232,1148900,1034,1034,True,True,0x0F,"OK,OK,OK,OK","DELTA,DELTA,DELTA,DELTA",
24.682557,2026-09-05T18:45:45.109+01:00,5210266,1148901,1116,1116,True,True,0x0F,"OK,OK,OK,OK","DELTA,DELTA,DELTA,DELTA",
24.691761,2026-09-05T18:45:45.114+01:00,5211382,1148902,880,880,True,True,0x0F,"OK,OK,OK,OK","DELTA,DELTA,DELTA,DELTA",
24.692658,2026-09-05T18:45:45.123+01:00,5212262,1148903,972,972,True,True,0x0F,"OK,OK,OK,OK","DELTA,DELTA,DELTA,DELTA",
24.697731,2026-09-05T18:45:45.124+01:00,5213234,1148904,1032,1032,True,True,0x0F,"OK,OK,OK,OK","DELTA,DELTA,DELTA,DELTA",
24.708081,2026-09-05T18:45:45.129+01:00,5214266,1148905,1072,1072,True,True,0x0F,"OK,OK,OK,OK","DELTA,DELTA,DELTA,DELTA",
24.708956,2026-09-05T18:45:45.140+01:00,5215338,1148906,778,778,True,True,0x0F,"OK,OK,OK,OK","DELTA,DELTA,DELTA,DELTA",
24.712949,2026-09-05T18:45:45.140+01:00,5216116,1148907,1016,1016,True,True,0x0F,"OK,OK,OK,OK","DELTA,DELTA,DELTA,DELTA",
24.717492,2026-09-05T18:45:45.144+01:00,5217132,1148908,1072,1072,True,True,0x0F,"OK,OK,OK,OK","DELTA,DELTA,DELTA,DELTA",
24.726043,2026-09-05T18:45:45.149+01:00,5218204,1148909,1012,1012,True,True,0x0F,"OK,OK,OK,OK","DELTA,DELTA,DELTA,DELTA",
24.727333,2026-09-05T18:45:45.158+01:00,5219216,1148910,844,844,True,True,0x0F,"OK,OK,OK,OK","DELTA,DELTA,DELTA,DELTA",
24.732857,2026-09-05T18:45:45.159+01:00,5220060,1148911,1044,1044,True,True,0x0F,"OK,OK,OK,OK","DELTA,DELTA,DELTA,DELTA",
24.742372,2026-09-05T18:45:45.164+01:00,5221104,1148912,1126,1126,True,True,0x0F,"OK,OK,OK,OK","DELTA,DELTA,DELTA,DELTA",
24.743205,2026-09-05T18:45:45.174+01:00,5222230,1148913,4216,4216,True,True,0x0F,"OK,OK,OK,OK","DELTA_SYNC,DELTA_SYNC,DELTA_SYNC,DELTA_SYNC",
24.747469,2026-09-05T18:45:45.175+01:00,5226446,1148914,896,896,True,True,0x0F,"OK,OK,OK,OK","DELTA,DELTA,DELTA,DELTA",
24.752729,2026-09-05T18:45:45.179+01:00,5227342,1148915,1060,1060,True,True,0x0F,"OK,OK,OK,OK","DELTA,DELTA,DELTA,DELTA",
24.758868,2026-09-05T18:45:45.184+01:00,5228402,1148916,1104,1104,True,True,0x0F,"OK,OK,OK,OK","DELTA,DELTA,DELTA,DELTA",
24.763016,2026-09-05T18:45:45.190+01:00,5229506,1148917,1128,1128,True,True,0x0F,"OK,OK,OK,OK","DELTA,DELTA,DELTA,DELTA",
24.767345,2026-09-05T18:45:45.195+01:00,5230634,1148918,830,830,True,True,0x0F,"OK,OK,OK,OK","DELTA,DELTA,DELTA,DELTA",
24.775597,2026-09-05T18:45:45.199+01:00,5231464,1148919,972,972,True,True,0x0F,"OK,OK,OK,OK","DELTA,DELTA,DELTA,DELTA",
24.777341,2026-09-05T18:45:45.207+01:00,5232436,1148920,1022,1022,True,True,0x0F,"OK,OK,OK,OK","DELTA,DELTA,DELTA,DELTA",
24.782636,2026-09-05T18:45:45.209+01:00,5233458,1148921,1182,1182,True,True,0x0F,"OK,OK,OK,OK","DELTA,DELTA,DELTA,DELTA",
24.793263,2026-09-05T18:45:45.214+01:00,5234640,1148922,940,940,True,True,0x0F,"OK,OK,OK,OK","DELTA,DELTA,DELTA,DELTA",
24.794175,2026-09-05T18:45:45.225+01:00,5235580,1148923,990,990,True,True,0x0F,"OK,OK,OK,OK","DELTA,DELTA,DELTA,DELTA",
24.797560,2026-09-05T18:45:45.226+01:00,5236570,1148924,996,996,True,True,0x0F,"OK,OK,OK,OK","DELTA,DELTA,DELTA,DELTA",
24.802615,2026-09-05T18:45:45.229+01:00,5237566,1148925,1076,1076,True,True,0x0F,"OK,OK,OK,OK","DELTA,DELTA,DELTA,DELTA",
24.808894,2026-09-05T18:45:45.234+01:00,5238642,1148926,848,848,True,True,0x0F,"OK,OK,OK,OK","DELTA,DELTA,DELTA,DELTA",
24.812785,2026-09-05T18:45:45.240+01:00,5239490,1148927,990,990,True,True,0x0F,"OK,OK,OK,OK","DELTA,DELTA,DELTA,DELTA",
24.817720,2026-09-05T18:45:45.244+01:00,5240480,1148928,1108,1108,True,True,0x0F,"OK,OK,OK,OK","DELTA,DELTA,DELTA,DELTA",
24.822273,2026-09-05T18:45:45.249+01:00,5241588,1148929,1100,1100,True,True,0x0F,"OK,OK,OK,OK","DELTA,DELTA,DELTA,DELTA",
24.836478,2026-09-05T18:45:45.254+01:00,5242688,1148930,854,854,True,True,0x0F,"OK,OK,OK,OK","DELTA,DELTA,DELTA,DELTA",
24.837874,2026-09-05T18:45:45.268+01:00,5243542,1148931,998,998,True,True,0x0F,"OK,OK,OK,OK","DELTA,DELTA,DELTA,DELTA",
24.838785,2026-09-05T18:45:45.269+01:00,5244540,1148932,1088,1088,True,True,0x0F,"OK,OK,OK,OK","DELTA,DELTA,DELTA,DELTA",
24.842363,2026-09-05T18:45:45.270+01:00,5245628,1148933,1048,1048,True,True,0x0F,"OK,OK,OK,OK","DELTA,DELTA,DELTA,DELTA",
24.847440,2026-09-05T18:45:45.274+01:00,5246676,1148934,920,920,True,True,0x0F,"OK,OK,OK,OK","DELTA,DELTA,DELTA,DELTA",
24.854414,2026-09-05T18:45:45.279+01:00,5247596,1148935,990,990,True,True,0x0F,"OK,OK,OK,OK","DELTA,DELTA,DELTA,DELTA",
24.857377,2026-09-05T18:45:45.286+01:00,5248586,1148936,1084,1084,True,True,0x0F,"OK,OK,OK,OK","DELTA,DELTA,DELTA,DELTA",
24.862570,2026-09-05T18:45:45.289+01:00,5249670,1148937,1096,1096,True,True,0x0F,"OK,OK,OK,OK","DELTA,DELTA,DELTA,DELTA",
24.871173,2026-09-05T18:45:45.294+01:00,5250766,1148938,852,852,True,True,0x0F,"OK,OK,OK,OK","DELTA,DELTA,DELTA,DELTA",
24.872442,2026-09-05T18:45:45.303+01:00,5251618,1148939,894,894,True,True,0x0F,"OK,OK,OK,OK","DELTA,DELTA,DELTA,DELTA",
24.877636,2026-09-05T18:45:45.304+01:00,5252512,1148940,1068,1068,True,True,0x0F,"OK,OK,OK,OK","DELTA,DELTA,DELTA,DELTA",
24.887424,2026-09-05T18:45:45.309+01:00,5253580,1148941,1046,1046,True,True,0x0F,"OK,OK,OK,OK","DELTA,DELTA,DELTA,DELTA",
24.888778,2026-09-05T18:45:45.319+01:00,5254626,1148942,1006,1006,True,True,0x0F,"OK,OK,OK,OK","DELTA,DELTA,DELTA,DELTA",
24.892564,2026-09-05T18:45:45.320+01:00,5255632,1148943,932,932,True,True,0x0F,"OK,OK,OK,OK","DELTA,DELTA,DELTA,DELTA",
24.897795,2026-09-05T18:45:45.324+01:00,5256564,1148944,1086,1086,True,True,0x0F,"OK,OK,OK,OK","DELTA,DELTA,DELTA,DELTA",
24.906072,2026-09-05T18:45:45.329+01:00,5257650,1148945,1052,1052,True,True,0x0F,"OK,OK,OK,OK","DELTA,DELTA,DELTA,DELTA",
24.907227,2026-09-05T18:45:45.338+01:00,5258702,1148946,962,962,True,True,0x0F,"OK,OK,OK,OK","DELTA,DELTA,DELTA,DELTA",
24.912481,2026-09-05T18:45:45.339+01:00,5259664,1148947,992,992,True,True,0x0F,"OK,OK,OK,OK","DELTA,DELTA,DELTA,DELTA",
24.922606,2026-09-05T18:45:45.344+01:00,5260656,1148948,1018,1018,True,True,0x0F,"OK,OK,OK,OK","DELTA,DELTA,DELTA,DELTA",
24.923491,2026-09-05T18:45:45.354+01:00,5261674,1148949,1122,1122,True,True,0x0F,"OK,OK,OK,OK","DELTA,DELTA,DELTA,DELTA",
24.927544,2026-09-05T18:45:45.355+01:00,5262796,1148950,954,954,True,True,0x0F,"OK,OK,OK,OK","DELTA,DELTA,DELTA,DELTA",
24.932108,2026-09-05T18:45:45.359+01:00,5263750,1148951,970,970,True,True,0x0F,"OK,OK,OK,OK","DELTA,DELTA,DELTA,DELTA",
24.939764,2026-09-05T18:45:45.364+01:00,5264720,1148952,1062,1062,True,True,0x0F,"OK,OK,OK,OK","DELTA,DELTA,DELTA,DELTA",
24.943187,2026-09-05T18:45:45.371+01:00,5265782,1148953,1070,1070,True,True,0x0F,"OK,OK,OK,OK","DELTA,DELTA,DELTA,DELTA",
24.947494,2026-09-05T18:45:45.375+01:00,5266852,1148954,920,920,True,True,0x0F,"OK,OK,OK,OK","DELTA,DELTA,DELTA,DELTA",
24.957646,2026-09-05T18:45:45.379+01:00,5267772,1148955,974,974,True,True,0x0F,"OK,OK,OK,OK","DELTA,DELTA,DELTA,DELTA",
24.959061,2026-09-05T18:45:45.389+01:00,5268746,1148956,1098,1098,True,True,0x0F,"OK,OK,OK,OK","DELTA,DELTA,DELTA,DELTA",
24.962510,2026-09-05T18:45:45.391+01:00,5269844,1148957,1080,1080,True,True,0x0F,"OK,OK,OK,OK","DELTA,DELTA,DELTA,DELTA",
24.967018,2026-09-05T18:45:45.394+01:00,5270924,1148958,856,856,True,True,0x0F,"OK,OK,OK,OK","DELTA,DELTA,DELTA,DELTA",
24.973365,2026-09-05T18:45:45.399+01:00,5271780,1148959,982,982,True,True,0x0F,"OK,OK,OK,OK","DELTA,DELTA,DELTA,DELTA",
24.978145,2026-09-05T18:45:45.405+01:00,5272762,1148960,1058,1058,True,True,0x0F,"OK,OK,OK,OK","DELTA,DELTA,DELTA,DELTA",
24.982138,2026-09-05T18:45:45.410+01:00,5273820,1148961,1100,1100,True,True,0x0F,"OK,OK,OK,OK","DELTA,DELTA,DELTA,DELTA",
24.987240,2026-09-05T18:45:45.414+01:00,5274920,1148962,918,918,True,True,0x0F,"OK,OK,OK,OK","DELTA,DELTA,DELTA,DELTA",
24.998304,2026-09-05T18:45:45.419+01:00,5275838,1148963,966,966,True,True,0x0F,"OK,OK,OK,OK","DELTA,DELTA,DELTA,DELTA",
24.998924,2026-09-05T18:45:45.430+01:00,5276804,1148964,1038,1038,True,True,0x0F,"OK,OK,OK,OK","DELTA,DELTA,DELTA,DELTA",
25.008881,2026-09-05T18:45:45.430+01:00,5277842,1148965,1036,1036,True,True,0x0F,"OK,OK,OK,OK","DELTA,DELTA,DELTA,DELTA",
25.012559,2026-09-05T18:45:45.443+01:00,5278878,1148966,860,860,True,True,0x0F,"OK,OK,OK,OK","DELTA,DELTA,DELTA,DELTA",
25.014063,2026-09-05T18:45:45.444+01:00,5279738,1148967,998,998,True,True,0x0F,"OK,OK,OK,OK","DELTA,DELTA,DELTA,DELTA",
25.017389,2026-09-05T18:45:45.446+01:00,5280736,1148968,1096,1096,True,True,0x0F,"OK,OK,OK,OK","DELTA,DELTA,DELTA,DELTA",
25.022294,2026-09-05T18:45:45.449+01:00,5281832,1148969,1092,1092,True,True,0x0F,"OK,OK,OK,OK","DELTA,DELTA,DELTA,DELTA",
25.030446,2026-09-05T18:45:45.454+01:00,5282924,1148970,930,930,True,True,0x0F,"OK,OK,OK,OK","DELTA,DELTA,DELTA,DELTA",
25.032323,2026-09-05T18:45:45.462+01:00,5283854,1148971,1046,1046,True,True,0x0F,"OK,OK,OK,OK","DELTA,DELTA,DELTA,DELTA",
25.037502,2026-09-05T18:45:45.464+01:00,5284900,1148972,1230,1230,True,True,0x0F,"OK,OK,OK,OK","DELTA,DELTA,DELTA,DELTA",
25.047492,2026-09-05T18:45:45.469+01:00,5286130,1148973,1118,1118,True,True,0x0F,"OK,OK,OK,OK","DELTA,DELTA,DELTA,DELTA",
25.048499,2026-09-05T18:45:45.479+01:00,5287248,1148974,888,888,True,True,0x0F,"OK,OK,OK,OK","DELTA,DELTA,DELTA,DELTA",
25.052301,2026-09-05T18:45:45.480+01:00,5288136,1148975,934,934,True,True,0x0F,"OK,OK,OK,OK","DELTA,DELTA,DELTA,DELTA",
25.057203,2026-09-05T18:45:45.484+01:00,5289070,1148976,1038,1038,True,True,0x0F,"OK,OK,OK,OK","DELTA,DELTA,DELTA,DELTA",
25.064467,2026-09-05T18:45:45.489+01:00,5290108,1148977,1082,1082,True,True,0x0F,"OK,OK,OK,OK","DELTA,DELTA,DELTA,DELTA",
25.067304,2026-09-05T18:45:45.496+01:00,5291190,1148978,948,948,True,True,0x0F,"OK,OK,OK,OK","DELTA,DELTA,DELTA,DELTA",
25.072317,2026-09-05T18:45:45.499+01:00,5292138,1148979,970,970,True,True,0x0F,"OK,OK,OK,OK","DELTA,DELTA,DELTA,DELTA",
25.081255,2026-09-05T18:45:45.504+01:00,5293108,1148980,1132,1132,True,True,0x0F,"OK,OK,OK,OK","DELTA,DELTA,DELTA,DELTA",
25.082157,2026-09-05T18:45:45.513+01:00,5294240,1148981,1076,1076,True,True,0x0F,"OK,OK,OK,OK","DELTA,DELTA,DELTA,DELTA",
25.087523,2026-09-05T18:45:45.514+01:00,5295316,1148982,914,914,True,True,0x0F,"OK,OK,OK,OK","DELTA,DELTA,DELTA,DELTA",
25.098015,2026-09-05T18:45:45.519+01:00,5296230,1148983,932,932,True,True,0x0F,"OK,OK,OK,OK","DELTA,DELTA,DELTA,DELTA",
25.098957,2026-09-05T18:45:45.530+01:00,5297162,1148984,1088,1088,True,True,0x0F,"OK,OK,OK,OK","DELTA,DELTA,DELTA,DELTA",
25.102215,2026-09-05T18:45:45.530+01:00,5298250,1148985,1032,1032,True,True,0x0F,"OK,OK,OK,OK","DELTA,DELTA,DELTA,DELTA",
25.107408,2026-09-05T18:45:45.534+01:00,5299282,1148986,982,982,True,True,0x0F,"OK,OK,OK,OK","DELTA,DELTA,DELTA,DELTA",
25.115158,2026-09-05T18:45:45.539+01:00,5300264,1148987,936,936,True,True,0x0F,"OK,OK,OK,OK","DELTA,DELTA,DELTA,DELTA",
25.117136,2026-09-05T18:45:45.547+01:00,5301200,1148988,1064,1064,True,True,0x0F,"OK,OK,OK,OK","DELTA,DELTA,DELTA,DELTA",
25.122143,2026-09-05T18:45:45.549+01:00,5302264,1148989,1058,1058,True,True,0x0F,"OK,OK,OK,OK","DELTA,DELTA,DELTA,DELTA",
25.132015,2026-09-05T18:45:45.554+01:00,5303322,1148990,906,906,True,True,0x0F,"OK,OK,OK,OK","DELTA,DELTA,DELTA,DELTA",
25.132893,2026-09-05T18:45:45.564+01:00,5304228,1148991,944,944,True,True,0x0F,"OK,OK,OK,OK","DELTA,DELTA,DELTA,DELTA",
25.137148,2026-09-05T18:45:45.564+01:00,5305172,1148992,1050,1050,True,True,0x0F,"OK,OK,OK,OK","DELTA,DELTA,DELTA,DELTA",
25.142219,2026-09-05T18:45:45.569+01:00,5306222,1148993,1096,1096,True,True,0x0F,"OK,OK,OK,OK","DELTA,DELTA,DELTA,DELTA",
25.146807,2026-09-05T18:45:45.574+01:00,5307318,1148994,906,906,True,True,0x0F,"OK,OK,OK,OK","DELTA,DELTA,DELTA,DELTA",
25.152100,2026-09-05T18:45:45.579+01:00,5308224,1148995,1000,1000,True,True,0x0F,"OK,OK,OK,OK","DELTA,DELTA,DELTA,DELTA",
25.157164,2026-09-05T18:45:45.584+01:00,5309224,1148996,1034,1034,True,True,0x0F,"OK,OK,OK,OK","DELTA,DELTA,DELTA,DELTA",
25.173764,2026-09-05T18:45:45.589+01:00,5310258,1148997,1116,1116,True,True,0x0F,"OK,OK,OK,OK","DELTA,DELTA,DELTA,DELTA",
25.174927,2026-09-05T18:45:45.605+01:00,5311374,1148998,930,930,True,True,0x0F,"OK,OK,OK,OK","DELTA,DELTA,DELTA,DELTA",
25.175811,2026-09-05T18:45:45.606+01:00,5312304,1148999,978,978,True,True,0x0F,"OK,OK,OK,OK","DELTA,DELTA,DELTA,DELTA",
25.177117,2026-09-05T18:45:45.608+01:00,5313282,1149000,1072,1072,True,True,0x0F,"OK,OK,OK,OK","DELTA,DELTA,DELTA,DELTA",
25.182228,2026-09-05T18:45:45.609+01:00,5314354,1149001,1038,1038,True,True,0x0F,"OK,OK,OK,OK","DELTA,DELTA,DELTA,DELTA",
25.194976,2026-09-05T18:45:45.614+01:00,5315392,1149002,816,816,True,True,0x0F,"OK,OK,OK,OK","DELTA,DELTA,DELTA,DELTA",
25.195576,2026-09-05T18:45:45.627+01:00,5316208,1149003,916,916,True,True,0x0F,"OK,OK,OK,OK","DELTA,DELTA,DELTA,DELTA",
25.197618,2026-09-05T18:45:45.627+01:00,5317124,1149004,1066,1066,True,True,0x0F,"OK,OK,OK,OK","DELTA,DELTA,DELTA,DELTA",
25.202423,2026-09-05T18:45:45.629+01:00,5318190,1149005,984,984,True,True,0x0F,"OK,OK,OK,OK","DELTA,DELTA,DELTA,DELTA",
25.206967,2026-09-05T18:45:45.634+01:00,5319174,1149006,936,936,True,True,0x0F,"OK,OK,OK,OK","DELTA,DELTA,DELTA,DELTA",
25.214935,2026-09-05T18:45:45.640+01:00,5320110,1149007,934,934,True,True,0x0F,"OK,OK,OK,OK","DELTA,DELTA,DELTA,DELTA",
25.217285,2026-09-05T18:45:45.647+01:00,5321044,1149008,1048,1048,True,True,0x0F,"OK,OK,OK,OK","DELTA,DELTA,DELTA,DELTA",
25.222634,2026-09-05T18:45:45.649+01:00,5322092,1149009,1048,1048,True,True,0x0F,"OK,OK,OK,OK","DELTA,DELTA,DELTA,DELTA",
25.226742,2026-09-05T18:45:45.654+01:00,5323140,1149010,886,886,True,True,0x0F,"OK,OK,OK,OK","DELTA,DELTA,DELTA,DELTA",
25.233638,2026-09-05T18:45:45.658+01:00,5324026,1149011,954,954,True,True,0x0F,"OK,OK,OK,OK","DELTA,DELTA,DELTA,DELTA",
25.237206,2026-09-05T18:45:45.665+01:00,5324980,1149012,1058,1058,True,True,0x0F,"OK,OK,OK,OK","DELTA,DELTA,DELTA,DELTA",
25.241989,2026-09-05T18:45:45.669+01:00,5326038,1149013,1092,1092,True,True,0x0F,"OK,OK,OK,OK","DELTA,DELTA,DELTA,DELTA",
25.250745,2026-09-05T18:45:45.674+01:00,5327130,1149014,926,926,True,True,0x0F,"OK,OK,OK,OK","DELTA,DELTA,DELTA,DELTA",
25.252043,2026-09-05T18:45:45.682+01:00,5328056,1149015,944,944,True,True,0x0F,"OK,OK,OK,OK","DELTA,DELTA,DELTA,DELTA",
25.257405,2026-09-05T18:45:45.684+01:00,5329000,1149016,1152,1152,True,True,0x0F,"OK,OK,OK,OK","DELTA,DELTA,DELTA,DELTA",
25.261898,2026-09-05T18:45:45.689+01:00,5330152,1149017,1004,1004,True,True,0x0F,"OK,OK,OK,OK","DELTA,DELTA,DELTA,DELTA",
25.268898,2026-09-05T18:45:45.693+01:00,5331156,1149018,1022,1022,True,True,0x0F,"OK,OK,OK,OK","DELTA,DELTA,DELTA,DELTA",
25.272112,2026-09-05T18:45:45.700+01:00,5332178,1149019,986,986,True,True,0x0F,"OK,OK,OK,OK","DELTA,DELTA,DELTA,DELTA",
25.276982,2026-09-05T18:45:45.704+01:00,5333164,1149020,1020,1020,True,True,0x0F,"OK,OK,OK,OK","DELTA,DELTA,DELTA,DELTA",
25.286406,2026-09-05T18:45:45.709+01:00,5334184,1149021,1026,1026,True,True,0x0F,"OK,OK,OK,OK","DELTA,DELTA,DELTA,DELTA",
25.287509,2026-09-05T18:45:45.718+01:00,5335210,1149022,950,950,True,True,0x0F,"OK,OK,OK,OK","DELTA,DELTA,DELTA,DELTA",
25.291952,2026-09-05T18:45:45.719+01:00,5336160,1149023,1016,1016,True,True,0x0F,"OK,OK,OK,OK","DELTA,DELTA,DELTA,DELTA",
25.297226,2026-09-05T18:45:45.724+01:00,5337176,1149024,1124,1124,True,True,0x0F,"OK,OK,OK,OK","DELTA,DELTA,DELTA,DELTA",
25.304845,2026-09-05T18:45:45.729+01:00,5338300,1149025,1098,1098,True,True,0x0F,"OK,OK,OK,OK","DELTA,DELTA,DELTA,DELTA",
25.307231,2026-09-05T18:45:45.736+01:00,5339398,1149026,930,930,True,True,0x0F,"OK,OK,OK,OK","DELTA,DELTA,DELTA,DELTA",
25.312370,2026-09-05T18:45:45.739+01:00,5340328,1149027,990,990,True,True,0x0F,"OK,OK,OK,OK","DELTA,DELTA,DELTA,DELTA",
25.317726,2026-09-05T18:45:45.744+01:00,5341318,1149028,1122,1122,True,True,0x0F,"OK,OK,OK,OK","DELTA,DELTA,DELTA,DELTA",
25.322288,2026-09-05T18:45:45.749+01:00,5342440,1149029,1028,1028,True,True,0x0F,"OK,OK,OK,OK","DELTA,DELTA,DELTA,DELTA",
25.326686,2026-09-05T18:45:45.754+01:00,5343468,1149030,888,888,True,True,0x0F,"OK,OK,OK,OK","DELTA,DELTA,DELTA,DELTA",
25.331778,2026-09-05T18:45:45.758+01:00,5344356,1149031,930,930,True,True,0x0F,"OK,OK,OK,OK","DELTA,DELTA,DELTA,DELTA",
25.343648,2026-09-05T18:45:45.763+01:00,5345286,1149032,1056,1056,True,True,0x0F,"OK,OK,OK,OK","DELTA,DELTA,DELTA,DELTA",
25.344225,2026-09-05T18:45:45.775+01:00,5346342,1149033,1066,1066,True,True,0x0F,"OK,OK,OK,OK","DELTA,DELTA,DELTA,DELTA",
25.354399,2026-09-05T18:45:45.776+01:00,5347408,1149034,920,920,True,True,0x0F,"OK,OK,OK,OK","DELTA,DELTA,DELTA,DELTA",
25.357624,2026-09-05T18:45:45.788+01:00,5348328,1149035,850,850,True,True,0x0F,"OK,OK,OK,OK","DELTA,DELTA,DELTA,DELTA",
25.358579,2026-09-05T18:45:45.789+01:00,5349178,1149036,1104,1104,True,True,0x0F,"OK,OK,OK,OK","DELTA,DELTA,DELTA,DELTA",
25.361953,2026-09-05T18:45:45.790+01:00,5350282,1149037,1094,1094,True,True,0x0F,"OK,OK,OK,OK","DELTA,DELTA,DELTA,DELTA",
25.367132,2026-09-05T18:45:45.794+01:00,5351376,1149038,934,934,True,True,0x0F,"OK,OK,OK,OK","DELTA,DELTA,DELTA,DELTA",
25.376434,2026-09-05T18:45:45.799+01:00,5352310,1149039,994,994,True,True,0x0F,"OK,OK,OK,OK","DELTA,DELTA,DELTA,DELTA",
25.377779,2026-09-05T18:45:45.808+01:00,5353304,1149040,1196,1196,True,True,0x0F,"OK,OK,OK,OK","DELTA,DELTA,DELTA,DELTA",
25.382079,2026-09-05T18:45:45.809+01:00,5354500,1149041,1072,1072,True,True,0x0F,"OK,OK,OK,OK","DELTA,DELTA,DELTA,DELTA",
25.386671,2026-09-05T18:45:45.814+01:00,5355572,1149042,916,916,True,True,0x0F,"OK,OK,OK,OK","DELTA,DELTA,DELTA,DELTA",
25.393544,2026-09-05T18:45:45.818+01:00,5356488,1149043,912,912,True,True,0x0F,"OK,OK,OK,OK","DELTA,DELTA,DELTA,DELTA",
25.396975,2026-09-05T18:45:45.825+01:00,5357400,1149044,1042,1042,True,True,0x0F,"OK,OK,OK,OK","DELTA,DELTA,DELTA,DELTA",
25.401881,2026-09-05T18:45:45.829+01:00,5358442,1149045,1158,1158,True,True,0x0F,"OK,OK,OK,OK","DELTA,DELTA,DELTA,DELTA",
25.410403,2026-09-05T18:45:45.834+01:00,5359600,1149046,958,958,True,True,0x0F,"OK,OK,OK,OK","DELTA,DELTA,DELTA,DELTA",
25.411940,2026-09-05T18:45:45.842+01:00,5360558,1149047,954,954,True,True,0x0F,"OK,OK,OK,OK","DELTA,DELTA,DELTA,DELTA",
25.416967,2026-09-05T18:45:45.843+01:00,5361512,1149048,1048,1048,True,True,0x0F,"OK,OK,OK,OK","DELTA,DELTA,DELTA,DELTA",
25.427426,2026-09-05T18:45:45.849+01:00,5362560,1149049,1050,1050,True,True,0x0F,"OK,OK,OK,OK","DELTA,DELTA,DELTA,DELTA",
25.428337,2026-09-05T18:45:45.859+01:00,5363610,1149050,980,980,True,True,0x0F,"OK,OK,OK,OK","DELTA,DELTA,DELTA,DELTA",
25.431957,2026-09-05T18:45:45.860+01:00,5364590,1149051,988,988,True,True,0x0F,"OK,OK,OK,OK","DELTA,DELTA,DELTA,DELTA",
25.436695,2026-09-05T18:45:45.863+01:00,5365578,1149052,1102,1102,True,True,0x0F,"OK,OK,OK,OK","DELTA,DELTA,DELTA,DELTA",
25.444556,2026-09-05T18:45:45.868+01:00,5366680,1149053,1080,1080,True,True,0x0F,"OK,OK,OK,OK","DELTA,DELTA,DELTA,DELTA",
25.447034,2026-09-05T18:45:45.876+01:00,5367760,1149054,860,860,True,True,0x0F,"OK,OK,OK,OK","DELTA,DELTA,DELTA,DELTA",
25.451845,2026-09-05T18:45:45.879+01:00,5368620,1149055,888,888,True,True,0x0F,"OK,OK,OK,OK","DELTA,DELTA,DELTA,DELTA",
25.461327,2026-09-05T18:45:45.883+01:00,5369508,1149056,1084,1084,True,True,0x0F,"OK,OK,OK,OK","DELTA,DELTA,DELTA,DELTA",
25.462525,2026-09-05T18:45:45.893+01:00,5370592,1149057,1116,1116,True,True,0x0F,"OK,OK,OK,OK","DELTA,DELTA,DELTA,DELTA",
25.466905,2026-09-05T18:45:45.894+01:00,5371708,1149058,942,942,True,True,0x0F,"OK,OK,OK,OK","DELTA,DELTA,DELTA,DELTA",
25.471889,2026-09-05T18:45:45.898+01:00,5372650,1149059,1024,1024,True,True,0x0F,"OK,OK,OK,OK","DELTA,DELTA,DELTA,DELTA",
25.479359,2026-09-05T18:45:45.904+01:00,5373674,1149060,1154,1154,True,True,0x0F,"OK,OK,OK,OK","DELTA,DELTA,DELTA,DELTA",
25.481735,2026-09-05T18:45:45.911+01:00,5374828,1149061,1058,1058,True,True,0x0F,"OK,OK,OK,OK","DELTA,DELTA,DELTA,DELTA",
25.486795,2026-09-05T18:45:45.913+01:00,5375886,1149062,916,916,True,True,0x0F,"OK,OK,OK,OK","DELTA,DELTA,DELTA,DELTA",
25.492125,2026-09-05T18:45:45.918+01:00,5376802,1149063,954,954,True,True,0x0F,"OK,OK,OK,OK","DELTA,DELTA,DELTA,DELTA",
25.497731,2026-09-05T18:45:45.924+01:00,5377756,1149064,1016,1016,True,True,0x0F,"OK,OK,OK,OK","DELTA,DELTA,DELTA,DELTA",
25.501644,2026-09-05T18:45:45.929+01:00,5378772,1149065,1108,1108,True,True,0x0F,"OK,OK,OK,OK","DELTA,DELTA,DELTA,DELTA",
25.506526,2026-09-05T18:45:45.933+01:00,5379880,1149066,958,958,True,True,0x0F,"OK,OK,OK,OK","DELTA,DELTA,DELTA,DELTA",
25.523033,2026-09-05T18:45:45.938+01:00,5380838,1149067,960,960,True,True,0x0F,"OK,OK,OK,OK","DELTA,DELTA,DELTA,DELTA",
25.524478,2026-09-05T18:45:45.955+01:00,5381798,1149068,1008,1008,True,True,0x0F,"OK,OK,OK,OK","DELTA,DELTA,DELTA,DELTA",
25.525432,2026-09-05T18:45:45.956+01:00,5382806,1149069,976,976,True,True,0x0F,"OK,OK,OK,OK","DELTA,DELTA,DELTA,DELTA",
25.526630,2026-09-05T18:45:45.957+01:00,5383782,1149070,970,970,True,True,0x0F,"OK,OK,OK,OK","DELTA,DELTA,DELTA,DELTA",
25.531924,2026-09-05T18:45:45.958+01:00,5384752,1149071,954,954,True,True,0x0F,"OK,OK,OK,OK","DELTA,DELTA,DELTA,DELTA",
25.541375,2026-09-05T18:45:45.964+01:00,5385706,1149072,1056,1056,True,True,0x0F,"OK,OK,OK,OK","DELTA,DELTA,DELTA,DELTA",
25.542538,2026-09-05T18:45:45.973+01:00,5386762,1149073,1116,1116,True,True,0x0F,"OK,OK,OK,OK","DELTA,DELTA,DELTA,DELTA",
25.546675,2026-09-05T18:45:45.974+01:00,5387878,1149074,910,910,True,True,0x0F,"OK,OK,OK,OK","DELTA,DELTA,DELTA,DELTA",
25.551650,2026-09-05T18:45:45.978+01:00,5388788,1149075,940,940,True,True,0x0F,"OK,OK,OK,OK","DELTA,DELTA,DELTA,DELTA",
25.558118,2026-09-05T18:45:45.983+01:00,5389728,1149076,978,978,True,True,0x0F,"OK,OK,OK,OK","DELTA,DELTA,DELTA,DELTA",
25.562212,2026-09-05T18:45:45.990+01:00,5390706,1149077,1052,1052,True,True,0x0F,"OK,OK,OK,OK","DELTA,DELTA,DELTA,DELTA",
25.566473,2026-09-05T18:45:45.994+01:00,5391758,1149078,926,926,True,True,0x0F,"OK,OK,OK,OK","DELTA,DELTA,DELTA,DELTA",
25.574884,2026-09-05T18:45:45.998+01:00,5392684,1149079,950,950,True,True,0x0F,"OK,OK,OK,OK","DELTA,DELTA,DELTA,DELTA",
25.576792,2026-09-05T18:45:46.006+01:00,5393634,1149080,1044,1044,True,True,0x0F,"OK,OK,OK,OK","DELTA,DELTA,DELTA,DELTA",
25.581788,2026-09-05T18:45:46.008+01:00,5394678,1149081,1048,1048,True,True,0x0F,"OK,OK,OK,OK","DELTA,DELTA,DELTA,DELTA",
25.592235,2026-09-05T18:45:46.013+01:00,5395726,1149082,972,972,True,True,0x0F,"OK,OK,OK,OK","DELTA,DELTA,DELTA,DELTA",
25.593078,2026-09-05T18:45:46.024+01:00,5396698,1149083,960,960,True,True,0x0F,"OK,OK,OK,OK","DELTA,DELTA,DELTA,DELTA",
25.596934,2026-09-05T18:45:46.025+01:00,5397658,1149084,1124,1124,True,True,0x0F,"OK,OK,OK,OK","DELTA,DELTA,DELTA,DELTA",
25.601735,2026-09-05T18:45:46.028+01:00,5398782,1149085,1074,1074,True,True,0x0F,"OK,OK,OK,OK","DELTA,DELTA,DELTA,DELTA",
25.609441,2026-09-05T18:45:46.033+01:00,5399856,1149086,1046,1046,True,True,0x0F,"OK,OK,OK,OK","DELTA,DELTA,DELTA,DELTA",
25.611874,2026-09-05T18:45:46.041+01:00,5400902,1149087,998,998,True,True,0x0F,"OK,OK,OK,OK","DELTA,DELTA,DELTA,DELTA",
25.616906,2026-09-05T18:45:46.043+01:00,5401900,1149088,1082,1082,True,True,0x0F,"OK,OK,OK,OK","DELTA,DELTA,DELTA,DELTA",
25.626718,2026-09-05T18:45:46.049+01:00,5402982,1149089,1154,1154,True,True,0x0F,"OK,OK,OK,OK","DELTA,DELTA,DELTA,DELTA",
25.627616,2026-09-05T18:45:46.058+01:00,5404136,1149090,992,992,True,True,0x0F,"OK,OK,OK,OK","DELTA,DELTA,DELTA,DELTA",
25.631673,2026-09-05T18:45:46.059+01:00,5405128,1149091,812,812,True,True,0x0F,"OK,OK,OK,OK","DELTA,DELTA,DELTA,DELTA",
25.637265,2026-09-05T18:45:46.063+01:00,5405940,1149092,1040,1040,True,True,0x0F,"OK,OK,OK,OK","DELTA,DELTA,DELTA,DELTA",
25.643990,2026-09-05T18:45:46.069+01:00,5406980,1149093,1130,1130,True,True,0x0F,"OK,OK,OK,OK","DELTA,DELTA,DELTA,DELTA",
25.646650,2026-09-05T18:45:46.076+01:00,5408110,1149094,950,950,True,True,0x0F,"OK,OK,OK,OK","DELTA,DELTA,DELTA,DELTA",
25.651578,2026-09-05T18:45:46.078+01:00,5409060,1149095,892,892,True,True,0x0F,"OK,OK,OK,OK","DELTA,DELTA,DELTA,DELTA",
25.656655,2026-09-05T18:45:46.083+01:00,5409952,1149096,1078,1078,True,True,0x0F,"OK,OK,OK,OK","DELTA,DELTA,DELTA,DELTA",
25.662729,2026-09-05T18:45:46.088+01:00,5411030,1149097,1152,1152,True,True,0x0F,"OK,OK,OK,OK","DELTA,DELTA,DELTA,DELTA",
25.666437,2026-09-05T18:45:46.094+01:00,5412182,1149098,944,944,True,True,0x0F,"OK,OK,OK,OK","DELTA,DELTA,DELTA,DELTA",
25.671440,2026-09-05T18:45:46.098+01:00,5413126,1149099,930,930,True,True,0x0F,"OK,OK,OK,OK","DELTA,DELTA,DELTA,DELTA",
25.683241,2026-09-05T18:45:46.103+01:00,5414056,1149100,1070,1070,True,True,0x0F,"OK,OK,OK,OK","DELTA,DELTA,DELTA,DELTA",
25.683942,2026-09-05T18:45:46.115+01:00,5415126,1149101,1028,1028,True,True,0x0F,"OK,OK,OK,OK","DELTA,DELTA,DELTA,DELTA",
25.696186,2026-09-05T18:45:46.115+01:00,5416154,1149102,936,936,True,True,0x0F,"OK,OK,OK,OK","DELTA,DELTA,DELTA,DELTA",
25.697292,2026-09-05T18:45:46.128+01:00,5417090,1149103,922,922,True,True,0x0F,"OK,OK,OK,OK","DELTA,DELTA,DELTA,DELTA",
25.698249,2026-09-05T18:45:46.129+01:00,5418012,1149104,1146,1146,True,True,0x0F,"OK,OK,OK,OK","DELTA,DELTA,DELTA,DELTA",
25.701966,2026-09-05T18:45:46.130+01:00,5419158,1149105,1052,1052,True,True,0x0F,"OK,OK,OK,OK","DELTA,DELTA,DELTA,DELTA",
25.706469,2026-09-05T18:45:46.134+01:00,5420210,1149106,954,954,True,True,0x0F,"OK,OK,OK,OK","DELTA,DELTA,DELTA,DELTA",
25.714870,2026-09-05T18:45:46.138+01:00,5421164,1149107,892,892,True,True,0x0F,"OK,OK,OK,OK","DELTA,DELTA,DELTA,DELTA",
25.716727,2026-09-05T18:45:46.146+01:00,5422056,1149108,1076,1076,True,True,0x0F,"OK,OK,OK,OK","DELTA,DELTA,DELTA,DELTA",
25.721610,2026-09-05T18:45:46.148+01:00,5423132,1149109,1102,1102,True,True,0x0F,"OK,OK,OK,OK","DELTA,DELTA,DELTA,DELTA",
25.731293,2026-09-05T18:45:46.153+01:00,5424234,1149110,980,980,True,True,0x0F,"OK,OK,OK,OK","DELTA,DELTA,DELTA,DELTA",
25.732314,2026-09-05T18:45:46.163+01:00,5425214,1149111,904,904,True,True,0x0F,"OK,OK,OK,OK","DELTA,DELTA,DELTA,DELTA",
25.736719,2026-09-05T18:45:46.164+01:00,5426118,1149112,1122,1122,True,True,0x0F,"OK,OK,OK,OK","DELTA,DELTA,DELTA,DELTA",
25.747322,2026-09-05T18:45:46.168+01:00,5427240,1149113,4216,4216,True,True,0x0F,"OK,OK,OK,OK","DELTA_SYNC,DELTA_SYNC,DELTA_SYNC,DELTA_SYNC",
25.748398,2026-09-05T18:45:46.179+01:00,5431456,1149114,1010,1010,True,True,0x0F,"OK,OK,OK,OK","DELTA,DELTA,DELTA,DELTA",
25.751785,2026-09-05T18:45:46.180+01:00,5432466,1149115,904,904,True,True,0x0F,"OK,OK,OK,OK","DELTA,DELTA,DELTA,DELTA",
25.756671,2026-09-05T18:45:46.183+01:00,5433370,1149116,1158,1158,True,True,0x0F,"OK,OK,OK,OK","DELTA,DELTA,DELTA,DELTA",
25.764450,2026-09-05T18:45:46.188+01:00,5434528,1149117,1092,1092,True,True,0x0F,"OK,OK,OK,OK","DELTA,DELTA,DELTA,DELTA",
25.766488,2026-09-05T18:45:46.196+01:00,5435620,1149118,1032,1032,True,True,0x0F,"OK,OK,OK,OK","DELTA,DELTA,DELTA,DELTA",
25.771499,2026-09-05T18:45:46.198+01:00,5436652,1149119,990,990,True,True,0x0F,"OK,OK,OK,OK","DELTA,DELTA,DELTA,DELTA",
25.781235,2026-09-05T18:45:46.203+01:00,5437642,1149120,1078,1078,True,True,0x0F,"OK,OK,OK,OK","DELTA,DELTA,DELTA,DELTA",
25.782205,2026-09-05T18:45:46.213+01:00,5438720,1149121,1080,1080,True,True,0x0F,"OK,OK,OK,OK","DELTA,DELTA,DELTA,DELTA",
25.786742,2026-09-05T18:45:46.214+01:00,5439800,1149122,990,990,True,True,0x0F,"OK,OK,OK,OK","DELTA,DELTA,DELTA,DELTA",
25.791444,2026-09-05T18:45:46.218+01:00,5440790,1149123,892,892,True,True,0x0F,"OK,OK,OK,OK","DELTA,DELTA,DELTA,DELTA",
25.798499,2026-09-05T18:45:46.223+01:00,5441682,1149124,988,988,True,True,0x0F,"OK,OK,OK,OK","DELTA,DELTA,DELTA,DELTA",
25.801388,2026-09-05T18:45:46.230+01:00,5442670,1149125,1038,1038,True,True,0x0F,"OK,OK,OK,OK","DELTA,DELTA,DELTA,DELTA",
25.806502,2026-09-05T18:45:46.233+01:00,5443708,1149126,1010,1010,True,True,0x0F,"OK,OK,OK,OK","DELTA,DELTA,DELTA,DELTA",
25.815106,2026-09-05T18:45:46.238+01:00,5444718,1149127,978,978,True,True,0x0F,"OK,OK,OK,OK","DELTA,DELTA,DELTA,DELTA",
25.816505,2026-09-05T18:45:46.247+01:00,5445696,1149128,1030,1030,True,True,0x0F,"OK,OK,OK,OK","DELTA,DELTA,DELTA,DELTA",
25.822406,2026-09-05T18:45:46.248+01:00,5446726,1149129,1076,1076,True,True,0x0F,"OK,OK,OK,OK","DELTA,DELTA,DELTA,DELTA",
25.826352,2026-09-05T18:45:46.254+01:00,5447802,1149130,994,994,True,True,0x0F,"OK,OK,OK,OK","DELTA,DELTA,DELTA,DELTA",
25.831490,2026-09-05T18:45:46.258+01:00,5448796,1149131,934,934,True,True,0x0F,"OK,OK,OK,OK","DELTA,DELTA,DELTA,DELTA",
25.836796,2026-09-05T18:45:46.263+01:00,5449730,1149132,1136,1136,True,True,0x0F,"OK,OK,OK,OK","DELTA,DELTA,DELTA,DELTA",
25.841391,2026-09-05T18:45:46.268+01:00,5450866,1149133,1140,1140,True,True,0x0F,"OK,OK,OK,OK","DELTA,DELTA,DELTA,DELTA",
25.857133,2026-09-05T18:45:46.273+01:00,5452006,1149134,906,906,True,True,0x0F,"OK,OK,OK,OK","DELTA,DELTA,DELTA,DELTA",
25.858120,2026-09-05T18:45:46.289+01:00,5452912,1149135,966,966,True,True,0x0F,"OK,OK,OK,OK","DELTA,DELTA,DELTA,DELTA",
25.859083,2026-09-05T18:45:46.290+01:00,5453878,1149136,1108,1108,True,True,0x0F,"OK,OK,OK,OK","DELTA,DELTA,DELTA,DELTA",
25.861520,2026-09-05T18:45:46.291+01:00,5454986,1149137,1082,1082,True,True,0x0F,"OK,OK,OK,OK","DELTA,DELTA,DELTA,DELTA",
25.866553,2026-09-05T18:45:46.293+01:00,5456068,1149138,932,932,True,True,0x0F,"OK,OK,OK,OK","DELTA,DELTA,DELTA,DELTA",
25.875213,2026-09-05T18:45:46.298+01:00,5457000,1149139,932,932,True,True,0x0F,"OK,OK,OK,OK","DELTA,DELTA,DELTA,DELTA",
25.876740,2026-09-05T18:45:46.307+01:00,5457932,1149140,1140,1140,True,True,0x0F,"OK,OK,OK,OK","DELTA,DELTA,DELTA,DELTA",
25.881558,2026-09-05T18:45:46.308+01:00,5459072,1149141,1064,1064,True,True,0x0F,"OK,OK,OK,OK","DELTA,DELTA,DELTA,DELTA",
25.892227,2026-09-05T18:45:46.313+01:00,5460136,1149142,1016,1016,True,True,0x0F,"OK,OK,OK,OK","DELTA,DELTA,DELTA,DELTA",
25.893094,2026-09-05T18:45:46.324+01:00,5461152,1149143,978,978,True,True,0x0F,"OK,OK,OK,OK","DELTA,DELTA,DELTA,DELTA",
25.896629,2026-09-05T18:45:46.325+01:00,5462130,1149144,1048,1048,True,True,0x0F,"OK,OK,OK,OK","DELTA,DELTA,DELTA,DELTA",
25.901356,2026-09-05T18:45:46.328+01:00,5463178,1149145,982,982,True,True,0x0F,"OK,OK,OK,OK","DELTA,DELTA,DELTA,DELTA",
25.909574,2026-09-05T18:45:46.333+01:00,5464160,1149146,988,988,True,True,0x0F,"OK,OK,OK,OK","DELTA,DELTA,DELTA,DELTA",
25.911335,2026-09-05T18:45:46.341+01:00,5465148,1149147,998,998,True,True,0x0F,"OK,OK,OK,OK","DELTA,DELTA,DELTA,DELTA",
25.916765,2026-09-05T18:45:46.343+01:00,5466146,1149148,1148,1148,True,True,0x0F,"OK,OK,OK,OK","DELTA,DELTA,DELTA,DELTA",
25.926796,2026-09-05T18:45:46.348+01:00,5467294,1149149,1106,1106,True,True,0x0F,"OK,OK,OK,OK","DELTA,DELTA,DELTA,DELTA",
25.927640,2026-09-05T18:45:46.358+01:00,5468400,1149150,986,986,True,True,0x0F,"OK,OK,OK,OK","DELTA,DELTA,DELTA,DELTA",
25.931455,2026-09-05T18:45:46.359+01:00,5469386,1149151,908,908,True,True,0x0F,"OK,OK,OK,OK","DELTA,DELTA,DELTA,DELTA",
25.936485,2026-09-05T18:45:46.363+01:00,5470294,1149152,1090,1090,True,True,0x0F,"OK,OK,OK,OK","DELTA,DELTA,DELTA,DELTA",
25.944195,2026-09-05T18:45:46.368+01:00,5471384,1149153,1112,1112,True,True,0x0F,"OK,OK,OK,OK","DELTA,DELTA,DELTA,DELTA",
25.946285,2026-09-05T18:45:46.376+01:00,5472496,1149154,960,960,True,True,0x0F,"OK,OK,OK,OK","DELTA,DELTA,DELTA,DELTA",
25.951543,2026-09-05T18:45:46.378+01:00,5473456,1149155,868,868,True,True,0x0F,"OK,OK,OK,OK","DELTA,DELTA,DELTA,DELTA",
25.960885,2026-09-05T18:45:46.383+01:00,5474324,1149156,1054,1054,True,True,0x0F,"OK,OK,OK,OK","DELTA,DELTA,DELTA,DELTA",
25.961791,2026-09-05T18:45:46.392+01:00,5475378,1149157,978,978,True,True,0x0F,"OK,OK,OK,OK","DELTA,DELTA,DELTA,DELTA",
25.966341,2026-09-05T18:45:46.393+01:00,5476356,1149158,964,964,True,True,0x0F,"OK,OK,OK,OK","DELTA,DELTA,DELTA,DELTA",
25.971123,2026-09-05T18:45:46.398+01:00,5477320,1149159,954,954,True,True,0x0F,"OK,OK,OK,OK","DELTA,DELTA,DELTA,DELTA",
25.977845,2026-09-05T18:45:46.403+01:00,5478274,1149160,1072,1072,True,True,0x0F,"OK,OK,OK,OK","DELTA,DELTA,DELTA,DELTA",
25.981560,2026-09-05T18:45:46.410+01:00,5479346,1149161,1150,1150,True,True,0x0F,"OK,OK,OK,OK","DELTA,DELTA,DELTA,DELTA",
25.986121,2026-09-05T18:45:46.413+01:00,5480496,1149162,1004,1004,True,True,0x0F,"OK,OK,OK,OK","DELTA,DELTA,DELTA,DELTA",
25.992265,2026-09-05T18:45:46.418+01:00,5481500,1149163,986,986,True,True,0x0F,"OK,OK,OK,OK","DELTA,DELTA,DELTA,DELTA",
25.997063,2026-09-05T18:45:46.424+01:00,5482486,1149164,1098,1098,True,True,0x0F,"OK,OK,OK,OK","DELTA,DELTA,DELTA,DELTA",
26.001059,2026-09-05T18:45:46.429+01:00,5483584,1149165,1004,1004,True,True,0x0F,"OK,OK,OK,OK","DELTA,DELTA,DELTA,DELTA",
26.005975,2026-09-05T18:45:46.433+01:00,5484588,1149166,942,942,True,True,0x0F,"OK,OK,OK,OK","DELTA,DELTA,DELTA,DELTA",
26.017755,2026-09-05T18:45:46.437+01:00,5485530,1149167,860,860,True,True,0x0F,"OK,OK,OK,OK","DELTA,DELTA,DELTA,DELTA",
26.018442,2026-09-05T18:45:46.449+01:00,5486390,1149168,1056,1056,True,True,0x0F,"OK,OK,OK,OK","DELTA,DELTA,DELTA,DELTA",
26.027443,2026-09-05T18:45:46.450+01:00,5487446,1149169,1094,1094,True,True,0x0F,"OK,OK,OK,OK","DELTA,DELTA,DELTA,DELTA",
26.031171,2026-09-05T18:45:46.462+01:00,5488540,1149170,948,948,True,True,0x0F,"OK,OK,OK,OK","DELTA,DELTA,DELTA,DELTA",
26.032092,2026-09-05T18:45:46.463+01:00,5489488,1149171,868,868,True,True,0x0F,"OK,OK,OK,OK","DELTA,DELTA,DELTA,DELTA",
26.036552,2026-09-05T18:45:46.464+01:00,5490356,1149172,1080,1080,True,True,0x0F,"OK,OK,OK,OK","DELTA,DELTA,DELTA,DELTA",
26.041198,2026-09-05T18:45:46.468+01:00,5491436,1149173,1066,1066,True,True,0x0F,"OK,OK,OK,OK","DELTA,DELTA,DELTA,DELTA",
26.048741,2026-09-05T18:45:46.473+01:00,5492502,1149174,1016,1016,True,True,0x0F,"OK,OK,OK,OK","DELTA,DELTA,DELTA,DELTA",
26.051250,2026-09-05T18:45:46.480+01:00,5493518,1149175,844,844,True,True,0x0F,"OK,OK,OK,OK","DELTA,DELTA,DELTA,DELTA",
26.056414,2026-09-05T18:45:46.483+01:00,5494362,1149176,994,994,True,True,0x0F,"OK,OK,OK,OK","DELTA,DELTA,DELTA,DELTA",
26.065574,2026-09-05T18:45:46.488+01:00,5495356,1149177,1058,1058,True,True,0x0F,"OK,OK,OK,OK","DELTA,DELTA,DELTA,DELTA",
26.066744,2026-09-05T18:45:46.497+01:00,5496414,1149178,934,934,True,True,0x0F,"OK,OK,OK,OK","DELTA,DELTA,DELTA,DELTA",
26.071302,2026-09-05T18:45:46.499+01:00,5497348,1149179,910,910,True,True,0x0F,"OK,OK,OK,OK","DELTA,DELTA,DELTA,DELTA",
26.076307,2026-09-05T18:45:46.503+01:00,5498258,1149180,1072,1072,True,True,0x0F,"OK,OK,OK,OK","DELTA,DELTA,DELTA,DELTA",
26.083381,2026-09-05T18:45:46.508+01:00,5499330,1149181,1096,1096,True,True,0x0F,"OK,OK,OK,OK","DELTA,DELTA,DELTA,DELTA",
26.086294,2026-09-05T18:45:46.515+01:00,5500426,1149182,982,982,True,True,0x0F,"OK,OK,OK,OK","DELTA,DELTA,DELTA,DELTA",
26.091259,2026-09-05T18:45:46.518+01:00,5501408,1149183,904,904,True,True,0x0F,"OK,OK,OK,OK","DELTA,DELTA,DELTA,DELTA",
26.100059,2026-09-05T18:45:46.523+01:00,5502312,1149184,1024,1024,True,True,0x0F,"OK,OK,OK,OK","DELTA,DELTA,DELTA,DELTA",
26.101453,2026-09-05T18:45:46.532+01:00,5503336,1149185,1050,1050,True,True,0x0F,"OK,OK,OK,OK","DELTA,DELTA,DELTA,DELTA",
26.106324,2026-09-05T18:45:46.533+01:00,5504386,1149186,1050,1050,True,True,0x0F,"OK,OK,OK,OK","DELTA,DELTA,DELTA,DELTA",
26.112811,2026-09-05T18:45:46.538+01:00,5505436,1149187,904,904,True,True,0x0F,"OK,OK,OK,OK","DELTA,DELTA,DELTA,DELTA",
26.117431,2026-09-05T18:45:46.546+01:00,5506340,1149188,1068,1068,True,True,0x0F,"OK,OK,OK,OK","DELTA,DELTA,DELTA,DELTA",
26.121437,2026-09-05T18:45:46.549+01:00,5507408,1149189,1088,1088,True,True,0x0F,"OK,OK,OK,OK","DELTA,DELTA,DELTA,DELTA",
26.126164,2026-09-05T18:45:46.553+01:00,5508496,1149190,994,994,True,True,0x0F,"OK,OK,OK,OK","DELTA,DELTA,DELTA,DELTA",
26.133828,2026-09-05T18:45:46.558+01:00,5509490,1149191,898,898,True,True,0x0F,"OK,OK,OK,OK","DELTA,DELTA,DELTA,DELTA",
26.136261,2026-09-05T18:45:46.565+01:00,5510388,1149192,1048,1048,True,True,0x0F,"OK,OK,OK,OK","DELTA,DELTA,DELTA,DELTA",
26.141390,2026-09-05T18:45:46.568+01:00,5511436,1149193,1058,1058,True,True,0x0F,"OK,OK,OK,OK","DELTA,DELTA,DELTA,DELTA",
26.150808,2026-09-05T18:45:46.573+01:00,5512494,1149194,1026,1026,True,True,0x0F,"OK,OK,OK,OK","DELTA,DELTA,DELTA,DELTA",
26.151660,2026-09-05T18:45:46.582+01:00,5513520,1149195,894,894,True,True,0x0F,"OK,OK,OK,OK","DELTA,DELTA,DELTA,DELTA",
26.156285,2026-09-05T18:45:46.583+01:00,5514414,1149196,1014,1014,True,True,0x0F,"OK,OK,OK,OK","DELTA,DELTA,DELTA,DELTA",
26.160997,2026-09-05T18:45:46.588+01:00,5515428,1149197,1054,1054,True,True,0x0F,"OK,OK,OK,OK","DELTA,DELTA,DELTA,DELTA",
26.166767,2026-09-05T18:45:46.593+01:00,5516482,1149198,962,962,True,True,0x0F,"OK,OK,OK,OK","DELTA,DELTA,DELTA,DELTA",
26.171047,2026-09-05T18:45:46.598+01:00,5517444,1149199,950,950,True,True,0x0F,"OK,OK,OK,OK","DELTA,DELTA,DELTA,DELTA",
26.176124,2026-09-05T18:45:46.603+01:00,5518394,1149200,1084,1084,True,True,0x0F,"OK,OK,OK,OK","DELTA,DELTA,DELTA,DELTA",
26.191309,2026-09-05T18:45:46.608+01:00,5519478,1149201,1048,1048,True,True,0x0F,"OK,OK,OK,OK","DELTA,DELTA,DELTA,DELTA",
26.192423,2026-09-05T18:45:46.623+01:00,5520526,1149202,982,982,True,True,0x0F,"OK,OK,OK,OK","DELTA,DELTA,DELTA,DELTA",
26.193287,2026-09-05T18:45:46.624+01:00,5521508,1149203,956,956,True,True,0x0F,"OK,OK,OK,OK","DELTA,DELTA,DELTA,DELTA",
26.197009,2026-09-05T18:45:46.625+01:00,5522464,1149204,1088,1088,True,True,0x0F,"OK,OK,OK,OK","DELTA,DELTA,DELTA,DELTA",
26.201415,2026-09-05T18:45:46.629+01:00,5523552,1149205,1128,1128,True,True,0x0F,"OK,OK,OK,OK","DELTA,DELTA,DELTA,DELTA",
26.211292,2026-09-05T18:45:46.633+01:00,5524680,1149206,1028,1028,True,True,0x0F,"OK,OK,OK,OK","DELTA,DELTA,DELTA,DELTA",
26.212222,2026-09-05T18:45:46.643+01:00,5525708,1149207,970,970,True,True,0x0F,"OK,OK,OK,OK","DELTA,DELTA,DELTA,DELTA",
26.216156,2026-09-05T18:45:46.644+01:00,5526678,1149208,1090,1090,True,True,0x0F,"OK,OK,OK,OK","DELTA,DELTA,DELTA,DELTA",
26.221249,2026-09-05T18:45:46.648+01:00,5527768,1149209,1044,1044,True,True,0x0F,"OK,OK,OK,OK","DELTA,DELTA,DELTA,DELTA",
26.228467,2026-09-05T18:45:46.653+01:00,5528812,1149210,978,978,True,True,0x0F,"OK,OK,OK,OK","DELTA,DELTA,DELTA,DELTA",
26.231036,2026-09-05T18:45:46.660+01:00,5529790,1149211,978,978,True,True,0x0F,"OK,OK,OK,OK","DELTA,DELTA,DELTA,DELTA",
26.236226,2026-09-05T18:45:46.663+01:00,5530768,1149212,1056,1056,True,True,0x0F,"OK,OK,OK,OK","DELTA,DELTA,DELTA,DELTA",
26.245313,2026-09-05T18:45:46.668+01:00,5531824,1149213,1070,1070,True,True,0x0F,"OK,OK,OK,OK","DELTA,DELTA,DELTA,DELTA",
26.246289,2026-09-05T18:45:46.677+01:00,5532894,1149214,1012,1012,True,True,0x0F,"OK,OK,OK,OK","DELTA,DELTA,DELTA,DELTA",
26.251333,2026-09-05T18:45:46.678+01:00,5533906,1149215,952,952,True,True,0x0F,"OK,OK,OK,OK","DELTA,DELTA,DELTA,DELTA",
26.261921,2026-09-05T18:45:46.683+01:00,5534858,1149216,1070,1070,True,True,0x0F,"OK,OK,OK,OK","DELTA,DELTA,DELTA,DELTA",
26.262974,2026-09-05T18:45:46.693+01:00,5535928,1149217,1152,1152,True,True,0x0F,"OK,OK,OK,OK","DELTA,DELTA,DELTA,DELTA",
26.265983,2026-09-05T18:45:46.694+01:00,5537080,1149218,972,972,True,True,0x0F,"OK,OK,OK,OK","DELTA,DELTA,DELTA,DELTA",
26.270983,2026-09-05T18:45:46.698+01:00,5538052,1149219,942,942,True,True,0x0F,"OK,OK,OK,OK","DELTA,DELTA,DELTA,DELTA",
26.279334,2026-09-05T18:45:46.703+01:00,5538994,1149220,1090,1090,True,True,0x0F,"OK,OK,OK,OK","DELTA,DELTA,DELTA,DELTA",
26.281229,2026-09-05T18:45:46.711+01:00,5540084,1149221,1086,1086,True,True,0x0F,"OK,OK,OK,OK","DELTA,DELTA,DELTA,DELTA",
26.286204,2026-09-05T18:45:46.713+01:00,5541170,1149222,996,996,True,True,0x0F,"OK,OK,OK,OK","DELTA,DELTA,DELTA,DELTA",
26.296185,2026-09-05T18:45:46.718+01:00,5542166,1149223,888,888,True,True,0x0F,"OK,OK,OK,OK","DELTA,DELTA,DELTA,DELTA",
26.297099,2026-09-05T18:45:46.728+01:00,5543054,1149224,1062,1062,True,True,0x0F,"OK,OK,OK,OK","DELTA,DELTA,DELTA,DELTA",
26.300856,2026-09-05T18:45:46.729+01:00,5544116,1149225,998,998,True,True,0x0F,"OK,OK,OK,OK","DELTA,DELTA,DELTA,DELTA",
26.306044,2026-09-05T18:45:46.733+01:00,5545114,1149226,996,996,True,True,0x0F,"OK,OK,OK,OK","DELTA,DELTA,DELTA,DELTA",
26.313251,2026-09-05T18:45:46.738+01:00,5546110,1149227,844,844,True,True,0x0F,"OK,OK,OK,OK","DELTA,DELTA,DELTA,DELTA",
26.316216,2026-09-05T18:45:46.745+01:00,5546954,1149228,980,980,True,True,0x0F,"OK,OK,OK,OK","DELTA,DELTA,DELTA,DELTA",
26.321122,2026-09-05T18:45:46.748+01:00,5547934,1149229,1050,1050,True,True,0x0F,"OK,OK,OK,OK","DELTA,DELTA,DELTA,DELTA",
26.326424,2026-09-05T18:45:46.753+01:00,5548984,1149230,1016,1016,True,True,0x0F,"OK,OK,OK,OK","DELTA,DELTA,DELTA,DELTA",
26.332006,2026-09-05T18:45:46.758+01:00,5550000,1149231,930,930,True,True,0x0F,"OK,OK,OK,OK","DELTA,DELTA,DELTA,DELTA",
26.336123,2026-09-05T18:45:46.764+01:00,5550930,1149232,1130,1130,True,True,0x0F,"OK,OK,OK,OK","DELTA,DELTA,DELTA,DELTA",
26.340947,2026-09-05T18:45:46.768+01:00,5552060,1149233,990,990,True,True,0x0F,"OK,OK,OK,OK","DELTA,DELTA,DELTA,DELTA",
26.352331,2026-09-05T18:45:46.772+01:00,5553050,1149234,940,940,True,True,0x0F,"OK,OK,OK,OK","DELTA,DELTA,DELTA,DELTA",
26.352966,2026-09-05T18:45:46.784+01:00,5553990,1149235,952,952,True,True,0x0F,"OK,OK,OK,OK","DELTA,DELTA,DELTA,DELTA",
26.365468,2026-09-05T18:45:46.784+01:00,5554942,1149236,1080,1080,True,True,0x0F,"OK,OK,OK,OK","DELTA,DELTA,DELTA,DELTA",
26.366611,2026-09-05T18:45:46.797+01:00,5556022,1149237,1098,1098,True,True,0x0F,"OK,OK,OK,OK","DELTA,DELTA,DELTA,DELTA",
26.367578,2026-09-05T18:45:46.798+01:00,5557120,1149238,1052,1052,True,True,0x0F,"OK,OK,OK,OK","DELTA,DELTA,DELTA,DELTA",
26.371144,2026-09-05T18:45:46.799+01:00,5558172,1149239,948,948,True,True,0x0F,"OK,OK,OK,OK","DELTA,DELTA,DELTA,DELTA",
26.376200,2026-09-05T18:45:46.803+01:00,5559120,1149240,1012,1012,True,True,0x0F,"OK,OK,OK,OK","DELTA,DELTA,DELTA,DELTA",
26.383437,2026-09-05T18:45:46.808+01:00,5560132,1149241,1108,1108,True,True,0x0F,"OK,OK,OK,OK","DELTA,DELTA,DELTA,DELTA",
26.386063,2026-09-05T18:45:46.815+01:00,5561240,1149242,1056,1056,True,True,0x0F,"OK,OK,OK,OK","DELTA,DELTA,DELTA,DELTA",
26.390989,2026-09-05T18:45:46.818+01:00,5562296,1149243,928,928,True,True,0x0F,"OK,OK,OK,OK","DELTA,DELTA,DELTA,DELTA",
26.399840,2026-09-05T18:45:46.823+01:00,5563224,1149244,1060,1060,True,True,0x0F,"OK,OK,OK,OK","DELTA,DELTA,DELTA,DELTA",
26.401095,2026-09-05T18:45:46.831+01:00,5564284,1149245,1022,1022,True,True,0x0F,"OK,OK,OK,OK","DELTA,DELTA,DELTA,DELTA",
26.405983,2026-09-05T18:45:46.833+01:00,5565306,1149246,1016,1016,True,True,0x0F,"OK,OK,OK,OK","DELTA,DELTA,DELTA,DELTA",
26.416243,2026-09-05T18:45:46.837+01:00,5566322,1149247,852,852,True,True,0x0F,"OK,OK,OK,OK","DELTA,DELTA,DELTA,DELTA",
26.417143,2026-09-05T18:45:46.848+01:00,5567174,1149248,1070,1070,True,True,0x0F,"OK,OK,OK,OK","DELTA,DELTA,DELTA,DELTA",
26.421078,2026-09-05T18:45:46.849+01:00,5568244,1149249,1180,1180,True,True,0x0F,"OK,OK,OK,OK","DELTA,DELTA,DELTA,DELTA",
26.426604,2026-09-05T18:45:46.853+01:00,5569424,1149250,1010,1010,True,True,0x0F,"OK,OK,OK,OK","DELTA,DELTA,DELTA,DELTA",
26.434551,2026-09-05T18:45:46.858+01:00,5570434,1149251,880,880,True,True,0x0F,"OK,OK,OK,OK","DELTA,DELTA,DELTA,DELTA",
26.435872,2026-09-05T18:45:46.866+01:00,5571314,1149252,1068,1068,True,True,0x0F,"OK,OK,OK,OK","DELTA,DELTA,DELTA,DELTA",
26.441281,2026-09-05T18:45:46.868+01:00,5572382,1149253,1116,1116,True,True,0x0F,"OK,OK,OK,OK","DELTA,DELTA,DELTA,DELTA",
26.450683,2026-09-05T18:45:46.873+01:00,5573498,1149254,1030,1030,True,True,0x0F,"OK,OK,OK,OK","DELTA,DELTA,DELTA,DELTA",
26.454901,2026-09-05T18:45:46.886+01:00,5574528,1149255,922,922,True,True,0x0F,"OK,OK,OK,OK","DELTA,DELTA,DELTA,DELTA",
26.456069,2026-09-05T18:45:46.886+01:00,5575450,1149256,1088,1088,True,True,0x0F,"OK,OK,OK,OK","DELTA,DELTA,DELTA,DELTA",
26.460896,2026-09-05T18:45:46.888+01:00,5576538,1149257,1066,1066,True,True,0x0F,"OK,OK,OK,OK","DELTA,DELTA,DELTA,DELTA",
26.471265,2026-09-05T18:45:46.892+01:00,5577604,1149258,980,980,True,True,0x0F,"OK,OK,OK,OK","DELTA,DELTA,DELTA,DELTA",
26.472090,2026-09-05T18:45:46.903+01:00,5578584,1149259,916,916,True,True,0x0F,"OK,OK,OK,OK","DELTA,DELTA,DELTA,DELTA",
26.476036,2026-09-05T18:45:46.904+01:00,5579500,1149260,1014,1014,True,True,0x0F,"OK,OK,OK,OK","DELTA,DELTA,DELTA,DELTA",
26.481183,2026-09-05T18:45:46.908+01:00,5580514,1149261,1096,1096,True,True,0x0F,"OK,OK,OK,OK","DELTA,DELTA,DELTA,DELTA",
26.488072,2026-09-05T18:45:46.913+01:00,5581610,1149262,1030,1030,True,True,0x0F,"OK,OK,OK,OK","DELTA,DELTA,DELTA,DELTA",
26.490807,2026-09-05T18:45:46.920+01:00,5582640,1149263,910,910,True,True,0x0F,"OK,OK,OK,OK","DELTA,DELTA,DELTA,DELTA",
26.495683,2026-09-05T18:45:46.922+01:00,5583550,1149264,996,996,True,True,0x0F,"OK,OK,OK,OK","DELTA,DELTA,DELTA,DELTA",
26.500962,2026-09-05T18:45:46.927+01:00,5584546,1149265,1144,1144,True,True,0x0F,"OK,OK,OK,OK","DELTA,DELTA,DELTA,DELTA",
26.506058,2026-09-05T18:45:46.932+01:00,5585690,1149266,1044,1044,True,True,0x0F,"OK,OK,OK,OK","DELTA,DELTA,DELTA,DELTA",
26.510665,2026-09-05T18:45:46.940+01:00,5586734,1149267,952,952,True,True,0x0F,"OK,OK,OK,OK","DELTA,DELTA,DELTA,DELTA",
26.515748,2026-09-05T18:45:46.942+01:00,5587686,1149268,1054,1054,True,True,0x0F,"OK,OK,OK,OK","DELTA,DELTA,DELTA,DELTA",
26.527373,2026-09-05T18:45:46.947+01:00,5588740,1149269,1104,1104,True,True,0x0F,"OK,OK,OK,OK","DELTA,DELTA,DELTA,DELTA",
26.528995,2026-09-05T18:45:46.959+01:00,5589844,1149270,1018,1018,True,True,0x0F,"OK,OK,OK,OK","DELTA,DELTA,DELTA,DELTA",
26.532766,2026-09-05T18:45:46.964+01:00,5590862,1149271,966,966,True,True,0x0F,"OK,OK,OK,OK","DELTA,DELTA,DELTA,DELTA",
26.535949,2026-09-05T18:45:46.964+01:00,5591828,1149272,964,964,True,True,0x0F,"OK,OK,OK,OK","DELTA,DELTA,DELTA,DELTA",
26.541090,2026-09-05T18:45:46.967+01:00,5592792,1149273,1026,1026,True,True,0x0F,"OK,OK,OK,OK","DELTA,DELTA,DELTA,DELTA",
26.549694,2026-09-05T18:45:46.973+01:00,5593818,1149274,1020,1020,True,True,0x0F,"OK,OK,OK,OK","DELTA,DELTA,DELTA,DELTA",
26.550668,2026-09-05T18:45:46.981+01:00,5594838,1149275,908,908,True,True,0x0F,"OK,OK,OK,OK","DELTA,DELTA,DELTA,DELTA",
26.555872,2026-09-05T18:45:46.982+01:00,5595746,1149276,1022,1022,True,True,0x0F,"OK,OK,OK,OK","DELTA,DELTA,DELTA,DELTA",
26.566575,2026-09-05T18:45:46.988+01:00,5596768,1149277,1118,1118,True,True,0x0F,"OK,OK,OK,OK","DELTA,DELTA,DELTA,DELTA",
26.567459,2026-09-05T18:45:46.998+01:00,5597886,1149278,982,982,True,True,0x0F,"OK,OK,OK,OK","DELTA,DELTA,DELTA,DELTA",
26.570911,2026-09-05T18:45:46.999+01:00,5598868,1149279,790,790,True,True,0x0F,"OK,OK,OK,OK","DELTA,DELTA,DELTA,DELTA",
26.575868,2026-09-05T18:45:47.003+01:00,5599658,1149280,1020,1020,True,True,0x0F,"OK,OK,OK,OK","DELTA,DELTA,DELTA,DELTA",
26.583474,2026-09-05T18:45:47.007+01:00,5600678,1149281,1084,1084,True,True,0x0F,"OK,OK,OK,OK","DELTA,DELTA,DELTA,DELTA",
26.585862,2026-09-05T18:45:47.015+01:00,5601762,1149282,1080,1080,True,True,0x0F,"OK,OK,OK,OK","DELTA,DELTA,DELTA,DELTA",
26.590772,2026-09-05T18:45:47.017+01:00,5602842,1149283,942,942,True,True,0x0F,"OK,OK,OK,OK","DELTA,DELTA,DELTA,DELTA",
26.595829,2026-09-05T18:45:47.022+01:00,5603784,1149284,1070,1070,True,True,0x0F,"OK,OK,OK,OK","DELTA,DELTA,DELTA,DELTA",
26.601125,2026-09-05T18:45:47.028+01:00,5604854,1149285,1052,1052,True,True,0x0F,"OK,OK,OK,OK","DELTA,DELTA,DELTA,DELTA",
26.605875,2026-09-05T18:45:47.033+01:00,5605906,1149286,1088,1088,True,True,0x0F,"OK,OK,OK,OK","DELTA,DELTA,DELTA,DELTA",
26.610475,2026-09-05T18:45:47.037+01:00,5606994,1149287,880,880,True,True,0x0F,"OK,OK,OK,OK","DELTA,DELTA,DELTA,DELTA",
26.617265,2026-09-05T18:45:47.042+01:00,5607874,1149288,1022,1022,True,True,0x0F,"OK,OK,OK,OK","DELTA,DELTA,DELTA,DELTA",
26.620871,2026-09-05T18:45:47.049+01:00,5608896,1149289,1128,1128,True,True,0x0F,"OK,OK,OK,OK","DELTA,DELTA,DELTA,DELTA",
26.625826,2026-09-05T18:45:47.052+01:00,5610024,1149290,1014,1014,True,True,0x0F,"OK,OK,OK,OK","DELTA,DELTA,DELTA,DELTA",
26.635033,2026-09-05T18:45:47.057+01:00,5611038,1149291,850,850,True,True,0x0F,"OK,OK,OK,OK","DELTA,DELTA,DELTA,DELTA",
26.636078,2026-09-05T18:45:47.067+01:00,5611888,1149292,1052,1052,True,True,0x0F,"OK,OK,OK,OK","DELTA,DELTA,DELTA,DELTA",
26.640961,2026-09-05T18:45:47.068+01:00,5612940,1149293,1088,1088,True,True,0x0F,"OK,OK,OK,OK","DELTA,DELTA,DELTA,DELTA",
26.645627,2026-09-05T18:45:47.073+01:00,5614028,1149294,1090,1090,True,True,0x0F,"OK,OK,OK,OK","DELTA,DELTA,DELTA,DELTA",
26.654443,2026-09-05T18:45:47.077+01:00,5615118,1149295,920,920,True,True,0x0F,"OK,OK,OK,OK","DELTA,DELTA,DELTA,DELTA",
26.655849,2026-09-05T18:45:47.086+01:00,5616038,1149296,1096,1096,True,True,0x0F,"OK,OK,OK,OK","DELTA,DELTA,DELTA,DELTA",
26.661006,2026-09-05T18:45:47.087+01:00,5617134,1149297,1076,1076,True,True,0x0F,"OK,OK,OK,OK","DELTA,DELTA,DELTA,DELTA",
26.666734,2026-09-05T18:45:47.093+01:00,5618210,1149298,1026,1026,True,True,0x0F,"OK,OK,OK,OK","DELTA,DELTA,DELTA,DELTA",
26.671196,2026-09-05T18:45:47.098+01:00,5619236,1149299,862,862,True,True,0x0F,"OK,OK,OK,OK","DELTA,DELTA,DELTA,DELTA",
26.675510,2026-09-05T18:45:47.103+01:00,5620098,1149300,1032,1032,True,True,0x0F,"OK,OK,OK,OK","DELTA,DELTA,DELTA,DELTA",
26.680695,2026-09-05T18:45:47.107+01:00,5621130,1149301,1152,1152,True,True,0x0F,"OK,OK,OK,OK","DELTA,DELTA,DELTA,DELTA",
26.692705,2026-09-05T18:45:47.112+01:00,5622282,1149302,1104,1104,True,True,0x0F,"OK,OK,OK,OK","DELTA,DELTA,DELTA,DELTA",
26.693385,2026-09-05T18:45:47.124+01:00,5623386,1149303,856,856,True,True,0x0F,"OK,OK,OK,OK","DELTA,DELTA,DELTA,DELTA",
26.706587,2026-09-05T18:45:47.125+01:00,5624242,1149304,1096,1096,True,True,0x0F,"OK,OK,OK,OK","DELTA,DELTA,DELTA,DELTA",
26.707784,2026-09-05T18:45:47.138+01:00,5625338,1149305,1138,1138,True,True,0x0F,"OK,OK,OK,OK","DELTA,DELTA,DELTA,DELTA",
26.708690,2026-09-05T18:45:47.139+01:00,5626476,1149306,1060,1060,True,True,0x0F,"OK,OK,OK,OK","DELTA,DELTA,DELTA,DELTA",
26.711121,2026-09-05T18:45:47.140+01:00,5627536,1149307,830,830,True,True,0x0F,"OK,OK,OK,OK","DELTA,DELTA,DELTA,DELTA",
26.715701,2026-09-05T18:45:47.143+01:00,5628366,1149308,1048,1048,True,True,0x0F,"OK,OK,OK,OK","DELTA,DELTA,DELTA,DELTA",
26.725029,2026-09-05T18:45:47.147+01:00,5629414,1149309,1092,1092,True,True,0x0F,"OK,OK,OK,OK","DELTA,DELTA,DELTA,DELTA",
26.726123,2026-09-05T18:45:47.157+01:00,5630506,1149310,1036,1036,True,True,0x0F,"OK,OK,OK,OK","DELTA,DELTA,DELTA,DELTA",
26.731012,2026-09-05T18:45:47.158+01:00,5631542,1149311,846,846,True,True,0x0F,"OK,OK,OK,OK","DELTA,DELTA,DELTA,DELTA",
26.735586,2026-09-05T18:45:47.163+01:00,5632388,1149312,1000,1000,True,True,0x0F,"OK,OK,OK,OK","DELTA,DELTA,DELTA,DELTA",
26.742626,2026-09-05T18:45:47.167+01:00,5633388,1149313,4216,4216,True,True,0x0F,"OK,OK,OK,OK","DELTA_SYNC,DELTA_SYNC,DELTA_SYNC,DELTA_SYNC",
26.746411,2026-09-05T18:45:47.174+01:00,5637604,1149314,1130,1130,True,True,0x0F,"OK,OK,OK,OK","DELTA,DELTA,DELTA,DELTA",
26.750742,2026-09-05T18:45:47.178+01:00,5638734,1149315,864,864,True,True,0x0F,"OK,OK,OK,OK","DELTA,DELTA,DELTA,DELTA",
26.759082,2026-09-05T18:45:47.182+01:00,5639598,1149316,990,990,True,True,0x0F,"OK,OK,OK,OK","DELTA,DELTA,DELTA,DELTA",
26.760953,2026-09-05T18:45:47.191+01:00,5640588,1149317,1100,1100,True,True,0x0F,"OK,OK,OK,OK","DELTA,DELTA,DELTA,DELTA",
26.765667,2026-09-05T18:45:47.192+01:00,5641688,1149318,1056,1056,True,True,0x0F,"OK,OK,OK,OK","DELTA,DELTA,DELTA,DELTA",
26.775931,2026-09-05T18:45:47.197+01:00,5642744,1149319,932,932,True,True,0x0F,"OK,OK,OK,OK","DELTA,DELTA,DELTA,DELTA",
26.783084,2026-09-05T18:45:47.214+01:00,5643676,1149320,1014,1014,True,True,0x0F,"OK,OK,OK,OK","DELTA,DELTA,DELTA,DELTA",
26.784149,2026-09-05T18:45:47.215+01:00,5644690,1149321,1134,1134,True,True,0x0F,"OK,OK,OK,OK","DELTA,DELTA,DELTA,DELTA",
26.785704,2026-09-05T18:45:47.216+01:00,5645824,1149322,1116,1116,True,True,0x0F,"OK,OK,OK,OK","DELTA,DELTA,DELTA,DELTA",
26.793300,2026-09-05T18:45:47.217+01:00,5646940,1149323,878,878,True,True,0x0F,"OK,OK,OK,OK","DELTA,DELTA,DELTA,DELTA",
26.795510,2026-09-05T18:45:47.225+01:00,5647818,1149324,952,952,True,True,0x0F,"OK,OK,OK,OK","DELTA,DELTA,DELTA,DELTA",
26.800717,2026-09-05T18:45:47.227+01:00,5648770,1149325,1046,1046,True,True,0x0F,"OK,OK,OK,OK","DELTA,DELTA,DELTA,DELTA",
26.810438,2026-09-05T18:45:47.233+01:00,5649816,1149326,1016,1016,True,True,0x0F,"OK,OK,OK,OK","DELTA,DELTA,DELTA,DELTA",
26.811272,2026-09-05T18:45:47.242+01:00,5650832,1149327,858,858,True,True,0x0F,"OK,OK,OK,OK","DELTA,DELTA,DELTA,DELTA",
26.815725,2026-09-05T18:45:47.243+01:00,5651690,1149328,1014,1014,True,True,0x0F,"OK,OK,OK,OK","DELTA,DELTA,DELTA,DELTA",
26.820676,2026-09-05T18:45:47.247+01:00,5652704,1149329,1040,1040,True,True,0x0F,"OK,OK,OK,OK","DELTA,DELTA,DELTA,DELTA",
26.827767,2026-09-05T18:45:47.252+01:00,5653744,1149330,990,990,True,True,0x0F,"OK,OK,OK,OK","DELTA,DELTA,DELTA,DELTA",
26.830593,2026-09-05T18:45:47.260+01:00,5654734,1149331,862,862,True,True,0x0F,"OK,OK,OK,OK","DELTA,DELTA,DELTA,DELTA",
26.835370,2026-09-05T18:45:47.262+01:00,5655596,1149332,1028,1028,True,True,0x0F,"OK,OK,OK,OK","DELTA,DELTA,DELTA,DELTA",
26.840934,2026-09-05T18:45:47.267+01:00,5656624,1149333,1096,1096,True,True,0x0F,"OK,OK,OK,OK","DELTA,DELTA,DELTA,DELTA",
26.846041,2026-09-05T18:45:47.272+01:00,5657720,1149334,924,924,True,True,0x0F,"OK,OK,OK,OK","DELTA,DELTA,DELTA,DELTA",
26.850321,2026-09-05T18:45:47.278+01:00,5658644,1149335,942,942,True,True,0x0F,"OK,OK,OK,OK","DELTA,DELTA,DELTA,DELTA",
26.855420,2026-09-05T18:45:47.282+01:00,5659586,1149336,1030,1030,True,True,0x0F,"OK,OK,OK,OK","DELTA,DELTA,DELTA,DELTA",
26.869178,2026-09-05T18:45:47.287+01:00,5660616,1149337,1036,1036,True,True,0x0F,"OK,OK,OK,OK","DELTA,DELTA,DELTA,DELTA",
26.870112,2026-09-05T18:45:47.301+01:00,5661652,1149338,1058,1058,True,True,0x0F,"OK,OK,OK,OK","DELTA,DELTA,DELTA,DELTA",
26.870991,2026-09-05T18:45:47.302+01:00,5662710,1149339,936,936,True,True,0x0F,"OK,OK,OK,OK","DELTA,DELTA,DELTA,DELTA",
26.875719,2026-09-05T18:45:47.303+01:00,5663646,1149340,1062,1062,True,True,0x0F,"OK,OK,OK,OK","DELTA,DELTA,DELTA,DELTA",
26.886348,2026-09-05T18:45:47.307+01:00,5664708,1149341,1092,1092,True,True,0x0F,"OK,OK,OK,OK","DELTA,DELTA,DELTA,DELTA",
26.887320,2026-09-05T18:45:47.318+01:00,5665800,1149342,1054,1054,True,True,0x0F,"OK,OK,OK,OK","DELTA,DELTA,DELTA,DELTA",
26.890847,2026-09-05T18:45:47.319+01:00,5666854,1149343,864,864,True,True,0x0F,"OK,OK,OK,OK","DELTA,DELTA,DELTA,DELTA",
26.895390,2026-09-05T18:45:47.322+01:00,5667718,1149344,994,994,True,True,0x0F,"OK,OK,OK,OK","DELTA,DELTA,DELTA,DELTA",
26.903894,2026-09-05T18:45:47.327+01:00,5668712,1149345,1088,1088,True,True,0x0F,"OK,OK,OK,OK","DELTA,DELTA,DELTA,DELTA",
26.905400,2026-09-05T18:45:47.335+01:00,5669800,1149346,1084,1084,True,True,0x0F,"OK,OK,OK,OK","DELTA,DELTA,DELTA,DELTA",
26.910573,2026-09-05T18:45:47.337+01:00,5670884,1149347,858,858,True,True,0x0F,"OK,OK,OK,OK","DELTA,DELTA,DELTA,DELTA",
26.915738,2026-09-05T18:45:47.342+01:00,5671742,1149348,974,974,True,True,0x0F,"OK,OK,OK,OK","DELTA,DELTA,DELTA,DELTA",
26.921574,2026-09-05T18:45:47.348+01:00,5672716,1149349,1114,1114,True,True,0x0F,"OK,OK,OK,OK","DELTA,DELTA,DELTA,DELTA",
26.925622,2026-09-05T18:45:47.353+01:00,5673830,1149350,994,994,True,True,0x0F,"OK,OK,OK,OK","DELTA,DELTA,DELTA,DELTA",
26.930486,2026-09-05T18:45:47.357+01:00,5674824,1149351,856,856,True,True,0x0F,"OK,OK,OK,OK","DELTA,DELTA,DELTA,DELTA",
26.938464,2026-09-05T18:45:47.362+01:00,5675680,1149352,1008,1008,True,True,0x0F,"OK,OK,OK,OK","DELTA,DELTA,DELTA,DELTA",
26.940561,2026-09-05T18:45:47.370+01:00,5676688,1149353,1006,1006,True,True,0x0F,"OK,OK,OK,OK","DELTA,DELTA,DELTA,DELTA",
26.945623,2026-09-05T18:45:47.372+01:00,5677694,1149354,1148,1148,True,True,0x0F,"OK,OK,OK,OK","DELTA,DELTA,DELTA,DELTA",
26.955378,2026-09-05T18:45:47.377+01:00,5678842,1149355,892,892,True,True,0x0F,"OK,OK,OK,OK","DELTA,DELTA,DELTA,DELTA",
26.956238,2026-09-05T18:45:47.387+01:00,5679734,1149356,1020,1020,True,True,0x0F,"OK,OK,OK,OK","DELTA,DELTA,DELTA,DELTA",
26.960690,2026-09-05T18:45:47.388+01:00,5680754,1149357,1078,1078,True,True,0x0F,"OK,OK,OK,OK","DELTA,DELTA,DELTA,DELTA",
26.965504,2026-09-05T18:45:47.392+01:00,5681832,1149358,1064,1064,True,True,0x0F,"OK,OK,OK,OK","DELTA,DELTA,DELTA,DELTA",
26.972178,2026-09-05T18:45:47.397+01:00,5682896,1149359,874,874,True,True,0x0F,"OK,OK,OK,OK","DELTA,DELTA,DELTA,DELTA",
26.975715,2026-09-05T18:45:47.404+01:00,5683770,1149360,1150,1150,True,True,0x0F,"OK,OK,OK,OK","DELTA,DELTA,DELTA,DELTA",
26.980765,2026-09-05T18:45:47.407+01:00,5684920,1149361,1048,1048,True,True,0x0F,"OK,OK,OK,OK","DELTA,DELTA,DELTA,DELTA",
26.990192,2026-09-05T18:45:47.412+01:00,5685968,1149362,1128,1128,True,True,0x0F,"OK,OK,OK,OK","DELTA,DELTA,DELTA,DELTA",
26.991183,2026-09-05T18:45:47.422+01:00,5687096,1149363,810,810,True,True,0x0F,"OK,OK,OK,OK","DELTA,DELTA,DELTA,DELTA",
26.995518,2026-09-05T18:45:47.423+01:00,5687906,1149364,1022,1022,True,True,0x0F,"OK,OK,OK,OK","DELTA,DELTA,DELTA,DELTA",
27.000536,2026-09-05T18:45:47.427+01:00,5688928,1149365,1116,1116,True,True,0x0F,"OK,OK,OK,OK","DELTA,DELTA,DELTA,DELTA",
27.005373,2026-09-05T18:45:47.432+01:00,5690044,1149366,1026,1026,True,True,0x0F,"OK,OK,OK,OK","DELTA,DELTA,DELTA,DELTA",
27.010432,2026-09-05T18:45:47.437+01:00,5691070,1149367,886,886,True,True,0x0F,"OK,OK,OK,OK","DELTA,DELTA,DELTA,DELTA",
27.015165,2026-09-05T18:45:47.442+01:00,5691956,1149368,912,912,True,True,0x0F,"OK,OK,OK,OK","DELTA,DELTA,DELTA,DELTA",
27.020225,2026-09-05T18:45:47.447+01:00,5692868,1149369,1048,1048,True,True,0x0F,"OK,OK,OK,OK","DELTA,DELTA,DELTA,DELTA",
27.029909,2026-09-05T18:45:47.452+01:00,5693916,1149370,1078,1078,True,True,0x0F,"OK,OK,OK,OK","DELTA,DELTA,DELTA,DELTA",
27.030586,2026-09-05T18:45:47.462+01:00,5694994,1149371,882,882,True,True,0x0F,"OK,OK,OK,OK","DELTA,DELTA,DELTA,DELTA",
27.043565,2026-09-05T18:45:47.462+01:00,5695876,1149372,1020,1020,True,True,0x0F,"OK,OK,OK,OK","DELTA,DELTA,DELTA,DELTA",
27.044497,2026-09-05T18:45:47.475+01:00,5696896,1149373,1096,1096,True,True,0x0F,"OK,OK,OK,OK","DELTA,DELTA,DELTA,DELTA",
27.046286,2026-09-05T18:45:47.476+01:00,5697992,1149374,1046,1046,True,True,0x0F,"OK,OK,OK,OK","DELTA,DELTA,DELTA,DELTA",
27.050434,2026-09-05T18:45:47.478+01:00,5699038,1149375,796,796,True,True,0x0F,"OK,OK,OK,OK","DELTA,DELTA,DELTA,DELTA",
27.055431,2026-09-05T18:45:47.482+01:00,5699834,1149376,972,972,True,True,0x0F,"OK,OK,OK,OK","DELTA,DELTA,DELTA,DELTA",
27.062914,2026-09-05T18:45:47.487+01:00,5700806,1149377,1096,1096,True,True,0x0F,"OK,OK,OK,OK","DELTA,DELTA,DELTA,DELTA",
27.065344,2026-09-05T18:45:47.495+01:00,5701902,1149378,1006,1006,True,True,0x0F,"OK,OK,OK,OK","DELTA,DELTA,DELTA,DELTA",
27.070414,2026-09-05T18:45:47.497+01:00,5702908,1149379,858,858,True,True,0x0F,"OK,OK,OK,OK","DELTA,DELTA,DELTA,DELTA",
27.079266,2026-09-05T18:45:47.502+01:00,5703766,1149380,960,960,True,True,0x0F,"OK,OK,OK,OK","DELTA,DELTA,DELTA,DELTA",
27.080298,2026-09-05T18:45:47.511+01:00,5704726,1149381,1162,1162,True,True,0x0F,"OK,OK,OK,OK","DELTA,DELTA,DELTA,DELTA",
27.085469,2026-09-05T18:45:47.512+01:00,5705888,1149382,1058,1058,True,True,0x0F,"OK,OK,OK,OK","DELTA,DELTA,DELTA,DELTA",
27.090360,2026-09-05T18:45:47.517+01:00,5706946,1149383,858,858,True,True,0x0F,"OK,OK,OK,OK","DELTA,DELTA,DELTA,DELTA",
27.097593,2026-09-05T18:45:47.522+01:00,5707804,1149384,968,968,True,True,0x0F,"OK,OK,OK,OK","DELTA,DELTA,DELTA,DELTA",
27.100355,2026-09-05T18:45:47.529+01:00,5708772,1149385,1076,1076,True,True,0x0F,"OK,OK,OK,OK","DELTA,DELTA,DELTA,DELTA",
27.105630,2026-09-05T18:45:47.532+01:00,5709848,1149386,1132,1132,True,True,0x0F,"OK,OK,OK,OK","DELTA,DELTA,DELTA,DELTA",
27.114402,2026-09-05T18:45:47.537+01:00,5710980,1149387,870,870,True,True,0x0F,"OK,OK,OK,OK","DELTA,DELTA,DELTA,DELTA",
27.115331,2026-09-05T18:45:47.546+01:00,5711850,1149388,906,906,True,True,0x0F,"OK,OK,OK,OK","DELTA,DELTA,DELTA,DELTA",
27.120320,2026-09-05T18:45:47.547+01:00,5712756,1149389,1074,1074,True,True,0x0F,"OK,OK,OK,OK","DELTA,DELTA,DELTA,DELTA",
27.131040,2026-09-05T18:45:47.552+01:00,5713830,1149390,1058,1058,True,True,0x0F,"OK,OK,OK,OK","DELTA,DELTA,DELTA,DELTA",
27.131978,2026-09-05T18:45:47.563+01:00,5714888,1149391,838,838,True,True,0x0F,"OK,OK,OK,OK","DELTA,DELTA,DELTA,DELTA",
27.135273,2026-09-05T18:45:47.563+01:00,5715726,1149392,922,922,True,True,0x0F,"OK,OK,OK,OK","DELTA,DELTA,DELTA,DELTA",
27.140479,2026-09-05T18:45:47.567+01:00,5716648,1149393,1112,1112,True,True,0x0F,"OK,OK,OK,OK","DELTA,DELTA,DELTA,DELTA",
27.148445,2026-09-05T18:45:47.572+01:00,5717760,1149394,1002,1002,True,True,0x0F,"OK,OK,OK,OK","DELTA,DELTA,DELTA,DELTA",
27.150344,2026-09-05T18:45:47.580+01:00,5718762,1149395,928,928,True,True,0x0F,"OK,OK,OK,OK","DELTA,DELTA,DELTA,DELTA",
27.155362,2026-09-05T18:45:47.582+01:00,5719690,1149396,1008,1008,True,True,0x0F,"OK,OK,OK,OK","DELTA,DELTA,DELTA,DELTA",
27.166696,2026-09-05T18:45:47.587+01:00,5720698,1149397,1166,1166,True,True,0x0F,"OK,OK,OK,OK","DELTA,DELTA,DELTA,DELTA",
27.167634,2026-09-05T18:45:47.598+01:00,5721864,1149398,1020,1020,True,True,0x0F,"OK,OK,OK,OK","DELTA,DELTA,DELTA,DELTA",
27.170429,2026-09-05T18:45:47.599+01:00,5722884,1149399,946,946,True,True,0x0F,"OK,OK,OK,OK","DELTA,DELTA,DELTA,DELTA",
27.175376,2026-09-05T18:45:47.602+01:00,5723830,1149400,964,964,True,True,0x0F,"OK,OK,OK,OK","DELTA,DELTA,DELTA,DELTA",
27.181057,2026-09-05T18:45:47.607+01:00,5724794,1149401,1090,1090,True,True,0x0F,"OK,OK,OK,OK","DELTA,DELTA,DELTA,DELTA",
27.186066,2026-09-05T18:45:47.613+01:00,5725884,1149402,1084,1084,True,True,0x0F,"OK,OK,OK,OK","DELTA,DELTA,DELTA,DELTA",
27.190028,2026-09-05T18:45:47.618+01:00,5726968,1149403,874,874,True,True,0x0F,"OK,OK,OK,OK","DELTA,DELTA,DELTA,DELTA",
27.195130,2026-09-05T18:45:47.622+01:00,5727842,1149404,992,992,True,True,0x0F,"OK,OK,OK,OK","DELTA,DELTA,DELTA,DELTA",
27.209398,2026-09-05T18:45:47.627+01:00,5728834,1149405,1044,1044,True,True,0x0F,"OK,OK,OK,OK","DELTA,DELTA,DELTA,DELTA",
27.210378,2026-09-05T18:45:47.641+01:00,5729878,1149406,1060,1060,True,True,0x0F,"OK,OK,OK,OK","DELTA,DELTA,DELTA,DELTA",
27.211392,2026-09-05T18:45:47.642+01:00,5730938,1149407,936,936,True,True,0x0F,"OK,OK,OK,OK","DELTA,DELTA,DELTA,DELTA",
27.215345,2026-09-05T18:45:47.643+01:00,5731874,1149408,958,958,True,True,0x0F,"OK,OK,OK,OK","DELTA,DELTA,DELTA,DELTA",
27.220290,2026-09-05T18:45:47.647+01:00,5732832,1149409,994,994,True,True,0x0F,"OK,OK,OK,OK","DELTA,DELTA,DELTA,DELTA",
27.228160,2026-09-05T18:45:47.652+01:00,5733826,1149410,1026,1026,True,True,0x0F,"OK,OK,OK,OK","DELTA,DELTA,DELTA,DELTA",
27.230556,2026-09-05T18:45:47.660+01:00,5734852,1149411,944,944,True,True,0x0F,"OK,OK,OK,OK","DELTA,DELTA,DELTA,DELTA",
27.235294,2026-09-05T18:45:47.662+01:00,5735796,1149412,960,960,True,True,0x0F,"OK,OK,OK,OK","DELTA,DELTA,DELTA,DELTA",
27.245333,2026-09-05T18:45:47.667+01:00,5736756,1149413,1204,1204,True,True,0x0F,"OK,OK,OK,OK","DELTA,DELTA,DELTA,DELTA",
27.246569,2026-09-05T18:45:47.677+01:00,5737960,1149414,1048,1048,True,True,0x0F,"OK,OK,OK,OK","DELTA,DELTA,DELTA,DELTA",
27.250268,2026-09-05T18:45:47.678+01:00,5739008,1149415,902,902,True,True,0x0F,"OK,OK,OK,OK","DELTA,DELTA,DELTA,DELTA",
27.255319,2026-09-05T18:45:47.682+01:00,5739910,1149416,1030,1030,True,True,0x0F,"OK,OK,OK,OK","DELTA,DELTA,DELTA,DELTA",
27.263215,2026-09-05T18:45:47.687+01:00,5740940,1149417,1130,1130,True,True,0x0F,"OK,OK,OK,OK","DELTA,DELTA,DELTA,DELTA",
27.265299,2026-09-05T18:45:47.695+01:00,5742070,1149418,1094,1094,True,True,0x0F,"OK,OK,OK,OK","DELTA,DELTA,DELTA,DELTA",
27.270126,2026-09-05T18:45:47.697+01:00,5743164,1149419,894,894,True,True,0x0F,"OK,OK,OK,OK","DELTA,DELTA,DELTA,DELTA",
27.280794,2026-09-05T18:45:47.702+01:00,5744058,1149420,1040,1040,True,True,0x0F,"OK,OK,OK,OK","DELTA,DELTA,DELTA,DELTA",
27.281691,2026-09-05T18:45:47.712+01:00,5745098,1149421,1014,1014,True,True,0x0F,"OK,OK,OK,OK","DELTA,DELTA,DELTA,DELTA",
27.285235,2026-09-05T18:45:47.713+01:00,5746112,1149422,1124,1124,True,True,0x0F,"OK,OK,OK,OK","DELTA,DELTA,DELTA,DELTA",
27.290653,2026-09-05T18:45:47.717+01:00,5747236,1149423,888,888,True,True,0x0F,"OK,OK,OK,OK","DELTA,DELTA,DELTA,DELTA",
27.298312,2026-09-05T18:45:47.722+01:00,5748124,1149424,1002,1002,True,True,0x0F,"OK,OK,OK,OK","DELTA,DELTA,DELTA,DELTA",
27.300324,2026-09-05T18:45:47.730+01:00,5749126,1149425,1160,1160,True,True,0x0F,"OK,OK,OK,OK","DELTA,DELTA,DELTA,DELTA",
27.305193,2026-09-05T18:45:47.732+01:00,5750286,1149426,1086,1086,True,True,0x0F,"OK,OK,OK,OK","DELTA,DELTA,DELTA,DELTA",
27.314522,2026-09-05T18:45:47.737+01:00,5751372,1149427,900,900,True,True,0x0F,"OK,OK,OK,OK","DELTA,DELTA,DELTA,DELTA",
27.315437,2026-09-05T18:45:47.746+01:00,5752272,1149428,1010,1010,True,True,0x0F,"OK,OK,OK,OK","DELTA,DELTA,DELTA,DELTA",
27.320350,2026-09-05T18:45:47.747+01:00,5753282,1149429,1092,1092,True,True,0x0F,"OK,OK,OK,OK","DELTA,DELTA,DELTA,DELTA",
27.325233,2026-09-05T18:45:47.752+01:00,5754374,1149430,1112,1112,True,True,0x0F,"OK,OK,OK,OK","DELTA,DELTA,DELTA,DELTA",
27.333450,2026-09-05T18:45:47.757+01:00,5755486,1149431,894,894,True,True,0x0F,"OK,OK,OK,OK","DELTA,DELTA,DELTA,DELTA",
27.335168,2026-09-05T18:45:47.765+01:00,5756380,1149432,920,920,True,True,0x0F,"OK,OK,OK,OK","DELTA,DELTA,DELTA,DELTA",
27.340253,2026-09-05T18:45:47.767+01:00,5757300,1149433,1102,1102,True,True,0x0F,"OK,OK,OK,OK","DELTA,DELTA,DELTA,DELTA",
27.345047,2026-09-05T18:45:47.772+01:00,5758402,1149434,1038,1038,True,True,0x0F,"OK,OK,OK,OK","DELTA,DELTA,DELTA,DELTA",
27.350939,2026-09-05T18:45:47.777+01:00,5759440,1149435,908,908,True,True,0x0F,"OK,OK,OK,OK","DELTA,DELTA,DELTA,DELTA",
27.354972,2026-09-05T18:45:47.784+01:00,5760348,1149436,962,962,True,True,0x0F,"OK,OK,OK,OK","DELTA,DELTA,DELTA,DELTA",
27.360130,2026-09-05T18:45:47.787+01:00,5761310,1149437,1180,1180,True,True,0x0F,"OK,OK,OK,OK","DELTA,DELTA,DELTA,DELTA",
27.370650,2026-09-05T18:45:47.792+01:00,5762490,1149438,1002,1002,True,True,0x0F,"OK,OK,OK,OK","DELTA,DELTA,DELTA,DELTA",
27.371248,2026-09-05T18:45:47.802+01:00,5763492,1149439,862,862,True,True,0x0F,"OK,OK,OK,OK","DELTA,DELTA,DELTA,DELTA",
27.383818,2026-09-05T18:45:47.803+01:00,5764354,1149440,998,998,True,True,0x0F,"OK,OK,OK,OK","DELTA,DELTA,DELTA,DELTA",
27.385518,2026-09-05T18:45:47.816+01:00,5765352,1149441,1084,1084,True,True,0x0F,"OK,OK,OK,OK","DELTA,DELTA,DELTA,DELTA",
27.386449,2026-09-05T18:45:47.817+01:00,5766436,1149442,1088,1088,True,True,0x0F,"OK,OK,OK,OK","DELTA,DELTA,DELTA,DELTA",
27.390214,2026-09-05T18:45:47.818+01:00,5767524,1149443,958,958,True,True,0x0F,"OK,OK,OK,OK","DELTA,DELTA,DELTA,DELTA",
27.395206,2026-09-05T18:45:47.822+01:00,5768482,1149444,932,932,True,True,0x0F,"OK,OK,OK,OK","DELTA,DELTA,DELTA,DELTA",
27.402508,2026-09-05T18:45:47.827+01:00,5769414,1149445,1092,1092,True,True,0x0F,"OK,OK,OK,OK","DELTA,DELTA,DELTA,DELTA",
27.405103,2026-09-05T18:45:47.834+01:00,5770506,1149446,1002,1002,True,True,0x0F,"OK,OK,OK,OK","DELTA,DELTA,DELTA,DELTA",
27.410005,2026-09-05T18:45:47.837+01:00,5771508,1149447,812,812,True,True,0x0F,"OK,OK,OK,OK","DELTA,DELTA,DELTA,DELTA",
27.418931,2026-09-05T18:45:47.842+01:00,5772320,1149448,942,942,True,True,0x0F,"OK,OK,OK,OK","DELTA,DELTA,DELTA,DELTA",
27.420194,2026-09-05T18:45:47.850+01:00,5773262,1149449,1114,1114,True,True,0x0F,"OK,OK,OK,OK","DELTA,DELTA,DELTA,DELTA",
27.425282,2026-09-05T18:45:47.852+01:00,5774376,1149450,1114,1114,True,True,0x0F,"OK,OK,OK,OK","DELTA,DELTA,DELTA,DELTA",
27.435592,2026-09-05T18:45:47.857+01:00,5775490,1149451,864,864,True,True,0x0F,"OK,OK,OK,OK","DELTA,DELTA,DELTA,DELTA",
27.436596,2026-09-05T18:45:47.867+01:00,5776354,1149452,1038,1038,True,True,0x0F,"OK,OK,OK,OK","DELTA,DELTA,DELTA,DELTA",
27.440165,2026-09-05T18:45:47.868+01:00,5777392,1149453,1068,1068,True,True,0x0F,"OK,OK,OK,OK","DELTA,DELTA,DELTA,DELTA",
27.444962,2026-09-05T18:45:47.872+01:00,5778460,1149454,1064,1064,True,True,0x0F,"OK,OK,OK,OK","DELTA,DELTA,DELTA,DELTA",
27.453862,2026-09-05T18:45:47.877+01:00,5779524,1149455,914,914,True,True,0x0F,"OK,OK,OK,OK","DELTA,DELTA,DELTA,DELTA",
27.455097,2026-09-05T18:45:47.885+01:00,5780438,1149456,950,950,True,True,0x0F,"OK,OK,OK,OK","DELTA,DELTA,DELTA,DELTA",
27.460461,2026-09-05T18:45:47.887+01:00,5781388,1149457,1062,1062,True,True,0x0F,"OK,OK,OK,OK","DELTA,DELTA,DELTA,DELTA",
27.470717,2026-09-05T18:45:47.892+01:00,5782450,1149458,1092,1092,True,True,0x0F,"OK,OK,OK,OK","DELTA,DELTA,DELTA,DELTA",
27.471587,2026-09-05T18:45:47.902+01:00,5783542,1149459,952,952,True,True,0x0F,"OK,OK,OK,OK","DELTA,DELTA,DELTA,DELTA",
27.475449,2026-09-05T18:45:47.903+01:00,5784494,1149460,994,994,True,True,0x0F,"OK,OK,OK,OK","DELTA,DELTA,DELTA,DELTA",
27.480263,2026-09-05T18:45:47.907+01:00,5785488,1149461,1022,1022,True,True,0x0F,"OK,OK,OK,OK","DELTA,DELTA,DELTA,DELTA",
27.488710,2026-09-05T18:45:47.912+01:00,5786510,1149462,1106,1106,True,True,0x0F,"OK,OK,OK,OK","DELTA,DELTA,DELTA,DELTA",
27.490540,2026-09-05T18:45:47.920+01:00,5787616,1149463,828,828,True,True,0x0F,"OK,OK,OK,OK","DELTA,DELTA,DELTA,DELTA",
27.495000,2026-09-05T18:45:47.922+01:00,5788444,1149464,988,988,True,True,0x0F,"OK,OK,OK,OK","DELTA,DELTA,DELTA,DELTA",
27.507039,2026-09-05T18:45:47.927+01:00,5789432,1149465,1050,1050,True,True,0x0F,"OK,OK,OK,OK","DELTA,DELTA,DELTA,DELTA",
27.507917,2026-09-05T18:45:47.939+01:00,5790482,1149466,1108,1108,True,True,0x0F,"OK,OK,OK,OK","DELTA,DELTA,DELTA,DELTA",
27.509971,2026-09-05T18:45:47.939+01:00,5791590,1149467,814,814,True,True,0x0F,"OK,OK,OK,OK","DELTA,DELTA,DELTA,DELTA",
27.515156,2026-09-05T18:45:47.941+01:00,5792404,1149468,950,950,True,True,0x0F,"OK,OK,OK,OK","DELTA,DELTA,DELTA,DELTA",
27.519926,2026-09-05T18:45:47.947+01:00,5793354,1149469,1102,1102,True,True,0x0F,"OK,OK,OK,OK","DELTA,DELTA,DELTA,DELTA",
27.525755,2026-09-05T18:45:47.951+01:00,5794456,1149470,1092,1092,True,True,0x0F,"OK,OK,OK,OK","DELTA,DELTA,DELTA,DELTA",
27.530108,2026-09-05T18:45:47.957+01:00,5795548,1149471,1002,1002,True,True,0x0F,"OK,OK,OK,OK","DELTA,DELTA,DELTA,DELTA",
27.534750,2026-09-05T18:45:47.962+01:00,5796550,1149472,950,950,True,True,0x0F,"OK,OK,OK,OK","DELTA,DELTA,DELTA,DELTA",
27.550506,2026-09-05T18:45:47.966+01:00,5797500,1149473,1076,1076,True,True,0x0F,"OK,OK,OK,OK","DELTA,DELTA,DELTA,DELTA",
27.551485,2026-09-05T18:45:47.982+01:00,5798576,1149474,1082,1082,True,True,0x0F,"OK,OK,OK,OK","DELTA,DELTA,DELTA,DELTA",
27.552418,2026-09-05T18:45:47.983+01:00,5799658,1149475,914,914,True,True,0x0F,"OK,OK,OK,OK","DELTA,DELTA,DELTA,DELTA",
27.555111,2026-09-05T18:45:47.984+01:00,5800572,1149476,984,984,True,True,0x0F,"OK,OK,OK,OK","DELTA,DELTA,DELTA,DELTA",
27.560076,2026-09-05T18:45:47.987+01:00,5801556,1149477,1100,1100,True,True,0x0F,"OK,OK,OK,OK","DELTA,DELTA,DELTA,DELTA",
27.568583,2026-09-05T18:45:47.992+01:00,5802656,1149478,1058,1058,True,True,0x0F,"OK,OK,OK,OK","DELTA,DELTA,DELTA,DELTA",
27.570033,2026-09-05T18:45:48.000+01:00,5803714,1149479,884,884,True,True,0x0F,"OK,OK,OK,OK","DELTA,DELTA,DELTA,DELTA",
27.575332,2026-09-05T18:45:48.002+01:00,5804598,1149480,880,880,True,True,0x0F,"OK,OK,OK,OK","DELTA,DELTA,DELTA,DELTA",
27.586386,2026-09-05T18:45:48.007+01:00,5805478,1149481,1064,1064,True,True,0x0F,"OK,OK,OK,OK","DELTA,DELTA,DELTA,DELTA",
27.587776,2026-09-05T18:45:48.018+01:00,5806542,1149482,1130,1130,True,True,0x0F,"OK,OK,OK,OK","DELTA,DELTA,DELTA,DELTA",
27.589802,2026-09-05T18:45:48.019+01:00,5807672,1149483,926,926,True,True,0x0F,"OK,OK,OK,OK","DELTA,DELTA,DELTA,DELTA",
27.595097,2026-09-05T18:45:48.021+01:00,5808598,1149484,970,970,True,True,0x0F,"OK,OK,OK,OK","DELTA,DELTA,DELTA,DELTA",
27.604552,2026-09-05T18:45:48.027+01:00,5809568,1149485,1068,1068,True,True,0x0F,"OK,OK,OK,OK","DELTA,DELTA,DELTA,DELTA",
27.605427,2026-09-05T18:45:48.036+01:00,5810636,1149486,1056,1056,True,True,0x0F,"OK,OK,OK,OK","DELTA,DELTA,DELTA,DELTA",
27.609987,2026-09-05T18:45:48.037+01:00,5811692,1149487,948,948,True,True,0x0F,"OK,OK,OK,OK","DELTA,DELTA,DELTA,DELTA",
27.614757,2026-09-05T18:45:48.042+01:00,5812640,1149488,970,970,True,True,0x0F,"OK,OK,OK,OK","DELTA,DELTA,DELTA,DELTA",
27.621431,2026-09-05T18:45:48.046+01:00,5813610,1149489,1174,1174,True,True,0x0F,"OK,OK,OK,OK","DELTA,DELTA,DELTA,DELTA",
27.625166,2026-09-05T18:45:48.053+01:00,5814784,1149490,1130,1130,True,True,0x0F,"OK,OK,OK,OK","DELTA,DELTA,DELTA,DELTA",
27.629701,2026-09-05T18:45:48.057+01:00,5815914,1149491,934,934,True,True,0x0F,"OK,OK,OK,OK","DELTA,DELTA,DELTA,DELTA",
27.638820,2026-09-05T18:45:48.062+01:00,5816848,1149492,992,992,True,True,0x0F,"OK,OK,OK,OK","DELTA,DELTA,DELTA,DELTA",
27.640030,2026-09-05T18:45:48.070+01:00,5817840,1149493,1050,1050,True,True,0x0F,"OK,OK,OK,OK","DELTA,DELTA,DELTA,DELTA",
27.645375,2026-09-05T18:45:48.072+01:00,5818890,1149494,1164,1164,True,True,0x0F,"OK,OK,OK,OK","DELTA,DELTA,DELTA,DELTA",
27.655568,2026-09-05T18:45:48.077+01:00,5820054,1149495,874,874,True,True,0x0F,"OK,OK,OK,OK","DELTA,DELTA,DELTA,DELTA",
27.656567,2026-09-05T18:45:48.087+01:00,5820928,1149496,1002,1002,True,True,0x0F,"OK,OK,OK,OK","DELTA,DELTA,DELTA,DELTA",
27.659902,2026-09-05T18:45:48.088+01:00,5821930,1149497,1086,1086,True,True,0x0F,"OK,OK,OK,OK","DELTA,DELTA,DELTA,DELTA",
27.664886,2026-09-05T18:45:48.092+01:00,5823016,1149498,1046,1046,True,True,0x0F,"OK,OK,OK,OK","DELTA,DELTA,DELTA,DELTA",
27.672725,2026-09-05T18:45:48.096+01:00,5824062,1149499,886,886,True,True,0x0F,"OK,OK,OK,OK","DELTA,DELTA,DELTA,DELTA",
27.674752,2026-09-05T18:45:48.104+01:00,5824948,1149500,940,940,True,True,0x0F,"OK,OK,OK,OK","DELTA,DELTA,DELTA,DELTA",
27.680090,2026-09-05T18:45:48.106+01:00,5825888,1149501,1042,1042,True,True,0x0F,"OK,OK,OK,OK","DELTA,DELTA,DELTA,DELTA",
27.685732,2026-09-05T18:45:48.112+01:00,5826930,1149502,1058,1058,True,True,0x0F,"OK,OK,OK,OK","DELTA,DELTA,DELTA,DELTA",
27.690571,2026-09-05T18:45:48.117+01:00,5827988,1149503,950,950,True,True,0x0F,"OK,OK,OK,OK","DELTA,DELTA,DELTA,DELTA",
27.695029,2026-09-05T18:45:48.122+01:00,5828938,1149504,920,920,True,True,0x0F,"OK,OK,OK,OK","DELTA,DELTA,DELTA,DELTA",
27.699729,2026-09-05T18:45:48.127+01:00,5829858,1149505,1022,1022,True,True,0x0F,"OK,OK,OK,OK","DELTA,DELTA,DELTA,DELTA",
27.710213,2026-09-05T18:45:48.131+01:00,5830880,1149506,994,994,True,True,0x0F,"OK,OK,OK,OK","DELTA,DELTA,DELTA,DELTA",
27.710792,2026-09-05T18:45:48.142+01:00,5831874,1149507,912,912,True,True,0x0F,"OK,OK,OK,OK","DELTA,DELTA,DELTA,DELTA",
27.723931,2026-09-05T18:45:48.142+01:00,5832786,1149508,1010,1010,True,True,0x0F,"OK,OK,OK,OK","DELTA,DELTA,DELTA,DELTA",
27.724609,2026-09-05T18:45:48.156+01:00,5833796,1149509,1054,1054,True,True,0x0F,"OK,OK,OK,OK","DELTA,DELTA,DELTA,DELTA",
27.725687,2026-09-05T18:45:48.156+01:00,5834850,1149510,1036,1036,True,True,0x0F,"OK,OK,OK,OK","DELTA,DELTA,DELTA,DELTA",
27.729834,2026-09-05T18:45:48.157+01:00,5835886,1149511,920,920,True,True,0x0F,"OK,OK,OK,OK","DELTA,DELTA,DELTA,DELTA",
27.734872,2026-09-05T18:45:48.161+01:00,5836806,1149512,992,992,True,True,0x0F,"OK,OK,OK,OK","DELTA,DELTA,DELTA,DELTA",
27.741649,2026-09-05T18:45:48.166+01:00,5837798,1149513,4216,4216,True,True,0x0F,"OK,OK,OK,OK","DELTA_SYNC,DELTA_SYNC,DELTA_SYNC,DELTA_SYNC",
27.745003,2026-09-05T18:45:48.173+01:00,5842014,1149514,974,974,True,True,0x0F,"OK,OK,OK,OK","DELTA,DELTA,DELTA,DELTA",
27.749870,2026-09-05T18:45:48.177+01:00,5842988,1149515,922,922,True,True,0x0F,"OK,OK,OK,OK","DELTA,DELTA,DELTA,DELTA",
27.758504,2026-09-05T18:45:48.181+01:00,5843910,1149516,992,992,True,True,0x0F,"OK,OK,OK,OK","DELTA,DELTA,DELTA,DELTA",
27.760179,2026-09-05T18:45:48.190+01:00,5844902,1149517,1128,1128,True,True,0x0F,"OK,OK,OK,OK","DELTA,DELTA,DELTA,DELTA",
27.765017,2026-09-05T18:45:48.192+01:00,5846030,1149518,1082,1082,True,True,0x0F,"OK,OK,OK,OK","DELTA,DELTA,DELTA,DELTA",
27.775917,2026-09-05T18:45:48.197+01:00,5847112,1149519,934,934,True,True,0x0F,"OK,OK,OK,OK","DELTA,DELTA,DELTA,DELTA",
27.776815,2026-09-05T18:45:48.207+01:00,5848046,1149520,882,882,True,True,0x0F,"OK,OK,OK,OK","DELTA,DELTA,DELTA,DELTA",
27.779982,2026-09-05T18:45:48.208+01:00,5848928,1149521,1108,1108,True,True,0x0F,"OK,OK,OK,OK","DELTA,DELTA,DELTA,DELTA",
27.784990,2026-09-05T18:45:48.212+01:00,5850036,1149522,1154,1154,True,True,0x0F,"OK,OK,OK,OK","DELTA,DELTA,DELTA,DELTA",
27.794212,2026-09-05T18:45:48.217+01:00,5851190,1149523,876,876,True,True,0x0F,"OK,OK,OK,OK","DELTA,DELTA,DELTA,DELTA",
27.795491,2026-09-05T18:45:48.226+01:00,5852066,1149524,982,982,True,True,0x0F,"OK,OK,OK,OK","DELTA,DELTA,DELTA,DELTA",
27.800019,2026-09-05T18:45:48.227+01:00,5853048,1149525,1032,1032,True,True,0x0F,"OK,OK,OK,OK","DELTA,DELTA,DELTA,DELTA",
27.804706,2026-09-05T18:45:48.232+01:00,5854080,1149526,1092,1092,True,True,0x0F,"OK,OK,OK,OK","DELTA,DELTA,DELTA,DELTA",
27.812049,2026-09-05T18:45:48.236+01:00,5855172,1149527,974,974,True,True,0x0F,"OK,OK,OK,OK","DELTA,DELTA,DELTA,DELTA",
27.814765,2026-09-05T18:45:48.244+01:00,5856146,1149528,924,924,True,True,0x0F,"OK,OK,OK,OK","DELTA,DELTA,DELTA,DELTA",
27.819976,2026-09-05T18:45:48.246+01:00,5857070,1149529,1092,1092,True,True,0x0F,"OK,OK,OK,OK","DELTA,DELTA,DELTA,DELTA",
27.828800,2026-09-05T18:45:48.252+01:00,5858162,1149530,1048,1048,True,True,0x0F,"OK,OK,OK,OK","DELTA,DELTA,DELTA,DELTA",
27.829984,2026-09-05T18:45:48.261+01:00,5859210,1149531,934,934,True,True,0x0F,"OK,OK,OK,OK","DELTA,DELTA,DELTA,DELTA",
27.834688,2026-09-05T18:45:48.261+01:00,5860144,1149532,914,914,True,True,0x0F,"OK,OK,OK,OK","DELTA,DELTA,DELTA,DELTA",
27.845828,2026-09-05T18:45:48.266+01:00,5861058,1149533,1056,1056,True,True,0x0F,"OK,OK,OK,OK","DELTA,DELTA,DELTA,DELTA",
27.846842,2026-09-05T18:45:48.277+01:00,5862114,1149534,1092,1092,True,True,0x0F,"OK,OK,OK,OK","DELTA,DELTA,DELTA,DELTA",
27.849597,2026-09-05T18:45:48.278+01:00,5863206,1149535,916,916,True,True,0x0F,"OK,OK,OK,OK","DELTA,DELTA,DELTA,DELTA",
27.854790,2026-09-05T18:45:48.281+01:00,5864122,1149536,962,962,True,True,0x0F,"OK,OK,OK,OK","DELTA,DELTA,DELTA,DELTA",
27.859839,2026-09-05T18:45:48.286+01:00,5865084,1149537,1112,1112,True,True,0x0F,"OK,OK,OK,OK","DELTA,DELTA,DELTA,DELTA",
27.865569,2026-09-05T18:45:48.291+01:00,5866196,1149538,1062,1062,True,True,0x0F,"OK,OK,OK,OK","DELTA,DELTA,DELTA,DELTA",
27.869473,2026-09-05T18:45:48.297+01:00,5867258,1149539,968,968,True,True,0x0F,"OK,OK,OK,OK","DELTA,DELTA,DELTA,DELTA",
27.874535,2026-09-05T18:45:48.301+01:00,5868226,1149540,978,978,True,True,0x0F,"OK,OK,OK,OK","DELTA,DELTA,DELTA,DELTA",
27.888862,2026-09-05T18:45:48.306+01:00,5869204,1149541,1054,1054,True,True,0x0F,"OK,OK,OK,OK","DELTA,DELTA,DELTA,DELTA",
27.889823,2026-09-05T18:45:48.320+01:00,5870258,1149542,1084,1084,True,True,0x0F,"OK,OK,OK,OK","DELTA,DELTA,DELTA,DELTA",
27.890699,2026-09-05T18:45:48.321+01:00,5871342,1149543,982,982,True,True,0x0F,"OK,OK,OK,OK","DELTA,DELTA,DELTA,DELTA",
27.894605,2026-09-05T18:45:48.322+01:00,5872324,1149544,866,866,True,True,0x0F,"OK,OK,OK,OK","DELTA,DELTA,DELTA,DELTA",
27.899886,2026-09-05T18:45:48.326+01:00,5873190,1149545,1118,1118,True,True,0x0F,"OK,OK,OK,OK","DELTA,DELTA,DELTA,DELTA",
27.906526,2026-09-05T18:45:48.331+01:00,5874308,1149546,1076,1076,True,True,0x0F,"OK,OK,OK,OK","DELTA,DELTA,DELTA,DELTA",
27.909605,2026-09-05T18:45:48.338+01:00,5875384,1149547,892,892,True,True,0x0F,"OK,OK,OK,OK","DELTA,DELTA,DELTA,DELTA",
27.914480,2026-09-05T18:45:48.341+01:00,5876276,1149548,918,918,True,True,0x0F,"OK,OK,OK,OK","DELTA,DELTA,DELTA,DELTA",
27.922767,2026-09-05T18:45:48.346+01:00,5877194,1149549,1070,1070,True,True,0x0F,"OK,OK,OK,OK","DELTA,DELTA,DELTA,DELTA",
27.924687,2026-09-05T18:45:48.354+01:00,5878264,1149550,1074,1074,True,True,0x0F,"OK,OK,OK,OK","DELTA,DELTA,DELTA,DELTA",
27.929818,2026-09-05T18:45:48.356+01:00,5879338,1149551,966,966,True,True,0x0F,"OK,OK,OK,OK","DELTA,DELTA,DELTA,DELTA",
27.939315,2026-09-05T18:45:48.361+01:00,5880304,1149552,906,906,True,True,0x0F,"OK,OK,OK,OK","DELTA,DELTA,DELTA,DELTA",
27.940428,2026-09-05T18:45:48.371+01:00,5881210,1149553,1098,1098,True,True,0x0F,"OK,OK,OK,OK","DELTA,DELTA,DELTA,DELTA",
27.944726,2026-09-05T18:45:48.372+01:00,5882308,1149554,1050,1050,True,True,0x0F,"OK,OK,OK,OK","DELTA,DELTA,DELTA,DELTA",
27.949449,2026-09-05T18:45:48.376+01:00,5883358,1149555,998,998,True,True,0x0F,"OK,OK,OK,OK","DELTA,DELTA,DELTA,DELTA",
27.956094,2026-09-05T18:45:48.381+01:00,5884356,1149556,910,910,True,True,0x0F,"OK,OK,OK,OK","DELTA,DELTA,DELTA,DELTA",
27.959777,2026-09-05T18:45:48.388+01:00,5885266,1149557,1018,1018,True,True,0x0F,"OK,OK,OK,OK","DELTA,DELTA,DELTA,DELTA",
27.964641,2026-09-05T18:45:48.391+01:00,5886284,1149558,1048,1048,True,True,0x0F,"OK,OK,OK,OK","DELTA,DELTA,DELTA,DELTA",
27.973290,2026-09-05T18:45:48.396+01:00,5887332,1149559,902,902,True,True,0x0F,"OK,OK,OK,OK","DELTA,DELTA,DELTA,DELTA",
27.974672,2026-09-05T18:45:48.405+01:00,5888234,1149560,934,934,True,True,0x0F,"OK,OK,OK,OK","DELTA,DELTA,DELTA,DELTA",
27.980038,2026-09-05T18:45:48.406+01:00,5889168,1149561,1062,1062,True,True,0x0F,"OK,OK,OK,OK","DELTA,DELTA,DELTA,DELTA",
27.990273,2026-09-05T18:45:48.412+01:00,5890230,1149562,1104,1104,True,True,0x0F,"OK,OK,OK,OK","DELTA,DELTA,DELTA,DELTA",
27.991137,2026-09-05T18:45:48.422+01:00,5891334,1149563,924,924,True,True,0x0F,"OK,OK,OK,OK","DELTA,DELTA,DELTA,DELTA",
27.994546,2026-09-05T18:45:48.423+01:00,5892258,1149564,876,876,True,True,0x0F,"OK,OK,OK,OK","DELTA,DELTA,DELTA,DELTA",
27.999702,2026-09-05T18:45:48.426+01:00,5893134,1149565,1110,1110,True,True,0x0F,"OK,OK,OK,OK","DELTA,DELTA,DELTA,DELTA",
28.007724,2026-09-05T18:45:48.432+01:00,5894244,1149566,1010,1010,True,True,0x0F,"OK,OK,OK,OK","DELTA,DELTA,DELTA,DELTA",
28.009489,2026-09-05T18:45:48.439+01:00,5895254,1149567,944,944,True,True,0x0F,"OK,OK,OK,OK","DELTA,DELTA,DELTA,DELTA",
28.014779,2026-09-05T18:45:48.441+01:00,5896198,1149568,914,914,True,True,0x0F,"OK,OK,OK,OK","DELTA,DELTA,DELTA,DELTA",
28.019747,2026-09-05T18:45:48.446+01:00,5897112,1149569,1020,1020,True,True,0x0F,"OK,OK,OK,OK","DELTA,DELTA,DELTA,DELTA",
28.024542,2026-09-05T18:45:48.451+01:00,5898132,1149570,1022,1022,True,True,0x0F,"OK,OK,OK,OK","DELTA,DELTA,DELTA,DELTA",
28.029279,2026-09-05T18:45:48.456+01:00,5899154,1149571,986,986,True,True,0x0F,"OK,OK,OK,OK","DELTA,DELTA,DELTA,DELTA",
28.034266,2026-09-05T18:45:48.461+01:00,5900140,1149572,898,898,True,True,0x0F,"OK,OK,OK,OK","DELTA,DELTA,DELTA,DELTA",
28.047023,2026-09-05T18:45:48.466+01:00,5901038,1149573,1060,1060,True,True,0x0F,"OK,OK,OK,OK","DELTA,DELTA,DELTA,DELTA",
28.047643,2026-09-05T18:45:48.479+01:00,5902098,1149574,1118,1118,True,True,0x0F,"OK,OK,OK,OK","DELTA,DELTA,DELTA,DELTA",
28.060173,2026-09-05T18:45:48.479+01:00,5903216,1149575,972,972,True,True,0x0F,"OK,OK,OK,OK","DELTA,DELTA,DELTA,DELTA",
28.061524,2026-09-05T18:45:48.492+01:00,5904188,1149576,956,956,True,True,0x0F,"OK,OK,OK,OK","DELTA,DELTA,DELTA,DELTA",
28.063046,2026-09-05T18:45:48.493+01:00,5905144,1149577,1072,1072,True,True,0x0F,"OK,OK,OK,OK","DELTA,DELTA,DELTA,DELTA",
28.064478,2026-09-05T18:45:48.495+01:00,5906216,1149578,1074,1074,True,True,0x0F,"OK,OK,OK,OK","DELTA,DELTA,DELTA,DELTA",
28.069543,2026-09-05T18:45:48.496+01:00,5907290,1149579,952,952,True,True,0x0F,"OK,OK,OK,OK","DELTA,DELTA,DELTA,DELTA",
28.079556,2026-09-05T18:45:48.501+01:00,5908242,1149580,958,958,True,True,0x0F,"OK,OK,OK,OK","DELTA,DELTA,DELTA,DELTA",
28.080576,2026-09-05T18:45:48.511+01:00,5909200,1149581,1024,1024,True,True,0x0F,"OK,OK,OK,OK","DELTA,DELTA,DELTA,DELTA",
28.084555,2026-09-05T18:45:48.512+01:00,5910224,1149582,1062,1062,True,True,0x0F,"OK,OK,OK,OK","DELTA,DELTA,DELTA,DELTA",
28.089195,2026-09-05T18:45:48.516+01:00,5911286,1149583,918,918,True,True,0x0F,"OK,OK,OK,OK","DELTA,DELTA,DELTA,DELTA",
28.096693,2026-09-05T18:45:48.521+01:00,5912204,1149584,900,900,True,True,0x0F,"OK,OK,OK,OK","DELTA,DELTA,DELTA,DELTA",
28.099567,2026-09-05T18:45:48.528+01:00,5913104,1149585,1116,1116,True,True,0x0F,"OK,OK,OK,OK","DELTA,DELTA,DELTA,DELTA",
28.104377,2026-09-05T18:45:48.531+01:00,5914220,1149586,1006,1006,True,True,0x0F,"OK,OK,OK,OK","DELTA,DELTA,DELTA,DELTA",
28.113782,2026-09-05T18:45:48.536+01:00,5915226,1149587,968,968,True,True,0x0F,"OK,OK,OK,OK","DELTA,DELTA,DELTA,DELTA",
28.114893,2026-09-05T18:45:48.546+01:00,5916194,1149588,918,918,True,True,0x0F,"OK,OK,OK,OK","DELTA,DELTA,DELTA,DELTA",
28.119612,2026-09-05T18:45:48.546+01:00,5917112,1149589,1066,1066,True,True,0x0F,"OK,OK,OK,OK","DELTA,DELTA,DELTA,DELTA",
28.130114,2026-09-05T18:45:48.551+01:00,5918178,1149590,966,966,True,True,0x0F,"OK,OK,OK,OK","DELTA,DELTA,DELTA,DELTA",
28.131003,2026-09-05T18:45:48.562+01:00,5919144,1149591,916,916,True,True,0x0F,"OK,OK,OK,OK","DELTA,DELTA,DELTA,DELTA",
28.134415,2026-09-05T18:45:48.563+01:00,5920060,1149592,876,876,True,True,0x0F,"OK,OK,OK,OK","DELTA,DELTA,DELTA,DELTA",
28.139867,2026-09-05T18:45:48.566+01:00,5920936,1149593,1070,1070,True,True,0x0F,"OK,OK,OK,OK","DELTA,DELTA,DELTA,DELTA",
28.147601,2026-09-05T18:45:48.578+01:00,5922006,1149594,1094,1094,True,True,0x0F,"OK,OK,OK,OK","DELTA,DELTA,DELTA,DELTA",
28.149523,2026-09-05T18:45:48.579+01:00,5923100,1149595,1042,1042,True,True,0x0F,"OK,OK,OK,OK","DELTA,DELTA,DELTA,DELTA",
28.154839,2026-09-05T18:45:48.581+01:00,5924142,1149596,862,862,True,True,0x0F,"OK,OK,OK,OK","DELTA,DELTA,DELTA,DELTA",
28.165147,2026-09-05T18:45:48.586+01:00,5925004,1149597,1068,1068,True,True,0x0F,"OK,OK,OK,OK","DELTA,DELTA,DELTA,DELTA",
28.166085,2026-09-05T18:45:48.597+01:00,5926072,1149598,1060,1060,True,True,0x0F,"OK,OK,OK,OK","DELTA,DELTA,DELTA,DELTA",
28.169479,2026-09-05T18:45:48.598+01:00,5927132,1149599,914,914,True,True,0x0F,"OK,OK,OK,OK","DELTA,DELTA,DELTA,DELTA",
28.174387,2026-09-05T18:45:48.601+01:00,5928046,1149600,892,892,True,True,0x0F,"OK,OK,OK,OK","DELTA,DELTA,DELTA,DELTA",
28.182236,2026-09-05T18:45:48.606+01:00,5928938,1149601,1006,1006,True,True,0x0F,"OK,OK,OK,OK","DELTA,DELTA,DELTA,DELTA",
28.184601,2026-09-05T18:45:48.614+01:00,5929944,1149602,980,980,True,True,0x0F,"OK,OK,OK,OK","DELTA,DELTA,DELTA,DELTA",
28.189334,2026-09-05T18:45:48.616+01:00,5930924,1149603,954,954,True,True,0x0F,"OK,OK,OK,OK","DELTA,DELTA,DELTA,DELTA",
28.195017,2026-09-05T18:45:48.621+01:00,5931878,1149604,876,876,True,True,0x0F,"OK,OK,OK,OK","DELTA,DELTA,DELTA,DELTA",
28.200113,2026-09-05T18:45:48.627+01:00,5932754,1149605,1080,1080,True,True,0x0F,"OK,OK,OK,OK","DELTA,DELTA,DELTA,DELTA",
28.204312,2026-09-05T18:45:48.632+01:00,5933834,1149606,1106,1106,True,True,0x0F,"OK,OK,OK,OK","DELTA,DELTA,DELTA,DELTA",
28.209126,2026-09-05T18:45:48.636+01:00,5934940,1149607,984,984,True,True,0x0F,"OK,OK,OK,OK","DELTA,DELTA,DELTA,DELTA",
28.223747,2026-09-05T18:45:48.641+01:00,5935924,1149608,1020,1020,True,True,0x0F,"OK,OK,OK,OK","DELTA,DELTA,DELTA,DELTA",
28.224960,2026-09-05T18:45:48.655+01:00,5936944,1149609,1118,1118,True,True,0x0F,"OK,OK,OK,OK","DELTA,DELTA,DELTA,DELTA",
28.225855,2026-09-05T18:45:48.657+01:00,5938062,1149610,1040,1040,True,True,0x0F,"OK,OK,OK,OK","DELTA,DELTA,DELTA,DELTA",
28.229394,2026-09-05T18:45:48.657+01:00,5939102,1149611,952,952,True,True,0x0F,"OK,OK,OK,OK","DELTA,DELTA,DELTA,DELTA",
28.234562,2026-09-05T18:45:48.661+01:00,5940054,1149612,974,974,True,True,0x0F,"OK,OK,OK,OK","DELTA,DELTA,DELTA,DELTA",
28.241537,2026-09-05T18:45:48.666+01:00,5941028,1149613,1098,1098,True,True,0x0F,"OK,OK,OK,OK","DELTA,DELTA,DELTA,DELTA",
28.244425,2026-09-05T18:45:48.673+01:00,5942126,1149614,1042,1042,True,True,0x0F,"OK,OK,OK,OK","DELTA,DELTA,DELTA,DELTA",
28.249503,2026-09-05T18:45:48.676+01:00,5943168,1149615,914,914,True,True,0x0F,"OK,OK,OK,OK","DELTA,DELTA,DELTA,DELTA",
28.258279,2026-09-05T18:45:48.681+01:00,5944082,1149616,850,850,True,True,0x0F,"OK,OK,OK,OK","DELTA,DELTA,DELTA,DELTA",
28.259308,2026-09-05T18:45:48.690+01:00,5944932,1149617,1014,1014,True,True,0x0F,"OK,OK,OK,OK","DELTA,DELTA,DELTA,DELTA",
28.264306,2026-09-05T18:45:48.691+01:00,5945946,1149618,1082,1082,True,True,0x0F,"OK,OK,OK,OK","DELTA,DELTA,DELTA,DELTA",
28.269048,2026-09-05T18:45:48.696+01:00,5947028,1149619,946,946,True,True,0x0F,"OK,OK,OK,OK","DELTA,DELTA,DELTA,DELTA",
28.275621,2026-09-05T18:45:48.701+01:00,5947974,1149620,956,956,True,True,0x0F,"OK,OK,OK,OK","DELTA,DELTA,DELTA,DELTA",
28.279533,2026-09-05T18:45:48.707+01:00,5948930,1149621,1028,1028,True,True,0x0F,"OK,OK,OK,OK","DELTA,DELTA,DELTA,DELTA",
28.284492,2026-09-05T18:45:48.711+01:00,5949958,1149622,1108,1108,True,True,0x0F,"OK,OK,OK,OK","DELTA,DELTA,DELTA,DELTA",
28.292172,2026-09-05T18:45:48.716+01:00,5951066,1149623,982,982,True,True,0x0F,"OK,OK,OK,OK","DELTA,DELTA,DELTA,DELTA",
28.294375,2026-09-05T18:45:48.724+01:00,5952048,1149624,878,878,True,True,0x0F,"OK,OK,OK,OK","DELTA,DELTA,DELTA,DELTA",
28.299416,2026-09-05T18:45:48.726+01:00,5952926,1149625,978,978,True,True,0x0F,"OK,OK,OK,OK","DELTA,DELTA,DELTA,DELTA",
28.308384,2026-09-05T18:45:48.731+01:00,5953904,1149626,1078,1078,True,True,0x0F,"OK,OK,OK,OK","DELTA,DELTA,DELTA,DELTA",
28.309659,2026-09-05T18:45:48.740+01:00,5954982,1149627,1048,1048,True,True,0x0F,"OK,OK,OK,OK","DELTA,DELTA,DELTA,DELTA",
28.314326,2026-09-05T18:45:48.741+01:00,5956030,1149628,934,934,True,True,0x0F,"OK,OK,OK,OK","DELTA,DELTA,DELTA,DELTA",
28.319103,2026-09-05T18:45:48.746+01:00,5956964,1149629,1116,1116,True,True,0x0F,"OK,OK,OK,OK","DELTA,DELTA,DELTA,DELTA",
28.325443,2026-09-05T18:45:48.751+01:00,5958080,1149630,1044,1044,True,True,0x0F,"OK,OK,OK,OK","DELTA,DELTA,DELTA,DELTA",
28.329338,2026-09-05T18:45:48.757+01:00,5959124,1149631,1084,1084,True,True,0x0F,"OK,OK,OK,OK","DELTA,DELTA,DELTA,DELTA",
28.334085,2026-09-05T18:45:48.761+01:00,5960208,1149632,926,926,True,True,0x0F,"OK,OK,OK,OK","DELTA,DELTA,DELTA,DELTA",
28.341578,2026-09-05T18:45:48.766+01:00,5961134,1149633,1074,1074,True,True,0x0F,"OK,OK,OK,OK","DELTA,DELTA,DELTA,DELTA",
28.344451,2026-09-05T18:45:48.773+01:00,5962208,1149634,1032,1032,True,True,0x0F,"OK,OK,OK,OK","DELTA,DELTA,DELTA,DELTA",
28.349248,2026-09-05T18:45:48.776+01:00,5963240,1149635,960,960,True,True,0x0F,"OK,OK,OK,OK","DELTA,DELTA,DELTA,DELTA",
28.354573,2026-09-05T18:45:48.781+01:00,5964200,1149636,890,890,True,True,0x0F,"OK,OK,OK,OK","DELTA,DELTA,DELTA,DELTA",
28.359638,2026-09-05T18:45:48.786+01:00,5965090,1149637,1074,1074,True,True,0x0F,"OK,OK,OK,OK","DELTA,DELTA,DELTA,DELTA",
28.364276,2026-09-05T18:45:48.791+01:00,5966164,1149638,1106,1106,True,True,0x0F,"OK,OK,OK,OK","DELTA,DELTA,DELTA,DELTA",
28.368980,2026-09-05T18:45:48.796+01:00,5967270,1149639,1048,1048,True,True,0x0F,"OK,OK,OK,OK","DELTA,DELTA,DELTA,DELTA",
28.379825,2026-09-05T18:45:48.800+01:00,5968318,1149640,926,926,True,True,0x0F,"OK,OK,OK,OK","DELTA,DELTA,DELTA,DELTA",
28.380482,2026-09-05T18:45:48.811+01:00,5969244,1149641,1104,1104,True,True,0x0F,"OK,OK,OK,OK","DELTA,DELTA,DELTA,DELTA",
28.392958,2026-09-05T18:45:48.812+01:00,5970348,1149642,1172,1172,True,True,0x0F,"OK,OK,OK,OK","DELTA,DELTA,DELTA,DELTA",
28.393897,2026-09-05T18:45:48.825+01:00,5971520,1149643,1036,1036,True,True,0x0F,"OK,OK,OK,OK","DELTA,DELTA,DELTA,DELTA",
28.394732,2026-09-05T18:45:48.825+01:00,5972556,1149644,912,912,True,True,0x0F,"OK,OK,OK,OK","DELTA,DELTA,DELTA,DELTA",
28.399232,2026-09-05T18:45:48.826+01:00,5973468,1149645,1064,1064,True,True,0x0F,"OK,OK,OK,OK","DELTA,DELTA,DELTA,DELTA",
28.404082,2026-09-05T18:45:48.831+01:00,5974532,1149646,1072,1072,True,True,0x0F,"OK,OK,OK,OK","DELTA,DELTA,DELTA,DELTA",
28.411116,2026-09-05T18:45:48.836+01:00,5975604,1149647,942,942,True,True,0x0F,"OK,OK,OK,OK","DELTA,DELTA,DELTA,DELTA",
28.414446,2026-09-05T18:45:48.843+01:00,5976546,1149648,938,938,True,True,0x0F,"OK,OK,OK,OK","DELTA,DELTA,DELTA,DELTA",
28.419094,2026-09-05T18:45:48.846+01:00,5977484,1149649,1100,1100,True,True,0x0F,"OK,OK,OK,OK","DELTA,DELTA,DELTA,DELTA",
28.427596,2026-09-05T18:45:48.851+01:00,5978584,1149650,1054,1054,True,True,0x0F,"OK,OK,OK,OK","DELTA,DELTA,DELTA,DELTA",
28.429251,2026-09-05T18:45:48.859+01:00,5979638,1149651,952,952,True,True,0x0F,"OK,OK,OK,OK","DELTA,DELTA,DELTA,DELTA",
28.434184,2026-09-05T18:45:48.861+01:00,5980590,1149652,914,914,True,True,0x0F,"OK,OK,OK,OK","DELTA,DELTA,DELTA,DELTA",
28.443918,2026-09-05T18:45:48.866+01:00,5981504,1149653,1028,1028,True,True,0x0F,"OK,OK,OK,OK","DELTA,DELTA,DELTA,DELTA",
28.444781,2026-09-05T18:45:48.875+01:00,5982532,1149654,1104,1104,True,True,0x0F,"OK,OK,OK,OK","DELTA,DELTA,DELTA,DELTA",
28.449085,2026-09-05T18:45:48.876+01:00,5983636,1149655,1054,1054,True,True,0x0F,"OK,OK,OK,OK","DELTA,DELTA,DELTA,DELTA",
28.454284,2026-09-05T18:45:48.881+01:00,5984690,1149656,860,860,True,True,0x0F,"OK,OK,OK,OK","DELTA,DELTA,DELTA,DELTA",
28.461670,2026-09-05T18:45:48.886+01:00,5985550,1149657,1002,1002,True,True,0x0F,"OK,OK,OK,OK","DELTA,DELTA,DELTA,DELTA",
28.464070,2026-09-05T18:45:48.893+01:00,5986552,1149658,1098,1098,True,True,0x0F,"OK,OK,OK,OK","DELTA,DELTA,DELTA,DELTA",
28.469358,2026-09-05T18:45:48.896+01:00,5987650,1149659,1016,1016,True,True,0x0F,"OK,OK,OK,OK","DELTA,DELTA,DELTA,DELTA",
28.478547,2026-09-05T18:45:48.901+01:00,5988666,1149660,994,994,True,True,0x0F,"OK,OK,OK,OK","DELTA,DELTA,DELTA,DELTA",
28.479593,2026-09-05T18:45:48.910+01:00,5989660,1149661,1130,1130,True,True,0x0F,"OK,OK,OK,OK","DELTA,DELTA,DELTA,DELTA",
28.484262,2026-09-05T18:45:48.911+01:00,5990790,1149662,1088,1088,True,True,0x0F,"OK,OK,OK,OK","DELTA,DELTA,DELTA,DELTA",
28.488763,2026-09-05T18:45:48.916+01:00,5991878,1149663,942,942,True,True,0x0F,"OK,OK,OK,OK","DELTA,DELTA,DELTA,DELTA",
28.495240,2026-09-05T18:45:48.920+01:00,5992820,1149664,866,866,True,True,0x0F,"OK,OK,OK,OK","DELTA,DELTA,DELTA,DELTA",
28.499267,2026-09-05T18:45:48.927+01:00,5993686,1149665,1016,1016,True,True,0x0F,"OK,OK,OK,OK","DELTA,DELTA,DELTA,DELTA",
28.504132,2026-09-05T18:45:48.931+01:00,5994702,1149666,1084,1084,True,True,0x0F,"OK,OK,OK,OK","DELTA,DELTA,DELTA,DELTA",
28.510982,2026-09-05T18:45:48.936+01:00,5995786,1149667,1002,1002,True,True,0x0F,"OK,OK,OK,OK","DELTA,DELTA,DELTA,DELTA",
28.514006,2026-09-05T18:45:48.943+01:00,5996788,1149668,948,948,True,True,0x0F,"OK,OK,OK,OK","DELTA,DELTA,DELTA,DELTA",
28.518837,2026-09-05T18:45:48.946+01:00,5997736,1149669,968,968,True,True,0x0F,"OK,OK,OK,OK","DELTA,DELTA,DELTA,DELTA",
28.524843,2026-09-05T18:45:48.950+01:00,5998704,1149670,1052,1052,True,True,0x0F,"OK,OK,OK,OK","DELTA,DELTA,DELTA,DELTA",
28.531168,2026-09-05T18:45:48.956+01:00,5999756,1149671,986,986,True,True,0x0F,"OK,OK,OK,OK","DELTA,DELTA,DELTA,DELTA",
28.534009,2026-09-05T18:45:48.963+01:00,6000742,1149672,1002,1002,True,True,0x0F,"OK,OK,OK,OK","DELTA,DELTA,DELTA,DELTA",
28.538917,2026-09-05T18:45:48.966+01:00,6001744,1149673,1086,1086,True,True,0x0F,"OK,OK,OK,OK","DELTA,DELTA,DELTA,DELTA",
28.550925,2026-09-05T18:45:48.970+01:00,6002830,1149674,1110,1110,True,True,0x0F,"OK,OK,OK,OK","DELTA,DELTA,DELTA,DELTA",
28.556124,2026-09-05T18:45:48.984+01:00,6003940,1149675,1030,1030,True,True,0x0F,"OK,OK,OK,OK","DELTA,DELTA,DELTA,DELTA",
28.556999,2026-09-05T18:45:48.988+01:00,6004970,1149676,966,966,True,True,0x0F,"OK,OK,OK,OK","DELTA,DELTA,DELTA,DELTA",
28.559153,2026-09-05T18:45:48.989+01:00,6005936,1149677,1126,1126,True,True,0x0F,"OK,OK,OK,OK","DELTA,DELTA,DELTA,DELTA",
28.564227,2026-09-05T18:45:48.991+01:00,6007062,1149678,1050,1050,True,True,0x0F,"OK,OK,OK,OK","DELTA,DELTA,DELTA,DELTA",
28.574862,2026-09-05T18:45:48.996+01:00,6008112,1149679,1038,1038,True,True,0x0F,"OK,OK,OK,OK","DELTA,DELTA,DELTA,DELTA",
28.575782,2026-09-05T18:45:49.006+01:00,6009150,1149680,926,926,True,True,0x0F,"OK,OK,OK,OK","DELTA,DELTA,DELTA,DELTA",
28.579536,2026-09-05T18:45:49.007+01:00,6010076,1149681,1072,1072,True,True,0x0F,"OK,OK,OK,OK","DELTA,DELTA,DELTA,DELTA",
28.584165,2026-09-05T18:45:49.011+01:00,6011148,1149682,1066,1066,True,True,0x0F,"OK,OK,OK,OK","DELTA,DELTA,DELTA,DELTA",
28.591746,2026-09-05T18:45:49.016+01:00,6012214,1149683,1022,1022,True,True,0x0F,"OK,OK,OK,OK","DELTA,DELTA,DELTA,DELTA",
28.593744,2026-09-05T18:45:49.023+01:00,6013236,1149684,870,870,True,True,0x0F,"OK,OK,OK,OK","DELTA,DELTA,DELTA,DELTA",
28.599113,2026-09-05T18:45:49.025+01:00,6014106,1149685,1022,1022,True,True,0x0F,"OK,OK,OK,OK","DELTA,DELTA,DELTA,DELTA",
28.609053,2026-09-05T18:45:49.031+01:00,6015128,1149686,1120,1120,True,True,0x0F,"OK,OK,OK,OK","DELTA,DELTA,DELTA,DELTA",
28.609950,2026-09-05T18:45:49.041+01:00,6016248,1149687,1002,1002,True,True,0x0F,"OK,OK,OK,OK","DELTA,DELTA,DELTA,DELTA",
28.614190,2026-09-05T18:45:49.041+01:00,6017250,1149688,956,956,True,True,0x0F,"OK,OK,OK,OK","DELTA,DELTA,DELTA,DELTA",
28.618912,2026-09-05T18:45:49.046+01:00,6018206,1149689,1050,1050,True,True,0x0F,"OK,OK,OK,OK","DELTA,DELTA,DELTA,DELTA",
28.626182,2026-09-05T18:45:49.050+01:00,6019256,1149690,1054,1054,True,True,0x0F,"OK,OK,OK,OK","DELTA,DELTA,DELTA,DELTA",
28.628745,2026-09-05T18:45:49.058+01:00,6020310,1149691,988,988,True,True,0x0F,"OK,OK,OK,OK","DELTA,DELTA,DELTA,DELTA",
28.634293,2026-09-05T18:45:49.061+01:00,6021298,1149692,906,906,True,True,0x0F,"OK,OK,OK,OK","DELTA,DELTA,DELTA,DELTA",
28.643205,2026-09-05T18:45:49.066+01:00,6022204,1149693,1074,1074,True,True,0x0F,"OK,OK,OK,OK","DELTA,DELTA,DELTA,DELTA",
28.644093,2026-09-05T18:45:49.075+01:00,6023278,1149694,1044,1044,True,True,0x0F,"OK,OK,OK,OK","DELTA,DELTA,DELTA,DELTA",
28.650011,2026-09-05T18:45:49.076+01:00,6024322,1149695,946,946,True,True,0x0F,"OK,OK,OK,OK","DELTA,DELTA,DELTA,DELTA",
28.653797,2026-09-05T18:45:49.082+01:00,6025268,1149696,958,958,True,True,0x0F,"OK,OK,OK,OK","DELTA,DELTA,DELTA,DELTA",
28.663194,2026-09-05T18:45:49.085+01:00,6026226,1149697,1046,1046,True,True,0x0F,"OK,OK,OK,OK","DELTA,DELTA,DELTA,DELTA",
28.664105,2026-09-05T18:45:49.095+01:00,6027272,1149698,1120,1120,True,True,0x0F,"OK,OK,OK,OK","DELTA,DELTA,DELTA,DELTA",
28.668877,2026-09-05T18:45:49.096+01:00,6028392,1149699,960,960,True,True,0x0F,"OK,OK,OK,OK","DELTA,DELTA,DELTA,DELTA",
28.679907,2026-09-05T18:45:49.101+01:00,6029352,1149700,852,852,True,True,0x0F,"OK,OK,OK,OK","DELTA,DELTA,DELTA,DELTA",
28.680815,2026-09-05T18:45:49.112+01:00,6030204,1149701,952,952,True,True,0x0F,"OK,OK,OK,OK","DELTA,DELTA,DELTA,DELTA",
28.684106,2026-09-05T18:45:49.112+01:00,6031156,1149702,1052,1052,True,True,0x0F,"OK,OK,OK,OK","DELTA,DELTA,DELTA,DELTA",
28.688887,2026-09-05T18:45:49.116+01:00,6032208,1149703,1006,1006,True,True,0x0F,"OK,OK,OK,OK","DELTA,DELTA,DELTA,DELTA",
28.695149,2026-09-05T18:45:49.121+01:00,6033214,1149704,934,934,True,True,0x0F,"OK,OK,OK,OK","DELTA,DELTA,DELTA,DELTA",
28.699974,2026-09-05T18:45:49.127+01:00,6034148,1149705,1016,1016,True,True,0x0F,"OK,OK,OK,OK","DELTA,DELTA,DELTA,DELTA",
28.703812,2026-09-05T18:45:49.131+01:00,6035164,1149706,1044,1044,True,True,0x0F,"OK,OK,OK,OK","DELTA,DELTA,DELTA,DELTA",
28.708670,2026-09-05T18:45:49.135+01:00,6036208,1149707,1024,1024,True,True,0x0F,"OK,OK,OK,OK","DELTA,DELTA,DELTA,DELTA",
28.718698,2026-09-05T18:45:49.140+01:00,6037232,1149708,844,844,True,True,0x0F,"OK,OK,OK,OK","DELTA,DELTA,DELTA,DELTA",
28.719426,2026-09-05T18:45:49.150+01:00,6038076,1149709,1068,1068,True,True,0x0F,"OK,OK,OK,OK","DELTA,DELTA,DELTA,DELTA",
28.731620,2026-09-05T18:45:49.151+01:00,6039144,1149710,1098,1098,True,True,0x0F,"OK,OK,OK,OK","DELTA,DELTA,DELTA,DELTA",
28.733086,2026-09-05T18:45:49.163+01:00,6040242,1149711,1064,1064,True,True,0x0F,"OK,OK,OK,OK","DELTA,DELTA,DELTA,DELTA",
28.734371,2026-09-05T18:45:49.165+01:00,6041306,1149712,934,934,True,True,0x0F,"OK,OK,OK,OK","DELTA,DELTA,DELTA,DELTA",
28.739141,2026-09-05T18:45:49.166+01:00,6042240,1149713,4216,4216,True,True,0x0F,"OK,OK,OK,OK","DELTA_SYNC,DELTA_SYNC,DELTA_SYNC,DELTA_SYNC",
28.748978,2026-09-05T18:45:49.171+01:00,6046456,1149714,1016,1016,True,True,0x0F,"OK,OK,OK,OK","DELTA,DELTA,DELTA,DELTA",
28.749921,2026-09-05T18:45:49.181+01:00,6047472,1149715,1028,1028,True,True,0x0F,"OK,OK,OK,OK","DELTA,DELTA,DELTA,DELTA",
28.753680,2026-09-05T18:45:49.181+01:00,6048500,1149716,926,926,True,True,0x0F,"OK,OK,OK,OK","DELTA,DELTA,DELTA,DELTA",
28.758798,2026-09-05T18:45:49.185+01:00,6049426,1149717,1034,1034,True,True,0x0F,"OK,OK,OK,OK","DELTA,DELTA,DELTA,DELTA",
28.766310,2026-09-05T18:45:49.190+01:00,6050460,1149718,1016,1016,True,True,0x0F,"OK,OK,OK,OK","DELTA,DELTA,DELTA,DELTA",
28.768949,2026-09-05T18:45:49.198+01:00,6051476,1149719,994,994,True,True,0x0F,"OK,OK,OK,OK","DELTA,DELTA,DELTA,DELTA",
28.773847,2026-09-05T18:45:49.200+01:00,6052470,1149720,878,878,True,True,0x0F,"OK,OK,OK,OK","DELTA,DELTA,DELTA,DELTA",
28.784209,2026-09-05T18:45:49.205+01:00,6053348,1149721,952,952,True,True,0x0F,"OK,OK,OK,OK","DELTA,DELTA,DELTA,DELTA",
28.785166,2026-09-05T18:45:49.216+01:00,6054300,1149722,986,986,True,True,0x0F,"OK,OK,OK,OK","DELTA,DELTA,DELTA,DELTA",
28.788925,2026-09-05T18:45:49.217+01:00,6055286,1149723,992,992,True,True,0x0F,"OK,OK,OK,OK","DELTA,DELTA,DELTA,DELTA",
28.793891,2026-09-05T18:45:49.221+01:00,6056278,1149724,964,964,True,True,0x0F,"OK,OK,OK,OK","DELTA,DELTA,DELTA,DELTA",
28.802016,2026-09-05T18:45:49.225+01:00,6057242,1149725,1024,1024,True,True,0x0F,"OK,OK,OK,OK","DELTA,DELTA,DELTA,DELTA",
28.803570,2026-09-05T18:45:49.234+01:00,6058266,1149726,992,992,True,True,0x0F,"OK,OK,OK,OK","DELTA,DELTA,DELTA,DELTA",
28.808986,2026-09-05T18:45:49.235+01:00,6059258,1149727,1006,1006,True,True,0x0F,"OK,OK,OK,OK","DELTA,DELTA,DELTA,DELTA",
28.818677,2026-09-05T18:45:49.241+01:00,6060264,1149728,906,906,True,True,0x0F,"OK,OK,OK,OK","DELTA,DELTA,DELTA,DELTA",
28.819593,2026-09-05T18:45:49.250+01:00,6061170,1149729,978,978,True,True,0x0F,"OK,OK,OK,OK","DELTA,DELTA,DELTA,DELTA",
28.824216,2026-09-05T18:45:49.251+01:00,6062148,1149730,1044,1044,True,True,0x0F,"OK,OK,OK,OK","DELTA,DELTA,DELTA,DELTA",
28.829141,2026-09-05T18:45:49.256+01:00,6063192,1149731,1022,1022,True,True,0x0F,"OK,OK,OK,OK","DELTA,DELTA,DELTA,DELTA",
28.837536,2026-09-05T18:45:49.261+01:00,6064214,1149732,982,982,True,True,0x0F,"OK,OK,OK,OK","DELTA,DELTA,DELTA,DELTA",
28.838687,2026-09-05T18:45:49.269+01:00,6065196,1149733,1142,1142,True,True,0x0F,"OK,OK,OK,OK","DELTA,DELTA,DELTA,DELTA",
28.843979,2026-09-05T18:45:49.270+01:00,6066338,1149734,1058,1058,True,True,0x0F,"OK,OK,OK,OK","DELTA,DELTA,DELTA,DELTA",
28.848568,2026-09-05T18:45:49.275+01:00,6067396,1149735,994,994,True,True,0x0F,"OK,OK,OK,OK","DELTA,DELTA,DELTA,DELTA",
28.855117,2026-09-05T18:45:49.280+01:00,6068390,1149736,868,868,True,True,0x0F,"OK,OK,OK,OK","DELTA,DELTA,DELTA,DELTA",
28.859062,2026-09-05T18:45:49.287+01:00,6069258,1149737,944,944,True,True,0x0F,"OK,OK,OK,OK","DELTA,DELTA,DELTA,DELTA",
28.864060,2026-09-05T18:45:49.291+01:00,6070202,1149738,1096,1096,True,True,0x0F,"OK,OK,OK,OK","DELTA,DELTA,DELTA,DELTA",
28.869430,2026-09-05T18:45:49.296+01:00,6071298,1149739,1006,1006,True,True,0x0F,"OK,OK,OK,OK","DELTA,DELTA,DELTA,DELTA",
28.874232,2026-09-05T18:45:49.301+01:00,6072304,1149740,834,834,True,True,0x0F,"OK,OK,OK,OK","DELTA,DELTA,DELTA,DELTA",
28.878871,2026-09-05T18:45:49.306+01:00,6073138,1149741,996,996,True,True,0x0F,"OK,OK,OK,OK","DELTA,DELTA,DELTA,DELTA",
28.883574,2026-09-05T18:45:49.310+01:00,6074134,1149742,1098,1098,True,True,0x0F,"OK,OK,OK,OK","DELTA,DELTA,DELTA,DELTA",
28.898041,2026-09-05T18:45:49.315+01:00,6075232,1149743,978,978,True,True,0x0F,"OK,OK,OK,OK","DELTA,DELTA,DELTA,DELTA",
28.898938,2026-09-05T18:45:49.330+01:00,6076210,1149744,926,926,True,True,0x0F,"OK,OK,OK,OK","DELTA,DELTA,DELTA,DELTA",
28.899804,2026-09-05T18:45:49.330+01:00,6077136,1149745,1092,1092,True,True,0x0F,"OK,OK,OK,OK","DELTA,DELTA,DELTA,DELTA",
28.903908,2026-09-05T18:45:49.331+01:00,6078228,1149746,1184,1184,True,True,0x0F,"OK,OK,OK,OK","DELTA,DELTA,DELTA,DELTA",
28.908672,2026-09-05T18:45:49.336+01:00,6079412,1149747,1084,1084,True,True,0x0F,"OK,OK,OK,OK","DELTA,DELTA,DELTA,DELTA",
28.916193,2026-09-05T18:45:49.340+01:00,6080496,1149748,904,904,True,True,0x0F,"OK,OK,OK,OK","DELTA,DELTA,DELTA,DELTA",
28.918679,2026-09-05T18:45:49.348+01:00,6081400,1149749,1016,1016,True,True,0x0F,"OK,OK,OK,OK","DELTA,DELTA,DELTA,DELTA",
28.923791,2026-09-05T18:45:49.350+01:00,6082416,1149750,1054,1054,True,True,0x0F,"OK,OK,OK,OK","DELTA,DELTA,DELTA,DELTA",
28.932620,2026-09-05T18:45:49.355+01:00,6083470,1149751,1058,1058,True,True,0x0F,"OK,OK,OK,OK","DELTA,DELTA,DELTA,DELTA",
28.933675,2026-09-05T18:45:49.364+01:00,6084528,1149752,902,902,True,True,0x0F,"OK,OK,OK,OK","DELTA,DELTA,DELTA,DELTA",
28.939183,2026-09-05T18:45:49.365+01:00,6085430,1149753,1032,1032,True,True,0x0F,"OK,OK,OK,OK","DELTA,DELTA,DELTA,DELTA",
28.949757,2026-09-05T18:45:49.371+01:00,6086462,1149754,1164,1164,True,True,0x0F,"OK,OK,OK,OK","DELTA,DELTA,DELTA,DELTA",
28.951209,2026-09-05T18:45:49.381+01:00,6087626,1149755,1042,1042,True,True,0x0F,"OK,OK,OK,OK","DELTA,DELTA,DELTA,DELTA",
28.953668,2026-09-05T18:45:49.383+01:00,6088668,1149756,888,888,True,True,0x0F,"OK,OK,OK,OK","DELTA,DELTA,DELTA,DELTA",
28.958485,2026-09-05T18:45:49.385+01:00,6089556,1149757,962,962,True,True,0x0F,"OK,OK,OK,OK","DELTA,DELTA,DELTA,DELTA",
28.966908,2026-09-05T18:45:49.390+01:00,6090518,1149758,1038,1038,True,True,0x0F,"OK,OK,OK,OK","DELTA,DELTA,DELTA,DELTA",
28.968414,2026-09-05T18:45:49.399+01:00,6091556,1149759,1002,1002,True,True,0x0F,"OK,OK,OK,OK","DELTA,DELTA,DELTA,DELTA",
28.973581,2026-09-05T18:45:49.400+01:00,6092558,1149760,854,854,True,True,0x0F,"OK,OK,OK,OK","DELTA,DELTA,DELTA,DELTA",
28.983714,2026-09-05T18:45:49.405+01:00,6093412,1149761,952,952,True,True,0x0F,"OK,OK,OK,OK","DELTA,DELTA,DELTA,DELTA",
28.984744,2026-09-05T18:45:49.415+01:00,6094364,1149762,1068,1068,True,True,0x0F,"OK,OK,OK,OK","DELTA,DELTA,DELTA,DELTA",
28.988635,2026-09-05T18:45:49.417+01:00,6095432,1149763,1054,1054,True,True,0x0F,"OK,OK,OK,OK","DELTA,DELTA,DELTA,DELTA",
28.993528,2026-09-05T18:45:49.420+01:00,6096486,1149764,924,924,True,True,0x0F,"OK,OK,OK,OK","DELTA,DELTA,DELTA,DELTA",
29.000940,2026-09-05T18:45:49.425+01:00,6097410,1149765,1026,1026,True,True,0x0F,"OK,OK,OK,OK","DELTA,DELTA,DELTA,DELTA",
29.003378,2026-09-05T18:45:49.432+01:00,6098436,1149766,1044,1044,True,True,0x0F,"OK,OK,OK,OK","DELTA,DELTA,DELTA,DELTA",
29.008895,2026-09-05T18:45:49.435+01:00,6099480,1149767,984,984,True,True,0x0F,"OK,OK,OK,OK","DELTA,DELTA,DELTA,DELTA",
29.017984,2026-09-05T18:45:49.440+01:00,6100464,1149768,868,868,True,True,0x0F,"OK,OK,OK,OK","DELTA,DELTA,DELTA,DELTA",
29.018873,2026-09-05T18:45:49.450+01:00,6101332,1149769,1026,1026,True,True,0x0F,"OK,OK,OK,OK","DELTA,DELTA,DELTA,DELTA",
29.023664,2026-09-05T18:45:49.450+01:00,6102358,1149770,1040,1040,True,True,0x0F,"OK,OK,OK,OK","DELTA,DELTA,DELTA,DELTA",
29.029738,2026-09-05T18:45:49.455+01:00,6103398,1149771,1024,1024,True,True,0x0F,"OK,OK,OK,OK","DELTA,DELTA,DELTA,DELTA",
29.034150,2026-09-05T18:45:49.461+01:00,6104422,1149772,922,922,True,True,0x0F,"OK,OK,OK,OK","DELTA,DELTA,DELTA,DELTA",
29.038420,2026-09-05T18:45:49.466+01:00,6105344,1149773,1054,1054,True,True,0x0F,"OK,OK,OK,OK","DELTA,DELTA,DELTA,DELTA",
29.043381,2026-09-05T18:45:49.470+01:00,6106398,1149774,1028,1028,True,True,0x0F,"OK,OK,OK,OK","DELTA,DELTA,DELTA,DELTA",
29.048349,2026-09-05T18:45:49.475+01:00,6107426,1149775,1066,1066,True,True,0x0F,"OK,OK,OK,OK","DELTA,DELTA,DELTA,DELTA",
29.057929,2026-09-05T18:45:49.480+01:00,6108492,1149776,936,936,True,True,0x0F,"OK,OK,OK,OK","DELTA,DELTA,DELTA,DELTA",
29.058589,2026-09-05T18:45:49.490+01:00,6109428,1149777,1102,1102,True,True,0x0F,"OK,OK,OK,OK","DELTA,DELTA,DELTA,DELTA",
29.072601,2026-09-05T18:45:49.490+01:00,6110530,1149778,1020,1020,True,True,0x0F,"OK,OK,OK,OK","DELTA,DELTA,DELTA,DELTA",
29.073754,2026-09-05T18:45:49.504+01:00,6111550,1149779,1038,1038,True,True,0x0F,"OK,OK,OK,OK","DELTA,DELTA,DELTA,DELTA",
29.074775,2026-09-05T18:45:49.505+01:00,6112588,1149780,836,836,True,True,0x0F,"OK,OK,OK,OK","DELTA,DELTA,DELTA,DELTA",
29.078846,2026-09-05T18:45:49.506+01:00,6113424,1149781,1048,1048,True,True,0x0F,"OK,OK,OK,OK","DELTA,DELTA,DELTA,DELTA",
29.083416,2026-09-05T18:45:49.510+01:00,6114472,1149782,1080,1080,True,True,0x0F,"OK,OK,OK,OK","DELTA,DELTA,DELTA,DELTA",
29.091083,2026-09-05T18:45:49.515+01:00,6115552,1149783,1052,1052,True,True,0x0F,"OK,OK,OK,OK","DELTA,DELTA,DELTA,DELTA",
29.093415,2026-09-05T18:45:49.523+01:00,6116604,1149784,892,892,True,True,0x0F,"OK,OK,OK,OK","DELTA,DELTA,DELTA,DELTA",
29.098688,2026-09-05T18:45:49.525+01:00,6117496,1149785,998,998,True,True,0x0F,"OK,OK,OK,OK","DELTA,DELTA,DELTA,DELTA",
29.107775,2026-09-05T18:45:49.530+01:00,6118494,1149786,1088,1088,True,True,0x0F,"OK,OK,OK,OK","DELTA,DELTA,DELTA,DELTA",
29.108918,2026-09-05T18:45:49.539+01:00,6119582,1149787,1022,1022,True,True,0x0F,"OK,OK,OK,OK","DELTA,DELTA,DELTA,DELTA",
29.113313,2026-09-05T18:45:49.540+01:00,6120604,1149788,832,832,True,True,0x0F,"OK,OK,OK,OK","DELTA,DELTA,DELTA,DELTA",
29.118679,2026-09-05T18:45:49.545+01:00,6121436,1149789,1032,1032,True,True,0x0F,"OK,OK,OK,OK","DELTA,DELTA,DELTA,DELTA",
29.125674,2026-09-05T18:45:49.550+01:00,6122468,1149790,1014,1014,True,True,0x0F,"OK,OK,OK,OK","DELTA,DELTA,DELTA,DELTA",
29.128841,2026-09-05T18:45:49.557+01:00,6123482,1149791,1058,1058,True,True,0x0F,"OK,OK,OK,OK","DELTA,DELTA,DELTA,DELTA",
29.133506,2026-09-05T18:45:49.561+01:00,6124540,1149792,870,870,True,True,0x0F,"OK,OK,OK,OK","DELTA,DELTA,DELTA,DELTA",
29.142922,2026-09-05T18:45:49.565+01:00,6125410,1149793,1036,1036,True,True,0x0F,"OK,OK,OK,OK","DELTA,DELTA,DELTA,DELTA",
29.143845,2026-09-05T18:45:49.574+01:00,6126446,1149794,1088,1088,True,True,0x0F,"OK,OK,OK,OK","DELTA,DELTA,DELTA,DELTA",
29.148646,2026-09-05T18:45:49.575+01:00,6127534,1149795,1012,1012,True,True,0x0F,"OK,OK,OK,OK","DELTA,DELTA,DELTA,DELTA",
29.153352,2026-09-05T18:45:49.580+01:00,6128546,1149796,892,892,True,True,0x0F,"OK,OK,OK,OK","DELTA,DELTA,DELTA,DELTA",
29.160010,2026-09-05T18:45:49.585+01:00,6129438,1149797,1040,1040,True,True,0x0F,"OK,OK,OK,OK","DELTA,DELTA,DELTA,DELTA",
29.163635,2026-09-05T18:45:49.592+01:00,6130478,1149798,1054,1054,True,True,0x0F,"OK,OK,OK,OK","DELTA,DELTA,DELTA,DELTA",
29.168446,2026-09-05T18:45:49.595+01:00,6131532,1149799,1048,1048,True,True,0x0F,"OK,OK,OK,OK","DELTA,DELTA,DELTA,DELTA",
29.176565,2026-09-05T18:45:49.600+01:00,6132580,1149800,930,930,True,True,0x0F,"OK,OK,OK,OK","DELTA,DELTA,DELTA,DELTA",
29.178260,2026-09-05T18:45:49.608+01:00,6133510,1149801,982,982,True,True,0x0F,"OK,OK,OK,OK","DELTA,DELTA,DELTA,DELTA",
29.183690,2026-09-05T18:45:49.610+01:00,6134492,1149802,1048,1048,True,True,0x0F,"OK,OK,OK,OK","DELTA,DELTA,DELTA,DELTA",
29.192825,2026-09-05T18:45:49.615+01:00,6135540,1149803,986,986,True,True,0x0F,"OK,OK,OK,OK","DELTA,DELTA,DELTA,DELTA",
29.193685,2026-09-05T18:45:49.624+01:00,6136526,1149804,790,790,True,True,0x0F,"OK,OK,OK,OK","DELTA,DELTA,DELTA,DELTA",
29.198363,2026-09-05T18:45:49.625+01:00,6137316,1149805,1082,1082,True,True,0x0F,"OK,OK,OK,OK","DELTA,DELTA,DELTA,DELTA",
29.203231,2026-09-05T18:45:49.630+01:00,6138398,1149806,1094,1094,True,True,0x0F,"OK,OK,OK,OK","DELTA,DELTA,DELTA,DELTA",
29.209073,2026-09-05T18:45:49.635+01:00,6139492,1149807,1026,1026,True,True,0x0F,"OK,OK,OK,OK","DELTA,DELTA,DELTA,DELTA",
29.213198,2026-09-05T18:45:49.641+01:00,6140518,1149808,816,816,True,True,0x0F,"OK,OK,OK,OK","DELTA,DELTA,DELTA,DELTA",
29.218268,2026-09-05T18:45:49.645+01:00,6141334,1149809,1066,1066,True,True,0x0F,"OK,OK,OK,OK","DELTA,DELTA,DELTA,DELTA",
29.223417,2026-09-05T18:45:49.650+01:00,6142400,1149810,1108,1108,True,True,0x0F,"OK,OK,OK,OK","DELTA,DELTA,DELTA,DELTA",
29.235932,2026-09-05T18:45:49.655+01:00,6143508,1149811,1008,1008,True,True,0x0F,"OK,OK,OK,OK","DELTA,DELTA,DELTA,DELTA",
29.236938,2026-09-05T18:45:49.668+01:00,6144516,1149812,888,888,True,True,0x0F,"OK,OK,OK,OK","DELTA,DELTA,DELTA,DELTA",
29.238194,2026-09-05T18:45:49.668+01:00,6145404,1149813,994,994,True,True,0x0F,"OK,OK,OK,OK","DELTA,DELTA,DELTA,DELTA",
29.243716,2026-09-05T18:45:49.670+01:00,6146398,1149814,1102,1102,True,True,0x0F,"OK,OK,OK,OK","DELTA,DELTA,DELTA,DELTA",
29.253627,2026-09-05T18:45:49.675+01:00,6147500,1149815,1088,1088,True,True,0x0F,"OK,OK,OK,OK","DELTA,DELTA,DELTA,DELTA",
29.254841,2026-09-05T18:45:49.685+01:00,6148588,1149816,876,876,True,True,0x0F,"OK,OK,OK,OK","DELTA,DELTA,DELTA,DELTA",
29.258478,2026-09-05T18:45:49.686+01:00,6149464,1149817,1004,1004,True,True,0x0F,"OK,OK,OK,OK","DELTA,DELTA,DELTA,DELTA",
29.263400,2026-09-05T18:45:49.690+01:00,6150468,1149818,1062,1062,True,True,0x0F,"OK,OK,OK,OK","DELTA,DELTA,DELTA,DELTA",
29.270519,2026-09-05T18:45:49.695+01:00,6151530,1149819,1034,1034,True,True,0x0F,"OK,OK,OK,OK","DELTA,DELTA,DELTA,DELTA",
29.273265,2026-09-05T18:45:49.702+01:00,6152564,1149820,906,906,True,True,0x0F,"OK,OK,OK,OK","DELTA,DELTA,DELTA,DELTA",
29.278365,2026-09-05T18:45:49.705+01:00,6153470,1149821,1012,1012,True,True,0x0F,"OK,OK,OK,OK","DELTA,DELTA,DELTA,DELTA",
29.287386,2026-09-05T18:45:49.710+01:00,6154482,1149822,1036,1036,True,True,0x0F,"OK,OK,OK,OK","DELTA,DELTA,DELTA,DELTA",
29.288268,2026-09-05T18:45:49.719+01:00,6155518,1149823,1040,1040,True,True,0x0F,"OK,OK,OK,OK","DELTA,DELTA,DELTA,DELTA",
29.293275,2026-09-05T18:45:49.720+01:00,6156558,1149824,820,820,True,True,0x0F,"OK,OK,OK,OK","DELTA,DELTA,DELTA,DELTA",
29.303758,2026-09-05T18:45:49.725+01:00,6157378,1149825,1058,1058,True,True,0x0F,"OK,OK,OK,OK","DELTA,DELTA,DELTA,DELTA",
29.304611,2026-09-05T18:45:49.735+01:00,6158436,1149826,1026,1026,True,True,0x0F,"OK,OK,OK,OK","DELTA,DELTA,DELTA,DELTA",
29.308381,2026-09-05T18:45:49.736+01:00,6159462,1149827,1068,1068,True,True,0x0F,"OK,OK,OK,OK","DELTA,DELTA,DELTA,DELTA",
29.313390,2026-09-05T18:45:49.740+01:00,6160530,1149828,910,910,True,True,0x0F,"OK,OK,OK,OK","DELTA,DELTA,DELTA,DELTA",
29.321101,2026-09-05T18:45:49.745+01:00,6161440,1149829,980,980,True,True,0x0F,"OK,OK,OK,OK","DELTA,DELTA,DELTA,DELTA",
29.323302,2026-09-05T18:45:49.753+01:00,6162420,1149830,1142,1142,True,True,0x0F,"OK,OK,OK,OK","DELTA,DELTA,DELTA,DELTA",
29.328405,2026-09-05T18:45:49.755+01:00,6163562,1149831,1142,1142,True,True,0x0F,"OK,OK,OK,OK","DELTA,DELTA,DELTA,DELTA",
29.337817,2026-09-05T18:45:49.760+01:00,6164704,1149832,942,942,True,True,0x0F,"OK,OK,OK,OK","DELTA,DELTA,DELTA,DELTA",
29.338722,2026-09-05T18:45:49.769+01:00,6165646,1149833,996,996,True,True,0x0F,"OK,OK,OK,OK","DELTA,DELTA,DELTA,DELTA",
29.343620,2026-09-05T18:45:49.770+01:00,6166642,1149834,1064,1064,True,True,0x0F,"OK,OK,OK,OK","DELTA,DELTA,DELTA,DELTA",
29.348310,2026-09-05T18:45:49.775+01:00,6167706,1149835,1056,1056,True,True,0x0F,"OK,OK,OK,OK","DELTA,DELTA,DELTA,DELTA",
29.355971,2026-09-05T18:45:49.780+01:00,6168762,1149836,884,884,True,True,0x0F,"OK,OK,OK,OK","DELTA,DELTA,DELTA,DELTA",
29.358262,2026-09-05T18:45:49.787+01:00,6169646,1149837,1026,1026,True,True,0x0F,"OK,OK,OK,OK","DELTA,DELTA,DELTA,DELTA",
29.363364,2026-09-05T18:45:49.790+01:00,6170672,1149838,1078,1078,True,True,0x0F,"OK,OK,OK,OK","DELTA,DELTA,DELTA,DELTA",
29.368020,2026-09-05T18:45:49.795+01:00,6171750,1149839,1014,1014,True,True,0x0F,"OK,OK,OK,OK","DELTA,DELTA,DELTA,DELTA",
29.374125,2026-09-05T18:45:49.800+01:00,6172764,1149840,904,904,True,True,0x0F,"OK,OK,OK,OK","DELTA,DELTA,DELTA,DELTA",
29.378073,2026-09-05T18:45:49.806+01:00,6173668,1149841,1004,1004,True,True,0x0F,"OK,OK,OK,OK","DELTA,DELTA,DELTA,DELTA",
29.383150,2026-09-05T18:45:49.810+01:00,6174672,1149842,1126,1126,True,True,0x0F,"OK,OK,OK,OK","DELTA,DELTA,DELTA,DELTA",
29.393877,2026-09-05T18:45:49.815+01:00,6175798,1149843,1066,1066,True,True,0x0F,"OK,OK,OK,OK","DELTA,DELTA,DELTA,DELTA",
29.394516,2026-09-05T18:45:49.825+01:00,6176864,1149844,978,978,True,True,0x0F,"OK,OK,OK,OK","DELTA,DELTA,DELTA,DELTA",
29.402816,2026-09-05T18:45:49.826+01:00,6177842,1149845,1022,1022,True,True,0x0F,"OK,OK,OK,OK","DELTA,DELTA,DELTA,DELTA",
29.409284,2026-09-05T18:45:49.835+01:00,6178864,1149846,1142,1142,True,True,0x0F,"OK,OK,OK,OK","DELTA,DELTA,DELTA,DELTA",
29.410213,2026-09-05T18:45:49.841+01:00,6180006,1149847,1050,1050,True,True,0x0F,"OK,OK,OK,OK","DELTA,DELTA,DELTA,DELTA",
29.413263,2026-09-05T18:45:49.842+01:00,6181056,1149848,872,872,True,True,0x0F,"OK,OK,OK,OK","DELTA,DELTA,DELTA,DELTA",
29.418119,2026-09-05T18:45:49.845+01:00,6181928,1149849,1016,1016,True,True,0x0F,"OK,OK,OK,OK","DELTA,DELTA,DELTA,DELTA",
29.426663,2026-09-05T18:45:49.850+01:00,6182944,1149850,1136,1136,True,True,0x0F,"OK,OK,OK,OK","DELTA,DELTA,DELTA,DELTA",
29.428558,2026-09-05T18:45:49.858+01:00,6184080,1149851,1058,1058,True,True,0x0F,"OK,OK,OK,OK","DELTA,DELTA,DELTA,DELTA",
29.433438,2026-09-05T18:45:49.860+01:00,6185138,1149852,918,918,True,True,0x0F,"OK,OK,OK,OK","DELTA,DELTA,DELTA,DELTA",
29.443468,2026-09-05T18:45:49.865+01:00,6186056,1149853,996,996,True,True,0x0F,"OK,OK,OK,OK","DELTA,DELTA,DELTA,DELTA",
29.444315,2026-09-05T18:45:49.875+01:00,6187052,1149854,1142,1142,True,True,0x0F,"OK,OK,OK,OK","DELTA,DELTA,DELTA,DELTA",
29.448176,2026-09-05T18:45:49.876+01:00,6188194,1149855,1094,1094,True,True,0x0F,"OK,OK,OK,OK","DELTA,DELTA,DELTA,DELTA",
29.453111,2026-09-05T18:45:49.880+01:00,6189288,1149856,956,956,True,True,0x0F,"OK,OK,OK,OK","DELTA,DELTA,DELTA,DELTA",
29.460096,2026-09-05T18:45:49.885+01:00,6190244,1149857,1006,1006,True,True,0x0F,"OK,OK,OK,OK","DELTA,DELTA,DELTA,DELTA",
29.462998,2026-09-05T18:45:49.892+01:00,6191250,1149858,1022,1022,True,True,0x0F,"OK,OK,OK,OK","DELTA,DELTA,DELTA,DELTA",
29.467898,2026-09-05T18:45:49.895+01:00,6192272,1149859,1034,1034,True,True,0x0F,"OK,OK,OK,OK","DELTA,DELTA,DELTA,DELTA",
29.476819,2026-09-05T18:45:49.900+01:00,6193306,1149860,902,902,True,True,0x0F,"OK,OK,OK,OK","DELTA,DELTA,DELTA,DELTA",
29.478014,2026-09-05T18:45:49.908+01:00,6194208,1149861,998,998,True,True,0x0F,"OK,OK,OK,OK","DELTA,DELTA,DELTA,DELTA",
29.483337,2026-09-05T18:45:49.910+01:00,6195206,1149862,1144,1144,True,True,0x0F,"OK,OK,OK,OK","DELTA,DELTA,DELTA,DELTA",
29.493818,2026-09-05T18:45:49.915+01:00,6196350,1149863,1092,1092,True,True,0x0F,"OK,OK,OK,OK","DELTA,DELTA,DELTA,DELTA",
29.494756,2026-09-05T18:45:49.925+01:00,6197442,1149864,840,840,True,True,0x0F,"OK,OK,OK,OK","DELTA,DELTA,DELTA,DELTA",
29.498192,2026-09-05T18:45:49.926+01:00,6198282,1149865,1008,1008,True,True,0x0F,"OK,OK,OK,OK","DELTA,DELTA,DELTA,DELTA",
29.503138,2026-09-05T18:45:49.930+01:00,6199290,1149866,1080,1080,True,True,0x0F,"OK,OK,OK,OK","DELTA,DELTA,DELTA,DELTA",
29.511164,2026-09-05T18:45:49.935+01:00,6200370,1149867,1022,1022,True,True,0x0F,"OK,OK,OK,OK","DELTA,DELTA,DELTA,DELTA",
29.513006,2026-09-05T18:45:49.943+01:00,6201392,1149868,874,874,True,True,0x0F,"OK,OK,OK,OK","DELTA,DELTA,DELTA,DELTA",
29.518382,2026-09-05T18:45:49.945+01:00,6202266,1149869,1012,1012,True,True,0x0F,"OK,OK,OK,OK","DELTA,DELTA,DELTA,DELTA",
29.527957,2026-09-05T18:45:49.956+01:00,6203278,1149870,1134,1134,True,True,0x0F,"OK,OK,OK,OK","DELTA,DELTA,DELTA,DELTA",
29.528921,2026-09-05T18:45:49.959+01:00,6204412,1149871,1076,1076,True,True,0x0F,"OK,OK,OK,OK","DELTA,DELTA,DELTA,DELTA",
29.533262,2026-09-05T18:45:49.961+01:00,6205488,1149872,944,944,True,True,0x0F,"OK,OK,OK,OK","DELTA,DELTA,DELTA,DELTA",
29.538077,2026-09-05T18:45:49.965+01:00,6206432,1149873,1024,1024,True,True,0x0F,"OK,OK,OK,OK","DELTA,DELTA,DELTA,DELTA",
29.544102,2026-09-05T18:45:49.970+01:00,6207456,1149874,1132,1132,True,True,0x0F,"OK,OK,OK,OK","DELTA,DELTA,DELTA,DELTA",
29.547951,2026-09-05T18:45:49.976+01:00,6208588,1149875,1074,1074,True,True,0x0F,"OK,OK,OK,OK","DELTA,DELTA,DELTA,DELTA",
29.552736,2026-09-05T18:45:49.979+01:00,6209662,1149876,826,826,True,True,0x0F,"OK,OK,OK,OK","DELTA,DELTA,DELTA,DELTA",
29.557789,2026-09-05T18:45:49.984+01:00,6210488,1149877,944,944,True,True,0x0F,"OK,OK,OK,OK","DELTA,DELTA,DELTA,DELTA",
29.570031,2026-09-05T18:45:49.989+01:00,6211432,1149878,1136,1136,True,True,0x0F,"OK,OK,OK,OK","DELTA,DELTA,DELTA,DELTA",
29.570932,2026-09-05T18:45:50.002+01:00,6212568,1149879,1068,1068,True,True,0x0F,"OK,OK,OK,OK","DELTA,DELTA,DELTA,DELTA",
29.572978,2026-09-05T18:45:50.002+01:00,6213636,1149880,874,874,True,True,0x0F,"OK,OK,OK,OK","DELTA,DELTA,DELTA,DELTA",
29.578086,2026-09-05T18:45:50.005+01:00,6214510,1149881,962,962,True,True,0x0F,"OK,OK,OK,OK","DELTA,DELTA,DELTA,DELTA",
29.587370,2026-09-05T18:45:50.010+01:00,6215472,1149882,1040,1040,True,True,0x0F,"OK,OK,OK,OK","DELTA,DELTA,DELTA,DELTA",
29.588287,2026-09-05T18:45:50.019+01:00,6216512,1149883,1076,1076,True,True,0x0F,"OK,OK,OK,OK","DELTA,DELTA,DELTA,DELTA",
29.593197,2026-09-05T18:45:50.020+01:00,6217588,1149884,872,872,True,True,0x0F,"OK,OK,OK,OK","DELTA,DELTA,DELTA,DELTA",
29.598203,2026-09-05T18:45:50.025+01:00,6218460,1149885,1054,1054,True,True,0x0F,"OK,OK,OK,OK","DELTA,DELTA,DELTA,DELTA",
29.605339,2026-09-05T18:45:50.030+01:00,6219514,1149886,1128,1128,True,True,0x0F,"OK,OK,OK,OK","DELTA,DELTA,DELTA,DELTA",
29.608307,2026-09-05T18:45:50.037+01:00,6220642,1149887,1092,1092,True,True,0x0F,"OK,OK,OK,OK","DELTA,DELTA,DELTA,DELTA",
29.613332,2026-09-05T18:45:50.040+01:00,6221734,1149888,858,858,True,True,0x0F,"OK,OK,OK,OK","DELTA,DELTA,DELTA,DELTA",
29.622663,2026-09-05T18:45:50.045+01:00,6222592,1149889,966,966,True,True,0x0F,"OK,OK,OK,OK","DELTA,DELTA,DELTA,DELTA",
29.623589,2026-09-05T18:45:50.054+01:00,6223558,1149890,1150,1150,True,True,0x0F,"OK,OK,OK,OK","DELTA,DELTA,DELTA,DELTA",
29.628226,2026-09-05T18:45:50.055+01:00,6224708,1149891,1032,1032,True,True,0x0F,"OK,OK,OK,OK","DELTA,DELTA,DELTA,DELTA",
29.632895,2026-09-05T18:45:50.060+01:00,6225740,1149892,840,840,True,True,0x0F,"OK,OK,OK,OK","DELTA,DELTA,DELTA,DELTA",
29.640471,2026-09-05T18:45:50.065+01:00,6226580,1149893,994,994,True,True,0x0F,"OK,OK,OK,OK","DELTA,DELTA,DELTA,DELTA",
29.643197,2026-09-05T18:45:50.072+01:00,6227574,1149894,1170,1170,True,True,0x0F,"OK,OK,OK,OK","DELTA,DELTA,DELTA,DELTA",
29.648026,2026-09-05T18:45:50.075+01:00,6228744,1149895,1098,1098,True,True,0x0F,"OK,OK,OK,OK","DELTA,DELTA,DELTA,DELTA",
29.657184,2026-09-05T18:45:50.080+01:00,6229842,1149896,880,880,True,True,0x0F,"OK,OK,OK,OK","DELTA,DELTA,DELTA,DELTA",
29.658059,2026-09-05T18:45:50.089+01:00,6230722,1149897,936,936,True,True,0x0F,"OK,OK,OK,OK","DELTA,DELTA,DELTA,DELTA",
29.663481,2026-09-05T18:45:50.090+01:00,6231658,1149898,1086,1086,True,True,0x0F,"OK,OK,OK,OK","DELTA,DELTA,DELTA,DELTA",
29.667839,2026-09-05T18:45:50.095+01:00,6232744,1149899,1076,1076,True,True,0x0F,"OK,OK,OK,OK","DELTA,DELTA,DELTA,DELTA",
29.675071,2026-09-05T18:45:50.099+01:00,6233820,1149900,906,906,True,True,0x0F,"OK,OK,OK,OK","DELTA,DELTA,DELTA,DELTA",
29.678090,2026-09-05T18:45:50.107+01:00,6234726,1149901,1016,1016,True,True,0x0F,"OK,OK,OK,OK","DELTA,DELTA,DELTA,DELTA",
29.682824,2026-09-05T18:45:50.110+01:00,6235742,1149902,1018,1018,True,True,0x0F,"OK,OK,OK,OK","DELTA,DELTA,DELTA,DELTA",
29.692101,2026-09-05T18:45:50.114+01:00,6236760,1149903,1080,1080,True,True,0x0F,"OK,OK,OK,OK","DELTA,DELTA,DELTA,DELTA",
29.692941,2026-09-05T18:45:50.124+01:00,6237840,1149904,956,956,True,True,0x0F,"OK,OK,OK,OK","DELTA,DELTA,DELTA,DELTA",
29.697927,2026-09-05T18:45:50.124+01:00,6238796,1149905,980,980,True,True,0x0F,"OK,OK,OK,OK","DELTA,DELTA,DELTA,DELTA",
29.704006,2026-09-05T18:45:50.130+01:00,6239776,1149906,1046,1046,True,True,0x0F,"OK,OK,OK,OK","DELTA,DELTA,DELTA,DELTA",
29.708754,2026-09-05T18:45:50.136+01:00,6240822,1149907,1030,1030,True,True,0x0F,"OK,OK,OK,OK","DELTA,DELTA,DELTA,DELTA",
29.713216,2026-09-05T18:45:50.140+01:00,6241852,1149908,898,898,True,True,0x0F,"OK,OK,OK,OK","DELTA,DELTA,DELTA,DELTA",
29.717729,2026-09-05T18:45:50.145+01:00,6242750,1149909,964,964,True,True,0x0F,"OK,OK,OK,OK","DELTA,DELTA,DELTA,DELTA",
29.729903,2026-09-05T18:45:50.149+01:00,6243714,1149910,1054,1054,True,True,0x0F,"OK,OK,OK,OK","DELTA,DELTA,DELTA,DELTA",
29.730515,2026-09-05T18:45:50.161+01:00,6244768,1149911,1098,1098,True,True,0x0F,"OK,OK,OK,OK","DELTA,DELTA,DELTA,DELTA",
29.743497,2026-09-05T18:45:50.162+01:00,6245866,1149912,972,972,True,True,0x0F,"OK,OK,OK,OK","DELTA,DELTA,DELTA,DELTA",
29.744219,2026-09-05T18:45:50.175+01:00,6246838,1149913,4216,4216,True,True,0x0F,"OK,OK,OK,OK","DELTA_SYNC,DELTA_SYNC,DELTA_SYNC,DELTA_SYNC",
29.745336,2026-09-05T18:45:50.176+01:00,6251054,1149914,1056,1056,True,True,0x0F,"OK,OK,OK,OK","DELTA,DELTA,DELTA,DELTA",
29.748121,2026-09-05T18:45:50.177+01:00,6252110,1149915,1060,1060,True,True,0x0F,"OK,OK,OK,OK","DELTA,DELTA,DELTA,DELTA",
29.753047,2026-09-05T18:45:50.180+01:00,6253170,1149916,934,934,True,True,0x0F,"OK,OK,OK,OK","DELTA,DELTA,DELTA,DELTA",
29.761997,2026-09-05T18:45:50.185+01:00,6254104,1149917,1050,1050,True,True,0x0F,"OK,OK,OK,OK","DELTA,DELTA,DELTA,DELTA",
29.762836,2026-09-05T18:45:50.194+01:00,6255154,1149918,1136,1136,True,True,0x0F,"OK,OK,OK,OK","DELTA,DELTA,DELTA,DELTA",
29.768037,2026-09-05T18:45:50.194+01:00,6256290,1149919,1098,1098,True,True,0x0F,"OK,OK,OK,OK","DELTA,DELTA,DELTA,DELTA",
29.772620,2026-09-05T18:45:50.200+01:00,6257388,1149920,954,954,True,True,0x0F,"OK,OK,OK,OK","DELTA,DELTA,DELTA,DELTA",
29.779218,2026-09-05T18:45:50.204+01:00,6258342,1149921,1046,1046,True,True,0x0F,"OK,OK,OK,OK","DELTA,DELTA,DELTA,DELTA",
29.783057,2026-09-05T18:45:50.211+01:00,6259388,1149922,1132,1132,True,True,0x0F,"OK,OK,OK,OK","DELTA,DELTA,DELTA,DELTA",
29.788089,2026-09-05T18:45:50.215+01:00,6260520,1149923,1080,1080,True,True,0x0F,"OK,OK,OK,OK","DELTA,DELTA,DELTA,DELTA",
29.795797,2026-09-05T18:45:50.220+01:00,6261600,1149924,960,960,True,True,0x0F,"OK,OK,OK,OK","DELTA,DELTA,DELTA,DELTA",
29.797632,2026-09-05T18:45:50.227+01:00,6262560,1149925,964,964,True,True,0x0F,"OK,OK,OK,OK","DELTA,DELTA,DELTA,DELTA",
29.802892,2026-09-05T18:45:50.229+01:00,6263524,1149926,1016,1016,True,True,0x0F,"OK,OK,OK,OK","DELTA,DELTA,DELTA,DELTA",
29.813010,2026-09-05T18:45:50.234+01:00,6264540,1149927,1002,1002,True,True,0x0F,"OK,OK,OK,OK","DELTA,DELTA,DELTA,DELTA",
29.813896,2026-09-05T18:45:50.245+01:00,6265542,1149928,934,934,True,True,0x0F,"OK,OK,OK,OK","DELTA,DELTA,DELTA,DELTA",
29.818045,2026-09-05T18:45:50.245+01:00,6266476,1149929,956,956,True,True,0x0F,"OK,OK,OK,OK","DELTA,DELTA,DELTA,DELTA",
29.822735,2026-09-05T18:45:50.250+01:00,6267432,1149930,1082,1082,True,True,0x0F,"OK,OK,OK,OK","DELTA,DELTA,DELTA,DELTA",
29.830193,2026-09-05T18:45:50.254+01:00,6268514,1149931,1036,1036,True,True,0x0F,"OK,OK,OK,OK","DELTA,DELTA,DELTA,DELTA",
29.832848,2026-09-05T18:45:50.262+01:00,6269550,1149932,936,936,True,True,0x0F,"OK,OK,OK,OK","DELTA,DELTA,DELTA,DELTA",
29.837737,2026-09-05T18:45:50.265+01:00,6270486,1149933,948,948,True,True,0x0F,"OK,OK,OK,OK","DELTA,DELTA,DELTA,DELTA",
29.846458,2026-09-05T18:45:50.270+01:00,6271434,1149934,1080,1080,True,True,0x0F,"OK,OK,OK,OK","DELTA,DELTA,DELTA,DELTA",
29.847893,2026-09-05T18:45:50.278+01:00,6272514,1149935,1028,1028,True,True,0x0F,"OK,OK,OK,OK","DELTA,DELTA,DELTA,DELTA",
29.852859,2026-09-05T18:45:50.279+01:00,6273542,1149936,852,852,True,True,0x0F,"OK,OK,OK,OK","DELTA,DELTA,DELTA,DELTA",
29.863159,2026-09-05T18:45:50.284+01:00,6274394,1149937,1000,1000,True,True,0x0F,"OK,OK,OK,OK","DELTA,DELTA,DELTA,DELTA",
29.864077,2026-09-05T18:45:50.295+01:00,6275394,1149938,1024,1024,True,True,0x0F,"OK,OK,OK,OK","DELTA,DELTA,DELTA,DELTA",
29.867763,2026-09-05T18:45:50.296+01:00,6276418,1149939,1054,1054,True,True,0x0F,"OK,OK,OK,OK","DELTA,DELTA,DELTA,DELTA",
29.872712,2026-09-05T18:45:50.299+01:00,6277472,1149940,862,862,True,True,0x0F,"OK,OK,OK,OK","DELTA,DELTA,DELTA,DELTA",
29.878150,2026-09-05T18:45:50.304+01:00,6278334,1149941,934,934,True,True,0x0F,"OK,OK,OK,OK","DELTA,DELTA,DELTA,DELTA",
29.883141,2026-09-05T18:45:50.310+01:00,6279268,1149942,1132,1132,True,True,0x0F,"OK,OK,OK,OK","DELTA,DELTA,DELTA,DELTA",
29.887539,2026-09-05T18:45:50.315+01:00,6280400,1149943,1044,1044,True,True,0x0F,"OK,OK,OK,OK","DELTA,DELTA,DELTA,DELTA",
29.892282,2026-09-05T18:45:50.319+01:00,6281444,1149944,824,824,True,True,0x0F,"OK,OK,OK,OK","DELTA,DELTA,DELTA,DELTA",
29.905294,2026-09-05T18:45:50.324+01:00,6282268,1149945,950,950,True,True,0x0F,"OK,OK,OK,OK","DELTA,DELTA,DELTA,DELTA",
29.906377,2026-09-05T18:45:50.337+01:00,6283218,1149946,1136,1136,True,True,0x0F,"OK,OK,OK,OK","DELTA,DELTA,DELTA,DELTA",
29.907690,2026-09-05T18:45:50.338+01:00,6284354,1149947,1128,1128,True,True,0x0F,"OK,OK,OK,OK","DELTA,DELTA,DELTA,DELTA",
29.912901,2026-09-05T18:45:50.339+01:00,6285482,1149948,872,872,True,True,0x0F,"OK,OK,OK,OK","DELTA,DELTA,DELTA,DELTA",
29.922711,2026-09-05T18:45:50.345+01:00,6286354,1149949,936,936,True,True,0x0F,"OK,OK,OK,OK","DELTA,DELTA,DELTA,DELTA",
29.923586,2026-09-05T18:45:50.354+01:00,6287290,1149950,1080,1080,True,True,0x0F,"OK,OK,OK,OK","DELTA,DELTA,DELTA,DELTA",
29.927706,2026-09-05T18:45:50.355+01:00,6288370,1149951,1078,1078,True,True,0x0F,"OK,OK,OK,OK","DELTA,DELTA,DELTA,DELTA",
29.932469,2026-09-05T18:45:50.359+01:00,6289448,1149952,892,892,True,True,0x0F,"OK,OK,OK,OK","DELTA,DELTA,DELTA,DELTA",
29.939662,2026-09-05T18:45:50.364+01:00,6290340,1149953,1046,1046,True,True,0x0F,"OK,OK,OK,OK","DELTA,DELTA,DELTA,DELTA",
29.942978,2026-09-05T18:45:50.371+01:00,6291386,1149954,1104,1104,True,True,0x0F,"OK,OK,OK,OK","DELTA,DELTA,DELTA,DELTA",
29.947530,2026-09-05T18:45:50.375+01:00,6292490,1149955,1016,1016,True,True,0x0F,"OK,OK,OK,OK","DELTA,DELTA,DELTA,DELTA",
29.956043,2026-09-05T18:45:50.379+01:00,6293506,1149956,874,874,True,True,0x0F,"OK,OK,OK,OK","DELTA,DELTA,DELTA,DELTA",
29.957531,2026-09-05T18:45:50.388+01:00,6294380,1149957,982,982,True,True,0x0F,"OK,OK,OK,OK","DELTA,DELTA,DELTA,DELTA",
29.962695,2026-09-05T18:45:50.389+01:00,6295362,1149958,1062,1062,True,True,0x0F,"OK,OK,OK,OK","DELTA,DELTA,DELTA,DELTA",
29.972746,2026-09-05T18:45:50.394+01:00,6296424,1149959,1038,1038,True,True,0x0F,"OK,OK,OK,OK","DELTA,DELTA,DELTA,DELTA",
29.973630,2026-09-05T18:45:50.404+01:00,6297462,1149960,960,960,True,True,0x0F,"OK,OK,OK,OK","DELTA,DELTA,DELTA,DELTA",
29.977539,2026-09-05T18:45:50.405+01:00,6298422,1149961,1016,1016,True,True,0x0F,"OK,OK,OK,OK","DELTA,DELTA,DELTA,DELTA",
29.982900,2026-09-05T18:45:50.409+01:00,6299438,1149962,1156,1156,True,True,0x0F,"OK,OK,OK,OK","DELTA,DELTA,DELTA,DELTA",
29.990959,2026-09-05T18:45:50.415+01:00,6300594,1149963,1094,1094,True,True,0x0F,"OK,OK,OK,OK","DELTA,DELTA,DELTA,DELTA",
29.992878,2026-09-05T18:45:50.422+01:00,6301688,1149964,934,934,True,True,0x0F,"OK,OK,OK,OK","DELTA,DELTA,DELTA,DELTA",
29.997852,2026-09-05T18:45:50.424+01:00,6302622,1149965,980,980,True,True,0x0F,"OK,OK,OK,OK","DELTA,DELTA,DELTA,DELTA",
30.008025,2026-09-05T18:45:50.429+01:00,6303602,1149966,1166,1166,True,True,0x0F,"OK,OK,OK,OK","DELTA,DELTA,DELTA,DELTA",
