elapsed_s,mul_start_time,raw_offset,packet_sequence,declared_length,received_bytes,outer_crc_ok,parse_ok,updated_mask,module_statuses,algorithms,error
0.011645,2026-09-05T19:24:29.023+01:00,0,1606619,174,174,True,True,0x02,"NO_IRQ,OK,NO_IRQ,NO_IRQ","NONE,DELTA,NONE,NONE",
0.017288,2026-09-05T19:24:29.037+01:00,174,1606620,194,194,True,True,0x02,"NO_IRQ,OK,NO_IRQ,NO_IRQ","NONE,DELTA,NONE,NONE",
0.018207,2026-09-05T19:24:29.041+01:00,368,1606621,176,176,True,True,0x02,"NO_IRQ,OK,NO_IRQ,NO_IRQ","NONE,DELTA,NONE,NONE",
0.018855,2026-09-05T19:24:29.042+01:00,544,1606622,146,146,True,True,0x02,"NO_IRQ,OK,NO_IRQ,NO_IRQ","NONE,DELTA,NONE,NONE",
0.019415,2026-09-05T19:24:29.042+01:00,690,1606623,176,176,True,True,0x02,"NO_IRQ,OK,NO_IRQ,NO_IRQ","NONE,DELTA,NONE,NONE",
0.021115,2026-09-05T19:24:29.043+01:00,866,1606624,164,164,True,True,0x02,"NO_IRQ,OK,NO_IRQ,NO_IRQ","NONE,DELTA,NONE,NONE",
0.026865,2026-09-05T19:24:29.045+01:00,1030,1606625,154,154,True,True,0x02,"NO_IRQ,OK,NO_IRQ,NO_IRQ","NONE,DELTA,NONE,NONE",
0.035025,2026-09-05T19:24:29.050+01:00,1184,1606626,168,168,True,True,0x02,"NO_IRQ,OK,NO_IRQ,NO_IRQ","NONE,DELTA,NONE,NONE",
0.036129,2026-09-05T19:24:29.059+01:00,1352,1606627,158,158,True,True,0x02,"NO_IRQ,OK,NO_IRQ,NO_IRQ","NONE,DELTA,NONE,NONE",
0.041138,2026-09-05T19:24:29.060+01:00,1510,1606628,164,164,True,True,0x02,"NO_IRQ,OK,NO_IRQ,NO_IRQ","NONE,DELTA,NONE,NONE",
0.051798,2026-09-05T19:24:29.065+01:00,1674,1606629,178,178,True,True,0x02,"NO_IRQ,OK,NO_IRQ,NO_IRQ","NONE,DELTA,NONE,NONE",
0.052390,2026-09-05T19:24:29.075+01:00,1852,1606630,172,172,True,True,0x02,"NO_IRQ,OK,NO_IRQ,NO_IRQ","NONE,DELTA,NONE,NONE",
0.056254,2026-09-05T19:24:29.076+01:00,2024,1606631,160,160,True,True,0x02,"NO_IRQ,OK,NO_IRQ,NO_IRQ","NONE,DELTA,NONE,NONE",
0.061008,2026-09-05T19:24:29.080+01:00,2184,1606632,162,162,True,True,0x02,"NO_IRQ,OK,NO_IRQ,NO_IRQ","NONE,DELTA,NONE,NONE",
0.068314,2026-09-05T19:24:29.085+01:00,2346,1606633,142,142,True,True,0x02,"NO_IRQ,OK,NO_IRQ,NO_IRQ","NONE,DELTA,NONE,NONE",
0.071084,2026-09-05T19:24:29.092+01:00,2488,1606634,162,162,True,True,0x02,"NO_IRQ,OK,NO_IRQ,NO_IRQ","NONE,DELTA,NONE,NONE",
0.075780,2026-09-05T19:24:29.095+01:00,2650,1606635,164,164,True,True,0x02,"NO_IRQ,OK,NO_IRQ,NO_IRQ","NONE,DELTA,NONE,NONE",
0.084907,2026-09-05T19:24:29.099+01:00,2814,1606636,162,162,True,True,0x02,"NO_IRQ,OK,NO_IRQ,NO_IRQ","NONE,DELTA,NONE,NONE",
0.085914,2026-09-05T19:24:29.108+01:00,2976,1606637,168,168,True,True,0x02,"NO_IRQ,OK,NO_IRQ,NO_IRQ","NONE,DELTA,NONE,NONE",
0.091096,2026-09-05T19:24:29.109+01:00,3144,1606638,158,158,True,True,0x02,"NO_IRQ,OK,NO_IRQ,NO_IRQ","NONE,DELTA,NONE,NONE",
0.102135,2026-09-05T19:24:29.115+01:00,3302,1606639,168,168,True,True,0x02,"NO_IRQ,OK,NO_IRQ,NO_IRQ","NONE,DELTA,NONE,NONE",
0.102798,2026-09-05T19:24:29.126+01:00,3470,1606640,176,176,True,True,0x02,"NO_IRQ,OK,NO_IRQ,NO_IRQ","NONE,DELTA,NONE,NONE",
0.105989,2026-09-05T19:24:29.126+01:00,3646,1606641,166,166,True,True,0x02,"NO_IRQ,OK,NO_IRQ,NO_IRQ","NONE,DELTA,NONE,NONE",
0.111272,2026-09-05T19:24:29.130+01:00,3812,1606642,188,188,True,True,0x02,"NO_IRQ,OK,NO_IRQ,NO_IRQ","NONE,DELTA,NONE,NONE",
0.119275,2026-09-05T19:24:29.135+01:00,4000,1606643,198,198,True,True,0x02,"NO_IRQ,OK,NO_IRQ,NO_IRQ","NONE,DELTA,NONE,NONE",
0.120842,2026-09-05T19:24:29.143+01:00,4198,1606644,168,168,True,True,0x02,"NO_IRQ,OK,NO_IRQ,NO_IRQ","NONE,DELTA,NONE,NONE",
0.127409,2026-09-05T19:24:29.145+01:00,4366,1606645,174,174,True,True,0x02,"NO_IRQ,OK,NO_IRQ,NO_IRQ","NONE,DELTA,NONE,NONE",
0.131182,2026-09-05T19:24:29.151+01:00,4540,1606646,158,158,True,True,0x02,"NO_IRQ,OK,NO_IRQ,NO_IRQ","NONE,DELTA,NONE,NONE",
0.135701,2026-09-05T19:24:29.155+01:00,4698,1606647,166,166,True,True,0x02,"NO_IRQ,OK,NO_IRQ,NO_IRQ","NONE,DELTA,NONE,NONE",
0.141120,2026-09-05T19:24:29.159+01:00,4864,1606648,1084,1084,True,True,0x02,"NO_IRQ,OK,NO_IRQ,NO_IRQ","NONE,DELTA_SYNC,NONE,NONE",
0.145918,2026-09-05T19:24:29.165+01:00,5948,1606649,200,200,True,True,0x02,"NO_IRQ,OK,NO_IRQ,NO_IRQ","NONE,DELTA,NONE,NONE",
0.156261,2026-09-05T19:24:29.169+01:00,6148,1606650,220,220,True,True,0x02,"NO_IRQ,OK,NO_IRQ,NO_IRQ","NONE,DELTA,NONE,NONE",
0.156661,2026-09-05T19:24:29.180+01:00,6368,1606651,170,170,True,True,0x02,"NO_IRQ,OK,NO_IRQ,NO_IRQ","NONE,DELTA,NONE,NONE",
0.170287,2026-09-05T19:24:29.180+01:00,6538,1606652,162,162,True,True,0x02,"NO_IRQ,OK,NO_IRQ,NO_IRQ","NONE,DELTA,NONE,NONE",
0.170968,2026-09-05T19:24:29.194+01:00,6700,1606653,182,182,True,True,0x02,"NO_IRQ,OK,NO_IRQ,NO_IRQ","NONE,DELTA,NONE,NONE",
0.171678,2026-09-05T19:24:29.194+01:00,6882,1606654,164,164,True,True,0x02,"NO_IRQ,OK,NO_IRQ,NO_IRQ","NONE,DELTA,NONE,NONE",
0.175988,2026-09-05T19:24:29.195+01:00,7046,1606655,154,154,True,True,0x02,"NO_IRQ,OK,NO_IRQ,NO_IRQ","NONE,DELTA,NONE,NONE",
0.180603,2026-09-05T19:24:29.200+01:00,7200,1606656,168,168,True,True,0x02,"NO_IRQ,OK,NO_IRQ,NO_IRQ","NONE,DELTA,NONE,NONE",
0.188035,2026-09-05T19:24:29.204+01:00,7368,1606657,186,186,True,True,0x02,"NO_IRQ,OK,NO_IRQ,NO_IRQ","NONE,DELTA,NONE,NONE",
0.190872,2026-09-05T19:24:29.212+01:00,7554,1606658,146,146,True,True,0x02,"NO_IRQ,OK,NO_IRQ,NO_IRQ","NONE,DELTA,NONE,NONE",
0.195770,2026-09-05T19:24:29.214+01:00,7700,1606659,164,164,True,True,0x02,"NO_IRQ,OK,NO_IRQ,NO_IRQ","NONE,DELTA,NONE,NONE",
0.204612,2026-09-05T19:24:29.219+01:00,7864,1606660,174,174,True,True,0x02,"NO_IRQ,OK,NO_IRQ,NO_IRQ","NONE,DELTA,NONE,NONE",
0.205591,2026-09-05T19:24:29.228+01:00,8038,1606661,158,158,True,True,0x02,"NO_IRQ,OK,NO_IRQ,NO_IRQ","NONE,DELTA,NONE,NONE",
0.211187,2026-09-05T19:24:29.229+01:00,8196,1606662,172,172,True,True,0x02,"NO_IRQ,OK,NO_IRQ,NO_IRQ","NONE,DELTA,NONE,NONE",
0.221320,2026-09-05T19:24:29.235+01:00,8368,1606663,150,150,True,True,0x02,"NO_IRQ,OK,NO_IRQ,NO_IRQ","NONE,DELTA,NONE,NONE",
0.221991,2026-09-05T19:24:29.245+01:00,8518,1606664,194,194,True,True,0x02,"NO_IRQ,OK,NO_IRQ,NO_IRQ","NONE,DELTA,NONE,NONE",
0.225941,2026-09-05T19:24:29.246+01:00,8712,1606665,172,172,True,True,0x02,"NO_IRQ,OK,NO_IRQ,NO_IRQ","NONE,DELTA,NONE,NONE",
0.230521,2026-09-05T19:24:29.249+01:00,8884,1606666,170,170,True,True,0x02,"NO_IRQ,OK,NO_IRQ,NO_IRQ","NONE,DELTA,NONE,NONE",
0.238811,2026-09-05T19:24:29.254+01:00,9054,1606667,182,182,True,True,0x02,"NO_IRQ,OK,NO_IRQ,NO_IRQ","NONE,DELTA,NONE,NONE",
0.240676,2026-09-05T19:24:29.262+01:00,9236,1606668,168,168,True,True,0x02,"NO_IRQ,OK,NO_IRQ,NO_IRQ","NONE,DELTA,NONE,NONE",
0.245839,2026-09-05T19:24:29.264+01:00,9404,1606669,188,188,True,True,0x02,"NO_IRQ,OK,NO_IRQ,NO_IRQ","NONE,DELTA,NONE,NONE",
0.255348,2026-09-05T19:24:29.269+01:00,9592,1606670,184,184,True,True,0x02,"NO_IRQ,OK,NO_IRQ,NO_IRQ","NONE,DELTA,NONE,NONE",
0.256007,2026-09-05T19:24:29.279+01:00,9776,1606671,170,170,True,True,0x02,"NO_IRQ,OK,NO_IRQ,NO_IRQ","NONE,DELTA,NONE,NONE",
0.261046,2026-09-05T19:24:29.280+01:00,9946,1606672,172,172,True,True,0x02,"NO_IRQ,OK,NO_IRQ,NO_IRQ","NONE,DELTA,NONE,NONE",
0.265504,2026-09-05T19:24:29.285+01:00,10118,1606673,166,166,True,True,0x02,"NO_IRQ,OK,NO_IRQ,NO_IRQ","NONE,DELTA,NONE,NONE",
0.272790,2026-09-05T19:24:29.289+01:00,10284,1606674,182,182,True,True,0x02,"NO_IRQ,OK,NO_IRQ,NO_IRQ","NONE,DELTA,NONE,NONE",
0.275748,2026-09-05T19:24:29.297+01:00,10466,1606675,184,184,True,True,0x02,"NO_IRQ,OK,NO_IRQ,NO_IRQ","NONE,DELTA,NONE,NONE",
0.280680,2026-09-05T19:24:29.299+01:00,10650,1606676,180,180,True,True,0x02,"NO_IRQ,OK,NO_IRQ,NO_IRQ","NONE,DELTA,NONE,NONE",
0.289495,2026-09-05T19:24:29.305+01:00,10830,1606677,186,186,True,True,0x02,"NO_IRQ,OK,NO_IRQ,NO_IRQ","NONE,DELTA,NONE,NONE",
0.290644,2026-09-05T19:24:29.313+01:00,11016,1606678,184,184,True,True,0x02,"NO_IRQ,OK,NO_IRQ,NO_IRQ","NONE,DELTA,NONE,NONE",
0.295754,2026-09-05T19:24:29.314+01:00,11200,1606679,192,192,True,True,0x02,"NO_IRQ,OK,NO_IRQ,NO_IRQ","NONE,DELTA,NONE,NONE",
0.301221,2026-09-05T19:24:29.319+01:00,11392,1606680,138,138,True,True,0x02,"NO_IRQ,OK,NO_IRQ,NO_IRQ","NONE,DELTA,NONE,NONE",
0.305802,2026-09-05T19:24:29.325+01:00,11530,1606681,162,162,True,True,0x02,"NO_IRQ,OK,NO_IRQ,NO_IRQ","NONE,DELTA,NONE,NONE",
0.310257,2026-09-05T19:24:29.329+01:00,11692,1606682,158,158,True,True,0x02,"NO_IRQ,OK,NO_IRQ,NO_IRQ","NONE,DELTA,NONE,NONE",
0.315304,2026-09-05T19:24:29.334+01:00,11850,1606683,152,152,True,True,0x02,"NO_IRQ,OK,NO_IRQ,NO_IRQ","NONE,DELTA,NONE,NONE",
0.331895,2026-09-05T19:24:29.339+01:00,12002,1606684,152,152,True,True,0x02,"NO_IRQ,OK,NO_IRQ,NO_IRQ","NONE,DELTA,NONE,NONE",
0.332536,2026-09-05T19:24:29.355+01:00,12154,1606685,146,146,True,True,0x02,"NO_IRQ,OK,NO_IRQ,NO_IRQ","NONE,DELTA,NONE,NONE",
0.333359,2026-09-05T19:24:29.356+01:00,12300,1606686,148,148,True,True,0x02,"NO_IRQ,OK,NO_IRQ,NO_IRQ","NONE,DELTA,NONE,NONE",
0.335463,2026-09-05T19:24:29.357+01:00,12448,1606687,144,144,True,True,0x02,"NO_IRQ,OK,NO_IRQ,NO_IRQ","NONE,DELTA,NONE,NONE",
0.340285,2026-09-05T19:24:29.359+01:00,12592,1606688,158,158,True,True,0x02,"NO_IRQ,OK,NO_IRQ,NO_IRQ","NONE,DELTA,NONE,NONE",
0.350213,2026-09-05T19:24:29.364+01:00,12750,1606689,180,180,True,True,0x02,"NO_IRQ,OK,NO_IRQ,NO_IRQ","NONE,DELTA,NONE,NONE",
0.351117,2026-09-05T19:24:29.374+01:00,12930,1606690,148,148,True,True,0x02,"NO_IRQ,OK,NO_IRQ,NO_IRQ","NONE,DELTA,NONE,NONE",
0.355635,2026-09-05T19:24:29.375+01:00,13078,1606691,166,166,True,True,0x02,"NO_IRQ,OK,NO_IRQ,NO_IRQ","NONE,DELTA,NONE,NONE",
0.366475,2026-09-05T19:24:29.379+01:00,13244,1606692,172,172,True,True,0x02,"NO_IRQ,OK,NO_IRQ,NO_IRQ","NONE,DELTA,NONE,NONE",
0.367401,2026-09-05T19:24:29.390+01:00,13416,1606693,182,182,True,True,0x02,"NO_IRQ,OK,NO_IRQ,NO_IRQ","NONE,DELTA,NONE,NONE",
0.370570,2026-09-05T19:24:29.391+01:00,13598,1606694,184,184,True,True,0x02,"NO_IRQ,OK,NO_IRQ,NO_IRQ","NONE,DELTA,NONE,NONE",
0.375523,2026-09-05T19:24:29.394+01:00,13782,1606695,178,178,True,True,0x02,"NO_IRQ,OK,NO_IRQ,NO_IRQ","NONE,DELTA,NONE,NONE",
0.384200,2026-09-05T19:24:29.399+01:00,13960,1606696,180,180,True,True,0x02,"NO_IRQ,OK,NO_IRQ,NO_IRQ","NONE,DELTA,NONE,NONE",
0.385509,2026-09-05T19:24:29.408+01:00,14140,1606697,180,180,True,True,0x02,"NO_IRQ,OK,NO_IRQ,NO_IRQ","NONE,DELTA,NONE,NONE",
0.390393,2026-09-05T19:24:29.409+01:00,14320,1606698,178,178,True,True,0x02,"NO_IRQ,OK,NO_IRQ,NO_IRQ","NONE,DELTA,NONE,NONE",
0.401087,2026-09-05T19:24:29.414+01:00,14498,1606699,180,180,True,True,0x02,"NO_IRQ,OK,NO_IRQ,NO_IRQ","NONE,DELTA,NONE,NONE",
0.401912,2026-09-05T19:24:29.425+01:00,14678,1606700,166,166,True,True,0x02,"NO_IRQ,OK,NO_IRQ,NO_IRQ","NONE,DELTA,NONE,NONE",
0.405594,2026-09-05T19:24:29.425+01:00,14844,1606701,150,150,True,True,0x02,"NO_IRQ,OK,NO_IRQ,NO_IRQ","NONE,DELTA,NONE,NONE",
0.410446,2026-09-05T19:24:29.429+01:00,14994,1606702,140,140,True,True,0x02,"NO_IRQ,OK,NO_IRQ,NO_IRQ","NONE,DELTA,NONE,NONE",
0.417515,2026-09-05T19:24:29.434+01:00,15134,1606703,160,160,True,True,0x02,"NO_IRQ,OK,NO_IRQ,NO_IRQ","NONE,DELTA,NONE,NONE",
0.420636,2026-09-05T19:24:29.441+01:00,15294,1606704,174,174,True,True,0x02,"NO_IRQ,OK,NO_IRQ,NO_IRQ","NONE,DELTA,NONE,NONE",
0.425297,2026-09-05T19:24:29.444+01:00,15468,1606705,160,160,True,True,0x02,"NO_IRQ,OK,NO_IRQ,NO_IRQ","NONE,DELTA,NONE,NONE",
0.433850,2026-09-05T19:24:29.449+01:00,15628,1606706,160,160,True,True,0x02,"NO_IRQ,OK,NO_IRQ,NO_IRQ","NONE,DELTA,NONE,NONE",
0.435573,2026-09-05T19:24:29.457+01:00,15788,1606707,156,156,True,True,0x02,"NO_IRQ,OK,NO_IRQ,NO_IRQ","NONE,DELTA,NONE,NONE",
0.440381,2026-09-05T19:24:29.459+01:00,15944,1606708,154,154,True,True,0x02,"NO_IRQ,OK,NO_IRQ,NO_IRQ","NONE,DELTA,NONE,NONE",
0.450626,2026-09-05T19:24:29.464+01:00,16098,1606709,164,164,True,True,0x02,"NO_IRQ,OK,NO_IRQ,NO_IRQ","NONE,DELTA,NONE,NONE",
0.451269,2026-09-05T19:24:29.474+01:00,16262,1606710,178,178,True,True,0x02,"NO_IRQ,OK,NO_IRQ,NO_IRQ","NONE,DELTA,NONE,NONE",
0.455541,2026-09-05T19:24:29.475+01:00,16440,1606711,180,180,True,True,0x02,"NO_IRQ,OK,NO_IRQ,NO_IRQ","NONE,DELTA,NONE,NONE",
0.460734,2026-09-05T19:24:29.479+01:00,16620,1606712,190,190,True,True,0x02,"NO_IRQ,OK,NO_IRQ,NO_IRQ","NONE,DELTA,NONE,NONE",
0.465171,2026-09-05T19:24:29.484+01:00,16810,1606713,164,164,True,True,0x02,"NO_IRQ,OK,NO_IRQ,NO_IRQ","NONE,DELTA,NONE,NONE",
0.470156,2026-09-05T19:24:29.489+01:00,16974,1606714,174,174,True,True,0x02,"NO_IRQ,OK,NO_IRQ,NO_IRQ","NONE,DELTA,NONE,NONE",
0.475432,2026-09-05T19:24:29.494+01:00,17148,1606715,192,192,True,True,0x02,"NO_IRQ,OK,NO_IRQ,NO_IRQ","NONE,DELTA,NONE,NONE",
0.480013,2026-09-05T19:24:29.499+01:00,17340,1606716,162,162,True,True,0x02,"NO_IRQ,OK,NO_IRQ,NO_IRQ","NONE,DELTA,NONE,NONE",
0.488570,2026-09-05T19:24:29.504+01:00,17502,1606717,170,170,True,True,0x02,"NO_IRQ,OK,NO_IRQ,NO_IRQ","NONE,DELTA,NONE,NONE",
0.489929,2026-09-05T19:24:29.512+01:00,17672,1606718,174,174,True,True,0x02,"NO_IRQ,OK,NO_IRQ,NO_IRQ","NONE,DELTA,NONE,NONE",
0.502606,2026-09-05T19:24:29.513+01:00,17846,1606719,172,172,True,True,0x02,"NO_IRQ,OK,NO_IRQ,NO_IRQ","NONE,DELTA,NONE,NONE",
0.503278,2026-09-05T19:24:29.526+01:00,18018,1606720,136,136,True,True,0x02,"NO_IRQ,OK,NO_IRQ,NO_IRQ","NONE,DELTA,NONE,NONE",
0.505113,2026-09-05T19:24:29.527+01:00,18154,1606721,172,172,True,True,0x02,"NO_IRQ,OK,NO_IRQ,NO_IRQ","NONE,DELTA,NONE,NONE",
0.510520,2026-09-05T19:24:29.529+01:00,18326,1606722,176,176,True,True,0x02,"NO_IRQ,OK,NO_IRQ,NO_IRQ","NONE,DELTA,NONE,NONE",
0.519711,2026-09-05T19:24:29.534+01:00,18502,1606723,152,152,True,True,0x02,"NO_IRQ,OK,NO_IRQ,NO_IRQ","NONE,DELTA,NONE,NONE",
0.520322,2026-09-05T19:24:29.543+01:00,18654,1606724,162,162,True,True,0x02,"NO_IRQ,OK,NO_IRQ,NO_IRQ","NONE,DELTA,NONE,NONE",
0.525371,2026-09-05T19:24:29.544+01:00,18816,1606725,186,186,True,True,0x02,"NO_IRQ,OK,NO_IRQ,NO_IRQ","NONE,DELTA,NONE,NONE",
0.529975,2026-09-05T19:24:29.549+01:00,19002,1606726,178,178,True,True,0x02,"NO_IRQ,OK,NO_IRQ,NO_IRQ","NONE,DELTA,NONE,NONE",
0.536309,2026-09-05T19:24:29.554+01:00,19180,1606727,168,168,True,True,0x02,"NO_IRQ,OK,NO_IRQ,NO_IRQ","NONE,DELTA,NONE,NONE",
0.540126,2026-09-05T19:24:29.560+01:00,19348,1606728,174,174,True,True,0x02,"NO_IRQ,OK,NO_IRQ,NO_IRQ","NONE,DELTA,NONE,NONE",
0.545134,2026-09-05T19:24:29.564+01:00,19522,1606729,162,162,True,True,0x02,"NO_IRQ,OK,NO_IRQ,NO_IRQ","NONE,DELTA,NONE,NONE",
0.552318,2026-09-05T19:24:29.569+01:00,19684,1606730,164,164,True,True,0x02,"NO_IRQ,OK,NO_IRQ,NO_IRQ","NONE,DELTA,NONE,NONE",
0.555457,2026-09-05T19:24:29.576+01:00,19848,1606731,160,160,True,True,0x02,"NO_IRQ,OK,NO_IRQ,NO_IRQ","NONE,DELTA,NONE,NONE",
0.560607,2026-09-05T19:24:29.579+01:00,20008,1606732,166,166,True,True,0x02,"NO_IRQ,OK,NO_IRQ,NO_IRQ","NONE,DELTA,NONE,NONE",
0.570380,2026-09-05T19:24:29.584+01:00,20174,1606733,158,158,True,True,0x02,"NO_IRQ,OK,NO_IRQ,NO_IRQ","NONE,DELTA,NONE,NONE",
0.571309,2026-09-05T19:24:29.594+01:00,20332,1606734,184,184,True,True,0x02,"NO_IRQ,OK,NO_IRQ,NO_IRQ","NONE,DELTA,NONE,NONE",
0.575058,2026-09-05T19:24:29.595+01:00,20516,1606735,176,176,True,True,0x02,"NO_IRQ,OK,NO_IRQ,NO_IRQ","NONE,DELTA,NONE,NONE",
0.580088,2026-09-05T19:24:29.599+01:00,20692,1606736,182,182,True,True,0x02,"NO_IRQ,OK,NO_IRQ,NO_IRQ","NONE,DELTA,NONE,NONE",
0.587122,2026-09-05T19:24:29.604+01:00,20874,1606737,148,148,True,True,0x02,"NO_IRQ,OK,NO_IRQ,NO_IRQ","NONE,DELTA,NONE,NONE",
0.590060,2026-09-05T19:24:29.611+01:00,21022,1606738,170,170,True,True,0x02,"NO_IRQ,OK,NO_IRQ,NO_IRQ","NONE,DELTA,NONE,NONE",
0.595156,2026-09-05T19:24:29.614+01:00,21192,1606739,172,172,True,True,0x02,"NO_IRQ,OK,NO_IRQ,NO_IRQ","NONE,DELTA,NONE,NONE",
0.603958,2026-09-05T19:24:29.619+01:00,21364,1606740,158,158,True,True,0x02,"NO_IRQ,OK,NO_IRQ,NO_IRQ","NONE,DELTA,NONE,NONE",
0.604927,2026-09-05T19:24:29.628+01:00,21522,1606741,178,178,True,True,0x02,"NO_IRQ,OK,NO_IRQ,NO_IRQ","NONE,DELTA,NONE,NONE",
0.609742,2026-09-05T19:24:29.629+01:00,21700,1606742,154,154,True,True,0x02,"NO_IRQ,OK,NO_IRQ,NO_IRQ","NONE,DELTA,NONE,NONE",
0.620860,2026-09-05T19:24:29.633+01:00,21854,1606743,174,174,True,True,0x02,"NO_IRQ,OK,NO_IRQ,NO_IRQ","NONE,DELTA,NONE,NONE",
0.621497,2026-09-05T19:24:29.644+01:00,22028,1606744,188,188,True,True,0x02,"NO_IRQ,OK,NO_IRQ,NO_IRQ","NONE,DELTA,NONE,NONE",
0.624945,2026-09-05T19:24:29.645+01:00,22216,1606745,138,138,True,True,0x02,"NO_IRQ,OK,NO_IRQ,NO_IRQ","NONE,DELTA,NONE,NONE",
0.629832,2026-09-05T19:24:29.648+01:00,22354,1606746,146,146,True,True,0x02,"NO_IRQ,OK,NO_IRQ,NO_IRQ","NONE,DELTA,NONE,NONE",
0.635807,2026-09-05T19:24:29.654+01:00,22500,1606747,156,156,True,True,0x02,"NO_IRQ,OK,NO_IRQ,NO_IRQ","NONE,DELTA,NONE,NONE",
0.640397,2026-09-05T19:24:29.661+01:00,22656,1606748,174,174,True,True,0x02,"NO_IRQ,OK,NO_IRQ,NO_IRQ","NONE,DELTA,NONE,NONE",
0.644708,2026-09-05T19:24:29.664+01:00,22830,1606749,162,162,True,True,0x02,"NO_IRQ,OK,NO_IRQ,NO_IRQ","NONE,DELTA,NONE,NONE",
0.650155,2026-09-05T19:24:29.668+01:00,22992,1606750,176,176,True,True,0x02,"NO_IRQ,OK,NO_IRQ,NO_IRQ","NONE,DELTA,NONE,NONE",
0.665516,2026-09-05T19:24:29.674+01:00,23168,1606751,194,194,True,True,0x02,"NO_IRQ,OK,NO_IRQ,NO_IRQ","NONE,DELTA,NONE,NONE",
0.666405,2026-09-05T19:24:29.689+01:00,23362,1606752,198,198,True,True,0x02,"NO_IRQ,OK,NO_IRQ,NO_IRQ","NONE,DELTA,NONE,NONE",
0.667006,2026-09-05T19:24:29.690+01:00,23560,1606753,150,150,True,True,0x02,"NO_IRQ,OK,NO_IRQ,NO_IRQ","NONE,DELTA,NONE,NONE",
0.669875,2026-09-05T19:24:29.691+01:00,23710,1606754,168,168,True,True,0x02,"NO_IRQ,OK,NO_IRQ,NO_IRQ","NONE,DELTA,NONE,NONE",
0.674756,2026-09-05T19:24:29.693+01:00,23878,1606755,148,148,True,True,0x02,"NO_IRQ,OK,NO_IRQ,NO_IRQ","NONE,DELTA,NONE,NONE",
0.682165,2026-09-05T19:24:29.699+01:00,24026,1606756,194,194,True,True,0x02,"NO_IRQ,OK,NO_IRQ,NO_IRQ","NONE,DELTA,NONE,NONE",
0.684876,2026-09-05T19:24:29.706+01:00,24220,1606757,154,154,True,True,0x02,"NO_IRQ,OK,NO_IRQ,NO_IRQ","NONE,DELTA,NONE,NONE",
0.689694,2026-09-05T19:24:29.708+01:00,24374,1606758,172,172,True,True,0x02,"NO_IRQ,OK,NO_IRQ,NO_IRQ","NONE,DELTA,NONE,NONE",
0.698592,2026-09-05T19:24:29.713+01:00,24546,1606759,164,164,True,True,0x02,"NO_IRQ,OK,NO_IRQ,NO_IRQ","NONE,DELTA,NONE,NONE",
0.699854,2026-09-05T19:24:29.722+01:00,24710,1606760,180,180,True,True,0x02,"NO_IRQ,OK,NO_IRQ,NO_IRQ","NONE,DELTA,NONE,NONE",
0.705036,2026-09-05T19:24:29.723+01:00,24890,1606761,182,182,True,True,0x02,"NO_IRQ,OK,NO_IRQ,NO_IRQ","NONE,DELTA,NONE,NONE",
0.713297,2026-09-05T19:24:29.729+01:00,25072,1606762,174,174,True,True,0x02,"NO_IRQ,OK,NO_IRQ,NO_IRQ","NONE,DELTA,NONE,NONE",
0.716555,2026-09-05T19:24:29.739+01:00,25246,1606763,186,186,True,True,0x02,"NO_IRQ,OK,NO_IRQ,NO_IRQ","NONE,DELTA,NONE,NONE",
0.719996,2026-09-05T19:24:29.740+01:00,25432,1606764,172,172,True,True,0x02,"NO_IRQ,OK,NO_IRQ,NO_IRQ","NONE,DELTA,NONE,NONE",
0.724704,2026-09-05T19:24:29.744+01:00,25604,1606765,142,142,True,True,0x02,"NO_IRQ,OK,NO_IRQ,NO_IRQ","NONE,DELTA,NONE,NONE",
0.732242,2026-09-05T19:24:29.748+01:00,25746,1606766,172,172,True,True,0x02,"NO_IRQ,OK,NO_IRQ,NO_IRQ","NONE,DELTA,NONE,NONE",
0.734837,2026-09-05T19:24:29.756+01:00,25918,1606767,184,184,True,True,0x02,"NO_IRQ,OK,NO_IRQ,NO_IRQ","NONE,DELTA,NONE,NONE",
0.739609,2026-09-05T19:24:29.758+01:00,26102,1606768,162,162,True,True,0x02,"NO_IRQ,OK,NO_IRQ,NO_IRQ","NONE,DELTA,NONE,NONE",
0.749129,2026-09-05T19:24:29.763+01:00,26264,1606769,144,144,True,True,0x02,"NO_IRQ,OK,NO_IRQ,NO_IRQ","NONE,DELTA,NONE,NONE",
0.749815,2026-09-05T19:24:29.773+01:00,26408,1606770,148,148,True,True,0x02,"NO_IRQ,OK,NO_IRQ,NO_IRQ","NONE,DELTA,NONE,NONE",
0.754783,2026-09-05T19:24:29.774+01:00,26556,1606771,144,144,True,True,0x02,"NO_IRQ,OK,NO_IRQ,NO_IRQ","NONE,DELTA,NONE,NONE",
0.765509,2026-09-05T19:24:29.778+01:00,26700,1606772,144,144,True,True,0x02,"NO_IRQ,OK,NO_IRQ,NO_IRQ","NONE,DELTA,NONE,NONE",
0.766316,2026-09-05T19:24:29.789+01:00,26844,1606773,158,158,True,True,0x02,"NO_IRQ,OK,NO_IRQ,NO_IRQ","NONE,DELTA,NONE,NONE",
0.769804,2026-09-05T19:24:29.790+01:00,27002,1606774,168,168,True,True,0x02,"NO_IRQ,OK,NO_IRQ,NO_IRQ","NONE,DELTA,NONE,NONE",
0.774845,2026-09-05T19:24:29.793+01:00,27170,1606775,140,140,True,True,0x02,"NO_IRQ,OK,NO_IRQ,NO_IRQ","NONE,DELTA,NONE,NONE",
0.784370,2026-09-05T19:24:29.799+01:00,27310,1606776,172,172,True,True,0x02,"NO_IRQ,OK,NO_IRQ,NO_IRQ","NONE,DELTA,NONE,NONE",
0.785010,2026-09-05T19:24:29.808+01:00,27482,1606777,180,180,True,True,0x02,"NO_IRQ,OK,NO_IRQ,NO_IRQ","NONE,DELTA,NONE,NONE",
0.789725,2026-09-05T19:24:29.809+01:00,27662,1606778,162,162,True,True,0x02,"NO_IRQ,OK,NO_IRQ,NO_IRQ","NONE,DELTA,NONE,NONE",
0.794723,2026-09-05T19:24:29.813+01:00,27824,1606779,148,148,True,True,0x02,"NO_IRQ,OK,NO_IRQ,NO_IRQ","NONE,DELTA,NONE,NONE",
0.799515,2026-09-05T19:24:29.819+01:00,27972,1606780,144,144,True,True,0x02,"NO_IRQ,OK,NO_IRQ,NO_IRQ","NONE,DELTA,NONE,NONE",
0.804885,2026-09-05T19:24:29.823+01:00,28116,1606781,162,162,True,True,0x02,"NO_IRQ,OK,NO_IRQ,NO_IRQ","NONE,DELTA,NONE,NONE",
0.809929,2026-09-05T19:24:29.828+01:00,28278,1606782,174,174,True,True,0x02,"NO_IRQ,OK,NO_IRQ,NO_IRQ","NONE,DELTA,NONE,NONE",
0.814475,2026-09-05T19:24:29.833+01:00,28452,1606783,192,192,True,True,0x02,"NO_IRQ,OK,NO_IRQ,NO_IRQ","NONE,DELTA,NONE,NONE",
0.823364,2026-09-05T19:24:29.838+01:00,28644,1606784,176,176,True,True,0x02,"NO_IRQ,OK,NO_IRQ,NO_IRQ","NONE,DELTA,NONE,NONE",
0.824331,2026-09-05T19:24:29.847+01:00,28820,1606785,182,182,True,True,0x02,"NO_IRQ,OK,NO_IRQ,NO_IRQ","NONE,DELTA,NONE,NONE",
0.837352,2026-09-05T19:24:29.848+01:00,29002,1606786,172,172,True,True,0x02,"NO_IRQ,OK,NO_IRQ,NO_IRQ","NONE,DELTA,NONE,NONE",
0.838202,2026-09-05T19:24:29.861+01:00,29174,1606787,158,158,True,True,0x02,"NO_IRQ,OK,NO_IRQ,NO_IRQ","NONE,DELTA,NONE,NONE",
0.839444,2026-09-05T19:24:29.862+01:00,29332,1606788,176,176,True,True,0x02,"NO_IRQ,OK,NO_IRQ,NO_IRQ","NONE,DELTA,NONE,NONE",
0.844379,2026-09-05T19:24:29.863+01:00,29508,1606789,186,186,True,True,0x02,"NO_IRQ,OK,NO_IRQ,NO_IRQ","NONE,DELTA,NONE,NONE",
0.854332,2026-09-05T19:24:29.868+01:00,29694,1606790,156,156,True,True,0x02,"NO_IRQ,OK,NO_IRQ,NO_IRQ","NONE,DELTA,NONE,NONE",
0.854919,2026-09-05T19:24:29.878+01:00,29850,1606791,174,174,True,True,0x02,"NO_IRQ,OK,NO_IRQ,NO_IRQ","NONE,DELTA,NONE,NONE",
0.860154,2026-09-05T19:24:29.878+01:00,30024,1606792,176,176,True,True,0x02,"NO_IRQ,OK,NO_IRQ,NO_IRQ","NONE,DELTA,NONE,NONE",
0.864364,2026-09-05T19:24:29.884+01:00,30200,1606793,172,172,True,True,0x02,"NO_IRQ,OK,NO_IRQ,NO_IRQ","NONE,DELTA,NONE,NONE",
0.872351,2026-09-05T19:24:29.888+01:00,30372,1606794,168,168,True,True,0x02,"NO_IRQ,OK,NO_IRQ,NO_IRQ","NONE,DELTA,NONE,NONE",
0.874310,2026-09-05T19:24:29.896+01:00,30540,1606795,172,172,True,True,0x02,"NO_IRQ,OK,NO_IRQ,NO_IRQ","NONE,DELTA,NONE,NONE",
0.879529,2026-09-05T19:24:29.898+01:00,30712,1606796,148,148,True,True,0x02,"NO_IRQ,OK,NO_IRQ,NO_IRQ","NONE,DELTA,NONE,NONE",
0.888430,2026-09-05T19:24:29.903+01:00,30860,1606797,190,190,True,True,0x02,"NO_IRQ,OK,NO_IRQ,NO_IRQ","NONE,DELTA,NONE,NONE",
0.889446,2026-09-05T19:24:29.912+01:00,31050,1606798,184,184,True,True,0x02,"NO_IRQ,OK,NO_IRQ,NO_IRQ","NONE,DELTA,NONE,NONE",
0.894897,2026-09-05T19:24:29.913+01:00,31234,1606799,180,180,True,True,0x02,"NO_IRQ,OK,NO_IRQ,NO_IRQ","NONE,DELTA,NONE,NONE",
0.899281,2026-09-05T19:24:29.918+01:00,31414,1606800,184,184,True,True,0x02,"NO_IRQ,OK,NO_IRQ,NO_IRQ","NONE,DELTA,NONE,NONE",
0.905781,2026-09-05T19:24:29.923+01:00,31598,1606801,164,164,True,True,0x02,"NO_IRQ,OK,NO_IRQ,NO_IRQ","NONE,DELTA,NONE,NONE",
0.909869,2026-09-05T19:24:29.930+01:00,31762,1606802,168,168,True,True,0x02,"NO_IRQ,OK,NO_IRQ,NO_IRQ","NONE,DELTA,NONE,NONE",
0.914315,2026-09-05T19:24:29.933+01:00,31930,1606803,162,162,True,True,0x02,"NO_IRQ,OK,NO_IRQ,NO_IRQ","NONE,DELTA,NONE,NONE",
0.922537,2026-09-05T19:24:29.938+01:00,32092,1606804,164,164,True,True,0x02,"NO_IRQ,OK,NO_IRQ,NO_IRQ","NONE,DELTA,NONE,NONE",
0.924543,2026-09-05T19:24:29.946+01:00,32256,1606805,162,162,True,True,0x02,"NO_IRQ,OK,NO_IRQ,NO_IRQ","NONE,DELTA,NONE,NONE",
0.929787,2026-09-05T19:24:29.948+01:00,32418,1606806,180,180,True,True,0x02,"NO_IRQ,OK,NO_IRQ,NO_IRQ","NONE,DELTA,NONE,NONE",
0.939856,2026-09-05T19:24:29.953+01:00,32598,1606807,182,182,True,True,0x02,"NO_IRQ,OK,NO_IRQ,NO_IRQ","NONE,DELTA,NONE,NONE",
0.940636,2026-09-05T19:24:29.964+01:00,32780,1606808,136,136,True,True,0x02,"NO_IRQ,OK,NO_IRQ,NO_IRQ","NONE,DELTA,NONE,NONE",
0.945099,2026-09-05T19:24:29.964+01:00,32916,1606809,178,178,True,True,0x02,"NO_IRQ,OK,NO_IRQ,NO_IRQ","NONE,DELTA,NONE,NONE",
0.949268,2026-09-05T19:24:29.969+01:00,33094,1606810,166,166,True,True,0x02,"NO_IRQ,OK,NO_IRQ,NO_IRQ","NONE,DELTA,NONE,NONE",
0.957059,2026-09-05T19:24:29.973+01:00,33260,1606811,172,172,True,True,0x02,"NO_IRQ,OK,NO_IRQ,NO_IRQ","NONE,DELTA,NONE,NONE",
0.960443,2026-09-05T19:24:29.981+01:00,33432,1606812,154,154,True,True,0x02,"NO_IRQ,OK,NO_IRQ,NO_IRQ","NONE,DELTA,NONE,NONE",
0.964221,2026-09-05T19:24:29.984+01:00,33586,1606813,178,178,True,True,0x02,"NO_IRQ,OK,NO_IRQ,NO_IRQ","NONE,DELTA,NONE,NONE",
0.969979,2026-09-05T19:24:29.988+01:00,33764,1606814,174,174,True,True,0x02,"NO_IRQ,OK,NO_IRQ,NO_IRQ","NONE,DELTA,NONE,NONE",
0.974518,2026-09-05T19:24:29.993+01:00,33938,1606815,158,158,True,True,0x02,"NO_IRQ,OK,NO_IRQ,NO_IRQ","NONE,DELTA,NONE,NONE",
0.979558,2026-09-05T19:24:29.998+01:00,34096,1606816,180,180,True,True,0x02,"NO_IRQ,OK,NO_IRQ,NO_IRQ","NONE,DELTA,NONE,NONE",
0.984126,2026-09-05T19:24:30.003+01:00,34276,1606817,160,160,True,True,0x02,"NO_IRQ,OK,NO_IRQ,NO_IRQ","NONE,DELTA,NONE,NONE",
0.998970,2026-09-05T19:24:30.008+01:00,34436,1606818,166,166,True,True,0x02,"NO_IRQ,OK,NO_IRQ,NO_IRQ","NONE,DELTA,NONE,NONE",
0.999694,2026-09-05T19:24:30.023+01:00,34602,1606819,158,158,True,True,0x02,"NO_IRQ,OK,NO_IRQ,NO_IRQ","NONE,DELTA,NONE,NONE",
1.000333,2026-09-05T19:24:30.023+01:00,34760,1606820,160,160,True,True,0x02,"NO_IRQ,OK,NO_IRQ,NO_IRQ","NONE,DELTA,NONE,NONE",
1.004339,2026-09-05T19:24:30.024+01:00,34920,1606821,174,174,True,True,0x02,"NO_IRQ,OK,NO_IRQ,NO_IRQ","NONE,DELTA,NONE,NONE",
1.009371,2026-09-05T19:24:30.028+01:00,35094,1606822,174,174,True,True,0x02,"NO_IRQ,OK,NO_IRQ,NO_IRQ","NONE,DELTA,NONE,NONE",
1.016161,2026-09-05T19:24:30.033+01:00,35268,1606823,176,176,True,True,0x02,"NO_IRQ,OK,NO_IRQ,NO_IRQ","NONE,DELTA,NONE,NONE",
1.019367,2026-09-05T19:24:30.040+01:00,35444,1606824,188,188,True,True,0x02,"NO_IRQ,OK,NO_IRQ,NO_IRQ","NONE,DELTA,NONE,NONE",
1.024846,2026-09-05T19:24:30.043+01:00,35632,1606825,178,178,True,True,0x02,"NO_IRQ,OK,NO_IRQ,NO_IRQ","NONE,DELTA,NONE,NONE",
1.032693,2026-09-05T19:24:30.048+01:00,35810,1606826,166,166,True,True,0x02,"NO_IRQ,OK,NO_IRQ,NO_IRQ","NONE,DELTA,NONE,NONE",
1.034204,2026-09-05T19:24:30.056+01:00,35976,1606827,154,154,True,True,0x02,"NO_IRQ,OK,NO_IRQ,NO_IRQ","NONE,DELTA,NONE,NONE",
1.039497,2026-09-05T19:24:30.058+01:00,36130,1606828,162,162,True,True,0x02,"NO_IRQ,OK,NO_IRQ,NO_IRQ","NONE,DELTA,NONE,NONE",
1.049278,2026-09-05T19:24:30.063+01:00,36292,1606829,148,148,True,True,0x02,"NO_IRQ,OK,NO_IRQ,NO_IRQ","NONE,DELTA,NONE,NONE",
1.049936,2026-09-05T19:24:30.073+01:00,36440,1606830,186,186,True,True,0x02,"NO_IRQ,OK,NO_IRQ,NO_IRQ","NONE,DELTA,NONE,NONE",
1.054361,2026-09-05T19:24:30.073+01:00,36626,1606831,182,182,True,True,0x02,"NO_IRQ,OK,NO_IRQ,NO_IRQ","NONE,DELTA,NONE,NONE",
1.058952,2026-09-05T19:24:30.078+01:00,36808,1606832,148,148,True,True,0x02,"NO_IRQ,OK,NO_IRQ,NO_IRQ","NONE,DELTA,NONE,NONE",
1.066298,2026-09-05T19:24:30.083+01:00,36956,1606833,146,146,True,True,0x02,"NO_IRQ,OK,NO_IRQ,NO_IRQ","NONE,DELTA,NONE,NONE",
1.069328,2026-09-05T19:24:30.090+01:00,37102,1606834,146,146,True,True,0x02,"NO_IRQ,OK,NO_IRQ,NO_IRQ","NONE,DELTA,NONE,NONE",
1.074115,2026-09-05T19:24:30.093+01:00,37248,1606835,150,150,True,True,0x02,"NO_IRQ,OK,NO_IRQ,NO_IRQ","NONE,DELTA,NONE,NONE",
1.083048,2026-09-05T19:24:30.098+01:00,37398,1606836,170,170,True,True,0x02,"NO_IRQ,OK,NO_IRQ,NO_IRQ","NONE,DELTA,NONE,NONE",
1.084033,2026-09-05T19:24:30.107+01:00,37568,1606837,176,176,True,True,0x02,"NO_IRQ,OK,NO_IRQ,NO_IRQ","NONE,DELTA,NONE,NONE",
1.089354,2026-09-05T19:24:30.108+01:00,37744,1606838,164,164,True,True,0x02,"NO_IRQ,OK,NO_IRQ,NO_IRQ","NONE,DELTA,NONE,NONE",
1.099813,2026-09-05T19:24:30.113+01:00,37908,1606839,170,170,True,True,0x02,"NO_IRQ,OK,NO_IRQ,NO_IRQ","NONE,DELTA,NONE,NONE",
1.100466,2026-09-05T19:24:30.123+01:00,38078,1606840,178,178,True,True,0x02,"NO_IRQ,OK,NO_IRQ,NO_IRQ","NONE,DELTA,NONE,NONE",
1.104467,2026-09-05T19:24:30.124+01:00,38256,1606841,200,200,True,True,0x02,"NO_IRQ,OK,NO_IRQ,NO_IRQ","NONE,DELTA,NONE,NONE",
1.110224,2026-09-05T19:24:30.128+01:00,38456,1606842,172,172,True,True,0x02,"NO_IRQ,OK,NO_IRQ,NO_IRQ","NONE,DELTA,NONE,NONE",
1.114122,2026-09-05T19:24:30.134+01:00,38628,1606843,182,182,True,True,0x02,"NO_IRQ,OK,NO_IRQ,NO_IRQ","NONE,DELTA,NONE,NONE",
1.121156,2026-09-05T19:24:30.138+01:00,38810,1606844,176,176,True,True,0x02,"NO_IRQ,OK,NO_IRQ,NO_IRQ","NONE,DELTA,NONE,NONE",
1.124244,2026-09-05T19:24:30.145+01:00,38986,1606845,166,166,True,True,0x02,"NO_IRQ,OK,NO_IRQ,NO_IRQ","NONE,DELTA,NONE,NONE",
1.128935,2026-09-05T19:24:30.148+01:00,39152,1606846,156,156,True,True,0x02,"NO_IRQ,OK,NO_IRQ,NO_IRQ","NONE,DELTA,NONE,NONE",
1.134410,2026-09-05T19:24:30.152+01:00,39308,1606847,200,200,True,True,0x02,"NO_IRQ,OK,NO_IRQ,NO_IRQ","NONE,DELTA,NONE,NONE",
1.140036,2026-09-05T19:24:30.158+01:00,39508,1606848,1084,1084,True,True,0x02,"NO_IRQ,OK,NO_IRQ,NO_IRQ","NONE,DELTA_SYNC,NONE,NONE",
1.144295,2026-09-05T19:24:30.164+01:00,40592,1606849,230,230,True,True,0x02,"NO_IRQ,OK,NO_IRQ,NO_IRQ","NONE,DELTA,NONE,NONE",
1.149073,2026-09-05T19:24:30.168+01:00,40822,1606850,220,220,True,True,0x02,"NO_IRQ,OK,NO_IRQ,NO_IRQ","NONE,DELTA,NONE,NONE",
1.158426,2026-09-05T19:24:30.173+01:00,41042,1606851,188,188,True,True,0x02,"NO_IRQ,OK,NO_IRQ,NO_IRQ","NONE,DELTA,NONE,NONE",
1.158775,2026-09-05T19:24:30.182+01:00,41230,1606852,194,194,True,True,0x02,"NO_IRQ,OK,NO_IRQ,NO_IRQ","NONE,DELTA,NONE,NONE",
1.172045,2026-09-05T19:24:30.182+01:00,41424,1606853,180,180,True,True,0x02,"NO_IRQ,OK,NO_IRQ,NO_IRQ","NONE,DELTA,NONE,NONE",
1.172730,2026-09-05T19:24:30.196+01:00,41604,1606854,172,172,True,True,0x02,"NO_IRQ,OK,NO_IRQ,NO_IRQ","NONE,DELTA,NONE,NONE",
1.174027,2026-09-05T19:24:30.196+01:00,41776,1606855,186,186,True,True,0x02,"NO_IRQ,OK,NO_IRQ,NO_IRQ","NONE,DELTA,NONE,NONE",
1.179255,2026-09-05T19:24:30.198+01:00,41962,1606856,182,182,True,True,0x02,"NO_IRQ,OK,NO_IRQ,NO_IRQ","NONE,DELTA,NONE,NONE",
1.189733,2026-09-05T19:24:30.203+01:00,42144,1606857,186,186,True,True,0x02,"NO_IRQ,OK,NO_IRQ,NO_IRQ","NONE,DELTA,NONE,NONE",
1.190310,2026-09-05T19:24:30.213+01:00,42330,1606858,160,160,True,True,0x02,"NO_IRQ,OK,NO_IRQ,NO_IRQ","NONE,DELTA,NONE,NONE",
1.194352,2026-09-05T19:24:30.214+01:00,42490,1606859,166,166,True,True,0x02,"NO_IRQ,OK,NO_IRQ,NO_IRQ","NONE,DELTA,NONE,NONE",
1.199058,2026-09-05T19:24:30.218+01:00,42656,1606860,180,180,True,True,0x02,"NO_IRQ,OK,NO_IRQ,NO_IRQ","NONE,DELTA,NONE,NONE",
1.207371,2026-09-05T19:24:30.223+01:00,42836,1606861,184,184,True,True,0x02,"NO_IRQ,OK,NO_IRQ,NO_IRQ","NONE,DELTA,NONE,NONE",
1.209324,2026-09-05T19:24:30.231+01:00,43020,1606862,184,184,True,True,0x02,"NO_IRQ,OK,NO_IRQ,NO_IRQ","NONE,DELTA,NONE,NONE",
1.214249,2026-09-05T19:24:30.233+01:00,43204,1606863,166,166,True,True,0x02,"NO_IRQ,OK,NO_IRQ,NO_IRQ","NONE,DELTA,NONE,NONE",
1.225090,2026-09-05T19:24:30.238+01:00,43370,1606864,154,154,True,True,0x02,"NO_IRQ,OK,NO_IRQ,NO_IRQ","NONE,DELTA,NONE,NONE",
1.226158,2026-09-05T19:24:30.249+01:00,43524,1606865,152,152,True,True,0x02,"NO_IRQ,OK,NO_IRQ,NO_IRQ","NONE,DELTA,NONE,NONE",
1.229190,2026-09-05T19:24:30.250+01:00,43676,1606866,186,186,True,True,0x02,"NO_IRQ,OK,NO_IRQ,NO_IRQ","NONE,DELTA,NONE,NONE",
1.233838,2026-09-05T19:24:30.253+01:00,43862,1606867,158,158,True,True,0x02,"NO_IRQ,OK,NO_IRQ,NO_IRQ","NONE,DELTA,NONE,NONE",
1.242087,2026-09-05T19:24:30.257+01:00,44020,1606868,158,158,True,True,0x02,"NO_IRQ,OK,NO_IRQ,NO_IRQ","NONE,DELTA,NONE,NONE",
1.243937,2026-09-05T19:24:30.266+01:00,44178,1606869,156,156,True,True,0x02,"NO_IRQ,OK,NO_IRQ,NO_IRQ","NONE,DELTA,NONE,NONE",
1.249060,2026-09-05T19:24:30.267+01:00,44334,1606870,142,142,True,True,0x02,"NO_IRQ,OK,NO_IRQ,NO_IRQ","NONE,DELTA,NONE,NONE",
1.258424,2026-09-05T19:24:30.273+01:00,44476,1606871,180,180,True,True,0x02,"NO_IRQ,OK,NO_IRQ,NO_IRQ","NONE,DELTA,NONE,NONE",
1.259043,2026-09-05T19:24:30.282+01:00,44656,1606872,174,174,True,True,0x02,"NO_IRQ,OK,NO_IRQ,NO_IRQ","NONE,DELTA,NONE,NONE",
1.264028,2026-09-05T19:24:30.283+01:00,44830,1606873,152,152,True,True,0x02,"NO_IRQ,OK,NO_IRQ,NO_IRQ","NONE,DELTA,NONE,NONE",
1.276863,2026-09-05T19:24:30.288+01:00,44982,1606874,158,158,True,True,0x02,"NO_IRQ,OK,NO_IRQ,NO_IRQ","NONE,DELTA,NONE,NONE",
1.278173,2026-09-05T19:24:30.301+01:00,45140,1606875,176,176,True,True,0x02,"NO_IRQ,OK,NO_IRQ,NO_IRQ","NONE,DELTA,NONE,NONE",
1.279073,2026-09-05T19:24:30.302+01:00,45316,1606876,194,194,True,True,0x02,"NO_IRQ,OK,NO_IRQ,NO_IRQ","NONE,DELTA,NONE,NONE",
1.284012,2026-09-05T19:24:30.303+01:00,45510,1606877,174,174,True,True,0x02,"NO_IRQ,OK,NO_IRQ,NO_IRQ","NONE,DELTA,NONE,NONE",
1.295343,2026-09-05T19:24:30.308+01:00,45684,1606878,184,184,True,True,0x02,"NO_IRQ,OK,NO_IRQ,NO_IRQ","NONE,DELTA,NONE,NONE",
1.296015,2026-09-05T19:24:30.319+01:00,45868,1606879,194,194,True,True,0x02,"NO_IRQ,OK,NO_IRQ,NO_IRQ","NONE,DELTA,NONE,NONE",
1.299304,2026-09-05T19:24:30.320+01:00,46062,1606880,184,184,True,True,0x02,"NO_IRQ,OK,NO_IRQ,NO_IRQ","NONE,DELTA,NONE,NONE",
1.303905,2026-09-05T19:24:30.323+01:00,46246,1606881,168,168,True,True,0x02,"NO_IRQ,OK,NO_IRQ,NO_IRQ","NONE,DELTA,NONE,NONE",
1.308570,2026-09-05T19:24:30.327+01:00,46414,1606882,176,176,True,True,0x02,"NO_IRQ,OK,NO_IRQ,NO_IRQ","NONE,DELTA,NONE,NONE",
1.315423,2026-09-05T19:24:30.332+01:00,46590,1606883,188,188,True,True,0x02,"NO_IRQ,OK,NO_IRQ,NO_IRQ","NONE,DELTA,NONE,NONE",
1.318681,2026-09-05T19:24:30.339+01:00,46778,1606884,170,170,True,True,0x02,"NO_IRQ,OK,NO_IRQ,NO_IRQ","NONE,DELTA,NONE,NONE",
1.323598,2026-09-05T19:24:30.342+01:00,46948,1606885,170,170,True,True,0x02,"NO_IRQ,OK,NO_IRQ,NO_IRQ","NONE,DELTA,NONE,NONE",
1.337599,2026-09-05T19:24:30.347+01:00,47118,1606886,148,148,True,True,0x02,"NO_IRQ,OK,NO_IRQ,NO_IRQ","NONE,DELTA,NONE,NONE",
1.338300,2026-09-05T19:24:30.361+01:00,47266,1606887,168,168,True,True,0x02,"NO_IRQ,OK,NO_IRQ,NO_IRQ","NONE,DELTA,NONE,NONE",
1.338857,2026-09-05T19:24:30.362+01:00,47434,1606888,186,186,True,True,0x02,"NO_IRQ,OK,NO_IRQ,NO_IRQ","NONE,DELTA,NONE,NONE",
1.344629,2026-09-05T19:24:30.362+01:00,47620,1606889,192,192,True,True,0x02,"NO_IRQ,OK,NO_IRQ,NO_IRQ","NONE,DELTA,NONE,NONE",
1.355227,2026-09-05T19:24:30.368+01:00,47812,1606890,192,192,True,True,0x02,"NO_IRQ,OK,NO_IRQ,NO_IRQ","NONE,DELTA,NONE,NONE",
1.355831,2026-09-05T19:24:30.379+01:00,48004,1606891,176,176,True,True,0x02,"NO_IRQ,OK,NO_IRQ,NO_IRQ","NONE,DELTA,NONE,NONE",
1.358683,2026-09-05T19:24:30.379+01:00,48180,1606892,180,180,True,True,0x02,"NO_IRQ,OK,NO_IRQ,NO_IRQ","NONE,DELTA,NONE,NONE",
1.363582,2026-09-05T19:24:30.382+01:00,48360,1606893,158,158,True,True,0x02,"NO_IRQ,OK,NO_IRQ,NO_IRQ","NONE,DELTA,NONE,NONE",
1.371495,2026-09-05T19:24:30.387+01:00,48518,1606894,182,182,True,True,0x02,"NO_IRQ,OK,NO_IRQ,NO_IRQ","NONE,DELTA,NONE,NONE",
1.373705,2026-09-05T19:24:30.395+01:00,48700,1606895,162,162,True,True,0x02,"NO_IRQ,OK,NO_IRQ,NO_IRQ","NONE,DELTA,NONE,NONE",
1.378744,2026-09-05T19:24:30.397+01:00,48862,1606896,166,166,True,True,0x02,"NO_IRQ,OK,NO_IRQ,NO_IRQ","NONE,DELTA,NONE,NONE",
1.387781,2026-09-05T19:24:30.403+01:00,49028,1606897,166,166,True,True,0x02,"NO_IRQ,OK,NO_IRQ,NO_IRQ","NONE,DELTA,NONE,NONE",
1.388693,2026-09-05T19:24:30.412+01:00,49194,1606898,182,182,True,True,0x02,"NO_IRQ,OK,NO_IRQ,NO_IRQ","NONE,DELTA,NONE,NONE",
1.393992,2026-09-05T19:24:30.412+01:00,49376,1606899,170,170,True,True,0x02,"NO_IRQ,OK,NO_IRQ,NO_IRQ","NONE,DELTA,NONE,NONE",
1.405234,2026-09-05T19:24:30.418+01:00,49546,1606900,176,176,True,True,0x02,"NO_IRQ,OK,NO_IRQ,NO_IRQ","NONE,DELTA,NONE,NONE",
1.405829,2026-09-05T19:24:30.429+01:00,49722,1606901,166,166,True,True,0x02,"NO_IRQ,OK,NO_IRQ,NO_IRQ","NONE,DELTA,NONE,NONE",
1.408657,2026-09-05T19:24:30.429+01:00,49888,1606902,194,194,True,True,0x02,"NO_IRQ,OK,NO_IRQ,NO_IRQ","NONE,DELTA,NONE,NONE",
1.413879,2026-09-05T19:24:30.432+01:00,50082,1606903,148,148,True,True,0x02,"NO_IRQ,OK,NO_IRQ,NO_IRQ","NONE,DELTA,NONE,NONE",
1.421588,2026-09-05T19:24:30.437+01:00,50230,1606904,176,176,True,True,0x02,"NO_IRQ,OK,NO_IRQ,NO_IRQ","NONE,DELTA,NONE,NONE",
1.423569,2026-09-05T19:24:30.445+01:00,50406,1606905,166,166,True,True,0x02,"NO_IRQ,OK,NO_IRQ,NO_IRQ","NONE,DELTA,NONE,NONE",
1.428762,2026-09-05T19:24:30.447+01:00,50572,1606906,190,190,True,True,0x02,"NO_IRQ,OK,NO_IRQ,NO_IRQ","NONE,DELTA,NONE,NONE",
1.437695,2026-09-05T19:24:30.452+01:00,50762,1606907,154,154,True,True,0x02,"NO_IRQ,OK,NO_IRQ,NO_IRQ","NONE,DELTA,NONE,NONE",
1.438554,2026-09-05T19:24:30.461+01:00,50916,1606908,166,166,True,True,0x02,"NO_IRQ,OK,NO_IRQ,NO_IRQ","NONE,DELTA,NONE,NONE",
1.443912,2026-09-05T19:24:30.462+01:00,51082,1606909,176,176,True,True,0x02,"NO_IRQ,OK,NO_IRQ,NO_IRQ","NONE,DELTA,NONE,NONE",
1.454376,2026-09-05T19:24:30.467+01:00,51258,1606910,184,184,True,True,0x02,"NO_IRQ,OK,NO_IRQ,NO_IRQ","NONE,DELTA,NONE,NONE",
1.454995,2026-09-05T19:24:30.478+01:00,51442,1606911,176,176,True,True,0x02,"NO_IRQ,OK,NO_IRQ,NO_IRQ","NONE,DELTA,NONE,NONE",
1.458973,2026-09-05T19:24:30.479+01:00,51618,1606912,140,140,True,True,0x02,"NO_IRQ,OK,NO_IRQ,NO_IRQ","NONE,DELTA,NONE,NONE",
1.463576,2026-09-05T19:24:30.483+01:00,51758,1606913,168,168,True,True,0x02,"NO_IRQ,OK,NO_IRQ,NO_IRQ","NONE,DELTA,NONE,NONE",
1.469383,2026-09-05T19:24:30.487+01:00,51926,1606914,182,182,True,True,0x02,"NO_IRQ,OK,NO_IRQ,NO_IRQ","NONE,DELTA,NONE,NONE",
1.474522,2026-09-05T19:24:30.493+01:00,52108,1606915,198,198,True,True,0x02,"NO_IRQ,OK,NO_IRQ,NO_IRQ","NONE,DELTA,NONE,NONE",
1.478481,2026-09-05T19:24:30.498+01:00,52306,1606916,154,154,True,True,0x02,"NO_IRQ,OK,NO_IRQ,NO_IRQ","NONE,DELTA,NONE,NONE",
1.483393,2026-09-05T19:24:30.502+01:00,52460,1606917,174,174,True,True,0x02,"NO_IRQ,OK,NO_IRQ,NO_IRQ","NONE,DELTA,NONE,NONE",
1.492847,2026-09-05T19:24:30.507+01:00,52634,1606918,180,180,True,True,0x02,"NO_IRQ,OK,NO_IRQ,NO_IRQ","NONE,DELTA,NONE,NONE",
1.493682,2026-09-05T19:24:30.516+01:00,52814,1606919,182,182,True,True,0x02,"NO_IRQ,OK,NO_IRQ,NO_IRQ","NONE,DELTA,NONE,NONE",
1.506443,2026-09-05T19:24:30.517+01:00,52996,1606920,198,198,True,True,0x02,"NO_IRQ,OK,NO_IRQ,NO_IRQ","NONE,DELTA,NONE,NONE",
1.507177,2026-09-05T19:24:30.530+01:00,53194,1606921,192,192,True,True,0x02,"NO_IRQ,OK,NO_IRQ,NO_IRQ","NONE,DELTA,NONE,NONE",
1.508549,2026-09-05T19:24:30.531+01:00,53386,1606922,180,180,True,True,0x02,"NO_IRQ,OK,NO_IRQ,NO_IRQ","NONE,DELTA,NONE,NONE",
1.513601,2026-09-05T19:24:30.532+01:00,53566,1606923,164,164,True,True,0x02,"NO_IRQ,OK,NO_IRQ,NO_IRQ","NONE,DELTA,NONE,NONE",
1.523398,2026-09-05T19:24:30.537+01:00,53730,1606924,180,180,True,True,0x02,"NO_IRQ,OK,NO_IRQ,NO_IRQ","NONE,DELTA,NONE,NONE",
1.524178,2026-09-05T19:24:30.547+01:00,53910,1606925,156,156,True,True,0x02,"NO_IRQ,OK,NO_IRQ,NO_IRQ","NONE,DELTA,NONE,NONE",
1.528466,2026-09-05T19:24:30.548+01:00,54066,1606926,178,178,True,True,0x02,"NO_IRQ,OK,NO_IRQ,NO_IRQ","NONE,DELTA,NONE,NONE",
1.533216,2026-09-05T19:24:30.552+01:00,54244,1606927,154,154,True,True,0x02,"NO_IRQ,OK,NO_IRQ,NO_IRQ","NONE,DELTA,NONE,NONE",
1.539745,2026-09-05T19:24:30.557+01:00,54398,1606928,174,174,True,True,0x02,"NO_IRQ,OK,NO_IRQ,NO_IRQ","NONE,DELTA,NONE,NONE",
1.543417,2026-09-05T19:24:30.563+01:00,54572,1606929,160,160,True,True,0x02,"NO_IRQ,OK,NO_IRQ,NO_IRQ","NONE,DELTA,NONE,NONE",
1.548488,2026-09-05T19:24:30.567+01:00,54732,1606930,192,192,True,True,0x02,"NO_IRQ,OK,NO_IRQ,NO_IRQ","NONE,DELTA,NONE,NONE",
1.555751,2026-09-05T19:24:30.572+01:00,54924,1606931,174,174,True,True,0x02,"NO_IRQ,OK,NO_IRQ,NO_IRQ","NONE,DELTA,NONE,NONE",
1.558426,2026-09-05T19:24:30.579+01:00,55098,1606932,190,190,True,True,0x02,"NO_IRQ,OK,NO_IRQ,NO_IRQ","NONE,DELTA,NONE,NONE",
1.563401,2026-09-05T19:24:30.582+01:00,55288,1606933,172,172,True,True,0x02,"NO_IRQ,OK,NO_IRQ,NO_IRQ","NONE,DELTA,NONE,NONE",
1.571608,2026-09-05T19:24:30.587+01:00,55460,1606934,162,162,True,True,0x02,"NO_IRQ,OK,NO_IRQ,NO_IRQ","NONE,DELTA,NONE,NONE",
1.573443,2026-09-05T19:24:30.595+01:00,55622,1606935,186,186,True,True,0x02,"NO_IRQ,OK,NO_IRQ,NO_IRQ","NONE,DELTA,NONE,NONE",
1.578589,2026-09-05T19:24:30.597+01:00,55808,1606936,182,182,True,True,0x02,"NO_IRQ,OK,NO_IRQ,NO_IRQ","NONE,DELTA,NONE,NONE",
1.588244,2026-09-05T19:24:30.602+01:00,55990,1606937,152,152,True,True,0x02,"NO_IRQ,OK,NO_IRQ,NO_IRQ","NONE,DELTA,NONE,NONE",
1.588844,2026-09-05T19:24:30.612+01:00,56142,1606938,198,198,True,True,0x02,"NO_IRQ,OK,NO_IRQ,NO_IRQ","NONE,DELTA,NONE,NONE",
1.593716,2026-09-05T19:24:30.613+01:00,56340,1606939,160,160,True,True,0x02,"NO_IRQ,OK,NO_IRQ,NO_IRQ","NONE,DELTA,NONE,NONE",
1.598181,2026-09-05T19:24:30.617+01:00,56500,1606940,148,148,True,True,0x02,"NO_IRQ,OK,NO_IRQ,NO_IRQ","NONE,DELTA,NONE,NONE",
1.604750,2026-09-05T19:24:30.622+01:00,56648,1606941,162,162,True,True,0x02,"NO_IRQ,OK,NO_IRQ,NO_IRQ","NONE,DELTA,NONE,NONE",
1.608681,2026-09-05T19:24:30.628+01:00,56810,1606942,184,184,True,True,0x02,"NO_IRQ,OK,NO_IRQ,NO_IRQ","NONE,DELTA,NONE,NONE",
1.613626,2026-09-05T19:24:30.632+01:00,56994,1606943,162,162,True,True,0x02,"NO_IRQ,OK,NO_IRQ,NO_IRQ","NONE,DELTA,NONE,NONE",
1.622008,2026-09-05T19:24:30.637+01:00,57156,1606944,156,156,True,True,0x02,"NO_IRQ,OK,NO_IRQ,NO_IRQ","NONE,DELTA,NONE,NONE",
1.623137,2026-09-05T19:24:30.646+01:00,57312,1606945,166,166,True,True,0x02,"NO_IRQ,OK,NO_IRQ,NO_IRQ","NONE,DELTA,NONE,NONE",
1.628639,2026-09-05T19:24:30.647+01:00,57478,1606946,174,174,True,True,0x02,"NO_IRQ,OK,NO_IRQ,NO_IRQ","NONE,DELTA,NONE,NONE",
1.633936,2026-09-05T19:24:30.652+01:00,57652,1606947,162,162,True,True,0x02,"NO_IRQ,OK,NO_IRQ,NO_IRQ","NONE,DELTA,NONE,NONE",
1.638173,2026-09-05T19:24:30.657+01:00,57814,1606948,200,200,True,True,0x02,"NO_IRQ,OK,NO_IRQ,NO_IRQ","NONE,DELTA,NONE,NONE",
1.643516,2026-09-05T19:24:30.662+01:00,58014,1606949,190,190,True,True,0x02,"NO_IRQ,OK,NO_IRQ,NO_IRQ","NONE,DELTA,NONE,NONE",
1.648112,2026-09-05T19:24:30.667+01:00,58204,1606950,192,192,True,True,0x02,"NO_IRQ,OK,NO_IRQ,NO_IRQ","NONE,DELTA,NONE,NONE",
1.663030,2026-09-05T19:24:30.672+01:00,58396,1606951,188,188,True,True,0x02,"NO_IRQ,OK,NO_IRQ,NO_IRQ","NONE,DELTA,NONE,NONE",
1.663773,2026-09-05T19:24:30.687+01:00,58584,1606952,188,188,True,True,0x02,"NO_IRQ,OK,NO_IRQ,NO_IRQ","NONE,DELTA,NONE,NONE",
1.664691,2026-09-05T19:24:30.688+01:00,58772,1606953,168,168,True,True,0x02,"NO_IRQ,OK,NO_IRQ,NO_IRQ","NONE,DELTA,NONE,NONE",
1.668196,2026-09-05T19:24:30.688+01:00,58940,1606954,136,136,True,True,0x02,"NO_IRQ,OK,NO_IRQ,NO_IRQ","NONE,DELTA,NONE,NONE",
1.673019,2026-09-05T19:24:30.692+01:00,59076,1606955,180,180,True,True,0x02,"NO_IRQ,OK,NO_IRQ,NO_IRQ","NONE,DELTA,NONE,NONE",
1.680241,2026-09-05T19:24:30.697+01:00,59256,1606956,170,170,True,True,0x02,"NO_IRQ,OK,NO_IRQ,NO_IRQ","NONE,DELTA,NONE,NONE",
1.683211,2026-09-05T19:24:30.704+01:00,59426,1606957,156,156,True,True,0x02,"NO_IRQ,OK,NO_IRQ,NO_IRQ","NONE,DELTA,NONE,NONE",
1.688147,2026-09-05T19:24:30.707+01:00,59582,1606958,200,200,True,True,0x02,"NO_IRQ,OK,NO_IRQ,NO_IRQ","NONE,DELTA,NONE,NONE",
1.696233,2026-09-05T19:24:30.712+01:00,59782,1606959,164,164,True,True,0x02,"NO_IRQ,OK,NO_IRQ,NO_IRQ","NONE,DELTA,NONE,NONE",
1.698063,2026-09-05T19:24:30.720+01:00,59946,1606960,180,180,True,True,0x02,"NO_IRQ,OK,NO_IRQ,NO_IRQ","NONE,DELTA,NONE,NONE",
1.703215,2026-09-05T19:24:30.722+01:00,60126,1606961,200,200,True,True,0x02,"NO_IRQ,OK,NO_IRQ,NO_IRQ","NONE,DELTA,NONE,NONE",
1.709629,2026-09-05T19:24:30.727+01:00,60326,1606962,176,176,True,True,0x02,"NO_IRQ,OK,NO_IRQ,NO_IRQ","NONE,DELTA,NONE,NONE",
1.713268,2026-09-05T19:24:30.736+01:00,60502,1606963,174,174,True,True,0x02,"NO_IRQ,OK,NO_IRQ,NO_IRQ","NONE,DELTA,NONE,NONE",
1.718292,2026-09-05T19:24:30.737+01:00,60676,1606964,178,178,True,True,0x02,"NO_IRQ,OK,NO_IRQ,NO_IRQ","NONE,DELTA,NONE,NONE",
1.729309,2026-09-05T19:24:30.742+01:00,60854,1606965,206,206,True,True,0x02,"NO_IRQ,OK,NO_IRQ,NO_IRQ","NONE,DELTA,NONE,NONE",
1.730274,2026-09-05T19:24:30.753+01:00,61060,1606966,224,224,True,True,0x02,"NO_IRQ,OK,NO_IRQ,NO_IRQ","NONE,DELTA,NONE,NONE",
1.733190,2026-09-05T19:24:30.754+01:00,61284,1606967,190,190,True,True,0x02,"NO_IRQ,OK,NO_IRQ,NO_IRQ","NONE,DELTA,NONE,NONE",
1.738018,2026-09-05T19:24:30.757+01:00,61474,1606968,192,192,True,True,0x02,"NO_IRQ,OK,NO_IRQ,NO_IRQ","NONE,DELTA,NONE,NONE",
1.745613,2026-09-05T19:24:30.762+01:00,61666,1606969,192,192,True,True,0x02,"NO_IRQ,OK,NO_IRQ,NO_IRQ","NONE,DELTA,NONE,NONE",
1.748165,2026-09-05T19:24:30.769+01:00,61858,1606970,194,194,True,True,0x02,"NO_IRQ,OK,NO_IRQ,NO_IRQ","NONE,DELTA,NONE,NONE",
1.752965,2026-09-05T19:24:30.772+01:00,62052,1606971,196,196,True,True,0x02,"NO_IRQ,OK,NO_IRQ,NO_IRQ","NONE,DELTA,NONE,NONE",
1.762761,2026-09-05T19:24:30.777+01:00,62248,1606972,182,182,True,True,0x02,"NO_IRQ,OK,NO_IRQ,NO_IRQ","NONE,DELTA,NONE,NONE",
1.763757,2026-09-05T19:24:30.786+01:00,62430,1606973,184,184,True,True,0x02,"NO_IRQ,OK,NO_IRQ,NO_IRQ","NONE,DELTA,NONE,NONE",
1.768198,2026-09-05T19:24:30.787+01:00,62614,1606974,174,174,True,True,0x02,"NO_IRQ,OK,NO_IRQ,NO_IRQ","NONE,DELTA,NONE,NONE",
1.778987,2026-09-05T19:24:30.792+01:00,62788,1606975,168,168,True,True,0x02,"NO_IRQ,OK,NO_IRQ,NO_IRQ","NONE,DELTA,NONE,NONE",
1.779914,2026-09-05T19:24:30.803+01:00,62956,1606976,172,172,True,True,0x02,"NO_IRQ,OK,NO_IRQ,NO_IRQ","NONE,DELTA,NONE,NONE",
1.782905,2026-09-05T19:24:30.803+01:00,63128,1606977,188,188,True,True,0x02,"NO_IRQ,OK,NO_IRQ,NO_IRQ","NONE,DELTA,NONE,NONE",
1.789402,2026-09-05T19:24:30.806+01:00,63316,1606978,192,192,True,True,0x02,"NO_IRQ,OK,NO_IRQ,NO_IRQ","NONE,DELTA,NONE,NONE",
1.794784,2026-09-05T19:24:30.813+01:00,63508,1606979,168,168,True,True,0x02,"NO_IRQ,OK,NO_IRQ,NO_IRQ","NONE,DELTA,NONE,NONE",
1.798189,2026-09-05T19:24:30.818+01:00,63676,1606980,174,174,True,True,0x02,"NO_IRQ,OK,NO_IRQ,NO_IRQ","NONE,DELTA,NONE,NONE",
1.802828,2026-09-05T19:24:30.822+01:00,63850,1606981,186,186,True,True,0x02,"NO_IRQ,OK,NO_IRQ,NO_IRQ","NONE,DELTA,NONE,NONE",
1.807785,2026-09-05T19:24:30.826+01:00,64036,1606982,188,188,True,True,0x02,"NO_IRQ,OK,NO_IRQ,NO_IRQ","NONE,DELTA,NONE,NONE",
1.817388,2026-09-05T19:24:30.831+01:00,64224,1606983,168,168,True,True,0x02,"NO_IRQ,OK,NO_IRQ,NO_IRQ","NONE,DELTA,NONE,NONE",
1.817737,2026-09-05T19:24:30.841+01:00,64392,1606984,184,184,True,True,0x02,"NO_IRQ,OK,NO_IRQ,NO_IRQ","NONE,DELTA,NONE,NONE",
1.830462,2026-09-05T19:24:30.841+01:00,64576,1606985,196,196,True,True,0x02,"NO_IRQ,OK,NO_IRQ,NO_IRQ","NONE,DELTA,NONE,NONE",
1.831310,2026-09-05T19:24:30.854+01:00,64772,1606986,184,184,True,True,0x02,"NO_IRQ,OK,NO_IRQ,NO_IRQ","NONE,DELTA,NONE,NONE",
1.832832,2026-09-05T19:24:30.855+01:00,64956,1606987,170,170,True,True,0x02,"NO_IRQ,OK,NO_IRQ,NO_IRQ","NONE,DELTA,NONE,NONE",
1.838042,2026-09-05T19:24:30.856+01:00,65126,1606988,182,182,True,True,0x02,"NO_IRQ,OK,NO_IRQ,NO_IRQ","NONE,DELTA,NONE,NONE",
1.847115,2026-09-05T19:24:30.862+01:00,65308,1606989,178,178,True,True,0x02,"NO_IRQ,OK,NO_IRQ,NO_IRQ","NONE,DELTA,NONE,NONE",
1.848109,2026-09-05T19:24:30.871+01:00,65486,1606990,188,188,True,True,0x02,"NO_IRQ,OK,NO_IRQ,NO_IRQ","NONE,DELTA,NONE,NONE",
1.853016,2026-09-05T19:24:30.872+01:00,65674,1606991,188,188,True,True,0x02,"NO_IRQ,OK,NO_IRQ,NO_IRQ","NONE,DELTA,NONE,NONE",
1.862956,2026-09-05T19:24:30.877+01:00,65862,1606992,194,194,True,True,0x02,"NO_IRQ,OK,NO_IRQ,NO_IRQ","NONE,DELTA,NONE,NONE",
1.863632,2026-09-05T19:24:30.887+01:00,66056,1606993,192,192,True,True,0x02,"NO_IRQ,OK,NO_IRQ,NO_IRQ","NONE,DELTA,NONE,NONE",
1.867846,2026-09-05T19:24:30.887+01:00,66248,1606994,172,172,True,True,0x02,"NO_IRQ,OK,NO_IRQ,NO_IRQ","NONE,DELTA,NONE,NONE",
1.872885,2026-09-05T19:24:30.891+01:00,66420,1606995,204,204,True,True,0x02,"NO_IRQ,OK,NO_IRQ,NO_IRQ","NONE,DELTA,NONE,NONE",
1.880020,2026-09-05T19:24:30.896+01:00,66624,1606996,172,172,True,True,0x02,"NO_IRQ,OK,NO_IRQ,NO_IRQ","NONE,DELTA,NONE,NONE",
1.882978,2026-09-05T19:24:30.904+01:00,66796,1606997,192,192,True,True,0x02,"NO_IRQ,OK,NO_IRQ,NO_IRQ","NONE,DELTA,NONE,NONE",
1.887950,2026-09-05T19:24:30.906+01:00,66988,1606998,160,160,True,True,0x02,"NO_IRQ,OK,NO_IRQ,NO_IRQ","NONE,DELTA,NONE,NONE",
1.895666,2026-09-05T19:24:30.912+01:00,67148,1606999,170,170,True,True,0x02,"NO_IRQ,OK,NO_IRQ,NO_IRQ","NONE,DELTA,NONE,NONE",
1.897793,2026-09-05T19:24:30.919+01:00,67318,1607000,174,174,True,True,0x02,"NO_IRQ,OK,NO_IRQ,NO_IRQ","NONE,DELTA,NONE,NONE",
1.902795,2026-09-05T19:24:30.921+01:00,67492,1607001,148,148,True,True,0x02,"NO_IRQ,OK,NO_IRQ,NO_IRQ","NONE,DELTA,NONE,NONE",
1.911571,2026-09-05T19:24:30.926+01:00,67640,1607002,180,180,True,True,0x02,"NO_IRQ,OK,NO_IRQ,NO_IRQ","NONE,DELTA,NONE,NONE",
1.912908,2026-09-05T19:24:30.935+01:00,67820,1607003,184,184,True,True,0x02,"NO_IRQ,OK,NO_IRQ,NO_IRQ","NONE,DELTA,NONE,NONE",
1.917909,2026-09-05T19:24:30.936+01:00,68004,1607004,186,186,True,True,0x02,"NO_IRQ,OK,NO_IRQ,NO_IRQ","NONE,DELTA,NONE,NONE",
1.928022,2026-09-05T19:24:30.941+01:00,68190,1607005,172,172,True,True,0x02,"NO_IRQ,OK,NO_IRQ,NO_IRQ","NONE,DELTA,NONE,NONE",
1.929339,2026-09-05T19:24:30.952+01:00,68362,1607006,188,188,True,True,0x02,"NO_IRQ,OK,NO_IRQ,NO_IRQ","NONE,DELTA,NONE,NONE",
1.933040,2026-09-05T19:24:30.953+01:00,68550,1607007,182,182,True,True,0x02,"NO_IRQ,OK,NO_IRQ,NO_IRQ","NONE,DELTA,NONE,NONE",
1.937574,2026-09-05T19:24:30.957+01:00,68732,1607008,148,148,True,True,0x02,"NO_IRQ,OK,NO_IRQ,NO_IRQ","NONE,DELTA,NONE,NONE",
1.943059,2026-09-05T19:24:30.961+01:00,68880,1607009,168,168,True,True,0x02,"NO_IRQ,OK,NO_IRQ,NO_IRQ","NONE,DELTA,NONE,NONE",
1.947787,2026-09-05T19:24:30.969+01:00,69048,1607010,164,164,True,True,0x02,"NO_IRQ,OK,NO_IRQ,NO_IRQ","NONE,DELTA,NONE,NONE",
1.952750,2026-09-05T19:24:30.971+01:00,69212,1607011,148,148,True,True,0x02,"NO_IRQ,OK,NO_IRQ,NO_IRQ","NONE,DELTA,NONE,NONE",
1.958282,2026-09-05T19:24:30.976+01:00,69360,1607012,172,172,True,True,0x02,"NO_IRQ,OK,NO_IRQ,NO_IRQ","NONE,DELTA,NONE,NONE",
1.963622,2026-09-05T19:24:30.982+01:00,69532,1607013,186,186,True,True,0x02,"NO_IRQ,OK,NO_IRQ,NO_IRQ","NONE,DELTA,NONE,NONE",
1.967591,2026-09-05T19:24:30.987+01:00,69718,1607014,190,190,True,True,0x02,"NO_IRQ,OK,NO_IRQ,NO_IRQ","NONE,DELTA,NONE,NONE",
1.972485,2026-09-05T19:24:30.991+01:00,69908,1607015,178,178,True,True,0x02,"NO_IRQ,OK,NO_IRQ,NO_IRQ","NONE,DELTA,NONE,NONE",
1.987981,2026-09-05T19:24:30.996+01:00,70086,1607016,182,182,True,True,0x02,"NO_IRQ,OK,NO_IRQ,NO_IRQ","NONE,DELTA,NONE,NONE",
1.989054,2026-09-05T19:24:31.012+01:00,70268,1607017,186,186,True,True,0x02,"NO_IRQ,OK,NO_IRQ,NO_IRQ","NONE,DELTA,NONE,NONE",
1.989770,2026-09-05T19:24:31.013+01:00,70454,1607018,192,192,True,True,0x02,"NO_IRQ,OK,NO_IRQ,NO_IRQ","NONE,DELTA,NONE,NONE",
1.992549,2026-09-05T19:24:31.014+01:00,70646,1607019,190,190,True,True,0x02,"NO_IRQ,OK,NO_IRQ,NO_IRQ","NONE,DELTA,NONE,NONE",
1.998205,2026-09-05T19:24:31.016+01:00,70836,1607020,178,178,True,True,0x02,"NO_IRQ,OK,NO_IRQ,NO_IRQ","NONE,DELTA,NONE,NONE",
2.005634,2026-09-05T19:24:31.022+01:00,71014,1607021,178,178,True,True,0x02,"NO_IRQ,OK,NO_IRQ,NO_IRQ","NONE,DELTA,NONE,NONE",
2.007687,2026-09-05T19:24:31.029+01:00,71192,1607022,176,176,True,True,0x02,"NO_IRQ,OK,NO_IRQ,NO_IRQ","NONE,DELTA,NONE,NONE",
2.012657,2026-09-05T19:24:31.031+01:00,71368,1607023,184,184,True,True,0x02,"NO_IRQ,OK,NO_IRQ,NO_IRQ","NONE,DELTA,NONE,NONE",
2.021966,2026-09-05T19:24:31.036+01:00,71552,1607024,164,164,True,True,0x02,"NO_IRQ,OK,NO_IRQ,NO_IRQ","NONE,DELTA,NONE,NONE",
2.022598,2026-09-05T19:24:31.045+01:00,71716,1607025,182,182,True,True,0x02,"NO_IRQ,OK,NO_IRQ,NO_IRQ","NONE,DELTA,NONE,NONE",
2.027853,2026-09-05T19:24:31.046+01:00,71898,1607026,170,170,True,True,0x02,"NO_IRQ,OK,NO_IRQ,NO_IRQ","NONE,DELTA,NONE,NONE",
2.032364,2026-09-05T19:24:31.052+01:00,72068,1607027,174,174,True,True,0x02,"NO_IRQ,OK,NO_IRQ,NO_IRQ","NONE,DELTA,NONE,NONE",
2.038633,2026-09-05T19:24:31.056+01:00,72242,1607028,202,202,True,True,0x02,"NO_IRQ,OK,NO_IRQ,NO_IRQ","NONE,DELTA,NONE,NONE",
2.042944,2026-09-05T19:24:31.062+01:00,72444,1607029,156,156,True,True,0x02,"NO_IRQ,OK,NO_IRQ,NO_IRQ","NONE,DELTA,NONE,NONE",
2.047517,2026-09-05T19:24:31.066+01:00,72600,1607030,166,166,True,True,0x02,"NO_IRQ,OK,NO_IRQ,NO_IRQ","NONE,DELTA,NONE,NONE",
2.055060,2026-09-05T19:24:31.071+01:00,72766,1607031,170,170,True,True,0x02,"NO_IRQ,OK,NO_IRQ,NO_IRQ","NONE,DELTA,NONE,NONE",
2.057594,2026-09-05T19:24:31.079+01:00,72936,1607032,154,154,True,True,0x02,"NO_IRQ,OK,NO_IRQ,NO_IRQ","NONE,DELTA,NONE,NONE",
2.062688,2026-09-05T19:24:31.081+01:00,73090,1607033,156,156,True,True,0x02,"NO_IRQ,OK,NO_IRQ,NO_IRQ","NONE,DELTA,NONE,NONE",
2.071781,2026-09-05T19:24:31.087+01:00,73246,1607034,168,168,True,True,0x02,"NO_IRQ,OK,NO_IRQ,NO_IRQ","NONE,DELTA,NONE,NONE",
2.072680,2026-09-05T19:24:31.095+01:00,73414,1607035,162,162,True,True,0x02,"NO_IRQ,OK,NO_IRQ,NO_IRQ","NONE,DELTA,NONE,NONE",
2.077869,2026-09-05T19:24:31.096+01:00,73576,1607036,176,176,True,True,0x02,"NO_IRQ,OK,NO_IRQ,NO_IRQ","NONE,DELTA,NONE,NONE",
2.088533,2026-09-05T19:24:31.102+01:00,73752,1607037,182,182,True,True,0x02,"NO_IRQ,OK,NO_IRQ,NO_IRQ","NONE,DELTA,NONE,NONE",
2.089165,2026-09-05T19:24:31.112+01:00,73934,1607038,166,166,True,True,0x02,"NO_IRQ,OK,NO_IRQ,NO_IRQ","NONE,DELTA,NONE,NONE",
2.092712,2026-09-05T19:24:31.113+01:00,74100,1607039,172,172,True,True,0x02,"NO_IRQ,OK,NO_IRQ,NO_IRQ","NONE,DELTA,NONE,NONE",
2.097923,2026-09-05T19:24:31.116+01:00,74272,1607040,162,162,True,True,0x02,"NO_IRQ,OK,NO_IRQ,NO_IRQ","NONE,DELTA,NONE,NONE",
2.105587,2026-09-05T19:24:31.122+01:00,74434,1607041,170,170,True,True,0x02,"NO_IRQ,OK,NO_IRQ,NO_IRQ","NONE,DELTA,NONE,NONE",
2.107420,2026-09-05T19:24:31.129+01:00,74604,1607042,170,170,True,True,0x02,"NO_IRQ,OK,NO_IRQ,NO_IRQ","NONE,DELTA,NONE,NONE",
2.112494,2026-09-05T19:24:31.131+01:00,74774,1607043,172,172,True,True,0x02,"NO_IRQ,OK,NO_IRQ,NO_IRQ","NONE,DELTA,NONE,NONE",
2.118380,2026-09-05T19:24:31.136+01:00,74946,1607044,188,188,True,True,0x02,"NO_IRQ,OK,NO_IRQ,NO_IRQ","NONE,DELTA,NONE,NONE",
2.122306,2026-09-05T19:24:31.142+01:00,75134,1607045,180,180,True,True,0x02,"NO_IRQ,OK,NO_IRQ,NO_IRQ","NONE,DELTA,NONE,NONE",
2.127694,2026-09-05T19:24:31.146+01:00,75314,1607046,162,162,True,True,0x02,"NO_IRQ,OK,NO_IRQ,NO_IRQ","NONE,DELTA,NONE,NONE",
2.132184,2026-09-05T19:24:31.151+01:00,75476,1607047,166,166,True,True,0x02,"NO_IRQ,OK,NO_IRQ,NO_IRQ","NONE,DELTA,NONE,NONE",
2.143658,2026-09-05T19:24:31.156+01:00,75642,1607048,1084,1084,True,True,0x02,"NO_IRQ,OK,NO_IRQ,NO_IRQ","NONE,DELTA_SYNC,NONE,NONE",
2.144355,2026-09-05T19:24:31.167+01:00,76726,1607049,218,218,True,True,0x02,"NO_IRQ,OK,NO_IRQ,NO_IRQ","NONE,DELTA,NONE,NONE",
2.156711,2026-09-05T19:24:31.168+01:00,76944,1607050,234,234,True,True,0x02,"NO_IRQ,OK,NO_IRQ,NO_IRQ","NONE,DELTA,NONE,NONE",
2.157374,2026-09-05T19:24:31.180+01:00,77178,1607051,180,180,True,True,0x02,"NO_IRQ,OK,NO_IRQ,NO_IRQ","NONE,DELTA,NONE,NONE",
2.157934,2026-09-05T19:24:31.181+01:00,77358,1607052,180,180,True,True,0x02,"NO_IRQ,OK,NO_IRQ,NO_IRQ","NONE,DELTA,NONE,NONE",
2.162553,2026-09-05T19:24:31.181+01:00,77538,1607053,178,178,True,True,0x02,"NO_IRQ,OK,NO_IRQ,NO_IRQ","NONE,DELTA,NONE,NONE",
2.167129,2026-09-05T19:24:31.186+01:00,77716,1607054,162,162,True,True,0x02,"NO_IRQ,OK,NO_IRQ,NO_IRQ","NONE,DELTA,NONE,NONE",
2.173896,2026-09-05T19:24:31.191+01:00,77878,1607055,180,180,True,True,0x02,"NO_IRQ,OK,NO_IRQ,NO_IRQ","NONE,DELTA,NONE,NONE",
2.177678,2026-09-05T19:24:31.198+01:00,78058,1607056,184,184,True,True,0x02,"NO_IRQ,OK,NO_IRQ,NO_IRQ","NONE,DELTA,NONE,NONE",
2.182368,2026-09-05T19:24:31.202+01:00,78242,1607057,194,194,True,True,0x02,"NO_IRQ,OK,NO_IRQ,NO_IRQ","NONE,DELTA,NONE,NONE",
2.189980,2026-09-05T19:24:31.206+01:00,78436,1607058,176,176,True,True,0x02,"NO_IRQ,OK,NO_IRQ,NO_IRQ","NONE,DELTA,NONE,NONE",
2.192417,2026-09-05T19:24:31.214+01:00,78612,1607059,170,170,True,True,0x02,"NO_IRQ,OK,NO_IRQ,NO_IRQ","NONE,DELTA,NONE,NONE",
2.197475,2026-09-05T19:24:31.216+01:00,78782,1607060,182,182,True,True,0x02,"NO_IRQ,OK,NO_IRQ,NO_IRQ","NONE,DELTA,NONE,NONE",
2.207344,2026-09-05T19:24:31.221+01:00,78964,1607061,168,168,True,True,0x02,"NO_IRQ,OK,NO_IRQ,NO_IRQ","NONE,DELTA,NONE,NONE",
2.207955,2026-09-05T19:24:31.231+01:00,79132,1607062,186,186,True,True,0x02,"NO_IRQ,OK,NO_IRQ,NO_IRQ","NONE,DELTA,NONE,NONE",
2.212486,2026-09-05T19:24:31.231+01:00,79318,1607063,186,186,True,True,0x02,"NO_IRQ,OK,NO_IRQ,NO_IRQ","NONE,DELTA,NONE,NONE",
2.217353,2026-09-05T19:24:31.236+01:00,79504,1607064,184,184,True,True,0x02,"NO_IRQ,OK,NO_IRQ,NO_IRQ","NONE,DELTA,NONE,NONE",
2.224156,2026-09-05T19:24:31.241+01:00,79688,1607065,170,170,True,True,0x02,"NO_IRQ,OK,NO_IRQ,NO_IRQ","NONE,DELTA,NONE,NONE",
2.227742,2026-09-05T19:24:31.248+01:00,79858,1607066,154,154,True,True,0x02,"NO_IRQ,OK,NO_IRQ,NO_IRQ","NONE,DELTA,NONE,NONE",
2.232234,2026-09-05T19:24:31.252+01:00,80012,1607067,184,184,True,True,0x02,"NO_IRQ,OK,NO_IRQ,NO_IRQ","NONE,DELTA,NONE,NONE",
2.240197,2026-09-05T19:24:31.256+01:00,80196,1607068,178,178,True,True,0x02,"NO_IRQ,OK,NO_IRQ,NO_IRQ","NONE,DELTA,NONE,NONE",
2.242139,2026-09-05T19:24:31.264+01:00,80374,1607069,168,168,True,True,0x02,"NO_IRQ,OK,NO_IRQ,NO_IRQ","NONE,DELTA,NONE,NONE",
2.247627,2026-09-05T19:24:31.266+01:00,80542,1607070,194,194,True,True,0x02,"NO_IRQ,OK,NO_IRQ,NO_IRQ","NONE,DELTA,NONE,NONE",
2.257178,2026-09-05T19:24:31.271+01:00,80736,1607071,200,200,True,True,0x02,"NO_IRQ,OK,NO_IRQ,NO_IRQ","NONE,DELTA,NONE,NONE",
2.257765,2026-09-05T19:24:31.281+01:00,80936,1607072,180,180,True,True,0x02,"NO_IRQ,OK,NO_IRQ,NO_IRQ","NONE,DELTA,NONE,NONE",
2.262461,2026-09-05T19:24:31.281+01:00,81116,1607073,184,184,True,True,0x02,"NO_IRQ,OK,NO_IRQ,NO_IRQ","NONE,DELTA,NONE,NONE",
2.267130,2026-09-05T19:24:31.286+01:00,81300,1607074,194,194,True,True,0x02,"NO_IRQ,OK,NO_IRQ,NO_IRQ","NONE,DELTA,NONE,NONE",
2.275017,2026-09-05T19:24:31.291+01:00,81494,1607075,186,186,True,True,0x02,"NO_IRQ,OK,NO_IRQ,NO_IRQ","NONE,DELTA,NONE,NONE",
2.277205,2026-09-05T19:24:31.299+01:00,81680,1607076,188,188,True,True,0x02,"NO_IRQ,OK,NO_IRQ,NO_IRQ","NONE,DELTA,NONE,NONE",
2.282385,2026-09-05T19:24:31.301+01:00,81868,1607077,170,170,True,True,0x02,"NO_IRQ,OK,NO_IRQ,NO_IRQ","NONE,DELTA,NONE,NONE",
2.287758,2026-09-05T19:24:31.306+01:00,82038,1607078,180,180,True,True,0x02,"NO_IRQ,OK,NO_IRQ,NO_IRQ","NONE,DELTA,NONE,NONE",
2.292213,2026-09-05T19:24:31.311+01:00,82218,1607079,196,196,True,True,0x02,"NO_IRQ,OK,NO_IRQ,NO_IRQ","NONE,DELTA,NONE,NONE",
2.296946,2026-09-05T19:24:31.316+01:00,82414,1607080,164,164,True,True,0x02,"NO_IRQ,OK,NO_IRQ,NO_IRQ","NONE,DELTA,NONE,NONE",
2.301921,2026-09-05T19:24:31.321+01:00,82578,1607081,198,198,True,True,0x02,"NO_IRQ,OK,NO_IRQ,NO_IRQ","NONE,DELTA,NONE,NONE",
2.314290,2026-09-05T19:24:31.325+01:00,82776,1607082,172,172,True,True,0x02,"NO_IRQ,OK,NO_IRQ,NO_IRQ","NONE,DELTA,NONE,NONE",
2.317738,2026-09-05T19:24:31.338+01:00,82948,1607083,170,170,True,True,0x02,"NO_IRQ,OK,NO_IRQ,NO_IRQ","NONE,DELTA,NONE,NONE",
2.318528,2026-09-05T19:24:31.341+01:00,83118,1607084,172,172,True,True,0x02,"NO_IRQ,OK,NO_IRQ,NO_IRQ","NONE,DELTA,NONE,NONE",
2.322247,2026-09-05T19:24:31.342+01:00,83290,1607085,162,162,True,True,0x02,"NO_IRQ,OK,NO_IRQ,NO_IRQ","NONE,DELTA,NONE,NONE",
2.327456,2026-09-05T19:24:31.346+01:00,83452,1607086,170,170,True,True,0x02,"NO_IRQ,OK,NO_IRQ,NO_IRQ","NONE,DELTA,NONE,NONE",
2.334558,2026-09-05T19:24:31.351+01:00,83622,1607087,184,184,True,True,0x02,"NO_IRQ,OK,NO_IRQ,NO_IRQ","NONE,DELTA,NONE,NONE",
2.337140,2026-09-05T19:24:31.358+01:00,83806,1607088,180,180,True,True,0x02,"NO_IRQ,OK,NO_IRQ,NO_IRQ","NONE,DELTA,NONE,NONE",
2.342181,2026-09-05T19:24:31.361+01:00,83986,1607089,202,202,True,True,0x02,"NO_IRQ,OK,NO_IRQ,NO_IRQ","NONE,DELTA,NONE,NONE",
2.350918,2026-09-05T19:24:31.366+01:00,84188,1607090,184,184,True,True,0x02,"NO_IRQ,OK,NO_IRQ,NO_IRQ","NONE,DELTA,NONE,NONE",
2.352001,2026-09-05T19:24:31.374+01:00,84372,1607091,156,156,True,True,0x02,"NO_IRQ,OK,NO_IRQ,NO_IRQ","NONE,DELTA,NONE,NONE",
2.357157,2026-09-05T19:24:31.376+01:00,84528,1607092,172,172,True,True,0x02,"NO_IRQ,OK,NO_IRQ,NO_IRQ","NONE,DELTA,NONE,NONE",
2.366828,2026-09-05T19:24:31.381+01:00,84700,1607093,170,170,True,True,0x02,"NO_IRQ,OK,NO_IRQ,NO_IRQ","NONE,DELTA,NONE,NONE",
2.367455,2026-09-05T19:24:31.390+01:00,84870,1607094,162,162,True,True,0x02,"NO_IRQ,OK,NO_IRQ,NO_IRQ","NONE,DELTA,NONE,NONE",
2.372082,2026-09-05T19:24:31.391+01:00,85032,1607095,166,166,True,True,0x02,"NO_IRQ,OK,NO_IRQ,NO_IRQ","NONE,DELTA,NONE,NONE",
2.382694,2026-09-05T19:24:31.396+01:00,85198,1607096,156,156,True,True,0x02,"NO_IRQ,OK,NO_IRQ,NO_IRQ","NONE,DELTA,NONE,NONE",
2.383367,2026-09-05T19:24:31.406+01:00,85354,1607097,190,190,True,True,0x02,"NO_IRQ,OK,NO_IRQ,NO_IRQ","NONE,DELTA,NONE,NONE",
2.387045,2026-09-05T19:24:31.407+01:00,85544,1607098,188,188,True,True,0x02,"NO_IRQ,OK,NO_IRQ,NO_IRQ","NONE,DELTA,NONE,NONE",
2.391927,2026-09-05T19:24:31.411+01:00,85732,1607099,178,178,True,True,0x02,"NO_IRQ,OK,NO_IRQ,NO_IRQ","NONE,DELTA,NONE,NONE",
2.400555,2026-09-05T19:24:31.416+01:00,85910,1607100,184,184,True,True,0x02,"NO_IRQ,OK,NO_IRQ,NO_IRQ","NONE,DELTA,NONE,NONE",
2.401792,2026-09-05T19:24:31.424+01:00,86094,1607101,162,162,True,True,0x02,"NO_IRQ,OK,NO_IRQ,NO_IRQ","NONE,DELTA,NONE,NONE",
2.407047,2026-09-05T19:24:31.426+01:00,86256,1607102,164,164,True,True,0x02,"NO_IRQ,OK,NO_IRQ,NO_IRQ","NONE,DELTA,NONE,NONE",
2.416985,2026-09-05T19:24:31.431+01:00,86420,1607103,168,168,True,True,0x02,"NO_IRQ,OK,NO_IRQ,NO_IRQ","NONE,DELTA,NONE,NONE",
2.417905,2026-09-05T19:24:31.441+01:00,86588,1607104,172,172,True,True,0x02,"NO_IRQ,OK,NO_IRQ,NO_IRQ","NONE,DELTA,NONE,NONE",
2.422049,2026-09-05T19:24:31.442+01:00,86760,1607105,186,186,True,True,0x02,"NO_IRQ,OK,NO_IRQ,NO_IRQ","NONE,DELTA,NONE,NONE",
2.426876,2026-09-05T19:24:31.446+01:00,86946,1607106,154,154,True,True,0x02,"NO_IRQ,OK,NO_IRQ,NO_IRQ","NONE,DELTA,NONE,NONE",
2.433627,2026-09-05T19:24:31.450+01:00,87100,1607107,166,166,True,True,0x02,"NO_IRQ,OK,NO_IRQ,NO_IRQ","NONE,DELTA,NONE,NONE",
2.436990,2026-09-05T19:24:31.457+01:00,87266,1607108,170,170,True,True,0x02,"NO_IRQ,OK,NO_IRQ,NO_IRQ","NONE,DELTA,NONE,NONE",
2.441880,2026-09-05T19:24:31.461+01:00,87436,1607109,190,190,True,True,0x02,"NO_IRQ,OK,NO_IRQ,NO_IRQ","NONE,DELTA,NONE,NONE",
2.447774,2026-09-05T19:24:31.465+01:00,87626,1607110,162,162,True,True,0x02,"NO_IRQ,OK,NO_IRQ,NO_IRQ","NONE,DELTA,NONE,NONE",
2.452485,2026-09-05T19:24:31.471+01:00,87788,1607111,180,180,True,True,0x02,"NO_IRQ,OK,NO_IRQ,NO_IRQ","NONE,DELTA,NONE,NONE",
2.456622,2026-09-05T19:24:31.476+01:00,87968,1607112,174,174,True,True,0x02,"NO_IRQ,OK,NO_IRQ,NO_IRQ","NONE,DELTA,NONE,NONE",
2.461691,2026-09-05T19:24:31.480+01:00,88142,1607113,180,180,True,True,0x02,"NO_IRQ,OK,NO_IRQ,NO_IRQ","NONE,DELTA,NONE,NONE",
2.470189,2026-09-05T19:24:31.485+01:00,88322,1607114,160,160,True,True,0x02,"NO_IRQ,OK,NO_IRQ,NO_IRQ","NONE,DELTA,NONE,NONE",
2.471551,2026-09-05T19:24:31.494+01:00,88482,1607115,150,150,True,True,0x02,"NO_IRQ,OK,NO_IRQ,NO_IRQ","NONE,DELTA,NONE,NONE",
2.484095,2026-09-05T19:24:31.495+01:00,88632,1607116,174,174,True,True,0x02,"NO_IRQ,OK,NO_IRQ,NO_IRQ","NONE,DELTA,NONE,NONE",
2.484938,2026-09-05T19:24:31.508+01:00,88806,1607117,176,176,True,True,0x02,"NO_IRQ,OK,NO_IRQ,NO_IRQ","NONE,DELTA,NONE,NONE",
2.486625,2026-09-05T19:24:31.508+01:00,88982,1607118,160,160,True,True,0x02,"NO_IRQ,OK,NO_IRQ,NO_IRQ","NONE,DELTA,NONE,NONE",
2.492038,2026-09-05T19:24:31.511+01:00,89142,1607119,198,198,True,True,0x02,"NO_IRQ,OK,NO_IRQ,NO_IRQ","NONE,DELTA,NONE,NONE",
2.502279,2026-09-05T19:24:31.516+01:00,89340,1607120,194,194,True,True,0x02,"NO_IRQ,OK,NO_IRQ,NO_IRQ","NONE,DELTA,NONE,NONE",
2.503092,2026-09-05T19:24:31.526+01:00,89534,1607121,190,190,True,True,0x02,"NO_IRQ,OK,NO_IRQ,NO_IRQ","NONE,DELTA,NONE,NONE",
2.506979,2026-09-05T19:24:31.527+01:00,89724,1607122,186,186,True,True,0x02,"NO_IRQ,OK,NO_IRQ,NO_IRQ","NONE,DELTA,NONE,NONE",
2.512273,2026-09-05T19:24:31.531+01:00,89910,1607123,190,190,True,True,0x02,"NO_IRQ,OK,NO_IRQ,NO_IRQ","NONE,DELTA,NONE,NONE",
2.519274,2026-09-05T19:24:31.536+01:00,90100,1607124,164,164,True,True,0x02,"NO_IRQ,OK,NO_IRQ,NO_IRQ","NONE,DELTA,NONE,NONE",
2.521800,2026-09-05T19:24:31.543+01:00,90264,1607125,182,182,True,True,0x02,"NO_IRQ,OK,NO_IRQ,NO_IRQ","NONE,DELTA,NONE,NONE",
2.526926,2026-09-05T19:24:31.545+01:00,90446,1607126,172,172,True,True,0x02,"NO_IRQ,OK,NO_IRQ,NO_IRQ","NONE,DELTA,NONE,NONE",
2.535821,2026-09-05T19:24:31.550+01:00,90618,1607127,192,192,True,True,0x02,"NO_IRQ,OK,NO_IRQ,NO_IRQ","NONE,DELTA,NONE,NONE",
2.536727,2026-09-05T19:24:31.559+01:00,90810,1607128,184,184,True,True,0x02,"NO_IRQ,OK,NO_IRQ,NO_IRQ","NONE,DELTA,NONE,NONE",
2.541886,2026-09-05T19:24:31.560+01:00,90994,1607129,184,184,True,True,0x02,"NO_IRQ,OK,NO_IRQ,NO_IRQ","NONE,DELTA,NONE,NONE",
2.552044,2026-09-05T19:24:31.565+01:00,91178,1607130,162,162,True,True,0x02,"NO_IRQ,OK,NO_IRQ,NO_IRQ","NONE,DELTA,NONE,NONE",
2.552639,2026-09-05T19:24:31.576+01:00,91340,1607131,170,170,True,True,0x02,"NO_IRQ,OK,NO_IRQ,NO_IRQ","NONE,DELTA,NONE,NONE",
2.556668,2026-09-05T19:24:31.576+01:00,91510,1607132,162,162,True,True,0x02,"NO_IRQ,OK,NO_IRQ,NO_IRQ","NONE,DELTA,NONE,NONE",
2.561693,2026-09-05T19:24:31.580+01:00,91672,1607133,178,178,True,True,0x02,"NO_IRQ,OK,NO_IRQ,NO_IRQ","NONE,DELTA,NONE,NONE",
2.568288,2026-09-05T19:24:31.585+01:00,91850,1607134,186,186,True,True,0x02,"NO_IRQ,OK,NO_IRQ,NO_IRQ","NONE,DELTA,NONE,NONE",
2.571707,2026-09-05T19:24:31.592+01:00,92036,1607135,170,170,True,True,0x02,"NO_IRQ,OK,NO_IRQ,NO_IRQ","NONE,DELTA,NONE,NONE",
2.577204,2026-09-05T19:24:31.595+01:00,92206,1607136,192,192,True,True,0x02,"NO_IRQ,OK,NO_IRQ,NO_IRQ","NONE,DELTA,NONE,NONE",
2.585028,2026-09-05T19:24:31.601+01:00,92398,1607137,196,196,True,True,0x02,"NO_IRQ,OK,NO_IRQ,NO_IRQ","NONE,DELTA,NONE,NONE",
2.586699,2026-09-05T19:24:31.609+01:00,92594,1607138,152,152,True,True,0x02,"NO_IRQ,OK,NO_IRQ,NO_IRQ","NONE,DELTA,NONE,NONE",
2.591774,2026-09-05T19:24:31.610+01:00,92746,1607139,182,182,True,True,0x02,"NO_IRQ,OK,NO_IRQ,NO_IRQ","NONE,DELTA,NONE,NONE",
2.600858,2026-09-05T19:24:31.615+01:00,92928,1607140,172,172,True,True,0x02,"NO_IRQ,OK,NO_IRQ,NO_IRQ","NONE,DELTA,NONE,NONE",
2.601652,2026-09-05T19:24:31.624+01:00,93100,1607141,162,162,True,True,0x02,"NO_IRQ,OK,NO_IRQ,NO_IRQ","NONE,DELTA,NONE,NONE",
2.606720,2026-09-05T19:24:31.625+01:00,93262,1607142,194,194,True,True,0x02,"NO_IRQ,OK,NO_IRQ,NO_IRQ","NONE,DELTA,NONE,NONE",
2.612718,2026-09-05T19:24:31.630+01:00,93456,1607143,154,154,True,True,0x02,"NO_IRQ,OK,NO_IRQ,NO_IRQ","NONE,DELTA,NONE,NONE",
2.616802,2026-09-05T19:24:31.636+01:00,93610,1607144,180,180,True,True,0x02,"NO_IRQ,OK,NO_IRQ,NO_IRQ","NONE,DELTA,NONE,NONE",
2.621684,2026-09-05T19:24:31.640+01:00,93790,1607145,148,148,True,True,0x02,"NO_IRQ,OK,NO_IRQ,NO_IRQ","NONE,DELTA,NONE,NONE",
2.627048,2026-09-05T19:24:31.645+01:00,93938,1607146,186,186,True,True,0x02,"NO_IRQ,OK,NO_IRQ,NO_IRQ","NONE,DELTA,NONE,NONE",
2.641263,2026-09-05T19:24:31.651+01:00,94124,1607147,202,202,True,True,0x02,"NO_IRQ,OK,NO_IRQ,NO_IRQ","NONE,DELTA,NONE,NONE",
2.641910,2026-09-05T19:24:31.665+01:00,94326,1607148,176,176,True,True,0x02,"NO_IRQ,OK,NO_IRQ,NO_IRQ","NONE,DELTA,NONE,NONE",
2.642610,2026-09-05T19:24:31.666+01:00,94502,1607149,160,160,True,True,0x02,"NO_IRQ,OK,NO_IRQ,NO_IRQ","NONE,DELTA,NONE,NONE",
2.646503,2026-09-05T19:24:31.666+01:00,94662,1607150,172,172,True,True,0x02,"NO_IRQ,OK,NO_IRQ,NO_IRQ","NONE,DELTA,NONE,NONE",
2.651449,2026-09-05T19:24:31.670+01:00,94834,1607151,178,178,True,True,0x02,"NO_IRQ,OK,NO_IRQ,NO_IRQ","NONE,DELTA,NONE,NONE",
2.658413,2026-09-05T19:24:31.675+01:00,95012,1607152,184,184,True,True,0x02,"NO_IRQ,OK,NO_IRQ,NO_IRQ","NONE,DELTA,NONE,NONE",
2.661845,2026-09-05T19:24:31.682+01:00,95196,1607153,174,174,True,True,0x02,"NO_IRQ,OK,NO_IRQ,NO_IRQ","NONE,DELTA,NONE,NONE",
2.666645,2026-09-05T19:24:31.686+01:00,95370,1607154,184,184,True,True,0x02,"NO_IRQ,OK,NO_IRQ,NO_IRQ","NONE,DELTA,NONE,NONE",
2.675675,2026-09-05T19:24:31.690+01:00,95554,1607155,190,190,True,True,0x02,"NO_IRQ,OK,NO_IRQ,NO_IRQ","NONE,DELTA,NONE,NONE",
2.676810,2026-09-05T19:24:31.699+01:00,95744,1607156,168,168,True,True,0x02,"NO_IRQ,OK,NO_IRQ,NO_IRQ","NONE,DELTA,NONE,NONE",
2.681604,2026-09-05T19:24:31.700+01:00,95912,1607157,168,168,True,True,0x02,"NO_IRQ,OK,NO_IRQ,NO_IRQ","NONE,DELTA,NONE,NONE",
2.686234,2026-09-05T19:24:31.705+01:00,96080,1607158,166,166,True,True,0x02,"NO_IRQ,OK,NO_IRQ,NO_IRQ","NONE,DELTA,NONE,NONE",
2.693636,2026-09-05T19:24:31.710+01:00,96246,1607159,190,190,True,True,0x02,"NO_IRQ,OK,NO_IRQ,NO_IRQ","NONE,DELTA,NONE,NONE",
2.696715,2026-09-05T19:24:31.718+01:00,96436,1607160,180,180,True,True,0x02,"NO_IRQ,OK,NO_IRQ,NO_IRQ","NONE,DELTA,NONE,NONE",
2.701546,2026-09-05T19:24:31.720+01:00,96616,1607161,166,166,True,True,0x02,"NO_IRQ,OK,NO_IRQ,NO_IRQ","NONE,DELTA,NONE,NONE",
2.710383,2026-09-05T19:24:31.725+01:00,96782,1607162,188,188,True,True,0x02,"NO_IRQ,OK,NO_IRQ,NO_IRQ","NONE,DELTA,NONE,NONE",
2.711529,2026-09-05T19:24:31.734+01:00,96970,1607163,174,174,True,True,0x02,"NO_IRQ,OK,NO_IRQ,NO_IRQ","NONE,DELTA,NONE,NONE",
2.716578,2026-09-05T19:24:31.735+01:00,97144,1607164,186,186,True,True,0x02,"NO_IRQ,OK,NO_IRQ,NO_IRQ","NONE,DELTA,NONE,NONE",
2.726782,2026-09-05T19:24:31.740+01:00,97330,1607165,170,170,True,True,0x02,"NO_IRQ,OK,NO_IRQ,NO_IRQ","NONE,DELTA,NONE,NONE",
2.728104,2026-09-05T19:24:31.750+01:00,97500,1607166,184,184,True,True,0x02,"NO_IRQ,OK,NO_IRQ,NO_IRQ","NONE,DELTA,NONE,NONE",
2.731213,2026-09-05T19:24:31.752+01:00,97684,1607167,192,192,True,True,0x02,"NO_IRQ,OK,NO_IRQ,NO_IRQ","NONE,DELTA,NONE,NONE",
2.736639,2026-09-05T19:24:31.755+01:00,97876,1607168,184,184,True,True,0x02,"NO_IRQ,OK,NO_IRQ,NO_IRQ","NONE,DELTA,NONE,NONE",
2.744428,2026-09-05T19:24:31.760+01:00,98060,1607169,178,178,True,True,0x02,"NO_IRQ,OK,NO_IRQ,NO_IRQ","NONE,DELTA,NONE,NONE",
2.746440,2026-09-05T19:24:31.768+01:00,98238,1607170,140,140,True,True,0x02,"NO_IRQ,OK,NO_IRQ,NO_IRQ","NONE,DELTA,NONE,NONE",
2.751491,2026-09-05T19:24:31.770+01:00,98378,1607171,164,164,True,True,0x02,"NO_IRQ,OK,NO_IRQ,NO_IRQ","NONE,DELTA,NONE,NONE",
2.761463,2026-09-05T19:24:31.775+01:00,98542,1607172,164,164,True,True,0x02,"NO_IRQ,OK,NO_IRQ,NO_IRQ","NONE,DELTA,NONE,NONE",
2.762238,2026-09-05T19:24:31.785+01:00,98706,1607173,176,176,True,True,0x02,"NO_IRQ,OK,NO_IRQ,NO_IRQ","NONE,DELTA,NONE,NONE",
2.766406,2026-09-05T19:24:31.786+01:00,98882,1607174,180,180,True,True,0x02,"NO_IRQ,OK,NO_IRQ,NO_IRQ","NONE,DELTA,NONE,NONE",
2.771131,2026-09-05T19:24:31.790+01:00,99062,1607175,168,168,True,True,0x02,"NO_IRQ,OK,NO_IRQ,NO_IRQ","NONE,DELTA,NONE,NONE",
2.778050,2026-09-05T19:24:31.795+01:00,99230,1607176,160,160,True,True,0x02,"NO_IRQ,OK,NO_IRQ,NO_IRQ","NONE,DELTA,NONE,NONE",
2.781092,2026-09-05T19:24:31.802+01:00,99390,1607177,184,184,True,True,0x02,"NO_IRQ,OK,NO_IRQ,NO_IRQ","NONE,DELTA,NONE,NONE",
2.786178,2026-09-05T19:24:31.805+01:00,99574,1607178,142,142,True,True,0x02,"NO_IRQ,OK,NO_IRQ,NO_IRQ","NONE,DELTA,NONE,NONE",
2.798360,2026-09-05T19:24:31.810+01:00,99716,1607179,180,180,True,True,0x02,"NO_IRQ,OK,NO_IRQ,NO_IRQ","NONE,DELTA,NONE,NONE",
2.798695,2026-09-05T19:24:31.822+01:00,99896,1607180,184,184,True,True,0x02,"NO_IRQ,OK,NO_IRQ,NO_IRQ","NONE,DELTA,NONE,NONE",
2.812694,2026-09-05T19:24:31.822+01:00,100080,1607181,174,174,True,True,0x02,"NO_IRQ,OK,NO_IRQ,NO_IRQ","NONE,DELTA,NONE,NONE",
2.813442,2026-09-05T19:24:31.836+01:00,100254,1607182,172,172,True,True,0x02,"NO_IRQ,OK,NO_IRQ,NO_IRQ","NONE,DELTA,NONE,NONE",
2.814102,2026-09-05T19:24:31.837+01:00,100426,1607183,158,158,True,True,0x02,"NO_IRQ,OK,NO_IRQ,NO_IRQ","NONE,DELTA,NONE,NONE",
2.816384,2026-09-05T19:24:31.838+01:00,100584,1607184,158,158,True,True,0x02,"NO_IRQ,OK,NO_IRQ,NO_IRQ","NONE,DELTA,NONE,NONE",
2.821054,2026-09-05T19:24:31.840+01:00,100742,1607185,168,168,True,True,0x02,"NO_IRQ,OK,NO_IRQ,NO_IRQ","NONE,DELTA,NONE,NONE",
2.829732,2026-09-05T19:24:31.845+01:00,100910,1607186,162,162,True,True,0x02,"NO_IRQ,OK,NO_IRQ,NO_IRQ","NONE,DELTA,NONE,NONE",
2.831177,2026-09-05T19:24:31.853+01:00,101072,1607187,174,174,True,True,0x02,"NO_IRQ,OK,NO_IRQ,NO_IRQ","NONE,DELTA,NONE,NONE",
2.836272,2026-09-05T19:24:31.855+01:00,101246,1607188,182,182,True,True,0x02,"NO_IRQ,OK,NO_IRQ,NO_IRQ","NONE,DELTA,NONE,NONE",
2.845983,2026-09-05T19:24:31.860+01:00,101428,1607189,182,182,True,True,0x02,"NO_IRQ,OK,NO_IRQ,NO_IRQ","NONE,DELTA,NONE,NONE",
2.846910,2026-09-05T19:24:31.870+01:00,101610,1607190,174,174,True,True,0x02,"NO_IRQ,OK,NO_IRQ,NO_IRQ","NONE,DELTA,NONE,NONE",
2.851175,2026-09-05T19:24:31.870+01:00,101784,1607191,156,156,True,True,0x02,"NO_IRQ,OK,NO_IRQ,NO_IRQ","NONE,DELTA,NONE,NONE",
2.862296,2026-09-05T19:24:31.875+01:00,101940,1607192,198,198,True,True,0x02,"NO_IRQ,OK,NO_IRQ,NO_IRQ","NONE,DELTA,NONE,NONE",
2.862993,2026-09-05T19:24:31.886+01:00,102138,1607193,184,184,True,True,0x02,"NO_IRQ,OK,NO_IRQ,NO_IRQ","NONE,DELTA,NONE,NONE",
2.866147,2026-09-05T19:24:31.887+01:00,102322,1607194,190,190,True,True,0x02,"NO_IRQ,OK,NO_IRQ,NO_IRQ","NONE,DELTA,NONE,NONE",
2.871237,2026-09-05T19:24:31.890+01:00,102512,1607195,174,174,True,True,0x02,"NO_IRQ,OK,NO_IRQ,NO_IRQ","NONE,DELTA,NONE,NONE",
2.879132,2026-09-05T19:24:31.895+01:00,102686,1607196,178,178,True,True,0x02,"NO_IRQ,OK,NO_IRQ,NO_IRQ","NONE,DELTA,NONE,NONE",
2.880998,2026-09-05T19:24:31.903+01:00,102864,1607197,156,156,True,True,0x02,"NO_IRQ,OK,NO_IRQ,NO_IRQ","NONE,DELTA,NONE,NONE",
2.886088,2026-09-05T19:24:31.905+01:00,103020,1607198,158,158,True,True,0x02,"NO_IRQ,OK,NO_IRQ,NO_IRQ","NONE,DELTA,NONE,NONE",
2.895172,2026-09-05T19:24:31.910+01:00,103178,1607199,176,176,True,True,0x02,"NO_IRQ,OK,NO_IRQ,NO_IRQ","NONE,DELTA,NONE,NONE",
2.896140,2026-09-05T19:24:31.919+01:00,103354,1607200,186,186,True,True,0x02,"NO_IRQ,OK,NO_IRQ,NO_IRQ","NONE,DELTA,NONE,NONE",
2.901439,2026-09-05T19:24:31.920+01:00,103540,1607201,174,174,True,True,0x02,"NO_IRQ,OK,NO_IRQ,NO_IRQ","NONE,DELTA,NONE,NONE",
2.905932,2026-09-05T19:24:31.925+01:00,103714,1607202,184,184,True,True,0x02,"NO_IRQ,OK,NO_IRQ,NO_IRQ","NONE,DELTA,NONE,NONE",
2.913310,2026-09-05T19:24:31.929+01:00,103898,1607203,200,200,True,True,0x02,"NO_IRQ,OK,NO_IRQ,NO_IRQ","NONE,DELTA,NONE,NONE",
2.916115,2026-09-05T19:24:31.937+01:00,104098,1607204,178,178,True,True,0x02,"NO_IRQ,OK,NO_IRQ,NO_IRQ","NONE,DELTA,NONE,NONE",
2.920973,2026-09-05T19:24:31.940+01:00,104276,1607205,194,194,True,True,0x02,"NO_IRQ,OK,NO_IRQ,NO_IRQ","NONE,DELTA,NONE,NONE",
2.929062,2026-09-05T19:24:31.944+01:00,104470,1607206,176,176,True,True,0x02,"NO_IRQ,OK,NO_IRQ,NO_IRQ","NONE,DELTA,NONE,NONE",
2.930866,2026-09-05T19:24:31.953+01:00,104646,1607207,184,184,True,True,0x02,"NO_IRQ,OK,NO_IRQ,NO_IRQ","NONE,DELTA,NONE,NONE",
2.936173,2026-09-05T19:24:31.954+01:00,104830,1607208,192,192,True,True,0x02,"NO_IRQ,OK,NO_IRQ,NO_IRQ","NONE,DELTA,NONE,NONE",
2.941193,2026-09-05T19:24:31.960+01:00,105022,1607209,166,166,True,True,0x02,"NO_IRQ,OK,NO_IRQ,NO_IRQ","NONE,DELTA,NONE,NONE",
2.945866,2026-09-05T19:24:31.965+01:00,105188,1607210,166,166,True,True,0x02,"NO_IRQ,OK,NO_IRQ,NO_IRQ","NONE,DELTA,NONE,NONE",
2.950760,2026-09-05T19:24:31.969+01:00,105354,1607211,192,192,True,True,0x02,"NO_IRQ,OK,NO_IRQ,NO_IRQ","NONE,DELTA,NONE,NONE",
2.955763,2026-09-05T19:24:31.974+01:00,105546,1607212,172,172,True,True,0x02,"NO_IRQ,OK,NO_IRQ,NO_IRQ","NONE,DELTA,NONE,NONE",
2.969398,2026-09-05T19:24:31.979+01:00,105718,1607213,144,144,True,True,0x02,"NO_IRQ,OK,NO_IRQ,NO_IRQ","NONE,DELTA,NONE,NONE",
2.970150,2026-09-05T19:24:31.993+01:00,105862,1607214,182,182,True,True,0x02,"NO_IRQ,OK,NO_IRQ,NO_IRQ","NONE,DELTA,NONE,NONE",
2.970933,2026-09-05T19:24:31.994+01:00,106044,1607215,166,166,True,True,0x02,"NO_IRQ,OK,NO_IRQ,NO_IRQ","NONE,DELTA,NONE,NONE",
2.976073,2026-09-05T19:24:31.995+01:00,106210,1607216,162,162,True,True,0x02,"NO_IRQ,OK,NO_IRQ,NO_IRQ","NONE,DELTA,NONE,NONE",
2.986596,2026-09-05T19:24:32.000+01:00,106372,1607217,164,164,True,True,0x02,"NO_IRQ,OK,NO_IRQ,NO_IRQ","NONE,DELTA,NONE,NONE",
2.987204,2026-09-05T19:24:32.010+01:00,106536,1607218,178,178,True,True,0x02,"NO_IRQ,OK,NO_IRQ,NO_IRQ","NONE,DELTA,NONE,NONE",
2.990888,2026-09-05T19:24:32.011+01:00,106714,1607219,184,184,True,True,0x02,"NO_IRQ,OK,NO_IRQ,NO_IRQ","NONE,DELTA,NONE,NONE",
2.996027,2026-09-05T19:24:32.015+01:00,106898,1607220,174,174,True,True,0x02,"NO_IRQ,OK,NO_IRQ,NO_IRQ","NONE,DELTA,NONE,NONE",
3.003470,2026-09-05T19:24:32.020+01:00,107072,1607221,144,144,True,True,0x02,"NO_IRQ,OK,NO_IRQ,NO_IRQ","NONE,DELTA,NONE,NONE",
3.006170,2026-09-05T19:24:32.027+01:00,107216,1607222,176,176,True,True,0x02,"NO_IRQ,OK,NO_IRQ,NO_IRQ","NONE,DELTA,NONE,NONE",
3.010970,2026-09-05T19:24:32.030+01:00,107392,1607223,174,174,True,True,0x02,"NO_IRQ,OK,NO_IRQ,NO_IRQ","NONE,DELTA,NONE,NONE",
3.021297,2026-09-05T19:24:32.035+01:00,107566,1607224,184,184,True,True,0x02,"NO_IRQ,OK,NO_IRQ,NO_IRQ","NONE,DELTA,NONE,NONE",
3.022015,2026-09-05T19:24:32.045+01:00,107750,1607225,170,170,True,True,0x02,"NO_IRQ,OK,NO_IRQ,NO_IRQ","NONE,DELTA,NONE,NONE",
3.025912,2026-09-05T19:24:32.046+01:00,107920,1607226,192,192,True,True,0x02,"NO_IRQ,OK,NO_IRQ,NO_IRQ","NONE,DELTA,NONE,NONE",
3.030811,2026-09-05T19:24:32.049+01:00,108112,1607227,180,180,True,True,0x02,"NO_IRQ,OK,NO_IRQ,NO_IRQ","NONE,DELTA,NONE,NONE",
3.039136,2026-09-05T19:24:32.055+01:00,108292,1607228,164,164,True,True,0x02,"NO_IRQ,OK,NO_IRQ,NO_IRQ","NONE,DELTA,NONE,NONE",
3.040580,2026-09-05T19:24:32.063+01:00,108456,1607229,176,176,True,True,0x02,"NO_IRQ,OK,NO_IRQ,NO_IRQ","NONE,DELTA,NONE,NONE",
3.045947,2026-09-05T19:24:32.064+01:00,108632,1607230,194,194,True,True,0x02,"NO_IRQ,OK,NO_IRQ,NO_IRQ","NONE,DELTA,NONE,NONE",
3.055520,2026-09-05T19:24:32.070+01:00,108826,1607231,188,188,True,True,0x02,"NO_IRQ,OK,NO_IRQ,NO_IRQ","NONE,DELTA,NONE,NONE",
3.056411,2026-09-05T19:24:32.079+01:00,109014,1607232,202,202,True,True,0x02,"NO_IRQ,OK,NO_IRQ,NO_IRQ","NONE,DELTA,NONE,NONE",
3.060723,2026-09-05T19:24:32.080+01:00,109216,1607233,180,180,True,True,0x02,"NO_IRQ,OK,NO_IRQ,NO_IRQ","NONE,DELTA,NONE,NONE",
3.065587,2026-09-05T19:24:32.084+01:00,109396,1607234,188,188,True,True,0x02,"NO_IRQ,OK,NO_IRQ,NO_IRQ","NONE,DELTA,NONE,NONE",
3.072152,2026-09-05T19:24:32.089+01:00,109584,1607235,188,188,True,True,0x02,"NO_IRQ,OK,NO_IRQ,NO_IRQ","NONE,DELTA,NONE,NONE",
3.076539,2026-09-05T19:24:32.096+01:00,109772,1607236,194,194,True,True,0x02,"NO_IRQ,OK,NO_IRQ,NO_IRQ","NONE,DELTA,NONE,NONE",
3.080896,2026-09-05T19:24:32.100+01:00,109966,1607237,184,184,True,True,0x02,"NO_IRQ,OK,NO_IRQ,NO_IRQ","NONE,DELTA,NONE,NONE",
3.089277,2026-09-05T19:24:32.104+01:00,110150,1607238,176,176,True,True,0x02,"NO_IRQ,OK,NO_IRQ,NO_IRQ","NONE,DELTA,NONE,NONE",
3.090694,2026-09-05T19:24:32.113+01:00,110326,1607239,168,168,True,True,0x02,"NO_IRQ,OK,NO_IRQ,NO_IRQ","NONE,DELTA,NONE,NONE",
3.095893,2026-09-05T19:24:32.114+01:00,110494,1607240,166,166,True,True,0x02,"NO_IRQ,OK,NO_IRQ,NO_IRQ","NONE,DELTA,NONE,NONE",
3.100997,2026-09-05T19:24:32.119+01:00,110660,1607241,182,182,True,True,0x02,"NO_IRQ,OK,NO_IRQ,NO_IRQ","NONE,DELTA,NONE,NONE",
3.108195,2026-09-05T19:24:32.125+01:00,110842,1607242,210,210,True,True,0x02,"NO_IRQ,OK,NO_IRQ,NO_IRQ","NONE,DELTA,NONE,NONE",
3.110578,2026-09-05T19:24:32.132+01:00,111052,1607243,180,180,True,True,0x02,"NO_IRQ,OK,NO_IRQ,NO_IRQ","NONE,DELTA,NONE,NONE",
3.115534,2026-09-05T19:24:32.134+01:00,111232,1607244,136,136,True,True,0x02,"NO_IRQ,OK,NO_IRQ,NO_IRQ","NONE,DELTA,NONE,NONE",
3.125785,2026-09-05T19:24:32.139+01:00,111368,1607245,192,192,True,True,0x02,"NO_IRQ,OK,NO_IRQ,NO_IRQ","NONE,DELTA,NONE,NONE",
3.126968,2026-09-05T19:24:32.149+01:00,111560,1607246,196,196,True,True,0x02,"NO_IRQ,OK,NO_IRQ,NO_IRQ","NONE,DELTA,NONE,NONE",
3.140141,2026-09-05T19:24:32.151+01:00,111756,1607247,148,148,True,True,0x02,"NO_IRQ,OK,NO_IRQ,NO_IRQ","NONE,DELTA,NONE,NONE",
3.140784,2026-09-05T19:24:32.164+01:00,111904,1607248,1084,1084,True,True,0x02,"NO_IRQ,OK,NO_IRQ,NO_IRQ","NONE,DELTA_SYNC,NONE,NONE",
3.141573,2026-09-05T19:24:32.164+01:00,112988,1607249,242,242,True,True,0x02,"NO_IRQ,OK,NO_IRQ,NO_IRQ","NONE,DELTA,NONE,NONE",
3.145917,2026-09-05T19:24:32.165+01:00,113230,1607250,218,218,True,True,0x02,"NO_IRQ,OK,NO_IRQ,NO_IRQ","NONE,DELTA,NONE,NONE",
3.150399,2026-09-05T19:24:32.169+01:00,113448,1607251,180,180,True,True,0x02,"NO_IRQ,OK,NO_IRQ,NO_IRQ","NONE,DELTA,NONE,NONE",
3.157070,2026-09-05T19:24:32.174+01:00,113628,1607252,196,196,True,True,0x02,"NO_IRQ,OK,NO_IRQ,NO_IRQ","NONE,DELTA,NONE,NONE",
3.161058,2026-09-05T19:24:32.181+01:00,113824,1607253,172,172,True,True,0x02,"NO_IRQ,OK,NO_IRQ,NO_IRQ","NONE,DELTA,NONE,NONE",
3.165693,2026-09-05T19:24:32.185+01:00,113996,1607254,170,170,True,True,0x02,"NO_IRQ,OK,NO_IRQ,NO_IRQ","NONE,DELTA,NONE,NONE",
3.173046,2026-09-05T19:24:32.189+01:00,114166,1607255,184,184,True,True,0x02,"NO_IRQ,OK,NO_IRQ,NO_IRQ","NONE,DELTA,NONE,NONE",
3.175305,2026-09-05T19:24:32.197+01:00,114350,1607256,168,168,True,True,0x02,"NO_IRQ,OK,NO_IRQ,NO_IRQ","NONE,DELTA,NONE,NONE",
3.180768,2026-09-05T19:24:32.199+01:00,114518,1607257,192,192,True,True,0x02,"NO_IRQ,OK,NO_IRQ,NO_IRQ","NONE,DELTA,NONE,NONE",
3.189551,2026-09-05T19:24:32.205+01:00,114710,1607258,192,192,True,True,0x02,"NO_IRQ,OK,NO_IRQ,NO_IRQ","NONE,DELTA,NONE,NONE",
3.190516,2026-09-05T19:24:32.213+01:00,114902,1607259,184,184,True,True,0x02,"NO_IRQ,OK,NO_IRQ,NO_IRQ","NONE,DELTA,NONE,NONE",
3.195678,2026-09-05T19:24:32.214+01:00,115086,1607260,196,196,True,True,0x02,"NO_IRQ,OK,NO_IRQ,NO_IRQ","NONE,DELTA,NONE,NONE",
3.205881,2026-09-05T19:24:32.219+01:00,115282,1607261,190,190,True,True,0x02,"NO_IRQ,OK,NO_IRQ,NO_IRQ","NONE,DELTA,NONE,NONE",
3.206458,2026-09-05T19:24:32.229+01:00,115472,1607262,186,186,True,True,0x02,"NO_IRQ,OK,NO_IRQ,NO_IRQ","NONE,DELTA,NONE,NONE",
3.210896,2026-09-05T19:24:32.230+01:00,115658,1607263,176,176,True,True,0x02,"NO_IRQ,OK,NO_IRQ,NO_IRQ","NONE,DELTA,NONE,NONE",
3.215617,2026-09-05T19:24:32.235+01:00,115834,1607264,172,172,True,True,0x02,"NO_IRQ,OK,NO_IRQ,NO_IRQ","NONE,DELTA,NONE,NONE",
3.222706,2026-09-05T19:24:32.239+01:00,116006,1607265,190,190,True,True,0x02,"NO_IRQ,OK,NO_IRQ,NO_IRQ","NONE,DELTA,NONE,NONE",
3.225447,2026-09-05T19:24:32.246+01:00,116196,1607266,182,182,True,True,0x02,"NO_IRQ,OK,NO_IRQ,NO_IRQ","NONE,DELTA,NONE,NONE",
3.230452,2026-09-05T19:24:32.249+01:00,116378,1607267,186,186,True,True,0x02,"NO_IRQ,OK,NO_IRQ,NO_IRQ","NONE,DELTA,NONE,NONE",
3.239185,2026-09-05T19:24:32.254+01:00,116564,1607268,180,180,True,True,0x02,"NO_IRQ,OK,NO_IRQ,NO_IRQ","NONE,DELTA,NONE,NONE",
3.240545,2026-09-05T19:24:32.263+01:00,116744,1607269,180,180,True,True,0x02,"NO_IRQ,OK,NO_IRQ,NO_IRQ","NONE,DELTA,NONE,NONE",
3.245436,2026-09-05T19:24:32.264+01:00,116924,1607270,180,180,True,True,0x02,"NO_IRQ,OK,NO_IRQ,NO_IRQ","NONE,DELTA,NONE,NONE",
3.254944,2026-09-05T19:24:32.269+01:00,117104,1607271,158,158,True,True,0x02,"NO_IRQ,OK,NO_IRQ,NO_IRQ","NONE,DELTA,NONE,NONE",
3.255884,2026-09-05T19:24:32.279+01:00,117262,1607272,160,160,True,True,0x02,"NO_IRQ,OK,NO_IRQ,NO_IRQ","NONE,DELTA,NONE,NONE",
3.260307,2026-09-05T19:24:32.279+01:00,117422,1607273,192,192,True,True,0x02,"NO_IRQ,OK,NO_IRQ,NO_IRQ","NONE,DELTA,NONE,NONE",
3.266640,2026-09-05T19:24:32.284+01:00,117614,1607274,180,180,True,True,0x02,"NO_IRQ,OK,NO_IRQ,NO_IRQ","NONE,DELTA,NONE,NONE",
3.270875,2026-09-05T19:24:32.290+01:00,117794,1607275,178,178,True,True,0x02,"NO_IRQ,OK,NO_IRQ,NO_IRQ","NONE,DELTA,NONE,NONE",
3.275144,2026-09-05T19:24:32.294+01:00,117972,1607276,170,170,True,True,0x02,"NO_IRQ,OK,NO_IRQ,NO_IRQ","NONE,DELTA,NONE,NONE",
3.280229,2026-09-05T19:24:32.299+01:00,118142,1607277,192,192,True,True,0x02,"NO_IRQ,OK,NO_IRQ,NO_IRQ","NONE,DELTA,NONE,NONE",
3.295848,2026-09-05T19:24:32.304+01:00,118334,1607278,188,188,True,True,0x02,"NO_IRQ,OK,NO_IRQ,NO_IRQ","NONE,DELTA,NONE,NONE",
3.296547,2026-09-05T19:24:32.319+01:00,118522,1607279,186,186,True,True,0x02,"NO_IRQ,OK,NO_IRQ,NO_IRQ","NONE,DELTA,NONE,NONE",
3.297396,2026-09-05T19:24:32.320+01:00,118708,1607280,174,174,True,True,0x02,"NO_IRQ,OK,NO_IRQ,NO_IRQ","NONE,DELTA,NONE,NONE",
3.300431,2026-09-05T19:24:32.321+01:00,118882,1607281,196,196,True,True,0x02,"NO_IRQ,OK,NO_IRQ,NO_IRQ","NONE,DELTA,NONE,NONE",
3.305156,2026-09-05T19:24:32.324+01:00,119078,1607282,180,180,True,True,0x02,"NO_IRQ,OK,NO_IRQ,NO_IRQ","NONE,DELTA,NONE,NONE",
3.313191,2026-09-05T19:24:32.329+01:00,119258,1607283,184,184,True,True,0x02,"NO_IRQ,OK,NO_IRQ,NO_IRQ","NONE,DELTA,NONE,NONE",
3.315496,2026-09-05T19:24:32.337+01:00,119442,1607284,194,194,True,True,0x02,"NO_IRQ,OK,NO_IRQ,NO_IRQ","NONE,DELTA,NONE,NONE",
3.320221,2026-09-05T19:24:32.339+01:00,119636,1607285,142,142,True,True,0x02,"NO_IRQ,OK,NO_IRQ,NO_IRQ","NONE,DELTA,NONE,NONE",
3.329659,2026-09-05T19:24:32.344+01:00,119778,1607286,184,184,True,True,0x02,"NO_IRQ,OK,NO_IRQ,NO_IRQ","NONE,DELTA,NONE,NONE",
3.330658,2026-09-05T19:24:32.353+01:00,119962,1607287,154,154,True,True,0x02,"NO_IRQ,OK,NO_IRQ,NO_IRQ","NONE,DELTA,NONE,NONE",
3.335531,2026-09-05T19:24:32.354+01:00,120116,1607288,188,188,True,True,0x02,"NO_IRQ,OK,NO_IRQ,NO_IRQ","NONE,DELTA,NONE,NONE",
3.345859,2026-09-05T19:24:32.359+01:00,120304,1607289,186,186,True,True,0x02,"NO_IRQ,OK,NO_IRQ,NO_IRQ","NONE,DELTA,NONE,NONE",
3.346882,2026-09-05T19:24:32.369+01:00,120490,1607290,174,174,True,True,0x02,"NO_IRQ,OK,NO_IRQ,NO_IRQ","NONE,DELTA,NONE,NONE",
3.350251,2026-09-05T19:24:32.371+01:00,120664,1607291,174,174,True,True,0x02,"NO_IRQ,OK,NO_IRQ,NO_IRQ","NONE,DELTA,NONE,NONE",
3.355173,2026-09-05T19:24:32.374+01:00,120838,1607292,144,144,True,True,0x02,"NO_IRQ,OK,NO_IRQ,NO_IRQ","NONE,DELTA,NONE,NONE",
3.363279,2026-09-05T19:24:32.379+01:00,120982,1607293,178,178,True,True,0x02,"NO_IRQ,OK,NO_IRQ,NO_IRQ","NONE,DELTA,NONE,NONE",
3.365190,2026-09-05T19:24:32.387+01:00,121160,1607294,180,180,True,True,0x02,"NO_IRQ,OK,NO_IRQ,NO_IRQ","NONE,DELTA,NONE,NONE",
3.370280,2026-09-05T19:24:32.389+01:00,121340,1607295,162,162,True,True,0x02,"NO_IRQ,OK,NO_IRQ,NO_IRQ","NONE,DELTA,NONE,NONE",
3.379589,2026-09-05T19:24:32.394+01:00,121502,1607296,174,174,True,True,0x02,"NO_IRQ,OK,NO_IRQ,NO_IRQ","NONE,DELTA,NONE,NONE",
3.380479,2026-09-05T19:24:32.403+01:00,121676,1607297,188,188,True,True,0x02,"NO_IRQ,OK,NO_IRQ,NO_IRQ","NONE,DELTA,NONE,NONE",
3.385362,2026-09-05T19:24:32.404+01:00,121864,1607298,184,184,True,True,0x02,"NO_IRQ,OK,NO_IRQ,NO_IRQ","NONE,DELTA,NONE,NONE",
3.396420,2026-09-05T19:24:32.409+01:00,122048,1607299,156,156,True,True,0x02,"NO_IRQ,OK,NO_IRQ,NO_IRQ","NONE,DELTA,NONE,NONE",
3.397087,2026-09-05T19:24:32.420+01:00,122204,1607300,176,176,True,True,0x02,"NO_IRQ,OK,NO_IRQ,NO_IRQ","NONE,DELTA,NONE,NONE",
3.400192,2026-09-05T19:24:32.421+01:00,122380,1607301,186,186,True,True,0x02,"NO_IRQ,OK,NO_IRQ,NO_IRQ","NONE,DELTA,NONE,NONE",
3.404917,2026-09-05T19:24:32.424+01:00,122566,1607302,140,140,True,True,0x02,"NO_IRQ,OK,NO_IRQ,NO_IRQ","NONE,DELTA,NONE,NONE",
3.413173,2026-09-05T19:24:32.428+01:00,122706,1607303,160,160,True,True,0x02,"NO_IRQ,OK,NO_IRQ,NO_IRQ","NONE,DELTA,NONE,NONE",
3.415058,2026-09-05T19:24:32.437+01:00,122866,1607304,178,178,True,True,0x02,"NO_IRQ,OK,NO_IRQ,NO_IRQ","NONE,DELTA,NONE,NONE",
3.420120,2026-09-05T19:24:32.439+01:00,123044,1607305,160,160,True,True,0x02,"NO_IRQ,OK,NO_IRQ,NO_IRQ","NONE,DELTA,NONE,NONE",
3.425494,2026-09-05T19:24:32.444+01:00,123204,1607306,176,176,True,True,0x02,"NO_IRQ,OK,NO_IRQ,NO_IRQ","NONE,DELTA,NONE,NONE",
3.430234,2026-09-05T19:24:32.449+01:00,123380,1607307,198,198,True,True,0x02,"NO_IRQ,OK,NO_IRQ,NO_IRQ","NONE,DELTA,NONE,NONE",
3.435181,2026-09-05T19:24:32.454+01:00,123578,1607308,178,178,True,True,0x02,"NO_IRQ,OK,NO_IRQ,NO_IRQ","NONE,DELTA,NONE,NONE",
3.440040,2026-09-05T19:24:32.459+01:00,123756,1607309,190,190,True,True,0x02,"NO_IRQ,OK,NO_IRQ,NO_IRQ","NONE,DELTA,NONE,NONE",
3.451299,2026-09-05T19:24:32.464+01:00,123946,1607310,184,184,True,True,0x02,"NO_IRQ,OK,NO_IRQ,NO_IRQ","NONE,DELTA,NONE,NONE",
3.451647,2026-09-05T19:24:32.475+01:00,124130,1607311,170,170,True,True,0x02,"NO_IRQ,OK,NO_IRQ,NO_IRQ","NONE,DELTA,NONE,NONE",
3.464451,2026-09-05T19:24:32.475+01:00,124300,1607312,190,190,True,True,0x02,"NO_IRQ,OK,NO_IRQ,NO_IRQ","NONE,DELTA,NONE,NONE",
3.465184,2026-09-05T19:24:32.488+01:00,124490,1607313,174,174,True,True,0x02,"NO_IRQ,OK,NO_IRQ,NO_IRQ","NONE,DELTA,NONE,NONE",
3.465789,2026-09-05T19:24:32.489+01:00,124664,1607314,190,190,True,True,0x02,"NO_IRQ,OK,NO_IRQ,NO_IRQ","NONE,DELTA,NONE,NONE",
3.470233,2026-09-05T19:24:32.489+01:00,124854,1607315,184,184,True,True,0x02,"NO_IRQ,OK,NO_IRQ,NO_IRQ","NONE,DELTA,NONE,NONE",
3.478236,2026-09-05T19:24:32.494+01:00,125038,1607316,170,170,True,True,0x02,"NO_IRQ,OK,NO_IRQ,NO_IRQ","NONE,DELTA,NONE,NONE",
3.481762,2026-09-05T19:24:32.502+01:00,125208,1607317,166,166,True,True,0x02,"NO_IRQ,OK,NO_IRQ,NO_IRQ","NONE,DELTA,NONE,NONE",
3.484936,2026-09-05T19:24:32.505+01:00,125374,1607318,178,178,True,True,0x02,"NO_IRQ,OK,NO_IRQ,NO_IRQ","NONE,DELTA,NONE,NONE",
3.489778,2026-09-05T19:24:32.508+01:00,125552,1607319,166,166,True,True,0x02,"NO_IRQ,OK,NO_IRQ,NO_IRQ","NONE,DELTA,NONE,NONE",
3.497940,2026-09-05T19:24:32.513+01:00,125718,1607320,160,160,True,True,0x02,"NO_IRQ,OK,NO_IRQ,NO_IRQ","NONE,DELTA,NONE,NONE",
3.499725,2026-09-05T19:24:32.521+01:00,125878,1607321,174,174,True,True,0x02,"NO_IRQ,OK,NO_IRQ,NO_IRQ","NONE,DELTA,NONE,NONE",
3.505109,2026-09-05T19:24:32.523+01:00,126052,1607322,188,188,True,True,0x02,"NO_IRQ,OK,NO_IRQ,NO_IRQ","NONE,DELTA,NONE,NONE",
3.514054,2026-09-05T19:24:32.529+01:00,126240,1607323,196,196,True,True,0x02,"NO_IRQ,OK,NO_IRQ,NO_IRQ","NONE,DELTA,NONE,NONE",
3.514980,2026-09-05T19:24:32.538+01:00,126436,1607324,178,178,True,True,0x02,"NO_IRQ,OK,NO_IRQ,NO_IRQ","NONE,DELTA,NONE,NONE",
3.519908,2026-09-05T19:24:32.539+01:00,126614,1607325,156,156,True,True,0x02,"NO_IRQ,OK,NO_IRQ,NO_IRQ","NONE,DELTA,NONE,NONE",
3.526581,2026-09-05T19:24:32.544+01:00,126770,1607326,176,176,True,True,0x02,"NO_IRQ,OK,NO_IRQ,NO_IRQ","NONE,DELTA,NONE,NONE",
3.531867,2026-09-05T19:24:32.551+01:00,126946,1607327,182,182,True,True,0x02,"NO_IRQ,OK,NO_IRQ,NO_IRQ","NONE,DELTA,NONE,NONE",
3.535037,2026-09-05T19:24:32.556+01:00,127128,1607328,212,212,True,True,0x02,"NO_IRQ,OK,NO_IRQ,NO_IRQ","NONE,DELTA,NONE,NONE",
3.540042,2026-09-05T19:24:32.559+01:00,127340,1607329,184,184,True,True,0x02,"NO_IRQ,OK,NO_IRQ,NO_IRQ","NONE,DELTA,NONE,NONE",
3.547887,2026-09-05T19:24:32.564+01:00,127524,1607330,188,188,True,True,0x02,"NO_IRQ,OK,NO_IRQ,NO_IRQ","NONE,DELTA,NONE,NONE",
3.550135,2026-09-05T19:24:32.571+01:00,127712,1607331,204,204,True,True,0x02,"NO_IRQ,OK,NO_IRQ,NO_IRQ","NONE,DELTA,NONE,NONE",
3.554901,2026-09-05T19:24:32.574+01:00,127916,1607332,174,174,True,True,0x02,"NO_IRQ,OK,NO_IRQ,NO_IRQ","NONE,DELTA,NONE,NONE",
3.564972,2026-09-05T19:24:32.578+01:00,128090,1607333,176,176,True,True,0x02,"NO_IRQ,OK,NO_IRQ,NO_IRQ","NONE,DELTA,NONE,NONE",
3.565605,2026-09-05T19:24:32.589+01:00,128266,1607334,150,150,True,True,0x02,"NO_IRQ,OK,NO_IRQ,NO_IRQ","NONE,DELTA,NONE,NONE",
3.569754,2026-09-05T19:24:32.589+01:00,128416,1607335,142,142,True,True,0x02,"NO_IRQ,OK,NO_IRQ,NO_IRQ","NONE,DELTA,NONE,NONE",
3.577141,2026-09-05T19:24:32.593+01:00,128558,1607336,178,178,True,True,0x02,"NO_IRQ,OK,NO_IRQ,NO_IRQ","NONE,DELTA,NONE,NONE",
3.581482,2026-09-05T19:24:32.601+01:00,128736,1607337,170,170,True,True,0x02,"NO_IRQ,OK,NO_IRQ,NO_IRQ","NONE,DELTA,NONE,NONE",
3.585026,2026-09-05T19:24:32.605+01:00,128906,1607338,154,154,True,True,0x02,"NO_IRQ,OK,NO_IRQ,NO_IRQ","NONE,DELTA,NONE,NONE",
3.589790,2026-09-05T19:24:32.609+01:00,129060,1607339,152,152,True,True,0x02,"NO_IRQ,OK,NO_IRQ,NO_IRQ","NONE,DELTA,NONE,NONE",
3.595032,2026-09-05T19:24:32.613+01:00,129212,1607340,186,186,True,True,0x02,"NO_IRQ,OK,NO_IRQ,NO_IRQ","NONE,DELTA,NONE,NONE",
3.599575,2026-09-05T19:24:32.619+01:00,129398,1607341,172,172,True,True,0x02,"NO_IRQ,OK,NO_IRQ,NO_IRQ","NONE,DELTA,NONE,NONE",
3.604527,2026-09-05T19:24:32.623+01:00,129570,1607342,182,182,True,True,0x02,"NO_IRQ,OK,NO_IRQ,NO_IRQ","NONE,DELTA,NONE,NONE",
3.610010,2026-09-05T19:24:32.628+01:00,129752,1607343,168,168,True,True,0x02,"NO_IRQ,OK,NO_IRQ,NO_IRQ","NONE,DELTA,NONE,NONE",
3.624685,2026-09-05T19:24:32.634+01:00,129920,1607344,144,144,True,True,0x02,"NO_IRQ,OK,NO_IRQ,NO_IRQ","NONE,DELTA,NONE,NONE",
3.625357,2026-09-05T19:24:32.648+01:00,130064,1607345,190,190,True,True,0x02,"NO_IRQ,OK,NO_IRQ,NO_IRQ","NONE,DELTA,NONE,NONE",
3.625934,2026-09-05T19:24:32.649+01:00,130254,1607346,174,174,True,True,0x02,"NO_IRQ,OK,NO_IRQ,NO_IRQ","NONE,DELTA,NONE,NONE",
3.629595,2026-09-05T19:24:32.649+01:00,130428,1607347,192,192,True,True,0x02,"NO_IRQ,OK,NO_IRQ,NO_IRQ","NONE,DELTA,NONE,NONE",
3.634662,2026-09-05T19:24:32.653+01:00,130620,1607348,164,164,True,True,0x02,"NO_IRQ,OK,NO_IRQ,NO_IRQ","NONE,DELTA,NONE,NONE",
3.641595,2026-09-05T19:24:32.658+01:00,130784,1607349,178,178,True,True,0x02,"NO_IRQ,OK,NO_IRQ,NO_IRQ","NONE,DELTA,NONE,NONE",
3.644913,2026-09-05T19:24:32.665+01:00,130962,1607350,166,166,True,True,0x02,"NO_IRQ,OK,NO_IRQ,NO_IRQ","NONE,DELTA,NONE,NONE",
3.649679,2026-09-05T19:24:32.669+01:00,131128,1607351,174,174,True,True,0x02,"NO_IRQ,OK,NO_IRQ,NO_IRQ","NONE,DELTA,NONE,NONE",
3.657649,2026-09-05T19:24:32.673+01:00,131302,1607352,198,198,True,True,0x02,"NO_IRQ,OK,NO_IRQ,NO_IRQ","NONE,DELTA,NONE,NONE",
3.659372,2026-09-05T19:24:32.681+01:00,131500,1607353,152,152,True,True,0x02,"NO_IRQ,OK,NO_IRQ,NO_IRQ","NONE,DELTA,NONE,NONE",
3.664986,2026-09-05T19:24:32.683+01:00,131652,1607354,182,182,True,True,0x02,"NO_IRQ,OK,NO_IRQ,NO_IRQ","NONE,DELTA,NONE,NONE",
3.674865,2026-09-05T19:24:32.689+01:00,131834,1607355,158,158,True,True,0x02,"NO_IRQ,OK,NO_IRQ,NO_IRQ","NONE,DELTA,NONE,NONE",
3.675476,2026-09-05T19:24:32.698+01:00,131992,1607356,188,188,True,True,0x02,"NO_IRQ,OK,NO_IRQ,NO_IRQ","NONE,DELTA,NONE,NONE",
3.679760,2026-09-05T19:24:32.699+01:00,132180,1607357,192,192,True,True,0x02,"NO_IRQ,OK,NO_IRQ,NO_IRQ","NONE,DELTA,NONE,NONE",
3.684449,2026-09-05T19:24:32.703+01:00,132372,1607358,150,150,True,True,0x02,"NO_IRQ,OK,NO_IRQ,NO_IRQ","NONE,DELTA,NONE,NONE",
3.691413,2026-09-05T19:24:32.708+01:00,132522,1607359,162,162,True,True,0x02,"NO_IRQ,OK,NO_IRQ,NO_IRQ","NONE,DELTA,NONE,NONE",
3.694628,2026-09-05T19:24:32.715+01:00,132684,1607360,178,178,True,True,0x02,"NO_IRQ,OK,NO_IRQ,NO_IRQ","NONE,DELTA,NONE,NONE",
3.699527,2026-09-05T19:24:32.719+01:00,132862,1607361,176,176,True,True,0x02,"NO_IRQ,OK,NO_IRQ,NO_IRQ","NONE,DELTA,NONE,NONE",
3.708204,2026-09-05T19:24:32.723+01:00,133038,1607362,188,188,True,True,0x02,"NO_IRQ,OK,NO_IRQ,NO_IRQ","NONE,DELTA,NONE,NONE",
3.709846,2026-09-05T19:24:32.732+01:00,133226,1607363,176,176,True,True,0x02,"NO_IRQ,OK,NO_IRQ,NO_IRQ","NONE,DELTA,NONE,NONE",
3.714410,2026-09-05T19:24:32.733+01:00,133402,1607364,208,208,True,True,0x02,"NO_IRQ,OK,NO_IRQ,NO_IRQ","NONE,DELTA,NONE,NONE",
3.719503,2026-09-05T19:24:32.738+01:00,133610,1607365,184,184,True,True,0x02,"NO_IRQ,OK,NO_IRQ,NO_IRQ","NONE,DELTA,NONE,NONE",
3.724463,2026-09-05T19:24:32.743+01:00,133794,1607366,194,194,True,True,0x02,"NO_IRQ,OK,NO_IRQ,NO_IRQ","NONE,DELTA,NONE,NONE",
3.729409,2026-09-05T19:24:32.748+01:00,133988,1607367,160,160,True,True,0x02,"NO_IRQ,OK,NO_IRQ,NO_IRQ","NONE,DELTA,NONE,NONE",
3.734522,2026-09-05T19:24:32.753+01:00,134148,1607368,184,184,True,True,0x02,"NO_IRQ,OK,NO_IRQ,NO_IRQ","NONE,DELTA,NONE,NONE",
3.741476,2026-09-05T19:24:32.758+01:00,134332,1607369,186,186,True,True,0x02,"NO_IRQ,OK,NO_IRQ,NO_IRQ","NONE,DELTA,NONE,NONE",
3.744799,2026-09-05T19:24:32.765+01:00,134518,1607370,182,182,True,True,0x02,"NO_IRQ,OK,NO_IRQ,NO_IRQ","NONE,DELTA,NONE,NONE",
3.749322,2026-09-05T19:24:32.768+01:00,134700,1607371,158,158,True,True,0x02,"NO_IRQ,OK,NO_IRQ,NO_IRQ","NONE,DELTA,NONE,NONE",
3.754279,2026-09-05T19:24:32.773+01:00,134858,1607372,168,168,True,True,0x02,"NO_IRQ,OK,NO_IRQ,NO_IRQ","NONE,DELTA,NONE,NONE",
3.760290,2026-09-05T19:24:32.778+01:00,135026,1607373,170,170,True,True,0x02,"NO_IRQ,OK,NO_IRQ,NO_IRQ","NONE,DELTA,NONE,NONE",
3.764254,2026-09-05T19:24:32.784+01:00,135196,1607374,164,164,True,True,0x02,"NO_IRQ,OK,NO_IRQ,NO_IRQ","NONE,DELTA,NONE,NONE",
3.769259,2026-09-05T19:24:32.788+01:00,135360,1607375,198,198,True,True,0x02,"NO_IRQ,OK,NO_IRQ,NO_IRQ","NONE,DELTA,NONE,NONE",
3.779521,2026-09-05T19:24:32.793+01:00,135558,1607376,164,164,True,True,0x02,"NO_IRQ,OK,NO_IRQ,NO_IRQ","NONE,DELTA,NONE,NONE",
3.779851,2026-09-05T19:24:32.803+01:00,135722,1607377,174,174,True,True,0x02,"NO_IRQ,OK,NO_IRQ,NO_IRQ","NONE,DELTA,NONE,NONE",
3.786856,2026-09-05T19:24:32.803+01:00,135896,1607378,184,184,True,True,0x02,"NO_IRQ,OK,NO_IRQ,NO_IRQ","NONE,DELTA,NONE,NONE",
3.789897,2026-09-05T19:24:32.811+01:00,136080,1607379,190,190,True,True,0x02,"NO_IRQ,OK,NO_IRQ,NO_IRQ","NONE,DELTA,NONE,NONE",
3.795415,2026-09-05T19:24:32.813+01:00,136270,1607380,178,178,True,True,0x02,"NO_IRQ,OK,NO_IRQ,NO_IRQ","NONE,DELTA,NONE,NONE",
3.799477,2026-09-05T19:24:32.819+01:00,136448,1607381,174,174,True,True,0x02,"NO_IRQ,OK,NO_IRQ,NO_IRQ","NONE,DELTA,NONE,NONE",
3.809066,2026-09-05T19:24:32.823+01:00,136622,1607382,186,186,True,True,0x02,"NO_IRQ,OK,NO_IRQ,NO_IRQ","NONE,DELTA,NONE,NONE",
3.810290,2026-09-05T19:24:32.833+01:00,136808,1607383,206,206,True,True,0x02,"NO_IRQ,OK,NO_IRQ,NO_IRQ","NONE,DELTA,NONE,NONE",
3.814471,2026-09-05T19:24:32.834+01:00,137014,1607384,168,168,True,True,0x02,"NO_IRQ,OK,NO_IRQ,NO_IRQ","NONE,DELTA,NONE,NONE",
3.819367,2026-09-05T19:24:32.838+01:00,137182,1607385,168,168,True,True,0x02,"NO_IRQ,OK,NO_IRQ,NO_IRQ","NONE,DELTA,NONE,NONE",
3.825887,2026-09-05T19:24:32.843+01:00,137350,1607386,158,158,True,True,0x02,"NO_IRQ,OK,NO_IRQ,NO_IRQ","NONE,DELTA,NONE,NONE",
3.829498,2026-09-05T19:24:32.849+01:00,137508,1607387,166,166,True,True,0x02,"NO_IRQ,OK,NO_IRQ,NO_IRQ","NONE,DELTA,NONE,NONE",
3.834342,2026-09-05T19:24:32.853+01:00,137674,1607388,200,200,True,True,0x02,"NO_IRQ,OK,NO_IRQ,NO_IRQ","NONE,DELTA,NONE,NONE",
3.841852,2026-09-05T19:24:32.858+01:00,137874,1607389,186,186,True,True,0x02,"NO_IRQ,OK,NO_IRQ,NO_IRQ","NONE,DELTA,NONE,NONE",
3.844958,2026-09-05T19:24:32.865+01:00,138060,1607390,166,166,True,True,0x02,"NO_IRQ,OK,NO_IRQ,NO_IRQ","NONE,DELTA,NONE,NONE",
3.849373,2026-09-05T19:24:32.869+01:00,138226,1607391,184,184,True,True,0x02,"NO_IRQ,OK,NO_IRQ,NO_IRQ","NONE,DELTA,NONE,NONE",
3.859449,2026-09-05T19:24:32.873+01:00,138410,1607392,180,180,True,True,0x02,"NO_IRQ,OK,NO_IRQ,NO_IRQ","NONE,DELTA,NONE,NONE",
3.860179,2026-09-05T19:24:32.883+01:00,138590,1607393,194,194,True,True,0x02,"NO_IRQ,OK,NO_IRQ,NO_IRQ","NONE,DELTA,NONE,NONE",
3.864408,2026-09-05T19:24:32.884+01:00,138784,1607394,164,164,True,True,0x02,"NO_IRQ,OK,NO_IRQ,NO_IRQ","NONE,DELTA,NONE,NONE",
3.869105,2026-09-05T19:24:32.888+01:00,138948,1607395,188,188,True,True,0x02,"NO_IRQ,OK,NO_IRQ,NO_IRQ","NONE,DELTA,NONE,NONE",
3.875934,2026-09-05T19:24:32.893+01:00,139136,1607396,170,170,True,True,0x02,"NO_IRQ,OK,NO_IRQ,NO_IRQ","NONE,DELTA,NONE,NONE",
3.879118,2026-09-05T19:24:32.900+01:00,139306,1607397,168,168,True,True,0x02,"NO_IRQ,OK,NO_IRQ,NO_IRQ","NONE,DELTA,NONE,NONE",
3.884309,2026-09-05T19:24:32.903+01:00,139474,1607398,174,174,True,True,0x02,"NO_IRQ,OK,NO_IRQ,NO_IRQ","NONE,DELTA,NONE,NONE",
3.893507,2026-09-05T19:24:32.908+01:00,139648,1607399,160,160,True,True,0x02,"NO_IRQ,OK,NO_IRQ,NO_IRQ","NONE,DELTA,NONE,NONE",
3.894849,2026-09-05T19:24:32.917+01:00,139808,1607400,180,180,True,True,0x02,"NO_IRQ,OK,NO_IRQ,NO_IRQ","NONE,DELTA,NONE,NONE",
3.899450,2026-09-05T19:24:32.918+01:00,139988,1607401,142,142,True,True,0x02,"NO_IRQ,OK,NO_IRQ,NO_IRQ","NONE,DELTA,NONE,NONE",
3.904153,2026-09-05T19:24:32.923+01:00,140130,1607402,152,152,True,True,0x02,"NO_IRQ,OK,NO_IRQ,NO_IRQ","NONE,DELTA,NONE,NONE",
3.911157,2026-09-05T19:24:32.928+01:00,140282,1607403,178,178,True,True,0x02,"NO_IRQ,OK,NO_IRQ,NO_IRQ","NONE,DELTA,NONE,NONE",
3.914409,2026-09-05T19:24:32.935+01:00,140460,1607404,172,172,True,True,0x02,"NO_IRQ,OK,NO_IRQ,NO_IRQ","NONE,DELTA,NONE,NONE",
3.918952,2026-09-05T19:24:32.938+01:00,140632,1607405,172,172,True,True,0x02,"NO_IRQ,OK,NO_IRQ,NO_IRQ","NONE,DELTA,NONE,NONE",
3.926498,2026-09-05T19:24:32.943+01:00,140804,1607406,148,148,True,True,0x02,"NO_IRQ,OK,NO_IRQ,NO_IRQ","NONE,DELTA,NONE,NONE",
3.930231,2026-09-05T19:24:32.950+01:00,140952,1607407,166,166,True,True,0x02,"NO_IRQ,OK,NO_IRQ,NO_IRQ","NONE,DELTA,NONE,NONE",
3.933913,2026-09-05T19:24:32.954+01:00,141118,1607408,182,182,True,True,0x02,"NO_IRQ,OK,NO_IRQ,NO_IRQ","NONE,DELTA,NONE,NONE",
3.938967,2026-09-05T19:24:32.957+01:00,141300,1607409,170,170,True,True,0x02,"NO_IRQ,OK,NO_IRQ,NO_IRQ","NONE,DELTA,NONE,NONE",
3.954400,2026-09-05T19:24:32.962+01:00,141470,1607410,188,188,True,True,0x02,"NO_IRQ,OK,NO_IRQ,NO_IRQ","NONE,DELTA,NONE,NONE",
3.955068,2026-09-05T19:24:32.978+01:00,141658,1607411,194,194,True,True,0x02,"NO_IRQ,OK,NO_IRQ,NO_IRQ","NONE,DELTA,NONE,NONE",
3.955788,2026-09-05T19:24:32.979+01:00,141852,1607412,168,168,True,True,0x02,"NO_IRQ,OK,NO_IRQ,NO_IRQ","NONE,DELTA,NONE,NONE",
3.959148,2026-09-05T19:24:32.979+01:00,142020,1607413,194,194,True,True,0x02,"NO_IRQ,OK,NO_IRQ,NO_IRQ","NONE,DELTA,NONE,NONE",
3.964233,2026-09-05T19:24:32.983+01:00,142214,1607414,176,176,True,True,0x02,"NO_IRQ,OK,NO_IRQ,NO_IRQ","NONE,DELTA,NONE,NONE",
3.971578,2026-09-05T19:24:32.988+01:00,142390,1607415,178,178,True,True,0x02,"NO_IRQ,OK,NO_IRQ,NO_IRQ","NONE,DELTA,NONE,NONE",
3.974123,2026-09-05T19:24:32.995+01:00,142568,1607416,180,180,True,True,0x02,"NO_IRQ,OK,NO_IRQ,NO_IRQ","NONE,DELTA,NONE,NONE",
3.979289,2026-09-05T19:24:32.998+01:00,142748,1607417,190,190,True,True,0x02,"NO_IRQ,OK,NO_IRQ,NO_IRQ","NONE,DELTA,NONE,NONE",
3.987758,2026-09-05T19:24:33.003+01:00,142938,1607418,176,176,True,True,0x02,"NO_IRQ,OK,NO_IRQ,NO_IRQ","NONE,DELTA,NONE,NONE",
3.989117,2026-09-05T19:24:33.011+01:00,143114,1607419,194,194,True,True,0x02,"NO_IRQ,OK,NO_IRQ,NO_IRQ","NONE,DELTA,NONE,NONE",
3.994602,2026-09-05T19:24:33.013+01:00,143308,1607420,188,188,True,True,0x02,"NO_IRQ,OK,NO_IRQ,NO_IRQ","NONE,DELTA,NONE,NONE",
4.004211,2026-09-05T19:24:33.018+01:00,143496,1607421,196,196,True,True,0x02,"NO_IRQ,OK,NO_IRQ,NO_IRQ","NONE,DELTA,NONE,NONE",
4.004824,2026-09-05T19:24:33.028+01:00,143692,1607422,178,178,True,True,0x02,"NO_IRQ,OK,NO_IRQ,NO_IRQ","NONE,DELTA,NONE,NONE",
4.009115,2026-09-05T19:24:33.028+01:00,143870,1607423,156,156,True,True,0x02,"NO_IRQ,OK,NO_IRQ,NO_IRQ","NONE,DELTA,NONE,NONE",
4.014134,2026-09-05T19:24:33.033+01:00,144026,1607424,162,162,True,True,0x02,"NO_IRQ,OK,NO_IRQ,NO_IRQ","NONE,DELTA,NONE,NONE",
4.021616,2026-09-05T19:24:33.038+01:00,144188,1607425,176,176,True,True,0x02,"NO_IRQ,OK,NO_IRQ,NO_IRQ","NONE,DELTA,NONE,NONE",
4.024028,2026-09-05T19:24:33.045+01:00,144364,1607426,170,170,True,True,0x02,"NO_IRQ,OK,NO_IRQ,NO_IRQ","NONE,DELTA,NONE,NONE",
4.029107,2026-09-05T19:24:33.048+01:00,144534,1607427,156,156,True,True,0x02,"NO_IRQ,OK,NO_IRQ,NO_IRQ","NONE,DELTA,NONE,NONE",
4.039582,2026-09-05T19:24:33.053+01:00,144690,1607428,170,170,True,True,0x02,"NO_IRQ,OK,NO_IRQ,NO_IRQ","NONE,DELTA,NONE,NONE",
4.040254,2026-09-05T19:24:33.063+01:00,144860,1607429,172,172,True,True,0x02,"NO_IRQ,OK,NO_IRQ,NO_IRQ","NONE,DELTA,NONE,NONE",
4.045086,2026-09-05T19:24:33.064+01:00,145032,1607430,166,166,True,True,0x02,"NO_IRQ,OK,NO_IRQ,NO_IRQ","NONE,DELTA,NONE,NONE",
4.048829,2026-09-05T19:24:33.069+01:00,145198,1607431,168,168,True,True,0x02,"NO_IRQ,OK,NO_IRQ,NO_IRQ","NONE,DELTA,NONE,NONE",
4.056534,2026-09-05T19:24:33.073+01:00,145366,1607432,186,186,True,True,0x02,"NO_IRQ,OK,NO_IRQ,NO_IRQ","NONE,DELTA,NONE,NONE",
4.059049,2026-09-05T19:24:33.080+01:00,145552,1607433,170,170,True,True,0x02,"NO_IRQ,OK,NO_IRQ,NO_IRQ","NONE,DELTA,NONE,NONE",
4.064177,2026-09-05T19:24:33.083+01:00,145722,1607434,184,184,True,True,0x02,"NO_IRQ,OK,NO_IRQ,NO_IRQ","NONE,DELTA,NONE,NONE",
4.073805,2026-09-05T19:24:33.088+01:00,145906,1607435,184,184,True,True,0x02,"NO_IRQ,OK,NO_IRQ,NO_IRQ","NONE,DELTA,NONE,NONE",
4.074515,2026-09-05T19:24:33.097+01:00,146090,1607436,196,196,True,True,0x02,"NO_IRQ,OK,NO_IRQ,NO_IRQ","NONE,DELTA,NONE,NONE",
4.079015,2026-09-05T19:24:33.098+01:00,146286,1607437,180,180,True,True,0x02,"NO_IRQ,OK,NO_IRQ,NO_IRQ","NONE,DELTA,NONE,NONE",
4.083892,2026-09-05T19:24:33.103+01:00,146466,1607438,164,164,True,True,0x02,"NO_IRQ,OK,NO_IRQ,NO_IRQ","NONE,DELTA,NONE,NONE",
4.088690,2026-09-05T19:24:33.108+01:00,146630,1607439,176,176,True,True,0x02,"NO_IRQ,OK,NO_IRQ,NO_IRQ","NONE,DELTA,NONE,NONE",
4.093897,2026-09-05T19:24:33.112+01:00,146806,1607440,174,174,True,True,0x02,"NO_IRQ,OK,NO_IRQ,NO_IRQ","NONE,DELTA,NONE,NONE",
4.099082,2026-09-05T19:24:33.118+01:00,146980,1607441,182,182,True,True,0x02,"NO_IRQ,OK,NO_IRQ,NO_IRQ","NONE,DELTA,NONE,NONE",
4.111622,2026-09-05T19:24:33.123+01:00,147162,1607442,180,180,True,True,0x02,"NO_IRQ,OK,NO_IRQ,NO_IRQ","NONE,DELTA,NONE,NONE",
4.112088,2026-09-05T19:24:33.135+01:00,147342,1607443,150,150,True,True,0x02,"NO_IRQ,OK,NO_IRQ,NO_IRQ","NONE,DELTA,NONE,NONE",
4.114203,2026-09-05T19:24:33.136+01:00,147492,1607444,148,148,True,True,0x02,"NO_IRQ,OK,NO_IRQ,NO_IRQ","NONE,DELTA,NONE,NONE",
4.125854,2026-09-05T19:24:33.143+01:00,147640,1607445,166,166,True,True,0x02,"NO_IRQ,OK,NO_IRQ,NO_IRQ","NONE,DELTA,NONE,NONE",
4.127643,2026-09-05T19:24:33.150+01:00,147806,1607446,166,166,True,True,0x02,"NO_IRQ,OK,NO_IRQ,NO_IRQ","NONE,DELTA,NONE,NONE",
4.128807,2026-09-05T19:24:33.151+01:00,147972,1607447,140,140,True,True,0x02,"NO_IRQ,OK,NO_IRQ,NO_IRQ","NONE,DELTA,NONE,NONE",
4.134197,2026-09-05T19:24:33.153+01:00,148112,1607448,1084,1084,True,True,0x02,"NO_IRQ,OK,NO_IRQ,NO_IRQ","NONE,DELTA_SYNC,NONE,NONE",
4.143177,2026-09-05T19:24:33.158+01:00,149196,1607449,248,248,True,True,0x02,"NO_IRQ,OK,NO_IRQ,NO_IRQ","NONE,DELTA,NONE,NONE",
4.144424,2026-09-05T19:24:33.167+01:00,149444,1607450,222,222,True,True,0x02,"NO_IRQ,OK,NO_IRQ,NO_IRQ","NONE,DELTA,NONE,NONE",
4.148875,2026-09-05T19:24:33.168+01:00,149666,1607451,150,150,True,True,0x02,"NO_IRQ,OK,NO_IRQ,NO_IRQ","NONE,DELTA,NONE,NONE",
4.160898,2026-09-05T19:24:33.172+01:00,149816,1607452,168,168,True,True,0x02,"NO_IRQ,OK,NO_IRQ,NO_IRQ","NONE,DELTA,NONE,NONE",
4.162169,2026-09-05T19:24:33.185+01:00,149984,1607453,172,172,True,True,0x02,"NO_IRQ,OK,NO_IRQ,NO_IRQ","NONE,DELTA,NONE,NONE",
4.163618,2026-09-05T19:24:33.186+01:00,150156,1607454,184,184,True,True,0x02,"NO_IRQ,OK,NO_IRQ,NO_IRQ","NONE,DELTA,NONE,NONE",
4.168842,2026-09-05T19:24:33.187+01:00,150340,1607455,186,186,True,True,0x02,"NO_IRQ,OK,NO_IRQ,NO_IRQ","NONE,DELTA,NONE,NONE",
4.178104,2026-09-05T19:24:33.192+01:00,150526,1607456,200,200,True,True,0x02,"NO_IRQ,OK,NO_IRQ,NO_IRQ","NONE,DELTA,NONE,NONE",
4.179205,2026-09-05T19:24:33.202+01:00,150726,1607457,186,186,True,True,0x02,"NO_IRQ,OK,NO_IRQ,NO_IRQ","NONE,DELTA,NONE,NONE",
4.183780,2026-09-05T19:24:33.203+01:00,150912,1607458,164,164,True,True,0x02,"NO_IRQ,OK,NO_IRQ,NO_IRQ","NONE,DELTA,NONE,NONE",
4.194573,2026-09-05T19:24:33.207+01:00,151076,1607459,168,168,True,True,0x02,"NO_IRQ,OK,NO_IRQ,NO_IRQ","NONE,DELTA,NONE,NONE",
4.195549,2026-09-05T19:24:33.218+01:00,151244,1607460,196,196,True,True,0x02,"NO_IRQ,OK,NO_IRQ,NO_IRQ","NONE,DELTA,NONE,NONE",
4.199113,2026-09-05T19:24:33.219+01:00,151440,1607461,170,170,True,True,0x02,"NO_IRQ,OK,NO_IRQ,NO_IRQ","NONE,DELTA,NONE,NONE",
4.204130,2026-09-05T19:24:33.223+01:00,151610,1607462,168,168,True,True,0x02,"NO_IRQ,OK,NO_IRQ,NO_IRQ","NONE,DELTA,NONE,NONE",
4.212534,2026-09-05T19:24:33.228+01:00,151778,1607463,186,186,True,True,0x02,"NO_IRQ,OK,NO_IRQ,NO_IRQ","NONE,DELTA,NONE,NONE",
4.213799,2026-09-05T19:24:33.236+01:00,151964,1607464,184,184,True,True,0x02,"NO_IRQ,OK,NO_IRQ,NO_IRQ","NONE,DELTA,NONE,NONE",
4.218825,2026-09-05T19:24:33.237+01:00,152148,1607465,176,176,True,True,0x02,"NO_IRQ,OK,NO_IRQ,NO_IRQ","NONE,DELTA,NONE,NONE",
4.229812,2026-09-05T19:24:33.242+01:00,152324,1607466,172,172,True,True,0x02,"NO_IRQ,OK,NO_IRQ,NO_IRQ","NONE,DELTA,NONE,NONE",
4.230936,2026-09-05T19:24:33.254+01:00,152496,1607467,166,166,True,True,0x02,"NO_IRQ,OK,NO_IRQ,NO_IRQ","NONE,DELTA,NONE,NONE",
4.233887,2026-09-05T19:24:33.254+01:00,152662,1607468,180,180,True,True,0x02,"NO_IRQ,OK,NO_IRQ,NO_IRQ","NONE,DELTA,NONE,NONE",
4.239136,2026-09-05T19:24:33.257+01:00,152842,1607469,148,148,True,True,0x02,"NO_IRQ,OK,NO_IRQ,NO_IRQ","NONE,DELTA,NONE,NONE",
4.249893,2026-09-05T19:24:33.263+01:00,152990,1607470,164,164,True,True,0x02,"NO_IRQ,OK,NO_IRQ,NO_IRQ","NONE,DELTA,NONE,NONE",
4.250607,2026-09-05T19:24:33.273+01:00,153154,1607471,166,166,True,True,0x02,"NO_IRQ,OK,NO_IRQ,NO_IRQ","NONE,DELTA,NONE,NONE",
4.253879,2026-09-05T19:24:33.274+01:00,153320,1607472,188,188,True,True,0x02,"NO_IRQ,OK,NO_IRQ,NO_IRQ","NONE,DELTA,NONE,NONE",
4.258593,2026-09-05T19:24:33.277+01:00,153508,1607473,182,182,True,True,0x02,"NO_IRQ,OK,NO_IRQ,NO_IRQ","NONE,DELTA,NONE,NONE",
4.264972,2026-09-05T19:24:33.282+01:00,153690,1607474,174,174,True,True,0x02,"NO_IRQ,OK,NO_IRQ,NO_IRQ","NONE,DELTA,NONE,NONE",
4.268511,2026-09-05T19:24:33.289+01:00,153864,1607475,194,194,True,True,0x02,"NO_IRQ,OK,NO_IRQ,NO_IRQ","NONE,DELTA,NONE,NONE",
4.273339,2026-09-05T19:24:33.292+01:00,154058,1607476,176,176,True,True,0x02,"NO_IRQ,OK,NO_IRQ,NO_IRQ","NONE,DELTA,NONE,NONE",
4.278432,2026-09-05T19:24:33.297+01:00,154234,1607477,156,156,True,True,0x02,"NO_IRQ,OK,NO_IRQ,NO_IRQ","NONE,DELTA,NONE,NONE",
4.292308,2026-09-05T19:24:33.302+01:00,154390,1607478,168,168,True,True,0x02,"NO_IRQ,OK,NO_IRQ,NO_IRQ","NONE,DELTA,NONE,NONE",
4.293121,2026-09-05T19:24:33.316+01:00,154558,1607479,174,174,True,True,0x02,"NO_IRQ,OK,NO_IRQ,NO_IRQ","NONE,DELTA,NONE,NONE",
4.293891,2026-09-05T19:24:33.317+01:00,154732,1607480,190,190,True,True,0x02,"NO_IRQ,OK,NO_IRQ,NO_IRQ","NONE,DELTA,NONE,NONE",
4.298407,2026-09-05T19:24:33.318+01:00,154922,1607481,180,180,True,True,0x02,"NO_IRQ,OK,NO_IRQ,NO_IRQ","NONE,DELTA,NONE,NONE",
4.308984,2026-09-05T19:24:33.322+01:00,155102,1607482,176,176,True,True,0x02,"NO_IRQ,OK,NO_IRQ,NO_IRQ","NONE,DELTA,NONE,NONE",
4.309736,2026-09-05T19:24:33.333+01:00,155278,1607483,162,162,True,True,0x02,"NO_IRQ,OK,NO_IRQ,NO_IRQ","NONE,DELTA,NONE,NONE",
4.313680,2026-09-05T19:24:33.333+01:00,155440,1607484,186,186,True,True,0x02,"NO_IRQ,OK,NO_IRQ,NO_IRQ","NONE,DELTA,NONE,NONE",
4.318398,2026-09-05T19:24:33.337+01:00,155626,1607485,204,204,True,True,0x02,"NO_IRQ,OK,NO_IRQ,NO_IRQ","NONE,DELTA,NONE,NONE",
4.325450,2026-09-05T19:24:33.342+01:00,155830,1607486,186,186,True,True,0x02,"NO_IRQ,OK,NO_IRQ,NO_IRQ","NONE,DELTA,NONE,NONE",
4.328822,2026-09-05T19:24:33.349+01:00,156016,1607487,152,152,True,True,0x02,"NO_IRQ,OK,NO_IRQ,NO_IRQ","NONE,DELTA,NONE,NONE",
4.333756,2026-09-05T19:24:33.353+01:00,156168,1607488,184,184,True,True,0x02,"NO_IRQ,OK,NO_IRQ,NO_IRQ","NONE,DELTA,NONE,NONE",
4.341623,2026-09-05T19:24:33.357+01:00,156352,1607489,156,156,True,True,0x02,"NO_IRQ,OK,NO_IRQ,NO_IRQ","NONE,DELTA,NONE,NONE",
4.344500,2026-09-05T19:24:33.365+01:00,156508,1607490,188,188,True,True,0x02,"NO_IRQ,OK,NO_IRQ,NO_IRQ","NONE,DELTA,NONE,NONE",
4.348642,2026-09-05T19:24:33.368+01:00,156696,1607491,148,148,True,True,0x02,"NO_IRQ,OK,NO_IRQ,NO_IRQ","NONE,DELTA,NONE,NONE",
4.359332,2026-09-05T19:24:33.373+01:00,156844,1607492,182,182,True,True,0x02,"NO_IRQ,OK,NO_IRQ,NO_IRQ","NONE,DELTA,NONE,NONE",
4.360707,2026-09-05T19:24:33.383+01:00,157026,1607493,196,196,True,True,0x02,"NO_IRQ,OK,NO_IRQ,NO_IRQ","NONE,DELTA,NONE,NONE",
4.363557,2026-09-05T19:24:33.385+01:00,157222,1607494,158,158,True,True,0x02,"NO_IRQ,OK,NO_IRQ,NO_IRQ","NONE,DELTA,NONE,NONE",
4.368513,2026-09-05T19:24:33.387+01:00,157380,1607495,180,180,True,True,0x02,"NO_IRQ,OK,NO_IRQ,NO_IRQ","NONE,DELTA,NONE,NONE",
4.378314,2026-09-05T19:24:33.392+01:00,157560,1607496,178,178,True,True,0x02,"NO_IRQ,OK,NO_IRQ,NO_IRQ","NONE,DELTA,NONE,NONE",
4.379042,2026-09-05T19:24:33.402+01:00,157738,1607497,146,146,True,True,0x02,"NO_IRQ,OK,NO_IRQ,NO_IRQ","NONE,DELTA,NONE,NONE",
4.383642,2026-09-05T19:24:33.403+01:00,157884,1607498,178,178,True,True,0x02,"NO_IRQ,OK,NO_IRQ,NO_IRQ","NONE,DELTA,NONE,NONE",
4.388289,2026-09-05T19:24:33.407+01:00,158062,1607499,192,192,True,True,0x02,"NO_IRQ,OK,NO_IRQ,NO_IRQ","NONE,DELTA,NONE,NONE",
4.396211,2026-09-05T19:24:33.412+01:00,158254,1607500,204,204,True,True,0x02,"NO_IRQ,OK,NO_IRQ,NO_IRQ","NONE,DELTA,NONE,NONE",
4.398166,2026-09-05T19:24:33.420+01:00,158458,1607501,182,182,True,True,0x02,"NO_IRQ,OK,NO_IRQ,NO_IRQ","NONE,DELTA,NONE,NONE",
4.403392,2026-09-05T19:24:33.422+01:00,158640,1607502,156,156,True,True,0x02,"NO_IRQ,OK,NO_IRQ,NO_IRQ","NONE,DELTA,NONE,NONE",
4.413075,2026-09-05T19:24:33.427+01:00,158796,1607503,186,186,True,True,0x02,"NO_IRQ,OK,NO_IRQ,NO_IRQ","NONE,DELTA,NONE,NONE",
4.414115,2026-09-05T19:24:33.437+01:00,158982,1607504,148,148,True,True,0x02,"NO_IRQ,OK,NO_IRQ,NO_IRQ","NONE,DELTA,NONE,NONE",
4.418470,2026-09-05T19:24:33.438+01:00,159130,1607505,170,170,True,True,0x02,"NO_IRQ,OK,NO_IRQ,NO_IRQ","NONE,DELTA,NONE,NONE",
4.423134,2026-09-05T19:24:33.442+01:00,159300,1607506,160,160,True,True,0x02,"NO_IRQ,OK,NO_IRQ,NO_IRQ","NONE,DELTA,NONE,NONE",
4.428566,2026-09-05T19:24:33.447+01:00,159460,1607507,194,194,True,True,0x02,"NO_IRQ,OK,NO_IRQ,NO_IRQ","NONE,DELTA,NONE,NONE",
4.433288,2026-09-05T19:24:33.452+01:00,159654,1607508,178,178,True,True,0x02,"NO_IRQ,OK,NO_IRQ,NO_IRQ","NONE,DELTA,NONE,NONE",
4.438410,2026-09-05T19:24:33.457+01:00,159832,1607509,188,188,True,True,0x02,"NO_IRQ,OK,NO_IRQ,NO_IRQ","NONE,DELTA,NONE,NONE",
4.443161,2026-09-05T19:24:33.463+01:00,160020,1607510,192,192,True,True,0x02,"NO_IRQ,OK,NO_IRQ,NO_IRQ","NONE,DELTA,NONE,NONE",
4.452541,2026-09-05T19:24:33.467+01:00,160212,1607511,178,178,True,True,0x02,"NO_IRQ,OK,NO_IRQ,NO_IRQ","NONE,DELTA,NONE,NONE",
4.452967,2026-09-05T19:24:33.476+01:00,160390,1607512,198,198,True,True,0x02,"NO_IRQ,OK,NO_IRQ,NO_IRQ","NONE,DELTA,NONE,NONE",
4.459916,2026-09-05T19:24:33.476+01:00,160588,1607513,204,204,True,True,0x02,"NO_IRQ,OK,NO_IRQ,NO_IRQ","NONE,DELTA,NONE,NONE",
4.466730,2026-09-05T19:24:33.485+01:00,160792,1607514,174,174,True,True,0x02,"NO_IRQ,OK,NO_IRQ,NO_IRQ","NONE,DELTA,NONE,NONE",
4.468281,2026-09-05T19:24:33.490+01:00,160966,1607515,162,162,True,True,0x02,"NO_IRQ,OK,NO_IRQ,NO_IRQ","NONE,DELTA,NONE,NONE",
4.473307,2026-09-05T19:24:33.492+01:00,161128,1607516,192,192,True,True,0x02,"NO_IRQ,OK,NO_IRQ,NO_IRQ","NONE,DELTA,NONE,NONE",
4.483695,2026-09-05T19:24:33.497+01:00,161320,1607517,162,162,True,True,0x02,"NO_IRQ,OK,NO_IRQ,NO_IRQ","NONE,DELTA,NONE,NONE",
4.484445,2026-09-05T19:24:33.507+01:00,161482,1607518,158,158,True,True,0x02,"NO_IRQ,OK,NO_IRQ,NO_IRQ","NONE,DELTA,NONE,NONE",
4.489066,2026-09-05T19:24:33.508+01:00,161640,1607519,184,184,True,True,0x02,"NO_IRQ,OK,NO_IRQ,NO_IRQ","NONE,DELTA,NONE,NONE",
4.493482,2026-09-05T19:24:33.513+01:00,161824,1607520,158,158,True,True,0x02,"NO_IRQ,OK,NO_IRQ,NO_IRQ","NONE,DELTA,NONE,NONE",
4.501292,2026-09-05T19:24:33.517+01:00,161982,1607521,182,182,True,True,0x02,"NO_IRQ,OK,NO_IRQ,NO_IRQ","NONE,DELTA,NONE,NONE",
4.503031,2026-09-05T19:24:33.525+01:00,162164,1607522,196,196,True,True,0x02,"NO_IRQ,OK,NO_IRQ,NO_IRQ","NONE,DELTA,NONE,NONE",
4.508316,2026-09-05T19:24:33.527+01:00,162360,1607523,194,194,True,True,0x02,"NO_IRQ,OK,NO_IRQ,NO_IRQ","NONE,DELTA,NONE,NONE",
4.517830,2026-09-05T19:24:33.532+01:00,162554,1607524,166,166,True,True,0x02,"NO_IRQ,OK,NO_IRQ,NO_IRQ","NONE,DELTA,NONE,NONE",
4.518450,2026-09-05T19:24:33.541+01:00,162720,1607525,172,172,True,True,0x02,"NO_IRQ,OK,NO_IRQ,NO_IRQ","NONE,DELTA,NONE,NONE",
4.523271,2026-09-05T19:24:33.542+01:00,162892,1607526,160,160,True,True,0x02,"NO_IRQ,OK,NO_IRQ,NO_IRQ","NONE,DELTA,NONE,NONE",
4.534051,2026-09-05T19:24:33.547+01:00,163052,1607527,180,180,True,True,0x02,"NO_IRQ,OK,NO_IRQ,NO_IRQ","NONE,DELTA,NONE,NONE",
4.534730,2026-09-05T19:24:33.558+01:00,163232,1607528,184,184,True,True,0x02,"NO_IRQ,OK,NO_IRQ,NO_IRQ","NONE,DELTA,NONE,NONE",
4.538195,2026-09-05T19:24:33.559+01:00,163416,1607529,180,180,True,True,0x02,"NO_IRQ,OK,NO_IRQ,NO_IRQ","NONE,DELTA,NONE,NONE",
4.543387,2026-09-05T19:24:33.562+01:00,163596,1607530,178,178,True,True,0x02,"NO_IRQ,OK,NO_IRQ,NO_IRQ","NONE,DELTA,NONE,NONE",
4.550824,2026-09-05T19:24:33.567+01:00,163774,1607531,196,196,True,True,0x02,"NO_IRQ,OK,NO_IRQ,NO_IRQ","NONE,DELTA,NONE,NONE",
4.553108,2026-09-05T19:24:33.574+01:00,163970,1607532,176,176,True,True,0x02,"NO_IRQ,OK,NO_IRQ,NO_IRQ","NONE,DELTA,NONE,NONE",
4.558414,2026-09-05T19:24:33.577+01:00,164146,1607533,146,146,True,True,0x02,"NO_IRQ,OK,NO_IRQ,NO_IRQ","NONE,DELTA,NONE,NONE",
4.567502,2026-09-05T19:24:33.582+01:00,164292,1607534,146,146,True,True,0x02,"NO_IRQ,OK,NO_IRQ,NO_IRQ","NONE,DELTA,NONE,NONE",
4.568491,2026-09-05T19:24:33.591+01:00,164438,1607535,148,148,True,True,0x02,"NO_IRQ,OK,NO_IRQ,NO_IRQ","NONE,DELTA,NONE,NONE",
4.573075,2026-09-05T19:24:33.592+01:00,164586,1607536,164,164,True,True,0x02,"NO_IRQ,OK,NO_IRQ,NO_IRQ","NONE,DELTA,NONE,NONE",
4.583834,2026-09-05T19:24:33.597+01:00,164750,1607537,176,176,True,True,0x02,"NO_IRQ,OK,NO_IRQ,NO_IRQ","NONE,DELTA,NONE,NONE",
4.584547,2026-09-05T19:24:33.607+01:00,164926,1607538,174,174,True,True,0x02,"NO_IRQ,OK,NO_IRQ,NO_IRQ","NONE,DELTA,NONE,NONE",
4.588096,2026-09-05T19:24:33.608+01:00,165100,1607539,164,164,True,True,0x02,"NO_IRQ,OK,NO_IRQ,NO_IRQ","NONE,DELTA,NONE,NONE",
4.593951,2026-09-05T19:24:33.612+01:00,165264,1607540,166,166,True,True,0x02,"NO_IRQ,OK,NO_IRQ,NO_IRQ","NONE,DELTA,NONE,NONE",
4.598388,2026-09-05T19:24:33.617+01:00,165430,1607541,176,176,True,True,0x02,"NO_IRQ,OK,NO_IRQ,NO_IRQ","NONE,DELTA,NONE,NONE",
4.604124,2026-09-05T19:24:33.622+01:00,165606,1607542,172,172,True,True,0x02,"NO_IRQ,OK,NO_IRQ,NO_IRQ","NONE,DELTA,NONE,NONE",
4.607704,2026-09-05T19:24:33.628+01:00,165778,1607543,178,178,True,True,0x02,"NO_IRQ,OK,NO_IRQ,NO_IRQ","NONE,DELTA,NONE,NONE",
4.612958,2026-09-05T19:24:33.631+01:00,165956,1607544,174,174,True,True,0x02,"NO_IRQ,OK,NO_IRQ,NO_IRQ","NONE,DELTA,NONE,NONE",
4.627127,2026-09-05T19:24:33.637+01:00,166130,1607545,182,182,True,True,0x02,"NO_IRQ,OK,NO_IRQ,NO_IRQ","NONE,DELTA,NONE,NONE",
4.627774,2026-09-05T19:24:33.651+01:00,166312,1607546,172,172,True,True,0x02,"NO_IRQ,OK,NO_IRQ,NO_IRQ","NONE,DELTA,NONE,NONE",
4.629054,2026-09-05T19:24:33.651+01:00,166484,1607547,166,166,True,True,0x02,"NO_IRQ,OK,NO_IRQ,NO_IRQ","NONE,DELTA,NONE,NONE",
4.632973,2026-09-05T19:24:33.653+01:00,166650,1607548,150,150,True,True,0x02,"NO_IRQ,OK,NO_IRQ,NO_IRQ","NONE,DELTA,NONE,NONE",
4.637859,2026-09-05T19:24:33.657+01:00,166800,1607549,194,194,True,True,0x02,"NO_IRQ,OK,NO_IRQ,NO_IRQ","NONE,DELTA,NONE,NONE",
4.645854,2026-09-05T19:24:33.661+01:00,166994,1607550,146,146,True,True,0x02,"NO_IRQ,OK,NO_IRQ,NO_IRQ","NONE,DELTA,NONE,NONE",
4.648356,2026-09-05T19:24:33.669+01:00,167140,1607551,188,188,True,True,0x02,"NO_IRQ,OK,NO_IRQ,NO_IRQ","NONE,DELTA,NONE,NONE",
4.653499,2026-09-05T19:24:33.672+01:00,167328,1607552,204,204,True,True,0x02,"NO_IRQ,OK,NO_IRQ,NO_IRQ","NONE,DELTA,NONE,NONE",
4.657720,2026-09-05T19:24:33.677+01:00,167532,1607553,188,188,True,True,0x02,"NO_IRQ,OK,NO_IRQ,NO_IRQ","NONE,DELTA,NONE,NONE",
4.664977,2026-09-05T19:24:33.681+01:00,167720,1607554,174,174,True,True,0x02,"NO_IRQ,OK,NO_IRQ,NO_IRQ","NONE,DELTA,NONE,NONE",
4.667996,2026-09-05T19:24:33.689+01:00,167894,1607555,176,176,True,True,0x02,"NO_IRQ,OK,NO_IRQ,NO_IRQ","NONE,DELTA,NONE,NONE",
4.672797,2026-09-05T19:24:33.692+01:00,168070,1607556,150,150,True,True,0x02,"NO_IRQ,OK,NO_IRQ,NO_IRQ","NONE,DELTA,NONE,NONE",
4.682374,2026-09-05T19:24:33.697+01:00,168220,1607557,184,184,True,True,0x02,"NO_IRQ,OK,NO_IRQ,NO_IRQ","NONE,DELTA,NONE,NONE",
4.684057,2026-09-05T19:24:33.706+01:00,168404,1607558,182,182,True,True,0x02,"NO_IRQ,OK,NO_IRQ,NO_IRQ","NONE,DELTA,NONE,NONE",
4.687924,2026-09-05T19:24:33.708+01:00,168586,1607559,172,172,True,True,0x02,"NO_IRQ,OK,NO_IRQ,NO_IRQ","NONE,DELTA,NONE,NONE",
4.692641,2026-09-05T19:24:33.711+01:00,168758,1607560,178,178,True,True,0x02,"NO_IRQ,OK,NO_IRQ,NO_IRQ","NONE,DELTA,NONE,NONE",
4.700300,2026-09-05T19:24:33.716+01:00,168936,1607561,168,168,True,True,0x02,"NO_IRQ,OK,NO_IRQ,NO_IRQ","NONE,DELTA,NONE,NONE",
4.702753,2026-09-05T19:24:33.724+01:00,169104,1607562,170,170,True,True,0x02,"NO_IRQ,OK,NO_IRQ,NO_IRQ","NONE,DELTA,NONE,NONE",
4.707585,2026-09-05T19:24:33.726+01:00,169274,1607563,176,176,True,True,0x02,"NO_IRQ,OK,NO_IRQ,NO_IRQ","NONE,DELTA,NONE,NONE",
4.716202,2026-09-05T19:24:33.731+01:00,169450,1607564,186,186,True,True,0x02,"NO_IRQ,OK,NO_IRQ,NO_IRQ","NONE,DELTA,NONE,NONE",
4.717720,2026-09-05T19:24:33.740+01:00,169636,1607565,164,164,True,True,0x02,"NO_IRQ,OK,NO_IRQ,NO_IRQ","NONE,DELTA,NONE,NONE",
4.722781,2026-09-05T19:24:33.741+01:00,169800,1607566,174,174,True,True,0x02,"NO_IRQ,OK,NO_IRQ,NO_IRQ","NONE,DELTA,NONE,NONE",
4.731996,2026-09-05T19:24:33.746+01:00,169974,1607567,196,196,True,True,0x02,"NO_IRQ,OK,NO_IRQ,NO_IRQ","NONE,DELTA,NONE,NONE",
4.732821,2026-09-05T19:24:33.756+01:00,170170,1607568,180,180,True,True,0x02,"NO_IRQ,OK,NO_IRQ,NO_IRQ","NONE,DELTA,NONE,NONE",
4.737748,2026-09-05T19:24:33.756+01:00,170350,1607569,188,188,True,True,0x02,"NO_IRQ,OK,NO_IRQ,NO_IRQ","NONE,DELTA,NONE,NONE",
4.747711,2026-09-05T19:24:33.761+01:00,170538,1607570,174,174,True,True,0x02,"NO_IRQ,OK,NO_IRQ,NO_IRQ","NONE,DELTA,NONE,NONE",
4.748344,2026-09-05T19:24:33.771+01:00,170712,1607571,190,190,True,True,0x02,"NO_IRQ,OK,NO_IRQ,NO_IRQ","NONE,DELTA,NONE,NONE",
4.752653,2026-09-05T19:24:33.772+01:00,170902,1607572,172,172,True,True,0x02,"NO_IRQ,OK,NO_IRQ,NO_IRQ","NONE,DELTA,NONE,NONE",
4.760379,2026-09-05T19:24:33.776+01:00,171074,1607573,182,182,True,True,0x02,"NO_IRQ,OK,NO_IRQ,NO_IRQ","NONE,DELTA,NONE,NONE",
4.764101,2026-09-05T19:24:33.784+01:00,171256,1607574,186,186,True,True,0x02,"NO_IRQ,OK,NO_IRQ,NO_IRQ","NONE,DELTA,NONE,NONE",
4.767624,2026-09-05T19:24:33.788+01:00,171442,1607575,188,188,True,True,0x02,"NO_IRQ,OK,NO_IRQ,NO_IRQ","NONE,DELTA,NONE,NONE",
4.772986,2026-09-05T19:24:33.791+01:00,171630,1607576,188,188,True,True,0x02,"NO_IRQ,OK,NO_IRQ,NO_IRQ","NONE,DELTA,NONE,NONE",
4.786079,2026-09-05T19:24:33.797+01:00,171818,1607577,166,166,True,True,0x02,"NO_IRQ,OK,NO_IRQ,NO_IRQ","NONE,DELTA,NONE,NONE",
4.786437,2026-09-05T19:24:33.810+01:00,171984,1607578,180,180,True,True,0x02,"NO_IRQ,OK,NO_IRQ,NO_IRQ","NONE,DELTA,NONE,NONE",
4.787406,2026-09-05T19:24:33.810+01:00,172164,1607579,174,174,True,True,0x02,"NO_IRQ,OK,NO_IRQ,NO_IRQ","NONE,DELTA,NONE,NONE",
4.801301,2026-09-05T19:24:33.811+01:00,172338,1607580,170,170,True,True,0x02,"NO_IRQ,OK,NO_IRQ,NO_IRQ","NONE,DELTA,NONE,NONE",
4.802049,2026-09-05T19:24:33.825+01:00,172508,1607581,190,190,True,True,0x02,"NO_IRQ,OK,NO_IRQ,NO_IRQ","NONE,DELTA,NONE,NONE",
4.803098,2026-09-05T19:24:33.826+01:00,172698,1607582,166,166,True,True,0x02,"NO_IRQ,OK,NO_IRQ,NO_IRQ","NONE,DELTA,NONE,NONE",
4.807617,2026-09-05T19:24:33.827+01:00,172864,1607583,186,186,True,True,0x02,"NO_IRQ,OK,NO_IRQ,NO_IRQ","NONE,DELTA,NONE,NONE",
4.812704,2026-09-05T19:24:33.831+01:00,173050,1607584,194,194,True,True,0x02,"NO_IRQ,OK,NO_IRQ,NO_IRQ","NONE,DELTA,NONE,NONE",
4.820186,2026-09-05T19:24:33.836+01:00,173244,1607585,186,186,True,True,0x02,"NO_IRQ,OK,NO_IRQ,NO_IRQ","NONE,DELTA,NONE,NONE",
4.822627,2026-09-05T19:24:33.844+01:00,173430,1607586,170,170,True,True,0x02,"NO_IRQ,OK,NO_IRQ,NO_IRQ","NONE,DELTA,NONE,NONE",
4.827888,2026-09-05T19:24:33.846+01:00,173600,1607587,174,174,True,True,0x02,"NO_IRQ,OK,NO_IRQ,NO_IRQ","NONE,DELTA,NONE,NONE",
4.837120,2026-09-05T19:24:33.852+01:00,173774,1607588,192,192,True,True,0x02,"NO_IRQ,OK,NO_IRQ,NO_IRQ","NONE,DELTA,NONE,NONE",
4.837782,2026-09-05T19:24:33.861+01:00,173966,1607589,204,204,True,True,0x02,"NO_IRQ,OK,NO_IRQ,NO_IRQ","NONE,DELTA,NONE,NONE",
4.842859,2026-09-05T19:24:33.861+01:00,174170,1607590,158,158,True,True,0x02,"NO_IRQ,OK,NO_IRQ,NO_IRQ","NONE,DELTA,NONE,NONE",
4.847813,2026-09-05T19:24:33.866+01:00,174328,1607591,170,170,True,True,0x02,"NO_IRQ,OK,NO_IRQ,NO_IRQ","NONE,DELTA,NONE,NONE",
4.855445,2026-09-05T19:24:33.871+01:00,174498,1607592,172,172,True,True,0x02,"NO_IRQ,OK,NO_IRQ,NO_IRQ","NONE,DELTA,NONE,NONE",
4.857938,2026-09-05T19:24:33.879+01:00,174670,1607593,184,184,True,True,0x02,"NO_IRQ,OK,NO_IRQ,NO_IRQ","NONE,DELTA,NONE,NONE",
4.862699,2026-09-05T19:24:33.881+01:00,174854,1607594,198,198,True,True,0x02,"NO_IRQ,OK,NO_IRQ,NO_IRQ","NONE,DELTA,NONE,NONE",
4.873483,2026-09-05T19:24:33.887+01:00,175052,1607595,188,188,True,True,0x02,"NO_IRQ,OK,NO_IRQ,NO_IRQ","NONE,DELTA,NONE,NONE",
4.874158,2026-09-05T19:24:33.897+01:00,175240,1607596,144,144,True,True,0x02,"NO_IRQ,OK,NO_IRQ,NO_IRQ","NONE,DELTA,NONE,NONE",
4.877758,2026-09-05T19:24:33.898+01:00,175384,1607597,140,140,True,True,0x02,"NO_IRQ,OK,NO_IRQ,NO_IRQ","NONE,DELTA,NONE,NONE",
4.882601,2026-09-05T19:24:33.901+01:00,175524,1607598,172,172,True,True,0x02,"NO_IRQ,OK,NO_IRQ,NO_IRQ","NONE,DELTA,NONE,NONE",
4.889961,2026-09-05T19:24:33.906+01:00,175696,1607599,172,172,True,True,0x02,"NO_IRQ,OK,NO_IRQ,NO_IRQ","NONE,DELTA,NONE,NONE",
4.892444,2026-09-05T19:24:33.914+01:00,175868,1607600,184,184,True,True,0x02,"NO_IRQ,OK,NO_IRQ,NO_IRQ","NONE,DELTA,NONE,NONE",
4.897358,2026-09-05T19:24:33.916+01:00,176052,1607601,170,170,True,True,0x02,"NO_IRQ,OK,NO_IRQ,NO_IRQ","NONE,DELTA,NONE,NONE",
4.906044,2026-09-05T19:24:33.921+01:00,176222,1607602,168,168,True,True,0x02,"NO_IRQ,OK,NO_IRQ,NO_IRQ","NONE,DELTA,NONE,NONE",
4.907509,2026-09-05T19:24:33.930+01:00,176390,1607603,174,174,True,True,0x02,"NO_IRQ,OK,NO_IRQ,NO_IRQ","NONE,DELTA,NONE,NONE",
4.912918,2026-09-05T19:24:33.931+01:00,176564,1607604,192,192,True,True,0x02,"NO_IRQ,OK,NO_IRQ,NO_IRQ","NONE,DELTA,NONE,NONE",
4.923855,2026-09-05T19:24:33.936+01:00,176756,1607605,182,182,True,True,0x02,"NO_IRQ,OK,NO_IRQ,NO_IRQ","NONE,DELTA,NONE,NONE",
4.924779,2026-09-05T19:24:33.947+01:00,176938,1607606,186,186,True,True,0x02,"NO_IRQ,OK,NO_IRQ,NO_IRQ","NONE,DELTA,NONE,NONE",
4.927383,2026-09-05T19:24:33.948+01:00,177124,1607607,154,154,True,True,0x02,"NO_IRQ,OK,NO_IRQ,NO_IRQ","NONE,DELTA,NONE,NONE",
4.932326,2026-09-05T19:24:33.951+01:00,177278,1607608,182,182,True,True,0x02,"NO_IRQ,OK,NO_IRQ,NO_IRQ","NONE,DELTA,NONE,NONE",
4.937908,2026-09-05T19:24:33.956+01:00,177460,1607609,180,180,True,True,0x02,"NO_IRQ,OK,NO_IRQ,NO_IRQ","NONE,DELTA,NONE,NONE",
4.942333,2026-09-05T19:24:33.961+01:00,177640,1607610,186,186,True,True,0x02,"NO_IRQ,OK,NO_IRQ,NO_IRQ","NONE,DELTA,NONE,NONE",
4.947171,2026-09-05T19:24:33.966+01:00,177826,1607611,174,174,True,True,0x02,"NO_IRQ,OK,NO_IRQ,NO_IRQ","NONE,DELTA,NONE,NONE",
4.952174,2026-09-05T19:24:33.971+01:00,178000,1607612,162,162,True,True,0x02,"NO_IRQ,OK,NO_IRQ,NO_IRQ","NONE,DELTA,NONE,NONE",
4.966152,2026-09-05T19:24:33.976+01:00,178162,1607613,168,168,True,True,0x02,"NO_IRQ,OK,NO_IRQ,NO_IRQ","NONE,DELTA,NONE,NONE",
4.966878,2026-09-05T19:24:33.990+01:00,178330,1607614,168,168,True,True,0x02,"NO_IRQ,OK,NO_IRQ,NO_IRQ","NONE,DELTA,NONE,NONE",
4.967946,2026-09-05T19:24:33.990+01:00,178498,1607615,194,194,True,True,0x02,"NO_IRQ,OK,NO_IRQ,NO_IRQ","NONE,DELTA,NONE,NONE",
4.972474,2026-09-05T19:24:33.992+01:00,178692,1607616,202,202,True,True,0x02,"NO_IRQ,OK,NO_IRQ,NO_IRQ","NONE,DELTA,NONE,NONE",
4.983372,2026-09-05T19:24:33.996+01:00,178894,1607617,170,170,True,True,0x02,"NO_IRQ,OK,NO_IRQ,NO_IRQ","NONE,DELTA,NONE,NONE",
4.984110,2026-09-05T19:24:34.007+01:00,179064,1607618,186,186,True,True,0x02,"NO_IRQ,OK,NO_IRQ,NO_IRQ","NONE,DELTA,NONE,NONE",
4.987377,2026-09-05T19:24:34.008+01:00,179250,1607619,170,170,True,True,0x02,"NO_IRQ,OK,NO_IRQ,NO_IRQ","NONE,DELTA,NONE,NONE",
4.992138,2026-09-05T19:24:34.011+01:00,179420,1607620,206,206,True,True,0x02,"NO_IRQ,OK,NO_IRQ,NO_IRQ","NONE,DELTA,NONE,NONE",
4.999967,2026-09-05T19:24:34.016+01:00,179626,1607621,188,188,True,True,0x02,"NO_IRQ,OK,NO_IRQ,NO_IRQ","NONE,DELTA,NONE,NONE",
5.002273,2026-09-05T19:24:34.024+01:00,179814,1607622,186,186,True,True,0x02,"NO_IRQ,OK,NO_IRQ,NO_IRQ","NONE,DELTA,NONE,NONE",
5.007215,2026-09-05T19:24:34.026+01:00,180000,1607623,168,168,True,True,0x02,"NO_IRQ,OK,NO_IRQ,NO_IRQ","NONE,DELTA,NONE,NONE",
5.015955,2026-09-05T19:24:34.031+01:00,180168,1607624,176,176,True,True,0x02,"NO_IRQ,OK,NO_IRQ,NO_IRQ","NONE,DELTA,NONE,NONE",
5.017201,2026-09-05T19:24:34.040+01:00,180344,1607625,196,196,True,True,0x02,"NO_IRQ,OK,NO_IRQ,NO_IRQ","NONE,DELTA,NONE,NONE",
5.022284,2026-09-05T19:24:34.041+01:00,180540,1607626,168,168,True,True,0x02,"NO_IRQ,OK,NO_IRQ,NO_IRQ","NONE,DELTA,NONE,NONE",
5.031955,2026-09-05T19:24:34.046+01:00,180708,1607627,176,176,True,True,0x02,"NO_IRQ,OK,NO_IRQ,NO_IRQ","NONE,DELTA,NONE,NONE",
5.032654,2026-09-05T19:24:34.056+01:00,180884,1607628,176,176,True,True,0x02,"NO_IRQ,OK,NO_IRQ,NO_IRQ","NONE,DELTA,NONE,NONE",
5.037347,2026-09-05T19:24:34.056+01:00,181060,1607629,188,188,True,True,0x02,"NO_IRQ,OK,NO_IRQ,NO_IRQ","NONE,DELTA,NONE,NONE",
5.042032,2026-09-05T19:24:34.061+01:00,181248,1607630,158,158,True,True,0x02,"NO_IRQ,OK,NO_IRQ,NO_IRQ","NONE,DELTA,NONE,NONE",
5.049432,2026-09-05T19:24:34.066+01:00,181406,1607631,178,178,True,True,0x02,"NO_IRQ,OK,NO_IRQ,NO_IRQ","NONE,DELTA,NONE,NONE",
5.052276,2026-09-05T19:24:34.073+01:00,181584,1607632,186,186,True,True,0x02,"NO_IRQ,OK,NO_IRQ,NO_IRQ","NONE,DELTA,NONE,NONE",
5.057134,2026-09-05T19:24:34.076+01:00,181770,1607633,174,174,True,True,0x02,"NO_IRQ,OK,NO_IRQ,NO_IRQ","NONE,DELTA,NONE,NONE",
5.067342,2026-09-05T19:24:34.081+01:00,181944,1607634,166,166,True,True,0x02,"NO_IRQ,OK,NO_IRQ,NO_IRQ","NONE,DELTA,NONE,NONE",
5.069167,2026-09-05T19:24:34.091+01:00,182110,1607635,190,190,True,True,0x02,"NO_IRQ,OK,NO_IRQ,NO_IRQ","NONE,DELTA,NONE,NONE",
5.072899,2026-09-05T19:24:34.093+01:00,182300,1607636,178,178,True,True,0x02,"NO_IRQ,OK,NO_IRQ,NO_IRQ","NONE,DELTA,NONE,NONE",
5.078258,2026-09-05T19:24:34.097+01:00,182478,1607637,168,168,True,True,0x02,"NO_IRQ,OK,NO_IRQ,NO_IRQ","NONE,DELTA,NONE,NONE",
5.082940,2026-09-05T19:24:34.103+01:00,182646,1607638,172,172,True,True,0x02,"NO_IRQ,OK,NO_IRQ,NO_IRQ","NONE,DELTA,NONE,NONE",
5.090628,2026-09-05T19:24:34.107+01:00,182818,1607639,196,196,True,True,0x02,"NO_IRQ,OK,NO_IRQ,NO_IRQ","NONE,DELTA,NONE,NONE",
5.095094,2026-09-05T19:24:34.114+01:00,183014,1607640,154,154,True,True,0x02,"NO_IRQ,OK,NO_IRQ,NO_IRQ","NONE,DELTA,NONE,NONE",
5.096910,2026-09-05T19:24:34.119+01:00,183168,1607641,172,172,True,True,0x02,"NO_IRQ,OK,NO_IRQ,NO_IRQ","NONE,DELTA,NONE,NONE",
5.102100,2026-09-05T19:24:34.121+01:00,183340,1607642,184,184,True,True,0x02,"NO_IRQ,OK,NO_IRQ,NO_IRQ","NONE,DELTA,NONE,NONE",
5.108016,2026-09-05T19:24:34.126+01:00,183524,1607643,158,158,True,True,0x02,"NO_IRQ,OK,NO_IRQ,NO_IRQ","NONE,DELTA,NONE,NONE",
5.112865,2026-09-05T19:24:34.132+01:00,183682,1607644,184,184,True,True,0x02,"NO_IRQ,OK,NO_IRQ,NO_IRQ","NONE,DELTA,NONE,NONE",
5.117926,2026-09-05T19:24:34.136+01:00,183866,1607645,196,196,True,True,0x02,"NO_IRQ,OK,NO_IRQ,NO_IRQ","NONE,DELTA,NONE,NONE",
5.121798,2026-09-05T19:24:34.141+01:00,184062,1607646,174,174,True,True,0x02,"NO_IRQ,OK,NO_IRQ,NO_IRQ","NONE,DELTA,NONE,NONE",
5.126853,2026-09-05T19:24:34.145+01:00,184236,1607647,186,186,True,True,0x02,"NO_IRQ,OK,NO_IRQ,NO_IRQ","NONE,DELTA,NONE,NONE",
5.136031,2026-09-05T19:24:34.150+01:00,184422,1607648,1084,1084,True,True,0x02,"NO_IRQ,OK,NO_IRQ,NO_IRQ","NONE,DELTA_SYNC,NONE,NONE",
5.136806,2026-09-05T19:24:34.160+01:00,185506,1607649,232,232,True,True,0x02,"NO_IRQ,OK,NO_IRQ,NO_IRQ","NONE,DELTA,NONE,NONE",
5.150031,2026-09-05T19:24:34.160+01:00,185738,1607650,246,246,True,True,0x02,"NO_IRQ,OK,NO_IRQ,NO_IRQ","NONE,DELTA,NONE,NONE",
5.150712,2026-09-05T19:24:34.174+01:00,185984,1607651,158,158,True,True,0x02,"NO_IRQ,OK,NO_IRQ,NO_IRQ","NONE,DELTA,NONE,NONE",
5.152120,2026-09-05T19:24:34.174+01:00,186142,1607652,186,186,True,True,0x02,"NO_IRQ,OK,NO_IRQ,NO_IRQ","NONE,DELTA,NONE,NONE",
5.157016,2026-09-05T19:24:34.176+01:00,186328,1607653,168,168,True,True,0x02,"NO_IRQ,OK,NO_IRQ,NO_IRQ","NONE,DELTA,NONE,NONE",
5.167564,2026-09-05T19:24:34.181+01:00,186496,1607654,194,194,True,True,0x02,"NO_IRQ,OK,NO_IRQ,NO_IRQ","NONE,DELTA,NONE,NONE",
5.168229,2026-09-05T19:24:34.191+01:00,186690,1607655,148,148,True,True,0x02,"NO_IRQ,OK,NO_IRQ,NO_IRQ","NONE,DELTA,NONE,NONE",
5.172033,2026-09-05T19:24:34.192+01:00,186838,1607656,180,180,True,True,0x02,"NO_IRQ,OK,NO_IRQ,NO_IRQ","NONE,DELTA,NONE,NONE",
5.176798,2026-09-05T19:24:34.196+01:00,187018,1607657,170,170,True,True,0x02,"NO_IRQ,OK,NO_IRQ,NO_IRQ","NONE,DELTA,NONE,NONE",
5.184959,2026-09-05T19:24:34.200+01:00,187188,1607658,166,166,True,True,0x02,"NO_IRQ,OK,NO_IRQ,NO_IRQ","NONE,DELTA,NONE,NONE",
5.186996,2026-09-05T19:24:34.209+01:00,187354,1607659,202,202,True,True,0x02,"NO_IRQ,OK,NO_IRQ,NO_IRQ","NONE,DELTA,NONE,NONE",
5.193341,2026-09-05T19:24:34.211+01:00,187556,1607660,180,180,True,True,0x02,"NO_IRQ,OK,NO_IRQ,NO_IRQ","NONE,DELTA,NONE,NONE",
5.196953,2026-09-05T19:24:34.217+01:00,187736,1607661,196,196,True,True,0x02,"NO_IRQ,OK,NO_IRQ,NO_IRQ","NONE,DELTA,NONE,NONE",
5.204983,2026-09-05T19:24:34.221+01:00,187932,1607662,180,180,True,True,0x02,"NO_IRQ,OK,NO_IRQ,NO_IRQ","NONE,DELTA,NONE,NONE",
5.207148,2026-09-05T19:24:34.229+01:00,188112,1607663,166,166,True,True,0x02,"NO_IRQ,OK,NO_IRQ,NO_IRQ","NONE,DELTA,NONE,NONE",
5.212160,2026-09-05T19:24:34.231+01:00,188278,1607664,320,320,True,True,0x02,"NO_IRQ,OK,NO_IRQ,NO_IRQ","NONE,DELTA,NONE,NONE",
5.223404,2026-09-05T19:24:34.236+01:00,188598,1607665,294,294,True,True,0x02,"NO_IRQ,OK,NO_IRQ,NO_IRQ","NONE,DELTA,NONE,NONE",
5.224409,2026-09-05T19:24:34.247+01:00,188892,1607666,304,304,True,True,0x02,"NO_IRQ,OK,NO_IRQ,NO_IRQ","NONE,DELTA,NONE,NONE",
5.227698,2026-09-05T19:24:34.248+01:00,189196,1607667,344,344,True,True,0x02,"NO_IRQ,OK,NO_IRQ,NO_IRQ","NONE,DELTA,NONE,NONE",
5.232407,2026-09-05T19:24:34.252+01:00,189540,1607668,296,296,True,True,0x02,"NO_IRQ,OK,NO_IRQ,NO_IRQ","NONE,DELTA,NONE,NONE",
5.242955,2026-09-05T19:24:34.256+01:00,189836,1607669,312,312,True,True,0x02,"NO_IRQ,OK,NO_IRQ,NO_IRQ","NONE,DELTA,NONE,NONE",
5.244333,2026-09-05T19:24:34.267+01:00,190148,1607670,342,342,True,True,0x02,"NO_IRQ,OK,NO_IRQ,NO_IRQ","NONE,DELTA,NONE,NONE",
5.246920,2026-09-05T19:24:34.268+01:00,190490,1607671,326,326,True,True,0x02,"NO_IRQ,OK,NO_IRQ,NO_IRQ","NONE,DELTA,NONE,NONE",
5.252141,2026-09-05T19:24:34.271+01:00,190816,1607672,340,340,True,True,0x02,"NO_IRQ,OK,NO_IRQ,NO_IRQ","NONE,DELTA,NONE,NONE",
5.262550,2026-09-05T19:24:34.276+01:00,191156,1607673,322,322,True,True,0x02,"NO_IRQ,OK,NO_IRQ,NO_IRQ","NONE,DELTA,NONE,NONE",
5.263766,2026-09-05T19:24:34.286+01:00,191478,1607674,358,358,True,True,0x02,"NO_IRQ,OK,NO_IRQ,NO_IRQ","NONE,DELTA,NONE,NONE",
5.267569,2026-09-05T19:24:34.287+01:00,191836,1607675,470,470,True,True,0x02,"NO_IRQ,OK,NO_IRQ,NO_IRQ","NONE,DELTA,NONE,NONE",
5.272308,2026-09-05T19:24:34.291+01:00,192306,1607676,520,520,True,True,0x02,"NO_IRQ,OK,NO_IRQ,NO_IRQ","NONE,DELTA,NONE,NONE",
5.281461,2026-09-05T19:24:34.296+01:00,192826,1607677,550,550,True,True,0x02,"NO_IRQ,OK,NO_IRQ,NO_IRQ","NONE,DELTA,NONE,NONE",
5.282789,2026-09-05T19:24:34.305+01:00,193376,1607678,598,598,True,True,0x02,"NO_IRQ,OK,NO_IRQ,NO_IRQ","NONE,DELTA,NONE,NONE",
5.287936,2026-09-05T19:24:34.306+01:00,193974,1607679,542,542,True,True,0x02,"NO_IRQ,OK,NO_IRQ,NO_IRQ","NONE,DELTA,NONE,NONE",
5.292735,2026-09-05T19:24:34.312+01:00,194516,1607680,588,588,True,True,0x02,"NO_IRQ,OK,NO_IRQ,NO_IRQ","NONE,DELTA,NONE,NONE",
5.297849,2026-09-05T19:24:34.316+01:00,195104,1607681,596,596,True,True,0x02,"NO_IRQ,OK,NO_IRQ,NO_IRQ","NONE,DELTA,NONE,NONE",
5.303384,2026-09-05T19:24:34.321+01:00,195700,1607682,568,568,True,True,0x02,"NO_IRQ,OK,NO_IRQ,NO_IRQ","NONE,DELTA,NONE,NONE",
5.307261,2026-09-05T19:24:34.328+01:00,196268,1607683,536,536,True,True,0x02,"NO_IRQ,OK,NO_IRQ,NO_IRQ","NONE,DELTA,NONE,NONE",
5.312296,2026-09-05T19:24:34.331+01:00,196804,1607684,602,602,True,True,0x02,"NO_IRQ,OK,NO_IRQ,NO_IRQ","NONE,DELTA,NONE,NONE",
5.317160,2026-09-05T19:24:34.336+01:00,197406,1607685,612,612,True,True,0x02,"NO_IRQ,OK,NO_IRQ,NO_IRQ","NONE,DELTA,NONE,NONE",
5.329699,2026-09-05T19:24:34.341+01:00,198018,1607686,622,622,True,True,0x02,"NO_IRQ,OK,NO_IRQ,NO_IRQ","NONE,DELTA,NONE,NONE",
5.330769,2026-09-05T19:24:34.353+01:00,198640,1607687,594,594,True,True,0x02,"NO_IRQ,OK,NO_IRQ,NO_IRQ","NONE,DELTA,NONE,NONE",
5.332221,2026-09-05T19:24:34.354+01:00,199234,1607688,646,646,True,True,0x02,"NO_IRQ,OK,NO_IRQ,NO_IRQ","NONE,DELTA,NONE,NONE",
5.337601,2026-09-05T19:24:34.356+01:00,199880,1607689,644,644,True,True,0x02,"NO_IRQ,OK,NO_IRQ,NO_IRQ","NONE,DELTA,NONE,NONE",
5.349242,2026-09-05T19:24:34.361+01:00,200524,1607690,608,608,True,True,0x02,"NO_IRQ,OK,NO_IRQ,NO_IRQ","NONE,DELTA,NONE,NONE",
5.350179,2026-09-05T19:24:34.373+01:00,201132,1607691,608,608,True,True,0x02,"NO_IRQ,OK,NO_IRQ,NO_IRQ","NONE,DELTA,NONE,NONE",
5.352865,2026-09-05T19:24:34.374+01:00,201740,1607692,634,634,True,True,0x02,"NO_IRQ,OK,NO_IRQ,NO_IRQ","NONE,DELTA,NONE,NONE",
5.357559,2026-09-05T19:24:34.377+01:00,202374,1607693,598,598,True,True,0x02,"NO_IRQ,OK,NO_IRQ,NO_IRQ","NONE,DELTA,NONE,NONE",
5.368849,2026-09-05T19:24:34.381+01:00,202972,1607694,578,578,True,True,0x02,"NO_IRQ,OK,NO_IRQ,NO_IRQ","NONE,DELTA,NONE,NONE",
5.369885,2026-09-05T19:24:34.393+01:00,203550,1607695,626,626,True,True,0x02,"NO_IRQ,OK,NO_IRQ,NO_IRQ","NONE,DELTA,NONE,NONE",
5.372151,2026-09-05T19:24:34.393+01:00,204176,1607696,622,622,True,True,0x02,"NO_IRQ,OK,NO_IRQ,NO_IRQ","NONE,DELTA,NONE,NONE",
5.377643,2026-09-05T19:24:34.396+01:00,204798,1607697,608,608,True,True,0x02,"NO_IRQ,OK,NO_IRQ,NO_IRQ","NONE,DELTA,NONE,NONE",
5.386700,2026-09-05T19:24:34.402+01:00,205406,1607698,616,616,True,True,0x02,"NO_IRQ,OK,NO_IRQ,NO_IRQ","NONE,DELTA,NONE,NONE",
5.387769,2026-09-05T19:24:34.410+01:00,206022,1607699,642,642,True,True,0x02,"NO_IRQ,OK,NO_IRQ,NO_IRQ","NONE,DELTA,NONE,NONE",
5.392403,2026-09-05T19:24:34.411+01:00,206664,1607700,622,622,True,True,0x02,"NO_IRQ,OK,NO_IRQ,NO_IRQ","NONE,DELTA,NONE,NONE",
5.397112,2026-09-05T19:24:34.416+01:00,207286,1607701,580,580,True,True,0x02,"NO_IRQ,OK,NO_IRQ,NO_IRQ","NONE,DELTA,NONE,NONE",
5.403727,2026-09-05T19:24:34.421+01:00,207866,1607702,602,602,True,True,0x02,"NO_IRQ,OK,NO_IRQ,NO_IRQ","NONE,DELTA,NONE,NONE",
5.407252,2026-09-05T19:24:34.427+01:00,208468,1607703,578,578,True,True,0x02,"NO_IRQ,OK,NO_IRQ,NO_IRQ","NONE,DELTA,NONE,NONE",
5.412254,2026-09-05T19:24:34.431+01:00,209046,1607704,592,592,True,True,0x02,"NO_IRQ,OK,NO_IRQ,NO_IRQ","NONE,DELTA,NONE,NONE",
5.420354,2026-09-05T19:24:34.436+01:00,209638,1607705,586,586,True,True,0x02,"NO_IRQ,OK,NO_IRQ,NO_IRQ","NONE,DELTA,NONE,NONE",
5.421958,2026-09-05T19:24:34.444+01:00,210224,1607706,564,564,True,True,0x02,"NO_IRQ,OK,NO_IRQ,NO_IRQ","NONE,DELTA,NONE,NONE",
5.427695,2026-09-05T19:24:34.446+01:00,210788,1607707,574,574,True,True,0x02,"NO_IRQ,OK,NO_IRQ,NO_IRQ","NONE,DELTA,NONE,NONE",
5.437011,2026-09-05T19:24:34.452+01:00,211362,1607708,558,558,True,True,0x02,"NO_IRQ,OK,NO_IRQ,NO_IRQ","NONE,DELTA,NONE,NONE",
5.437774,2026-09-05T19:24:34.461+01:00,211920,1607709,466,466,True,True,0x02,"NO_IRQ,OK,NO_IRQ,NO_IRQ","NONE,DELTA,NONE,NONE",
5.442094,2026-09-05T19:24:34.461+01:00,212386,1607710,468,468,True,True,0x02,"NO_IRQ,OK,NO_IRQ,NO_IRQ","NONE,DELTA,NONE,NONE",
5.446845,2026-09-05T19:24:34.466+01:00,212854,1607711,480,480,True,True,0x02,"NO_IRQ,OK,NO_IRQ,NO_IRQ","NONE,DELTA,NONE,NONE",
5.454037,2026-09-05T19:24:34.471+01:00,213334,1607712,522,522,True,True,0x02,"NO_IRQ,OK,NO_IRQ,NO_IRQ","NONE,DELTA,NONE,NONE",
5.456939,2026-09-05T19:24:34.478+01:00,213856,1607713,504,504,True,True,0x02,"NO_IRQ,OK,NO_IRQ,NO_IRQ","NONE,DELTA,NONE,NONE",
5.461793,2026-09-05T19:24:34.481+01:00,214360,1607714,462,462,True,True,0x02,"NO_IRQ,OK,NO_IRQ,NO_IRQ","NONE,DELTA,NONE,NONE",
5.466681,2026-09-05T19:24:34.485+01:00,214822,1607715,470,470,True,True,0x02,"NO_IRQ,OK,NO_IRQ,NO_IRQ","NONE,DELTA,NONE,NONE",
5.472977,2026-09-05T19:24:34.490+01:00,215292,1607716,470,470,True,True,0x02,"NO_IRQ,OK,NO_IRQ,NO_IRQ","NONE,DELTA,NONE,NONE",
5.477329,2026-09-05T19:24:34.497+01:00,215762,1607717,540,540,True,True,0x02,"NO_IRQ,OK,NO_IRQ,NO_IRQ","NONE,DELTA,NONE,NONE",
5.481722,2026-09-05T19:24:34.501+01:00,216302,1607718,478,478,True,True,0x02,"NO_IRQ,OK,NO_IRQ,NO_IRQ","NONE,DELTA,NONE,NONE",
5.493525,2026-09-05T19:24:34.505+01:00,216780,1607719,516,516,True,True,0x02,"NO_IRQ,OK,NO_IRQ,NO_IRQ","NONE,DELTA,NONE,NONE",
5.494139,2026-09-05T19:24:34.517+01:00,217296,1607720,444,444,True,True,0x02,"NO_IRQ,OK,NO_IRQ,NO_IRQ","NONE,DELTA,NONE,NONE",
5.501454,2026-09-05T19:24:34.518+01:00,217740,1607721,436,436,True,True,0x02,"NO_IRQ,OK,NO_IRQ,NO_IRQ","NONE,DELTA,NONE,NONE",
5.509094,2026-09-05T19:24:34.529+01:00,218176,1607722,422,422,True,True,0x02,"NO_IRQ,OK,NO_IRQ,NO_IRQ","NONE,DELTA,NONE,NONE",
5.509660,2026-09-05T19:24:34.533+01:00,218598,1607723,424,424,True,True,0x02,"NO_IRQ,OK,NO_IRQ,NO_IRQ","NONE,DELTA,NONE,NONE",
5.511890,2026-09-05T19:24:34.533+01:00,219022,1607724,440,440,True,True,0x02,"NO_IRQ,OK,NO_IRQ,NO_IRQ","NONE,DELTA,NONE,NONE",
5.517184,2026-09-05T19:24:34.535+01:00,219462,1607725,478,478,True,True,0x02,"NO_IRQ,OK,NO_IRQ,NO_IRQ","NONE,DELTA,NONE,NONE",
5.522719,2026-09-05T19:24:34.541+01:00,219940,1607726,472,472,True,True,0x02,"NO_IRQ,OK,NO_IRQ,NO_IRQ","NONE,DELTA,NONE,NONE",
5.529202,2026-09-05T19:24:34.547+01:00,220412,1607727,446,446,True,True,0x02,"NO_IRQ,OK,NO_IRQ,NO_IRQ","NONE,DELTA,NONE,NONE",
5.532608,2026-09-05T19:24:34.553+01:00,220858,1607728,424,424,True,True,0x02,"NO_IRQ,OK,NO_IRQ,NO_IRQ","NONE,DELTA,NONE,NONE",
5.536794,2026-09-05T19:24:34.556+01:00,221282,1607729,428,428,True,True,0x02,"NO_IRQ,OK,NO_IRQ,NO_IRQ","NONE,DELTA,NONE,NONE",
5.547346,2026-09-05T19:24:34.561+01:00,221710,1607730,418,418,True,True,0x02,"NO_IRQ,OK,NO_IRQ,NO_IRQ","NONE,DELTA,NONE,NONE",
5.548109,2026-09-05T19:24:34.571+01:00,222128,1607731,372,372,True,True,0x02,"NO_IRQ,OK,NO_IRQ,NO_IRQ","NONE,DELTA,NONE,NONE",
5.551635,2026-09-05T19:24:34.572+01:00,222500,1607732,414,414,True,True,0x02,"NO_IRQ,OK,NO_IRQ,NO_IRQ","NONE,DELTA,NONE,NONE",
5.556503,2026-09-05T19:24:34.575+01:00,222914,1607733,392,392,True,True,0x02,"NO_IRQ,OK,NO_IRQ,NO_IRQ","NONE,DELTA,NONE,NONE",
5.564278,2026-09-05T19:24:34.580+01:00,223306,1607734,356,356,True,True,0x02,"NO_IRQ,OK,NO_IRQ,NO_IRQ","NONE,DELTA,NONE,NONE",
5.566444,2026-09-05T19:24:34.588+01:00,223662,1607735,358,358,True,True,0x02,"NO_IRQ,OK,NO_IRQ,NO_IRQ","NONE,DELTA,NONE,NONE",
5.571623,2026-09-05T19:24:34.590+01:00,224020,1607736,378,378,True,True,0x02,"NO_IRQ,OK,NO_IRQ,NO_IRQ","NONE,DELTA,NONE,NONE",
5.580560,2026-09-05T19:24:34.595+01:00,224398,1607737,340,340,True,True,0x02,"NO_IRQ,OK,NO_IRQ,NO_IRQ","NONE,DELTA,NONE,NONE",
5.581647,2026-09-05T19:24:34.604+01:00,224738,1607738,374,374,True,True,0x02,"NO_IRQ,OK,NO_IRQ,NO_IRQ","NONE,DELTA,NONE,NONE",
5.586650,2026-09-05T19:24:34.605+01:00,225112,1607739,356,356,True,True,0x02,"NO_IRQ,OK,NO_IRQ,NO_IRQ","NONE,DELTA,NONE,NONE",
5.596907,2026-09-05T19:24:34.610+01:00,225468,1607740,378,378,True,True,0x02,"NO_IRQ,OK,NO_IRQ,NO_IRQ","NONE,DELTA,NONE,NONE",
5.598180,2026-09-05T19:24:34.620+01:00,225846,1607741,350,350,True,True,0x02,"NO_IRQ,OK,NO_IRQ,NO_IRQ","NONE,DELTA,NONE,NONE",
5.601605,2026-09-05T19:24:34.622+01:00,226196,1607742,344,344,True,True,0x02,"NO_IRQ,OK,NO_IRQ,NO_IRQ","NONE,DELTA,NONE,NONE",
5.606414,2026-09-05T19:24:34.625+01:00,226540,1607743,338,338,True,True,0x02,"NO_IRQ,OK,NO_IRQ,NO_IRQ","NONE,DELTA,NONE,NONE",
5.615688,2026-09-05T19:24:34.630+01:00,226878,1607744,350,350,True,True,0x02,"NO_IRQ,OK,NO_IRQ,NO_IRQ","NONE,DELTA,NONE,NONE",
5.616661,2026-09-05T19:24:34.639+01:00,227228,1607745,374,374,True,True,0x02,"NO_IRQ,OK,NO_IRQ,NO_IRQ","NONE,DELTA,NONE,NONE",
5.622028,2026-09-05T19:24:34.640+01:00,227602,1607746,418,418,True,True,0x02,"NO_IRQ,OK,NO_IRQ,NO_IRQ","NONE,DELTA,NONE,NONE",
5.632960,2026-09-05T19:24:34.646+01:00,228020,1607747,382,382,True,True,0x02,"NO_IRQ,OK,NO_IRQ,NO_IRQ","NONE,DELTA,NONE,NONE",
5.633754,2026-09-05T19:24:34.657+01:00,228402,1607748,372,372,True,True,0x02,"NO_IRQ,OK,NO_IRQ,NO_IRQ","NONE,DELTA,NONE,NONE",
5.636463,2026-09-05T19:24:34.657+01:00,228774,1607749,348,348,True,True,0x02,"NO_IRQ,OK,NO_IRQ,NO_IRQ","NONE,DELTA,NONE,NONE",
5.641766,2026-09-05T19:24:34.660+01:00,229122,1607750,400,400,True,True,0x02,"NO_IRQ,OK,NO_IRQ,NO_IRQ","NONE,DELTA,NONE,NONE",
5.647598,2026-09-05T19:24:34.665+01:00,229522,1607751,472,472,True,True,0x02,"NO_IRQ,OK,NO_IRQ,NO_IRQ","NONE,DELTA,NONE,NONE",
5.652562,2026-09-05T19:24:34.671+01:00,229994,1607752,420,420,True,True,0x02,"NO_IRQ,OK,NO_IRQ,NO_IRQ","NONE,DELTA,NONE,NONE",
5.656806,2026-09-05T19:24:34.676+01:00,230414,1607753,640,640,True,True,0x02,"NO_IRQ,OK,NO_IRQ,NO_IRQ","NONE,DELTA,NONE,NONE",
5.661990,2026-09-05T19:24:34.680+01:00,231054,1607754,516,516,True,True,0x02,"NO_IRQ,OK,NO_IRQ,NO_IRQ","NONE,DELTA,NONE,NONE",
5.667229,2026-09-05T19:24:34.686+01:00,231570,1607755,666,666,True,True,0x02,"NO_IRQ,OK,NO_IRQ,NO_IRQ","NONE,DELTA,NONE,NONE",
5.679394,2026-09-05T19:24:34.694+01:00,232236,1607756,466,466,True,True,0x02,"NO_IRQ,OK,NO_IRQ,NO_IRQ","NONE,DELTA,NONE,NONE",
5.680276,2026-09-05T19:24:34.703+01:00,232702,1607757,480,480,True,True,0x02,"NO_IRQ,OK,NO_IRQ,NO_IRQ","NONE,DELTA,NONE,NONE",
5.681751,2026-09-05T19:24:34.704+01:00,233182,1607758,508,508,True,True,0x02,"NO_IRQ,OK,NO_IRQ,NO_IRQ","NONE,DELTA,NONE,NONE",
5.686639,2026-09-05T19:24:34.705+01:00,233690,1607759,460,460,True,True,0x02,"NO_IRQ,OK,NO_IRQ,NO_IRQ","NONE,DELTA,NONE,NONE",
5.698522,2026-09-05T19:24:34.710+01:00,234150,1607760,552,552,True,True,0x02,"NO_IRQ,OK,NO_IRQ,NO_IRQ","NONE,DELTA,NONE,NONE",
5.699317,2026-09-05T19:24:34.722+01:00,234702,1607761,502,502,True,True,0x02,"NO_IRQ,OK,NO_IRQ,NO_IRQ","NONE,DELTA,NONE,NONE",
5.701747,2026-09-05T19:24:34.723+01:00,235204,1607762,560,560,True,True,0x02,"NO_IRQ,OK,NO_IRQ,NO_IRQ","NONE,DELTA,NONE,NONE",
5.706942,2026-09-05T19:24:34.725+01:00,235764,1607763,542,542,True,True,0x02,"NO_IRQ,OK,NO_IRQ,NO_IRQ","NONE,DELTA,NONE,NONE",
5.716514,2026-09-05T19:24:34.731+01:00,236306,1607764,504,504,True,True,0x02,"NO_IRQ,OK,NO_IRQ,NO_IRQ","NONE,DELTA,NONE,NONE",
5.717220,2026-09-05T19:24:34.740+01:00,236810,1607765,542,542,True,True,0x02,"NO_IRQ,OK,NO_IRQ,NO_IRQ","NONE,DELTA,NONE,NONE",
5.721533,2026-09-05T19:24:34.741+01:00,237352,1607766,572,572,True,True,0x02,"NO_IRQ,OK,NO_IRQ,NO_IRQ","NONE,DELTA,NONE,NONE",
5.727337,2026-09-05T19:24:34.745+01:00,237924,1607767,582,582,True,True,0x02,"NO_IRQ,OK,NO_IRQ,NO_IRQ","NONE,DELTA,NONE,NONE",
5.734460,2026-09-05T19:24:34.751+01:00,238506,1607768,554,554,True,True,0x02,"NO_IRQ,OK,NO_IRQ,NO_IRQ","NONE,DELTA,NONE,NONE",
5.736619,2026-09-05T19:24:34.758+01:00,239060,1607769,578,578,True,True,0x02,"NO_IRQ,OK,NO_IRQ,NO_IRQ","NONE,DELTA,NONE,NONE",
5.741544,2026-09-05T19:24:34.760+01:00,239638,1607770,588,588,True,True,0x02,"NO_IRQ,OK,NO_IRQ,NO_IRQ","NONE,DELTA,NONE,NONE",
5.750943,2026-09-05T19:24:34.765+01:00,240226,1607771,564,564,True,True,0x02,"NO_IRQ,OK,NO_IRQ,NO_IRQ","NONE,DELTA,NONE,NONE",
5.752020,2026-09-05T19:24:34.774+01:00,240790,1607772,626,626,True,True,0x02,"NO_IRQ,OK,NO_IRQ,NO_IRQ","NONE,DELTA,NONE,NONE",
5.756833,2026-09-05T19:24:34.776+01:00,241416,1607773,636,636,True,True,0x02,"NO_IRQ,OK,NO_IRQ,NO_IRQ","NONE,DELTA,NONE,NONE",
5.761775,2026-09-05T19:24:34.780+01:00,242052,1607774,636,636,True,True,0x02,"NO_IRQ,OK,NO_IRQ,NO_IRQ","NONE,DELTA,NONE,NONE",
5.768760,2026-09-05T19:24:34.785+01:00,242688,1607775,648,648,True,True,0x02,"NO_IRQ,OK,NO_IRQ,NO_IRQ","NONE,DELTA,NONE,NONE",
5.771786,2026-09-05T19:24:34.792+01:00,243336,1607776,656,656,True,True,0x02,"NO_IRQ,OK,NO_IRQ,NO_IRQ","NONE,DELTA,NONE,NONE",
5.776894,2026-09-05T19:24:34.795+01:00,243992,1607777,660,660,True,True,0x02,"NO_IRQ,OK,NO_IRQ,NO_IRQ","NONE,DELTA,NONE,NONE",
5.786025,2026-09-05T19:24:34.800+01:00,244652,1607778,624,624,True,True,0x02,"NO_IRQ,OK,NO_IRQ,NO_IRQ","NONE,DELTA,NONE,NONE",
5.787054,2026-09-05T19:24:34.810+01:00,245276,1607779,562,562,True,True,0x02,"NO_IRQ,OK,NO_IRQ,NO_IRQ","NONE,DELTA,NONE,NONE",
5.791490,2026-09-05T19:24:34.811+01:00,245838,1607780,482,482,True,True,0x02,"NO_IRQ,OK,NO_IRQ,NO_IRQ","NONE,DELTA,NONE,NONE",
5.802419,2026-09-05T19:24:34.815+01:00,246320,1607781,458,458,True,True,0x02,"NO_IRQ,OK,NO_IRQ,NO_IRQ","NONE,DELTA,NONE,NONE",
5.803191,2026-09-05T19:24:34.826+01:00,246778,1607782,464,464,True,True,0x02,"NO_IRQ,OK,NO_IRQ,NO_IRQ","NONE,DELTA,NONE,NONE",
5.806443,2026-09-05T19:24:34.827+01:00,247242,1607783,434,434,True,True,0x02,"NO_IRQ,OK,NO_IRQ,NO_IRQ","NONE,DELTA,NONE,NONE",
5.811671,2026-09-05T19:24:34.830+01:00,247676,1607784,404,404,True,True,0x02,"NO_IRQ,OK,NO_IRQ,NO_IRQ","NONE,DELTA,NONE,NONE",
5.816219,2026-09-05T19:24:34.835+01:00,248080,1607785,386,386,True,True,0x02,"NO_IRQ,OK,NO_IRQ,NO_IRQ","NONE,DELTA,NONE,NONE",
5.822010,2026-09-05T19:24:34.840+01:00,248466,1607786,398,398,True,True,0x02,"NO_IRQ,OK,NO_IRQ,NO_IRQ","NONE,DELTA,NONE,NONE",
5.825984,2026-09-05T19:24:34.846+01:00,248864,1607787,394,394,True,True,0x02,"NO_IRQ,OK,NO_IRQ,NO_IRQ","NONE,DELTA,NONE,NONE",
5.831077,2026-09-05T19:24:34.850+01:00,249258,1607788,352,352,True,True,0x02,"NO_IRQ,OK,NO_IRQ,NO_IRQ","NONE,DELTA,NONE,NONE",
5.840015,2026-09-05T19:24:34.855+01:00,249610,1607789,310,310,True,True,0x02,"NO_IRQ,OK,NO_IRQ,NO_IRQ","NONE,DELTA,NONE,NONE",
5.840794,2026-09-05T19:24:34.864+01:00,249920,1607790,290,290,True,True,0x02,"NO_IRQ,OK,NO_IRQ,NO_IRQ","NONE,DELTA,NONE,NONE",
5.853620,2026-09-05T19:24:34.864+01:00,250210,1607791,252,252,True,True,0x02,"NO_IRQ,OK,NO_IRQ,NO_IRQ","NONE,DELTA,NONE,NONE",
5.854317,2026-09-05T19:24:34.877+01:00,250462,1607792,262,262,True,True,0x02,"NO_IRQ,OK,NO_IRQ,NO_IRQ","NONE,DELTA,NONE,NONE",
5.855761,2026-09-05T19:24:34.878+01:00,250724,1607793,226,226,True,True,0x02,"NO_IRQ,OK,NO_IRQ,NO_IRQ","NONE,DELTA,NONE,NONE",
5.861455,2026-09-05T19:24:34.879+01:00,250950,1607794,276,276,True,True,0x02,"NO_IRQ,OK,NO_IRQ,NO_IRQ","NONE,DELTA,NONE,NONE",
5.870969,2026-09-05T19:24:34.885+01:00,251226,1607795,254,254,True,True,0x02,"NO_IRQ,OK,NO_IRQ,NO_IRQ","NONE,DELTA,NONE,NONE",
5.871828,2026-09-05T19:24:34.895+01:00,251480,1607796,218,218,True,True,0x02,"NO_IRQ,OK,NO_IRQ,NO_IRQ","NONE,DELTA,NONE,NONE",
5.876006,2026-09-05T19:24:34.895+01:00,251698,1607797,192,192,True,True,0x02,"NO_IRQ,OK,NO_IRQ,NO_IRQ","NONE,DELTA,NONE,NONE",
5.880792,2026-09-05T19:24:34.900+01:00,251890,1607798,246,246,True,True,0x02,"NO_IRQ,OK,NO_IRQ,NO_IRQ","NONE,DELTA,NONE,NONE",
5.887543,2026-09-05T19:24:34.904+01:00,252136,1607799,274,274,True,True,0x02,"NO_IRQ,OK,NO_IRQ,NO_IRQ","NONE,DELTA,NONE,NONE",
5.891044,2026-09-05T19:24:34.911+01:00,252410,1607800,232,232,True,True,0x02,"NO_IRQ,OK,NO_IRQ,NO_IRQ","NONE,DELTA,NONE,NONE",
5.896514,2026-09-05T19:24:34.915+01:00,252642,1607801,330,330,True,True,0x02,"NO_IRQ,OK,NO_IRQ,NO_IRQ","NONE,DELTA,NONE,NONE",
5.905935,2026-09-05T19:24:34.920+01:00,252972,1607802,318,318,True,True,0x02,"NO_IRQ,OK,NO_IRQ,NO_IRQ","NONE,DELTA,NONE,NONE",
5.906621,2026-09-05T19:24:34.929+01:00,253290,1607803,292,292,True,True,0x02,"NO_IRQ,OK,NO_IRQ,NO_IRQ","NONE,DELTA,NONE,NONE",
5.911466,2026-09-05T19:24:34.930+01:00,253582,1607804,244,244,True,True,0x02,"NO_IRQ,OK,NO_IRQ,NO_IRQ","NONE,DELTA,NONE,NONE",
5.915950,2026-09-05T19:24:34.935+01:00,253826,1607805,266,266,True,True,0x02,"NO_IRQ,OK,NO_IRQ,NO_IRQ","NONE,DELTA,NONE,NONE",
5.923990,2026-09-05T19:24:34.940+01:00,254092,1607806,344,344,True,True,0x02,"NO_IRQ,OK,NO_IRQ,NO_IRQ","NONE,DELTA,NONE,NONE",
5.925865,2026-09-05T19:24:34.948+01:00,254436,1607807,306,306,True,True,0x02,"NO_IRQ,OK,NO_IRQ,NO_IRQ","NONE,DELTA,NONE,NONE",
5.931320,2026-09-05T19:24:34.949+01:00,254742,1607808,350,350,True,True,0x02,"NO_IRQ,OK,NO_IRQ,NO_IRQ","NONE,DELTA,NONE,NONE",
5.941756,2026-09-05T19:24:34.955+01:00,255092,1607809,386,386,True,True,0x02,"NO_IRQ,OK,NO_IRQ,NO_IRQ","NONE,DELTA,NONE,NONE",
5.942539,2026-09-05T19:24:34.965+01:00,255478,1607810,402,402,True,True,0x02,"NO_IRQ,OK,NO_IRQ,NO_IRQ","NONE,DELTA,NONE,NONE",
5.946229,2026-09-05T19:24:34.966+01:00,255880,1607811,348,348,True,True,0x02,"NO_IRQ,OK,NO_IRQ,NO_IRQ","NONE,DELTA,NONE,NONE",
5.951765,2026-09-05T19:24:34.970+01:00,256228,1607812,326,326,True,True,0x02,"NO_IRQ,OK,NO_IRQ,NO_IRQ","NONE,DELTA,NONE,NONE",
5.962186,2026-09-05T19:24:34.976+01:00,256554,1607813,370,370,True,True,0x02,"NO_IRQ,OK,NO_IRQ,NO_IRQ","NONE,DELTA,NONE,NONE",
5.963119,2026-09-05T19:24:34.986+01:00,256924,1607814,366,366,True,True,0x02,"NO_IRQ,OK,NO_IRQ,NO_IRQ","NONE,DELTA,NONE,NONE",
5.965933,2026-09-05T19:24:34.987+01:00,257290,1607815,336,336,True,True,0x02,"NO_IRQ,OK,NO_IRQ,NO_IRQ","NONE,DELTA,NONE,NONE",
5.970880,2026-09-05T19:24:34.989+01:00,257626,1607816,338,338,True,True,0x02,"NO_IRQ,OK,NO_IRQ,NO_IRQ","NONE,DELTA,NONE,NONE",
5.978631,2026-09-05T19:24:34.994+01:00,257964,1607817,356,356,True,True,0x02,"NO_IRQ,OK,NO_IRQ,NO_IRQ","NONE,DELTA,NONE,NONE",
5.980829,2026-09-05T19:24:35.002+01:00,258320,1607818,410,410,True,True,0x02,"NO_IRQ,OK,NO_IRQ,NO_IRQ","NONE,DELTA,NONE,NONE",
5.985908,2026-09-05T19:24:35.004+01:00,258730,1607819,350,350,True,True,0x02,"NO_IRQ,OK,NO_IRQ,NO_IRQ","NONE,DELTA,NONE,NONE",
5.990988,2026-09-05T19:24:35.009+01:00,259080,1607820,320,320,True,True,0x02,"NO_IRQ,OK,NO_IRQ,NO_IRQ","NONE,DELTA,NONE,NONE",
5.995949,2026-09-05T19:24:35.014+01:00,259400,1607821,404,404,True,True,0x02,"NO_IRQ,OK,NO_IRQ,NO_IRQ","NONE,DELTA,NONE,NONE",
6.000582,2026-09-05T19:24:35.019+01:00,259804,1607822,328,328,True,True,0x02,"NO_IRQ,OK,NO_IRQ,NO_IRQ","NONE,DELTA,NONE,NONE",
6.005650,2026-09-05T19:24:35.024+01:00,260132,1607823,300,300,True,True,0x02,"NO_IRQ,OK,NO_IRQ,NO_IRQ","NONE,DELTA,NONE,NONE",
6.019233,2026-09-05T19:24:35.029+01:00,260432,1607824,298,298,True,True,0x02,"NO_IRQ,OK,NO_IRQ,NO_IRQ","NONE,DELTA,NONE,NONE",
6.020253,2026-09-05T19:24:35.043+01:00,260730,1607825,278,278,True,True,0x02,"NO_IRQ,OK,NO_IRQ,NO_IRQ","NONE,DELTA,NONE,NONE",
6.020844,2026-09-05T19:24:35.044+01:00,261008,1607826,288,288,True,True,0x02,"NO_IRQ,OK,NO_IRQ,NO_IRQ","NONE,DELTA,NONE,NONE",
6.025791,2026-09-05T19:24:35.044+01:00,261296,1607827,254,254,True,True,0x02,"NO_IRQ,OK,NO_IRQ,NO_IRQ","NONE,DELTA,NONE,NONE",
6.036443,2026-09-05T19:24:35.049+01:00,261550,1607828,252,252,True,True,0x02,"NO_IRQ,OK,NO_IRQ,NO_IRQ","NONE,DELTA,NONE,NONE",
6.037190,2026-09-05T19:24:35.060+01:00,261802,1607829,246,246,True,True,0x02,"NO_IRQ,OK,NO_IRQ,NO_IRQ","NONE,DELTA,NONE,NONE",
6.040565,2026-09-05T19:24:35.061+01:00,262048,1607830,234,234,True,True,0x02,"NO_IRQ,OK,NO_IRQ,NO_IRQ","NONE,DELTA,NONE,NONE",
6.045548,2026-09-05T19:24:35.064+01:00,262282,1607831,226,226,True,True,0x02,"NO_IRQ,OK,NO_IRQ,NO_IRQ","NONE,DELTA,NONE,NONE",
6.054146,2026-09-05T19:24:35.069+01:00,262508,1607832,246,246,True,True,0x02,"NO_IRQ,OK,NO_IRQ,NO_IRQ","NONE,DELTA,NONE,NONE",
6.055847,2026-09-05T19:24:35.078+01:00,262754,1607833,262,262,True,True,0x02,"NO_IRQ,OK,NO_IRQ,NO_IRQ","NONE,DELTA,NONE,NONE",
6.060944,2026-09-05T19:24:35.079+01:00,263016,1607834,224,224,True,True,0x02,"NO_IRQ,OK,NO_IRQ,NO_IRQ","NONE,DELTA,NONE,NONE",
6.065754,2026-09-05T19:24:35.085+01:00,263240,1607835,220,220,True,True,0x02,"NO_IRQ,OK,NO_IRQ,NO_IRQ","NONE,DELTA,NONE,NONE",
6.072635,2026-09-05T19:24:35.089+01:00,263460,1607836,206,206,True,True,0x02,"NO_IRQ,OK,NO_IRQ,NO_IRQ","NONE,DELTA,NONE,NONE",
6.075556,2026-09-05T19:24:35.096+01:00,263666,1607837,250,250,True,True,0x02,"NO_IRQ,OK,NO_IRQ,NO_IRQ","NONE,DELTA,NONE,NONE",
6.081862,2026-09-05T19:24:35.099+01:00,263916,1607838,244,244,True,True,0x02,"NO_IRQ,OK,NO_IRQ,NO_IRQ","NONE,DELTA,NONE,NONE",
6.088868,2026-09-05T19:24:35.106+01:00,264160,1607839,206,206,True,True,0x02,"NO_IRQ,OK,NO_IRQ,NO_IRQ","NONE,DELTA,NONE,NONE",
6.092516,2026-09-05T19:24:35.115+01:00,264366,1607840,252,252,True,True,0x02,"NO_IRQ,OK,NO_IRQ,NO_IRQ","NONE,DELTA,NONE,NONE",
6.095324,2026-09-05T19:24:35.116+01:00,264618,1607841,232,232,True,True,0x02,"NO_IRQ,OK,NO_IRQ,NO_IRQ","NONE,DELTA,NONE,NONE",
6.100697,2026-09-05T19:24:35.119+01:00,264850,1607842,270,270,True,True,0x02,"NO_IRQ,OK,NO_IRQ,NO_IRQ","NONE,DELTA,NONE,NONE",
6.111634,2026-09-05T19:24:35.124+01:00,265120,1607843,246,246,True,True,0x02,"NO_IRQ,OK,NO_IRQ,NO_IRQ","NONE,DELTA,NONE,NONE",
6.112529,2026-09-05T19:24:35.135+01:00,265366,1607844,230,230,True,True,0x02,"NO_IRQ,OK,NO_IRQ,NO_IRQ","NONE,DELTA,NONE,NONE",
6.116039,2026-09-05T19:24:35.136+01:00,265596,1607845,212,212,True,True,0x02,"NO_IRQ,OK,NO_IRQ,NO_IRQ","NONE,DELTA,NONE,NONE",
6.120960,2026-09-05T19:24:35.140+01:00,265808,1607846,206,206,True,True,0x02,"NO_IRQ,OK,NO_IRQ,NO_IRQ","NONE,DELTA,NONE,NONE",
6.132845,2026-09-05T19:24:35.145+01:00,266014,1607847,216,216,True,True,0x02,"NO_IRQ,OK,NO_IRQ,NO_IRQ","NONE,DELTA,NONE,NONE",
6.133831,2026-09-05T19:24:35.156+01:00,266230,1607848,1084,1084,True,True,0x02,"NO_IRQ,OK,NO_IRQ,NO_IRQ","NONE,DELTA_SYNC,NONE,NONE",
6.135474,2026-09-05T19:24:35.158+01:00,267314,1607849,274,274,True,True,0x02,"NO_IRQ,OK,NO_IRQ,NO_IRQ","NONE,DELTA,NONE,NONE",
6.140566,2026-09-05T19:24:35.159+01:00,267588,1607850,296,296,True,True,0x02,"NO_IRQ,OK,NO_IRQ,NO_IRQ","NONE,DELTA,NONE,NONE",
6.150275,2026-09-05T19:24:35.164+01:00,267884,1607851,248,248,True,True,0x02,"NO_IRQ,OK,NO_IRQ,NO_IRQ","NONE,DELTA,NONE,NONE",
6.151112,2026-09-05T19:24:35.174+01:00,268132,1607852,212,212,True,True,0x02,"NO_IRQ,OK,NO_IRQ,NO_IRQ","NONE,DELTA,NONE,NONE",
6.155186,2026-09-05T19:24:35.175+01:00,268344,1607853,196,196,True,True,0x02,"NO_IRQ,OK,NO_IRQ,NO_IRQ","NONE,DELTA,NONE,NONE",
6.161682,2026-09-05T19:24:35.179+01:00,268540,1607854,224,224,True,True,0x02,"NO_IRQ,OK,NO_IRQ,NO_IRQ","NONE,DELTA,NONE,NONE",
6.166164,2026-09-05T19:24:35.185+01:00,268764,1607855,206,206,True,True,0x02,"NO_IRQ,OK,NO_IRQ,NO_IRQ","NONE,DELTA,NONE,NONE",
6.170114,2026-09-05T19:24:35.190+01:00,268970,1607856,194,194,True,True,0x02,"NO_IRQ,OK,NO_IRQ,NO_IRQ","NONE,DELTA,NONE,NONE",
6.175105,2026-09-05T19:24:35.194+01:00,269164,1607857,234,234,True,True,0x02,"NO_IRQ,OK,NO_IRQ,NO_IRQ","NONE,DELTA,NONE,NONE",
6.187313,2026-09-05T19:24:35.199+01:00,269398,1607858,200,200,True,True,0x02,"NO_IRQ,OK,NO_IRQ,NO_IRQ","NONE,DELTA,NONE,NONE",
6.187696,2026-09-05T19:24:35.211+01:00,269598,1607859,206,206,True,True,0x02,"NO_IRQ,OK,NO_IRQ,NO_IRQ","NONE,DELTA,NONE,NONE",
6.197522,2026-09-05T19:24:35.211+01:00,269804,1607860,190,190,True,True,0x02,"NO_IRQ,OK,NO_IRQ,NO_IRQ","NONE,DELTA,NONE,NONE",
6.202344,2026-09-05T19:24:35.222+01:00,269994,1607861,196,196,True,True,0x02,"NO_IRQ,OK,NO_IRQ,NO_IRQ","NONE,DELTA,NONE,NONE",
6.203245,2026-09-05T19:24:35.226+01:00,270190,1607862,180,180,True,True,0x02,"NO_IRQ,OK,NO_IRQ,NO_IRQ","NONE,DELTA,NONE,NONE",
6.205553,2026-09-05T19:24:35.227+01:00,270370,1607863,212,212,True,True,0x02,"NO_IRQ,OK,NO_IRQ,NO_IRQ","NONE,DELTA,NONE,NONE",
6.210972,2026-09-05T19:24:35.229+01:00,270582,1607864,214,214,True,True,0x02,"NO_IRQ,OK,NO_IRQ,NO_IRQ","NONE,DELTA,NONE,NONE",
6.220196,2026-09-05T19:24:35.235+01:00,270796,1607865,180,180,True,True,0x02,"NO_IRQ,OK,NO_IRQ,NO_IRQ","NONE,DELTA,NONE,NONE",
6.221067,2026-09-05T19:24:35.244+01:00,270976,1607866,212,212,True,True,0x02,"NO_IRQ,OK,NO_IRQ,NO_IRQ","NONE,DELTA,NONE,NONE",
6.225238,2026-09-05T19:24:35.245+01:00,271188,1607867,216,216,True,True,0x02,"NO_IRQ,OK,NO_IRQ,NO_IRQ","NONE,DELTA,NONE,NONE",
6.230132,2026-09-05T19:24:35.249+01:00,271404,1607868,174,174,True,True,0x02,"NO_IRQ,OK,NO_IRQ,NO_IRQ","NONE,DELTA,NONE,NONE",
6.237071,2026-09-05T19:24:35.254+01:00,271578,1607869,156,156,True,True,0x02,"NO_IRQ,OK,NO_IRQ,NO_IRQ","NONE,DELTA,NONE,NONE",
6.240359,2026-09-05T19:24:35.261+01:00,271734,1607870,182,182,True,True,0x02,"NO_IRQ,OK,NO_IRQ,NO_IRQ","NONE,DELTA,NONE,NONE",
6.245457,2026-09-05T19:24:35.264+01:00,271916,1607871,200,200,True,True,0x02,"NO_IRQ,OK,NO_IRQ,NO_IRQ","NONE,DELTA,NONE,NONE",
6.253468,2026-09-05T19:24:35.269+01:00,272116,1607872,224,224,True,True,0x02,"NO_IRQ,OK,NO_IRQ,NO_IRQ","NONE,DELTA,NONE,NONE",
6.255144,2026-09-05T19:24:35.277+01:00,272340,1607873,208,208,True,True,0x02,"NO_IRQ,OK,NO_IRQ,NO_IRQ","NONE,DELTA,NONE,NONE",
6.261346,2026-09-05T19:24:35.279+01:00,272548,1607874,234,234,True,True,0x02,"NO_IRQ,OK,NO_IRQ,NO_IRQ","NONE,DELTA,NONE,NONE",
6.270475,2026-09-05T19:24:35.285+01:00,272782,1607875,216,216,True,True,0x02,"NO_IRQ,OK,NO_IRQ,NO_IRQ","NONE,DELTA,NONE,NONE",
6.271242,2026-09-05T19:24:35.294+01:00,272998,1607876,186,186,True,True,0x02,"NO_IRQ,OK,NO_IRQ,NO_IRQ","NONE,DELTA,NONE,NONE",
6.275237,2026-09-05T19:24:35.295+01:00,273184,1607877,182,182,True,True,0x02,"NO_IRQ,OK,NO_IRQ,NO_IRQ","NONE,DELTA,NONE,NONE",
6.280548,2026-09-05T19:24:35.299+01:00,273366,1607878,196,196,True,True,0x02,"NO_IRQ,OK,NO_IRQ,NO_IRQ","NONE,DELTA,NONE,NONE",
6.287934,2026-09-05T19:24:35.304+01:00,273562,1607879,186,186,True,True,0x02,"NO_IRQ,OK,NO_IRQ,NO_IRQ","NONE,DELTA,NONE,NONE",
6.290105,2026-09-05T19:24:35.311+01:00,273748,1607880,196,196,True,True,0x02,"NO_IRQ,OK,NO_IRQ,NO_IRQ","NONE,DELTA,NONE,NONE",
6.295253,2026-09-05T19:24:35.314+01:00,273944,1607881,174,174,True,True,0x02,"NO_IRQ,OK,NO_IRQ,NO_IRQ","NONE,DELTA,NONE,NONE",
6.305043,2026-09-05T19:24:35.319+01:00,274118,1607882,192,192,True,True,0x02,"NO_IRQ,OK,NO_IRQ,NO_IRQ","NONE,DELTA,NONE,NONE",
6.305667,2026-09-05T19:24:35.329+01:00,274310,1607883,204,204,True,True,0x02,"NO_IRQ,OK,NO_IRQ,NO_IRQ","NONE,DELTA,NONE,NONE",
6.311145,2026-09-05T19:24:35.329+01:00,274514,1607884,242,242,True,True,0x02,"NO_IRQ,OK,NO_IRQ,NO_IRQ","NONE,DELTA,NONE,NONE",
6.314973,2026-09-05T19:24:35.335+01:00,274756,1607885,192,192,True,True,0x02,"NO_IRQ,OK,NO_IRQ,NO_IRQ","NONE,DELTA,NONE,NONE",
6.323818,2026-09-05T19:24:35.339+01:00,274948,1607886,212,212,True,True,0x02,"NO_IRQ,OK,NO_IRQ,NO_IRQ","NONE,DELTA,NONE,NONE",
6.325026,2026-09-05T19:24:35.347+01:00,275160,1607887,150,150,True,True,0x02,"NO_IRQ,OK,NO_IRQ,NO_IRQ","NONE,DELTA,NONE,NONE",
6.330077,2026-09-05T19:24:35.349+01:00,275310,1607888,160,160,True,True,0x02,"NO_IRQ,OK,NO_IRQ,NO_IRQ","NONE,DELTA,NONE,NONE",
6.334947,2026-09-05T19:24:35.354+01:00,275470,1607889,166,166,True,True,0x02,"NO_IRQ,OK,NO_IRQ,NO_IRQ","NONE,DELTA,NONE,NONE",
6.341146,2026-09-05T19:24:35.358+01:00,275636,1607890,200,200,True,True,0x02,"NO_IRQ,OK,NO_IRQ,NO_IRQ","NONE,DELTA,NONE,NONE",
6.346222,2026-09-05T19:24:35.365+01:00,275836,1607891,194,194,True,True,0x02,"NO_IRQ,OK,NO_IRQ,NO_IRQ","NONE,DELTA,NONE,NONE",
6.349889,2026-09-05T19:24:35.370+01:00,276030,1607892,210,210,True,True,0x02,"NO_IRQ,OK,NO_IRQ,NO_IRQ","NONE,DELTA,NONE,NONE",
6.354761,2026-09-05T19:24:35.373+01:00,276240,1607893,190,190,True,True,0x02,"NO_IRQ,OK,NO_IRQ,NO_IRQ","NONE,DELTA,NONE,NONE",
6.370564,2026-09-05T19:24:35.378+01:00,276430,1607894,202,202,True,True,0x02,"NO_IRQ,OK,NO_IRQ,NO_IRQ","NONE,DELTA,NONE,NONE",
6.371280,2026-09-05T19:24:35.394+01:00,276632,1607895,196,196,True,True,0x02,"NO_IRQ,OK,NO_IRQ,NO_IRQ","NONE,DELTA,NONE,NONE",
6.372041,2026-09-05T19:24:35.395+01:00,276828,1607896,208,208,True,True,0x02,"NO_IRQ,OK,NO_IRQ,NO_IRQ","NONE,DELTA,NONE,NONE",
6.375097,2026-09-05T19:24:35.396+01:00,277036,1607897,194,194,True,True,0x02,"NO_IRQ,OK,NO_IRQ,NO_IRQ","NONE,DELTA,NONE,NONE",
6.379728,2026-09-05T19:24:35.399+01:00,277230,1607898,210,210,True,True,0x02,"NO_IRQ,OK,NO_IRQ,NO_IRQ","NONE,DELTA,NONE,NONE",
6.390932,2026-09-05T19:24:35.404+01:00,277440,1607899,174,174,True,True,0x02,"NO_IRQ,OK,NO_IRQ,NO_IRQ","NONE,DELTA,NONE,NONE",
6.391630,2026-09-05T19:24:35.415+01:00,277614,1607900,182,182,True,True,0x02,"NO_IRQ,OK,NO_IRQ,NO_IRQ","NONE,DELTA,NONE,NONE",
6.395143,2026-09-05T19:24:35.415+01:00,277796,1607901,220,220,True,True,0x02,"NO_IRQ,OK,NO_IRQ,NO_IRQ","NONE,DELTA,NONE,NONE",
6.399695,2026-09-05T19:24:35.419+01:00,278016,1607902,198,198,True,True,0x02,"NO_IRQ,OK,NO_IRQ,NO_IRQ","NONE,DELTA,NONE,NONE",
6.407627,2026-09-05T19:24:35.423+01:00,278214,1607903,182,182,True,True,0x02,"NO_IRQ,OK,NO_IRQ,NO_IRQ","NONE,DELTA,NONE,NONE",
6.410350,2026-09-05T19:24:35.431+01:00,278396,1607904,188,188,True,True,0x02,"NO_IRQ,OK,NO_IRQ,NO_IRQ","NONE,DELTA,NONE,NONE",
6.415129,2026-09-05T19:24:35.434+01:00,278584,1607905,182,182,True,True,0x02,"NO_IRQ,OK,NO_IRQ,NO_IRQ","NONE,DELTA,NONE,NONE",
6.424038,2026-09-05T19:24:35.439+01:00,278766,1607906,204,204,True,True,0x02,"NO_IRQ,OK,NO_IRQ,NO_IRQ","NONE,DELTA,NONE,NONE",
6.424958,2026-09-05T19:24:35.448+01:00,278970,1607907,200,200,True,True,0x02,"NO_IRQ,OK,NO_IRQ,NO_IRQ","NONE,DELTA,NONE,NONE",
6.429765,2026-09-05T19:24:35.448+01:00,279170,1607908,188,188,True,True,0x02,"NO_IRQ,OK,NO_IRQ,NO_IRQ","NONE,DELTA,NONE,NONE",
6.440285,2026-09-05T19:24:35.454+01:00,279358,1607909,188,188,True,True,0x02,"NO_IRQ,OK,NO_IRQ,NO_IRQ","NONE,DELTA,NONE,NONE",
6.440963,2026-09-05T19:24:35.464+01:00,279546,1607910,212,212,True,True,0x02,"NO_IRQ,OK,NO_IRQ,NO_IRQ","NONE,DELTA,NONE,NONE",
6.445119,2026-09-05T19:24:35.464+01:00,279758,1607911,182,182,True,True,0x02,"NO_IRQ,OK,NO_IRQ,NO_IRQ","NONE,DELTA,NONE,NONE",
6.449682,2026-09-05T19:24:35.469+01:00,279940,1607912,188,188,True,True,0x02,"NO_IRQ,OK,NO_IRQ,NO_IRQ","NONE,DELTA,NONE,NONE",
6.456841,2026-09-05T19:24:35.473+01:00,280128,1607913,178,178,True,True,0x02,"NO_IRQ,OK,NO_IRQ,NO_IRQ","NONE,DELTA,NONE,NONE",
6.460269,2026-09-05T19:24:35.480+01:00,280306,1607914,190,190,True,True,0x02,"NO_IRQ,OK,NO_IRQ,NO_IRQ","NONE,DELTA,NONE,NONE",
6.464692,2026-09-05T19:24:35.484+01:00,280496,1607915,200,200,True,True,0x02,"NO_IRQ,OK,NO_IRQ,NO_IRQ","NONE,DELTA,NONE,NONE",
6.473998,2026-09-05T19:24:35.488+01:00,280696,1607916,210,210,True,True,0x02,"NO_IRQ,OK,NO_IRQ,NO_IRQ","NONE,DELTA,NONE,NONE",
6.474994,2026-09-05T19:24:35.498+01:00,280906,1607917,174,174,True,True,0x02,"NO_IRQ,OK,NO_IRQ,NO_IRQ","NONE,DELTA,NONE,NONE",
6.479971,2026-09-05T19:24:35.499+01:00,281080,1607918,206,206,True,True,0x02,"NO_IRQ,OK,NO_IRQ,NO_IRQ","NONE,DELTA,NONE,NONE",
6.484520,2026-09-05T19:24:35.504+01:00,281286,1607919,188,188,True,True,0x02,"NO_IRQ,OK,NO_IRQ,NO_IRQ","NONE,DELTA,NONE,NONE",
6.491464,2026-09-05T19:24:35.510+01:00,281474,1607920,218,218,True,True,0x02,"NO_IRQ,OK,NO_IRQ,NO_IRQ","NONE,DELTA,NONE,NONE",
6.495279,2026-09-05T19:24:35.515+01:00,281692,1607921,196,196,True,True,0x02,"NO_IRQ,OK,NO_IRQ,NO_IRQ","NONE,DELTA,NONE,NONE",
6.500005,2026-09-05T19:24:35.519+01:00,281888,1607922,178,178,True,True,0x02,"NO_IRQ,OK,NO_IRQ,NO_IRQ","NONE,DELTA,NONE,NONE",
6.505400,2026-09-05T19:24:35.524+01:00,282066,1607923,224,224,True,True,0x02,"NO_IRQ,OK,NO_IRQ,NO_IRQ","NONE,DELTA,NONE,NONE",
6.510654,2026-09-05T19:24:35.529+01:00,282290,1607924,230,230,True,True,0x02,"NO_IRQ,OK,NO_IRQ,NO_IRQ","NONE,DELTA,NONE,NONE",
6.514501,2026-09-05T19:24:35.536+01:00,282520,1607925,232,232,True,True,0x02,"NO_IRQ,OK,NO_IRQ,NO_IRQ","NONE,DELTA,NONE,NONE",
6.519477,2026-09-05T19:24:35.538+01:00,282752,1607926,208,208,True,True,0x02,"NO_IRQ,OK,NO_IRQ,NO_IRQ","NONE,DELTA,NONE,NONE",
6.530983,2026-09-05T19:24:35.543+01:00,282960,1607927,274,274,True,True,0x02,"NO_IRQ,OK,NO_IRQ,NO_IRQ","NONE,DELTA,NONE,NONE",
6.531351,2026-09-05T19:24:35.555+01:00,283234,1607928,254,254,True,True,0x02,"NO_IRQ,OK,NO_IRQ,NO_IRQ","NONE,DELTA,NONE,NONE",
6.545214,2026-09-05T19:24:35.555+01:00,283488,1607929,270,270,True,True,0x02,"NO_IRQ,OK,NO_IRQ,NO_IRQ","NONE,DELTA,NONE,NONE",
6.546374,2026-09-05T19:24:35.569+01:00,283758,1607930,312,312,True,True,0x02,"NO_IRQ,OK,NO_IRQ,NO_IRQ","NONE,DELTA,NONE,NONE",
6.547150,2026-09-05T19:24:35.570+01:00,284070,1607931,362,362,True,True,0x02,"NO_IRQ,OK,NO_IRQ,NO_IRQ","NONE,DELTA,NONE,NONE",
6.550101,2026-09-05T19:24:35.571+01:00,284432,1607932,394,394,True,True,0x02,"NO_IRQ,OK,NO_IRQ,NO_IRQ","NONE,DELTA,NONE,NONE",
6.555187,2026-09-05T19:24:35.574+01:00,284826,1607933,366,366,True,True,0x02,"NO_IRQ,OK,NO_IRQ,NO_IRQ","NONE,DELTA,NONE,NONE",
6.565876,2026-09-05T19:24:35.579+01:00,285192,1607934,360,360,True,True,0x02,"NO_IRQ,OK,NO_IRQ,NO_IRQ","NONE,DELTA,NONE,NONE",
6.566627,2026-09-05T19:24:35.589+01:00,285552,1607935,376,376,True,True,0x02,"NO_IRQ,OK,NO_IRQ,NO_IRQ","NONE,DELTA,NONE,NONE",
6.570018,2026-09-05T19:24:35.590+01:00,285928,1607936,380,380,True,True,0x02,"NO_IRQ,OK,NO_IRQ,NO_IRQ","NONE,DELTA,NONE,NONE",
6.574581,2026-09-05T19:24:35.594+01:00,286308,1607937,374,374,True,True,0x02,"NO_IRQ,OK,NO_IRQ,NO_IRQ","NONE,DELTA,NONE,NONE",
6.583828,2026-09-05T19:24:35.598+01:00,286682,1607938,378,378,True,True,0x02,"NO_IRQ,OK,NO_IRQ,NO_IRQ","NONE,DELTA,NONE,NONE",
6.584919,2026-09-05T19:24:35.607+01:00,287060,1607939,442,442,True,True,0x02,"NO_IRQ,OK,NO_IRQ,NO_IRQ","NONE,DELTA,NONE,NONE",
6.590131,2026-09-05T19:24:35.609+01:00,287502,1607940,454,454,True,True,0x02,"NO_IRQ,OK,NO_IRQ,NO_IRQ","NONE,DELTA,NONE,NONE",
6.600973,2026-09-05T19:24:35.614+01:00,287956,1607941,474,474,True,True,0x02,"NO_IRQ,OK,NO_IRQ,NO_IRQ","NONE,DELTA,NONE,NONE",
6.602309,2026-09-05T19:24:35.625+01:00,288430,1607942,528,528,True,True,0x02,"NO_IRQ,OK,NO_IRQ,NO_IRQ","NONE,DELTA,NONE,NONE",
6.605333,2026-09-05T19:24:35.626+01:00,288958,1607943,626,626,True,True,0x02,"NO_IRQ,OK,NO_IRQ,NO_IRQ","NONE,DELTA,NONE,NONE",
6.610884,2026-09-05T19:24:35.629+01:00,289584,1607944,640,640,True,True,0x02,"NO_IRQ,OK,NO_IRQ,NO_IRQ","NONE,DELTA,NONE,NONE",
6.619991,2026-09-05T19:24:35.635+01:00,290224,1607945,674,674,True,True,0x02,"NO_IRQ,OK,NO_IRQ,NO_IRQ","NONE,DELTA,NONE,NONE",
6.620890,2026-09-05T19:24:35.644+01:00,290898,1607946,708,708,True,True,0x02,"NO_IRQ,OK,NO_IRQ,NO_IRQ","NONE,DELTA,NONE,NONE",
6.625705,2026-09-05T19:24:35.644+01:00,291606,1607947,700,700,True,True,0x02,"NO_IRQ,OK,NO_IRQ,NO_IRQ","NONE,DELTA,NONE,NONE",
6.630513,2026-09-05T19:24:35.649+01:00,292306,1607948,660,660,True,True,0x02,"NO_IRQ,OK,NO_IRQ,NO_IRQ","NONE,DELTA,NONE,NONE",
6.637224,2026-09-05T19:24:35.654+01:00,292966,1607949,704,704,True,True,0x02,"NO_IRQ,OK,NO_IRQ,NO_IRQ","NONE,DELTA,NONE,NONE",
6.640762,2026-09-05T19:24:35.661+01:00,293670,1607950,676,676,True,True,0x02,"NO_IRQ,OK,NO_IRQ,NO_IRQ","NONE,DELTA,NONE,NONE",
6.645438,2026-09-05T19:24:35.664+01:00,294346,1607951,638,638,True,True,0x02,"NO_IRQ,OK,NO_IRQ,NO_IRQ","NONE,DELTA,NONE,NONE",
6.653955,2026-09-05T19:24:35.669+01:00,294984,1607952,614,614,True,True,0x02,"NO_IRQ,OK,NO_IRQ,NO_IRQ","NONE,DELTA,NONE,NONE",
6.655532,2026-09-05T19:24:35.677+01:00,295598,1607953,626,626,True,True,0x02,"NO_IRQ,OK,NO_IRQ,NO_IRQ","NONE,DELTA,NONE,NONE",
6.661509,2026-09-05T19:24:35.679+01:00,296224,1607954,596,596,True,True,0x02,"NO_IRQ,OK,NO_IRQ,NO_IRQ","NONE,DELTA,NONE,NONE",
6.670734,2026-09-05T19:24:35.685+01:00,296820,1607955,514,514,True,True,0x02,"NO_IRQ,OK,NO_IRQ,NO_IRQ","NONE,DELTA,NONE,NONE",
6.671774,2026-09-05T19:24:35.694+01:00,297334,1607956,544,544,True,True,0x02,"NO_IRQ,OK,NO_IRQ,NO_IRQ","NONE,DELTA,NONE,NONE",
6.675505,2026-09-05T19:24:35.695+01:00,297878,1607957,632,632,True,True,0x02,"NO_IRQ,OK,NO_IRQ,NO_IRQ","NONE,DELTA,NONE,NONE",
6.680185,2026-09-05T19:24:35.699+01:00,298510,1607958,494,494,True,True,0x02,"NO_IRQ,OK,NO_IRQ,NO_IRQ","NONE,DELTA,NONE,NONE",
6.685294,2026-09-05T19:24:35.704+01:00,299004,1607959,424,424,True,True,0x02,"NO_IRQ,OK,NO_IRQ,NO_IRQ","NONE,DELTA,NONE,NONE",
6.690109,2026-09-05T19:24:35.709+01:00,299428,1607960,390,390,True,True,0x02,"NO_IRQ,OK,NO_IRQ,NO_IRQ","NONE,DELTA,NONE,NONE",
6.695676,2026-09-05T19:24:35.714+01:00,299818,1607961,412,412,True,True,0x02,"NO_IRQ,OK,NO_IRQ,NO_IRQ","NONE,DELTA,NONE,NONE",
6.699798,2026-09-05T19:24:35.719+01:00,300230,1607962,362,362,True,True,0x02,"NO_IRQ,OK,NO_IRQ,NO_IRQ","NONE,DELTA,NONE,NONE",
6.712825,2026-09-05T19:24:35.723+01:00,300592,1607963,338,338,True,True,0x02,"NO_IRQ,OK,NO_IRQ,NO_IRQ","NONE,DELTA,NONE,NONE",
6.713613,2026-09-05T19:24:35.736+01:00,300930,1607964,378,378,True,True,0x02,"NO_IRQ,OK,NO_IRQ,NO_IRQ","NONE,DELTA,NONE,NONE",
6.714690,2026-09-05T19:24:35.737+01:00,301308,1607965,312,312,True,True,0x02,"NO_IRQ,OK,NO_IRQ,NO_IRQ","NONE,DELTA,NONE,NONE",
6.720265,2026-09-05T19:24:35.738+01:00,301620,1607966,368,368,True,True,0x02,"NO_IRQ,OK,NO_IRQ,NO_IRQ","NONE,DELTA,NONE,NONE",
6.730282,2026-09-05T19:24:35.744+01:00,301988,1607967,350,350,True,True,0x02,"NO_IRQ,OK,NO_IRQ,NO_IRQ","NONE,DELTA,NONE,NONE",
6.731647,2026-09-05T19:24:35.754+01:00,302338,1607968,408,408,True,True,0x02,"NO_IRQ,OK,NO_IRQ,NO_IRQ","NONE,DELTA,NONE,NONE",
6.735352,2026-09-05T19:24:35.755+01:00,302746,1607969,390,390,True,True,0x02,"NO_IRQ,OK,NO_IRQ,NO_IRQ","NONE,DELTA,NONE,NONE",
6.739933,2026-09-05T19:24:35.759+01:00,303136,1607970,400,400,True,True,0x02,"NO_IRQ,OK,NO_IRQ,NO_IRQ","NONE,DELTA,NONE,NONE",
6.749127,2026-09-05T19:24:35.764+01:00,303536,1607971,384,384,True,True,0x02,"NO_IRQ,OK,NO_IRQ,NO_IRQ","NONE,DELTA,NONE,NONE",
6.750330,2026-09-05T19:24:35.773+01:00,303920,1607972,394,394,True,True,0x02,"NO_IRQ,OK,NO_IRQ,NO_IRQ","NONE,DELTA,NONE,NONE",
6.755407,2026-09-05T19:24:35.774+01:00,304314,1607973,358,358,True,True,0x02,"NO_IRQ,OK,NO_IRQ,NO_IRQ","NONE,DELTA,NONE,NONE",
6.760943,2026-09-05T19:24:35.779+01:00,304672,1607974,420,420,True,True,0x02,"NO_IRQ,OK,NO_IRQ,NO_IRQ","NONE,DELTA,NONE,NONE",
6.769623,2026-09-05T19:24:35.785+01:00,305092,1607975,398,398,True,True,0x02,"NO_IRQ,OK,NO_IRQ,NO_IRQ","NONE,DELTA,NONE,NONE",
6.770712,2026-09-05T19:24:35.793+01:00,305490,1607976,430,430,True,True,0x02,"NO_IRQ,OK,NO_IRQ,NO_IRQ","NONE,DELTA,NONE,NONE",
6.775233,2026-09-05T19:24:35.794+01:00,305920,1607977,442,442,True,True,0x02,"NO_IRQ,OK,NO_IRQ,NO_IRQ","NONE,DELTA,NONE,NONE",
6.779960,2026-09-05T19:24:35.799+01:00,306362,1607978,418,418,True,True,0x02,"NO_IRQ,OK,NO_IRQ,NO_IRQ","NONE,DELTA,NONE,NONE",
6.787744,2026-09-05T19:24:35.804+01:00,306780,1607979,436,436,True,True,0x02,"NO_IRQ,OK,NO_IRQ,NO_IRQ","NONE,DELTA,NONE,NONE",
6.789840,2026-09-05T19:24:35.811+01:00,307216,1607980,422,422,True,True,0x02,"NO_IRQ,OK,NO_IRQ,NO_IRQ","NONE,DELTA,NONE,NONE",
6.795319,2026-09-05T19:24:35.814+01:00,307638,1607981,418,418,True,True,0x02,"NO_IRQ,OK,NO_IRQ,NO_IRQ","NONE,DELTA,NONE,NONE",
6.799706,2026-09-05T19:24:35.819+01:00,308056,1607982,412,412,True,True,0x02,"NO_IRQ,OK,NO_IRQ,NO_IRQ","NONE,DELTA,NONE,NONE",
6.806354,2026-09-05T19:24:35.823+01:00,308468,1607983,398,398,True,True,0x02,"NO_IRQ,OK,NO_IRQ,NO_IRQ","NONE,DELTA,NONE,NONE",
6.810346,2026-09-05T19:24:35.830+01:00,308866,1607984,430,430,True,True,0x02,"NO_IRQ,OK,NO_IRQ,NO_IRQ","NONE,DELTA,NONE,NONE",
6.815120,2026-09-05T19:24:35.834+01:00,309296,1607985,450,450,True,True,0x02,"NO_IRQ,OK,NO_IRQ,NO_IRQ","NONE,DELTA,NONE,NONE",
6.822731,2026-09-05T19:24:35.839+01:00,309746,1607986,430,430,True,True,0x02,"NO_IRQ,OK,NO_IRQ,NO_IRQ","NONE,DELTA,NONE,NONE",
6.824745,2026-09-05T19:24:35.846+01:00,310176,1607987,404,404,True,True,0x02,"NO_IRQ,OK,NO_IRQ,NO_IRQ","NONE,DELTA,NONE,NONE",
6.829997,2026-09-05T19:24:35.848+01:00,310580,1607988,438,438,True,True,0x02,"NO_IRQ,OK,NO_IRQ,NO_IRQ","NONE,DELTA,NONE,NONE",
6.839408,2026-09-05T19:24:35.854+01:00,311018,1607989,420,420,True,True,0x02,"NO_IRQ,OK,NO_IRQ,NO_IRQ","NONE,DELTA,NONE,NONE",
6.840120,2026-09-05T19:24:35.863+01:00,311438,1607990,454,454,True,True,0x02,"NO_IRQ,OK,NO_IRQ,NO_IRQ","NONE,DELTA,NONE,NONE",
6.845090,2026-09-05T19:24:35.864+01:00,311892,1607991,432,432,True,True,0x02,"NO_IRQ,OK,NO_IRQ,NO_IRQ","NONE,DELTA,NONE,NONE",
6.850954,2026-09-05T19:24:35.869+01:00,312324,1607992,452,452,True,True,0x02,"NO_IRQ,OK,NO_IRQ,NO_IRQ","NONE,DELTA,NONE,NONE",
6.855154,2026-09-05T19:24:35.875+01:00,312776,1607993,430,430,True,True,0x02,"NO_IRQ,OK,NO_IRQ,NO_IRQ","NONE,DELTA,NONE,NONE",
6.859588,2026-09-05T19:24:35.879+01:00,313206,1607994,432,432,True,True,0x02,"NO_IRQ,OK,NO_IRQ,NO_IRQ","NONE,DELTA,NONE,NONE",
6.864712,2026-09-05T19:24:35.883+01:00,313638,1607995,428,428,True,True,0x02,"NO_IRQ,OK,NO_IRQ,NO_IRQ","NONE,DELTA,NONE,NONE",
6.876949,2026-09-05T19:24:35.888+01:00,314066,1607996,456,456,True,True,0x02,"NO_IRQ,OK,NO_IRQ,NO_IRQ","NONE,DELTA,NONE,NONE",
6.877430,2026-09-05T19:24:35.901+01:00,314522,1607997,446,446,True,True,0x02,"NO_IRQ,OK,NO_IRQ,NO_IRQ","NONE,DELTA,NONE,NONE",
6.891161,2026-09-05T19:24:35.901+01:00,314968,1607998,440,440,True,True,0x02,"NO_IRQ,OK,NO_IRQ,NO_IRQ","NONE,DELTA,NONE,NONE",
6.892066,2026-09-05T19:24:35.915+01:00,315408,1607999,430,430,True,True,0x02,"NO_IRQ,OK,NO_IRQ,NO_IRQ","NONE,DELTA,NONE,NONE",
6.892917,2026-09-05T19:24:35.916+01:00,315838,1608000,442,442,True,True,0x02,"NO_IRQ,OK,NO_IRQ,NO_IRQ","NONE,DELTA,NONE,NONE",
6.895243,2026-09-05T19:24:35.917+01:00,316280,1608001,470,470,True,True,0x02,"NO_IRQ,OK,NO_IRQ,NO_IRQ","NONE,DELTA,NONE,NONE",
6.899642,2026-09-05T19:24:35.919+01:00,316750,1608002,416,416,True,True,0x02,"NO_IRQ,OK,NO_IRQ,NO_IRQ","NONE,DELTA,NONE,NONE",
6.910778,2026-09-05T19:24:35.924+01:00,317166,1608003,404,404,True,True,0x02,"NO_IRQ,OK,NO_IRQ,NO_IRQ","NONE,DELTA,NONE,NONE",
6.911990,2026-09-05T19:24:35.934+01:00,317570,1608004,426,426,True,True,0x02,"NO_IRQ,OK,NO_IRQ,NO_IRQ","NONE,DELTA,NONE,NONE",
6.915013,2026-09-05T19:24:35.936+01:00,317996,1608005,432,432,True,True,0x02,"NO_IRQ,OK,NO_IRQ,NO_IRQ","NONE,DELTA,NONE,NONE",
6.919894,2026-09-05T19:24:35.939+01:00,318428,1608006,408,408,True,True,0x02,"NO_IRQ,OK,NO_IRQ,NO_IRQ","NONE,DELTA,NONE,NONE",
6.926103,2026-09-05T19:24:35.944+01:00,318836,1608007,436,436,True,True,0x02,"NO_IRQ,OK,NO_IRQ,NO_IRQ","NONE,DELTA,NONE,NONE",
6.929350,2026-09-05T19:24:35.952+01:00,319272,1608008,384,384,True,True,0x02,"NO_IRQ,OK,NO_IRQ,NO_IRQ","NONE,DELTA,NONE,NONE",
6.934899,2026-09-05T19:24:35.953+01:00,319656,1608009,374,374,True,True,0x02,"NO_IRQ,OK,NO_IRQ,NO_IRQ","NONE,DELTA,NONE,NONE",
6.939574,2026-09-05T19:24:35.959+01:00,320030,1608010,424,424,True,True,0x02,"NO_IRQ,OK,NO_IRQ,NO_IRQ","NONE,DELTA,NONE,NONE",
6.947914,2026-09-05T19:24:35.963+01:00,320454,1608011,448,448,True,True,0x02,"NO_IRQ,OK,NO_IRQ,NO_IRQ","NONE,DELTA,NONE,NONE",
6.949934,2026-09-05T19:24:35.971+01:00,320902,1608012,418,418,True,True,0x02,"NO_IRQ,OK,NO_IRQ,NO_IRQ","NONE,DELTA,NONE,NONE",
6.955098,2026-09-05T19:24:35.973+01:00,321320,1608013,648,648,True,True,0x02,"NO_IRQ,OK,NO_IRQ,NO_IRQ","NONE,DELTA,NONE,NONE",
6.966857,2026-09-05T19:24:35.979+01:00,321968,1608014,488,488,True,True,0x02,"NO_IRQ,OK,NO_IRQ,NO_IRQ","NONE,DELTA,NONE,NONE",
6.967790,2026-09-05T19:24:35.991+01:00,322456,1608015,548,548,True,True,0x02,"NO_IRQ,OK,NO_IRQ,NO_IRQ","NONE,DELTA,NONE,NONE",
6.969771,2026-09-05T19:24:35.991+01:00,323004,1608016,494,494,True,True,0x02,"NO_IRQ,OK,NO_IRQ,NO_IRQ","NONE,DELTA,NONE,NONE",
6.975007,2026-09-05T19:24:35.994+01:00,323498,1608017,538,538,True,True,0x02,"NO_IRQ,OK,NO_IRQ,NO_IRQ","NONE,DELTA,NONE,NONE",
6.984756,2026-09-05T19:24:35.999+01:00,324036,1608018,526,526,True,True,0x02,"NO_IRQ,OK,NO_IRQ,NO_IRQ","NONE,DELTA,NONE,NONE",
6.985755,2026-09-05T19:24:36.008+01:00,324562,1608019,580,580,True,True,0x02,"NO_IRQ,OK,NO_IRQ,NO_IRQ","NONE,DELTA,NONE,NONE",
6.989736,2026-09-05T19:24:36.009+01:00,325142,1608020,586,586,True,True,0x02,"NO_IRQ,OK,NO_IRQ,NO_IRQ","NONE,DELTA,NONE,NONE",
6.994944,2026-09-05T19:24:36.013+01:00,325728,1608021,586,586,True,True,0x02,"NO_IRQ,OK,NO_IRQ,NO_IRQ","NONE,DELTA,NONE,NONE",
7.002143,2026-09-05T19:24:36.019+01:00,326314,1608022,636,636,True,True,0x02,"NO_IRQ,OK,NO_IRQ,NO_IRQ","NONE,DELTA,NONE,NONE",
7.005006,2026-09-05T19:24:36.026+01:00,326950,1608023,660,660,True,True,0x02,"NO_IRQ,OK,NO_IRQ,NO_IRQ","NONE,DELTA,NONE,NONE",
7.010207,2026-09-05T19:24:36.029+01:00,327610,1608024,664,664,True,True,0x02,"NO_IRQ,OK,NO_IRQ,NO_IRQ","NONE,DELTA,NONE,NONE",
7.019780,2026-09-05T19:24:36.034+01:00,328274,1608025,618,618,True,True,0x02,"NO_IRQ,OK,NO_IRQ,NO_IRQ","NONE,DELTA,NONE,NONE",
7.020857,2026-09-05T19:24:36.044+01:00,328892,1608026,516,516,True,True,0x02,"NO_IRQ,OK,NO_IRQ,NO_IRQ","NONE,DELTA,NONE,NONE",
7.024930,2026-09-05T19:24:36.044+01:00,329408,1608027,502,502,True,True,0x02,"NO_IRQ,OK,NO_IRQ,NO_IRQ","NONE,DELTA,NONE,NONE",
7.029849,2026-09-05T19:24:36.048+01:00,329910,1608028,490,490,True,True,0x02,"NO_IRQ,OK,NO_IRQ,NO_IRQ","NONE,DELTA,NONE,NONE",
7.034389,2026-09-05T19:24:36.053+01:00,330400,1608029,448,448,True,True,0x02,"NO_IRQ,OK,NO_IRQ,NO_IRQ","NONE,DELTA,NONE,NONE",
7.039419,2026-09-05T19:24:36.058+01:00,330848,1608030,398,398,True,True,0x02,"NO_IRQ,OK,NO_IRQ,NO_IRQ","NONE,DELTA,NONE,NONE",
7.044549,2026-09-05T19:24:36.063+01:00,331246,1608031,382,382,True,True,0x02,"NO_IRQ,OK,NO_IRQ,NO_IRQ","NONE,DELTA,NONE,NONE",
7.054723,2026-09-05T19:24:36.068+01:00,331628,1608032,330,330,True,True,0x02,"NO_IRQ,OK,NO_IRQ,NO_IRQ","NONE,DELTA,NONE,NONE",
7.061209,2026-09-05T19:24:36.079+01:00,331958,1608033,308,308,True,True,0x02,"NO_IRQ,OK,NO_IRQ,NO_IRQ","NONE,DELTA,NONE,NONE",
7.062016,2026-09-05T19:24:36.085+01:00,332266,1608034,330,330,True,True,0x02,"NO_IRQ,OK,NO_IRQ,NO_IRQ","NONE,DELTA,NONE,NONE",
7.064567,2026-09-05T19:24:36.086+01:00,332596,1608035,304,304,True,True,0x02,"NO_IRQ,OK,NO_IRQ,NO_IRQ","NONE,DELTA,NONE,NONE",
7.069336,2026-09-05T19:24:36.088+01:00,332900,1608036,294,294,True,True,0x02,"NO_IRQ,OK,NO_IRQ,NO_IRQ","NONE,DELTA,NONE,NONE",
7.078194,2026-09-05T19:24:36.093+01:00,333194,1608037,250,250,True,True,0x02,"NO_IRQ,OK,NO_IRQ,NO_IRQ","NONE,DELTA,NONE,NONE",
7.079302,2026-09-05T19:24:36.102+01:00,333444,1608038,292,292,True,True,0x02,"NO_IRQ,OK,NO_IRQ,NO_IRQ","NONE,DELTA,NONE,NONE",
7.084389,2026-09-05T19:24:36.103+01:00,333736,1608039,292,292,True,True,0x02,"NO_IRQ,OK,NO_IRQ,NO_IRQ","NONE,DELTA,NONE,NONE",
7.095498,2026-09-05T19:24:36.108+01:00,334028,1608040,258,258,True,True,0x02,"NO_IRQ,OK,NO_IRQ,NO_IRQ","NONE,DELTA,NONE,NONE",
7.096335,2026-09-05T19:24:36.119+01:00,334286,1608041,260,260,True,True,0x02,"NO_IRQ,OK,NO_IRQ,NO_IRQ","NONE,DELTA,NONE,NONE",
7.099667,2026-09-05T19:24:36.120+01:00,334546,1608042,236,236,True,True,0x02,"NO_IRQ,OK,NO_IRQ,NO_IRQ","NONE,DELTA,NONE,NONE",
7.104374,2026-09-05T19:24:36.124+01:00,334782,1608043,292,292,True,True,0x02,"NO_IRQ,OK,NO_IRQ,NO_IRQ","NONE,DELTA,NONE,NONE",
7.114088,2026-09-05T19:24:36.128+01:00,335074,1608044,266,266,True,True,0x02,"NO_IRQ,OK,NO_IRQ,NO_IRQ","NONE,DELTA,NONE,NONE",
7.114865,2026-09-05T19:24:36.138+01:00,335340,1608045,274,274,True,True,0x02,"NO_IRQ,OK,NO_IRQ,NO_IRQ","NONE,DELTA,NONE,NONE",
7.119367,2026-09-05T19:24:36.138+01:00,335614,1608046,282,282,True,True,0x02,"NO_IRQ,OK,NO_IRQ,NO_IRQ","NONE,DELTA,NONE,NONE",
7.124881,2026-09-05T19:24:36.143+01:00,335896,1608047,338,338,True,True,0x02,"NO_IRQ,OK,NO_IRQ,NO_IRQ","NONE,DELTA,NONE,NONE",
7.132700,2026-09-05T19:24:36.148+01:00,336234,1608048,1084,1084,True,True,0x02,"NO_IRQ,OK,NO_IRQ,NO_IRQ","NONE,DELTA_SYNC,NONE,NONE",
7.134326,2026-09-05T19:24:36.156+01:00,337318,1608049,346,346,True,True,0x02,"NO_IRQ,OK,NO_IRQ,NO_IRQ","NONE,DELTA,NONE,NONE",
7.139394,2026-09-05T19:24:36.158+01:00,337664,1608050,318,318,True,True,0x02,"NO_IRQ,OK,NO_IRQ,NO_IRQ","NONE,DELTA,NONE,NONE",
7.144359,2026-09-05T19:24:36.163+01:00,337982,1608051,318,318,True,True,0x02,"NO_IRQ,OK,NO_IRQ,NO_IRQ","NONE,DELTA,NONE,NONE",
7.152033,2026-09-05T19:24:36.169+01:00,338300,1608052,302,302,True,True,0x02,"NO_IRQ,OK,NO_IRQ,NO_IRQ","NONE,DELTA,NONE,NONE",
7.153928,2026-09-05T19:24:36.176+01:00,338602,1608053,266,266,True,True,0x02,"NO_IRQ,OK,NO_IRQ,NO_IRQ","NONE,DELTA,NONE,NONE",
7.159389,2026-09-05T19:24:36.178+01:00,338868,1608054,252,252,True,True,0x02,"NO_IRQ,OK,NO_IRQ,NO_IRQ","NONE,DELTA,NONE,NONE",
7.170628,2026-09-05T19:24:36.183+01:00,339120,1608055,248,248,True,True,0x02,"NO_IRQ,OK,NO_IRQ,NO_IRQ","NONE,DELTA,NONE,NONE",
7.172483,2026-09-05T19:24:36.195+01:00,339368,1608056,246,246,True,True,0x02,"NO_IRQ,OK,NO_IRQ,NO_IRQ","NONE,DELTA,NONE,NONE",
7.174028,2026-09-05T19:24:36.196+01:00,339614,1608057,250,250,True,True,0x02,"NO_IRQ,OK,NO_IRQ,NO_IRQ","NONE,DELTA,NONE,NONE",
7.179370,2026-09-05T19:24:36.198+01:00,339864,1608058,210,210,True,True,0x02,"NO_IRQ,OK,NO_IRQ,NO_IRQ","NONE,DELTA,NONE,NONE",
7.187817,2026-09-05T19:24:36.203+01:00,340074,1608059,252,252,True,True,0x02,"NO_IRQ,OK,NO_IRQ,NO_IRQ","NONE,DELTA,NONE,NONE",
7.191274,2026-09-05T19:24:36.214+01:00,340326,1608060,250,250,True,True,0x02,"NO_IRQ,OK,NO_IRQ,NO_IRQ","NONE,DELTA,NONE,NONE",
7.194080,2026-09-05T19:24:36.215+01:00,340576,1608061,226,226,True,True,0x02,"NO_IRQ,OK,NO_IRQ,NO_IRQ","NONE,DELTA,NONE,NONE",
7.198985,2026-09-05T19:24:36.218+01:00,340802,1608062,222,222,True,True,0x02,"NO_IRQ,OK,NO_IRQ,NO_IRQ","NONE,DELTA,NONE,NONE",
7.206858,2026-09-05T19:24:36.223+01:00,341024,1608063,244,244,True,True,0x02,"NO_IRQ,OK,NO_IRQ,NO_IRQ","NONE,DELTA,NONE,NONE",
7.208982,2026-09-05T19:24:36.230+01:00,341268,1608064,224,224,True,True,0x02,"NO_IRQ,OK,NO_IRQ,NO_IRQ","NONE,DELTA,NONE,NONE",
7.213975,2026-09-05T19:24:36.233+01:00,341492,1608065,238,238,True,True,0x02,"NO_IRQ,OK,NO_IRQ,NO_IRQ","NONE,DELTA,NONE,NONE",
7.218665,2026-09-05T19:24:36.238+01:00,341730,1608066,228,228,True,True,0x02,"NO_IRQ,OK,NO_IRQ,NO_IRQ","NONE,DELTA,NONE,NONE",
7.230994,2026-09-05T19:24:36.242+01:00,341958,1608067,264,264,True,True,0x02,"NO_IRQ,OK,NO_IRQ,NO_IRQ","NONE,DELTA,NONE,NONE",
7.231363,2026-09-05T19:24:36.255+01:00,342222,1608068,262,262,True,True,0x02,"NO_IRQ,OK,NO_IRQ,NO_IRQ","NONE,DELTA,NONE,NONE",
7.233708,2026-09-05T19:24:36.255+01:00,342484,1608069,212,212,True,True,0x02,"NO_IRQ,OK,NO_IRQ,NO_IRQ","NONE,DELTA,NONE,NONE",
7.245668,2026-09-05T19:24:36.262+01:00,342696,1608070,228,228,True,True,0x02,"NO_IRQ,OK,NO_IRQ,NO_IRQ","NONE,DELTA,NONE,NONE",
7.246464,2026-09-05T19:24:36.269+01:00,342924,1608071,222,222,True,True,0x02,"NO_IRQ,OK,NO_IRQ,NO_IRQ","NONE,DELTA,NONE,NONE",
7.249018,2026-09-05T19:24:36.270+01:00,343146,1608072,220,220,True,True,0x02,"NO_IRQ,OK,NO_IRQ,NO_IRQ","NONE,DELTA,NONE,NONE",
7.253696,2026-09-05T19:24:36.273+01:00,343366,1608073,218,218,True,True,0x02,"NO_IRQ,OK,NO_IRQ,NO_IRQ","NONE,DELTA,NONE,NONE",
7.263421,2026-09-05T19:24:36.277+01:00,343584,1608074,206,206,True,True,0x02,"NO_IRQ,OK,NO_IRQ,NO_IRQ","NONE,DELTA,NONE,NONE",
7.264653,2026-09-05T19:24:36.287+01:00,343790,1608075,206,206,True,True,0x02,"NO_IRQ,OK,NO_IRQ,NO_IRQ","NONE,DELTA,NONE,NONE",
7.268864,2026-09-05T19:24:36.288+01:00,343996,1608076,208,208,True,True,0x02,"NO_IRQ,OK,NO_IRQ,NO_IRQ","NONE,DELTA,NONE,NONE",
7.277637,2026-09-05T19:24:36.292+01:00,344204,1608077,240,240,True,True,0x02,"NO_IRQ,OK,NO_IRQ,NO_IRQ","NONE,DELTA,NONE,NONE",
7.280942,2026-09-05T19:24:36.304+01:00,344444,1608078,184,184,True,True,0x02,"NO_IRQ,OK,NO_IRQ,NO_IRQ","NONE,DELTA,NONE,NONE",
7.283903,2026-09-05T19:24:36.305+01:00,344628,1608079,216,216,True,True,0x02,"NO_IRQ,OK,NO_IRQ,NO_IRQ","NONE,DELTA,NONE,NONE",
7.288634,2026-09-05T19:24:36.307+01:00,344844,1608080,208,208,True,True,0x02,"NO_IRQ,OK,NO_IRQ,NO_IRQ","NONE,DELTA,NONE,NONE",
7.299013,2026-09-05T19:24:36.312+01:00,345052,1608081,260,260,True,True,0x02,"NO_IRQ,OK,NO_IRQ,NO_IRQ","NONE,DELTA,NONE,NONE",
7.299765,2026-09-05T19:24:36.323+01:00,345312,1608082,198,198,True,True,0x02,"NO_IRQ,OK,NO_IRQ,NO_IRQ","NONE,DELTA,NONE,NONE",
7.303923,2026-09-05T19:24:36.323+01:00,345510,1608083,226,226,True,True,0x02,"NO_IRQ,OK,NO_IRQ,NO_IRQ","NONE,DELTA,NONE,NONE",
7.308775,2026-09-05T19:24:36.327+01:00,345736,1608084,188,188,True,True,0x02,"NO_IRQ,OK,NO_IRQ,NO_IRQ","NONE,DELTA,NONE,NONE",
7.317297,2026-09-05T19:24:36.332+01:00,345924,1608085,218,218,True,True,0x02,"NO_IRQ,OK,NO_IRQ,NO_IRQ","NONE,DELTA,NONE,NONE",
7.318831,2026-09-05T19:24:36.341+01:00,346142,1608086,192,192,True,True,0x02,"NO_IRQ,OK,NO_IRQ,NO_IRQ","NONE,DELTA,NONE,NONE",
7.323554,2026-09-05T19:24:36.342+01:00,346334,1608087,212,212,True,True,0x02,"NO_IRQ,OK,NO_IRQ,NO_IRQ","NONE,DELTA,NONE,NONE",
7.328733,2026-09-05T19:24:36.347+01:00,346546,1608088,228,228,True,True,0x02,"NO_IRQ,OK,NO_IRQ,NO_IRQ","NONE,DELTA,NONE,NONE",
7.336364,2026-09-05T19:24:36.352+01:00,346774,1608089,206,206,True,True,0x02,"NO_IRQ,OK,NO_IRQ,NO_IRQ","NONE,DELTA,NONE,NONE",
7.338665,2026-09-05T19:24:36.360+01:00,346980,1608090,224,224,True,True,0x02,"NO_IRQ,OK,NO_IRQ,NO_IRQ","NONE,DELTA,NONE,NONE",
7.344517,2026-09-05T19:24:36.363+01:00,347204,1608091,206,206,True,True,0x02,"NO_IRQ,OK,NO_IRQ,NO_IRQ","NONE,DELTA,NONE,NONE",
7.351126,2026-09-05T19:24:36.368+01:00,347410,1608092,178,178,True,True,0x02,"NO_IRQ,OK,NO_IRQ,NO_IRQ","NONE,DELTA,NONE,NONE",
7.354851,2026-09-05T19:24:36.378+01:00,347588,1608093,208,208,True,True,0x02,"NO_IRQ,OK,NO_IRQ,NO_IRQ","NONE,DELTA,NONE,NONE",
7.358761,2026-09-05T19:24:36.379+01:00,347796,1608094,194,194,True,True,0x02,"NO_IRQ,OK,NO_IRQ,NO_IRQ","NONE,DELTA,NONE,NONE",
7.363966,2026-09-05T19:24:36.382+01:00,347990,1608095,212,212,True,True,0x02,"NO_IRQ,OK,NO_IRQ,NO_IRQ","NONE,DELTA,NONE,NONE",
7.373856,2026-09-05T19:24:36.388+01:00,348202,1608096,198,198,True,True,0x02,"NO_IRQ,OK,NO_IRQ,NO_IRQ","NONE,DELTA,NONE,NONE",
7.374627,2026-09-05T19:24:36.398+01:00,348400,1608097,212,212,True,True,0x02,"NO_IRQ,OK,NO_IRQ,NO_IRQ","NONE,DELTA,NONE,NONE",
7.379202,2026-09-05T19:24:36.398+01:00,348612,1608098,214,214,True,True,0x02,"NO_IRQ,OK,NO_IRQ,NO_IRQ","NONE,DELTA,NONE,NONE",
7.383385,2026-09-05T19:24:36.403+01:00,348826,1608099,198,198,True,True,0x02,"NO_IRQ,OK,NO_IRQ,NO_IRQ","NONE,DELTA,NONE,NONE",
7.389853,2026-09-05T19:24:36.407+01:00,349024,1608100,242,242,True,True,0x02,"NO_IRQ,OK,NO_IRQ,NO_IRQ","NONE,DELTA,NONE,NONE",
7.395550,2026-09-05T19:24:36.413+01:00,349266,1608101,162,162,True,True,0x02,"NO_IRQ,OK,NO_IRQ,NO_IRQ","NONE,DELTA,NONE,NONE",
7.398407,2026-09-05T19:24:36.420+01:00,349428,1608102,196,196,True,True,0x02,"NO_IRQ,OK,NO_IRQ,NO_IRQ","NONE,DELTA,NONE,NONE",
7.403348,2026-09-05T19:24:36.422+01:00,349624,1608103,202,202,True,True,0x02,"NO_IRQ,OK,NO_IRQ,NO_IRQ","NONE,DELTA,NONE,NONE",
7.419520,2026-09-05T19:24:36.427+01:00,349826,1608104,220,220,True,True,0x02,"NO_IRQ,OK,NO_IRQ,NO_IRQ","NONE,DELTA,NONE,NONE",
7.420210,2026-09-05T19:24:36.443+01:00,350046,1608105,194,194,True,True,0x02,"NO_IRQ,OK,NO_IRQ,NO_IRQ","NONE,DELTA,NONE,NONE",
7.420839,2026-09-05T19:24:36.444+01:00,350240,1608106,208,208,True,True,0x02,"NO_IRQ,OK,NO_IRQ,NO_IRQ","NONE,DELTA,NONE,NONE",
7.423698,2026-09-05T19:24:36.444+01:00,350448,1608107,180,180,True,True,0x02,"NO_IRQ,OK,NO_IRQ,NO_IRQ","NONE,DELTA,NONE,NONE",
7.428849,2026-09-05T19:24:36.447+01:00,350628,1608108,210,210,True,True,0x02,"NO_IRQ,OK,NO_IRQ,NO_IRQ","NONE,DELTA,NONE,NONE",
7.437070,2026-09-05T19:24:36.452+01:00,350838,1608109,178,178,True,True,0x02,"NO_IRQ,OK,NO_IRQ,NO_IRQ","NONE,DELTA,NONE,NONE",
7.438252,2026-09-05T19:24:36.461+01:00,351016,1608110,196,196,True,True,0x02,"NO_IRQ,OK,NO_IRQ,NO_IRQ","NONE,DELTA,NONE,NONE",
7.443871,2026-09-05T19:24:36.462+01:00,351212,1608111,228,228,True,True,0x02,"NO_IRQ,OK,NO_IRQ,NO_IRQ","NONE,DELTA,NONE,NONE",
7.454857,2026-09-05T19:24:36.467+01:00,351440,1608112,204,204,True,True,0x02,"NO_IRQ,OK,NO_IRQ,NO_IRQ","NONE,DELTA,NONE,NONE",
7.455942,2026-09-05T19:24:36.478+01:00,351644,1608113,198,198,True,True,0x02,"NO_IRQ,OK,NO_IRQ,NO_IRQ","NONE,DELTA,NONE,NONE",
7.458502,2026-09-05T19:24:36.479+01:00,351842,1608114,182,182,True,True,0x02,"NO_IRQ,OK,NO_IRQ,NO_IRQ","NONE,DELTA,NONE,NONE",
7.463320,2026-09-05T19:24:36.482+01:00,352024,1608115,216,216,True,True,0x02,"NO_IRQ,OK,NO_IRQ,NO_IRQ","NONE,DELTA,NONE,NONE",
7.472399,2026-09-05T19:24:36.487+01:00,352240,1608116,196,196,True,True,0x02,"NO_IRQ,OK,NO_IRQ,NO_IRQ","NONE,DELTA,NONE,NONE",
7.473410,2026-09-05T19:24:36.496+01:00,352436,1608117,180,180,True,True,0x02,"NO_IRQ,OK,NO_IRQ,NO_IRQ","NONE,DELTA,NONE,NONE",
7.478325,2026-09-05T19:24:36.497+01:00,352616,1608118,192,192,True,True,0x02,"NO_IRQ,OK,NO_IRQ,NO_IRQ","NONE,DELTA,NONE,NONE",
7.489564,2026-09-05T19:24:36.502+01:00,352808,1608119,228,228,True,True,0x02,"NO_IRQ,OK,NO_IRQ,NO_IRQ","NONE,DELTA,NONE,NONE",
7.490851,2026-09-05T19:24:36.513+01:00,353036,1608120,198,198,True,True,0x02,"NO_IRQ,OK,NO_IRQ,NO_IRQ","NONE,DELTA,NONE,NONE",
7.494003,2026-09-05T19:24:36.514+01:00,353234,1608121,192,192,True,True,0x02,"NO_IRQ,OK,NO_IRQ,NO_IRQ","NONE,DELTA,NONE,NONE",
7.498530,2026-09-05T19:24:36.518+01:00,353426,1608122,180,180,True,True,0x02,"NO_IRQ,OK,NO_IRQ,NO_IRQ","NONE,DELTA,NONE,NONE",
7.509183,2026-09-05T19:24:36.522+01:00,353606,1608123,188,188,True,True,0x02,"NO_IRQ,OK,NO_IRQ,NO_IRQ","NONE,DELTA,NONE,NONE",
7.509597,2026-09-05T19:24:36.533+01:00,353794,1608124,186,186,True,True,0x02,"NO_IRQ,OK,NO_IRQ,NO_IRQ","NONE,DELTA,NONE,NONE",
7.514184,2026-09-05T19:24:36.533+01:00,353980,1608125,212,212,True,True,0x02,"NO_IRQ,OK,NO_IRQ,NO_IRQ","NONE,DELTA,NONE,NONE",
7.518324,2026-09-05T19:24:36.538+01:00,354192,1608126,172,172,True,True,0x02,"NO_IRQ,OK,NO_IRQ,NO_IRQ","NONE,DELTA,NONE,NONE",
7.528887,2026-09-05T19:24:36.542+01:00,354364,1608127,192,192,True,True,0x02,"NO_IRQ,OK,NO_IRQ,NO_IRQ","NONE,DELTA,NONE,NONE",
7.529759,2026-09-05T19:24:36.552+01:00,354556,1608128,204,204,True,True,0x02,"NO_IRQ,OK,NO_IRQ,NO_IRQ","NONE,DELTA,NONE,NONE",
7.533170,2026-09-05T19:24:36.553+01:00,354760,1608129,194,194,True,True,0x02,"NO_IRQ,OK,NO_IRQ,NO_IRQ","NONE,DELTA,NONE,NONE",
7.538226,2026-09-05T19:24:36.557+01:00,354954,1608130,196,196,True,True,0x02,"NO_IRQ,OK,NO_IRQ,NO_IRQ","NONE,DELTA,NONE,NONE",
7.546180,2026-09-05T19:24:36.562+01:00,355150,1608131,210,210,True,True,0x02,"NO_IRQ,OK,NO_IRQ,NO_IRQ","NONE,DELTA,NONE,NONE",
7.548438,2026-09-05T19:24:36.570+01:00,355360,1608132,204,204,True,True,0x02,"NO_IRQ,OK,NO_IRQ,NO_IRQ","NONE,DELTA,NONE,NONE",
7.553479,2026-09-05T19:24:36.572+01:00,355564,1608133,186,186,True,True,0x02,"NO_IRQ,OK,NO_IRQ,NO_IRQ","NONE,DELTA,NONE,NONE",
7.558419,2026-09-05T19:24:36.577+01:00,355750,1608134,152,152,True,True,0x02,"NO_IRQ,OK,NO_IRQ,NO_IRQ","NONE,DELTA,NONE,NONE",
7.563477,2026-09-05T19:24:36.582+01:00,355902,1608135,214,214,True,True,0x02,"NO_IRQ,OK,NO_IRQ,NO_IRQ","NONE,DELTA,NONE,NONE",
7.567963,2026-09-05T19:24:36.587+01:00,356116,1608136,170,170,True,True,0x02,"NO_IRQ,OK,NO_IRQ,NO_IRQ","NONE,DELTA,NONE,NONE",
7.572938,2026-09-05T19:24:36.592+01:00,356286,1608137,188,188,True,True,0x02,"NO_IRQ,OK,NO_IRQ,NO_IRQ","NONE,DELTA,NONE,NONE",
7.584495,2026-09-05T19:24:36.596+01:00,356474,1608138,218,218,True,True,0x02,"NO_IRQ,OK,NO_IRQ,NO_IRQ","NONE,DELTA,NONE,NONE",
7.584844,2026-09-05T19:24:36.608+01:00,356692,1608139,198,198,True,True,0x02,"NO_IRQ,OK,NO_IRQ,NO_IRQ","NONE,DELTA,NONE,NONE",
7.598805,2026-09-05T19:24:36.608+01:00,356890,1608140,188,188,True,True,0x02,"NO_IRQ,OK,NO_IRQ,NO_IRQ","NONE,DELTA,NONE,NONE",
7.599572,2026-09-05T19:24:36.622+01:00,357078,1608141,170,170,True,True,0x02,"NO_IRQ,OK,NO_IRQ,NO_IRQ","NONE,DELTA,NONE,NONE",
7.600418,2026-09-05T19:24:36.623+01:00,357248,1608142,198,198,True,True,0x02,"NO_IRQ,OK,NO_IRQ,NO_IRQ","NONE,DELTA,NONE,NONE",
7.603324,2026-09-05T19:24:36.624+01:00,357446,1608143,184,184,True,True,0x02,"NO_IRQ,OK,NO_IRQ,NO_IRQ","NONE,DELTA,NONE,NONE",
7.608103,2026-09-05T19:24:36.627+01:00,357630,1608144,180,180,True,True,0x02,"NO_IRQ,OK,NO_IRQ,NO_IRQ","NONE,DELTA,NONE,NONE",
7.616500,2026-09-05T19:24:36.632+01:00,357810,1608145,148,148,True,True,0x02,"NO_IRQ,OK,NO_IRQ,NO_IRQ","NONE,DELTA,NONE,NONE",
7.617957,2026-09-05T19:24:36.640+01:00,357958,1608146,180,180,True,True,0x02,"NO_IRQ,OK,NO_IRQ,NO_IRQ","NONE,DELTA,NONE,NONE",
7.623262,2026-09-05T19:24:36.642+01:00,358138,1608147,216,216,True,True,0x02,"NO_IRQ,OK,NO_IRQ,NO_IRQ","NONE,DELTA,NONE,NONE",
7.633835,2026-09-05T19:24:36.647+01:00,358354,1608148,186,186,True,True,0x02,"NO_IRQ,OK,NO_IRQ,NO_IRQ","NONE,DELTA,NONE,NONE",
7.634837,2026-09-05T19:24:36.658+01:00,358540,1608149,194,194,True,True,0x02,"NO_IRQ,OK,NO_IRQ,NO_IRQ","NONE,DELTA,NONE,NONE",
7.637930,2026-09-05T19:24:36.658+01:00,358734,1608150,182,182,True,True,0x02,"NO_IRQ,OK,NO_IRQ,NO_IRQ","NONE,DELTA,NONE,NONE",
7.643098,2026-09-05T19:24:36.662+01:00,358916,1608151,160,160,True,True,0x02,"NO_IRQ,OK,NO_IRQ,NO_IRQ","NONE,DELTA,NONE,NONE",
7.651551,2026-09-05T19:24:36.667+01:00,359076,1608152,176,176,True,True,0x02,"NO_IRQ,OK,NO_IRQ,NO_IRQ","NONE,DELTA,NONE,NONE",
7.652987,2026-09-05T19:24:36.675+01:00,359252,1608153,172,172,True,True,0x02,"NO_IRQ,OK,NO_IRQ,NO_IRQ","NONE,DELTA,NONE,NONE",
7.658161,2026-09-05T19:24:36.677+01:00,359424,1608154,184,184,True,True,0x02,"NO_IRQ,OK,NO_IRQ,NO_IRQ","NONE,DELTA,NONE,NONE",
7.669429,2026-09-05T19:24:36.682+01:00,359608,1608155,196,196,True,True,0x02,"NO_IRQ,OK,NO_IRQ,NO_IRQ","NONE,DELTA,NONE,NONE",
7.670183,2026-09-05T19:24:36.693+01:00,359804,1608156,176,176,True,True,0x02,"NO_IRQ,OK,NO_IRQ,NO_IRQ","NONE,DELTA,NONE,NONE",
7.673128,2026-09-05T19:24:36.694+01:00,359980,1608157,190,190,True,True,0x02,"NO_IRQ,OK,NO_IRQ,NO_IRQ","NONE,DELTA,NONE,NONE",
7.677943,2026-09-05T19:24:36.697+01:00,360170,1608158,162,162,True,True,0x02,"NO_IRQ,OK,NO_IRQ,NO_IRQ","NONE,DELTA,NONE,NONE",
7.686788,2026-09-05T19:24:36.702+01:00,360332,1608159,180,180,True,True,0x02,"NO_IRQ,OK,NO_IRQ,NO_IRQ","NONE,DELTA,NONE,NONE",
7.688119,2026-09-05T19:24:36.710+01:00,360512,1608160,184,184,True,True,0x02,"NO_IRQ,OK,NO_IRQ,NO_IRQ","NONE,DELTA,NONE,NONE",
7.692952,2026-09-05T19:24:36.712+01:00,360696,1608161,176,176,True,True,0x02,"NO_IRQ,OK,NO_IRQ,NO_IRQ","NONE,DELTA,NONE,NONE",
7.703616,2026-09-05T19:24:36.717+01:00,360872,1608162,158,158,True,True,0x02,"NO_IRQ,OK,NO_IRQ,NO_IRQ","NONE,DELTA,NONE,NONE",
7.704342,2026-09-05T19:24:36.727+01:00,361030,1608163,170,170,True,True,0x02,"NO_IRQ,OK,NO_IRQ,NO_IRQ","NONE,DELTA,NONE,NONE",
7.708175,2026-09-05T19:24:36.728+01:00,361200,1608164,166,166,True,True,0x02,"NO_IRQ,OK,NO_IRQ,NO_IRQ","NONE,DELTA,NONE,NONE",
7.712823,2026-09-05T19:24:36.732+01:00,361366,1608165,164,164,True,True,0x02,"NO_IRQ,OK,NO_IRQ,NO_IRQ","NONE,DELTA,NONE,NONE",
7.720544,2026-09-05T19:24:36.736+01:00,361530,1608166,184,184,True,True,0x02,"NO_IRQ,OK,NO_IRQ,NO_IRQ","NONE,DELTA,NONE,NONE",
7.722852,2026-09-05T19:24:36.744+01:00,361714,1608167,164,164,True,True,0x02,"NO_IRQ,OK,NO_IRQ,NO_IRQ","NONE,DELTA,NONE,NONE",
7.727868,2026-09-05T19:24:36.746+01:00,361878,1608168,200,200,True,True,0x02,"NO_IRQ,OK,NO_IRQ,NO_IRQ","NONE,DELTA,NONE,NONE",
7.732625,2026-09-05T19:24:36.751+01:00,362078,1608169,182,182,True,True,0x02,"NO_IRQ,OK,NO_IRQ,NO_IRQ","NONE,DELTA,NONE,NONE",
7.738312,2026-09-05T19:24:36.756+01:00,362260,1608170,192,192,True,True,0x02,"NO_IRQ,OK,NO_IRQ,NO_IRQ","NONE,DELTA,NONE,NONE",
7.742579,2026-09-05T19:24:36.762+01:00,362452,1608171,196,196,True,True,0x02,"NO_IRQ,OK,NO_IRQ,NO_IRQ","NONE,DELTA,NONE,NONE",
7.747753,2026-09-05T19:24:36.766+01:00,362648,1608172,216,216,True,True,0x02,"NO_IRQ,OK,NO_IRQ,NO_IRQ","NONE,DELTA,NONE,NONE",
7.761650,2026-09-05T19:24:36.771+01:00,362864,1608173,148,148,True,True,0x02,"NO_IRQ,OK,NO_IRQ,NO_IRQ","NONE,DELTA,NONE,NONE",
7.762620,2026-09-05T19:24:36.785+01:00,363012,1608174,178,178,True,True,0x02,"NO_IRQ,OK,NO_IRQ,NO_IRQ","NONE,DELTA,NONE,NONE",
7.763265,2026-09-05T19:24:36.786+01:00,363190,1608175,174,174,True,True,0x02,"NO_IRQ,OK,NO_IRQ,NO_IRQ","NONE,DELTA,NONE,NONE",
7.767812,2026-09-05T19:24:36.787+01:00,363364,1608176,184,184,True,True,0x02,"NO_IRQ,OK,NO_IRQ,NO_IRQ","NONE,DELTA,NONE,NONE",
7.779199,2026-09-05T19:24:36.791+01:00,363548,1608177,208,208,True,True,0x02,"NO_IRQ,OK,NO_IRQ,NO_IRQ","NONE,DELTA,NONE,NONE",
7.779877,2026-09-05T19:24:36.803+01:00,363756,1608178,206,206,True,True,0x02,"NO_IRQ,OK,NO_IRQ,NO_IRQ","NONE,DELTA,NONE,NONE",
7.782839,2026-09-05T19:24:36.803+01:00,363962,1608179,156,156,True,True,0x02,"NO_IRQ,OK,NO_IRQ,NO_IRQ","NONE,DELTA,NONE,NONE",
7.787577,2026-09-05T19:24:36.806+01:00,364118,1608180,188,188,True,True,0x02,"NO_IRQ,OK,NO_IRQ,NO_IRQ","NONE,DELTA,NONE,NONE",
7.796314,2026-09-05T19:24:36.811+01:00,364306,1608181,168,168,True,True,0x02,"NO_IRQ,OK,NO_IRQ,NO_IRQ","NONE,DELTA,NONE,NONE",
7.797665,2026-09-05T19:24:36.820+01:00,364474,1608182,184,184,True,True,0x02,"NO_IRQ,OK,NO_IRQ,NO_IRQ","NONE,DELTA,NONE,NONE",
7.802776,2026-09-05T19:24:36.821+01:00,364658,1608183,198,198,True,True,0x02,"NO_IRQ,OK,NO_IRQ,NO_IRQ","NONE,DELTA,NONE,NONE",
7.813197,2026-09-05T19:24:36.826+01:00,364856,1608184,188,188,True,True,0x02,"NO_IRQ,OK,NO_IRQ,NO_IRQ","NONE,DELTA,NONE,NONE",
7.813886,2026-09-05T19:24:36.837+01:00,365044,1608185,172,172,True,True,0x02,"NO_IRQ,OK,NO_IRQ,NO_IRQ","NONE,DELTA,NONE,NONE",
7.817720,2026-09-05T19:24:36.837+01:00,365216,1608186,182,182,True,True,0x02,"NO_IRQ,OK,NO_IRQ,NO_IRQ","NONE,DELTA,NONE,NONE",
7.822606,2026-09-05T19:24:36.841+01:00,365398,1608187,162,162,True,True,0x02,"NO_IRQ,OK,NO_IRQ,NO_IRQ","NONE,DELTA,NONE,NONE",
7.830893,2026-09-05T19:24:36.846+01:00,365560,1608188,170,170,True,True,0x02,"NO_IRQ,OK,NO_IRQ,NO_IRQ","NONE,DELTA,NONE,NONE",
7.832594,2026-09-05T19:24:36.854+01:00,365730,1608189,190,190,True,True,0x02,"NO_IRQ,OK,NO_IRQ,NO_IRQ","NONE,DELTA,NONE,NONE",
7.837780,2026-09-05T19:24:36.856+01:00,365920,1608190,170,170,True,True,0x02,"NO_IRQ,OK,NO_IRQ,NO_IRQ","NONE,DELTA,NONE,NONE",
7.847248,2026-09-05T19:24:36.861+01:00,366090,1608191,176,176,True,True,0x02,"NO_IRQ,OK,NO_IRQ,NO_IRQ","NONE,DELTA,NONE,NONE",
7.848007,2026-09-05T19:24:36.871+01:00,366266,1608192,154,154,True,True,0x02,"NO_IRQ,OK,NO_IRQ,NO_IRQ","NONE,DELTA,NONE,NONE",
7.852712,2026-09-05T19:24:36.872+01:00,366420,1608193,168,168,True,True,0x02,"NO_IRQ,OK,NO_IRQ,NO_IRQ","NONE,DELTA,NONE,NONE",
7.861069,2026-09-05T19:24:36.876+01:00,366588,1608194,166,166,True,True,0x02,"NO_IRQ,OK,NO_IRQ,NO_IRQ","NONE,DELTA,NONE,NONE",
7.864012,2026-09-05T19:24:36.887+01:00,366754,1608195,160,160,True,True,0x02,"NO_IRQ,OK,NO_IRQ,NO_IRQ","NONE,DELTA,NONE,NONE",
7.867617,2026-09-05T19:24:36.888+01:00,366914,1608196,184,184,True,True,0x02,"NO_IRQ,OK,NO_IRQ,NO_IRQ","NONE,DELTA,NONE,NONE",
7.872589,2026-09-05T19:24:36.891+01:00,367098,1608197,172,172,True,True,0x02,"NO_IRQ,OK,NO_IRQ,NO_IRQ","NONE,DELTA,NONE,NONE",
7.880100,2026-09-05T19:24:36.896+01:00,367270,1608198,186,186,True,True,0x02,"NO_IRQ,OK,NO_IRQ,NO_IRQ","NONE,DELTA,NONE,NONE",
7.882629,2026-09-05T19:24:36.904+01:00,367456,1608199,192,192,True,True,0x02,"NO_IRQ,OK,NO_IRQ,NO_IRQ","NONE,DELTA,NONE,NONE",
7.887472,2026-09-05T19:24:36.906+01:00,367648,1608200,168,168,True,True,0x02,"NO_IRQ,OK,NO_IRQ,NO_IRQ","NONE,DELTA,NONE,NONE",
7.893269,2026-09-05T19:24:36.911+01:00,367816,1608201,188,188,True,True,0x02,"NO_IRQ,OK,NO_IRQ,NO_IRQ","NONE,DELTA,NONE,NONE",
7.898459,2026-09-05T19:24:36.917+01:00,368004,1608202,182,182,True,True,0x02,"NO_IRQ,OK,NO_IRQ,NO_IRQ","NONE,DELTA,NONE,NONE",
7.902326,2026-09-05T19:24:36.922+01:00,368186,1608203,176,176,True,True,0x02,"NO_IRQ,OK,NO_IRQ,NO_IRQ","NONE,DELTA,NONE,NONE",
7.907199,2026-09-05T19:24:36.926+01:00,368362,1608204,166,166,True,True,0x02,"NO_IRQ,OK,NO_IRQ,NO_IRQ","NONE,DELTA,NONE,NONE",
7.917654,2026-09-05T19:24:36.931+01:00,368528,1608205,164,164,True,True,0x02,"NO_IRQ,OK,NO_IRQ,NO_IRQ","NONE,DELTA,NONE,NONE",
7.918005,2026-09-05T19:24:36.941+01:00,368692,1608206,204,204,True,True,0x02,"NO_IRQ,OK,NO_IRQ,NO_IRQ","NONE,DELTA,NONE,NONE",
7.931134,2026-09-05T19:24:36.942+01:00,368896,1608207,162,162,True,True,0x02,"NO_IRQ,OK,NO_IRQ,NO_IRQ","NONE,DELTA,NONE,NONE",
7.931827,2026-09-05T19:24:36.955+01:00,369058,1608208,210,210,True,True,0x02,"NO_IRQ,OK,NO_IRQ,NO_IRQ","NONE,DELTA,NONE,NONE",
7.932800,2026-09-05T19:24:36.956+01:00,369268,1608209,186,186,True,True,0x02,"NO_IRQ,OK,NO_IRQ,NO_IRQ","NONE,DELTA,NONE,NONE",
7.937581,2026-09-05T19:24:36.956+01:00,369454,1608210,176,176,True,True,0x02,"NO_IRQ,OK,NO_IRQ,NO_IRQ","NONE,DELTA,NONE,NONE",
7.948296,2026-09-05T19:24:36.961+01:00,369630,1608211,182,182,True,True,0x02,"NO_IRQ,OK,NO_IRQ,NO_IRQ","NONE,DELTA,NONE,NONE",
7.949008,2026-09-05T19:24:36.972+01:00,369812,1608212,178,178,True,True,0x02,"NO_IRQ,OK,NO_IRQ,NO_IRQ","NONE,DELTA,NONE,NONE",
7.952442,2026-09-05T19:24:36.973+01:00,369990,1608213,158,158,True,True,0x02,"NO_IRQ,OK,NO_IRQ,NO_IRQ","NONE,DELTA,NONE,NONE",
7.957650,2026-09-05T19:24:36.976+01:00,370148,1608214,180,180,True,True,0x02,"NO_IRQ,OK,NO_IRQ,NO_IRQ","NONE,DELTA,NONE,NONE",
7.964579,2026-09-05T19:24:36.981+01:00,370328,1608215,192,192,True,True,0x02,"NO_IRQ,OK,NO_IRQ,NO_IRQ","NONE,DELTA,NONE,NONE",
7.967423,2026-09-05T19:24:36.988+01:00,370520,1608216,184,184,True,True,0x02,"NO_IRQ,OK,NO_IRQ,NO_IRQ","NONE,DELTA,NONE,NONE",
7.972346,2026-09-05T19:24:36.991+01:00,370704,1608217,186,186,True,True,0x02,"NO_IRQ,OK,NO_IRQ,NO_IRQ","NONE,DELTA,NONE,NONE",
7.981203,2026-09-05T19:24:36.996+01:00,370890,1608218,194,194,True,True,0x02,"NO_IRQ,OK,NO_IRQ,NO_IRQ","NONE,DELTA,NONE,NONE",
7.982363,2026-09-05T19:24:37.005+01:00,371084,1608219,192,192,True,True,0x02,"NO_IRQ,OK,NO_IRQ,NO_IRQ","NONE,DELTA,NONE,NONE",
7.987583,2026-09-05T19:24:37.006+01:00,371276,1608220,234,234,True,True,0x02,"NO_IRQ,OK,NO_IRQ,NO_IRQ","NONE,DELTA,NONE,NONE",
7.997859,2026-09-05T19:24:37.011+01:00,371510,1608221,280,280,True,True,0x02,"NO_IRQ,OK,NO_IRQ,NO_IRQ","NONE,DELTA,NONE,NONE",
7.998863,2026-09-05T19:24:37.022+01:00,371790,1608222,294,294,True,True,0x02,"NO_IRQ,OK,NO_IRQ,NO_IRQ","NONE,DELTA,NONE,NONE",
8.002606,2026-09-05T19:24:37.022+01:00,372084,1608223,310,310,True,True,0x02,"NO_IRQ,OK,NO_IRQ,NO_IRQ","NONE,DELTA,NONE,NONE",
8.007965,2026-09-05T19:24:37.026+01:00,372394,1608224,320,320,True,True,0x02,"NO_IRQ,OK,NO_IRQ,NO_IRQ","NONE,DELTA,NONE,NONE",
8.016755,2026-09-05T19:24:37.031+01:00,372714,1608225,290,290,True,True,0x02,"NO_IRQ,OK,NO_IRQ,NO_IRQ","NONE,DELTA,NONE,NONE",
8.018645,2026-09-05T19:24:37.040+01:00,373004,1608226,324,324,True,True,0x02,"NO_IRQ,OK,NO_IRQ,NO_IRQ","NONE,DELTA,NONE,NONE",
8.022701,2026-09-05T19:24:37.042+01:00,373328,1608227,348,348,True,True,0x02,"NO_IRQ,OK,NO_IRQ,NO_IRQ","NONE,DELTA,NONE,NONE",
8.028270,2026-09-05T19:24:37.047+01:00,373676,1608228,392,392,True,True,0x02,"NO_IRQ,OK,NO_IRQ,NO_IRQ","NONE,DELTA,NONE,NONE",
8.036084,2026-09-05T19:24:37.052+01:00,374068,1608229,350,350,True,True,0x02,"NO_IRQ,OK,NO_IRQ,NO_IRQ","NONE,DELTA,NONE,NONE",
8.037488,2026-09-05T19:24:37.060+01:00,374418,1608230,338,338,True,True,0x02,"NO_IRQ,OK,NO_IRQ,NO_IRQ","NONE,DELTA,NONE,NONE",
8.042542,2026-09-05T19:24:37.061+01:00,374756,1608231,354,354,True,True,0x02,"NO_IRQ,OK,NO_IRQ,NO_IRQ","NONE,DELTA,NONE,NONE",
8.052998,2026-09-05T19:24:37.066+01:00,375110,1608232,342,342,True,True,0x02,"NO_IRQ,OK,NO_IRQ,NO_IRQ","NONE,DELTA,NONE,NONE",
8.053667,2026-09-05T19:24:37.077+01:00,375452,1608233,312,312,True,True,0x02,"NO_IRQ,OK,NO_IRQ,NO_IRQ","NONE,DELTA,NONE,NONE",
8.057602,2026-09-05T19:24:37.077+01:00,375764,1608234,312,312,True,True,0x02,"NO_IRQ,OK,NO_IRQ,NO_IRQ","NONE,DELTA,NONE,NONE",
8.062489,2026-09-05T19:24:37.081+01:00,376076,1608235,310,310,True,True,0x02,"NO_IRQ,OK,NO_IRQ,NO_IRQ","NONE,DELTA,NONE,NONE",
8.067648,2026-09-05T19:24:37.086+01:00,376386,1608236,354,354,True,True,0x02,"NO_IRQ,OK,NO_IRQ,NO_IRQ","NONE,DELTA,NONE,NONE",
8.072804,2026-09-05T19:24:37.091+01:00,376740,1608237,372,372,True,True,0x02,"NO_IRQ,OK,NO_IRQ,NO_IRQ","NONE,DELTA,NONE,NONE",
8.077686,2026-09-05T19:24:37.096+01:00,377112,1608238,318,318,True,True,0x02,"NO_IRQ,OK,NO_IRQ,NO_IRQ","NONE,DELTA,NONE,NONE",
8.085470,2026-09-05T19:24:37.101+01:00,377430,1608239,424,424,True,True,0x02,"NO_IRQ,OK,NO_IRQ,NO_IRQ","NONE,DELTA,NONE,NONE",
8.094995,2026-09-05T19:24:37.111+01:00,377854,1608240,416,416,True,True,0x02,"NO_IRQ,OK,NO_IRQ,NO_IRQ","NONE,DELTA,NONE,NONE",
8.095772,2026-09-05T19:24:37.119+01:00,378270,1608241,414,414,True,True,0x02,"NO_IRQ,OK,NO_IRQ,NO_IRQ","NONE,DELTA,NONE,NONE",
8.098056,2026-09-05T19:24:37.119+01:00,378684,1608242,504,504,True,True,0x02,"NO_IRQ,OK,NO_IRQ,NO_IRQ","NONE,DELTA,NONE,NONE",
8.103660,2026-09-05T19:24:37.122+01:00,379188,1608243,644,644,True,True,0x02,"NO_IRQ,OK,NO_IRQ,NO_IRQ","NONE,DELTA,NONE,NONE",
8.112962,2026-09-05T19:24:37.127+01:00,379832,1608244,698,698,True,True,0x02,"NO_IRQ,OK,NO_IRQ,NO_IRQ","NONE,DELTA,NONE,NONE",
8.113802,2026-09-05T19:24:37.137+01:00,380530,1608245,670,670,True,True,0x02,"NO_IRQ,OK,NO_IRQ,NO_IRQ","NONE,DELTA,NONE,NONE",
8.118548,2026-09-05T19:24:37.137+01:00,381200,1608246,694,694,True,True,0x02,"NO_IRQ,OK,NO_IRQ,NO_IRQ","NONE,DELTA,NONE,NONE",
8.123130,2026-09-05T19:24:37.142+01:00,381894,1608247,732,732,True,True,0x02,"NO_IRQ,OK,NO_IRQ,NO_IRQ","NONE,DELTA,NONE,NONE",
8.130792,2026-09-05T19:24:37.147+01:00,382626,1608248,1084,1084,True,True,0x02,"NO_IRQ,OK,NO_IRQ,NO_IRQ","NONE,DELTA_SYNC,NONE,NONE",
8.133513,2026-09-05T19:24:37.154+01:00,383710,1608249,682,682,True,True,0x02,"NO_IRQ,OK,NO_IRQ,NO_IRQ","NONE,DELTA,NONE,NONE",
8.138560,2026-09-05T19:24:37.157+01:00,384392,1608250,732,732,True,True,0x02,"NO_IRQ,OK,NO_IRQ,NO_IRQ","NONE,DELTA,NONE,NONE",
8.147388,2026-09-05T19:24:37.162+01:00,385124,1608251,746,746,True,True,0x02,"NO_IRQ,OK,NO_IRQ,NO_IRQ","NONE,DELTA,NONE,NONE",
8.149114,2026-09-05T19:24:37.171+01:00,385870,1608252,736,736,True,True,0x02,"NO_IRQ,OK,NO_IRQ,NO_IRQ","NONE,DELTA,NONE,NONE",
8.153820,2026-09-05T19:24:37.173+01:00,386606,1608253,702,702,True,True,0x02,"NO_IRQ,OK,NO_IRQ,NO_IRQ","NONE,DELTA,NONE,NONE",
8.165329,2026-09-05T19:24:37.177+01:00,387308,1608254,614,614,True,True,0x02,"NO_IRQ,OK,NO_IRQ,NO_IRQ","NONE,DELTA,NONE,NONE",
8.166149,2026-09-05T19:24:37.189+01:00,387922,1608255,612,612,True,True,0x02,"NO_IRQ,OK,NO_IRQ,NO_IRQ","NONE,DELTA,NONE,NONE",
8.168698,2026-09-05T19:24:37.190+01:00,388534,1608256,568,568,True,True,0x02,"NO_IRQ,OK,NO_IRQ,NO_IRQ","NONE,DELTA,NONE,NONE",
8.173473,2026-09-05T19:24:37.192+01:00,389102,1608257,610,610,True,True,0x02,"NO_IRQ,OK,NO_IRQ,NO_IRQ","NONE,DELTA,NONE,NONE",
8.183317,2026-09-05T19:24:37.197+01:00,389712,1608258,596,596,True,True,0x02,"NO_IRQ,OK,NO_IRQ,NO_IRQ","NONE,DELTA,NONE,NONE",
8.184043,2026-09-05T19:24:37.207+01:00,390308,1608259,486,486,True,True,0x02,"NO_IRQ,OK,NO_IRQ,NO_IRQ","NONE,DELTA,NONE,NONE",
8.188386,2026-09-05T19:24:37.208+01:00,390794,1608260,530,530,True,True,0x02,"NO_IRQ,OK,NO_IRQ,NO_IRQ","NONE,DELTA,NONE,NONE",
8.199855,2026-09-05T19:24:37.212+01:00,391324,1608261,538,538,True,True,0x02,"NO_IRQ,OK,NO_IRQ,NO_IRQ","NONE,DELTA,NONE,NONE",
8.200635,2026-09-05T19:24:37.223+01:00,391862,1608262,574,574,True,True,0x02,"NO_IRQ,OK,NO_IRQ,NO_IRQ","NONE,DELTA,NONE,NONE",
8.203427,2026-09-05T19:24:37.224+01:00,392436,1608263,514,514,True,True,0x02,"NO_IRQ,OK,NO_IRQ,NO_IRQ","NONE,DELTA,NONE,NONE",
8.208312,2026-09-05T19:24:37.227+01:00,392950,1608264,514,514,True,True,0x02,"NO_IRQ,OK,NO_IRQ,NO_IRQ","NONE,DELTA,NONE,NONE",
8.217205,2026-09-05T19:24:37.232+01:00,393464,1608265,496,496,True,True,0x02,"NO_IRQ,OK,NO_IRQ,NO_IRQ","NONE,DELTA,NONE,NONE",
8.218419,2026-09-05T19:24:37.241+01:00,393960,1608266,514,514,True,True,0x02,"NO_IRQ,OK,NO_IRQ,NO_IRQ","NONE,DELTA,NONE,NONE",
8.223217,2026-09-05T19:24:37.242+01:00,394474,1608267,452,452,True,True,0x02,"NO_IRQ,OK,NO_IRQ,NO_IRQ","NONE,DELTA,NONE,NONE",
8.229553,2026-09-05T19:24:37.247+01:00,394926,1608268,476,476,True,True,0x02,"NO_IRQ,OK,NO_IRQ,NO_IRQ","NONE,DELTA,NONE,NONE",
8.234045,2026-09-05T19:24:37.253+01:00,395402,1608269,458,458,True,True,0x02,"NO_IRQ,OK,NO_IRQ,NO_IRQ","NONE,DELTA,NONE,NONE",
8.238041,2026-09-05T19:24:37.258+01:00,395860,1608270,480,480,True,True,0x02,"NO_IRQ,OK,NO_IRQ,NO_IRQ","NONE,DELTA,NONE,NONE",
8.243342,2026-09-05T19:24:37.262+01:00,396340,1608271,432,432,True,True,0x02,"NO_IRQ,OK,NO_IRQ,NO_IRQ","NONE,DELTA,NONE,NONE",
8.255253,2026-09-05T19:24:37.267+01:00,396772,1608272,420,420,True,True,0x02,"NO_IRQ,OK,NO_IRQ,NO_IRQ","NONE,DELTA,NONE,NONE",
8.255642,2026-09-05T19:24:37.279+01:00,397192,1608273,432,432,True,True,0x02,"NO_IRQ,OK,NO_IRQ,NO_IRQ","NONE,DELTA,NONE,NONE",
8.268901,2026-09-05T19:24:37.279+01:00,397624,1608274,474,474,True,True,0x02,"NO_IRQ,OK,NO_IRQ,NO_IRQ","NONE,DELTA,NONE,NONE",
8.269620,2026-09-05T19:24:37.292+01:00,398098,1608275,416,416,True,True,0x02,"NO_IRQ,OK,NO_IRQ,NO_IRQ","NONE,DELTA,NONE,NONE",
8.270255,2026-09-05T19:24:37.293+01:00,398514,1608276,408,408,True,True,0x02,"NO_IRQ,OK,NO_IRQ,NO_IRQ","NONE,DELTA,NONE,NONE",
8.273061,2026-09-05T19:24:37.294+01:00,398922,1608277,380,380,True,True,0x02,"NO_IRQ,OK,NO_IRQ,NO_IRQ","NONE,DELTA,NONE,NONE",
8.278321,2026-09-05T19:24:37.297+01:00,399302,1608278,404,404,True,True,0x02,"NO_IRQ,OK,NO_IRQ,NO_IRQ","NONE,DELTA,NONE,NONE",
8.287497,2026-09-05T19:24:37.302+01:00,399706,1608279,406,406,True,True,0x02,"NO_IRQ,OK,NO_IRQ,NO_IRQ","NONE,DELTA,NONE,NONE",
8.288152,2026-09-05T19:24:37.311+01:00,400112,1608280,428,428,True,True,0x02,"NO_IRQ,OK,NO_IRQ,NO_IRQ","NONE,DELTA,NONE,NONE",
8.293691,2026-09-05T19:24:37.312+01:00,400540,1608281,408,408,True,True,0x02,"NO_IRQ,OK,NO_IRQ,NO_IRQ","NONE,DELTA,NONE,NONE",
8.303754,2026-09-05T19:24:37.318+01:00,400948,1608282,436,436,True,True,0x02,"NO_IRQ,OK,NO_IRQ,NO_IRQ","NONE,DELTA,NONE,NONE",
8.304377,2026-09-05T19:24:37.327+01:00,401384,1608283,384,384,True,True,0x02,"NO_IRQ,OK,NO_IRQ,NO_IRQ","NONE,DELTA,NONE,NONE",
8.307891,2026-09-05T19:24:37.328+01:00,401768,1608284,382,382,True,True,0x02,"NO_IRQ,OK,NO_IRQ,NO_IRQ","NONE,DELTA,NONE,NONE",
8.312822,2026-09-05T19:24:37.332+01:00,402150,1608285,378,378,True,True,0x02,"NO_IRQ,OK,NO_IRQ,NO_IRQ","NONE,DELTA,NONE,NONE",
8.320723,2026-09-05T19:24:37.336+01:00,402528,1608286,392,392,True,True,0x02,"NO_IRQ,OK,NO_IRQ,NO_IRQ","NONE,DELTA,NONE,NONE",
8.323265,2026-09-05T19:24:37.344+01:00,402920,1608287,332,332,True,True,0x02,"NO_IRQ,OK,NO_IRQ,NO_IRQ","NONE,DELTA,NONE,NONE",
8.328382,2026-09-05T19:24:37.347+01:00,403252,1608288,342,342,True,True,0x02,"NO_IRQ,OK,NO_IRQ,NO_IRQ","NONE,DELTA,NONE,NONE",
8.338423,2026-09-05T19:24:37.352+01:00,403594,1608289,394,394,True,True,0x02,"NO_IRQ,OK,NO_IRQ,NO_IRQ","NONE,DELTA,NONE,NONE",
8.339163,2026-09-05T19:24:37.362+01:00,403988,1608290,358,358,True,True,0x02,"NO_IRQ,OK,NO_IRQ,NO_IRQ","NONE,DELTA,NONE,NONE",
8.342748,2026-09-05T19:24:37.363+01:00,404346,1608291,334,334,True,True,0x02,"NO_IRQ,OK,NO_IRQ,NO_IRQ","NONE,DELTA,NONE,NONE",
8.347922,2026-09-05T19:24:37.367+01:00,404680,1608292,324,324,True,True,0x02,"NO_IRQ,OK,NO_IRQ,NO_IRQ","NONE,DELTA,NONE,NONE",
8.356126,2026-09-05T19:24:37.372+01:00,405004,1608293,366,366,True,True,0x02,"NO_IRQ,OK,NO_IRQ,NO_IRQ","NONE,DELTA,NONE,NONE",
8.357777,2026-09-05T19:24:37.380+01:00,405370,1608294,384,384,True,True,0x02,"NO_IRQ,OK,NO_IRQ,NO_IRQ","NONE,DELTA,NONE,NONE",
8.362989,2026-09-05T19:24:37.382+01:00,405754,1608295,366,366,True,True,0x02,"NO_IRQ,OK,NO_IRQ,NO_IRQ","NONE,DELTA,NONE,NONE",
8.373395,2026-09-05T19:24:37.387+01:00,406120,1608296,406,406,True,True,0x02,"NO_IRQ,OK,NO_IRQ,NO_IRQ","NONE,DELTA,NONE,NONE",
8.374016,2026-09-05T19:24:37.397+01:00,406526,1608297,384,384,True,True,0x02,"NO_IRQ,OK,NO_IRQ,NO_IRQ","NONE,DELTA,NONE,NONE",
8.378064,2026-09-05T19:24:37.398+01:00,406910,1608298,374,374,True,True,0x02,"NO_IRQ,OK,NO_IRQ,NO_IRQ","NONE,DELTA,NONE,NONE",
8.382708,2026-09-05T19:24:37.402+01:00,407284,1608299,330,330,True,True,0x02,"NO_IRQ,OK,NO_IRQ,NO_IRQ","NONE,DELTA,NONE,NONE",
8.389785,2026-09-05T19:24:37.406+01:00,407614,1608300,320,320,True,True,0x02,"NO_IRQ,OK,NO_IRQ,NO_IRQ","NONE,DELTA,NONE,NONE",
8.393622,2026-09-05T19:24:37.414+01:00,407934,1608301,344,344,True,True,0x02,"NO_IRQ,OK,NO_IRQ,NO_IRQ","NONE,DELTA,NONE,NONE",
8.398235,2026-09-05T19:24:37.417+01:00,408278,1608302,374,374,True,True,0x02,"NO_IRQ,OK,NO_IRQ,NO_IRQ","NONE,DELTA,NONE,NONE",
8.403067,2026-09-05T19:24:37.422+01:00,408652,1608303,416,416,True,True,0x02,"NO_IRQ,OK,NO_IRQ,NO_IRQ","NONE,DELTA,NONE,NONE",
8.407828,2026-09-05T19:24:37.427+01:00,409068,1608304,400,400,True,True,0x02,"NO_IRQ,OK,NO_IRQ,NO_IRQ","NONE,DELTA,NONE,NONE",
8.413020,2026-09-05T19:24:37.431+01:00,409468,1608305,380,380,True,True,0x02,"NO_IRQ,OK,NO_IRQ,NO_IRQ","NONE,DELTA,NONE,NONE",
8.417588,2026-09-05T19:24:37.437+01:00,409848,1608306,386,386,True,True,0x02,"NO_IRQ,OK,NO_IRQ,NO_IRQ","NONE,DELTA,NONE,NONE",
8.433082,2026-09-05T19:24:37.441+01:00,410234,1608307,372,372,True,True,0x02,"NO_IRQ,OK,NO_IRQ,NO_IRQ","NONE,DELTA,NONE,NONE",
8.433903,2026-09-05T19:24:37.457+01:00,410606,1608308,416,416,True,True,0x02,"NO_IRQ,OK,NO_IRQ,NO_IRQ","NONE,DELTA,NONE,NONE",
8.434961,2026-09-05T19:24:37.457+01:00,411022,1608309,450,450,True,True,0x02,"NO_IRQ,OK,NO_IRQ,NO_IRQ","NONE,DELTA,NONE,NONE",
8.437877,2026-09-05T19:24:37.459+01:00,411472,1608310,432,432,True,True,0x02,"NO_IRQ,OK,NO_IRQ,NO_IRQ","NONE,DELTA,NONE,NONE",
8.442687,2026-09-05T19:24:37.461+01:00,411904,1608311,412,412,True,True,0x02,"NO_IRQ,OK,NO_IRQ,NO_IRQ","NONE,DELTA,NONE,NONE",
8.450556,2026-09-05T19:24:37.466+01:00,412316,1608312,418,418,True,True,0x02,"NO_IRQ,OK,NO_IRQ,NO_IRQ","NONE,DELTA,NONE,NONE",
8.452848,2026-09-05T19:24:37.474+01:00,412734,1608313,464,464,True,True,0x02,"NO_IRQ,OK,NO_IRQ,NO_IRQ","NONE,DELTA,NONE,NONE",
8.457856,2026-09-05T19:24:37.476+01:00,413198,1608314,454,454,True,True,0x02,"NO_IRQ,OK,NO_IRQ,NO_IRQ","NONE,DELTA,NONE,NONE",
8.466678,2026-09-05T19:24:37.481+01:00,413652,1608315,510,510,True,True,0x02,"NO_IRQ,OK,NO_IRQ,NO_IRQ","NONE,DELTA,NONE,NONE",
8.467714,2026-09-05T19:24:37.490+01:00,414162,1608316,520,520,True,True,0x02,"NO_IRQ,OK,NO_IRQ,NO_IRQ","NONE,DELTA,NONE,NONE",
8.472844,2026-09-05T19:24:37.491+01:00,414682,1608317,546,546,True,True,0x02,"NO_IRQ,OK,NO_IRQ,NO_IRQ","NONE,DELTA,NONE,NONE",
8.482426,2026-09-05T19:24:37.496+01:00,415228,1608318,680,680,True,True,0x02,"NO_IRQ,OK,NO_IRQ,NO_IRQ","NONE,DELTA,NONE,NONE",
8.483398,2026-09-05T19:24:37.506+01:00,415908,1608319,522,522,True,True,0x02,"NO_IRQ,OK,NO_IRQ,NO_IRQ","NONE,DELTA,NONE,NONE",
8.488021,2026-09-05T19:24:37.507+01:00,416430,1608320,510,510,True,True,0x02,"NO_IRQ,OK,NO_IRQ,NO_IRQ","NONE,DELTA,NONE,NONE",
8.498942,2026-09-05T19:24:37.512+01:00,416940,1608321,526,526,True,True,0x02,"NO_IRQ,OK,NO_IRQ,NO_IRQ","NONE,DELTA,NONE,NONE",
8.500338,2026-09-05T19:24:37.523+01:00,417466,1608322,608,608,True,True,0x02,"NO_IRQ,OK,NO_IRQ,NO_IRQ","NONE,DELTA,NONE,NONE",
8.503268,2026-09-05T19:24:37.524+01:00,418074,1608323,606,606,True,True,0x02,"NO_IRQ,OK,NO_IRQ,NO_IRQ","NONE,DELTA,NONE,NONE",
8.508344,2026-09-05T19:24:37.527+01:00,418680,1608324,638,638,True,True,0x02,"NO_IRQ,OK,NO_IRQ,NO_IRQ","NONE,DELTA,NONE,NONE",
8.516748,2026-09-05T19:24:37.532+01:00,419318,1608325,684,684,True,True,0x02,"NO_IRQ,OK,NO_IRQ,NO_IRQ","NONE,DELTA,NONE,NONE",
8.518138,2026-09-05T19:24:37.540+01:00,420002,1608326,676,676,True,True,0x02,"NO_IRQ,OK,NO_IRQ,NO_IRQ","NONE,DELTA,NONE,NONE",
8.523161,2026-09-05T19:24:37.542+01:00,420678,1608327,644,644,True,True,0x02,"NO_IRQ,OK,NO_IRQ,NO_IRQ","NONE,DELTA,NONE,NONE",
8.533773,2026-09-05T19:24:37.547+01:00,421322,1608328,582,582,True,True,0x02,"NO_IRQ,OK,NO_IRQ,NO_IRQ","NONE,DELTA,NONE,NONE",
8.534774,2026-09-05T19:24:37.558+01:00,421904,1608329,588,588,True,True,0x02,"NO_IRQ,OK,NO_IRQ,NO_IRQ","NONE,DELTA,NONE,NONE",
8.537854,2026-09-05T19:24:37.558+01:00,422492,1608330,586,586,True,True,0x02,"NO_IRQ,OK,NO_IRQ,NO_IRQ","NONE,DELTA,NONE,NONE",
8.543385,2026-09-05T19:24:37.562+01:00,423078,1608331,484,484,True,True,0x02,"NO_IRQ,OK,NO_IRQ,NO_IRQ","NONE,DELTA,NONE,NONE",
8.550994,2026-09-05T19:24:37.567+01:00,423562,1608332,458,458,True,True,0x02,"NO_IRQ,OK,NO_IRQ,NO_IRQ","NONE,DELTA,NONE,NONE",
8.552594,2026-09-05T19:24:37.575+01:00,424020,1608333,390,390,True,True,0x02,"NO_IRQ,OK,NO_IRQ,NO_IRQ","NONE,DELTA,NONE,NONE",
8.557738,2026-09-05T19:24:37.576+01:00,424410,1608334,406,406,True,True,0x02,"NO_IRQ,OK,NO_IRQ,NO_IRQ","NONE,DELTA,NONE,NONE",
8.563561,2026-09-05T19:24:37.581+01:00,424816,1608335,404,404,True,True,0x02,"NO_IRQ,OK,NO_IRQ,NO_IRQ","NONE,DELTA,NONE,NONE",
8.567857,2026-09-05T19:24:37.587+01:00,425220,1608336,342,342,True,True,0x02,"NO_IRQ,OK,NO_IRQ,NO_IRQ","NONE,DELTA,NONE,NONE",
8.572322,2026-09-05T19:24:37.591+01:00,425562,1608337,284,284,True,True,0x02,"NO_IRQ,OK,NO_IRQ,NO_IRQ","NONE,DELTA,NONE,NONE",
8.577304,2026-09-05T19:24:37.596+01:00,425846,1608338,290,290,True,True,0x02,"NO_IRQ,OK,NO_IRQ,NO_IRQ","NONE,DELTA,NONE,NONE",
8.588796,2026-09-05T19:24:37.601+01:00,426136,1608339,346,346,True,True,0x02,"NO_IRQ,OK,NO_IRQ,NO_IRQ","NONE,DELTA,NONE,NONE",
8.589202,2026-09-05T19:24:37.612+01:00,426482,1608340,384,384,True,True,0x02,"NO_IRQ,OK,NO_IRQ,NO_IRQ","NONE,DELTA,NONE,NONE",
8.602381,2026-09-05T19:24:37.613+01:00,426866,1608341,420,420,True,True,0x02,"NO_IRQ,OK,NO_IRQ,NO_IRQ","NONE,DELTA,NONE,NONE",
8.603090,2026-09-05T19:24:37.626+01:00,427286,1608342,428,428,True,True,0x02,"NO_IRQ,OK,NO_IRQ,NO_IRQ","NONE,DELTA,NONE,NONE",
8.603769,2026-09-05T19:24:37.627+01:00,427714,1608343,414,414,True,True,0x02,"NO_IRQ,OK,NO_IRQ,NO_IRQ","NONE,DELTA,NONE,NONE",
8.607595,2026-09-05T19:24:37.627+01:00,428128,1608344,364,364,True,True,0x02,"NO_IRQ,OK,NO_IRQ,NO_IRQ","NONE,DELTA,NONE,NONE",
8.612771,2026-09-05T19:24:37.631+01:00,428492,1608345,414,414,True,True,0x02,"NO_IRQ,OK,NO_IRQ,NO_IRQ","NONE,DELTA,NONE,NONE",
8.619213,2026-09-05T19:24:37.636+01:00,428906,1608346,394,394,True,True,0x02,"NO_IRQ,OK,NO_IRQ,NO_IRQ","NONE,DELTA,NONE,NONE",
8.622660,2026-09-05T19:24:37.643+01:00,429300,1608347,368,368,True,True,0x02,"NO_IRQ,OK,NO_IRQ,NO_IRQ","NONE,DELTA,NONE,NONE",
8.627970,2026-09-05T19:24:37.646+01:00,429668,1608348,402,402,True,True,0x02,"NO_IRQ,OK,NO_IRQ,NO_IRQ","NONE,DELTA,NONE,NONE",
8.635764,2026-09-05T19:24:37.652+01:00,430070,1608349,358,358,True,True,0x02,"NO_IRQ,OK,NO_IRQ,NO_IRQ","NONE,DELTA,NONE,NONE",
8.637565,2026-09-05T19:24:37.659+01:00,430428,1608350,372,372,True,True,0x02,"NO_IRQ,OK,NO_IRQ,NO_IRQ","NONE,DELTA,NONE,NONE",
8.642423,2026-09-05T19:24:37.661+01:00,430800,1608351,332,332,True,True,0x02,"NO_IRQ,OK,NO_IRQ,NO_IRQ","NONE,DELTA,NONE,NONE",
8.652054,2026-09-05T19:24:37.666+01:00,431132,1608352,326,326,True,True,0x02,"NO_IRQ,OK,NO_IRQ,NO_IRQ","NONE,DELTA,NONE,NONE",
8.652695,2026-09-05T19:24:37.676+01:00,431458,1608353,302,302,True,True,0x02,"NO_IRQ,OK,NO_IRQ,NO_IRQ","NONE,DELTA,NONE,NONE",
8.657338,2026-09-05T19:24:37.676+01:00,431760,1608354,292,292,True,True,0x02,"NO_IRQ,OK,NO_IRQ,NO_IRQ","NONE,DELTA,NONE,NONE",
8.669024,2026-09-05T19:24:37.681+01:00,432052,1608355,224,224,True,True,0x02,"NO_IRQ,OK,NO_IRQ,NO_IRQ","NONE,DELTA,NONE,NONE",
8.669660,2026-09-05T19:24:37.693+01:00,432276,1608356,260,260,True,True,0x02,"NO_IRQ,OK,NO_IRQ,NO_IRQ","NONE,DELTA,NONE,NONE",
8.672325,2026-09-05T19:24:37.693+01:00,432536,1608357,266,266,True,True,0x02,"NO_IRQ,OK,NO_IRQ,NO_IRQ","NONE,DELTA,NONE,NONE",
8.677138,2026-09-05T19:24:37.696+01:00,432802,1608358,240,240,True,True,0x02,"NO_IRQ,OK,NO_IRQ,NO_IRQ","NONE,DELTA,NONE,NONE",
8.685850,2026-09-05T19:24:37.701+01:00,433042,1608359,212,212,True,True,0x02,"NO_IRQ,OK,NO_IRQ,NO_IRQ","NONE,DELTA,NONE,NONE",
8.687325,2026-09-05T19:24:37.710+01:00,433254,1608360,226,226,True,True,0x02,"NO_IRQ,OK,NO_IRQ,NO_IRQ","NONE,DELTA,NONE,NONE",
8.692265,2026-09-05T19:24:37.711+01:00,433480,1608361,224,224,True,True,0x02,"NO_IRQ,OK,NO_IRQ,NO_IRQ","NONE,DELTA,NONE,NONE",
8.702425,2026-09-05T19:24:37.716+01:00,433704,1608362,226,226,True,True,0x02,"NO_IRQ,OK,NO_IRQ,NO_IRQ","NONE,DELTA,NONE,NONE",
8.703080,2026-09-05T19:24:37.726+01:00,433930,1608363,236,236,True,True,0x02,"NO_IRQ,OK,NO_IRQ,NO_IRQ","NONE,DELTA,NONE,NONE",
8.707197,2026-09-05T19:24:37.727+01:00,434166,1608364,236,236,True,True,0x02,"NO_IRQ,OK,NO_IRQ,NO_IRQ","NONE,DELTA,NONE,NONE",
8.712368,2026-09-05T19:24:37.731+01:00,434402,1608365,206,206,True,True,0x02,"NO_IRQ,OK,NO_IRQ,NO_IRQ","NONE,DELTA,NONE,NONE",
8.719605,2026-09-05T19:24:37.736+01:00,434608,1608366,240,240,True,True,0x02,"NO_IRQ,OK,NO_IRQ,NO_IRQ","NONE,DELTA,NONE,NONE",
8.722140,2026-09-05T19:24:37.743+01:00,434848,1608367,254,254,True,True,0x02,"NO_IRQ,OK,NO_IRQ,NO_IRQ","NONE,DELTA,NONE,NONE",
8.727449,2026-09-05T19:24:37.746+01:00,435102,1608368,254,254,True,True,0x02,"NO_IRQ,OK,NO_IRQ,NO_IRQ","NONE,DELTA,NONE,NONE",
8.732297,2026-09-05T19:24:37.751+01:00,435356,1608369,226,226,True,True,0x02,"NO_IRQ,OK,NO_IRQ,NO_IRQ","NONE,DELTA,NONE,NONE",
8.736874,2026-09-05T19:24:37.756+01:00,435582,1608370,240,240,True,True,0x02,"NO_IRQ,OK,NO_IRQ,NO_IRQ","NONE,DELTA,NONE,NONE",
8.741930,2026-09-05T19:24:37.761+01:00,435822,1608371,218,218,True,True,0x02,"NO_IRQ,OK,NO_IRQ,NO_IRQ","NONE,DELTA,NONE,NONE",
8.746896,2026-09-05T19:24:37.765+01:00,436040,1608372,218,218,True,True,0x02,"NO_IRQ,OK,NO_IRQ,NO_IRQ","NONE,DELTA,NONE,NONE",
8.763066,2026-09-05T19:24:37.770+01:00,436258,1608373,224,224,True,True,0x02,"NO_IRQ,OK,NO_IRQ,NO_IRQ","NONE,DELTA,NONE,NONE",
8.763748,2026-09-05T19:24:37.787+01:00,436482,1608374,224,224,True,True,0x02,"NO_IRQ,OK,NO_IRQ,NO_IRQ","NONE,DELTA,NONE,NONE",
8.764376,2026-09-05T19:24:37.787+01:00,436706,1608375,256,256,True,True,0x02,"NO_IRQ,OK,NO_IRQ,NO_IRQ","NONE,DELTA,NONE,NONE",
8.767144,2026-09-05T19:24:37.788+01:00,436962,1608376,224,224,True,True,0x02,"NO_IRQ,OK,NO_IRQ,NO_IRQ","NONE,DELTA,NONE,NONE",
8.771993,2026-09-05T19:24:37.791+01:00,437186,1608377,230,230,True,True,0x02,"NO_IRQ,OK,NO_IRQ,NO_IRQ","NONE,DELTA,NONE,NONE",
8.780469,2026-09-05T19:24:37.796+01:00,437416,1608378,222,222,True,True,0x02,"NO_IRQ,OK,NO_IRQ,NO_IRQ","NONE,DELTA,NONE,NONE",
8.781825,2026-09-05T19:24:37.804+01:00,437638,1608379,240,240,True,True,0x02,"NO_IRQ,OK,NO_IRQ,NO_IRQ","NONE,DELTA,NONE,NONE",
8.787094,2026-09-05T19:24:37.806+01:00,437878,1608380,208,208,True,True,0x02,"NO_IRQ,OK,NO_IRQ,NO_IRQ","NONE,DELTA,NONE,NONE",
8.793024,2026-09-05T19:24:37.811+01:00,438086,1608381,192,192,True,True,0x02,"NO_IRQ,OK,NO_IRQ,NO_IRQ","NONE,DELTA,NONE,NONE",
8.797461,2026-09-05T19:24:37.818+01:00,438278,1608382,214,214,True,True,0x02,"NO_IRQ,OK,NO_IRQ,NO_IRQ","NONE,DELTA,NONE,NONE",
8.802033,2026-09-05T19:24:37.821+01:00,438492,1608383,222,222,True,True,0x02,"NO_IRQ,OK,NO_IRQ,NO_IRQ","NONE,DELTA,NONE,NONE",
8.806833,2026-09-05T19:24:37.826+01:00,438714,1608384,208,208,True,True,0x02,"NO_IRQ,OK,NO_IRQ,NO_IRQ","NONE,DELTA,NONE,NONE",
8.814219,2026-09-05T19:24:37.830+01:00,438922,1608385,210,210,True,True,0x02,"NO_IRQ,OK,NO_IRQ,NO_IRQ","NONE,DELTA,NONE,NONE",
8.816994,2026-09-05T19:24:37.838+01:00,439132,1608386,240,240,True,True,0x02,"NO_IRQ,OK,NO_IRQ,NO_IRQ","NONE,DELTA,NONE,NONE",
8.822194,2026-09-05T19:24:37.841+01:00,439372,1608387,232,232,True,True,0x02,"NO_IRQ,OK,NO_IRQ,NO_IRQ","NONE,DELTA,NONE,NONE",
8.831855,2026-09-05T19:24:37.846+01:00,439604,1608388,244,244,True,True,0x02,"NO_IRQ,OK,NO_IRQ,NO_IRQ","NONE,DELTA,NONE,NONE",
8.832676,2026-09-05T19:24:37.855+01:00,439848,1608389,218,218,True,True,0x02,"NO_IRQ,OK,NO_IRQ,NO_IRQ","NONE,DELTA,NONE,NONE",
8.837080,2026-09-05T19:24:37.856+01:00,440066,1608390,222,222,True,True,0x02,"NO_IRQ,OK,NO_IRQ,NO_IRQ","NONE,DELTA,NONE,NONE",
8.842105,2026-09-05T19:24:37.861+01:00,440288,1608391,240,240,True,True,0x02,"NO_IRQ,OK,NO_IRQ,NO_IRQ","NONE,DELTA,NONE,NONE",
8.849409,2026-09-05T19:24:37.866+01:00,440528,1608392,206,206,True,True,0x02,"NO_IRQ,OK,NO_IRQ,NO_IRQ","NONE,DELTA,NONE,NONE",
8.851945,2026-09-05T19:24:37.873+01:00,440734,1608393,186,186,True,True,0x02,"NO_IRQ,OK,NO_IRQ,NO_IRQ","NONE,DELTA,NONE,NONE",
8.857364,2026-09-05T19:24:37.876+01:00,440920,1608394,208,208,True,True,0x02,"NO_IRQ,OK,NO_IRQ,NO_IRQ","NONE,DELTA,NONE,NONE",
8.866762,2026-09-05T19:24:37.881+01:00,441128,1608395,210,210,True,True,0x02,"NO_IRQ,OK,NO_IRQ,NO_IRQ","NONE,DELTA,NONE,NONE",
8.867482,2026-09-05T19:24:37.890+01:00,441338,1608396,238,238,True,True,0x02,"NO_IRQ,OK,NO_IRQ,NO_IRQ","NONE,DELTA,NONE,NONE",
8.871923,2026-09-05T19:24:37.891+01:00,441576,1608397,186,186,True,True,0x02,"NO_IRQ,OK,NO_IRQ,NO_IRQ","NONE,DELTA,NONE,NONE",
8.882817,2026-09-05T19:24:37.895+01:00,441762,1608398,194,194,True,True,0x02,"NO_IRQ,OK,NO_IRQ,NO_IRQ","NONE,DELTA,NONE,NONE",
8.883504,2026-09-05T19:24:37.906+01:00,441956,1608399,202,202,True,True,0x02,"NO_IRQ,OK,NO_IRQ,NO_IRQ","NONE,DELTA,NONE,NONE",
8.886729,2026-09-05T19:24:37.907+01:00,442158,1608400,202,202,True,True,0x02,"NO_IRQ,OK,NO_IRQ,NO_IRQ","NONE,DELTA,NONE,NONE",
8.891758,2026-09-05T19:24:37.910+01:00,442360,1608401,222,222,True,True,0x02,"NO_IRQ,OK,NO_IRQ,NO_IRQ","NONE,DELTA,NONE,NONE",
8.896671,2026-09-05T19:24:37.915+01:00,442582,1608402,214,214,True,True,0x02,"NO_IRQ,OK,NO_IRQ,NO_IRQ","NONE,DELTA,NONE,NONE",
8.902631,2026-09-05T19:24:37.920+01:00,442796,1608403,220,220,True,True,0x02,"NO_IRQ,OK,NO_IRQ,NO_IRQ","NONE,DELTA,NONE,NONE",
8.906517,2026-09-05T19:24:37.926+01:00,443016,1608404,170,170,True,True,0x02,"NO_IRQ,OK,NO_IRQ,NO_IRQ","NONE,DELTA,NONE,NONE",
8.911583,2026-09-05T19:24:37.930+01:00,443186,1608405,188,188,True,True,0x02,"NO_IRQ,OK,NO_IRQ,NO_IRQ","NONE,DELTA,NONE,NONE",
8.920656,2026-09-05T19:24:37.935+01:00,443374,1608406,184,184,True,True,0x02,"NO_IRQ,OK,NO_IRQ,NO_IRQ","NONE,DELTA,NONE,NONE",
8.921469,2026-09-05T19:24:37.944+01:00,443558,1608407,188,188,True,True,0x02,"NO_IRQ,OK,NO_IRQ,NO_IRQ","NONE,DELTA,NONE,NONE",
8.934527,2026-09-05T19:24:37.945+01:00,443746,1608408,208,208,True,True,0x02,"NO_IRQ,OK,NO_IRQ,NO_IRQ","NONE,DELTA,NONE,NONE",
8.935215,2026-09-05T19:24:37.958+01:00,443954,1608409,194,194,True,True,0x02,"NO_IRQ,OK,NO_IRQ,NO_IRQ","NONE,DELTA,NONE,NONE",
8.936760,2026-09-05T19:24:37.959+01:00,444148,1608410,188,188,True,True,0x02,"NO_IRQ,OK,NO_IRQ,NO_IRQ","NONE,DELTA,NONE,NONE",
8.941814,2026-09-05T19:24:37.960+01:00,444336,1608411,168,168,True,True,0x02,"NO_IRQ,OK,NO_IRQ,NO_IRQ","NONE,DELTA,NONE,NONE",
8.951980,2026-09-05T19:24:37.965+01:00,444504,1608412,160,160,True,True,0x02,"NO_IRQ,OK,NO_IRQ,NO_IRQ","NONE,DELTA,NONE,NONE",
8.952915,2026-09-05T19:24:37.976+01:00,444664,1608413,226,226,True,True,0x02,"NO_IRQ,OK,NO_IRQ,NO_IRQ","NONE,DELTA,NONE,NONE",
8.956818,2026-09-05T19:24:37.977+01:00,444890,1608414,228,228,True,True,0x02,"NO_IRQ,OK,NO_IRQ,NO_IRQ","NONE,DELTA,NONE,NONE",
8.961761,2026-09-05T19:24:37.980+01:00,445118,1608415,204,204,True,True,0x02,"NO_IRQ,OK,NO_IRQ,NO_IRQ","NONE,DELTA,NONE,NONE",
8.969136,2026-09-05T19:24:37.985+01:00,445322,1608416,200,200,True,True,0x02,"NO_IRQ,OK,NO_IRQ,NO_IRQ","NONE,DELTA,NONE,NONE",
8.971639,2026-09-05T19:24:37.993+01:00,445522,1608417,194,194,True,True,0x02,"NO_IRQ,OK,NO_IRQ,NO_IRQ","NONE,DELTA,NONE,NONE",
8.976714,2026-09-05T19:24:37.995+01:00,445716,1608418,168,168,True,True,0x02,"NO_IRQ,OK,NO_IRQ,NO_IRQ","NONE,DELTA,NONE,NONE",
8.985422,2026-09-05T19:24:38.000+01:00,445884,1608419,186,186,True,True,0x02,"NO_IRQ,OK,NO_IRQ,NO_IRQ","NONE,DELTA,NONE,NONE",
8.986698,2026-09-05T19:24:38.009+01:00,446070,1608420,188,188,True,True,0x02,"NO_IRQ,OK,NO_IRQ,NO_IRQ","NONE,DELTA,NONE,NONE",
8.991876,2026-09-05T19:24:38.010+01:00,446258,1608421,192,192,True,True,0x02,"NO_IRQ,OK,NO_IRQ,NO_IRQ","NONE,DELTA,NONE,NONE",
9.002777,2026-09-05T19:24:38.015+01:00,446450,1608422,190,190,True,True,0x02,"NO_IRQ,OK,NO_IRQ,NO_IRQ","NONE,DELTA,NONE,NONE",
9.003454,2026-09-05T19:24:38.026+01:00,446640,1608423,182,182,True,True,0x02,"NO_IRQ,OK,NO_IRQ,NO_IRQ","NONE,DELTA,NONE,NONE",
9.006530,2026-09-05T19:24:38.027+01:00,446822,1608424,188,188,True,True,0x02,"NO_IRQ,OK,NO_IRQ,NO_IRQ","NONE,DELTA,NONE,NONE",
9.011481,2026-09-05T19:24:38.030+01:00,447010,1608425,164,164,True,True,0x02,"NO_IRQ,OK,NO_IRQ,NO_IRQ","NONE,DELTA,NONE,NONE",
9.020176,2026-09-05T19:24:38.035+01:00,447174,1608426,178,178,True,True,0x02,"NO_IRQ,OK,NO_IRQ,NO_IRQ","NONE,DELTA,NONE,NONE",
9.021435,2026-09-05T19:24:38.044+01:00,447352,1608427,178,178,True,True,0x02,"NO_IRQ,OK,NO_IRQ,NO_IRQ","NONE,DELTA,NONE,NONE",
9.027386,2026-09-05T19:24:38.045+01:00,447530,1608428,226,226,True,True,0x02,"NO_IRQ,OK,NO_IRQ,NO_IRQ","NONE,DELTA,NONE,NONE",
9.036990,2026-09-05T19:24:38.051+01:00,447756,1608429,206,206,True,True,0x02,"NO_IRQ,OK,NO_IRQ,NO_IRQ","NONE,DELTA,NONE,NONE",
9.037592,2026-09-05T19:24:38.061+01:00,447962,1608430,206,206,True,True,0x02,"NO_IRQ,OK,NO_IRQ,NO_IRQ","NONE,DELTA,NONE,NONE",
9.041470,2026-09-05T19:24:38.061+01:00,448168,1608431,186,186,True,True,0x02,"NO_IRQ,OK,NO_IRQ,NO_IRQ","NONE,DELTA,NONE,NONE",
9.046516,2026-09-05T19:24:38.065+01:00,448354,1608432,192,192,True,True,0x02,"NO_IRQ,OK,NO_IRQ,NO_IRQ","NONE,DELTA,NONE,NONE",
9.053957,2026-09-05T19:24:38.070+01:00,448546,1608433,208,208,True,True,0x02,"NO_IRQ,OK,NO_IRQ,NO_IRQ","NONE,DELTA,NONE,NONE",
9.056485,2026-09-05T19:24:38.077+01:00,448754,1608434,180,180,True,True,0x02,"NO_IRQ,OK,NO_IRQ,NO_IRQ","NONE,DELTA,NONE,NONE",
9.061687,2026-09-05T19:24:38.080+01:00,448934,1608435,220,220,True,True,0x02,"NO_IRQ,OK,NO_IRQ,NO_IRQ","NONE,DELTA,NONE,NONE",
9.066615,2026-09-05T19:24:38.085+01:00,449154,1608436,206,206,True,True,0x02,"NO_IRQ,OK,NO_IRQ,NO_IRQ","NONE,DELTA,NONE,NONE",
9.072458,2026-09-05T19:24:38.090+01:00,449360,1608437,222,222,True,True,0x02,"NO_IRQ,OK,NO_IRQ,NO_IRQ","NONE,DELTA,NONE,NONE",
9.076572,2026-09-05T19:24:38.096+01:00,449582,1608438,318,318,True,True,0x02,"NO_IRQ,OK,NO_IRQ,NO_IRQ","NONE,DELTA,NONE,NONE",
9.081260,2026-09-05T19:24:38.100+01:00,449900,1608439,220,220,True,True,0x02,"NO_IRQ,OK,NO_IRQ,NO_IRQ","NONE,DELTA,NONE,NONE",
9.094839,2026-09-05T19:24:38.105+01:00,450120,1608440,200,200,True,True,0x02,"NO_IRQ,OK,NO_IRQ,NO_IRQ","NONE,DELTA,NONE,NONE",
9.096010,2026-09-05T19:24:38.118+01:00,450320,1608441,198,198,True,True,0x02,"NO_IRQ,OK,NO_IRQ,NO_IRQ","NONE,DELTA,NONE,NONE",
9.097065,2026-09-05T19:24:38.120+01:00,450518,1608442,172,172,True,True,0x02,"NO_IRQ,OK,NO_IRQ,NO_IRQ","NONE,DELTA,NONE,NONE",
9.101582,2026-09-05T19:24:38.121+01:00,450690,1608443,196,196,True,True,0x02,"NO_IRQ,OK,NO_IRQ,NO_IRQ","NONE,DELTA,NONE,NONE",
9.112655,2026-09-05T19:24:38.125+01:00,450886,1608444,206,206,True,True,0x02,"NO_IRQ,OK,NO_IRQ,NO_IRQ","NONE,DELTA,NONE,NONE",
9.113402,2026-09-05T19:24:38.136+01:00,451092,1608445,200,200,True,True,0x02,"NO_IRQ,OK,NO_IRQ,NO_IRQ","NONE,DELTA,NONE,NONE",
9.116414,2026-09-05T19:24:38.137+01:00,451292,1608446,178,178,True,True,0x02,"NO_IRQ,OK,NO_IRQ,NO_IRQ","NONE,DELTA,NONE,NONE",
9.121497,2026-09-05T19:24:38.140+01:00,451470,1608447,224,224,True,True,0x02,"NO_IRQ,OK,NO_IRQ,NO_IRQ","NONE,DELTA,NONE,NONE",
9.130518,2026-09-05T19:24:38.145+01:00,451694,1608448,1084,1084,True,True,0x02,"NO_IRQ,OK,NO_IRQ,NO_IRQ","NONE,DELTA_SYNC,NONE,NONE",
9.131330,2026-09-05T19:24:38.154+01:00,452778,1608449,228,228,True,True,0x02,"NO_IRQ,OK,NO_IRQ,NO_IRQ","NONE,DELTA,NONE,NONE",
9.136376,2026-09-05T19:24:38.155+01:00,453006,1608450,210,210,True,True,0x02,"NO_IRQ,OK,NO_IRQ,NO_IRQ","NONE,DELTA,NONE,NONE",
9.147290,2026-09-05T19:24:38.160+01:00,453216,1608451,206,206,True,True,0x02,"NO_IRQ,OK,NO_IRQ,NO_IRQ","NONE,DELTA,NONE,NONE",
9.148060,2026-09-05T19:24:38.171+01:00,453422,1608452,180,180,True,True,0x02,"NO_IRQ,OK,NO_IRQ,NO_IRQ","NONE,DELTA,NONE,NONE",
9.151482,2026-09-05T19:24:38.172+01:00,453602,1608453,208,208,True,True,0x02,"NO_IRQ,OK,NO_IRQ,NO_IRQ","NONE,DELTA,NONE,NONE",
9.156206,2026-09-05T19:24:38.175+01:00,453810,1608454,214,214,True,True,0x02,"NO_IRQ,OK,NO_IRQ,NO_IRQ","NONE,DELTA,NONE,NONE",
9.164501,2026-09-05T19:24:38.180+01:00,454024,1608455,192,192,True,True,0x02,"NO_IRQ,OK,NO_IRQ,NO_IRQ","NONE,DELTA,NONE,NONE",
9.166153,2026-09-05T19:24:38.188+01:00,454216,1608456,186,186,True,True,0x02,"NO_IRQ,OK,NO_IRQ,NO_IRQ","NONE,DELTA,NONE,NONE",
9.171347,2026-09-05T19:24:38.190+01:00,454402,1608457,174,174,True,True,0x02,"NO_IRQ,OK,NO_IRQ,NO_IRQ","NONE,DELTA,NONE,NONE",
9.181095,2026-09-05T19:24:38.195+01:00,454576,1608458,168,168,True,True,0x02,"NO_IRQ,OK,NO_IRQ,NO_IRQ","NONE,DELTA,NONE,NONE",
9.181909,2026-09-05T19:24:38.205+01:00,454744,1608459,178,178,True,True,0x02,"NO_IRQ,OK,NO_IRQ,NO_IRQ","NONE,DELTA,NONE,NONE",
9.186383,2026-09-05T19:24:38.205+01:00,454922,1608460,200,200,True,True,0x02,"NO_IRQ,OK,NO_IRQ,NO_IRQ","NONE,DELTA,NONE,NONE",
9.191685,2026-09-05T19:24:38.210+01:00,455122,1608461,212,212,True,True,0x02,"NO_IRQ,OK,NO_IRQ,NO_IRQ","NONE,DELTA,NONE,NONE",
9.198616,2026-09-05T19:24:38.216+01:00,455334,1608462,174,174,True,True,0x02,"NO_IRQ,OK,NO_IRQ,NO_IRQ","NONE,DELTA,NONE,NONE",
9.201518,2026-09-05T19:24:38.222+01:00,455508,1608463,182,182,True,True,0x02,"NO_IRQ,OK,NO_IRQ,NO_IRQ","NONE,DELTA,NONE,NONE",
9.206501,2026-09-05T19:24:38.225+01:00,455690,1608464,184,184,True,True,0x02,"NO_IRQ,OK,NO_IRQ,NO_IRQ","NONE,DELTA,NONE,NONE",
9.216023,2026-09-05T19:24:38.230+01:00,455874,1608465,218,218,True,True,0x02,"NO_IRQ,OK,NO_IRQ,NO_IRQ","NONE,DELTA,NONE,NONE",
9.216725,2026-09-05T19:24:38.240+01:00,456092,1608466,190,190,True,True,0x02,"NO_IRQ,OK,NO_IRQ,NO_IRQ","NONE,DELTA,NONE,NONE",
9.221423,2026-09-05T19:24:38.240+01:00,456282,1608467,172,172,True,True,0x02,"NO_IRQ,OK,NO_IRQ,NO_IRQ","NONE,DELTA,NONE,NONE",
9.226002,2026-09-05T19:24:38.245+01:00,456454,1608468,194,194,True,True,0x02,"NO_IRQ,OK,NO_IRQ,NO_IRQ","NONE,DELTA,NONE,NONE",
9.232222,2026-09-05T19:24:38.250+01:00,456648,1608469,152,152,True,True,0x02,"NO_IRQ,OK,NO_IRQ,NO_IRQ","NONE,DELTA,NONE,NONE",
9.236230,2026-09-05T19:24:38.256+01:00,456800,1608470,172,172,True,True,0x02,"NO_IRQ,OK,NO_IRQ,NO_IRQ","NONE,DELTA,NONE,NONE",
9.240928,2026-09-05T19:24:38.260+01:00,456972,1608471,174,174,True,True,0x02,"NO_IRQ,OK,NO_IRQ,NO_IRQ","NONE,DELTA,NONE,NONE",
9.253326,2026-09-05T19:24:38.264+01:00,457146,1608472,220,220,True,True,0x02,"NO_IRQ,OK,NO_IRQ,NO_IRQ","NONE,DELTA,NONE,NONE",
9.253648,2026-09-05T19:24:38.277+01:00,457366,1608473,190,190,True,True,0x02,"NO_IRQ,OK,NO_IRQ,NO_IRQ","NONE,DELTA,NONE,NONE",
9.266720,2026-09-05T19:24:38.277+01:00,457556,1608474,196,196,True,True,0x02,"NO_IRQ,OK,NO_IRQ,NO_IRQ","NONE,DELTA,NONE,NONE",
9.267402,2026-09-05T19:24:38.290+01:00,457752,1608475,194,194,True,True,0x02,"NO_IRQ,OK,NO_IRQ,NO_IRQ","NONE,DELTA,NONE,NONE",
9.268028,2026-09-05T19:24:38.291+01:00,457946,1608476,194,194,True,True,0x02,"NO_IRQ,OK,NO_IRQ,NO_IRQ","NONE,DELTA,NONE,NONE",
9.271183,2026-09-05T19:24:38.292+01:00,458140,1608477,196,196,True,True,0x02,"NO_IRQ,OK,NO_IRQ,NO_IRQ","NONE,DELTA,NONE,NONE",
9.276326,2026-09-05T19:24:38.295+01:00,458336,1608478,192,192,True,True,0x02,"NO_IRQ,OK,NO_IRQ,NO_IRQ","NONE,DELTA,NONE,NONE",
9.283537,2026-09-05T19:24:38.300+01:00,458528,1608479,148,148,True,True,0x02,"NO_IRQ,OK,NO_IRQ,NO_IRQ","NONE,DELTA,NONE,NONE",
9.286224,2026-09-05T19:24:38.307+01:00,458676,1608480,194,194,True,True,0x02,"NO_IRQ,OK,NO_IRQ,NO_IRQ","NONE,DELTA,NONE,NONE",
9.291111,2026-09-05T19:24:38.310+01:00,458870,1608481,172,172,True,True,0x02,"NO_IRQ,OK,NO_IRQ,NO_IRQ","NONE,DELTA,NONE,NONE",
9.300160,2026-09-05T19:24:38.315+01:00,459042,1608482,190,190,True,True,0x02,"NO_IRQ,OK,NO_IRQ,NO_IRQ","NONE,DELTA,NONE,NONE",
9.300833,2026-09-05T19:24:38.324+01:00,459232,1608483,186,186,True,True,0x02,"NO_IRQ,OK,NO_IRQ,NO_IRQ","NONE,DELTA,NONE,NONE",
9.306034,2026-09-05T19:24:38.324+01:00,459418,1608484,174,174,True,True,0x02,"NO_IRQ,OK,NO_IRQ,NO_IRQ","NONE,DELTA,NONE,NONE",
9.316907,2026-09-05T19:24:38.330+01:00,459592,1608485,194,194,True,True,0x02,"NO_IRQ,OK,NO_IRQ,NO_IRQ","NONE,DELTA,NONE,NONE",
9.317841,2026-09-05T19:24:38.340+01:00,459786,1608486,208,208,True,True,0x02,"NO_IRQ,OK,NO_IRQ,NO_IRQ","NONE,DELTA,NONE,NONE",
9.321013,2026-09-05T19:24:38.341+01:00,459994,1608487,182,182,True,True,0x02,"NO_IRQ,OK,NO_IRQ,NO_IRQ","NONE,DELTA,NONE,NONE",
9.326218,2026-09-05T19:24:38.345+01:00,460176,1608488,198,198,True,True,0x02,"NO_IRQ,OK,NO_IRQ,NO_IRQ","NONE,DELTA,NONE,NONE",
9.333389,2026-09-05T19:24:38.350+01:00,460374,1608489,168,168,True,True,0x02,"NO_IRQ,OK,NO_IRQ,NO_IRQ","NONE,DELTA,NONE,NONE",
9.335971,2026-09-05T19:24:38.357+01:00,460542,1608490,186,186,True,True,0x02,"NO_IRQ,OK,NO_IRQ,NO_IRQ","NONE,DELTA,NONE,NONE",
9.340904,2026-09-05T19:24:38.359+01:00,460728,1608491,184,184,True,True,0x02,"NO_IRQ,OK,NO_IRQ,NO_IRQ","NONE,DELTA,NONE,NONE",
9.350412,2026-09-05T19:24:38.365+01:00,460912,1608492,198,198,True,True,0x02,"NO_IRQ,OK,NO_IRQ,NO_IRQ","NONE,DELTA,NONE,NONE",
9.351145,2026-09-05T19:24:38.374+01:00,461110,1608493,198,198,True,True,0x02,"NO_IRQ,OK,NO_IRQ,NO_IRQ","NONE,DELTA,NONE,NONE",
9.355998,2026-09-05T19:24:38.375+01:00,461308,1608494,186,186,True,True,0x02,"NO_IRQ,OK,NO_IRQ,NO_IRQ","NONE,DELTA,NONE,NONE",
9.366570,2026-09-05T19:24:38.380+01:00,461494,1608495,186,186,True,True,0x02,"NO_IRQ,OK,NO_IRQ,NO_IRQ","NONE,DELTA,NONE,NONE",
9.367161,2026-09-05T19:24:38.390+01:00,461680,1608496,214,214,True,True,0x02,"NO_IRQ,OK,NO_IRQ,NO_IRQ","NONE,DELTA,NONE,NONE",
9.371034,2026-09-05T19:24:38.391+01:00,461894,1608497,172,172,True,True,0x02,"NO_IRQ,OK,NO_IRQ,NO_IRQ","NONE,DELTA,NONE,NONE",
9.376032,2026-09-05T19:24:38.395+01:00,462066,1608498,206,206,True,True,0x02,"NO_IRQ,OK,NO_IRQ,NO_IRQ","NONE,DELTA,NONE,NONE",
9.383994,2026-09-05T19:24:38.400+01:00,462272,1608499,162,162,True,True,0x02,"NO_IRQ,OK,NO_IRQ,NO_IRQ","NONE,DELTA,NONE,NONE",
9.385876,2026-09-05T19:24:38.408+01:00,462434,1608500,188,188,True,True,0x02,"NO_IRQ,OK,NO_IRQ,NO_IRQ","NONE,DELTA,NONE,NONE",
9.391088,2026-09-05T19:24:38.409+01:00,462622,1608501,200,200,True,True,0x02,"NO_IRQ,OK,NO_IRQ,NO_IRQ","NONE,DELTA,NONE,NONE",
9.396681,2026-09-05T19:24:38.415+01:00,462822,1608502,192,192,True,True,0x02,"NO_IRQ,OK,NO_IRQ,NO_IRQ","NONE,DELTA,NONE,NONE",
9.400937,2026-09-05T19:24:38.420+01:00,463014,1608503,194,194,True,True,0x02,"NO_IRQ,OK,NO_IRQ,NO_IRQ","NONE,DELTA,NONE,NONE",
9.405866,2026-09-05T19:24:38.424+01:00,463208,1608504,190,190,True,True,0x02,"NO_IRQ,OK,NO_IRQ,NO_IRQ","NONE,DELTA,NONE,NONE",
9.410644,2026-09-05T19:24:38.429+01:00,463398,1608505,196,196,True,True,0x02,"NO_IRQ,OK,NO_IRQ,NO_IRQ","NONE,DELTA,NONE,NONE",
9.425824,2026-09-05T19:24:38.434+01:00,463594,1608506,166,166,True,True,0x02,"NO_IRQ,OK,NO_IRQ,NO_IRQ","NONE,DELTA,NONE,NONE",
9.426880,2026-09-05T19:24:38.449+01:00,463760,1608507,208,208,True,True,0x02,"NO_IRQ,OK,NO_IRQ,NO_IRQ","NONE,DELTA,NONE,NONE",
9.427592,2026-09-05T19:24:38.450+01:00,463968,1608508,204,204,True,True,0x02,"NO_IRQ,OK,NO_IRQ,NO_IRQ","NONE,DELTA,NONE,NONE",
9.430980,2026-09-05T19:24:38.451+01:00,464172,1608509,202,202,True,True,0x02,"NO_IRQ,OK,NO_IRQ,NO_IRQ","NONE,DELTA,NONE,NONE",
9.436009,2026-09-05T19:24:38.455+01:00,464374,1608510,322,322,True,True,0x02,"NO_IRQ,OK,NO_IRQ,NO_IRQ","NONE,DELTA,NONE,NONE",
9.443399,2026-09-05T19:24:38.460+01:00,464696,1608511,308,308,True,True,0x02,"NO_IRQ,OK,NO_IRQ,NO_IRQ","NONE,DELTA,NONE,NONE",
9.446265,2026-09-05T19:24:38.467+01:00,465004,1608512,314,314,True,True,0x02,"NO_IRQ,OK,NO_IRQ,NO_IRQ","NONE,DELTA,NONE,NONE",
9.450968,2026-09-05T19:24:38.470+01:00,465318,1608513,336,336,True,True,0x02,"NO_IRQ,OK,NO_IRQ,NO_IRQ","NONE,DELTA,NONE,NONE",
9.459269,2026-09-05T19:24:38.475+01:00,465654,1608514,330,330,True,True,0x02,"NO_IRQ,OK,NO_IRQ,NO_IRQ","NONE,DELTA,NONE,NONE",
9.461136,2026-09-05T19:24:38.483+01:00,465984,1608515,360,360,True,True,0x02,"NO_IRQ,OK,NO_IRQ,NO_IRQ","NONE,DELTA,NONE,NONE",
9.466602,2026-09-05T19:24:38.485+01:00,466344,1608516,458,458,True,True,0x02,"NO_IRQ,OK,NO_IRQ,NO_IRQ","NONE,DELTA,NONE,NONE",
9.478868,2026-09-05T19:24:38.490+01:00,466802,1608517,458,458,True,True,0x02,"NO_IRQ,OK,NO_IRQ,NO_IRQ","NONE,DELTA,NONE,NONE",
9.479617,2026-09-05T19:24:38.502+01:00,467260,1608518,372,372,True,True,0x02,"NO_IRQ,OK,NO_IRQ,NO_IRQ","NONE,DELTA,NONE,NONE",
9.481259,2026-09-05T19:24:38.503+01:00,467632,1608519,376,376,True,True,0x02,"NO_IRQ,OK,NO_IRQ,NO_IRQ","NONE,DELTA,NONE,NONE",
9.486220,2026-09-05T19:24:38.505+01:00,468008,1608520,392,392,True,True,0x02,"NO_IRQ,OK,NO_IRQ,NO_IRQ","NONE,DELTA,NONE,NONE",
9.496083,2026-09-05T19:24:38.510+01:00,468400,1608521,402,402,True,True,0x02,"NO_IRQ,OK,NO_IRQ,NO_IRQ","NONE,DELTA,NONE,NONE",
9.497233,2026-09-05T19:24:38.520+01:00,468802,1608522,384,384,True,True,0x02,"NO_IRQ,OK,NO_IRQ,NO_IRQ","NONE,DELTA,NONE,NONE",
9.501117,2026-09-05T19:24:38.521+01:00,469186,1608523,352,352,True,True,0x02,"NO_IRQ,OK,NO_IRQ,NO_IRQ","NONE,DELTA,NONE,NONE",
9.505954,2026-09-05T19:24:38.525+01:00,469538,1608524,428,428,True,True,0x02,"NO_IRQ,OK,NO_IRQ,NO_IRQ","NONE,DELTA,NONE,NONE",
9.512992,2026-09-05T19:24:38.529+01:00,469966,1608525,426,426,True,True,0x02,"NO_IRQ,OK,NO_IRQ,NO_IRQ","NONE,DELTA,NONE,NONE",
9.516149,2026-09-05T19:24:38.537+01:00,470392,1608526,442,442,True,True,0x02,"NO_IRQ,OK,NO_IRQ,NO_IRQ","NONE,DELTA,NONE,NONE",
9.521035,2026-09-05T19:24:38.540+01:00,470834,1608527,462,462,True,True,0x02,"NO_IRQ,OK,NO_IRQ,NO_IRQ","NONE,DELTA,NONE,NONE",
9.530866,2026-09-05T19:24:38.545+01:00,471296,1608528,496,496,True,True,0x02,"NO_IRQ,OK,NO_IRQ,NO_IRQ","NONE,DELTA,NONE,NONE",
9.531817,2026-09-05T19:24:38.555+01:00,471792,1608529,546,546,True,True,0x02,"NO_IRQ,OK,NO_IRQ,NO_IRQ","NONE,DELTA,NONE,NONE",
9.535925,2026-09-05T19:24:38.555+01:00,472338,1608530,514,514,True,True,0x02,"NO_IRQ,OK,NO_IRQ,NO_IRQ","NONE,DELTA,NONE,NONE",
9.545096,2026-09-05T19:24:38.560+01:00,472852,1608531,534,534,True,True,0x02,"NO_IRQ,OK,NO_IRQ,NO_IRQ","NONE,DELTA,NONE,NONE",
9.548476,2026-09-05T19:24:38.571+01:00,473386,1608532,586,586,True,True,0x02,"NO_IRQ,OK,NO_IRQ,NO_IRQ","NONE,DELTA,NONE,NONE",
9.551388,2026-09-05T19:24:38.572+01:00,473972,1608533,634,634,True,True,0x02,"NO_IRQ,OK,NO_IRQ,NO_IRQ","NONE,DELTA,NONE,NONE",
9.556645,2026-09-05T19:24:38.575+01:00,474606,1608534,646,646,True,True,0x02,"NO_IRQ,OK,NO_IRQ,NO_IRQ","NONE,DELTA,NONE,NONE",
9.561794,2026-09-05T19:24:38.580+01:00,475252,1608535,630,630,True,True,0x02,"NO_IRQ,OK,NO_IRQ,NO_IRQ","NONE,DELTA,NONE,NONE",
9.566655,2026-09-05T19:24:38.585+01:00,475882,1608536,630,630,True,True,0x02,"NO_IRQ,OK,NO_IRQ,NO_IRQ","NONE,DELTA,NONE,NONE",
9.571103,2026-09-05T19:24:38.590+01:00,476512,1608537,652,652,True,True,0x02,"NO_IRQ,OK,NO_IRQ,NO_IRQ","NONE,DELTA,NONE,NONE",
9.576036,2026-09-05T19:24:38.595+01:00,477164,1608538,620,620,True,True,0x02,"NO_IRQ,OK,NO_IRQ,NO_IRQ","NONE,DELTA,NONE,NONE",
9.586266,2026-09-05T19:24:38.600+01:00,477784,1608539,632,632,True,True,0x02,"NO_IRQ,OK,NO_IRQ,NO_IRQ","NONE,DELTA,NONE,NONE",
9.586743,2026-09-05T19:24:38.610+01:00,478416,1608540,628,628,True,True,0x02,"NO_IRQ,OK,NO_IRQ,NO_IRQ","NONE,DELTA,NONE,NONE",
9.600300,2026-09-05T19:24:38.610+01:00,479044,1608541,630,630,True,True,0x02,"NO_IRQ,OK,NO_IRQ,NO_IRQ","NONE,DELTA,NONE,NONE",
9.601210,2026-09-05T19:24:38.624+01:00,479674,1608542,590,590,True,True,0x02,"NO_IRQ,OK,NO_IRQ,NO_IRQ","NONE,DELTA,NONE,NONE",
9.601910,2026-09-05T19:24:38.625+01:00,480264,1608543,586,586,True,True,0x02,"NO_IRQ,OK,NO_IRQ,NO_IRQ","NONE,DELTA,NONE,NONE",
9.606460,2026-09-05T19:24:38.625+01:00,480850,1608544,586,586,True,True,0x02,"NO_IRQ,OK,NO_IRQ,NO_IRQ","NONE,DELTA,NONE,NONE",
9.611270,2026-09-05T19:24:38.630+01:00,481436,1608545,572,572,True,True,0x02,"NO_IRQ,OK,NO_IRQ,NO_IRQ","NONE,DELTA,NONE,NONE",
9.618419,2026-09-05T19:24:38.635+01:00,482008,1608546,584,584,True,True,0x02,"NO_IRQ,OK,NO_IRQ,NO_IRQ","NONE,DELTA,NONE,NONE",
9.621701,2026-09-05T19:24:38.642+01:00,482592,1608547,596,596,True,True,0x02,"NO_IRQ,OK,NO_IRQ,NO_IRQ","NONE,DELTA,NONE,NONE",
9.626144,2026-09-05T19:24:38.646+01:00,483188,1608548,552,552,True,True,0x02,"NO_IRQ,OK,NO_IRQ,NO_IRQ","NONE,DELTA,NONE,NONE",
9.635878,2026-09-05T19:24:38.650+01:00,483740,1608549,496,496,True,True,0x02,"NO_IRQ,OK,NO_IRQ,NO_IRQ","NONE,DELTA,NONE,NONE",
9.636859,2026-09-05T19:24:38.660+01:00,484236,1608550,518,518,True,True,0x02,"NO_IRQ,OK,NO_IRQ,NO_IRQ","NONE,DELTA,NONE,NONE",
9.641123,2026-09-05T19:24:38.660+01:00,484754,1608551,548,548,True,True,0x02,"NO_IRQ,OK,NO_IRQ,NO_IRQ","NONE,DELTA,NONE,NONE",
9.645821,2026-09-05T19:24:38.665+01:00,485302,1608552,496,496,True,True,0x02,"NO_IRQ,OK,NO_IRQ,NO_IRQ","NONE,DELTA,NONE,NONE",
9.653264,2026-09-05T19:24:38.669+01:00,485798,1608553,508,508,True,True,0x02,"NO_IRQ,OK,NO_IRQ,NO_IRQ","NONE,DELTA,NONE,NONE",
9.656187,2026-09-05T19:24:38.677+01:00,486306,1608554,492,492,True,True,0x02,"NO_IRQ,OK,NO_IRQ,NO_IRQ","NONE,DELTA,NONE,NONE",
9.661377,2026-09-05T19:24:38.680+01:00,486798,1608555,514,514,True,True,0x02,"NO_IRQ,OK,NO_IRQ,NO_IRQ","NONE,DELTA,NONE,NONE",
9.669821,2026-09-05T19:24:38.685+01:00,487312,1608556,536,536,True,True,0x02,"NO_IRQ,OK,NO_IRQ,NO_IRQ","NONE,DELTA,NONE,NONE",
9.670875,2026-09-05T19:24:38.693+01:00,487848,1608557,530,530,True,True,0x02,"NO_IRQ,OK,NO_IRQ,NO_IRQ","NONE,DELTA,NONE,NONE",
9.675911,2026-09-05T19:24:38.695+01:00,488378,1608558,500,500,True,True,0x02,"NO_IRQ,OK,NO_IRQ,NO_IRQ","NONE,DELTA,NONE,NONE",
9.681070,2026-09-05T19:24:38.700+01:00,488878,1608559,548,548,True,True,0x02,"NO_IRQ,OK,NO_IRQ,NO_IRQ","NONE,DELTA,NONE,NONE",
9.688635,2026-09-05T19:24:38.705+01:00,489426,1608560,502,502,True,True,0x02,"NO_IRQ,OK,NO_IRQ,NO_IRQ","NONE,DELTA,NONE,NONE",
9.690822,2026-09-05T19:24:38.712+01:00,489928,1608561,500,500,True,True,0x02,"NO_IRQ,OK,NO_IRQ,NO_IRQ","NONE,DELTA,NONE,NONE",
9.695881,2026-09-05T19:24:38.714+01:00,490428,1608562,474,474,True,True,0x02,"NO_IRQ,OK,NO_IRQ,NO_IRQ","NONE,DELTA,NONE,NONE",
9.706970,2026-09-05T19:24:38.720+01:00,490902,1608563,530,530,True,True,0x02,"NO_IRQ,OK,NO_IRQ,NO_IRQ","NONE,DELTA,NONE,NONE",
9.707747,2026-09-05T19:24:38.731+01:00,491432,1608564,510,510,True,True,0x02,"NO_IRQ,OK,NO_IRQ,NO_IRQ","NONE,DELTA,NONE,NONE",
9.710789,2026-09-05T19:24:38.731+01:00,491942,1608565,500,500,True,True,0x02,"NO_IRQ,OK,NO_IRQ,NO_IRQ","NONE,DELTA,NONE,NONE",
9.715869,2026-09-05T19:24:38.735+01:00,492442,1608566,474,474,True,True,0x02,"NO_IRQ,OK,NO_IRQ,NO_IRQ","NONE,DELTA,NONE,NONE",
9.723768,2026-09-05T19:24:38.739+01:00,492916,1608567,472,472,True,True,0x02,"NO_IRQ,OK,NO_IRQ,NO_IRQ","NONE,DELTA,NONE,NONE",
9.725865,2026-09-05T19:24:38.747+01:00,493388,1608568,460,460,True,True,0x02,"NO_IRQ,OK,NO_IRQ,NO_IRQ","NONE,DELTA,NONE,NONE",
9.731175,2026-09-05T19:24:38.749+01:00,493848,1608569,416,416,True,True,0x02,"NO_IRQ,OK,NO_IRQ,NO_IRQ","NONE,DELTA,NONE,NONE",
9.735899,2026-09-05T19:24:38.755+01:00,494264,1608570,410,410,True,True,0x02,"NO_IRQ,OK,NO_IRQ,NO_IRQ","NONE,DELTA,NONE,NONE",
9.742581,2026-09-05T19:24:38.760+01:00,494674,1608571,452,452,True,True,0x02,"NO_IRQ,OK,NO_IRQ,NO_IRQ","NONE,DELTA,NONE,NONE",
9.745894,2026-09-05T19:24:38.766+01:00,495126,1608572,386,386,True,True,0x02,"NO_IRQ,OK,NO_IRQ,NO_IRQ","NONE,DELTA,NONE,NONE",
9.750395,2026-09-05T19:24:38.769+01:00,495512,1608573,388,388,True,True,0x02,"NO_IRQ,OK,NO_IRQ,NO_IRQ","NONE,DELTA,NONE,NONE",
9.755310,2026-09-05T19:24:38.774+01:00,495900,1608574,366,366,True,True,0x02,"NO_IRQ,OK,NO_IRQ,NO_IRQ","NONE,DELTA,NONE,NONE",
9.770027,2026-09-05T19:24:38.779+01:00,496266,1608575,444,444,True,True,0x02,"NO_IRQ,OK,NO_IRQ,NO_IRQ","NONE,DELTA,NONE,NONE",
9.770798,2026-09-05T19:24:38.794+01:00,496710,1608576,400,400,True,True,0x02,"NO_IRQ,OK,NO_IRQ,NO_IRQ","NONE,DELTA,NONE,NONE",
9.771761,2026-09-05T19:24:38.794+01:00,497110,1608577,406,406,True,True,0x02,"NO_IRQ,OK,NO_IRQ,NO_IRQ","NONE,DELTA,NONE,NONE",
9.775678,2026-09-05T19:24:38.795+01:00,497516,1608578,388,388,True,True,0x02,"NO_IRQ,OK,NO_IRQ,NO_IRQ","NONE,DELTA,NONE,NONE",
9.780599,2026-09-05T19:24:38.799+01:00,497904,1608579,428,428,True,True,0x02,"NO_IRQ,OK,NO_IRQ,NO_IRQ","NONE,DELTA,NONE,NONE",
9.788957,2026-09-05T19:24:38.804+01:00,498332,1608580,340,340,True,True,0x02,"NO_IRQ,OK,NO_IRQ,NO_IRQ","NONE,DELTA,NONE,NONE",
9.790366,2026-09-05T19:24:38.813+01:00,498672,1608581,346,346,True,True,0x02,"NO_IRQ,OK,NO_IRQ,NO_IRQ","NONE,DELTA,NONE,NONE",
9.795774,2026-09-05T19:24:38.814+01:00,499018,1608582,378,378,True,True,0x02,"NO_IRQ,OK,NO_IRQ,NO_IRQ","NONE,DELTA,NONE,NONE",
9.805967,2026-09-05T19:24:38.820+01:00,499396,1608583,396,396,True,True,0x02,"NO_IRQ,OK,NO_IRQ,NO_IRQ","NONE,DELTA,NONE,NONE",
9.806826,2026-09-05T19:24:38.830+01:00,499792,1608584,358,358,True,True,0x02,"NO_IRQ,OK,NO_IRQ,NO_IRQ","NONE,DELTA,NONE,NONE",
9.810990,2026-09-05T19:24:38.830+01:00,500150,1608585,338,338,True,True,0x02,"NO_IRQ,OK,NO_IRQ,NO_IRQ","NONE,DELTA,NONE,NONE",
9.815400,2026-09-05T19:24:38.835+01:00,500488,1608586,346,346,True,True,0x02,"NO_IRQ,OK,NO_IRQ,NO_IRQ","NONE,DELTA,NONE,NONE",
9.822997,2026-09-05T19:24:38.839+01:00,500834,1608587,344,344,True,True,0x02,"NO_IRQ,OK,NO_IRQ,NO_IRQ","NONE,DELTA,NONE,NONE",
9.825491,2026-09-05T19:24:38.847+01:00,501178,1608588,300,300,True,True,0x02,"NO_IRQ,OK,NO_IRQ,NO_IRQ","NONE,DELTA,NONE,NONE",
9.830515,2026-09-05T19:24:38.849+01:00,501478,1608589,326,326,True,True,0x02,"NO_IRQ,OK,NO_IRQ,NO_IRQ","NONE,DELTA,NONE,NONE",
9.835400,2026-09-05T19:24:38.854+01:00,501804,1608590,342,342,True,True,0x02,"NO_IRQ,OK,NO_IRQ,NO_IRQ","NONE,DELTA,NONE,NONE",
9.841930,2026-09-05T19:24:38.859+01:00,502146,1608591,306,306,True,True,0x02,"NO_IRQ,OK,NO_IRQ,NO_IRQ","NONE,DELTA,NONE,NONE",
9.845343,2026-09-05T19:24:38.865+01:00,502452,1608592,318,318,True,True,0x02,"NO_IRQ,OK,NO_IRQ,NO_IRQ","NONE,DELTA,NONE,NONE",
9.850449,2026-09-05T19:24:38.869+01:00,502770,1608593,334,334,True,True,0x02,"NO_IRQ,OK,NO_IRQ,NO_IRQ","NONE,DELTA,NONE,NONE",
9.858932,2026-09-05T19:24:38.874+01:00,503104,1608594,360,360,True,True,0x02,"NO_IRQ,OK,NO_IRQ,NO_IRQ","NONE,DELTA,NONE,NONE",
9.861147,2026-09-05T19:24:38.883+01:00,503464,1608595,334,334,True,True,0x02,"NO_IRQ,OK,NO_IRQ,NO_IRQ","NONE,DELTA,NONE,NONE",
9.865505,2026-09-05T19:24:38.885+01:00,503798,1608596,414,414,True,True,0x02,"NO_IRQ,OK,NO_IRQ,NO_IRQ","NONE,DELTA,NONE,NONE",
9.877147,2026-09-05T19:24:38.889+01:00,504212,1608597,472,472,True,True,0x02,"NO_IRQ,OK,NO_IRQ,NO_IRQ","NONE,DELTA,NONE,NONE",
9.878198,2026-09-05T19:24:38.901+01:00,504684,1608598,476,476,True,True,0x02,"NO_IRQ,OK,NO_IRQ,NO_IRQ","NONE,DELTA,NONE,NONE",
9.880613,2026-09-05T19:24:38.902+01:00,505160,1608599,452,452,True,True,0x02,"NO_IRQ,OK,NO_IRQ,NO_IRQ","NONE,DELTA,NONE,NONE",
9.885312,2026-09-05T19:24:38.904+01:00,505612,1608600,482,482,True,True,0x02,"NO_IRQ,OK,NO_IRQ,NO_IRQ","NONE,DELTA,NONE,NONE",
9.894939,2026-09-05T19:24:38.909+01:00,506094,1608601,526,526,True,True,0x02,"NO_IRQ,OK,NO_IRQ,NO_IRQ","NONE,DELTA,NONE,NONE",
9.895996,2026-09-05T19:24:38.919+01:00,506620,1608602,526,526,True,True,0x02,"NO_IRQ,OK,NO_IRQ,NO_IRQ","NONE,DELTA,NONE,NONE",
9.900840,2026-09-05T19:24:38.920+01:00,507146,1608603,544,544,True,True,0x02,"NO_IRQ,OK,NO_IRQ,NO_IRQ","NONE,DELTA,NONE,NONE",
9.906837,2026-09-05T19:24:38.924+01:00,507690,1608604,570,570,True,True,0x02,"NO_IRQ,OK,NO_IRQ,NO_IRQ","NONE,DELTA,NONE,NONE",
9.911769,2026-09-05T19:24:38.930+01:00,508260,1608605,560,560,True,True,0x02,"NO_IRQ,OK,NO_IRQ,NO_IRQ","NONE,DELTA,NONE,NONE",
9.915378,2026-09-05T19:24:38.935+01:00,508820,1608606,548,548,True,True,0x02,"NO_IRQ,OK,NO_IRQ,NO_IRQ","NONE,DELTA,NONE,NONE",
9.920703,2026-09-05T19:24:38.939+01:00,509368,1608607,618,618,True,True,0x02,"NO_IRQ,OK,NO_IRQ,NO_IRQ","NONE,DELTA,NONE,NONE",
9.933463,2026-09-05T19:24:38.944+01:00,509986,1608608,686,686,True,True,0x02,"NO_IRQ,OK,NO_IRQ,NO_IRQ","NONE,DELTA,NONE,NONE",
9.933943,2026-09-05T19:24:38.957+01:00,510672,1608609,648,648,True,True,0x02,"NO_IRQ,OK,NO_IRQ,NO_IRQ","NONE,DELTA,NONE,NONE",
9.940630,2026-09-05T19:24:38.957+01:00,511320,1608610,606,606,True,True,0x02,"NO_IRQ,OK,NO_IRQ,NO_IRQ","NONE,DELTA,NONE,NONE",
9.948512,2026-09-05T19:24:38.965+01:00,511926,1608611,614,614,True,True,0x02,"NO_IRQ,OK,NO_IRQ,NO_IRQ","NONE,DELTA,NONE,NONE",
9.949346,2026-09-05T19:24:38.972+01:00,512540,1608612,572,572,True,True,0x02,"NO_IRQ,OK,NO_IRQ,NO_IRQ","NONE,DELTA,NONE,NONE",
9.950693,2026-09-05T19:24:38.973+01:00,513112,1608613,580,580,True,True,0x02,"NO_IRQ,OK,NO_IRQ,NO_IRQ","NONE,DELTA,NONE,NONE",
9.955832,2026-09-05T19:24:38.974+01:00,513692,1608614,584,584,True,True,0x02,"NO_IRQ,OK,NO_IRQ,NO_IRQ","NONE,DELTA,NONE,NONE",
9.966523,2026-09-05T19:24:38.979+01:00,514276,1608615,516,516,True,True,0x02,"NO_IRQ,OK,NO_IRQ,NO_IRQ","NONE,DELTA,NONE,NONE",
9.967276,2026-09-05T19:24:38.990+01:00,514792,1608616,526,526,True,True,0x02,"NO_IRQ,OK,NO_IRQ,NO_IRQ","NONE,DELTA,NONE,NONE",
9.970573,2026-09-05T19:24:38.991+01:00,515318,1608617,480,480,True,True,0x02,"NO_IRQ,OK,NO_IRQ,NO_IRQ","NONE,DELTA,NONE,NONE",
9.975413,2026-09-05T19:24:38.994+01:00,515798,1608618,390,390,True,True,0x02,"NO_IRQ,OK,NO_IRQ,NO_IRQ","NONE,DELTA,NONE,NONE",
9.983763,2026-09-05T19:24:38.999+01:00,516188,1608619,366,366,True,True,0x02,"NO_IRQ,OK,NO_IRQ,NO_IRQ","NONE,DELTA,NONE,NONE",
9.985053,2026-09-05T19:24:39.008+01:00,516554,1608620,390,390,True,True,0x02,"NO_IRQ,OK,NO_IRQ,NO_IRQ","NONE,DELTA,NONE,NONE",
9.990193,2026-09-05T19:24:39.009+01:00,516944,1608621,372,372,True,True,0x02,"NO_IRQ,OK,NO_IRQ,NO_IRQ","NONE,DELTA,NONE,NONE",
10.001263,2026-09-05T19:24:39.014+01:00,517316,1608622,350,350,True,True,0x02,"NO_IRQ,OK,NO_IRQ,NO_IRQ","NONE,DELTA,NONE,NONE",
10.002323,2026-09-05T19:24:39.025+01:00,517666,1608623,390,390,True,True,0x02,"NO_IRQ,OK,NO_IRQ,NO_IRQ","NONE,DELTA,NONE,NONE",
10.005537,2026-09-05T19:24:39.026+01:00,518056,1608624,402,402,True,True,0x02,"NO_IRQ,OK,NO_IRQ,NO_IRQ","NONE,DELTA,NONE,NONE",
10.010896,2026-09-05T19:24:39.029+01:00,518458,1608625,474,474,True,True,0x02,"NO_IRQ,OK,NO_IRQ,NO_IRQ","NONE,DELTA,NONE,NONE",
10.018999,2026-09-05T19:24:39.034+01:00,518932,1608626,450,450,True,True,0x02,"NO_IRQ,OK,NO_IRQ,NO_IRQ","NONE,DELTA,NONE,NONE",
10.020207,2026-09-05T19:24:39.043+01:00,519382,1608627,428,428,True,True,0x02,"NO_IRQ,OK,NO_IRQ,NO_IRQ","NONE,DELTA,NONE,NONE",
10.025353,2026-09-05T19:24:39.044+01:00,519810,1608628,474,474,True,True,0x02,"NO_IRQ,OK,NO_IRQ,NO_IRQ","NONE,DELTA,NONE,NONE",
10.035750,2026-09-05T19:24:39.049+01:00,520284,1608629,452,452,True,True,0x02,"NO_IRQ,OK,NO_IRQ,NO_IRQ","NONE,DELTA,NONE,NONE",
10.036485,2026-09-05T19:24:39.059+01:00,520736,1608630,352,352,True,True,0x02,"NO_IRQ,OK,NO_IRQ,NO_IRQ","NONE,DELTA,NONE,NONE",
10.040257,2026-09-05T19:24:39.060+01:00,521088,1608631,390,390,True,True,0x02,"NO_IRQ,OK,NO_IRQ,NO_IRQ","NONE,DELTA,NONE,NONE",
10.045237,2026-09-05T19:24:39.064+01:00,521478,1608632,372,372,True,True,0x02,"NO_IRQ,OK,NO_IRQ,NO_IRQ","NONE,DELTA,NONE,NONE",
10.052933,2026-09-05T19:24:39.069+01:00,521850,1608633,320,320,True,True,0x02,"NO_IRQ,OK,NO_IRQ,NO_IRQ","NONE,DELTA,NONE,NONE",
10.055009,2026-09-05T19:24:39.076+01:00,522170,1608634,312,312,True,True,0x02,"NO_IRQ,OK,NO_IRQ,NO_IRQ","NONE,DELTA,NONE,NONE",
10.061074,2026-09-05T19:24:39.079+01:00,522482,1608635,302,302,True,True,0x02,"NO_IRQ,OK,NO_IRQ,NO_IRQ","NONE,DELTA,NONE,NONE",
10.070380,2026-09-05T19:24:39.085+01:00,522784,1608636,318,318,True,True,0x02,"NO_IRQ,OK,NO_IRQ,NO_IRQ","NONE,DELTA,NONE,NONE",
10.071087,2026-09-05T19:24:39.094+01:00,523102,1608637,308,308,True,True,0x02,"NO_IRQ,OK,NO_IRQ,NO_IRQ","NONE,DELTA,NONE,NONE",
10.075232,2026-09-05T19:24:39.095+01:00,523410,1608638,260,260,True,True,0x02,"NO_IRQ,OK,NO_IRQ,NO_IRQ","NONE,DELTA,NONE,NONE",
10.080385,2026-09-05T19:24:39.099+01:00,523670,1608639,258,258,True,True,0x02,"NO_IRQ,OK,NO_IRQ,NO_IRQ","NONE,DELTA,NONE,NONE",
10.084765,2026-09-05T19:24:39.104+01:00,523928,1608640,244,244,True,True,0x02,"NO_IRQ,OK,NO_IRQ,NO_IRQ","NONE,DELTA,NONE,NONE",
10.090857,2026-09-05T19:24:39.108+01:00,524172,1608641,246,246,True,True,0x02,"NO_IRQ,OK,NO_IRQ,NO_IRQ","NONE,DELTA,NONE,NONE",
10.094771,2026-09-05T19:24:39.115+01:00,524418,1608642,242,242,True,True,0x02,"NO_IRQ,OK,NO_IRQ,NO_IRQ","NONE,DELTA,NONE,NONE",
10.099592,2026-09-05T19:24:39.118+01:00,524660,1608643,250,250,True,True,0x02,"NO_IRQ,OK,NO_IRQ,NO_IRQ","NONE,DELTA,NONE,NONE",
10.114467,2026-09-05T19:24:39.123+01:00,524910,1608644,218,218,True,True,0x02,"NO_IRQ,OK,NO_IRQ,NO_IRQ","NONE,DELTA,NONE,NONE",
10.115441,2026-09-05T19:24:39.138+01:00,525128,1608645,228,228,True,True,0x02,"NO_IRQ,OK,NO_IRQ,NO_IRQ","NONE,DELTA,NONE,NONE",
10.116124,2026-09-05T19:24:39.139+01:00,525356,1608646,232,232,True,True,0x02,"NO_IRQ,OK,NO_IRQ,NO_IRQ","NONE,DELTA,NONE,NONE",
10.119880,2026-09-05T19:24:39.140+01:00,525588,1608647,286,286,True,True,0x02,"NO_IRQ,OK,NO_IRQ,NO_IRQ","NONE,DELTA,NONE,NONE",
10.131431,2026-09-05T19:24:39.144+01:00,525874,1608648,1084,1084,True,True,0x02,"NO_IRQ,OK,NO_IRQ,NO_IRQ","NONE,DELTA_SYNC,NONE,NONE",
10.132082,2026-09-05T19:24:39.155+01:00,526958,1608649,274,274,True,True,0x02,"NO_IRQ,OK,NO_IRQ,NO_IRQ","NONE,DELTA,NONE,NONE",
10.134899,2026-09-05T19:24:39.156+01:00,527232,1608650,274,274,True,True,0x02,"NO_IRQ,OK,NO_IRQ,NO_IRQ","NONE,DELTA,NONE,NONE",
10.139637,2026-09-05T19:24:39.158+01:00,527506,1608651,244,244,True,True,0x02,"NO_IRQ,OK,NO_IRQ,NO_IRQ","NONE,DELTA,NONE,NONE",
10.148493,2026-09-05T19:24:39.163+01:00,527750,1608652,240,240,True,True,0x02,"NO_IRQ,OK,NO_IRQ,NO_IRQ","NONE,DELTA,NONE,NONE",
10.149686,2026-09-05T19:24:39.172+01:00,527990,1608653,244,244,True,True,0x02,"NO_IRQ,OK,NO_IRQ,NO_IRQ","NONE,DELTA,NONE,NONE",
10.155040,2026-09-05T19:24:39.173+01:00,528234,1608654,218,218,True,True,0x02,"NO_IRQ,OK,NO_IRQ,NO_IRQ","NONE,DELTA,NONE,NONE",
10.159557,2026-09-05T19:24:39.179+01:00,528452,1608655,232,232,True,True,0x02,"NO_IRQ,OK,NO_IRQ,NO_IRQ","NONE,DELTA,NONE,NONE",
10.165475,2026-09-05T19:24:39.183+01:00,528684,1608656,230,230,True,True,0x02,"NO_IRQ,OK,NO_IRQ,NO_IRQ","NONE,DELTA,NONE,NONE",
10.169694,2026-09-05T19:24:39.189+01:00,528914,1608657,226,226,True,True,0x02,"NO_IRQ,OK,NO_IRQ,NO_IRQ","NONE,DELTA,NONE,NONE",
10.181618,2026-09-05T19:24:39.193+01:00,529140,1608658,198,198,True,True,0x02,"NO_IRQ,OK,NO_IRQ,NO_IRQ","NONE,DELTA,NONE,NONE",
10.182312,2026-09-05T19:24:39.205+01:00,529338,1608659,190,190,True,True,0x02,"NO_IRQ,OK,NO_IRQ,NO_IRQ","NONE,DELTA,NONE,NONE",
10.184763,2026-09-05T19:24:39.206+01:00,529528,1608660,210,210,True,True,0x02,"NO_IRQ,OK,NO_IRQ,NO_IRQ","NONE,DELTA,NONE,NONE",
10.189420,2026-09-05T19:24:39.208+01:00,529738,1608661,218,218,True,True,0x02,"NO_IRQ,OK,NO_IRQ,NO_IRQ","NONE,DELTA,NONE,NONE",
10.197648,2026-09-05T19:24:39.213+01:00,529956,1608662,210,210,True,True,0x02,"NO_IRQ,OK,NO_IRQ,NO_IRQ","NONE,DELTA,NONE,NONE",
10.199617,2026-09-05T19:24:39.221+01:00,530166,1608663,220,220,True,True,0x02,"NO_IRQ,OK,NO_IRQ,NO_IRQ","NONE,DELTA,NONE,NONE",
10.204771,2026-09-05T19:24:39.223+01:00,530386,1608664,210,210,True,True,0x02,"NO_IRQ,OK,NO_IRQ,NO_IRQ","NONE,DELTA,NONE,NONE",
10.213887,2026-09-05T19:24:39.228+01:00,530596,1608665,206,206,True,True,0x02,"NO_IRQ,OK,NO_IRQ,NO_IRQ","NONE,DELTA,NONE,NONE",
10.214795,2026-09-05T19:24:39.238+01:00,530802,1608666,198,198,True,True,0x02,"NO_IRQ,OK,NO_IRQ,NO_IRQ","NONE,DELTA,NONE,NONE",
10.219741,2026-09-05T19:24:39.238+01:00,531000,1608667,210,210,True,True,0x02,"NO_IRQ,OK,NO_IRQ,NO_IRQ","NONE,DELTA,NONE,NONE",
10.228773,2026-09-05T19:24:39.244+01:00,531210,1608668,226,226,True,True,0x02,"NO_IRQ,OK,NO_IRQ,NO_IRQ","NONE,DELTA,NONE,NONE",
10.232229,2026-09-05T19:24:39.253+01:00,531436,1608669,172,172,True,True,0x02,"NO_IRQ,OK,NO_IRQ,NO_IRQ","NONE,DELTA,NONE,NONE",
10.234294,2026-09-05T19:24:39.256+01:00,531608,1608670,182,182,True,True,0x02,"NO_IRQ,OK,NO_IRQ,NO_IRQ","NONE,DELTA,NONE,NONE",
10.239455,2026-09-05T19:24:39.258+01:00,531790,1608671,206,206,True,True,0x02,"NO_IRQ,OK,NO_IRQ,NO_IRQ","NONE,DELTA,NONE,NONE",
10.244680,2026-09-05T19:24:39.263+01:00,531996,1608672,228,228,True,True,0x02,"NO_IRQ,OK,NO_IRQ,NO_IRQ","NONE,DELTA,NONE,NONE",
10.249416,2026-09-05T19:24:39.268+01:00,532224,1608673,216,216,True,True,0x02,"NO_IRQ,OK,NO_IRQ,NO_IRQ","NONE,DELTA,NONE,NONE",
10.254248,2026-09-05T19:24:39.273+01:00,532440,1608674,182,182,True,True,0x02,"NO_IRQ,OK,NO_IRQ,NO_IRQ","NONE,DELTA,NONE,NONE",
10.259177,2026-09-05T19:24:39.278+01:00,532622,1608675,162,162,True,True,0x02,"NO_IRQ,OK,NO_IRQ,NO_IRQ","NONE,DELTA,NONE,NONE",
10.268750,2026-09-05T19:24:39.283+01:00,532784,1608676,168,168,True,True,0x02,"NO_IRQ,OK,NO_IRQ,NO_IRQ","NONE,DELTA,NONE,NONE",
10.269162,2026-09-05T19:24:39.292+01:00,532952,1608677,208,208,True,True,0x02,"NO_IRQ,OK,NO_IRQ,NO_IRQ","NONE,DELTA,NONE,NONE",
10.282707,2026-09-05T19:24:39.293+01:00,533160,1608678,200,200,True,True,0x02,"NO_IRQ,OK,NO_IRQ,NO_IRQ","NONE,DELTA,NONE,NONE",
10.283392,2026-09-05T19:24:39.306+01:00,533360,1608679,210,210,True,True,0x02,"NO_IRQ,OK,NO_IRQ,NO_IRQ","NONE,DELTA,NONE,NONE",
10.284643,2026-09-05T19:24:39.307+01:00,533570,1608680,220,220,True,True,0x02,"NO_IRQ,OK,NO_IRQ,NO_IRQ","NONE,DELTA,NONE,NONE",
10.289482,2026-09-05T19:24:39.308+01:00,533790,1608681,170,170,True,True,0x02,"NO_IRQ,OK,NO_IRQ,NO_IRQ","NONE,DELTA,NONE,NONE",
10.299801,2026-09-05T19:24:39.313+01:00,533960,1608682,180,180,True,True,0x02,"NO_IRQ,OK,NO_IRQ,NO_IRQ","NONE,DELTA,NONE,NONE",
10.300504,2026-09-05T19:24:39.323+01:00,534140,1608683,224,224,True,True,0x02,"NO_IRQ,OK,NO_IRQ,NO_IRQ","NONE,DELTA,NONE,NONE",
10.304436,2026-09-05T19:24:39.324+01:00,534364,1608684,204,204,True,True,0x02,"NO_IRQ,OK,NO_IRQ,NO_IRQ","NONE,DELTA,NONE,NONE",
10.309298,2026-09-05T19:24:39.328+01:00,534568,1608685,190,190,True,True,0x02,"NO_IRQ,OK,NO_IRQ,NO_IRQ","NONE,DELTA,NONE,NONE",
10.317234,2026-09-05T19:24:39.333+01:00,534758,1608686,172,172,True,True,0x02,"NO_IRQ,OK,NO_IRQ,NO_IRQ","NONE,DELTA,NONE,NONE",
10.319377,2026-09-05T19:24:39.341+01:00,534930,1608687,192,192,True,True,0x02,"NO_IRQ,OK,NO_IRQ,NO_IRQ","NONE,DELTA,NONE,NONE",
10.324374,2026-09-05T19:24:39.343+01:00,535122,1608688,170,170,True,True,0x02,"NO_IRQ,OK,NO_IRQ,NO_IRQ","NONE,DELTA,NONE,NONE",
10.334657,2026-09-05T19:24:39.348+01:00,535292,1608689,192,192,True,True,0x02,"NO_IRQ,OK,NO_IRQ,NO_IRQ","NONE,DELTA,NONE,NONE",
10.335604,2026-09-05T19:24:39.358+01:00,535484,1608690,170,170,True,True,0x02,"NO_IRQ,OK,NO_IRQ,NO_IRQ","NONE,DELTA,NONE,NONE",
10.339255,2026-09-05T19:24:39.359+01:00,535654,1608691,186,186,True,True,0x02,"NO_IRQ,OK,NO_IRQ,NO_IRQ","NONE,DELTA,NONE,NONE",
10.344457,2026-09-05T19:24:39.363+01:00,535840,1608692,208,208,True,True,0x02,"NO_IRQ,OK,NO_IRQ,NO_IRQ","NONE,DELTA,NONE,NONE",
10.351336,2026-09-05T19:24:39.368+01:00,536048,1608693,184,184,True,True,0x02,"NO_IRQ,OK,NO_IRQ,NO_IRQ","NONE,DELTA,NONE,NONE",
10.354382,2026-09-05T19:24:39.375+01:00,536232,1608694,220,220,True,True,0x02,"NO_IRQ,OK,NO_IRQ,NO_IRQ","NONE,DELTA,NONE,NONE",
10.359269,2026-09-05T19:24:39.378+01:00,536452,1608695,194,194,True,True,0x02,"NO_IRQ,OK,NO_IRQ,NO_IRQ","NONE,DELTA,NONE,NONE",
10.369168,2026-09-05T19:24:39.383+01:00,536646,1608696,180,180,True,True,0x02,"NO_IRQ,OK,NO_IRQ,NO_IRQ","NONE,DELTA,NONE,NONE",
10.369847,2026-09-05T19:24:39.393+01:00,536826,1608697,198,198,True,True,0x02,"NO_IRQ,OK,NO_IRQ,NO_IRQ","NONE,DELTA,NONE,NONE",
10.374242,2026-09-05T19:24:39.393+01:00,537024,1608698,182,182,True,True,0x02,"NO_IRQ,OK,NO_IRQ,NO_IRQ","NONE,DELTA,NONE,NONE",
10.379131,2026-09-05T19:24:39.398+01:00,537206,1608699,176,176,True,True,0x02,"NO_IRQ,OK,NO_IRQ,NO_IRQ","NONE,DELTA,NONE,NONE",
10.385769,2026-09-05T19:24:39.403+01:00,537382,1608700,160,160,True,True,0x02,"NO_IRQ,OK,NO_IRQ,NO_IRQ","NONE,DELTA,NONE,NONE",
10.389302,2026-09-05T19:24:39.410+01:00,537542,1608701,210,210,True,True,0x02,"NO_IRQ,OK,NO_IRQ,NO_IRQ","NONE,DELTA,NONE,NONE",
10.394348,2026-09-05T19:24:39.413+01:00,537752,1608702,166,166,True,True,0x02,"NO_IRQ,OK,NO_IRQ,NO_IRQ","NONE,DELTA,NONE,NONE",
10.403253,2026-09-05T19:24:39.418+01:00,537918,1608703,192,192,True,True,0x02,"NO_IRQ,OK,NO_IRQ,NO_IRQ","NONE,DELTA,NONE,NONE",
10.404146,2026-09-05T19:24:39.427+01:00,538110,1608704,200,200,True,True,0x02,"NO_IRQ,OK,NO_IRQ,NO_IRQ","NONE,DELTA,NONE,NONE",
10.409383,2026-09-05T19:24:39.428+01:00,538310,1608705,184,184,True,True,0x02,"NO_IRQ,OK,NO_IRQ,NO_IRQ","NONE,DELTA,NONE,NONE",
10.414791,2026-09-05T19:24:39.433+01:00,538494,1608706,170,170,True,True,0x02,"NO_IRQ,OK,NO_IRQ,NO_IRQ","NONE,DELTA,NONE,NONE",
10.419135,2026-09-05T19:24:39.438+01:00,538664,1608707,210,210,True,True,0x02,"NO_IRQ,OK,NO_IRQ,NO_IRQ","NONE,DELTA,NONE,NONE",
10.424283,2026-09-05T19:24:39.443+01:00,538874,1608708,190,190,True,True,0x02,"NO_IRQ,OK,NO_IRQ,NO_IRQ","NONE,DELTA,NONE,NONE",
10.428968,2026-09-05T19:24:39.448+01:00,539064,1608709,184,184,True,True,0x02,"NO_IRQ,OK,NO_IRQ,NO_IRQ","NONE,DELTA,NONE,NONE",
10.442611,2026-09-05T19:24:39.453+01:00,539248,1608710,140,140,True,True,0x02,"NO_IRQ,OK,NO_IRQ,NO_IRQ","NONE,DELTA,NONE,NONE",
10.446408,2026-09-05T19:24:39.466+01:00,539388,1608711,166,166,True,True,0x02,"NO_IRQ,OK,NO_IRQ,NO_IRQ","NONE,DELTA,NONE,NONE",
10.447343,2026-09-05T19:24:39.470+01:00,539554,1608712,156,156,True,True,0x02,"NO_IRQ,OK,NO_IRQ,NO_IRQ","NONE,DELTA,NONE,NONE",
10.448846,2026-09-05T19:24:39.471+01:00,539710,1608713,160,160,True,True,0x02,"NO_IRQ,OK,NO_IRQ,NO_IRQ","NONE,DELTA,NONE,NONE",
10.453941,2026-09-05T19:24:39.472+01:00,539870,1608714,176,176,True,True,0x02,"NO_IRQ,OK,NO_IRQ,NO_IRQ","NONE,DELTA,NONE,NONE",
10.463281,2026-09-05T19:24:39.478+01:00,540046,1608715,170,170,True,True,0x02,"NO_IRQ,OK,NO_IRQ,NO_IRQ","NONE,DELTA,NONE,NONE",
10.464210,2026-09-05T19:24:39.487+01:00,540216,1608716,166,166,True,True,0x02,"NO_IRQ,OK,NO_IRQ,NO_IRQ","NONE,DELTA,NONE,NONE",
10.469194,2026-09-05T19:24:39.488+01:00,540382,1608717,206,206,True,True,0x02,"NO_IRQ,OK,NO_IRQ,NO_IRQ","NONE,DELTA,NONE,NONE",
10.480401,2026-09-05T19:24:39.493+01:00,540588,1608718,194,194,True,True,0x02,"NO_IRQ,OK,NO_IRQ,NO_IRQ","NONE,DELTA,NONE,NONE",
10.481079,2026-09-05T19:24:39.504+01:00,540782,1608719,190,190,True,True,0x02,"NO_IRQ,OK,NO_IRQ,NO_IRQ","NONE,DELTA,NONE,NONE",
10.484073,2026-09-05T19:24:39.505+01:00,540972,1608720,176,176,True,True,0x02,"NO_IRQ,OK,NO_IRQ,NO_IRQ","NONE,DELTA,NONE,NONE",
10.488861,2026-09-05T19:24:39.508+01:00,541148,1608721,170,170,True,True,0x02,"NO_IRQ,OK,NO_IRQ,NO_IRQ","NONE,DELTA,NONE,NONE",
10.497176,2026-09-05T19:24:39.513+01:00,541318,1608722,218,218,True,True,0x02,"NO_IRQ,OK,NO_IRQ,NO_IRQ","NONE,DELTA,NONE,NONE",
10.498984,2026-09-05T19:24:39.521+01:00,541536,1608723,186,186,True,True,0x02,"NO_IRQ,OK,NO_IRQ,NO_IRQ","NONE,DELTA,NONE,NONE",
10.504046,2026-09-05T19:24:39.523+01:00,541722,1608724,182,182,True,True,0x02,"NO_IRQ,OK,NO_IRQ,NO_IRQ","NONE,DELTA,NONE,NONE",
10.514386,2026-09-05T19:24:39.528+01:00,541904,1608725,176,176,True,True,0x02,"NO_IRQ,OK,NO_IRQ,NO_IRQ","NONE,DELTA,NONE,NONE",
10.515505,2026-09-05T19:24:39.538+01:00,542080,1608726,196,196,True,True,0x02,"NO_IRQ,OK,NO_IRQ,NO_IRQ","NONE,DELTA,NONE,NONE",
10.519055,2026-09-05T19:24:39.539+01:00,542276,1608727,208,208,True,True,0x02,"NO_IRQ,OK,NO_IRQ,NO_IRQ","NONE,DELTA,NONE,NONE",
10.524094,2026-09-05T19:24:39.543+01:00,542484,1608728,170,170,True,True,0x02,"NO_IRQ,OK,NO_IRQ,NO_IRQ","NONE,DELTA,NONE,NONE",
10.531500,2026-09-05T19:24:39.548+01:00,542654,1608729,204,204,True,True,0x02,"NO_IRQ,OK,NO_IRQ,NO_IRQ","NONE,DELTA,NONE,NONE",
10.534096,2026-09-05T19:24:39.555+01:00,542858,1608730,210,210,True,True,0x02,"NO_IRQ,OK,NO_IRQ,NO_IRQ","NONE,DELTA,NONE,NONE",
10.538895,2026-09-05T19:24:39.558+01:00,543068,1608731,152,152,True,True,0x02,"NO_IRQ,OK,NO_IRQ,NO_IRQ","NONE,DELTA,NONE,NONE",
10.548554,2026-09-05T19:24:39.562+01:00,543220,1608732,170,170,True,True,0x02,"NO_IRQ,OK,NO_IRQ,NO_IRQ","NONE,DELTA,NONE,NONE",
10.549233,2026-09-05T19:24:39.572+01:00,543390,1608733,188,188,True,True,0x02,"NO_IRQ,OK,NO_IRQ,NO_IRQ","NONE,DELTA,NONE,NONE",
10.554033,2026-09-05T19:24:39.573+01:00,543578,1608734,190,190,True,True,0x02,"NO_IRQ,OK,NO_IRQ,NO_IRQ","NONE,DELTA,NONE,NONE",
10.565619,2026-09-05T19:24:39.578+01:00,543768,1608735,178,178,True,True,0x02,"NO_IRQ,OK,NO_IRQ,NO_IRQ","NONE,DELTA,NONE,NONE",
10.566681,2026-09-05T19:24:39.589+01:00,543946,1608736,164,164,True,True,0x02,"NO_IRQ,OK,NO_IRQ,NO_IRQ","NONE,DELTA,NONE,NONE",
10.568834,2026-09-05T19:24:39.590+01:00,544110,1608737,196,196,True,True,0x02,"NO_IRQ,OK,NO_IRQ,NO_IRQ","NONE,DELTA,NONE,NONE",
10.573812,2026-09-05T19:24:39.593+01:00,544306,1608738,164,164,True,True,0x02,"NO_IRQ,OK,NO_IRQ,NO_IRQ","NONE,DELTA,NONE,NONE",
10.580077,2026-09-05T19:24:39.597+01:00,544470,1608739,172,172,True,True,0x02,"NO_IRQ,OK,NO_IRQ,NO_IRQ","NONE,DELTA,NONE,NONE",
10.585212,2026-09-05T19:24:39.604+01:00,544642,1608740,192,192,True,True,0x02,"NO_IRQ,OK,NO_IRQ,NO_IRQ","NONE,DELTA,NONE,NONE",
10.588549,2026-09-05T19:24:39.609+01:00,544834,1608741,170,170,True,True,0x02,"NO_IRQ,OK,NO_IRQ,NO_IRQ","NONE,DELTA,NONE,NONE",
10.593720,2026-09-05T19:24:39.612+01:00,545004,1608742,170,170,True,True,0x02,"NO_IRQ,OK,NO_IRQ,NO_IRQ","NONE,DELTA,NONE,NONE",
10.604753,2026-09-05T19:24:39.617+01:00,545174,1608743,186,186,True,True,0x02,"NO_IRQ,OK,NO_IRQ,NO_IRQ","NONE,DELTA,NONE,NONE",
10.605112,2026-09-05T19:24:39.628+01:00,545360,1608744,202,202,True,True,0x02,"NO_IRQ,OK,NO_IRQ,NO_IRQ","NONE,DELTA,NONE,NONE",
10.613622,2026-09-05T19:24:39.629+01:00,545562,1608745,188,188,True,True,0x02,"NO_IRQ,OK,NO_IRQ,NO_IRQ","NONE,DELTA,NONE,NONE",
10.613956,2026-09-05T19:24:39.637+01:00,545750,1608746,192,192,True,True,0x02,"NO_IRQ,OK,NO_IRQ,NO_IRQ","NONE,DELTA,NONE,NONE",
10.619257,2026-09-05T19:24:39.637+01:00,545942,1608747,162,162,True,True,0x02,"NO_IRQ,OK,NO_IRQ,NO_IRQ","NONE,DELTA,NONE,NONE",
10.623558,2026-09-05T19:24:39.643+01:00,546104,1608748,202,202,True,True,0x02,"NO_IRQ,OK,NO_IRQ,NO_IRQ","NONE,DELTA,NONE,NONE",
10.629007,2026-09-05T19:24:39.647+01:00,546306,1608749,184,184,True,True,0x02,"NO_IRQ,OK,NO_IRQ,NO_IRQ","NONE,DELTA,NONE,NONE",
10.636361,2026-09-05T19:24:39.653+01:00,546490,1608750,172,172,True,True,0x02,"NO_IRQ,OK,NO_IRQ,NO_IRQ","NONE,DELTA,NONE,NONE",
10.638837,2026-09-05T19:24:39.660+01:00,546662,1608751,216,216,True,True,0x02,"NO_IRQ,OK,NO_IRQ,NO_IRQ","NONE,DELTA,NONE,NONE",
10.645028,2026-09-05T19:24:39.662+01:00,546878,1608752,164,164,True,True,0x02,"NO_IRQ,OK,NO_IRQ,NO_IRQ","NONE,DELTA,NONE,NONE",
10.652539,2026-09-05T19:24:39.669+01:00,547042,1608753,170,170,True,True,0x02,"NO_IRQ,OK,NO_IRQ,NO_IRQ","NONE,DELTA,NONE,NONE",
10.653647,2026-09-05T19:24:39.676+01:00,547212,1608754,166,166,True,True,0x02,"NO_IRQ,OK,NO_IRQ,NO_IRQ","NONE,DELTA,NONE,NONE",
10.658770,2026-09-05T19:24:39.677+01:00,547378,1608755,198,198,True,True,0x02,"NO_IRQ,OK,NO_IRQ,NO_IRQ","NONE,DELTA,NONE,NONE",
10.668726,2026-09-05T19:24:39.682+01:00,547576,1608756,166,166,True,True,0x02,"NO_IRQ,OK,NO_IRQ,NO_IRQ","NONE,DELTA,NONE,NONE",
10.669239,2026-09-05T19:24:39.692+01:00,547742,1608757,188,188,True,True,0x02,"NO_IRQ,OK,NO_IRQ,NO_IRQ","NONE,DELTA,NONE,NONE",
10.673345,2026-09-05T19:24:39.693+01:00,547930,1608758,174,174,True,True,0x02,"NO_IRQ,OK,NO_IRQ,NO_IRQ","NONE,DELTA,NONE,NONE",
10.678441,2026-09-05T19:24:39.697+01:00,548104,1608759,192,192,True,True,0x02,"NO_IRQ,OK,NO_IRQ,NO_IRQ","NONE,DELTA,NONE,NONE",
10.684872,2026-09-05T19:24:39.702+01:00,548296,1608760,166,166,True,True,0x02,"NO_IRQ,OK,NO_IRQ,NO_IRQ","NONE,DELTA,NONE,NONE",
10.688827,2026-09-05T19:24:39.708+01:00,548462,1608761,176,176,True,True,0x02,"NO_IRQ,OK,NO_IRQ,NO_IRQ","NONE,DELTA,NONE,NONE",
10.693999,2026-09-05T19:24:39.713+01:00,548638,1608762,182,182,True,True,0x02,"NO_IRQ,OK,NO_IRQ,NO_IRQ","NONE,DELTA,NONE,NONE",
10.701331,2026-09-05T19:24:39.718+01:00,548820,1608763,170,170,True,True,0x02,"NO_IRQ,OK,NO_IRQ,NO_IRQ","NONE,DELTA,NONE,NONE",
10.703579,2026-09-05T19:24:39.725+01:00,548990,1608764,176,176,True,True,0x02,"NO_IRQ,OK,NO_IRQ,NO_IRQ","NONE,DELTA,NONE,NONE",
10.708868,2026-09-05T19:24:39.727+01:00,549166,1608765,198,198,True,True,0x02,"NO_IRQ,OK,NO_IRQ,NO_IRQ","NONE,DELTA,NONE,NONE",
10.718171,2026-09-05T19:24:39.732+01:00,549364,1608766,194,194,True,True,0x02,"NO_IRQ,OK,NO_IRQ,NO_IRQ","NONE,DELTA,NONE,NONE",
10.718815,2026-09-05T19:24:39.742+01:00,549558,1608767,184,184,True,True,0x02,"NO_IRQ,OK,NO_IRQ,NO_IRQ","NONE,DELTA,NONE,NONE",
10.723749,2026-09-05T19:24:39.742+01:00,549742,1608768,188,188,True,True,0x02,"NO_IRQ,OK,NO_IRQ,NO_IRQ","NONE,DELTA,NONE,NONE",
10.728399,2026-09-05T19:24:39.747+01:00,549930,1608769,152,152,True,True,0x02,"NO_IRQ,OK,NO_IRQ,NO_IRQ","NONE,DELTA,NONE,NONE",
10.736917,2026-09-05T19:24:39.752+01:00,550082,1608770,156,156,True,True,0x02,"NO_IRQ,OK,NO_IRQ,NO_IRQ","NONE,DELTA,NONE,NONE",
10.738927,2026-09-05T19:24:39.760+01:00,550238,1608771,186,186,True,True,0x02,"NO_IRQ,OK,NO_IRQ,NO_IRQ","NONE,DELTA,NONE,NONE",
10.744604,2026-09-05T19:24:39.762+01:00,550424,1608772,168,168,True,True,0x02,"NO_IRQ,OK,NO_IRQ,NO_IRQ","NONE,DELTA,NONE,NONE",
10.748360,2026-09-05T19:24:39.768+01:00,550592,1608773,202,202,True,True,0x02,"NO_IRQ,OK,NO_IRQ,NO_IRQ","NONE,DELTA,NONE,NONE",
10.754505,2026-09-05T19:24:39.772+01:00,550794,1608774,180,180,True,True,0x02,"NO_IRQ,OK,NO_IRQ,NO_IRQ","NONE,DELTA,NONE,NONE",
10.758300,2026-09-05T19:24:39.778+01:00,550974,1608775,160,160,True,True,0x02,"NO_IRQ,OK,NO_IRQ,NO_IRQ","NONE,DELTA,NONE,NONE",
10.763698,2026-09-05T19:24:39.782+01:00,551134,1608776,190,190,True,True,0x02,"NO_IRQ,OK,NO_IRQ,NO_IRQ","NONE,DELTA,NONE,NONE",
10.773582,2026-09-05T19:24:39.787+01:00,551324,1608777,198,198,True,True,0x02,"NO_IRQ,OK,NO_IRQ,NO_IRQ","NONE,DELTA,NONE,NONE",
10.779758,2026-09-05T19:24:39.798+01:00,551522,1608778,196,196,True,True,0x02,"NO_IRQ,OK,NO_IRQ,NO_IRQ","NONE,DELTA,NONE,NONE",
10.780575,2026-09-05T19:24:39.803+01:00,551718,1608779,182,182,True,True,0x02,"NO_IRQ,OK,NO_IRQ,NO_IRQ","NONE,DELTA,NONE,NONE",
10.783686,2026-09-05T19:24:39.804+01:00,551900,1608780,180,180,True,True,0x02,"NO_IRQ,OK,NO_IRQ,NO_IRQ","NONE,DELTA,NONE,NONE",
10.788201,2026-09-05T19:24:39.807+01:00,552080,1608781,158,158,True,True,0x02,"NO_IRQ,OK,NO_IRQ,NO_IRQ","NONE,DELTA,NONE,NONE",
10.796770,2026-09-05T19:24:39.812+01:00,552238,1608782,196,196,True,True,0x02,"NO_IRQ,OK,NO_IRQ,NO_IRQ","NONE,DELTA,NONE,NONE",
10.798406,2026-09-05T19:24:39.820+01:00,552434,1608783,208,208,True,True,0x02,"NO_IRQ,OK,NO_IRQ,NO_IRQ","NONE,DELTA,NONE,NONE",
10.803541,2026-09-05T19:24:39.822+01:00,552642,1608784,180,180,True,True,0x02,"NO_IRQ,OK,NO_IRQ,NO_IRQ","NONE,DELTA,NONE,NONE",
10.813336,2026-09-05T19:24:39.827+01:00,552822,1608785,184,184,True,True,0x02,"NO_IRQ,OK,NO_IRQ,NO_IRQ","NONE,DELTA,NONE,NONE",
10.814627,2026-09-05T19:24:39.838+01:00,553006,1608786,170,170,True,True,0x02,"NO_IRQ,OK,NO_IRQ,NO_IRQ","NONE,DELTA,NONE,NONE",
10.818591,2026-09-05T19:24:39.838+01:00,553176,1608787,160,160,True,True,0x02,"NO_IRQ,OK,NO_IRQ,NO_IRQ","NONE,DELTA,NONE,NONE",
10.823387,2026-09-05T19:24:39.842+01:00,553336,1608788,186,186,True,True,0x02,"NO_IRQ,OK,NO_IRQ,NO_IRQ","NONE,DELTA,NONE,NONE",
10.830833,2026-09-05T19:24:39.847+01:00,553522,1608789,154,154,True,True,0x02,"NO_IRQ,OK,NO_IRQ,NO_IRQ","NONE,DELTA,NONE,NONE",
10.833517,2026-09-05T19:24:39.854+01:00,553676,1608790,184,184,True,True,0x02,"NO_IRQ,OK,NO_IRQ,NO_IRQ","NONE,DELTA,NONE,NONE",
10.838169,2026-09-05T19:24:39.857+01:00,553860,1608791,180,180,True,True,0x02,"NO_IRQ,OK,NO_IRQ,NO_IRQ","NONE,DELTA,NONE,NONE",
10.847312,2026-09-05T19:24:39.862+01:00,554040,1608792,188,188,True,True,0x02,"NO_IRQ,OK,NO_IRQ,NO_IRQ","NONE,DELTA,NONE,NONE",
10.848360,2026-09-05T19:24:39.871+01:00,554228,1608793,172,172,True,True,0x02,"NO_IRQ,OK,NO_IRQ,NO_IRQ","NONE,DELTA,NONE,NONE",
10.853338,2026-09-05T19:24:39.872+01:00,554400,1608794,204,204,True,True,0x02,"NO_IRQ,OK,NO_IRQ,NO_IRQ","NONE,DELTA,NONE,NONE",
10.864214,2026-09-05T19:24:39.877+01:00,554604,1608795,172,172,True,True,0x02,"NO_IRQ,OK,NO_IRQ,NO_IRQ","NONE,DELTA,NONE,NONE",
10.864896,2026-09-05T19:24:39.888+01:00,554776,1608796,144,144,True,True,0x02,"NO_IRQ,OK,NO_IRQ,NO_IRQ","NONE,DELTA,NONE,NONE",
10.868390,2026-09-05T19:24:39.888+01:00,554920,1608797,180,180,True,True,0x02,"NO_IRQ,OK,NO_IRQ,NO_IRQ","NONE,DELTA,NONE,NONE",
10.873175,2026-09-05T19:24:39.892+01:00,555100,1608798,186,186,True,True,0x02,"NO_IRQ,OK,NO_IRQ,NO_IRQ","NONE,DELTA,NONE,NONE",
10.882131,2026-09-05T19:24:39.897+01:00,555286,1608799,174,174,True,True,0x02,"NO_IRQ,OK,NO_IRQ,NO_IRQ","NONE,DELTA,NONE,NONE",
10.883141,2026-09-05T19:24:39.906+01:00,555460,1608800,180,180,True,True,0x02,"NO_IRQ,OK,NO_IRQ,NO_IRQ","NONE,DELTA,NONE,NONE",
10.888425,2026-09-05T19:24:39.907+01:00,555640,1608801,190,190,True,True,0x02,"NO_IRQ,OK,NO_IRQ,NO_IRQ","NONE,DELTA,NONE,NONE",
10.899181,2026-09-05T19:24:39.912+01:00,555830,1608802,200,200,True,True,0x02,"NO_IRQ,OK,NO_IRQ,NO_IRQ","NONE,DELTA,NONE,NONE",
10.900078,2026-09-05T19:24:39.923+01:00,556030,1608803,176,176,True,True,0x02,"NO_IRQ,OK,NO_IRQ,NO_IRQ","NONE,DELTA,NONE,NONE",
10.903276,2026-09-05T19:24:39.924+01:00,556206,1608804,198,198,True,True,0x02,"NO_IRQ,OK,NO_IRQ,NO_IRQ","NONE,DELTA,NONE,NONE",
10.908177,2026-09-05T19:24:39.927+01:00,556404,1608805,194,194,True,True,0x02,"NO_IRQ,OK,NO_IRQ,NO_IRQ","NONE,DELTA,NONE,NONE",
10.913942,2026-09-05T19:24:39.932+01:00,556598,1608806,192,192,True,True,0x02,"NO_IRQ,OK,NO_IRQ,NO_IRQ","NONE,DELTA,NONE,NONE",
10.918593,2026-09-05T19:24:39.937+01:00,556790,1608807,160,160,True,True,0x02,"NO_IRQ,OK,NO_IRQ,NO_IRQ","NONE,DELTA,NONE,NONE",
10.923064,2026-09-05T19:24:39.942+01:00,556950,1608808,184,184,True,True,0x02,"NO_IRQ,OK,NO_IRQ,NO_IRQ","NONE,DELTA,NONE,NONE",
10.928085,2026-09-05T19:24:39.947+01:00,557134,1608809,150,150,True,True,0x02,"NO_IRQ,OK,NO_IRQ,NO_IRQ","NONE,DELTA,NONE,NONE",
10.937717,2026-09-05T19:24:39.952+01:00,557284,1608810,194,194,True,True,0x02,"NO_IRQ,OK,NO_IRQ,NO_IRQ","NONE,DELTA,NONE,NONE",
10.938053,2026-09-05T19:24:39.961+01:00,557478,1608811,182,182,True,True,0x02,"NO_IRQ,OK,NO_IRQ,NO_IRQ","NONE,DELTA,NONE,NONE",
10.951694,2026-09-05T19:24:39.962+01:00,557660,1608812,158,158,True,True,0x02,"NO_IRQ,OK,NO_IRQ,NO_IRQ","NONE,DELTA,NONE,NONE",
10.952260,2026-09-05T19:24:39.975+01:00,557818,1608813,190,190,True,True,0x02,"NO_IRQ,OK,NO_IRQ,NO_IRQ","NONE,DELTA,NONE,NONE",
10.953391,2026-09-05T19:24:39.976+01:00,558008,1608814,194,194,True,True,0x02,"NO_IRQ,OK,NO_IRQ,NO_IRQ","NONE,DELTA,NONE,NONE",
10.958184,2026-09-05T19:24:39.977+01:00,558202,1608815,194,194,True,True,0x02,"NO_IRQ,OK,NO_IRQ,NO_IRQ","NONE,DELTA,NONE,NONE",
10.968820,2026-09-05T19:24:39.982+01:00,558396,1608816,196,196,True,True,0x02,"NO_IRQ,OK,NO_IRQ,NO_IRQ","NONE,DELTA,NONE,NONE",
10.969422,2026-09-05T19:24:39.992+01:00,558592,1608817,200,200,True,True,0x02,"NO_IRQ,OK,NO_IRQ,NO_IRQ","NONE,DELTA,NONE,NONE",
10.973246,2026-09-05T19:24:39.993+01:00,558792,1608818,160,160,True,True,0x02,"NO_IRQ,OK,NO_IRQ,NO_IRQ","NONE,DELTA,NONE,NONE",
10.978295,2026-09-05T19:24:39.997+01:00,558952,1608819,190,190,True,True,0x02,"NO_IRQ,OK,NO_IRQ,NO_IRQ","NONE,DELTA,NONE,NONE",
10.984827,2026-09-05T19:24:40.002+01:00,559142,1608820,186,186,True,True,0x02,"NO_IRQ,OK,NO_IRQ,NO_IRQ","NONE,DELTA,NONE,NONE",
10.988245,2026-09-05T19:24:40.009+01:00,559328,1608821,184,184,True,True,0x02,"NO_IRQ,OK,NO_IRQ,NO_IRQ","NONE,DELTA,NONE,NONE",
10.994143,2026-09-05T19:24:40.012+01:00,559512,1608822,188,188,True,True,0x02,"NO_IRQ,OK,NO_IRQ,NO_IRQ","NONE,DELTA,NONE,NONE",
11.000924,2026-09-05T19:24:40.018+01:00,559700,1608823,184,184,True,True,0x02,"NO_IRQ,OK,NO_IRQ,NO_IRQ","NONE,DELTA,NONE,NONE",
11.003108,2026-09-05T19:24:40.025+01:00,559884,1608824,198,198,True,True,0x02,"NO_IRQ,OK,NO_IRQ,NO_IRQ","NONE,DELTA,NONE,NONE",
11.008103,2026-09-05T19:24:40.027+01:00,560082,1608825,182,182,True,True,0x02,"NO_IRQ,OK,NO_IRQ,NO_IRQ","NONE,DELTA,NONE,NONE",
11.017752,2026-09-05T19:24:40.032+01:00,560264,1608826,188,188,True,True,0x02,"NO_IRQ,OK,NO_IRQ,NO_IRQ","NONE,DELTA,NONE,NONE",
11.018413,2026-09-05T19:24:40.041+01:00,560452,1608827,202,202,True,True,0x02,"NO_IRQ,OK,NO_IRQ,NO_IRQ","NONE,DELTA,NONE,NONE",
11.023247,2026-09-05T19:24:40.042+01:00,560654,1608828,188,188,True,True,0x02,"NO_IRQ,OK,NO_IRQ,NO_IRQ","NONE,DELTA,NONE,NONE",
11.027985,2026-09-05T19:24:40.047+01:00,560842,1608829,194,194,True,True,0x02,"NO_IRQ,OK,NO_IRQ,NO_IRQ","NONE,DELTA,NONE,NONE",
11.035210,2026-09-05T19:24:40.052+01:00,561036,1608830,174,174,True,True,0x02,"NO_IRQ,OK,NO_IRQ,NO_IRQ","NONE,DELTA,NONE,NONE",
11.038186,2026-09-05T19:24:40.059+01:00,561210,1608831,230,230,True,True,0x02,"NO_IRQ,OK,NO_IRQ,NO_IRQ","NONE,DELTA,NONE,NONE",
11.044633,2026-09-05T19:24:40.062+01:00,561440,1608832,178,178,True,True,0x02,"NO_IRQ,OK,NO_IRQ,NO_IRQ","NONE,DELTA,NONE,NONE",
11.053894,2026-09-05T19:24:40.068+01:00,561618,1608833,192,192,True,True,0x02,"NO_IRQ,OK,NO_IRQ,NO_IRQ","NONE,DELTA,NONE,NONE",
11.054579,2026-09-05T19:24:40.077+01:00,561810,1608834,316,316,True,True,0x02,"NO_IRQ,OK,NO_IRQ,NO_IRQ","NONE,DELTA,NONE,NONE",
11.058265,2026-09-05T19:24:40.078+01:00,562126,1608835,334,334,True,True,0x02,"NO_IRQ,OK,NO_IRQ,NO_IRQ","NONE,DELTA,NONE,NONE",
11.063409,2026-09-05T19:24:40.082+01:00,562460,1608836,420,420,True,True,0x02,"NO_IRQ,OK,NO_IRQ,NO_IRQ","NONE,DELTA,NONE,NONE",
11.071991,2026-09-05T19:24:40.087+01:00,562880,1608837,484,484,True,True,0x02,"NO_IRQ,OK,NO_IRQ,NO_IRQ","NONE,DELTA,NONE,NONE",
11.073302,2026-09-05T19:24:40.096+01:00,563364,1608838,488,488,True,True,0x02,"NO_IRQ,OK,NO_IRQ,NO_IRQ","NONE,DELTA,NONE,NONE",
11.078392,2026-09-05T19:24:40.097+01:00,563852,1608839,412,412,True,True,0x02,"NO_IRQ,OK,NO_IRQ,NO_IRQ","NONE,DELTA,NONE,NONE",
11.085358,2026-09-05T19:24:40.102+01:00,564264,1608840,428,428,True,True,0x02,"NO_IRQ,OK,NO_IRQ,NO_IRQ","NONE,DELTA,NONE,NONE",
11.088276,2026-09-05T19:24:40.109+01:00,564692,1608841,432,432,True,True,0x02,"NO_IRQ,OK,NO_IRQ,NO_IRQ","NONE,DELTA,NONE,NONE",
11.093192,2026-09-05T19:24:40.112+01:00,565124,1608842,462,462,True,True,0x02,"NO_IRQ,OK,NO_IRQ,NO_IRQ","NONE,DELTA,NONE,NONE",
11.098429,2026-09-05T19:24:40.117+01:00,565586,1608843,476,476,True,True,0x02,"NO_IRQ,OK,NO_IRQ,NO_IRQ","NONE,DELTA,NONE,NONE",
11.113234,2026-09-05T19:24:40.122+01:00,566062,1608844,464,464,True,True,0x02,"NO_IRQ,OK,NO_IRQ,NO_IRQ","NONE,DELTA,NONE,NONE",
11.114080,2026-09-05T19:24:40.137+01:00,566526,1608845,508,508,True,True,0x02,"NO_IRQ,OK,NO_IRQ,NO_IRQ","NONE,DELTA,NONE,NONE",
11.115333,2026-09-05T19:24:40.138+01:00,567034,1608846,524,524,True,True,0x02,"NO_IRQ,OK,NO_IRQ,NO_IRQ","NONE,DELTA,NONE,NONE",
11.118583,2026-09-05T19:24:40.139+01:00,567558,1608847,480,480,True,True,0x02,"NO_IRQ,OK,NO_IRQ,NO_IRQ","NONE,DELTA,NONE,NONE",
11.123218,2026-09-05T19:24:40.142+01:00,568038,1608848,1084,1084,True,True,0x02,"NO_IRQ,OK,NO_IRQ,NO_IRQ","NONE,DELTA_SYNC,NONE,NONE",
11.131494,2026-09-05T19:24:40.147+01:00,569122,1608849,486,486,True,True,0x02,"NO_IRQ,OK,NO_IRQ,NO_IRQ","NONE,DELTA,NONE,NONE",
11.133430,2026-09-05T19:24:40.155+01:00,569608,1608850,576,576,True,True,0x02,"NO_IRQ,OK,NO_IRQ,NO_IRQ","NONE,DELTA,NONE,NONE",
11.138636,2026-09-05T19:24:40.157+01:00,570184,1608851,594,594,True,True,0x02,"NO_IRQ,OK,NO_IRQ,NO_IRQ","NONE,DELTA,NONE,NONE",
11.147778,2026-09-05T19:24:40.162+01:00,570778,1608852,572,572,True,True,0x02,"NO_IRQ,OK,NO_IRQ,NO_IRQ","NONE,DELTA,NONE,NONE",
11.148571,2026-09-05T19:24:40.171+01:00,571350,1608853,574,574,True,True,0x02,"NO_IRQ,OK,NO_IRQ,NO_IRQ","NONE,DELTA,NONE,NONE",
11.153637,2026-09-05T19:24:40.172+01:00,571924,1608854,580,580,True,True,0x02,"NO_IRQ,OK,NO_IRQ,NO_IRQ","NONE,DELTA,NONE,NONE",
11.164512,2026-09-05T19:24:40.177+01:00,572504,1608855,602,602,True,True,0x02,"NO_IRQ,OK,NO_IRQ,NO_IRQ","NONE,DELTA,NONE,NONE",
11.165319,2026-09-05T19:24:40.188+01:00,573106,1608856,624,624,True,True,0x02,"NO_IRQ,OK,NO_IRQ,NO_IRQ","NONE,DELTA,NONE,NONE",
11.168599,2026-09-05T19:24:40.189+01:00,573730,1608857,626,626,True,True,0x02,"NO_IRQ,OK,NO_IRQ,NO_IRQ","NONE,DELTA,NONE,NONE",
11.173468,2026-09-05T19:24:40.192+01:00,574356,1608858,614,614,True,True,0x02,"NO_IRQ,OK,NO_IRQ,NO_IRQ","NONE,DELTA,NONE,NONE",
11.181678,2026-09-05T19:24:40.197+01:00,574970,1608859,616,616,True,True,0x02,"NO_IRQ,OK,NO_IRQ,NO_IRQ","NONE,DELTA,NONE,NONE",
11.183331,2026-09-05T19:24:40.205+01:00,575586,1608860,636,636,True,True,0x02,"NO_IRQ,OK,NO_IRQ,NO_IRQ","NONE,DELTA,NONE,NONE",
11.188605,2026-09-05T19:24:40.207+01:00,576222,1608861,596,596,True,True,0x02,"NO_IRQ,OK,NO_IRQ,NO_IRQ","NONE,DELTA,NONE,NONE",
11.198348,2026-09-05T19:24:40.212+01:00,576818,1608862,620,620,True,True,0x02,"NO_IRQ,OK,NO_IRQ,NO_IRQ","NONE,DELTA,NONE,NONE",
11.199394,2026-09-05T19:24:40.222+01:00,577438,1608863,620,620,True,True,0x02,"NO_IRQ,OK,NO_IRQ,NO_IRQ","NONE,DELTA,NONE,NONE",
11.203636,2026-09-05T19:24:40.223+01:00,578058,1608864,622,622,True,True,0x02,"NO_IRQ,OK,NO_IRQ,NO_IRQ","NONE,DELTA,NONE,NONE",
11.208627,2026-09-05T19:24:40.227+01:00,578680,1608865,626,626,True,True,0x02,"NO_IRQ,OK,NO_IRQ,NO_IRQ","NONE,DELTA,NONE,NONE",
11.215667,2026-09-05T19:24:40.232+01:00,579306,1608866,544,544,True,True,0x02,"NO_IRQ,OK,NO_IRQ,NO_IRQ","NONE,DELTA,NONE,NONE",
11.218438,2026-09-05T19:24:40.239+01:00,579850,1608867,572,572,True,True,0x02,"NO_IRQ,OK,NO_IRQ,NO_IRQ","NONE,DELTA,NONE,NONE",
11.223091,2026-09-05T19:24:40.242+01:00,580422,1608868,570,570,True,True,0x02,"NO_IRQ,OK,NO_IRQ,NO_IRQ","NONE,DELTA,NONE,NONE",
11.231920,2026-09-05T19:24:40.247+01:00,580992,1608869,592,592,True,True,0x02,"NO_IRQ,OK,NO_IRQ,NO_IRQ","NONE,DELTA,NONE,NONE",
11.233285,2026-09-05T19:24:40.255+01:00,581584,1608870,574,574,True,True,0x02,"NO_IRQ,OK,NO_IRQ,NO_IRQ","NONE,DELTA,NONE,NONE",
11.238191,2026-09-05T19:24:40.257+01:00,582158,1608871,514,514,True,True,0x02,"NO_IRQ,OK,NO_IRQ,NO_IRQ","NONE,DELTA,NONE,NONE",
11.245269,2026-09-05T19:24:40.262+01:00,582672,1608872,532,532,True,True,0x02,"NO_IRQ,OK,NO_IRQ,NO_IRQ","NONE,DELTA,NONE,NONE",
11.248328,2026-09-05T19:24:40.269+01:00,583204,1608873,506,506,True,True,0x02,"NO_IRQ,OK,NO_IRQ,NO_IRQ","NONE,DELTA,NONE,NONE",
11.253264,2026-09-05T19:24:40.272+01:00,583710,1608874,490,490,True,True,0x02,"NO_IRQ,OK,NO_IRQ,NO_IRQ","NONE,DELTA,NONE,NONE",
11.257793,2026-09-05T19:24:40.277+01:00,584200,1608875,438,438,True,True,0x02,"NO_IRQ,OK,NO_IRQ,NO_IRQ","NONE,DELTA,NONE,NONE",
11.270011,2026-09-05T19:24:40.282+01:00,584638,1608876,490,490,True,True,0x02,"NO_IRQ,OK,NO_IRQ,NO_IRQ","NONE,DELTA,NONE,NONE",
11.270460,2026-09-05T19:24:40.294+01:00,585128,1608877,462,462,True,True,0x02,"NO_IRQ,OK,NO_IRQ,NO_IRQ","NONE,DELTA,NONE,NONE",
11.283519,2026-09-05T19:24:40.294+01:00,585590,1608878,378,378,True,True,0x02,"NO_IRQ,OK,NO_IRQ,NO_IRQ","NONE,DELTA,NONE,NONE",
11.284546,2026-09-05T19:24:40.307+01:00,585968,1608879,376,376,True,True,0x02,"NO_IRQ,OK,NO_IRQ,NO_IRQ","NONE,DELTA,NONE,NONE",
11.285175,2026-09-05T19:24:40.308+01:00,586344,1608880,396,396,True,True,0x02,"NO_IRQ,OK,NO_IRQ,NO_IRQ","NONE,DELTA,NONE,NONE",
11.287913,2026-09-05T19:24:40.309+01:00,586740,1608881,368,368,True,True,0x02,"NO_IRQ,OK,NO_IRQ,NO_IRQ","NONE,DELTA,NONE,NONE",
11.292778,2026-09-05T19:24:40.311+01:00,587108,1608882,332,332,True,True,0x02,"NO_IRQ,OK,NO_IRQ,NO_IRQ","NONE,DELTA,NONE,NONE",
11.301096,2026-09-05T19:24:40.316+01:00,587440,1608883,358,358,True,True,0x02,"NO_IRQ,OK,NO_IRQ,NO_IRQ","NONE,DELTA,NONE,NONE",
11.302921,2026-09-05T19:24:40.325+01:00,587798,1608884,416,416,True,True,0x02,"NO_IRQ,OK,NO_IRQ,NO_IRQ","NONE,DELTA,NONE,NONE",
11.307829,2026-09-05T19:24:40.326+01:00,588214,1608885,388,388,True,True,0x02,"NO_IRQ,OK,NO_IRQ,NO_IRQ","NONE,DELTA,NONE,NONE",
11.317742,2026-09-05T19:24:40.332+01:00,588602,1608886,356,356,True,True,0x02,"NO_IRQ,OK,NO_IRQ,NO_IRQ","NONE,DELTA,NONE,NONE",
11.318509,2026-09-05T19:24:40.341+01:00,588958,1608887,288,288,True,True,0x02,"NO_IRQ,OK,NO_IRQ,NO_IRQ","NONE,DELTA,NONE,NONE",
11.322903,2026-09-05T19:24:40.342+01:00,589246,1608888,358,358,True,True,0x02,"NO_IRQ,OK,NO_IRQ,NO_IRQ","NONE,DELTA,NONE,NONE",
11.327936,2026-09-05T19:24:40.346+01:00,589604,1608889,388,388,True,True,0x02,"NO_IRQ,OK,NO_IRQ,NO_IRQ","NONE,DELTA,NONE,NONE",
11.334616,2026-09-05T19:24:40.352+01:00,589992,1608890,368,368,True,True,0x02,"NO_IRQ,OK,NO_IRQ,NO_IRQ","NONE,DELTA,NONE,NONE",
11.337727,2026-09-05T19:24:40.358+01:00,590360,1608891,284,284,True,True,0x02,"NO_IRQ,OK,NO_IRQ,NO_IRQ","NONE,DELTA,NONE,NONE",
11.342621,2026-09-05T19:24:40.361+01:00,590644,1608892,328,328,True,True,0x02,"NO_IRQ,OK,NO_IRQ,NO_IRQ","NONE,DELTA,NONE,NONE",
11.350858,2026-09-05T19:24:40.366+01:00,590972,1608893,334,334,True,True,0x02,"NO_IRQ,OK,NO_IRQ,NO_IRQ","NONE,DELTA,NONE,NONE",
11.352600,2026-09-05T19:24:40.374+01:00,591306,1608894,318,318,True,True,0x02,"NO_IRQ,OK,NO_IRQ,NO_IRQ","NONE,DELTA,NONE,NONE",
11.357633,2026-09-05T19:24:40.376+01:00,591624,1608895,282,282,True,True,0x02,"NO_IRQ,OK,NO_IRQ,NO_IRQ","NONE,DELTA,NONE,NONE",
11.367229,2026-09-05T19:24:40.381+01:00,591906,1608896,340,340,True,True,0x02,"NO_IRQ,OK,NO_IRQ,NO_IRQ","NONE,DELTA,NONE,NONE",
11.367959,2026-09-05T19:24:40.391+01:00,592246,1608897,352,352,True,True,0x02,"NO_IRQ,OK,NO_IRQ,NO_IRQ","NONE,DELTA,NONE,NONE",
11.372784,2026-09-05T19:24:40.392+01:00,592598,1608898,370,370,True,True,0x02,"NO_IRQ,OK,NO_IRQ,NO_IRQ","NONE,DELTA,NONE,NONE",
11.383191,2026-09-05T19:24:40.396+01:00,592968,1608899,320,320,True,True,0x02,"NO_IRQ,OK,NO_IRQ,NO_IRQ","NONE,DELTA,NONE,NONE",
11.383953,2026-09-05T19:24:40.407+01:00,593288,1608900,348,348,True,True,0x02,"NO_IRQ,OK,NO_IRQ,NO_IRQ","NONE,DELTA,NONE,NONE",
11.387740,2026-09-05T19:24:40.407+01:00,593636,1608901,372,372,True,True,0x02,"NO_IRQ,OK,NO_IRQ,NO_IRQ","NONE,DELTA,NONE,NONE",
11.393170,2026-09-05T19:24:40.411+01:00,594008,1608902,418,418,True,True,0x02,"NO_IRQ,OK,NO_IRQ,NO_IRQ","NONE,DELTA,NONE,NONE",
11.402117,2026-09-05T19:24:40.417+01:00,594426,1608903,356,356,True,True,0x02,"NO_IRQ,OK,NO_IRQ,NO_IRQ","NONE,DELTA,NONE,NONE",
11.402844,2026-09-05T19:24:40.426+01:00,594782,1608904,432,432,True,True,0x02,"NO_IRQ,OK,NO_IRQ,NO_IRQ","NONE,DELTA,NONE,NONE",
11.407647,2026-09-05T19:24:40.426+01:00,595214,1608905,396,396,True,True,0x02,"NO_IRQ,OK,NO_IRQ,NO_IRQ","NONE,DELTA,NONE,NONE",
11.413832,2026-09-05T19:24:40.431+01:00,595610,1608906,422,422,True,True,0x02,"NO_IRQ,OK,NO_IRQ,NO_IRQ","NONE,DELTA,NONE,NONE",
11.419188,2026-09-05T19:24:40.439+01:00,596032,1608907,616,616,True,True,0x02,"NO_IRQ,OK,NO_IRQ,NO_IRQ","NONE,DELTA,NONE,NONE",
11.422543,2026-09-05T19:24:40.443+01:00,596648,1608908,470,470,True,True,0x02,"NO_IRQ,OK,NO_IRQ,NO_IRQ","NONE,DELTA,NONE,NONE",
11.428141,2026-09-05T19:24:40.446+01:00,597118,1608909,466,466,True,True,0x02,"NO_IRQ,OK,NO_IRQ,NO_IRQ","NONE,DELTA,NONE,NONE",
11.432590,2026-09-05T19:24:40.452+01:00,597584,1608910,482,482,True,True,0x02,"NO_IRQ,OK,NO_IRQ,NO_IRQ","NONE,DELTA,NONE,NONE",
11.444756,2026-09-05T19:24:40.457+01:00,598066,1608911,538,538,True,True,0x02,"NO_IRQ,OK,NO_IRQ,NO_IRQ","NONE,DELTA,NONE,NONE",
11.445664,2026-09-05T19:24:40.468+01:00,598604,1608912,534,534,True,True,0x02,"NO_IRQ,OK,NO_IRQ,NO_IRQ","NONE,DELTA,NONE,NONE",
11.447859,2026-09-05T19:24:40.470+01:00,599138,1608913,564,564,True,True,0x02,"NO_IRQ,OK,NO_IRQ,NO_IRQ","NONE,DELTA,NONE,NONE",
11.452968,2026-09-05T19:24:40.471+01:00,599702,1608914,616,616,True,True,0x02,"NO_IRQ,OK,NO_IRQ,NO_IRQ","NONE,DELTA,NONE,NONE",
11.462968,2026-09-05T19:24:40.477+01:00,600318,1608915,602,602,True,True,0x02,"NO_IRQ,OK,NO_IRQ,NO_IRQ","NONE,DELTA,NONE,NONE",
11.464244,2026-09-05T19:24:40.487+01:00,600920,1608916,604,604,True,True,0x02,"NO_IRQ,OK,NO_IRQ,NO_IRQ","NONE,DELTA,NONE,NONE",
11.468127,2026-09-05T19:24:40.488+01:00,601524,1608917,614,614,True,True,0x02,"NO_IRQ,OK,NO_IRQ,NO_IRQ","NONE,DELTA,NONE,NONE",
11.473330,2026-09-05T19:24:40.492+01:00,602138,1608918,640,640,True,True,0x02,"NO_IRQ,OK,NO_IRQ,NO_IRQ","NONE,DELTA,NONE,NONE",
11.480686,2026-09-05T19:24:40.497+01:00,602778,1608919,682,682,True,True,0x02,"NO_IRQ,OK,NO_IRQ,NO_IRQ","NONE,DELTA,NONE,NONE",
11.482917,2026-09-05T19:24:40.504+01:00,603460,1608920,650,650,True,True,0x02,"NO_IRQ,OK,NO_IRQ,NO_IRQ","NONE,DELTA,NONE,NONE",
11.488424,2026-09-05T19:24:40.507+01:00,604110,1608921,594,594,True,True,0x02,"NO_IRQ,OK,NO_IRQ,NO_IRQ","NONE,DELTA,NONE,NONE",
11.497702,2026-09-05T19:24:40.512+01:00,604704,1608922,580,580,True,True,0x02,"NO_IRQ,OK,NO_IRQ,NO_IRQ","NONE,DELTA,NONE,NONE",
11.498764,2026-09-05T19:24:40.521+01:00,605284,1608923,644,644,True,True,0x02,"NO_IRQ,OK,NO_IRQ,NO_IRQ","NONE,DELTA,NONE,NONE",
11.503501,2026-09-05T19:24:40.523+01:00,605928,1608924,584,584,True,True,0x02,"NO_IRQ,OK,NO_IRQ,NO_IRQ","NONE,DELTA,NONE,NONE",
11.508092,2026-09-05T19:24:40.527+01:00,606512,1608925,596,596,True,True,0x02,"NO_IRQ,OK,NO_IRQ,NO_IRQ","NONE,DELTA,NONE,NONE",
11.515647,2026-09-05T19:24:40.532+01:00,607108,1608926,630,630,True,True,0x02,"NO_IRQ,OK,NO_IRQ,NO_IRQ","NONE,DELTA,NONE,NONE",
11.517808,2026-09-05T19:24:40.539+01:00,607738,1608927,550,550,True,True,0x02,"NO_IRQ,OK,NO_IRQ,NO_IRQ","NONE,DELTA,NONE,NONE",
11.522999,2026-09-05T19:24:40.541+01:00,608288,1608928,550,550,True,True,0x02,"NO_IRQ,OK,NO_IRQ,NO_IRQ","NONE,DELTA,NONE,NONE",
11.533454,2026-09-05T19:24:40.547+01:00,608838,1608929,588,588,True,True,0x02,"NO_IRQ,OK,NO_IRQ,NO_IRQ","NONE,DELTA,NONE,NONE",
11.534224,2026-09-05T19:24:40.557+01:00,609426,1608930,530,530,True,True,0x02,"NO_IRQ,OK,NO_IRQ,NO_IRQ","NONE,DELTA,NONE,NONE",
11.537932,2026-09-05T19:24:40.558+01:00,609956,1608931,594,594,True,True,0x02,"NO_IRQ,OK,NO_IRQ,NO_IRQ","NONE,DELTA,NONE,NONE",
11.542628,2026-09-05T19:24:40.562+01:00,610550,1608932,510,510,True,True,0x02,"NO_IRQ,OK,NO_IRQ,NO_IRQ","NONE,DELTA,NONE,NONE",
11.550459,2026-09-05T19:24:40.566+01:00,611060,1608933,548,548,True,True,0x02,"NO_IRQ,OK,NO_IRQ,NO_IRQ","NONE,DELTA,NONE,NONE",
11.552765,2026-09-05T19:24:40.574+01:00,611608,1608934,548,548,True,True,0x02,"NO_IRQ,OK,NO_IRQ,NO_IRQ","NONE,DELTA,NONE,NONE",
11.557791,2026-09-05T19:24:40.576+01:00,612156,1608935,524,524,True,True,0x02,"NO_IRQ,OK,NO_IRQ,NO_IRQ","NONE,DELTA,NONE,NONE",
11.568236,2026-09-05T19:24:40.581+01:00,612680,1608936,598,598,True,True,0x02,"NO_IRQ,OK,NO_IRQ,NO_IRQ","NONE,DELTA,NONE,NONE",
11.569261,2026-09-05T19:24:40.592+01:00,613278,1608937,554,554,True,True,0x02,"NO_IRQ,OK,NO_IRQ,NO_IRQ","NONE,DELTA,NONE,NONE",
11.572835,2026-09-05T19:24:40.593+01:00,613832,1608938,528,528,True,True,0x02,"NO_IRQ,OK,NO_IRQ,NO_IRQ","NONE,DELTA,NONE,NONE",
11.577658,2026-09-05T19:24:40.596+01:00,614360,1608939,530,530,True,True,0x02,"NO_IRQ,OK,NO_IRQ,NO_IRQ","NONE,DELTA,NONE,NONE",
11.582983,2026-09-05T19:24:40.601+01:00,614890,1608940,568,568,True,True,0x02,"NO_IRQ,OK,NO_IRQ,NO_IRQ","NONE,DELTA,NONE,NONE",
11.587490,2026-09-05T19:24:40.607+01:00,615458,1608941,540,540,True,True,0x02,"NO_IRQ,OK,NO_IRQ,NO_IRQ","NONE,DELTA,NONE,NONE",
11.592354,2026-09-05T19:24:40.611+01:00,615998,1608942,482,482,True,True,0x02,"NO_IRQ,OK,NO_IRQ,NO_IRQ","NONE,DELTA,NONE,NONE",
11.597426,2026-09-05T19:24:40.616+01:00,616480,1608943,516,516,True,True,0x02,"NO_IRQ,OK,NO_IRQ,NO_IRQ","NONE,DELTA,NONE,NONE",
11.607466,2026-09-05T19:24:40.621+01:00,616996,1608944,420,420,True,True,0x02,"NO_IRQ,OK,NO_IRQ,NO_IRQ","NONE,DELTA,NONE,NONE",
11.607872,2026-09-05T19:24:40.631+01:00,617416,1608945,420,420,True,True,0x02,"NO_IRQ,OK,NO_IRQ,NO_IRQ","NONE,DELTA,NONE,NONE",
11.620549,2026-09-05T19:24:40.631+01:00,617836,1608946,354,354,True,True,0x02,"NO_IRQ,OK,NO_IRQ,NO_IRQ","NONE,DELTA,NONE,NONE",
11.621306,2026-09-05T19:24:40.644+01:00,618190,1608947,388,388,True,True,0x02,"NO_IRQ,OK,NO_IRQ,NO_IRQ","NONE,DELTA,NONE,NONE",
11.622310,2026-09-05T19:24:40.645+01:00,618578,1608948,408,408,True,True,0x02,"NO_IRQ,OK,NO_IRQ,NO_IRQ","NONE,DELTA,NONE,NONE",
11.628270,2026-09-05T19:24:40.646+01:00,618986,1608949,386,386,True,True,0x02,"NO_IRQ,OK,NO_IRQ,NO_IRQ","NONE,DELTA,NONE,NONE",
11.639451,2026-09-05T19:24:40.652+01:00,619372,1608950,364,364,True,True,0x02,"NO_IRQ,OK,NO_IRQ,NO_IRQ","NONE,DELTA,NONE,NONE",
11.640215,2026-09-05T19:24:40.663+01:00,619736,1608951,360,360,True,True,0x02,"NO_IRQ,OK,NO_IRQ,NO_IRQ","NONE,DELTA,NONE,NONE",
11.642007,2026-09-05T19:24:40.664+01:00,620096,1608952,320,320,True,True,0x02,"NO_IRQ,OK,NO_IRQ,NO_IRQ","NONE,DELTA,NONE,NONE",
11.647388,2026-09-05T19:24:40.666+01:00,620416,1608953,298,298,True,True,0x02,"NO_IRQ,OK,NO_IRQ,NO_IRQ","NONE,DELTA,NONE,NONE",
11.656420,2026-09-05T19:24:40.671+01:00,620714,1608954,344,344,True,True,0x02,"NO_IRQ,OK,NO_IRQ,NO_IRQ","NONE,DELTA,NONE,NONE",
11.657425,2026-09-05T19:24:40.680+01:00,621058,1608955,326,326,True,True,0x02,"NO_IRQ,OK,NO_IRQ,NO_IRQ","NONE,DELTA,NONE,NONE",
11.662318,2026-09-05T19:24:40.681+01:00,621384,1608956,304,304,True,True,0x02,"NO_IRQ,OK,NO_IRQ,NO_IRQ","NONE,DELTA,NONE,NONE",
11.667004,2026-09-05T19:24:40.686+01:00,621688,1608957,348,348,True,True,0x02,"NO_IRQ,OK,NO_IRQ,NO_IRQ","NONE,DELTA,NONE,NONE",
11.673465,2026-09-05T19:24:40.691+01:00,622036,1608958,314,314,True,True,0x02,"NO_IRQ,OK,NO_IRQ,NO_IRQ","NONE,DELTA,NONE,NONE",
11.677600,2026-09-05T19:24:40.697+01:00,622350,1608959,310,310,True,True,0x02,"NO_IRQ,OK,NO_IRQ,NO_IRQ","NONE,DELTA,NONE,NONE",
11.682222,2026-09-05T19:24:40.701+01:00,622660,1608960,282,282,True,True,0x02,"NO_IRQ,OK,NO_IRQ,NO_IRQ","NONE,DELTA,NONE,NONE",
11.689938,2026-09-05T19:24:40.706+01:00,622942,1608961,306,306,True,True,0x02,"NO_IRQ,OK,NO_IRQ,NO_IRQ","NONE,DELTA,NONE,NONE",
11.691958,2026-09-05T19:24:40.713+01:00,623248,1608962,322,322,True,True,0x02,"NO_IRQ,OK,NO_IRQ,NO_IRQ","NONE,DELTA,NONE,NONE",
11.697179,2026-09-05T19:24:40.715+01:00,623570,1608963,266,266,True,True,0x02,"NO_IRQ,OK,NO_IRQ,NO_IRQ","NONE,DELTA,NONE,NONE",
11.706528,2026-09-05T19:24:40.721+01:00,623836,1608964,290,290,True,True,0x02,"NO_IRQ,OK,NO_IRQ,NO_IRQ","NONE,DELTA,NONE,NONE",
11.707187,2026-09-05T19:24:40.730+01:00,624126,1608965,280,280,True,True,0x02,"NO_IRQ,OK,NO_IRQ,NO_IRQ","NONE,DELTA,NONE,NONE",
11.712042,2026-09-05T19:24:40.731+01:00,624406,1608966,302,302,True,True,0x02,"NO_IRQ,OK,NO_IRQ,NO_IRQ","NONE,DELTA,NONE,NONE",
11.716996,2026-09-05T19:24:40.736+01:00,624708,1608967,290,290,True,True,0x02,"NO_IRQ,OK,NO_IRQ,NO_IRQ","NONE,DELTA,NONE,NONE",
11.723995,2026-09-05T19:24:40.741+01:00,624998,1608968,262,262,True,True,0x02,"NO_IRQ,OK,NO_IRQ,NO_IRQ","NONE,DELTA,NONE,NONE",
11.727422,2026-09-05T19:24:40.748+01:00,625260,1608969,236,236,True,True,0x02,"NO_IRQ,OK,NO_IRQ,NO_IRQ","NONE,DELTA,NONE,NONE",
11.731644,2026-09-05T19:24:40.751+01:00,625496,1608970,216,216,True,True,0x02,"NO_IRQ,OK,NO_IRQ,NO_IRQ","NONE,DELTA,NONE,NONE",
11.740035,2026-09-05T19:24:40.755+01:00,625712,1608971,252,252,True,True,0x02,"NO_IRQ,OK,NO_IRQ,NO_IRQ","NONE,DELTA,NONE,NONE",
11.741766,2026-09-05T19:24:40.764+01:00,625964,1608972,250,250,True,True,0x02,"NO_IRQ,OK,NO_IRQ,NO_IRQ","NONE,DELTA,NONE,NONE",
11.747120,2026-09-05T19:24:40.766+01:00,626214,1608973,266,266,True,True,0x02,"NO_IRQ,OK,NO_IRQ,NO_IRQ","NONE,DELTA,NONE,NONE",
11.752699,2026-09-05T19:24:40.771+01:00,626480,1608974,216,216,True,True,0x02,"NO_IRQ,OK,NO_IRQ,NO_IRQ","NONE,DELTA,NONE,NONE",
11.757304,2026-09-05T19:24:40.776+01:00,626696,1608975,236,236,True,True,0x02,"NO_IRQ,OK,NO_IRQ,NO_IRQ","NONE,DELTA,NONE,NONE",
11.761967,2026-09-05T19:24:40.781+01:00,626932,1608976,214,214,True,True,0x02,"NO_IRQ,OK,NO_IRQ,NO_IRQ","NONE,DELTA,NONE,NONE",
11.766545,2026-09-05T19:24:40.786+01:00,627146,1608977,208,208,True,True,0x02,"NO_IRQ,OK,NO_IRQ,NO_IRQ","NONE,DELTA,NONE,NONE",
11.777225,2026-09-05T19:24:40.790+01:00,627354,1608978,254,254,True,True,0x02,"NO_IRQ,OK,NO_IRQ,NO_IRQ","NONE,DELTA,NONE,NONE",
11.781094,2026-09-05T19:24:40.804+01:00,627608,1608979,242,242,True,True,0x02,"NO_IRQ,OK,NO_IRQ,NO_IRQ","NONE,DELTA,NONE,NONE",
11.782119,2026-09-05T19:24:40.805+01:00,627850,1608980,254,254,True,True,0x02,"NO_IRQ,OK,NO_IRQ,NO_IRQ","NONE,DELTA,NONE,NONE",
11.786920,2026-09-05T19:24:40.806+01:00,628104,1608981,284,284,True,True,0x02,"NO_IRQ,OK,NO_IRQ,NO_IRQ","NONE,DELTA,NONE,NONE",
11.797900,2026-09-05T19:24:40.811+01:00,628388,1608982,244,244,True,True,0x02,"NO_IRQ,OK,NO_IRQ,NO_IRQ","NONE,DELTA,NONE,NONE",
11.798891,2026-09-05T19:24:40.821+01:00,628632,1608983,218,218,True,True,0x02,"NO_IRQ,OK,NO_IRQ,NO_IRQ","NONE,DELTA,NONE,NONE",
11.801663,2026-09-05T19:24:40.822+01:00,628850,1608984,246,246,True,True,0x02,"NO_IRQ,OK,NO_IRQ,NO_IRQ","NONE,DELTA,NONE,NONE",
11.807202,2026-09-05T19:24:40.825+01:00,629096,1608985,268,268,True,True,0x02,"NO_IRQ,OK,NO_IRQ,NO_IRQ","NONE,DELTA,NONE,NONE",
11.814977,2026-09-05T19:24:40.831+01:00,629364,1608986,278,278,True,True,0x02,"NO_IRQ,OK,NO_IRQ,NO_IRQ","NONE,DELTA,NONE,NONE",
11.816909,2026-09-05T19:24:40.839+01:00,629642,1608987,288,288,True,True,0x02,"NO_IRQ,OK,NO_IRQ,NO_IRQ","NONE,DELTA,NONE,NONE",
11.821764,2026-09-05T19:24:40.841+01:00,629930,1608988,250,250,True,True,0x02,"NO_IRQ,OK,NO_IRQ,NO_IRQ","NONE,DELTA,NONE,NONE",
11.827596,2026-09-05T19:24:40.845+01:00,630180,1608989,236,236,True,True,0x02,"NO_IRQ,OK,NO_IRQ,NO_IRQ","NONE,DELTA,NONE,NONE",
11.831900,2026-09-05T19:24:40.852+01:00,630416,1608990,274,274,True,True,0x02,"NO_IRQ,OK,NO_IRQ,NO_IRQ","NONE,DELTA,NONE,NONE",
11.836910,2026-09-05T19:24:40.856+01:00,630690,1608991,282,282,True,True,0x02,"NO_IRQ,OK,NO_IRQ,NO_IRQ","NONE,DELTA,NONE,NONE",
11.848052,2026-09-05T19:24:40.861+01:00,630972,1608992,254,254,True,True,0x02,"NO_IRQ,OK,NO_IRQ,NO_IRQ","NONE,DELTA,NONE,NONE",
11.848785,2026-09-05T19:24:40.872+01:00,631226,1608993,286,286,True,True,0x02,"NO_IRQ,OK,NO_IRQ,NO_IRQ","NONE,DELTA,NONE,NONE",
11.851659,2026-09-05T19:24:40.872+01:00,631512,1608994,284,284,True,True,0x02,"NO_IRQ,OK,NO_IRQ,NO_IRQ","NONE,DELTA,NONE,NONE",
11.856516,2026-09-05T19:24:40.875+01:00,631796,1608995,274,274,True,True,0x02,"NO_IRQ,OK,NO_IRQ,NO_IRQ","NONE,DELTA,NONE,NONE",
11.861636,2026-09-05T19:24:40.880+01:00,632070,1608996,260,260,True,True,0x02,"NO_IRQ,OK,NO_IRQ,NO_IRQ","NONE,DELTA,NONE,NONE",
11.866663,2026-09-05T19:24:40.886+01:00,632330,1608997,262,262,True,True,0x02,"NO_IRQ,OK,NO_IRQ,NO_IRQ","NONE,DELTA,NONE,NONE",
11.871702,2026-09-05T19:24:40.890+01:00,632592,1608998,278,278,True,True,0x02,"NO_IRQ,OK,NO_IRQ,NO_IRQ","NONE,DELTA,NONE,NONE",
11.881985,2026-09-05T19:24:40.895+01:00,632870,1608999,226,226,True,True,0x02,"NO_IRQ,OK,NO_IRQ,NO_IRQ","NONE,DELTA,NONE,NONE",
11.882666,2026-09-05T19:24:40.906+01:00,633096,1609000,250,250,True,True,0x02,"NO_IRQ,OK,NO_IRQ,NO_IRQ","NONE,DELTA,NONE,NONE",
11.886687,2026-09-05T19:24:40.906+01:00,633346,1609001,242,242,True,True,0x02,"NO_IRQ,OK,NO_IRQ,NO_IRQ","NONE,DELTA,NONE,NONE",
11.891552,2026-09-05T19:24:40.910+01:00,633588,1609002,208,208,True,True,0x02,"NO_IRQ,OK,NO_IRQ,NO_IRQ","NONE,DELTA,NONE,NONE",
11.899614,2026-09-05T19:24:40.915+01:00,633796,1609003,266,266,True,True,0x02,"NO_IRQ,OK,NO_IRQ,NO_IRQ","NONE,DELTA,NONE,NONE",
11.901541,2026-09-05T19:24:40.923+01:00,634062,1609004,254,254,True,True,0x02,"NO_IRQ,OK,NO_IRQ,NO_IRQ","NONE,DELTA,NONE,NONE",
11.906729,2026-09-05T19:24:40.925+01:00,634316,1609005,224,224,True,True,0x02,"NO_IRQ,OK,NO_IRQ,NO_IRQ","NONE,DELTA,NONE,NONE",
11.912489,2026-09-05T19:24:40.930+01:00,634540,1609006,274,274,True,True,0x02,"NO_IRQ,OK,NO_IRQ,NO_IRQ","NONE,DELTA,NONE,NONE",
11.917400,2026-09-05T19:24:40.936+01:00,634814,1609007,296,296,True,True,0x02,"NO_IRQ,OK,NO_IRQ,NO_IRQ","NONE,DELTA,NONE,NONE",
11.921324,2026-09-05T19:24:40.942+01:00,635110,1609008,256,256,True,True,0x02,"NO_IRQ,OK,NO_IRQ,NO_IRQ","NONE,DELTA,NONE,NONE",
11.926408,2026-09-05T19:24:40.945+01:00,635366,1609009,288,288,True,True,0x02,"NO_IRQ,OK,NO_IRQ,NO_IRQ","NONE,DELTA,NONE,NONE",
11.937125,2026-09-05T19:24:40.950+01:00,635654,1609010,226,226,True,True,0x02,"NO_IRQ,OK,NO_IRQ,NO_IRQ","NONE,DELTA,NONE,NONE",
11.937497,2026-09-05T19:24:40.961+01:00,635880,1609011,242,242,True,True,0x02,"NO_IRQ,OK,NO_IRQ,NO_IRQ","NONE,DELTA,NONE,NONE",
11.951125,2026-09-05T19:24:40.961+01:00,636122,1609012,210,210,True,True,0x02,"NO_IRQ,OK,NO_IRQ,NO_IRQ","NONE,DELTA,NONE,NONE",
11.951802,2026-09-05T19:24:40.975+01:00,636332,1609013,212,212,True,True,0x02,"NO_IRQ,OK,NO_IRQ,NO_IRQ","NONE,DELTA,NONE,NONE",
11.952391,2026-09-05T19:24:40.975+01:00,636544,1609014,218,218,True,True,0x02,"NO_IRQ,OK,NO_IRQ,NO_IRQ","NONE,DELTA,NONE,NONE",
11.956360,2026-09-05T19:24:40.976+01:00,636762,1609015,228,228,True,True,0x02,"NO_IRQ,OK,NO_IRQ,NO_IRQ","NONE,DELTA,NONE,NONE",
11.961643,2026-09-05T19:24:40.980+01:00,636990,1609016,216,216,True,True,0x02,"NO_IRQ,OK,NO_IRQ,NO_IRQ","NONE,DELTA,NONE,NONE",
11.968229,2026-09-05T19:24:40.985+01:00,637206,1609017,224,224,True,True,0x02,"NO_IRQ,OK,NO_IRQ,NO_IRQ","NONE,DELTA,NONE,NONE",
11.971462,2026-09-05T19:24:40.992+01:00,637430,1609018,234,234,True,True,0x02,"NO_IRQ,OK,NO_IRQ,NO_IRQ","NONE,DELTA,NONE,NONE",
11.977281,2026-09-05T19:24:40.995+01:00,637664,1609019,190,190,True,True,0x02,"NO_IRQ,OK,NO_IRQ,NO_IRQ","NONE,DELTA,NONE,NONE",
11.984734,2026-09-05T19:24:41.001+01:00,637854,1609020,232,232,True,True,0x02,"NO_IRQ,OK,NO_IRQ,NO_IRQ","NONE,DELTA,NONE,NONE",
11.986414,2026-09-05T19:24:41.008+01:00,638086,1609021,228,228,True,True,0x02,"NO_IRQ,OK,NO_IRQ,NO_IRQ","NONE,DELTA,NONE,NONE",
11.991351,2026-09-05T19:24:41.010+01:00,638314,1609022,218,218,True,True,0x02,"NO_IRQ,OK,NO_IRQ,NO_IRQ","NONE,DELTA,NONE,NONE",
12.001599,2026-09-05T19:24:41.015+01:00,638532,1609023,252,252,True,True,0x02,"NO_IRQ,OK,NO_IRQ,NO_IRQ","NONE,DELTA,NONE,NONE",
12.002337,2026-09-05T19:24:41.025+01:00,638784,1609024,256,256,True,True,0x02,"NO_IRQ,OK,NO_IRQ,NO_IRQ","NONE,DELTA,NONE,NONE",
12.006355,2026-09-05T19:24:41.026+01:00,639040,1609025,226,226,True,True,0x02,"NO_IRQ,OK,NO_IRQ,NO_IRQ","NONE,DELTA,NONE,NONE",
12.011483,2026-09-05T19:24:41.030+01:00,639266,1609026,208,208,True,True,0x02,"NO_IRQ,OK,NO_IRQ,NO_IRQ","NONE,DELTA,NONE,NONE",
12.018456,2026-09-05T19:24:41.035+01:00,639474,1609027,248,248,True,True,0x02,"NO_IRQ,OK,NO_IRQ,NO_IRQ","NONE,DELTA,NONE,NONE",
12.021453,2026-09-05T19:24:41.042+01:00,639722,1609028,192,192,True,True,0x02,"NO_IRQ,OK,NO_IRQ,NO_IRQ","NONE,DELTA,NONE,NONE",
12.027242,2026-09-05T19:24:41.045+01:00,639914,1609029,220,220,True,True,0x02,"NO_IRQ,OK,NO_IRQ,NO_IRQ","NONE,DELTA,NONE,NONE",
12.034532,2026-09-05T19:24:41.051+01:00,640134,1609030,208,208,True,True,0x02,"NO_IRQ,OK,NO_IRQ,NO_IRQ","NONE,DELTA,NONE,NONE",
12.035967,2026-09-05T19:24:41.058+01:00,640342,1609031,168,168,True,True,0x02,"NO_IRQ,OK,NO_IRQ,NO_IRQ","NONE,DELTA,NONE,NONE",
12.041401,2026-09-05T19:24:41.059+01:00,640510,1609032,238,238,True,True,0x02,"NO_IRQ,OK,NO_IRQ,NO_IRQ","NONE,DELTA,NONE,NONE",
12.050628,2026-09-05T19:24:41.065+01:00,640748,1609033,214,214,True,True,0x02,"NO_IRQ,OK,NO_IRQ,NO_IRQ","NONE,DELTA,NONE,NONE",
12.051585,2026-09-05T19:24:41.074+01:00,640962,1609034,204,204,True,True,0x02,"NO_IRQ,OK,NO_IRQ,NO_IRQ","NONE,DELTA,NONE,NONE",
12.056217,2026-09-05T19:24:41.075+01:00,641166,1609035,214,214,True,True,0x02,"NO_IRQ,OK,NO_IRQ,NO_IRQ","NONE,DELTA,NONE,NONE",
12.061116,2026-09-05T19:24:41.080+01:00,641380,1609036,196,196,True,True,0x02,"NO_IRQ,OK,NO_IRQ,NO_IRQ","NONE,DELTA,NONE,NONE",
12.067629,2026-09-05T19:24:41.085+01:00,641576,1609037,232,232,True,True,0x02,"NO_IRQ,OK,NO_IRQ,NO_IRQ","NONE,DELTA,NONE,NONE",
12.071350,2026-09-05T19:24:41.091+01:00,641808,1609038,230,230,True,True,0x02,"NO_IRQ,OK,NO_IRQ,NO_IRQ","NONE,DELTA,NONE,NONE",
12.076551,2026-09-05T19:24:41.095+01:00,642038,1609039,206,206,True,True,0x02,"NO_IRQ,OK,NO_IRQ,NO_IRQ","NONE,DELTA,NONE,NONE",
12.081814,2026-09-05T19:24:41.100+01:00,642244,1609040,216,216,True,True,0x02,"NO_IRQ,OK,NO_IRQ,NO_IRQ","NONE,DELTA,NONE,NONE",
12.086172,2026-09-05T19:24:41.105+01:00,642460,1609041,190,190,True,True,0x02,"NO_IRQ,OK,NO_IRQ,NO_IRQ","NONE,DELTA,NONE,NONE",
12.091228,2026-09-05T19:24:41.110+01:00,642650,1609042,212,212,True,True,0x02,"NO_IRQ,OK,NO_IRQ,NO_IRQ","NONE,DELTA,NONE,NONE",
12.105664,2026-09-05T19:24:41.115+01:00,642862,1609043,200,200,True,True,0x02,"NO_IRQ,OK,NO_IRQ,NO_IRQ","NONE,DELTA,NONE,NONE",
12.108892,2026-09-05T19:24:41.132+01:00,643062,1609044,224,224,True,True,0x02,"NO_IRQ,OK,NO_IRQ,NO_IRQ","NONE,DELTA,NONE,NONE",
12.110456,2026-09-05T19:24:41.132+01:00,643286,1609045,166,166,True,True,0x02,"NO_IRQ,OK,NO_IRQ,NO_IRQ","NONE,DELTA,NONE,NONE",
12.111667,2026-09-05T19:24:41.134+01:00,643452,1609046,174,174,True,True,0x02,"NO_IRQ,OK,NO_IRQ,NO_IRQ","NONE,DELTA,NONE,NONE",
12.116206,2026-09-05T19:24:41.135+01:00,643626,1609047,208,208,True,True,0x02,"NO_IRQ,OK,NO_IRQ,NO_IRQ","NONE,DELTA,NONE,NONE",
12.126642,2026-09-05T19:24:41.140+01:00,643834,1609048,1084,1084,True,True,0x02,"NO_IRQ,OK,NO_IRQ,NO_IRQ","NONE,DELTA_SYNC,NONE,NONE",
12.127767,2026-09-05T19:24:41.150+01:00,644918,1609049,230,230,True,True,0x02,"NO_IRQ,OK,NO_IRQ,NO_IRQ","NONE,DELTA,NONE,NONE",
12.131270,2026-09-05T19:24:41.151+01:00,645148,1609050,208,208,True,True,0x02,"NO_IRQ,OK,NO_IRQ,NO_IRQ","NONE,DELTA,NONE,NONE",
12.136000,2026-09-05T19:24:41.155+01:00,645356,1609051,218,218,True,True,0x02,"NO_IRQ,OK,NO_IRQ,NO_IRQ","NONE,DELTA,NONE,NONE",
12.143986,2026-09-05T19:24:41.160+01:00,645574,1609052,218,218,True,True,0x02,"NO_IRQ,OK,NO_IRQ,NO_IRQ","NONE,DELTA,NONE,NONE",
12.145840,2026-09-05T19:24:41.168+01:00,645792,1609053,210,210,True,True,0x02,"NO_IRQ,OK,NO_IRQ,NO_IRQ","NONE,DELTA,NONE,NONE",
12.151092,2026-09-05T19:24:41.170+01:00,646002,1609054,178,178,True,True,0x02,"NO_IRQ,OK,NO_IRQ,NO_IRQ","NONE,DELTA,NONE,NONE",
12.159691,2026-09-05T19:24:41.175+01:00,646180,1609055,184,184,True,True,0x02,"NO_IRQ,OK,NO_IRQ,NO_IRQ","NONE,DELTA,NONE,NONE",
12.161058,2026-09-05T19:24:41.183+01:00,646364,1609056,208,208,True,True,0x02,"NO_IRQ,OK,NO_IRQ,NO_IRQ","NONE,DELTA,NONE,NONE",
12.166298,2026-09-05T19:24:41.185+01:00,646572,1609057,212,212,True,True,0x02,"NO_IRQ,OK,NO_IRQ,NO_IRQ","NONE,DELTA,NONE,NONE",
12.177702,2026-09-05T19:24:41.190+01:00,646784,1609058,182,182,True,True,0x02,"NO_IRQ,OK,NO_IRQ,NO_IRQ","NONE,DELTA,NONE,NONE",
12.178841,2026-09-05T19:24:41.201+01:00,646966,1609059,202,202,True,True,0x02,"NO_IRQ,OK,NO_IRQ,NO_IRQ","NONE,DELTA,NONE,NONE",
12.180972,2026-09-05T19:24:41.202+01:00,647168,1609060,190,190,True,True,0x02,"NO_IRQ,OK,NO_IRQ,NO_IRQ","NONE,DELTA,NONE,NONE",
12.185913,2026-09-05T19:24:41.205+01:00,647358,1609061,188,188,True,True,0x02,"NO_IRQ,OK,NO_IRQ,NO_IRQ","NONE,DELTA,NONE,NONE",
12.194559,2026-09-05T19:24:41.210+01:00,647546,1609062,202,202,True,True,0x02,"NO_IRQ,OK,NO_IRQ,NO_IRQ","NONE,DELTA,NONE,NONE",
12.195969,2026-09-05T19:24:41.218+01:00,647748,1609063,182,182,True,True,0x02,"NO_IRQ,OK,NO_IRQ,NO_IRQ","NONE,DELTA,NONE,NONE",
12.200903,2026-09-05T19:24:41.219+01:00,647930,1609064,178,178,True,True,0x02,"NO_IRQ,OK,NO_IRQ,NO_IRQ","NONE,DELTA,NONE,NONE",
12.211877,2026-09-05T19:24:41.224+01:00,648108,1609065,226,226,True,True,0x02,"NO_IRQ,OK,NO_IRQ,NO_IRQ","NONE,DELTA,NONE,NONE",
12.212605,2026-09-05T19:24:41.235+01:00,648334,1609066,186,186,True,True,0x02,"NO_IRQ,OK,NO_IRQ,NO_IRQ","NONE,DELTA,NONE,NONE",
12.216011,2026-09-05T19:24:41.236+01:00,648520,1609067,194,194,True,True,0x02,"NO_IRQ,OK,NO_IRQ,NO_IRQ","NONE,DELTA,NONE,NONE",
12.220965,2026-09-05T19:24:41.240+01:00,648714,1609068,194,194,True,True,0x02,"NO_IRQ,OK,NO_IRQ,NO_IRQ","NONE,DELTA,NONE,NONE",
12.228827,2026-09-05T19:24:41.245+01:00,648908,1609069,214,214,True,True,0x02,"NO_IRQ,OK,NO_IRQ,NO_IRQ","NONE,DELTA,NONE,NONE",
12.230749,2026-09-05T19:24:41.252+01:00,649122,1609070,196,196,True,True,0x02,"NO_IRQ,OK,NO_IRQ,NO_IRQ","NONE,DELTA,NONE,NONE",
12.235886,2026-09-05T19:24:41.255+01:00,649318,1609071,192,192,True,True,0x02,"NO_IRQ,OK,NO_IRQ,NO_IRQ","NONE,DELTA,NONE,NONE",
12.241226,2026-09-05T19:24:41.259+01:00,649510,1609072,200,200,True,True,0x02,"NO_IRQ,OK,NO_IRQ,NO_IRQ","NONE,DELTA,NONE,NONE",
12.246319,2026-09-05T19:24:41.265+01:00,649710,1609073,200,200,True,True,0x02,"NO_IRQ,OK,NO_IRQ,NO_IRQ","NONE,DELTA,NONE,NONE",
12.250714,2026-09-05T19:24:41.270+01:00,649910,1609074,188,188,True,True,0x02,"NO_IRQ,OK,NO_IRQ,NO_IRQ","NONE,DELTA,NONE,NONE",
12.255531,2026-09-05T19:24:41.274+01:00,650098,1609075,188,188,True,True,0x02,"NO_IRQ,OK,NO_IRQ,NO_IRQ","NONE,DELTA,NONE,NONE",
12.266015,2026-09-05T19:24:41.279+01:00,650286,1609076,204,204,True,True,0x02,"NO_IRQ,OK,NO_IRQ,NO_IRQ","NONE,DELTA,NONE,NONE",
12.266467,2026-09-05T19:24:41.290+01:00,650490,1609077,204,204,True,True,0x02,"NO_IRQ,OK,NO_IRQ,NO_IRQ","NONE,DELTA,NONE,NONE",
12.279153,2026-09-05T19:24:41.290+01:00,650694,1609078,218,218,True,True,0x02,"NO_IRQ,OK,NO_IRQ,NO_IRQ","NONE,DELTA,NONE,NONE",
12.279866,2026-09-05T19:24:41.303+01:00,650912,1609079,220,220,True,True,0x02,"NO_IRQ,OK,NO_IRQ,NO_IRQ","NONE,DELTA,NONE,NONE",
12.280902,2026-09-05T19:24:41.304+01:00,651132,1609080,208,208,True,True,0x02,"NO_IRQ,OK,NO_IRQ,NO_IRQ","NONE,DELTA,NONE,NONE",
12.285918,2026-09-05T19:24:41.304+01:00,651340,1609081,190,190,True,True,0x02,"NO_IRQ,OK,NO_IRQ,NO_IRQ","NONE,DELTA,NONE,NONE",
12.295843,2026-09-05T19:24:41.309+01:00,651530,1609082,216,216,True,True,0x02,"NO_IRQ,OK,NO_IRQ,NO_IRQ","NONE,DELTA,NONE,NONE",
12.296952,2026-09-05T19:24:41.320+01:00,651746,1609083,178,178,True,True,0x02,"NO_IRQ,OK,NO_IRQ,NO_IRQ","NONE,DELTA,NONE,NONE",
12.300767,2026-09-05T19:24:41.320+01:00,651924,1609084,188,188,True,True,0x02,"NO_IRQ,OK,NO_IRQ,NO_IRQ","NONE,DELTA,NONE,NONE",
12.305462,2026-09-05T19:24:41.324+01:00,652112,1609085,186,186,True,True,0x02,"NO_IRQ,OK,NO_IRQ,NO_IRQ","NONE,DELTA,NONE,NONE",
12.312112,2026-09-05T19:24:41.329+01:00,652298,1609086,180,180,True,True,0x02,"NO_IRQ,OK,NO_IRQ,NO_IRQ","NONE,DELTA,NONE,NONE",
12.315871,2026-09-05T19:24:41.336+01:00,652478,1609087,178,178,True,True,0x02,"NO_IRQ,OK,NO_IRQ,NO_IRQ","NONE,DELTA,NONE,NONE",
12.320509,2026-09-05T19:24:41.339+01:00,652656,1609088,194,194,True,True,0x02,"NO_IRQ,OK,NO_IRQ,NO_IRQ","NONE,DELTA,NONE,NONE",
12.329123,2026-09-05T19:24:41.344+01:00,652850,1609089,188,188,True,True,0x02,"NO_IRQ,OK,NO_IRQ,NO_IRQ","NONE,DELTA,NONE,NONE",
12.330550,2026-09-05T19:24:41.353+01:00,653038,1609090,200,200,True,True,0x02,"NO_IRQ,OK,NO_IRQ,NO_IRQ","NONE,DELTA,NONE,NONE",
12.335685,2026-09-05T19:24:41.354+01:00,653238,1609091,186,186,True,True,0x02,"NO_IRQ,OK,NO_IRQ,NO_IRQ","NONE,DELTA,NONE,NONE",
12.345586,2026-09-05T19:24:41.359+01:00,653424,1609092,190,190,True,True,0x02,"NO_IRQ,OK,NO_IRQ,NO_IRQ","NONE,DELTA,NONE,NONE",
12.346279,2026-09-05T19:24:41.369+01:00,653614,1609093,190,190,True,True,0x02,"NO_IRQ,OK,NO_IRQ,NO_IRQ","NONE,DELTA,NONE,NONE",
12.350944,2026-09-05T19:24:41.370+01:00,653804,1609094,220,220,True,True,0x02,"NO_IRQ,OK,NO_IRQ,NO_IRQ","NONE,DELTA,NONE,NONE",
12.361764,2026-09-05T19:24:41.374+01:00,654024,1609095,198,198,True,True,0x02,"NO_IRQ,OK,NO_IRQ,NO_IRQ","NONE,DELTA,NONE,NONE",
12.362144,2026-09-05T19:24:41.385+01:00,654222,1609096,176,176,True,True,0x02,"NO_IRQ,OK,NO_IRQ,NO_IRQ","NONE,DELTA,NONE,NONE",
12.365636,2026-09-05T19:24:41.386+01:00,654398,1609097,188,188,True,True,0x02,"NO_IRQ,OK,NO_IRQ,NO_IRQ","NONE,DELTA,NONE,NONE",
12.370642,2026-09-05T19:24:41.389+01:00,654586,1609098,212,212,True,True,0x02,"NO_IRQ,OK,NO_IRQ,NO_IRQ","NONE,DELTA,NONE,NONE",
12.379479,2026-09-05T19:24:41.394+01:00,654798,1609099,202,202,True,True,0x02,"NO_IRQ,OK,NO_IRQ,NO_IRQ","NONE,DELTA,NONE,NONE",
12.380552,2026-09-05T19:24:41.403+01:00,655000,1609100,176,176,True,True,0x02,"NO_IRQ,OK,NO_IRQ,NO_IRQ","NONE,DELTA,NONE,NONE",
12.385778,2026-09-05T19:24:41.404+01:00,655176,1609101,186,186,True,True,0x02,"NO_IRQ,OK,NO_IRQ,NO_IRQ","NONE,DELTA,NONE,NONE",
12.396610,2026-09-05T19:24:41.410+01:00,655362,1609102,198,198,True,True,0x02,"NO_IRQ,OK,NO_IRQ,NO_IRQ","NONE,DELTA,NONE,NONE",
12.397305,2026-09-05T19:24:41.420+01:00,655560,1609103,198,198,True,True,0x02,"NO_IRQ,OK,NO_IRQ,NO_IRQ","NONE,DELTA,NONE,NONE",
12.400587,2026-09-05T19:24:41.421+01:00,655758,1609104,216,216,True,True,0x02,"NO_IRQ,OK,NO_IRQ,NO_IRQ","NONE,DELTA,NONE,NONE",
12.405819,2026-09-05T19:24:41.424+01:00,655974,1609105,232,232,True,True,0x02,"NO_IRQ,OK,NO_IRQ,NO_IRQ","NONE,DELTA,NONE,NONE",
12.411965,2026-09-05T19:24:41.429+01:00,656206,1609106,196,196,True,True,0x02,"NO_IRQ,OK,NO_IRQ,NO_IRQ","NONE,DELTA,NONE,NONE",
12.415298,2026-09-05T19:24:41.436+01:00,656402,1609107,178,178,True,True,0x02,"NO_IRQ,OK,NO_IRQ,NO_IRQ","NONE,DELTA,NONE,NONE",
12.420236,2026-09-05T19:24:41.439+01:00,656580,1609108,186,186,True,True,0x02,"NO_IRQ,OK,NO_IRQ,NO_IRQ","NONE,DELTA,NONE,NONE",
12.425302,2026-09-05T19:24:41.444+01:00,656766,1609109,224,224,True,True,0x02,"NO_IRQ,OK,NO_IRQ,NO_IRQ","NONE,DELTA,NONE,NONE",
12.438106,2026-09-05T19:24:41.449+01:00,656990,1609110,248,248,True,True,0x02,"NO_IRQ,OK,NO_IRQ,NO_IRQ","NONE,DELTA,NONE,NONE",
12.439616,2026-09-05T19:24:41.462+01:00,657238,1609111,220,220,True,True,0x02,"NO_IRQ,OK,NO_IRQ,NO_IRQ","NONE,DELTA,NONE,NONE",
12.440462,2026-09-05T19:24:41.463+01:00,657458,1609112,194,194,True,True,0x02,"NO_IRQ,OK,NO_IRQ,NO_IRQ","NONE,DELTA,NONE,NONE",
12.445639,2026-09-05T19:24:41.464+01:00,657652,1609113,190,190,True,True,0x02,"NO_IRQ,OK,NO_IRQ,NO_IRQ","NONE,DELTA,NONE,NONE",
12.454913,2026-09-05T19:24:41.469+01:00,657842,1609114,210,210,True,True,0x02,"NO_IRQ,OK,NO_IRQ,NO_IRQ","NONE,DELTA,NONE,NONE",
12.455720,2026-09-05T19:24:41.478+01:00,658052,1609115,194,194,True,True,0x02,"NO_IRQ,OK,NO_IRQ,NO_IRQ","NONE,DELTA,NONE,NONE",
12.460964,2026-09-05T19:24:41.479+01:00,658246,1609116,192,192,True,True,0x02,"NO_IRQ,OK,NO_IRQ,NO_IRQ","NONE,DELTA,NONE,NONE",
12.471190,2026-09-05T19:24:41.485+01:00,658438,1609117,198,198,True,True,0x02,"NO_IRQ,OK,NO_IRQ,NO_IRQ","NONE,DELTA,NONE,NONE",
12.471966,2026-09-05T19:24:41.495+01:00,658636,1609118,204,204,True,True,0x02,"NO_IRQ,OK,NO_IRQ,NO_IRQ","NONE,DELTA,NONE,NONE",
12.475602,2026-09-05T19:24:41.496+01:00,658840,1609119,192,192,True,True,0x02,"NO_IRQ,OK,NO_IRQ,NO_IRQ","NONE,DELTA,NONE,NONE",
12.480576,2026-09-05T19:24:41.499+01:00,659032,1609120,224,224,True,True,0x02,"NO_IRQ,OK,NO_IRQ,NO_IRQ","NONE,DELTA,NONE,NONE",
12.487794,2026-09-05T19:24:41.504+01:00,659256,1609121,210,210,True,True,0x02,"NO_IRQ,OK,NO_IRQ,NO_IRQ","NONE,DELTA,NONE,NONE",
12.490596,2026-09-05T19:24:41.511+01:00,659466,1609122,196,196,True,True,0x02,"NO_IRQ,OK,NO_IRQ,NO_IRQ","NONE,DELTA,NONE,NONE",
12.495528,2026-09-05T19:24:41.514+01:00,659662,1609123,230,230,True,True,0x02,"NO_IRQ,OK,NO_IRQ,NO_IRQ","NONE,DELTA,NONE,NONE",
12.503824,2026-09-05T19:24:41.519+01:00,659892,1609124,194,194,True,True,0x02,"NO_IRQ,OK,NO_IRQ,NO_IRQ","NONE,DELTA,NONE,NONE",
12.505239,2026-09-05T19:24:41.527+01:00,660086,1609125,206,206,True,True,0x02,"NO_IRQ,OK,NO_IRQ,NO_IRQ","NONE,DELTA,NONE,NONE",
12.510643,2026-09-05T19:24:41.529+01:00,660292,1609126,198,198,True,True,0x02,"NO_IRQ,OK,NO_IRQ,NO_IRQ","NONE,DELTA,NONE,NONE",
12.519952,2026-09-05T19:24:41.534+01:00,660490,1609127,198,198,True,True,0x02,"NO_IRQ,OK,NO_IRQ,NO_IRQ","NONE,DELTA,NONE,NONE",
12.520805,2026-09-05T19:24:41.543+01:00,660688,1609128,186,186,True,True,0x02,"NO_IRQ,OK,NO_IRQ,NO_IRQ","NONE,DELTA,NONE,NONE",
12.525460,2026-09-05T19:24:41.544+01:00,660874,1609129,190,190,True,True,0x02,"NO_IRQ,OK,NO_IRQ,NO_IRQ","NONE,DELTA,NONE,NONE",
12.536281,2026-09-05T19:24:41.549+01:00,661064,1609130,196,196,True,True,0x02,"NO_IRQ,OK,NO_IRQ,NO_IRQ","NONE,DELTA,NONE,NONE",
12.536932,2026-09-05T19:24:41.560+01:00,661260,1609131,216,216,True,True,0x02,"NO_IRQ,OK,NO_IRQ,NO_IRQ","NONE,DELTA,NONE,NONE",
12.540454,2026-09-05T19:24:41.560+01:00,661476,1609132,196,196,True,True,0x02,"NO_IRQ,OK,NO_IRQ,NO_IRQ","NONE,DELTA,NONE,NONE",
12.545211,2026-09-05T19:24:41.564+01:00,661672,1609133,168,168,True,True,0x02,"NO_IRQ,OK,NO_IRQ,NO_IRQ","NONE,DELTA,NONE,NONE",
12.553106,2026-09-05T19:24:41.569+01:00,661840,1609134,178,178,True,True,0x02,"NO_IRQ,OK,NO_IRQ,NO_IRQ","NONE,DELTA,NONE,NONE",
12.555073,2026-09-05T19:24:41.577+01:00,662018,1609135,176,176,True,True,0x02,"NO_IRQ,OK,NO_IRQ,NO_IRQ","NONE,DELTA,NONE,NONE",
12.560784,2026-09-05T19:24:41.579+01:00,662194,1609136,182,182,True,True,0x02,"NO_IRQ,OK,NO_IRQ,NO_IRQ","NONE,DELTA,NONE,NONE",
12.565881,2026-09-05T19:24:41.585+01:00,662376,1609137,186,186,True,True,0x02,"NO_IRQ,OK,NO_IRQ,NO_IRQ","NONE,DELTA,NONE,NONE",
12.570503,2026-09-05T19:24:41.589+01:00,662562,1609138,192,192,True,True,0x02,"NO_IRQ,OK,NO_IRQ,NO_IRQ","NONE,DELTA,NONE,NONE",
12.574998,2026-09-05T19:24:41.594+01:00,662754,1609139,200,200,True,True,0x02,"NO_IRQ,OK,NO_IRQ,NO_IRQ","NONE,DELTA,NONE,NONE",
12.580058,2026-09-05T19:24:41.599+01:00,662954,1609140,184,184,True,True,0x02,"NO_IRQ,OK,NO_IRQ,NO_IRQ","NONE,DELTA,NONE,NONE",
12.589814,2026-09-05T19:24:41.604+01:00,663138,1609141,188,188,True,True,0x02,"NO_IRQ,OK,NO_IRQ,NO_IRQ","NONE,DELTA,NONE,NONE",
12.590213,2026-09-05T19:24:41.613+01:00,663326,1609142,170,170,True,True,0x02,"NO_IRQ,OK,NO_IRQ,NO_IRQ","NONE,DELTA,NONE,NONE",
12.604266,2026-09-05T19:24:41.614+01:00,663496,1609143,196,196,True,True,0x02,"NO_IRQ,OK,NO_IRQ,NO_IRQ","NONE,DELTA,NONE,NONE",
12.605115,2026-09-05T19:24:41.628+01:00,663692,1609144,160,160,True,True,0x02,"NO_IRQ,OK,NO_IRQ,NO_IRQ","NONE,DELTA,NONE,NONE",
12.605703,2026-09-05T19:24:41.629+01:00,663852,1609145,198,198,True,True,0x02,"NO_IRQ,OK,NO_IRQ,NO_IRQ","NONE,DELTA,NONE,NONE",
12.610564,2026-09-05T19:24:41.629+01:00,664050,1609146,164,164,True,True,0x02,"NO_IRQ,OK,NO_IRQ,NO_IRQ","NONE,DELTA,NONE,NONE",
12.614961,2026-09-05T19:24:41.634+01:00,664214,1609147,194,194,True,True,0x02,"NO_IRQ,OK,NO_IRQ,NO_IRQ","NONE,DELTA,NONE,NONE",
12.621359,2026-09-05T19:24:41.638+01:00,664408,1609148,196,196,True,True,0x02,"NO_IRQ,OK,NO_IRQ,NO_IRQ","NONE,DELTA,NONE,NONE",
12.625116,2026-09-05T19:24:41.645+01:00,664604,1609149,178,178,True,True,0x02,"NO_IRQ,OK,NO_IRQ,NO_IRQ","NONE,DELTA,NONE,NONE",
12.630079,2026-09-05T19:24:41.649+01:00,664782,1609150,178,178,True,True,0x02,"NO_IRQ,OK,NO_IRQ,NO_IRQ","NONE,DELTA,NONE,NONE",
12.637304,2026-09-05T19:24:41.654+01:00,664960,1609151,178,178,True,True,0x02,"NO_IRQ,OK,NO_IRQ,NO_IRQ","NONE,DELTA,NONE,NONE",
12.640225,2026-09-05T19:24:41.661+01:00,665138,1609152,174,174,True,True,0x02,"NO_IRQ,OK,NO_IRQ,NO_IRQ","NONE,DELTA,NONE,NONE",
12.645156,2026-09-05T19:24:41.664+01:00,665312,1609153,180,180,True,True,0x02,"NO_IRQ,OK,NO_IRQ,NO_IRQ","NONE,DELTA,NONE,NONE",
12.653705,2026-09-05T19:24:41.669+01:00,665492,1609154,192,192,True,True,0x02,"NO_IRQ,OK,NO_IRQ,NO_IRQ","NONE,DELTA,NONE,NONE",
12.655303,2026-09-05T19:24:41.677+01:00,665684,1609155,196,196,True,True,0x02,"NO_IRQ,OK,NO_IRQ,NO_IRQ","NONE,DELTA,NONE,NONE",
12.660812,2026-09-05T19:24:41.679+01:00,665880,1609156,208,208,True,True,0x02,"NO_IRQ,OK,NO_IRQ,NO_IRQ","NONE,DELTA,NONE,NONE",
12.670316,2026-09-05T19:24:41.684+01:00,666088,1609157,192,192,True,True,0x02,"NO_IRQ,OK,NO_IRQ,NO_IRQ","NONE,DELTA,NONE,NONE",
12.670923,2026-09-05T19:24:41.694+01:00,666280,1609158,192,192,True,True,0x02,"NO_IRQ,OK,NO_IRQ,NO_IRQ","NONE,DELTA,NONE,NONE",
12.675026,2026-09-05T19:24:41.694+01:00,666472,1609159,188,188,True,True,0x02,"NO_IRQ,OK,NO_IRQ,NO_IRQ","NONE,DELTA,NONE,NONE",
12.680484,2026-09-05T19:24:41.699+01:00,666660,1609160,198,198,True,True,0x02,"NO_IRQ,OK,NO_IRQ,NO_IRQ","NONE,DELTA,NONE,NONE",
12.686891,2026-09-05T19:24:41.704+01:00,666858,1609161,166,166,True,True,0x02,"NO_IRQ,OK,NO_IRQ,NO_IRQ","NONE,DELTA,NONE,NONE",
12.690147,2026-09-05T19:24:41.711+01:00,667024,1609162,186,186,True,True,0x02,"NO_IRQ,OK,NO_IRQ,NO_IRQ","NONE,DELTA,NONE,NONE",
12.695172,2026-09-05T19:24:41.714+01:00,667210,1609163,196,196,True,True,0x02,"NO_IRQ,OK,NO_IRQ,NO_IRQ","NONE,DELTA,NONE,NONE",
12.703142,2026-09-05T19:24:41.719+01:00,667406,1609164,198,198,True,True,0x02,"NO_IRQ,OK,NO_IRQ,NO_IRQ","NONE,DELTA,NONE,NONE",
12.705066,2026-09-05T19:24:41.727+01:00,667604,1609165,168,168,True,True,0x02,"NO_IRQ,OK,NO_IRQ,NO_IRQ","NONE,DELTA,NONE,NONE",
12.710676,2026-09-05T19:24:41.729+01:00,667772,1609166,162,162,True,True,0x02,"NO_IRQ,OK,NO_IRQ,NO_IRQ","NONE,DELTA,NONE,NONE",
12.720268,2026-09-05T19:24:41.734+01:00,667934,1609167,200,200,True,True,0x02,"NO_IRQ,OK,NO_IRQ,NO_IRQ","NONE,DELTA,NONE,NONE",
12.721047,2026-09-05T19:24:41.744+01:00,668134,1609168,196,196,True,True,0x02,"NO_IRQ,OK,NO_IRQ,NO_IRQ","NONE,DELTA,NONE,NONE",
12.724922,2026-09-05T19:24:41.745+01:00,668330,1609169,166,166,True,True,0x02,"NO_IRQ,OK,NO_IRQ,NO_IRQ","NONE,DELTA,NONE,NONE",
12.730295,2026-09-05T19:24:41.749+01:00,668496,1609170,188,188,True,True,0x02,"NO_IRQ,OK,NO_IRQ,NO_IRQ","NONE,DELTA,NONE,NONE",
12.734646,2026-09-05T19:24:41.754+01:00,668684,1609171,166,166,True,True,0x02,"NO_IRQ,OK,NO_IRQ,NO_IRQ","NONE,DELTA,NONE,NONE",
12.739801,2026-09-05T19:24:41.758+01:00,668850,1609172,192,192,True,True,0x02,"NO_IRQ,OK,NO_IRQ,NO_IRQ","NONE,DELTA,NONE,NONE",
12.744793,2026-09-05T19:24:41.763+01:00,669042,1609173,180,180,True,True,0x02,"NO_IRQ,OK,NO_IRQ,NO_IRQ","NONE,DELTA,NONE,NONE",
12.749638,2026-09-05T19:24:41.768+01:00,669222,1609174,158,158,True,True,0x02,"NO_IRQ,OK,NO_IRQ,NO_IRQ","NONE,DELTA,NONE,NONE",
12.762661,2026-09-05T19:24:41.773+01:00,669380,1609175,182,182,True,True,0x02,"NO_IRQ,OK,NO_IRQ,NO_IRQ","NONE,DELTA,NONE,NONE",
12.763366,2026-09-05T19:24:41.786+01:00,669562,1609176,166,166,True,True,0x02,"NO_IRQ,OK,NO_IRQ,NO_IRQ","NONE,DELTA,NONE,NONE",
12.765068,2026-09-05T19:24:41.787+01:00,669728,1609177,164,164,True,True,0x02,"NO_IRQ,OK,NO_IRQ,NO_IRQ","NONE,DELTA,NONE,NONE",
12.769818,2026-09-05T19:24:41.789+01:00,669892,1609178,154,154,True,True,0x02,"NO_IRQ,OK,NO_IRQ,NO_IRQ","NONE,DELTA,NONE,NONE",
12.775054,2026-09-05T19:24:41.794+01:00,670046,1609179,178,178,True,True,0x02,"NO_IRQ,OK,NO_IRQ,NO_IRQ","NONE,DELTA,NONE,NONE",
12.780751,2026-09-05T19:24:41.800+01:00,670224,1609180,188,188,True,True,0x02,"NO_IRQ,OK,NO_IRQ,NO_IRQ","NONE,DELTA,NONE,NONE",
12.784854,2026-09-05T19:24:41.804+01:00,670412,1609181,186,186,True,True,0x02,"NO_IRQ,OK,NO_IRQ,NO_IRQ","NONE,DELTA,NONE,NONE",
12.789949,2026-09-05T19:24:41.808+01:00,670598,1609182,180,180,True,True,0x02,"NO_IRQ,OK,NO_IRQ,NO_IRQ","NONE,DELTA,NONE,NONE",
12.798043,2026-09-05T19:24:41.813+01:00,670778,1609183,192,192,True,True,0x02,"NO_IRQ,OK,NO_IRQ,NO_IRQ","NONE,DELTA,NONE,NONE",
12.799770,2026-09-05T19:24:41.822+01:00,670970,1609184,182,182,True,True,0x02,"NO_IRQ,OK,NO_IRQ,NO_IRQ","NONE,DELTA,NONE,NONE",
12.804938,2026-09-05T19:24:41.824+01:00,671152,1609185,194,194,True,True,0x02,"NO_IRQ,OK,NO_IRQ,NO_IRQ","NONE,DELTA,NONE,NONE",
12.814854,2026-09-05T19:24:41.828+01:00,671346,1609186,188,188,True,True,0x02,"NO_IRQ,OK,NO_IRQ,NO_IRQ","NONE,DELTA,NONE,NONE",
12.815625,2026-09-05T19:24:41.838+01:00,671534,1609187,196,196,True,True,0x02,"NO_IRQ,OK,NO_IRQ,NO_IRQ","NONE,DELTA,NONE,NONE",
12.819712,2026-09-05T19:24:41.839+01:00,671730,1609188,186,186,True,True,0x02,"NO_IRQ,OK,NO_IRQ,NO_IRQ","NONE,DELTA,NONE,NONE",
12.831448,2026-09-05T19:24:41.843+01:00,671916,1609189,162,162,True,True,0x02,"NO_IRQ,OK,NO_IRQ,NO_IRQ","NONE,DELTA,NONE,NONE",
12.832439,2026-09-05T19:24:41.855+01:00,672078,1609190,204,204,True,True,0x02,"NO_IRQ,OK,NO_IRQ,NO_IRQ","NONE,DELTA,NONE,NONE",
12.834721,2026-09-05T19:24:41.856+01:00,672282,1609191,182,182,True,True,0x02,"NO_IRQ,OK,NO_IRQ,NO_IRQ","NONE,DELTA,NONE,NONE",
12.840098,2026-09-05T19:24:41.858+01:00,672464,1609192,194,194,True,True,0x02,"NO_IRQ,OK,NO_IRQ,NO_IRQ","NONE,DELTA,NONE,NONE",
12.850300,2026-09-05T19:24:41.864+01:00,672658,1609193,148,148,True,True,0x02,"NO_IRQ,OK,NO_IRQ,NO_IRQ","NONE,DELTA,NONE,NONE",
12.851045,2026-09-05T19:24:41.874+01:00,672806,1609194,180,180,True,True,0x02,"NO_IRQ,OK,NO_IRQ,NO_IRQ","NONE,DELTA,NONE,NONE",
12.854725,2026-09-05T19:24:41.875+01:00,672986,1609195,178,178,True,True,0x02,"NO_IRQ,OK,NO_IRQ,NO_IRQ","NONE,DELTA,NONE,NONE",
12.860366,2026-09-05T19:24:41.878+01:00,673164,1609196,186,186,True,True,0x02,"NO_IRQ,OK,NO_IRQ,NO_IRQ","NONE,DELTA,NONE,NONE",
12.868387,2026-09-05T19:24:41.884+01:00,673350,1609197,200,200,True,True,0x02,"NO_IRQ,OK,NO_IRQ,NO_IRQ","NONE,DELTA,NONE,NONE",
12.869760,2026-09-05T19:24:41.892+01:00,673550,1609198,184,184,True,True,0x02,"NO_IRQ,OK,NO_IRQ,NO_IRQ","NONE,DELTA,NONE,NONE",
12.874685,2026-09-05T19:24:41.893+01:00,673734,1609199,186,186,True,True,0x02,"NO_IRQ,OK,NO_IRQ,NO_IRQ","NONE,DELTA,NONE,NONE",
12.884508,2026-09-05T19:24:41.898+01:00,673920,1609200,194,194,True,True,0x02,"NO_IRQ,OK,NO_IRQ,NO_IRQ","NONE,DELTA,NONE,NONE",
12.885175,2026-09-05T19:24:41.908+01:00,674114,1609201,192,192,True,True,0x02,"NO_IRQ,OK,NO_IRQ,NO_IRQ","NONE,DELTA,NONE,NONE",
12.889822,2026-09-05T19:24:41.909+01:00,674306,1609202,200,200,True,True,0x02,"NO_IRQ,OK,NO_IRQ,NO_IRQ","NONE,DELTA,NONE,NONE",
12.896314,2026-09-05T19:24:41.913+01:00,674506,1609203,254,254,True,True,0x02,"NO_IRQ,OK,NO_IRQ,NO_IRQ","NONE,DELTA,NONE,NONE",
12.900708,2026-09-05T19:24:41.920+01:00,674760,1609204,298,298,True,True,0x02,"NO_IRQ,OK,NO_IRQ,NO_IRQ","NONE,DELTA,NONE,NONE",
12.904762,2026-09-05T19:24:41.924+01:00,675058,1609205,296,296,True,True,0x02,"NO_IRQ,OK,NO_IRQ,NO_IRQ","NONE,DELTA,NONE,NONE",
12.909896,2026-09-05T19:24:41.928+01:00,675354,1609206,308,308,True,True,0x02,"NO_IRQ,OK,NO_IRQ,NO_IRQ","NONE,DELTA,NONE,NONE",
12.922584,2026-09-05T19:24:41.933+01:00,675662,1609207,284,284,True,True,0x02,"NO_IRQ,OK,NO_IRQ,NO_IRQ","NONE,DELTA,NONE,NONE",
12.923110,2026-09-05T19:24:41.946+01:00,675946,1609208,420,420,True,True,0x02,"NO_IRQ,OK,NO_IRQ,NO_IRQ","NONE,DELTA,NONE,NONE",
12.935970,2026-09-05T19:24:41.947+01:00,676366,1609209,564,564,True,True,0x02,"NO_IRQ,OK,NO_IRQ,NO_IRQ","NONE,DELTA,NONE,NONE",
12.936809,2026-09-05T19:24:41.960+01:00,676930,1609210,706,706,True,True,0x02,"NO_IRQ,OK,NO_IRQ,NO_IRQ","NONE,DELTA,NONE,NONE",
12.937615,2026-09-05T19:24:41.960+01:00,677636,1609211,690,690,True,True,0x02,"NO_IRQ,OK,NO_IRQ,NO_IRQ","NONE,DELTA,NONE,NONE",
12.940562,2026-09-05T19:24:41.961+01:00,678326,1609212,674,674,True,True,0x02,"NO_IRQ,OK,NO_IRQ,NO_IRQ","NONE,DELTA,NONE,NONE",
12.945771,2026-09-05T19:24:41.964+01:00,679000,1609213,700,700,True,True,0x02,"NO_IRQ,OK,NO_IRQ,NO_IRQ","NONE,DELTA,NONE,NONE",
12.954056,2026-09-05T19:24:41.969+01:00,679700,1609214,666,666,True,True,0x02,"NO_IRQ,OK,NO_IRQ,NO_IRQ","NONE,DELTA,NONE,NONE",
12.955530,2026-09-05T19:24:41.978+01:00,680366,1609215,686,686,True,True,0x02,"NO_IRQ,OK,NO_IRQ,NO_IRQ","NONE,DELTA,NONE,NONE",
12.961045,2026-09-05T19:24:41.979+01:00,681052,1609216,636,636,True,True,0x02,"NO_IRQ,OK,NO_IRQ,NO_IRQ","NONE,DELTA,NONE,NONE",
12.971926,2026-09-05T19:24:41.985+01:00,681688,1609217,656,656,True,True,0x02,"NO_IRQ,OK,NO_IRQ,NO_IRQ","NONE,DELTA,NONE,NONE",
12.973248,2026-09-05T19:24:41.996+01:00,682344,1609218,658,658,True,True,0x02,"NO_IRQ,OK,NO_IRQ,NO_IRQ","NONE,DELTA,NONE,NONE",
12.975873,2026-09-05T19:24:41.997+01:00,683002,1609219,620,620,True,True,0x02,"NO_IRQ,OK,NO_IRQ,NO_IRQ","NONE,DELTA,NONE,NONE",
12.980844,2026-09-05T19:24:42.000+01:00,683622,1609220,624,624,True,True,0x02,"NO_IRQ,OK,NO_IRQ,NO_IRQ","NONE,DELTA,NONE,NONE",
12.989673,2026-09-05T19:24:42.004+01:00,684246,1609221,656,656,True,True,0x02,"NO_IRQ,OK,NO_IRQ,NO_IRQ","NONE,DELTA,NONE,NONE",
12.990670,2026-09-05T19:24:42.013+01:00,684902,1609222,644,644,True,True,0x02,"NO_IRQ,OK,NO_IRQ,NO_IRQ","NONE,DELTA,NONE,NONE",
12.995857,2026-09-05T19:24:42.014+01:00,685546,1609223,626,626,True,True,0x02,"NO_IRQ,OK,NO_IRQ,NO_IRQ","NONE,DELTA,NONE,NONE",
13.000608,2026-09-05T19:24:42.020+01:00,686172,1609224,608,608,True,True,0x02,"NO_IRQ,OK,NO_IRQ,NO_IRQ","NONE,DELTA,NONE,NONE",
13.007453,2026-09-05T19:24:42.024+01:00,686780,1609225,652,652,True,True,0x02,"NO_IRQ,OK,NO_IRQ,NO_IRQ","NONE,DELTA,NONE,NONE",
13.012035,2026-09-05T19:24:42.031+01:00,687432,1609226,652,652,True,True,0x02,"NO_IRQ,OK,NO_IRQ,NO_IRQ","NONE,DELTA,NONE,NONE",
13.015758,2026-09-05T19:24:42.036+01:00,688084,1609227,608,608,True,True,0x02,"NO_IRQ,OK,NO_IRQ,NO_IRQ","NONE,DELTA,NONE,NONE",
13.024521,2026-09-05T19:24:42.039+01:00,688692,1609228,600,600,True,True,0x02,"NO_IRQ,OK,NO_IRQ,NO_IRQ","NONE,DELTA,NONE,NONE",
13.025561,2026-09-05T19:24:42.048+01:00,689292,1609229,628,628,True,True,0x02,"NO_IRQ,OK,NO_IRQ,NO_IRQ","NONE,DELTA,NONE,NONE",
13.030911,2026-09-05T19:24:42.049+01:00,689920,1609230,598,598,True,True,0x02,"NO_IRQ,OK,NO_IRQ,NO_IRQ","NONE,DELTA,NONE,NONE",
13.041446,2026-09-05T19:24:42.054+01:00,690518,1609231,484,484,True,True,0x02,"NO_IRQ,OK,NO_IRQ,NO_IRQ","NONE,DELTA,NONE,NONE",
13.042241,2026-09-05T19:24:42.065+01:00,691002,1609232,390,390,True,True,0x02,"NO_IRQ,OK,NO_IRQ,NO_IRQ","NONE,DELTA,NONE,NONE",
13.045493,2026-09-05T19:24:42.066+01:00,691392,1609233,418,418,True,True,0x02,"NO_IRQ,OK,NO_IRQ,NO_IRQ","NONE,DELTA,NONE,NONE",
13.049943,2026-09-05T19:24:42.069+01:00,691810,1609234,310,310,True,True,0x02,"NO_IRQ,OK,NO_IRQ,NO_IRQ","NONE,DELTA,NONE,NONE",
13.057770,2026-09-05T19:24:42.074+01:00,692120,1609235,270,270,True,True,0x02,"NO_IRQ,OK,NO_IRQ,NO_IRQ","NONE,DELTA,NONE,NONE",
13.060362,2026-09-05T19:24:42.081+01:00,692390,1609236,222,222,True,True,0x02,"NO_IRQ,OK,NO_IRQ,NO_IRQ","NONE,DELTA,NONE,NONE",
13.065114,2026-09-05T19:24:42.084+01:00,692612,1609237,206,206,True,True,0x02,"NO_IRQ,OK,NO_IRQ,NO_IRQ","NONE,DELTA,NONE,NONE",
13.070422,2026-09-05T19:24:42.089+01:00,692818,1609238,212,212,True,True,0x02,"NO_IRQ,OK,NO_IRQ,NO_IRQ","NONE,DELTA,NONE,NONE",
13.074786,2026-09-05T19:24:42.094+01:00,693030,1609239,216,216,True,True,0x02,"NO_IRQ,OK,NO_IRQ,NO_IRQ","NONE,DELTA,NONE,NONE",
13.079723,2026-09-05T19:24:42.098+01:00,693246,1609240,242,242,True,True,0x02,"NO_IRQ,OK,NO_IRQ,NO_IRQ","NONE,DELTA,NONE,NONE",
13.084726,2026-09-05T19:24:42.103+01:00,693488,1609241,256,256,True,True,0x02,"NO_IRQ,OK,NO_IRQ,NO_IRQ","NONE,DELTA,NONE,NONE",
13.099045,2026-09-05T19:24:42.108+01:00,693744,1609242,262,262,True,True,0x02,"NO_IRQ,OK,NO_IRQ,NO_IRQ","NONE,DELTA,NONE,NONE",
13.099863,2026-09-05T19:24:42.123+01:00,694006,1609243,246,246,True,True,0x02,"NO_IRQ,OK,NO_IRQ,NO_IRQ","NONE,DELTA,NONE,NONE",
13.100424,2026-09-05T19:24:42.123+01:00,694252,1609244,190,190,True,True,0x02,"NO_IRQ,OK,NO_IRQ,NO_IRQ","NONE,DELTA,NONE,NONE",
13.104870,2026-09-05T19:24:42.124+01:00,694442,1609245,232,232,True,True,0x02,"NO_IRQ,OK,NO_IRQ,NO_IRQ","NONE,DELTA,NONE,NONE",
13.109664,2026-09-05T19:24:42.129+01:00,694674,1609246,214,214,True,True,0x02,"NO_IRQ,OK,NO_IRQ,NO_IRQ","NONE,DELTA,NONE,NONE",
13.116793,2026-09-05T19:24:42.133+01:00,694888,1609247,196,196,True,True,0x02,"NO_IRQ,OK,NO_IRQ,NO_IRQ","NONE,DELTA,NONE,NONE",
13.120308,2026-09-05T19:24:42.140+01:00,695084,1609248,1084,1084,True,True,0x02,"NO_IRQ,OK,NO_IRQ,NO_IRQ","NONE,DELTA_SYNC,NONE,NONE",
13.124946,2026-09-05T19:24:42.144+01:00,696168,1609249,328,328,True,True,0x02,"NO_IRQ,OK,NO_IRQ,NO_IRQ","NONE,DELTA,NONE,NONE",
13.132929,2026-09-05T19:24:42.149+01:00,696496,1609250,314,314,True,True,0x02,"NO_IRQ,OK,NO_IRQ,NO_IRQ","NONE,DELTA,NONE,NONE",
13.134793,2026-09-05T19:24:42.156+01:00,696810,1609251,252,252,True,True,0x02,"NO_IRQ,OK,NO_IRQ,NO_IRQ","NONE,DELTA,NONE,NONE",
13.139715,2026-09-05T19:24:42.159+01:00,697062,1609252,202,202,True,True,0x02,"NO_IRQ,OK,NO_IRQ,NO_IRQ","NONE,DELTA,NONE,NONE",
13.149744,2026-09-05T19:24:42.163+01:00,697264,1609253,246,246,True,True,0x02,"NO_IRQ,OK,NO_IRQ,NO_IRQ","NONE,DELTA,NONE,NONE",
13.150410,2026-09-05T19:24:42.173+01:00,697510,1609254,254,254,True,True,0x02,"NO_IRQ,OK,NO_IRQ,NO_IRQ","NONE,DELTA,NONE,NONE",
13.154813,2026-09-05T19:24:42.174+01:00,697764,1609255,236,236,True,True,0x02,"NO_IRQ,OK,NO_IRQ,NO_IRQ","NONE,DELTA,NONE,NONE",
13.166107,2026-09-05T19:24:42.178+01:00,698000,1609256,230,230,True,True,0x02,"NO_IRQ,OK,NO_IRQ,NO_IRQ","NONE,DELTA,NONE,NONE",
13.166857,2026-09-05T19:24:42.190+01:00,698230,1609257,216,216,True,True,0x02,"NO_IRQ,OK,NO_IRQ,NO_IRQ","NONE,DELTA,NONE,NONE",
13.169959,2026-09-05T19:24:42.190+01:00,698446,1609258,230,230,True,True,0x02,"NO_IRQ,OK,NO_IRQ,NO_IRQ","NONE,DELTA,NONE,NONE",
13.174590,2026-09-05T19:24:42.194+01:00,698676,1609259,172,172,True,True,0x02,"NO_IRQ,OK,NO_IRQ,NO_IRQ","NONE,DELTA,NONE,NONE",
13.182690,2026-09-05T19:24:42.198+01:00,698848,1609260,194,194,True,True,0x02,"NO_IRQ,OK,NO_IRQ,NO_IRQ","NONE,DELTA,NONE,NONE",
13.184535,2026-09-05T19:24:42.206+01:00,699042,1609261,198,198,True,True,0x02,"NO_IRQ,OK,NO_IRQ,NO_IRQ","NONE,DELTA,NONE,NONE",
13.189759,2026-09-05T19:24:42.208+01:00,699240,1609262,228,228,True,True,0x02,"NO_IRQ,OK,NO_IRQ,NO_IRQ","NONE,DELTA,NONE,NONE",
13.199274,2026-09-05T19:24:42.213+01:00,699468,1609263,180,180,True,True,0x02,"NO_IRQ,OK,NO_IRQ,NO_IRQ","NONE,DELTA,NONE,NONE",
13.199963,2026-09-05T19:24:42.223+01:00,699648,1609264,238,238,True,True,0x02,"NO_IRQ,OK,NO_IRQ,NO_IRQ","NONE,DELTA,NONE,NONE",
13.204820,2026-09-05T19:24:42.223+01:00,699886,1609265,230,230,True,True,0x02,"NO_IRQ,OK,NO_IRQ,NO_IRQ","NONE,DELTA,NONE,NONE",
13.215560,2026-09-05T19:24:42.228+01:00,700116,1609266,162,162,True,True,0x02,"NO_IRQ,OK,NO_IRQ,NO_IRQ","NONE,DELTA,NONE,NONE",
13.216419,2026-09-05T19:24:42.239+01:00,700278,1609267,274,274,True,True,0x02,"NO_IRQ,OK,NO_IRQ,NO_IRQ","NONE,DELTA,NONE,NONE",
13.219643,2026-09-05T19:24:42.240+01:00,700552,1609268,242,242,True,True,0x02,"NO_IRQ,OK,NO_IRQ,NO_IRQ","NONE,DELTA,NONE,NONE",
13.224512,2026-09-05T19:24:42.243+01:00,700794,1609269,212,212,True,True,0x02,"NO_IRQ,OK,NO_IRQ,NO_IRQ","NONE,DELTA,NONE,NONE",
13.229736,2026-09-05T19:24:42.248+01:00,701006,1609270,236,236,True,True,0x02,"NO_IRQ,OK,NO_IRQ,NO_IRQ","NONE,DELTA,NONE,NONE",
13.234605,2026-09-05T19:24:42.253+01:00,701242,1609271,260,260,True,True,0x02,"NO_IRQ,OK,NO_IRQ,NO_IRQ","NONE,DELTA,NONE,NONE",
13.239382,2026-09-05T19:24:42.258+01:00,701502,1609272,260,260,True,True,0x02,"NO_IRQ,OK,NO_IRQ,NO_IRQ","NONE,DELTA,NONE,NONE",
13.251990,2026-09-05T19:24:42.263+01:00,701762,1609273,274,274,True,True,0x02,"NO_IRQ,OK,NO_IRQ,NO_IRQ","NONE,DELTA,NONE,NONE",
13.252369,2026-09-05T19:24:42.276+01:00,702036,1609274,254,254,True,True,0x02,"NO_IRQ,OK,NO_IRQ,NO_IRQ","NONE,DELTA,NONE,NONE",
13.265333,2026-09-05T19:24:42.276+01:00,702290,1609275,324,324,True,True,0x02,"NO_IRQ,OK,NO_IRQ,NO_IRQ","NONE,DELTA,NONE,NONE",
13.266007,2026-09-05T19:24:42.289+01:00,702614,1609276,332,332,True,True,0x02,"NO_IRQ,OK,NO_IRQ,NO_IRQ","NONE,DELTA,NONE,NONE",
13.266686,2026-09-05T19:24:42.290+01:00,702946,1609277,302,302,True,True,0x02,"NO_IRQ,OK,NO_IRQ,NO_IRQ","NONE,DELTA,NONE,NONE",
13.269893,2026-09-05T19:24:42.290+01:00,703248,1609278,368,368,True,True,0x02,"NO_IRQ,OK,NO_IRQ,NO_IRQ","NONE,DELTA,NONE,NONE",
13.274914,2026-09-05T19:24:42.293+01:00,703616,1609279,442,442,True,True,0x02,"NO_IRQ,OK,NO_IRQ,NO_IRQ","NONE,DELTA,NONE,NONE",
13.282065,2026-09-05T19:24:42.299+01:00,704058,1609280,500,500,True,True,0x02,"NO_IRQ,OK,NO_IRQ,NO_IRQ","NONE,DELTA,NONE,NONE",
13.285077,2026-09-05T19:24:42.306+01:00,704558,1609281,512,512,True,True,0x02,"NO_IRQ,OK,NO_IRQ,NO_IRQ","NONE,DELTA,NONE,NONE",
13.289784,2026-09-05T19:24:42.309+01:00,705070,1609282,510,510,True,True,0x02,"NO_IRQ,OK,NO_IRQ,NO_IRQ","NONE,DELTA,NONE,NONE",
13.298755,2026-09-05T19:24:42.313+01:00,705580,1609283,560,560,True,True,0x02,"NO_IRQ,OK,NO_IRQ,NO_IRQ","NONE,DELTA,NONE,NONE",
13.300247,2026-09-05T19:24:42.322+01:00,706140,1609284,578,578,True,True,0x02,"NO_IRQ,OK,NO_IRQ,NO_IRQ","NONE,DELTA,NONE,NONE",
13.305233,2026-09-05T19:24:42.324+01:00,706718,1609285,614,614,True,True,0x02,"NO_IRQ,OK,NO_IRQ,NO_IRQ","NONE,DELTA,NONE,NONE",
13.315436,2026-09-05T19:24:42.329+01:00,707332,1609286,616,616,True,True,0x02,"NO_IRQ,OK,NO_IRQ,NO_IRQ","NONE,DELTA,NONE,NONE",
13.316434,2026-09-05T19:24:42.339+01:00,707948,1609287,650,650,True,True,0x02,"NO_IRQ,OK,NO_IRQ,NO_IRQ","NONE,DELTA,NONE,NONE",
13.320431,2026-09-05T19:24:42.340+01:00,708598,1609288,642,642,True,True,0x02,"NO_IRQ,OK,NO_IRQ,NO_IRQ","NONE,DELTA,NONE,NONE",
13.324956,2026-09-05T19:24:42.344+01:00,709240,1609289,600,600,True,True,0x02,"NO_IRQ,OK,NO_IRQ,NO_IRQ","NONE,DELTA,NONE,NONE",
13.334178,2026-09-05T19:24:42.349+01:00,709840,1609290,618,618,True,True,0x02,"NO_IRQ,OK,NO_IRQ,NO_IRQ","NONE,DELTA,NONE,NONE",
13.334981,2026-09-05T19:24:42.358+01:00,710458,1609291,640,640,True,True,0x02,"NO_IRQ,OK,NO_IRQ,NO_IRQ","NONE,DELTA,NONE,NONE",
13.340149,2026-09-05T19:24:42.358+01:00,711098,1609292,640,640,True,True,0x02,"NO_IRQ,OK,NO_IRQ,NO_IRQ","NONE,DELTA,NONE,NONE",
13.350871,2026-09-05T19:24:42.364+01:00,711738,1609293,632,632,True,True,0x02,"NO_IRQ,OK,NO_IRQ,NO_IRQ","NONE,DELTA,NONE,NONE",
13.351624,2026-09-05T19:24:42.374+01:00,712370,1609294,624,624,True,True,0x02,"NO_IRQ,OK,NO_IRQ,NO_IRQ","NONE,DELTA,NONE,NONE",
13.355244,2026-09-05T19:24:42.375+01:00,712994,1609295,640,640,True,True,0x02,"NO_IRQ,OK,NO_IRQ,NO_IRQ","NONE,DELTA,NONE,NONE",
13.360570,2026-09-05T19:24:42.379+01:00,713634,1609296,622,622,True,True,0x02,"NO_IRQ,OK,NO_IRQ,NO_IRQ","NONE,DELTA,NONE,NONE",
13.369121,2026-09-05T19:24:42.385+01:00,714256,1609297,608,608,True,True,0x02,"NO_IRQ,OK,NO_IRQ,NO_IRQ","NONE,DELTA,NONE,NONE",
13.370044,2026-09-05T19:24:42.393+01:00,714864,1609298,548,548,True,True,0x02,"NO_IRQ,OK,NO_IRQ,NO_IRQ","NONE,DELTA,NONE,NONE",
13.375085,2026-09-05T19:24:42.394+01:00,715412,1609299,594,594,True,True,0x02,"NO_IRQ,OK,NO_IRQ,NO_IRQ","NONE,DELTA,NONE,NONE",
13.385661,2026-09-05T19:24:42.399+01:00,716006,1609300,546,546,True,True,0x02,"NO_IRQ,OK,NO_IRQ,NO_IRQ","NONE,DELTA,NONE,NONE",
13.386399,2026-09-05T19:24:42.409+01:00,716552,1609301,572,572,True,True,0x02,"NO_IRQ,OK,NO_IRQ,NO_IRQ","NONE,DELTA,NONE,NONE",
13.390001,2026-09-05T19:24:42.410+01:00,717124,1609302,572,572,True,True,0x02,"NO_IRQ,OK,NO_IRQ,NO_IRQ","NONE,DELTA,NONE,NONE",
13.394990,2026-09-05T19:24:42.414+01:00,717696,1609303,504,504,True,True,0x02,"NO_IRQ,OK,NO_IRQ,NO_IRQ","NONE,DELTA,NONE,NONE",
13.400321,2026-09-05T19:24:42.419+01:00,718200,1609304,540,540,True,True,0x02,"NO_IRQ,OK,NO_IRQ,NO_IRQ","NONE,DELTA,NONE,NONE",
13.404973,2026-09-05T19:24:42.424+01:00,718740,1609305,538,538,True,True,0x02,"NO_IRQ,OK,NO_IRQ,NO_IRQ","NONE,DELTA,NONE,NONE",
13.410699,2026-09-05T19:24:42.429+01:00,719278,1609306,524,524,True,True,0x02,"NO_IRQ,OK,NO_IRQ,NO_IRQ","NONE,DELTA,NONE,NONE",
13.414675,2026-09-05T19:24:42.434+01:00,719802,1609307,518,518,True,True,0x02,"NO_IRQ,OK,NO_IRQ,NO_IRQ","NONE,DELTA,NONE,NONE",
13.427973,2026-09-05T19:24:42.438+01:00,720320,1609308,518,518,True,True,0x02,"NO_IRQ,OK,NO_IRQ,NO_IRQ","NONE,DELTA,NONE,NONE",
13.428825,2026-09-05T19:24:42.452+01:00,720838,1609309,496,496,True,True,0x02,"NO_IRQ,OK,NO_IRQ,NO_IRQ","NONE,DELTA,NONE,NONE",
13.429786,2026-09-05T19:24:42.453+01:00,721334,1609310,438,438,True,True,0x02,"NO_IRQ,OK,NO_IRQ,NO_IRQ","NONE,DELTA,NONE,NONE",
13.434810,2026-09-05T19:24:42.453+01:00,721772,1609311,466,466,True,True,0x02,"NO_IRQ,OK,NO_IRQ,NO_IRQ","NONE,DELTA,NONE,NONE",
13.445972,2026-09-05T19:24:42.458+01:00,722238,1609312,438,438,True,True,0x02,"NO_IRQ,OK,NO_IRQ,NO_IRQ","NONE,DELTA,NONE,NONE",
13.446967,2026-09-05T19:24:42.470+01:00,722676,1609313,410,410,True,True,0x02,"NO_IRQ,OK,NO_IRQ,NO_IRQ","NONE,DELTA,NONE,NONE",
13.449617,2026-09-05T19:24:42.471+01:00,723086,1609314,418,418,True,True,0x02,"NO_IRQ,OK,NO_IRQ,NO_IRQ","NONE,DELTA,NONE,NONE",
13.454628,2026-09-05T19:24:42.473+01:00,723504,1609315,410,410,True,True,0x02,"NO_IRQ,OK,NO_IRQ,NO_IRQ","NONE,DELTA,NONE,NONE",
13.463442,2026-09-05T19:24:42.478+01:00,723914,1609316,394,394,True,True,0x02,"NO_IRQ,OK,NO_IRQ,NO_IRQ","NONE,DELTA,NONE,NONE",
13.464534,2026-09-05T19:24:42.487+01:00,724308,1609317,392,392,True,True,0x02,"NO_IRQ,OK,NO_IRQ,NO_IRQ","NONE,DELTA,NONE,NONE",
13.469510,2026-09-05T19:24:42.488+01:00,724700,1609318,372,372,True,True,0x02,"NO_IRQ,OK,NO_IRQ,NO_IRQ","NONE,DELTA,NONE,NONE",
13.481454,2026-09-05T19:24:42.493+01:00,725072,1609319,412,412,True,True,0x02,"NO_IRQ,OK,NO_IRQ,NO_IRQ","NONE,DELTA,NONE,NONE",
13.482236,2026-09-05T19:24:42.505+01:00,725484,1609320,360,360,True,True,0x02,"NO_IRQ,OK,NO_IRQ,NO_IRQ","NONE,DELTA,NONE,NONE",
13.484563,2026-09-05T19:24:42.506+01:00,725844,1609321,380,380,True,True,0x02,"NO_IRQ,OK,NO_IRQ,NO_IRQ","NONE,DELTA,NONE,NONE",
13.489756,2026-09-05T19:24:42.508+01:00,726224,1609322,370,370,True,True,0x02,"NO_IRQ,OK,NO_IRQ,NO_IRQ","NONE,DELTA,NONE,NONE",
13.499124,2026-09-05T19:24:42.514+01:00,726594,1609323,340,340,True,True,0x02,"NO_IRQ,OK,NO_IRQ,NO_IRQ","NONE,DELTA,NONE,NONE",
13.499938,2026-09-05T19:24:42.523+01:00,726934,1609324,358,358,True,True,0x02,"NO_IRQ,OK,NO_IRQ,NO_IRQ","NONE,DELTA,NONE,NONE",
13.505080,2026-09-05T19:24:42.523+01:00,727292,1609325,348,348,True,True,0x02,"NO_IRQ,OK,NO_IRQ,NO_IRQ","NONE,DELTA,NONE,NONE",
13.509505,2026-09-05T19:24:42.529+01:00,727640,1609326,376,376,True,True,0x02,"NO_IRQ,OK,NO_IRQ,NO_IRQ","NONE,DELTA,NONE,NONE",
13.516823,2026-09-05T19:24:42.533+01:00,728016,1609327,326,326,True,True,0x02,"NO_IRQ,OK,NO_IRQ,NO_IRQ","NONE,DELTA,NONE,NONE",
13.519545,2026-09-05T19:24:42.540+01:00,728342,1609328,322,322,True,True,0x02,"NO_IRQ,OK,NO_IRQ,NO_IRQ","NONE,DELTA,NONE,NONE",
13.524392,2026-09-05T19:24:42.543+01:00,728664,1609329,338,338,True,True,0x02,"NO_IRQ,OK,NO_IRQ,NO_IRQ","NONE,DELTA,NONE,NONE",
13.533262,2026-09-05T19:24:42.548+01:00,729002,1609330,372,372,True,True,0x02,"NO_IRQ,OK,NO_IRQ,NO_IRQ","NONE,DELTA,NONE,NONE",
13.534282,2026-09-05T19:24:42.557+01:00,729374,1609331,346,346,True,True,0x02,"NO_IRQ,OK,NO_IRQ,NO_IRQ","NONE,DELTA,NONE,NONE",
13.539378,2026-09-05T19:24:42.558+01:00,729720,1609332,374,374,True,True,0x02,"NO_IRQ,OK,NO_IRQ,NO_IRQ","NONE,DELTA,NONE,NONE",
13.550036,2026-09-05T19:24:42.563+01:00,730094,1609333,350,350,True,True,0x02,"NO_IRQ,OK,NO_IRQ,NO_IRQ","NONE,DELTA,NONE,NONE",
13.550886,2026-09-05T19:24:42.574+01:00,730444,1609334,360,360,True,True,0x02,"NO_IRQ,OK,NO_IRQ,NO_IRQ","NONE,DELTA,NONE,NONE",
13.554267,2026-09-05T19:24:42.575+01:00,730804,1609335,346,346,True,True,0x02,"NO_IRQ,OK,NO_IRQ,NO_IRQ","NONE,DELTA,NONE,NONE",
13.559217,2026-09-05T19:24:42.578+01:00,731150,1609336,332,332,True,True,0x02,"NO_IRQ,OK,NO_IRQ,NO_IRQ","NONE,DELTA,NONE,NONE",
13.564637,2026-09-05T19:24:42.583+01:00,731482,1609337,342,342,True,True,0x02,"NO_IRQ,OK,NO_IRQ,NO_IRQ","NONE,DELTA,NONE,NONE",
13.569043,2026-09-05T19:24:42.588+01:00,731824,1609338,348,348,True,True,0x02,"NO_IRQ,OK,NO_IRQ,NO_IRQ","NONE,DELTA,NONE,NONE",
13.574178,2026-09-05T19:24:42.593+01:00,732172,1609339,294,294,True,True,0x02,"NO_IRQ,OK,NO_IRQ,NO_IRQ","NONE,DELTA,NONE,NONE",
13.579070,2026-09-05T19:24:42.598+01:00,732466,1609340,250,250,True,True,0x02,"NO_IRQ,OK,NO_IRQ,NO_IRQ","NONE,DELTA,NONE,NONE",
13.587824,2026-09-05T19:24:42.603+01:00,732716,1609341,226,226,True,True,0x02,"NO_IRQ,OK,NO_IRQ,NO_IRQ","NONE,DELTA,NONE,NONE",
13.588751,2026-09-05T19:24:42.611+01:00,732942,1609342,242,242,True,True,0x02,"NO_IRQ,OK,NO_IRQ,NO_IRQ","NONE,DELTA,NONE,NONE",
13.601462,2026-09-05T19:24:42.612+01:00,733184,1609343,278,278,True,True,0x02,"NO_IRQ,OK,NO_IRQ,NO_IRQ","NONE,DELTA,NONE,NONE",
13.602179,2026-09-05T19:24:42.625+01:00,733462,1609344,212,212,True,True,0x02,"NO_IRQ,OK,NO_IRQ,NO_IRQ","NONE,DELTA,NONE,NONE",
13.604023,2026-09-05T19:24:42.626+01:00,733674,1609345,284,284,True,True,0x02,"NO_IRQ,OK,NO_IRQ,NO_IRQ","NONE,DELTA,NONE,NONE",
13.609112,2026-09-05T19:24:42.628+01:00,733958,1609346,318,318,True,True,0x02,"NO_IRQ,OK,NO_IRQ,NO_IRQ","NONE,DELTA,NONE,NONE",
13.618602,2026-09-05T19:24:42.633+01:00,734276,1609347,254,254,True,True,0x02,"NO_IRQ,OK,NO_IRQ,NO_IRQ","NONE,DELTA,NONE,NONE",
13.619330,2026-09-05T19:24:42.642+01:00,734530,1609348,220,220,True,True,0x02,"NO_IRQ,OK,NO_IRQ,NO_IRQ","NONE,DELTA,NONE,NONE",
13.623971,2026-09-05T19:24:42.643+01:00,734750,1609349,196,196,True,True,0x02,"NO_IRQ,OK,NO_IRQ,NO_IRQ","NONE,DELTA,NONE,NONE",
13.635006,2026-09-05T19:24:42.648+01:00,734946,1609350,186,186,True,True,0x02,"NO_IRQ,OK,NO_IRQ,NO_IRQ","NONE,DELTA,NONE,NONE",
13.635815,2026-09-05T19:24:42.659+01:00,735132,1609351,208,208,True,True,0x02,"NO_IRQ,OK,NO_IRQ,NO_IRQ","NONE,DELTA,NONE,NONE",
13.639041,2026-09-05T19:24:42.659+01:00,735340,1609352,218,218,True,True,0x02,"NO_IRQ,OK,NO_IRQ,NO_IRQ","NONE,DELTA,NONE,NONE",
13.643910,2026-09-05T19:24:42.663+01:00,735558,1609353,196,196,True,True,0x02,"NO_IRQ,OK,NO_IRQ,NO_IRQ","NONE,DELTA,NONE,NONE",
13.652243,2026-09-05T19:24:42.667+01:00,735754,1609354,178,178,True,True,0x02,"NO_IRQ,OK,NO_IRQ,NO_IRQ","NONE,DELTA,NONE,NONE",
13.653860,2026-09-05T19:24:42.676+01:00,735932,1609355,200,200,True,True,0x02,"NO_IRQ,OK,NO_IRQ,NO_IRQ","NONE,DELTA,NONE,NONE",
13.658829,2026-09-05T19:24:42.678+01:00,736132,1609356,174,174,True,True,0x02,"NO_IRQ,OK,NO_IRQ,NO_IRQ","NONE,DELTA,NONE,NONE",
13.669030,2026-09-05T19:24:42.682+01:00,736306,1609357,208,208,True,True,0x02,"NO_IRQ,OK,NO_IRQ,NO_IRQ","NONE,DELTA,NONE,NONE",
13.669762,2026-09-05T19:24:42.693+01:00,736514,1609358,164,164,True,True,0x02,"NO_IRQ,OK,NO_IRQ,NO_IRQ","NONE,DELTA,NONE,NONE",
13.673933,2026-09-05T19:24:42.693+01:00,736678,1609359,200,200,True,True,0x02,"NO_IRQ,OK,NO_IRQ,NO_IRQ","NONE,DELTA,NONE,NONE",
13.678722,2026-09-05T19:24:42.698+01:00,736878,1609360,186,186,True,True,0x02,"NO_IRQ,OK,NO_IRQ,NO_IRQ","NONE,DELTA,NONE,NONE",
13.685927,2026-09-05T19:24:42.703+01:00,737064,1609361,190,190,True,True,0x02,"NO_IRQ,OK,NO_IRQ,NO_IRQ","NONE,DELTA,NONE,NONE",
13.688985,2026-09-05T19:24:42.710+01:00,737254,1609362,206,206,True,True,0x02,"NO_IRQ,OK,NO_IRQ,NO_IRQ","NONE,DELTA,NONE,NONE",
13.694316,2026-09-05T19:24:42.713+01:00,737460,1609363,186,186,True,True,0x02,"NO_IRQ,OK,NO_IRQ,NO_IRQ","NONE,DELTA,NONE,NONE",
13.702105,2026-09-05T19:24:42.718+01:00,737646,1609364,184,184,True,True,0x02,"NO_IRQ,OK,NO_IRQ,NO_IRQ","NONE,DELTA,NONE,NONE",
13.703549,2026-09-05T19:24:42.726+01:00,737830,1609365,168,168,True,True,0x02,"NO_IRQ,OK,NO_IRQ,NO_IRQ","NONE,DELTA,NONE,NONE",
13.708778,2026-09-05T19:24:42.727+01:00,737998,1609366,176,176,True,True,0x02,"NO_IRQ,OK,NO_IRQ,NO_IRQ","NONE,DELTA,NONE,NONE",
13.718992,2026-09-05T19:24:42.732+01:00,738174,1609367,190,190,True,True,0x02,"NO_IRQ,OK,NO_IRQ,NO_IRQ","NONE,DELTA,NONE,NONE",
13.720050,2026-09-05T19:24:42.743+01:00,738364,1609368,174,174,True,True,0x02,"NO_IRQ,OK,NO_IRQ,NO_IRQ","NONE,DELTA,NONE,NONE",
13.724008,2026-09-05T19:24:42.744+01:00,738538,1609369,248,248,True,True,0x02,"NO_IRQ,OK,NO_IRQ,NO_IRQ","NONE,DELTA,NONE,NONE",
13.728731,2026-09-05T19:24:42.748+01:00,738786,1609370,198,198,True,True,0x02,"NO_IRQ,OK,NO_IRQ,NO_IRQ","NONE,DELTA,NONE,NONE",
13.734088,2026-09-05T19:24:42.752+01:00,738984,1609371,180,180,True,True,0x02,"NO_IRQ,OK,NO_IRQ,NO_IRQ","NONE,DELTA,NONE,NONE",
13.738914,2026-09-05T19:24:42.758+01:00,739164,1609372,232,232,True,True,0x02,"NO_IRQ,OK,NO_IRQ,NO_IRQ","NONE,DELTA,NONE,NONE",
13.743513,2026-09-05T19:24:42.762+01:00,739396,1609373,216,216,True,True,0x02,"NO_IRQ,OK,NO_IRQ,NO_IRQ","NONE,DELTA,NONE,NONE",
13.748472,2026-09-05T19:24:42.767+01:00,739612,1609374,188,188,True,True,0x02,"NO_IRQ,OK,NO_IRQ,NO_IRQ","NONE,DELTA,NONE,NONE",
13.762718,2026-09-05T19:24:42.772+01:00,739800,1609375,182,182,True,True,0x02,"NO_IRQ,OK,NO_IRQ,NO_IRQ","NONE,DELTA,NONE,NONE",
13.763627,2026-09-05T19:24:42.786+01:00,739982,1609376,184,184,True,True,0x02,"NO_IRQ,OK,NO_IRQ,NO_IRQ","NONE,DELTA,NONE,NONE",
13.764224,2026-09-05T19:24:42.787+01:00,740166,1609377,198,198,True,True,0x02,"NO_IRQ,OK,NO_IRQ,NO_IRQ","NONE,DELTA,NONE,NONE",
13.768595,2026-09-05T19:24:42.788+01:00,740364,1609378,200,200,True,True,0x02,"NO_IRQ,OK,NO_IRQ,NO_IRQ","NONE,DELTA,NONE,NONE",
13.779568,2026-09-05T19:24:42.792+01:00,740564,1609379,194,194,True,True,0x02,"NO_IRQ,OK,NO_IRQ,NO_IRQ","NONE,DELTA,NONE,NONE",
13.780347,2026-09-05T19:24:42.803+01:00,740758,1609380,198,198,True,True,0x02,"NO_IRQ,OK,NO_IRQ,NO_IRQ","NONE,DELTA,NONE,NONE",
13.783782,2026-09-05T19:24:42.804+01:00,740956,1609381,184,184,True,True,0x02,"NO_IRQ,OK,NO_IRQ,NO_IRQ","NONE,DELTA,NONE,NONE",
13.788581,2026-09-05T19:24:42.807+01:00,741140,1609382,170,170,True,True,0x02,"NO_IRQ,OK,NO_IRQ,NO_IRQ","NONE,DELTA,NONE,NONE",
13.796438,2026-09-05T19:24:42.812+01:00,741310,1609383,208,208,True,True,0x02,"NO_IRQ,OK,NO_IRQ,NO_IRQ","NONE,DELTA,NONE,NONE",
13.798766,2026-09-05T19:24:42.820+01:00,741518,1609384,194,194,True,True,0x02,"NO_IRQ,OK,NO_IRQ,NO_IRQ","NONE,DELTA,NONE,NONE",
13.803652,2026-09-05T19:24:42.822+01:00,741712,1609385,198,198,True,True,0x02,"NO_IRQ,OK,NO_IRQ,NO_IRQ","NONE,DELTA,NONE,NONE",
13.813449,2026-09-05T19:24:42.827+01:00,741910,1609386,186,186,True,True,0x02,"NO_IRQ,OK,NO_IRQ,NO_IRQ","NONE,DELTA,NONE,NONE",
13.814111,2026-09-05T19:24:42.837+01:00,742096,1609387,170,170,True,True,0x02,"NO_IRQ,OK,NO_IRQ,NO_IRQ","NONE,DELTA,NONE,NONE",
13.818385,2026-09-05T19:24:42.838+01:00,742266,1609388,186,186,True,True,0x02,"NO_IRQ,OK,NO_IRQ,NO_IRQ","NONE,DELTA,NONE,NONE",
13.830548,2026-09-05T19:24:42.842+01:00,742452,1609389,168,168,True,True,0x02,"NO_IRQ,OK,NO_IRQ,NO_IRQ","NONE,DELTA,NONE,NONE",
13.831276,2026-09-05T19:24:42.854+01:00,742620,1609390,228,228,True,True,0x02,"NO_IRQ,OK,NO_IRQ,NO_IRQ","NONE,DELTA,NONE,NONE",
13.833457,2026-09-05T19:24:42.855+01:00,742848,1609391,166,166,True,True,0x02,"NO_IRQ,OK,NO_IRQ,NO_IRQ","NONE,DELTA,NONE,NONE",
13.838533,2026-09-05T19:24:42.857+01:00,743014,1609392,162,162,True,True,0x02,"NO_IRQ,OK,NO_IRQ,NO_IRQ","NONE,DELTA,NONE,NONE",
13.848311,2026-09-05T19:24:42.862+01:00,743176,1609393,156,156,True,True,0x02,"NO_IRQ,OK,NO_IRQ,NO_IRQ","NONE,DELTA,NONE,NONE",
13.848977,2026-09-05T19:24:42.872+01:00,743332,1609394,172,172,True,True,0x02,"NO_IRQ,OK,NO_IRQ,NO_IRQ","NONE,DELTA,NONE,NONE",
13.853573,2026-09-05T19:24:42.873+01:00,743504,1609395,178,178,True,True,0x02,"NO_IRQ,OK,NO_IRQ,NO_IRQ","NONE,DELTA,NONE,NONE",
13.864566,2026-09-05T19:24:42.877+01:00,743682,1609396,190,190,True,True,0x02,"NO_IRQ,OK,NO_IRQ,NO_IRQ","NONE,DELTA,NONE,NONE",
13.865712,2026-09-05T19:24:42.888+01:00,743872,1609397,216,216,True,True,0x02,"NO_IRQ,OK,NO_IRQ,NO_IRQ","NONE,DELTA,NONE,NONE",
13.868424,2026-09-05T19:24:42.889+01:00,744088,1609398,190,190,True,True,0x02,"NO_IRQ,OK,NO_IRQ,NO_IRQ","NONE,DELTA,NONE,NONE",
13.873402,2026-09-05T19:24:42.892+01:00,744278,1609399,166,166,True,True,0x02,"NO_IRQ,OK,NO_IRQ,NO_IRQ","NONE,DELTA,NONE,NONE",
13.881979,2026-09-05T19:24:42.897+01:00,744444,1609400,170,170,True,True,0x02,"NO_IRQ,OK,NO_IRQ,NO_IRQ","NONE,DELTA,NONE,NONE",
13.883397,2026-09-05T19:24:42.906+01:00,744614,1609401,196,196,True,True,0x02,"NO_IRQ,OK,NO_IRQ,NO_IRQ","NONE,DELTA,NONE,NONE",
13.888462,2026-09-05T19:24:42.907+01:00,744810,1609402,152,152,True,True,0x02,"NO_IRQ,OK,NO_IRQ,NO_IRQ","NONE,DELTA,NONE,NONE",
13.893527,2026-09-05T19:24:42.912+01:00,744962,1609403,160,160,True,True,0x02,"NO_IRQ,OK,NO_IRQ,NO_IRQ","NONE,DELTA,NONE,NONE",
13.898794,2026-09-05T19:24:42.917+01:00,745122,1609404,186,186,True,True,0x02,"NO_IRQ,OK,NO_IRQ,NO_IRQ","NONE,DELTA,NONE,NONE",
13.903507,2026-09-05T19:24:42.922+01:00,745308,1609405,168,168,True,True,0x02,"NO_IRQ,OK,NO_IRQ,NO_IRQ","NONE,DELTA,NONE,NONE",
13.908762,2026-09-05T19:24:42.927+01:00,745476,1609406,186,186,True,True,0x02,"NO_IRQ,OK,NO_IRQ,NO_IRQ","NONE,DELTA,NONE,NONE",
13.913335,2026-09-05T19:24:42.932+01:00,745662,1609407,206,206,True,True,0x02,"NO_IRQ,OK,NO_IRQ,NO_IRQ","NONE,DELTA,NONE,NONE",
13.921847,2026-09-05T19:24:42.937+01:00,745868,1609408,194,194,True,True,0x02,"NO_IRQ,OK,NO_IRQ,NO_IRQ","NONE,DELTA,NONE,NONE",
13.923092,2026-09-05T19:24:42.945+01:00,746062,1609409,202,202,True,True,0x02,"NO_IRQ,OK,NO_IRQ,NO_IRQ","NONE,DELTA,NONE,NONE",
13.935159,2026-09-05T19:24:42.947+01:00,746264,1609410,152,152,True,True,0x02,"NO_IRQ,OK,NO_IRQ,NO_IRQ","NONE,DELTA,NONE,NONE",
13.935920,2026-09-05T19:24:42.959+01:00,746416,1609411,180,180,True,True,0x02,"NO_IRQ,OK,NO_IRQ,NO_IRQ","NONE,DELTA,NONE,NONE",
13.938351,2026-09-05T19:24:42.960+01:00,746596,1609412,202,202,True,True,0x02,"NO_IRQ,OK,NO_IRQ,NO_IRQ","NONE,DELTA,NONE,NONE",
13.943645,2026-09-05T19:24:42.962+01:00,746798,1609413,188,188,True,True,0x02,"NO_IRQ,OK,NO_IRQ,NO_IRQ","NONE,DELTA,NONE,NONE",
13.953046,2026-09-05T19:24:42.968+01:00,746986,1609414,178,178,True,True,0x02,"NO_IRQ,OK,NO_IRQ,NO_IRQ","NONE,DELTA,NONE,NONE",
13.954010,2026-09-05T19:24:42.977+01:00,747164,1609415,182,182,True,True,0x02,"NO_IRQ,OK,NO_IRQ,NO_IRQ","NONE,DELTA,NONE,NONE",
13.958437,2026-09-05T19:24:42.978+01:00,747346,1609416,184,184,True,True,0x02,"NO_IRQ,OK,NO_IRQ,NO_IRQ","NONE,DELTA,NONE,NONE",
13.969310,2026-09-05T19:24:42.982+01:00,747530,1609417,200,200,True,True,0x02,"NO_IRQ,OK,NO_IRQ,NO_IRQ","NONE,DELTA,NONE,NONE",
13.969917,2026-09-05T19:24:42.993+01:00,747730,1609418,198,198,True,True,0x02,"NO_IRQ,OK,NO_IRQ,NO_IRQ","NONE,DELTA,NONE,NONE",
13.973409,2026-09-05T19:24:42.993+01:00,747928,1609419,214,214,True,True,0x02,"NO_IRQ,OK,NO_IRQ,NO_IRQ","NONE,DELTA,NONE,NONE",
13.978308,2026-09-05T19:24:42.997+01:00,748142,1609420,174,174,True,True,0x02,"NO_IRQ,OK,NO_IRQ,NO_IRQ","NONE,DELTA,NONE,NONE",
13.985802,2026-09-05T19:24:43.002+01:00,748316,1609421,164,164,True,True,0x02,"NO_IRQ,OK,NO_IRQ,NO_IRQ","NONE,DELTA,NONE,NONE",
13.988390,2026-09-05T19:24:43.009+01:00,748480,1609422,172,172,True,True,0x02,"NO_IRQ,OK,NO_IRQ,NO_IRQ","NONE,DELTA,NONE,NONE",
13.993533,2026-09-05T19:24:43.012+01:00,748652,1609423,168,168,True,True,0x02,"NO_IRQ,OK,NO_IRQ,NO_IRQ","NONE,DELTA,NONE,NONE",
14.003082,2026-09-05T19:24:43.017+01:00,748820,1609424,184,184,True,True,0x02,"NO_IRQ,OK,NO_IRQ,NO_IRQ","NONE,DELTA,NONE,NONE",
14.003679,2026-09-05T19:24:43.027+01:00,749004,1609425,180,180,True,True,0x02,"NO_IRQ,OK,NO_IRQ,NO_IRQ","NONE,DELTA,NONE,NONE",
14.008214,2026-09-05T19:24:43.027+01:00,749184,1609426,180,180,True,True,0x02,"NO_IRQ,OK,NO_IRQ,NO_IRQ","NONE,DELTA,NONE,NONE",
14.016139,2026-09-05T19:24:43.032+01:00,749364,1609427,192,192,True,True,0x02,"NO_IRQ,OK,NO_IRQ,NO_IRQ","NONE,DELTA,NONE,NONE",
14.019650,2026-09-05T19:24:43.040+01:00,749556,1609428,210,210,True,True,0x02,"NO_IRQ,OK,NO_IRQ,NO_IRQ","NONE,DELTA,NONE,NONE",
14.023295,2026-09-05T19:24:43.043+01:00,749766,1609429,172,172,True,True,0x02,"NO_IRQ,OK,NO_IRQ,NO_IRQ","NONE,DELTA,NONE,NONE",
14.028663,2026-09-05T19:24:43.047+01:00,749938,1609430,178,178,True,True,0x02,"NO_IRQ,OK,NO_IRQ,NO_IRQ","NONE,DELTA,NONE,NONE",
14.036781,2026-09-05T19:24:43.052+01:00,750116,1609431,188,188,True,True,0x02,"NO_IRQ,OK,NO_IRQ,NO_IRQ","NONE,DELTA,NONE,NONE",
14.038888,2026-09-05T19:24:43.060+01:00,750304,1609432,194,194,True,True,0x02,"NO_IRQ,OK,NO_IRQ,NO_IRQ","NONE,DELTA,NONE,NONE",
14.044276,2026-09-05T19:24:43.063+01:00,750498,1609433,188,188,True,True,0x02,"NO_IRQ,OK,NO_IRQ,NO_IRQ","NONE,DELTA,NONE,NONE",
14.048897,2026-09-05T19:24:43.068+01:00,750686,1609434,176,176,True,True,0x02,"NO_IRQ,OK,NO_IRQ,NO_IRQ","NONE,DELTA,NONE,NONE",
14.059080,2026-09-05T19:24:43.073+01:00,750862,1609435,186,186,True,True,0x02,"NO_IRQ,OK,NO_IRQ,NO_IRQ","NONE,DELTA,NONE,NONE",
14.060616,2026-09-05T19:24:43.083+01:00,751048,1609436,164,164,True,True,0x02,"NO_IRQ,OK,NO_IRQ,NO_IRQ","NONE,DELTA,NONE,NONE",
14.063204,2026-09-05T19:24:43.084+01:00,751212,1609437,178,178,True,True,0x02,"NO_IRQ,OK,NO_IRQ,NO_IRQ","NONE,DELTA,NONE,NONE",
14.067920,2026-09-05T19:24:43.087+01:00,751390,1609438,154,154,True,True,0x02,"NO_IRQ,OK,NO_IRQ,NO_IRQ","NONE,DELTA,NONE,NONE",
14.072946,2026-09-05T19:24:43.091+01:00,751544,1609439,170,170,True,True,0x02,"NO_IRQ,OK,NO_IRQ,NO_IRQ","NONE,DELTA,NONE,NONE",
14.079341,2026-09-05T19:24:43.096+01:00,751714,1609440,158,158,True,True,0x02,"NO_IRQ,OK,NO_IRQ,NO_IRQ","NONE,DELTA,NONE,NONE",
14.082804,2026-09-05T19:24:43.103+01:00,751872,1609441,180,180,True,True,0x02,"NO_IRQ,OK,NO_IRQ,NO_IRQ","NONE,DELTA,NONE,NONE",
14.087827,2026-09-05T19:24:43.106+01:00,752052,1609442,198,198,True,True,0x02,"NO_IRQ,OK,NO_IRQ,NO_IRQ","NONE,DELTA,NONE,NONE",
14.101365,2026-09-05T19:24:43.111+01:00,752250,1609443,162,162,True,True,0x02,"NO_IRQ,OK,NO_IRQ,NO_IRQ","NONE,DELTA,NONE,NONE",
14.102075,2026-09-05T19:24:43.125+01:00,752412,1609444,186,186,True,True,0x02,"NO_IRQ,OK,NO_IRQ,NO_IRQ","NONE,DELTA,NONE,NONE",
14.103292,2026-09-05T19:24:43.126+01:00,752598,1609445,184,184,True,True,0x02,"NO_IRQ,OK,NO_IRQ,NO_IRQ","NONE,DELTA,NONE,NONE",
14.108134,2026-09-05T19:24:43.127+01:00,752782,1609446,180,180,True,True,0x02,"NO_IRQ,OK,NO_IRQ,NO_IRQ","NONE,DELTA,NONE,NONE",
14.112959,2026-09-05T19:24:43.132+01:00,752962,1609447,192,192,True,True,0x02,"NO_IRQ,OK,NO_IRQ,NO_IRQ","NONE,DELTA,NONE,NONE",
14.119835,2026-09-05T19:24:43.137+01:00,753154,1609448,1084,1084,True,True,0x02,"NO_IRQ,OK,NO_IRQ,NO_IRQ","NONE,DELTA_SYNC,NONE,NONE",
14.123253,2026-09-05T19:24:43.143+01:00,754238,1609449,218,218,True,True,0x02,"NO_IRQ,OK,NO_IRQ,NO_IRQ","NONE,DELTA,NONE,NONE",
14.127964,2026-09-05T19:24:43.147+01:00,754456,1609450,212,212,True,True,0x02,"NO_IRQ,OK,NO_IRQ,NO_IRQ","NONE,DELTA,NONE,NONE",
14.136793,2026-09-05T19:24:43.152+01:00,754668,1609451,170,170,True,True,0x02,"NO_IRQ,OK,NO_IRQ,NO_IRQ","NONE,DELTA,NONE,NONE",
14.138161,2026-09-05T19:24:43.160+01:00,754838,1609452,158,158,True,True,0x02,"NO_IRQ,OK,NO_IRQ,NO_IRQ","NONE,DELTA,NONE,NONE",
14.143701,2026-09-05T19:24:43.162+01:00,754996,1609453,140,140,True,True,0x02,"NO_IRQ,OK,NO_IRQ,NO_IRQ","NONE,DELTA,NONE,NONE",
14.147798,2026-09-05T19:24:43.168+01:00,755136,1609454,164,164,True,True,0x02,"NO_IRQ,OK,NO_IRQ,NO_IRQ","NONE,DELTA,NONE,NONE",
14.154505,2026-09-05T19:24:43.171+01:00,755300,1609455,180,180,True,True,0x02,"NO_IRQ,OK,NO_IRQ,NO_IRQ","NONE,DELTA,NONE,NONE",
14.158009,2026-09-05T19:24:43.178+01:00,755480,1609456,182,182,True,True,0x02,"NO_IRQ,OK,NO_IRQ,NO_IRQ","NONE,DELTA,NONE,NONE",
14.163045,2026-09-05T19:24:43.182+01:00,755662,1609457,186,186,True,True,0x02,"NO_IRQ,OK,NO_IRQ,NO_IRQ","NONE,DELTA,NONE,NONE",
14.171153,2026-09-05T19:24:43.187+01:00,755848,1609458,192,192,True,True,0x02,"NO_IRQ,OK,NO_IRQ,NO_IRQ","NONE,DELTA,NONE,NONE",
14.172662,2026-09-05T19:24:43.195+01:00,756040,1609459,180,180,True,True,0x02,"NO_IRQ,OK,NO_IRQ,NO_IRQ","NONE,DELTA,NONE,NONE",
14.178042,2026-09-05T19:24:43.196+01:00,756220,1609460,164,164,True,True,0x02,"NO_IRQ,OK,NO_IRQ,NO_IRQ","NONE,DELTA,NONE,NONE",
14.187692,2026-09-05T19:24:43.202+01:00,756384,1609461,190,190,True,True,0x02,"NO_IRQ,OK,NO_IRQ,NO_IRQ","NONE,DELTA,NONE,NONE",
14.188309,2026-09-05T19:24:43.211+01:00,756574,1609462,184,184,True,True,0x02,"NO_IRQ,OK,NO_IRQ,NO_IRQ","NONE,DELTA,NONE,NONE",
14.193180,2026-09-05T19:24:43.212+01:00,756758,1609463,186,186,True,True,0x02,"NO_IRQ,OK,NO_IRQ,NO_IRQ","NONE,DELTA,NONE,NONE",
14.197945,2026-09-05T19:24:43.217+01:00,756944,1609464,184,184,True,True,0x02,"NO_IRQ,OK,NO_IRQ,NO_IRQ","NONE,DELTA,NONE,NONE",
14.205084,2026-09-05T19:24:43.221+01:00,757128,1609465,172,172,True,True,0x02,"NO_IRQ,OK,NO_IRQ,NO_IRQ","NONE,DELTA,NONE,NONE",
14.207793,2026-09-05T19:24:43.229+01:00,757300,1609466,180,180,True,True,0x02,"NO_IRQ,OK,NO_IRQ,NO_IRQ","NONE,DELTA,NONE,NONE",
14.212695,2026-09-05T19:24:43.231+01:00,757480,1609467,188,188,True,True,0x02,"NO_IRQ,OK,NO_IRQ,NO_IRQ","NONE,DELTA,NONE,NONE",
14.221120,2026-09-05T19:24:43.236+01:00,757668,1609468,190,190,True,True,0x02,"NO_IRQ,OK,NO_IRQ,NO_IRQ","NONE,DELTA,NONE,NONE",
14.222711,2026-09-05T19:24:43.245+01:00,757858,1609469,172,172,True,True,0x02,"NO_IRQ,OK,NO_IRQ,NO_IRQ","NONE,DELTA,NONE,NONE",
14.228176,2026-09-05T19:24:43.246+01:00,758030,1609470,162,162,True,True,0x02,"NO_IRQ,OK,NO_IRQ,NO_IRQ","NONE,DELTA,NONE,NONE",
14.233332,2026-09-05T19:24:43.252+01:00,758192,1609471,180,180,True,True,0x02,"NO_IRQ,OK,NO_IRQ,NO_IRQ","NONE,DELTA,NONE,NONE",
14.237600,2026-09-05T19:24:43.257+01:00,758372,1609472,180,180,True,True,0x02,"NO_IRQ,OK,NO_IRQ,NO_IRQ","NONE,DELTA,NONE,NONE",
14.242507,2026-09-05T19:24:43.261+01:00,758552,1609473,176,176,True,True,0x02,"NO_IRQ,OK,NO_IRQ,NO_IRQ","NONE,DELTA,NONE,NONE",
14.248011,2026-09-05T19:24:43.266+01:00,758728,1609474,156,156,True,True,0x02,"NO_IRQ,OK,NO_IRQ,NO_IRQ","NONE,DELTA,NONE,NONE",
14.258734,2026-09-05T19:24:43.272+01:00,758884,1609475,166,166,True,True,0x02,"NO_IRQ,OK,NO_IRQ,NO_IRQ","NONE,DELTA,NONE,NONE",
14.259071,2026-09-05T19:24:43.282+01:00,759050,1609476,168,168,True,True,0x02,"NO_IRQ,OK,NO_IRQ,NO_IRQ","NONE,DELTA,NONE,NONE",
14.273880,2026-09-05T19:24:43.283+01:00,759218,1609477,126,126,True,True,0x02,"NO_IRQ,OK,NO_IRQ,NO_IRQ","NONE,DELTA,NONE,NONE",
14.274579,2026-09-05T19:24:43.297+01:00,759344,1609478,226,226,True,True,0x02,"NO_IRQ,OK,NO_IRQ,NO_IRQ","NONE,DELTA,NONE,NONE",
14.275378,2026-09-05T19:24:43.298+01:00,759570,1609479,218,218,True,True,0x02,"NO_IRQ,OK,NO_IRQ,NO_IRQ","NONE,DELTA,NONE,NONE",
14.278627,2026-09-05T19:24:43.299+01:00,759788,1609480,226,226,True,True,0x02,"NO_IRQ,OK,NO_IRQ,NO_IRQ","NONE,DELTA,NONE,NONE",
14.282968,2026-09-05T19:24:43.302+01:00,760014,1609481,184,184,True,True,0x02,"NO_IRQ,OK,NO_IRQ,NO_IRQ","NONE,DELTA,NONE,NONE",
14.291216,2026-09-05T19:24:43.306+01:00,760198,1609482,174,174,True,True,0x02,"NO_IRQ,OK,NO_IRQ,NO_IRQ","NONE,DELTA,NONE,NONE",
14.292647,2026-09-05T19:24:43.315+01:00,760372,1609483,198,198,True,True,0x02,"NO_IRQ,OK,NO_IRQ,NO_IRQ","NONE,DELTA,NONE,NONE",
14.297791,2026-09-05T19:24:43.316+01:00,760570,1609484,160,160,True,True,0x02,"NO_IRQ,OK,NO_IRQ,NO_IRQ","NONE,DELTA,NONE,NONE",
14.308412,2026-09-05T19:24:43.321+01:00,760730,1609485,270,270,True,True,0x02,"NO_IRQ,OK,NO_IRQ,NO_IRQ","NONE,DELTA,NONE,NONE",
14.309070,2026-09-05T19:24:43.332+01:00,761000,1609486,282,282,True,True,0x02,"NO_IRQ,OK,NO_IRQ,NO_IRQ","NONE,DELTA,NONE,NONE",
14.313157,2026-09-05T19:24:43.333+01:00,761282,1609487,262,262,True,True,0x02,"NO_IRQ,OK,NO_IRQ,NO_IRQ","NONE,DELTA,NONE,NONE",
14.317866,2026-09-05T19:24:43.337+01:00,761544,1609488,284,284,True,True,0x02,"NO_IRQ,OK,NO_IRQ,NO_IRQ","NONE,DELTA,NONE,NONE",
14.325040,2026-09-05T19:24:43.341+01:00,761828,1609489,280,280,True,True,0x02,"NO_IRQ,OK,NO_IRQ,NO_IRQ","NONE,DELTA,NONE,NONE",
14.327913,2026-09-05T19:24:43.349+01:00,762108,1609490,288,288,True,True,0x02,"NO_IRQ,OK,NO_IRQ,NO_IRQ","NONE,DELTA,NONE,NONE",
14.332882,2026-09-05T19:24:43.352+01:00,762396,1609491,276,276,True,True,0x02,"NO_IRQ,OK,NO_IRQ,NO_IRQ","NONE,DELTA,NONE,NONE",
14.341698,2026-09-05T19:24:43.356+01:00,762672,1609492,270,270,True,True,0x02,"NO_IRQ,OK,NO_IRQ,NO_IRQ","NONE,DELTA,NONE,NONE",
14.343150,2026-09-05T19:24:43.366+01:00,762942,1609493,290,290,True,True,0x02,"NO_IRQ,OK,NO_IRQ,NO_IRQ","NONE,DELTA,NONE,NONE",
14.347816,2026-09-05T19:24:43.367+01:00,763232,1609494,264,264,True,True,0x02,"NO_IRQ,OK,NO_IRQ,NO_IRQ","NONE,DELTA,NONE,NONE",
14.354583,2026-09-05T19:24:43.372+01:00,763496,1609495,236,236,True,True,0x02,"NO_IRQ,OK,NO_IRQ,NO_IRQ","NONE,DELTA,NONE,NONE",
14.359512,2026-09-05T19:24:43.379+01:00,763732,1609496,228,228,True,True,0x02,"NO_IRQ,OK,NO_IRQ,NO_IRQ","NONE,DELTA,NONE,NONE",
14.362983,2026-09-05T19:24:43.383+01:00,763960,1609497,246,246,True,True,0x02,"NO_IRQ,OK,NO_IRQ,NO_IRQ","NONE,DELTA,NONE,NONE",
14.367488,2026-09-05T19:24:43.387+01:00,764206,1609498,226,226,True,True,0x02,"NO_IRQ,OK,NO_IRQ,NO_IRQ","NONE,DELTA,NONE,NONE",
14.375927,2026-09-05T19:24:43.391+01:00,764432,1609499,260,260,True,True,0x02,"NO_IRQ,OK,NO_IRQ,NO_IRQ","NONE,DELTA,NONE,NONE",
14.377462,2026-09-05T19:24:43.399+01:00,764692,1609500,232,232,True,True,0x02,"NO_IRQ,OK,NO_IRQ,NO_IRQ","NONE,DELTA,NONE,NONE",
14.382873,2026-09-05T19:24:43.401+01:00,764924,1609501,272,272,True,True,0x02,"NO_IRQ,OK,NO_IRQ,NO_IRQ","NONE,DELTA,NONE,NONE",
14.392374,2026-09-05T19:24:43.406+01:00,765196,1609502,242,242,True,True,0x02,"NO_IRQ,OK,NO_IRQ,NO_IRQ","NONE,DELTA,NONE,NONE",
14.393680,2026-09-05T19:24:43.416+01:00,765438,1609503,210,210,True,True,0x02,"NO_IRQ,OK,NO_IRQ,NO_IRQ","NONE,DELTA,NONE,NONE",
14.397713,2026-09-05T19:24:43.417+01:00,765648,1609504,224,224,True,True,0x02,"NO_IRQ,OK,NO_IRQ,NO_IRQ","NONE,DELTA,NONE,NONE",
14.402285,2026-09-05T19:24:43.421+01:00,765872,1609505,202,202,True,True,0x02,"NO_IRQ,OK,NO_IRQ,NO_IRQ","NONE,DELTA,NONE,NONE",
14.408016,2026-09-05T19:24:43.426+01:00,766074,1609506,192,192,True,True,0x02,"NO_IRQ,OK,NO_IRQ,NO_IRQ","NONE,DELTA,NONE,NONE",
14.412398,2026-09-05T19:24:43.432+01:00,766266,1609507,192,192,True,True,0x02,"NO_IRQ,OK,NO_IRQ,NO_IRQ","NONE,DELTA,NONE,NONE",
14.417400,2026-09-05T19:24:43.436+01:00,766458,1609508,230,230,True,True,0x02,"NO_IRQ,OK,NO_IRQ,NO_IRQ","NONE,DELTA,NONE,NONE",
14.433848,2026-09-05T19:24:43.441+01:00,766688,1609509,212,212,True,True,0x02,"NO_IRQ,OK,NO_IRQ,NO_IRQ","NONE,DELTA,NONE,NONE",
14.434759,2026-09-05T19:24:43.457+01:00,766900,1609510,198,198,True,True,0x02,"NO_IRQ,OK,NO_IRQ,NO_IRQ","NONE,DELTA,NONE,NONE",
14.435628,2026-09-05T19:24:43.459+01:00,767098,1609511,206,206,True,True,0x02,"NO_IRQ,OK,NO_IRQ,NO_IRQ","NONE,DELTA,NONE,NONE",
14.437714,2026-09-05T19:24:43.459+01:00,767304,1609512,214,214,True,True,0x02,"NO_IRQ,OK,NO_IRQ,NO_IRQ","NONE,DELTA,NONE,NONE",
14.442546,2026-09-05T19:24:43.461+01:00,767518,1609513,240,240,True,True,0x02,"NO_IRQ,OK,NO_IRQ,NO_IRQ","NONE,DELTA,NONE,NONE",
14.451764,2026-09-05T19:24:43.466+01:00,767758,1609514,222,222,True,True,0x02,"NO_IRQ,OK,NO_IRQ,NO_IRQ","NONE,DELTA,NONE,NONE",
14.452471,2026-09-05T19:24:43.475+01:00,767980,1609515,242,242,True,True,0x02,"NO_IRQ,OK,NO_IRQ,NO_IRQ","NONE,DELTA,NONE,NONE",
14.457544,2026-09-05T19:24:43.476+01:00,768222,1609516,198,198,True,True,0x02,"NO_IRQ,OK,NO_IRQ,NO_IRQ","NONE,DELTA,NONE,NONE",
14.468092,2026-09-05T19:24:43.481+01:00,768420,1609517,248,248,True,True,0x02,"NO_IRQ,OK,NO_IRQ,NO_IRQ","NONE,DELTA,NONE,NONE",
14.468763,2026-09-05T19:24:43.492+01:00,768668,1609518,214,214,True,True,0x02,"NO_IRQ,OK,NO_IRQ,NO_IRQ","NONE,DELTA,NONE,NONE",
14.472498,2026-09-05T19:24:43.492+01:00,768882,1609519,190,190,True,True,0x02,"NO_IRQ,OK,NO_IRQ,NO_IRQ","NONE,DELTA,NONE,NONE",
14.477381,2026-09-05T19:24:43.496+01:00,769072,1609520,224,224,True,True,0x02,"NO_IRQ,OK,NO_IRQ,NO_IRQ","NONE,DELTA,NONE,NONE",
14.484649,2026-09-05T19:24:43.501+01:00,769296,1609521,216,216,True,True,0x02,"NO_IRQ,OK,NO_IRQ,NO_IRQ","NONE,DELTA,NONE,NONE",
14.487540,2026-09-05T19:24:43.508+01:00,769512,1609522,176,176,True,True,0x02,"NO_IRQ,OK,NO_IRQ,NO_IRQ","NONE,DELTA,NONE,NONE",
14.492377,2026-09-05T19:24:43.511+01:00,769688,1609523,222,222,True,True,0x02,"NO_IRQ,OK,NO_IRQ,NO_IRQ","NONE,DELTA,NONE,NONE",
14.500987,2026-09-05T19:24:43.516+01:00,769910,1609524,232,232,True,True,0x02,"NO_IRQ,OK,NO_IRQ,NO_IRQ","NONE,DELTA,NONE,NONE",
14.502274,2026-09-05T19:24:43.525+01:00,770142,1609525,248,248,True,True,0x02,"NO_IRQ,OK,NO_IRQ,NO_IRQ","NONE,DELTA,NONE,NONE",
14.507693,2026-09-05T19:24:43.526+01:00,770390,1609526,240,240,True,True,0x02,"NO_IRQ,OK,NO_IRQ,NO_IRQ","NONE,DELTA,NONE,NONE",
14.518673,2026-09-05T19:24:43.531+01:00,770630,1609527,228,228,True,True,0x02,"NO_IRQ,OK,NO_IRQ,NO_IRQ","NONE,DELTA,NONE,NONE",
14.519404,2026-09-05T19:24:43.542+01:00,770858,1609528,220,220,True,True,0x02,"NO_IRQ,OK,NO_IRQ,NO_IRQ","NONE,DELTA,NONE,NONE",
14.522409,2026-09-05T19:24:43.543+01:00,771078,1609529,248,248,True,True,0x02,"NO_IRQ,OK,NO_IRQ,NO_IRQ","NONE,DELTA,NONE,NONE",
14.527962,2026-09-05T19:24:43.546+01:00,771326,1609530,242,242,True,True,0x02,"NO_IRQ,OK,NO_IRQ,NO_IRQ","NONE,DELTA,NONE,NONE",
14.535688,2026-09-05T19:24:43.552+01:00,771568,1609531,218,218,True,True,0x02,"NO_IRQ,OK,NO_IRQ,NO_IRQ","NONE,DELTA,NONE,NONE",
14.537405,2026-09-05T19:24:43.559+01:00,771786,1609532,214,214,True,True,0x02,"NO_IRQ,OK,NO_IRQ,NO_IRQ","NONE,DELTA,NONE,NONE",
14.542582,2026-09-05T19:24:43.561+01:00,772000,1609533,238,238,True,True,0x02,"NO_IRQ,OK,NO_IRQ,NO_IRQ","NONE,DELTA,NONE,NONE",
14.552520,2026-09-05T19:24:43.566+01:00,772238,1609534,212,212,True,True,0x02,"NO_IRQ,OK,NO_IRQ,NO_IRQ","NONE,DELTA,NONE,NONE",
14.553286,2026-09-05T19:24:43.576+01:00,772450,1609535,242,242,True,True,0x02,"NO_IRQ,OK,NO_IRQ,NO_IRQ","NONE,DELTA,NONE,NONE",
14.557198,2026-09-05T19:24:43.577+01:00,772692,1609536,194,194,True,True,0x02,"NO_IRQ,OK,NO_IRQ,NO_IRQ","NONE,DELTA,NONE,NONE",
14.562459,2026-09-05T19:24:43.581+01:00,772886,1609537,238,238,True,True,0x02,"NO_IRQ,OK,NO_IRQ,NO_IRQ","NONE,DELTA,NONE,NONE",
14.567288,2026-09-05T19:24:43.586+01:00,773124,1609538,220,220,True,True,0x02,"NO_IRQ,OK,NO_IRQ,NO_IRQ","NONE,DELTA,NONE,NONE",
14.572155,2026-09-05T19:24:43.591+01:00,773344,1609539,232,232,True,True,0x02,"NO_IRQ,OK,NO_IRQ,NO_IRQ","NONE,DELTA,NONE,NONE",
14.577585,2026-09-05T19:24:43.596+01:00,773576,1609540,252,252,True,True,0x02,"NO_IRQ,OK,NO_IRQ,NO_IRQ","NONE,DELTA,NONE,NONE",
14.582095,2026-09-05T19:24:43.601+01:00,773828,1609541,240,240,True,True,0x02,"NO_IRQ,OK,NO_IRQ,NO_IRQ","NONE,DELTA,NONE,NONE",
14.591089,2026-09-05T19:24:43.606+01:00,774068,1609542,208,208,True,True,0x02,"NO_IRQ,OK,NO_IRQ,NO_IRQ","NONE,DELTA,NONE,NONE",
14.591914,2026-09-05T19:24:43.615+01:00,774276,1609543,204,204,True,True,0x02,"NO_IRQ,OK,NO_IRQ,NO_IRQ","NONE,DELTA,NONE,NONE",
14.604406,2026-09-05T19:24:43.615+01:00,774480,1609544,228,228,True,True,0x02,"NO_IRQ,OK,NO_IRQ,NO_IRQ","NONE,DELTA,NONE,NONE",
14.605095,2026-09-05T19:24:43.628+01:00,774708,1609545,222,222,True,True,0x02,"NO_IRQ,OK,NO_IRQ,NO_IRQ","NONE,DELTA,NONE,NONE",
14.607371,2026-09-05T19:24:43.629+01:00,774930,1609546,214,214,True,True,0x02,"NO_IRQ,OK,NO_IRQ,NO_IRQ","NONE,DELTA,NONE,NONE",
14.612890,2026-09-05T19:24:43.631+01:00,775144,1609547,202,202,True,True,0x02,"NO_IRQ,OK,NO_IRQ,NO_IRQ","NONE,DELTA,NONE,NONE",
14.622155,2026-09-05T19:24:43.637+01:00,775346,1609548,220,220,True,True,0x02,"NO_IRQ,OK,NO_IRQ,NO_IRQ","NONE,DELTA,NONE,NONE",
14.622785,2026-09-05T19:24:43.646+01:00,775566,1609549,246,246,True,True,0x02,"NO_IRQ,OK,NO_IRQ,NO_IRQ","NONE,DELTA,NONE,NONE",
14.627639,2026-09-05T19:24:43.646+01:00,775812,1609550,206,206,True,True,0x02,"NO_IRQ,OK,NO_IRQ,NO_IRQ","NONE,DELTA,NONE,NONE",
14.632143,2026-09-05T19:24:43.651+01:00,776018,1609551,184,184,True,True,0x02,"NO_IRQ,OK,NO_IRQ,NO_IRQ","NONE,DELTA,NONE,NONE",
14.639277,2026-09-05T19:24:43.656+01:00,776202,1609552,190,190,True,True,0x02,"NO_IRQ,OK,NO_IRQ,NO_IRQ","NONE,DELTA,NONE,NONE",
14.642056,2026-09-05T19:24:43.663+01:00,776392,1609553,216,216,True,True,0x02,"NO_IRQ,OK,NO_IRQ,NO_IRQ","NONE,DELTA,NONE,NONE",
14.647242,2026-09-05T19:24:43.666+01:00,776608,1609554,202,202,True,True,0x02,"NO_IRQ,OK,NO_IRQ,NO_IRQ","NONE,DELTA,NONE,NONE",
14.655773,2026-09-05T19:24:43.671+01:00,776810,1609555,198,198,True,True,0x02,"NO_IRQ,OK,NO_IRQ,NO_IRQ","NONE,DELTA,NONE,NONE",
14.657005,2026-09-05T19:24:43.679+01:00,777008,1609556,218,218,True,True,0x02,"NO_IRQ,OK,NO_IRQ,NO_IRQ","NONE,DELTA,NONE,NONE",
14.661951,2026-09-05T19:24:43.681+01:00,777226,1609557,204,204,True,True,0x02,"NO_IRQ,OK,NO_IRQ,NO_IRQ","NONE,DELTA,NONE,NONE",
14.672436,2026-09-05T19:24:43.686+01:00,777430,1609558,220,220,True,True,0x02,"NO_IRQ,OK,NO_IRQ,NO_IRQ","NONE,DELTA,NONE,NONE",
14.673041,2026-09-05T19:24:43.696+01:00,777650,1609559,216,216,True,True,0x02,"NO_IRQ,OK,NO_IRQ,NO_IRQ","NONE,DELTA,NONE,NONE",
14.677455,2026-09-05T19:24:43.697+01:00,777866,1609560,210,210,True,True,0x02,"NO_IRQ,OK,NO_IRQ,NO_IRQ","NONE,DELTA,NONE,NONE",
14.681802,2026-09-05T19:24:43.701+01:00,778076,1609561,174,174,True,True,0x02,"NO_IRQ,OK,NO_IRQ,NO_IRQ","NONE,DELTA,NONE,NONE",
14.689019,2026-09-05T19:24:43.706+01:00,778250,1609562,174,174,True,True,0x02,"NO_IRQ,OK,NO_IRQ,NO_IRQ","NONE,DELTA,NONE,NONE",
14.692113,2026-09-05T19:24:43.713+01:00,778424,1609563,176,176,True,True,0x02,"NO_IRQ,OK,NO_IRQ,NO_IRQ","NONE,DELTA,NONE,NONE",
14.696818,2026-09-05T19:24:43.716+01:00,778600,1609564,192,192,True,True,0x02,"NO_IRQ,OK,NO_IRQ,NO_IRQ","NONE,DELTA,NONE,NONE",
14.705423,2026-09-05T19:24:43.721+01:00,778792,1609565,174,174,True,True,0x02,"NO_IRQ,OK,NO_IRQ,NO_IRQ","NONE,DELTA,NONE,NONE",
14.707275,2026-09-05T19:24:43.729+01:00,778966,1609566,198,198,True,True,0x02,"NO_IRQ,OK,NO_IRQ,NO_IRQ","NONE,DELTA,NONE,NONE",
14.712165,2026-09-05T19:24:43.731+01:00,779164,1609567,210,210,True,True,0x02,"NO_IRQ,OK,NO_IRQ,NO_IRQ","NONE,DELTA,NONE,NONE",
14.722386,2026-09-05T19:24:43.736+01:00,779374,1609568,222,222,True,True,0x02,"NO_IRQ,OK,NO_IRQ,NO_IRQ","NONE,DELTA,NONE,NONE",
14.722973,2026-09-05T19:24:43.746+01:00,779596,1609569,206,206,True,True,0x02,"NO_IRQ,OK,NO_IRQ,NO_IRQ","NONE,DELTA,NONE,NONE",
14.727079,2026-09-05T19:24:43.746+01:00,779802,1609570,176,176,True,True,0x02,"NO_IRQ,OK,NO_IRQ,NO_IRQ","NONE,DELTA,NONE,NONE",
14.731860,2026-09-05T19:24:43.751+01:00,779978,1609571,180,180,True,True,0x02,"NO_IRQ,OK,NO_IRQ,NO_IRQ","NONE,DELTA,NONE,NONE",
14.736821,2026-09-05T19:24:43.756+01:00,780158,1609572,208,208,True,True,0x02,"NO_IRQ,OK,NO_IRQ,NO_IRQ","NONE,DELTA,NONE,NONE",
14.741846,2026-09-05T19:24:43.760+01:00,780366,1609573,164,164,True,True,0x02,"NO_IRQ,OK,NO_IRQ,NO_IRQ","NONE,DELTA,NONE,NONE",
14.746884,2026-09-05T19:24:43.765+01:00,780530,1609574,210,210,True,True,0x02,"NO_IRQ,OK,NO_IRQ,NO_IRQ","NONE,DELTA,NONE,NONE",
14.751666,2026-09-05T19:24:43.770+01:00,780740,1609575,218,218,True,True,0x02,"NO_IRQ,OK,NO_IRQ,NO_IRQ","NONE,DELTA,NONE,NONE",
14.761235,2026-09-05T19:24:43.775+01:00,780958,1609576,186,186,True,True,0x02,"NO_IRQ,OK,NO_IRQ,NO_IRQ","NONE,DELTA,NONE,NONE",
14.764622,2026-09-05T19:24:43.787+01:00,781144,1609577,190,190,True,True,0x02,"NO_IRQ,OK,NO_IRQ,NO_IRQ","NONE,DELTA,NONE,NONE",
14.766787,2026-09-05T19:24:43.788+01:00,781334,1609578,194,194,True,True,0x02,"NO_IRQ,OK,NO_IRQ,NO_IRQ","NONE,DELTA,NONE,NONE",
14.771747,2026-09-05T19:24:43.791+01:00,781528,1609579,176,176,True,True,0x02,"NO_IRQ,OK,NO_IRQ,NO_IRQ","NONE,DELTA,NONE,NONE",
14.780802,2026-09-05T19:24:43.795+01:00,781704,1609580,178,178,True,True,0x02,"NO_IRQ,OK,NO_IRQ,NO_IRQ","NONE,DELTA,NONE,NONE",
14.781814,2026-09-05T19:24:43.804+01:00,781882,1609581,172,172,True,True,0x02,"NO_IRQ,OK,NO_IRQ,NO_IRQ","NONE,DELTA,NONE,NONE",
14.786851,2026-09-05T19:24:43.805+01:00,782054,1609582,186,186,True,True,0x02,"NO_IRQ,OK,NO_IRQ,NO_IRQ","NONE,DELTA,NONE,NONE",
14.796821,2026-09-05T19:24:43.810+01:00,782240,1609583,166,166,True,True,0x02,"NO_IRQ,OK,NO_IRQ,NO_IRQ","NONE,DELTA,NONE,NONE",
14.797741,2026-09-05T19:24:43.820+01:00,782406,1609584,152,152,True,True,0x02,"NO_IRQ,OK,NO_IRQ,NO_IRQ","NONE,DELTA,NONE,NONE",
14.801923,2026-09-05T19:24:43.821+01:00,782558,1609585,188,188,True,True,0x02,"NO_IRQ,OK,NO_IRQ,NO_IRQ","NONE,DELTA,NONE,NONE",
14.813469,2026-09-05T19:24:43.825+01:00,782746,1609586,194,194,True,True,0x02,"NO_IRQ,OK,NO_IRQ,NO_IRQ","NONE,DELTA,NONE,NONE",
14.814421,2026-09-05T19:24:43.837+01:00,782940,1609587,172,172,True,True,0x02,"NO_IRQ,OK,NO_IRQ,NO_IRQ","NONE,DELTA,NONE,NONE",
14.816805,2026-09-05T19:24:43.838+01:00,783112,1609588,168,168,True,True,0x02,"NO_IRQ,OK,NO_IRQ,NO_IRQ","NONE,DELTA,NONE,NONE",
14.821589,2026-09-05T19:24:43.840+01:00,783280,1609589,196,196,True,True,0x02,"NO_IRQ,OK,NO_IRQ,NO_IRQ","NONE,DELTA,NONE,NONE",
14.830274,2026-09-05T19:24:43.845+01:00,783476,1609590,172,172,True,True,0x02,"NO_IRQ,OK,NO_IRQ,NO_IRQ","NONE,DELTA,NONE,NONE",
14.831599,2026-09-05T19:24:43.854+01:00,783648,1609591,184,184,True,True,0x02,"NO_IRQ,OK,NO_IRQ,NO_IRQ","NONE,DELTA,NONE,NONE",
14.837116,2026-09-05T19:24:43.855+01:00,783832,1609592,262,262,True,True,0x02,"NO_IRQ,OK,NO_IRQ,NO_IRQ","NONE,DELTA,NONE,NONE",
14.847237,2026-09-05T19:24:43.861+01:00,784094,1609593,328,328,True,True,0x02,"NO_IRQ,OK,NO_IRQ,NO_IRQ","NONE,DELTA,NONE,NONE",
14.848014,2026-09-05T19:24:43.871+01:00,784422,1609594,314,314,True,True,0x02,"NO_IRQ,OK,NO_IRQ,NO_IRQ","NONE,DELTA,NONE,NONE",
14.852158,2026-09-05T19:24:43.872+01:00,784736,1609595,348,348,True,True,0x02,"NO_IRQ,OK,NO_IRQ,NO_IRQ","NONE,DELTA,NONE,NONE",
14.856939,2026-09-05T19:24:43.876+01:00,785084,1609596,496,496,True,True,0x02,"NO_IRQ,OK,NO_IRQ,NO_IRQ","NONE,DELTA,NONE,NONE",
14.863858,2026-09-05T19:24:43.880+01:00,785580,1609597,600,600,True,True,0x02,"NO_IRQ,OK,NO_IRQ,NO_IRQ","NONE,DELTA,NONE,NONE",
14.867789,2026-09-05T19:24:43.888+01:00,786180,1609598,688,688,True,True,0x02,"NO_IRQ,OK,NO_IRQ,NO_IRQ","NONE,DELTA,NONE,NONE",
14.872811,2026-09-05T19:24:43.892+01:00,786868,1609599,732,732,True,True,0x02,"NO_IRQ,OK,NO_IRQ,NO_IRQ","NONE,DELTA,NONE,NONE",
14.881696,2026-09-05T19:24:43.896+01:00,787600,1609600,724,724,True,True,0x02,"NO_IRQ,OK,NO_IRQ,NO_IRQ","NONE,DELTA,NONE,NONE",
14.882746,2026-09-05T19:24:43.905+01:00,788324,1609601,656,656,True,True,0x02,"NO_IRQ,OK,NO_IRQ,NO_IRQ","NONE,DELTA,NONE,NONE",
14.887784,2026-09-05T19:24:43.906+01:00,788980,1609602,652,652,True,True,0x02,"NO_IRQ,OK,NO_IRQ,NO_IRQ","NONE,DELTA,NONE,NONE",
14.894387,2026-09-05T19:24:43.911+01:00,789632,1609603,630,630,True,True,0x02,"NO_IRQ,OK,NO_IRQ,NO_IRQ","NONE,DELTA,NONE,NONE",
14.897857,2026-09-05T19:24:43.918+01:00,790262,1609604,620,620,True,True,0x02,"NO_IRQ,OK,NO_IRQ,NO_IRQ","NONE,DELTA,NONE,NONE",
14.902448,2026-09-05T19:24:43.921+01:00,790882,1609605,612,612,True,True,0x02,"NO_IRQ,OK,NO_IRQ,NO_IRQ","NONE,DELTA,NONE,NONE",
14.907450,2026-09-05T19:24:43.926+01:00,791494,1609606,644,644,True,True,0x02,"NO_IRQ,OK,NO_IRQ,NO_IRQ","NONE,DELTA,NONE,NONE",
14.919200,2026-09-05T19:24:43.931+01:00,792138,1609607,662,662,True,True,0x02,"NO_IRQ,OK,NO_IRQ,NO_IRQ","NONE,DELTA,NONE,NONE",
14.919661,2026-09-05T19:24:43.943+01:00,792800,1609608,662,662,True,True,0x02,"NO_IRQ,OK,NO_IRQ,NO_IRQ","NONE,DELTA,NONE,NONE",
14.927982,2026-09-05T19:24:43.943+01:00,793462,1609609,700,700,True,True,0x02,"NO_IRQ,OK,NO_IRQ,NO_IRQ","NONE,DELTA,NONE,NONE",
14.933536,2026-09-05T19:24:43.953+01:00,794162,1609610,670,670,True,True,0x02,"NO_IRQ,OK,NO_IRQ,NO_IRQ","NONE,DELTA,NONE,NONE",
14.934595,2026-09-05T19:24:43.957+01:00,794832,1609611,684,684,True,True,0x02,"NO_IRQ,OK,NO_IRQ,NO_IRQ","NONE,DELTA,NONE,NONE",
14.938197,2026-09-05T19:24:43.958+01:00,795516,1609612,698,698,True,True,0x02,"NO_IRQ,OK,NO_IRQ,NO_IRQ","NONE,DELTA,NONE,NONE",
14.944025,2026-09-05T19:24:43.962+01:00,796214,1609613,702,702,True,True,0x02,"NO_IRQ,OK,NO_IRQ,NO_IRQ","NONE,DELTA,NONE,NONE",
14.952338,2026-09-05T19:24:43.968+01:00,796916,1609614,718,718,True,True,0x02,"NO_IRQ,OK,NO_IRQ,NO_IRQ","NONE,DELTA,NONE,NONE",
14.953190,2026-09-05T19:24:43.976+01:00,797634,1609615,676,676,True,True,0x02,"NO_IRQ,OK,NO_IRQ,NO_IRQ","NONE,DELTA,NONE,NONE",
14.958296,2026-09-05T19:24:43.977+01:00,798310,1609616,652,652,True,True,0x02,"NO_IRQ,OK,NO_IRQ,NO_IRQ","NONE,DELTA,NONE,NONE",
14.972030,2026-09-05T19:24:43.982+01:00,798962,1609617,592,592,True,True,0x02,"NO_IRQ,OK,NO_IRQ,NO_IRQ","NONE,DELTA,NONE,NONE",
14.972598,2026-09-05T19:24:43.996+01:00,799554,1609618,596,596,True,True,0x02,"NO_IRQ,OK,NO_IRQ,NO_IRQ","NONE,DELTA,NONE,NONE",
14.973724,2026-09-05T19:24:43.996+01:00,800150,1609619,494,494,True,True,0x02,"NO_IRQ,OK,NO_IRQ,NO_IRQ","NONE,DELTA,NONE,NONE",
14.978786,2026-09-05T19:24:43.997+01:00,800644,1609620,516,516,True,True,0x02,"NO_IRQ,OK,NO_IRQ,NO_IRQ","NONE,DELTA,NONE,NONE",
14.984016,2026-09-05T19:24:44.003+01:00,801160,1609621,484,484,True,True,0x02,"NO_IRQ,OK,NO_IRQ,NO_IRQ","NONE,DELTA,NONE,NONE",
14.988141,2026-09-05T19:24:44.008+01:00,801644,1609622,492,492,True,True,0x02,"NO_IRQ,OK,NO_IRQ,NO_IRQ","NONE,DELTA,NONE,NONE",
14.995692,2026-09-05T19:24:44.012+01:00,802136,1609623,494,494,True,True,0x02,"NO_IRQ,OK,NO_IRQ,NO_IRQ","NONE,DELTA,NONE,NONE",
14.997916,2026-09-05T19:24:44.020+01:00,802630,1609624,476,476,True,True,0x02,"NO_IRQ,OK,NO_IRQ,NO_IRQ","NONE,DELTA,NONE,NONE",
15.003111,2026-09-05T19:24:44.022+01:00,803106,1609625,508,508,True,True,0x02,"NO_IRQ,OK,NO_IRQ,NO_IRQ","NONE,DELTA,NONE,NONE",
15.011667,2026-09-05T19:24:44.027+01:00,803614,1609626,396,396,True,True,0x02,"NO_IRQ,OK,NO_IRQ,NO_IRQ","NONE,DELTA,NONE,NONE",
15.012729,2026-09-05T19:24:44.035+01:00,804010,1609627,410,410,True,True,0x02,"NO_IRQ,OK,NO_IRQ,NO_IRQ","NONE,DELTA,NONE,NONE",
15.017950,2026-09-05T19:24:44.037+01:00,804420,1609628,416,416,True,True,0x02,"NO_IRQ,OK,NO_IRQ,NO_IRQ","NONE,DELTA,NONE,NONE",
15.028851,2026-09-05T19:24:44.042+01:00,804836,1609629,394,394,True,True,0x02,"NO_IRQ,OK,NO_IRQ,NO_IRQ","NONE,DELTA,NONE,NONE",
15.029632,2026-09-05T19:24:44.052+01:00,805230,1609630,426,426,True,True,0x02,"NO_IRQ,OK,NO_IRQ,NO_IRQ","NONE,DELTA,NONE,NONE",
15.032877,2026-09-05T19:24:44.053+01:00,805656,1609631,428,428,True,True,0x02,"NO_IRQ,OK,NO_IRQ,NO_IRQ","NONE,DELTA,NONE,NONE",
15.037882,2026-09-05T19:24:44.056+01:00,806084,1609632,438,438,True,True,0x02,"NO_IRQ,OK,NO_IRQ,NO_IRQ","NONE,DELTA,NONE,NONE",
15.045513,2026-09-05T19:24:44.061+01:00,806522,1609633,378,378,True,True,0x02,"NO_IRQ,OK,NO_IRQ,NO_IRQ","NONE,DELTA,NONE,NONE",
15.047790,2026-09-05T19:24:44.069+01:00,806900,1609634,410,410,True,True,0x02,"NO_IRQ,OK,NO_IRQ,NO_IRQ","NONE,DELTA,NONE,NONE",
15.053186,2026-09-05T19:24:44.071+01:00,807310,1609635,378,378,True,True,0x02,"NO_IRQ,OK,NO_IRQ,NO_IRQ","NONE,DELTA,NONE,NONE",
15.063115,2026-09-05T19:24:44.077+01:00,807688,1609636,342,342,True,True,0x02,"NO_IRQ,OK,NO_IRQ,NO_IRQ","NONE,DELTA,NONE,NONE",
15.064086,2026-09-05T19:24:44.087+01:00,808030,1609637,294,294,True,True,0x02,"NO_IRQ,OK,NO_IRQ,NO_IRQ","NONE,DELTA,NONE,NONE",
15.067531,2026-09-05T19:24:44.088+01:00,808324,1609638,290,290,True,True,0x02,"NO_IRQ,OK,NO_IRQ,NO_IRQ","NONE,DELTA,NONE,NONE",
15.072503,2026-09-05T19:24:44.091+01:00,808614,1609639,280,280,True,True,0x02,"NO_IRQ,OK,NO_IRQ,NO_IRQ","NONE,DELTA,NONE,NONE",
15.078166,2026-09-05T19:24:44.096+01:00,808894,1609640,310,310,True,True,0x02,"NO_IRQ,OK,NO_IRQ,NO_IRQ","NONE,DELTA,NONE,NONE",
15.082911,2026-09-05T19:24:44.102+01:00,809204,1609641,312,312,True,True,0x02,"NO_IRQ,OK,NO_IRQ,NO_IRQ","NONE,DELTA,NONE,NONE",
15.087201,2026-09-05T19:24:44.106+01:00,809516,1609642,306,306,True,True,0x02,"NO_IRQ,OK,NO_IRQ,NO_IRQ","NONE,DELTA,NONE,NONE",
15.092216,2026-09-05T19:24:44.111+01:00,809822,1609643,250,250,True,True,0x02,"NO_IRQ,OK,NO_IRQ,NO_IRQ","NONE,DELTA,NONE,NONE",
15.105089,2026-09-05T19:24:44.116+01:00,810072,1609644,266,266,True,True,0x02,"NO_IRQ,OK,NO_IRQ,NO_IRQ","NONE,DELTA,NONE,NONE",
15.105826,2026-09-05T19:24:44.129+01:00,810338,1609645,278,278,True,True,0x02,"NO_IRQ,OK,NO_IRQ,NO_IRQ","NONE,DELTA,NONE,NONE",
15.107607,2026-09-05T19:24:44.129+01:00,810616,1609646,276,276,True,True,0x02,"NO_IRQ,OK,NO_IRQ,NO_IRQ","NONE,DELTA,NONE,NONE",
15.112594,2026-09-05T19:24:44.131+01:00,810892,1609647,312,312,True,True,0x02,"NO_IRQ,OK,NO_IRQ,NO_IRQ","NONE,DELTA,NONE,NONE",
15.122440,2026-09-05T19:24:44.136+01:00,811204,1609648,1084,1084,True,True,0x02,"NO_IRQ,OK,NO_IRQ,NO_IRQ","NONE,DELTA_SYNC,NONE,NONE",
15.123408,2026-09-05T19:24:44.146+01:00,812288,1609649,324,324,True,True,0x02,"NO_IRQ,OK,NO_IRQ,NO_IRQ","NONE,DELTA,NONE,NONE",
15.127606,2026-09-05T19:24:44.147+01:00,812612,1609650,314,314,True,True,0x02,"NO_IRQ,OK,NO_IRQ,NO_IRQ","NONE,DELTA,NONE,NONE",
15.132233,2026-09-05T19:24:44.151+01:00,812926,1609651,276,276,True,True,0x02,"NO_IRQ,OK,NO_IRQ,NO_IRQ","NONE,DELTA,NONE,NONE",
15.138734,2026-09-05T19:24:44.156+01:00,813202,1609652,306,306,True,True,0x02,"NO_IRQ,OK,NO_IRQ,NO_IRQ","NONE,DELTA,NONE,NONE",
15.142439,2026-09-05T19:24:44.162+01:00,813508,1609653,268,268,True,True,0x02,"NO_IRQ,OK,NO_IRQ,NO_IRQ","NONE,DELTA,NONE,NONE",
15.147492,2026-09-05T19:24:44.166+01:00,813776,1609654,278,278,True,True,0x02,"NO_IRQ,OK,NO_IRQ,NO_IRQ","NONE,DELTA,NONE,NONE",
15.154720,2026-09-05T19:24:44.171+01:00,814054,1609655,240,240,True,True,0x02,"NO_IRQ,OK,NO_IRQ,NO_IRQ","NONE,DELTA,NONE,NONE",
15.157119,2026-09-05T19:24:44.178+01:00,814294,1609656,262,262,True,True,0x02,"NO_IRQ,OK,NO_IRQ,NO_IRQ","NONE,DELTA,NONE,NONE",
15.162516,2026-09-05T19:24:44.181+01:00,814556,1609657,308,308,True,True,0x02,"NO_IRQ,OK,NO_IRQ,NO_IRQ","NONE,DELTA,NONE,NONE",
15.172392,2026-09-05T19:24:44.186+01:00,814864,1609658,344,344,True,True,0x02,"NO_IRQ,OK,NO_IRQ,NO_IRQ","NONE,DELTA,NONE,NONE",
15.173146,2026-09-05T19:24:44.196+01:00,815208,1609659,358,358,True,True,0x02,"NO_IRQ,OK,NO_IRQ,NO_IRQ","NONE,DELTA,NONE,NONE",
15.177650,2026-09-05T19:24:44.197+01:00,815566,1609660,364,364,True,True,0x02,"NO_IRQ,OK,NO_IRQ,NO_IRQ","NONE,DELTA,NONE,NONE",
15.182389,2026-09-05T19:24:44.201+01:00,815930,1609661,420,420,True,True,0x02,"NO_IRQ,OK,NO_IRQ,NO_IRQ","NONE,DELTA,NONE,NONE",
15.189066,2026-09-05T19:24:44.206+01:00,816350,1609662,422,422,True,True,0x02,"NO_IRQ,OK,NO_IRQ,NO_IRQ","NONE,DELTA,NONE,NONE",
15.192605,2026-09-05T19:24:44.213+01:00,816772,1609663,454,454,True,True,0x02,"NO_IRQ,OK,NO_IRQ,NO_IRQ","NONE,DELTA,NONE,NONE",
15.197721,2026-09-05T19:24:44.216+01:00,817226,1609664,476,476,True,True,0x02,"NO_IRQ,OK,NO_IRQ,NO_IRQ","NONE,DELTA,NONE,NONE",
15.205718,2026-09-05T19:24:44.221+01:00,817702,1609665,458,458,True,True,0x02,"NO_IRQ,OK,NO_IRQ,NO_IRQ","NONE,DELTA,NONE,NONE",
15.207504,2026-09-05T19:24:44.229+01:00,818160,1609666,520,520,True,True,0x02,"NO_IRQ,OK,NO_IRQ,NO_IRQ","NONE,DELTA,NONE,NONE",
15.212904,2026-09-05T19:24:44.231+01:00,818680,1609667,530,530,True,True,0x02,"NO_IRQ,OK,NO_IRQ,NO_IRQ","NONE,DELTA,NONE,NONE",
15.217462,2026-09-05T19:24:44.237+01:00,819210,1609668,542,542,True,True,0x02,"NO_IRQ,OK,NO_IRQ,NO_IRQ","NONE,DELTA,NONE,NONE",
15.223938,2026-09-05T19:24:44.241+01:00,819752,1609669,578,578,True,True,0x02,"NO_IRQ,OK,NO_IRQ,NO_IRQ","NONE,DELTA,NONE,NONE",
15.228038,2026-09-05T19:24:44.247+01:00,820330,1609670,598,598,True,True,0x02,"NO_IRQ,OK,NO_IRQ,NO_IRQ","NONE,DELTA,NONE,NONE",
15.232693,2026-09-05T19:24:44.252+01:00,820928,1609671,550,550,True,True,0x02,"NO_IRQ,OK,NO_IRQ,NO_IRQ","NONE,DELTA,NONE,NONE",
15.237590,2026-09-05T19:24:44.256+01:00,821478,1609672,586,586,True,True,0x02,"NO_IRQ,OK,NO_IRQ,NO_IRQ","NONE,DELTA,NONE,NONE",
15.243808,2026-09-05T19:24:44.261+01:00,822064,1609673,666,666,True,True,0x02,"NO_IRQ,OK,NO_IRQ,NO_IRQ","NONE,DELTA,NONE,NONE",
15.247603,2026-09-05T19:24:44.267+01:00,822730,1609674,654,654,True,True,0x02,"NO_IRQ,OK,NO_IRQ,NO_IRQ","NONE,DELTA,NONE,NONE",
15.252561,2026-09-05T19:24:44.271+01:00,823384,1609675,644,644,True,True,0x02,"NO_IRQ,OK,NO_IRQ,NO_IRQ","NONE,DELTA,NONE,NONE",
15.262871,2026-09-05T19:24:44.276+01:00,824028,1609676,632,632,True,True,0x02,"NO_IRQ,OK,NO_IRQ,NO_IRQ","NONE,DELTA,NONE,NONE",
15.263511,2026-09-05T19:24:44.286+01:00,824660,1609677,650,650,True,True,0x02,"NO_IRQ,OK,NO_IRQ,NO_IRQ","NONE,DELTA,NONE,NONE",
15.275866,2026-09-05T19:24:44.287+01:00,825310,1609678,632,632,True,True,0x02,"NO_IRQ,OK,NO_IRQ,NO_IRQ","NONE,DELTA,NONE,NONE",
15.278310,2026-09-05T19:24:44.301+01:00,825942,1609679,666,666,True,True,0x02,"NO_IRQ,OK,NO_IRQ,NO_IRQ","NONE,DELTA,NONE,NONE",
15.279136,2026-09-05T19:24:44.302+01:00,826608,1609680,666,666,True,True,0x02,"NO_IRQ,OK,NO_IRQ,NO_IRQ","NONE,DELTA,NONE,NONE",
15.282931,2026-09-05T19:24:44.303+01:00,827274,1609681,650,650,True,True,0x02,"NO_IRQ,OK,NO_IRQ,NO_IRQ","NONE,DELTA,NONE,NONE",
15.293931,2026-09-05T19:24:44.306+01:00,827924,1609682,654,654,True,True,0x02,"NO_IRQ,OK,NO_IRQ,NO_IRQ","NONE,DELTA,NONE,NONE",
15.295408,2026-09-05T19:24:44.318+01:00,828578,1609683,690,690,True,True,0x02,"NO_IRQ,OK,NO_IRQ,NO_IRQ","NONE,DELTA,NONE,NONE",
15.297958,2026-09-05T19:24:44.319+01:00,829268,1609684,660,660,True,True,0x02,"NO_IRQ,OK,NO_IRQ,NO_IRQ","NONE,DELTA,NONE,NONE",
15.303148,2026-09-05T19:24:44.321+01:00,829928,1609685,634,634,True,True,0x02,"NO_IRQ,OK,NO_IRQ,NO_IRQ","NONE,DELTA,NONE,NONE",
15.311196,2026-09-05T19:24:44.327+01:00,830562,1609686,676,676,True,True,0x02,"NO_IRQ,OK,NO_IRQ,NO_IRQ","NONE,DELTA,NONE,NONE",
15.312894,2026-09-05T19:24:44.335+01:00,831238,1609687,646,646,True,True,0x02,"NO_IRQ,OK,NO_IRQ,NO_IRQ","NONE,DELTA,NONE,NONE",
15.318196,2026-09-05T19:24:44.337+01:00,831884,1609688,658,658,True,True,0x02,"NO_IRQ,OK,NO_IRQ,NO_IRQ","NONE,DELTA,NONE,NONE",
15.327298,2026-09-05T19:24:44.342+01:00,832542,1609689,620,620,True,True,0x02,"NO_IRQ,OK,NO_IRQ,NO_IRQ","NONE,DELTA,NONE,NONE",
15.328361,2026-09-05T19:24:44.351+01:00,833162,1609690,664,664,True,True,0x02,"NO_IRQ,OK,NO_IRQ,NO_IRQ","NONE,DELTA,NONE,NONE",
15.333110,2026-09-05T19:24:44.352+01:00,833826,1609691,636,636,True,True,0x02,"NO_IRQ,OK,NO_IRQ,NO_IRQ","NONE,DELTA,NONE,NONE",
15.345479,2026-09-05T19:24:44.357+01:00,834462,1609692,598,598,True,True,0x02,"NO_IRQ,OK,NO_IRQ,NO_IRQ","NONE,DELTA,NONE,NONE",
15.346308,2026-09-05T19:24:44.369+01:00,835060,1609693,576,576,True,True,0x02,"NO_IRQ,OK,NO_IRQ,NO_IRQ","NONE,DELTA,NONE,NONE",
15.347899,2026-09-05T19:24:44.370+01:00,835636,1609694,514,514,True,True,0x02,"NO_IRQ,OK,NO_IRQ,NO_IRQ","NONE,DELTA,NONE,NONE",
15.352908,2026-09-05T19:24:44.371+01:00,836150,1609695,528,528,True,True,0x02,"NO_IRQ,OK,NO_IRQ,NO_IRQ","NONE,DELTA,NONE,NONE",
15.363034,2026-09-05T19:24:44.376+01:00,836678,1609696,516,516,True,True,0x02,"NO_IRQ,OK,NO_IRQ,NO_IRQ","NONE,DELTA,NONE,NONE",
15.363903,2026-09-05T19:24:44.387+01:00,837194,1609697,464,464,True,True,0x02,"NO_IRQ,OK,NO_IRQ,NO_IRQ","NONE,DELTA,NONE,NONE",
15.368419,2026-09-05T19:24:44.387+01:00,837658,1609698,432,432,True,True,0x02,"NO_IRQ,OK,NO_IRQ,NO_IRQ","NONE,DELTA,NONE,NONE",
15.372935,2026-09-05T19:24:44.392+01:00,838090,1609699,414,414,True,True,0x02,"NO_IRQ,OK,NO_IRQ,NO_IRQ","NONE,DELTA,NONE,NONE",
15.381670,2026-09-05T19:24:44.396+01:00,838504,1609700,414,414,True,True,0x02,"NO_IRQ,OK,NO_IRQ,NO_IRQ","NONE,DELTA,NONE,NONE",
15.382486,2026-09-05T19:24:44.405+01:00,838918,1609701,436,436,True,True,0x02,"NO_IRQ,OK,NO_IRQ,NO_IRQ","NONE,DELTA,NONE,NONE",
15.387667,2026-09-05T19:24:44.406+01:00,839354,1609702,406,406,True,True,0x02,"NO_IRQ,OK,NO_IRQ,NO_IRQ","NONE,DELTA,NONE,NONE",
15.398828,2026-09-05T19:24:44.411+01:00,839760,1609703,378,378,True,True,0x02,"NO_IRQ,OK,NO_IRQ,NO_IRQ","NONE,DELTA,NONE,NONE",
15.399747,2026-09-05T19:24:44.422+01:00,840138,1609704,374,374,True,True,0x02,"NO_IRQ,OK,NO_IRQ,NO_IRQ","NONE,DELTA,NONE,NONE",
15.402656,2026-09-05T19:24:44.423+01:00,840512,1609705,406,406,True,True,0x02,"NO_IRQ,OK,NO_IRQ,NO_IRQ","NONE,DELTA,NONE,NONE",
15.407412,2026-09-05T19:24:44.426+01:00,840918,1609706,356,356,True,True,0x02,"NO_IRQ,OK,NO_IRQ,NO_IRQ","NONE,DELTA,NONE,NONE",
15.412558,2026-09-05T19:24:44.431+01:00,841274,1609707,318,318,True,True,0x02,"NO_IRQ,OK,NO_IRQ,NO_IRQ","NONE,DELTA,NONE,NONE",
15.417218,2026-09-05T19:24:44.436+01:00,841592,1609708,294,294,True,True,0x02,"NO_IRQ,OK,NO_IRQ,NO_IRQ","NONE,DELTA,NONE,NONE",
15.421977,2026-09-05T19:24:44.441+01:00,841886,1609709,222,222,True,True,0x02,"NO_IRQ,OK,NO_IRQ,NO_IRQ","NONE,DELTA,NONE,NONE",
15.427089,2026-09-05T19:24:44.445+01:00,842108,1609710,220,220,True,True,0x02,"NO_IRQ,OK,NO_IRQ,NO_IRQ","NONE,DELTA,NONE,NONE",
15.440044,2026-09-05T19:24:44.451+01:00,842328,1609711,226,226,True,True,0x02,"NO_IRQ,OK,NO_IRQ,NO_IRQ","NONE,DELTA,NONE,NONE",
15.440741,2026-09-05T19:24:44.464+01:00,842554,1609712,202,202,True,True,0x02,"NO_IRQ,OK,NO_IRQ,NO_IRQ","NONE,DELTA,NONE,NONE",
15.442124,2026-09-05T19:24:44.464+01:00,842756,1609713,212,212,True,True,0x02,"NO_IRQ,OK,NO_IRQ,NO_IRQ","NONE,DELTA,NONE,NONE",
15.447311,2026-09-05T19:24:44.466+01:00,842968,1609714,216,216,True,True,0x02,"NO_IRQ,OK,NO_IRQ,NO_IRQ","NONE,DELTA,NONE,NONE",
15.456424,2026-09-05T19:24:44.471+01:00,843184,1609715,218,218,True,True,0x02,"NO_IRQ,OK,NO_IRQ,NO_IRQ","NONE,DELTA,NONE,NONE",
15.457306,2026-09-05T19:24:44.480+01:00,843402,1609716,182,182,True,True,0x02,"NO_IRQ,OK,NO_IRQ,NO_IRQ","NONE,DELTA,NONE,NONE",
15.462281,2026-09-05T19:24:44.481+01:00,843584,1609717,192,192,True,True,0x02,"NO_IRQ,OK,NO_IRQ,NO_IRQ","NONE,DELTA,NONE,NONE",
15.474736,2026-09-05T19:24:44.486+01:00,843776,1609718,166,166,True,True,0x02,"NO_IRQ,OK,NO_IRQ,NO_IRQ","NONE,DELTA,NONE,NONE",
15.475684,2026-09-05T19:24:44.498+01:00,843942,1609719,214,214,True,True,0x02,"NO_IRQ,OK,NO_IRQ,NO_IRQ","NONE,DELTA,NONE,NONE",
15.477128,2026-09-05T19:24:44.499+01:00,844156,1609720,210,210,True,True,0x02,"NO_IRQ,OK,NO_IRQ,NO_IRQ","NONE,DELTA,NONE,NONE",
15.482384,2026-09-05T19:24:44.501+01:00,844366,1609721,190,190,True,True,0x02,"NO_IRQ,OK,NO_IRQ,NO_IRQ","NONE,DELTA,NONE,NONE",
15.491898,2026-09-05T19:24:44.506+01:00,844556,1609722,190,190,True,True,0x02,"NO_IRQ,OK,NO_IRQ,NO_IRQ","NONE,DELTA,NONE,NONE",
15.492478,2026-09-05T19:24:44.515+01:00,844746,1609723,202,202,True,True,0x02,"NO_IRQ,OK,NO_IRQ,NO_IRQ","NONE,DELTA,NONE,NONE",
15.498005,2026-09-05T19:24:44.516+01:00,844948,1609724,206,206,True,True,0x02,"NO_IRQ,OK,NO_IRQ,NO_IRQ","NONE,DELTA,NONE,NONE",
15.502061,2026-09-05T19:24:44.522+01:00,845154,1609725,210,210,True,True,0x02,"NO_IRQ,OK,NO_IRQ,NO_IRQ","NONE,DELTA,NONE,NONE",
15.509537,2026-09-05T19:24:44.526+01:00,845364,1609726,218,218,True,True,0x02,"NO_IRQ,OK,NO_IRQ,NO_IRQ","NONE,DELTA,NONE,NONE",
15.512312,2026-09-05T19:24:44.533+01:00,845582,1609727,208,208,True,True,0x02,"NO_IRQ,OK,NO_IRQ,NO_IRQ","NONE,DELTA,NONE,NONE",
15.517020,2026-09-05T19:24:44.536+01:00,845790,1609728,198,198,True,True,0x02,"NO_IRQ,OK,NO_IRQ,NO_IRQ","NONE,DELTA,NONE,NONE",
15.525751,2026-09-05T19:24:44.541+01:00,845988,1609729,206,206,True,True,0x02,"NO_IRQ,OK,NO_IRQ,NO_IRQ","NONE,DELTA,NONE,NONE",
15.526841,2026-09-05T19:24:44.549+01:00,846194,1609730,188,188,True,True,0x02,"NO_IRQ,OK,NO_IRQ,NO_IRQ","NONE,DELTA,NONE,NONE",
15.532130,2026-09-05T19:24:44.550+01:00,846382,1609731,256,256,True,True,0x02,"NO_IRQ,OK,NO_IRQ,NO_IRQ","NONE,DELTA,NONE,NONE",
15.542365,2026-09-05T19:24:44.556+01:00,846638,1609732,240,240,True,True,0x02,"NO_IRQ,OK,NO_IRQ,NO_IRQ","NONE,DELTA,NONE,NONE",
15.543097,2026-09-05T19:24:44.566+01:00,846878,1609733,192,192,True,True,0x02,"NO_IRQ,OK,NO_IRQ,NO_IRQ","NONE,DELTA,NONE,NONE",
15.547222,2026-09-05T19:24:44.567+01:00,847070,1609734,188,188,True,True,0x02,"NO_IRQ,OK,NO_IRQ,NO_IRQ","NONE,DELTA,NONE,NONE",
15.551923,2026-09-05T19:24:44.571+01:00,847258,1609735,210,210,True,True,0x02,"NO_IRQ,OK,NO_IRQ,NO_IRQ","NONE,DELTA,NONE,NONE",
15.558733,2026-09-05T19:24:44.576+01:00,847468,1609736,198,198,True,True,0x02,"NO_IRQ,OK,NO_IRQ,NO_IRQ","NONE,DELTA,NONE,NONE",
15.562195,2026-09-05T19:24:44.582+01:00,847666,1609737,186,186,True,True,0x02,"NO_IRQ,OK,NO_IRQ,NO_IRQ","NONE,DELTA,NONE,NONE",
15.566781,2026-09-05T19:24:44.586+01:00,847852,1609738,182,182,True,True,0x02,"NO_IRQ,OK,NO_IRQ,NO_IRQ","NONE,DELTA,NONE,NONE",
15.572512,2026-09-05T19:24:44.590+01:00,848034,1609739,204,204,True,True,0x02,"NO_IRQ,OK,NO_IRQ,NO_IRQ","NONE,DELTA,NONE,NONE",
15.577333,2026-09-05T19:24:44.596+01:00,848238,1609740,204,204,True,True,0x02,"NO_IRQ,OK,NO_IRQ,NO_IRQ","NONE,DELTA,NONE,NONE",
15.581654,2026-09-05T19:24:44.601+01:00,848442,1609741,184,184,True,True,0x02,"NO_IRQ,OK,NO_IRQ,NO_IRQ","NONE,DELTA,NONE,NONE",
15.586602,2026-09-05T19:24:44.605+01:00,848626,1609742,182,182,True,True,0x02,"NO_IRQ,OK,NO_IRQ,NO_IRQ","NONE,DELTA,NONE,NONE",
15.596103,2026-09-05T19:24:44.610+01:00,848808,1609743,188,188,True,True,0x02,"NO_IRQ,OK,NO_IRQ,NO_IRQ","NONE,DELTA,NONE,NONE",
15.596529,2026-09-05T19:24:44.620+01:00,848996,1609744,182,182,True,True,0x02,"NO_IRQ,OK,NO_IRQ,NO_IRQ","NONE,DELTA,NONE,NONE",
15.610059,2026-09-05T19:24:44.620+01:00,849178,1609745,192,192,True,True,0x02,"NO_IRQ,OK,NO_IRQ,NO_IRQ","NONE,DELTA,NONE,NONE",
15.611556,2026-09-05T19:24:44.634+01:00,849370,1609746,202,202,True,True,0x02,"NO_IRQ,OK,NO_IRQ,NO_IRQ","NONE,DELTA,NONE,NONE",
15.612605,2026-09-05T19:24:44.635+01:00,849572,1609747,214,214,True,True,0x02,"NO_IRQ,OK,NO_IRQ,NO_IRQ","NONE,DELTA,NONE,NONE",
15.616899,2026-09-05T19:24:44.636+01:00,849786,1609748,208,208,True,True,0x02,"NO_IRQ,OK,NO_IRQ,NO_IRQ","NONE,DELTA,NONE,NONE",
15.628435,2026-09-05T19:24:44.640+01:00,849994,1609749,192,192,True,True,0x02,"NO_IRQ,OK,NO_IRQ,NO_IRQ","NONE,DELTA,NONE,NONE",
15.629622,2026-09-05T19:24:44.652+01:00,850186,1609750,214,214,True,True,0x02,"NO_IRQ,OK,NO_IRQ,NO_IRQ","NONE,DELTA,NONE,NONE",
15.631933,2026-09-05T19:24:44.653+01:00,850400,1609751,210,210,True,True,0x02,"NO_IRQ,OK,NO_IRQ,NO_IRQ","NONE,DELTA,NONE,NONE",
15.636655,2026-09-05T19:24:44.656+01:00,850610,1609752,208,208,True,True,0x02,"NO_IRQ,OK,NO_IRQ,NO_IRQ","NONE,DELTA,NONE,NONE",
15.647326,2026-09-05T19:24:44.660+01:00,850818,1609753,222,222,True,True,0x02,"NO_IRQ,OK,NO_IRQ,NO_IRQ","NONE,DELTA,NONE,NONE",
15.648273,2026-09-05T19:24:44.671+01:00,851040,1609754,244,244,True,True,0x02,"NO_IRQ,OK,NO_IRQ,NO_IRQ","NONE,DELTA,NONE,NONE",
15.651703,2026-09-05T19:24:44.672+01:00,851284,1609755,226,226,True,True,0x02,"NO_IRQ,OK,NO_IRQ,NO_IRQ","NONE,DELTA,NONE,NONE",
15.657336,2026-09-05T19:24:44.675+01:00,851510,1609756,242,242,True,True,0x02,"NO_IRQ,OK,NO_IRQ,NO_IRQ","NONE,DELTA,NONE,NONE",
15.662466,2026-09-05T19:24:44.681+01:00,851752,1609757,194,194,True,True,0x02,"NO_IRQ,OK,NO_IRQ,NO_IRQ","NONE,DELTA,NONE,NONE",
15.666693,2026-09-05T19:24:44.687+01:00,851946,1609758,192,192,True,True,0x02,"NO_IRQ,OK,NO_IRQ,NO_IRQ","NONE,DELTA,NONE,NONE",
15.672616,2026-09-05T19:24:44.690+01:00,852138,1609759,184,184,True,True,0x02,"NO_IRQ,OK,NO_IRQ,NO_IRQ","NONE,DELTA,NONE,NONE",
15.677222,2026-09-05T19:24:44.696+01:00,852322,1609760,182,182,True,True,0x02,"NO_IRQ,OK,NO_IRQ,NO_IRQ","NONE,DELTA,NONE,NONE",
15.685519,2026-09-05T19:24:44.701+01:00,852504,1609761,198,198,True,True,0x02,"NO_IRQ,OK,NO_IRQ,NO_IRQ","NONE,DELTA,NONE,NONE",
15.686751,2026-09-05T19:24:44.709+01:00,852702,1609762,200,200,True,True,0x02,"NO_IRQ,OK,NO_IRQ,NO_IRQ","NONE,DELTA,NONE,NONE",
15.691922,2026-09-05T19:24:44.711+01:00,852902,1609763,174,174,True,True,0x02,"NO_IRQ,OK,NO_IRQ,NO_IRQ","NONE,DELTA,NONE,NONE",
15.703275,2026-09-05T19:24:44.716+01:00,853076,1609764,180,180,True,True,0x02,"NO_IRQ,OK,NO_IRQ,NO_IRQ","NONE,DELTA,NONE,NONE",
15.704428,2026-09-05T19:24:44.727+01:00,853256,1609765,212,212,True,True,0x02,"NO_IRQ,OK,NO_IRQ,NO_IRQ","NONE,DELTA,NONE,NONE",
15.706766,2026-09-05T19:24:44.728+01:00,853468,1609766,210,210,True,True,0x02,"NO_IRQ,OK,NO_IRQ,NO_IRQ","NONE,DELTA,NONE,NONE",
15.712834,2026-09-05T19:24:44.730+01:00,853678,1609767,224,224,True,True,0x02,"NO_IRQ,OK,NO_IRQ,NO_IRQ","NONE,DELTA,NONE,NONE",
15.717545,2026-09-05T19:24:44.736+01:00,853902,1609768,164,164,True,True,0x02,"NO_IRQ,OK,NO_IRQ,NO_IRQ","NONE,DELTA,NONE,NONE",
15.726732,2026-09-05T19:24:44.741+01:00,854066,1609769,198,198,True,True,0x02,"NO_IRQ,OK,NO_IRQ,NO_IRQ","NONE,DELTA,NONE,NONE",
15.729314,2026-09-05T19:24:44.750+01:00,854264,1609770,180,180,True,True,0x02,"NO_IRQ,OK,NO_IRQ,NO_IRQ","NONE,DELTA,NONE,NONE",
15.731916,2026-09-05T19:24:44.753+01:00,854444,1609771,196,196,True,True,0x02,"NO_IRQ,OK,NO_IRQ,NO_IRQ","NONE,DELTA,NONE,NONE",
15.737342,2026-09-05T19:24:44.755+01:00,854640,1609772,198,198,True,True,0x02,"NO_IRQ,OK,NO_IRQ,NO_IRQ","NONE,DELTA,NONE,NONE",
15.749940,2026-09-05T19:24:44.761+01:00,854838,1609773,220,220,True,True,0x02,"NO_IRQ,OK,NO_IRQ,NO_IRQ","NONE,DELTA,NONE,NONE",
15.750793,2026-09-05T19:24:44.774+01:00,855058,1609774,192,192,True,True,0x02,"NO_IRQ,OK,NO_IRQ,NO_IRQ","NONE,DELTA,NONE,NONE",
15.752181,2026-09-05T19:24:44.774+01:00,855250,1609775,194,194,True,True,0x02,"NO_IRQ,OK,NO_IRQ,NO_IRQ","NONE,DELTA,NONE,NONE",
15.757287,2026-09-05T19:24:44.776+01:00,855444,1609776,174,174,True,True,0x02,"NO_IRQ,OK,NO_IRQ,NO_IRQ","NONE,DELTA,NONE,NONE",
15.762436,2026-09-05T19:24:44.781+01:00,855618,1609777,218,218,True,True,0x02,"NO_IRQ,OK,NO_IRQ,NO_IRQ","NONE,DELTA,NONE,NONE",
15.768088,2026-09-05T19:24:44.786+01:00,855836,1609778,200,200,True,True,0x02,"NO_IRQ,OK,NO_IRQ,NO_IRQ","NONE,DELTA,NONE,NONE",
15.772217,2026-09-05T19:24:44.792+01:00,856036,1609779,202,202,True,True,0x02,"NO_IRQ,OK,NO_IRQ,NO_IRQ","NONE,DELTA,NONE,NONE",
15.777370,2026-09-05T19:24:44.796+01:00,856238,1609780,202,202,True,True,0x02,"NO_IRQ,OK,NO_IRQ,NO_IRQ","NONE,DELTA,NONE,NONE",
15.781631,2026-09-05T19:24:44.801+01:00,856440,1609781,214,214,True,True,0x02,"NO_IRQ,OK,NO_IRQ,NO_IRQ","NONE,DELTA,NONE,NONE",
15.786649,2026-09-05T19:24:44.805+01:00,856654,1609782,234,234,True,True,0x02,"NO_IRQ,OK,NO_IRQ,NO_IRQ","NONE,DELTA,NONE,NONE",
15.791856,2026-09-05T19:24:44.810+01:00,856888,1609783,238,238,True,True,0x02,"NO_IRQ,OK,NO_IRQ,NO_IRQ","NONE,DELTA,NONE,NONE",
15.796611,2026-09-05T19:24:44.815+01:00,857126,1609784,218,218,True,True,0x02,"NO_IRQ,OK,NO_IRQ,NO_IRQ","NONE,DELTA,NONE,NONE",
15.814088,2026-09-05T19:24:44.820+01:00,857344,1609785,246,246,True,True,0x02,"NO_IRQ,OK,NO_IRQ,NO_IRQ","NONE,DELTA,NONE,NONE",
15.815454,2026-09-05T19:24:44.838+01:00,857590,1609786,254,254,True,True,0x02,"NO_IRQ,OK,NO_IRQ,NO_IRQ","NONE,DELTA,NONE,NONE",
15.816623,2026-09-05T19:24:44.839+01:00,857844,1609787,210,210,True,True,0x02,"NO_IRQ,OK,NO_IRQ,NO_IRQ","NONE,DELTA,NONE,NONE",
15.817491,2026-09-05T19:24:44.840+01:00,858054,1609788,186,186,True,True,0x02,"NO_IRQ,OK,NO_IRQ,NO_IRQ","NONE,DELTA,NONE,NONE",
15.822010,2026-09-05T19:24:44.841+01:00,858240,1609789,196,196,True,True,0x02,"NO_IRQ,OK,NO_IRQ,NO_IRQ","NONE,DELTA,NONE,NONE",
15.826454,2026-09-05T19:24:44.846+01:00,858436,1609790,206,206,True,True,0x02,"NO_IRQ,OK,NO_IRQ,NO_IRQ","NONE,DELTA,NONE,NONE",
15.831827,2026-09-05T19:24:44.851+01:00,858642,1609791,210,210,True,True,0x02,"NO_IRQ,OK,NO_IRQ,NO_IRQ","NONE,DELTA,NONE,NONE",
15.842790,2026-09-05T19:24:44.855+01:00,858852,1609792,204,204,True,True,0x02,"NO_IRQ,OK,NO_IRQ,NO_IRQ","NONE,DELTA,NONE,NONE",
15.844629,2026-09-05T19:24:44.866+01:00,859056,1609793,218,218,True,True,0x02,"NO_IRQ,OK,NO_IRQ,NO_IRQ","NONE,DELTA,NONE,NONE",
15.846637,2026-09-05T19:24:44.868+01:00,859274,1609794,220,220,True,True,0x02,"NO_IRQ,OK,NO_IRQ,NO_IRQ","NONE,DELTA,NONE,NONE",
15.852402,2026-09-05T19:24:44.870+01:00,859494,1609795,228,228,True,True,0x02,"NO_IRQ,OK,NO_IRQ,NO_IRQ","NONE,DELTA,NONE,NONE",
15.857379,2026-09-05T19:24:44.876+01:00,859722,1609796,202,202,True,True,0x02,"NO_IRQ,OK,NO_IRQ,NO_IRQ","NONE,DELTA,NONE,NONE",
15.862048,2026-09-05T19:24:44.881+01:00,859924,1609797,224,224,True,True,0x02,"NO_IRQ,OK,NO_IRQ,NO_IRQ","NONE,DELTA,NONE,NONE",
15.872604,2026-09-05T19:24:44.886+01:00,860148,1609798,194,194,True,True,0x02,"NO_IRQ,OK,NO_IRQ,NO_IRQ","NONE,DELTA,NONE,NONE",
15.873575,2026-09-05T19:24:44.896+01:00,860342,1609799,192,192,True,True,0x02,"NO_IRQ,OK,NO_IRQ,NO_IRQ","NONE,DELTA,NONE,NONE",
15.877026,2026-09-05T19:24:44.898+01:00,860534,1609800,188,188,True,True,0x02,"NO_IRQ,OK,NO_IRQ,NO_IRQ","NONE,DELTA,NONE,NONE",
15.881687,2026-09-05T19:24:44.901+01:00,860722,1609801,218,218,True,True,0x02,"NO_IRQ,OK,NO_IRQ,NO_IRQ","NONE,DELTA,NONE,NONE",
15.886380,2026-09-05T19:24:44.906+01:00,860940,1609802,206,206,True,True,0x02,"NO_IRQ,OK,NO_IRQ,NO_IRQ","NONE,DELTA,NONE,NONE",
15.897678,2026-09-05T19:24:44.910+01:00,861146,1609803,158,158,True,True,0x02,"NO_IRQ,OK,NO_IRQ,NO_IRQ","NONE,DELTA,NONE,NONE",
15.898612,2026-09-05T19:24:44.921+01:00,861304,1609804,206,206,True,True,0x02,"NO_IRQ,OK,NO_IRQ,NO_IRQ","NONE,DELTA,NONE,NONE",
15.901834,2026-09-05T19:24:44.922+01:00,861510,1609805,200,200,True,True,0x02,"NO_IRQ,OK,NO_IRQ,NO_IRQ","NONE,DELTA,NONE,NONE",
15.906829,2026-09-05T19:24:44.926+01:00,861710,1609806,186,186,True,True,0x02,"NO_IRQ,OK,NO_IRQ,NO_IRQ","NONE,DELTA,NONE,NONE",
15.911856,2026-09-05T19:24:44.930+01:00,861896,1609807,190,190,True,True,0x02,"NO_IRQ,OK,NO_IRQ,NO_IRQ","NONE,DELTA,NONE,NONE",
15.921375,2026-09-05T19:24:44.935+01:00,862086,1609808,170,170,True,True,0x02,"NO_IRQ,OK,NO_IRQ,NO_IRQ","NONE,DELTA,NONE,NONE",
15.922240,2026-09-05T19:24:44.945+01:00,862256,1609809,204,204,True,True,0x02,"NO_IRQ,OK,NO_IRQ,NO_IRQ","NONE,DELTA,NONE,NONE",
15.926855,2026-09-05T19:24:44.946+01:00,862460,1609810,206,206,True,True,0x02,"NO_IRQ,OK,NO_IRQ,NO_IRQ","NONE,DELTA,NONE,NONE",
15.931868,2026-09-05T19:24:44.950+01:00,862666,1609811,216,216,True,True,0x02,"NO_IRQ,OK,NO_IRQ,NO_IRQ","NONE,DELTA,NONE,NONE",
15.944958,2026-09-05T19:24:44.956+01:00,862882,1609812,212,212,True,True,0x02,"NO_IRQ,OK,NO_IRQ,NO_IRQ","NONE,DELTA,NONE,NONE",
15.946621,2026-09-05T19:24:44.969+01:00,863094,1609813,192,192,True,True,0x02,"NO_IRQ,OK,NO_IRQ,NO_IRQ","NONE,DELTA,NONE,NONE",
15.947799,2026-09-05T19:24:44.970+01:00,863286,1609814,188,188,True,True,0x02,"NO_IRQ,OK,NO_IRQ,NO_IRQ","NONE,DELTA,NONE,NONE",
15.951400,2026-09-05T19:24:44.971+01:00,863474,1609815,186,186,True,True,0x02,"NO_IRQ,OK,NO_IRQ,NO_IRQ","NONE,DELTA,NONE,NONE",
15.956252,2026-09-05T19:24:44.975+01:00,863660,1609816,172,172,True,True,0x02,"NO_IRQ,OK,NO_IRQ,NO_IRQ","NONE,DELTA,NONE,NONE",
15.968263,2026-09-05T19:24:44.980+01:00,863832,1609817,172,172,True,True,0x02,"NO_IRQ,OK,NO_IRQ,NO_IRQ","NONE,DELTA,NONE,NONE",
15.968828,2026-09-05T19:24:44.992+01:00,864004,1609818,170,170,True,True,0x02,"NO_IRQ,OK,NO_IRQ,NO_IRQ","NONE,DELTA,NONE,NONE",
15.971753,2026-09-05T19:24:44.992+01:00,864174,1609819,172,172,True,True,0x02,"NO_IRQ,OK,NO_IRQ,NO_IRQ","NONE,DELTA,NONE,NONE",
15.976443,2026-09-05T19:24:44.995+01:00,864346,1609820,156,156,True,True,0x02,"NO_IRQ,OK,NO_IRQ,NO_IRQ","NONE,DELTA,NONE,NONE",
15.981149,2026-09-05T19:24:45.000+01:00,864502,1609821,186,186,True,True,0x02,"NO_IRQ,OK,NO_IRQ,NO_IRQ","NONE,DELTA,NONE,NONE",
15.991074,2026-09-05T19:24:45.005+01:00,864688,1609822,184,184,True,True,0x02,"NO_IRQ,OK,NO_IRQ,NO_IRQ","NONE,DELTA,NONE,NONE",
15.991946,2026-09-05T19:24:45.015+01:00,864872,1609823,198,198,True,True,0x02,"NO_IRQ,OK,NO_IRQ,NO_IRQ","NONE,DELTA,NONE,NONE",
15.996220,2026-09-05T19:24:45.015+01:00,865070,1609824,198,198,True,True,0x02,"NO_IRQ,OK,NO_IRQ,NO_IRQ","NONE,DELTA,NONE,NONE",
16.001539,2026-09-05T19:24:45.020+01:00,865268,1609825,178,178,True,True,0x02,"NO_IRQ,OK,NO_IRQ,NO_IRQ","NONE,DELTA,NONE,NONE",
16.006859,2026-09-05T19:24:45.025+01:00,865446,1609826,196,196,True,True,0x02,"NO_IRQ,OK,NO_IRQ,NO_IRQ","NONE,DELTA,NONE,NONE",
16.011523,2026-09-05T19:24:45.030+01:00,865642,1609827,178,178,True,True,0x02,"NO_IRQ,OK,NO_IRQ,NO_IRQ","NONE,DELTA,NONE,NONE",
16.017145,2026-09-05T19:24:45.035+01:00,865820,1609828,176,176,True,True,0x02,"NO_IRQ,OK,NO_IRQ,NO_IRQ","NONE,DELTA,NONE,NONE",
16.021254,2026-09-05T19:24:45.041+01:00,865996,1609829,202,202,True,True,0x02,"NO_IRQ,OK,NO_IRQ,NO_IRQ","NONE,DELTA,NONE,NONE",
16.026874,2026-09-05T19:24:45.045+01:00,866198,1609830,160,160,True,True,0x02,"NO_IRQ,OK,NO_IRQ,NO_IRQ","NONE,DELTA,NONE,NONE",
16.030957,2026-09-05T19:24:45.051+01:00,866358,1609831,184,184,True,True,0x02,"NO_IRQ,OK,NO_IRQ,NO_IRQ","NONE,DELTA,NONE,NONE",
16.056844,2026-09-05T19:24:45.055+01:00,866542,1609832,182,182,True,True,0x02,"NO_IRQ,OK,NO_IRQ,NO_IRQ","NONE,DELTA,NONE,NONE",
16.057191,2026-09-05T19:24:45.080+01:00,866724,1609833,180,180,True,True,0x02,"NO_IRQ,OK,NO_IRQ,NO_IRQ","NONE,DELTA,NONE,NONE",
16.057422,2026-09-05T19:24:45.081+01:00,866904,1609834,184,184,True,True,0x02,"NO_IRQ,OK,NO_IRQ,NO_IRQ","NONE,DELTA,NONE,NONE",
16.057639,2026-09-05T19:24:45.081+01:00,867088,1609835,178,178,True,True,0x02,"NO_IRQ,OK,NO_IRQ,NO_IRQ","NONE,DELTA,NONE,NONE",
16.057887,2026-09-05T19:24:45.081+01:00,867266,1609836,146,146,True,True,0x02,"NO_IRQ,OK,NO_IRQ,NO_IRQ","NONE,DELTA,NONE,NONE",
16.068899,2026-09-05T19:24:45.081+01:00,867412,1609837,184,184,True,True,0x02,"NO_IRQ,OK,NO_IRQ,NO_IRQ","NONE,DELTA,NONE,NONE",
16.072232,2026-09-05T19:24:45.093+01:00,867596,1609838,178,178,True,True,0x02,"NO_IRQ,OK,NO_IRQ,NO_IRQ","NONE,DELTA,NONE,NONE",
16.073311,2026-09-05T19:24:45.096+01:00,867774,1609839,190,190,True,True,0x02,"NO_IRQ,OK,NO_IRQ,NO_IRQ","NONE,DELTA,NONE,NONE",
16.076437,2026-09-05T19:24:45.097+01:00,867964,1609840,206,206,True,True,0x02,"NO_IRQ,OK,NO_IRQ,NO_IRQ","NONE,DELTA,NONE,NONE",
16.081032,2026-09-05T19:24:45.100+01:00,868170,1609841,176,176,True,True,0x02,"NO_IRQ,OK,NO_IRQ,NO_IRQ","NONE,DELTA,NONE,NONE",
16.090827,2026-09-05T19:24:45.105+01:00,868346,1609842,192,192,True,True,0x02,"NO_IRQ,OK,NO_IRQ,NO_IRQ","NONE,DELTA,NONE,NONE",
16.091554,2026-09-05T19:24:45.114+01:00,868538,1609843,178,178,True,True,0x02,"NO_IRQ,OK,NO_IRQ,NO_IRQ","NONE,DELTA,NONE,NONE",
16.096208,2026-09-05T19:24:45.115+01:00,868716,1609844,202,202,True,True,0x02,"NO_IRQ,OK,NO_IRQ,NO_IRQ","NONE,DELTA,NONE,NONE",
16.101547,2026-09-05T19:24:45.120+01:00,868918,1609845,196,196,True,True,0x02,"NO_IRQ,OK,NO_IRQ,NO_IRQ","NONE,DELTA,NONE,NONE",
16.111110,2026-09-05T19:24:45.125+01:00,869114,1609846,164,164,True,True,0x02,"NO_IRQ,OK,NO_IRQ,NO_IRQ","NONE,DELTA,NONE,NONE",
16.112429,2026-09-05T19:24:45.135+01:00,869278,1609847,176,176,True,True,0x02,"NO_IRQ,OK,NO_IRQ,NO_IRQ","NONE,DELTA,NONE,NONE",
16.116826,2026-09-05T19:24:45.136+01:00,869454,1609848,1084,1084,True,True,0x02,"NO_IRQ,OK,NO_IRQ,NO_IRQ","NONE,DELTA_SYNC,NONE,NONE",
16.120922,2026-09-05T19:24:45.141+01:00,870538,1609849,238,238,True,True,0x02,"NO_IRQ,OK,NO_IRQ,NO_IRQ","NONE,DELTA,NONE,NONE",
16.130213,2026-09-05T19:24:45.144+01:00,870776,1609850,256,256,True,True,0x02,"NO_IRQ,OK,NO_IRQ,NO_IRQ","NONE,DELTA,NONE,NONE",
16.131771,2026-09-05T19:24:45.154+01:00,871032,1609851,204,204,True,True,0x02,"NO_IRQ,OK,NO_IRQ,NO_IRQ","NONE,DELTA,NONE,NONE",
16.135850,2026-09-05T19:24:45.155+01:00,871236,1609852,186,186,True,True,0x02,"NO_IRQ,OK,NO_IRQ,NO_IRQ","NONE,DELTA,NONE,NONE",
16.140807,2026-09-05T19:24:45.160+01:00,871422,1609853,210,210,True,True,0x02,"NO_IRQ,OK,NO_IRQ,NO_IRQ","NONE,DELTA,NONE,NONE",
16.149914,2026-09-05T19:24:45.165+01:00,871632,1609854,168,168,True,True,0x02,"NO_IRQ,OK,NO_IRQ,NO_IRQ","NONE,DELTA,NONE,NONE",
16.151415,2026-09-05T19:24:45.174+01:00,871800,1609855,162,162,True,True,0x02,"NO_IRQ,OK,NO_IRQ,NO_IRQ","NONE,DELTA,NONE,NONE",
16.155779,2026-09-05T19:24:45.175+01:00,871962,1609856,172,172,True,True,0x02,"NO_IRQ,OK,NO_IRQ,NO_IRQ","NONE,DELTA,NONE,NONE",
16.161056,2026-09-05T19:24:45.180+01:00,872134,1609857,166,166,True,True,0x02,"NO_IRQ,OK,NO_IRQ,NO_IRQ","NONE,DELTA,NONE,NONE",
16.170537,2026-09-05T19:24:45.185+01:00,872300,1609858,180,180,True,True,0x02,"NO_IRQ,OK,NO_IRQ,NO_IRQ","NONE,DELTA,NONE,NONE",
16.171800,2026-09-05T19:24:45.194+01:00,872480,1609859,168,168,True,True,0x02,"NO_IRQ,OK,NO_IRQ,NO_IRQ","NONE,DELTA,NONE,NONE",
16.175951,2026-09-05T19:24:45.195+01:00,872648,1609860,188,188,True,True,0x02,"NO_IRQ,OK,NO_IRQ,NO_IRQ","NONE,DELTA,NONE,NONE",
16.180723,2026-09-05T19:24:45.200+01:00,872836,1609861,188,188,True,True,0x02,"NO_IRQ,OK,NO_IRQ,NO_IRQ","NONE,DELTA,NONE,NONE",
16.188966,2026-09-05T19:24:45.205+01:00,873024,1609862,176,176,True,True,0x02,"NO_IRQ,OK,NO_IRQ,NO_IRQ","NONE,DELTA,NONE,NONE",
16.190805,2026-09-05T19:24:45.213+01:00,873200,1609863,170,170,True,True,0x02,"NO_IRQ,OK,NO_IRQ,NO_IRQ","NONE,DELTA,NONE,NONE",
16.196028,2026-09-05T19:24:45.214+01:00,873370,1609864,182,182,True,True,0x02,"NO_IRQ,OK,NO_IRQ,NO_IRQ","NONE,DELTA,NONE,NONE",
16.206427,2026-09-05T19:24:45.220+01:00,873552,1609865,152,152,True,True,0x02,"NO_IRQ,OK,NO_IRQ,NO_IRQ","NONE,DELTA,NONE,NONE",
16.207012,2026-09-05T19:24:45.230+01:00,873704,1609866,164,164,True,True,0x02,"NO_IRQ,OK,NO_IRQ,NO_IRQ","NONE,DELTA,NONE,NONE",
16.210907,2026-09-05T19:24:45.231+01:00,873868,1609867,174,174,True,True,0x02,"NO_IRQ,OK,NO_IRQ,NO_IRQ","NONE,DELTA,NONE,NONE",
16.215722,2026-09-05T19:24:45.234+01:00,874042,1609868,192,192,True,True,0x02,"NO_IRQ,OK,NO_IRQ,NO_IRQ","NONE,DELTA,NONE,NONE",
16.221051,2026-09-05T19:24:45.239+01:00,874234,1609869,196,196,True,True,0x02,"NO_IRQ,OK,NO_IRQ,NO_IRQ","NONE,DELTA,NONE,NONE",
16.225686,2026-09-05T19:24:45.245+01:00,874430,1609870,170,170,True,True,0x02,"NO_IRQ,OK,NO_IRQ,NO_IRQ","NONE,DELTA,NONE,NONE",
16.230545,2026-09-05T19:24:45.249+01:00,874600,1609871,172,172,True,True,0x02,"NO_IRQ,OK,NO_IRQ,NO_IRQ","NONE,DELTA,NONE,NONE",
16.235416,2026-09-05T19:24:45.254+01:00,874772,1609872,180,180,True,True,0x02,"NO_IRQ,OK,NO_IRQ,NO_IRQ","NONE,DELTA,NONE,NONE",
16.248520,2026-09-05T19:24:45.259+01:00,874952,1609873,172,172,True,True,0x02,"NO_IRQ,OK,NO_IRQ,NO_IRQ","NONE,DELTA,NONE,NONE",
16.249424,2026-09-05T19:24:45.272+01:00,875124,1609874,174,174,True,True,0x02,"NO_IRQ,OK,NO_IRQ,NO_IRQ","NONE,DELTA,NONE,NONE",
16.250657,2026-09-05T19:24:45.273+01:00,875298,1609875,186,186,True,True,0x02,"NO_IRQ,OK,NO_IRQ,NO_IRQ","NONE,DELTA,NONE,NONE",
16.255574,2026-09-05T19:24:45.274+01:00,875484,1609876,168,168,True,True,0x02,"NO_IRQ,OK,NO_IRQ,NO_IRQ","NONE,DELTA,NONE,NONE",
16.266454,2026-09-05T19:24:45.279+01:00,875652,1609877,180,180,True,True,0x02,"NO_IRQ,OK,NO_IRQ,NO_IRQ","NONE,DELTA,NONE,NONE",
16.267221,2026-09-05T19:24:45.290+01:00,875832,1609878,200,200,True,True,0x02,"NO_IRQ,OK,NO_IRQ,NO_IRQ","NONE,DELTA,NONE,NONE",
16.270716,2026-09-05T19:24:45.291+01:00,876032,1609879,170,170,True,True,0x02,"NO_IRQ,OK,NO_IRQ,NO_IRQ","NONE,DELTA,NONE,NONE",
16.275814,2026-09-05T19:24:45.294+01:00,876202,1609880,214,214,True,True,0x02,"NO_IRQ,OK,NO_IRQ,NO_IRQ","NONE,DELTA,NONE,NONE",
16.284007,2026-09-05T19:24:45.299+01:00,876416,1609881,170,170,True,True,0x02,"NO_IRQ,OK,NO_IRQ,NO_IRQ","NONE,DELTA,NONE,NONE",
16.285625,2026-09-05T19:24:45.308+01:00,876586,1609882,178,178,True,True,0x02,"NO_IRQ,OK,NO_IRQ,NO_IRQ","NONE,DELTA,NONE,NONE",
16.290753,2026-09-05T19:24:45.309+01:00,876764,1609883,174,174,True,True,0x02,"NO_IRQ,OK,NO_IRQ,NO_IRQ","NONE,DELTA,NONE,NONE",
16.298526,2026-09-05T19:24:45.314+01:00,876938,1609884,164,164,True,True,0x02,"NO_IRQ,OK,NO_IRQ,NO_IRQ","NONE,DELTA,NONE,NONE",
16.301999,2026-09-05T19:24:45.323+01:00,877102,1609885,184,184,True,True,0x02,"NO_IRQ,OK,NO_IRQ,NO_IRQ","NONE,DELTA,NONE,NONE",
16.305531,2026-09-05T19:24:45.326+01:00,877286,1609886,180,180,True,True,0x02,"NO_IRQ,OK,NO_IRQ,NO_IRQ","NONE,DELTA,NONE,NONE",
16.310923,2026-09-05T19:24:45.329+01:00,877466,1609887,186,186,True,True,0x02,"NO_IRQ,OK,NO_IRQ,NO_IRQ","NONE,DELTA,NONE,NONE",
16.319428,2026-09-05T19:24:45.335+01:00,877652,1609888,176,176,True,True,0x02,"NO_IRQ,OK,NO_IRQ,NO_IRQ","NONE,DELTA,NONE,NONE",
16.320572,2026-09-05T19:24:45.343+01:00,877828,1609889,172,172,True,True,0x02,"NO_IRQ,OK,NO_IRQ,NO_IRQ","NONE,DELTA,NONE,NONE",
16.325529,2026-09-05T19:24:45.344+01:00,878000,1609890,156,156,True,True,0x02,"NO_IRQ,OK,NO_IRQ,NO_IRQ","NONE,DELTA,NONE,NONE",
16.330355,2026-09-05T19:24:45.349+01:00,878156,1609891,188,188,True,True,0x02,"NO_IRQ,OK,NO_IRQ,NO_IRQ","NONE,DELTA,NONE,NONE",
16.337171,2026-09-05T19:24:45.354+01:00,878344,1609892,214,214,True,True,0x02,"NO_IRQ,OK,NO_IRQ,NO_IRQ","NONE,DELTA,NONE,NONE",
16.340526,2026-09-05T19:24:45.361+01:00,878558,1609893,170,170,True,True,0x02,"NO_IRQ,OK,NO_IRQ,NO_IRQ","NONE,DELTA,NONE,NONE",
16.345414,2026-09-05T19:24:45.364+01:00,878728,1609894,186,186,True,True,0x02,"NO_IRQ,OK,NO_IRQ,NO_IRQ","NONE,DELTA,NONE,NONE",
16.354503,2026-09-05T19:24:45.369+01:00,878914,1609895,196,196,True,True,0x02,"NO_IRQ,OK,NO_IRQ,NO_IRQ","NONE,DELTA,NONE,NONE",
16.355228,2026-09-05T19:24:45.378+01:00,879110,1609896,186,186,True,True,0x02,"NO_IRQ,OK,NO_IRQ,NO_IRQ","NONE,DELTA,NONE,NONE",
16.360913,2026-09-05T19:24:45.379+01:00,879296,1609897,188,188,True,True,0x02,"NO_IRQ,OK,NO_IRQ,NO_IRQ","NONE,DELTA,NONE,NONE",
16.371818,2026-09-05T19:24:45.385+01:00,879484,1609898,170,170,True,True,0x02,"NO_IRQ,OK,NO_IRQ,NO_IRQ","NONE,DELTA,NONE,NONE",
16.372848,2026-09-05T19:24:45.395+01:00,879654,1609899,192,192,True,True,0x02,"NO_IRQ,OK,NO_IRQ,NO_IRQ","NONE,DELTA,NONE,NONE",
16.375427,2026-09-05T19:24:45.396+01:00,879846,1609900,152,152,True,True,0x02,"NO_IRQ,OK,NO_IRQ,NO_IRQ","NONE,DELTA,NONE,NONE",
16.380560,2026-09-05T19:24:45.399+01:00,879998,1609901,194,194,True,True,0x02,"NO_IRQ,OK,NO_IRQ,NO_IRQ","NONE,DELTA,NONE,NONE",
16.386439,2026-09-05T19:24:45.404+01:00,880192,1609902,190,190,True,True,0x02,"NO_IRQ,OK,NO_IRQ,NO_IRQ","NONE,DELTA,NONE,NONE",
16.391467,2026-09-05T19:24:45.410+01:00,880382,1609903,178,178,True,True,0x02,"NO_IRQ,OK,NO_IRQ,NO_IRQ","NONE,DELTA,NONE,NONE",
16.395304,2026-09-05T19:24:45.416+01:00,880560,1609904,182,182,True,True,0x02,"NO_IRQ,OK,NO_IRQ,NO_IRQ","NONE,DELTA,NONE,NONE",
16.400561,2026-09-05T19:24:45.419+01:00,880742,1609905,206,206,True,True,0x02,"NO_IRQ,OK,NO_IRQ,NO_IRQ","NONE,DELTA,NONE,NONE",
16.417337,2026-09-05T19:24:45.424+01:00,880948,1609906,180,180,True,True,0x02,"NO_IRQ,OK,NO_IRQ,NO_IRQ","NONE,DELTA,NONE,NONE",
16.418011,2026-09-05T19:24:45.441+01:00,881128,1609907,204,204,True,True,0x02,"NO_IRQ,OK,NO_IRQ,NO_IRQ","NONE,DELTA,NONE,NONE",
16.418523,2026-09-05T19:24:45.442+01:00,881332,1609908,200,200,True,True,0x02,"NO_IRQ,OK,NO_IRQ,NO_IRQ","NONE,DELTA,NONE,NONE",
16.432609,2026-09-05T19:24:45.442+01:00,881532,1609909,208,208,True,True,0x02,"NO_IRQ,OK,NO_IRQ,NO_IRQ","NONE,DELTA,NONE,NONE",
16.433378,2026-09-05T19:24:45.456+01:00,881740,1609910,206,206,True,True,0x02,"NO_IRQ,OK,NO_IRQ,NO_IRQ","NONE,DELTA,NONE,NONE",
16.434124,2026-09-05T19:24:45.457+01:00,881946,1609911,226,226,True,True,0x02,"NO_IRQ,OK,NO_IRQ,NO_IRQ","NONE,DELTA,NONE,NONE",
16.435397,2026-09-05T19:24:45.458+01:00,882172,1609912,232,232,True,True,0x02,"NO_IRQ,OK,NO_IRQ,NO_IRQ","NONE,DELTA,NONE,NONE",
16.440123,2026-09-05T19:24:45.459+01:00,882404,1609913,186,186,True,True,0x02,"NO_IRQ,OK,NO_IRQ,NO_IRQ","NONE,DELTA,NONE,NONE",
16.450488,2026-09-05T19:24:45.464+01:00,882590,1609914,228,228,True,True,0x02,"NO_IRQ,OK,NO_IRQ,NO_IRQ","NONE,DELTA,NONE,NONE",
16.451350,2026-09-05T19:24:45.474+01:00,882818,1609915,182,182,True,True,0x02,"NO_IRQ,OK,NO_IRQ,NO_IRQ","NONE,DELTA,NONE,NONE",
16.455440,2026-09-05T19:24:45.475+01:00,883000,1609916,214,214,True,True,0x02,"NO_IRQ,OK,NO_IRQ,NO_IRQ","NONE,DELTA,NONE,NONE",
16.460553,2026-09-05T19:24:45.479+01:00,883214,1609917,212,212,True,True,0x02,"NO_IRQ,OK,NO_IRQ,NO_IRQ","NONE,DELTA,NONE,NONE",
16.467886,2026-09-05T19:24:45.484+01:00,883426,1609918,198,198,True,True,0x02,"NO_IRQ,OK,NO_IRQ,NO_IRQ","NONE,DELTA,NONE,NONE",
16.470258,2026-09-05T19:24:45.491+01:00,883624,1609919,188,188,True,True,0x02,"NO_IRQ,OK,NO_IRQ,NO_IRQ","NONE,DELTA,NONE,NONE",
16.475176,2026-09-05T19:24:45.494+01:00,883812,1609920,190,190,True,True,0x02,"NO_IRQ,OK,NO_IRQ,NO_IRQ","NONE,DELTA,NONE,NONE",
16.484885,2026-09-05T19:24:45.499+01:00,884002,1609921,156,156,True,True,0x02,"NO_IRQ,OK,NO_IRQ,NO_IRQ","NONE,DELTA,NONE,NONE",
16.485801,2026-09-05T19:24:45.508+01:00,884158,1609922,186,186,True,True,0x02,"NO_IRQ,OK,NO_IRQ,NO_IRQ","NONE,DELTA,NONE,NONE",
16.490639,2026-09-05T19:24:45.509+01:00,884344,1609923,172,172,True,True,0x02,"NO_IRQ,OK,NO_IRQ,NO_IRQ","NONE,DELTA,NONE,NONE",
16.495313,2026-09-05T19:24:45.514+01:00,884516,1609924,188,188,True,True,0x02,"NO_IRQ,OK,NO_IRQ,NO_IRQ","NONE,DELTA,NONE,NONE",
16.502463,2026-09-05T19:24:45.519+01:00,884704,1609925,172,172,True,True,0x02,"NO_IRQ,OK,NO_IRQ,NO_IRQ","NONE,DELTA,NONE,NONE",
16.505095,2026-09-05T19:24:45.526+01:00,884876,1609926,182,182,True,True,0x02,"NO_IRQ,OK,NO_IRQ,NO_IRQ","NONE,DELTA,NONE,NONE",
16.510653,2026-09-05T19:24:45.529+01:00,885058,1609927,186,186,True,True,0x02,"NO_IRQ,OK,NO_IRQ,NO_IRQ","NONE,DELTA,NONE,NONE",
16.520540,2026-09-05T19:24:45.534+01:00,885244,1609928,176,176,True,True,0x02,"NO_IRQ,OK,NO_IRQ,NO_IRQ","NONE,DELTA,NONE,NONE",
16.521227,2026-09-05T19:24:45.544+01:00,885420,1609929,206,206,True,True,0x02,"NO_IRQ,OK,NO_IRQ,NO_IRQ","NONE,DELTA,NONE,NONE",
16.525325,2026-09-05T19:24:45.545+01:00,885626,1609930,176,176,True,True,0x02,"NO_IRQ,OK,NO_IRQ,NO_IRQ","NONE,DELTA,NONE,NONE",
16.530156,2026-09-05T19:24:45.549+01:00,885802,1609931,180,180,True,True,0x02,"NO_IRQ,OK,NO_IRQ,NO_IRQ","NONE,DELTA,NONE,NONE",
16.538128,2026-09-05T19:24:45.554+01:00,885982,1609932,182,182,True,True,0x02,"NO_IRQ,OK,NO_IRQ,NO_IRQ","NONE,DELTA,NONE,NONE",
16.540179,2026-09-05T19:24:45.562+01:00,886164,1609933,206,206,True,True,0x02,"NO_IRQ,OK,NO_IRQ,NO_IRQ","NONE,DELTA,NONE,NONE",
16.545032,2026-09-05T19:24:45.564+01:00,886370,1609934,178,178,True,True,0x02,"NO_IRQ,OK,NO_IRQ,NO_IRQ","NONE,DELTA,NONE,NONE",
16.555464,2026-09-05T19:24:45.569+01:00,886548,1609935,178,178,True,True,0x02,"NO_IRQ,OK,NO_IRQ,NO_IRQ","NONE,DELTA,NONE,NONE",
16.556194,2026-09-05T19:24:45.579+01:00,886726,1609936,166,166,True,True,0x02,"NO_IRQ,OK,NO_IRQ,NO_IRQ","NONE,DELTA,NONE,NONE",
16.560781,2026-09-05T19:24:45.580+01:00,886892,1609937,178,178,True,True,0x02,"NO_IRQ,OK,NO_IRQ,NO_IRQ","NONE,DELTA,NONE,NONE",
16.565487,2026-09-05T19:24:45.585+01:00,887070,1609938,194,194,True,True,0x02,"NO_IRQ,OK,NO_IRQ,NO_IRQ","NONE,DELTA,NONE,NONE",
16.570295,2026-09-05T19:24:45.589+01:00,887264,1609939,196,196,True,True,0x02,"NO_IRQ,OK,NO_IRQ,NO_IRQ","NONE,DELTA,NONE,NONE",
16.575436,2026-09-05T19:24:45.594+01:00,887460,1609940,184,184,True,True,0x02,"NO_IRQ,OK,NO_IRQ,NO_IRQ","NONE,DELTA,NONE,NONE",
16.579963,2026-09-05T19:24:45.599+01:00,887644,1609941,178,178,True,True,0x02,"NO_IRQ,OK,NO_IRQ,NO_IRQ","NONE,DELTA,NONE,NONE",
16.585262,2026-09-05T19:24:45.604+01:00,887822,1609942,176,176,True,True,0x02,"NO_IRQ,OK,NO_IRQ,NO_IRQ","NONE,DELTA,NONE,NONE",
16.600934,2026-09-05T19:24:45.609+01:00,887998,1609943,176,176,True,True,0x02,"NO_IRQ,OK,NO_IRQ,NO_IRQ","NONE,DELTA,NONE,NONE",
16.601709,2026-09-05T19:24:45.625+01:00,888174,1609944,184,184,True,True,0x02,"NO_IRQ,OK,NO_IRQ,NO_IRQ","NONE,DELTA,NONE,NONE",
16.602618,2026-09-05T19:24:45.625+01:00,888358,1609945,186,186,True,True,0x02,"NO_IRQ,OK,NO_IRQ,NO_IRQ","NONE,DELTA,NONE,NONE",
16.605147,2026-09-05T19:24:45.626+01:00,888544,1609946,190,190,True,True,0x02,"NO_IRQ,OK,NO_IRQ,NO_IRQ","NONE,DELTA,NONE,NONE",
16.611193,2026-09-05T19:24:45.629+01:00,888734,1609947,180,180,True,True,0x02,"NO_IRQ,OK,NO_IRQ,NO_IRQ","NONE,DELTA,NONE,NONE",
16.621387,2026-09-05T19:24:45.635+01:00,888914,1609948,160,160,True,True,0x02,"NO_IRQ,OK,NO_IRQ,NO_IRQ","NONE,DELTA,NONE,NONE",
16.622167,2026-09-05T19:24:45.645+01:00,889074,1609949,158,158,True,True,0x02,"NO_IRQ,OK,NO_IRQ,NO_IRQ","NONE,DELTA,NONE,NONE",
16.624907,2026-09-05T19:24:45.646+01:00,889232,1609950,178,178,True,True,0x02,"NO_IRQ,OK,NO_IRQ,NO_IRQ","NONE,DELTA,NONE,NONE",
16.630053,2026-09-05T19:24:45.649+01:00,889410,1609951,172,172,True,True,0x02,"NO_IRQ,OK,NO_IRQ,NO_IRQ","NONE,DELTA,NONE,NONE",
16.638950,2026-09-05T19:24:45.654+01:00,889582,1609952,164,164,True,True,0x02,"NO_IRQ,OK,NO_IRQ,NO_IRQ","NONE,DELTA,NONE,NONE",
16.639919,2026-09-05T19:24:45.663+01:00,889746,1609953,190,190,True,True,0x02,"NO_IRQ,OK,NO_IRQ,NO_IRQ","NONE,DELTA,NONE,NONE",
16.645396,2026-09-05T19:24:45.663+01:00,889936,1609954,172,172,True,True,0x02,"NO_IRQ,OK,NO_IRQ,NO_IRQ","NONE,DELTA,NONE,NONE",
16.649995,2026-09-05T19:24:45.669+01:00,890108,1609955,182,182,True,True,0x02,"NO_IRQ,OK,NO_IRQ,NO_IRQ","NONE,DELTA,NONE,NONE",
16.657810,2026-09-05T19:24:45.674+01:00,890290,1609956,188,188,True,True,0x02,"NO_IRQ,OK,NO_IRQ,NO_IRQ","NONE,DELTA,NONE,NONE",
16.659918,2026-09-05T19:24:45.682+01:00,890478,1609957,182,182,True,True,0x02,"NO_IRQ,OK,NO_IRQ,NO_IRQ","NONE,DELTA,NONE,NONE",
16.664964,2026-09-05T19:24:45.683+01:00,890660,1609958,234,234,True,True,0x02,"NO_IRQ,OK,NO_IRQ,NO_IRQ","NONE,DELTA,NONE,NONE",
16.675259,2026-09-05T19:24:45.689+01:00,890894,1609959,206,206,True,True,0x02,"NO_IRQ,OK,NO_IRQ,NO_IRQ","NONE,DELTA,NONE,NONE",
16.675960,2026-09-05T19:24:45.699+01:00,891100,1609960,264,264,True,True,0x02,"NO_IRQ,OK,NO_IRQ,NO_IRQ","NONE,DELTA,NONE,NONE",
16.680214,2026-09-05T19:24:45.699+01:00,891364,1609961,260,260,True,True,0x02,"NO_IRQ,OK,NO_IRQ,NO_IRQ","NONE,DELTA,NONE,NONE",
16.684853,2026-09-05T19:24:45.704+01:00,891624,1609962,286,286,True,True,0x02,"NO_IRQ,OK,NO_IRQ,NO_IRQ","NONE,DELTA,NONE,NONE",
16.694246,2026-09-05T19:24:45.709+01:00,891910,1609963,322,322,True,True,0x02,"NO_IRQ,OK,NO_IRQ,NO_IRQ","NONE,DELTA,NONE,NONE",
16.695224,2026-09-05T19:24:45.718+01:00,892232,1609964,358,358,True,True,0x02,"NO_IRQ,OK,NO_IRQ,NO_IRQ","NONE,DELTA,NONE,NONE",
16.700148,2026-09-05T19:24:45.719+01:00,892590,1609965,378,378,True,True,0x02,"NO_IRQ,OK,NO_IRQ,NO_IRQ","NONE,DELTA,NONE,NONE",
16.710726,2026-09-05T19:24:45.724+01:00,892968,1609966,352,352,True,True,0x02,"NO_IRQ,OK,NO_IRQ,NO_IRQ","NONE,DELTA,NONE,NONE",
16.711734,2026-09-05T19:24:45.734+01:00,893320,1609967,384,384,True,True,0x02,"NO_IRQ,OK,NO_IRQ,NO_IRQ","NONE,DELTA,NONE,NONE",
16.715204,2026-09-05T19:24:45.735+01:00,893704,1609968,374,374,True,True,0x02,"NO_IRQ,OK,NO_IRQ,NO_IRQ","NONE,DELTA,NONE,NONE",
16.719991,2026-09-05T19:24:45.739+01:00,894078,1609969,436,436,True,True,0x02,"NO_IRQ,OK,NO_IRQ,NO_IRQ","NONE,DELTA,NONE,NONE",
16.730468,2026-09-05T19:24:45.744+01:00,894514,1609970,386,386,True,True,0x02,"NO_IRQ,OK,NO_IRQ,NO_IRQ","NONE,DELTA,NONE,NONE",
16.731261,2026-09-05T19:24:45.754+01:00,894900,1609971,354,354,True,True,0x02,"NO_IRQ,OK,NO_IRQ,NO_IRQ","NONE,DELTA,NONE,NONE",
16.735137,2026-09-05T19:24:45.755+01:00,895254,1609972,366,366,True,True,0x02,"NO_IRQ,OK,NO_IRQ,NO_IRQ","NONE,DELTA,NONE,NONE",
16.740172,2026-09-05T19:24:45.759+01:00,895620,1609973,418,418,True,True,0x02,"NO_IRQ,OK,NO_IRQ,NO_IRQ","NONE,DELTA,NONE,NONE",
16.745303,2026-09-05T19:24:45.764+01:00,896038,1609974,458,458,True,True,0x02,"NO_IRQ,OK,NO_IRQ,NO_IRQ","NONE,DELTA,NONE,NONE",
16.750164,2026-09-05T19:24:45.769+01:00,896496,1609975,400,400,True,True,0x02,"NO_IRQ,OK,NO_IRQ,NO_IRQ","NONE,DELTA,NONE,NONE",
16.754860,2026-09-05T19:24:45.774+01:00,896896,1609976,428,428,True,True,0x02,"NO_IRQ,OK,NO_IRQ,NO_IRQ","NONE,DELTA,NONE,NONE",
16.760249,2026-09-05T19:24:45.778+01:00,897324,1609977,434,434,True,True,0x02,"NO_IRQ,OK,NO_IRQ,NO_IRQ","NONE,DELTA,NONE,NONE",
16.772334,2026-09-05T19:24:45.784+01:00,897758,1609978,454,454,True,True,0x02,"NO_IRQ,OK,NO_IRQ,NO_IRQ","NONE,DELTA,NONE,NONE",
16.772758,2026-09-05T19:24:45.796+01:00,898212,1609979,464,464,True,True,0x02,"NO_IRQ,OK,NO_IRQ,NO_IRQ","NONE,DELTA,NONE,NONE",
16.786361,2026-09-05T19:24:45.796+01:00,898676,1609980,468,468,True,True,0x02,"NO_IRQ,OK,NO_IRQ,NO_IRQ","NONE,DELTA,NONE,NONE",
16.787349,2026-09-05T19:24:45.810+01:00,899144,1609981,478,478,True,True,0x02,"NO_IRQ,OK,NO_IRQ,NO_IRQ","NONE,DELTA,NONE,NONE",
16.788037,2026-09-05T19:24:45.811+01:00,899622,1609982,464,464,True,True,0x02,"NO_IRQ,OK,NO_IRQ,NO_IRQ","NONE,DELTA,NONE,NONE",
16.790248,2026-09-05T19:24:45.812+01:00,900086,1609983,542,542,True,True,0x02,"NO_IRQ,OK,NO_IRQ,NO_IRQ","NONE,DELTA,NONE,NONE",
16.796021,2026-09-05T19:24:45.814+01:00,900628,1609984,580,580,True,True,0x02,"NO_IRQ,OK,NO_IRQ,NO_IRQ","NONE,DELTA,NONE,NONE",
16.805543,2026-09-05T19:24:45.820+01:00,901208,1609985,580,580,True,True,0x02,"NO_IRQ,OK,NO_IRQ,NO_IRQ","NONE,DELTA,NONE,NONE",
16.806314,2026-09-05T19:24:45.829+01:00,901788,1609986,596,596,True,True,0x02,"NO_IRQ,OK,NO_IRQ,NO_IRQ","NONE,DELTA,NONE,NONE",
16.811280,2026-09-05T19:24:45.830+01:00,902384,1609987,616,616,True,True,0x02,"NO_IRQ,OK,NO_IRQ,NO_IRQ","NONE,DELTA,NONE,NONE",
16.815711,2026-09-05T19:24:45.835+01:00,903000,1609988,602,602,True,True,0x02,"NO_IRQ,OK,NO_IRQ,NO_IRQ","NONE,DELTA,NONE,NONE",
16.824319,2026-09-05T19:24:45.840+01:00,903602,1609989,584,584,True,True,0x02,"NO_IRQ,OK,NO_IRQ,NO_IRQ","NONE,DELTA,NONE,NONE",
16.825091,2026-09-05T19:24:45.848+01:00,904186,1609990,576,576,True,True,0x02,"NO_IRQ,OK,NO_IRQ,NO_IRQ","NONE,DELTA,NONE,NONE",
16.830409,2026-09-05T19:24:45.849+01:00,904762,1609991,574,574,True,True,0x02,"NO_IRQ,OK,NO_IRQ,NO_IRQ","NONE,DELTA,NONE,NONE",
16.835143,2026-09-05T19:24:45.854+01:00,905336,1609992,594,594,True,True,0x02,"NO_IRQ,OK,NO_IRQ,NO_IRQ","NONE,DELTA,NONE,NONE",
16.842094,2026-09-05T19:24:45.859+01:00,905930,1609993,554,554,True,True,0x02,"NO_IRQ,OK,NO_IRQ,NO_IRQ","NONE,DELTA,NONE,NONE",
16.845166,2026-09-05T19:24:45.866+01:00,906484,1609994,512,512,True,True,0x02,"NO_IRQ,OK,NO_IRQ,NO_IRQ","NONE,DELTA,NONE,NONE",
16.850235,2026-09-05T19:24:45.869+01:00,906996,1609995,548,548,True,True,0x02,"NO_IRQ,OK,NO_IRQ,NO_IRQ","NONE,DELTA,NONE,NONE",
16.859470,2026-09-05T19:24:45.874+01:00,907544,1609996,532,532,True,True,0x02,"NO_IRQ,OK,NO_IRQ,NO_IRQ","NONE,DELTA,NONE,NONE",
16.860509,2026-09-05T19:24:45.883+01:00,908076,1609997,494,494,True,True,0x02,"NO_IRQ,OK,NO_IRQ,NO_IRQ","NONE,DELTA,NONE,NONE",
16.864979,2026-09-05T19:24:45.884+01:00,908570,1609998,468,468,True,True,0x02,"NO_IRQ,OK,NO_IRQ,NO_IRQ","NONE,DELTA,NONE,NONE",
16.869875,2026-09-05T19:24:45.889+01:00,909038,1609999,420,420,True,True,0x02,"NO_IRQ,OK,NO_IRQ,NO_IRQ","NONE,DELTA,NONE,NONE",
16.878041,2026-09-05T19:24:45.893+01:00,909458,1610000,480,480,True,True,0x02,"NO_IRQ,OK,NO_IRQ,NO_IRQ","NONE,DELTA,NONE,NONE",
16.879793,2026-09-05T19:24:45.902+01:00,909938,1610001,416,416,True,True,0x02,"NO_IRQ,OK,NO_IRQ,NO_IRQ","NONE,DELTA,NONE,NONE",
16.885141,2026-09-05T19:24:45.904+01:00,910354,1610002,410,410,True,True,0x02,"NO_IRQ,OK,NO_IRQ,NO_IRQ","NONE,DELTA,NONE,NONE",
16.894955,2026-09-05T19:24:45.909+01:00,910764,1610003,380,380,True,True,0x02,"NO_IRQ,OK,NO_IRQ,NO_IRQ","NONE,DELTA,NONE,NONE",
16.896177,2026-09-05T19:24:45.919+01:00,911144,1610004,460,460,True,True,0x02,"NO_IRQ,OK,NO_IRQ,NO_IRQ","NONE,DELTA,NONE,NONE",
16.900037,2026-09-05T19:24:45.920+01:00,911604,1610005,414,414,True,True,0x02,"NO_IRQ,OK,NO_IRQ,NO_IRQ","NONE,DELTA,NONE,NONE",
16.904604,2026-09-05T19:24:45.924+01:00,912018,1610006,366,366,True,True,0x02,"NO_IRQ,OK,NO_IRQ,NO_IRQ","NONE,DELTA,NONE,NONE",
16.913667,2026-09-05T19:24:45.928+01:00,912384,1610007,354,354,True,True,0x02,"NO_IRQ,OK,NO_IRQ,NO_IRQ","NONE,DELTA,NONE,NONE",
16.914803,2026-09-05T19:24:45.938+01:00,912738,1610008,382,382,True,True,0x02,"NO_IRQ,OK,NO_IRQ,NO_IRQ","NONE,DELTA,NONE,NONE",
16.919695,2026-09-05T19:24:45.938+01:00,913120,1610009,396,396,True,True,0x02,"NO_IRQ,OK,NO_IRQ,NO_IRQ","NONE,DELTA,NONE,NONE",
16.925255,2026-09-05T19:24:45.943+01:00,913516,1610010,368,368,True,True,0x02,"NO_IRQ,OK,NO_IRQ,NO_IRQ","NONE,DELTA,NONE,NONE",
16.930583,2026-09-05T19:24:45.949+01:00,913884,1610011,360,360,True,True,0x02,"NO_IRQ,OK,NO_IRQ,NO_IRQ","NONE,DELTA,NONE,NONE",
16.934578,2026-09-05T19:24:45.954+01:00,914244,1610012,354,354,True,True,0x02,"NO_IRQ,OK,NO_IRQ,NO_IRQ","NONE,DELTA,NONE,NONE",
16.939410,2026-09-05T19:24:45.958+01:00,914598,1610013,380,380,True,True,0x02,"NO_IRQ,OK,NO_IRQ,NO_IRQ","NONE,DELTA,NONE,NONE",
16.953264,2026-09-05T19:24:45.963+01:00,914978,1610014,344,344,True,True,0x02,"NO_IRQ,OK,NO_IRQ,NO_IRQ","NONE,DELTA,NONE,NONE",
16.956549,2026-09-05T19:24:45.979+01:00,915322,1610015,330,330,True,True,0x02,"NO_IRQ,OK,NO_IRQ,NO_IRQ","NONE,DELTA,NONE,NONE",
16.957299,2026-09-05T19:24:45.980+01:00,915652,1610016,374,374,True,True,0x02,"NO_IRQ,OK,NO_IRQ,NO_IRQ","NONE,DELTA,NONE,NONE",
16.959655,2026-09-05T19:24:45.981+01:00,916026,1610017,290,290,True,True,0x02,"NO_IRQ,OK,NO_IRQ,NO_IRQ","NONE,DELTA,NONE,NONE",
16.964571,2026-09-05T19:24:45.983+01:00,916316,1610018,290,290,True,True,0x02,"NO_IRQ,OK,NO_IRQ,NO_IRQ","NONE,DELTA,NONE,NONE",
16.974802,2026-09-05T19:24:45.988+01:00,916606,1610019,288,288,True,True,0x02,"NO_IRQ,OK,NO_IRQ,NO_IRQ","NONE,DELTA,NONE,NONE",
16.975468,2026-09-05T19:24:45.998+01:00,916894,1610020,334,334,True,True,0x02,"NO_IRQ,OK,NO_IRQ,NO_IRQ","NONE,DELTA,NONE,NONE",
16.979526,2026-09-05T19:24:45.999+01:00,917228,1610021,260,260,True,True,0x02,"NO_IRQ,OK,NO_IRQ,NO_IRQ","NONE,DELTA,NONE,NONE",
16.984246,2026-09-05T19:24:46.003+01:00,917488,1610022,292,292,True,True,0x02,"NO_IRQ,OK,NO_IRQ,NO_IRQ","NONE,DELTA,NONE,NONE",
16.994829,2026-09-05T19:24:46.008+01:00,917780,1610023,304,304,True,True,0x02,"NO_IRQ,OK,NO_IRQ,NO_IRQ","NONE,DELTA,NONE,NONE",
16.995895,2026-09-05T19:24:46.019+01:00,918084,1610024,302,302,True,True,0x02,"NO_IRQ,OK,NO_IRQ,NO_IRQ","NONE,DELTA,NONE,NONE",
16.999368,2026-09-05T19:24:46.020+01:00,918386,1610025,286,286,True,True,0x02,"NO_IRQ,OK,NO_IRQ,NO_IRQ","NONE,DELTA,NONE,NONE",
17.004176,2026-09-05T19:24:46.023+01:00,918672,1610026,310,310,True,True,0x02,"NO_IRQ,OK,NO_IRQ,NO_IRQ","NONE,DELTA,NONE,NONE",
17.012028,2026-09-05T19:24:46.028+01:00,918982,1610027,278,278,True,True,0x02,"NO_IRQ,OK,NO_IRQ,NO_IRQ","NONE,DELTA,NONE,NONE",
17.014432,2026-09-05T19:24:46.036+01:00,919260,1610028,302,302,True,True,0x02,"NO_IRQ,OK,NO_IRQ,NO_IRQ","NONE,DELTA,NONE,NONE",
17.019643,2026-09-05T19:24:46.038+01:00,919562,1610029,338,338,True,True,0x02,"NO_IRQ,OK,NO_IRQ,NO_IRQ","NONE,DELTA,NONE,NONE",
17.029720,2026-09-05T19:24:46.043+01:00,919900,1610030,322,322,True,True,0x02,"NO_IRQ,OK,NO_IRQ,NO_IRQ","NONE,DELTA,NONE,NONE",
17.030487,2026-09-05T19:24:46.053+01:00,920222,1610031,324,324,True,True,0x02,"NO_IRQ,OK,NO_IRQ,NO_IRQ","NONE,DELTA,NONE,NONE",
17.034596,2026-09-05T19:24:46.054+01:00,920546,1610032,322,322,True,True,0x02,"NO_IRQ,OK,NO_IRQ,NO_IRQ","NONE,DELTA,NONE,NONE",
17.039291,2026-09-05T19:24:46.058+01:00,920868,1610033,304,304,True,True,0x02,"NO_IRQ,OK,NO_IRQ,NO_IRQ","NONE,DELTA,NONE,NONE",
17.046423,2026-09-05T19:24:46.063+01:00,921172,1610034,258,258,True,True,0x02,"NO_IRQ,OK,NO_IRQ,NO_IRQ","NONE,DELTA,NONE,NONE",
17.049250,2026-09-05T19:24:46.070+01:00,921430,1610035,260,260,True,True,0x02,"NO_IRQ,OK,NO_IRQ,NO_IRQ","NONE,DELTA,NONE,NONE",
17.054327,2026-09-05T19:24:46.073+01:00,921690,1610036,272,272,True,True,0x02,"NO_IRQ,OK,NO_IRQ,NO_IRQ","NONE,DELTA,NONE,NONE",
17.063312,2026-09-05T19:24:46.078+01:00,921962,1610037,244,244,True,True,0x02,"NO_IRQ,OK,NO_IRQ,NO_IRQ","NONE,DELTA,NONE,NONE",
17.064341,2026-09-05T19:24:46.087+01:00,922206,1610038,298,298,True,True,0x02,"NO_IRQ,OK,NO_IRQ,NO_IRQ","NONE,DELTA,NONE,NONE",
17.069206,2026-09-05T19:24:46.088+01:00,922504,1610039,270,270,True,True,0x02,"NO_IRQ,OK,NO_IRQ,NO_IRQ","NONE,DELTA,NONE,NONE",
17.081007,2026-09-05T19:24:46.093+01:00,922774,1610040,262,262,True,True,0x02,"NO_IRQ,OK,NO_IRQ,NO_IRQ","NONE,DELTA,NONE,NONE",
17.081733,2026-09-05T19:24:46.105+01:00,923036,1610041,226,226,True,True,0x02,"NO_IRQ,OK,NO_IRQ,NO_IRQ","NONE,DELTA,NONE,NONE",
17.084434,2026-09-05T19:24:46.105+01:00,923262,1610042,342,342,True,True,0x02,"NO_IRQ,OK,NO_IRQ,NO_IRQ","NONE,DELTA,NONE,NONE",
17.089309,2026-09-05T19:24:46.108+01:00,923604,1610043,382,382,True,True,0x02,"NO_IRQ,OK,NO_IRQ,NO_IRQ","NONE,DELTA,NONE,NONE",
17.094913,2026-09-05T19:24:46.113+01:00,923986,1610044,390,390,True,True,0x02,"NO_IRQ,OK,NO_IRQ,NO_IRQ","NONE,DELTA,NONE,NONE",
17.100344,2026-09-05T19:24:46.118+01:00,924376,1610045,486,486,True,True,0x02,"NO_IRQ,OK,NO_IRQ,NO_IRQ","NONE,DELTA,NONE,NONE",
17.104387,2026-09-05T19:24:46.124+01:00,924862,1610046,560,560,True,True,0x02,"NO_IRQ,OK,NO_IRQ,NO_IRQ","NONE,DELTA,NONE,NONE",
17.109430,2026-09-05T19:24:46.128+01:00,925422,1610047,600,600,True,True,0x02,"NO_IRQ,OK,NO_IRQ,NO_IRQ","NONE,DELTA,NONE,NONE",
17.120716,2026-09-05T19:24:46.133+01:00,926022,1610048,1084,1084,True,True,0x02,"NO_IRQ,OK,NO_IRQ,NO_IRQ","NONE,DELTA_SYNC,NONE,NONE",
17.121274,2026-09-05T19:24:46.144+01:00,927106,1610049,628,628,True,True,0x02,"NO_IRQ,OK,NO_IRQ,NO_IRQ","NONE,DELTA,NONE,NONE",
17.130819,2026-09-05T19:24:46.145+01:00,927734,1610050,636,636,True,True,0x02,"NO_IRQ,OK,NO_IRQ,NO_IRQ","NONE,DELTA,NONE,NONE",
17.136404,2026-09-05T19:24:46.155+01:00,928370,1610051,620,620,True,True,0x02,"NO_IRQ,OK,NO_IRQ,NO_IRQ","NONE,DELTA,NONE,NONE",
17.137197,2026-09-05T19:24:46.160+01:00,928990,1610052,658,658,True,True,0x02,"NO_IRQ,OK,NO_IRQ,NO_IRQ","NONE,DELTA,NONE,NONE",
17.139815,2026-09-05T19:24:46.161+01:00,929648,1610053,648,648,True,True,0x02,"NO_IRQ,OK,NO_IRQ,NO_IRQ","NONE,DELTA,NONE,NONE",
17.145136,2026-09-05T19:24:46.164+01:00,930296,1610054,642,642,True,True,0x02,"NO_IRQ,OK,NO_IRQ,NO_IRQ","NONE,DELTA,NONE,NONE",
17.153860,2026-09-05T19:24:46.169+01:00,930938,1610055,674,674,True,True,0x02,"NO_IRQ,OK,NO_IRQ,NO_IRQ","NONE,DELTA,NONE,NONE",
17.154994,2026-09-05T19:24:46.177+01:00,931612,1610056,658,658,True,True,0x02,"NO_IRQ,OK,NO_IRQ,NO_IRQ","NONE,DELTA,NONE,NONE",
17.161292,2026-09-05T19:24:46.179+01:00,932270,1610057,676,676,True,True,0x02,"NO_IRQ,OK,NO_IRQ,NO_IRQ","NONE,DELTA,NONE,NONE",
17.164739,2026-09-05T19:24:46.185+01:00,932946,1610058,676,676,True,True,0x02,"NO_IRQ,OK,NO_IRQ,NO_IRQ","NONE,DELTA,NONE,NONE",
17.171302,2026-09-05T19:24:46.188+01:00,933622,1610059,648,648,True,True,0x02,"NO_IRQ,OK,NO_IRQ,NO_IRQ","NONE,DELTA,NONE,NONE",
17.175165,2026-09-05T19:24:46.195+01:00,934270,1610060,632,632,True,True,0x02,"NO_IRQ,OK,NO_IRQ,NO_IRQ","NONE,DELTA,NONE,NONE",
17.179983,2026-09-05T19:24:46.199+01:00,934902,1610061,624,624,True,True,0x02,"NO_IRQ,OK,NO_IRQ,NO_IRQ","NONE,DELTA,NONE,NONE",
17.188486,2026-09-05T19:24:46.204+01:00,935526,1610062,624,624,True,True,0x02,"NO_IRQ,OK,NO_IRQ,NO_IRQ","NONE,DELTA,NONE,NONE",
17.189985,2026-09-05T19:24:46.212+01:00,936150,1610063,666,666,True,True,0x02,"NO_IRQ,OK,NO_IRQ,NO_IRQ","NONE,DELTA,NONE,NONE",
17.194995,2026-09-05T19:24:46.214+01:00,936816,1610064,664,664,True,True,0x02,"NO_IRQ,OK,NO_IRQ,NO_IRQ","NONE,DELTA,NONE,NONE",
17.205479,2026-09-05T19:24:46.219+01:00,937480,1610065,652,652,True,True,0x02,"NO_IRQ,OK,NO_IRQ,NO_IRQ","NONE,DELTA,NONE,NONE",
17.206176,2026-09-05T19:24:46.229+01:00,938132,1610066,620,620,True,True,0x02,"NO_IRQ,OK,NO_IRQ,NO_IRQ","NONE,DELTA,NONE,NONE",
17.210111,2026-09-05T19:24:46.230+01:00,938752,1610067,570,570,True,True,0x02,"NO_IRQ,OK,NO_IRQ,NO_IRQ","NONE,DELTA,NONE,NONE",
17.214817,2026-09-05T19:24:46.234+01:00,939322,1610068,554,554,True,True,0x02,"NO_IRQ,OK,NO_IRQ,NO_IRQ","NONE,DELTA,NONE,NONE",
17.224328,2026-09-05T19:24:46.239+01:00,939876,1610069,446,446,True,True,0x02,"NO_IRQ,OK,NO_IRQ,NO_IRQ","NONE,DELTA,NONE,NONE",
17.225153,2026-09-05T19:24:46.248+01:00,940322,1610070,512,512,True,True,0x02,"NO_IRQ,OK,NO_IRQ,NO_IRQ","NONE,DELTA,NONE,NONE",
17.230083,2026-09-05T19:24:46.249+01:00,940834,1610071,508,508,True,True,0x02,"NO_IRQ,OK,NO_IRQ,NO_IRQ","NONE,DELTA,NONE,NONE",
17.234530,2026-09-05T19:24:46.254+01:00,941342,1610072,474,474,True,True,0x02,"NO_IRQ,OK,NO_IRQ,NO_IRQ","NONE,DELTA,NONE,NONE",
17.241482,2026-09-05T19:24:46.258+01:00,941816,1610073,498,498,True,True,0x02,"NO_IRQ,OK,NO_IRQ,NO_IRQ","NONE,DELTA,NONE,NONE",
17.244616,2026-09-05T19:24:46.265+01:00,942314,1610074,468,468,True,True,0x02,"NO_IRQ,OK,NO_IRQ,NO_IRQ","NONE,DELTA,NONE,NONE",
17.249734,2026-09-05T19:24:46.269+01:00,942782,1610075,448,448,True,True,0x02,"NO_IRQ,OK,NO_IRQ,NO_IRQ","NONE,DELTA,NONE,NONE",
17.258956,2026-09-05T19:24:46.273+01:00,943230,1610076,424,424,True,True,0x02,"NO_IRQ,OK,NO_IRQ,NO_IRQ","NONE,DELTA,NONE,NONE",
17.260529,2026-09-05T19:24:46.283+01:00,943654,1610077,406,406,True,True,0x02,"NO_IRQ,OK,NO_IRQ,NO_IRQ","NONE,DELTA,NONE,NONE",
17.264592,2026-09-05T19:24:46.284+01:00,944060,1610078,354,354,True,True,0x02,"NO_IRQ,OK,NO_IRQ,NO_IRQ","NONE,DELTA,NONE,NONE",
17.269511,2026-09-05T19:24:46.288+01:00,944414,1610079,396,396,True,True,0x02,"NO_IRQ,OK,NO_IRQ,NO_IRQ","NONE,DELTA,NONE,NONE",
17.275300,2026-09-05T19:24:46.293+01:00,944810,1610080,358,358,True,True,0x02,"NO_IRQ,OK,NO_IRQ,NO_IRQ","NONE,DELTA,NONE,NONE",
17.279604,2026-09-05T19:24:46.299+01:00,945168,1610081,418,418,True,True,0x02,"NO_IRQ,OK,NO_IRQ,NO_IRQ","NONE,DELTA,NONE,NONE",
17.284164,2026-09-05T19:24:46.303+01:00,945586,1610082,346,346,True,True,0x02,"NO_IRQ,OK,NO_IRQ,NO_IRQ","NONE,DELTA,NONE,NONE",
17.289223,2026-09-05T19:24:46.308+01:00,945932,1610083,410,410,True,True,0x02,"NO_IRQ,OK,NO_IRQ,NO_IRQ","NONE,DELTA,NONE,NONE",
17.304663,2026-09-05T19:24:46.313+01:00,946342,1610084,400,400,True,True,0x02,"NO_IRQ,OK,NO_IRQ,NO_IRQ","NONE,DELTA,NONE,NONE",
17.305408,2026-09-05T19:24:46.328+01:00,946742,1610085,394,394,True,True,0x02,"NO_IRQ,OK,NO_IRQ,NO_IRQ","NONE,DELTA,NONE,NONE",
17.306107,2026-09-05T19:24:46.329+01:00,947136,1610086,402,402,True,True,0x02,"NO_IRQ,OK,NO_IRQ,NO_IRQ","NONE,DELTA,NONE,NONE",
17.309803,2026-09-05T19:24:46.330+01:00,947538,1610087,416,416,True,True,0x02,"NO_IRQ,OK,NO_IRQ,NO_IRQ","NONE,DELTA,NONE,NONE",
17.314357,2026-09-05T19:24:46.333+01:00,947954,1610088,430,430,True,True,0x02,"NO_IRQ,OK,NO_IRQ,NO_IRQ","NONE,DELTA,NONE,NONE",
17.322718,2026-09-05T19:24:46.338+01:00,948384,1610089,430,430,True,True,0x02,"NO_IRQ,OK,NO_IRQ,NO_IRQ","NONE,DELTA,NONE,NONE",
17.324235,2026-09-05T19:24:46.346+01:00,948814,1610090,406,406,True,True,0x02,"NO_IRQ,OK,NO_IRQ,NO_IRQ","NONE,DELTA,NONE,NONE",
17.329753,2026-09-05T19:24:46.348+01:00,949220,1610091,342,342,True,True,0x02,"NO_IRQ,OK,NO_IRQ,NO_IRQ","NONE,DELTA,NONE,NONE",
17.340328,2026-09-05T19:24:46.354+01:00,949562,1610092,324,324,True,True,0x02,"NO_IRQ,OK,NO_IRQ,NO_IRQ","NONE,DELTA,NONE,NONE",
17.341128,2026-09-05T19:24:46.364+01:00,949886,1610093,390,390,True,True,0x02,"NO_IRQ,OK,NO_IRQ,NO_IRQ","NONE,DELTA,NONE,NONE",
17.344673,2026-09-05T19:24:46.365+01:00,950276,1610094,346,346,True,True,0x02,"NO_IRQ,OK,NO_IRQ,NO_IRQ","NONE,DELTA,NONE,NONE",
17.349515,2026-09-05T19:24:46.368+01:00,950622,1610095,444,444,True,True,0x02,"NO_IRQ,OK,NO_IRQ,NO_IRQ","NONE,DELTA,NONE,NONE",
17.358610,2026-09-05T19:24:46.373+01:00,951066,1610096,384,384,True,True,0x02,"NO_IRQ,OK,NO_IRQ,NO_IRQ","NONE,DELTA,NONE,NONE",
17.359248,2026-09-05T19:24:46.382+01:00,951450,1610097,352,352,True,True,0x02,"NO_IRQ,OK,NO_IRQ,NO_IRQ","NONE,DELTA,NONE,NONE",
17.364626,2026-09-05T19:24:46.383+01:00,951802,1610098,424,424,True,True,0x02,"NO_IRQ,OK,NO_IRQ,NO_IRQ","NONE,DELTA,NONE,NONE",
17.375337,2026-09-05T19:24:46.388+01:00,952226,1610099,414,414,True,True,0x02,"NO_IRQ,OK,NO_IRQ,NO_IRQ","NONE,DELTA,NONE,NONE",
17.375973,2026-09-05T19:24:46.399+01:00,952640,1610100,410,410,True,True,0x02,"NO_IRQ,OK,NO_IRQ,NO_IRQ","NONE,DELTA,NONE,NONE",
17.379573,2026-09-05T19:24:46.399+01:00,953050,1610101,374,374,True,True,0x02,"NO_IRQ,OK,NO_IRQ,NO_IRQ","NONE,DELTA,NONE,NONE",
17.383993,2026-09-05T19:24:46.403+01:00,953424,1610102,320,320,True,True,0x02,"NO_IRQ,OK,NO_IRQ,NO_IRQ","NONE,DELTA,NONE,NONE",
17.393113,2026-09-05T19:24:46.408+01:00,953744,1610103,278,278,True,True,0x02,"NO_IRQ,OK,NO_IRQ,NO_IRQ","NONE,DELTA,NONE,NONE",
17.394774,2026-09-05T19:24:46.417+01:00,954022,1610104,234,234,True,True,0x02,"NO_IRQ,OK,NO_IRQ,NO_IRQ","NONE,DELTA,NONE,NONE",
17.399176,2026-09-05T19:24:46.418+01:00,954256,1610105,210,210,True,True,0x02,"NO_IRQ,OK,NO_IRQ,NO_IRQ","NONE,DELTA,NONE,NONE",
17.403653,2026-09-05T19:24:46.423+01:00,954466,1610106,178,178,True,True,0x02,"NO_IRQ,OK,NO_IRQ,NO_IRQ","NONE,DELTA,NONE,NONE",
17.411306,2026-09-05T19:24:46.427+01:00,954644,1610107,192,192,True,True,0x02,"NO_IRQ,OK,NO_IRQ,NO_IRQ","NONE,DELTA,NONE,NONE",
17.413943,2026-09-05T19:24:46.435+01:00,954836,1610108,194,194,True,True,0x02,"NO_IRQ,OK,NO_IRQ,NO_IRQ","NONE,DELTA,NONE,NONE",
17.418857,2026-09-05T19:24:46.437+01:00,955030,1610109,184,184,True,True,0x02,"NO_IRQ,OK,NO_IRQ,NO_IRQ","NONE,DELTA,NONE,NONE",
17.429115,2026-09-05T19:24:46.442+01:00,955214,1610110,208,208,True,True,0x02,"NO_IRQ,OK,NO_IRQ,NO_IRQ","NONE,DELTA,NONE,NONE",
17.430086,2026-09-05T19:24:46.453+01:00,955422,1610111,208,208,True,True,0x02,"NO_IRQ,OK,NO_IRQ,NO_IRQ","NONE,DELTA,NONE,NONE",
17.433910,2026-09-05T19:24:46.454+01:00,955630,1610112,200,200,True,True,0x02,"NO_IRQ,OK,NO_IRQ,NO_IRQ","NONE,DELTA,NONE,NONE",
17.438596,2026-09-05T19:24:46.457+01:00,955830,1610113,194,194,True,True,0x02,"NO_IRQ,OK,NO_IRQ,NO_IRQ","NONE,DELTA,NONE,NONE",
17.445908,2026-09-05T19:24:46.462+01:00,956024,1610114,208,208,True,True,0x02,"NO_IRQ,OK,NO_IRQ,NO_IRQ","NONE,DELTA,NONE,NONE",
17.449541,2026-09-05T19:24:46.469+01:00,956232,1610115,196,196,True,True,0x02,"NO_IRQ,OK,NO_IRQ,NO_IRQ","NONE,DELTA,NONE,NONE",
17.453568,2026-09-05T19:24:46.473+01:00,956428,1610116,212,212,True,True,0x02,"NO_IRQ,OK,NO_IRQ,NO_IRQ","NONE,DELTA,NONE,NONE",
17.458537,2026-09-05T19:24:46.477+01:00,956640,1610117,194,194,True,True,0x02,"NO_IRQ,OK,NO_IRQ,NO_IRQ","NONE,DELTA,NONE,NONE",
17.467782,2026-09-05T19:24:46.482+01:00,956834,1610118,214,214,True,True,0x02,"NO_IRQ,OK,NO_IRQ,NO_IRQ","NONE,DELTA,NONE,NONE",
17.468462,2026-09-05T19:24:46.491+01:00,957048,1610119,208,208,True,True,0x02,"NO_IRQ,OK,NO_IRQ,NO_IRQ","NONE,DELTA,NONE,NONE",
17.481809,2026-09-05T19:24:46.492+01:00,957256,1610120,196,196,True,True,0x02,"NO_IRQ,OK,NO_IRQ,NO_IRQ","NONE,DELTA,NONE,NONE",
17.482526,2026-09-05T19:24:46.505+01:00,957452,1610121,212,212,True,True,0x02,"NO_IRQ,OK,NO_IRQ,NO_IRQ","NONE,DELTA,NONE,NONE",
17.483822,2026-09-05T19:24:46.506+01:00,957664,1610122,198,198,True,True,0x02,"NO_IRQ,OK,NO_IRQ,NO_IRQ","NONE,DELTA,NONE,NONE",
17.488780,2026-09-05T19:24:46.507+01:00,957862,1610123,198,198,True,True,0x02,"NO_IRQ,OK,NO_IRQ,NO_IRQ","NONE,DELTA,NONE,NONE",
17.499491,2026-09-05T19:24:46.512+01:00,958060,1610124,202,202,True,True,0x02,"NO_IRQ,OK,NO_IRQ,NO_IRQ","NONE,DELTA,NONE,NONE",
17.500247,2026-09-05T19:24:46.523+01:00,958262,1610125,202,202,True,True,0x02,"NO_IRQ,OK,NO_IRQ,NO_IRQ","NONE,DELTA,NONE,NONE",
17.503788,2026-09-05T19:24:46.524+01:00,958464,1610126,184,184,True,True,0x02,"NO_IRQ,OK,NO_IRQ,NO_IRQ","NONE,DELTA,NONE,NONE",
17.508633,2026-09-05T19:24:46.527+01:00,958648,1610127,208,208,True,True,0x02,"NO_IRQ,OK,NO_IRQ,NO_IRQ","NONE,DELTA,NONE,NONE",
17.517673,2026-09-05T19:24:46.532+01:00,958856,1610128,208,208,True,True,0x02,"NO_IRQ,OK,NO_IRQ,NO_IRQ","NONE,DELTA,NONE,NONE",
17.518847,2026-09-05T19:24:46.541+01:00,959064,1610129,172,172,True,True,0x02,"NO_IRQ,OK,NO_IRQ,NO_IRQ","NONE,DELTA,NONE,NONE",
17.523574,2026-09-05T19:24:46.543+01:00,959236,1610130,166,166,True,True,0x02,"NO_IRQ,OK,NO_IRQ,NO_IRQ","NONE,DELTA,NONE,NONE",
17.531626,2026-09-05T19:24:46.547+01:00,959402,1610131,210,210,True,True,0x02,"NO_IRQ,OK,NO_IRQ,NO_IRQ","NONE,DELTA,NONE,NONE",
17.534941,2026-09-05T19:24:46.556+01:00,959612,1610132,200,200,True,True,0x02,"NO_IRQ,OK,NO_IRQ,NO_IRQ","NONE,DELTA,NONE,NONE",
17.538708,2026-09-05T19:24:46.558+01:00,959812,1610133,198,198,True,True,0x02,"NO_IRQ,OK,NO_IRQ,NO_IRQ","NONE,DELTA,NONE,NONE",
17.544342,2026-09-05T19:24:46.562+01:00,960010,1610134,216,216,True,True,0x02,"NO_IRQ,OK,NO_IRQ,NO_IRQ","NONE,DELTA,NONE,NONE",
17.551768,2026-09-05T19:24:46.568+01:00,960226,1610135,178,178,True,True,0x02,"NO_IRQ,OK,NO_IRQ,NO_IRQ","NONE,DELTA,NONE,NONE",
17.553779,2026-09-05T19:24:46.575+01:00,960404,1610136,200,200,True,True,0x02,"NO_IRQ,OK,NO_IRQ,NO_IRQ","NONE,DELTA,NONE,NONE",
17.558635,2026-09-05T19:24:46.577+01:00,960604,1610137,202,202,True,True,0x02,"NO_IRQ,OK,NO_IRQ,NO_IRQ","NONE,DELTA,NONE,NONE",
17.568765,2026-09-05T19:24:46.582+01:00,960806,1610138,210,210,True,True,0x02,"NO_IRQ,OK,NO_IRQ,NO_IRQ","NONE,DELTA,NONE,NONE",
17.569637,2026-09-05T19:24:46.592+01:00,961016,1610139,176,176,True,True,0x02,"NO_IRQ,OK,NO_IRQ,NO_IRQ","NONE,DELTA,NONE,NONE",
17.573975,2026-09-05T19:24:46.594+01:00,961192,1610140,190,190,True,True,0x02,"NO_IRQ,OK,NO_IRQ,NO_IRQ","NONE,DELTA,NONE,NONE",
17.579030,2026-09-05T19:24:46.598+01:00,961382,1610141,192,192,True,True,0x02,"NO_IRQ,OK,NO_IRQ,NO_IRQ","NONE,DELTA,NONE,NONE",
17.586103,2026-09-05T19:24:46.603+01:00,961574,1610142,208,208,True,True,0x02,"NO_IRQ,OK,NO_IRQ,NO_IRQ","NONE,DELTA,NONE,NONE",
17.588766,2026-09-05T19:24:46.610+01:00,961782,1610143,178,178,True,True,0x02,"NO_IRQ,OK,NO_IRQ,NO_IRQ","NONE,DELTA,NONE,NONE",
17.594710,2026-09-05T19:24:46.612+01:00,961960,1610144,198,198,True,True,0x02,"NO_IRQ,OK,NO_IRQ,NO_IRQ","NONE,DELTA,NONE,NONE",
17.604959,2026-09-05T19:24:46.618+01:00,962158,1610145,194,194,True,True,0x02,"NO_IRQ,OK,NO_IRQ,NO_IRQ","NONE,DELTA,NONE,NONE",
17.605666,2026-09-05T19:24:46.629+01:00,962352,1610146,184,184,True,True,0x02,"NO_IRQ,OK,NO_IRQ,NO_IRQ","NONE,DELTA,NONE,NONE",
17.608728,2026-09-05T19:24:46.629+01:00,962536,1610147,180,180,True,True,0x02,"NO_IRQ,OK,NO_IRQ,NO_IRQ","NONE,DELTA,NONE,NONE",
17.613515,2026-09-05T19:24:46.632+01:00,962716,1610148,194,194,True,True,0x02,"NO_IRQ,OK,NO_IRQ,NO_IRQ","NONE,DELTA,NONE,NONE",
17.618757,2026-09-05T19:24:46.637+01:00,962910,1610149,212,212,True,True,0x02,"NO_IRQ,OK,NO_IRQ,NO_IRQ","NONE,DELTA,NONE,NONE",
17.624388,2026-09-05T19:24:46.642+01:00,963122,1610150,216,216,True,True,0x02,"NO_IRQ,OK,NO_IRQ,NO_IRQ","NONE,DELTA,NONE,NONE",
17.628397,2026-09-05T19:24:46.648+01:00,963338,1610151,198,198,True,True,0x02,"NO_IRQ,OK,NO_IRQ,NO_IRQ","NONE,DELTA,NONE,NONE",
17.633249,2026-09-05T19:24:46.652+01:00,963536,1610152,198,198,True,True,0x02,"NO_IRQ,OK,NO_IRQ,NO_IRQ","NONE,DELTA,NONE,NONE",
17.647966,2026-09-05T19:24:46.657+01:00,963734,1610153,210,210,True,True,0x02,"NO_IRQ,OK,NO_IRQ,NO_IRQ","NONE,DELTA,NONE,NONE",
17.648784,2026-09-05T19:24:46.672+01:00,963944,1610154,192,192,True,True,0x02,"NO_IRQ,OK,NO_IRQ,NO_IRQ","NONE,DELTA,NONE,NONE",
17.649430,2026-09-05T19:24:46.672+01:00,964136,1610155,164,164,True,True,0x02,"NO_IRQ,OK,NO_IRQ,NO_IRQ","NONE,DELTA,NONE,NONE",
17.653429,2026-09-05T19:24:46.673+01:00,964300,1610156,160,160,True,True,0x02,"NO_IRQ,OK,NO_IRQ,NO_IRQ","NONE,DELTA,NONE,NONE",
17.658193,2026-09-05T19:24:46.677+01:00,964460,1610157,180,180,True,True,0x02,"NO_IRQ,OK,NO_IRQ,NO_IRQ","NONE,DELTA,NONE,NONE",
17.667264,2026-09-05T19:24:46.682+01:00,964640,1610158,204,204,True,True,0x02,"NO_IRQ,OK,NO_IRQ,NO_IRQ","NONE,DELTA,NONE,NONE",
17.668295,2026-09-05T19:24:46.691+01:00,964844,1610159,202,202,True,True,0x02,"NO_IRQ,OK,NO_IRQ,NO_IRQ","NONE,DELTA,NONE,NONE",
17.673148,2026-09-05T19:24:46.692+01:00,965046,1610160,178,178,True,True,0x02,"NO_IRQ,OK,NO_IRQ,NO_IRQ","NONE,DELTA,NONE,NONE",
17.683598,2026-09-05T19:24:46.697+01:00,965224,1610161,178,178,True,True,0x02,"NO_IRQ,OK,NO_IRQ,NO_IRQ","NONE,DELTA,NONE,NONE",
17.684417,2026-09-05T19:24:46.707+01:00,965402,1610162,184,184,True,True,0x02,"NO_IRQ,OK,NO_IRQ,NO_IRQ","NONE,DELTA,NONE,NONE",
17.688221,2026-09-05T19:24:46.708+01:00,965586,1610163,188,188,True,True,0x02,"NO_IRQ,OK,NO_IRQ,NO_IRQ","NONE,DELTA,NONE,NONE",
17.693146,2026-09-05T19:24:46.712+01:00,965774,1610164,206,206,True,True,0x02,"NO_IRQ,OK,NO_IRQ,NO_IRQ","NONE,DELTA,NONE,NONE",
17.701425,2026-09-05T19:24:46.717+01:00,965980,1610165,150,150,True,True,0x02,"NO_IRQ,OK,NO_IRQ,NO_IRQ","NONE,DELTA,NONE,NONE",
17.703158,2026-09-05T19:24:46.725+01:00,966130,1610166,176,176,True,True,0x02,"NO_IRQ,OK,NO_IRQ,NO_IRQ","NONE,DELTA,NONE,NONE",
17.708494,2026-09-05T19:24:46.727+01:00,966306,1610167,182,182,True,True,0x02,"NO_IRQ,OK,NO_IRQ,NO_IRQ","NONE,DELTA,NONE,NONE",
17.718761,2026-09-05T19:24:46.732+01:00,966488,1610168,174,174,True,True,0x02,"NO_IRQ,OK,NO_IRQ,NO_IRQ","NONE,DELTA,NONE,NONE",
17.719640,2026-09-05T19:24:46.742+01:00,966662,1610169,180,180,True,True,0x02,"NO_IRQ,OK,NO_IRQ,NO_IRQ","NONE,DELTA,NONE,NONE",
17.723399,2026-09-05T19:24:46.743+01:00,966842,1610170,198,198,True,True,0x02,"NO_IRQ,OK,NO_IRQ,NO_IRQ","NONE,DELTA,NONE,NONE",
17.728210,2026-09-05T19:24:46.747+01:00,967040,1610171,202,202,True,True,0x02,"NO_IRQ,OK,NO_IRQ,NO_IRQ","NONE,DELTA,NONE,NONE",
17.735901,2026-09-05T19:24:46.752+01:00,967242,1610172,180,180,True,True,0x02,"NO_IRQ,OK,NO_IRQ,NO_IRQ","NONE,DELTA,NONE,NONE",
17.738391,2026-09-05T19:24:46.760+01:00,967422,1610173,184,184,True,True,0x02,"NO_IRQ,OK,NO_IRQ,NO_IRQ","NONE,DELTA,NONE,NONE",
17.743682,2026-09-05T19:24:46.762+01:00,967606,1610174,188,188,True,True,0x02,"NO_IRQ,OK,NO_IRQ,NO_IRQ","NONE,DELTA,NONE,NONE",
17.752536,2026-09-05T19:24:46.767+01:00,967794,1610175,200,200,True,True,0x02,"NO_IRQ,OK,NO_IRQ,NO_IRQ","NONE,DELTA,NONE,NONE",
17.753258,2026-09-05T19:24:46.776+01:00,967994,1610176,194,194,True,True,0x02,"NO_IRQ,OK,NO_IRQ,NO_IRQ","NONE,DELTA,NONE,NONE",
17.758346,2026-09-05T19:24:46.777+01:00,968188,1610177,172,172,True,True,0x02,"NO_IRQ,OK,NO_IRQ,NO_IRQ","NONE,DELTA,NONE,NONE",
17.763055,2026-09-05T19:24:46.782+01:00,968360,1610178,194,194,True,True,0x02,"NO_IRQ,OK,NO_IRQ,NO_IRQ","NONE,DELTA,NONE,NONE",
17.769782,2026-09-05T19:24:46.788+01:00,968554,1610179,180,180,True,True,0x02,"NO_IRQ,OK,NO_IRQ,NO_IRQ","NONE,DELTA,NONE,NONE",
17.773232,2026-09-05T19:24:46.794+01:00,968734,1610180,200,200,True,True,0x02,"NO_IRQ,OK,NO_IRQ,NO_IRQ","NONE,DELTA,NONE,NONE",
17.778017,2026-09-05T19:24:46.797+01:00,968934,1610181,192,192,True,True,0x02,"NO_IRQ,OK,NO_IRQ,NO_IRQ","NONE,DELTA,NONE,NONE",
17.784232,2026-09-05T19:24:46.802+01:00,969126,1610182,208,208,True,True,0x02,"NO_IRQ,OK,NO_IRQ,NO_IRQ","NONE,DELTA,NONE,NONE",
17.788928,2026-09-05T19:24:46.808+01:00,969334,1610183,168,168,True,True,0x02,"NO_IRQ,OK,NO_IRQ,NO_IRQ","NONE,DELTA,NONE,NONE",
17.793730,2026-09-05T19:24:46.812+01:00,969502,1610184,192,192,True,True,0x02,"NO_IRQ,OK,NO_IRQ,NO_IRQ","NONE,DELTA,NONE,NONE",
17.798100,2026-09-05T19:24:46.817+01:00,969694,1610185,196,196,True,True,0x02,"NO_IRQ,OK,NO_IRQ,NO_IRQ","NONE,DELTA,NONE,NONE",
17.808926,2026-09-05T19:24:46.822+01:00,969890,1610186,168,168,True,True,0x02,"NO_IRQ,OK,NO_IRQ,NO_IRQ","NONE,DELTA,NONE,NONE",
17.809281,2026-09-05T19:24:46.833+01:00,970058,1610187,182,182,True,True,0x02,"NO_IRQ,OK,NO_IRQ,NO_IRQ","NONE,DELTA,NONE,NONE",
17.822646,2026-09-05T19:24:46.833+01:00,970240,1610188,182,182,True,True,0x02,"NO_IRQ,OK,NO_IRQ,NO_IRQ","NONE,DELTA,NONE,NONE",
17.823308,2026-09-05T19:24:46.846+01:00,970422,1610189,208,208,True,True,0x02,"NO_IRQ,OK,NO_IRQ,NO_IRQ","NONE,DELTA,NONE,NONE",
17.823898,2026-09-05T19:24:46.847+01:00,970630,1610190,176,176,True,True,0x02,"NO_IRQ,OK,NO_IRQ,NO_IRQ","NONE,DELTA,NONE,NONE",
17.828983,2026-09-05T19:24:46.848+01:00,970806,1610191,204,204,True,True,0x02,"NO_IRQ,OK,NO_IRQ,NO_IRQ","NONE,DELTA,NONE,NONE",
17.833201,2026-09-05T19:24:46.853+01:00,971010,1610192,198,198,True,True,0x02,"NO_IRQ,OK,NO_IRQ,NO_IRQ","NONE,DELTA,NONE,NONE",
17.841099,2026-09-05T19:24:46.857+01:00,971208,1610193,212,212,True,True,0x02,"NO_IRQ,OK,NO_IRQ,NO_IRQ","NONE,DELTA,NONE,NONE",
17.843545,2026-09-05T19:24:46.865+01:00,971420,1610194,192,192,True,True,0x02,"NO_IRQ,OK,NO_IRQ,NO_IRQ","NONE,DELTA,NONE,NONE",
17.848336,2026-09-05T19:24:46.868+01:00,971612,1610195,192,192,True,True,0x02,"NO_IRQ,OK,NO_IRQ,NO_IRQ","NONE,DELTA,NONE,NONE",
17.859228,2026-09-05T19:24:46.872+01:00,971804,1610196,198,198,True,True,0x02,"NO_IRQ,OK,NO_IRQ,NO_IRQ","NONE,DELTA,NONE,NONE",
17.859580,2026-09-05T19:24:46.883+01:00,972002,1610197,180,180,True,True,0x02,"NO_IRQ,OK,NO_IRQ,NO_IRQ","NONE,DELTA,NONE,NONE",
17.863380,2026-09-05T19:24:46.883+01:00,972182,1610198,208,208,True,True,0x02,"NO_IRQ,OK,NO_IRQ,NO_IRQ","NONE,DELTA,NONE,NONE",
17.868111,2026-09-05T19:24:46.887+01:00,972390,1610199,224,224,True,True,0x02,"NO_IRQ,OK,NO_IRQ,NO_IRQ","NONE,DELTA,NONE,NONE",
17.876377,2026-09-05T19:24:46.892+01:00,972614,1610200,202,202,True,True,0x02,"NO_IRQ,OK,NO_IRQ,NO_IRQ","NONE,DELTA,NONE,NONE",
17.878150,2026-09-05T19:24:46.900+01:00,972816,1610201,212,212,True,True,0x02,"NO_IRQ,OK,NO_IRQ,NO_IRQ","NONE,DELTA,NONE,NONE",
17.883144,2026-09-05T19:24:46.902+01:00,973028,1610202,196,196,True,True,0x02,"NO_IRQ,OK,NO_IRQ,NO_IRQ","NONE,DELTA,NONE,NONE",
17.893931,2026-09-05T19:24:46.907+01:00,973224,1610203,204,204,True,True,0x02,"NO_IRQ,OK,NO_IRQ,NO_IRQ","NONE,DELTA,NONE,NONE",
17.894909,2026-09-05T19:24:46.918+01:00,973428,1610204,194,194,True,True,0x02,"NO_IRQ,OK,NO_IRQ,NO_IRQ","NONE,DELTA,NONE,NONE",
17.898041,2026-09-05T19:24:46.918+01:00,973622,1610205,204,204,True,True,0x02,"NO_IRQ,OK,NO_IRQ,NO_IRQ","NONE,DELTA,NONE,NONE",
17.902949,2026-09-05T19:24:46.922+01:00,973826,1610206,194,194,True,True,0x02,"NO_IRQ,OK,NO_IRQ,NO_IRQ","NONE,DELTA,NONE,NONE",
17.911802,2026-09-05T19:24:46.926+01:00,974020,1610207,198,198,True,True,0x02,"NO_IRQ,OK,NO_IRQ,NO_IRQ","NONE,DELTA,NONE,NONE",
17.912897,2026-09-05T19:24:46.936+01:00,974218,1610208,184,184,True,True,0x02,"NO_IRQ,OK,NO_IRQ,NO_IRQ","NONE,DELTA,NONE,NONE",
17.918207,2026-09-05T19:24:46.936+01:00,974402,1610209,204,204,True,True,0x02,"NO_IRQ,OK,NO_IRQ,NO_IRQ","NONE,DELTA,NONE,NONE",
17.923288,2026-09-05T19:24:46.942+01:00,974606,1610210,200,200,True,True,0x02,"NO_IRQ,OK,NO_IRQ,NO_IRQ","NONE,DELTA,NONE,NONE",
17.932805,2026-09-05T19:24:46.947+01:00,974806,1610211,218,218,True,True,0x02,"NO_IRQ,OK,NO_IRQ,NO_IRQ","NONE,DELTA,NONE,NONE",
17.933639,2026-09-05T19:24:46.956+01:00,975024,1610212,172,172,True,True,0x02,"NO_IRQ,OK,NO_IRQ,NO_IRQ","NONE,DELTA,NONE,NONE",
17.937915,2026-09-05T19:24:46.957+01:00,975196,1610213,200,200,True,True,0x02,"NO_IRQ,OK,NO_IRQ,NO_IRQ","NONE,DELTA,NONE,NONE",
17.942862,2026-09-05T19:24:46.961+01:00,975396,1610214,186,186,True,True,0x02,"NO_IRQ,OK,NO_IRQ,NO_IRQ","NONE,DELTA,NONE,NONE",
17.950978,2026-09-05T19:24:46.966+01:00,975582,1610215,210,210,True,True,0x02,"NO_IRQ,OK,NO_IRQ,NO_IRQ","NONE,DELTA,NONE,NONE",
17.952927,2026-09-05T19:24:46.975+01:00,975792,1610216,206,206,True,True,0x02,"NO_IRQ,OK,NO_IRQ,NO_IRQ","NONE,DELTA,NONE,NONE",
17.957872,2026-09-05T19:24:46.977+01:00,975998,1610217,194,194,True,True,0x02,"NO_IRQ,OK,NO_IRQ,NO_IRQ","NONE,DELTA,NONE,NONE",
17.962876,2026-09-05T19:24:46.981+01:00,976192,1610218,202,202,True,True,0x02,"NO_IRQ,OK,NO_IRQ,NO_IRQ","NONE,DELTA,NONE,NONE",
17.968660,2026-09-05T19:24:46.987+01:00,976394,1610219,202,202,True,True,0x02,"NO_IRQ,OK,NO_IRQ,NO_IRQ","NONE,DELTA,NONE,NONE",
17.972956,2026-09-05T19:24:46.992+01:00,976596,1610220,194,194,True,True,0x02,"NO_IRQ,OK,NO_IRQ,NO_IRQ","NONE,DELTA,NONE,NONE",
17.978163,2026-09-05T19:24:46.996+01:00,976790,1610221,210,210,True,True,0x02,"NO_IRQ,OK,NO_IRQ,NO_IRQ","NONE,DELTA,NONE,NONE",
17.991035,2026-09-05T19:24:47.002+01:00,977000,1610222,226,226,True,True,0x02,"NO_IRQ,OK,NO_IRQ,NO_IRQ","NONE,DELTA,NONE,NONE",
17.994613,2026-09-05T19:24:47.017+01:00,977226,1610223,224,224,True,True,0x02,"NO_IRQ,OK,NO_IRQ,NO_IRQ","NONE,DELTA,NONE,NONE",
17.995888,2026-09-05T19:24:47.018+01:00,977450,1610224,208,208,True,True,0x02,"NO_IRQ,OK,NO_IRQ,NO_IRQ","NONE,DELTA,NONE,NONE",
17.997953,2026-09-05T19:24:47.020+01:00,977658,1610225,218,218,True,True,0x02,"NO_IRQ,OK,NO_IRQ,NO_IRQ","NONE,DELTA,NONE,NONE",
18.002930,2026-09-05T19:24:47.022+01:00,977876,1610226,196,196,True,True,0x02,"NO_IRQ,OK,NO_IRQ,NO_IRQ","NONE,DELTA,NONE,NONE",
18.012517,2026-09-05T19:24:47.027+01:00,978072,1610227,208,208,True,True,0x02,"NO_IRQ,OK,NO_IRQ,NO_IRQ","NONE,DELTA,NONE,NONE",
18.013237,2026-09-05T19:24:47.036+01:00,978280,1610228,208,208,True,True,0x02,"NO_IRQ,OK,NO_IRQ,NO_IRQ","NONE,DELTA,NONE,NONE",
18.017861,2026-09-05T19:24:47.037+01:00,978488,1610229,202,202,True,True,0x02,"NO_IRQ,OK,NO_IRQ,NO_IRQ","NONE,DELTA,NONE,NONE",
18.025269,2026-09-05T19:24:47.041+01:00,978690,1610230,210,210,True,True,0x02,"NO_IRQ,OK,NO_IRQ,NO_IRQ","NONE,DELTA,NONE,NONE",
18.029987,2026-09-05T19:24:47.050+01:00,978900,1610231,212,212,True,True,0x02,"NO_IRQ,OK,NO_IRQ,NO_IRQ","NONE,DELTA,NONE,NONE",
18.032850,2026-09-05T19:24:47.054+01:00,979112,1610232,226,226,True,True,0x02,"NO_IRQ,OK,NO_IRQ,NO_IRQ","NONE,DELTA,NONE,NONE",
18.037532,2026-09-05T19:24:47.056+01:00,979338,1610233,212,212,True,True,0x02,"NO_IRQ,OK,NO_IRQ,NO_IRQ","NONE,DELTA,NONE,NONE",
18.046098,2026-09-05T19:24:47.061+01:00,979550,1610234,206,206,True,True,0x02,"NO_IRQ,OK,NO_IRQ,NO_IRQ","NONE,DELTA,NONE,NONE",
18.047666,2026-09-05T19:24:47.070+01:00,979756,1610235,210,210,True,True,0x02,"NO_IRQ,OK,NO_IRQ,NO_IRQ","NONE,DELTA,NONE,NONE",
18.052881,2026-09-05T19:24:47.071+01:00,979966,1610236,222,222,True,True,0x02,"NO_IRQ,OK,NO_IRQ,NO_IRQ","NONE,DELTA,NONE,NONE",
18.064643,2026-09-05T19:24:47.076+01:00,980188,1610237,240,240,True,True,0x02,"NO_IRQ,OK,NO_IRQ,NO_IRQ","NONE,DELTA,NONE,NONE",
18.065777,2026-09-05T19:24:47.088+01:00,980428,1610238,212,212,True,True,0x02,"NO_IRQ,OK,NO_IRQ,NO_IRQ","NONE,DELTA,NONE,NONE",
18.067697,2026-09-05T19:24:47.089+01:00,980640,1610239,222,222,True,True,0x02,"NO_IRQ,OK,NO_IRQ,NO_IRQ","NONE,DELTA,NONE,NONE",
18.072533,2026-09-05T19:24:47.091+01:00,980862,1610240,212,212,True,True,0x02,"NO_IRQ,OK,NO_IRQ,NO_IRQ","NONE,DELTA,NONE,NONE",
18.082416,2026-09-05T19:24:47.096+01:00,981074,1610241,234,234,True,True,0x02,"NO_IRQ,OK,NO_IRQ,NO_IRQ","NONE,DELTA,NONE,NONE",
18.083157,2026-09-05T19:24:47.106+01:00,981308,1610242,260,260,True,True,0x02,"NO_IRQ,OK,NO_IRQ,NO_IRQ","NONE,DELTA,NONE,NONE",
18.087678,2026-09-05T19:24:47.107+01:00,981568,1610243,238,238,True,True,0x02,"NO_IRQ,OK,NO_IRQ,NO_IRQ","NONE,DELTA,NONE,NONE",
18.092766,2026-09-05T19:24:47.111+01:00,981806,1610244,236,236,True,True,0x02,"NO_IRQ,OK,NO_IRQ,NO_IRQ","NONE,DELTA,NONE,NONE",
18.099489,2026-09-05T19:24:47.117+01:00,982042,1610245,272,272,True,True,0x02,"NO_IRQ,OK,NO_IRQ,NO_IRQ","NONE,DELTA,NONE,NONE",
18.102562,2026-09-05T19:24:47.123+01:00,982314,1610246,288,288,True,True,0x02,"NO_IRQ,OK,NO_IRQ,NO_IRQ","NONE,DELTA,NONE,NONE",
18.107937,2026-09-05T19:24:47.126+01:00,982602,1610247,290,290,True,True,0x02,"NO_IRQ,OK,NO_IRQ,NO_IRQ","NONE,DELTA,NONE,NONE",
18.116805,2026-09-05T19:24:47.131+01:00,982892,1610248,1084,1084,True,True,0x02,"NO_IRQ,OK,NO_IRQ,NO_IRQ","NONE,DELTA_SYNC,NONE,NONE",
18.117988,2026-09-05T19:24:47.141+01:00,983976,1610249,428,428,True,True,0x02,"NO_IRQ,OK,NO_IRQ,NO_IRQ","NONE,DELTA,NONE,NONE",
18.123187,2026-09-05T19:24:47.142+01:00,984404,1610250,526,526,True,True,0x02,"NO_IRQ,OK,NO_IRQ,NO_IRQ","NONE,DELTA,NONE,NONE",
18.129590,2026-09-05T19:24:47.147+01:00,984930,1610251,468,468,True,True,0x02,"NO_IRQ,OK,NO_IRQ,NO_IRQ","NONE,DELTA,NONE,NONE",
18.134095,2026-09-05T19:24:47.154+01:00,985398,1610252,552,552,True,True,0x02,"NO_IRQ,OK,NO_IRQ,NO_IRQ","NONE,DELTA,NONE,NONE",
18.138025,2026-09-05T19:24:47.158+01:00,985950,1610253,552,552,True,True,0x02,"NO_IRQ,OK,NO_IRQ,NO_IRQ","NONE,DELTA,NONE,NONE",
18.143163,2026-09-05T19:24:47.162+01:00,986502,1610254,594,594,True,True,0x02,"NO_IRQ,OK,NO_IRQ,NO_IRQ","NONE,DELTA,NONE,NONE",
18.148077,2026-09-05T19:24:47.167+01:00,987096,1610255,616,616,True,True,0x02,"NO_IRQ,OK,NO_IRQ,NO_IRQ","NONE,DELTA,NONE,NONE",
18.157008,2026-09-05T19:24:47.172+01:00,987712,1610256,654,654,True,True,0x02,"NO_IRQ,OK,NO_IRQ,NO_IRQ","NONE,DELTA,NONE,NONE",
18.158058,2026-09-05T19:24:47.181+01:00,988366,1610257,664,664,True,True,0x02,"NO_IRQ,OK,NO_IRQ,NO_IRQ","NONE,DELTA,NONE,NONE",
18.171473,2026-09-05T19:24:47.182+01:00,989030,1610258,636,636,True,True,0x02,"NO_IRQ,OK,NO_IRQ,NO_IRQ","NONE,DELTA,NONE,NONE",
18.172232,2026-09-05T19:24:47.195+01:00,989666,1610259,616,616,True,True,0x02,"NO_IRQ,OK,NO_IRQ,NO_IRQ","NONE,DELTA,NONE,NONE",
18.173209,2026-09-05T19:24:47.196+01:00,990282,1610260,640,640,True,True,0x02,"NO_IRQ,OK,NO_IRQ,NO_IRQ","NONE,DELTA,NONE,NONE",
18.178781,2026-09-05T19:24:47.197+01:00,990922,1610261,648,648,True,True,0x02,"NO_IRQ,OK,NO_IRQ,NO_IRQ","NONE,DELTA,NONE,NONE",
18.183106,2026-09-05T19:24:47.203+01:00,991570,1610262,644,644,True,True,0x02,"NO_IRQ,OK,NO_IRQ,NO_IRQ","NONE,DELTA,NONE,NONE",
18.189695,2026-09-05T19:24:47.207+01:00,992214,1610263,648,648,True,True,0x02,"NO_IRQ,OK,NO_IRQ,NO_IRQ","NONE,DELTA,NONE,NONE",
18.195134,2026-09-05T19:24:47.213+01:00,992862,1610264,622,622,True,True,0x02,"NO_IRQ,OK,NO_IRQ,NO_IRQ","NONE,DELTA,NONE,NONE",
18.198793,2026-09-05T19:24:47.219+01:00,993484,1610265,640,640,True,True,0x02,"NO_IRQ,OK,NO_IRQ,NO_IRQ","NONE,DELTA,NONE,NONE",
18.207748,2026-09-05T19:24:47.222+01:00,994124,1610266,560,560,True,True,0x02,"NO_IRQ,OK,NO_IRQ,NO_IRQ","NONE,DELTA,NONE,NONE",
18.208465,2026-09-05T19:24:47.231+01:00,994684,1610267,604,604,True,True,0x02,"NO_IRQ,OK,NO_IRQ,NO_IRQ","NONE,DELTA,NONE,NONE",
18.213281,2026-09-05T19:24:47.232+01:00,995288,1610268,544,544,True,True,0x02,"NO_IRQ,OK,NO_IRQ,NO_IRQ","NONE,DELTA,NONE,NONE",
18.218069,2026-09-05T19:24:47.237+01:00,995832,1610269,548,548,True,True,0x02,"NO_IRQ,OK,NO_IRQ,NO_IRQ","NONE,DELTA,NONE,NONE",
18.225591,2026-09-05T19:24:47.242+01:00,996380,1610270,514,514,True,True,0x02,"NO_IRQ,OK,NO_IRQ,NO_IRQ","NONE,DELTA,NONE,NONE",
18.228379,2026-09-05T19:24:47.249+01:00,996894,1610271,474,474,True,True,0x02,"NO_IRQ,OK,NO_IRQ,NO_IRQ","NONE,DELTA,NONE,NONE",
18.233043,2026-09-05T19:24:47.252+01:00,997368,1610272,474,474,True,True,0x02,"NO_IRQ,OK,NO_IRQ,NO_IRQ","NONE,DELTA,NONE,NONE",
18.243116,2026-09-05T19:24:47.257+01:00,997842,1610273,436,436,True,True,0x02,"NO_IRQ,OK,NO_IRQ,NO_IRQ","NONE,DELTA,NONE,NONE",
18.243627,2026-09-05T19:24:47.267+01:00,998278,1610274,412,412,True,True,0x02,"NO_IRQ,OK,NO_IRQ,NO_IRQ","NONE,DELTA,NONE,NONE",
18.248208,2026-09-05T19:24:47.267+01:00,998690,1610275,376,376,True,True,0x02,"NO_IRQ,OK,NO_IRQ,NO_IRQ","NONE,DELTA,NONE,NONE",
18.252744,2026-09-05T19:24:47.272+01:00,999066,1610276,434,434,True,True,0x02,"NO_IRQ,OK,NO_IRQ,NO_IRQ","NONE,DELTA,NONE,NONE",
18.262611,2026-09-05T19:24:47.276+01:00,999500,1610277,400,400,True,True,0x02,"NO_IRQ,OK,NO_IRQ,NO_IRQ","NONE,DELTA,NONE,NONE",
18.263823,2026-09-05T19:24:47.286+01:00,999900,1610278,386,386,True,True,0x02,"NO_IRQ,OK,NO_IRQ,NO_IRQ","NONE,DELTA,NONE,NONE",
18.267741,2026-09-05T19:24:47.287+01:00,1000286,1610279,398,398,True,True,0x02,"NO_IRQ,OK,NO_IRQ,NO_IRQ","NONE,DELTA,NONE,NONE",
18.272519,2026-09-05T19:24:47.292+01:00,1000684,1610280,360,360,True,True,0x02,"NO_IRQ,OK,NO_IRQ,NO_IRQ","NONE,DELTA,NONE,NONE",
18.280657,2026-09-05T19:24:47.296+01:00,1001044,1610281,402,402,True,True,0x02,"NO_IRQ,OK,NO_IRQ,NO_IRQ","NONE,DELTA,NONE,NONE",
18.282690,2026-09-05T19:24:47.304+01:00,1001446,1610282,308,308,True,True,0x02,"NO_IRQ,OK,NO_IRQ,NO_IRQ","NONE,DELTA,NONE,NONE",
18.287926,2026-09-05T19:24:47.306+01:00,1001754,1610283,388,388,True,True,0x02,"NO_IRQ,OK,NO_IRQ,NO_IRQ","NONE,DELTA,NONE,NONE",
18.298071,2026-09-05T19:24:47.312+01:00,1002142,1610284,330,330,True,True,0x02,"NO_IRQ,OK,NO_IRQ,NO_IRQ","NONE,DELTA,NONE,NONE",
18.299157,2026-09-05T19:24:47.322+01:00,1002472,1610285,354,354,True,True,0x02,"NO_IRQ,OK,NO_IRQ,NO_IRQ","NONE,DELTA,NONE,NONE",
18.302713,2026-09-05T19:24:47.323+01:00,1002826,1610286,334,334,True,True,0x02,"NO_IRQ,OK,NO_IRQ,NO_IRQ","NONE,DELTA,NONE,NONE",
18.307456,2026-09-05T19:24:47.326+01:00,1003160,1610287,316,316,True,True,0x02,"NO_IRQ,OK,NO_IRQ,NO_IRQ","NONE,DELTA,NONE,NONE",
18.312325,2026-09-05T19:24:47.331+01:00,1003476,1610288,260,260,True,True,0x02,"NO_IRQ,OK,NO_IRQ,NO_IRQ","NONE,DELTA,NONE,NONE",
18.317512,2026-09-05T19:24:47.336+01:00,1003736,1610289,284,284,True,True,0x02,"NO_IRQ,OK,NO_IRQ,NO_IRQ","NONE,DELTA,NONE,NONE",
18.322316,2026-09-05T19:24:47.341+01:00,1004020,1610290,316,316,True,True,0x02,"NO_IRQ,OK,NO_IRQ,NO_IRQ","NONE,DELTA,NONE,NONE",
18.327350,2026-09-05T19:24:47.346+01:00,1004336,1610291,244,244,True,True,0x02,"NO_IRQ,OK,NO_IRQ,NO_IRQ","NONE,DELTA,NONE,NONE",
18.338650,2026-09-05T19:24:47.351+01:00,1004580,1610292,282,282,True,True,0x02,"NO_IRQ,OK,NO_IRQ,NO_IRQ","NONE,DELTA,NONE,NONE",
18.341979,2026-09-05T19:24:47.363+01:00,1004862,1610293,232,232,True,True,0x02,"NO_IRQ,OK,NO_IRQ,NO_IRQ","NONE,DELTA,NONE,NONE",
18.342605,2026-09-05T19:24:47.365+01:00,1005094,1610294,278,278,True,True,0x02,"NO_IRQ,OK,NO_IRQ,NO_IRQ","NONE,DELTA,NONE,NONE",
18.347364,2026-09-05T19:24:47.366+01:00,1005372,1610295,210,210,True,True,0x02,"NO_IRQ,OK,NO_IRQ,NO_IRQ","NONE,DELTA,NONE,NONE",
18.352292,2026-09-05T19:24:47.371+01:00,1005582,1610296,286,286,True,True,0x02,"NO_IRQ,OK,NO_IRQ,NO_IRQ","NONE,DELTA,NONE,NONE",
18.359867,2026-09-05T19:24:47.376+01:00,1005868,1610297,270,270,True,True,0x02,"NO_IRQ,OK,NO_IRQ,NO_IRQ","NONE,DELTA,NONE,NONE",
18.362461,2026-09-05T19:24:47.383+01:00,1006138,1610298,232,232,True,True,0x02,"NO_IRQ,OK,NO_IRQ,NO_IRQ","NONE,DELTA,NONE,NONE",
18.367409,2026-09-05T19:24:47.386+01:00,1006370,1610299,226,226,True,True,0x02,"NO_IRQ,OK,NO_IRQ,NO_IRQ","NONE,DELTA,NONE,NONE",
18.377834,2026-09-05T19:24:47.391+01:00,1006596,1610300,232,232,True,True,0x02,"NO_IRQ,OK,NO_IRQ,NO_IRQ","NONE,DELTA,NONE,NONE",
18.378756,2026-09-05T19:24:47.401+01:00,1006828,1610301,190,190,True,True,0x02,"NO_IRQ,OK,NO_IRQ,NO_IRQ","NONE,DELTA,NONE,NONE",
18.382452,2026-09-05T19:24:47.402+01:00,1007018,1610302,228,228,True,True,0x02,"NO_IRQ,OK,NO_IRQ,NO_IRQ","NONE,DELTA,NONE,NONE",
18.387719,2026-09-05T19:24:47.406+01:00,1007246,1610303,184,184,True,True,0x02,"NO_IRQ,OK,NO_IRQ,NO_IRQ","NONE,DELTA,NONE,NONE",
18.396138,2026-09-05T19:24:47.411+01:00,1007430,1610304,200,200,True,True,0x02,"NO_IRQ,OK,NO_IRQ,NO_IRQ","NONE,DELTA,NONE,NONE",
18.397371,2026-09-05T19:24:47.420+01:00,1007630,1610305,232,232,True,True,0x02,"NO_IRQ,OK,NO_IRQ,NO_IRQ","NONE,DELTA,NONE,NONE",
18.402525,2026-09-05T19:24:47.421+01:00,1007862,1610306,196,196,True,True,0x02,"NO_IRQ,OK,NO_IRQ,NO_IRQ","NONE,DELTA,NONE,NONE",
18.409515,2026-09-05T19:24:47.426+01:00,1008058,1610307,216,216,True,True,0x02,"NO_IRQ,OK,NO_IRQ,NO_IRQ","NONE,DELTA,NONE,NONE",
18.414500,2026-09-05T19:24:47.437+01:00,1008274,1610308,208,208,True,True,0x02,"NO_IRQ,OK,NO_IRQ,NO_IRQ","NONE,DELTA,NONE,NONE",
18.417429,2026-09-05T19:24:47.438+01:00,1008482,1610309,248,248,True,True,0x02,"NO_IRQ,OK,NO_IRQ,NO_IRQ","NONE,DELTA,NONE,NONE",
18.422029,2026-09-05T19:24:47.441+01:00,1008730,1610310,216,216,True,True,0x02,"NO_IRQ,OK,NO_IRQ,NO_IRQ","NONE,DELTA,NONE,NONE",
18.432267,2026-09-05T19:24:47.446+01:00,1008946,1610311,204,204,True,True,0x02,"NO_IRQ,OK,NO_IRQ,NO_IRQ","NONE,DELTA,NONE,NONE",
18.432974,2026-09-05T19:24:47.456+01:00,1009150,1610312,200,200,True,True,0x02,"NO_IRQ,OK,NO_IRQ,NO_IRQ","NONE,DELTA,NONE,NONE",
18.437253,2026-09-05T19:24:47.456+01:00,1009350,1610313,224,224,True,True,0x02,"NO_IRQ,OK,NO_IRQ,NO_IRQ","NONE,DELTA,NONE,NONE",
18.442001,2026-09-05T19:24:47.461+01:00,1009574,1610314,224,224,True,True,0x02,"NO_IRQ,OK,NO_IRQ,NO_IRQ","NONE,DELTA,NONE,NONE",
18.449610,2026-09-05T19:24:47.466+01:00,1009798,1610315,224,224,True,True,0x02,"NO_IRQ,OK,NO_IRQ,NO_IRQ","NONE,DELTA,NONE,NONE",
18.452369,2026-09-05T19:24:47.473+01:00,1010022,1610316,210,210,True,True,0x02,"NO_IRQ,OK,NO_IRQ,NO_IRQ","NONE,DELTA,NONE,NONE",
18.457090,2026-09-05T19:24:47.476+01:00,1010232,1610317,234,234,True,True,0x02,"NO_IRQ,OK,NO_IRQ,NO_IRQ","NONE,DELTA,NONE,NONE",
18.468568,2026-09-05T19:24:47.481+01:00,1010466,1610318,228,228,True,True,0x02,"NO_IRQ,OK,NO_IRQ,NO_IRQ","NONE,DELTA,NONE,NONE",
18.469338,2026-09-05T19:24:47.492+01:00,1010694,1610319,220,220,True,True,0x02,"NO_IRQ,OK,NO_IRQ,NO_IRQ","NONE,DELTA,NONE,NONE",
18.472211,2026-09-05T19:24:47.493+01:00,1010914,1610320,220,220,True,True,0x02,"NO_IRQ,OK,NO_IRQ,NO_IRQ","NONE,DELTA,NONE,NONE",
18.477219,2026-09-05T19:24:47.496+01:00,1011134,1610321,236,236,True,True,0x02,"NO_IRQ,OK,NO_IRQ,NO_IRQ","NONE,DELTA,NONE,NONE",
18.482507,2026-09-05T19:24:47.501+01:00,1011370,1610322,224,224,True,True,0x02,"NO_IRQ,OK,NO_IRQ,NO_IRQ","NONE,DELTA,NONE,NONE",
18.486946,2026-09-05T19:24:47.506+01:00,1011594,1610323,216,216,True,True,0x02,"NO_IRQ,OK,NO_IRQ,NO_IRQ","NONE,DELTA,NONE,NONE",
18.491828,2026-09-05T19:24:47.511+01:00,1011810,1610324,222,222,True,True,0x02,"NO_IRQ,OK,NO_IRQ,NO_IRQ","NONE,DELTA,NONE,NONE",
18.497107,2026-09-05T19:24:47.515+01:00,1012032,1610325,250,250,True,True,0x02,"NO_IRQ,OK,NO_IRQ,NO_IRQ","NONE,DELTA,NONE,NONE",
18.506454,2026-09-05T19:24:47.521+01:00,1012282,1610326,200,200,True,True,0x02,"NO_IRQ,OK,NO_IRQ,NO_IRQ","NONE,DELTA,NONE,NONE",
18.506863,2026-09-05T19:24:47.530+01:00,1012482,1610327,256,256,True,True,0x02,"NO_IRQ,OK,NO_IRQ,NO_IRQ","NONE,DELTA,NONE,NONE",
18.515951,2026-09-05T19:24:47.530+01:00,1012738,1610328,318,318,True,True,0x02,"NO_IRQ,OK,NO_IRQ,NO_IRQ","NONE,DELTA,NONE,NONE",
18.520402,2026-09-05T19:24:47.541+01:00,1013056,1610329,238,238,True,True,0x02,"NO_IRQ,OK,NO_IRQ,NO_IRQ","NONE,DELTA,NONE,NONE",
18.522207,2026-09-05T19:24:47.544+01:00,1013294,1610330,292,292,True,True,0x02,"NO_IRQ,OK,NO_IRQ,NO_IRQ","NONE,DELTA,NONE,NONE",
18.527564,2026-09-05T19:24:47.546+01:00,1013586,1610331,248,248,True,True,0x02,"NO_IRQ,OK,NO_IRQ,NO_IRQ","NONE,DELTA,NONE,NONE",
18.538051,2026-09-05T19:24:47.551+01:00,1013834,1610332,298,298,True,True,0x02,"NO_IRQ,OK,NO_IRQ,NO_IRQ","NONE,DELTA,NONE,NONE",
18.538728,2026-09-05T19:24:47.562+01:00,1014132,1610333,310,310,True,True,0x02,"NO_IRQ,OK,NO_IRQ,NO_IRQ","NONE,DELTA,NONE,NONE",
18.542047,2026-09-05T19:24:47.562+01:00,1014442,1610334,270,270,True,True,0x02,"NO_IRQ,OK,NO_IRQ,NO_IRQ","NONE,DELTA,NONE,NONE",
18.547238,2026-09-05T19:24:47.566+01:00,1014712,1610335,314,314,True,True,0x02,"NO_IRQ,OK,NO_IRQ,NO_IRQ","NONE,DELTA,NONE,NONE",
18.556314,2026-09-05T19:24:47.571+01:00,1015026,1610336,302,302,True,True,0x02,"NO_IRQ,OK,NO_IRQ,NO_IRQ","NONE,DELTA,NONE,NONE",
18.557005,2026-09-05T19:24:47.580+01:00,1015328,1610337,400,400,True,True,0x02,"NO_IRQ,OK,NO_IRQ,NO_IRQ","NONE,DELTA,NONE,NONE",
18.562706,2026-09-05T19:24:47.581+01:00,1015728,1610338,380,380,True,True,0x02,"NO_IRQ,OK,NO_IRQ,NO_IRQ","NONE,DELTA,NONE,NONE",
18.573024,2026-09-05T19:24:47.586+01:00,1016108,1610339,526,526,True,True,0x02,"NO_IRQ,OK,NO_IRQ,NO_IRQ","NONE,DELTA,NONE,NONE",
18.573734,2026-09-05T19:24:47.597+01:00,1016634,1610340,564,564,True,True,0x02,"NO_IRQ,OK,NO_IRQ,NO_IRQ","NONE,DELTA,NONE,NONE",
18.577952,2026-09-05T19:24:47.597+01:00,1017198,1610341,598,598,True,True,0x02,"NO_IRQ,OK,NO_IRQ,NO_IRQ","NONE,DELTA,NONE,NONE",
18.582442,2026-09-05T19:24:47.602+01:00,1017796,1610342,606,606,True,True,0x02,"NO_IRQ,OK,NO_IRQ,NO_IRQ","NONE,DELTA,NONE,NONE",
18.590199,2026-09-05T19:24:47.606+01:00,1018402,1610343,662,662,True,True,0x02,"NO_IRQ,OK,NO_IRQ,NO_IRQ","NONE,DELTA,NONE,NONE",
18.592710,2026-09-05T19:24:47.614+01:00,1019064,1610344,656,656,True,True,0x02,"NO_IRQ,OK,NO_IRQ,NO_IRQ","NONE,DELTA,NONE,NONE",
18.597919,2026-09-05T19:24:47.617+01:00,1019720,1610345,630,630,True,True,0x02,"NO_IRQ,OK,NO_IRQ,NO_IRQ","NONE,DELTA,NONE,NONE",
18.607537,2026-09-05T19:24:47.621+01:00,1020350,1610346,642,642,True,True,0x02,"NO_IRQ,OK,NO_IRQ,NO_IRQ","NONE,DELTA,NONE,NONE",
18.608521,2026-09-05T19:24:47.631+01:00,1020992,1610347,676,676,True,True,0x02,"NO_IRQ,OK,NO_IRQ,NO_IRQ","NONE,DELTA,NONE,NONE",
18.612978,2026-09-05T19:24:47.632+01:00,1021668,1610348,668,668,True,True,0x02,"NO_IRQ,OK,NO_IRQ,NO_IRQ","NONE,DELTA,NONE,NONE",
18.617738,2026-09-05T19:24:47.637+01:00,1022336,1610349,650,650,True,True,0x02,"NO_IRQ,OK,NO_IRQ,NO_IRQ","NONE,DELTA,NONE,NONE",
18.625755,2026-09-05T19:24:47.641+01:00,1022986,1610350,646,646,True,True,0x02,"NO_IRQ,OK,NO_IRQ,NO_IRQ","NONE,DELTA,NONE,NONE",
18.628199,2026-09-05T19:24:47.649+01:00,1023632,1610351,680,680,True,True,0x02,"NO_IRQ,OK,NO_IRQ,NO_IRQ","NONE,DELTA,NONE,NONE",
18.632844,2026-09-05T19:24:47.652+01:00,1024312,1610352,628,628,True,True,0x02,"NO_IRQ,OK,NO_IRQ,NO_IRQ","NONE,DELTA,NONE,NONE",
18.639242,2026-09-05T19:24:47.657+01:00,1024940,1610353,662,662,True,True,0x02,"NO_IRQ,OK,NO_IRQ,NO_IRQ","NONE,DELTA,NONE,NONE",
18.645704,2026-09-05T19:24:47.663+01:00,1025602,1610354,646,646,True,True,0x02,"NO_IRQ,OK,NO_IRQ,NO_IRQ","NONE,DELTA,NONE,NONE",
18.647991,2026-09-05T19:24:47.669+01:00,1026248,1610355,644,644,True,True,0x02,"NO_IRQ,OK,NO_IRQ,NO_IRQ","NONE,DELTA,NONE,NONE",
18.652913,2026-09-05T19:24:47.672+01:00,1026892,1610356,648,648,True,True,0x02,"NO_IRQ,OK,NO_IRQ,NO_IRQ","NONE,DELTA,NONE,NONE",
18.657812,2026-09-05T19:24:47.676+01:00,1027540,1610357,614,614,True,True,0x02,"NO_IRQ,OK,NO_IRQ,NO_IRQ","NONE,DELTA,NONE,NONE",
18.664333,2026-09-05T19:24:47.682+01:00,1028154,1610358,638,638,True,True,0x02,"NO_IRQ,OK,NO_IRQ,NO_IRQ","NONE,DELTA,NONE,NONE",
18.667984,2026-09-05T19:24:47.688+01:00,1028792,1610359,644,644,True,True,0x02,"NO_IRQ,OK,NO_IRQ,NO_IRQ","NONE,DELTA,NONE,NONE",
18.673771,2026-09-05T19:24:47.692+01:00,1029436,1610360,670,670,True,True,0x02,"NO_IRQ,OK,NO_IRQ,NO_IRQ","NONE,DELTA,NONE,NONE",
18.677921,2026-09-05T19:24:47.697+01:00,1030106,1610361,652,652,True,True,0x02,"NO_IRQ,OK,NO_IRQ,NO_IRQ","NONE,DELTA,NONE,NONE",
18.688986,2026-09-05T19:24:47.702+01:00,1030758,1610362,648,648,True,True,0x02,"NO_IRQ,OK,NO_IRQ,NO_IRQ","NONE,DELTA,NONE,NONE",
18.692859,2026-09-05T19:24:47.716+01:00,1031406,1610363,662,662,True,True,0x02,"NO_IRQ,OK,NO_IRQ,NO_IRQ","NONE,DELTA,NONE,NONE",
18.693222,2026-09-05T19:24:47.716+01:00,1032068,1610364,654,654,True,True,0x02,"NO_IRQ,OK,NO_IRQ,NO_IRQ","NONE,DELTA,NONE,NONE",
18.698272,2026-09-05T19:24:47.717+01:00,1032722,1610365,644,644,True,True,0x02,"NO_IRQ,OK,NO_IRQ,NO_IRQ","NONE,DELTA,NONE,NONE",
18.702701,2026-09-05T19:24:47.722+01:00,1033366,1610366,604,604,True,True,0x02,"NO_IRQ,OK,NO_IRQ,NO_IRQ","NONE,DELTA,NONE,NONE",
18.710556,2026-09-05T19:24:47.726+01:00,1033970,1610367,614,614,True,True,0x02,"NO_IRQ,OK,NO_IRQ,NO_IRQ","NONE,DELTA,NONE,NONE",
18.713044,2026-09-05T19:24:47.734+01:00,1034584,1610368,492,492,True,True,0x02,"NO_IRQ,OK,NO_IRQ,NO_IRQ","NONE,DELTA,NONE,NONE",
18.717827,2026-09-05T19:24:47.737+01:00,1035076,1610369,516,516,True,True,0x02,"NO_IRQ,OK,NO_IRQ,NO_IRQ","NONE,DELTA,NONE,NONE",
18.728608,2026-09-05T19:24:47.741+01:00,1035592,1610370,542,542,True,True,0x02,"NO_IRQ,OK,NO_IRQ,NO_IRQ","NONE,DELTA,NONE,NONE",
18.729529,2026-09-05T19:24:47.752+01:00,1036134,1610371,528,528,True,True,0x02,"NO_IRQ,OK,NO_IRQ,NO_IRQ","NONE,DELTA,NONE,NONE",
18.732609,2026-09-05T19:24:47.753+01:00,1036662,1610372,504,504,True,True,0x02,"NO_IRQ,OK,NO_IRQ,NO_IRQ","NONE,DELTA,NONE,NONE",
18.738110,2026-09-05T19:24:47.756+01:00,1037166,1610373,486,486,True,True,0x02,"NO_IRQ,OK,NO_IRQ,NO_IRQ","NONE,DELTA,NONE,NONE",
18.746908,2026-09-05T19:24:47.762+01:00,1037652,1610374,410,410,True,True,0x02,"NO_IRQ,OK,NO_IRQ,NO_IRQ","NONE,DELTA,NONE,NONE",
18.747968,2026-09-05T19:24:47.771+01:00,1038062,1610375,410,410,True,True,0x02,"NO_IRQ,OK,NO_IRQ,NO_IRQ","NONE,DELTA,NONE,NONE",
18.752385,2026-09-05T19:24:47.771+01:00,1038472,1610376,364,364,True,True,0x02,"NO_IRQ,OK,NO_IRQ,NO_IRQ","NONE,DELTA,NONE,NONE",
18.757257,2026-09-05T19:24:47.776+01:00,1038836,1610377,422,422,True,True,0x02,"NO_IRQ,OK,NO_IRQ,NO_IRQ","NONE,DELTA,NONE,NONE",
18.764666,2026-09-05T19:24:47.781+01:00,1039258,1610378,382,382,True,True,0x02,"NO_IRQ,OK,NO_IRQ,NO_IRQ","NONE,DELTA,NONE,NONE",
18.767538,2026-09-05T19:24:47.788+01:00,1039640,1610379,382,382,True,True,0x02,"NO_IRQ,OK,NO_IRQ,NO_IRQ","NONE,DELTA,NONE,NONE",
18.772421,2026-09-05T19:24:47.791+01:00,1040022,1610380,366,366,True,True,0x02,"NO_IRQ,OK,NO_IRQ,NO_IRQ","NONE,DELTA,NONE,NONE",
18.782122,2026-09-05T19:24:47.796+01:00,1040388,1610381,344,344,True,True,0x02,"NO_IRQ,OK,NO_IRQ,NO_IRQ","NONE,DELTA,NONE,NONE",
18.782850,2026-09-05T19:24:47.806+01:00,1040732,1610382,328,328,True,True,0x02,"NO_IRQ,OK,NO_IRQ,NO_IRQ","NONE,DELTA,NONE,NONE",
18.787299,2026-09-05T19:24:47.807+01:00,1041060,1610383,356,356,True,True,0x02,"NO_IRQ,OK,NO_IRQ,NO_IRQ","NONE,DELTA,NONE,NONE",
18.799078,2026-09-05T19:24:47.811+01:00,1041416,1610384,380,380,True,True,0x02,"NO_IRQ,OK,NO_IRQ,NO_IRQ","NONE,DELTA,NONE,NONE",
18.799996,2026-09-05T19:24:47.823+01:00,1041796,1610385,340,340,True,True,0x02,"NO_IRQ,OK,NO_IRQ,NO_IRQ","NONE,DELTA,NONE,NONE",
18.802175,2026-09-05T19:24:47.824+01:00,1042136,1610386,300,300,True,True,0x02,"NO_IRQ,OK,NO_IRQ,NO_IRQ","NONE,DELTA,NONE,NONE",
18.807525,2026-09-05T19:24:47.826+01:00,1042436,1610387,302,302,True,True,0x02,"NO_IRQ,OK,NO_IRQ,NO_IRQ","NONE,DELTA,NONE,NONE",
18.817529,2026-09-05T19:24:47.831+01:00,1042738,1610388,316,316,True,True,0x02,"NO_IRQ,OK,NO_IRQ,NO_IRQ","NONE,DELTA,NONE,NONE",
18.818230,2026-09-05T19:24:47.841+01:00,1043054,1610389,308,308,True,True,0x02,"NO_IRQ,OK,NO_IRQ,NO_IRQ","NONE,DELTA,NONE,NONE",
18.822203,2026-09-05T19:24:47.842+01:00,1043362,1610390,304,304,True,True,0x02,"NO_IRQ,OK,NO_IRQ,NO_IRQ","NONE,DELTA,NONE,NONE",
18.828299,2026-09-05T19:24:47.846+01:00,1043666,1610391,286,286,True,True,0x02,"NO_IRQ,OK,NO_IRQ,NO_IRQ","NONE,DELTA,NONE,NONE",
18.832353,2026-09-05T19:24:47.852+01:00,1043952,1610392,282,282,True,True,0x02,"NO_IRQ,OK,NO_IRQ,NO_IRQ","NONE,DELTA,NONE,NONE",
18.838132,2026-09-05T19:24:47.856+01:00,1044234,1610393,294,294,True,True,0x02,"NO_IRQ,OK,NO_IRQ,NO_IRQ","NONE,DELTA,NONE,NONE",
18.841912,2026-09-05T19:24:47.862+01:00,1044528,1610394,304,304,True,True,0x02,"NO_IRQ,OK,NO_IRQ,NO_IRQ","NONE,DELTA,NONE,NONE",
18.847016,2026-09-05T19:24:47.865+01:00,1044832,1610395,246,246,True,True,0x02,"NO_IRQ,OK,NO_IRQ,NO_IRQ","NONE,DELTA,NONE,NONE",
18.857108,2026-09-05T19:24:47.871+01:00,1045078,1610396,244,244,True,True,0x02,"NO_IRQ,OK,NO_IRQ,NO_IRQ","NONE,DELTA,NONE,NONE",
18.857525,2026-09-05T19:24:47.881+01:00,1045322,1610397,254,254,True,True,0x02,"NO_IRQ,OK,NO_IRQ,NO_IRQ","NONE,DELTA,NONE,NONE",
18.870827,2026-09-05T19:24:47.881+01:00,1045576,1610398,264,264,True,True,0x02,"NO_IRQ,OK,NO_IRQ,NO_IRQ","NONE,DELTA,NONE,NONE",
18.871529,2026-09-05T19:24:47.894+01:00,1045840,1610399,282,282,True,True,0x02,"NO_IRQ,OK,NO_IRQ,NO_IRQ","NONE,DELTA,NONE,NONE",
18.872125,2026-09-05T19:24:47.895+01:00,1046122,1610400,272,272,True,True,0x02,"NO_IRQ,OK,NO_IRQ,NO_IRQ","NONE,DELTA,NONE,NONE",
18.877426,2026-09-05T19:24:47.896+01:00,1046394,1610401,264,264,True,True,0x02,"NO_IRQ,OK,NO_IRQ,NO_IRQ","NONE,DELTA,NONE,NONE",
18.887961,2026-09-05T19:24:47.901+01:00,1046658,1610402,266,266,True,True,0x02,"NO_IRQ,OK,NO_IRQ,NO_IRQ","NONE,DELTA,NONE,NONE",
18.888594,2026-09-05T19:24:47.912+01:00,1046924,1610403,284,284,True,True,0x02,"NO_IRQ,OK,NO_IRQ,NO_IRQ","NONE,DELTA,NONE,NONE",
18.892297,2026-09-05T19:24:47.912+01:00,1047208,1610404,294,294,True,True,0x02,"NO_IRQ,OK,NO_IRQ,NO_IRQ","NONE,DELTA,NONE,NONE",
18.897090,2026-09-05T19:24:47.916+01:00,1047502,1610405,310,310,True,True,0x02,"NO_IRQ,OK,NO_IRQ,NO_IRQ","NONE,DELTA,NONE,NONE",
18.905391,2026-09-05T19:24:47.921+01:00,1047812,1610406,308,308,True,True,0x02,"NO_IRQ,OK,NO_IRQ,NO_IRQ","NONE,DELTA,NONE,NONE",
18.906990,2026-09-05T19:24:47.929+01:00,1048120,1610407,336,336,True,True,0x02,"NO_IRQ,OK,NO_IRQ,NO_IRQ","NONE,DELTA,NONE,NONE",
18.912727,2026-09-05T19:24:47.931+01:00,1048456,1610408,328,328,True,True,0x02,"NO_IRQ,OK,NO_IRQ,NO_IRQ","NONE,DELTA,NONE,NONE",
18.917587,2026-09-05T19:24:47.936+01:00,1048784,1610409,340,340,True,True,0x02,"NO_IRQ,OK,NO_IRQ,NO_IRQ","NONE,DELTA,NONE,NONE",
18.923286,2026-09-05T19:24:47.942+01:00,1049124,1610410,356,356,True,True,0x02,"NO_IRQ,OK,NO_IRQ,NO_IRQ","NONE,DELTA,NONE,NONE",
18.927662,2026-09-05T19:24:47.947+01:00,1049480,1610411,362,362,True,True,0x02,"NO_IRQ,OK,NO_IRQ,NO_IRQ","NONE,DELTA,NONE,NONE",
18.932235,2026-09-05T19:24:47.951+01:00,1049842,1610412,362,362,True,True,0x02,"NO_IRQ,OK,NO_IRQ,NO_IRQ","NONE,DELTA,NONE,NONE",
18.941838,2026-09-05T19:24:47.956+01:00,1050204,1610413,340,340,True,True,0x02,"NO_IRQ,OK,NO_IRQ,NO_IRQ","NONE,DELTA,NONE,NONE",
18.942548,2026-09-05T19:24:47.965+01:00,1050544,1610414,396,396,True,True,0x02,"NO_IRQ,OK,NO_IRQ,NO_IRQ","NONE,DELTA,NONE,NONE",
18.947291,2026-09-05T19:24:47.966+01:00,1050940,1610415,358,358,True,True,0x02,"NO_IRQ,OK,NO_IRQ,NO_IRQ","NONE,DELTA,NONE,NONE",
18.952038,2026-09-05T19:24:47.971+01:00,1051298,1610416,354,354,True,True,0x02,"NO_IRQ,OK,NO_IRQ,NO_IRQ","NONE,DELTA,NONE,NONE",
18.959786,2026-09-05T19:24:47.976+01:00,1051652,1610417,282,282,True,True,0x02,"NO_IRQ,OK,NO_IRQ,NO_IRQ","NONE,DELTA,NONE,NONE",
18.962040,2026-09-05T19:24:47.983+01:00,1051934,1610418,300,300,True,True,0x02,"NO_IRQ,OK,NO_IRQ,NO_IRQ","NONE,DELTA,NONE,NONE",
18.966874,2026-09-05T19:24:47.986+01:00,1052234,1610419,216,216,True,True,0x02,"NO_IRQ,OK,NO_IRQ,NO_IRQ","NONE,DELTA,NONE,NONE",
18.976238,2026-09-05T19:24:47.990+01:00,1052450,1610420,240,240,True,True,0x02,"NO_IRQ,OK,NO_IRQ,NO_IRQ","NONE,DELTA,NONE,NONE",
18.976962,2026-09-05T19:24:48.000+01:00,1052690,1610421,220,220,True,True,0x02,"NO_IRQ,OK,NO_IRQ,NO_IRQ","NONE,DELTA,NONE,NONE",
18.981689,2026-09-05T19:24:48.001+01:00,1052910,1610422,244,244,True,True,0x02,"NO_IRQ,OK,NO_IRQ,NO_IRQ","NONE,DELTA,NONE,NONE",
18.986698,2026-09-05T19:24:48.005+01:00,1053154,1610423,224,224,True,True,0x02,"NO_IRQ,OK,NO_IRQ,NO_IRQ","NONE,DELTA,NONE,NONE",
18.994864,2026-09-05T19:24:48.010+01:00,1053378,1610424,206,206,True,True,0x02,"NO_IRQ,OK,NO_IRQ,NO_IRQ","NONE,DELTA,NONE,NONE",
18.996595,2026-09-05T19:24:48.018+01:00,1053584,1610425,204,204,True,True,0x02,"NO_IRQ,OK,NO_IRQ,NO_IRQ","NONE,DELTA,NONE,NONE",
19.001664,2026-09-05T19:24:48.020+01:00,1053788,1610426,194,194,True,True,0x02,"NO_IRQ,OK,NO_IRQ,NO_IRQ","NONE,DELTA,NONE,NONE",
19.007563,2026-09-05T19:24:48.025+01:00,1053982,1610427,166,166,True,True,0x02,"NO_IRQ,OK,NO_IRQ,NO_IRQ","NONE,DELTA,NONE,NONE",
19.012035,2026-09-05T19:24:48.031+01:00,1054148,1610428,188,188,True,True,0x02,"NO_IRQ,OK,NO_IRQ,NO_IRQ","NONE,DELTA,NONE,NONE",
19.016386,2026-09-05T19:24:48.036+01:00,1054336,1610429,174,174,True,True,0x02,"NO_IRQ,OK,NO_IRQ,NO_IRQ","NONE,DELTA,NONE,NONE",
19.021406,2026-09-05T19:24:48.040+01:00,1054510,1610430,186,186,True,True,0x02,"NO_IRQ,OK,NO_IRQ,NO_IRQ","NONE,DELTA,NONE,NONE",
19.038074,2026-09-05T19:24:48.045+01:00,1054696,1610431,206,206,True,True,0x02,"NO_IRQ,OK,NO_IRQ,NO_IRQ","NONE,DELTA,NONE,NONE",
19.038758,2026-09-05T19:24:48.062+01:00,1054902,1610432,196,196,True,True,0x02,"NO_IRQ,OK,NO_IRQ,NO_IRQ","NONE,DELTA,NONE,NONE",
19.039397,2026-09-05T19:24:48.062+01:00,1055098,1610433,192,192,True,True,0x02,"NO_IRQ,OK,NO_IRQ,NO_IRQ","NONE,DELTA,NONE,NONE",
19.041666,2026-09-05T19:24:48.063+01:00,1055290,1610434,204,204,True,True,0x02,"NO_IRQ,OK,NO_IRQ,NO_IRQ","NONE,DELTA,NONE,NONE",
19.047039,2026-09-05T19:24:48.065+01:00,1055494,1610435,176,176,True,True,0x02,"NO_IRQ,OK,NO_IRQ,NO_IRQ","NONE,DELTA,NONE,NONE",
19.057550,2026-09-05T19:24:48.071+01:00,1055670,1610436,186,186,True,True,0x02,"NO_IRQ,OK,NO_IRQ,NO_IRQ","NONE,DELTA,NONE,NONE",
19.058382,2026-09-05T19:24:48.081+01:00,1055856,1610437,194,194,True,True,0x02,"NO_IRQ,OK,NO_IRQ,NO_IRQ","NONE,DELTA,NONE,NONE",
19.061839,2026-09-05T19:24:48.082+01:00,1056050,1610438,208,208,True,True,0x02,"NO_IRQ,OK,NO_IRQ,NO_IRQ","NONE,DELTA,NONE,NONE",
19.066527,2026-09-05T19:24:48.085+01:00,1056258,1610439,186,186,True,True,0x02,"NO_IRQ,OK,NO_IRQ,NO_IRQ","NONE,DELTA,NONE,NONE",
19.075037,2026-09-05T19:24:48.090+01:00,1056444,1610440,226,226,True,True,0x02,"NO_IRQ,OK,NO_IRQ,NO_IRQ","NONE,DELTA,NONE,NONE",
19.077697,2026-09-05T19:24:48.099+01:00,1056670,1610441,222,222,True,True,0x02,"NO_IRQ,OK,NO_IRQ,NO_IRQ","NONE,DELTA,NONE,NONE",
19.081702,2026-09-05T19:24:48.101+01:00,1056892,1610442,202,202,True,True,0x02,"NO_IRQ,OK,NO_IRQ,NO_IRQ","NONE,DELTA,NONE,NONE",
19.092510,2026-09-05T19:24:48.105+01:00,1057094,1610443,196,196,True,True,0x02,"NO_IRQ,OK,NO_IRQ,NO_IRQ","NONE,DELTA,NONE,NONE",
19.093593,2026-09-05T19:24:48.116+01:00,1057290,1610444,202,202,True,True,0x02,"NO_IRQ,OK,NO_IRQ,NO_IRQ","NONE,DELTA,NONE,NONE",
19.096762,2026-09-05T19:24:48.117+01:00,1057492,1610445,216,216,True,True,0x02,"NO_IRQ,OK,NO_IRQ,NO_IRQ","NONE,DELTA,NONE,NONE",
19.101561,2026-09-05T19:24:48.120+01:00,1057708,1610446,194,194,True,True,0x02,"NO_IRQ,OK,NO_IRQ,NO_IRQ","NONE,DELTA,NONE,NONE",
19.110283,2026-09-05T19:24:48.125+01:00,1057902,1610447,184,184,True,True,0x02,"NO_IRQ,OK,NO_IRQ,NO_IRQ","NONE,DELTA,NONE,NONE",
19.112058,2026-09-05T19:24:48.134+01:00,1058086,1610448,1084,1084,True,True,0x02,"NO_IRQ,OK,NO_IRQ,NO_IRQ","NONE,DELTA_SYNC,NONE,NONE",
19.116600,2026-09-05T19:24:48.136+01:00,1059170,1610449,238,238,True,True,0x02,"NO_IRQ,OK,NO_IRQ,NO_IRQ","NONE,DELTA,NONE,NONE",
19.128074,2026-09-05T19:24:48.140+01:00,1059408,1610450,252,252,True,True,0x02,"NO_IRQ,OK,NO_IRQ,NO_IRQ","NONE,DELTA,NONE,NONE",
19.129293,2026-09-05T19:24:48.152+01:00,1059660,1610451,196,196,True,True,0x02,"NO_IRQ,OK,NO_IRQ,NO_IRQ","NONE,DELTA,NONE,NONE",
19.131603,2026-09-05T19:24:48.153+01:00,1059856,1610452,188,188,True,True,0x02,"NO_IRQ,OK,NO_IRQ,NO_IRQ","NONE,DELTA,NONE,NONE",
19.136269,2026-09-05T19:24:48.155+01:00,1060044,1610453,184,184,True,True,0x02,"NO_IRQ,OK,NO_IRQ,NO_IRQ","NONE,DELTA,NONE,NONE",
19.145239,2026-09-05T19:24:48.160+01:00,1060228,1610454,182,182,True,True,0x02,"NO_IRQ,OK,NO_IRQ,NO_IRQ","NONE,DELTA,NONE,NONE",
19.146340,2026-09-05T19:24:48.169+01:00,1060410,1610455,202,202,True,True,0x02,"NO_IRQ,OK,NO_IRQ,NO_IRQ","NONE,DELTA,NONE,NONE",
19.151546,2026-09-05T19:24:48.170+01:00,1060612,1610456,214,214,True,True,0x02,"NO_IRQ,OK,NO_IRQ,NO_IRQ","NONE,DELTA,NONE,NONE",
19.163256,2026-09-05T19:24:48.175+01:00,1060826,1610457,200,200,True,True,0x02,"NO_IRQ,OK,NO_IRQ,NO_IRQ","NONE,DELTA,NONE,NONE",
19.164003,2026-09-05T19:24:48.187+01:00,1061026,1610458,182,182,True,True,0x02,"NO_IRQ,OK,NO_IRQ,NO_IRQ","NONE,DELTA,NONE,NONE",
19.166455,2026-09-05T19:24:48.188+01:00,1061208,1610459,194,194,True,True,0x02,"NO_IRQ,OK,NO_IRQ,NO_IRQ","NONE,DELTA,NONE,NONE",
19.171333,2026-09-05T19:24:48.190+01:00,1061402,1610460,202,202,True,True,0x02,"NO_IRQ,OK,NO_IRQ,NO_IRQ","NONE,DELTA,NONE,NONE",
19.178815,2026-09-05T19:24:48.195+01:00,1061604,1610461,192,192,True,True,0x02,"NO_IRQ,OK,NO_IRQ,NO_IRQ","NONE,DELTA,NONE,NONE",
19.181992,2026-09-05T19:24:48.202+01:00,1061796,1610462,204,204,True,True,0x02,"NO_IRQ,OK,NO_IRQ,NO_IRQ","NONE,DELTA,NONE,NONE",
19.186094,2026-09-05T19:24:48.206+01:00,1062000,1610463,190,190,True,True,0x02,"NO_IRQ,OK,NO_IRQ,NO_IRQ","NONE,DELTA,NONE,NONE",
19.191081,2026-09-05T19:24:48.210+01:00,1062190,1610464,180,180,True,True,0x02,"NO_IRQ,OK,NO_IRQ,NO_IRQ","NONE,DELTA,NONE,NONE",
19.203046,2026-09-05T19:24:48.215+01:00,1062370,1610465,204,204,True,True,0x02,"NO_IRQ,OK,NO_IRQ,NO_IRQ","NONE,DELTA,NONE,NONE",
19.203391,2026-09-05T19:24:48.227+01:00,1062574,1610466,190,190,True,True,0x02,"NO_IRQ,OK,NO_IRQ,NO_IRQ","NONE,DELTA,NONE,NONE",
19.216565,2026-09-05T19:24:48.227+01:00,1062764,1610467,194,194,True,True,0x02,"NO_IRQ,OK,NO_IRQ,NO_IRQ","NONE,DELTA,NONE,NONE",
19.217388,2026-09-05T19:24:48.240+01:00,1062958,1610468,190,190,True,True,0x02,"NO_IRQ,OK,NO_IRQ,NO_IRQ","NONE,DELTA,NONE,NONE",
19.217940,2026-09-05T19:24:48.241+01:00,1063148,1610469,196,196,True,True,0x02,"NO_IRQ,OK,NO_IRQ,NO_IRQ","NONE,DELTA,NONE,NONE",
19.221212,2026-09-05T19:24:48.241+01:00,1063344,1610470,206,206,True,True,0x02,"NO_IRQ,OK,NO_IRQ,NO_IRQ","NONE,DELTA,NONE,NONE",
19.227430,2026-09-05T19:24:48.245+01:00,1063550,1610471,204,204,True,True,0x02,"NO_IRQ,OK,NO_IRQ,NO_IRQ","NONE,DELTA,NONE,NONE",
19.235064,2026-09-05T19:24:48.251+01:00,1063754,1610472,192,192,True,True,0x02,"NO_IRQ,OK,NO_IRQ,NO_IRQ","NONE,DELTA,NONE,NONE",
19.236194,2026-09-05T19:24:48.259+01:00,1063946,1610473,184,184,True,True,0x02,"NO_IRQ,OK,NO_IRQ,NO_IRQ","NONE,DELTA,NONE,NONE",
19.241249,2026-09-05T19:24:48.260+01:00,1064130,1610474,202,202,True,True,0x02,"NO_IRQ,OK,NO_IRQ,NO_IRQ","NONE,DELTA,NONE,NONE",
19.251942,2026-09-05T19:24:48.265+01:00,1064332,1610475,204,204,True,True,0x02,"NO_IRQ,OK,NO_IRQ,NO_IRQ","NONE,DELTA,NONE,NONE",
19.252593,2026-09-05T19:24:48.276+01:00,1064536,1610476,184,184,True,True,0x02,"NO_IRQ,OK,NO_IRQ,NO_IRQ","NONE,DELTA,NONE,NONE",
19.257397,2026-09-05T19:24:48.276+01:00,1064720,1610477,202,202,True,True,0x02,"NO_IRQ,OK,NO_IRQ,NO_IRQ","NONE,DELTA,NONE,NONE",
19.261389,2026-09-05T19:24:48.281+01:00,1064922,1610478,216,216,True,True,0x02,"NO_IRQ,OK,NO_IRQ,NO_IRQ","NONE,DELTA,NONE,NONE",
19.272189,2026-09-05T19:24:48.285+01:00,1065138,1610479,194,194,True,True,0x02,"NO_IRQ,OK,NO_IRQ,NO_IRQ","NONE,DELTA,NONE,NONE",
19.273508,2026-09-05T19:24:48.296+01:00,1065332,1610480,182,182,True,True,0x02,"NO_IRQ,OK,NO_IRQ,NO_IRQ","NONE,DELTA,NONE,NONE",
19.276662,2026-09-05T19:24:48.297+01:00,1065514,1610481,218,218,True,True,0x02,"NO_IRQ,OK,NO_IRQ,NO_IRQ","NONE,DELTA,NONE,NONE",
19.281428,2026-09-05T19:24:48.300+01:00,1065732,1610482,182,182,True,True,0x02,"NO_IRQ,OK,NO_IRQ,NO_IRQ","NONE,DELTA,NONE,NONE",
19.286581,2026-09-05T19:24:48.305+01:00,1065914,1610483,176,176,True,True,0x02,"NO_IRQ,OK,NO_IRQ,NO_IRQ","NONE,DELTA,NONE,NONE",
19.293894,2026-09-05T19:24:48.310+01:00,1066090,1610484,188,188,True,True,0x02,"NO_IRQ,OK,NO_IRQ,NO_IRQ","NONE,DELTA,NONE,NONE",
19.295969,2026-09-05T19:24:48.318+01:00,1066278,1610485,174,174,True,True,0x02,"NO_IRQ,OK,NO_IRQ,NO_IRQ","NONE,DELTA,NONE,NONE",
19.301295,2026-09-05T19:24:48.320+01:00,1066452,1610486,212,212,True,True,0x02,"NO_IRQ,OK,NO_IRQ,NO_IRQ","NONE,DELTA,NONE,NONE",
19.310363,2026-09-05T19:24:48.325+01:00,1066664,1610487,198,198,True,True,0x02,"NO_IRQ,OK,NO_IRQ,NO_IRQ","NONE,DELTA,NONE,NONE",
19.311453,2026-09-05T19:24:48.334+01:00,1066862,1610488,186,186,True,True,0x02,"NO_IRQ,OK,NO_IRQ,NO_IRQ","NONE,DELTA,NONE,NONE",
19.316690,2026-09-05T19:24:48.335+01:00,1067048,1610489,180,180,True,True,0x02,"NO_IRQ,OK,NO_IRQ,NO_IRQ","NONE,DELTA,NONE,NONE",
19.326499,2026-09-05T19:24:48.340+01:00,1067228,1610490,182,182,True,True,0x02,"NO_IRQ,OK,NO_IRQ,NO_IRQ","NONE,DELTA,NONE,NONE",
19.327525,2026-09-05T19:24:48.350+01:00,1067410,1610491,178,178,True,True,0x02,"NO_IRQ,OK,NO_IRQ,NO_IRQ","NONE,DELTA,NONE,NONE",
19.331222,2026-09-05T19:24:48.351+01:00,1067588,1610492,212,212,True,True,0x02,"NO_IRQ,OK,NO_IRQ,NO_IRQ","NONE,DELTA,NONE,NONE",
19.336030,2026-09-05T19:24:48.355+01:00,1067800,1610493,208,208,True,True,0x02,"NO_IRQ,OK,NO_IRQ,NO_IRQ","NONE,DELTA,NONE,NONE",
19.343577,2026-09-05T19:24:48.360+01:00,1068008,1610494,180,180,True,True,0x02,"NO_IRQ,OK,NO_IRQ,NO_IRQ","NONE,DELTA,NONE,NONE",
19.346384,2026-09-05T19:24:48.367+01:00,1068188,1610495,188,188,True,True,0x02,"NO_IRQ,OK,NO_IRQ,NO_IRQ","NONE,DELTA,NONE,NONE",
19.351202,2026-09-05T19:24:48.370+01:00,1068376,1610496,200,200,True,True,0x02,"NO_IRQ,OK,NO_IRQ,NO_IRQ","NONE,DELTA,NONE,NONE",
19.356684,2026-09-05T19:24:48.375+01:00,1068576,1610497,204,204,True,True,0x02,"NO_IRQ,OK,NO_IRQ,NO_IRQ","NONE,DELTA,NONE,NONE",
19.361993,2026-09-05T19:24:48.380+01:00,1068780,1610498,188,188,True,True,0x02,"NO_IRQ,OK,NO_IRQ,NO_IRQ","NONE,DELTA,NONE,NONE",
19.365825,2026-09-05T19:24:48.386+01:00,1068968,1610499,190,190,True,True,0x02,"NO_IRQ,OK,NO_IRQ,NO_IRQ","NONE,DELTA,NONE,NONE",
19.370853,2026-09-05T19:24:48.389+01:00,1069158,1610500,214,214,True,True,0x02,"NO_IRQ,OK,NO_IRQ,NO_IRQ","NONE,DELTA,NONE,NONE",
19.386444,2026-09-05T19:24:48.394+01:00,1069372,1610501,168,168,True,True,0x02,"NO_IRQ,OK,NO_IRQ,NO_IRQ","NONE,DELTA,NONE,NONE",
19.387262,2026-09-05T19:24:48.410+01:00,1069540,1610502,170,170,True,True,0x02,"NO_IRQ,OK,NO_IRQ,NO_IRQ","NONE,DELTA,NONE,NONE",
19.387858,2026-09-05T19:24:48.411+01:00,1069710,1610503,186,186,True,True,0x02,"NO_IRQ,OK,NO_IRQ,NO_IRQ","NONE,DELTA,NONE,NONE",
19.391190,2026-09-05T19:24:48.411+01:00,1069896,1610504,210,210,True,True,0x02,"NO_IRQ,OK,NO_IRQ,NO_IRQ","NONE,DELTA,NONE,NONE",
19.396376,2026-09-05T19:24:48.415+01:00,1070106,1610505,208,208,True,True,0x02,"NO_IRQ,OK,NO_IRQ,NO_IRQ","NONE,DELTA,NONE,NONE",
19.404957,2026-09-05T19:24:48.420+01:00,1070314,1610506,200,200,True,True,0x02,"NO_IRQ,OK,NO_IRQ,NO_IRQ","NONE,DELTA,NONE,NONE",
19.406018,2026-09-05T19:24:48.429+01:00,1070514,1610507,202,202,True,True,0x02,"NO_IRQ,OK,NO_IRQ,NO_IRQ","NONE,DELTA,NONE,NONE",
19.411840,2026-09-05T19:24:48.430+01:00,1070716,1610508,208,208,True,True,0x02,"NO_IRQ,OK,NO_IRQ,NO_IRQ","NONE,DELTA,NONE,NONE",
19.416058,2026-09-05T19:24:48.436+01:00,1070924,1610509,192,192,True,True,0x02,"NO_IRQ,OK,NO_IRQ,NO_IRQ","NONE,DELTA,NONE,NONE",
19.423283,2026-09-05T19:24:48.440+01:00,1071116,1610510,192,192,True,True,0x02,"NO_IRQ,OK,NO_IRQ,NO_IRQ","NONE,DELTA,NONE,NONE",
19.426060,2026-09-05T19:24:48.447+01:00,1071308,1610511,190,190,True,True,0x02,"NO_IRQ,OK,NO_IRQ,NO_IRQ","NONE,DELTA,NONE,NONE",
19.431338,2026-09-05T19:24:48.450+01:00,1071498,1610512,198,198,True,True,0x02,"NO_IRQ,OK,NO_IRQ,NO_IRQ","NONE,DELTA,NONE,NONE",
19.439913,2026-09-05T19:24:48.455+01:00,1071696,1610513,176,176,True,True,0x02,"NO_IRQ,OK,NO_IRQ,NO_IRQ","NONE,DELTA,NONE,NONE",
19.440896,2026-09-05T19:24:48.463+01:00,1071872,1610514,194,194,True,True,0x02,"NO_IRQ,OK,NO_IRQ,NO_IRQ","NONE,DELTA,NONE,NONE",
19.446078,2026-09-05T19:24:48.464+01:00,1072066,1610515,168,168,True,True,0x02,"NO_IRQ,OK,NO_IRQ,NO_IRQ","NONE,DELTA,NONE,NONE",
19.450854,2026-09-05T19:24:48.470+01:00,1072234,1610516,182,182,True,True,0x02,"NO_IRQ,OK,NO_IRQ,NO_IRQ","NONE,DELTA,NONE,NONE",
19.460749,2026-09-05T19:24:48.474+01:00,1072416,1610517,182,182,True,True,0x02,"NO_IRQ,OK,NO_IRQ,NO_IRQ","NONE,DELTA,NONE,NONE",
19.461941,2026-09-05T19:24:48.484+01:00,1072598,1610518,218,218,True,True,0x02,"NO_IRQ,OK,NO_IRQ,NO_IRQ","NONE,DELTA,NONE,NONE",
19.466087,2026-09-05T19:24:48.485+01:00,1072816,1610519,194,194,True,True,0x02,"NO_IRQ,OK,NO_IRQ,NO_IRQ","NONE,DELTA,NONE,NONE",
19.470651,2026-09-05T19:24:48.490+01:00,1073010,1610520,206,206,True,True,0x02,"NO_IRQ,OK,NO_IRQ,NO_IRQ","NONE,DELTA,NONE,NONE",
19.477933,2026-09-05T19:24:48.494+01:00,1073216,1610521,210,210,True,True,0x02,"NO_IRQ,OK,NO_IRQ,NO_IRQ","NONE,DELTA,NONE,NONE",
19.481152,2026-09-05T19:24:48.502+01:00,1073426,1610522,186,186,True,True,0x02,"NO_IRQ,OK,NO_IRQ,NO_IRQ","NONE,DELTA,NONE,NONE",
19.485663,2026-09-05T19:24:48.505+01:00,1073612,1610523,172,172,True,True,0x02,"NO_IRQ,OK,NO_IRQ,NO_IRQ","NONE,DELTA,NONE,NONE",
19.494772,2026-09-05T19:24:48.509+01:00,1073784,1610524,182,182,True,True,0x02,"NO_IRQ,OK,NO_IRQ,NO_IRQ","NONE,DELTA,NONE,NONE",
19.495625,2026-09-05T19:24:48.518+01:00,1073966,1610525,184,184,True,True,0x02,"NO_IRQ,OK,NO_IRQ,NO_IRQ","NONE,DELTA,NONE,NONE",
19.500852,2026-09-05T19:24:48.519+01:00,1074150,1610526,212,212,True,True,0x02,"NO_IRQ,OK,NO_IRQ,NO_IRQ","NONE,DELTA,NONE,NONE",
19.514437,2026-09-05T19:24:48.524+01:00,1074362,1610527,188,188,True,True,0x02,"NO_IRQ,OK,NO_IRQ,NO_IRQ","NONE,DELTA,NONE,NONE",
19.515230,2026-09-05T19:24:48.538+01:00,1074550,1610528,200,200,True,True,0x02,"NO_IRQ,OK,NO_IRQ,NO_IRQ","NONE,DELTA,NONE,NONE",
19.515781,2026-09-05T19:24:48.539+01:00,1074750,1610529,204,204,True,True,0x02,"NO_IRQ,OK,NO_IRQ,NO_IRQ","NONE,DELTA,NONE,NONE",
19.520829,2026-09-05T19:24:48.539+01:00,1074954,1610530,166,166,True,True,0x02,"NO_IRQ,OK,NO_IRQ,NO_IRQ","NONE,DELTA,NONE,NONE",
19.525947,2026-09-05T19:24:48.544+01:00,1075120,1610531,174,174,True,True,0x02,"NO_IRQ,OK,NO_IRQ,NO_IRQ","NONE,DELTA,NONE,NONE",
19.531942,2026-09-05T19:24:48.552+01:00,1075294,1610532,206,206,True,True,0x02,"NO_IRQ,OK,NO_IRQ,NO_IRQ","NONE,DELTA,NONE,NONE",
19.535597,2026-09-05T19:24:48.556+01:00,1075500,1610533,214,214,True,True,0x02,"NO_IRQ,OK,NO_IRQ,NO_IRQ","NONE,DELTA,NONE,NONE",
19.540468,2026-09-05T19:24:48.559+01:00,1075714,1610534,202,202,True,True,0x02,"NO_IRQ,OK,NO_IRQ,NO_IRQ","NONE,DELTA,NONE,NONE",
19.545625,2026-09-05T19:24:48.564+01:00,1075916,1610535,192,192,True,True,0x02,"NO_IRQ,OK,NO_IRQ,NO_IRQ","NONE,DELTA,NONE,NONE",
19.554274,2026-09-05T19:24:48.569+01:00,1076108,1610536,212,212,True,True,0x02,"NO_IRQ,OK,NO_IRQ,NO_IRQ","NONE,DELTA,NONE,NONE",
19.555490,2026-09-05T19:24:48.578+01:00,1076320,1610537,196,196,True,True,0x02,"NO_IRQ,OK,NO_IRQ,NO_IRQ","NONE,DELTA,NONE,NONE",
19.568318,2026-09-05T19:24:48.579+01:00,1076516,1610538,190,190,True,True,0x02,"NO_IRQ,OK,NO_IRQ,NO_IRQ","NONE,DELTA,NONE,NONE",
19.569057,2026-09-05T19:24:48.592+01:00,1076706,1610539,200,200,True,True,0x02,"NO_IRQ,OK,NO_IRQ,NO_IRQ","NONE,DELTA,NONE,NONE",
19.570591,2026-09-05T19:24:48.593+01:00,1076906,1610540,198,198,True,True,0x02,"NO_IRQ,OK,NO_IRQ,NO_IRQ","NONE,DELTA,NONE,NONE",
19.575560,2026-09-05T19:24:48.594+01:00,1077104,1610541,182,182,True,True,0x02,"NO_IRQ,OK,NO_IRQ,NO_IRQ","NONE,DELTA,NONE,NONE",
19.586269,2026-09-05T19:24:48.599+01:00,1077286,1610542,208,208,True,True,0x02,"NO_IRQ,OK,NO_IRQ,NO_IRQ","NONE,DELTA,NONE,NONE",
19.586900,2026-09-05T19:24:48.610+01:00,1077494,1610543,226,226,True,True,0x02,"NO_IRQ,OK,NO_IRQ,NO_IRQ","NONE,DELTA,NONE,NONE",
19.590814,2026-09-05T19:24:48.610+01:00,1077720,1610544,188,188,True,True,0x02,"NO_IRQ,OK,NO_IRQ,NO_IRQ","NONE,DELTA,NONE,NONE",
19.596084,2026-09-05T19:24:48.614+01:00,1077908,1610545,178,178,True,True,0x02,"NO_IRQ,OK,NO_IRQ,NO_IRQ","NONE,DELTA,NONE,NONE",
19.603444,2026-09-05T19:24:48.620+01:00,1078086,1610546,162,162,True,True,0x02,"NO_IRQ,OK,NO_IRQ,NO_IRQ","NONE,DELTA,NONE,NONE",
19.605562,2026-09-05T19:24:48.627+01:00,1078248,1610547,164,164,True,True,0x02,"NO_IRQ,OK,NO_IRQ,NO_IRQ","NONE,DELTA,NONE,NONE",
19.610657,2026-09-05T19:24:48.629+01:00,1078412,1610548,186,186,True,True,0x02,"NO_IRQ,OK,NO_IRQ,NO_IRQ","NONE,DELTA,NONE,NONE",
19.620685,2026-09-05T19:24:48.635+01:00,1078598,1610549,204,204,True,True,0x02,"NO_IRQ,OK,NO_IRQ,NO_IRQ","NONE,DELTA,NONE,NONE",
19.621370,2026-09-05T19:24:48.644+01:00,1078802,1610550,182,182,True,True,0x02,"NO_IRQ,OK,NO_IRQ,NO_IRQ","NONE,DELTA,NONE,NONE",
19.625760,2026-09-05T19:24:48.645+01:00,1078984,1610551,204,204,True,True,0x02,"NO_IRQ,OK,NO_IRQ,NO_IRQ","NONE,DELTA,NONE,NONE",
19.630801,2026-09-05T19:24:48.649+01:00,1079188,1610552,200,200,True,True,0x02,"NO_IRQ,OK,NO_IRQ,NO_IRQ","NONE,DELTA,NONE,NONE",
19.638487,2026-09-05T19:24:48.654+01:00,1079388,1610553,210,210,True,True,0x02,"NO_IRQ,OK,NO_IRQ,NO_IRQ","NONE,DELTA,NONE,NONE",
19.640279,2026-09-05T19:24:48.662+01:00,1079598,1610554,176,176,True,True,0x02,"NO_IRQ,OK,NO_IRQ,NO_IRQ","NONE,DELTA,NONE,NONE",
19.645815,2026-09-05T19:24:48.664+01:00,1079774,1610555,182,182,True,True,0x02,"NO_IRQ,OK,NO_IRQ,NO_IRQ","NONE,DELTA,NONE,NONE",
19.655576,2026-09-05T19:24:48.670+01:00,1079956,1610556,190,190,True,True,0x02,"NO_IRQ,OK,NO_IRQ,NO_IRQ","NONE,DELTA,NONE,NONE",
19.656157,2026-09-05T19:24:48.679+01:00,1080146,1610557,188,188,True,True,0x02,"NO_IRQ,OK,NO_IRQ,NO_IRQ","NONE,DELTA,NONE,NONE",
19.661466,2026-09-05T19:24:48.680+01:00,1080334,1610558,206,206,True,True,0x02,"NO_IRQ,OK,NO_IRQ,NO_IRQ","NONE,DELTA,NONE,NONE",
19.665661,2026-09-05T19:24:48.685+01:00,1080540,1610559,172,172,True,True,0x02,"NO_IRQ,OK,NO_IRQ,NO_IRQ","NONE,DELTA,NONE,NONE",
19.673218,2026-09-05T19:24:48.689+01:00,1080712,1610560,184,184,True,True,0x02,"NO_IRQ,OK,NO_IRQ,NO_IRQ","NONE,DELTA,NONE,NONE",
19.675696,2026-09-05T19:24:48.697+01:00,1080896,1610561,180,180,True,True,0x02,"NO_IRQ,OK,NO_IRQ,NO_IRQ","NONE,DELTA,NONE,NONE",
19.680719,2026-09-05T19:24:48.699+01:00,1081076,1610562,178,178,True,True,0x02,"NO_IRQ,OK,NO_IRQ,NO_IRQ","NONE,DELTA,NONE,NONE",
19.690458,2026-09-05T19:24:48.705+01:00,1081254,1610563,156,156,True,True,0x02,"NO_IRQ,OK,NO_IRQ,NO_IRQ","NONE,DELTA,NONE,NONE",
19.691065,2026-09-05T19:24:48.714+01:00,1081410,1610564,196,196,True,True,0x02,"NO_IRQ,OK,NO_IRQ,NO_IRQ","NONE,DELTA,NONE,NONE",
19.696072,2026-09-05T19:24:48.715+01:00,1081606,1610565,198,198,True,True,0x02,"NO_IRQ,OK,NO_IRQ,NO_IRQ","NONE,DELTA,NONE,NONE",
19.700353,2026-09-05T19:24:48.720+01:00,1081804,1610566,186,186,True,True,0x02,"NO_IRQ,OK,NO_IRQ,NO_IRQ","NONE,DELTA,NONE,NONE",
19.706116,2026-09-05T19:24:48.724+01:00,1081990,1610567,182,182,True,True,0x02,"NO_IRQ,OK,NO_IRQ,NO_IRQ","NONE,DELTA,NONE,NONE",
19.711105,2026-09-05T19:24:48.730+01:00,1082172,1610568,194,194,True,True,0x02,"NO_IRQ,OK,NO_IRQ,NO_IRQ","NONE,DELTA,NONE,NONE",
19.715308,2026-09-05T19:24:48.735+01:00,1082366,1610569,198,198,True,True,0x02,"NO_IRQ,OK,NO_IRQ,NO_IRQ","NONE,DELTA,NONE,NONE",
19.720231,2026-09-05T19:24:48.739+01:00,1082564,1610570,188,188,True,True,0x02,"NO_IRQ,OK,NO_IRQ,NO_IRQ","NONE,DELTA,NONE,NONE",
19.734287,2026-09-05T19:24:48.744+01:00,1082752,1610571,224,224,True,True,0x02,"NO_IRQ,OK,NO_IRQ,NO_IRQ","NONE,DELTA,NONE,NONE",
19.734997,2026-09-05T19:24:48.758+01:00,1082976,1610572,198,198,True,True,0x02,"NO_IRQ,OK,NO_IRQ,NO_IRQ","NONE,DELTA,NONE,NONE",
19.735581,2026-09-05T19:24:48.759+01:00,1083174,1610573,178,178,True,True,0x02,"NO_IRQ,OK,NO_IRQ,NO_IRQ","NONE,DELTA,NONE,NONE",
19.740424,2026-09-05T19:24:48.759+01:00,1083352,1610574,184,184,True,True,0x02,"NO_IRQ,OK,NO_IRQ,NO_IRQ","NONE,DELTA,NONE,NONE",
19.745286,2026-09-05T19:24:48.764+01:00,1083536,1610575,188,188,True,True,0x02,"NO_IRQ,OK,NO_IRQ,NO_IRQ","NONE,DELTA,NONE,NONE",
19.752923,2026-09-05T19:24:48.769+01:00,1083724,1610576,206,206,True,True,0x02,"NO_IRQ,OK,NO_IRQ,NO_IRQ","NONE,DELTA,NONE,NONE",
19.755474,2026-09-05T19:24:48.776+01:00,1083930,1610577,186,186,True,True,0x02,"NO_IRQ,OK,NO_IRQ,NO_IRQ","NONE,DELTA,NONE,NONE",
19.760911,2026-09-05T19:24:48.779+01:00,1084116,1610578,168,168,True,True,0x02,"NO_IRQ,OK,NO_IRQ,NO_IRQ","NONE,DELTA,NONE,NONE",
19.770027,2026-09-05T19:24:48.785+01:00,1084284,1610579,210,210,True,True,0x02,"NO_IRQ,OK,NO_IRQ,NO_IRQ","NONE,DELTA,NONE,NONE",
19.770836,2026-09-05T19:24:48.794+01:00,1084494,1610580,170,170,True,True,0x02,"NO_IRQ,OK,NO_IRQ,NO_IRQ","NONE,DELTA,NONE,NONE",
19.775487,2026-09-05T19:24:48.794+01:00,1084664,1610581,198,198,True,True,0x02,"NO_IRQ,OK,NO_IRQ,NO_IRQ","NONE,DELTA,NONE,NONE",
19.780368,2026-09-05T19:24:48.799+01:00,1084862,1610582,204,204,True,True,0x02,"NO_IRQ,OK,NO_IRQ,NO_IRQ","NONE,DELTA,NONE,NONE",
19.788268,2026-09-05T19:24:48.804+01:00,1085066,1610583,198,198,True,True,0x02,"NO_IRQ,OK,NO_IRQ,NO_IRQ","NONE,DELTA,NONE,NONE",
19.790286,2026-09-05T19:24:48.812+01:00,1085264,1610584,200,200,True,True,0x02,"NO_IRQ,OK,NO_IRQ,NO_IRQ","NONE,DELTA,NONE,NONE",
19.795410,2026-09-05T19:24:48.814+01:00,1085464,1610585,202,202,True,True,0x02,"NO_IRQ,OK,NO_IRQ,NO_IRQ","NONE,DELTA,NONE,NONE",
19.805009,2026-09-05T19:24:48.819+01:00,1085666,1610586,196,196,True,True,0x02,"NO_IRQ,OK,NO_IRQ,NO_IRQ","NONE,DELTA,NONE,NONE",
19.805886,2026-09-05T19:24:48.829+01:00,1085862,1610587,198,198,True,True,0x02,"NO_IRQ,OK,NO_IRQ,NO_IRQ","NONE,DELTA,NONE,NONE",
19.810247,2026-09-05T19:24:48.829+01:00,1086060,1610588,206,206,True,True,0x02,"NO_IRQ,OK,NO_IRQ,NO_IRQ","NONE,DELTA,NONE,NONE",
19.815275,2026-09-05T19:24:48.834+01:00,1086266,1610589,216,216,True,True,0x02,"NO_IRQ,OK,NO_IRQ,NO_IRQ","NONE,DELTA,NONE,NONE",
19.823259,2026-09-05T19:24:48.839+01:00,1086482,1610590,200,200,True,True,0x02,"NO_IRQ,OK,NO_IRQ,NO_IRQ","NONE,DELTA,NONE,NONE",
19.825255,2026-09-05T19:24:48.847+01:00,1086682,1610591,196,196,True,True,0x02,"NO_IRQ,OK,NO_IRQ,NO_IRQ","NONE,DELTA,NONE,NONE",
19.830695,2026-09-05T19:24:48.849+01:00,1086878,1610592,214,214,True,True,0x02,"NO_IRQ,OK,NO_IRQ,NO_IRQ","NONE,DELTA,NONE,NONE",
19.840613,2026-09-05T19:24:48.854+01:00,1087092,1610593,178,178,True,True,0x02,"NO_IRQ,OK,NO_IRQ,NO_IRQ","NONE,DELTA,NONE,NONE",
19.841233,2026-09-05T19:24:48.864+01:00,1087270,1610594,202,202,True,True,0x02,"NO_IRQ,OK,NO_IRQ,NO_IRQ","NONE,DELTA,NONE,NONE",
19.845083,2026-09-05T19:24:48.865+01:00,1087472,1610595,188,188,True,True,0x02,"NO_IRQ,OK,NO_IRQ,NO_IRQ","NONE,DELTA,NONE,NONE",
19.850307,2026-09-05T19:24:48.869+01:00,1087660,1610596,206,206,True,True,0x02,"NO_IRQ,OK,NO_IRQ,NO_IRQ","NONE,DELTA,NONE,NONE",
19.857851,2026-09-05T19:24:48.874+01:00,1087866,1610597,208,208,True,True,0x02,"NO_IRQ,OK,NO_IRQ,NO_IRQ","NONE,DELTA,NONE,NONE",
19.860581,2026-09-05T19:24:48.881+01:00,1088074,1610598,222,222,True,True,0x02,"NO_IRQ,OK,NO_IRQ,NO_IRQ","NONE,DELTA,NONE,NONE",
19.865330,2026-09-05T19:24:48.884+01:00,1088296,1610599,206,206,True,True,0x02,"NO_IRQ,OK,NO_IRQ,NO_IRQ","NONE,DELTA,NONE,NONE",
19.870774,2026-09-05T19:24:48.889+01:00,1088502,1610600,230,230,True,True,0x02,"NO_IRQ,OK,NO_IRQ,NO_IRQ","NONE,DELTA,NONE,NONE",
19.874985,2026-09-05T19:24:48.895+01:00,1088732,1610601,214,214,True,True,0x02,"NO_IRQ,OK,NO_IRQ,NO_IRQ","NONE,DELTA,NONE,NONE",
19.880135,2026-09-05T19:24:48.899+01:00,1088946,1610602,222,222,True,True,0x02,"NO_IRQ,OK,NO_IRQ,NO_IRQ","NONE,DELTA,NONE,NONE",
19.884880,2026-09-05T19:24:48.904+01:00,1089168,1610603,198,198,True,True,0x02,"NO_IRQ,OK,NO_IRQ,NO_IRQ","NONE,DELTA,NONE,NONE",
19.897879,2026-09-05T19:24:48.908+01:00,1089366,1610604,236,236,True,True,0x02,"NO_IRQ,OK,NO_IRQ,NO_IRQ","NONE,DELTA,NONE,NONE",
19.898249,2026-09-05T19:24:48.922+01:00,1089602,1610605,178,178,True,True,0x02,"NO_IRQ,OK,NO_IRQ,NO_IRQ","NONE,DELTA,NONE,NONE",
19.911490,2026-09-05T19:24:48.922+01:00,1089780,1610606,204,204,True,True,0x02,"NO_IRQ,OK,NO_IRQ,NO_IRQ","NONE,DELTA,NONE,NONE",
19.912818,2026-09-05T19:24:48.935+01:00,1089984,1610607,206,206,True,True,0x02,"NO_IRQ,OK,NO_IRQ,NO_IRQ","NONE,DELTA,NONE,NONE",
19.913498,2026-09-05T19:24:48.936+01:00,1090190,1610608,230,230,True,True,0x02,"NO_IRQ,OK,NO_IRQ,NO_IRQ","NONE,DELTA,NONE,NONE",
19.915239,2026-09-05T19:24:48.937+01:00,1090420,1610609,244,244,True,True,0x02,"NO_IRQ,OK,NO_IRQ,NO_IRQ","NONE,DELTA,NONE,NONE",
19.920077,2026-09-05T19:24:48.939+01:00,1090664,1610610,264,264,True,True,0x02,"NO_IRQ,OK,NO_IRQ,NO_IRQ","NONE,DELTA,NONE,NONE",
19.930179,2026-09-05T19:24:48.944+01:00,1090928,1610611,260,260,True,True,0x02,"NO_IRQ,OK,NO_IRQ,NO_IRQ","NONE,DELTA,NONE,NONE",
19.930965,2026-09-05T19:24:48.954+01:00,1091188,1610612,396,396,True,True,0x02,"NO_IRQ,OK,NO_IRQ,NO_IRQ","NONE,DELTA,NONE,NONE",
19.935368,2026-09-05T19:24:48.954+01:00,1091584,1610613,378,378,True,True,0x02,"NO_IRQ,OK,NO_IRQ,NO_IRQ","NONE,DELTA,NONE,NONE",
19.947421,2026-09-05T19:24:48.959+01:00,1091962,1610614,404,404,True,True,0x02,"NO_IRQ,OK,NO_IRQ,NO_IRQ","NONE,DELTA,NONE,NONE",
19.948236,2026-09-05T19:24:48.971+01:00,1092366,1610615,374,374,True,True,0x02,"NO_IRQ,OK,NO_IRQ,NO_IRQ","NONE,DELTA,NONE,NONE",
19.950423,2026-09-05T19:24:48.972+01:00,1092740,1610616,442,442,True,True,0x02,"NO_IRQ,OK,NO_IRQ,NO_IRQ","NONE,DELTA,NONE,NONE",
19.955966,2026-09-05T19:24:48.974+01:00,1093182,1610617,512,512,True,True,0x02,"NO_IRQ,OK,NO_IRQ,NO_IRQ","NONE,DELTA,NONE,NONE",
19.966438,2026-09-05T19:24:48.980+01:00,1093694,1610618,556,556,True,True,0x02,"NO_IRQ,OK,NO_IRQ,NO_IRQ","NONE,DELTA,NONE,NONE",
19.967227,2026-09-05T19:24:48.990+01:00,1094250,1610619,534,534,True,True,0x02,"NO_IRQ,OK,NO_IRQ,NO_IRQ","NONE,DELTA,NONE,NONE",
19.970571,2026-09-05T19:24:48.991+01:00,1094784,1610620,574,574,True,True,0x02,"NO_IRQ,OK,NO_IRQ,NO_IRQ","NONE,DELTA,NONE,NONE",
19.975602,2026-09-05T19:24:48.994+01:00,1095358,1610621,540,540,True,True,0x02,"NO_IRQ,OK,NO_IRQ,NO_IRQ","NONE,DELTA,NONE,NONE",
19.983653,2026-09-05T19:24:48.999+01:00,1095898,1610622,548,548,True,True,0x02,"NO_IRQ,OK,NO_IRQ,NO_IRQ","NONE,DELTA,NONE,NONE",
19.985449,2026-09-05T19:24:49.007+01:00,1096446,1610623,602,602,True,True,0x02,"NO_IRQ,OK,NO_IRQ,NO_IRQ","NONE,DELTA,NONE,NONE",
19.990679,2026-09-05T19:24:49.009+01:00,1097048,1610624,674,674,True,True,0x02,"NO_IRQ,OK,NO_IRQ,NO_IRQ","NONE,DELTA,NONE,NONE",
20.001809,2026-09-05T19:24:49.014+01:00,1097722,1610625,644,644,True,True,0x02,"NO_IRQ,OK,NO_IRQ,NO_IRQ","NONE,DELTA,NONE,NONE",
20.002568,2026-09-05T19:24:49.025+01:00,1098366,1610626,644,644,True,True,0x02,"NO_IRQ,OK,NO_IRQ,NO_IRQ","NONE,DELTA,NONE,NONE",
20.005696,2026-09-05T19:24:49.026+01:00,1099010,1610627,610,610,True,True,0x02,"NO_IRQ,OK,NO_IRQ,NO_IRQ","NONE,DELTA,NONE,NONE",
20.011473,2026-09-05T19:24:49.029+01:00,1099620,1610628,666,666,True,True,0x02,"NO_IRQ,OK,NO_IRQ,NO_IRQ","NONE,DELTA,NONE,NONE",
20.020263,2026-09-05T19:24:49.035+01:00,1100286,1610629,662,662,True,True,0x02,"NO_IRQ,OK,NO_IRQ,NO_IRQ","NONE,DELTA,NONE,NONE",
20.021016,2026-09-05T19:24:49.044+01:00,1100948,1610630,656,656,True,True,0x02,"NO_IRQ,OK,NO_IRQ,NO_IRQ","NONE,DELTA,NONE,NONE",
20.025850,2026-09-05T19:24:49.045+01:00,1101604,1610631,670,670,True,True,0x02,"NO_IRQ,OK,NO_IRQ,NO_IRQ","NONE,DELTA,NONE,NONE",
20.031130,2026-09-05T19:24:49.050+01:00,1102274,1610632,642,642,True,True,0x02,"NO_IRQ,OK,NO_IRQ,NO_IRQ","NONE,DELTA,NONE,NONE",
20.038729,2026-09-05T19:24:49.055+01:00,1102916,1610633,654,654,True,True,0x02,"NO_IRQ,OK,NO_IRQ,NO_IRQ","NONE,DELTA,NONE,NONE",
20.041065,2026-09-05T19:24:49.062+01:00,1103570,1610634,664,664,True,True,0x02,"NO_IRQ,OK,NO_IRQ,NO_IRQ","NONE,DELTA,NONE,NONE",
20.046172,2026-09-05T19:24:49.065+01:00,1104234,1610635,618,618,True,True,0x02,"NO_IRQ,OK,NO_IRQ,NO_IRQ","NONE,DELTA,NONE,NONE",
20.051482,2026-09-05T19:24:49.070+01:00,1104852,1610636,588,588,True,True,0x02,"NO_IRQ,OK,NO_IRQ,NO_IRQ","NONE,DELTA,NONE,NONE",
20.055850,2026-09-05T19:24:49.075+01:00,1105440,1610637,562,562,True,True,0x02,"NO_IRQ,OK,NO_IRQ,NO_IRQ","NONE,DELTA,NONE,NONE",
20.061016,2026-09-05T19:24:49.079+01:00,1106002,1610638,580,580,True,True,0x02,"NO_IRQ,OK,NO_IRQ,NO_IRQ","NONE,DELTA,NONE,NONE",
20.066101,2026-09-05T19:24:49.085+01:00,1106582,1610639,536,536,True,True,0x02,"NO_IRQ,OK,NO_IRQ,NO_IRQ","NONE,DELTA,NONE,NONE",
20.070320,2026-09-05T19:24:49.090+01:00,1107118,1610640,490,490,True,True,0x02,"NO_IRQ,OK,NO_IRQ,NO_IRQ","NONE,DELTA,NONE,NONE",
20.083314,2026-09-05T19:24:49.094+01:00,1107608,1610641,474,474,True,True,0x02,"NO_IRQ,OK,NO_IRQ,NO_IRQ","NONE,DELTA,NONE,NONE",
20.084121,2026-09-05T19:24:49.107+01:00,1108082,1610642,486,486,True,True,0x02,"NO_IRQ,OK,NO_IRQ,NO_IRQ","NONE,DELTA,NONE,NONE",
20.085435,2026-09-05T19:24:49.108+01:00,1108568,1610643,500,500,True,True,0x02,"NO_IRQ,OK,NO_IRQ,NO_IRQ","NONE,DELTA,NONE,NONE",
20.090488,2026-09-05T19:24:49.109+01:00,1109068,1610644,450,450,True,True,0x02,"NO_IRQ,OK,NO_IRQ,NO_IRQ","NONE,DELTA,NONE,NONE",
20.101221,2026-09-05T19:24:49.114+01:00,1109518,1610645,400,400,True,True,0x02,"NO_IRQ,OK,NO_IRQ,NO_IRQ","NONE,DELTA,NONE,NONE",
20.101939,2026-09-05T19:24:49.125+01:00,1109918,1610646,390,390,True,True,0x02,"NO_IRQ,OK,NO_IRQ,NO_IRQ","NONE,DELTA,NONE,NONE",
20.105414,2026-09-05T19:24:49.125+01:00,1110308,1610647,372,372,True,True,0x02,"NO_IRQ,OK,NO_IRQ,NO_IRQ","NONE,DELTA,NONE,NONE",
20.111463,2026-09-05T19:24:49.129+01:00,1110680,1610648,1084,1084,True,True,0x02,"NO_IRQ,OK,NO_IRQ,NO_IRQ","NONE,DELTA_SYNC,NONE,NONE",
20.119590,2026-09-05T19:24:49.135+01:00,1111764,1610649,318,318,True,True,0x02,"NO_IRQ,OK,NO_IRQ,NO_IRQ","NONE,DELTA,NONE,NONE",
20.120702,2026-09-05T19:24:49.143+01:00,1112082,1610650,336,336,True,True,0x02,"NO_IRQ,OK,NO_IRQ,NO_IRQ","NONE,DELTA,NONE,NONE",
20.125370,2026-09-05T19:24:49.144+01:00,1112418,1610651,294,294,True,True,0x02,"NO_IRQ,OK,NO_IRQ,NO_IRQ","NONE,DELTA,NONE,NONE",
20.130721,2026-09-05T19:24:49.149+01:00,1112712,1610652,260,260,True,True,0x02,"NO_IRQ,OK,NO_IRQ,NO_IRQ","NONE,DELTA,NONE,NONE",
20.137875,2026-09-05T19:24:49.154+01:00,1112972,1610653,240,240,True,True,0x02,"NO_IRQ,OK,NO_IRQ,NO_IRQ","NONE,DELTA,NONE,NONE",
20.140098,2026-09-05T19:24:49.162+01:00,1113212,1610654,292,292,True,True,0x02,"NO_IRQ,OK,NO_IRQ,NO_IRQ","NONE,DELTA,NONE,NONE",
20.144912,2026-09-05T19:24:49.164+01:00,1113504,1610655,210,210,True,True,0x02,"NO_IRQ,OK,NO_IRQ,NO_IRQ","NONE,DELTA,NONE,NONE",
20.154702,2026-09-05T19:24:49.168+01:00,1113714,1610656,198,198,True,True,0x02,"NO_IRQ,OK,NO_IRQ,NO_IRQ","NONE,DELTA,NONE,NONE",
20.155476,2026-09-05T19:24:49.178+01:00,1113912,1610657,244,244,True,True,0x02,"NO_IRQ,OK,NO_IRQ,NO_IRQ","NONE,DELTA,NONE,NONE",
20.160463,2026-09-05T19:24:49.179+01:00,1114156,1610658,194,194,True,True,0x02,"NO_IRQ,OK,NO_IRQ,NO_IRQ","NONE,DELTA,NONE,NONE",
20.164966,2026-09-05T19:24:49.185+01:00,1114350,1610659,220,220,True,True,0x02,"NO_IRQ,OK,NO_IRQ,NO_IRQ","NONE,DELTA,NONE,NONE",
20.172087,2026-09-05T19:24:49.189+01:00,1114570,1610660,258,258,True,True,0x02,"NO_IRQ,OK,NO_IRQ,NO_IRQ","NONE,DELTA,NONE,NONE",
20.174836,2026-09-05T19:24:49.196+01:00,1114828,1610661,216,216,True,True,0x02,"NO_IRQ,OK,NO_IRQ,NO_IRQ","NONE,DELTA,NONE,NONE",
20.180285,2026-09-05T19:24:49.199+01:00,1115044,1610662,232,232,True,True,0x02,"NO_IRQ,OK,NO_IRQ,NO_IRQ","NONE,DELTA,NONE,NONE",
20.189551,2026-09-05T19:24:49.204+01:00,1115276,1610663,224,224,True,True,0x02,"NO_IRQ,OK,NO_IRQ,NO_IRQ","NONE,DELTA,NONE,NONE",
20.190190,2026-09-05T19:24:49.213+01:00,1115500,1610664,236,236,True,True,0x02,"NO_IRQ,OK,NO_IRQ,NO_IRQ","NONE,DELTA,NONE,NONE",
20.194779,2026-09-05T19:24:49.214+01:00,1115736,1610665,206,206,True,True,0x02,"NO_IRQ,OK,NO_IRQ,NO_IRQ","NONE,DELTA,NONE,NONE",
20.199870,2026-09-05T19:24:49.218+01:00,1115942,1610666,220,220,True,True,0x02,"NO_IRQ,OK,NO_IRQ,NO_IRQ","NONE,DELTA,NONE,NONE",
20.207955,2026-09-05T19:24:49.224+01:00,1116162,1610667,200,200,True,True,0x02,"NO_IRQ,OK,NO_IRQ,NO_IRQ","NONE,DELTA,NONE,NONE",
20.209921,2026-09-05T19:24:49.232+01:00,1116362,1610668,208,208,True,True,0x02,"NO_IRQ,OK,NO_IRQ,NO_IRQ","NONE,DELTA,NONE,NONE",
20.215206,2026-09-05T19:24:49.234+01:00,1116570,1610669,208,208,True,True,0x02,"NO_IRQ,OK,NO_IRQ,NO_IRQ","NONE,DELTA,NONE,NONE",
20.221041,2026-09-05T19:24:49.239+01:00,1116778,1610670,216,216,True,True,0x02,"NO_IRQ,OK,NO_IRQ,NO_IRQ","NONE,DELTA,NONE,NONE",
20.225318,2026-09-05T19:24:49.245+01:00,1116994,1610671,236,236,True,True,0x02,"NO_IRQ,OK,NO_IRQ,NO_IRQ","NONE,DELTA,NONE,NONE",
20.229830,2026-09-05T19:24:49.249+01:00,1117230,1610672,200,200,True,True,0x02,"NO_IRQ,OK,NO_IRQ,NO_IRQ","NONE,DELTA,NONE,NONE",
20.234634,2026-09-05T19:24:49.253+01:00,1117430,1610673,204,204,True,True,0x02,"NO_IRQ,OK,NO_IRQ,NO_IRQ","NONE,DELTA,NONE,NONE",
20.247317,2026-09-05T19:24:49.258+01:00,1117634,1610674,220,220,True,True,0x02,"NO_IRQ,OK,NO_IRQ,NO_IRQ","NONE,DELTA,NONE,NONE",
20.247658,2026-09-05T19:24:49.271+01:00,1117854,1610675,214,214,True,True,0x02,"NO_IRQ,OK,NO_IRQ,NO_IRQ","NONE,DELTA,NONE,NONE",
20.260331,2026-09-05T19:24:49.271+01:00,1118068,1610676,198,198,True,True,0x02,"NO_IRQ,OK,NO_IRQ,NO_IRQ","NONE,DELTA,NONE,NONE",
20.261487,2026-09-05T19:24:49.284+01:00,1118266,1610677,208,208,True,True,0x02,"NO_IRQ,OK,NO_IRQ,NO_IRQ","NONE,DELTA,NONE,NONE",
20.262455,2026-09-05T19:24:49.285+01:00,1118474,1610678,204,204,True,True,0x02,"NO_IRQ,OK,NO_IRQ,NO_IRQ","NONE,DELTA,NONE,NONE",
20.264799,2026-09-05T19:24:49.286+01:00,1118678,1610679,190,190,True,True,0x02,"NO_IRQ,OK,NO_IRQ,NO_IRQ","NONE,DELTA,NONE,NONE",
20.269683,2026-09-05T19:24:49.288+01:00,1118868,1610680,212,212,True,True,0x02,"NO_IRQ,OK,NO_IRQ,NO_IRQ","NONE,DELTA,NONE,NONE",
20.278856,2026-09-05T19:24:49.294+01:00,1119080,1610681,210,210,True,True,0x02,"NO_IRQ,OK,NO_IRQ,NO_IRQ","NONE,DELTA,NONE,NONE",
20.279808,2026-09-05T19:24:49.303+01:00,1119290,1610682,210,210,True,True,0x02,"NO_IRQ,OK,NO_IRQ,NO_IRQ","NONE,DELTA,NONE,NONE",
20.284817,2026-09-05T19:24:49.303+01:00,1119500,1610683,206,206,True,True,0x02,"NO_IRQ,OK,NO_IRQ,NO_IRQ","NONE,DELTA,NONE,NONE",
20.292757,2026-09-05T19:24:49.308+01:00,1119706,1610684,222,222,True,True,0x02,"NO_IRQ,OK,NO_IRQ,NO_IRQ","NONE,DELTA,NONE,NONE",
20.297348,2026-09-05T19:24:49.316+01:00,1119928,1610685,228,228,True,True,0x02,"NO_IRQ,OK,NO_IRQ,NO_IRQ","NONE,DELTA,NONE,NONE",
20.299848,2026-09-05T19:24:49.321+01:00,1120156,1610686,262,262,True,True,0x02,"NO_IRQ,OK,NO_IRQ,NO_IRQ","NONE,DELTA,NONE,NONE",
20.305255,2026-09-05T19:24:49.323+01:00,1120418,1610687,312,312,True,True,0x02,"NO_IRQ,OK,NO_IRQ,NO_IRQ","NONE,DELTA,NONE,NONE",
20.314761,2026-09-05T19:24:49.329+01:00,1120730,1610688,350,350,True,True,0x02,"NO_IRQ,OK,NO_IRQ,NO_IRQ","NONE,DELTA,NONE,NONE",
20.315580,2026-09-05T19:24:49.338+01:00,1121080,1610689,452,452,True,True,0x02,"NO_IRQ,OK,NO_IRQ,NO_IRQ","NONE,DELTA,NONE,NONE",
20.320127,2026-09-05T19:24:49.339+01:00,1121532,1610690,444,444,True,True,0x02,"NO_IRQ,OK,NO_IRQ,NO_IRQ","NONE,DELTA,NONE,NONE",
20.333099,2026-09-05T19:24:49.344+01:00,1121976,1610691,496,496,True,True,0x02,"NO_IRQ,OK,NO_IRQ,NO_IRQ","NONE,DELTA,NONE,NONE",
20.333951,2026-09-05T19:24:49.357+01:00,1122472,1610692,584,584,True,True,0x02,"NO_IRQ,OK,NO_IRQ,NO_IRQ","NONE,DELTA,NONE,NONE",
20.335329,2026-09-05T19:24:49.357+01:00,1123056,1610693,634,634,True,True,0x02,"NO_IRQ,OK,NO_IRQ,NO_IRQ","NONE,DELTA,NONE,NONE",
20.340309,2026-09-05T19:24:49.359+01:00,1123690,1610694,634,634,True,True,0x02,"NO_IRQ,OK,NO_IRQ,NO_IRQ","NONE,DELTA,NONE,NONE",
20.350514,2026-09-05T19:24:49.364+01:00,1124324,1610695,678,678,True,True,0x02,"NO_IRQ,OK,NO_IRQ,NO_IRQ","NONE,DELTA,NONE,NONE",
20.351508,2026-09-05T19:24:49.374+01:00,1125002,1610696,672,672,True,True,0x02,"NO_IRQ,OK,NO_IRQ,NO_IRQ","NONE,DELTA,NONE,NONE",
20.355799,2026-09-05T19:24:49.375+01:00,1125674,1610697,636,636,True,True,0x02,"NO_IRQ,OK,NO_IRQ,NO_IRQ","NONE,DELTA,NONE,NONE",
20.360636,2026-09-05T19:24:49.379+01:00,1126310,1610698,670,670,True,True,0x02,"NO_IRQ,OK,NO_IRQ,NO_IRQ","NONE,DELTA,NONE,NONE",
20.369136,2026-09-05T19:24:49.385+01:00,1126980,1610699,682,682,True,True,0x02,"NO_IRQ,OK,NO_IRQ,NO_IRQ","NONE,DELTA,NONE,NONE",
20.370545,2026-09-05T19:24:49.393+01:00,1127662,1610700,664,664,True,True,0x02,"NO_IRQ,OK,NO_IRQ,NO_IRQ","NONE,DELTA,NONE,NONE",
20.375475,2026-09-05T19:24:49.394+01:00,1128326,1610701,682,682,True,True,0x02,"NO_IRQ,OK,NO_IRQ,NO_IRQ","NONE,DELTA,NONE,NONE",
20.380732,2026-09-05T19:24:49.399+01:00,1129008,1610702,664,664,True,True,0x02,"NO_IRQ,OK,NO_IRQ,NO_IRQ","NONE,DELTA,NONE,NONE",
20.387771,2026-09-05T19:24:49.405+01:00,1129672,1610703,680,680,True,True,0x02,"NO_IRQ,OK,NO_IRQ,NO_IRQ","NONE,DELTA,NONE,NONE",
20.390898,2026-09-05T19:24:49.411+01:00,1130352,1610704,672,672,True,True,0x02,"NO_IRQ,OK,NO_IRQ,NO_IRQ","NONE,DELTA,NONE,NONE",
20.396058,2026-09-05T19:24:49.414+01:00,1131024,1610705,640,640,True,True,0x02,"NO_IRQ,OK,NO_IRQ,NO_IRQ","NONE,DELTA,NONE,NONE",
20.401145,2026-09-05T19:24:49.420+01:00,1131664,1610706,662,662,True,True,0x02,"NO_IRQ,OK,NO_IRQ,NO_IRQ","NONE,DELTA,NONE,NONE",
20.405643,2026-09-05T19:24:49.425+01:00,1132326,1610707,648,648,True,True,0x02,"NO_IRQ,OK,NO_IRQ,NO_IRQ","NONE,DELTA,NONE,NONE",
20.410896,2026-09-05T19:24:49.429+01:00,1132974,1610708,624,624,True,True,0x02,"NO_IRQ,OK,NO_IRQ,NO_IRQ","NONE,DELTA,NONE,NONE",
20.415941,2026-09-05T19:24:49.435+01:00,1133598,1610709,604,604,True,True,0x02,"NO_IRQ,OK,NO_IRQ,NO_IRQ","NONE,DELTA,NONE,NONE",
20.432690,2026-09-05T19:24:49.439+01:00,1134202,1610710,576,576,True,True,0x02,"NO_IRQ,OK,NO_IRQ,NO_IRQ","NONE,DELTA,NONE,NONE",
20.433481,2026-09-05T19:24:49.456+01:00,1134778,1610711,520,520,True,True,0x02,"NO_IRQ,OK,NO_IRQ,NO_IRQ","NONE,DELTA,NONE,NONE",
20.434294,2026-09-05T19:24:49.457+01:00,1135298,1610712,528,528,True,True,0x02,"NO_IRQ,OK,NO_IRQ,NO_IRQ","NONE,DELTA,NONE,NONE",
20.435269,2026-09-05T19:24:49.458+01:00,1135826,1610713,492,492,True,True,0x02,"NO_IRQ,OK,NO_IRQ,NO_IRQ","NONE,DELTA,NONE,NONE",
20.440973,2026-09-05T19:24:49.459+01:00,1136318,1610714,498,498,True,True,0x02,"NO_IRQ,OK,NO_IRQ,NO_IRQ","NONE,DELTA,NONE,NONE",
20.451447,2026-09-05T19:24:49.465+01:00,1136816,1610715,500,500,True,True,0x02,"NO_IRQ,OK,NO_IRQ,NO_IRQ","NONE,DELTA,NONE,NONE",
20.452153,2026-09-05T19:24:49.475+01:00,1137316,1610716,490,490,True,True,0x02,"NO_IRQ,OK,NO_IRQ,NO_IRQ","NONE,DELTA,NONE,NONE",
20.455827,2026-09-05T19:24:49.476+01:00,1137806,1610717,532,532,True,True,0x02,"NO_IRQ,OK,NO_IRQ,NO_IRQ","NONE,DELTA,NONE,NONE",
20.460989,2026-09-05T19:24:49.480+01:00,1138338,1610718,488,488,True,True,0x02,"NO_IRQ,OK,NO_IRQ,NO_IRQ","NONE,DELTA,NONE,NONE",
20.469265,2026-09-05T19:24:49.485+01:00,1138826,1610719,488,488,True,True,0x02,"NO_IRQ,OK,NO_IRQ,NO_IRQ","NONE,DELTA,NONE,NONE",
20.470459,2026-09-05T19:24:49.493+01:00,1139314,1610720,464,464,True,True,0x02,"NO_IRQ,OK,NO_IRQ,NO_IRQ","NONE,DELTA,NONE,NONE",
20.475563,2026-09-05T19:24:49.494+01:00,1139778,1610721,438,438,True,True,0x02,"NO_IRQ,OK,NO_IRQ,NO_IRQ","NONE,DELTA,NONE,NONE",
20.480568,2026-09-05T19:24:49.499+01:00,1140216,1610722,472,472,True,True,0x02,"NO_IRQ,OK,NO_IRQ,NO_IRQ","NONE,DELTA,NONE,NONE",
20.487507,2026-09-05T19:24:49.504+01:00,1140688,1610723,480,480,True,True,0x02,"NO_IRQ,OK,NO_IRQ,NO_IRQ","NONE,DELTA,NONE,NONE",
20.490623,2026-09-05T19:24:49.511+01:00,1141168,1610724,500,500,True,True,0x02,"NO_IRQ,OK,NO_IRQ,NO_IRQ","NONE,DELTA,NONE,NONE",
20.495625,2026-09-05T19:24:49.514+01:00,1141668,1610725,488,488,True,True,0x02,"NO_IRQ,OK,NO_IRQ,NO_IRQ","NONE,DELTA,NONE,NONE",
20.506620,2026-09-05T19:24:49.519+01:00,1142156,1610726,496,496,True,True,0x02,"NO_IRQ,OK,NO_IRQ,NO_IRQ","NONE,DELTA,NONE,NONE",
20.507402,2026-09-05T19:24:49.530+01:00,1142652,1610727,406,406,True,True,0x02,"NO_IRQ,OK,NO_IRQ,NO_IRQ","NONE,DELTA,NONE,NONE",
20.510581,2026-09-05T19:24:49.531+01:00,1143058,1610728,364,364,True,True,0x02,"NO_IRQ,OK,NO_IRQ,NO_IRQ","NONE,DELTA,NONE,NONE",
20.515360,2026-09-05T19:24:49.534+01:00,1143422,1610729,316,316,True,True,0x02,"NO_IRQ,OK,NO_IRQ,NO_IRQ","NONE,DELTA,NONE,NONE",
20.524977,2026-09-05T19:24:49.539+01:00,1143738,1610730,306,306,True,True,0x02,"NO_IRQ,OK,NO_IRQ,NO_IRQ","NONE,DELTA,NONE,NONE",
20.525716,2026-09-05T19:24:49.549+01:00,1144044,1610731,282,282,True,True,0x02,"NO_IRQ,OK,NO_IRQ,NO_IRQ","NONE,DELTA,NONE,NONE",
20.530031,2026-09-05T19:24:49.549+01:00,1144326,1610732,224,224,True,True,0x02,"NO_IRQ,OK,NO_IRQ,NO_IRQ","NONE,DELTA,NONE,NONE",
20.534824,2026-09-05T19:24:49.554+01:00,1144550,1610733,234,234,True,True,0x02,"NO_IRQ,OK,NO_IRQ,NO_IRQ","NONE,DELTA,NONE,NONE",
20.544058,2026-09-05T19:24:49.558+01:00,1144784,1610734,234,234,True,True,0x02,"NO_IRQ,OK,NO_IRQ,NO_IRQ","NONE,DELTA,NONE,NONE",
20.545684,2026-09-05T19:24:49.568+01:00,1145018,1610735,232,232,True,True,0x02,"NO_IRQ,OK,NO_IRQ,NO_IRQ","NONE,DELTA,NONE,NONE",
20.549902,2026-09-05T19:24:49.569+01:00,1145250,1610736,182,182,True,True,0x02,"NO_IRQ,OK,NO_IRQ,NO_IRQ","NONE,DELTA,NONE,NONE",
20.555339,2026-09-05T19:24:49.574+01:00,1145432,1610737,200,200,True,True,0x02,"NO_IRQ,OK,NO_IRQ,NO_IRQ","NONE,DELTA,NONE,NONE",
20.563686,2026-09-05T19:24:49.579+01:00,1145632,1610738,188,188,True,True,0x02,"NO_IRQ,OK,NO_IRQ,NO_IRQ","NONE,DELTA,NONE,NONE",
20.564894,2026-09-05T19:24:49.588+01:00,1145820,1610739,220,220,True,True,0x02,"NO_IRQ,OK,NO_IRQ,NO_IRQ","NONE,DELTA,NONE,NONE",
20.570047,2026-09-05T19:24:49.588+01:00,1146040,1610740,242,242,True,True,0x02,"NO_IRQ,OK,NO_IRQ,NO_IRQ","NONE,DELTA,NONE,NONE",
20.575199,2026-09-05T19:24:49.594+01:00,1146282,1610741,224,224,True,True,0x02,"NO_IRQ,OK,NO_IRQ,NO_IRQ","NONE,DELTA,NONE,NONE",
20.580309,2026-09-05T19:24:49.599+01:00,1146506,1610742,182,182,True,True,0x02,"NO_IRQ,OK,NO_IRQ,NO_IRQ","NONE,DELTA,NONE,NONE",
20.584535,2026-09-05T19:24:49.604+01:00,1146688,1610743,214,214,True,True,0x02,"NO_IRQ,OK,NO_IRQ,NO_IRQ","NONE,DELTA,NONE,NONE",
20.589464,2026-09-05T19:24:49.608+01:00,1146902,1610744,214,214,True,True,0x02,"NO_IRQ,OK,NO_IRQ,NO_IRQ","NONE,DELTA,NONE,NONE",
20.601100,2026-09-05T19:24:49.613+01:00,1147116,1610745,212,212,True,True,0x02,"NO_IRQ,OK,NO_IRQ,NO_IRQ","NONE,DELTA,NONE,NONE",
20.601547,2026-09-05T19:24:49.625+01:00,1147328,1610746,232,232,True,True,0x02,"NO_IRQ,OK,NO_IRQ,NO_IRQ","NONE,DELTA,NONE,NONE",
20.615032,2026-09-05T19:24:49.625+01:00,1147560,1610747,208,208,True,True,0x02,"NO_IRQ,OK,NO_IRQ,NO_IRQ","NONE,DELTA,NONE,NONE",
20.615747,2026-09-05T19:24:49.639+01:00,1147768,1610748,202,202,True,True,0x02,"NO_IRQ,OK,NO_IRQ,NO_IRQ","NONE,DELTA,NONE,NONE",
20.616652,2026-09-05T19:24:49.639+01:00,1147970,1610749,224,224,True,True,0x02,"NO_IRQ,OK,NO_IRQ,NO_IRQ","NONE,DELTA,NONE,NONE",
20.619846,2026-09-05T19:24:49.640+01:00,1148194,1610750,210,210,True,True,0x02,"NO_IRQ,OK,NO_IRQ,NO_IRQ","NONE,DELTA,NONE,NONE",
20.624538,2026-09-05T19:24:49.643+01:00,1148404,1610751,202,202,True,True,0x02,"NO_IRQ,OK,NO_IRQ,NO_IRQ","NONE,DELTA,NONE,NONE",
20.632737,2026-09-05T19:24:49.648+01:00,1148606,1610752,220,220,True,True,0x02,"NO_IRQ,OK,NO_IRQ,NO_IRQ","NONE,DELTA,NONE,NONE",
20.634458,2026-09-05T19:24:49.657+01:00,1148826,1610753,202,202,True,True,0x02,"NO_IRQ,OK,NO_IRQ,NO_IRQ","NONE,DELTA,NONE,NONE",
20.639990,2026-09-05T19:24:49.658+01:00,1149028,1610754,210,210,True,True,0x02,"NO_IRQ,OK,NO_IRQ,NO_IRQ","NONE,DELTA,NONE,NONE",
20.651210,2026-09-05T19:24:49.664+01:00,1149238,1610755,224,224,True,True,0x02,"NO_IRQ,OK,NO_IRQ,NO_IRQ","NONE,DELTA,NONE,NONE",
20.651940,2026-09-05T19:24:49.675+01:00,1149462,1610756,210,210,True,True,0x02,"NO_IRQ,OK,NO_IRQ,NO_IRQ","NONE,DELTA,NONE,NONE",
20.654829,2026-09-05T19:24:49.676+01:00,1149672,1610757,198,198,True,True,0x02,"NO_IRQ,OK,NO_IRQ,NO_IRQ","NONE,DELTA,NONE,NONE",
20.660445,2026-09-05T19:24:49.678+01:00,1149870,1610758,206,206,True,True,0x02,"NO_IRQ,OK,NO_IRQ,NO_IRQ","NONE,DELTA,NONE,NONE",
20.670905,2026-09-05T19:24:49.684+01:00,1150076,1610759,210,210,True,True,0x02,"NO_IRQ,OK,NO_IRQ,NO_IRQ","NONE,DELTA,NONE,NONE",
20.672043,2026-09-05T19:24:49.695+01:00,1150286,1610760,208,208,True,True,0x02,"NO_IRQ,OK,NO_IRQ,NO_IRQ","NONE,DELTA,NONE,NONE",
20.674947,2026-09-05T19:24:49.696+01:00,1150494,1610761,194,194,True,True,0x02,"NO_IRQ,OK,NO_IRQ,NO_IRQ","NONE,DELTA,NONE,NONE",
20.679697,2026-09-05T19:24:49.699+01:00,1150688,1610762,198,198,True,True,0x02,"NO_IRQ,OK,NO_IRQ,NO_IRQ","NONE,DELTA,NONE,NONE",
20.690094,2026-09-05T19:24:49.703+01:00,1150886,1610763,200,200,True,True,0x02,"NO_IRQ,OK,NO_IRQ,NO_IRQ","NONE,DELTA,NONE,NONE",
20.690914,2026-09-05T19:24:49.714+01:00,1151086,1610764,184,184,True,True,0x02,"NO_IRQ,OK,NO_IRQ,NO_IRQ","NONE,DELTA,NONE,NONE",
20.695141,2026-09-05T19:24:49.714+01:00,1151270,1610765,194,194,True,True,0x02,"NO_IRQ,OK,NO_IRQ,NO_IRQ","NONE,DELTA,NONE,NONE",
20.699900,2026-09-05T19:24:49.719+01:00,1151464,1610766,202,202,True,True,0x02,"NO_IRQ,OK,NO_IRQ,NO_IRQ","NONE,DELTA,NONE,NONE",
20.709315,2026-09-05T19:24:49.723+01:00,1151666,1610767,198,198,True,True,0x02,"NO_IRQ,OK,NO_IRQ,NO_IRQ","NONE,DELTA,NONE,NONE",
20.709778,2026-09-05T19:24:49.733+01:00,1151864,1610768,216,216,True,True,0x02,"NO_IRQ,OK,NO_IRQ,NO_IRQ","NONE,DELTA,NONE,NONE",
20.714586,2026-09-05T19:24:49.733+01:00,1152080,1610769,176,176,True,True,0x02,"NO_IRQ,OK,NO_IRQ,NO_IRQ","NONE,DELTA,NONE,NONE",
20.719511,2026-09-05T19:24:49.738+01:00,1152256,1610770,200,200,True,True,0x02,"NO_IRQ,OK,NO_IRQ,NO_IRQ","NONE,DELTA,NONE,NONE",
20.728094,2026-09-05T19:24:49.743+01:00,1152456,1610771,216,216,True,True,0x02,"NO_IRQ,OK,NO_IRQ,NO_IRQ","NONE,DELTA,NONE,NONE",
20.729547,2026-09-05T19:24:49.752+01:00,1152672,1610772,194,194,True,True,0x02,"NO_IRQ,OK,NO_IRQ,NO_IRQ","NONE,DELTA,NONE,NONE",
20.734607,2026-09-05T19:24:49.753+01:00,1152866,1610773,210,210,True,True,0x02,"NO_IRQ,OK,NO_IRQ,NO_IRQ","NONE,DELTA,NONE,NONE",
20.745676,2026-09-05T19:24:49.758+01:00,1153076,1610774,192,192,True,True,0x02,"NO_IRQ,OK,NO_IRQ,NO_IRQ","NONE,DELTA,NONE,NONE",
20.746392,2026-09-05T19:24:49.769+01:00,1153268,1610775,208,208,True,True,0x02,"NO_IRQ,OK,NO_IRQ,NO_IRQ","NONE,DELTA,NONE,NONE",
20.749418,2026-09-05T19:24:49.770+01:00,1153476,1610776,198,198,True,True,0x02,"NO_IRQ,OK,NO_IRQ,NO_IRQ","NONE,DELTA,NONE,NONE",
20.754280,2026-09-05T19:24:49.773+01:00,1153674,1610777,190,190,True,True,0x02,"NO_IRQ,OK,NO_IRQ,NO_IRQ","NONE,DELTA,NONE,NONE",
20.760633,2026-09-05T19:24:49.778+01:00,1153864,1610778,214,214,True,True,0x02,"NO_IRQ,OK,NO_IRQ,NO_IRQ","NONE,DELTA,NONE,NONE",
20.764737,2026-09-05T19:24:49.784+01:00,1154078,1610779,160,160,True,True,0x02,"NO_IRQ,OK,NO_IRQ,NO_IRQ","NONE,DELTA,NONE,NONE",
20.769132,2026-09-05T19:24:49.789+01:00,1154238,1610780,192,192,True,True,0x02,"NO_IRQ,OK,NO_IRQ,NO_IRQ","NONE,DELTA,NONE,NONE",
20.774184,2026-09-05T19:24:49.793+01:00,1154430,1610781,212,212,True,True,0x02,"NO_IRQ,OK,NO_IRQ,NO_IRQ","NONE,DELTA,NONE,NONE",
20.791507,2026-09-05T19:24:49.798+01:00,1154642,1610782,190,190,True,True,0x02,"NO_IRQ,OK,NO_IRQ,NO_IRQ","NONE,DELTA,NONE,NONE",
20.792244,2026-09-05T19:24:49.815+01:00,1154832,1610783,180,180,True,True,0x02,"NO_IRQ,OK,NO_IRQ,NO_IRQ","NONE,DELTA,NONE,NONE",
20.794086,2026-09-05T19:24:49.816+01:00,1155012,1610784,216,216,True,True,0x02,"NO_IRQ,OK,NO_IRQ,NO_IRQ","NONE,DELTA,NONE,NONE",
20.794955,2026-09-05T19:24:49.818+01:00,1155228,1610785,208,208,True,True,0x02,"NO_IRQ,OK,NO_IRQ,NO_IRQ","NONE,DELTA,NONE,NONE",
20.799411,2026-09-05T19:24:49.818+01:00,1155436,1610786,178,178,True,True,0x02,"NO_IRQ,OK,NO_IRQ,NO_IRQ","NONE,DELTA,NONE,NONE",
20.810139,2026-09-05T19:24:49.823+01:00,1155614,1610787,194,194,True,True,0x02,"NO_IRQ,OK,NO_IRQ,NO_IRQ","NONE,DELTA,NONE,NONE",
20.810811,2026-09-05T19:24:49.834+01:00,1155808,1610788,198,198,True,True,0x02,"NO_IRQ,OK,NO_IRQ,NO_IRQ","NONE,DELTA,NONE,NONE",
20.814417,2026-09-05T19:24:49.834+01:00,1156006,1610789,224,224,True,True,0x02,"NO_IRQ,OK,NO_IRQ,NO_IRQ","NONE,DELTA,NONE,NONE",
20.819313,2026-09-05T19:24:49.838+01:00,1156230,1610790,186,186,True,True,0x02,"NO_IRQ,OK,NO_IRQ,NO_IRQ","NONE,DELTA,NONE,NONE",
20.828654,2026-09-05T19:24:49.843+01:00,1156416,1610791,198,198,True,True,0x02,"NO_IRQ,OK,NO_IRQ,NO_IRQ","NONE,DELTA,NONE,NONE",
20.829740,2026-09-05T19:24:49.852+01:00,1156614,1610792,170,170,True,True,0x02,"NO_IRQ,OK,NO_IRQ,NO_IRQ","NONE,DELTA,NONE,NONE",
20.834590,2026-09-05T19:24:49.853+01:00,1156784,1610793,216,216,True,True,0x02,"NO_IRQ,OK,NO_IRQ,NO_IRQ","NONE,DELTA,NONE,NONE",
20.839363,2026-09-05T19:24:49.858+01:00,1157000,1610794,226,226,True,True,0x02,"NO_IRQ,OK,NO_IRQ,NO_IRQ","NONE,DELTA,NONE,NONE",
20.846962,2026-09-05T19:24:49.863+01:00,1157226,1610795,208,208,True,True,0x02,"NO_IRQ,OK,NO_IRQ,NO_IRQ","NONE,DELTA,NONE,NONE",
20.849244,2026-09-05T19:24:49.871+01:00,1157434,1610796,194,194,True,True,0x02,"NO_IRQ,OK,NO_IRQ,NO_IRQ","NONE,DELTA,NONE,NONE",
20.854329,2026-09-05T19:24:49.873+01:00,1157628,1610797,180,180,True,True,0x02,"NO_IRQ,OK,NO_IRQ,NO_IRQ","NONE,DELTA,NONE,NONE",
20.864568,2026-09-05T19:24:49.878+01:00,1157808,1610798,214,214,True,True,0x02,"NO_IRQ,OK,NO_IRQ,NO_IRQ","NONE,DELTA,NONE,NONE",
20.865329,2026-09-05T19:24:49.888+01:00,1158022,1610799,186,186,True,True,0x02,"NO_IRQ,OK,NO_IRQ,NO_IRQ","NONE,DELTA,NONE,NONE",
20.869344,2026-09-05T19:24:49.889+01:00,1158208,1610800,226,226,True,True,0x02,"NO_IRQ,OK,NO_IRQ,NO_IRQ","NONE,DELTA,NONE,NONE",
20.873981,2026-09-05T19:24:49.893+01:00,1158434,1610801,216,216,True,True,0x02,"NO_IRQ,OK,NO_IRQ,NO_IRQ","NONE,DELTA,NONE,NONE",
20.881461,2026-09-05T19:24:49.898+01:00,1158650,1610802,206,206,True,True,0x02,"NO_IRQ,OK,NO_IRQ,NO_IRQ","NONE,DELTA,NONE,NONE",
20.884384,2026-09-05T19:24:49.905+01:00,1158856,1610803,180,180,True,True,0x02,"NO_IRQ,OK,NO_IRQ,NO_IRQ","NONE,DELTA,NONE,NONE",
20.889370,2026-09-05T19:24:49.908+01:00,1159036,1610804,202,202,True,True,0x02,"NO_IRQ,OK,NO_IRQ,NO_IRQ","NONE,DELTA,NONE,NONE",
20.899963,2026-09-05T19:24:49.913+01:00,1159238,1610805,182,182,True,True,0x02,"NO_IRQ,OK,NO_IRQ,NO_IRQ","NONE,DELTA,NONE,NONE",
20.901053,2026-09-05T19:24:49.924+01:00,1159420,1610806,188,188,True,True,0x02,"NO_IRQ,OK,NO_IRQ,NO_IRQ","NONE,DELTA,NONE,NONE",
20.904231,2026-09-05T19:24:49.925+01:00,1159608,1610807,218,218,True,True,0x02,"NO_IRQ,OK,NO_IRQ,NO_IRQ","NONE,DELTA,NONE,NONE",
20.908971,2026-09-05T19:24:49.928+01:00,1159826,1610808,214,214,True,True,0x02,"NO_IRQ,OK,NO_IRQ,NO_IRQ","NONE,DELTA,NONE,NONE",
20.918682,2026-09-05T19:24:49.933+01:00,1160040,1610809,182,182,True,True,0x02,"NO_IRQ,OK,NO_IRQ,NO_IRQ","NONE,DELTA,NONE,NONE",
20.919471,2026-09-05T19:24:49.942+01:00,1160222,1610810,204,204,True,True,0x02,"NO_IRQ,OK,NO_IRQ,NO_IRQ","NONE,DELTA,NONE,NONE",
20.924193,2026-09-05T19:24:49.943+01:00,1160426,1610811,214,214,True,True,0x02,"NO_IRQ,OK,NO_IRQ,NO_IRQ","NONE,DELTA,NONE,NONE",
20.929202,2026-09-05T19:24:49.948+01:00,1160640,1610812,190,190,True,True,0x02,"NO_IRQ,OK,NO_IRQ,NO_IRQ","NONE,DELTA,NONE,NONE",
20.935001,2026-09-05T19:24:49.953+01:00,1160830,1610813,202,202,True,True,0x02,"NO_IRQ,OK,NO_IRQ,NO_IRQ","NONE,DELTA,NONE,NONE",
20.939015,2026-09-05T19:24:49.959+01:00,1161032,1610814,198,198,True,True,0x02,"NO_IRQ,OK,NO_IRQ,NO_IRQ","NONE,DELTA,NONE,NONE",
20.945492,2026-09-05T19:24:49.963+01:00,1161230,1610815,184,184,True,True,0x02,"NO_IRQ,OK,NO_IRQ,NO_IRQ","NONE,DELTA,NONE,NONE",
20.948911,2026-09-05T19:24:49.969+01:00,1161414,1610816,198,198,True,True,0x02,"NO_IRQ,OK,NO_IRQ,NO_IRQ","NONE,DELTA,NONE,NONE",
20.960715,2026-09-05T19:24:49.972+01:00,1161612,1610817,212,212,True,True,0x02,"NO_IRQ,OK,NO_IRQ,NO_IRQ","NONE,DELTA,NONE,NONE",
20.961144,2026-09-05T19:24:49.984+01:00,1161824,1610818,202,202,True,True,0x02,"NO_IRQ,OK,NO_IRQ,NO_IRQ","NONE,DELTA,NONE,NONE",
20.974487,2026-09-05T19:24:49.985+01:00,1162026,1610819,220,220,True,True,0x02,"NO_IRQ,OK,NO_IRQ,NO_IRQ","NONE,DELTA,NONE,NONE",
20.975342,2026-09-05T19:24:49.998+01:00,1162246,1610820,172,172,True,True,0x02,"NO_IRQ,OK,NO_IRQ,NO_IRQ","NONE,DELTA,NONE,NONE",
20.975929,2026-09-05T19:24:49.999+01:00,1162418,1610821,182,182,True,True,0x02,"NO_IRQ,OK,NO_IRQ,NO_IRQ","NONE,DELTA,NONE,NONE",
20.979171,2026-09-05T19:24:49.999+01:00,1162600,1610822,200,200,True,True,0x02,"NO_IRQ,OK,NO_IRQ,NO_IRQ","NONE,DELTA,NONE,NONE",
20.984131,2026-09-05T19:24:50.003+01:00,1162800,1610823,216,216,True,True,0x02,"NO_IRQ,OK,NO_IRQ,NO_IRQ","NONE,DELTA,NONE,NONE",
20.991979,2026-09-05T19:24:50.008+01:00,1163016,1610824,182,182,True,True,0x02,"NO_IRQ,OK,NO_IRQ,NO_IRQ","NONE,DELTA,NONE,NONE",
20.994548,2026-09-05T19:24:50.016+01:00,1163198,1610825,198,198,True,True,0x02,"NO_IRQ,OK,NO_IRQ,NO_IRQ","NONE,DELTA,NONE,NONE",
20.999077,2026-09-05T19:24:50.018+01:00,1163396,1610826,196,196,True,True,0x02,"NO_IRQ,OK,NO_IRQ,NO_IRQ","NONE,DELTA,NONE,NONE",
21.007951,2026-09-05T19:24:50.023+01:00,1163592,1610827,206,206,True,True,0x02,"NO_IRQ,OK,NO_IRQ,NO_IRQ","NONE,DELTA,NONE,NONE",
21.012257,2026-09-05T19:24:50.035+01:00,1163798,1610828,204,204,True,True,0x02,"NO_IRQ,OK,NO_IRQ,NO_IRQ","NONE,DELTA,NONE,NONE",
21.013812,2026-09-05T19:24:50.036+01:00,1164002,1610829,200,200,True,True,0x02,"NO_IRQ,OK,NO_IRQ,NO_IRQ","NONE,DELTA,NONE,NONE",
21.019053,2026-09-05T19:24:50.037+01:00,1164202,1610830,198,198,True,True,0x02,"NO_IRQ,OK,NO_IRQ,NO_IRQ","NONE,DELTA,NONE,NONE",
21.028986,2026-09-05T19:24:50.043+01:00,1164400,1610831,194,194,True,True,0x02,"NO_IRQ,OK,NO_IRQ,NO_IRQ","NONE,DELTA,NONE,NONE",
21.029730,2026-09-05T19:24:50.053+01:00,1164594,1610832,220,220,True,True,0x02,"NO_IRQ,OK,NO_IRQ,NO_IRQ","NONE,DELTA,NONE,NONE",
21.033831,2026-09-05T19:24:50.053+01:00,1164814,1610833,154,154,True,True,0x02,"NO_IRQ,OK,NO_IRQ,NO_IRQ","NONE,DELTA,NONE,NONE",
21.038845,2026-09-05T19:24:50.057+01:00,1164968,1610834,194,194,True,True,0x02,"NO_IRQ,OK,NO_IRQ,NO_IRQ","NONE,DELTA,NONE,NONE",
21.046251,2026-09-05T19:24:50.062+01:00,1165162,1610835,180,180,True,True,0x02,"NO_IRQ,OK,NO_IRQ,NO_IRQ","NONE,DELTA,NONE,NONE",
21.049062,2026-09-05T19:24:50.070+01:00,1165342,1610836,192,192,True,True,0x02,"NO_IRQ,OK,NO_IRQ,NO_IRQ","NONE,DELTA,NONE,NONE",
21.053791,2026-09-05T19:24:50.073+01:00,1165534,1610837,206,206,True,True,0x02,"NO_IRQ,OK,NO_IRQ,NO_IRQ","NONE,DELTA,NONE,NONE",
21.063758,2026-09-05T19:24:50.077+01:00,1165740,1610838,190,190,True,True,0x02,"NO_IRQ,OK,NO_IRQ,NO_IRQ","NONE,DELTA,NONE,NONE",
21.064774,2026-09-05T19:24:50.087+01:00,1165930,1610839,192,192,True,True,0x02,"NO_IRQ,OK,NO_IRQ,NO_IRQ","NONE,DELTA,NONE,NONE",
21.068959,2026-09-05T19:24:50.088+01:00,1166122,1610840,196,196,True,True,0x02,"NO_IRQ,OK,NO_IRQ,NO_IRQ","NONE,DELTA,NONE,NONE",
21.073632,2026-09-05T19:24:50.093+01:00,1166318,1610841,190,190,True,True,0x02,"NO_IRQ,OK,NO_IRQ,NO_IRQ","NONE,DELTA,NONE,NONE",
21.080982,2026-09-05T19:24:50.097+01:00,1166508,1610842,200,200,True,True,0x02,"NO_IRQ,OK,NO_IRQ,NO_IRQ","NONE,DELTA,NONE,NONE",
21.083674,2026-09-05T19:24:50.105+01:00,1166708,1610843,158,158,True,True,0x02,"NO_IRQ,OK,NO_IRQ,NO_IRQ","NONE,DELTA,NONE,NONE",
21.088812,2026-09-05T19:24:50.107+01:00,1166866,1610844,202,202,True,True,0x02,"NO_IRQ,OK,NO_IRQ,NO_IRQ","NONE,DELTA,NONE,NONE",
21.097826,2026-09-05T19:24:50.112+01:00,1167068,1610845,204,204,True,True,0x02,"NO_IRQ,OK,NO_IRQ,NO_IRQ","NONE,DELTA,NONE,NONE",
21.098818,2026-09-05T19:24:50.121+01:00,1167272,1610846,184,184,True,True,0x02,"NO_IRQ,OK,NO_IRQ,NO_IRQ","NONE,DELTA,NONE,NONE",
21.103760,2026-09-05T19:24:50.122+01:00,1167456,1610847,192,192,True,True,0x02,"NO_IRQ,OK,NO_IRQ,NO_IRQ","NONE,DELTA,NONE,NONE",
21.112978,2026-09-05T19:24:50.127+01:00,1167648,1610848,1084,1084,True,True,0x02,"NO_IRQ,OK,NO_IRQ,NO_IRQ","NONE,DELTA_SYNC,NONE,NONE",
21.114755,2026-09-05T19:24:50.137+01:00,1168732,1610849,250,250,True,True,0x02,"NO_IRQ,OK,NO_IRQ,NO_IRQ","NONE,DELTA,NONE,NONE",
21.118780,2026-09-05T19:24:50.138+01:00,1168982,1610850,238,238,True,True,0x02,"NO_IRQ,OK,NO_IRQ,NO_IRQ","NONE,DELTA,NONE,NONE",
21.123484,2026-09-05T19:24:50.142+01:00,1169220,1610851,194,194,True,True,0x02,"NO_IRQ,OK,NO_IRQ,NO_IRQ","NONE,DELTA,NONE,NONE",
21.139799,2026-09-05T19:24:50.147+01:00,1169414,1610852,202,202,True,True,0x02,"NO_IRQ,OK,NO_IRQ,NO_IRQ","NONE,DELTA,NONE,NONE",
21.140622,2026-09-05T19:24:50.163+01:00,1169616,1610853,204,204,True,True,0x02,"NO_IRQ,OK,NO_IRQ,NO_IRQ","NONE,DELTA,NONE,NONE",
21.141168,2026-09-05T19:24:50.164+01:00,1169820,1610854,210,210,True,True,0x02,"NO_IRQ,OK,NO_IRQ,NO_IRQ","NONE,DELTA,NONE,NONE",
21.144443,2026-09-05T19:24:50.165+01:00,1170030,1610855,170,170,True,True,0x02,"NO_IRQ,OK,NO_IRQ,NO_IRQ","NONE,DELTA,NONE,NONE",
21.149122,2026-09-05T19:24:50.168+01:00,1170200,1610856,206,206,True,True,0x02,"NO_IRQ,OK,NO_IRQ,NO_IRQ","NONE,DELTA,NONE,NONE",
21.157824,2026-09-05T19:24:50.173+01:00,1170406,1610857,186,186,True,True,0x02,"NO_IRQ,OK,NO_IRQ,NO_IRQ","NONE,DELTA,NONE,NONE",
21.158963,2026-09-05T19:24:50.182+01:00,1170592,1610858,208,208,True,True,0x02,"NO_IRQ,OK,NO_IRQ,NO_IRQ","NONE,DELTA,NONE,NONE",
21.163664,2026-09-05T19:24:50.183+01:00,1170800,1610859,180,180,True,True,0x02,"NO_IRQ,OK,NO_IRQ,NO_IRQ","NONE,DELTA,NONE,NONE",
21.168496,2026-09-05T19:24:50.188+01:00,1170980,1610860,148,148,True,True,0x02,"NO_IRQ,OK,NO_IRQ,NO_IRQ","NONE,DELTA,NONE,NONE",
21.175558,2026-09-05T19:24:50.192+01:00,1171128,1610861,178,178,True,True,0x02,"NO_IRQ,OK,NO_IRQ,NO_IRQ","NONE,DELTA,NONE,NONE",
21.178824,2026-09-05T19:24:50.199+01:00,1171306,1610862,194,194,True,True,0x02,"NO_IRQ,OK,NO_IRQ,NO_IRQ","NONE,DELTA,NONE,NONE",
21.183695,2026-09-05T19:24:50.203+01:00,1171500,1610863,182,182,True,True,0x02,"NO_IRQ,OK,NO_IRQ,NO_IRQ","NONE,DELTA,NONE,NONE",
21.192490,2026-09-05T19:24:50.207+01:00,1171682,1610864,206,206,True,True,0x02,"NO_IRQ,OK,NO_IRQ,NO_IRQ","NONE,DELTA,NONE,NONE",
21.193847,2026-09-05T19:24:50.216+01:00,1171888,1610865,218,218,True,True,0x02,"NO_IRQ,OK,NO_IRQ,NO_IRQ","NONE,DELTA,NONE,NONE",
21.198641,2026-09-05T19:24:50.218+01:00,1172106,1610866,168,168,True,True,0x02,"NO_IRQ,OK,NO_IRQ,NO_IRQ","NONE,DELTA,NONE,NONE",
21.203661,2026-09-05T19:24:50.222+01:00,1172274,1610867,166,166,True,True,0x02,"NO_IRQ,OK,NO_IRQ,NO_IRQ","NONE,DELTA,NONE,NONE",
21.210683,2026-09-05T19:24:50.227+01:00,1172440,1610868,174,174,True,True,0x02,"NO_IRQ,OK,NO_IRQ,NO_IRQ","NONE,DELTA,NONE,NONE",
21.213616,2026-09-05T19:24:50.235+01:00,1172614,1610869,198,198,True,True,0x02,"NO_IRQ,OK,NO_IRQ,NO_IRQ","NONE,DELTA,NONE,NONE",
21.218350,2026-09-05T19:24:50.237+01:00,1172812,1610870,206,206,True,True,0x02,"NO_IRQ,OK,NO_IRQ,NO_IRQ","NONE,DELTA,NONE,NONE",
21.228946,2026-09-05T19:24:50.242+01:00,1173018,1610871,198,198,True,True,0x02,"NO_IRQ,OK,NO_IRQ,NO_IRQ","NONE,DELTA,NONE,NONE",
21.229751,2026-09-05T19:24:50.253+01:00,1173216,1610872,200,200,True,True,0x02,"NO_IRQ,OK,NO_IRQ,NO_IRQ","NONE,DELTA,NONE,NONE",
21.233682,2026-09-05T19:24:50.254+01:00,1173416,1610873,206,206,True,True,0x02,"NO_IRQ,OK,NO_IRQ,NO_IRQ","NONE,DELTA,NONE,NONE",
21.238576,2026-09-05T19:24:50.257+01:00,1173622,1610874,192,192,True,True,0x02,"NO_IRQ,OK,NO_IRQ,NO_IRQ","NONE,DELTA,NONE,NONE",
21.247573,2026-09-05T19:24:50.262+01:00,1173814,1610875,186,186,True,True,0x02,"NO_IRQ,OK,NO_IRQ,NO_IRQ","NONE,DELTA,NONE,NONE",
21.248619,2026-09-05T19:24:50.271+01:00,1174000,1610876,218,218,True,True,0x02,"NO_IRQ,OK,NO_IRQ,NO_IRQ","NONE,DELTA,NONE,NONE",
21.253600,2026-09-05T19:24:50.272+01:00,1174218,1610877,180,180,True,True,0x02,"NO_IRQ,OK,NO_IRQ,NO_IRQ","NONE,DELTA,NONE,NONE",
21.264706,2026-09-05T19:24:50.277+01:00,1174398,1610878,196,196,True,True,0x02,"NO_IRQ,OK,NO_IRQ,NO_IRQ","NONE,DELTA,NONE,NONE",
21.266075,2026-09-05T19:24:50.288+01:00,1174594,1610879,180,180,True,True,0x02,"NO_IRQ,OK,NO_IRQ,NO_IRQ","NONE,DELTA,NONE,NONE",
21.269198,2026-09-05T19:24:50.290+01:00,1174774,1610880,226,226,True,True,0x02,"NO_IRQ,OK,NO_IRQ,NO_IRQ","NONE,DELTA,NONE,NONE",
21.274016,2026-09-05T19:24:50.293+01:00,1175000,1610881,206,206,True,True,0x02,"NO_IRQ,OK,NO_IRQ,NO_IRQ","NONE,DELTA,NONE,NONE",
21.279899,2026-09-05T19:24:50.298+01:00,1175206,1610882,180,180,True,True,0x02,"NO_IRQ,OK,NO_IRQ,NO_IRQ","NONE,DELTA,NONE,NONE",
21.284083,2026-09-05T19:24:50.304+01:00,1175386,1610883,204,204,True,True,0x02,"NO_IRQ,OK,NO_IRQ,NO_IRQ","NONE,DELTA,NONE,NONE",
21.288923,2026-09-05T19:24:50.308+01:00,1175590,1610884,212,212,True,True,0x02,"NO_IRQ,OK,NO_IRQ,NO_IRQ","NONE,DELTA,NONE,NONE",
21.293568,2026-09-05T19:24:50.313+01:00,1175802,1610885,214,214,True,True,0x02,"NO_IRQ,OK,NO_IRQ,NO_IRQ","NONE,DELTA,NONE,NONE",
21.298251,2026-09-05T19:24:50.317+01:00,1176016,1610886,202,202,True,True,0x02,"NO_IRQ,OK,NO_IRQ,NO_IRQ","NONE,DELTA,NONE,NONE",
21.310993,2026-09-05T19:24:50.322+01:00,1176218,1610887,204,204,True,True,0x02,"NO_IRQ,OK,NO_IRQ,NO_IRQ","NONE,DELTA,NONE,NONE",
21.311671,2026-09-05T19:24:50.335+01:00,1176422,1610888,212,212,True,True,0x02,"NO_IRQ,OK,NO_IRQ,NO_IRQ","NONE,DELTA,NONE,NONE",
21.319692,2026-09-05T19:24:50.335+01:00,1176634,1610889,204,204,True,True,0x02,"NO_IRQ,OK,NO_IRQ,NO_IRQ","NONE,DELTA,NONE,NONE",
21.325072,2026-09-05T19:24:50.344+01:00,1176838,1610890,194,194,True,True,0x02,"NO_IRQ,OK,NO_IRQ,NO_IRQ","NONE,DELTA,NONE,NONE",
21.325775,2026-09-05T19:24:50.349+01:00,1177032,1610891,214,214,True,True,0x02,"NO_IRQ,OK,NO_IRQ,NO_IRQ","NONE,DELTA,NONE,NONE",
21.328675,2026-09-05T19:24:50.349+01:00,1177246,1610892,214,214,True,True,0x02,"NO_IRQ,OK,NO_IRQ,NO_IRQ","NONE,DELTA,NONE,NONE",
21.333538,2026-09-05T19:24:50.352+01:00,1177460,1610893,194,194,True,True,0x02,"NO_IRQ,OK,NO_IRQ,NO_IRQ","NONE,DELTA,NONE,NONE",
21.342887,2026-09-05T19:24:50.357+01:00,1177654,1610894,206,206,True,True,0x02,"NO_IRQ,OK,NO_IRQ,NO_IRQ","NONE,DELTA,NONE,NONE",
21.344240,2026-09-05T19:24:50.367+01:00,1177860,1610895,192,192,True,True,0x02,"NO_IRQ,OK,NO_IRQ,NO_IRQ","NONE,DELTA,NONE,NONE",
21.348514,2026-09-05T19:24:50.368+01:00,1178052,1610896,184,184,True,True,0x02,"NO_IRQ,OK,NO_IRQ,NO_IRQ","NONE,DELTA,NONE,NONE",
21.353383,2026-09-05T19:24:50.372+01:00,1178236,1610897,202,202,True,True,0x02,"NO_IRQ,OK,NO_IRQ,NO_IRQ","NONE,DELTA,NONE,NONE",
21.361874,2026-09-05T19:24:50.377+01:00,1178438,1610898,216,216,True,True,0x02,"NO_IRQ,OK,NO_IRQ,NO_IRQ","NONE,DELTA,NONE,NONE",
21.364067,2026-09-05T19:24:50.386+01:00,1178654,1610899,214,214,True,True,0x02,"NO_IRQ,OK,NO_IRQ,NO_IRQ","NONE,DELTA,NONE,NONE",
21.368491,2026-09-05T19:24:50.388+01:00,1178868,1610900,192,192,True,True,0x02,"NO_IRQ,OK,NO_IRQ,NO_IRQ","NONE,DELTA,NONE,NONE",
21.379948,2026-09-05T19:24:50.392+01:00,1179060,1610901,212,212,True,True,0x02,"NO_IRQ,OK,NO_IRQ,NO_IRQ","NONE,DELTA,NONE,NONE",
21.380763,2026-09-05T19:24:50.404+01:00,1179272,1610902,232,232,True,True,0x02,"NO_IRQ,OK,NO_IRQ,NO_IRQ","NONE,DELTA,NONE,NONE",
21.383424,2026-09-05T19:24:50.404+01:00,1179504,1610903,204,204,True,True,0x02,"NO_IRQ,OK,NO_IRQ,NO_IRQ","NONE,DELTA,NONE,NONE",
21.388481,2026-09-05T19:24:50.407+01:00,1179708,1610904,166,166,True,True,0x02,"NO_IRQ,OK,NO_IRQ,NO_IRQ","NONE,DELTA,NONE,NONE",
21.399933,2026-09-05T19:24:50.412+01:00,1179874,1610905,214,214,True,True,0x02,"NO_IRQ,OK,NO_IRQ,NO_IRQ","NONE,DELTA,NONE,NONE",
21.400768,2026-09-05T19:24:50.424+01:00,1180088,1610906,298,298,True,True,0x02,"NO_IRQ,OK,NO_IRQ,NO_IRQ","NONE,DELTA,NONE,NONE",
21.403862,2026-09-05T19:24:50.424+01:00,1180386,1610907,300,300,True,True,0x02,"NO_IRQ,OK,NO_IRQ,NO_IRQ","NONE,DELTA,NONE,NONE",
21.409755,2026-09-05T19:24:50.428+01:00,1180686,1610908,336,336,True,True,0x02,"NO_IRQ,OK,NO_IRQ,NO_IRQ","NONE,DELTA,NONE,NONE",
21.413564,2026-09-05T19:24:50.433+01:00,1181022,1610909,328,328,True,True,0x02,"NO_IRQ,OK,NO_IRQ,NO_IRQ","NONE,DELTA,NONE,NONE",
21.421950,2026-09-05T19:24:50.437+01:00,1181350,1610910,340,340,True,True,0x02,"NO_IRQ,OK,NO_IRQ,NO_IRQ","NONE,DELTA,NONE,NONE",
21.423947,2026-09-05T19:24:50.446+01:00,1181690,1610911,328,328,True,True,0x02,"NO_IRQ,OK,NO_IRQ,NO_IRQ","NONE,DELTA,NONE,NONE",
21.428876,2026-09-05T19:24:50.447+01:00,1182018,1610912,342,342,True,True,0x02,"NO_IRQ,OK,NO_IRQ,NO_IRQ","NONE,DELTA,NONE,NONE",
21.433625,2026-09-05T19:24:50.452+01:00,1182360,1610913,376,376,True,True,0x02,"NO_IRQ,OK,NO_IRQ,NO_IRQ","NONE,DELTA,NONE,NONE",
21.442351,2026-09-05T19:24:50.457+01:00,1182736,1610914,362,362,True,True,0x02,"NO_IRQ,OK,NO_IRQ,NO_IRQ","NONE,DELTA,NONE,NONE",
21.443346,2026-09-05T19:24:50.466+01:00,1183098,1610915,374,374,True,True,0x02,"NO_IRQ,OK,NO_IRQ,NO_IRQ","NONE,DELTA,NONE,NONE",
21.448777,2026-09-05T19:24:50.467+01:00,1183472,1610916,368,368,True,True,0x02,"NO_IRQ,OK,NO_IRQ,NO_IRQ","NONE,DELTA,NONE,NONE",
21.453692,2026-09-05T19:24:50.472+01:00,1183840,1610917,378,378,True,True,0x02,"NO_IRQ,OK,NO_IRQ,NO_IRQ","NONE,DELTA,NONE,NONE",
21.462047,2026-09-05T19:24:50.478+01:00,1184218,1610918,400,400,True,True,0x02,"NO_IRQ,OK,NO_IRQ,NO_IRQ","NONE,DELTA,NONE,NONE",
21.463374,2026-09-05T19:24:50.486+01:00,1184618,1610919,388,388,True,True,0x02,"NO_IRQ,OK,NO_IRQ,NO_IRQ","NONE,DELTA,NONE,NONE",
21.468285,2026-09-05T19:24:50.487+01:00,1185006,1610920,362,362,True,True,0x02,"NO_IRQ,OK,NO_IRQ,NO_IRQ","NONE,DELTA,NONE,NONE",
21.473924,2026-09-05T19:24:50.492+01:00,1185368,1610921,382,382,True,True,0x02,"NO_IRQ,OK,NO_IRQ,NO_IRQ","NONE,DELTA,NONE,NONE",
21.479114,2026-09-05T19:24:50.498+01:00,1185750,1610922,416,416,True,True,0x02,"NO_IRQ,OK,NO_IRQ,NO_IRQ","NONE,DELTA,NONE,NONE",
21.483198,2026-09-05T19:24:50.503+01:00,1186166,1610923,388,388,True,True,0x02,"NO_IRQ,OK,NO_IRQ,NO_IRQ","NONE,DELTA,NONE,NONE",
21.488252,2026-09-05T19:24:50.507+01:00,1186554,1610924,434,434,True,True,0x02,"NO_IRQ,OK,NO_IRQ,NO_IRQ","NONE,DELTA,NONE,NONE",
21.493201,2026-09-05T19:24:50.512+01:00,1186988,1610925,466,466,True,True,0x02,"NO_IRQ,OK,NO_IRQ,NO_IRQ","NONE,DELTA,NONE,NONE",
21.504971,2026-09-05T19:24:50.520+01:00,1187454,1610926,492,492,True,True,0x02,"NO_IRQ,OK,NO_IRQ,NO_IRQ","NONE,DELTA,NONE,NONE",
21.505701,2026-09-05T19:24:50.529+01:00,1187946,1610927,434,434,True,True,0x02,"NO_IRQ,OK,NO_IRQ,NO_IRQ","NONE,DELTA,NONE,NONE",
21.508459,2026-09-05T19:24:50.529+01:00,1188380,1610928,452,452,True,True,0x02,"NO_IRQ,OK,NO_IRQ,NO_IRQ","NONE,DELTA,NONE,NONE",
21.513522,2026-09-05T19:24:50.532+01:00,1188832,1610929,500,500,True,True,0x02,"NO_IRQ,OK,NO_IRQ,NO_IRQ","NONE,DELTA,NONE,NONE",
21.522264,2026-09-05T19:24:50.537+01:00,1189332,1610930,504,504,True,True,0x02,"NO_IRQ,OK,NO_IRQ,NO_IRQ","NONE,DELTA,NONE,NONE",
21.523546,2026-09-05T19:24:50.546+01:00,1189836,1610931,532,532,True,True,0x02,"NO_IRQ,OK,NO_IRQ,NO_IRQ","NONE,DELTA,NONE,NONE",
21.528785,2026-09-05T19:24:50.547+01:00,1190368,1610932,542,542,True,True,0x02,"NO_IRQ,OK,NO_IRQ,NO_IRQ","NONE,DELTA,NONE,NONE",
21.539587,2026-09-05T19:24:50.553+01:00,1190910,1610933,510,510,True,True,0x02,"NO_IRQ,OK,NO_IRQ,NO_IRQ","NONE,DELTA,NONE,NONE",
21.540382,2026-09-05T19:24:50.563+01:00,1191420,1610934,546,546,True,True,0x02,"NO_IRQ,OK,NO_IRQ,NO_IRQ","NONE,DELTA,NONE,NONE",
21.543944,2026-09-05T19:24:50.564+01:00,1191966,1610935,598,598,True,True,0x02,"NO_IRQ,OK,NO_IRQ,NO_IRQ","NONE,DELTA,NONE,NONE",
21.548603,2026-09-05T19:24:50.568+01:00,1192564,1610936,582,582,True,True,0x02,"NO_IRQ,OK,NO_IRQ,NO_IRQ","NONE,DELTA,NONE,NONE",
21.557119,2026-09-05T19:24:50.572+01:00,1193146,1610937,578,578,True,True,0x02,"NO_IRQ,OK,NO_IRQ,NO_IRQ","NONE,DELTA,NONE,NONE",
21.558490,2026-09-05T19:24:50.581+01:00,1193724,1610938,558,558,True,True,0x02,"NO_IRQ,OK,NO_IRQ,NO_IRQ","NONE,DELTA,NONE,NONE",
21.563739,2026-09-05T19:24:50.582+01:00,1194282,1610939,572,572,True,True,0x02,"NO_IRQ,OK,NO_IRQ,NO_IRQ","NONE,DELTA,NONE,NONE",
21.574699,2026-09-05T19:24:50.588+01:00,1194854,1610940,568,568,True,True,0x02,"NO_IRQ,OK,NO_IRQ,NO_IRQ","NONE,DELTA,NONE,NONE",
21.575476,2026-09-05T19:24:50.598+01:00,1195422,1610941,538,538,True,True,0x02,"NO_IRQ,OK,NO_IRQ,NO_IRQ","NONE,DELTA,NONE,NONE",
21.578871,2026-09-05T19:24:50.599+01:00,1195960,1610942,534,534,True,True,0x02,"NO_IRQ,OK,NO_IRQ,NO_IRQ","NONE,DELTA,NONE,NONE",
21.583432,2026-09-05T19:24:50.602+01:00,1196494,1610943,522,522,True,True,0x02,"NO_IRQ,OK,NO_IRQ,NO_IRQ","NONE,DELTA,NONE,NONE",
21.593168,2026-09-05T19:24:50.607+01:00,1197016,1610944,536,536,True,True,0x02,"NO_IRQ,OK,NO_IRQ,NO_IRQ","NONE,DELTA,NONE,NONE",
21.594576,2026-09-05T19:24:50.617+01:00,1197552,1610945,560,560,True,True,0x02,"NO_IRQ,OK,NO_IRQ,NO_IRQ","NONE,DELTA,NONE,NONE",
21.599012,2026-09-05T19:24:50.618+01:00,1198112,1610946,612,612,True,True,0x02,"NO_IRQ,OK,NO_IRQ,NO_IRQ","NONE,DELTA,NONE,NONE",
21.603843,2026-09-05T19:24:50.623+01:00,1198724,1610947,630,630,True,True,0x02,"NO_IRQ,OK,NO_IRQ,NO_IRQ","NONE,DELTA,NONE,NONE",
21.611037,2026-09-05T19:24:50.627+01:00,1199354,1610948,608,608,True,True,0x02,"NO_IRQ,OK,NO_IRQ,NO_IRQ","NONE,DELTA,NONE,NONE",
21.613488,2026-09-05T19:24:50.635+01:00,1199962,1610949,610,610,True,True,0x02,"NO_IRQ,OK,NO_IRQ,NO_IRQ","NONE,DELTA,NONE,NONE",
21.618661,2026-09-05T19:24:50.637+01:00,1200572,1610950,626,626,True,True,0x02,"NO_IRQ,OK,NO_IRQ,NO_IRQ","NONE,DELTA,NONE,NONE",
21.628688,2026-09-05T19:24:50.642+01:00,1201198,1610951,658,658,True,True,0x02,"NO_IRQ,OK,NO_IRQ,NO_IRQ","NONE,DELTA,NONE,NONE",
21.629657,2026-09-05T19:24:50.653+01:00,1201856,1610952,648,648,True,True,0x02,"NO_IRQ,OK,NO_IRQ,NO_IRQ","NONE,DELTA,NONE,NONE",
21.633552,2026-09-05T19:24:50.653+01:00,1202504,1610953,638,638,True,True,0x02,"NO_IRQ,OK,NO_IRQ,NO_IRQ","NONE,DELTA,NONE,NONE",
21.638496,2026-09-05T19:24:50.657+01:00,1203142,1610954,674,674,True,True,0x02,"NO_IRQ,OK,NO_IRQ,NO_IRQ","NONE,DELTA,NONE,NONE",
21.643979,2026-09-05T19:24:50.662+01:00,1203816,1610955,750,750,True,True,0x02,"NO_IRQ,OK,NO_IRQ,NO_IRQ","NONE,DELTA,NONE,NONE",
21.649002,2026-09-05T19:24:50.668+01:00,1204566,1610956,776,776,True,True,0x02,"NO_IRQ,OK,NO_IRQ,NO_IRQ","NONE,DELTA,NONE,NONE",
21.653978,2026-09-05T19:24:50.673+01:00,1205342,1610957,792,792,True,True,0x02,"NO_IRQ,OK,NO_IRQ,NO_IRQ","NONE,DELTA,NONE,NONE",
21.659302,2026-09-05T19:24:50.678+01:00,1206134,1610958,840,840,True,True,0x02,"NO_IRQ,OK,NO_IRQ,NO_IRQ","NONE,DELTA,NONE,NONE",
21.669395,2026-09-05T19:24:50.683+01:00,1206974,1610959,896,896,True,True,0x02,"NO_IRQ,OK,NO_IRQ,NO_IRQ","NONE,DELTA,NONE,NONE",
21.669931,2026-09-05T19:24:50.693+01:00,1207870,1610960,868,868,True,True,0x02,"NO_IRQ,OK,NO_IRQ,NO_IRQ","NONE,DELTA,NONE,NONE",
21.679772,2026-09-05T19:24:50.693+01:00,1208738,1610961,804,804,True,True,0x02,"NO_IRQ,OK,NO_IRQ,NO_IRQ","NONE,DELTA,NONE,NONE",
21.684571,2026-09-05T19:24:50.705+01:00,1209542,1610962,880,880,True,True,0x02,"NO_IRQ,OK,NO_IRQ,NO_IRQ","NONE,DELTA,NONE,NONE",
21.685976,2026-09-05T19:24:50.708+01:00,1210422,1610963,870,870,True,True,0x02,"NO_IRQ,OK,NO_IRQ,NO_IRQ","NONE,DELTA,NONE,NONE",
21.691470,2026-09-05T19:24:50.710+01:00,1211292,1610964,970,970,True,True,0x02,"NO_IRQ,OK,NO_IRQ,NO_IRQ","NONE,DELTA,NONE,NONE",
21.700801,2026-09-05T19:24:50.715+01:00,1212262,1610965,912,912,True,True,0x02,"NO_IRQ,OK,NO_IRQ,NO_IRQ","NONE,DELTA,NONE,NONE",
21.704173,2026-09-05T19:24:50.727+01:00,1213174,1610966,922,922,True,True,0x02,"NO_IRQ,OK,NO_IRQ,NO_IRQ","NONE,DELTA,NONE,NONE",
21.707611,2026-09-05T19:24:50.728+01:00,1214096,1610967,958,958,True,True,0x02,"NO_IRQ,OK,NO_IRQ,NO_IRQ","NONE,DELTA,NONE,NONE",
21.713057,2026-09-05T19:24:50.731+01:00,1215054,1610968,952,952,True,True,0x02,"NO_IRQ,OK,NO_IRQ,NO_IRQ","NONE,DELTA,NONE,NONE",
21.722121,2026-09-05T19:24:50.737+01:00,1216006,1610969,978,978,True,True,0x02,"NO_IRQ,OK,NO_IRQ,NO_IRQ","NONE,DELTA,NONE,NONE",
21.723572,2026-09-05T19:24:50.746+01:00,1216984,1610970,1002,1002,True,True,0x02,"NO_IRQ,OK,NO_IRQ,NO_IRQ","NONE,DELTA,NONE,NONE",
21.729425,2026-09-05T19:24:50.747+01:00,1217986,1610971,1038,1038,True,True,0x02,"NO_IRQ,OK,NO_IRQ,NO_IRQ","NONE,DELTA,NONE,NONE",
21.740326,2026-09-05T19:24:50.753+01:00,1219024,1610972,946,946,True,True,0x02,"NO_IRQ,OK,NO_IRQ,NO_IRQ","NONE,DELTA,NONE,NONE",
21.741158,2026-09-05T19:24:50.764+01:00,1219970,1610973,934,934,True,True,0x02,"NO_IRQ,OK,NO_IRQ,NO_IRQ","NONE,DELTA,NONE,NONE",
21.745492,2026-09-05T19:24:50.765+01:00,1220904,1610974,908,908,True,True,0x02,"NO_IRQ,OK,NO_IRQ,NO_IRQ","NONE,DELTA,NONE,NONE",
21.750384,2026-09-05T19:24:50.769+01:00,1221812,1610975,906,906,True,True,0x02,"NO_IRQ,OK,NO_IRQ,NO_IRQ","NONE,DELTA,NONE,NONE",
21.757979,2026-09-05T19:24:50.774+01:00,1222718,1610976,772,772,True,True,0x02,"NO_IRQ,OK,NO_IRQ,NO_IRQ","NONE,DELTA,NONE,NONE",
21.761116,2026-09-05T19:24:50.782+01:00,1223490,1610977,740,740,True,True,0x02,"NO_IRQ,OK,NO_IRQ,NO_IRQ","NONE,DELTA,NONE,NONE",
21.766143,2026-09-05T19:24:50.785+01:00,1224230,1610978,784,784,True,True,0x02,"NO_IRQ,OK,NO_IRQ,NO_IRQ","NONE,DELTA,NONE,NONE",
21.777595,2026-09-05T19:24:50.790+01:00,1225014,1610979,652,652,True,True,0x02,"NO_IRQ,OK,NO_IRQ,NO_IRQ","NONE,DELTA,NONE,NONE",
21.778989,2026-09-05T19:24:50.801+01:00,1225666,1610980,618,618,True,True,0x02,"NO_IRQ,OK,NO_IRQ,NO_IRQ","NONE,DELTA,NONE,NONE",
21.781008,2026-09-05T19:24:50.803+01:00,1226284,1610981,702,702,True,True,0x02,"NO_IRQ,OK,NO_IRQ,NO_IRQ","NONE,DELTA,NONE,NONE",
21.786457,2026-09-05T19:24:50.805+01:00,1226986,1610982,774,774,True,True,0x02,"NO_IRQ,OK,NO_IRQ,NO_IRQ","NONE,DELTA,NONE,NONE",
21.796942,2026-09-05T19:24:50.810+01:00,1227760,1610983,628,628,True,True,0x02,"NO_IRQ,OK,NO_IRQ,NO_IRQ","NONE,DELTA,NONE,NONE",
21.797941,2026-09-05T19:24:50.821+01:00,1228388,1610984,640,640,True,True,0x02,"NO_IRQ,OK,NO_IRQ,NO_IRQ","NONE,DELTA,NONE,NONE",
21.801307,2026-09-05T19:24:50.822+01:00,1229028,1610985,694,694,True,True,0x02,"NO_IRQ,OK,NO_IRQ,NO_IRQ","NONE,DELTA,NONE,NONE",
21.806257,2026-09-05T19:24:50.825+01:00,1229722,1610986,690,690,True,True,0x02,"NO_IRQ,OK,NO_IRQ,NO_IRQ","NONE,DELTA,NONE,NONE",
21.815512,2026-09-05T19:24:50.830+01:00,1230412,1610987,606,606,True,True,0x02,"NO_IRQ,OK,NO_IRQ,NO_IRQ","NONE,DELTA,NONE,NONE",
21.816378,2026-09-05T19:24:50.839+01:00,1231018,1610988,558,558,True,True,0x02,"NO_IRQ,OK,NO_IRQ,NO_IRQ","NONE,DELTA,NONE,NONE",
21.821192,2026-09-05T19:24:50.840+01:00,1231576,1610989,512,512,True,True,0x02,"NO_IRQ,OK,NO_IRQ,NO_IRQ","NONE,DELTA,NONE,NONE",
21.828340,2026-09-05T19:24:50.845+01:00,1232088,1610990,592,592,True,True,0x02,"NO_IRQ,OK,NO_IRQ,NO_IRQ","NONE,DELTA,NONE,NONE",
21.831990,2026-09-05T19:24:50.852+01:00,1232680,1610991,572,572,True,True,0x02,"NO_IRQ,OK,NO_IRQ,NO_IRQ","NONE,DELTA,NONE,NONE",
21.836946,2026-09-05T19:24:50.856+01:00,1233252,1610992,566,566,True,True,0x02,"NO_IRQ,OK,NO_IRQ,NO_IRQ","NONE,DELTA,NONE,NONE",
21.840950,2026-09-05T19:24:50.860+01:00,1233818,1610993,554,554,True,True,0x02,"NO_IRQ,OK,NO_IRQ,NO_IRQ","NONE,DELTA,NONE,NONE",
21.846174,2026-09-05T19:24:50.865+01:00,1234372,1610994,636,636,True,True,0x02,"NO_IRQ,OK,NO_IRQ,NO_IRQ","NONE,DELTA,NONE,NONE",
21.861084,2026-09-05T19:24:50.870+01:00,1235008,1610995,704,704,True,True,0x02,"NO_IRQ,OK,NO_IRQ,NO_IRQ","NONE,DELTA,NONE,NONE",
21.862525,2026-09-05T19:24:50.885+01:00,1235712,1610996,620,620,True,True,0x02,"NO_IRQ,OK,NO_IRQ,NO_IRQ","NONE,DELTA,NONE,NONE",
21.863857,2026-09-05T19:24:50.886+01:00,1236332,1610997,592,592,True,True,0x02,"NO_IRQ,OK,NO_IRQ,NO_IRQ","NONE,DELTA,NONE,NONE",
21.866470,2026-09-05T19:24:50.887+01:00,1236924,1610998,562,562,True,True,0x02,"NO_IRQ,OK,NO_IRQ,NO_IRQ","NONE,DELTA,NONE,NONE",
21.870851,2026-09-05T19:24:50.890+01:00,1237486,1610999,466,466,True,True,0x02,"NO_IRQ,OK,NO_IRQ,NO_IRQ","NONE,DELTA,NONE,NONE",
21.880937,2026-09-05T19:24:50.895+01:00,1237952,1611000,522,522,True,True,0x02,"NO_IRQ,OK,NO_IRQ,NO_IRQ","NONE,DELTA,NONE,NONE",
21.882212,2026-09-05T19:24:50.905+01:00,1238474,1611001,504,504,True,True,0x02,"NO_IRQ,OK,NO_IRQ,NO_IRQ","NONE,DELTA,NONE,NONE",
21.886224,2026-09-05T19:24:50.906+01:00,1238978,1611002,490,490,True,True,0x02,"NO_IRQ,OK,NO_IRQ,NO_IRQ","NONE,DELTA,NONE,NONE",
21.890954,2026-09-05T19:24:50.910+01:00,1239468,1611003,422,422,True,True,0x02,"NO_IRQ,OK,NO_IRQ,NO_IRQ","NONE,DELTA,NONE,NONE",
21.900753,2026-09-05T19:24:50.914+01:00,1239890,1611004,382,382,True,True,0x02,"NO_IRQ,OK,NO_IRQ,NO_IRQ","NONE,DELTA,NONE,NONE",
21.901857,2026-09-05T19:24:50.924+01:00,1240272,1611005,422,422,True,True,0x02,"NO_IRQ,OK,NO_IRQ,NO_IRQ","NONE,DELTA,NONE,NONE",
21.906056,2026-09-05T19:24:50.925+01:00,1240694,1611006,464,464,True,True,0x02,"NO_IRQ,OK,NO_IRQ,NO_IRQ","NONE,DELTA,NONE,NONE",
21.910843,2026-09-05T19:24:50.930+01:00,1241158,1611007,368,368,True,True,0x02,"NO_IRQ,OK,NO_IRQ,NO_IRQ","NONE,DELTA,NONE,NONE",
21.920021,2026-09-05T19:24:50.934+01:00,1241526,1611008,328,328,True,True,0x02,"NO_IRQ,OK,NO_IRQ,NO_IRQ","NONE,DELTA,NONE,NONE",
21.920753,2026-09-05T19:24:50.944+01:00,1241854,1611009,358,358,True,True,0x02,"NO_IRQ,OK,NO_IRQ,NO_IRQ","NONE,DELTA,NONE,NONE",
21.925981,2026-09-05T19:24:50.944+01:00,1242212,1611010,378,378,True,True,0x02,"NO_IRQ,OK,NO_IRQ,NO_IRQ","NONE,DELTA,NONE,NONE",
21.930854,2026-09-05T19:24:50.950+01:00,1242590,1611011,398,398,True,True,0x02,"NO_IRQ,OK,NO_IRQ,NO_IRQ","NONE,DELTA,NONE,NONE",
21.938400,2026-09-05T19:24:50.955+01:00,1242988,1611012,386,386,True,True,0x02,"NO_IRQ,OK,NO_IRQ,NO_IRQ","NONE,DELTA,NONE,NONE",
21.941141,2026-09-05T19:24:50.962+01:00,1243374,1611013,362,362,True,True,0x02,"NO_IRQ,OK,NO_IRQ,NO_IRQ","NONE,DELTA,NONE,NONE",
21.946126,2026-09-05T19:24:50.965+01:00,1243736,1611014,384,384,True,True,0x02,"NO_IRQ,OK,NO_IRQ,NO_IRQ","NONE,DELTA,NONE,NONE",
21.951717,2026-09-05T19:24:50.970+01:00,1244120,1611015,426,426,True,True,0x02,"NO_IRQ,OK,NO_IRQ,NO_IRQ","NONE,DELTA,NONE,NONE",
21.964382,2026-09-05T19:24:50.975+01:00,1244546,1611016,410,410,True,True,0x02,"NO_IRQ,OK,NO_IRQ,NO_IRQ","NONE,DELTA,NONE,NONE",
21.965605,2026-09-05T19:24:50.988+01:00,1244956,1611017,446,446,True,True,0x02,"NO_IRQ,OK,NO_IRQ,NO_IRQ","NONE,DELTA,NONE,NONE",
21.966895,2026-09-05T19:24:50.989+01:00,1245402,1611018,414,414,True,True,0x02,"NO_IRQ,OK,NO_IRQ,NO_IRQ","NONE,DELTA,NONE,NONE",
21.971270,2026-09-05T19:24:50.990+01:00,1245816,1611019,444,444,True,True,0x02,"NO_IRQ,OK,NO_IRQ,NO_IRQ","NONE,DELTA,NONE,NONE",
21.977030,2026-09-05T19:24:50.995+01:00,1246260,1611020,432,432,True,True,0x02,"NO_IRQ,OK,NO_IRQ,NO_IRQ","NONE,DELTA,NONE,NONE",
21.987603,2026-09-05T19:24:51.001+01:00,1246692,1611021,440,440,True,True,0x02,"NO_IRQ,OK,NO_IRQ,NO_IRQ","NONE,DELTA,NONE,NONE",
21.988991,2026-09-05T19:24:51.012+01:00,1247132,1611022,478,478,True,True,0x02,"NO_IRQ,OK,NO_IRQ,NO_IRQ","NONE,DELTA,NONE,NONE",
21.990809,2026-09-05T19:24:51.013+01:00,1247610,1611023,410,410,True,True,0x02,"NO_IRQ,OK,NO_IRQ,NO_IRQ","NONE,DELTA,NONE,NONE",
21.996324,2026-09-05T19:24:51.014+01:00,1248020,1611024,482,482,True,True,0x02,"NO_IRQ,OK,NO_IRQ,NO_IRQ","NONE,DELTA,NONE,NONE",
22.008435,2026-09-05T19:24:51.020+01:00,1248502,1611025,496,496,True,True,0x02,"NO_IRQ,OK,NO_IRQ,NO_IRQ","NONE,DELTA,NONE,NONE",
22.009370,2026-09-05T19:24:51.032+01:00,1248998,1611026,454,454,True,True,0x02,"NO_IRQ,OK,NO_IRQ,NO_IRQ","NONE,DELTA,NONE,NONE",
22.011877,2026-09-05T19:24:51.033+01:00,1249452,1611027,592,592,True,True,0x02,"NO_IRQ,OK,NO_IRQ,NO_IRQ","NONE,DELTA,NONE,NONE",
22.016383,2026-09-05T19:24:51.036+01:00,1250044,1611028,684,684,True,True,0x02,"NO_IRQ,OK,NO_IRQ,NO_IRQ","NONE,DELTA,NONE,NONE",
22.021994,2026-09-05T19:24:51.040+01:00,1250728,1611029,638,638,True,True,0x02,"NO_IRQ,OK,NO_IRQ,NO_IRQ","NONE,DELTA,NONE,NONE",
22.028071,2026-09-05T19:24:51.046+01:00,1251366,1611030,678,678,True,True,0x02,"NO_IRQ,OK,NO_IRQ,NO_IRQ","NONE,DELTA,NONE,NONE",
22.031795,2026-09-05T19:24:51.052+01:00,1252044,1611031,742,742,True,True,0x02,"NO_IRQ,OK,NO_IRQ,NO_IRQ","NONE,DELTA,NONE,NONE",
22.036319,2026-09-05T19:24:51.055+01:00,1252786,1611032,750,750,True,True,0x02,"NO_IRQ,OK,NO_IRQ,NO_IRQ","NONE,DELTA,NONE,NONE",
22.041485,2026-09-05T19:24:51.060+01:00,1253536,1611033,792,792,True,True,0x02,"NO_IRQ,OK,NO_IRQ,NO_IRQ","NONE,DELTA,NONE,NONE",
22.055477,2026-09-05T19:24:51.065+01:00,1254328,1611034,738,738,True,True,0x02,"NO_IRQ,OK,NO_IRQ,NO_IRQ","NONE,DELTA,NONE,NONE",
22.056501,2026-09-05T19:24:51.079+01:00,1255066,1611035,796,796,True,True,0x02,"NO_IRQ,OK,NO_IRQ,NO_IRQ","NONE,DELTA,NONE,NONE",
22.057067,2026-09-05T19:24:51.080+01:00,1255862,1611036,876,876,True,True,0x02,"NO_IRQ,OK,NO_IRQ,NO_IRQ","NONE,DELTA,NONE,NONE",
22.070285,2026-09-05T19:24:51.081+01:00,1256738,1611037,904,904,True,True,0x02,"NO_IRQ,OK,NO_IRQ,NO_IRQ","NONE,DELTA,NONE,NONE",
22.071212,2026-09-05T19:24:51.094+01:00,1257642,1611038,926,926,True,True,0x02,"NO_IRQ,OK,NO_IRQ,NO_IRQ","NONE,DELTA,NONE,NONE",
22.073174,2026-09-05T19:24:51.095+01:00,1258568,1611039,844,844,True,True,0x02,"NO_IRQ,OK,NO_IRQ,NO_IRQ","NONE,DELTA,NONE,NONE",
22.078943,2026-09-05T19:24:51.097+01:00,1259412,1611040,910,910,True,True,0x02,"NO_IRQ,OK,NO_IRQ,NO_IRQ","NONE,DELTA,NONE,NONE",
22.088529,2026-09-05T19:24:51.103+01:00,1260322,1611041,898,898,True,True,0x02,"NO_IRQ,OK,NO_IRQ,NO_IRQ","NONE,DELTA,NONE,NONE",
22.089322,2026-09-05T19:24:51.112+01:00,1261220,1611042,890,890,True,True,0x02,"NO_IRQ,OK,NO_IRQ,NO_IRQ","NONE,DELTA,NONE,NONE",
22.095241,2026-09-05T19:24:51.113+01:00,1262110,1611043,886,886,True,True,0x02,"NO_IRQ,OK,NO_IRQ,NO_IRQ","NONE,DELTA,NONE,NONE",
22.105949,2026-09-05T19:24:51.120+01:00,1262996,1611044,958,958,True,True,0x02,"NO_IRQ,OK,NO_IRQ,NO_IRQ","NONE,DELTA,NONE,NONE",
22.106886,2026-09-05T19:24:51.130+01:00,1263954,1611045,924,924,True,True,0x02,"NO_IRQ,OK,NO_IRQ,NO_IRQ","NONE,DELTA,NONE,NONE",
22.110458,2026-09-05T19:24:51.130+01:00,1264878,1611046,1084,1084,True,True,0x02,"NO_IRQ,OK,NO_IRQ,NO_IRQ","NONE,DELTA_SYNC,NONE,NONE",
22.115750,2026-09-05T19:24:51.134+01:00,1265962,1611047,1008,1008,True,True,0x02,"NO_IRQ,OK,NO_IRQ,NO_IRQ","NONE,DELTA,NONE,NONE",
22.125398,2026-09-05T19:24:51.140+01:00,1266970,1611048,1072,1072,True,True,0x02,"NO_IRQ,OK,NO_IRQ,NO_IRQ","NONE,DELTA,NONE,NONE",
22.126834,2026-09-05T19:24:51.149+01:00,1268042,1611049,1016,1016,True,True,0x02,"NO_IRQ,OK,NO_IRQ,NO_IRQ","NONE,DELTA,NONE,NONE",
22.132319,2026-09-05T19:24:51.150+01:00,1269058,1611050,1006,1006,True,True,0x02,"NO_IRQ,OK,NO_IRQ,NO_IRQ","NONE,DELTA,NONE,NONE",
22.143893,2026-09-05T19:24:51.156+01:00,1270064,1611051,974,974,True,True,0x02,"NO_IRQ,OK,NO_IRQ,NO_IRQ","NONE,DELTA,NONE,NONE",
22.145199,2026-09-05T19:24:51.167+01:00,1271038,1611052,994,994,True,True,0x02,"NO_IRQ,OK,NO_IRQ,NO_IRQ","NONE,DELTA,NONE,NONE",
22.148501,2026-09-05T19:24:51.169+01:00,1272032,1611053,914,914,True,True,0x02,"NO_IRQ,OK,NO_IRQ,NO_IRQ","NONE,DELTA,NONE,NONE",
22.153769,2026-09-05T19:24:51.172+01:00,1272946,1611054,836,836,True,True,0x02,"NO_IRQ,OK,NO_IRQ,NO_IRQ","NONE,DELTA,NONE,NONE",
22.161673,2026-09-05T19:24:51.177+01:00,1273782,1611055,778,778,True,True,0x02,"NO_IRQ,OK,NO_IRQ,NO_IRQ","NONE,DELTA,NONE,NONE",
22.164107,2026-09-05T19:24:51.186+01:00,1274560,1611056,830,830,True,True,0x02,"NO_IRQ,OK,NO_IRQ,NO_IRQ","NONE,DELTA,NONE,NONE",
22.169439,2026-09-05T19:24:51.188+01:00,1275390,1611057,872,872,True,True,0x02,"NO_IRQ,OK,NO_IRQ,NO_IRQ","NONE,DELTA,NONE,NONE",
22.179077,2026-09-05T19:24:51.193+01:00,1276262,1611058,832,832,True,True,0x02,"NO_IRQ,OK,NO_IRQ,NO_IRQ","NONE,DELTA,NONE,NONE",
22.180074,2026-09-05T19:24:51.203+01:00,1277094,1611059,812,812,True,True,0x02,"NO_IRQ,OK,NO_IRQ,NO_IRQ","NONE,DELTA,NONE,NONE",
22.184917,2026-09-05T19:24:51.204+01:00,1277906,1611060,708,708,True,True,0x02,"NO_IRQ,OK,NO_IRQ,NO_IRQ","NONE,DELTA,NONE,NONE",
22.196304,2026-09-05T19:24:51.208+01:00,1278614,1611061,772,772,True,True,0x02,"NO_IRQ,OK,NO_IRQ,NO_IRQ","NONE,DELTA,NONE,NONE",
22.197224,2026-09-05T19:24:51.220+01:00,1279386,1611062,780,780,True,True,0x02,"NO_IRQ,OK,NO_IRQ,NO_IRQ","NONE,DELTA,NONE,NONE",
22.200448,2026-09-05T19:24:51.221+01:00,1280166,1611063,798,798,True,True,0x02,"NO_IRQ,OK,NO_IRQ,NO_IRQ","NONE,DELTA,NONE,NONE",
22.205710,2026-09-05T19:24:51.224+01:00,1280964,1611064,786,786,True,True,0x02,"NO_IRQ,OK,NO_IRQ,NO_IRQ","NONE,DELTA,NONE,NONE",
22.211955,2026-09-05T19:24:51.229+01:00,1281750,1611065,764,764,True,True,0x02,"NO_IRQ,OK,NO_IRQ,NO_IRQ","NONE,DELTA,NONE,NONE",
22.216335,2026-09-05T19:24:51.236+01:00,1282514,1611066,794,794,True,True,0x02,"NO_IRQ,OK,NO_IRQ,NO_IRQ","NONE,DELTA,NONE,NONE",
22.220842,2026-09-05T19:24:51.240+01:00,1283308,1611067,744,744,True,True,0x02,"NO_IRQ,OK,NO_IRQ,NO_IRQ","NONE,DELTA,NONE,NONE",
22.225985,2026-09-05T19:24:51.244+01:00,1284052,1611068,736,736,True,True,0x02,"NO_IRQ,OK,NO_IRQ,NO_IRQ","NONE,DELTA,NONE,NONE",
22.241104,2026-09-05T19:24:51.250+01:00,1284788,1611069,720,720,True,True,0x02,"NO_IRQ,OK,NO_IRQ,NO_IRQ","NONE,DELTA,NONE,NONE",
22.242594,2026-09-05T19:24:51.265+01:00,1285508,1611070,708,708,True,True,0x02,"NO_IRQ,OK,NO_IRQ,NO_IRQ","NONE,DELTA,NONE,NONE",
22.243964,2026-09-05T19:24:51.266+01:00,1286216,1611071,732,732,True,True,0x02,"NO_IRQ,OK,NO_IRQ,NO_IRQ","NONE,DELTA,NONE,NONE",
22.246733,2026-09-05T19:24:51.268+01:00,1286948,1611072,744,744,True,True,0x02,"NO_IRQ,OK,NO_IRQ,NO_IRQ","NONE,DELTA,NONE,NONE",
22.251582,2026-09-05T19:24:51.270+01:00,1287692,1611073,756,756,True,True,0x02,"NO_IRQ,OK,NO_IRQ,NO_IRQ","NONE,DELTA,NONE,NONE",
22.261687,2026-09-05T19:24:51.275+01:00,1288448,1611074,748,748,True,True,0x02,"NO_IRQ,OK,NO_IRQ,NO_IRQ","NONE,DELTA,NONE,NONE",
22.262965,2026-09-05T19:24:51.285+01:00,1289196,1611075,704,704,True,True,0x02,"NO_IRQ,OK,NO_IRQ,NO_IRQ","NONE,DELTA,NONE,NONE",
22.267203,2026-09-05T19:24:51.287+01:00,1289900,1611076,782,782,True,True,0x02,"NO_IRQ,OK,NO_IRQ,NO_IRQ","NONE,DELTA,NONE,NONE",
22.278519,2026-09-05T19:24:51.291+01:00,1290682,1611077,774,774,True,True,0x02,"NO_IRQ,OK,NO_IRQ,NO_IRQ","NONE,DELTA,NONE,NONE",
22.279737,2026-09-05T19:24:51.302+01:00,1291456,1611078,668,668,True,True,0x02,"NO_IRQ,OK,NO_IRQ,NO_IRQ","NONE,DELTA,NONE,NONE",
22.282346,2026-09-05T19:24:51.303+01:00,1292124,1611079,618,618,True,True,0x02,"NO_IRQ,OK,NO_IRQ,NO_IRQ","NONE,DELTA,NONE,NONE",
22.287395,2026-09-05T19:24:51.306+01:00,1292742,1611080,632,632,True,True,0x02,"NO_IRQ,OK,NO_IRQ,NO_IRQ","NONE,DELTA,NONE,NONE",
22.296440,2026-09-05T19:24:51.311+01:00,1293374,1611081,560,560,True,True,0x02,"NO_IRQ,OK,NO_IRQ,NO_IRQ","NONE,DELTA,NONE,NONE",
22.297334,2026-09-05T19:24:51.320+01:00,1293934,1611082,574,574,True,True,0x02,"NO_IRQ,OK,NO_IRQ,NO_IRQ","NONE,DELTA,NONE,NONE",
22.302108,2026-09-05T19:24:51.321+01:00,1294508,1611083,602,602,True,True,0x02,"NO_IRQ,OK,NO_IRQ,NO_IRQ","NONE,DELTA,NONE,NONE",
22.314303,2026-09-05T19:24:51.326+01:00,1295110,1611084,574,574,True,True,0x02,"NO_IRQ,OK,NO_IRQ,NO_IRQ","NONE,DELTA,NONE,NONE",
22.315232,2026-09-05T19:24:51.338+01:00,1295684,1611085,474,474,True,True,0x02,"NO_IRQ,OK,NO_IRQ,NO_IRQ","NONE,DELTA,NONE,NONE",
22.316957,2026-09-05T19:24:51.339+01:00,1296158,1611086,456,456,True,True,0x02,"NO_IRQ,OK,NO_IRQ,NO_IRQ","NONE,DELTA,NONE,NONE",
22.322305,2026-09-05T19:24:51.341+01:00,1296614,1611087,484,484,True,True,0x02,"NO_IRQ,OK,NO_IRQ,NO_IRQ","NONE,DELTA,NONE,NONE",
22.332858,2026-09-05T19:24:51.346+01:00,1297098,1611088,434,434,True,True,0x02,"NO_IRQ,OK,NO_IRQ,NO_IRQ","NONE,DELTA,NONE,NONE",
22.333568,2026-09-05T19:24:51.356+01:00,1297532,1611089,298,298,True,True,0x02,"NO_IRQ,OK,NO_IRQ,NO_IRQ","NONE,DELTA,NONE,NONE",
22.336941,2026-09-05T19:24:51.357+01:00,1297830,1611090,342,342,True,True,0x02,"NO_IRQ,OK,NO_IRQ,NO_IRQ","NONE,DELTA,NONE,NONE",
22.341866,2026-09-05T19:24:51.361+01:00,1298172,1611091,342,342,True,True,0x02,"NO_IRQ,OK,NO_IRQ,NO_IRQ","NONE,DELTA,NONE,NONE",
22.350990,2026-09-05T19:24:51.366+01:00,1298514,1611092,358,358,True,True,0x02,"NO_IRQ,OK,NO_IRQ,NO_IRQ","NONE,DELTA,NONE,NONE",
22.352260,2026-09-05T19:24:51.375+01:00,1298872,1611093,394,394,True,True,0x02,"NO_IRQ,OK,NO_IRQ,NO_IRQ","NONE,DELTA,NONE,NONE",
22.356921,2026-09-05T19:24:51.376+01:00,1299266,1611094,306,306,True,True,0x02,"NO_IRQ,OK,NO_IRQ,NO_IRQ","NONE,DELTA,NONE,NONE",
22.361942,2026-09-05T19:24:51.380+01:00,1299572,1611095,350,350,True,True,0x02,"NO_IRQ,OK,NO_IRQ,NO_IRQ","NONE,DELTA,NONE,NONE",
22.369520,2026-09-05T19:24:51.386+01:00,1299922,1611096,346,346,True,True,0x02,"NO_IRQ,OK,NO_IRQ,NO_IRQ","NONE,DELTA,NONE,NONE",
22.371536,2026-09-05T19:24:51.393+01:00,1300268,1611097,288,288,True,True,0x02,"NO_IRQ,OK,NO_IRQ,NO_IRQ","NONE,DELTA,NONE,NONE",
22.376949,2026-09-05T19:24:51.395+01:00,1300556,1611098,338,338,True,True,0x02,"NO_IRQ,OK,NO_IRQ,NO_IRQ","NONE,DELTA,NONE,NONE",
22.383143,2026-09-05T19:24:51.400+01:00,1300894,1611099,366,366,True,True,0x02,"NO_IRQ,OK,NO_IRQ,NO_IRQ","NONE,DELTA,NONE,NONE",
22.386538,2026-09-05T19:24:51.407+01:00,1301260,1611100,284,284,True,True,0x02,"NO_IRQ,OK,NO_IRQ,NO_IRQ","NONE,DELTA,NONE,NONE",
22.391605,2026-09-05T19:24:51.410+01:00,1301544,1611101,316,316,True,True,0x02,"NO_IRQ,OK,NO_IRQ,NO_IRQ","NONE,DELTA,NONE,NONE",
22.396588,2026-09-05T19:24:51.415+01:00,1301860,1611102,370,370,True,True,0x02,"NO_IRQ,OK,NO_IRQ,NO_IRQ","NONE,DELTA,NONE,NONE",
22.408749,2026-09-05T19:24:51.420+01:00,1302230,1611103,344,344,True,True,0x02,"NO_IRQ,OK,NO_IRQ,NO_IRQ","NONE,DELTA,NONE,NONE",
22.409214,2026-09-05T19:24:51.432+01:00,1302574,1611104,372,372,True,True,0x02,"NO_IRQ,OK,NO_IRQ,NO_IRQ","NONE,DELTA,NONE,NONE",
22.422688,2026-09-05T19:24:51.433+01:00,1302946,1611105,334,334,True,True,0x02,"NO_IRQ,OK,NO_IRQ,NO_IRQ","NONE,DELTA,NONE,NONE",
22.423861,2026-09-05T19:24:51.447+01:00,1303280,1611106,352,352,True,True,0x02,"NO_IRQ,OK,NO_IRQ,NO_IRQ","NONE,DELTA,NONE,NONE",
22.424566,2026-09-05T19:24:51.447+01:00,1303632,1611107,326,326,True,True,0x02,"NO_IRQ,OK,NO_IRQ,NO_IRQ","NONE,DELTA,NONE,NONE",
22.428031,2026-09-05T19:24:51.448+01:00,1303958,1611108,300,300,True,True,0x02,"NO_IRQ,OK,NO_IRQ,NO_IRQ","NONE,DELTA,NONE,NONE",
22.431587,2026-09-05T19:24:51.452+01:00,1304258,1611109,272,272,True,True,0x02,"NO_IRQ,OK,NO_IRQ,NO_IRQ","NONE,DELTA,NONE,NONE",
22.441935,2026-09-05T19:24:51.455+01:00,1304530,1611110,268,268,True,True,0x02,"NO_IRQ,OK,NO_IRQ,NO_IRQ","NONE,DELTA,NONE,NONE",
22.442600,2026-09-05T19:24:51.465+01:00,1304798,1611111,276,276,True,True,0x02,"NO_IRQ,OK,NO_IRQ,NO_IRQ","NONE,DELTA,NONE,NONE",
22.446593,2026-09-05T19:24:51.466+01:00,1305074,1611112,274,274,True,True,0x02,"NO_IRQ,OK,NO_IRQ,NO_IRQ","NONE,DELTA,NONE,NONE",
22.451329,2026-09-05T19:24:51.470+01:00,1305348,1611113,272,272,True,True,0x02,"NO_IRQ,OK,NO_IRQ,NO_IRQ","NONE,DELTA,NONE,NONE",
22.458883,2026-09-05T19:24:51.475+01:00,1305620,1611114,246,246,True,True,0x02,"NO_IRQ,OK,NO_IRQ,NO_IRQ","NONE,DELTA,NONE,NONE",
22.461927,2026-09-05T19:24:51.482+01:00,1305866,1611115,292,292,True,True,0x02,"NO_IRQ,OK,NO_IRQ,NO_IRQ","NONE,DELTA,NONE,NONE",
22.466449,2026-09-05T19:24:51.486+01:00,1306158,1611116,306,306,True,True,0x02,"NO_IRQ,OK,NO_IRQ,NO_IRQ","NONE,DELTA,NONE,NONE",
22.476500,2026-09-05T19:24:51.490+01:00,1306464,1611117,268,268,True,True,0x02,"NO_IRQ,OK,NO_IRQ,NO_IRQ","NONE,DELTA,NONE,NONE",
22.478224,2026-09-05T19:24:51.500+01:00,1306732,1611118,276,276,True,True,0x02,"NO_IRQ,OK,NO_IRQ,NO_IRQ","NONE,DELTA,NONE,NONE",
22.481517,2026-09-05T19:24:51.502+01:00,1307008,1611119,244,244,True,True,0x02,"NO_IRQ,OK,NO_IRQ,NO_IRQ","NONE,DELTA,NONE,NONE",
22.486336,2026-09-05T19:24:51.505+01:00,1307252,1611120,272,272,True,True,0x02,"NO_IRQ,OK,NO_IRQ,NO_IRQ","NONE,DELTA,NONE,NONE",
22.495266,2026-09-05T19:24:51.510+01:00,1307524,1611121,258,258,True,True,0x02,"NO_IRQ,OK,NO_IRQ,NO_IRQ","NONE,DELTA,NONE,NONE",
22.496358,2026-09-05T19:24:51.519+01:00,1307782,1611122,266,266,True,True,0x02,"NO_IRQ,OK,NO_IRQ,NO_IRQ","NONE,DELTA,NONE,NONE",
22.501814,2026-09-05T19:24:51.520+01:00,1308048,1611123,284,284,True,True,0x02,"NO_IRQ,OK,NO_IRQ,NO_IRQ","NONE,DELTA,NONE,NONE",
22.513115,2026-09-05T19:24:51.525+01:00,1308332,1611124,296,296,True,True,0x02,"NO_IRQ,OK,NO_IRQ,NO_IRQ","NONE,DELTA,NONE,NONE",
22.514293,2026-09-05T19:24:51.537+01:00,1308628,1611125,276,276,True,True,0x02,"NO_IRQ,OK,NO_IRQ,NO_IRQ","NONE,DELTA,NONE,NONE",
22.516466,2026-09-05T19:24:51.538+01:00,1308904,1611126,284,284,True,True,0x02,"NO_IRQ,OK,NO_IRQ,NO_IRQ","NONE,DELTA,NONE,NONE",
22.521284,2026-09-05T19:24:51.540+01:00,1309188,1611127,278,278,True,True,0x02,"NO_IRQ,OK,NO_IRQ,NO_IRQ","NONE,DELTA,NONE,NONE",
22.531471,2026-09-05T19:24:51.545+01:00,1309466,1611128,248,248,True,True,0x02,"NO_IRQ,OK,NO_IRQ,NO_IRQ","NONE,DELTA,NONE,NONE",
22.532434,2026-09-05T19:24:51.555+01:00,1309714,1611129,276,276,True,True,0x02,"NO_IRQ,OK,NO_IRQ,NO_IRQ","NONE,DELTA,NONE,NONE",
22.536216,2026-09-05T19:24:51.556+01:00,1309990,1611130,240,240,True,True,0x02,"NO_IRQ,OK,NO_IRQ,NO_IRQ","NONE,DELTA,NONE,NONE",
22.541201,2026-09-05T19:24:51.560+01:00,1310230,1611131,232,232,True,True,0x02,"NO_IRQ,OK,NO_IRQ,NO_IRQ","NONE,DELTA,NONE,NONE",
22.550734,2026-09-05T19:24:51.565+01:00,1310462,1611132,240,240,True,True,0x02,"NO_IRQ,OK,NO_IRQ,NO_IRQ","NONE,DELTA,NONE,NONE",
22.551474,2026-09-05T19:24:51.574+01:00,1310702,1611133,224,224,True,True,0x02,"NO_IRQ,OK,NO_IRQ,NO_IRQ","NONE,DELTA,NONE,NONE",
22.556459,2026-09-05T19:24:51.575+01:00,1310926,1611134,250,250,True,True,0x02,"NO_IRQ,OK,NO_IRQ,NO_IRQ","NONE,DELTA,NONE,NONE",
22.560994,2026-09-05T19:24:51.580+01:00,1311176,1611135,208,208,True,True,0x02,"NO_IRQ,OK,NO_IRQ,NO_IRQ","NONE,DELTA,NONE,NONE",
22.566297,2026-09-05T19:24:51.585+01:00,1311384,1611136,268,268,True,True,0x02,"NO_IRQ,OK,NO_IRQ,NO_IRQ","NONE,DELTA,NONE,NONE",
22.570958,2026-09-05T19:24:51.590+01:00,1311652,1611137,220,220,True,True,0x02,"NO_IRQ,OK,NO_IRQ,NO_IRQ","NONE,DELTA,NONE,NONE",
22.575879,2026-09-05T19:24:51.595+01:00,1311872,1611138,236,236,True,True,0x02,"NO_IRQ,OK,NO_IRQ,NO_IRQ","NONE,DELTA,NONE,NONE",
22.581082,2026-09-05T19:24:51.599+01:00,1312108,1611139,246,246,True,True,0x02,"NO_IRQ,OK,NO_IRQ,NO_IRQ","NONE,DELTA,NONE,NONE",
22.594048,2026-09-05T19:24:51.605+01:00,1312354,1611140,242,242,True,True,0x02,"NO_IRQ,OK,NO_IRQ,NO_IRQ","NONE,DELTA,NONE,NONE",
22.597966,2026-09-05T19:24:51.621+01:00,1312596,1611141,238,238,True,True,0x02,"NO_IRQ,OK,NO_IRQ,NO_IRQ","NONE,DELTA,NONE,NONE",
22.599482,2026-09-05T19:24:51.622+01:00,1312834,1611142,288,288,True,True,0x02,"NO_IRQ,OK,NO_IRQ,NO_IRQ","NONE,DELTA,NONE,NONE",
22.601153,2026-09-05T19:24:51.623+01:00,1313122,1611143,252,252,True,True,0x02,"NO_IRQ,OK,NO_IRQ,NO_IRQ","NONE,DELTA,NONE,NONE",
22.606108,2026-09-05T19:24:51.625+01:00,1313374,1611144,278,278,True,True,0x02,"NO_IRQ,OK,NO_IRQ,NO_IRQ","NONE,DELTA,NONE,NONE",
22.616156,2026-09-05T19:24:51.630+01:00,1313652,1611145,278,278,True,True,0x02,"NO_IRQ,OK,NO_IRQ,NO_IRQ","NONE,DELTA,NONE,NONE",
22.616868,2026-09-05T19:24:51.640+01:00,1313930,1611146,266,266,True,True,0x02,"NO_IRQ,OK,NO_IRQ,NO_IRQ","NONE,DELTA,NONE,NONE",
22.621182,2026-09-05T19:24:51.640+01:00,1314196,1611147,254,254,True,True,0x02,"NO_IRQ,OK,NO_IRQ,NO_IRQ","NONE,DELTA,NONE,NONE",
22.630530,2026-09-05T19:24:51.645+01:00,1314450,1611148,278,278,True,True,0x02,"NO_IRQ,OK,NO_IRQ,NO_IRQ","NONE,DELTA,NONE,NONE",
22.633887,2026-09-05T19:24:51.657+01:00,1314728,1611149,256,256,True,True,0x02,"NO_IRQ,OK,NO_IRQ,NO_IRQ","NONE,DELTA,NONE,NONE",
22.635935,2026-09-05T19:24:51.657+01:00,1314984,1611150,268,268,True,True,0x02,"NO_IRQ,OK,NO_IRQ,NO_IRQ","NONE,DELTA,NONE,NONE",
22.641081,2026-09-05T19:24:51.659+01:00,1315252,1611151,286,286,True,True,0x02,"NO_IRQ,OK,NO_IRQ,NO_IRQ","NONE,DELTA,NONE,NONE",
22.650173,2026-09-05T19:24:51.665+01:00,1315538,1611152,288,288,True,True,0x02,"NO_IRQ,OK,NO_IRQ,NO_IRQ","NONE,DELTA,NONE,NONE",
22.650907,2026-09-05T19:24:51.674+01:00,1315826,1611153,278,278,True,True,0x02,"NO_IRQ,OK,NO_IRQ,NO_IRQ","NONE,DELTA,NONE,NONE",
22.656095,2026-09-05T19:24:51.674+01:00,1316104,1611154,254,254,True,True,0x02,"NO_IRQ,OK,NO_IRQ,NO_IRQ","NONE,DELTA,NONE,NONE",
22.667431,2026-09-05T19:24:51.680+01:00,1316358,1611155,268,268,True,True,0x02,"NO_IRQ,OK,NO_IRQ,NO_IRQ","NONE,DELTA,NONE,NONE",
22.668185,2026-09-05T19:24:51.691+01:00,1316626,1611156,266,266,True,True,0x02,"NO_IRQ,OK,NO_IRQ,NO_IRQ","NONE,DELTA,NONE,NONE",
22.670882,2026-09-05T19:24:51.692+01:00,1316892,1611157,238,238,True,True,0x02,"NO_IRQ,OK,NO_IRQ,NO_IRQ","NONE,DELTA,NONE,NONE",
22.675793,2026-09-05T19:24:51.695+01:00,1317130,1611158,274,274,True,True,0x02,"NO_IRQ,OK,NO_IRQ,NO_IRQ","NONE,DELTA,NONE,NONE",
22.685032,2026-09-05T19:24:51.701+01:00,1317404,1611159,200,200,True,True,0x02,"NO_IRQ,OK,NO_IRQ,NO_IRQ","NONE,DELTA,NONE,NONE",
22.685889,2026-09-05T19:24:51.709+01:00,1317604,1611160,266,266,True,True,0x02,"NO_IRQ,OK,NO_IRQ,NO_IRQ","NONE,DELTA,NONE,NONE",
22.691367,2026-09-05T19:24:51.709+01:00,1317870,1611161,224,224,True,True,0x02,"NO_IRQ,OK,NO_IRQ,NO_IRQ","NONE,DELTA,NONE,NONE",
22.701953,2026-09-05T19:24:51.715+01:00,1318094,1611162,258,258,True,True,0x02,"NO_IRQ,OK,NO_IRQ,NO_IRQ","NONE,DELTA,NONE,NONE",
22.702616,2026-09-05T19:24:51.726+01:00,1318352,1611163,258,258,True,True,0x02,"NO_IRQ,OK,NO_IRQ,NO_IRQ","NONE,DELTA,NONE,NONE",
22.706432,2026-09-05T19:24:51.726+01:00,1318610,1611164,286,286,True,True,0x02,"NO_IRQ,OK,NO_IRQ,NO_IRQ","NONE,DELTA,NONE,NONE",
22.711147,2026-09-05T19:24:51.730+01:00,1318896,1611165,250,250,True,True,0x02,"NO_IRQ,OK,NO_IRQ,NO_IRQ","NONE,DELTA,NONE,NONE",
22.719853,2026-09-05T19:24:51.735+01:00,1319146,1611166,274,274,True,True,0x02,"NO_IRQ,OK,NO_IRQ,NO_IRQ","NONE,DELTA,NONE,NONE",
22.720880,2026-09-05T19:24:51.743+01:00,1319420,1611167,276,276,True,True,0x02,"NO_IRQ,OK,NO_IRQ,NO_IRQ","NONE,DELTA,NONE,NONE",
22.726145,2026-09-05T19:24:51.745+01:00,1319696,1611168,258,258,True,True,0x02,"NO_IRQ,OK,NO_IRQ,NO_IRQ","NONE,DELTA,NONE,NONE",
22.731061,2026-09-05T19:24:51.751+01:00,1319954,1611169,290,290,True,True,0x02,"NO_IRQ,OK,NO_IRQ,NO_IRQ","NONE,DELTA,NONE,NONE",
22.735851,2026-09-05T19:24:51.755+01:00,1320244,1611170,230,230,True,True,0x02,"NO_IRQ,OK,NO_IRQ,NO_IRQ","NONE,DELTA,NONE,NONE",
22.740852,2026-09-05T19:24:51.759+01:00,1320474,1611171,226,226,True,True,0x02,"NO_IRQ,OK,NO_IRQ,NO_IRQ","NONE,DELTA,NONE,NONE",
22.745734,2026-09-05T19:24:51.764+01:00,1320700,1611172,258,258,True,True,0x02,"NO_IRQ,OK,NO_IRQ,NO_IRQ","NONE,DELTA,NONE,NONE",
22.750873,2026-09-05T19:24:51.769+01:00,1320958,1611173,260,260,True,True,0x02,"NO_IRQ,OK,NO_IRQ,NO_IRQ","NONE,DELTA,NONE,NONE",
22.762565,2026-09-05T19:24:51.774+01:00,1321218,1611174,214,214,True,True,0x02,"NO_IRQ,OK,NO_IRQ,NO_IRQ","NONE,DELTA,NONE,NONE",
22.763040,2026-09-05T19:24:51.786+01:00,1321432,1611175,204,204,True,True,0x02,"NO_IRQ,OK,NO_IRQ,NO_IRQ","NONE,DELTA,NONE,NONE",
22.775912,2026-09-05T19:24:51.787+01:00,1321636,1611176,244,244,True,True,0x02,"NO_IRQ,OK,NO_IRQ,NO_IRQ","NONE,DELTA,NONE,NONE",
22.778469,2026-09-05T19:24:51.799+01:00,1321880,1611177,240,240,True,True,0x02,"NO_IRQ,OK,NO_IRQ,NO_IRQ","NONE,DELTA,NONE,NONE",
22.779352,2026-09-05T19:24:51.802+01:00,1322120,1611178,258,258,True,True,0x02,"NO_IRQ,OK,NO_IRQ,NO_IRQ","NONE,DELTA,NONE,NONE",
22.780718,2026-09-05T19:24:51.803+01:00,1322378,1611179,242,242,True,True,0x02,"NO_IRQ,OK,NO_IRQ,NO_IRQ","NONE,DELTA,NONE,NONE",
22.785861,2026-09-05T19:24:51.804+01:00,1322620,1611180,256,256,True,True,0x02,"NO_IRQ,OK,NO_IRQ,NO_IRQ","NONE,DELTA,NONE,NONE",
22.795610,2026-09-05T19:24:51.809+01:00,1322876,1611181,224,224,True,True,0x02,"NO_IRQ,OK,NO_IRQ,NO_IRQ","NONE,DELTA,NONE,NONE",
22.796532,2026-09-05T19:24:51.819+01:00,1323100,1611182,274,274,True,True,0x02,"NO_IRQ,OK,NO_IRQ,NO_IRQ","NONE,DELTA,NONE,NONE",
22.800837,2026-09-05T19:24:51.820+01:00,1323374,1611183,238,238,True,True,0x02,"NO_IRQ,OK,NO_IRQ,NO_IRQ","NONE,DELTA,NONE,NONE",
22.805527,2026-09-05T19:24:51.824+01:00,1323612,1611184,222,222,True,True,0x02,"NO_IRQ,OK,NO_IRQ,NO_IRQ","NONE,DELTA,NONE,NONE",
22.813880,2026-09-05T19:24:51.829+01:00,1323834,1611185,236,236,True,True,0x02,"NO_IRQ,OK,NO_IRQ,NO_IRQ","NONE,DELTA,NONE,NONE",
22.815845,2026-09-05T19:24:51.838+01:00,1324070,1611186,240,240,True,True,0x02,"NO_IRQ,OK,NO_IRQ,NO_IRQ","NONE,DELTA,NONE,NONE",
22.820577,2026-09-05T19:24:51.839+01:00,1324310,1611187,222,222,True,True,0x02,"NO_IRQ,OK,NO_IRQ,NO_IRQ","NONE,DELTA,NONE,NONE",
22.831500,2026-09-05T19:24:51.844+01:00,1324532,1611188,190,190,True,True,0x02,"NO_IRQ,OK,NO_IRQ,NO_IRQ","NONE,DELTA,NONE,NONE",
22.832338,2026-09-05T19:24:51.855+01:00,1324722,1611189,216,216,True,True,0x02,"NO_IRQ,OK,NO_IRQ,NO_IRQ","NONE,DELTA,NONE,NONE",
22.835885,2026-09-05T19:24:51.856+01:00,1324938,1611190,212,212,True,True,0x02,"NO_IRQ,OK,NO_IRQ,NO_IRQ","NONE,DELTA,NONE,NONE",
22.840685,2026-09-05T19:24:51.859+01:00,1325150,1611191,214,214,True,True,0x02,"NO_IRQ,OK,NO_IRQ,NO_IRQ","NONE,DELTA,NONE,NONE",
22.849938,2026-09-05T19:24:51.864+01:00,1325364,1611192,186,186,True,True,0x02,"NO_IRQ,OK,NO_IRQ,NO_IRQ","NONE,DELTA,NONE,NONE",
22.850634,2026-09-05T19:24:51.874+01:00,1325550,1611193,240,240,True,True,0x02,"NO_IRQ,OK,NO_IRQ,NO_IRQ","NONE,DELTA,NONE,NONE",
22.855642,2026-09-05T19:24:51.874+01:00,1325790,1611194,236,236,True,True,0x02,"NO_IRQ,OK,NO_IRQ,NO_IRQ","NONE,DELTA,NONE,NONE",
22.867269,2026-09-05T19:24:51.879+01:00,1326026,1611195,266,266,True,True,0x02,"NO_IRQ,OK,NO_IRQ,NO_IRQ","NONE,DELTA,NONE,NONE",
22.868039,2026-09-05T19:24:51.891+01:00,1326292,1611196,216,216,True,True,0x02,"NO_IRQ,OK,NO_IRQ,NO_IRQ","NONE,DELTA,NONE,NONE",
22.870643,2026-09-05T19:24:51.892+01:00,1326508,1611197,220,220,True,True,0x02,"NO_IRQ,OK,NO_IRQ,NO_IRQ","NONE,DELTA,NONE,NONE",
22.875416,2026-09-05T19:24:51.894+01:00,1326728,1611198,202,202,True,True,0x02,"NO_IRQ,OK,NO_IRQ,NO_IRQ","NONE,DELTA,NONE,NONE",
22.885262,2026-09-05T19:24:51.899+01:00,1326930,1611199,248,248,True,True,0x02,"NO_IRQ,OK,NO_IRQ,NO_IRQ","NONE,DELTA,NONE,NONE",
22.886089,2026-09-05T19:24:51.909+01:00,1327178,1611200,260,260,True,True,0x02,"NO_IRQ,OK,NO_IRQ,NO_IRQ","NONE,DELTA,NONE,NONE",
22.890566,2026-09-05T19:24:51.910+01:00,1327438,1611201,234,234,True,True,0x02,"NO_IRQ,OK,NO_IRQ,NO_IRQ","NONE,DELTA,NONE,NONE",
22.895750,2026-09-05T19:24:51.914+01:00,1327672,1611202,256,256,True,True,0x02,"NO_IRQ,OK,NO_IRQ,NO_IRQ","NONE,DELTA,NONE,NONE",
22.903385,2026-09-05T19:24:51.919+01:00,1327928,1611203,274,274,True,True,0x02,"NO_IRQ,OK,NO_IRQ,NO_IRQ","NONE,DELTA,NONE,NONE",
22.905374,2026-09-05T19:24:51.927+01:00,1328202,1611204,248,248,True,True,0x02,"NO_IRQ,OK,NO_IRQ,NO_IRQ","NONE,DELTA,NONE,NONE",
22.911258,2026-09-05T19:24:51.929+01:00,1328450,1611205,262,262,True,True,0x02,"NO_IRQ,OK,NO_IRQ,NO_IRQ","NONE,DELTA,NONE,NONE",
22.915807,2026-09-05T19:24:51.935+01:00,1328712,1611206,226,226,True,True,0x02,"NO_IRQ,OK,NO_IRQ,NO_IRQ","NONE,DELTA,NONE,NONE",
22.920413,2026-09-05T19:24:51.939+01:00,1328938,1611207,232,232,True,True,0x02,"NO_IRQ,OK,NO_IRQ,NO_IRQ","NONE,DELTA,NONE,NONE",
22.925257,2026-09-05T19:24:51.944+01:00,1329170,1611208,240,240,True,True,0x02,"NO_IRQ,OK,NO_IRQ,NO_IRQ","NONE,DELTA,NONE,NONE",
22.930356,2026-09-05T19:24:51.949+01:00,1329410,1611209,238,238,True,True,0x02,"NO_IRQ,OK,NO_IRQ,NO_IRQ","NONE,DELTA,NONE,NONE",
22.947018,2026-09-05T19:24:51.954+01:00,1329648,1611210,248,248,True,True,0x02,"NO_IRQ,OK,NO_IRQ,NO_IRQ","NONE,DELTA,NONE,NONE",
22.948100,2026-09-05T19:24:51.971+01:00,1329896,1611211,202,202,True,True,0x02,"NO_IRQ,OK,NO_IRQ,NO_IRQ","NONE,DELTA,NONE,NONE",
22.948749,2026-09-05T19:24:51.972+01:00,1330098,1611212,310,310,True,True,0x02,"NO_IRQ,OK,NO_IRQ,NO_IRQ","NONE,DELTA,NONE,NONE",
22.950724,2026-09-05T19:24:51.972+01:00,1330408,1611213,362,362,True,True,0x02,"NO_IRQ,OK,NO_IRQ,NO_IRQ","NONE,DELTA,NONE,NONE",
22.956045,2026-09-05T19:24:51.974+01:00,1330770,1611214,328,328,True,True,0x02,"NO_IRQ,OK,NO_IRQ,NO_IRQ","NONE,DELTA,NONE,NONE",
22.965286,2026-09-05T19:24:51.980+01:00,1331098,1611215,320,320,True,True,0x02,"NO_IRQ,OK,NO_IRQ,NO_IRQ","NONE,DELTA,NONE,NONE",
22.966105,2026-09-05T19:24:51.989+01:00,1331418,1611216,354,354,True,True,0x02,"NO_IRQ,OK,NO_IRQ,NO_IRQ","NONE,DELTA,NONE,NONE",
22.970782,2026-09-05T19:24:51.990+01:00,1331772,1611217,378,378,True,True,0x02,"NO_IRQ,OK,NO_IRQ,NO_IRQ","NONE,DELTA,NONE,NONE",
22.977978,2026-09-05T19:24:51.994+01:00,1332150,1611218,386,386,True,True,0x02,"NO_IRQ,OK,NO_IRQ,NO_IRQ","NONE,DELTA,NONE,NONE",
22.983628,2026-09-05T19:24:52.002+01:00,1332536,1611219,438,438,True,True,0x02,"NO_IRQ,OK,NO_IRQ,NO_IRQ","NONE,DELTA,NONE,NONE",
22.985615,2026-09-05T19:24:52.007+01:00,1332974,1611220,396,396,True,True,0x02,"NO_IRQ,OK,NO_IRQ,NO_IRQ","NONE,DELTA,NONE,NONE",
22.990625,2026-09-05T19:24:52.009+01:00,1333370,1611221,380,380,True,True,0x02,"NO_IRQ,OK,NO_IRQ,NO_IRQ","NONE,DELTA,NONE,NONE",
22.997702,2026-09-05T19:24:52.014+01:00,1333750,1611222,424,424,True,True,0x02,"NO_IRQ,OK,NO_IRQ,NO_IRQ","NONE,DELTA,NONE,NONE",
23.002144,2026-09-05T19:24:52.023+01:00,1334174,1611223,396,396,True,True,0x02,"NO_IRQ,OK,NO_IRQ,NO_IRQ","NONE,DELTA,NONE,NONE",
23.005756,2026-09-05T19:24:52.026+01:00,1334570,1611224,408,408,True,True,0x02,"NO_IRQ,OK,NO_IRQ,NO_IRQ","NONE,DELTA,NONE,NONE",
23.011913,2026-09-05T19:24:52.029+01:00,1334978,1611225,378,378,True,True,0x02,"NO_IRQ,OK,NO_IRQ,NO_IRQ","NONE,DELTA,NONE,NONE",
23.020112,2026-09-05T19:24:52.036+01:00,1335356,1611226,456,456,True,True,0x02,"NO_IRQ,OK,NO_IRQ,NO_IRQ","NONE,DELTA,NONE,NONE",
23.021124,2026-09-05T19:24:52.044+01:00,1335812,1611227,436,436,True,True,0x02,"NO_IRQ,OK,NO_IRQ,NO_IRQ","NONE,DELTA,NONE,NONE",
23.025851,2026-09-05T19:24:52.045+01:00,1336248,1611228,456,456,True,True,0x02,"NO_IRQ,OK,NO_IRQ,NO_IRQ","NONE,DELTA,NONE,NONE",
23.030963,2026-09-05T19:24:52.049+01:00,1336704,1611229,494,494,True,True,0x02,"NO_IRQ,OK,NO_IRQ,NO_IRQ","NONE,DELTA,NONE,NONE",
23.038901,2026-09-05T19:24:52.055+01:00,1337198,1611230,562,562,True,True,0x02,"NO_IRQ,OK,NO_IRQ,NO_IRQ","NONE,DELTA,NONE,NONE",
23.040806,2026-09-05T19:24:52.062+01:00,1337760,1611231,562,562,True,True,0x02,"NO_IRQ,OK,NO_IRQ,NO_IRQ","NONE,DELTA,NONE,NONE",
23.046392,2026-09-05T19:24:52.064+01:00,1338322,1611232,592,592,True,True,0x02,"NO_IRQ,OK,NO_IRQ,NO_IRQ","NONE,DELTA,NONE,NONE",
23.056913,2026-09-05T19:24:52.070+01:00,1338914,1611233,652,652,True,True,0x02,"NO_IRQ,OK,NO_IRQ,NO_IRQ","NONE,DELTA,NONE,NONE",
23.057832,2026-09-05T19:24:52.081+01:00,1339566,1611234,706,706,True,True,0x02,"NO_IRQ,OK,NO_IRQ,NO_IRQ","NONE,DELTA,NONE,NONE",
23.061661,2026-09-05T19:24:52.081+01:00,1340272,1611235,654,654,True,True,0x02,"NO_IRQ,OK,NO_IRQ,NO_IRQ","NONE,DELTA,NONE,NONE",
23.066215,2026-09-05T19:24:52.085+01:00,1340926,1611236,712,712,True,True,0x02,"NO_IRQ,OK,NO_IRQ,NO_IRQ","NONE,DELTA,NONE,NONE",
23.074906,2026-09-05T19:24:52.090+01:00,1341638,1611237,728,728,True,True,0x02,"NO_IRQ,OK,NO_IRQ,NO_IRQ","NONE,DELTA,NONE,NONE",
23.076250,2026-09-05T19:24:52.098+01:00,1342366,1611238,740,740,True,True,0x02,"NO_IRQ,OK,NO_IRQ,NO_IRQ","NONE,DELTA,NONE,NONE",
23.081673,2026-09-05T19:24:52.100+01:00,1343106,1611239,740,740,True,True,0x02,"NO_IRQ,OK,NO_IRQ,NO_IRQ","NONE,DELTA,NONE,NONE",
23.087710,2026-09-05T19:24:52.105+01:00,1343846,1611240,740,740,True,True,0x02,"NO_IRQ,OK,NO_IRQ,NO_IRQ","NONE,DELTA,NONE,NONE",
23.092154,2026-09-05T19:24:52.111+01:00,1344586,1611241,764,764,True,True,0x02,"NO_IRQ,OK,NO_IRQ,NO_IRQ","NONE,DELTA,NONE,NONE",
23.097319,2026-09-05T19:24:52.116+01:00,1345350,1611242,766,766,True,True,0x02,"NO_IRQ,OK,NO_IRQ,NO_IRQ","NONE,DELTA,NONE,NONE",
23.102268,2026-09-05T19:24:52.121+01:00,1346116,1611243,842,842,True,True,0x02,"NO_IRQ,OK,NO_IRQ,NO_IRQ","NONE,DELTA,NONE,NONE",
23.115646,2026-09-05T19:24:52.126+01:00,1346958,1611244,830,830,True,True,0x02,"NO_IRQ,OK,NO_IRQ,NO_IRQ","NONE,DELTA,NONE,NONE",
23.116020,2026-09-05T19:24:52.139+01:00,1347788,1611245,1084,1084,True,True,0x02,"NO_IRQ,OK,NO_IRQ,NO_IRQ","NONE,DELTA_SYNC,NONE,NONE",
23.126432,2026-09-05T19:24:52.140+01:00,1348872,1611246,850,850,True,True,0x02,"NO_IRQ,OK,NO_IRQ,NO_IRQ","NONE,DELTA,NONE,NONE",
23.130324,2026-09-05T19:24:52.150+01:00,1349722,1611247,822,822,True,True,0x02,"NO_IRQ,OK,NO_IRQ,NO_IRQ","NONE,DELTA,NONE,NONE",
23.131538,2026-09-05T19:24:52.154+01:00,1350544,1611248,812,812,True,True,0x02,"NO_IRQ,OK,NO_IRQ,NO_IRQ","NONE,DELTA,NONE,NONE",
23.133364,2026-09-05T19:24:52.155+01:00,1351356,1611249,848,848,True,True,0x02,"NO_IRQ,OK,NO_IRQ,NO_IRQ","NONE,DELTA,NONE,NONE",
23.138694,2026-09-05T19:24:52.157+01:00,1352204,1611250,830,830,True,True,0x02,"NO_IRQ,OK,NO_IRQ,NO_IRQ","NONE,DELTA,NONE,NONE",
23.149430,2026-09-05T19:24:52.162+01:00,1353034,1611251,948,948,True,True,0x02,"NO_IRQ,OK,NO_IRQ,NO_IRQ","NONE,DELTA,NONE,NONE",
23.150339,2026-09-05T19:24:52.173+01:00,1353982,1611252,906,906,True,True,0x02,"NO_IRQ,OK,NO_IRQ,NO_IRQ","NONE,DELTA,NONE,NONE",
23.154989,2026-09-05T19:24:52.174+01:00,1354888,1611253,976,976,True,True,0x02,"NO_IRQ,OK,NO_IRQ,NO_IRQ","NONE,DELTA,NONE,NONE",
23.161221,2026-09-05T19:24:52.179+01:00,1355864,1611254,918,918,True,True,0x02,"NO_IRQ,OK,NO_IRQ,NO_IRQ","NONE,DELTA,NONE,NONE",
23.168612,2026-09-05T19:24:52.185+01:00,1356782,1611255,1022,1022,True,True,0x02,"NO_IRQ,OK,NO_IRQ,NO_IRQ","NONE,DELTA,NONE,NONE",
23.171119,2026-09-05T19:24:52.192+01:00,1357804,1611256,1016,1016,True,True,0x02,"NO_IRQ,OK,NO_IRQ,NO_IRQ","NONE,DELTA,NONE,NONE",
23.177060,2026-09-05T19:24:52.195+01:00,1358820,1611257,912,912,True,True,0x02,"NO_IRQ,OK,NO_IRQ,NO_IRQ","NONE,DELTA,NONE,NONE",
23.187839,2026-09-05T19:24:52.201+01:00,1359732,1611258,872,872,True,True,0x02,"NO_IRQ,OK,NO_IRQ,NO_IRQ","NONE,DELTA,NONE,NONE",
23.189745,2026-09-05T19:24:52.211+01:00,1360604,1611259,860,860,True,True,0x02,"NO_IRQ,OK,NO_IRQ,NO_IRQ","NONE,DELTA,NONE,NONE",
23.192582,2026-09-05T19:24:52.213+01:00,1361464,1611260,934,934,True,True,0x02,"NO_IRQ,OK,NO_IRQ,NO_IRQ","NONE,DELTA,NONE,NONE",
23.198109,2026-09-05T19:24:52.216+01:00,1362398,1611261,896,896,True,True,0x02,"NO_IRQ,OK,NO_IRQ,NO_IRQ","NONE,DELTA,NONE,NONE",
23.207676,2026-09-05T19:24:52.222+01:00,1363294,1611262,868,868,True,True,0x02,"NO_IRQ,OK,NO_IRQ,NO_IRQ","NONE,DELTA,NONE,NONE",
23.208475,2026-09-05T19:24:52.231+01:00,1364162,1611263,842,842,True,True,0x02,"NO_IRQ,OK,NO_IRQ,NO_IRQ","NONE,DELTA,NONE,NONE",
23.213712,2026-09-05T19:24:52.232+01:00,1365004,1611264,886,886,True,True,0x02,"NO_IRQ,OK,NO_IRQ,NO_IRQ","NONE,DELTA,NONE,NONE",
23.218618,2026-09-05T19:24:52.238+01:00,1365890,1611265,748,748,True,True,0x02,"NO_IRQ,OK,NO_IRQ,NO_IRQ","NONE,DELTA,NONE,NONE",
23.225760,2026-09-05T19:24:52.242+01:00,1366638,1611266,724,724,True,True,0x02,"NO_IRQ,OK,NO_IRQ,NO_IRQ","NONE,DELTA,NONE,NONE",
23.229237,2026-09-05T19:24:52.249+01:00,1367362,1611267,710,710,True,True,0x02,"NO_IRQ,OK,NO_IRQ,NO_IRQ","NONE,DELTA,NONE,NONE",
23.233876,2026-09-05T19:24:52.253+01:00,1368072,1611268,662,662,True,True,0x02,"NO_IRQ,OK,NO_IRQ,NO_IRQ","NONE,DELTA,NONE,NONE",
23.245171,2026-09-05T19:24:52.258+01:00,1368734,1611269,596,596,True,True,0x02,"NO_IRQ,OK,NO_IRQ,NO_IRQ","NONE,DELTA,NONE,NONE",
23.246126,2026-09-05T19:24:52.269+01:00,1369330,1611270,518,518,True,True,0x02,"NO_IRQ,OK,NO_IRQ,NO_IRQ","NONE,DELTA,NONE,NONE",
23.248855,2026-09-05T19:24:52.270+01:00,1369848,1611271,608,608,True,True,0x02,"NO_IRQ,OK,NO_IRQ,NO_IRQ","NONE,DELTA,NONE,NONE",
23.253728,2026-09-05T19:24:52.272+01:00,1370456,1611272,598,598,True,True,0x02,"NO_IRQ,OK,NO_IRQ,NO_IRQ","NONE,DELTA,NONE,NONE",
23.263356,2026-09-05T19:24:52.278+01:00,1371054,1611273,514,514,True,True,0x02,"NO_IRQ,OK,NO_IRQ,NO_IRQ","NONE,DELTA,NONE,NONE",
23.264653,2026-09-05T19:24:52.287+01:00,1371568,1611274,508,508,True,True,0x02,"NO_IRQ,OK,NO_IRQ,NO_IRQ","NONE,DELTA,NONE,NONE",
23.268687,2026-09-05T19:24:52.288+01:00,1372076,1611275,538,538,True,True,0x02,"NO_IRQ,OK,NO_IRQ,NO_IRQ","NONE,DELTA,NONE,NONE",
23.273505,2026-09-05T19:24:52.292+01:00,1372614,1611276,544,544,True,True,0x02,"NO_IRQ,OK,NO_IRQ,NO_IRQ","NONE,DELTA,NONE,NONE",
23.278427,2026-09-05T19:24:52.297+01:00,1373158,1611277,498,498,True,True,0x02,"NO_IRQ,OK,NO_IRQ,NO_IRQ","NONE,DELTA,NONE,NONE",
23.283608,2026-09-05T19:24:52.302+01:00,1373656,1611278,412,412,True,True,0x02,"NO_IRQ,OK,NO_IRQ,NO_IRQ","NONE,DELTA,NONE,NONE",
23.288279,2026-09-05T19:24:52.307+01:00,1374068,1611279,492,492,True,True,0x02,"NO_IRQ,OK,NO_IRQ,NO_IRQ","NONE,DELTA,NONE,NONE",
23.293651,2026-09-05T19:24:52.312+01:00,1374560,1611280,510,510,True,True,0x02,"NO_IRQ,OK,NO_IRQ,NO_IRQ","NONE,DELTA,NONE,NONE",
23.298429,2026-09-05T19:24:52.317+01:00,1375070,1611281,488,488,True,True,0x02,"NO_IRQ,OK,NO_IRQ,NO_IRQ","NONE,DELTA,NONE,NONE",
23.311283,2026-09-05T19:24:52.322+01:00,1375558,1611282,456,456,True,True,0x02,"NO_IRQ,OK,NO_IRQ,NO_IRQ","NONE,DELTA,NONE,NONE",
23.311755,2026-09-05T19:24:52.335+01:00,1376014,1611283,426,426,True,True,0x02,"NO_IRQ,OK,NO_IRQ,NO_IRQ","NONE,DELTA,NONE,NONE",
23.313679,2026-09-05T19:24:52.336+01:00,1376440,1611284,494,494,True,True,0x02,"NO_IRQ,OK,NO_IRQ,NO_IRQ","NONE,DELTA,NONE,NONE",
23.318392,2026-09-05T19:24:52.337+01:00,1376934,1611285,374,374,True,True,0x02,"NO_IRQ,OK,NO_IRQ,NO_IRQ","NONE,DELTA,NONE,NONE",
23.329507,2026-09-05T19:24:52.342+01:00,1377308,1611286,370,370,True,True,0x02,"NO_IRQ,OK,NO_IRQ,NO_IRQ","NONE,DELTA,NONE,NONE",
23.330396,2026-09-05T19:24:52.353+01:00,1377678,1611287,464,464,True,True,0x02,"NO_IRQ,OK,NO_IRQ,NO_IRQ","NONE,DELTA,NONE,NONE",
23.333372,2026-09-05T19:24:52.354+01:00,1378142,1611288,424,424,True,True,0x02,"NO_IRQ,OK,NO_IRQ,NO_IRQ","NONE,DELTA,NONE,NONE",
23.338066,2026-09-05T19:24:52.357+01:00,1378566,1611289,384,384,True,True,0x02,"NO_IRQ,OK,NO_IRQ,NO_IRQ","NONE,DELTA,NONE,NONE",
23.347377,2026-09-05T19:24:52.362+01:00,1378950,1611290,374,374,True,True,0x02,"NO_IRQ,OK,NO_IRQ,NO_IRQ","NONE,DELTA,NONE,NONE",
23.348185,2026-09-05T19:24:52.371+01:00,1379324,1611291,472,472,True,True,0x02,"NO_IRQ,OK,NO_IRQ,NO_IRQ","NONE,DELTA,NONE,NONE",
23.353227,2026-09-05T19:24:52.372+01:00,1379796,1611292,420,420,True,True,0x02,"NO_IRQ,OK,NO_IRQ,NO_IRQ","NONE,DELTA,NONE,NONE",
23.357946,2026-09-05T19:24:52.377+01:00,1380216,1611293,364,364,True,True,0x02,"NO_IRQ,OK,NO_IRQ,NO_IRQ","NONE,DELTA,NONE,NONE",
23.366154,2026-09-05T19:24:52.381+01:00,1380580,1611294,380,380,True,True,0x02,"NO_IRQ,OK,NO_IRQ,NO_IRQ","NONE,DELTA,NONE,NONE",
23.368411,2026-09-05T19:24:52.390+01:00,1380960,1611295,418,418,True,True,0x02,"NO_IRQ,OK,NO_IRQ,NO_IRQ","NONE,DELTA,NONE,NONE",
23.373382,2026-09-05T19:24:52.392+01:00,1381378,1611296,416,416,True,True,0x02,"NO_IRQ,OK,NO_IRQ,NO_IRQ","NONE,DELTA,NONE,NONE",
23.384005,2026-09-05T19:24:52.397+01:00,1381794,1611297,400,400,True,True,0x02,"NO_IRQ,OK,NO_IRQ,NO_IRQ","NONE,DELTA,NONE,NONE",
23.384722,2026-09-05T19:24:52.408+01:00,1382194,1611298,436,436,True,True,0x02,"NO_IRQ,OK,NO_IRQ,NO_IRQ","NONE,DELTA,NONE,NONE",
23.388485,2026-09-05T19:24:52.408+01:00,1382630,1611299,448,448,True,True,0x02,"NO_IRQ,OK,NO_IRQ,NO_IRQ","NONE,DELTA,NONE,NONE",
23.393675,2026-09-05T19:24:52.412+01:00,1383078,1611300,434,434,True,True,0x02,"NO_IRQ,OK,NO_IRQ,NO_IRQ","NONE,DELTA,NONE,NONE",
23.401938,2026-09-05T19:24:52.417+01:00,1383512,1611301,350,350,True,True,0x02,"NO_IRQ,OK,NO_IRQ,NO_IRQ","NONE,DELTA,NONE,NONE",
23.403135,2026-09-05T19:24:52.426+01:00,1383862,1611302,374,374,True,True,0x02,"NO_IRQ,OK,NO_IRQ,NO_IRQ","NONE,DELTA,NONE,NONE",
23.408504,2026-09-05T19:24:52.427+01:00,1384236,1611303,392,392,True,True,0x02,"NO_IRQ,OK,NO_IRQ,NO_IRQ","NONE,DELTA,NONE,NONE",
23.414607,2026-09-05T19:24:52.432+01:00,1384628,1611304,448,448,True,True,0x02,"NO_IRQ,OK,NO_IRQ,NO_IRQ","NONE,DELTA,NONE,NONE",
23.419870,2026-09-05T19:24:52.439+01:00,1385076,1611305,410,410,True,True,0x02,"NO_IRQ,OK,NO_IRQ,NO_IRQ","NONE,DELTA,NONE,NONE",
23.423169,2026-09-05T19:24:52.444+01:00,1385486,1611306,346,346,True,True,0x02,"NO_IRQ,OK,NO_IRQ,NO_IRQ","NONE,DELTA,NONE,NONE",
23.428387,2026-09-05T19:24:52.447+01:00,1385832,1611307,414,414,True,True,0x02,"NO_IRQ,OK,NO_IRQ,NO_IRQ","NONE,DELTA,NONE,NONE",
23.438012,2026-09-05T19:24:52.452+01:00,1386246,1611308,460,460,True,True,0x02,"NO_IRQ,OK,NO_IRQ,NO_IRQ","NONE,DELTA,NONE,NONE",
23.438974,2026-09-05T19:24:52.462+01:00,1386706,1611309,382,382,True,True,0x02,"NO_IRQ,OK,NO_IRQ,NO_IRQ","NONE,DELTA,NONE,NONE",
23.443606,2026-09-05T19:24:52.463+01:00,1387088,1611310,396,396,True,True,0x02,"NO_IRQ,OK,NO_IRQ,NO_IRQ","NONE,DELTA,NONE,NONE",
23.448082,2026-09-05T19:24:52.467+01:00,1387484,1611311,408,408,True,True,0x02,"NO_IRQ,OK,NO_IRQ,NO_IRQ","NONE,DELTA,NONE,NONE",
23.453618,2026-09-05T19:24:52.472+01:00,1387892,1611312,418,418,True,True,0x02,"NO_IRQ,OK,NO_IRQ,NO_IRQ","NONE,DELTA,NONE,NONE",
23.458060,2026-09-05T19:24:52.477+01:00,1388310,1611313,392,392,True,True,0x02,"NO_IRQ,OK,NO_IRQ,NO_IRQ","NONE,DELTA,NONE,NONE",
23.462997,2026-09-05T19:24:52.482+01:00,1388702,1611314,436,436,True,True,0x02,"NO_IRQ,OK,NO_IRQ,NO_IRQ","NONE,DELTA,NONE,NONE",
23.467960,2026-09-05T19:24:52.487+01:00,1389138,1611315,462,462,True,True,0x02,"NO_IRQ,OK,NO_IRQ,NO_IRQ","NONE,DELTA,NONE,NONE",
23.477832,2026-09-05T19:24:52.492+01:00,1389600,1611316,460,460,True,True,0x02,"NO_IRQ,OK,NO_IRQ,NO_IRQ","NONE,DELTA,NONE,NONE",
23.478232,2026-09-05T19:24:52.501+01:00,1390060,1611317,414,414,True,True,0x02,"NO_IRQ,OK,NO_IRQ,NO_IRQ","NONE,DELTA,NONE,NONE",
23.491792,2026-09-05T19:24:52.502+01:00,1390474,1611318,446,446,True,True,0x02,"NO_IRQ,OK,NO_IRQ,NO_IRQ","NONE,DELTA,NONE,NONE",
23.492990,2026-09-05T19:24:52.515+01:00,1390920,1611319,470,470,True,True,0x02,"NO_IRQ,OK,NO_IRQ,NO_IRQ","NONE,DELTA,NONE,NONE",
23.493663,2026-09-05T19:24:52.517+01:00,1391390,1611320,466,466,True,True,0x02,"NO_IRQ,OK,NO_IRQ,NO_IRQ","NONE,DELTA,NONE,NONE",
23.497996,2026-09-05T19:24:52.518+01:00,1391856,1611321,408,408,True,True,0x02,"NO_IRQ,OK,NO_IRQ,NO_IRQ","NONE,DELTA,NONE,NONE",
23.503073,2026-09-05T19:24:52.522+01:00,1392264,1611322,416,416,True,True,0x02,"NO_IRQ,OK,NO_IRQ,NO_IRQ","NONE,DELTA,NONE,NONE",
23.510228,2026-09-05T19:24:52.527+01:00,1392680,1611323,498,498,True,True,0x02,"NO_IRQ,OK,NO_IRQ,NO_IRQ","NONE,DELTA,NONE,NONE",
23.513418,2026-09-05T19:24:52.534+01:00,1393178,1611324,490,490,True,True,0x02,"NO_IRQ,OK,NO_IRQ,NO_IRQ","NONE,DELTA,NONE,NONE",
23.517934,2026-09-05T19:24:52.537+01:00,1393668,1611325,438,438,True,True,0x02,"NO_IRQ,OK,NO_IRQ,NO_IRQ","NONE,DELTA,NONE,NONE",
23.526343,2026-09-05T19:24:52.541+01:00,1394106,1611326,432,432,True,True,0x02,"NO_IRQ,OK,NO_IRQ,NO_IRQ","NONE,DELTA,NONE,NONE",
23.528890,2026-09-05T19:24:52.550+01:00,1394538,1611327,484,484,True,True,0x02,"NO_IRQ,OK,NO_IRQ,NO_IRQ","NONE,DELTA,NONE,NONE",
23.533191,2026-09-05T19:24:52.552+01:00,1395022,1611328,476,476,True,True,0x02,"NO_IRQ,OK,NO_IRQ,NO_IRQ","NONE,DELTA,NONE,NONE",
23.543743,2026-09-05T19:24:52.557+01:00,1395498,1611329,528,528,True,True,0x02,"NO_IRQ,OK,NO_IRQ,NO_IRQ","NONE,DELTA,NONE,NONE",
23.544844,2026-09-05T19:24:52.567+01:00,1396026,1611330,528,528,True,True,0x02,"NO_IRQ,OK,NO_IRQ,NO_IRQ","NONE,DELTA,NONE,NONE",
23.548299,2026-09-05T19:24:52.568+01:00,1396554,1611331,524,524,True,True,0x02,"NO_IRQ,OK,NO_IRQ,NO_IRQ","NONE,DELTA,NONE,NONE",
23.553039,2026-09-05T19:24:52.572+01:00,1397078,1611332,566,566,True,True,0x02,"NO_IRQ,OK,NO_IRQ,NO_IRQ","NONE,DELTA,NONE,NONE",
23.561112,2026-09-05T19:24:52.577+01:00,1397644,1611333,582,582,True,True,0x02,"NO_IRQ,OK,NO_IRQ,NO_IRQ","NONE,DELTA,NONE,NONE",
23.563086,2026-09-05T19:24:52.585+01:00,1398226,1611334,566,566,True,True,0x02,"NO_IRQ,OK,NO_IRQ,NO_IRQ","NONE,DELTA,NONE,NONE",
23.568215,2026-09-05T19:24:52.587+01:00,1398792,1611335,608,608,True,True,0x02,"NO_IRQ,OK,NO_IRQ,NO_IRQ","NONE,DELTA,NONE,NONE",
23.578252,2026-09-05T19:24:52.592+01:00,1399400,1611336,628,628,True,True,0x02,"NO_IRQ,OK,NO_IRQ,NO_IRQ","NONE,DELTA,NONE,NONE",
23.579303,2026-09-05T19:24:52.602+01:00,1400028,1611337,710,710,True,True,0x02,"NO_IRQ,OK,NO_IRQ,NO_IRQ","NONE,DELTA,NONE,NONE",
23.584398,2026-09-05T19:24:52.603+01:00,1400738,1611338,970,970,True,True,0x02,"NO_IRQ,OK,NO_IRQ,NO_IRQ","NONE,DELTA,NONE,NONE",
23.588819,2026-09-05T19:24:52.608+01:00,1401708,1611339,770,770,True,True,0x02,"NO_IRQ,OK,NO_IRQ,NO_IRQ","NONE,DELTA,NONE,NONE",
23.597020,2026-09-05T19:24:52.612+01:00,1402478,1611340,804,804,True,True,0x02,"NO_IRQ,OK,NO_IRQ,NO_IRQ","NONE,DELTA,NONE,NONE",
23.599785,2026-09-05T19:24:52.621+01:00,1403282,1611341,886,886,True,True,0x02,"NO_IRQ,OK,NO_IRQ,NO_IRQ","NONE,DELTA,NONE,NONE",
23.605278,2026-09-05T19:24:52.624+01:00,1404168,1611342,882,882,True,True,0x02,"NO_IRQ,OK,NO_IRQ,NO_IRQ","NONE,DELTA,NONE,NONE",
23.615729,2026-09-05T19:24:52.629+01:00,1405050,1611343,822,822,True,True,0x02,"NO_IRQ,OK,NO_IRQ,NO_IRQ","NONE,DELTA,NONE,NONE",
23.616817,2026-09-05T19:24:52.639+01:00,1405872,1611344,884,884,True,True,0x02,"NO_IRQ,OK,NO_IRQ,NO_IRQ","NONE,DELTA,NONE,NONE",
23.621235,2026-09-05T19:24:52.640+01:00,1406756,1611345,958,958,True,True,0x02,"NO_IRQ,OK,NO_IRQ,NO_IRQ","NONE,DELTA,NONE,NONE",
23.626743,2026-09-05T19:24:52.645+01:00,1407714,1611346,954,954,True,True,0x02,"NO_IRQ,OK,NO_IRQ,NO_IRQ","NONE,DELTA,NONE,NONE",
23.632242,2026-09-05T19:24:52.651+01:00,1408668,1611347,948,948,True,True,0x02,"NO_IRQ,OK,NO_IRQ,NO_IRQ","NONE,DELTA,NONE,NONE",
23.637050,2026-09-05T19:24:52.656+01:00,1409616,1611348,1000,1000,True,True,0x02,"NO_IRQ,OK,NO_IRQ,NO_IRQ","NONE,DELTA,NONE,NONE",
23.642465,2026-09-05T19:24:52.661+01:00,1410616,1611349,1046,1046,True,True,0x02,"NO_IRQ,OK,NO_IRQ,NO_IRQ","NONE,DELTA,NONE,NONE",
23.659556,2026-09-05T19:24:52.666+01:00,1411662,1611350,978,978,True,True,0x02,"NO_IRQ,OK,NO_IRQ,NO_IRQ","NONE,DELTA,NONE,NONE",
23.660432,2026-09-05T19:24:52.683+01:00,1412640,1611351,974,974,True,True,0x02,"NO_IRQ,OK,NO_IRQ,NO_IRQ","NONE,DELTA,NONE,NONE",
23.661810,2026-09-05T19:24:52.684+01:00,1413614,1611352,1034,1034,True,True,0x02,"NO_IRQ,OK,NO_IRQ,NO_IRQ","NONE,DELTA,NONE,NONE",
23.663935,2026-09-05T19:24:52.685+01:00,1414648,1611353,1084,1084,True,True,0x02,"NO_IRQ,OK,NO_IRQ,NO_IRQ","NONE,DELTA_SYNC,NONE,NONE",
23.669009,2026-09-05T19:24:52.687+01:00,1415732,1611354,1084,1084,True,True,0x02,"NO_IRQ,OK,NO_IRQ,NO_IRQ","NONE,DELTA_SYNC,NONE,NONE",
23.677537,2026-09-05T19:24:52.693+01:00,1416816,1611355,1084,1084,True,True,0x02,"NO_IRQ,OK,NO_IRQ,NO_IRQ","NONE,DELTA_SYNC,NONE,NONE",
23.680580,2026-09-05T19:24:52.702+01:00,1417900,1611356,1058,1058,True,True,0x02,"NO_IRQ,OK,NO_IRQ,NO_IRQ","NONE,DELTA,NONE,NONE",
23.685765,2026-09-05T19:24:52.704+01:00,1418958,1611357,998,998,True,True,0x02,"NO_IRQ,OK,NO_IRQ,NO_IRQ","NONE,DELTA,NONE,NONE",
23.694950,2026-09-05T19:24:52.709+01:00,1419956,1611358,882,882,True,True,0x02,"NO_IRQ,OK,NO_IRQ,NO_IRQ","NONE,DELTA,NONE,NONE",
23.695916,2026-09-05T19:24:52.719+01:00,1420838,1611359,792,792,True,True,0x02,"NO_IRQ,OK,NO_IRQ,NO_IRQ","NONE,DELTA,NONE,NONE",
23.701341,2026-09-05T19:24:52.720+01:00,1421630,1611360,780,780,True,True,0x02,"NO_IRQ,OK,NO_IRQ,NO_IRQ","NONE,DELTA,NONE,NONE",
23.711763,2026-09-05T19:24:52.725+01:00,1422410,1611361,764,764,True,True,0x02,"NO_IRQ,OK,NO_IRQ,NO_IRQ","NONE,DELTA,NONE,NONE",
23.712891,2026-09-05T19:24:52.735+01:00,1423174,1611362,644,644,True,True,0x02,"NO_IRQ,OK,NO_IRQ,NO_IRQ","NONE,DELTA,NONE,NONE",
23.716226,2026-09-05T19:24:52.736+01:00,1423818,1611363,604,604,True,True,0x02,"NO_IRQ,OK,NO_IRQ,NO_IRQ","NONE,DELTA,NONE,NONE",
23.721044,2026-09-05T19:24:52.740+01:00,1424422,1611364,584,584,True,True,0x02,"NO_IRQ,OK,NO_IRQ,NO_IRQ","NONE,DELTA,NONE,NONE",
23.728888,2026-09-05T19:24:52.745+01:00,1425006,1611365,594,594,True,True,0x02,"NO_IRQ,OK,NO_IRQ,NO_IRQ","NONE,DELTA,NONE,NONE",
23.731268,2026-09-05T19:24:52.753+01:00,1425600,1611366,572,572,True,True,0x02,"NO_IRQ,OK,NO_IRQ,NO_IRQ","NONE,DELTA,NONE,NONE",
23.736231,2026-09-05T19:24:52.755+01:00,1426172,1611367,562,562,True,True,0x02,"NO_IRQ,OK,NO_IRQ,NO_IRQ","NONE,DELTA,NONE,NONE",
23.746318,2026-09-05T19:24:52.760+01:00,1426734,1611368,560,560,True,True,0x02,"NO_IRQ,OK,NO_IRQ,NO_IRQ","NONE,DELTA,NONE,NONE",
23.747149,2026-09-05T19:24:52.770+01:00,1427294,1611369,494,494,True,True,0x02,"NO_IRQ,OK,NO_IRQ,NO_IRQ","NONE,DELTA,NONE,NONE",
23.751129,2026-09-05T19:24:52.771+01:00,1427788,1611370,488,488,True,True,0x02,"NO_IRQ,OK,NO_IRQ,NO_IRQ","NONE,DELTA,NONE,NONE",
23.755997,2026-09-05T19:24:52.775+01:00,1428276,1611371,474,474,True,True,0x02,"NO_IRQ,OK,NO_IRQ,NO_IRQ","NONE,DELTA,NONE,NONE",
23.763840,2026-09-05T19:24:52.780+01:00,1428750,1611372,528,528,True,True,0x02,"NO_IRQ,OK,NO_IRQ,NO_IRQ","NONE,DELTA,NONE,NONE",
23.765863,2026-09-05T19:24:52.788+01:00,1429278,1611373,508,508,True,True,0x02,"NO_IRQ,OK,NO_IRQ,NO_IRQ","NONE,DELTA,NONE,NONE",
23.771208,2026-09-05T19:24:52.789+01:00,1429786,1611374,550,550,True,True,0x02,"NO_IRQ,OK,NO_IRQ,NO_IRQ","NONE,DELTA,NONE,NONE",
23.780626,2026-09-05T19:24:52.795+01:00,1430336,1611375,566,566,True,True,0x02,"NO_IRQ,OK,NO_IRQ,NO_IRQ","NONE,DELTA,NONE,NONE",
23.781429,2026-09-05T19:24:52.804+01:00,1430902,1611376,514,514,True,True,0x02,"NO_IRQ,OK,NO_IRQ,NO_IRQ","NONE,DELTA,NONE,NONE",
23.786145,2026-09-05T19:24:52.805+01:00,1431416,1611377,492,492,True,True,0x02,"NO_IRQ,OK,NO_IRQ,NO_IRQ","NONE,DELTA,NONE,NONE",
23.792172,2026-09-05T19:24:52.810+01:00,1431908,1611378,452,452,True,True,0x02,"NO_IRQ,OK,NO_IRQ,NO_IRQ","NONE,DELTA,NONE,NONE",
23.796123,2026-09-05T19:24:52.816+01:00,1432360,1611379,496,496,True,True,0x02,"NO_IRQ,OK,NO_IRQ,NO_IRQ","NONE,DELTA,NONE,NONE",
23.800884,2026-09-05T19:24:52.820+01:00,1432856,1611380,504,504,True,True,0x02,"NO_IRQ,OK,NO_IRQ,NO_IRQ","NONE,DELTA,NONE,NONE",
23.805672,2026-09-05T19:24:52.824+01:00,1433360,1611381,458,458,True,True,0x02,"NO_IRQ,OK,NO_IRQ,NO_IRQ","NONE,DELTA,NONE,NONE",
23.810761,2026-09-05T19:24:52.829+01:00,1433818,1611382,456,456,True,True,0x02,"NO_IRQ,OK,NO_IRQ,NO_IRQ","NONE,DELTA,NONE,NONE",
23.822413,2026-09-05T19:24:52.834+01:00,1434274,1611383,510,510,True,True,0x02,"NO_IRQ,OK,NO_IRQ,NO_IRQ","NONE,DELTA,NONE,NONE",
23.822819,2026-09-05T19:24:52.846+01:00,1434784,1611384,462,462,True,True,0x02,"NO_IRQ,OK,NO_IRQ,NO_IRQ","NONE,DELTA,NONE,NONE",
23.836279,2026-09-05T19:24:52.846+01:00,1435246,1611385,504,504,True,True,0x02,"NO_IRQ,OK,NO_IRQ,NO_IRQ","NONE,DELTA,NONE,NONE",
23.837255,2026-09-05T19:24:52.860+01:00,1435750,1611386,546,546,True,True,0x02,"NO_IRQ,OK,NO_IRQ,NO_IRQ","NONE,DELTA,NONE,NONE",
23.837965,2026-09-05T19:24:52.861+01:00,1436296,1611387,592,592,True,True,0x02,"NO_IRQ,OK,NO_IRQ,NO_IRQ","NONE,DELTA,NONE,NONE",
23.841014,2026-09-05T19:24:52.862+01:00,1436888,1611388,610,610,True,True,0x02,"NO_IRQ,OK,NO_IRQ,NO_IRQ","NONE,DELTA,NONE,NONE",
23.846229,2026-09-05T19:24:52.865+01:00,1437498,1611389,594,594,True,True,0x02,"NO_IRQ,OK,NO_IRQ,NO_IRQ","NONE,DELTA,NONE,NONE",
23.854203,2026-09-05T19:24:52.870+01:00,1438092,1611390,506,506,True,True,0x02,"NO_IRQ,OK,NO_IRQ,NO_IRQ","NONE,DELTA,NONE,NONE",
23.856077,2026-09-05T19:24:52.878+01:00,1438598,1611391,440,440,True,True,0x02,"NO_IRQ,OK,NO_IRQ,NO_IRQ","NONE,DELTA,NONE,NONE",
23.861028,2026-09-05T19:24:52.880+01:00,1439038,1611392,406,406,True,True,0x02,"NO_IRQ,OK,NO_IRQ,NO_IRQ","NONE,DELTA,NONE,NONE",
23.871095,2026-09-05T19:24:52.885+01:00,1439444,1611393,356,356,True,True,0x02,"NO_IRQ,OK,NO_IRQ,NO_IRQ","NONE,DELTA,NONE,NONE",
23.871949,2026-09-05T19:24:52.895+01:00,1439800,1611394,334,334,True,True,0x02,"NO_IRQ,OK,NO_IRQ,NO_IRQ","NONE,DELTA,NONE,NONE",
23.875643,2026-09-05T19:24:52.896+01:00,1440134,1611395,316,316,True,True,0x02,"NO_IRQ,OK,NO_IRQ,NO_IRQ","NONE,DELTA,NONE,NONE",
23.880528,2026-09-05T19:24:52.899+01:00,1440450,1611396,278,278,True,True,0x02,"NO_IRQ,OK,NO_IRQ,NO_IRQ","NONE,DELTA,NONE,NONE",
23.887769,2026-09-05T19:24:52.904+01:00,1440728,1611397,266,266,True,True,0x02,"NO_IRQ,OK,NO_IRQ,NO_IRQ","NONE,DELTA,NONE,NONE",
23.890685,2026-09-05T19:24:52.911+01:00,1440994,1611398,250,250,True,True,0x02,"NO_IRQ,OK,NO_IRQ,NO_IRQ","NONE,DELTA,NONE,NONE",
23.895480,2026-09-05T19:24:52.914+01:00,1441244,1611399,242,242,True,True,0x02,"NO_IRQ,OK,NO_IRQ,NO_IRQ","NONE,DELTA,NONE,NONE",
23.904327,2026-09-05T19:24:52.919+01:00,1441486,1611400,276,276,True,True,0x02,"NO_IRQ,OK,NO_IRQ,NO_IRQ","NONE,DELTA,NONE,NONE",
23.905575,2026-09-05T19:24:52.928+01:00,1441762,1611401,258,258,True,True,0x02,"NO_IRQ,OK,NO_IRQ,NO_IRQ","NONE,DELTA,NONE,NONE",
23.910805,2026-09-05T19:24:52.929+01:00,1442020,1611402,264,264,True,True,0x02,"NO_IRQ,OK,NO_IRQ,NO_IRQ","NONE,DELTA,NONE,NONE",
23.915267,2026-09-05T19:24:52.934+01:00,1442284,1611403,264,264,True,True,0x02,"NO_IRQ,OK,NO_IRQ,NO_IRQ","NONE,DELTA,NONE,NONE",
23.921725,2026-09-05T19:24:52.939+01:00,1442548,1611404,284,284,True,True,0x02,"NO_IRQ,OK,NO_IRQ,NO_IRQ","NONE,DELTA,NONE,NONE",
23.925596,2026-09-05T19:24:52.945+01:00,1442832,1611405,220,220,True,True,0x02,"NO_IRQ,OK,NO_IRQ,NO_IRQ","NONE,DELTA,NONE,NONE",
23.930409,2026-09-05T19:24:52.949+01:00,1443052,1611406,204,204,True,True,0x02,"NO_IRQ,OK,NO_IRQ,NO_IRQ","NONE,DELTA,NONE,NONE",
23.938260,2026-09-05T19:24:52.954+01:00,1443256,1611407,266,266,True,True,0x02,"NO_IRQ,OK,NO_IRQ,NO_IRQ","NONE,DELTA,NONE,NONE",
23.940500,2026-09-05T19:24:52.962+01:00,1443522,1611408,214,214,True,True,0x02,"NO_IRQ,OK,NO_IRQ,NO_IRQ","NONE,DELTA,NONE,NONE",
23.945501,2026-09-05T19:24:52.964+01:00,1443736,1611409,228,228,True,True,0x02,"NO_IRQ,OK,NO_IRQ,NO_IRQ","NONE,DELTA,NONE,NONE",
23.955388,2026-09-05T19:24:52.969+01:00,1443964,1611410,254,254,True,True,0x02,"NO_IRQ,OK,NO_IRQ,NO_IRQ","NONE,DELTA,NONE,NONE",
23.956355,2026-09-05T19:24:52.979+01:00,1444218,1611411,218,218,True,True,0x02,"NO_IRQ,OK,NO_IRQ,NO_IRQ","NONE,DELTA,NONE,NONE",
23.960814,2026-09-05T19:24:52.980+01:00,1444436,1611412,222,222,True,True,0x02,"NO_IRQ,OK,NO_IRQ,NO_IRQ","NONE,DELTA,NONE,NONE",
23.965237,2026-09-05T19:24:52.984+01:00,1444658,1611413,256,256,True,True,0x02,"NO_IRQ,OK,NO_IRQ,NO_IRQ","NONE,DELTA,NONE,NONE",
23.970165,2026-09-05T19:24:52.989+01:00,1444914,1611414,260,260,True,True,0x02,"NO_IRQ,OK,NO_IRQ,NO_IRQ","NONE,DELTA,NONE,NONE",
23.975111,2026-09-05T19:24:52.994+01:00,1445174,1611415,212,212,True,True,0x02,"NO_IRQ,OK,NO_IRQ,NO_IRQ","NONE,DELTA,NONE,NONE",
23.980474,2026-09-05T19:24:52.999+01:00,1445386,1611416,202,202,True,True,0x02,"NO_IRQ,OK,NO_IRQ,NO_IRQ","NONE,DELTA,NONE,NONE",
23.996971,2026-09-05T19:24:53.004+01:00,1445588,1611417,212,212,True,True,0x02,"NO_IRQ,OK,NO_IRQ,NO_IRQ","NONE,DELTA,NONE,NONE",
23.997720,2026-09-05T19:24:53.021+01:00,1445800,1611418,216,216,True,True,0x02,"NO_IRQ,OK,NO_IRQ,NO_IRQ","NONE,DELTA,NONE,NONE",
23.998536,2026-09-05T19:24:53.021+01:00,1446016,1611419,230,230,True,True,0x02,"NO_IRQ,OK,NO_IRQ,NO_IRQ","NONE,DELTA,NONE,NONE",
24.000805,2026-09-05T19:24:53.022+01:00,1446246,1611420,202,202,True,True,0x02,"NO_IRQ,OK,NO_IRQ,NO_IRQ","NONE,DELTA,NONE,NONE",
24.005203,2026-09-05T19:24:53.024+01:00,1446448,1611421,184,184,True,True,0x02,"NO_IRQ,OK,NO_IRQ,NO_IRQ","NONE,DELTA,NONE,NONE",
24.014374,2026-09-05T19:24:53.029+01:00,1446632,1611422,228,228,True,True,0x02,"NO_IRQ,OK,NO_IRQ,NO_IRQ","NONE,DELTA,NONE,NONE",
24.015239,2026-09-05T19:24:53.038+01:00,1446860,1611423,212,212,True,True,0x02,"NO_IRQ,OK,NO_IRQ,NO_IRQ","NONE,DELTA,NONE,NONE",
24.020223,2026-09-05T19:24:53.039+01:00,1447072,1611424,232,232,True,True,0x02,"NO_IRQ,OK,NO_IRQ,NO_IRQ","NONE,DELTA,NONE,NONE",
24.029085,2026-09-05T19:24:53.044+01:00,1447304,1611425,216,216,True,True,0x02,"NO_IRQ,OK,NO_IRQ,NO_IRQ","NONE,DELTA,NONE,NONE",
24.032411,2026-09-05T19:24:53.055+01:00,1447520,1611426,210,210,True,True,0x02,"NO_IRQ,OK,NO_IRQ,NO_IRQ","NONE,DELTA,NONE,NONE",
24.035296,2026-09-05T19:24:53.056+01:00,1447730,1611427,198,198,True,True,0x02,"NO_IRQ,OK,NO_IRQ,NO_IRQ","NONE,DELTA,NONE,NONE",
24.039950,2026-09-05T19:24:53.059+01:00,1447928,1611428,218,218,True,True,0x02,"NO_IRQ,OK,NO_IRQ,NO_IRQ","NONE,DELTA,NONE,NONE",
24.048999,2026-09-05T19:24:53.064+01:00,1448146,1611429,220,220,True,True,0x02,"NO_IRQ,OK,NO_IRQ,NO_IRQ","NONE,DELTA,NONE,NONE",
24.050448,2026-09-05T19:24:53.073+01:00,1448366,1611430,204,204,True,True,0x02,"NO_IRQ,OK,NO_IRQ,NO_IRQ","NONE,DELTA,NONE,NONE",
24.054967,2026-09-05T19:24:53.074+01:00,1448570,1611431,196,196,True,True,0x02,"NO_IRQ,OK,NO_IRQ,NO_IRQ","NONE,DELTA,NONE,NONE",
24.065884,2026-09-05T19:24:53.079+01:00,1448766,1611432,218,218,True,True,0x02,"NO_IRQ,OK,NO_IRQ,NO_IRQ","NONE,DELTA,NONE,NONE",
24.066605,2026-09-05T19:24:53.089+01:00,1448984,1611433,214,214,True,True,0x02,"NO_IRQ,OK,NO_IRQ,NO_IRQ","NONE,DELTA,NONE,NONE",
24.070023,2026-09-05T19:24:53.090+01:00,1449198,1611434,220,220,True,True,0x02,"NO_IRQ,OK,NO_IRQ,NO_IRQ","NONE,DELTA,NONE,NONE",
24.074861,2026-09-05T19:24:53.094+01:00,1449418,1611435,228,228,True,True,0x02,"NO_IRQ,OK,NO_IRQ,NO_IRQ","NONE,DELTA,NONE,NONE",
24.082582,2026-09-05T19:24:53.099+01:00,1449646,1611436,218,218,True,True,0x02,"NO_IRQ,OK,NO_IRQ,NO_IRQ","NONE,DELTA,NONE,NONE",
24.085128,2026-09-05T19:24:53.106+01:00,1449864,1611437,274,274,True,True,0x02,"NO_IRQ,OK,NO_IRQ,NO_IRQ","NONE,DELTA,NONE,NONE",
24.090203,2026-09-05T19:24:53.109+01:00,1450138,1611438,238,238,True,True,0x02,"NO_IRQ,OK,NO_IRQ,NO_IRQ","NONE,DELTA,NONE,NONE",
24.100352,2026-09-05T19:24:53.114+01:00,1450376,1611439,220,220,True,True,0x02,"NO_IRQ,OK,NO_IRQ,NO_IRQ","NONE,DELTA,NONE,NONE",
24.101133,2026-09-05T19:24:53.124+01:00,1450596,1611440,198,198,True,True,0x02,"NO_IRQ,OK,NO_IRQ,NO_IRQ","NONE,DELTA,NONE,NONE",
24.105124,2026-09-05T19:24:53.125+01:00,1450794,1611441,214,214,True,True,0x02,"NO_IRQ,OK,NO_IRQ,NO_IRQ","NONE,DELTA,NONE,NONE",
24.110263,2026-09-05T19:24:53.129+01:00,1451008,1611442,220,220,True,True,0x02,"NO_IRQ,OK,NO_IRQ,NO_IRQ","NONE,DELTA,NONE,NONE",
24.118808,2026-09-05T19:24:53.134+01:00,1451228,1611443,232,232,True,True,0x02,"NO_IRQ,OK,NO_IRQ,NO_IRQ","NONE,DELTA,NONE,NONE",
24.120137,2026-09-05T19:24:53.142+01:00,1451460,1611444,242,242,True,True,0x02,"NO_IRQ,OK,NO_IRQ,NO_IRQ","NONE,DELTA,NONE,NONE",
24.125035,2026-09-05T19:24:53.144+01:00,1451702,1611445,250,250,True,True,0x02,"NO_IRQ,OK,NO_IRQ,NO_IRQ","NONE,DELTA,NONE,NONE",
24.130686,2026-09-05T19:24:53.149+01:00,1451952,1611446,222,222,True,True,0x02,"NO_IRQ,OK,NO_IRQ,NO_IRQ","NONE,DELTA,NONE,NONE",
24.134882,2026-09-05T19:24:53.155+01:00,1452174,1611447,204,204,True,True,0x02,"NO_IRQ,OK,NO_IRQ,NO_IRQ","NONE,DELTA,NONE,NONE",
24.139846,2026-09-05T19:24:53.158+01:00,1452378,1611448,224,224,True,True,0x02,"NO_IRQ,OK,NO_IRQ,NO_IRQ","NONE,DELTA,NONE,NONE",
24.145098,2026-09-05T19:24:53.163+01:00,1452602,1611449,186,186,True,True,0x02,"NO_IRQ,OK,NO_IRQ,NO_IRQ","NONE,DELTA,NONE,NONE",
24.157017,2026-09-05T19:24:53.169+01:00,1452788,1611450,208,208,True,True,0x02,"NO_IRQ,OK,NO_IRQ,NO_IRQ","NONE,DELTA,NONE,NONE",
24.157363,2026-09-05T19:24:53.181+01:00,1452996,1611451,234,234,True,True,0x02,"NO_IRQ,OK,NO_IRQ,NO_IRQ","NONE,DELTA,NONE,NONE",
24.170197,2026-09-05T19:24:53.181+01:00,1453230,1611452,214,214,True,True,0x02,"NO_IRQ,OK,NO_IRQ,NO_IRQ","NONE,DELTA,NONE,NONE",
24.170991,2026-09-05T19:24:53.194+01:00,1453444,1611453,204,204,True,True,0x02,"NO_IRQ,OK,NO_IRQ,NO_IRQ","NONE,DELTA,NONE,NONE",
24.171609,2026-09-05T19:24:53.195+01:00,1453648,1611454,210,210,True,True,0x02,"NO_IRQ,OK,NO_IRQ,NO_IRQ","NONE,DELTA,NONE,NONE",
24.175074,2026-09-05T19:24:53.195+01:00,1453858,1611455,228,228,True,True,0x02,"NO_IRQ,OK,NO_IRQ,NO_IRQ","NONE,DELTA,NONE,NONE",
24.180149,2026-09-05T19:24:53.199+01:00,1454086,1611456,176,176,True,True,0x02,"NO_IRQ,OK,NO_IRQ,NO_IRQ","NONE,DELTA,NONE,NONE",
24.187703,2026-09-05T19:24:53.204+01:00,1454262,1611457,226,226,True,True,0x02,"NO_IRQ,OK,NO_IRQ,NO_IRQ","NONE,DELTA,NONE,NONE",
24.189787,2026-09-05T19:24:53.211+01:00,1454488,1611458,194,194,True,True,0x02,"NO_IRQ,OK,NO_IRQ,NO_IRQ","NONE,DELTA,NONE,NONE",
24.194973,2026-09-05T19:24:53.213+01:00,1454682,1611459,206,206,True,True,0x02,"NO_IRQ,OK,NO_IRQ,NO_IRQ","NONE,DELTA,NONE,NONE",
24.204019,2026-09-05T19:24:53.219+01:00,1454888,1611460,210,210,True,True,0x02,"NO_IRQ,OK,NO_IRQ,NO_IRQ","NONE,DELTA,NONE,NONE",
24.204863,2026-09-05T19:24:53.228+01:00,1455098,1611461,222,222,True,True,0x02,"NO_IRQ,OK,NO_IRQ,NO_IRQ","NONE,DELTA,NONE,NONE",
24.210229,2026-09-05T19:24:53.228+01:00,1455320,1611462,198,198,True,True,0x02,"NO_IRQ,OK,NO_IRQ,NO_IRQ","NONE,DELTA,NONE,NONE",
24.220737,2026-09-05T19:24:53.234+01:00,1455518,1611463,234,234,True,True,0x02,"NO_IRQ,OK,NO_IRQ,NO_IRQ","NONE,DELTA,NONE,NONE",
24.221928,2026-09-05T19:24:53.245+01:00,1455752,1611464,194,194,True,True,0x02,"NO_IRQ,OK,NO_IRQ,NO_IRQ","NONE,DELTA,NONE,NONE",
24.225263,2026-09-05T19:24:53.245+01:00,1455946,1611465,212,212,True,True,0x02,"NO_IRQ,OK,NO_IRQ,NO_IRQ","NONE,DELTA,NONE,NONE",
24.229810,2026-09-05T19:24:53.249+01:00,1456158,1611466,196,196,True,True,0x02,"NO_IRQ,OK,NO_IRQ,NO_IRQ","NONE,DELTA,NONE,NONE",
24.238322,2026-09-05T19:24:53.254+01:00,1456354,1611467,208,208,True,True,0x02,"NO_IRQ,OK,NO_IRQ,NO_IRQ","NONE,DELTA,NONE,NONE",
24.239752,2026-09-05T19:24:53.262+01:00,1456562,1611468,238,238,True,True,0x02,"NO_IRQ,OK,NO_IRQ,NO_IRQ","NONE,DELTA,NONE,NONE",
24.245576,2026-09-05T19:24:53.263+01:00,1456800,1611469,214,214,True,True,0x02,"NO_IRQ,OK,NO_IRQ,NO_IRQ","NONE,DELTA,NONE,NONE",
24.256319,2026-09-05T19:24:53.269+01:00,1457014,1611470,212,212,True,True,0x02,"NO_IRQ,OK,NO_IRQ,NO_IRQ","NONE,DELTA,NONE,NONE",
24.257377,2026-09-05T19:24:53.280+01:00,1457226,1611471,228,228,True,True,0x02,"NO_IRQ,OK,NO_IRQ,NO_IRQ","NONE,DELTA,NONE,NONE",
24.260243,2026-09-05T19:24:53.281+01:00,1457454,1611472,208,208,True,True,0x02,"NO_IRQ,OK,NO_IRQ,NO_IRQ","NONE,DELTA,NONE,NONE",
24.265052,2026-09-05T19:24:53.284+01:00,1457662,1611473,222,222,True,True,0x02,"NO_IRQ,OK,NO_IRQ,NO_IRQ","NONE,DELTA,NONE,NONE",
24.273765,2026-09-05T19:24:53.289+01:00,1457884,1611474,202,202,True,True,0x02,"NO_IRQ,OK,NO_IRQ,NO_IRQ","NONE,DELTA,NONE,NONE",
24.274591,2026-09-05T19:24:53.297+01:00,1458086,1611475,210,210,True,True,0x02,"NO_IRQ,OK,NO_IRQ,NO_IRQ","NONE,DELTA,NONE,NONE",
24.279931,2026-09-05T19:24:53.298+01:00,1458296,1611476,190,190,True,True,0x02,"NO_IRQ,OK,NO_IRQ,NO_IRQ","NONE,DELTA,NONE,NONE",
24.290655,2026-09-05T19:24:53.304+01:00,1458486,1611477,206,206,True,True,0x02,"NO_IRQ,OK,NO_IRQ,NO_IRQ","NONE,DELTA,NONE,NONE",
24.291323,2026-09-05T19:24:53.314+01:00,1458692,1611478,228,228,True,True,0x02,"NO_IRQ,OK,NO_IRQ,NO_IRQ","NONE,DELTA,NONE,NONE",
24.294914,2026-09-05T19:24:53.315+01:00,1458920,1611479,230,230,True,True,0x02,"NO_IRQ,OK,NO_IRQ,NO_IRQ","NONE,DELTA,NONE,NONE",
24.299560,2026-09-05T19:24:53.318+01:00,1459150,1611480,218,218,True,True,0x02,"NO_IRQ,OK,NO_IRQ,NO_IRQ","NONE,DELTA,NONE,NONE",
24.304499,2026-09-05T19:24:53.323+01:00,1459368,1611481,236,236,True,True,0x02,"NO_IRQ,OK,NO_IRQ,NO_IRQ","NONE,DELTA,NONE,NONE",
24.310422,2026-09-05T19:24:53.328+01:00,1459604,1611482,194,194,True,True,0x02,"NO_IRQ,OK,NO_IRQ,NO_IRQ","NONE,DELTA,NONE,NONE",
24.314464,2026-09-05T19:24:53.334+01:00,1459798,1611483,224,224,True,True,0x02,"NO_IRQ,OK,NO_IRQ,NO_IRQ","NONE,DELTA,NONE,NONE",
24.319308,2026-09-05T19:24:53.338+01:00,1460022,1611484,206,206,True,True,0x02,"NO_IRQ,OK,NO_IRQ,NO_IRQ","NONE,DELTA,NONE,NONE",
24.332378,2026-09-05T19:24:53.343+01:00,1460228,1611485,192,192,True,True,0x02,"NO_IRQ,OK,NO_IRQ,NO_IRQ","NONE,DELTA,NONE,NONE",
24.333344,2026-09-05T19:24:53.356+01:00,1460420,1611486,218,218,True,True,0x02,"NO_IRQ,OK,NO_IRQ,NO_IRQ","NONE,DELTA,NONE,NONE",
24.334559,2026-09-05T19:24:53.357+01:00,1460638,1611487,200,200,True,True,0x02,"NO_IRQ,OK,NO_IRQ,NO_IRQ","NONE,DELTA,NONE,NONE",
24.339678,2026-09-05T19:24:53.358+01:00,1460838,1611488,218,218,True,True,0x02,"NO_IRQ,OK,NO_IRQ,NO_IRQ","NONE,DELTA,NONE,NONE",
24.350809,2026-09-05T19:24:53.363+01:00,1461056,1611489,222,222,True,True,0x02,"NO_IRQ,OK,NO_IRQ,NO_IRQ","NONE,DELTA,NONE,NONE",
24.351522,2026-09-05T19:24:53.374+01:00,1461278,1611490,230,230,True,True,0x02,"NO_IRQ,OK,NO_IRQ,NO_IRQ","NONE,DELTA,NONE,NONE",
24.354813,2026-09-05T19:24:53.375+01:00,1461508,1611491,228,228,True,True,0x02,"NO_IRQ,OK,NO_IRQ,NO_IRQ","NONE,DELTA,NONE,NONE",
24.359633,2026-09-05T19:24:53.378+01:00,1461736,1611492,184,184,True,True,0x02,"NO_IRQ,OK,NO_IRQ,NO_IRQ","NONE,DELTA,NONE,NONE",
24.367811,2026-09-05T19:24:53.383+01:00,1461920,1611493,198,198,True,True,0x02,"NO_IRQ,OK,NO_IRQ,NO_IRQ","NONE,DELTA,NONE,NONE",
24.369502,2026-09-05T19:24:53.391+01:00,1462118,1611494,206,206,True,True,0x02,"NO_IRQ,OK,NO_IRQ,NO_IRQ","NONE,DELTA,NONE,NONE",
24.374631,2026-09-05T19:24:53.393+01:00,1462324,1611495,212,212,True,True,0x02,"NO_IRQ,OK,NO_IRQ,NO_IRQ","NONE,DELTA,NONE,NONE",
24.385557,2026-09-05T19:24:53.398+01:00,1462536,1611496,236,236,True,True,0x02,"NO_IRQ,OK,NO_IRQ,NO_IRQ","NONE,DELTA,NONE,NONE",
24.386244,2026-09-05T19:24:53.409+01:00,1462772,1611497,220,220,True,True,0x02,"NO_IRQ,OK,NO_IRQ,NO_IRQ","NONE,DELTA,NONE,NONE",
24.389323,2026-09-05T19:24:53.410+01:00,1462992,1611498,210,210,True,True,0x02,"NO_IRQ,OK,NO_IRQ,NO_IRQ","NONE,DELTA,NONE,NONE",
24.394375,2026-09-05T19:24:53.413+01:00,1463202,1611499,208,208,True,True,0x02,"NO_IRQ,OK,NO_IRQ,NO_IRQ","NONE,DELTA,NONE,NONE",
24.402414,2026-09-05T19:24:53.418+01:00,1463410,1611500,204,204,True,True,0x02,"NO_IRQ,OK,NO_IRQ,NO_IRQ","NONE,DELTA,NONE,NONE",
24.404080,2026-09-05T19:24:53.426+01:00,1463614,1611501,190,190,True,True,0x02,"NO_IRQ,OK,NO_IRQ,NO_IRQ","NONE,DELTA,NONE,NONE",
24.409562,2026-09-05T19:24:53.428+01:00,1463804,1611502,212,212,True,True,0x02,"NO_IRQ,OK,NO_IRQ,NO_IRQ","NONE,DELTA,NONE,NONE",
24.417413,2026-09-05T19:24:53.433+01:00,1464016,1611503,196,196,True,True,0x02,"NO_IRQ,OK,NO_IRQ,NO_IRQ","NONE,DELTA,NONE,NONE",
24.420590,2026-09-05T19:24:53.443+01:00,1464212,1611504,198,198,True,True,0x02,"NO_IRQ,OK,NO_IRQ,NO_IRQ","NONE,DELTA,NONE,NONE",
24.424882,2026-09-05T19:24:53.444+01:00,1464410,1611505,204,204,True,True,0x02,"NO_IRQ,OK,NO_IRQ,NO_IRQ","NONE,DELTA,NONE,NONE",
24.429302,2026-09-05T19:24:53.448+01:00,1464614,1611506,204,204,True,True,0x02,"NO_IRQ,OK,NO_IRQ,NO_IRQ","NONE,DELTA,NONE,NONE",
24.437024,2026-09-05T19:24:53.453+01:00,1464818,1611507,220,220,True,True,0x02,"NO_IRQ,OK,NO_IRQ,NO_IRQ","NONE,DELTA,NONE,NONE",
24.439491,2026-09-05T19:24:53.461+01:00,1465038,1611508,236,236,True,True,0x02,"NO_IRQ,OK,NO_IRQ,NO_IRQ","NONE,DELTA,NONE,NONE",
24.444498,2026-09-05T19:24:53.463+01:00,1465274,1611509,196,196,True,True,0x02,"NO_IRQ,OK,NO_IRQ,NO_IRQ","NONE,DELTA,NONE,NONE",
24.453247,2026-09-05T19:24:53.468+01:00,1465470,1611510,202,202,True,True,0x02,"NO_IRQ,OK,NO_IRQ,NO_IRQ","NONE,DELTA,NONE,NONE",
24.454309,2026-09-05T19:24:53.477+01:00,1465672,1611511,218,218,True,True,0x02,"NO_IRQ,OK,NO_IRQ,NO_IRQ","NONE,DELTA,NONE,NONE",
24.459712,2026-09-05T19:24:53.478+01:00,1465890,1611512,202,202,True,True,0x02,"NO_IRQ,OK,NO_IRQ,NO_IRQ","NONE,DELTA,NONE,NONE",
24.465011,2026-09-05T19:24:53.483+01:00,1466092,1611513,190,190,True,True,0x02,"NO_IRQ,OK,NO_IRQ,NO_IRQ","NONE,DELTA,NONE,NONE",
24.469349,2026-09-05T19:24:53.489+01:00,1466282,1611514,196,196,True,True,0x02,"NO_IRQ,OK,NO_IRQ,NO_IRQ","NONE,DELTA,NONE,NONE",
24.474270,2026-09-05T19:24:53.493+01:00,1466478,1611515,208,208,True,True,0x02,"NO_IRQ,OK,NO_IRQ,NO_IRQ","NONE,DELTA,NONE,NONE",
24.479058,2026-09-05T19:24:53.498+01:00,1466686,1611516,192,192,True,True,0x02,"NO_IRQ,OK,NO_IRQ,NO_IRQ","NONE,DELTA,NONE,NONE",
24.492269,2026-09-05T19:24:53.503+01:00,1466878,1611517,208,208,True,True,0x02,"NO_IRQ,OK,NO_IRQ,NO_IRQ","NONE,DELTA,NONE,NONE",
24.492579,2026-09-05T19:24:53.516+01:00,1467086,1611518,192,192,True,True,0x02,"NO_IRQ,OK,NO_IRQ,NO_IRQ","NONE,DELTA,NONE,NONE",
24.494007,2026-09-05T19:24:53.516+01:00,1467278,1611519,172,172,True,True,0x02,"NO_IRQ,OK,NO_IRQ,NO_IRQ","NONE,DELTA,NONE,NONE",
24.505902,2026-09-05T19:24:53.518+01:00,1467450,1611520,214,214,True,True,0x02,"NO_IRQ,OK,NO_IRQ,NO_IRQ","NONE,DELTA,NONE,NONE",
24.506803,2026-09-05T19:24:53.529+01:00,1467664,1611521,198,198,True,True,0x02,"NO_IRQ,OK,NO_IRQ,NO_IRQ","NONE,DELTA,NONE,NONE",
24.509220,2026-09-05T19:24:53.530+01:00,1467862,1611522,218,218,True,True,0x02,"NO_IRQ,OK,NO_IRQ,NO_IRQ","NONE,DELTA,NONE,NONE",
24.514591,2026-09-05T19:24:53.533+01:00,1468080,1611523,174,174,True,True,0x02,"NO_IRQ,OK,NO_IRQ,NO_IRQ","NONE,DELTA,NONE,NONE",
24.524143,2026-09-05T19:24:53.538+01:00,1468254,1611524,210,210,True,True,0x02,"NO_IRQ,OK,NO_IRQ,NO_IRQ","NONE,DELTA,NONE,NONE",
24.525117,2026-09-05T19:24:53.548+01:00,1468464,1611525,210,210,True,True,0x02,"NO_IRQ,OK,NO_IRQ,NO_IRQ","NONE,DELTA,NONE,NONE",
24.529343,2026-09-05T19:24:53.549+01:00,1468674,1611526,224,224,True,True,0x02,"NO_IRQ,OK,NO_IRQ,NO_IRQ","NONE,DELTA,NONE,NONE",
24.534233,2026-09-05T19:24:53.553+01:00,1468898,1611527,206,206,True,True,0x02,"NO_IRQ,OK,NO_IRQ,NO_IRQ","NONE,DELTA,NONE,NONE",
24.540874,2026-09-05T19:24:53.558+01:00,1469104,1611528,196,196,True,True,0x02,"NO_IRQ,OK,NO_IRQ,NO_IRQ","NONE,DELTA,NONE,NONE",
24.544598,2026-09-05T19:24:53.565+01:00,1469300,1611529,192,192,True,True,0x02,"NO_IRQ,OK,NO_IRQ,NO_IRQ","NONE,DELTA,NONE,NONE",
24.549121,2026-09-05T19:24:53.568+01:00,1469492,1611530,236,236,True,True,0x02,"NO_IRQ,OK,NO_IRQ,NO_IRQ","NONE,DELTA,NONE,NONE",
24.558082,2026-09-05T19:24:53.573+01:00,1469728,1611531,210,210,True,True,0x02,"NO_IRQ,OK,NO_IRQ,NO_IRQ","NONE,DELTA,NONE,NONE",
24.559036,2026-09-05T19:24:53.582+01:00,1469938,1611532,220,220,True,True,0x02,"NO_IRQ,OK,NO_IRQ,NO_IRQ","NONE,DELTA,NONE,NONE",
24.564342,2026-09-05T19:24:53.583+01:00,1470158,1611533,180,180,True,True,0x02,"NO_IRQ,OK,NO_IRQ,NO_IRQ","NONE,DELTA,NONE,NONE",
24.574563,2026-09-05T19:24:53.588+01:00,1470338,1611534,214,214,True,True,0x02,"NO_IRQ,OK,NO_IRQ,NO_IRQ","NONE,DELTA,NONE,NONE",
24.575136,2026-09-05T19:24:53.598+01:00,1470552,1611535,204,204,True,True,0x02,"NO_IRQ,OK,NO_IRQ,NO_IRQ","NONE,DELTA,NONE,NONE",
24.579199,2026-09-05T19:24:53.599+01:00,1470756,1611536,192,192,True,True,0x02,"NO_IRQ,OK,NO_IRQ,NO_IRQ","NONE,DELTA,NONE,NONE",
24.584784,2026-09-05T19:24:53.603+01:00,1470948,1611537,218,218,True,True,0x02,"NO_IRQ,OK,NO_IRQ,NO_IRQ","NONE,DELTA,NONE,NONE",
24.595063,2026-09-05T19:24:53.608+01:00,1471166,1611538,216,216,True,True,0x02,"NO_IRQ,OK,NO_IRQ,NO_IRQ","NONE,DELTA,NONE,NONE",
24.596198,2026-09-05T19:24:53.619+01:00,1471382,1611539,222,222,True,True,0x02,"NO_IRQ,OK,NO_IRQ,NO_IRQ","NONE,DELTA,NONE,NONE",
24.599199,2026-09-05T19:24:53.620+01:00,1471604,1611540,200,200,True,True,0x02,"NO_IRQ,OK,NO_IRQ,NO_IRQ","NONE,DELTA,NONE,NONE",
24.604100,2026-09-05T19:24:53.623+01:00,1471804,1611541,204,204,True,True,0x02,"NO_IRQ,OK,NO_IRQ,NO_IRQ","NONE,DELTA,NONE,NONE",
24.613155,2026-09-05T19:24:53.628+01:00,1472008,1611542,178,178,True,True,0x02,"NO_IRQ,OK,NO_IRQ,NO_IRQ","NONE,DELTA,NONE,NONE",
24.614091,2026-09-05T19:24:53.637+01:00,1472186,1611543,226,226,True,True,0x02,"NO_IRQ,OK,NO_IRQ,NO_IRQ","NONE,DELTA,NONE,NONE",
24.618971,2026-09-05T19:24:53.638+01:00,1472412,1611544,198,198,True,True,0x02,"NO_IRQ,OK,NO_IRQ,NO_IRQ","NONE,DELTA,NONE,NONE",
24.629381,2026-09-05T19:24:53.643+01:00,1472610,1611545,228,228,True,True,0x02,"NO_IRQ,OK,NO_IRQ,NO_IRQ","NONE,DELTA,NONE,NONE",
24.630062,2026-09-05T19:24:53.653+01:00,1472838,1611546,212,212,True,True,0x02,"NO_IRQ,OK,NO_IRQ,NO_IRQ","NONE,DELTA,NONE,NONE",
24.634199,2026-09-05T19:24:53.654+01:00,1473050,1611547,210,210,True,True,0x02,"NO_IRQ,OK,NO_IRQ,NO_IRQ","NONE,DELTA,NONE,NONE",
24.639024,2026-09-05T19:24:53.658+01:00,1473260,1611548,224,224,True,True,0x02,"NO_IRQ,OK,NO_IRQ,NO_IRQ","NONE,DELTA,NONE,NONE",
24.645534,2026-09-05T19:24:53.663+01:00,1473484,1611549,200,200,True,True,0x02,"NO_IRQ,OK,NO_IRQ,NO_IRQ","NONE,DELTA,NONE,NONE",
24.649078,2026-09-05T19:24:53.669+01:00,1473684,1611550,188,188,True,True,0x02,"NO_IRQ,OK,NO_IRQ,NO_IRQ","NONE,DELTA,NONE,NONE",
24.653740,2026-09-05T19:24:53.673+01:00,1473872,1611551,214,214,True,True,0x02,"NO_IRQ,OK,NO_IRQ,NO_IRQ","NONE,DELTA,NONE,NONE",
24.658737,2026-09-05T19:24:53.677+01:00,1474086,1611552,212,212,True,True,0x02,"NO_IRQ,OK,NO_IRQ,NO_IRQ","NONE,DELTA,NONE,NONE",
24.671978,2026-09-05T19:24:53.682+01:00,1474298,1611553,196,196,True,True,0x02,"NO_IRQ,OK,NO_IRQ,NO_IRQ","NONE,DELTA,NONE,NONE",
24.672674,2026-09-05T19:24:53.696+01:00,1474494,1611554,208,208,True,True,0x02,"NO_IRQ,OK,NO_IRQ,NO_IRQ","NONE,DELTA,NONE,NONE",
24.674448,2026-09-05T19:24:53.696+01:00,1474702,1611555,1084,1084,True,True,0x02,"NO_IRQ,OK,NO_IRQ,NO_IRQ","NONE,DELTA_SYNC,NONE,NONE",
24.679157,2026-09-05T19:24:53.698+01:00,1475786,1611556,260,260,True,True,0x02,"NO_IRQ,OK,NO_IRQ,NO_IRQ","NONE,DELTA,NONE,NONE",
24.689194,2026-09-05T19:24:53.703+01:00,1476046,1611557,268,268,True,True,0x02,"NO_IRQ,OK,NO_IRQ,NO_IRQ","NONE,DELTA,NONE,NONE",
24.689961,2026-09-05T19:24:53.713+01:00,1476314,1611558,200,200,True,True,0x02,"NO_IRQ,OK,NO_IRQ,NO_IRQ","NONE,DELTA,NONE,NONE",
24.694699,2026-09-05T19:24:53.713+01:00,1476514,1611559,222,222,True,True,0x02,"NO_IRQ,OK,NO_IRQ,NO_IRQ","NONE,DELTA,NONE,NONE",
24.698837,2026-09-05T19:24:53.718+01:00,1476736,1611560,220,220,True,True,0x02,"NO_IRQ,OK,NO_IRQ,NO_IRQ","NONE,DELTA,NONE,NONE",
24.706444,2026-09-05T19:24:53.723+01:00,1476956,1611561,294,294,True,True,0x02,"NO_IRQ,OK,NO_IRQ,NO_IRQ","NONE,DELTA,NONE,NONE",
24.709539,2026-09-05T19:24:53.730+01:00,1477250,1611562,338,338,True,True,0x02,"NO_IRQ,OK,NO_IRQ,NO_IRQ","NONE,DELTA,NONE,NONE",
24.714404,2026-09-05T19:24:53.733+01:00,1477588,1611563,348,348,True,True,0x02,"NO_IRQ,OK,NO_IRQ,NO_IRQ","NONE,DELTA,NONE,NONE",
24.724314,2026-09-05T19:24:53.738+01:00,1477936,1611564,364,364,True,True,0x02,"NO_IRQ,OK,NO_IRQ,NO_IRQ","NONE,DELTA,NONE,NONE",
24.725027,2026-09-05T19:24:53.748+01:00,1478300,1611565,374,374,True,True,0x02,"NO_IRQ,OK,NO_IRQ,NO_IRQ","NONE,DELTA,NONE,NONE",
24.730179,2026-09-05T19:24:53.749+01:00,1478674,1611566,346,346,True,True,0x02,"NO_IRQ,OK,NO_IRQ,NO_IRQ","NONE,DELTA,NONE,NONE",
24.733984,2026-09-05T19:24:53.754+01:00,1479020,1611567,306,306,True,True,0x02,"NO_IRQ,OK,NO_IRQ,NO_IRQ","NONE,DELTA,NONE,NONE",
24.742220,2026-09-05T19:24:53.758+01:00,1479326,1611568,348,348,True,True,0x02,"NO_IRQ,OK,NO_IRQ,NO_IRQ","NONE,DELTA,NONE,NONE",
24.744245,2026-09-05T19:24:53.766+01:00,1479674,1611569,356,356,True,True,0x02,"NO_IRQ,OK,NO_IRQ,NO_IRQ","NONE,DELTA,NONE,NONE",
24.749186,2026-09-05T19:24:53.768+01:00,1480030,1611570,326,326,True,True,0x02,"NO_IRQ,OK,NO_IRQ,NO_IRQ","NONE,DELTA,NONE,NONE",
24.758533,2026-09-05T19:24:53.773+01:00,1480356,1611571,308,308,True,True,0x02,"NO_IRQ,OK,NO_IRQ,NO_IRQ","NONE,DELTA,NONE,NONE",
24.759437,2026-09-05T19:24:53.782+01:00,1480664,1611572,342,342,True,True,0x02,"NO_IRQ,OK,NO_IRQ,NO_IRQ","NONE,DELTA,NONE,NONE",
24.764209,2026-09-05T19:24:53.783+01:00,1481006,1611573,340,340,True,True,0x02,"NO_IRQ,OK,NO_IRQ,NO_IRQ","NONE,DELTA,NONE,NONE",
24.769207,2026-09-05T19:24:53.788+01:00,1481346,1611574,362,362,True,True,0x02,"NO_IRQ,OK,NO_IRQ,NO_IRQ","NONE,DELTA,NONE,NONE",
24.775903,2026-09-05T19:24:53.793+01:00,1481708,1611575,372,372,True,True,0x02,"NO_IRQ,OK,NO_IRQ,NO_IRQ","NONE,DELTA,NONE,NONE",
24.779126,2026-09-05T19:24:53.800+01:00,1482080,1611576,370,370,True,True,0x02,"NO_IRQ,OK,NO_IRQ,NO_IRQ","NONE,DELTA,NONE,NONE",
24.784025,2026-09-05T19:24:53.803+01:00,1482450,1611577,340,340,True,True,0x02,"NO_IRQ,OK,NO_IRQ,NO_IRQ","NONE,DELTA,NONE,NONE",
24.792504,2026-09-05T19:24:53.808+01:00,1482790,1611578,346,346,True,True,0x02,"NO_IRQ,OK,NO_IRQ,NO_IRQ","NONE,DELTA,NONE,NONE",
24.794171,2026-09-05T19:24:53.816+01:00,1483136,1611579,396,396,True,True,0x02,"NO_IRQ,OK,NO_IRQ,NO_IRQ","NONE,DELTA,NONE,NONE",
24.799242,2026-09-05T19:24:53.818+01:00,1483532,1611580,432,432,True,True,0x02,"NO_IRQ,OK,NO_IRQ,NO_IRQ","NONE,DELTA,NONE,NONE",
24.804633,2026-09-05T19:24:53.823+01:00,1483964,1611581,394,394,True,True,0x02,"NO_IRQ,OK,NO_IRQ,NO_IRQ","NONE,DELTA,NONE,NONE",
24.809130,2026-09-05T19:24:53.829+01:00,1484358,1611582,474,474,True,True,0x02,"NO_IRQ,OK,NO_IRQ,NO_IRQ","NONE,DELTA,NONE,NONE",
24.814289,2026-09-05T19:24:53.833+01:00,1484832,1611583,472,472,True,True,0x02,"NO_IRQ,OK,NO_IRQ,NO_IRQ","NONE,DELTA,NONE,NONE",
24.818863,2026-09-05T19:24:53.838+01:00,1485304,1611584,454,454,True,True,0x02,"NO_IRQ,OK,NO_IRQ,NO_IRQ","NONE,DELTA,NONE,NONE",
24.832890,2026-09-05T19:24:53.842+01:00,1485758,1611585,470,470,True,True,0x02,"NO_IRQ,OK,NO_IRQ,NO_IRQ","NONE,DELTA,NONE,NONE",
24.833327,2026-09-05T19:24:53.856+01:00,1486228,1611586,460,460,True,True,0x02,"NO_IRQ,OK,NO_IRQ,NO_IRQ","NONE,DELTA,NONE,NONE",
24.833790,2026-09-05T19:24:53.857+01:00,1486688,1611587,450,450,True,True,0x02,"NO_IRQ,OK,NO_IRQ,NO_IRQ","NONE,DELTA,NONE,NONE",
24.843585,2026-09-05T19:24:53.857+01:00,1487138,1611588,516,516,True,True,0x02,"NO_IRQ,OK,NO_IRQ,NO_IRQ","NONE,DELTA,NONE,NONE",
24.847191,2026-09-05T19:24:53.867+01:00,1487654,1611589,580,580,True,True,0x02,"NO_IRQ,OK,NO_IRQ,NO_IRQ","NONE,DELTA,NONE,NONE",
24.849930,2026-09-05T19:24:53.871+01:00,1488234,1611590,614,614,True,True,0x02,"NO_IRQ,OK,NO_IRQ,NO_IRQ","NONE,DELTA,NONE,NONE",
24.854392,2026-09-05T19:24:53.873+01:00,1488848,1611591,624,624,True,True,0x02,"NO_IRQ,OK,NO_IRQ,NO_IRQ","NONE,DELTA,NONE,NONE",
24.862290,2026-09-05T19:24:53.878+01:00,1489472,1611592,658,658,True,True,0x02,"NO_IRQ,OK,NO_IRQ,NO_IRQ","NONE,DELTA,NONE,NONE",
24.865892,2026-09-05T19:24:53.889+01:00,1490130,1611593,722,722,True,True,0x02,"NO_IRQ,OK,NO_IRQ,NO_IRQ","NONE,DELTA,NONE,NONE",
24.869656,2026-09-05T19:24:53.889+01:00,1490852,1611594,748,748,True,True,0x02,"NO_IRQ,OK,NO_IRQ,NO_IRQ","NONE,DELTA,NONE,NONE",
24.874837,2026-09-05T19:24:53.893+01:00,1491600,1611595,742,742,True,True,0x02,"NO_IRQ,OK,NO_IRQ,NO_IRQ","NONE,DELTA,NONE,NONE",
24.883181,2026-09-05T19:24:53.898+01:00,1492342,1611596,740,740,True,True,0x02,"NO_IRQ,OK,NO_IRQ,NO_IRQ","NONE,DELTA,NONE,NONE",
24.885176,2026-09-05T19:24:53.907+01:00,1493082,1611597,838,838,True,True,0x02,"NO_IRQ,OK,NO_IRQ,NO_IRQ","NONE,DELTA,NONE,NONE",
24.890641,2026-09-05T19:24:53.909+01:00,1493920,1611598,854,854,True,True,0x02,"NO_IRQ,OK,NO_IRQ,NO_IRQ","NONE,DELTA,NONE,NONE",
24.900749,2026-09-05T19:24:53.914+01:00,1494774,1611599,882,882,True,True,0x02,"NO_IRQ,OK,NO_IRQ,NO_IRQ","NONE,DELTA,NONE,NONE",
24.901651,2026-09-05T19:24:53.924+01:00,1495656,1611600,926,926,True,True,0x02,"NO_IRQ,OK,NO_IRQ,NO_IRQ","NONE,DELTA,NONE,NONE",
24.906604,2026-09-05T19:24:53.925+01:00,1496582,1611601,886,886,True,True,0x02,"NO_IRQ,OK,NO_IRQ,NO_IRQ","NONE,DELTA,NONE,NONE",
24.911575,2026-09-05T19:24:53.930+01:00,1497468,1611602,868,868,True,True,0x02,"NO_IRQ,OK,NO_IRQ,NO_IRQ","NONE,DELTA,NONE,NONE",
24.919094,2026-09-05T19:24:53.935+01:00,1498336,1611603,870,870,True,True,0x02,"NO_IRQ,OK,NO_IRQ,NO_IRQ","NONE,DELTA,NONE,NONE",
24.922372,2026-09-05T19:24:53.943+01:00,1499206,1611604,828,828,True,True,0x02,"NO_IRQ,OK,NO_IRQ,NO_IRQ","NONE,DELTA,NONE,NONE",
24.927804,2026-09-05T19:24:53.946+01:00,1500034,1611605,866,866,True,True,0x02,"NO_IRQ,OK,NO_IRQ,NO_IRQ","NONE,DELTA,NONE,NONE",
24.937181,2026-09-05T19:24:53.951+01:00,1500900,1611606,844,844,True,True,0x02,"NO_IRQ,OK,NO_IRQ,NO_IRQ","NONE,DELTA,NONE,NONE",
24.938275,2026-09-05T19:24:53.961+01:00,1501744,1611607,904,904,True,True,0x02,"NO_IRQ,OK,NO_IRQ,NO_IRQ","NONE,DELTA,NONE,NONE",
24.944560,2026-09-05T19:24:53.962+01:00,1502648,1611608,848,848,True,True,0x02,"NO_IRQ,OK,NO_IRQ,NO_IRQ","NONE,DELTA,NONE,NONE",
24.954664,2026-09-05T19:24:53.968+01:00,1503496,1611609,946,946,True,True,0x02,"NO_IRQ,OK,NO_IRQ,NO_IRQ","NONE,DELTA,NONE,NONE",
24.955555,2026-09-05T19:24:53.978+01:00,1504442,1611610,936,936,True,True,0x02,"NO_IRQ,OK,NO_IRQ,NO_IRQ","NONE,DELTA,NONE,NONE",
24.959757,2026-09-05T19:24:53.979+01:00,1505378,1611611,926,926,True,True,0x02,"NO_IRQ,OK,NO_IRQ,NO_IRQ","NONE,DELTA,NONE,NONE",
24.965324,2026-09-05T19:24:53.983+01:00,1506304,1611612,950,950,True,True,0x02,"NO_IRQ,OK,NO_IRQ,NO_IRQ","NONE,DELTA,NONE,NONE",
24.972157,2026-09-05T19:24:53.989+01:00,1507254,1611613,942,942,True,True,0x02,"NO_IRQ,OK,NO_IRQ,NO_IRQ","NONE,DELTA,NONE,NONE",
24.975698,2026-09-05T19:24:53.996+01:00,1508196,1611614,910,910,True,True,0x02,"NO_IRQ,OK,NO_IRQ,NO_IRQ","NONE,DELTA,NONE,NONE",
24.980960,2026-09-05T19:24:53.999+01:00,1509106,1611615,912,912,True,True,0x02,"NO_IRQ,OK,NO_IRQ,NO_IRQ","NONE,DELTA,NONE,NONE",
24.987262,2026-09-05T19:24:54.005+01:00,1510018,1611616,848,848,True,True,0x02,"NO_IRQ,OK,NO_IRQ,NO_IRQ","NONE,DELTA,NONE,NONE",
24.992035,2026-09-05T19:24:54.011+01:00,1510866,1611617,874,874,True,True,0x02,"NO_IRQ,OK,NO_IRQ,NO_IRQ","NONE,DELTA,NONE,NONE",
24.996668,2026-09-05T19:24:54.016+01:00,1511740,1611618,870,870,True,True,0x02,"NO_IRQ,OK,NO_IRQ,NO_IRQ","NONE,DELTA,NONE,NONE",
25.001892,2026-09-05T19:24:54.020+01:00,1512610,1611619,842,842,True,True,0x02,"NO_IRQ,OK,NO_IRQ,NO_IRQ","NONE,DELTA,NONE,NONE",
25.015893,2026-09-05T19:24:54.025+01:00,1513452,1611620,832,832,True,True,0x02,"NO_IRQ,OK,NO_IRQ,NO_IRQ","NONE,DELTA,NONE,NONE",
25.016911,2026-09-05T19:24:54.039+01:00,1514284,1611621,836,836,True,True,0x02,"NO_IRQ,OK,NO_IRQ,NO_IRQ","NONE,DELTA,NONE,NONE",
25.017768,2026-09-05T19:24:54.040+01:00,1515120,1611622,840,840,True,True,0x02,"NO_IRQ,OK,NO_IRQ,NO_IRQ","NONE,DELTA,NONE,NONE",
25.022958,2026-09-05T19:24:54.042+01:00,1515960,1611623,772,772,True,True,0x02,"NO_IRQ,OK,NO_IRQ,NO_IRQ","NONE,DELTA,NONE,NONE",
25.034990,2026-09-05T19:24:54.046+01:00,1516732,1611624,658,658,True,True,0x02,"NO_IRQ,OK,NO_IRQ,NO_IRQ","NONE,DELTA,NONE,NONE",
25.035866,2026-09-05T19:24:54.059+01:00,1517390,1611625,774,774,True,True,0x02,"NO_IRQ,OK,NO_IRQ,NO_IRQ","NONE,DELTA,NONE,NONE",
25.038178,2026-09-05T19:24:54.059+01:00,1518164,1611626,718,718,True,True,0x02,"NO_IRQ,OK,NO_IRQ,NO_IRQ","NONE,DELTA,NONE,NONE",
25.043165,2026-09-05T19:24:54.062+01:00,1518882,1611627,638,638,True,True,0x02,"NO_IRQ,OK,NO_IRQ,NO_IRQ","NONE,DELTA,NONE,NONE",
25.053381,2026-09-05T19:24:54.067+01:00,1519520,1611628,642,642,True,True,0x02,"NO_IRQ,OK,NO_IRQ,NO_IRQ","NONE,DELTA,NONE,NONE",
25.054220,2026-09-05T19:24:54.077+01:00,1520162,1611629,678,678,True,True,0x02,"NO_IRQ,OK,NO_IRQ,NO_IRQ","NONE,DELTA,NONE,NONE",
25.058138,2026-09-05T19:24:54.078+01:00,1520840,1611630,604,604,True,True,0x02,"NO_IRQ,OK,NO_IRQ,NO_IRQ","NONE,DELTA,NONE,NONE",
25.062938,2026-09-05T19:24:54.082+01:00,1521444,1611631,504,504,True,True,0x02,"NO_IRQ,OK,NO_IRQ,NO_IRQ","NONE,DELTA,NONE,NONE",
25.071892,2026-09-05T19:24:54.087+01:00,1521948,1611632,536,536,True,True,0x02,"NO_IRQ,OK,NO_IRQ,NO_IRQ","NONE,DELTA,NONE,NONE",
25.073000,2026-09-05T19:24:54.095+01:00,1522484,1611633,556,556,True,True,0x02,"NO_IRQ,OK,NO_IRQ,NO_IRQ","NONE,DELTA,NONE,NONE",
25.078422,2026-09-05T19:24:54.097+01:00,1523040,1611634,548,548,True,True,0x02,"NO_IRQ,OK,NO_IRQ,NO_IRQ","NONE,DELTA,NONE,NONE",
25.089194,2026-09-05T19:24:54.102+01:00,1523588,1611635,494,494,True,True,0x02,"NO_IRQ,OK,NO_IRQ,NO_IRQ","NONE,DELTA,NONE,NONE",
25.090161,2026-09-05T19:24:54.113+01:00,1524082,1611636,438,438,True,True,0x02,"NO_IRQ,OK,NO_IRQ,NO_IRQ","NONE,DELTA,NONE,NONE",
25.092900,2026-09-05T19:24:54.114+01:00,1524520,1611637,426,426,True,True,0x02,"NO_IRQ,OK,NO_IRQ,NO_IRQ","NONE,DELTA,NONE,NONE",
25.097814,2026-09-05T19:24:54.117+01:00,1524946,1611638,474,474,True,True,0x02,"NO_IRQ,OK,NO_IRQ,NO_IRQ","NONE,DELTA,NONE,NONE",
25.106202,2026-09-05T19:24:54.122+01:00,1525420,1611639,458,458,True,True,0x02,"NO_IRQ,OK,NO_IRQ,NO_IRQ","NONE,DELTA,NONE,NONE",
25.107498,2026-09-05T19:24:54.130+01:00,1525878,1611640,384,384,True,True,0x02,"NO_IRQ,OK,NO_IRQ,NO_IRQ","NONE,DELTA,NONE,NONE",
25.113368,2026-09-05T19:24:54.131+01:00,1526262,1611641,470,470,True,True,0x02,"NO_IRQ,OK,NO_IRQ,NO_IRQ","NONE,DELTA,NONE,NONE",
25.117650,2026-09-05T19:24:54.137+01:00,1526732,1611642,510,510,True,True,0x02,"NO_IRQ,OK,NO_IRQ,NO_IRQ","NONE,DELTA,NONE,NONE",
25.124645,2026-09-05T19:24:54.141+01:00,1527242,1611643,442,442,True,True,0x02,"NO_IRQ,OK,NO_IRQ,NO_IRQ","NONE,DELTA,NONE,NONE",
25.127994,2026-09-05T19:24:54.148+01:00,1527684,1611644,450,450,True,True,0x02,"NO_IRQ,OK,NO_IRQ,NO_IRQ","NONE,DELTA,NONE,NONE",
25.133444,2026-09-05T19:24:54.152+01:00,1528134,1611645,440,440,True,True,0x02,"NO_IRQ,OK,NO_IRQ,NO_IRQ","NONE,DELTA,NONE,NONE",
25.143974,2026-09-05T19:24:54.157+01:00,1528574,1611646,436,436,True,True,0x02,"NO_IRQ,OK,NO_IRQ,NO_IRQ","NONE,DELTA,NONE,NONE",
25.144842,2026-09-05T19:24:54.168+01:00,1529010,1611647,390,390,True,True,0x02,"NO_IRQ,OK,NO_IRQ,NO_IRQ","NONE,DELTA,NONE,NONE",
25.147884,2026-09-05T19:24:54.168+01:00,1529400,1611648,518,518,True,True,0x02,"NO_IRQ,OK,NO_IRQ,NO_IRQ","NONE,DELTA,NONE,NONE",
25.152634,2026-09-05T19:24:54.172+01:00,1529918,1611649,500,500,True,True,0x02,"NO_IRQ,OK,NO_IRQ,NO_IRQ","NONE,DELTA,NONE,NONE",
25.157926,2026-09-05T19:24:54.176+01:00,1530418,1611650,408,408,True,True,0x02,"NO_IRQ,OK,NO_IRQ,NO_IRQ","NONE,DELTA,NONE,NONE",
25.163272,2026-09-05T19:24:54.181+01:00,1530826,1611651,444,444,True,True,0x02,"NO_IRQ,OK,NO_IRQ,NO_IRQ","NONE,DELTA,NONE,NONE",
25.167335,2026-09-05T19:24:54.187+01:00,1531270,1611652,402,402,True,True,0x02,"NO_IRQ,OK,NO_IRQ,NO_IRQ","NONE,DELTA,NONE,NONE",
25.172256,2026-09-05T19:24:54.191+01:00,1531672,1611653,352,352,True,True,0x02,"NO_IRQ,OK,NO_IRQ,NO_IRQ","NONE,DELTA,NONE,NONE",
25.183143,2026-09-05T19:24:54.196+01:00,1532024,1611654,380,380,True,True,0x02,"NO_IRQ,OK,NO_IRQ,NO_IRQ","NONE,DELTA,NONE,NONE",
25.183546,2026-09-05T19:24:54.207+01:00,1532404,1611655,402,402,True,True,0x02,"NO_IRQ,OK,NO_IRQ,NO_IRQ","NONE,DELTA,NONE,NONE",
25.197333,2026-09-05T19:24:54.207+01:00,1532806,1611656,394,394,True,True,0x02,"NO_IRQ,OK,NO_IRQ,NO_IRQ","NONE,DELTA,NONE,NONE",
25.198517,2026-09-05T19:24:54.221+01:00,1533200,1611657,432,432,True,True,0x02,"NO_IRQ,OK,NO_IRQ,NO_IRQ","NONE,DELTA,NONE,NONE",
25.199211,2026-09-05T19:24:54.222+01:00,1533632,1611658,434,434,True,True,0x02,"NO_IRQ,OK,NO_IRQ,NO_IRQ","NONE,DELTA,NONE,NONE",
25.202550,2026-09-05T19:24:54.223+01:00,1534066,1611659,420,420,True,True,0x02,"NO_IRQ,OK,NO_IRQ,NO_IRQ","NONE,DELTA,NONE,NONE",
25.207327,2026-09-05T19:24:54.226+01:00,1534486,1611660,366,366,True,True,0x02,"NO_IRQ,OK,NO_IRQ,NO_IRQ","NONE,DELTA,NONE,NONE",
25.215795,2026-09-05T19:24:54.231+01:00,1534852,1611661,388,388,True,True,0x02,"NO_IRQ,OK,NO_IRQ,NO_IRQ","NONE,DELTA,NONE,NONE",
25.217625,2026-09-05T19:24:54.239+01:00,1535240,1611662,408,408,True,True,0x02,"NO_IRQ,OK,NO_IRQ,NO_IRQ","NONE,DELTA,NONE,NONE",
25.222559,2026-09-05T19:24:54.241+01:00,1535648,1611663,418,418,True,True,0x02,"NO_IRQ,OK,NO_IRQ,NO_IRQ","NONE,DELTA,NONE,NONE",
25.233387,2026-09-05T19:24:54.246+01:00,1536066,1611664,372,372,True,True,0x02,"NO_IRQ,OK,NO_IRQ,NO_IRQ","NONE,DELTA,NONE,NONE",
25.234192,2026-09-05T19:24:54.257+01:00,1536438,1611665,398,398,True,True,0x02,"NO_IRQ,OK,NO_IRQ,NO_IRQ","NONE,DELTA,NONE,NONE",
25.237759,2026-09-05T19:24:54.258+01:00,1536836,1611666,446,446,True,True,0x02,"NO_IRQ,OK,NO_IRQ,NO_IRQ","NONE,DELTA,NONE,NONE",
25.242530,2026-09-05T19:24:54.261+01:00,1537282,1611667,436,436,True,True,0x02,"NO_IRQ,OK,NO_IRQ,NO_IRQ","NONE,DELTA,NONE,NONE",
25.251094,2026-09-05T19:24:54.266+01:00,1537718,1611668,412,412,True,True,0x02,"NO_IRQ,OK,NO_IRQ,NO_IRQ","NONE,DELTA,NONE,NONE",
25.252576,2026-09-05T19:24:54.275+01:00,1538130,1611669,396,396,True,True,0x02,"NO_IRQ,OK,NO_IRQ,NO_IRQ","NONE,DELTA,NONE,NONE",
25.257552,2026-09-05T19:24:54.276+01:00,1538526,1611670,384,384,True,True,0x02,"NO_IRQ,OK,NO_IRQ,NO_IRQ","NONE,DELTA,NONE,NONE",
25.268780,2026-09-05T19:24:54.281+01:00,1538910,1611671,408,408,True,True,0x02,"NO_IRQ,OK,NO_IRQ,NO_IRQ","NONE,DELTA,NONE,NONE",
25.269668,2026-09-05T19:24:54.292+01:00,1539318,1611672,416,416,True,True,0x02,"NO_IRQ,OK,NO_IRQ,NO_IRQ","NONE,DELTA,NONE,NONE",
25.272689,2026-09-05T19:24:54.293+01:00,1539734,1611673,436,436,True,True,0x02,"NO_IRQ,OK,NO_IRQ,NO_IRQ","NONE,DELTA,NONE,NONE",
25.277765,2026-09-05T19:24:54.296+01:00,1540170,1611674,470,470,True,True,0x02,"NO_IRQ,OK,NO_IRQ,NO_IRQ","NONE,DELTA,NONE,NONE",
25.286631,2026-09-05T19:24:54.301+01:00,1540640,1611675,444,444,True,True,0x02,"NO_IRQ,OK,NO_IRQ,NO_IRQ","NONE,DELTA,NONE,NONE",
25.287351,2026-09-05T19:24:54.310+01:00,1541084,1611676,456,456,True,True,0x02,"NO_IRQ,OK,NO_IRQ,NO_IRQ","NONE,DELTA,NONE,NONE",
25.292328,2026-09-05T19:24:54.311+01:00,1541540,1611677,460,460,True,True,0x02,"NO_IRQ,OK,NO_IRQ,NO_IRQ","NONE,DELTA,NONE,NONE",
25.297299,2026-09-05T19:24:54.316+01:00,1542000,1611678,428,428,True,True,0x02,"NO_IRQ,OK,NO_IRQ,NO_IRQ","NONE,DELTA,NONE,NONE",
25.305518,2026-09-05T19:24:54.321+01:00,1542428,1611679,462,462,True,True,0x02,"NO_IRQ,OK,NO_IRQ,NO_IRQ","NONE,DELTA,NONE,NONE",
25.307406,2026-09-05T19:24:54.329+01:00,1542890,1611680,408,408,True,True,0x02,"NO_IRQ,OK,NO_IRQ,NO_IRQ","NONE,DELTA,NONE,NONE",
25.312691,2026-09-05T19:24:54.331+01:00,1543298,1611681,486,486,True,True,0x02,"NO_IRQ,OK,NO_IRQ,NO_IRQ","NONE,DELTA,NONE,NONE",
25.323380,2026-09-05T19:24:54.337+01:00,1543784,1611682,500,500,True,True,0x02,"NO_IRQ,OK,NO_IRQ,NO_IRQ","NONE,DELTA,NONE,NONE",
25.324426,2026-09-05T19:24:54.347+01:00,1544284,1611683,470,470,True,True,0x02,"NO_IRQ,OK,NO_IRQ,NO_IRQ","NONE,DELTA,NONE,NONE",
25.327938,2026-09-05T19:24:54.348+01:00,1544754,1611684,432,432,True,True,0x02,"NO_IRQ,OK,NO_IRQ,NO_IRQ","NONE,DELTA,NONE,NONE",
25.332759,2026-09-05T19:24:54.351+01:00,1545186,1611685,494,494,True,True,0x02,"NO_IRQ,OK,NO_IRQ,NO_IRQ","NONE,DELTA,NONE,NONE",
25.338019,2026-09-05T19:24:54.356+01:00,1545680,1611686,514,514,True,True,0x02,"NO_IRQ,OK,NO_IRQ,NO_IRQ","NONE,DELTA,NONE,NONE",
25.342771,2026-09-05T19:24:54.362+01:00,1546194,1611687,464,464,True,True,0x02,"NO_IRQ,OK,NO_IRQ,NO_IRQ","NONE,DELTA,NONE,NONE",
25.347295,2026-09-05T19:24:54.366+01:00,1546658,1611688,480,480,True,True,0x02,"NO_IRQ,OK,NO_IRQ,NO_IRQ","NONE,DELTA,NONE,NONE",
25.352209,2026-09-05T19:24:54.371+01:00,1547138,1611689,516,516,True,True,0x02,"NO_IRQ,OK,NO_IRQ,NO_IRQ","NONE,DELTA,NONE,NONE",
25.367644,2026-09-05T19:24:54.376+01:00,1547654,1611690,518,518,True,True,0x02,"NO_IRQ,OK,NO_IRQ,NO_IRQ","NONE,DELTA,NONE,NONE",
25.368494,2026-09-05T19:24:54.391+01:00,1548172,1611691,566,566,True,True,0x02,"NO_IRQ,OK,NO_IRQ,NO_IRQ","NONE,DELTA,NONE,NONE",
25.369210,2026-09-05T19:24:54.392+01:00,1548738,1611692,600,600,True,True,0x02,"NO_IRQ,OK,NO_IRQ,NO_IRQ","NONE,DELTA,NONE,NONE",
25.372274,2026-09-05T19:24:54.393+01:00,1549338,1611693,576,576,True,True,0x02,"NO_IRQ,OK,NO_IRQ,NO_IRQ","NONE,DELTA,NONE,NONE",
25.377676,2026-09-05T19:24:54.396+01:00,1549914,1611694,634,634,True,True,0x02,"NO_IRQ,OK,NO_IRQ,NO_IRQ","NONE,DELTA,NONE,NONE",
25.386094,2026-09-05T19:24:54.401+01:00,1550548,1611695,692,692,True,True,0x02,"NO_IRQ,OK,NO_IRQ,NO_IRQ","NONE,DELTA,NONE,NONE",
25.387882,2026-09-05T19:24:54.410+01:00,1551240,1611696,788,788,True,True,0x02,"NO_IRQ,OK,NO_IRQ,NO_IRQ","NONE,DELTA,NONE,NONE",
25.393790,2026-09-05T19:24:54.412+01:00,1552028,1611697,964,964,True,True,0x02,"NO_IRQ,OK,NO_IRQ,NO_IRQ","NONE,DELTA,NONE,NONE",
25.405233,2026-09-05T19:24:54.418+01:00,1552992,1611698,884,884,True,True,0x02,"NO_IRQ,OK,NO_IRQ,NO_IRQ","NONE,DELTA,NONE,NONE",
25.406222,2026-09-05T19:24:54.429+01:00,1553876,1611699,882,882,True,True,0x02,"NO_IRQ,OK,NO_IRQ,NO_IRQ","NONE,DELTA,NONE,NONE",
25.409764,2026-09-05T19:24:54.430+01:00,1554758,1611700,974,974,True,True,0x02,"NO_IRQ,OK,NO_IRQ,NO_IRQ","NONE,DELTA,NONE,NONE",
25.414959,2026-09-05T19:24:54.433+01:00,1555732,1611701,912,912,True,True,0x02,"NO_IRQ,OK,NO_IRQ,NO_IRQ","NONE,DELTA,NONE,NONE",
25.424134,2026-09-05T19:24:54.439+01:00,1556644,1611702,922,922,True,True,0x02,"NO_IRQ,OK,NO_IRQ,NO_IRQ","NONE,DELTA,NONE,NONE",
25.425688,2026-09-05T19:24:54.448+01:00,1557566,1611703,942,942,True,True,0x02,"NO_IRQ,OK,NO_IRQ,NO_IRQ","NONE,DELTA,NONE,NONE",
25.431216,2026-09-05T19:24:54.449+01:00,1558508,1611704,948,948,True,True,0x02,"NO_IRQ,OK,NO_IRQ,NO_IRQ","NONE,DELTA,NONE,NONE",
25.442699,2026-09-05T19:24:54.455+01:00,1559456,1611705,914,914,True,True,0x02,"NO_IRQ,OK,NO_IRQ,NO_IRQ","NONE,DELTA,NONE,NONE",
25.444225,2026-09-05T19:24:54.466+01:00,1560370,1611706,952,952,True,True,0x02,"NO_IRQ,OK,NO_IRQ,NO_IRQ","NONE,DELTA,NONE,NONE",
25.447418,2026-09-05T19:24:54.468+01:00,1561322,1611707,966,966,True,True,0x02,"NO_IRQ,OK,NO_IRQ,NO_IRQ","NONE,DELTA,NONE,NONE",
25.452299,2026-09-05T19:24:54.471+01:00,1562288,1611708,978,978,True,True,0x02,"NO_IRQ,OK,NO_IRQ,NO_IRQ","NONE,DELTA,NONE,NONE",
25.461709,2026-09-05T19:24:54.476+01:00,1563266,1611709,1030,1030,True,True,0x02,"NO_IRQ,OK,NO_IRQ,NO_IRQ","NONE,DELTA,NONE,NONE",
25.463493,2026-09-05T19:24:54.485+01:00,1564296,1611710,1044,1044,True,True,0x02,"NO_IRQ,OK,NO_IRQ,NO_IRQ","NONE,DELTA,NONE,NONE",
25.468739,2026-09-05T19:24:54.487+01:00,1565340,1611711,1084,1084,True,True,0x02,"NO_IRQ,OK,NO_IRQ,NO_IRQ","NONE,DELTA_SYNC,NONE,NONE",
25.480331,2026-09-05T19:24:54.492+01:00,1566424,1611712,1078,1078,True,True,0x02,"NO_IRQ,OK,NO_IRQ,NO_IRQ","NONE,DELTA,NONE,NONE",
25.481100,2026-09-05T19:24:54.504+01:00,1567502,1611713,1084,1084,True,True,0x02,"NO_IRQ,OK,NO_IRQ,NO_IRQ","NONE,DELTA_SYNC,NONE,NONE",
25.484911,2026-09-05T19:24:54.505+01:00,1568586,1611714,912,912,True,True,0x02,"NO_IRQ,OK,NO_IRQ,NO_IRQ","NONE,DELTA,NONE,NONE",
25.490112,2026-09-05T19:24:54.509+01:00,1569498,1611715,866,866,True,True,0x02,"NO_IRQ,OK,NO_IRQ,NO_IRQ","NONE,DELTA,NONE,NONE",
25.499108,2026-09-05T19:24:54.514+01:00,1570364,1611716,808,808,True,True,0x02,"NO_IRQ,OK,NO_IRQ,NO_IRQ","NONE,DELTA,NONE,NONE",
25.500525,2026-09-05T19:24:54.523+01:00,1571172,1611717,766,766,True,True,0x02,"NO_IRQ,OK,NO_IRQ,NO_IRQ","NONE,DELTA,NONE,NONE",
25.506198,2026-09-05T19:24:54.524+01:00,1571938,1611718,764,764,True,True,0x02,"NO_IRQ,OK,NO_IRQ,NO_IRQ","NONE,DELTA,NONE,NONE",
25.510753,2026-09-05T19:24:54.530+01:00,1572702,1611719,642,642,True,True,0x02,"NO_IRQ,OK,NO_IRQ,NO_IRQ","NONE,DELTA,NONE,NONE",
25.515703,2026-09-05T19:24:54.534+01:00,1573344,1611720,650,650,True,True,0x02,"NO_IRQ,OK,NO_IRQ,NO_IRQ","NONE,DELTA,NONE,NONE",
25.521244,2026-09-05T19:24:54.539+01:00,1573994,1611721,674,674,True,True,0x02,"NO_IRQ,OK,NO_IRQ,NO_IRQ","NONE,DELTA,NONE,NONE",
25.525449,2026-09-05T19:24:54.545+01:00,1574668,1611722,646,646,True,True,0x02,"NO_IRQ,OK,NO_IRQ,NO_IRQ","NONE,DELTA,NONE,NONE",
25.530352,2026-09-05T19:24:54.549+01:00,1575314,1611723,590,590,True,True,0x02,"NO_IRQ,OK,NO_IRQ,NO_IRQ","NONE,DELTA,NONE,NONE",
25.543742,2026-09-05T19:24:54.554+01:00,1575904,1611724,640,640,True,True,0x02,"NO_IRQ,OK,NO_IRQ,NO_IRQ","NONE,DELTA,NONE,NONE",
25.544375,2026-09-05T19:24:54.567+01:00,1576544,1611725,668,668,True,True,0x02,"NO_IRQ,OK,NO_IRQ,NO_IRQ","NONE,DELTA,NONE,NONE",
25.545489,2026-09-05T19:24:54.568+01:00,1577212,1611726,598,598,True,True,0x02,"NO_IRQ,OK,NO_IRQ,NO_IRQ","NONE,DELTA,NONE,NONE",
25.557870,2026-09-05T19:24:54.569+01:00,1577810,1611727,598,598,True,True,0x02,"NO_IRQ,OK,NO_IRQ,NO_IRQ","NONE,DELTA,NONE,NONE",
25.558681,2026-09-05T19:24:54.581+01:00,1578408,1611728,524,524,True,True,0x02,"NO_IRQ,OK,NO_IRQ,NO_IRQ","NONE,DELTA,NONE,NONE",
25.560575,2026-09-05T19:24:54.582+01:00,1578932,1611729,696,696,True,True,0x02,"NO_IRQ,OK,NO_IRQ,NO_IRQ","NONE,DELTA,NONE,NONE",
25.565693,2026-09-05T19:24:54.584+01:00,1579628,1611730,606,606,True,True,0x02,"NO_IRQ,OK,NO_IRQ,NO_IRQ","NONE,DELTA,NONE,NONE",
25.575428,2026-09-05T19:24:54.590+01:00,1580234,1611731,628,628,True,True,0x02,"NO_IRQ,OK,NO_IRQ,NO_IRQ","NONE,DELTA,NONE,NONE",
25.576592,2026-09-05T19:24:54.599+01:00,1580862,1611732,638,638,True,True,0x02,"NO_IRQ,OK,NO_IRQ,NO_IRQ","NONE,DELTA,NONE,NONE",
25.580884,2026-09-05T19:24:54.600+01:00,1581500,1611733,550,550,True,True,0x02,"NO_IRQ,OK,NO_IRQ,NO_IRQ","NONE,DELTA,NONE,NONE",
25.585271,2026-09-05T19:24:54.604+01:00,1582050,1611734,460,460,True,True,0x02,"NO_IRQ,OK,NO_IRQ,NO_IRQ","NONE,DELTA,NONE,NONE",
25.593530,2026-09-05T19:24:54.609+01:00,1582510,1611735,516,516,True,True,0x02,"NO_IRQ,OK,NO_IRQ,NO_IRQ","NONE,DELTA,NONE,NONE",
25.595266,2026-09-05T19:24:54.617+01:00,1583026,1611736,472,472,True,True,0x02,"NO_IRQ,OK,NO_IRQ,NO_IRQ","NONE,DELTA,NONE,NONE",
25.600525,2026-09-05T19:24:54.619+01:00,1583498,1611737,478,478,True,True,0x02,"NO_IRQ,OK,NO_IRQ,NO_IRQ","NONE,DELTA,NONE,NONE",
25.610049,2026-09-05T19:24:54.624+01:00,1583976,1611738,466,466,True,True,0x02,"NO_IRQ,OK,NO_IRQ,NO_IRQ","NONE,DELTA,NONE,NONE",
25.610923,2026-09-05T19:24:54.634+01:00,1584442,1611739,426,426,True,True,0x02,"NO_IRQ,OK,NO_IRQ,NO_IRQ","NONE,DELTA,NONE,NONE",
25.615458,2026-09-05T19:24:54.634+01:00,1584868,1611740,436,436,True,True,0x02,"NO_IRQ,OK,NO_IRQ,NO_IRQ","NONE,DELTA,NONE,NONE",
25.620228,2026-09-05T19:24:54.639+01:00,1585304,1611741,430,430,True,True,0x02,"NO_IRQ,OK,NO_IRQ,NO_IRQ","NONE,DELTA,NONE,NONE",
25.628878,2026-09-05T19:24:54.644+01:00,1585734,1611742,484,484,True,True,0x02,"NO_IRQ,OK,NO_IRQ,NO_IRQ","NONE,DELTA,NONE,NONE",
25.630306,2026-09-05T19:24:54.652+01:00,1586218,1611743,480,480,True,True,0x02,"NO_IRQ,OK,NO_IRQ,NO_IRQ","NONE,DELTA,NONE,NONE",
25.635363,2026-09-05T19:24:54.654+01:00,1586698,1611744,452,452,True,True,0x02,"NO_IRQ,OK,NO_IRQ,NO_IRQ","NONE,DELTA,NONE,NONE",
25.647909,2026-09-05T19:24:54.659+01:00,1587150,1611745,468,468,True,True,0x02,"NO_IRQ,OK,NO_IRQ,NO_IRQ","NONE,DELTA,NONE,NONE",
25.649243,2026-09-05T19:24:54.672+01:00,1587618,1611746,444,444,True,True,0x02,"NO_IRQ,OK,NO_IRQ,NO_IRQ","NONE,DELTA,NONE,NONE",
25.650370,2026-09-05T19:24:54.673+01:00,1588062,1611747,422,422,True,True,0x02,"NO_IRQ,OK,NO_IRQ,NO_IRQ","NONE,DELTA,NONE,NONE",
25.655585,2026-09-05T19:24:54.674+01:00,1588484,1611748,416,416,True,True,0x02,"NO_IRQ,OK,NO_IRQ,NO_IRQ","NONE,DELTA,NONE,NONE",
25.660392,2026-09-05T19:24:54.679+01:00,1588900,1611749,322,322,True,True,0x02,"NO_IRQ,OK,NO_IRQ,NO_IRQ","NONE,DELTA,NONE,NONE",
25.668306,2026-09-05T19:24:54.684+01:00,1589222,1611750,338,338,True,True,0x02,"NO_IRQ,OK,NO_IRQ,NO_IRQ","NONE,DELTA,NONE,NONE",
25.669975,2026-09-05T19:24:54.692+01:00,1589560,1611751,292,292,True,True,0x02,"NO_IRQ,OK,NO_IRQ,NO_IRQ","NONE,DELTA,NONE,NONE",
25.675159,2026-09-05T19:24:54.693+01:00,1589852,1611752,288,288,True,True,0x02,"NO_IRQ,OK,NO_IRQ,NO_IRQ","NONE,DELTA,NONE,NONE",
25.679791,2026-09-05T19:24:54.699+01:00,1590140,1611753,290,290,True,True,0x02,"NO_IRQ,OK,NO_IRQ,NO_IRQ","NONE,DELTA,NONE,NONE",
25.686724,2026-09-05T19:24:54.703+01:00,1590430,1611754,272,272,True,True,0x02,"NO_IRQ,OK,NO_IRQ,NO_IRQ","NONE,DELTA,NONE,NONE",
25.689880,2026-09-05T19:24:54.710+01:00,1590702,1611755,282,282,True,True,0x02,"NO_IRQ,OK,NO_IRQ,NO_IRQ","NONE,DELTA,NONE,NONE",
25.694891,2026-09-05T19:24:54.714+01:00,1590984,1611756,234,234,True,True,0x02,"NO_IRQ,OK,NO_IRQ,NO_IRQ","NONE,DELTA,NONE,NONE",
25.700897,2026-09-05T19:24:54.719+01:00,1591218,1611757,228,228,True,True,0x02,"NO_IRQ,OK,NO_IRQ,NO_IRQ","NONE,DELTA,NONE,NONE",
25.704671,2026-09-05T19:24:54.724+01:00,1591446,1611758,218,218,True,True,0x02,"NO_IRQ,OK,NO_IRQ,NO_IRQ","NONE,DELTA,NONE,NONE",
25.709561,2026-09-05T19:24:54.728+01:00,1591664,1611759,254,254,True,True,0x02,"NO_IRQ,OK,NO_IRQ,NO_IRQ","NONE,DELTA,NONE,NONE",
25.714850,2026-09-05T19:24:54.733+01:00,1591918,1611760,248,248,True,True,0x02,"NO_IRQ,OK,NO_IRQ,NO_IRQ","NONE,DELTA,NONE,NONE",
25.726124,2026-09-05T19:24:54.738+01:00,1592166,1611761,254,254,True,True,0x02,"NO_IRQ,OK,NO_IRQ,NO_IRQ","NONE,DELTA,NONE,NONE",
25.732007,2026-09-05T19:24:54.751+01:00,1592420,1611762,222,222,True,True,0x02,"NO_IRQ,OK,NO_IRQ,NO_IRQ","NONE,DELTA,NONE,NONE",
25.733079,2026-09-05T19:24:54.756+01:00,1592642,1611763,260,260,True,True,0x02,"NO_IRQ,OK,NO_IRQ,NO_IRQ","NONE,DELTA,NONE,NONE",
25.734579,2026-09-05T19:24:54.757+01:00,1592902,1611764,194,194,True,True,0x02,"NO_IRQ,OK,NO_IRQ,NO_IRQ","NONE,DELTA,NONE,NONE",
25.739704,2026-09-05T19:24:54.758+01:00,1593096,1611765,194,194,True,True,0x02,"NO_IRQ,OK,NO_IRQ,NO_IRQ","NONE,DELTA,NONE,NONE",
25.749035,2026-09-05T19:24:54.763+01:00,1593290,1611766,216,216,True,True,0x02,"NO_IRQ,OK,NO_IRQ,NO_IRQ","NONE,DELTA,NONE,NONE",
25.749880,2026-09-05T19:24:54.773+01:00,1593506,1611767,264,264,True,True,0x02,"NO_IRQ,OK,NO_IRQ,NO_IRQ","NONE,DELTA,NONE,NONE",
25.754765,2026-09-05T19:24:54.773+01:00,1593770,1611768,210,210,True,True,0x02,"NO_IRQ,OK,NO_IRQ,NO_IRQ","NONE,DELTA,NONE,NONE",
25.766294,2026-09-05T19:24:54.778+01:00,1593980,1611769,214,214,True,True,0x02,"NO_IRQ,OK,NO_IRQ,NO_IRQ","NONE,DELTA,NONE,NONE",
25.767122,2026-09-05T19:24:54.790+01:00,1594194,1611770,240,240,True,True,0x02,"NO_IRQ,OK,NO_IRQ,NO_IRQ","NONE,DELTA,NONE,NONE",
25.769539,2026-09-05T19:24:54.791+01:00,1594434,1611771,232,232,True,True,0x02,"NO_IRQ,OK,NO_IRQ,NO_IRQ","NONE,DELTA,NONE,NONE",
25.774745,2026-09-05T19:24:54.793+01:00,1594666,1611772,234,234,True,True,0x02,"NO_IRQ,OK,NO_IRQ,NO_IRQ","NONE,DELTA,NONE,NONE",
25.784279,2026-09-05T19:24:54.798+01:00,1594900,1611773,200,200,True,True,0x02,"NO_IRQ,OK,NO_IRQ,NO_IRQ","NONE,DELTA,NONE,NONE",
25.785042,2026-09-05T19:24:54.808+01:00,1595100,1611774,198,198,True,True,0x02,"NO_IRQ,OK,NO_IRQ,NO_IRQ","NONE,DELTA,NONE,NONE",
25.789581,2026-09-05T19:24:54.809+01:00,1595298,1611775,218,218,True,True,0x02,"NO_IRQ,OK,NO_IRQ,NO_IRQ","NONE,DELTA,NONE,NONE",
25.794406,2026-09-05T19:24:54.813+01:00,1595516,1611776,218,218,True,True,0x02,"NO_IRQ,OK,NO_IRQ,NO_IRQ","NONE,DELTA,NONE,NONE",
25.801394,2026-09-05T19:24:54.818+01:00,1595734,1611777,258,258,True,True,0x02,"NO_IRQ,OK,NO_IRQ,NO_IRQ","NONE,DELTA,NONE,NONE",
25.804710,2026-09-05T19:24:54.825+01:00,1595992,1611778,240,240,True,True,0x02,"NO_IRQ,OK,NO_IRQ,NO_IRQ","NONE,DELTA,NONE,NONE",
25.809355,2026-09-05T19:24:54.828+01:00,1596232,1611779,206,206,True,True,0x02,"NO_IRQ,OK,NO_IRQ,NO_IRQ","NONE,DELTA,NONE,NONE",
25.818231,2026-09-05T19:24:54.833+01:00,1596438,1611780,244,244,True,True,0x02,"NO_IRQ,OK,NO_IRQ,NO_IRQ","NONE,DELTA,NONE,NONE",
25.819314,2026-09-05T19:24:54.842+01:00,1596682,1611781,238,238,True,True,0x02,"NO_IRQ,OK,NO_IRQ,NO_IRQ","NONE,DELTA,NONE,NONE",
25.824613,2026-09-05T19:24:54.843+01:00,1596920,1611782,244,244,True,True,0x02,"NO_IRQ,OK,NO_IRQ,NO_IRQ","NONE,DELTA,NONE,NONE",
25.835355,2026-09-05T19:24:54.848+01:00,1597164,1611783,230,230,True,True,0x02,"NO_IRQ,OK,NO_IRQ,NO_IRQ","NONE,DELTA,NONE,NONE",
25.836059,2026-09-05T19:24:54.859+01:00,1597394,1611784,234,234,True,True,0x02,"NO_IRQ,OK,NO_IRQ,NO_IRQ","NONE,DELTA,NONE,NONE",
25.839431,2026-09-05T19:24:54.860+01:00,1597628,1611785,252,252,True,True,0x02,"NO_IRQ,OK,NO_IRQ,NO_IRQ","NONE,DELTA,NONE,NONE",
25.844656,2026-09-05T19:24:54.863+01:00,1597880,1611786,232,232,True,True,0x02,"NO_IRQ,OK,NO_IRQ,NO_IRQ","NONE,DELTA,NONE,NONE",
25.853259,2026-09-05T19:24:54.869+01:00,1598112,1611787,246,246,True,True,0x02,"NO_IRQ,OK,NO_IRQ,NO_IRQ","NONE,DELTA,NONE,NONE",
25.854314,2026-09-05T19:24:54.877+01:00,1598358,1611788,230,230,True,True,0x02,"NO_IRQ,OK,NO_IRQ,NO_IRQ","NONE,DELTA,NONE,NONE",
25.860598,2026-09-05T19:24:54.878+01:00,1598588,1611789,216,216,True,True,0x02,"NO_IRQ,OK,NO_IRQ,NO_IRQ","NONE,DELTA,NONE,NONE",
25.864637,2026-09-05T19:24:54.884+01:00,1598804,1611790,208,208,True,True,0x02,"NO_IRQ,OK,NO_IRQ,NO_IRQ","NONE,DELTA,NONE,NONE",
25.869796,2026-09-05T19:24:54.888+01:00,1599012,1611791,238,238,True,True,0x02,"NO_IRQ,OK,NO_IRQ,NO_IRQ","NONE,DELTA,NONE,NONE",
25.874601,2026-09-05T19:24:54.893+01:00,1599250,1611792,226,226,True,True,0x02,"NO_IRQ,OK,NO_IRQ,NO_IRQ","NONE,DELTA,NONE,NONE",
25.879290,2026-09-05T19:24:54.898+01:00,1599476,1611793,226,226,True,True,0x02,"NO_IRQ,OK,NO_IRQ,NO_IRQ","NONE,DELTA,NONE,NONE",
25.884266,2026-09-05T19:24:54.903+01:00,1599702,1611794,228,228,True,True,0x02,"NO_IRQ,OK,NO_IRQ,NO_IRQ","NONE,DELTA,NONE,NONE",
25.894131,2026-09-05T19:24:54.908+01:00,1599930,1611795,236,236,True,True,0x02,"NO_IRQ,OK,NO_IRQ,NO_IRQ","NONE,DELTA,NONE,NONE",
25.894501,2026-09-05T19:24:54.918+01:00,1600166,1611796,238,238,True,True,0x02,"NO_IRQ,OK,NO_IRQ,NO_IRQ","NONE,DELTA,NONE,NONE",
25.907796,2026-09-05T19:24:54.918+01:00,1600404,1611797,198,198,True,True,0x02,"NO_IRQ,OK,NO_IRQ,NO_IRQ","NONE,DELTA,NONE,NONE",
25.908529,2026-09-05T19:24:54.931+01:00,1600602,1611798,254,254,True,True,0x02,"NO_IRQ,OK,NO_IRQ,NO_IRQ","NONE,DELTA,NONE,NONE",
25.909624,2026-09-05T19:24:54.932+01:00,1600856,1611799,258,258,True,True,0x02,"NO_IRQ,OK,NO_IRQ,NO_IRQ","NONE,DELTA,NONE,NONE",
25.914784,2026-09-05T19:24:54.933+01:00,1601114,1611800,252,252,True,True,0x02,"NO_IRQ,OK,NO_IRQ,NO_IRQ","NONE,DELTA,NONE,NONE",
25.919492,2026-09-05T19:24:54.939+01:00,1601366,1611801,258,258,True,True,0x02,"NO_IRQ,OK,NO_IRQ,NO_IRQ","NONE,DELTA,NONE,NONE",
25.926664,2026-09-05T19:24:54.943+01:00,1601624,1611802,220,220,True,True,0x02,"NO_IRQ,OK,NO_IRQ,NO_IRQ","NONE,DELTA,NONE,NONE",
25.929220,2026-09-05T19:24:54.951+01:00,1601844,1611803,220,220,True,True,0x02,"NO_IRQ,OK,NO_IRQ,NO_IRQ","NONE,DELTA,NONE,NONE",
25.934327,2026-09-05T19:24:54.953+01:00,1602064,1611804,196,196,True,True,0x02,"NO_IRQ,OK,NO_IRQ,NO_IRQ","NONE,DELTA,NONE,NONE",
25.944321,2026-09-05T19:24:54.958+01:00,1602260,1611805,192,192,True,True,0x02,"NO_IRQ,OK,NO_IRQ,NO_IRQ","NONE,DELTA,NONE,NONE",
25.945460,2026-09-05T19:24:54.968+01:00,1602452,1611806,242,242,True,True,0x02,"NO_IRQ,OK,NO_IRQ,NO_IRQ","NONE,DELTA,NONE,NONE",
25.949496,2026-09-05T19:24:54.969+01:00,1602694,1611807,240,240,True,True,0x02,"NO_IRQ,OK,NO_IRQ,NO_IRQ","NONE,DELTA,NONE,NONE",
25.955549,2026-09-05T19:24:54.973+01:00,1602934,1611808,238,238,True,True,0x02,"NO_IRQ,OK,NO_IRQ,NO_IRQ","NONE,DELTA,NONE,NONE",
25.961362,2026-09-05T19:24:54.980+01:00,1603172,1611809,242,242,True,True,0x02,"NO_IRQ,OK,NO_IRQ,NO_IRQ","NONE,DELTA,NONE,NONE",
25.964318,2026-09-05T19:24:54.985+01:00,1603414,1611810,200,200,True,True,0x02,"NO_IRQ,OK,NO_IRQ,NO_IRQ","NONE,DELTA,NONE,NONE",
25.969397,2026-09-05T19:24:54.988+01:00,1603614,1611811,212,212,True,True,0x02,"NO_IRQ,OK,NO_IRQ,NO_IRQ","NONE,DELTA,NONE,NONE",
25.978427,2026-09-05T19:24:54.993+01:00,1603826,1611812,206,206,True,True,0x02,"NO_IRQ,OK,NO_IRQ,NO_IRQ","NONE,DELTA,NONE,NONE",
25.979206,2026-09-05T19:24:55.002+01:00,1604032,1611813,182,182,True,True,0x02,"NO_IRQ,OK,NO_IRQ,NO_IRQ","NONE,DELTA,NONE,NONE",
25.984375,2026-09-05T19:24:55.003+01:00,1604214,1611814,224,224,True,True,0x02,"NO_IRQ,OK,NO_IRQ,NO_IRQ","NONE,DELTA,NONE,NONE",
25.995363,2026-09-05T19:24:55.008+01:00,1604438,1611815,260,260,True,True,0x02,"NO_IRQ,OK,NO_IRQ,NO_IRQ","NONE,DELTA,NONE,NONE",
25.996198,2026-09-05T19:24:55.019+01:00,1604698,1611816,222,222,True,True,0x02,"NO_IRQ,OK,NO_IRQ,NO_IRQ","NONE,DELTA,NONE,NONE",
25.999373,2026-09-05T19:24:55.020+01:00,1604920,1611817,204,204,True,True,0x02,"NO_IRQ,OK,NO_IRQ,NO_IRQ","NONE,DELTA,NONE,NONE",
26.004270,2026-09-05T19:24:55.023+01:00,1605124,1611818,220,220,True,True,0x02,"NO_IRQ,OK,NO_IRQ,NO_IRQ","NONE,DELTA,NONE,NONE",
26.014661,2026-09-05T19:24:55.028+01:00,1605344,1611819,212,212,True,True,0x02,"NO_IRQ,OK,NO_IRQ,NO_IRQ","NONE,DELTA,NONE,NONE",
26.015354,2026-09-05T19:24:55.038+01:00,1605556,1611820,216,216,True,True,0x02,"NO_IRQ,OK,NO_IRQ,NO_IRQ","NONE,DELTA,NONE,NONE",
26.019272,2026-09-05T19:24:55.039+01:00,1605772,1611821,224,224,True,True,0x02,"NO_IRQ,OK,NO_IRQ,NO_IRQ","NONE,DELTA,NONE,NONE",
26.023973,2026-09-05T19:24:55.043+01:00,1605996,1611822,206,206,True,True,0x02,"NO_IRQ,OK,NO_IRQ,NO_IRQ","NONE,DELTA,NONE,NONE",
26.031861,2026-09-05T19:24:55.047+01:00,1606202,1611823,176,176,True,True,0x02,"NO_IRQ,OK,NO_IRQ,NO_IRQ","NONE,DELTA,NONE,NONE",
26.033982,2026-09-05T19:24:55.055+01:00,1606378,1611824,206,206,True,True,0x02,"NO_IRQ,OK,NO_IRQ,NO_IRQ","NONE,DELTA,NONE,NONE",
26.039142,2026-09-05T19:24:55.058+01:00,1606584,1611825,218,218,True,True,0x02,"NO_IRQ,OK,NO_IRQ,NO_IRQ","NONE,DELTA,NONE,NONE",
26.044289,2026-09-05T19:24:55.063+01:00,1606802,1611826,212,212,True,True,0x02,"NO_IRQ,OK,NO_IRQ,NO_IRQ","NONE,DELTA,NONE,NONE",
26.049332,2026-09-05T19:24:55.069+01:00,1607014,1611827,166,166,True,True,0x02,"NO_IRQ,OK,NO_IRQ,NO_IRQ","NONE,DELTA,NONE,NONE",
26.053829,2026-09-05T19:24:55.073+01:00,1607180,1611828,204,204,True,True,0x02,"NO_IRQ,OK,NO_IRQ,NO_IRQ","NONE,DELTA,NONE,NONE",
26.058824,2026-09-05T19:24:55.077+01:00,1607384,1611829,220,220,True,True,0x02,"NO_IRQ,OK,NO_IRQ,NO_IRQ","NONE,DELTA,NONE,NONE",
26.073779,2026-09-05T19:24:55.082+01:00,1607604,1611830,234,234,True,True,0x02,"NO_IRQ,OK,NO_IRQ,NO_IRQ","NONE,DELTA,NONE,NONE",
26.074450,2026-09-05T19:24:55.097+01:00,1607838,1611831,222,222,True,True,0x02,"NO_IRQ,OK,NO_IRQ,NO_IRQ","NONE,DELTA,NONE,NONE",
26.075267,2026-09-05T19:24:55.098+01:00,1608060,1611832,258,258,True,True,0x02,"NO_IRQ,OK,NO_IRQ,NO_IRQ","NONE,DELTA,NONE,NONE",
26.079414,2026-09-05T19:24:55.099+01:00,1608318,1611833,218,218,True,True,0x02,"NO_IRQ,OK,NO_IRQ,NO_IRQ","NONE,DELTA,NONE,NONE",
26.083812,2026-09-05T19:24:55.103+01:00,1608536,1611834,218,218,True,True,0x02,"NO_IRQ,OK,NO_IRQ,NO_IRQ","NONE,DELTA,NONE,NONE",
26.091226,2026-09-05T19:24:55.108+01:00,1608754,1611835,180,180,True,True,0x02,"NO_IRQ,OK,NO_IRQ,NO_IRQ","NONE,DELTA,NONE,NONE",
26.094542,2026-09-05T19:24:55.115+01:00,1608934,1611836,226,226,True,True,0x02,"NO_IRQ,OK,NO_IRQ,NO_IRQ","NONE,DELTA,NONE,NONE",
26.098969,2026-09-05T19:24:55.118+01:00,1609160,1611837,172,172,True,True,0x02,"NO_IRQ,OK,NO_IRQ,NO_IRQ","NONE,DELTA,NONE,NONE",
26.107840,2026-09-05T19:24:55.123+01:00,1609332,1611838,200,200,True,True,0x02,"NO_IRQ,OK,NO_IRQ,NO_IRQ","NONE,DELTA,NONE,NONE",
26.109210,2026-09-05T19:24:55.131+01:00,1609532,1611839,220,220,True,True,0x02,"NO_IRQ,OK,NO_IRQ,NO_IRQ","NONE,DELTA,NONE,NONE",
26.114308,2026-09-05T19:24:55.133+01:00,1609752,1611840,220,220,True,True,0x02,"NO_IRQ,OK,NO_IRQ,NO_IRQ","NONE,DELTA,NONE,NONE",
26.118688,2026-09-05T19:24:55.138+01:00,1609972,1611841,214,214,True,True,0x02,"NO_IRQ,OK,NO_IRQ,NO_IRQ","NONE,DELTA,NONE,NONE",
26.125469,2026-09-05T19:24:55.142+01:00,1610186,1611842,218,218,True,True,0x02,"NO_IRQ,OK,NO_IRQ,NO_IRQ","NONE,DELTA,NONE,NONE",
26.129010,2026-09-05T19:24:55.149+01:00,1610404,1611843,218,218,True,True,0x02,"NO_IRQ,OK,NO_IRQ,NO_IRQ","NONE,DELTA,NONE,NONE",
26.133851,2026-09-05T19:24:55.153+01:00,1610622,1611844,206,206,True,True,0x02,"NO_IRQ,OK,NO_IRQ,NO_IRQ","NONE,DELTA,NONE,NONE",
26.142190,2026-09-05T19:24:55.157+01:00,1610828,1611845,206,206,True,True,0x02,"NO_IRQ,OK,NO_IRQ,NO_IRQ","NONE,DELTA,NONE,NONE",
26.144093,2026-09-05T19:24:55.166+01:00,1611034,1611846,194,194,True,True,0x02,"NO_IRQ,OK,NO_IRQ,NO_IRQ","NONE,DELTA,NONE,NONE",
26.149096,2026-09-05T19:24:55.168+01:00,1611228,1611847,184,184,True,True,0x02,"NO_IRQ,OK,NO_IRQ,NO_IRQ","NONE,DELTA,NONE,NONE",
26.159689,2026-09-05T19:24:55.173+01:00,1611412,1611848,184,184,True,True,0x02,"NO_IRQ,OK,NO_IRQ,NO_IRQ","NONE,DELTA,NONE,NONE",
26.160137,2026-09-05T19:24:55.183+01:00,1611596,1611849,200,200,True,True,0x02,"NO_IRQ,OK,NO_IRQ,NO_IRQ","NONE,DELTA,NONE,NONE",
26.164171,2026-09-05T19:24:55.184+01:00,1611796,1611850,208,208,True,True,0x02,"NO_IRQ,OK,NO_IRQ,NO_IRQ","NONE,DELTA,NONE,NONE",
26.169040,2026-09-05T19:24:55.188+01:00,1612004,1611851,204,204,True,True,0x02,"NO_IRQ,OK,NO_IRQ,NO_IRQ","NONE,DELTA,NONE,NONE",
26.177171,2026-09-05T19:24:55.193+01:00,1612208,1611852,200,200,True,True,0x02,"NO_IRQ,OK,NO_IRQ,NO_IRQ","NONE,DELTA,NONE,NONE",
26.178846,2026-09-05T19:24:55.201+01:00,1612408,1611853,220,220,True,True,0x02,"NO_IRQ,OK,NO_IRQ,NO_IRQ","NONE,DELTA,NONE,NONE",
26.183946,2026-09-05T19:24:55.203+01:00,1612628,1611854,222,222,True,True,0x02,"NO_IRQ,OK,NO_IRQ,NO_IRQ","NONE,DELTA,NONE,NONE",
26.194191,2026-09-05T19:24:55.208+01:00,1612850,1611855,210,210,True,True,0x02,"NO_IRQ,OK,NO_IRQ,NO_IRQ","NONE,DELTA,NONE,NONE",
26.194999,2026-09-05T19:24:55.218+01:00,1613060,1611856,216,216,True,True,0x02,"NO_IRQ,OK,NO_IRQ,NO_IRQ","NONE,DELTA,NONE,NONE",
26.199277,2026-09-05T19:24:55.219+01:00,1613276,1611857,226,226,True,True,0x02,"NO_IRQ,OK,NO_IRQ,NO_IRQ","NONE,DELTA,NONE,NONE",
26.203602,2026-09-05T19:24:55.223+01:00,1613502,1611858,232,232,True,True,0x02,"NO_IRQ,OK,NO_IRQ,NO_IRQ","NONE,DELTA,NONE,NONE",
26.209107,2026-09-05T19:24:55.227+01:00,1613734,1611859,218,218,True,True,0x02,"NO_IRQ,OK,NO_IRQ,NO_IRQ","NONE,DELTA,NONE,NONE",
26.214277,2026-09-05T19:24:55.233+01:00,1613952,1611860,208,208,True,True,0x02,"NO_IRQ,OK,NO_IRQ,NO_IRQ","NONE,DELTA,NONE,NONE",
26.218572,2026-09-05T19:24:55.238+01:00,1614160,1611861,248,248,True,True,0x02,"NO_IRQ,OK,NO_IRQ,NO_IRQ","NONE,DELTA,NONE,NONE",
26.223591,2026-09-05T19:24:55.242+01:00,1614408,1611862,254,254,True,True,0x02,"NO_IRQ,OK,NO_IRQ,NO_IRQ","NONE,DELTA,NONE,NONE",
26.232767,2026-09-05T19:24:55.247+01:00,1614662,1611863,234,234,True,True,0x02,"NO_IRQ,OK,NO_IRQ,NO_IRQ","NONE,DELTA,NONE,NONE",
26.233581,2026-09-05T19:24:55.256+01:00,1614896,1611864,194,194,True,True,0x02,"NO_IRQ,OK,NO_IRQ,NO_IRQ","NONE,DELTA,NONE,NONE",
26.247946,2026-09-05T19:24:55.257+01:00,1615090,1611865,204,204,True,True,0x02,"NO_IRQ,OK,NO_IRQ,NO_IRQ","NONE,DELTA,NONE,NONE",
26.248806,2026-09-05T19:24:55.272+01:00,1615294,1611866,206,206,True,True,0x02,"NO_IRQ,OK,NO_IRQ,NO_IRQ","NONE,DELTA,NONE,NONE",
26.249794,2026-09-05T19:24:55.272+01:00,1615500,1611867,190,190,True,True,0x02,"NO_IRQ,OK,NO_IRQ,NO_IRQ","NONE,DELTA,NONE,NONE",
26.254021,2026-09-05T19:24:55.273+01:00,1615690,1611868,218,218,True,True,0x02,"NO_IRQ,OK,NO_IRQ,NO_IRQ","NONE,DELTA,NONE,NONE",
26.258417,2026-09-05T19:24:55.278+01:00,1615908,1611869,204,204,True,True,0x02,"NO_IRQ,OK,NO_IRQ,NO_IRQ","NONE,DELTA,NONE,NONE",
26.265958,2026-09-05T19:24:55.282+01:00,1616112,1611870,226,226,True,True,0x02,"NO_IRQ,OK,NO_IRQ,NO_IRQ","NONE,DELTA,NONE,NONE",
26.268884,2026-09-05T19:24:55.290+01:00,1616338,1611871,216,216,True,True,0x02,"NO_IRQ,OK,NO_IRQ,NO_IRQ","NONE,DELTA,NONE,NONE",
26.273519,2026-09-05T19:24:55.292+01:00,1616554,1611872,208,208,True,True,0x02,"NO_IRQ,OK,NO_IRQ,NO_IRQ","NONE,DELTA,NONE,NONE",
26.282765,2026-09-05T19:24:55.297+01:00,1616762,1611873,186,186,True,True,0x02,"NO_IRQ,OK,NO_IRQ,NO_IRQ","NONE,DELTA,NONE,NONE",
26.283685,2026-09-05T19:24:55.307+01:00,1616948,1611874,194,194,True,True,0x02,"NO_IRQ,OK,NO_IRQ,NO_IRQ","NONE,DELTA,NONE,NONE",
26.288913,2026-09-05T19:24:55.307+01:00,1617142,1611875,202,202,True,True,0x02,"NO_IRQ,OK,NO_IRQ,NO_IRQ","NONE,DELTA,NONE,NONE",
26.299803,2026-09-05T19:24:55.312+01:00,1617344,1611876,204,204,True,True,0x02,"NO_IRQ,OK,NO_IRQ,NO_IRQ","NONE,DELTA,NONE,NONE",
26.300548,2026-09-05T19:24:55.323+01:00,1617548,1611877,194,194,True,True,0x02,"NO_IRQ,OK,NO_IRQ,NO_IRQ","NONE,DELTA,NONE,NONE",
26.303552,2026-09-05T19:24:55.324+01:00,1617742,1611878,202,202,True,True,0x02,"NO_IRQ,OK,NO_IRQ,NO_IRQ","NONE,DELTA,NONE,NONE",
26.308507,2026-09-05T19:24:55.327+01:00,1617944,1611879,206,206,True,True,0x02,"NO_IRQ,OK,NO_IRQ,NO_IRQ","NONE,DELTA,NONE,NONE",
26.316725,2026-09-05T19:24:55.332+01:00,1618150,1611880,210,210,True,True,0x02,"NO_IRQ,OK,NO_IRQ,NO_IRQ","NONE,DELTA,NONE,NONE",
26.318608,2026-09-05T19:24:55.340+01:00,1618360,1611881,176,176,True,True,0x02,"NO_IRQ,OK,NO_IRQ,NO_IRQ","NONE,DELTA,NONE,NONE",
26.324220,2026-09-05T19:24:55.342+01:00,1618536,1611882,206,206,True,True,0x02,"NO_IRQ,OK,NO_IRQ,NO_IRQ","NONE,DELTA,NONE,NONE",
26.335046,2026-09-05T19:24:55.348+01:00,1618742,1611883,194,194,True,True,0x02,"NO_IRQ,OK,NO_IRQ,NO_IRQ","NONE,DELTA,NONE,NONE",
26.335917,2026-09-05T19:24:55.359+01:00,1618936,1611884,194,194,True,True,0x02,"NO_IRQ,OK,NO_IRQ,NO_IRQ","NONE,DELTA,NONE,NONE",
26.338660,2026-09-05T19:24:55.359+01:00,1619130,1611885,204,204,True,True,0x02,"NO_IRQ,OK,NO_IRQ,NO_IRQ","NONE,DELTA,NONE,NONE",
26.343970,2026-09-05T19:24:55.362+01:00,1619334,1611886,202,202,True,True,0x02,"NO_IRQ,OK,NO_IRQ,NO_IRQ","NONE,DELTA,NONE,NONE",
26.352991,2026-09-05T19:24:55.368+01:00,1619536,1611887,194,194,True,True,0x02,"NO_IRQ,OK,NO_IRQ,NO_IRQ","NONE,DELTA,NONE,NONE",
26.353898,2026-09-05T19:24:55.377+01:00,1619730,1611888,218,218,True,True,0x02,"NO_IRQ,OK,NO_IRQ,NO_IRQ","NONE,DELTA,NONE,NONE",
26.358329,2026-09-05T19:24:55.377+01:00,1619948,1611889,216,216,True,True,0x02,"NO_IRQ,OK,NO_IRQ,NO_IRQ","NONE,DELTA,NONE,NONE",
26.363908,2026-09-05T19:24:55.382+01:00,1620164,1611890,234,234,True,True,0x02,"NO_IRQ,OK,NO_IRQ,NO_IRQ","NONE,DELTA,NONE,NONE",
26.372871,2026-09-05T19:24:55.388+01:00,1620398,1611891,230,230,True,True,0x02,"NO_IRQ,OK,NO_IRQ,NO_IRQ","NONE,DELTA,NONE,NONE",
26.373584,2026-09-05T19:24:55.396+01:00,1620628,1611892,202,202,True,True,0x02,"NO_IRQ,OK,NO_IRQ,NO_IRQ","NONE,DELTA,NONE,NONE",
26.379510,2026-09-05T19:24:55.397+01:00,1620830,1611893,192,192,True,True,0x02,"NO_IRQ,OK,NO_IRQ,NO_IRQ","NONE,DELTA,NONE,NONE",
26.383623,2026-09-05T19:24:55.403+01:00,1621022,1611894,234,234,True,True,0x02,"NO_IRQ,OK,NO_IRQ,NO_IRQ","NONE,DELTA,NONE,NONE",
26.389459,2026-09-05T19:24:55.407+01:00,1621256,1611895,210,210,True,True,0x02,"NO_IRQ,OK,NO_IRQ,NO_IRQ","NONE,DELTA,NONE,NONE",
26.394744,2026-09-05T19:24:55.413+01:00,1621466,1611896,214,214,True,True,0x02,"NO_IRQ,OK,NO_IRQ,NO_IRQ","NONE,DELTA,NONE,NONE",
26.398393,2026-09-05T19:24:55.418+01:00,1621680,1611897,206,206,True,True,0x02,"NO_IRQ,OK,NO_IRQ,NO_IRQ","NONE,DELTA,NONE,NONE",
26.403214,2026-09-05T19:24:55.422+01:00,1621886,1611898,212,212,True,True,0x02,"NO_IRQ,OK,NO_IRQ,NO_IRQ","NONE,DELTA,NONE,NONE",
26.418828,2026-09-05T19:24:55.427+01:00,1622098,1611899,196,196,True,True,0x02,"NO_IRQ,OK,NO_IRQ,NO_IRQ","NONE,DELTA,NONE,NONE",
26.419759,2026-09-05T19:24:55.442+01:00,1622294,1611900,226,226,True,True,0x02,"NO_IRQ,OK,NO_IRQ,NO_IRQ","NONE,DELTA,NONE,NONE",
26.420441,2026-09-05T19:24:55.443+01:00,1622520,1611901,228,228,True,True,0x02,"NO_IRQ,OK,NO_IRQ,NO_IRQ","NONE,DELTA,NONE,NONE",
26.424104,2026-09-05T19:24:55.444+01:00,1622748,1611902,196,196,True,True,0x02,"NO_IRQ,OK,NO_IRQ,NO_IRQ","NONE,DELTA,NONE,NONE",
26.428706,2026-09-05T19:24:55.448+01:00,1622944,1611903,220,220,True,True,0x02,"NO_IRQ,OK,NO_IRQ,NO_IRQ","NONE,DELTA,NONE,NONE",
26.437205,2026-09-05T19:24:55.452+01:00,1623164,1611904,232,232,True,True,0x02,"NO_IRQ,OK,NO_IRQ,NO_IRQ","NONE,DELTA,NONE,NONE",
26.438465,2026-09-05T19:24:55.461+01:00,1623396,1611905,194,194,True,True,0x02,"NO_IRQ,OK,NO_IRQ,NO_IRQ","NONE,DELTA,NONE,NONE",
26.443726,2026-09-05T19:24:55.462+01:00,1623590,1611906,192,192,True,True,0x02,"NO_IRQ,OK,NO_IRQ,NO_IRQ","NONE,DELTA,NONE,NONE",
26.453606,2026-09-05T19:24:55.468+01:00,1623782,1611907,176,176,True,True,0x02,"NO_IRQ,OK,NO_IRQ,NO_IRQ","NONE,DELTA,NONE,NONE",
26.454250,2026-09-05T19:24:55.477+01:00,1623958,1611908,202,202,True,True,0x02,"NO_IRQ,OK,NO_IRQ,NO_IRQ","NONE,DELTA,NONE,NONE",
26.458360,2026-09-05T19:24:55.478+01:00,1624160,1611909,216,216,True,True,0x02,"NO_IRQ,OK,NO_IRQ,NO_IRQ","NONE,DELTA,NONE,NONE",
26.463401,2026-09-05T19:24:55.482+01:00,1624376,1611910,248,248,True,True,0x02,"NO_IRQ,OK,NO_IRQ,NO_IRQ","NONE,DELTA,NONE,NONE",
26.470147,2026-09-05T19:24:55.487+01:00,1624624,1611911,236,236,True,True,0x02,"NO_IRQ,OK,NO_IRQ,NO_IRQ","NONE,DELTA,NONE,NONE",
26.473419,2026-09-05T19:24:55.494+01:00,1624860,1611912,218,218,True,True,0x02,"NO_IRQ,OK,NO_IRQ,NO_IRQ","NONE,DELTA,NONE,NONE",
26.479178,2026-09-05T19:24:55.497+01:00,1625078,1611913,1084,1084,True,True,0x02,"NO_IRQ,OK,NO_IRQ,NO_IRQ","NONE,DELTA_SYNC,NONE,NONE",
26.486764,2026-09-05T19:24:55.503+01:00,1626162,1611914,234,234,True,True,0x02,"NO_IRQ,OK,NO_IRQ,NO_IRQ","NONE,DELTA,NONE,NONE",
26.488182,2026-09-05T19:24:55.510+01:00,1626396,1611915,258,258,True,True,0x02,"NO_IRQ,OK,NO_IRQ,NO_IRQ","NONE,DELTA,NONE,NONE",
26.493776,2026-09-05T19:24:55.512+01:00,1626654,1611916,226,226,True,True,0x02,"NO_IRQ,OK,NO_IRQ,NO_IRQ","NONE,DELTA,NONE,NONE",
26.503258,2026-09-05T19:24:55.517+01:00,1626880,1611917,208,208,True,True,0x02,"NO_IRQ,OK,NO_IRQ,NO_IRQ","NONE,DELTA,NONE,NONE",
26.503862,2026-09-05T19:24:55.527+01:00,1627088,1611918,196,196,True,True,0x02,"NO_IRQ,OK,NO_IRQ,NO_IRQ","NONE,DELTA,NONE,NONE",
26.508594,2026-09-05T19:24:55.527+01:00,1627284,1611919,254,254,True,True,0x02,"NO_IRQ,OK,NO_IRQ,NO_IRQ","NONE,DELTA,NONE,NONE",
26.513554,2026-09-05T19:24:55.532+01:00,1627538,1611920,206,206,True,True,0x02,"NO_IRQ,OK,NO_IRQ,NO_IRQ","NONE,DELTA,NONE,NONE",
26.520743,2026-09-05T19:24:55.537+01:00,1627744,1611921,274,274,True,True,0x02,"NO_IRQ,OK,NO_IRQ,NO_IRQ","NONE,DELTA,NONE,NONE",
26.523530,2026-09-05T19:24:55.544+01:00,1628018,1611922,308,308,True,True,0x02,"NO_IRQ,OK,NO_IRQ,NO_IRQ","NONE,DELTA,NONE,NONE",
26.528351,2026-09-05T19:24:55.547+01:00,1628326,1611923,342,342,True,True,0x02,"NO_IRQ,OK,NO_IRQ,NO_IRQ","NONE,DELTA,NONE,NONE",
26.536965,2026-09-05T19:24:55.552+01:00,1628668,1611924,374,374,True,True,0x02,"NO_IRQ,OK,NO_IRQ,NO_IRQ","NONE,DELTA,NONE,NONE",
26.538285,2026-09-05T19:24:55.561+01:00,1629042,1611925,376,376,True,True,0x02,"NO_IRQ,OK,NO_IRQ,NO_IRQ","NONE,DELTA,NONE,NONE",
26.544433,2026-09-05T19:24:55.562+01:00,1629418,1611926,406,406,True,True,0x02,"NO_IRQ,OK,NO_IRQ,NO_IRQ","NONE,DELTA,NONE,NONE",
26.549046,2026-09-05T19:24:55.568+01:00,1629824,1611927,416,416,True,True,0x02,"NO_IRQ,OK,NO_IRQ,NO_IRQ","NONE,DELTA,NONE,NONE",
26.553698,2026-09-05T19:24:55.574+01:00,1630240,1611928,438,438,True,True,0x02,"NO_IRQ,OK,NO_IRQ,NO_IRQ","NONE,DELTA,NONE,NONE",
26.558361,2026-09-05T19:24:55.577+01:00,1630678,1611929,422,422,True,True,0x02,"NO_IRQ,OK,NO_IRQ,NO_IRQ","NONE,DELTA,NONE,NONE",
26.564271,2026-09-05T19:24:55.582+01:00,1631100,1611930,404,404,True,True,0x02,"NO_IRQ,OK,NO_IRQ,NO_IRQ","NONE,DELTA,NONE,NONE",
26.568649,2026-09-05T19:24:55.588+01:00,1631504,1611931,380,380,True,True,0x02,"NO_IRQ,OK,NO_IRQ,NO_IRQ","NONE,DELTA,NONE,NONE",
26.579049,2026-09-05T19:24:55.592+01:00,1631884,1611932,348,348,True,True,0x02,"NO_IRQ,OK,NO_IRQ,NO_IRQ","NONE,DELTA,NONE,NONE",
26.579490,2026-09-05T19:24:55.603+01:00,1632232,1611933,432,432,True,True,0x02,"NO_IRQ,OK,NO_IRQ,NO_IRQ","NONE,DELTA,NONE,NONE",
26.592621,2026-09-05T19:24:55.603+01:00,1632664,1611934,428,428,True,True,0x02,"NO_IRQ,OK,NO_IRQ,NO_IRQ","NONE,DELTA,NONE,NONE",
26.593968,2026-09-05T19:24:55.616+01:00,1633092,1611935,482,482,True,True,0x02,"NO_IRQ,OK,NO_IRQ,NO_IRQ","NONE,DELTA,NONE,NONE",
26.594890,2026-09-05T19:24:55.618+01:00,1633574,1611936,492,492,True,True,0x02,"NO_IRQ,OK,NO_IRQ,NO_IRQ","NONE,DELTA,NONE,NONE",
26.599072,2026-09-05T19:24:55.618+01:00,1634066,1611937,504,504,True,True,0x02,"NO_IRQ,OK,NO_IRQ,NO_IRQ","NONE,DELTA,NONE,NONE",
26.603830,2026-09-05T19:24:55.623+01:00,1634570,1611938,566,566,True,True,0x02,"NO_IRQ,OK,NO_IRQ,NO_IRQ","NONE,DELTA,NONE,NONE",
26.611425,2026-09-05T19:24:55.627+01:00,1635136,1611939,618,618,True,True,0x02,"NO_IRQ,OK,NO_IRQ,NO_IRQ","NONE,DELTA,NONE,NONE",
26.614156,2026-09-05T19:24:55.635+01:00,1635754,1611940,690,690,True,True,0x02,"NO_IRQ,OK,NO_IRQ,NO_IRQ","NONE,DELTA,NONE,NONE",
26.618904,2026-09-05T19:24:55.638+01:00,1636444,1611941,660,660,True,True,0x02,"NO_IRQ,OK,NO_IRQ,NO_IRQ","NONE,DELTA,NONE,NONE",
26.630389,2026-09-05T19:24:55.643+01:00,1637104,1611942,702,702,True,True,0x02,"NO_IRQ,OK,NO_IRQ,NO_IRQ","NONE,DELTA,NONE,NONE",
26.631541,2026-09-05T19:24:55.654+01:00,1637806,1611943,684,684,True,True,0x02,"NO_IRQ,OK,NO_IRQ,NO_IRQ","NONE,DELTA,NONE,NONE",
26.634394,2026-09-05T19:24:55.655+01:00,1638490,1611944,768,768,True,True,0x02,"NO_IRQ,OK,NO_IRQ,NO_IRQ","NONE,DELTA,NONE,NONE",
26.639303,2026-09-05T19:24:55.658+01:00,1639258,1611945,752,752,True,True,0x02,"NO_IRQ,OK,NO_IRQ,NO_IRQ","NONE,DELTA,NONE,NONE",
26.648572,2026-09-05T19:24:55.663+01:00,1640010,1611946,804,804,True,True,0x02,"NO_IRQ,OK,NO_IRQ,NO_IRQ","NONE,DELTA,NONE,NONE",
26.649782,2026-09-05T19:24:55.672+01:00,1640814,1611947,802,802,True,True,0x02,"NO_IRQ,OK,NO_IRQ,NO_IRQ","NONE,DELTA,NONE,NONE",
26.655159,2026-09-05T19:24:55.673+01:00,1641616,1611948,846,846,True,True,0x02,"NO_IRQ,OK,NO_IRQ,NO_IRQ","NONE,DELTA,NONE,NONE",
26.665848,2026-09-05T19:24:55.679+01:00,1642462,1611949,828,828,True,True,0x02,"NO_IRQ,OK,NO_IRQ,NO_IRQ","NONE,DELTA,NONE,NONE",
26.666760,2026-09-05T19:24:55.689+01:00,1643290,1611950,800,800,True,True,0x02,"NO_IRQ,OK,NO_IRQ,NO_IRQ","NONE,DELTA,NONE,NONE",
26.670934,2026-09-05T19:24:55.690+01:00,1644090,1611951,854,854,True,True,0x02,"NO_IRQ,OK,NO_IRQ,NO_IRQ","NONE,DELTA,NONE,NONE",
26.675872,2026-09-05T19:24:55.695+01:00,1644944,1611952,868,868,True,True,0x02,"NO_IRQ,OK,NO_IRQ,NO_IRQ","NONE,DELTA,NONE,NONE",
26.683900,2026-09-05T19:24:55.699+01:00,1645812,1611953,858,858,True,True,0x02,"NO_IRQ,OK,NO_IRQ,NO_IRQ","NONE,DELTA,NONE,NONE",
26.686576,2026-09-05T19:24:55.708+01:00,1646670,1611954,858,858,True,True,0x02,"NO_IRQ,OK,NO_IRQ,NO_IRQ","NONE,DELTA,NONE,NONE",
26.691856,2026-09-05T19:24:55.710+01:00,1647528,1611955,852,852,True,True,0x02,"NO_IRQ,OK,NO_IRQ,NO_IRQ","NONE,DELTA,NONE,NONE",
26.701699,2026-09-05T19:24:55.716+01:00,1648380,1611956,842,842,True,True,0x02,"NO_IRQ,OK,NO_IRQ,NO_IRQ","NONE,DELTA,NONE,NONE",
26.702812,2026-09-05T19:24:55.726+01:00,1649222,1611957,874,874,True,True,0x02,"NO_IRQ,OK,NO_IRQ,NO_IRQ","NONE,DELTA,NONE,NONE",
26.707681,2026-09-05T19:24:55.726+01:00,1650096,1611958,870,870,True,True,0x02,"NO_IRQ,OK,NO_IRQ,NO_IRQ","NONE,DELTA,NONE,NONE",
26.718956,2026-09-05T19:24:55.731+01:00,1650966,1611959,894,894,True,True,0x02,"NO_IRQ,OK,NO_IRQ,NO_IRQ","NONE,DELTA,NONE,NONE",
26.719906,2026-09-05T19:24:55.743+01:00,1651860,1611960,936,936,True,True,0x02,"NO_IRQ,OK,NO_IRQ,NO_IRQ","NONE,DELTA,NONE,NONE",
26.723802,2026-09-05T19:24:55.743+01:00,1652796,1611961,942,942,True,True,0x02,"NO_IRQ,OK,NO_IRQ,NO_IRQ","NONE,DELTA,NONE,NONE",
26.729181,2026-09-05T19:24:55.747+01:00,1653738,1611962,920,920,True,True,0x02,"NO_IRQ,OK,NO_IRQ,NO_IRQ","NONE,DELTA,NONE,NONE",
26.734491,2026-09-05T19:24:55.753+01:00,1654658,1611963,920,920,True,True,0x02,"NO_IRQ,OK,NO_IRQ,NO_IRQ","NONE,DELTA,NONE,NONE",
26.739938,2026-09-05T19:24:55.758+01:00,1655578,1611964,958,958,True,True,0x02,"NO_IRQ,OK,NO_IRQ,NO_IRQ","NONE,DELTA,NONE,NONE",
26.745443,2026-09-05T19:24:55.763+01:00,1656536,1611965,896,896,True,True,0x02,"NO_IRQ,OK,NO_IRQ,NO_IRQ","NONE,DELTA,NONE,NONE",
26.750582,2026-09-05T19:24:55.769+01:00,1657432,1611966,880,880,True,True,0x02,"NO_IRQ,OK,NO_IRQ,NO_IRQ","NONE,DELTA,NONE,NONE",
26.762558,2026-09-05T19:24:55.777+01:00,1658312,1611967,842,842,True,True,0x02,"NO_IRQ,OK,NO_IRQ,NO_IRQ","NONE,DELTA,NONE,NONE",
26.763471,2026-09-05T19:24:55.786+01:00,1659154,1611968,844,844,True,True,0x02,"NO_IRQ,OK,NO_IRQ,NO_IRQ","NONE,DELTA,NONE,NONE",
26.765993,2026-09-05T19:24:55.787+01:00,1659998,1611969,736,736,True,True,0x02,"NO_IRQ,OK,NO_IRQ,NO_IRQ","NONE,DELTA,NONE,NONE",
26.771049,2026-09-05T19:24:55.790+01:00,1660734,1611970,684,684,True,True,0x02,"NO_IRQ,OK,NO_IRQ,NO_IRQ","NONE,DELTA,NONE,NONE",
26.780657,2026-09-05T19:24:55.795+01:00,1661418,1611971,684,684,True,True,0x02,"NO_IRQ,OK,NO_IRQ,NO_IRQ","NONE,DELTA,NONE,NONE",
26.781484,2026-09-05T19:24:55.804+01:00,1662102,1611972,630,630,True,True,0x02,"NO_IRQ,OK,NO_IRQ,NO_IRQ","NONE,DELTA,NONE,NONE",
26.785843,2026-09-05T19:24:55.805+01:00,1662732,1611973,522,522,True,True,0x02,"NO_IRQ,OK,NO_IRQ,NO_IRQ","NONE,DELTA,NONE,NONE",
26.790623,2026-09-05T19:24:55.810+01:00,1663254,1611974,520,520,True,True,0x02,"NO_IRQ,OK,NO_IRQ,NO_IRQ","NONE,DELTA,NONE,NONE",
26.797887,2026-09-05T19:24:55.814+01:00,1663774,1611975,550,550,True,True,0x02,"NO_IRQ,OK,NO_IRQ,NO_IRQ","NONE,DELTA,NONE,NONE",
26.800976,2026-09-05T19:24:55.822+01:00,1664324,1611976,580,580,True,True,0x02,"NO_IRQ,OK,NO_IRQ,NO_IRQ","NONE,DELTA,NONE,NONE",
26.805829,2026-09-05T19:24:55.824+01:00,1664904,1611977,492,492,True,True,0x02,"NO_IRQ,OK,NO_IRQ,NO_IRQ","NONE,DELTA,NONE,NONE",
26.816096,2026-09-05T19:24:55.829+01:00,1665396,1611978,496,496,True,True,0x02,"NO_IRQ,OK,NO_IRQ,NO_IRQ","NONE,DELTA,NONE,NONE",
26.816866,2026-09-05T19:24:55.840+01:00,1665892,1611979,562,562,True,True,0x02,"NO_IRQ,OK,NO_IRQ,NO_IRQ","NONE,DELTA,NONE,NONE",
26.820902,2026-09-05T19:24:55.840+01:00,1666454,1611980,514,514,True,True,0x02,"NO_IRQ,OK,NO_IRQ,NO_IRQ","NONE,DELTA,NONE,NONE",
26.825598,2026-09-05T19:24:55.844+01:00,1666968,1611981,434,434,True,True,0x02,"NO_IRQ,OK,NO_IRQ,NO_IRQ","NONE,DELTA,NONE,NONE",
26.833219,2026-09-05T19:24:55.849+01:00,1667402,1611982,480,480,True,True,0x02,"NO_IRQ,OK,NO_IRQ,NO_IRQ","NONE,DELTA,NONE,NONE",
26.835568,2026-09-05T19:24:55.857+01:00,1667882,1611983,474,474,True,True,0x02,"NO_IRQ,OK,NO_IRQ,NO_IRQ","NONE,DELTA,NONE,NONE",
26.840811,2026-09-05T19:24:55.859+01:00,1668356,1611984,482,482,True,True,0x02,"NO_IRQ,OK,NO_IRQ,NO_IRQ","NONE,DELTA,NONE,NONE",
26.850067,2026-09-05T19:24:55.864+01:00,1668838,1611985,458,458,True,True,0x02,"NO_IRQ,OK,NO_IRQ,NO_IRQ","NONE,DELTA,NONE,NONE",
26.850791,2026-09-05T19:24:55.874+01:00,1669296,1611986,376,376,True,True,0x02,"NO_IRQ,OK,NO_IRQ,NO_IRQ","NONE,DELTA,NONE,NONE",
26.855770,2026-09-05T19:24:55.875+01:00,1669672,1611987,490,490,True,True,0x02,"NO_IRQ,OK,NO_IRQ,NO_IRQ","NONE,DELTA,NONE,NONE",
26.866476,2026-09-05T19:24:55.879+01:00,1670162,1611988,492,492,True,True,0x02,"NO_IRQ,OK,NO_IRQ,NO_IRQ","NONE,DELTA,NONE,NONE",
26.867212,2026-09-05T19:24:55.890+01:00,1670654,1611989,452,452,True,True,0x02,"NO_IRQ,OK,NO_IRQ,NO_IRQ","NONE,DELTA,NONE,NONE",
26.870770,2026-09-05T19:24:55.891+01:00,1671106,1611990,394,394,True,True,0x02,"NO_IRQ,OK,NO_IRQ,NO_IRQ","NONE,DELTA,NONE,NONE",
26.875472,2026-09-05T19:24:55.894+01:00,1671500,1611991,476,476,True,True,0x02,"NO_IRQ,OK,NO_IRQ,NO_IRQ","NONE,DELTA,NONE,NONE",
26.883069,2026-09-05T19:24:55.899+01:00,1671976,1611992,474,474,True,True,0x02,"NO_IRQ,OK,NO_IRQ,NO_IRQ","NONE,DELTA,NONE,NONE",
26.885798,2026-09-05T19:24:55.907+01:00,1672450,1611993,448,448,True,True,0x02,"NO_IRQ,OK,NO_IRQ,NO_IRQ","NONE,DELTA,NONE,NONE",
26.890433,2026-09-05T19:24:55.909+01:00,1672898,1611994,394,394,True,True,0x02,"NO_IRQ,OK,NO_IRQ,NO_IRQ","NONE,DELTA,NONE,NONE",
26.896184,2026-09-05T19:24:55.914+01:00,1673292,1611995,476,476,True,True,0x02,"NO_IRQ,OK,NO_IRQ,NO_IRQ","NONE,DELTA,NONE,NONE",
26.901134,2026-09-05T19:24:55.921+01:00,1673768,1611996,516,516,True,True,0x02,"NO_IRQ,OK,NO_IRQ,NO_IRQ","NONE,DELTA,NONE,NONE",
26.905416,2026-09-05T19:24:55.925+01:00,1674284,1611997,504,504,True,True,0x02,"NO_IRQ,OK,NO_IRQ,NO_IRQ","NONE,DELTA,NONE,NONE",
26.910907,2026-09-05T19:24:55.929+01:00,1674788,1611998,740,740,True,True,0x02,"NO_IRQ,OK,NO_IRQ,NO_IRQ","NONE,DELTA,NONE,NONE",
26.920794,2026-09-05T19:24:55.934+01:00,1675528,1611999,690,690,True,True,0x02,"NO_IRQ,OK,NO_IRQ,NO_IRQ","NONE,DELTA,NONE,NONE",
26.921227,2026-09-05T19:24:55.944+01:00,1676218,1612000,464,464,True,True,0x02,"NO_IRQ,OK,NO_IRQ,NO_IRQ","NONE,DELTA,NONE,NONE",
26.934407,2026-09-05T19:24:55.945+01:00,1676682,1612001,456,456,True,True,0x02,"NO_IRQ,OK,NO_IRQ,NO_IRQ","NONE,DELTA,NONE,NONE",
26.935182,2026-09-05T19:24:55.958+01:00,1677138,1612002,444,444,True,True,0x02,"NO_IRQ,OK,NO_IRQ,NO_IRQ","NONE,DELTA,NONE,NONE",
26.935983,2026-09-05T19:24:55.959+01:00,1677582,1612003,440,440,True,True,0x02,"NO_IRQ,OK,NO_IRQ,NO_IRQ","NONE,DELTA,NONE,NONE",
26.941191,2026-09-05T19:24:55.960+01:00,1678022,1612004,680,680,True,True,0x02,"NO_IRQ,OK,NO_IRQ,NO_IRQ","NONE,DELTA,NONE,NONE",
26.952013,2026-09-05T19:24:55.965+01:00,1678702,1612005,494,494,True,True,0x02,"NO_IRQ,OK,NO_IRQ,NO_IRQ","NONE,DELTA,NONE,NONE",
26.952817,2026-09-05T19:24:55.976+01:00,1679196,1612006,450,450,True,True,0x02,"NO_IRQ,OK,NO_IRQ,NO_IRQ","NONE,DELTA,NONE,NONE",
26.955800,2026-09-05T19:24:55.976+01:00,1679646,1612007,438,438,True,True,0x02,"NO_IRQ,OK,NO_IRQ,NO_IRQ","NONE,DELTA,NONE,NONE",
26.960654,2026-09-05T19:24:55.979+01:00,1680084,1612008,406,406,True,True,0x02,"NO_IRQ,OK,NO_IRQ,NO_IRQ","NONE,DELTA,NONE,NONE",
26.968872,2026-09-05T19:24:55.984+01:00,1680490,1612009,436,436,True,True,0x02,"NO_IRQ,OK,NO_IRQ,NO_IRQ","NONE,DELTA,NONE,NONE",
26.970423,2026-09-05T19:24:55.993+01:00,1680926,1612010,388,388,True,True,0x02,"NO_IRQ,OK,NO_IRQ,NO_IRQ","NONE,DELTA,NONE,NONE",
26.975421,2026-09-05T19:24:55.994+01:00,1681314,1612011,394,394,True,True,0x02,"NO_IRQ,OK,NO_IRQ,NO_IRQ","NONE,DELTA,NONE,NONE",
26.985383,2026-09-05T19:24:55.999+01:00,1681708,1612012,392,392,True,True,0x02,"NO_IRQ,OK,NO_IRQ,NO_IRQ","NONE,DELTA,NONE,NONE",
26.986134,2026-09-05T19:24:56.009+01:00,1682100,1612013,406,406,True,True,0x02,"NO_IRQ,OK,NO_IRQ,NO_IRQ","NONE,DELTA,NONE,NONE",
26.990611,2026-09-05T19:24:56.010+01:00,1682506,1612014,348,348,True,True,0x02,"NO_IRQ,OK,NO_IRQ,NO_IRQ","NONE,DELTA,NONE,NONE",
26.995442,2026-09-05T19:24:56.014+01:00,1682854,1612015,380,380,True,True,0x02,"NO_IRQ,OK,NO_IRQ,NO_IRQ","NONE,DELTA,NONE,NONE",
27.002738,2026-09-05T19:24:56.019+01:00,1683234,1612016,342,342,True,True,0x02,"NO_IRQ,OK,NO_IRQ,NO_IRQ","NONE,DELTA,NONE,NONE",
27.005478,2026-09-05T19:24:56.026+01:00,1683576,1612017,376,376,True,True,0x02,"NO_IRQ,OK,NO_IRQ,NO_IRQ","NONE,DELTA,NONE,NONE",
27.011272,2026-09-05T19:24:56.029+01:00,1683952,1612018,372,372,True,True,0x02,"NO_IRQ,OK,NO_IRQ,NO_IRQ","NONE,DELTA,NONE,NONE",
27.019203,2026-09-05T19:24:56.035+01:00,1684324,1612019,378,378,True,True,0x02,"NO_IRQ,OK,NO_IRQ,NO_IRQ","NONE,DELTA,NONE,NONE",
27.020461,2026-09-05T19:24:56.043+01:00,1684702,1612020,404,404,True,True,0x02,"NO_IRQ,OK,NO_IRQ,NO_IRQ","NONE,DELTA,NONE,NONE",
27.025741,2026-09-05T19:24:56.044+01:00,1685106,1612021,344,344,True,True,0x02,"NO_IRQ,OK,NO_IRQ,NO_IRQ","NONE,DELTA,NONE,NONE",
27.036206,2026-09-05T19:24:56.049+01:00,1685450,1612022,396,396,True,True,0x02,"NO_IRQ,OK,NO_IRQ,NO_IRQ","NONE,DELTA,NONE,NONE",
27.036906,2026-09-05T19:24:56.060+01:00,1685846,1612023,428,428,True,True,0x02,"NO_IRQ,OK,NO_IRQ,NO_IRQ","NONE,DELTA,NONE,NONE",
27.040495,2026-09-05T19:24:56.061+01:00,1686274,1612024,406,406,True,True,0x02,"NO_IRQ,OK,NO_IRQ,NO_IRQ","NONE,DELTA,NONE,NONE",
27.045714,2026-09-05T19:24:56.064+01:00,1686680,1612025,434,434,True,True,0x02,"NO_IRQ,OK,NO_IRQ,NO_IRQ","NONE,DELTA,NONE,NONE",
27.053870,2026-09-05T19:24:56.069+01:00,1687114,1612026,370,370,True,True,0x02,"NO_IRQ,OK,NO_IRQ,NO_IRQ","NONE,DELTA,NONE,NONE",
27.055443,2026-09-05T19:24:56.077+01:00,1687484,1612027,430,430,True,True,0x02,"NO_IRQ,OK,NO_IRQ,NO_IRQ","NONE,DELTA,NONE,NONE",
27.061527,2026-09-05T19:24:56.079+01:00,1687914,1612028,488,488,True,True,0x02,"NO_IRQ,OK,NO_IRQ,NO_IRQ","NONE,DELTA,NONE,NONE",
27.066374,2026-09-05T19:24:56.085+01:00,1688402,1612029,506,506,True,True,0x02,"NO_IRQ,OK,NO_IRQ,NO_IRQ","NONE,DELTA,NONE,NONE",
27.070652,2026-09-05T19:24:56.091+01:00,1688908,1612030,442,442,True,True,0x02,"NO_IRQ,OK,NO_IRQ,NO_IRQ","NONE,DELTA,NONE,NONE",
27.075519,2026-09-05T19:24:56.094+01:00,1689350,1612031,444,444,True,True,0x02,"NO_IRQ,OK,NO_IRQ,NO_IRQ","NONE,DELTA,NONE,NONE",
27.080392,2026-09-05T19:24:56.099+01:00,1689794,1612032,476,476,True,True,0x02,"NO_IRQ,OK,NO_IRQ,NO_IRQ","NONE,DELTA,NONE,NONE",
27.095929,2026-09-05T19:24:56.104+01:00,1690270,1612033,470,470,True,True,0x02,"NO_IRQ,OK,NO_IRQ,NO_IRQ","NONE,DELTA,NONE,NONE",
27.097198,2026-09-05T19:24:56.119+01:00,1690740,1612034,696,696,True,True,0x02,"NO_IRQ,OK,NO_IRQ,NO_IRQ","NONE,DELTA,NONE,NONE",
27.097954,2026-09-05T19:24:56.121+01:00,1691436,1612035,544,544,True,True,0x02,"NO_IRQ,OK,NO_IRQ,NO_IRQ","NONE,DELTA,NONE,NONE",
27.100894,2026-09-05T19:24:56.122+01:00,1691980,1612036,592,592,True,True,0x02,"NO_IRQ,OK,NO_IRQ,NO_IRQ","NONE,DELTA,NONE,NONE",
27.105798,2026-09-05T19:24:56.124+01:00,1692572,1612037,636,636,True,True,0x02,"NO_IRQ,OK,NO_IRQ,NO_IRQ","NONE,DELTA,NONE,NONE",
27.114160,2026-09-05T19:24:56.129+01:00,1693208,1612038,694,694,True,True,0x02,"NO_IRQ,OK,NO_IRQ,NO_IRQ","NONE,DELTA,NONE,NONE",
27.116194,2026-09-05T19:24:56.138+01:00,1693902,1612039,740,740,True,True,0x02,"NO_IRQ,OK,NO_IRQ,NO_IRQ","NONE,DELTA,NONE,NONE",
27.121427,2026-09-05T19:24:56.140+01:00,1694642,1612040,700,700,True,True,0x02,"NO_IRQ,OK,NO_IRQ,NO_IRQ","NONE,DELTA,NONE,NONE",
27.129023,2026-09-05T19:24:56.145+01:00,1695342,1612041,784,784,True,True,0x02,"NO_IRQ,OK,NO_IRQ,NO_IRQ","NONE,DELTA,NONE,NONE",
27.132603,2026-09-05T19:24:56.155+01:00,1696126,1612042,744,744,True,True,0x02,"NO_IRQ,OK,NO_IRQ,NO_IRQ","NONE,DELTA,NONE,NONE",
27.136612,2026-09-05T19:24:56.156+01:00,1696870,1612043,750,750,True,True,0x02,"NO_IRQ,OK,NO_IRQ,NO_IRQ","NONE,DELTA,NONE,NONE",
27.142031,2026-09-05T19:24:56.160+01:00,1697620,1612044,810,810,True,True,0x02,"NO_IRQ,OK,NO_IRQ,NO_IRQ","NONE,DELTA,NONE,NONE",
27.150453,2026-09-05T19:24:56.166+01:00,1698430,1612045,868,868,True,True,0x02,"NO_IRQ,OK,NO_IRQ,NO_IRQ","NONE,DELTA,NONE,NONE",
27.152477,2026-09-05T19:24:56.174+01:00,1699298,1612046,882,882,True,True,0x02,"NO_IRQ,OK,NO_IRQ,NO_IRQ","NONE,DELTA,NONE,NONE",
27.157663,2026-09-05T19:24:56.176+01:00,1700180,1612047,862,862,True,True,0x02,"NO_IRQ,OK,NO_IRQ,NO_IRQ","NONE,DELTA,NONE,NONE",
27.167430,2026-09-05T19:24:56.181+01:00,1701042,1612048,864,864,True,True,0x02,"NO_IRQ,OK,NO_IRQ,NO_IRQ","NONE,DELTA,NONE,NONE",
27.168410,2026-09-05T19:24:56.191+01:00,1701906,1612049,988,988,True,True,0x02,"NO_IRQ,OK,NO_IRQ,NO_IRQ","NONE,DELTA,NONE,NONE",
27.174090,2026-09-05T19:24:56.192+01:00,1702894,1612050,982,982,True,True,0x02,"NO_IRQ,OK,NO_IRQ,NO_IRQ","NONE,DELTA,NONE,NONE",
27.184287,2026-09-05T19:24:56.198+01:00,1703876,1612051,1004,1004,True,True,0x02,"NO_IRQ,OK,NO_IRQ,NO_IRQ","NONE,DELTA,NONE,NONE",
27.185228,2026-09-05T19:24:56.208+01:00,1704880,1612052,1060,1060,True,True,0x02,"NO_IRQ,OK,NO_IRQ,NO_IRQ","NONE,DELTA,NONE,NONE",
27.189963,2026-09-05T19:24:56.209+01:00,1705940,1612053,1084,1084,True,True,0x02,"NO_IRQ,OK,NO_IRQ,NO_IRQ","NONE,DELTA_SYNC,NONE,NONE",
27.195990,2026-09-05T19:24:56.214+01:00,1707024,1612054,1084,1084,True,True,0x02,"NO_IRQ,OK,NO_IRQ,NO_IRQ","NONE,DELTA_SYNC,NONE,NONE",
27.201490,2026-09-05T19:24:56.221+01:00,1708108,1612055,1084,1084,True,True,0x02,"NO_IRQ,OK,NO_IRQ,NO_IRQ","NONE,DELTA_SYNC,NONE,NONE",
27.206060,2026-09-05T19:24:56.225+01:00,1709192,1612056,1084,1084,True,True,0x02,"NO_IRQ,OK,NO_IRQ,NO_IRQ","NONE,DELTA,NONE,NONE",
27.211901,2026-09-05T19:24:56.230+01:00,1710276,1612057,1048,1048,True,True,0x02,"NO_IRQ,OK,NO_IRQ,NO_IRQ","NONE,DELTA,NONE,NONE",
27.219166,2026-09-05T19:24:56.236+01:00,1711324,1612058,932,932,True,True,0x02,"NO_IRQ,OK,NO_IRQ,NO_IRQ","NONE,DELTA,NONE,NONE",
27.222592,2026-09-05T19:24:56.243+01:00,1712256,1612059,930,930,True,True,0x02,"NO_IRQ,OK,NO_IRQ,NO_IRQ","NONE,DELTA,NONE,NONE",
27.228108,2026-09-05T19:24:56.246+01:00,1713186,1612060,882,882,True,True,0x02,"NO_IRQ,OK,NO_IRQ,NO_IRQ","NONE,DELTA,NONE,NONE",
27.232905,2026-09-05T19:24:56.252+01:00,1714068,1612061,834,834,True,True,0x02,"NO_IRQ,OK,NO_IRQ,NO_IRQ","NONE,DELTA,NONE,NONE",
27.238979,2026-09-05T19:24:56.256+01:00,1714902,1612062,758,758,True,True,0x02,"NO_IRQ,OK,NO_IRQ,NO_IRQ","NONE,DELTA,NONE,NONE",
27.242737,2026-09-05T19:24:56.263+01:00,1715660,1612063,618,618,True,True,0x02,"NO_IRQ,OK,NO_IRQ,NO_IRQ","NONE,DELTA,NONE,NONE",
27.247894,2026-09-05T19:24:56.266+01:00,1716278,1612064,588,588,True,True,0x02,"NO_IRQ,OK,NO_IRQ,NO_IRQ","NONE,DELTA,NONE,NONE",
27.257286,2026-09-05T19:24:56.271+01:00,1716866,1612065,562,562,True,True,0x02,"NO_IRQ,OK,NO_IRQ,NO_IRQ","NONE,DELTA,NONE,NONE",
27.257748,2026-09-05T19:24:56.281+01:00,1717428,1612066,500,500,True,True,0x02,"NO_IRQ,OK,NO_IRQ,NO_IRQ","NONE,DELTA,NONE,NONE",
27.270873,2026-09-05T19:24:56.281+01:00,1717928,1612067,538,538,True,True,0x02,"NO_IRQ,OK,NO_IRQ,NO_IRQ","NONE,DELTA,NONE,NONE",
27.271687,2026-09-05T19:24:56.294+01:00,1718466,1612068,564,564,True,True,0x02,"NO_IRQ,OK,NO_IRQ,NO_IRQ","NONE,DELTA,NONE,NONE",
27.272735,2026-09-05T19:24:56.295+01:00,1719030,1612069,558,558,True,True,0x02,"NO_IRQ,OK,NO_IRQ,NO_IRQ","NONE,DELTA,NONE,NONE",
27.277930,2026-09-05T19:24:56.296+01:00,1719588,1612070,500,500,True,True,0x02,"NO_IRQ,OK,NO_IRQ,NO_IRQ","NONE,DELTA,NONE,NONE",
27.287849,2026-09-05T19:24:56.301+01:00,1720088,1612071,524,524,True,True,0x02,"NO_IRQ,OK,NO_IRQ,NO_IRQ","NONE,DELTA,NONE,NONE",
27.288568,2026-09-05T19:24:56.311+01:00,1720612,1612072,500,500,True,True,0x02,"NO_IRQ,OK,NO_IRQ,NO_IRQ","NONE,DELTA,NONE,NONE",
27.292745,2026-09-05T19:24:56.312+01:00,1721112,1612073,484,484,True,True,0x02,"NO_IRQ,OK,NO_IRQ,NO_IRQ","NONE,DELTA,NONE,NONE",
27.297529,2026-09-05T19:24:56.316+01:00,1721596,1612074,454,454,True,True,0x02,"NO_IRQ,OK,NO_IRQ,NO_IRQ","NONE,DELTA,NONE,NONE",
27.304694,2026-09-05T19:24:56.321+01:00,1722050,1612075,460,460,True,True,0x02,"NO_IRQ,OK,NO_IRQ,NO_IRQ","NONE,DELTA,NONE,NONE",
27.307853,2026-09-05T19:24:56.328+01:00,1722510,1612076,466,466,True,True,0x02,"NO_IRQ,OK,NO_IRQ,NO_IRQ","NONE,DELTA,NONE,NONE",
27.312495,2026-09-05T19:24:56.331+01:00,1722976,1612077,424,424,True,True,0x02,"NO_IRQ,OK,NO_IRQ,NO_IRQ","NONE,DELTA,NONE,NONE",
27.322405,2026-09-05T19:24:56.336+01:00,1723400,1612078,358,358,True,True,0x02,"NO_IRQ,OK,NO_IRQ,NO_IRQ","NONE,DELTA,NONE,NONE",
27.323122,2026-09-05T19:24:56.346+01:00,1723758,1612079,436,436,True,True,0x02,"NO_IRQ,OK,NO_IRQ,NO_IRQ","NONE,DELTA,NONE,NONE",
27.327536,2026-09-05T19:24:56.347+01:00,1724194,1612080,408,408,True,True,0x02,"NO_IRQ,OK,NO_IRQ,NO_IRQ","NONE,DELTA,NONE,NONE",
27.332742,2026-09-05T19:24:56.351+01:00,1724602,1612081,392,392,True,True,0x02,"NO_IRQ,OK,NO_IRQ,NO_IRQ","NONE,DELTA,NONE,NONE",
27.339887,2026-09-05T19:24:56.356+01:00,1724994,1612082,436,436,True,True,0x02,"NO_IRQ,OK,NO_IRQ,NO_IRQ","NONE,DELTA,NONE,NONE",
27.342564,2026-09-05T19:24:56.364+01:00,1725430,1612083,388,388,True,True,0x02,"NO_IRQ,OK,NO_IRQ,NO_IRQ","NONE,DELTA,NONE,NONE",
27.347843,2026-09-05T19:24:56.367+01:00,1725818,1612084,492,492,True,True,0x02,"NO_IRQ,OK,NO_IRQ,NO_IRQ","NONE,DELTA,NONE,NONE",
27.356870,2026-09-05T19:24:56.371+01:00,1726310,1612085,434,434,True,True,0x02,"NO_IRQ,OK,NO_IRQ,NO_IRQ","NONE,DELTA,NONE,NONE",
27.357519,2026-09-05T19:24:56.380+01:00,1726744,1612086,434,434,True,True,0x02,"NO_IRQ,OK,NO_IRQ,NO_IRQ","NONE,DELTA,NONE,NONE",
27.362693,2026-09-05T19:24:56.381+01:00,1727178,1612087,402,402,True,True,0x02,"NO_IRQ,OK,NO_IRQ,NO_IRQ","NONE,DELTA,NONE,NONE",
27.367940,2026-09-05T19:24:56.386+01:00,1727580,1612088,398,398,True,True,0x02,"NO_IRQ,OK,NO_IRQ,NO_IRQ","NONE,DELTA,NONE,NONE",
27.374683,2026-09-05T19:24:56.392+01:00,1727978,1612089,430,430,True,True,0x02,"NO_IRQ,OK,NO_IRQ,NO_IRQ","NONE,DELTA,NONE,NONE",
27.377904,2026-09-05T19:24:56.399+01:00,1728408,1612090,382,382,True,True,0x02,"NO_IRQ,OK,NO_IRQ,NO_IRQ","NONE,DELTA,NONE,NONE",
27.382541,2026-09-05T19:24:56.401+01:00,1728790,1612091,374,374,True,True,0x02,"NO_IRQ,OK,NO_IRQ,NO_IRQ","NONE,DELTA,NONE,NONE",
27.391103,2026-09-05T19:24:56.406+01:00,1729164,1612092,368,368,True,True,0x02,"NO_IRQ,OK,NO_IRQ,NO_IRQ","NONE,DELTA,NONE,NONE",
27.392460,2026-09-05T19:24:56.415+01:00,1729532,1612093,380,380,True,True,0x02,"NO_IRQ,OK,NO_IRQ,NO_IRQ","NONE,DELTA,NONE,NONE",
27.397439,2026-09-05T19:24:56.416+01:00,1729912,1612094,368,368,True,True,0x02,"NO_IRQ,OK,NO_IRQ,NO_IRQ","NONE,DELTA,NONE,NONE",
27.402256,2026-09-05T19:24:56.421+01:00,1730280,1612095,356,356,True,True,0x02,"NO_IRQ,OK,NO_IRQ,NO_IRQ","NONE,DELTA,NONE,NONE",
27.408511,2026-09-05T19:24:56.426+01:00,1730636,1612096,396,396,True,True,0x02,"NO_IRQ,OK,NO_IRQ,NO_IRQ","NONE,DELTA,NONE,NONE",
27.412630,2026-09-05T19:24:56.432+01:00,1731032,1612097,360,360,True,True,0x02,"NO_IRQ,OK,NO_IRQ,NO_IRQ","NONE,DELTA,NONE,NONE",
27.417106,2026-09-05T19:24:56.436+01:00,1731392,1612098,388,388,True,True,0x02,"NO_IRQ,OK,NO_IRQ,NO_IRQ","NONE,DELTA,NONE,NONE",
27.422070,2026-09-05T19:24:56.441+01:00,1731780,1612099,412,412,True,True,0x02,"NO_IRQ,OK,NO_IRQ,NO_IRQ","NONE,DELTA,NONE,NONE",
27.434254,2026-09-05T19:24:56.446+01:00,1732192,1612100,406,406,True,True,0x02,"NO_IRQ,OK,NO_IRQ,NO_IRQ","NONE,DELTA,NONE,NONE",
27.435119,2026-09-05T19:24:56.458+01:00,1732598,1612101,426,426,True,True,0x02,"NO_IRQ,OK,NO_IRQ,NO_IRQ","NONE,DELTA,NONE,NONE",
27.437329,2026-09-05T19:24:56.459+01:00,1733024,1612102,438,438,True,True,0x02,"NO_IRQ,OK,NO_IRQ,NO_IRQ","NONE,DELTA,NONE,NONE",
27.442647,2026-09-05T19:24:56.461+01:00,1733462,1612103,450,450,True,True,0x02,"NO_IRQ,OK,NO_IRQ,NO_IRQ","NONE,DELTA,NONE,NONE",
27.451933,2026-09-05T19:24:56.466+01:00,1733912,1612104,370,370,True,True,0x02,"NO_IRQ,OK,NO_IRQ,NO_IRQ","NONE,DELTA,NONE,NONE",
27.452643,2026-09-05T19:24:56.476+01:00,1734282,1612105,348,348,True,True,0x02,"NO_IRQ,OK,NO_IRQ,NO_IRQ","NONE,DELTA,NONE,NONE",
27.457271,2026-09-05T19:24:56.476+01:00,1734630,1612106,326,326,True,True,0x02,"NO_IRQ,OK,NO_IRQ,NO_IRQ","NONE,DELTA,NONE,NONE",
27.462048,2026-09-05T19:24:56.481+01:00,1734956,1612107,316,316,True,True,0x02,"NO_IRQ,OK,NO_IRQ,NO_IRQ","NONE,DELTA,NONE,NONE",
27.468678,2026-09-05T19:24:56.486+01:00,1735272,1612108,256,256,True,True,0x02,"NO_IRQ,OK,NO_IRQ,NO_IRQ","NONE,DELTA,NONE,NONE",
27.472047,2026-09-05T19:24:56.492+01:00,1735528,1612109,274,274,True,True,0x02,"NO_IRQ,OK,NO_IRQ,NO_IRQ","NONE,DELTA,NONE,NONE",
27.477744,2026-09-05T19:24:56.496+01:00,1735802,1612110,238,238,True,True,0x02,"NO_IRQ,OK,NO_IRQ,NO_IRQ","NONE,DELTA,NONE,NONE",
27.485218,2026-09-05T19:24:56.501+01:00,1736040,1612111,230,230,True,True,0x02,"NO_IRQ,OK,NO_IRQ,NO_IRQ","NONE,DELTA,NONE,NONE",
27.486992,2026-09-05T19:24:56.509+01:00,1736270,1612112,246,246,True,True,0x02,"NO_IRQ,OK,NO_IRQ,NO_IRQ","NONE,DELTA,NONE,NONE",
27.491905,2026-09-05T19:24:56.511+01:00,1736516,1612113,236,236,True,True,0x02,"NO_IRQ,OK,NO_IRQ,NO_IRQ","NONE,DELTA,NONE,NONE",
27.501705,2026-09-05T19:24:56.515+01:00,1736752,1612114,244,244,True,True,0x02,"NO_IRQ,OK,NO_IRQ,NO_IRQ","NONE,DELTA,NONE,NONE",
27.502404,2026-09-05T19:24:56.525+01:00,1736996,1612115,230,230,True,True,0x02,"NO_IRQ,OK,NO_IRQ,NO_IRQ","NONE,DELTA,NONE,NONE",
27.506885,2026-09-05T19:24:56.526+01:00,1737226,1612116,250,250,True,True,0x02,"NO_IRQ,OK,NO_IRQ,NO_IRQ","NONE,DELTA,NONE,NONE",
27.511969,2026-09-05T19:24:56.531+01:00,1737476,1612117,216,216,True,True,0x02,"NO_IRQ,OK,NO_IRQ,NO_IRQ","NONE,DELTA,NONE,NONE",
27.518526,2026-09-05T19:24:56.536+01:00,1737692,1612118,220,220,True,True,0x02,"NO_IRQ,OK,NO_IRQ,NO_IRQ","NONE,DELTA,NONE,NONE",
27.521820,2026-09-05T19:24:56.542+01:00,1737912,1612119,220,220,True,True,0x02,"NO_IRQ,OK,NO_IRQ,NO_IRQ","NONE,DELTA,NONE,NONE",
27.526961,2026-09-05T19:24:56.545+01:00,1738132,1612120,228,228,True,True,0x02,"NO_IRQ,OK,NO_IRQ,NO_IRQ","NONE,DELTA,NONE,NONE",
27.535403,2026-09-05T19:24:56.551+01:00,1738360,1612121,222,222,True,True,0x02,"NO_IRQ,OK,NO_IRQ,NO_IRQ","NONE,DELTA,NONE,NONE",
27.536609,2026-09-05T19:24:56.559+01:00,1738582,1612122,214,214,True,True,0x02,"NO_IRQ,OK,NO_IRQ,NO_IRQ","NONE,DELTA,NONE,NONE",
27.541759,2026-09-05T19:24:56.560+01:00,1738796,1612123,258,258,True,True,0x02,"NO_IRQ,OK,NO_IRQ,NO_IRQ","NONE,DELTA,NONE,NONE",
27.552332,2026-09-05T19:24:56.565+01:00,1739054,1612124,236,236,True,True,0x02,"NO_IRQ,OK,NO_IRQ,NO_IRQ","NONE,DELTA,NONE,NONE",
27.553061,2026-09-05T19:24:56.576+01:00,1739290,1612125,216,216,True,True,0x02,"NO_IRQ,OK,NO_IRQ,NO_IRQ","NONE,DELTA,NONE,NONE",
27.558252,2026-09-05T19:24:56.577+01:00,1739506,1612126,208,208,True,True,0x02,"NO_IRQ,OK,NO_IRQ,NO_IRQ","NONE,DELTA,NONE,NONE",
27.561625,2026-09-05T19:24:56.582+01:00,1739714,1612127,194,194,True,True,0x02,"NO_IRQ,OK,NO_IRQ,NO_IRQ","NONE,DELTA,NONE,NONE",
27.566596,2026-09-05T19:24:56.585+01:00,1739908,1612128,214,214,True,True,0x02,"NO_IRQ,OK,NO_IRQ,NO_IRQ","NONE,DELTA,NONE,NONE",
27.572341,2026-09-05T19:24:56.590+01:00,1740122,1612129,204,204,True,True,0x02,"NO_IRQ,OK,NO_IRQ,NO_IRQ","NONE,DELTA,NONE,NONE",
27.576809,2026-09-05T19:24:56.596+01:00,1740326,1612130,196,196,True,True,0x02,"NO_IRQ,OK,NO_IRQ,NO_IRQ","NONE,DELTA,NONE,NONE",
27.581485,2026-09-05T19:24:56.600+01:00,1740522,1612131,198,198,True,True,0x02,"NO_IRQ,OK,NO_IRQ,NO_IRQ","NONE,DELTA,NONE,NONE",
27.591062,2026-09-05T19:24:56.605+01:00,1740720,1612132,214,214,True,True,0x02,"NO_IRQ,OK,NO_IRQ,NO_IRQ","NONE,DELTA,NONE,NONE",
27.591460,2026-09-05T19:24:56.615+01:00,1740934,1612133,226,226,True,True,0x02,"NO_IRQ,OK,NO_IRQ,NO_IRQ","NONE,DELTA,NONE,NONE",
27.604276,2026-09-05T19:24:56.615+01:00,1741160,1612134,202,202,True,True,0x02,"NO_IRQ,OK,NO_IRQ,NO_IRQ","NONE,DELTA,NONE,NONE",
27.604991,2026-09-05T19:24:56.628+01:00,1741362,1612135,208,208,True,True,0x02,"NO_IRQ,OK,NO_IRQ,NO_IRQ","NONE,DELTA,NONE,NONE",
27.606486,2026-09-05T19:24:56.629+01:00,1741570,1612136,214,214,True,True,0x02,"NO_IRQ,OK,NO_IRQ,NO_IRQ","NONE,DELTA,NONE,NONE",
27.612095,2026-09-05T19:24:56.630+01:00,1741784,1612137,194,194,True,True,0x02,"NO_IRQ,OK,NO_IRQ,NO_IRQ","NONE,DELTA,NONE,NONE",
27.621463,2026-09-05T19:24:56.636+01:00,1741978,1612138,194,194,True,True,0x02,"NO_IRQ,OK,NO_IRQ,NO_IRQ","NONE,DELTA,NONE,NONE",
27.622058,2026-09-05T19:24:56.645+01:00,1742172,1612139,194,194,True,True,0x02,"NO_IRQ,OK,NO_IRQ,NO_IRQ","NONE,DELTA,NONE,NONE",
27.627736,2026-09-05T19:24:56.646+01:00,1742366,1612140,252,252,True,True,0x02,"NO_IRQ,OK,NO_IRQ,NO_IRQ","NONE,DELTA,NONE,NONE",
27.631629,2026-09-05T19:24:56.652+01:00,1742618,1612141,214,214,True,True,0x02,"NO_IRQ,OK,NO_IRQ,NO_IRQ","NONE,DELTA,NONE,NONE",
27.638033,2026-09-05T19:24:56.655+01:00,1742832,1612142,208,208,True,True,0x02,"NO_IRQ,OK,NO_IRQ,NO_IRQ","NONE,DELTA,NONE,NONE",
27.641601,2026-09-05T19:24:56.662+01:00,1743040,1612143,206,206,True,True,0x02,"NO_IRQ,OK,NO_IRQ,NO_IRQ","NONE,DELTA,NONE,NONE",
27.646545,2026-09-05T19:24:56.665+01:00,1743246,1612144,236,236,True,True,0x02,"NO_IRQ,OK,NO_IRQ,NO_IRQ","NONE,DELTA,NONE,NONE",
27.654376,2026-09-05T19:24:56.670+01:00,1743482,1612145,232,232,True,True,0x02,"NO_IRQ,OK,NO_IRQ,NO_IRQ","NONE,DELTA,NONE,NONE",
27.656648,2026-09-05T19:24:56.678+01:00,1743714,1612146,174,174,True,True,0x02,"NO_IRQ,OK,NO_IRQ,NO_IRQ","NONE,DELTA,NONE,NONE",
27.661809,2026-09-05T19:24:56.680+01:00,1743888,1612147,222,222,True,True,0x02,"NO_IRQ,OK,NO_IRQ,NO_IRQ","NONE,DELTA,NONE,NONE",
27.672117,2026-09-05T19:24:56.686+01:00,1744110,1612148,248,248,True,True,0x02,"NO_IRQ,OK,NO_IRQ,NO_IRQ","NONE,DELTA,NONE,NONE",
27.672814,2026-09-05T19:24:56.696+01:00,1744358,1612149,244,244,True,True,0x02,"NO_IRQ,OK,NO_IRQ,NO_IRQ","NONE,DELTA,NONE,NONE",
27.676557,2026-09-05T19:24:56.696+01:00,1744602,1612150,210,210,True,True,0x02,"NO_IRQ,OK,NO_IRQ,NO_IRQ","NONE,DELTA,NONE,NONE",
27.681597,2026-09-05T19:24:56.700+01:00,1744812,1612151,200,200,True,True,0x02,"NO_IRQ,OK,NO_IRQ,NO_IRQ","NONE,DELTA,NONE,NONE",
27.688708,2026-09-05T19:24:56.705+01:00,1745012,1612152,232,232,True,True,0x02,"NO_IRQ,OK,NO_IRQ,NO_IRQ","NONE,DELTA,NONE,NONE",
27.691608,2026-09-05T19:24:56.712+01:00,1745244,1612153,220,220,True,True,0x02,"NO_IRQ,OK,NO_IRQ,NO_IRQ","NONE,DELTA,NONE,NONE",
27.696449,2026-09-05T19:24:56.715+01:00,1745464,1612154,202,202,True,True,0x02,"NO_IRQ,OK,NO_IRQ,NO_IRQ","NONE,DELTA,NONE,NONE",
27.706248,2026-09-05T19:24:56.720+01:00,1745666,1612155,210,210,True,True,0x02,"NO_IRQ,OK,NO_IRQ,NO_IRQ","NONE,DELTA,NONE,NONE",
27.707296,2026-09-05T19:24:56.730+01:00,1745876,1612156,192,192,True,True,0x02,"NO_IRQ,OK,NO_IRQ,NO_IRQ","NONE,DELTA,NONE,NONE",
27.711563,2026-09-05T19:24:56.731+01:00,1746068,1612157,212,212,True,True,0x02,"NO_IRQ,OK,NO_IRQ,NO_IRQ","NONE,DELTA,NONE,NONE",
27.716920,2026-09-05T19:24:56.735+01:00,1746280,1612158,220,220,True,True,0x02,"NO_IRQ,OK,NO_IRQ,NO_IRQ","NONE,DELTA,NONE,NONE",
27.725790,2026-09-05T19:24:56.741+01:00,1746500,1612159,220,220,True,True,0x02,"NO_IRQ,OK,NO_IRQ,NO_IRQ","NONE,DELTA,NONE,NONE",
27.727846,2026-09-05T19:24:56.750+01:00,1746720,1612160,206,206,True,True,0x02,"NO_IRQ,OK,NO_IRQ,NO_IRQ","NONE,DELTA,NONE,NONE",
27.731332,2026-09-05T19:24:56.751+01:00,1746926,1612161,214,214,True,True,0x02,"NO_IRQ,OK,NO_IRQ,NO_IRQ","NONE,DELTA,NONE,NONE",
27.736711,2026-09-05T19:24:56.755+01:00,1747140,1612162,222,222,True,True,0x02,"NO_IRQ,OK,NO_IRQ,NO_IRQ","NONE,DELTA,NONE,NONE",
27.741340,2026-09-05T19:24:56.761+01:00,1747362,1612163,190,190,True,True,0x02,"NO_IRQ,OK,NO_IRQ,NO_IRQ","NONE,DELTA,NONE,NONE",
27.747133,2026-09-05T19:24:56.765+01:00,1747552,1612164,238,238,True,True,0x02,"NO_IRQ,OK,NO_IRQ,NO_IRQ","NONE,DELTA,NONE,NONE",
27.751255,2026-09-05T19:24:56.772+01:00,1747790,1612165,186,186,True,True,0x02,"NO_IRQ,OK,NO_IRQ,NO_IRQ","NONE,DELTA,NONE,NONE",
27.756259,2026-09-05T19:24:56.775+01:00,1747976,1612166,214,214,True,True,0x02,"NO_IRQ,OK,NO_IRQ,NO_IRQ","NONE,DELTA,NONE,NONE",
27.769615,2026-09-05T19:24:56.780+01:00,1748190,1612167,178,178,True,True,0x02,"NO_IRQ,OK,NO_IRQ,NO_IRQ","NONE,DELTA,NONE,NONE",
27.772595,2026-09-05T19:24:56.796+01:00,1748368,1612168,214,214,True,True,0x02,"NO_IRQ,OK,NO_IRQ,NO_IRQ","NONE,DELTA,NONE,NONE",
27.773426,2026-09-05T19:24:56.796+01:00,1748582,1612169,220,220,True,True,0x02,"NO_IRQ,OK,NO_IRQ,NO_IRQ","NONE,DELTA,NONE,NONE",
27.776916,2026-09-05T19:24:56.797+01:00,1748802,1612170,196,196,True,True,0x02,"NO_IRQ,OK,NO_IRQ,NO_IRQ","NONE,DELTA,NONE,NONE",
27.781455,2026-09-05T19:24:56.801+01:00,1748998,1612171,190,190,True,True,0x02,"NO_IRQ,OK,NO_IRQ,NO_IRQ","NONE,DELTA,NONE,NONE",
27.789413,2026-09-05T19:24:56.805+01:00,1749188,1612172,218,218,True,True,0x02,"NO_IRQ,OK,NO_IRQ,NO_IRQ","NONE,DELTA,NONE,NONE",
27.791671,2026-09-05T19:24:56.813+01:00,1749406,1612173,228,228,True,True,0x02,"NO_IRQ,OK,NO_IRQ,NO_IRQ","NONE,DELTA,NONE,NONE",
27.796530,2026-09-05T19:24:56.815+01:00,1749634,1612174,240,240,True,True,0x02,"NO_IRQ,OK,NO_IRQ,NO_IRQ","NONE,DELTA,NONE,NONE",
27.806001,2026-09-05T19:24:56.820+01:00,1749874,1612175,206,206,True,True,0x02,"NO_IRQ,OK,NO_IRQ,NO_IRQ","NONE,DELTA,NONE,NONE",
27.807138,2026-09-05T19:24:56.830+01:00,1750080,1612176,216,216,True,True,0x02,"NO_IRQ,OK,NO_IRQ,NO_IRQ","NONE,DELTA,NONE,NONE",
27.811429,2026-09-05T19:24:56.831+01:00,1750296,1612177,176,176,True,True,0x02,"NO_IRQ,OK,NO_IRQ,NO_IRQ","NONE,DELTA,NONE,NONE",
27.816035,2026-09-05T19:24:56.835+01:00,1750472,1612178,198,198,True,True,0x02,"NO_IRQ,OK,NO_IRQ,NO_IRQ","NONE,DELTA,NONE,NONE",
27.822450,2026-09-05T19:24:56.840+01:00,1750670,1612179,224,224,True,True,0x02,"NO_IRQ,OK,NO_IRQ,NO_IRQ","NONE,DELTA,NONE,NONE",
27.826711,2026-09-05T19:24:56.846+01:00,1750894,1612180,228,228,True,True,0x02,"NO_IRQ,OK,NO_IRQ,NO_IRQ","NONE,DELTA,NONE,NONE",
27.831506,2026-09-05T19:24:56.850+01:00,1751122,1612181,232,232,True,True,0x02,"NO_IRQ,OK,NO_IRQ,NO_IRQ","NONE,DELTA,NONE,NONE",
27.839528,2026-09-05T19:24:56.855+01:00,1751354,1612182,192,192,True,True,0x02,"NO_IRQ,OK,NO_IRQ,NO_IRQ","NONE,DELTA,NONE,NONE",
27.841291,2026-09-05T19:24:56.863+01:00,1751546,1612183,204,204,True,True,0x02,"NO_IRQ,OK,NO_IRQ,NO_IRQ","NONE,DELTA,NONE,NONE",
27.846480,2026-09-05T19:24:56.865+01:00,1751750,1612184,210,210,True,True,0x02,"NO_IRQ,OK,NO_IRQ,NO_IRQ","NONE,DELTA,NONE,NONE",
27.855874,2026-09-05T19:24:56.870+01:00,1751960,1612185,210,210,True,True,0x02,"NO_IRQ,OK,NO_IRQ,NO_IRQ","NONE,DELTA,NONE,NONE",
27.856491,2026-09-05T19:24:56.879+01:00,1752170,1612186,216,216,True,True,0x02,"NO_IRQ,OK,NO_IRQ,NO_IRQ","NONE,DELTA,NONE,NONE",
27.861540,2026-09-05T19:24:56.880+01:00,1752386,1612187,204,204,True,True,0x02,"NO_IRQ,OK,NO_IRQ,NO_IRQ","NONE,DELTA,NONE,NONE",
27.865957,2026-09-05T19:24:56.885+01:00,1752590,1612188,192,192,True,True,0x02,"NO_IRQ,OK,NO_IRQ,NO_IRQ","NONE,DELTA,NONE,NONE",
27.872441,2026-09-05T19:24:56.890+01:00,1752782,1612189,192,192,True,True,0x02,"NO_IRQ,OK,NO_IRQ,NO_IRQ","NONE,DELTA,NONE,NONE",
27.876134,2026-09-05T19:24:56.896+01:00,1752974,1612190,172,172,True,True,0x02,"NO_IRQ,OK,NO_IRQ,NO_IRQ","NONE,DELTA,NONE,NONE",
27.881122,2026-09-05T19:24:56.900+01:00,1753146,1612191,208,208,True,True,0x02,"NO_IRQ,OK,NO_IRQ,NO_IRQ","NONE,DELTA,NONE,NONE",
27.890277,2026-09-05T19:24:56.905+01:00,1753354,1612192,216,216,True,True,0x02,"NO_IRQ,OK,NO_IRQ,NO_IRQ","NONE,DELTA,NONE,NONE",
27.891099,2026-09-05T19:24:56.914+01:00,1753570,1612193,178,178,True,True,0x02,"NO_IRQ,OK,NO_IRQ,NO_IRQ","NONE,DELTA,NONE,NONE",
27.896330,2026-09-05T19:24:56.915+01:00,1753748,1612194,176,176,True,True,0x02,"NO_IRQ,OK,NO_IRQ,NO_IRQ","NONE,DELTA,NONE,NONE",
27.901140,2026-09-05T19:24:56.920+01:00,1753924,1612195,208,208,True,True,0x02,"NO_IRQ,OK,NO_IRQ,NO_IRQ","NONE,DELTA,NONE,NONE",
27.905888,2026-09-05T19:24:56.925+01:00,1754132,1612196,198,198,True,True,0x02,"NO_IRQ,OK,NO_IRQ,NO_IRQ","NONE,DELTA,NONE,NONE",
27.911152,2026-09-05T19:24:56.929+01:00,1754330,1612197,188,188,True,True,0x02,"NO_IRQ,OK,NO_IRQ,NO_IRQ","NONE,DELTA,NONE,NONE",
27.916017,2026-09-05T19:24:56.935+01:00,1754518,1612198,216,216,True,True,0x02,"NO_IRQ,OK,NO_IRQ,NO_IRQ","NONE,DELTA,NONE,NONE",
27.928600,2026-09-05T19:24:56.940+01:00,1754734,1612199,220,220,True,True,0x02,"NO_IRQ,OK,NO_IRQ,NO_IRQ","NONE,DELTA,NONE,NONE",
27.929028,2026-09-05T19:24:56.952+01:00,1754954,1612200,204,204,True,True,0x02,"NO_IRQ,OK,NO_IRQ,NO_IRQ","NONE,DELTA,NONE,NONE",
27.941494,2026-09-05T19:24:56.953+01:00,1755158,1612201,210,210,True,True,0x02,"NO_IRQ,OK,NO_IRQ,NO_IRQ","NONE,DELTA,NONE,NONE",
27.942126,2026-09-05T19:24:56.965+01:00,1755368,1612202,200,200,True,True,0x02,"NO_IRQ,OK,NO_IRQ,NO_IRQ","NONE,DELTA,NONE,NONE",
27.944066,2026-09-05T19:24:56.966+01:00,1755568,1612203,200,200,True,True,0x02,"NO_IRQ,OK,NO_IRQ,NO_IRQ","NONE,DELTA,NONE,NONE",
27.946201,2026-09-05T19:24:56.968+01:00,1755768,1612204,228,228,True,True,0x02,"NO_IRQ,OK,NO_IRQ,NO_IRQ","NONE,DELTA,NONE,NONE",
27.951188,2026-09-05T19:24:56.970+01:00,1755996,1612205,212,212,True,True,0x02,"NO_IRQ,OK,NO_IRQ,NO_IRQ","NONE,DELTA,NONE,NONE",
27.960502,2026-09-05T19:24:56.975+01:00,1756208,1612206,206,206,True,True,0x02,"NO_IRQ,OK,NO_IRQ,NO_IRQ","NONE,DELTA,NONE,NONE",
27.961485,2026-09-05T19:24:56.984+01:00,1756414,1612207,192,192,True,True,0x02,"NO_IRQ,OK,NO_IRQ,NO_IRQ","NONE,DELTA,NONE,NONE",
27.966070,2026-09-05T19:24:56.985+01:00,1756606,1612208,198,198,True,True,0x02,"NO_IRQ,OK,NO_IRQ,NO_IRQ","NONE,DELTA,NONE,NONE",
27.977985,2026-09-05T19:24:56.990+01:00,1756804,1612209,206,206,True,True,0x02,"NO_IRQ,OK,NO_IRQ,NO_IRQ","NONE,DELTA,NONE,NONE",
27.979056,2026-09-05T19:24:57.002+01:00,1757010,1612210,208,208,True,True,0x02,"NO_IRQ,OK,NO_IRQ,NO_IRQ","NONE,DELTA,NONE,NONE",
27.981107,2026-09-05T19:24:57.003+01:00,1757218,1612211,198,198,True,True,0x02,"NO_IRQ,OK,NO_IRQ,NO_IRQ","NONE,DELTA,NONE,NONE",
27.985863,2026-09-05T19:24:57.005+01:00,1757416,1612212,218,218,True,True,0x02,"NO_IRQ,OK,NO_IRQ,NO_IRQ","NONE,DELTA,NONE,NONE",
27.994494,2026-09-05T19:24:57.009+01:00,1757634,1612213,186,186,True,True,0x02,"NO_IRQ,OK,NO_IRQ,NO_IRQ","NONE,DELTA,NONE,NONE",
27.996253,2026-09-05T19:24:57.018+01:00,1757820,1612214,196,196,True,True,0x02,"NO_IRQ,OK,NO_IRQ,NO_IRQ","NONE,DELTA,NONE,NONE",
28.001150,2026-09-05T19:24:57.020+01:00,1758016,1612215,202,202,True,True,0x02,"NO_IRQ,OK,NO_IRQ,NO_IRQ","NONE,DELTA,NONE,NONE",
28.011516,2026-09-05T19:24:57.025+01:00,1758218,1612216,240,240,True,True,0x02,"NO_IRQ,OK,NO_IRQ,NO_IRQ","NONE,DELTA,NONE,NONE",
28.012243,2026-09-05T19:24:57.035+01:00,1758458,1612217,202,202,True,True,0x02,"NO_IRQ,OK,NO_IRQ,NO_IRQ","NONE,DELTA,NONE,NONE",
28.016019,2026-09-05T19:24:57.036+01:00,1758660,1612218,190,190,True,True,0x02,"NO_IRQ,OK,NO_IRQ,NO_IRQ","NONE,DELTA,NONE,NONE",
28.020955,2026-09-05T19:24:57.040+01:00,1758850,1612219,222,222,True,True,0x02,"NO_IRQ,OK,NO_IRQ,NO_IRQ","NONE,DELTA,NONE,NONE",
28.028495,2026-09-05T19:24:57.045+01:00,1759072,1612220,196,196,True,True,0x02,"NO_IRQ,OK,NO_IRQ,NO_IRQ","NONE,DELTA,NONE,NONE",
28.030733,2026-09-05T19:24:57.052+01:00,1759268,1612221,198,198,True,True,0x02,"NO_IRQ,OK,NO_IRQ,NO_IRQ","NONE,DELTA,NONE,NONE",
28.035973,2026-09-05T19:24:57.054+01:00,1759466,1612222,168,168,True,True,0x02,"NO_IRQ,OK,NO_IRQ,NO_IRQ","NONE,DELTA,NONE,NONE",
28.044741,2026-09-05T19:24:57.059+01:00,1759634,1612223,198,198,True,True,0x02,"NO_IRQ,OK,NO_IRQ,NO_IRQ","NONE,DELTA,NONE,NONE",
28.045799,2026-09-05T19:24:57.068+01:00,1759832,1612224,212,212,True,True,0x02,"NO_IRQ,OK,NO_IRQ,NO_IRQ","NONE,DELTA,NONE,NONE",
28.051092,2026-09-05T19:24:57.070+01:00,1760044,1612225,218,218,True,True,0x02,"NO_IRQ,OK,NO_IRQ,NO_IRQ","NONE,DELTA,NONE,NONE",
28.061516,2026-09-05T19:24:57.075+01:00,1760262,1612226,202,202,True,True,0x02,"NO_IRQ,OK,NO_IRQ,NO_IRQ","NONE,DELTA,NONE,NONE",
28.062270,2026-09-05T19:24:57.085+01:00,1760464,1612227,220,220,True,True,0x02,"NO_IRQ,OK,NO_IRQ,NO_IRQ","NONE,DELTA,NONE,NONE",
28.066153,2026-09-05T19:24:57.086+01:00,1760684,1612228,200,200,True,True,0x02,"NO_IRQ,OK,NO_IRQ,NO_IRQ","NONE,DELTA,NONE,NONE",
28.070908,2026-09-05T19:24:57.090+01:00,1760884,1612229,238,238,True,True,0x02,"NO_IRQ,OK,NO_IRQ,NO_IRQ","NONE,DELTA,NONE,NONE",
28.075720,2026-09-05T19:24:57.095+01:00,1761122,1612230,234,234,True,True,0x02,"NO_IRQ,OK,NO_IRQ,NO_IRQ","NONE,DELTA,NONE,NONE",
28.081127,2026-09-05T19:24:57.099+01:00,1761356,1612231,236,236,True,True,0x02,"NO_IRQ,OK,NO_IRQ,NO_IRQ","NONE,DELTA,NONE,NONE",
28.085559,2026-09-05T19:24:57.105+01:00,1761592,1612232,194,194,True,True,0x02,"NO_IRQ,OK,NO_IRQ,NO_IRQ","NONE,DELTA,NONE,NONE",
28.090631,2026-09-05T19:24:57.109+01:00,1761786,1612233,204,204,True,True,0x02,"NO_IRQ,OK,NO_IRQ,NO_IRQ","NONE,DELTA,NONE,NONE",
28.103399,2026-09-05T19:24:57.114+01:00,1761990,1612234,220,220,True,True,0x02,"NO_IRQ,OK,NO_IRQ,NO_IRQ","NONE,DELTA,NONE,NONE",
28.104104,2026-09-05T19:24:57.127+01:00,1762210,1612235,188,188,True,True,0x02,"NO_IRQ,OK,NO_IRQ,NO_IRQ","NONE,DELTA,NONE,NONE",
28.105577,2026-09-05T19:24:57.128+01:00,1762398,1612236,212,212,True,True,0x02,"NO_IRQ,OK,NO_IRQ,NO_IRQ","NONE,DELTA,NONE,NONE",
28.110813,2026-09-05T19:24:57.129+01:00,1762610,1612237,212,212,True,True,0x02,"NO_IRQ,OK,NO_IRQ,NO_IRQ","NONE,DELTA,NONE,NONE",
28.120238,2026-09-05T19:24:57.135+01:00,1762822,1612238,208,208,True,True,0x02,"NO_IRQ,OK,NO_IRQ,NO_IRQ","NONE,DELTA,NONE,NONE",
28.120878,2026-09-05T19:24:57.144+01:00,1763030,1612239,188,188,True,True,0x02,"NO_IRQ,OK,NO_IRQ,NO_IRQ","NONE,DELTA,NONE,NONE",
28.125899,2026-09-05T19:24:57.144+01:00,1763218,1612240,280,280,True,True,0x02,"NO_IRQ,OK,NO_IRQ,NO_IRQ","NONE,DELTA,NONE,NONE",
28.130725,2026-09-05T19:24:57.150+01:00,1763498,1612241,274,274,True,True,0x02,"NO_IRQ,OK,NO_IRQ,NO_IRQ","NONE,DELTA,NONE,NONE",
28.137280,2026-09-05T19:24:57.154+01:00,1763772,1612242,298,298,True,True,0x02,"NO_IRQ,OK,NO_IRQ,NO_IRQ","NONE,DELTA,NONE,NONE",
28.141143,2026-09-05T19:24:57.161+01:00,1764070,1612243,310,310,True,True,0x02,"NO_IRQ,OK,NO_IRQ,NO_IRQ","NONE,DELTA,NONE,NONE",
28.146041,2026-09-05T19:24:57.165+01:00,1764380,1612244,332,332,True,True,0x02,"NO_IRQ,OK,NO_IRQ,NO_IRQ","NONE,DELTA,NONE,NONE",
28.154440,2026-09-05T19:24:57.170+01:00,1764712,1612245,352,352,True,True,0x02,"NO_IRQ,OK,NO_IRQ,NO_IRQ","NONE,DELTA,NONE,NONE",
28.156004,2026-09-05T19:24:57.178+01:00,1765064,1612246,380,380,True,True,0x02,"NO_IRQ,OK,NO_IRQ,NO_IRQ","NONE,DELTA,NONE,NONE",
28.161376,2026-09-05T19:24:57.180+01:00,1765444,1612247,350,350,True,True,0x02,"NO_IRQ,OK,NO_IRQ,NO_IRQ","NONE,DELTA,NONE,NONE",
28.171222,2026-09-05T19:24:57.185+01:00,1765794,1612248,412,412,True,True,0x02,"NO_IRQ,OK,NO_IRQ,NO_IRQ","NONE,DELTA,NONE,NONE",
28.172107,2026-09-05T19:24:57.195+01:00,1766206,1612249,442,442,True,True,0x02,"NO_IRQ,OK,NO_IRQ,NO_IRQ","NONE,DELTA,NONE,NONE",
28.176311,2026-09-05T19:24:57.196+01:00,1766648,1612250,362,362,True,True,0x02,"NO_IRQ,OK,NO_IRQ,NO_IRQ","NONE,DELTA,NONE,NONE",
28.180888,2026-09-05T19:24:57.200+01:00,1767010,1612251,414,414,True,True,0x02,"NO_IRQ,OK,NO_IRQ,NO_IRQ","NONE,DELTA,NONE,NONE",
28.187871,2026-09-05T19:24:57.204+01:00,1767424,1612252,376,376,True,True,0x02,"NO_IRQ,OK,NO_IRQ,NO_IRQ","NONE,DELTA,NONE,NONE",
28.191377,2026-09-05T19:24:57.211+01:00,1767800,1612253,398,398,True,True,0x02,"NO_IRQ,OK,NO_IRQ,NO_IRQ","NONE,DELTA,NONE,NONE",
28.195894,2026-09-05T19:24:57.215+01:00,1768198,1612254,360,360,True,True,0x02,"NO_IRQ,OK,NO_IRQ,NO_IRQ","NONE,DELTA,NONE,NONE",
28.204242,2026-09-05T19:24:57.219+01:00,1768558,1612255,1084,1084,True,True,0x02,"NO_IRQ,OK,NO_IRQ,NO_IRQ","NONE,DELTA_SYNC,NONE,NONE",
28.205799,2026-09-05T19:24:57.228+01:00,1769642,1612256,426,426,True,True,0x02,"NO_IRQ,OK,NO_IRQ,NO_IRQ","NONE,DELTA,NONE,NONE",
28.211489,2026-09-05T19:24:57.229+01:00,1770068,1612257,474,474,True,True,0x02,"NO_IRQ,OK,NO_IRQ,NO_IRQ","NONE,DELTA,NONE,NONE",
28.221083,2026-09-05T19:24:57.235+01:00,1770542,1612258,470,470,True,True,0x02,"NO_IRQ,OK,NO_IRQ,NO_IRQ","NONE,DELTA,NONE,NONE",
28.221817,2026-09-05T19:24:57.245+01:00,1771012,1612259,482,482,True,True,0x02,"NO_IRQ,OK,NO_IRQ,NO_IRQ","NONE,DELTA,NONE,NONE",
28.226218,2026-09-05T19:24:57.245+01:00,1771494,1612260,506,506,True,True,0x02,"NO_IRQ,OK,NO_IRQ,NO_IRQ","NONE,DELTA,NONE,NONE",
28.231062,2026-09-05T19:24:57.250+01:00,1772000,1612261,544,544,True,True,0x02,"NO_IRQ,OK,NO_IRQ,NO_IRQ","NONE,DELTA,NONE,NONE",
28.237192,2026-09-05T19:24:57.255+01:00,1772544,1612262,596,596,True,True,0x02,"NO_IRQ,OK,NO_IRQ,NO_IRQ","NONE,DELTA,NONE,NONE",
28.241933,2026-09-05T19:24:57.261+01:00,1773140,1612263,586,586,True,True,0x02,"NO_IRQ,OK,NO_IRQ,NO_IRQ","NONE,DELTA,NONE,NONE",
28.246160,2026-09-05T19:24:57.265+01:00,1773726,1612264,656,656,True,True,0x02,"NO_IRQ,OK,NO_IRQ,NO_IRQ","NONE,DELTA,NONE,NONE",
28.251224,2026-09-05T19:24:57.270+01:00,1774382,1612265,656,656,True,True,0x02,"NO_IRQ,OK,NO_IRQ,NO_IRQ","NONE,DELTA,NONE,NONE",
28.261317,2026-09-05T19:24:57.275+01:00,1775038,1612266,654,654,True,True,0x02,"NO_IRQ,OK,NO_IRQ,NO_IRQ","NONE,DELTA,NONE,NONE",
28.262079,2026-09-05T19:24:57.285+01:00,1775692,1612267,620,620,True,True,0x02,"NO_IRQ,OK,NO_IRQ,NO_IRQ","NONE,DELTA,NONE,NONE",
28.272536,2026-09-05T19:24:57.286+01:00,1776312,1612268,606,606,True,True,0x02,"NO_IRQ,OK,NO_IRQ,NO_IRQ","NONE,DELTA,NONE,NONE",
28.277461,2026-09-05T19:24:57.296+01:00,1776918,1612269,590,590,True,True,0x02,"NO_IRQ,OK,NO_IRQ,NO_IRQ","NONE,DELTA,NONE,NONE",
28.278437,2026-09-05T19:24:57.301+01:00,1777508,1612270,580,580,True,True,0x02,"NO_IRQ,OK,NO_IRQ,NO_IRQ","NONE,DELTA,NONE,NONE",
28.281327,2026-09-05T19:24:57.302+01:00,1778088,1612271,536,536,True,True,0x02,"NO_IRQ,OK,NO_IRQ,NO_IRQ","NONE,DELTA,NONE,NONE",
28.286372,2026-09-05T19:24:57.305+01:00,1778624,1612272,590,590,True,True,0x02,"NO_IRQ,OK,NO_IRQ,NO_IRQ","NONE,DELTA,NONE,NONE",
28.294200,2026-09-05T19:24:57.310+01:00,1779214,1612273,552,552,True,True,0x02,"NO_IRQ,OK,NO_IRQ,NO_IRQ","NONE,DELTA,NONE,NONE",
28.296211,2026-09-05T19:24:57.318+01:00,1779766,1612274,540,540,True,True,0x02,"NO_IRQ,OK,NO_IRQ,NO_IRQ","NONE,DELTA,NONE,NONE",
28.301249,2026-09-05T19:24:57.320+01:00,1780306,1612275,544,544,True,True,0x02,"NO_IRQ,OK,NO_IRQ,NO_IRQ","NONE,DELTA,NONE,NONE",
28.310666,2026-09-05T19:24:57.325+01:00,1780850,1612276,574,574,True,True,0x02,"NO_IRQ,OK,NO_IRQ,NO_IRQ","NONE,DELTA,NONE,NONE",
28.311559,2026-09-05T19:24:57.334+01:00,1781424,1612277,554,554,True,True,0x02,"NO_IRQ,OK,NO_IRQ,NO_IRQ","NONE,DELTA,NONE,NONE",
28.316181,2026-09-05T19:24:57.335+01:00,1781978,1612278,568,568,True,True,0x02,"NO_IRQ,OK,NO_IRQ,NO_IRQ","NONE,DELTA,NONE,NONE",
28.327272,2026-09-05T19:24:57.340+01:00,1782546,1612279,598,598,True,True,0x02,"NO_IRQ,OK,NO_IRQ,NO_IRQ","NONE,DELTA,NONE,NONE",
28.328539,2026-09-05T19:24:57.351+01:00,1783144,1612280,574,574,True,True,0x02,"NO_IRQ,OK,NO_IRQ,NO_IRQ","NONE,DELTA,NONE,NONE",
28.331214,2026-09-05T19:24:57.352+01:00,1783718,1612281,602,602,True,True,0x02,"NO_IRQ,OK,NO_IRQ,NO_IRQ","NONE,DELTA,NONE,NONE",
28.336155,2026-09-05T19:24:57.355+01:00,1784320,1612282,616,616,True,True,0x02,"NO_IRQ,OK,NO_IRQ,NO_IRQ","NONE,DELTA,NONE,NONE",
28.346117,2026-09-05T19:24:57.360+01:00,1784936,1612283,612,612,True,True,0x02,"NO_IRQ,OK,NO_IRQ,NO_IRQ","NONE,DELTA,NONE,NONE",
28.347318,2026-09-05T19:24:57.370+01:00,1785548,1612284,662,662,True,True,0x02,"NO_IRQ,OK,NO_IRQ,NO_IRQ","NONE,DELTA,NONE,NONE",
28.351131,2026-09-05T19:24:57.371+01:00,1786210,1612285,648,648,True,True,0x02,"NO_IRQ,OK,NO_IRQ,NO_IRQ","NONE,DELTA,NONE,NONE",
28.356199,2026-09-05T19:24:57.375+01:00,1786858,1612286,658,658,True,True,0x02,"NO_IRQ,OK,NO_IRQ,NO_IRQ","NONE,DELTA,NONE,NONE",
28.363658,2026-09-05T19:24:57.380+01:00,1787516,1612287,690,690,True,True,0x02,"NO_IRQ,OK,NO_IRQ,NO_IRQ","NONE,DELTA,NONE,NONE",
28.366484,2026-09-05T19:24:57.387+01:00,1788206,1612288,716,716,True,True,0x02,"NO_IRQ,OK,NO_IRQ,NO_IRQ","NONE,DELTA,NONE,NONE",
28.371502,2026-09-05T19:24:57.390+01:00,1788922,1612289,652,652,True,True,0x02,"NO_IRQ,OK,NO_IRQ,NO_IRQ","NONE,DELTA,NONE,NONE",
28.376679,2026-09-05T19:24:57.395+01:00,1789574,1612290,630,630,True,True,0x02,"NO_IRQ,OK,NO_IRQ,NO_IRQ","NONE,DELTA,NONE,NONE",
28.381711,2026-09-05T19:24:57.401+01:00,1790204,1612291,766,766,True,True,0x02,"NO_IRQ,OK,NO_IRQ,NO_IRQ","NONE,DELTA,NONE,NONE",
28.386757,2026-09-05T19:24:57.405+01:00,1790970,1612292,764,764,True,True,0x02,"NO_IRQ,OK,NO_IRQ,NO_IRQ","NONE,DELTA,NONE,NONE",
28.398590,2026-09-05T19:24:57.410+01:00,1791734,1612293,746,746,True,True,0x02,"NO_IRQ,OK,NO_IRQ,NO_IRQ","NONE,DELTA,NONE,NONE",
28.399447,2026-09-05T19:24:57.422+01:00,1792480,1612294,778,778,True,True,0x02,"NO_IRQ,OK,NO_IRQ,NO_IRQ","NONE,DELTA,NONE,NONE",
28.402355,2026-09-05T19:24:57.423+01:00,1793258,1612295,824,824,True,True,0x02,"NO_IRQ,OK,NO_IRQ,NO_IRQ","NONE,DELTA,NONE,NONE",
28.407524,2026-09-05T19:24:57.426+01:00,1794082,1612296,720,720,True,True,0x02,"NO_IRQ,OK,NO_IRQ,NO_IRQ","NONE,DELTA,NONE,NONE",
28.413113,2026-09-05T19:24:57.431+01:00,1794802,1612297,754,754,True,True,0x02,"NO_IRQ,OK,NO_IRQ,NO_IRQ","NONE,DELTA,NONE,NONE",
28.417853,2026-09-05T19:24:57.437+01:00,1795556,1612298,776,776,True,True,0x02,"NO_IRQ,OK,NO_IRQ,NO_IRQ","NONE,DELTA,NONE,NONE",
28.422810,2026-09-05T19:24:57.441+01:00,1796332,1612299,872,872,True,True,0x02,"NO_IRQ,OK,NO_IRQ,NO_IRQ","NONE,DELTA,NONE,NONE",
28.428458,2026-09-05T19:24:57.446+01:00,1797204,1612300,824,824,True,True,0x02,"NO_IRQ,OK,NO_IRQ,NO_IRQ","NONE,DELTA,NONE,NONE",
28.441555,2026-09-05T19:24:57.452+01:00,1798028,1612301,824,824,True,True,0x02,"NO_IRQ,OK,NO_IRQ,NO_IRQ","NONE,DELTA,NONE,NONE",
28.442427,2026-09-05T19:24:57.465+01:00,1798852,1612302,878,878,True,True,0x02,"NO_IRQ,OK,NO_IRQ,NO_IRQ","NONE,DELTA,NONE,NONE",
28.444153,2026-09-05T19:24:57.466+01:00,1799730,1612303,918,918,True,True,0x02,"NO_IRQ,OK,NO_IRQ,NO_IRQ","NONE,DELTA,NONE,NONE",
28.449572,2026-09-05T19:24:57.468+01:00,1800648,1612304,858,858,True,True,0x02,"NO_IRQ,OK,NO_IRQ,NO_IRQ","NONE,DELTA,NONE,NONE",
28.459804,2026-09-05T19:24:57.473+01:00,1801506,1612305,876,876,True,True,0x02,"NO_IRQ,OK,NO_IRQ,NO_IRQ","NONE,DELTA,NONE,NONE",
28.460487,2026-09-05T19:24:57.483+01:00,1802382,1612306,900,900,True,True,0x02,"NO_IRQ,OK,NO_IRQ,NO_IRQ","NONE,DELTA,NONE,NONE",
28.465670,2026-09-05T19:24:57.484+01:00,1803282,1612307,894,894,True,True,0x02,"NO_IRQ,OK,NO_IRQ,NO_IRQ","NONE,DELTA,NONE,NONE",
28.470448,2026-09-05T19:24:57.489+01:00,1804176,1612308,832,832,True,True,0x02,"NO_IRQ,OK,NO_IRQ,NO_IRQ","NONE,DELTA,NONE,NONE",
28.478258,2026-09-05T19:24:57.494+01:00,1805008,1612309,954,954,True,True,0x02,"NO_IRQ,OK,NO_IRQ,NO_IRQ","NONE,DELTA,NONE,NONE",
28.481761,2026-09-05T19:24:57.502+01:00,1805962,1612310,952,952,True,True,0x02,"NO_IRQ,OK,NO_IRQ,NO_IRQ","NONE,DELTA,NONE,NONE",
28.486751,2026-09-05T19:24:57.505+01:00,1806914,1612311,984,984,True,True,0x02,"NO_IRQ,OK,NO_IRQ,NO_IRQ","NONE,DELTA,NONE,NONE",
28.495001,2026-09-05T19:24:57.511+01:00,1807898,1612312,756,756,True,True,0x02,"NO_IRQ,OK,NO_IRQ,NO_IRQ","NONE,DELTA,NONE,NONE",
28.497076,2026-09-05T19:24:57.519+01:00,1808654,1612313,738,738,True,True,0x02,"NO_IRQ,OK,NO_IRQ,NO_IRQ","NONE,DELTA,NONE,NONE",
28.502569,2026-09-05T19:24:57.521+01:00,1809392,1612314,890,890,True,True,0x02,"NO_IRQ,OK,NO_IRQ,NO_IRQ","NONE,DELTA,NONE,NONE",
28.508499,2026-09-05T19:24:57.526+01:00,1810282,1612315,634,634,True,True,0x02,"NO_IRQ,OK,NO_IRQ,NO_IRQ","NONE,DELTA,NONE,NONE",
28.513035,2026-09-05T19:24:57.533+01:00,1810916,1612316,754,754,True,True,0x02,"NO_IRQ,OK,NO_IRQ,NO_IRQ","NONE,DELTA,NONE,NONE",
28.517508,2026-09-05T19:24:57.537+01:00,1811670,1612317,622,622,True,True,0x02,"NO_IRQ,OK,NO_IRQ,NO_IRQ","NONE,DELTA,NONE,NONE",
28.522372,2026-09-05T19:24:57.541+01:00,1812292,1612318,642,642,True,True,0x02,"NO_IRQ,OK,NO_IRQ,NO_IRQ","NONE,DELTA,NONE,NONE",
28.529970,2026-09-05T19:24:57.546+01:00,1812934,1612319,608,608,True,True,0x02,"NO_IRQ,OK,NO_IRQ,NO_IRQ","NONE,DELTA,NONE,NONE",
28.532073,2026-09-05T19:24:57.554+01:00,1813542,1612320,480,480,True,True,0x02,"NO_IRQ,OK,NO_IRQ,NO_IRQ","NONE,DELTA,NONE,NONE",
28.537293,2026-09-05T19:24:57.556+01:00,1814022,1612321,514,514,True,True,0x02,"NO_IRQ,OK,NO_IRQ,NO_IRQ","NONE,DELTA,NONE,NONE",
28.546873,2026-09-05T19:24:57.561+01:00,1814536,1612322,492,492,True,True,0x02,"NO_IRQ,OK,NO_IRQ,NO_IRQ","NONE,DELTA,NONE,NONE",
28.548112,2026-09-05T19:24:57.570+01:00,1815028,1612323,482,482,True,True,0x02,"NO_IRQ,OK,NO_IRQ,NO_IRQ","NONE,DELTA,NONE,NONE",
28.552072,2026-09-05T19:24:57.572+01:00,1815510,1612324,408,408,True,True,0x02,"NO_IRQ,OK,NO_IRQ,NO_IRQ","NONE,DELTA,NONE,NONE",
28.557037,2026-09-05T19:24:57.576+01:00,1815918,1612325,420,420,True,True,0x02,"NO_IRQ,OK,NO_IRQ,NO_IRQ","NONE,DELTA,NONE,NONE",
28.564892,2026-09-05T19:24:57.581+01:00,1816338,1612326,438,438,True,True,0x02,"NO_IRQ,OK,NO_IRQ,NO_IRQ","NONE,DELTA,NONE,NONE",
28.567501,2026-09-05T19:24:57.588+01:00,1816776,1612327,448,448,True,True,0x02,"NO_IRQ,OK,NO_IRQ,NO_IRQ","NONE,DELTA,NONE,NONE",
28.572037,2026-09-05T19:24:57.591+01:00,1817224,1612328,442,442,True,True,0x02,"NO_IRQ,OK,NO_IRQ,NO_IRQ","NONE,DELTA,NONE,NONE",
28.578496,2026-09-05T19:24:57.596+01:00,1817666,1612329,472,472,True,True,0x02,"NO_IRQ,OK,NO_IRQ,NO_IRQ","NONE,DELTA,NONE,NONE",
28.582410,2026-09-05T19:24:57.602+01:00,1818138,1612330,460,460,True,True,0x02,"NO_IRQ,OK,NO_IRQ,NO_IRQ","NONE,DELTA,NONE,NONE",
28.586751,2026-09-05T19:24:57.607+01:00,1818598,1612331,388,388,True,True,0x02,"NO_IRQ,OK,NO_IRQ,NO_IRQ","NONE,DELTA,NONE,NONE",
28.591733,2026-09-05T19:24:57.610+01:00,1818986,1612332,406,406,True,True,0x02,"NO_IRQ,OK,NO_IRQ,NO_IRQ","NONE,DELTA,NONE,NONE",
28.603093,2026-09-05T19:24:57.615+01:00,1819392,1612333,458,458,True,True,0x02,"NO_IRQ,OK,NO_IRQ,NO_IRQ","NONE,DELTA,NONE,NONE",
28.603522,2026-09-05T19:24:57.627+01:00,1819850,1612334,518,518,True,True,0x02,"NO_IRQ,OK,NO_IRQ,NO_IRQ","NONE,DELTA,NONE,NONE",
28.617274,2026-09-05T19:24:57.627+01:00,1820368,1612335,430,430,True,True,0x02,"NO_IRQ,OK,NO_IRQ,NO_IRQ","NONE,DELTA,NONE,NONE",
28.618053,2026-09-05T19:24:57.641+01:00,1820798,1612336,432,432,True,True,0x02,"NO_IRQ,OK,NO_IRQ,NO_IRQ","NONE,DELTA,NONE,NONE",
28.618762,2026-09-05T19:24:57.642+01:00,1821230,1612337,494,494,True,True,0x02,"NO_IRQ,OK,NO_IRQ,NO_IRQ","NONE,DELTA,NONE,NONE",
28.622216,2026-09-05T19:24:57.642+01:00,1821724,1612338,510,510,True,True,0x02,"NO_IRQ,OK,NO_IRQ,NO_IRQ","NONE,DELTA,NONE,NONE",
28.627314,2026-09-05T19:24:57.646+01:00,1822234,1612339,472,472,True,True,0x02,"NO_IRQ,OK,NO_IRQ,NO_IRQ","NONE,DELTA,NONE,NONE",
28.632747,2026-09-05T19:24:57.651+01:00,1822706,1612340,438,438,True,True,0x02,"NO_IRQ,OK,NO_IRQ,NO_IRQ","NONE,DELTA,NONE,NONE",
28.636944,2026-09-05T19:24:57.659+01:00,1823144,1612341,436,436,True,True,0x02,"NO_IRQ,OK,NO_IRQ,NO_IRQ","NONE,DELTA,NONE,NONE",
28.642002,2026-09-05T19:24:57.661+01:00,1823580,1612342,378,378,True,True,0x02,"NO_IRQ,OK,NO_IRQ,NO_IRQ","NONE,DELTA,NONE,NONE",
28.652515,2026-09-05T19:24:57.666+01:00,1823958,1612343,428,428,True,True,0x02,"NO_IRQ,OK,NO_IRQ,NO_IRQ","NONE,DELTA,NONE,NONE",
28.653219,2026-09-05T19:24:57.676+01:00,1824386,1612344,438,438,True,True,0x02,"NO_IRQ,OK,NO_IRQ,NO_IRQ","NONE,DELTA,NONE,NONE",
28.656922,2026-09-05T19:24:57.677+01:00,1824824,1612345,388,388,True,True,0x02,"NO_IRQ,OK,NO_IRQ,NO_IRQ","NONE,DELTA,NONE,NONE",
28.661694,2026-09-05T19:24:57.680+01:00,1825212,1612346,388,388,True,True,0x02,"NO_IRQ,OK,NO_IRQ,NO_IRQ","NONE,DELTA,NONE,NONE",
28.668904,2026-09-05T19:24:57.685+01:00,1825600,1612347,364,364,True,True,0x02,"NO_IRQ,OK,NO_IRQ,NO_IRQ","NONE,DELTA,NONE,NONE",
28.672205,2026-09-05T19:24:57.693+01:00,1825964,1612348,414,414,True,True,0x02,"NO_IRQ,OK,NO_IRQ,NO_IRQ","NONE,DELTA,NONE,NONE",
28.677160,2026-09-05T19:24:57.696+01:00,1826378,1612349,398,398,True,True,0x02,"NO_IRQ,OK,NO_IRQ,NO_IRQ","NONE,DELTA,NONE,NONE",
28.685878,2026-09-05T19:24:57.701+01:00,1826776,1612350,412,412,True,True,0x02,"NO_IRQ,OK,NO_IRQ,NO_IRQ","NONE,DELTA,NONE,NONE",
28.686949,2026-09-05T19:24:57.709+01:00,1827188,1612351,426,426,True,True,0x02,"NO_IRQ,OK,NO_IRQ,NO_IRQ","NONE,DELTA,NONE,NONE",
28.691880,2026-09-05T19:24:57.710+01:00,1827614,1612352,346,346,True,True,0x02,"NO_IRQ,OK,NO_IRQ,NO_IRQ","NONE,DELTA,NONE,NONE",
28.696672,2026-09-05T19:24:57.715+01:00,1827960,1612353,368,368,True,True,0x02,"NO_IRQ,OK,NO_IRQ,NO_IRQ","NONE,DELTA,NONE,NONE",
28.705234,2026-09-05T19:24:57.721+01:00,1828328,1612354,370,370,True,True,0x02,"NO_IRQ,OK,NO_IRQ,NO_IRQ","NONE,DELTA,NONE,NONE",
28.706790,2026-09-05T19:24:57.729+01:00,1828698,1612355,402,402,True,True,0x02,"NO_IRQ,OK,NO_IRQ,NO_IRQ","NONE,DELTA,NONE,NONE",
28.712043,2026-09-05T19:24:57.730+01:00,1829100,1612356,426,426,True,True,0x02,"NO_IRQ,OK,NO_IRQ,NO_IRQ","NONE,DELTA,NONE,NONE",
28.721879,2026-09-05T19:24:57.736+01:00,1829526,1612357,392,392,True,True,0x02,"NO_IRQ,OK,NO_IRQ,NO_IRQ","NONE,DELTA,NONE,NONE",
28.722554,2026-09-05T19:24:57.745+01:00,1829918,1612358,394,394,True,True,0x02,"NO_IRQ,OK,NO_IRQ,NO_IRQ","NONE,DELTA,NONE,NONE",
28.727528,2026-09-05T19:24:57.746+01:00,1830312,1612359,320,320,True,True,0x02,"NO_IRQ,OK,NO_IRQ,NO_IRQ","NONE,DELTA,NONE,NONE",
28.731985,2026-09-05T19:24:57.751+01:00,1830632,1612360,376,376,True,True,0x02,"NO_IRQ,OK,NO_IRQ,NO_IRQ","NONE,DELTA,NONE,NONE",
28.738869,2026-09-05T19:24:57.756+01:00,1831008,1612361,368,368,True,True,0x02,"NO_IRQ,OK,NO_IRQ,NO_IRQ","NONE,DELTA,NONE,NONE",
28.741696,2026-09-05T19:24:57.763+01:00,1831376,1612362,434,434,True,True,0x02,"NO_IRQ,OK,NO_IRQ,NO_IRQ","NONE,DELTA,NONE,NONE",
28.746995,2026-09-05T19:24:57.765+01:00,1831810,1612363,370,370,True,True,0x02,"NO_IRQ,OK,NO_IRQ,NO_IRQ","NONE,DELTA,NONE,NONE",
28.752030,2026-09-05T19:24:57.771+01:00,1832180,1612364,402,402,True,True,0x02,"NO_IRQ,OK,NO_IRQ,NO_IRQ","NONE,DELTA,NONE,NONE",
28.756705,2026-09-05T19:24:57.776+01:00,1832582,1612365,426,426,True,True,0x02,"NO_IRQ,OK,NO_IRQ,NO_IRQ","NONE,DELTA,NONE,NONE",
28.761669,2026-09-05T19:24:57.780+01:00,1833008,1612366,410,410,True,True,0x02,"NO_IRQ,OK,NO_IRQ,NO_IRQ","NONE,DELTA,NONE,NONE",
28.766443,2026-09-05T19:24:57.785+01:00,1833418,1612367,408,408,True,True,0x02,"NO_IRQ,OK,NO_IRQ,NO_IRQ","NONE,DELTA,NONE,NONE",
28.782356,2026-09-05T19:24:57.790+01:00,1833826,1612368,490,490,True,True,0x02,"NO_IRQ,OK,NO_IRQ,NO_IRQ","NONE,DELTA,NONE,NONE",
28.783117,2026-09-05T19:24:57.806+01:00,1834316,1612369,476,476,True,True,0x02,"NO_IRQ,OK,NO_IRQ,NO_IRQ","NONE,DELTA,NONE,NONE",
28.783973,2026-09-05T19:24:57.807+01:00,1834792,1612370,470,470,True,True,0x02,"NO_IRQ,OK,NO_IRQ,NO_IRQ","NONE,DELTA,NONE,NONE",
28.786936,2026-09-05T19:24:57.808+01:00,1835262,1612371,548,548,True,True,0x02,"NO_IRQ,OK,NO_IRQ,NO_IRQ","NONE,DELTA,NONE,NONE",
28.791899,2026-09-05T19:24:57.810+01:00,1835810,1612372,622,622,True,True,0x02,"NO_IRQ,OK,NO_IRQ,NO_IRQ","NONE,DELTA,NONE,NONE",
28.800645,2026-09-05T19:24:57.815+01:00,1836432,1612373,656,656,True,True,0x02,"NO_IRQ,OK,NO_IRQ,NO_IRQ","NONE,DELTA,NONE,NONE",
28.802056,2026-09-05T19:24:57.824+01:00,1837088,1612374,636,636,True,True,0x02,"NO_IRQ,OK,NO_IRQ,NO_IRQ","NONE,DELTA,NONE,NONE",
28.807128,2026-09-05T19:24:57.826+01:00,1837724,1612375,654,654,True,True,0x02,"NO_IRQ,OK,NO_IRQ,NO_IRQ","NONE,DELTA,NONE,NONE",
28.817134,2026-09-05T19:24:57.831+01:00,1838378,1612376,736,736,True,True,0x02,"NO_IRQ,OK,NO_IRQ,NO_IRQ","NONE,DELTA,NONE,NONE",
28.817950,2026-09-05T19:24:57.841+01:00,1839114,1612377,764,764,True,True,0x02,"NO_IRQ,OK,NO_IRQ,NO_IRQ","NONE,DELTA,NONE,NONE",
28.822535,2026-09-05T19:24:57.842+01:00,1839878,1612378,778,778,True,True,0x02,"NO_IRQ,OK,NO_IRQ,NO_IRQ","NONE,DELTA,NONE,NONE",
28.833977,2026-09-05T19:24:57.846+01:00,1840656,1612379,798,798,True,True,0x02,"NO_IRQ,OK,NO_IRQ,NO_IRQ","NONE,DELTA,NONE,NONE",
28.834794,2026-09-05T19:24:57.858+01:00,1841454,1612380,850,850,True,True,0x02,"NO_IRQ,OK,NO_IRQ,NO_IRQ","NONE,DELTA,NONE,NONE",
28.838333,2026-09-05T19:24:57.858+01:00,1842304,1612381,820,820,True,True,0x02,"NO_IRQ,OK,NO_IRQ,NO_IRQ","NONE,DELTA,NONE,NONE",
28.843388,2026-09-05T19:24:57.862+01:00,1843124,1612382,830,830,True,True,0x02,"NO_IRQ,OK,NO_IRQ,NO_IRQ","NONE,DELTA,NONE,NONE",
28.850704,2026-09-05T19:24:57.867+01:00,1843954,1612383,892,892,True,True,0x02,"NO_IRQ,OK,NO_IRQ,NO_IRQ","NONE,DELTA,NONE,NONE",
28.854257,2026-09-05T19:24:57.874+01:00,1844846,1612384,932,932,True,True,0x02,"NO_IRQ,OK,NO_IRQ,NO_IRQ","NONE,DELTA,NONE,NONE",
28.859561,2026-09-05T19:24:57.878+01:00,1845778,1612385,890,890,True,True,0x02,"NO_IRQ,OK,NO_IRQ,NO_IRQ","NONE,DELTA,NONE,NONE",
28.868878,2026-09-05T19:24:57.883+01:00,1846668,1612386,914,914,True,True,0x02,"NO_IRQ,OK,NO_IRQ,NO_IRQ","NONE,DELTA,NONE,NONE",
28.870290,2026-09-05T19:24:57.892+01:00,1847582,1612387,982,982,True,True,0x02,"NO_IRQ,OK,NO_IRQ,NO_IRQ","NONE,DELTA,NONE,NONE",
28.875717,2026-09-05T19:24:57.894+01:00,1848564,1612388,986,986,True,True,0x02,"NO_IRQ,OK,NO_IRQ,NO_IRQ","NONE,DELTA,NONE,NONE",
28.886529,2026-09-05T19:24:57.899+01:00,1849550,1612389,1006,1006,True,True,0x02,"NO_IRQ,OK,NO_IRQ,NO_IRQ","NONE,DELTA,NONE,NONE",
28.887366,2026-09-05T19:24:57.910+01:00,1850556,1612390,980,980,True,True,0x02,"NO_IRQ,OK,NO_IRQ,NO_IRQ","NONE,DELTA,NONE,NONE",
28.892239,2026-09-05T19:24:57.911+01:00,1851536,1612391,1054,1054,True,True,0x02,"NO_IRQ,OK,NO_IRQ,NO_IRQ","NONE,DELTA,NONE,NONE",
28.903286,2026-09-05T19:24:57.916+01:00,1852590,1612392,1030,1030,True,True,0x02,"NO_IRQ,OK,NO_IRQ,NO_IRQ","NONE,DELTA,NONE,NONE",
28.904302,2026-09-05T19:24:57.927+01:00,1853620,1612393,1006,1006,True,True,0x02,"NO_IRQ,OK,NO_IRQ,NO_IRQ","NONE,DELTA,NONE,NONE",
28.908479,2026-09-05T19:24:57.928+01:00,1854626,1612394,1004,1004,True,True,0x02,"NO_IRQ,OK,NO_IRQ,NO_IRQ","NONE,DELTA,NONE,NONE",
28.913995,2026-09-05T19:24:57.932+01:00,1855630,1612395,992,992,True,True,0x02,"NO_IRQ,OK,NO_IRQ,NO_IRQ","NONE,DELTA,NONE,NONE",
28.919213,2026-09-05T19:24:57.938+01:00,1856622,1612396,928,928,True,True,0x02,"NO_IRQ,OK,NO_IRQ,NO_IRQ","NONE,DELTA,NONE,NONE",
28.924485,2026-09-05T19:24:57.943+01:00,1857550,1612397,926,926,True,True,0x02,"NO_IRQ,OK,NO_IRQ,NO_IRQ","NONE,DELTA,NONE,NONE",
28.929922,2026-09-05T19:24:57.948+01:00,1858476,1612398,912,912,True,True,0x02,"NO_IRQ,OK,NO_IRQ,NO_IRQ","NONE,DELTA,NONE,NONE",
28.942711,2026-09-05T19:24:57.954+01:00,1859388,1612399,848,848,True,True,0x02,"NO_IRQ,OK,NO_IRQ,NO_IRQ","NONE,DELTA,NONE,NONE",
28.943337,2026-09-05T19:24:57.966+01:00,1860236,1612400,804,804,True,True,0x02,"NO_IRQ,OK,NO_IRQ,NO_IRQ","NONE,DELTA,NONE,NONE",
28.955905,2026-09-05T19:24:57.967+01:00,1861040,1612401,668,668,True,True,0x02,"NO_IRQ,OK,NO_IRQ,NO_IRQ","NONE,DELTA,NONE,NONE",
28.956680,2026-09-05T19:24:57.979+01:00,1861708,1612402,566,566,True,True,0x02,"NO_IRQ,OK,NO_IRQ,NO_IRQ","NONE,DELTA,NONE,NONE",
28.957342,2026-09-05T19:24:57.980+01:00,1862274,1612403,538,538,True,True,0x02,"NO_IRQ,OK,NO_IRQ,NO_IRQ","NONE,DELTA,NONE,NONE",
28.960843,2026-09-05T19:24:57.981+01:00,1862812,1612404,514,514,True,True,0x02,"NO_IRQ,OK,NO_IRQ,NO_IRQ","NONE,DELTA,NONE,NONE",
28.965123,2026-09-05T19:24:57.985+01:00,1863326,1612405,504,504,True,True,0x02,"NO_IRQ,OK,NO_IRQ,NO_IRQ","NONE,DELTA,NONE,NONE",
28.974253,2026-09-05T19:24:57.989+01:00,1863830,1612406,460,460,True,True,0x02,"NO_IRQ,OK,NO_IRQ,NO_IRQ","NONE,DELTA,NONE,NONE",
28.975263,2026-09-05T19:24:57.998+01:00,1864290,1612407,468,468,True,True,0x02,"NO_IRQ,OK,NO_IRQ,NO_IRQ","NONE,DELTA,NONE,NONE",
28.980256,2026-09-05T19:24:57.999+01:00,1864758,1612408,456,456,True,True,0x02,"NO_IRQ,OK,NO_IRQ,NO_IRQ","NONE,DELTA,NONE,NONE",
28.990783,2026-09-05T19:24:58.004+01:00,1865214,1612409,480,480,True,True,0x02,"NO_IRQ,OK,NO_IRQ,NO_IRQ","NONE,DELTA,NONE,NONE",
28.991494,2026-09-05T19:24:58.014+01:00,1865694,1612410,540,540,True,True,0x02,"NO_IRQ,OK,NO_IRQ,NO_IRQ","NONE,DELTA,NONE,NONE",
28.995388,2026-09-05T19:24:58.015+01:00,1866234,1612411,482,482,True,True,0x02,"NO_IRQ,OK,NO_IRQ,NO_IRQ","NONE,DELTA,NONE,NONE",
29.000459,2026-09-05T19:24:58.019+01:00,1866716,1612412,466,466,True,True,0x02,"NO_IRQ,OK,NO_IRQ,NO_IRQ","NONE,DELTA,NONE,NONE",
29.008442,2026-09-05T19:24:58.024+01:00,1867182,1612413,464,464,True,True,0x02,"NO_IRQ,OK,NO_IRQ,NO_IRQ","NONE,DELTA,NONE,NONE",
29.010787,2026-09-05T19:24:58.032+01:00,1867646,1612414,564,564,True,True,0x02,"NO_IRQ,OK,NO_IRQ,NO_IRQ","NONE,DELTA,NONE,NONE",
29.015300,2026-09-05T19:24:58.034+01:00,1868210,1612415,566,566,True,True,0x02,"NO_IRQ,OK,NO_IRQ,NO_IRQ","NONE,DELTA,NONE,NONE",
29.025524,2026-09-05T19:24:58.039+01:00,1868776,1612416,566,566,True,True,0x02,"NO_IRQ,OK,NO_IRQ,NO_IRQ","NONE,DELTA,NONE,NONE",
29.028273,2026-09-05T19:24:58.049+01:00,1869342,1612417,590,590,True,True,0x02,"NO_IRQ,OK,NO_IRQ,NO_IRQ","NONE,DELTA,NONE,NONE",
29.030314,2026-09-05T19:24:58.052+01:00,1869932,1612418,610,610,True,True,0x02,"NO_IRQ,OK,NO_IRQ,NO_IRQ","NONE,DELTA,NONE,NONE",
29.036403,2026-09-05T19:24:58.054+01:00,1870542,1612419,546,546,True,True,0x02,"NO_IRQ,OK,NO_IRQ,NO_IRQ","NONE,DELTA,NONE,NONE",
29.045349,2026-09-05T19:24:58.060+01:00,1871088,1612420,434,434,True,True,0x02,"NO_IRQ,OK,NO_IRQ,NO_IRQ","NONE,DELTA,NONE,NONE",
29.046146,2026-09-05T19:24:58.069+01:00,1871522,1612421,416,416,True,True,0x02,"NO_IRQ,OK,NO_IRQ,NO_IRQ","NONE,DELTA,NONE,NONE",
29.049911,2026-09-05T19:24:58.070+01:00,1871938,1612422,372,372,True,True,0x02,"NO_IRQ,OK,NO_IRQ,NO_IRQ","NONE,DELTA,NONE,NONE",
29.054747,2026-09-05T19:24:58.073+01:00,1872310,1612423,342,342,True,True,0x02,"NO_IRQ,OK,NO_IRQ,NO_IRQ","NONE,DELTA,NONE,NONE",
29.062358,2026-09-05T19:24:58.078+01:00,1872652,1612424,390,390,True,True,0x02,"NO_IRQ,OK,NO_IRQ,NO_IRQ","NONE,DELTA,NONE,NONE",
29.064783,2026-09-05T19:24:58.086+01:00,1873042,1612425,364,364,True,True,0x02,"NO_IRQ,OK,NO_IRQ,NO_IRQ","NONE,DELTA,NONE,NONE",
29.069526,2026-09-05T19:24:58.088+01:00,1873406,1612426,340,340,True,True,0x02,"NO_IRQ,OK,NO_IRQ,NO_IRQ","NONE,DELTA,NONE,NONE",
29.080449,2026-09-05T19:24:58.093+01:00,1873746,1612427,344,344,True,True,0x02,"NO_IRQ,OK,NO_IRQ,NO_IRQ","NONE,DELTA,NONE,NONE",
29.081205,2026-09-05T19:24:58.104+01:00,1874090,1612428,328,328,True,True,0x02,"NO_IRQ,OK,NO_IRQ,NO_IRQ","NONE,DELTA,NONE,NONE",
29.084588,2026-09-05T19:24:58.105+01:00,1874418,1612429,306,306,True,True,0x02,"NO_IRQ,OK,NO_IRQ,NO_IRQ","NONE,DELTA,NONE,NONE",
29.089667,2026-09-05T19:24:58.108+01:00,1874724,1612430,320,320,True,True,0x02,"NO_IRQ,OK,NO_IRQ,NO_IRQ","NONE,DELTA,NONE,NONE",
29.097471,2026-09-05T19:24:58.113+01:00,1875044,1612431,350,350,True,True,0x02,"NO_IRQ,OK,NO_IRQ,NO_IRQ","NONE,DELTA,NONE,NONE",
29.099627,2026-09-05T19:24:58.121+01:00,1875394,1612432,306,306,True,True,0x02,"NO_IRQ,OK,NO_IRQ,NO_IRQ","NONE,DELTA,NONE,NONE",
29.104347,2026-09-05T19:24:58.123+01:00,1875700,1612433,332,332,True,True,0x02,"NO_IRQ,OK,NO_IRQ,NO_IRQ","NONE,DELTA,NONE,NONE",
29.109314,2026-09-05T19:24:58.128+01:00,1876032,1612434,298,298,True,True,0x02,"NO_IRQ,OK,NO_IRQ,NO_IRQ","NONE,DELTA,NONE,NONE",
29.122874,2026-09-05T19:24:58.133+01:00,1876330,1612435,322,322,True,True,0x02,"NO_IRQ,OK,NO_IRQ,NO_IRQ","NONE,DELTA,NONE,NONE",
29.123644,2026-09-05T19:24:58.146+01:00,1876652,1612436,302,302,True,True,0x02,"NO_IRQ,OK,NO_IRQ,NO_IRQ","NONE,DELTA,NONE,NONE",
29.124315,2026-09-05T19:24:58.147+01:00,1876954,1612437,264,264,True,True,0x02,"NO_IRQ,OK,NO_IRQ,NO_IRQ","NONE,DELTA,NONE,NONE",
29.129860,2026-09-05T19:24:58.148+01:00,1877218,1612438,298,298,True,True,0x02,"NO_IRQ,OK,NO_IRQ,NO_IRQ","NONE,DELTA,NONE,NONE",
29.139905,2026-09-05T19:24:58.153+01:00,1877516,1612439,258,258,True,True,0x02,"NO_IRQ,OK,NO_IRQ,NO_IRQ","NONE,DELTA,NONE,NONE",
29.140533,2026-09-05T19:24:58.163+01:00,1877774,1612440,240,240,True,True,0x02,"NO_IRQ,OK,NO_IRQ,NO_IRQ","NONE,DELTA,NONE,NONE",
29.144615,2026-09-05T19:24:58.164+01:00,1878014,1612441,242,242,True,True,0x02,"NO_IRQ,OK,NO_IRQ,NO_IRQ","NONE,DELTA,NONE,NONE",
29.149387,2026-09-05T19:24:58.168+01:00,1878256,1612442,254,254,True,True,0x02,"NO_IRQ,OK,NO_IRQ,NO_IRQ","NONE,DELTA,NONE,NONE",
29.156609,2026-09-05T19:24:58.173+01:00,1878510,1612443,246,246,True,True,0x02,"NO_IRQ,OK,NO_IRQ,NO_IRQ","NONE,DELTA,NONE,NONE",
29.159648,2026-09-05T19:24:58.180+01:00,1878756,1612444,212,212,True,True,0x02,"NO_IRQ,OK,NO_IRQ,NO_IRQ","NONE,DELTA,NONE,NONE",
29.164297,2026-09-05T19:24:58.183+01:00,1878968,1612445,236,236,True,True,0x02,"NO_IRQ,OK,NO_IRQ,NO_IRQ","NONE,DELTA,NONE,NONE",
29.173110,2026-09-05T19:24:58.188+01:00,1879204,1612446,234,234,True,True,0x02,"NO_IRQ,OK,NO_IRQ,NO_IRQ","NONE,DELTA,NONE,NONE",
29.174584,2026-09-05T19:24:58.197+01:00,1879438,1612447,264,264,True,True,0x02,"NO_IRQ,OK,NO_IRQ,NO_IRQ","NONE,DELTA,NONE,NONE",
29.179478,2026-09-05T19:24:58.198+01:00,1879702,1612448,222,222,True,True,0x02,"NO_IRQ,OK,NO_IRQ,NO_IRQ","NONE,DELTA,NONE,NONE",
29.189490,2026-09-05T19:24:58.203+01:00,1879924,1612449,230,230,True,True,0x02,"NO_IRQ,OK,NO_IRQ,NO_IRQ","NONE,DELTA,NONE,NONE",
29.190527,2026-09-05T19:24:58.213+01:00,1880154,1612450,238,238,True,True,0x02,"NO_IRQ,OK,NO_IRQ,NO_IRQ","NONE,DELTA,NONE,NONE",
29.194832,2026-09-05T19:24:58.214+01:00,1880392,1612451,248,248,True,True,0x02,"NO_IRQ,OK,NO_IRQ,NO_IRQ","NONE,DELTA,NONE,NONE",
29.199949,2026-09-05T19:24:58.218+01:00,1880640,1612452,1084,1084,True,True,0x02,"NO_IRQ,OK,NO_IRQ,NO_IRQ","NONE,DELTA_SYNC,NONE,NONE",
29.206846,2026-09-05T19:24:58.224+01:00,1881724,1612453,274,274,True,True,0x02,"NO_IRQ,OK,NO_IRQ,NO_IRQ","NONE,DELTA,NONE,NONE",
29.209393,2026-09-05T19:24:58.230+01:00,1881998,1612454,274,274,True,True,0x02,"NO_IRQ,OK,NO_IRQ,NO_IRQ","NONE,DELTA,NONE,NONE",
29.214498,2026-09-05T19:24:58.233+01:00,1882272,1612455,244,244,True,True,0x02,"NO_IRQ,OK,NO_IRQ,NO_IRQ","NONE,DELTA,NONE,NONE",
29.223002,2026-09-05T19:24:58.238+01:00,1882516,1612456,212,212,True,True,0x02,"NO_IRQ,OK,NO_IRQ,NO_IRQ","NONE,DELTA,NONE,NONE",
29.224223,2026-09-05T19:24:58.247+01:00,1882728,1612457,244,244,True,True,0x02,"NO_IRQ,OK,NO_IRQ,NO_IRQ","NONE,DELTA,NONE,NONE",
29.229350,2026-09-05T19:24:58.248+01:00,1882972,1612458,232,232,True,True,0x02,"NO_IRQ,OK,NO_IRQ,NO_IRQ","NONE,DELTA,NONE,NONE",
29.240612,2026-09-05T19:24:58.253+01:00,1883204,1612459,212,212,True,True,0x02,"NO_IRQ,OK,NO_IRQ,NO_IRQ","NONE,DELTA,NONE,NONE",
29.241245,2026-09-05T19:24:58.264+01:00,1883416,1612460,236,236,True,True,0x02,"NO_IRQ,OK,NO_IRQ,NO_IRQ","NONE,DELTA,NONE,NONE",
29.244629,2026-09-05T19:24:58.265+01:00,1883652,1612461,208,208,True,True,0x02,"NO_IRQ,OK,NO_IRQ,NO_IRQ","NONE,DELTA,NONE,NONE",
29.249083,2026-09-05T19:24:58.268+01:00,1883860,1612462,222,222,True,True,0x02,"NO_IRQ,OK,NO_IRQ,NO_IRQ","NONE,DELTA,NONE,NONE",
29.254161,2026-09-05T19:24:58.273+01:00,1884082,1612463,208,208,True,True,0x02,"NO_IRQ,OK,NO_IRQ,NO_IRQ","NONE,DELTA,NONE,NONE",
29.259334,2026-09-05T19:24:58.278+01:00,1884290,1612464,202,202,True,True,0x02,"NO_IRQ,OK,NO_IRQ,NO_IRQ","NONE,DELTA,NONE,NONE",
29.264181,2026-09-05T19:24:58.284+01:00,1884492,1612465,220,220,True,True,0x02,"NO_IRQ,OK,NO_IRQ,NO_IRQ","NONE,DELTA,NONE,NONE",
29.269009,2026-09-05T19:24:58.288+01:00,1884712,1612466,224,224,True,True,0x02,"NO_IRQ,OK,NO_IRQ,NO_IRQ","NONE,DELTA,NONE,NONE",
29.279843,2026-09-05T19:24:58.293+01:00,1884936,1612467,192,192,True,True,0x02,"NO_IRQ,OK,NO_IRQ,NO_IRQ","NONE,DELTA,NONE,NONE",
29.280219,2026-09-05T19:24:58.303+01:00,1885128,1612468,198,198,True,True,0x02,"NO_IRQ,OK,NO_IRQ,NO_IRQ","NONE,DELTA,NONE,NONE",
29.293404,2026-09-05T19:24:58.304+01:00,1885326,1612469,210,210,True,True,0x02,"NO_IRQ,OK,NO_IRQ,NO_IRQ","NONE,DELTA,NONE,NONE",
29.294551,2026-09-05T19:24:58.317+01:00,1885536,1612470,220,220,True,True,0x02,"NO_IRQ,OK,NO_IRQ,NO_IRQ","NONE,DELTA,NONE,NONE",
29.295654,2026-09-05T19:24:58.318+01:00,1885756,1612471,222,222,True,True,0x02,"NO_IRQ,OK,NO_IRQ,NO_IRQ","NONE,DELTA,NONE,NONE",
29.299154,2026-09-05T19:24:58.319+01:00,1885978,1612472,212,212,True,True,0x02,"NO_IRQ,OK,NO_IRQ,NO_IRQ","NONE,DELTA,NONE,NONE",
29.304015,2026-09-05T19:24:58.323+01:00,1886190,1612473,204,204,True,True,0x02,"NO_IRQ,OK,NO_IRQ,NO_IRQ","NONE,DELTA,NONE,NONE",
29.310782,2026-09-05T19:24:58.328+01:00,1886394,1612474,232,232,True,True,0x02,"NO_IRQ,OK,NO_IRQ,NO_IRQ","NONE,DELTA,NONE,NONE",
29.314322,2026-09-05T19:24:58.335+01:00,1886626,1612475,216,216,True,True,0x02,"NO_IRQ,OK,NO_IRQ,NO_IRQ","NONE,DELTA,NONE,NONE",
29.319051,2026-09-05T19:24:58.338+01:00,1886842,1612476,234,234,True,True,0x02,"NO_IRQ,OK,NO_IRQ,NO_IRQ","NONE,DELTA,NONE,NONE",
29.328040,2026-09-05T19:24:58.343+01:00,1887076,1612477,224,224,True,True,0x02,"NO_IRQ,OK,NO_IRQ,NO_IRQ","NONE,DELTA,NONE,NONE",
29.329099,2026-09-05T19:24:58.352+01:00,1887300,1612478,206,206,True,True,0x02,"NO_IRQ,OK,NO_IRQ,NO_IRQ","NONE,DELTA,NONE,NONE",
29.334254,2026-09-05T19:24:58.353+01:00,1887506,1612479,218,218,True,True,0x02,"NO_IRQ,OK,NO_IRQ,NO_IRQ","NONE,DELTA,NONE,NONE",
29.344066,2026-09-05T19:24:58.358+01:00,1887724,1612480,208,208,True,True,0x02,"NO_IRQ,OK,NO_IRQ,NO_IRQ","NONE,DELTA,NONE,NONE",
29.345223,2026-09-05T19:24:58.368+01:00,1887932,1612481,194,194,True,True,0x02,"NO_IRQ,OK,NO_IRQ,NO_IRQ","NONE,DELTA,NONE,NONE",
29.349255,2026-09-05T19:24:58.369+01:00,1888126,1612482,226,226,True,True,0x02,"NO_IRQ,OK,NO_IRQ,NO_IRQ","NONE,DELTA,NONE,NONE",
29.353765,2026-09-05T19:24:58.373+01:00,1888352,1612483,224,224,True,True,0x02,"NO_IRQ,OK,NO_IRQ,NO_IRQ","NONE,DELTA,NONE,NONE",
29.361311,2026-09-05T19:24:58.377+01:00,1888576,1612484,206,206,True,True,0x02,"NO_IRQ,OK,NO_IRQ,NO_IRQ","NONE,DELTA,NONE,NONE",
29.364029,2026-09-05T19:24:58.385+01:00,1888782,1612485,206,206,True,True,0x02,"NO_IRQ,OK,NO_IRQ,NO_IRQ","NONE,DELTA,NONE,NONE",
29.368908,2026-09-05T19:24:58.388+01:00,1888988,1612486,234,234,True,True,0x02,"NO_IRQ,OK,NO_IRQ,NO_IRQ","NONE,DELTA,NONE,NONE",
29.377498,2026-09-05T19:24:58.393+01:00,1889222,1612487,242,242,True,True,0x02,"NO_IRQ,OK,NO_IRQ,NO_IRQ","NONE,DELTA,NONE,NONE",
29.378991,2026-09-05T19:24:58.401+01:00,1889464,1612488,230,230,True,True,0x02,"NO_IRQ,OK,NO_IRQ,NO_IRQ","NONE,DELTA,NONE,NONE",
29.383927,2026-09-05T19:24:58.403+01:00,1889694,1612489,216,216,True,True,0x02,"NO_IRQ,OK,NO_IRQ,NO_IRQ","NONE,DELTA,NONE,NONE",
29.393485,2026-09-05T19:24:58.407+01:00,1889910,1612490,224,224,True,True,0x02,"NO_IRQ,OK,NO_IRQ,NO_IRQ","NONE,DELTA,NONE,NONE",
29.394344,2026-09-05T19:24:58.417+01:00,1890134,1612491,222,222,True,True,0x02,"NO_IRQ,OK,NO_IRQ,NO_IRQ","NONE,DELTA,NONE,NONE",
29.398976,2026-09-05T19:24:58.418+01:00,1890356,1612492,232,232,True,True,0x02,"NO_IRQ,OK,NO_IRQ,NO_IRQ","NONE,DELTA,NONE,NONE",
29.410323,2026-09-05T19:24:58.423+01:00,1890588,1612493,262,262,True,True,0x02,"NO_IRQ,OK,NO_IRQ,NO_IRQ","NONE,DELTA,NONE,NONE",
29.411508,2026-09-05T19:24:58.434+01:00,1890850,1612494,248,248,True,True,0x02,"NO_IRQ,OK,NO_IRQ,NO_IRQ","NONE,DELTA,NONE,NONE",
29.414022,2026-09-05T19:24:58.435+01:00,1891098,1612495,246,246,True,True,0x02,"NO_IRQ,OK,NO_IRQ,NO_IRQ","NONE,DELTA,NONE,NONE",
29.418752,2026-09-05T19:24:58.438+01:00,1891344,1612496,232,232,True,True,0x02,"NO_IRQ,OK,NO_IRQ,NO_IRQ","NONE,DELTA,NONE,NONE",
29.425029,2026-09-05T19:24:58.442+01:00,1891576,1612497,242,242,True,True,0x02,"NO_IRQ,OK,NO_IRQ,NO_IRQ","NONE,DELTA,NONE,NONE",
29.430008,2026-09-05T19:24:58.449+01:00,1891818,1612498,240,240,True,True,0x02,"NO_IRQ,OK,NO_IRQ,NO_IRQ","NONE,DELTA,NONE,NONE",
29.433652,2026-09-05T19:24:58.454+01:00,1892058,1612499,224,224,True,True,0x02,"NO_IRQ,OK,NO_IRQ,NO_IRQ","NONE,DELTA,NONE,NONE",
29.438679,2026-09-05T19:24:58.457+01:00,1892282,1612500,194,194,True,True,0x02,"NO_IRQ,OK,NO_IRQ,NO_IRQ","NONE,DELTA,NONE,NONE",
29.452314,2026-09-05T19:24:58.462+01:00,1892476,1612501,220,220,True,True,0x02,"NO_IRQ,OK,NO_IRQ,NO_IRQ","NONE,DELTA,NONE,NONE",
29.453092,2026-09-05T19:24:58.476+01:00,1892696,1612502,234,234,True,True,0x02,"NO_IRQ,OK,NO_IRQ,NO_IRQ","NONE,DELTA,NONE,NONE",
29.454055,2026-09-05T19:24:58.477+01:00,1892930,1612503,218,218,True,True,0x02,"NO_IRQ,OK,NO_IRQ,NO_IRQ","NONE,DELTA,NONE,NONE",
29.459081,2026-09-05T19:24:58.478+01:00,1893148,1612504,196,196,True,True,0x02,"NO_IRQ,OK,NO_IRQ,NO_IRQ","NONE,DELTA,NONE,NONE",
29.470043,2026-09-05T19:24:58.483+01:00,1893344,1612505,174,174,True,True,0x02,"NO_IRQ,OK,NO_IRQ,NO_IRQ","NONE,DELTA,NONE,NONE",
29.470685,2026-09-05T19:24:58.494+01:00,1893518,1612506,220,220,True,True,0x02,"NO_IRQ,OK,NO_IRQ,NO_IRQ","NONE,DELTA,NONE,NONE",
29.473979,2026-09-05T19:24:58.494+01:00,1893738,1612507,234,234,True,True,0x02,"NO_IRQ,OK,NO_IRQ,NO_IRQ","NONE,DELTA,NONE,NONE",
29.479134,2026-09-05T19:24:58.498+01:00,1893972,1612508,220,220,True,True,0x02,"NO_IRQ,OK,NO_IRQ,NO_IRQ","NONE,DELTA,NONE,NONE",
29.486548,2026-09-05T19:24:58.503+01:00,1894192,1612509,230,230,True,True,0x02,"NO_IRQ,OK,NO_IRQ,NO_IRQ","NONE,DELTA,NONE,NONE",
29.488827,2026-09-05T19:24:58.510+01:00,1894422,1612510,254,254,True,True,0x02,"NO_IRQ,OK,NO_IRQ,NO_IRQ","NONE,DELTA,NONE,NONE",
29.493790,2026-09-05T19:24:58.513+01:00,1894676,1612511,232,232,True,True,0x02,"NO_IRQ,OK,NO_IRQ,NO_IRQ","NONE,DELTA,NONE,NONE",
29.504192,2026-09-05T19:24:58.518+01:00,1894908,1612512,206,206,True,True,0x02,"NO_IRQ,OK,NO_IRQ,NO_IRQ","NONE,DELTA,NONE,NONE",
29.504867,2026-09-05T19:24:58.528+01:00,1895114,1612513,198,198,True,True,0x02,"NO_IRQ,OK,NO_IRQ,NO_IRQ","NONE,DELTA,NONE,NONE",
29.508815,2026-09-05T19:24:58.528+01:00,1895312,1612514,208,208,True,True,0x02,"NO_IRQ,OK,NO_IRQ,NO_IRQ","NONE,DELTA,NONE,NONE",
29.514145,2026-09-05T19:24:58.532+01:00,1895520,1612515,240,240,True,True,0x02,"NO_IRQ,OK,NO_IRQ,NO_IRQ","NONE,DELTA,NONE,NONE",
29.520694,2026-09-05T19:24:58.538+01:00,1895760,1612516,202,202,True,True,0x02,"NO_IRQ,OK,NO_IRQ,NO_IRQ","NONE,DELTA,NONE,NONE",
29.523939,2026-09-05T19:24:58.544+01:00,1895962,1612517,230,230,True,True,0x02,"NO_IRQ,OK,NO_IRQ,NO_IRQ","NONE,DELTA,NONE,NONE",
29.528899,2026-09-05T19:24:58.547+01:00,1896192,1612518,228,228,True,True,0x02,"NO_IRQ,OK,NO_IRQ,NO_IRQ","NONE,DELTA,NONE,NONE",
29.537752,2026-09-05T19:24:58.552+01:00,1896420,1612519,206,206,True,True,0x02,"NO_IRQ,OK,NO_IRQ,NO_IRQ","NONE,DELTA,NONE,NONE",
29.538626,2026-09-05T19:24:58.561+01:00,1896626,1612520,216,216,True,True,0x02,"NO_IRQ,OK,NO_IRQ,NO_IRQ","NONE,DELTA,NONE,NONE",
29.544242,2026-09-05T19:24:58.562+01:00,1896842,1612521,186,186,True,True,0x02,"NO_IRQ,OK,NO_IRQ,NO_IRQ","NONE,DELTA,NONE,NONE",
29.553971,2026-09-05T19:24:58.568+01:00,1897028,1612522,218,218,True,True,0x02,"NO_IRQ,OK,NO_IRQ,NO_IRQ","NONE,DELTA,NONE,NONE",
29.554763,2026-09-05T19:24:58.578+01:00,1897246,1612523,198,198,True,True,0x02,"NO_IRQ,OK,NO_IRQ,NO_IRQ","NONE,DELTA,NONE,NONE",
29.559074,2026-09-05T19:24:58.578+01:00,1897444,1612524,198,198,True,True,0x02,"NO_IRQ,OK,NO_IRQ,NO_IRQ","NONE,DELTA,NONE,NONE",
29.563555,2026-09-05T19:24:58.583+01:00,1897642,1612525,220,220,True,True,0x02,"NO_IRQ,OK,NO_IRQ,NO_IRQ","NONE,DELTA,NONE,NONE",
29.570889,2026-09-05T19:24:58.587+01:00,1897862,1612526,214,214,True,True,0x02,"NO_IRQ,OK,NO_IRQ,NO_IRQ","NONE,DELTA,NONE,NONE",
29.573788,2026-09-05T19:24:58.594+01:00,1898076,1612527,232,232,True,True,0x02,"NO_IRQ,OK,NO_IRQ,NO_IRQ","NONE,DELTA,NONE,NONE",
29.578944,2026-09-05T19:24:58.597+01:00,1898308,1612528,200,200,True,True,0x02,"NO_IRQ,OK,NO_IRQ,NO_IRQ","NONE,DELTA,NONE,NONE",
29.584642,2026-09-05T19:24:58.603+01:00,1898508,1612529,216,216,True,True,0x02,"NO_IRQ,OK,NO_IRQ,NO_IRQ","NONE,DELTA,NONE,NONE",
29.589139,2026-09-05T19:24:58.608+01:00,1898724,1612530,218,218,True,True,0x02,"NO_IRQ,OK,NO_IRQ,NO_IRQ","NONE,DELTA,NONE,NONE",
29.593753,2026-09-05T19:24:58.613+01:00,1898942,1612531,222,222,True,True,0x02,"NO_IRQ,OK,NO_IRQ,NO_IRQ","NONE,DELTA,NONE,NONE",
29.598382,2026-09-05T19:24:58.617+01:00,1899164,1612532,210,210,True,True,0x02,"NO_IRQ,OK,NO_IRQ,NO_IRQ","NONE,DELTA,NONE,NONE",
29.608792,2026-09-05T19:24:58.622+01:00,1899374,1612533,218,218,True,True,0x02,"NO_IRQ,OK,NO_IRQ,NO_IRQ","NONE,DELTA,NONE,NONE",
29.609156,2026-09-05T19:24:58.632+01:00,1899592,1612534,202,202,True,True,0x02,"NO_IRQ,OK,NO_IRQ,NO_IRQ","NONE,DELTA,NONE,NONE",
29.622314,2026-09-05T19:24:58.633+01:00,1899794,1612535,192,192,True,True,0x02,"NO_IRQ,OK,NO_IRQ,NO_IRQ","NONE,DELTA,NONE,NONE",
29.623279,2026-09-05T19:24:58.646+01:00,1899986,1612536,214,214,True,True,0x02,"NO_IRQ,OK,NO_IRQ,NO_IRQ","NONE,DELTA,NONE,NONE",
29.623864,2026-09-05T19:24:58.647+01:00,1900200,1612537,196,196,True,True,0x02,"NO_IRQ,OK,NO_IRQ,NO_IRQ","NONE,DELTA,NONE,NONE",
29.628791,2026-09-05T19:24:58.647+01:00,1900396,1612538,226,226,True,True,0x02,"NO_IRQ,OK,NO_IRQ,NO_IRQ","NONE,DELTA,NONE,NONE",
29.633351,2026-09-05T19:24:58.653+01:00,1900622,1612539,214,214,True,True,0x02,"NO_IRQ,OK,NO_IRQ,NO_IRQ","NONE,DELTA,NONE,NONE",
29.640183,2026-09-05T19:24:58.657+01:00,1900836,1612540,212,212,True,True,0x02,"NO_IRQ,OK,NO_IRQ,NO_IRQ","NONE,DELTA,NONE,NONE",
29.644263,2026-09-05T19:24:58.664+01:00,1901048,1612541,210,210,True,True,0x02,"NO_IRQ,OK,NO_IRQ,NO_IRQ","NONE,DELTA,NONE,NONE",
29.648357,2026-09-05T19:24:58.668+01:00,1901258,1612542,194,194,True,True,0x02,"NO_IRQ,OK,NO_IRQ,NO_IRQ","NONE,DELTA,NONE,NONE",
29.657870,2026-09-05T19:24:58.672+01:00,1901452,1612543,232,232,True,True,0x02,"NO_IRQ,OK,NO_IRQ,NO_IRQ","NONE,DELTA,NONE,NONE",
29.658784,2026-09-05T19:24:58.682+01:00,1901684,1612544,204,204,True,True,0x02,"NO_IRQ,OK,NO_IRQ,NO_IRQ","NONE,DELTA,NONE,NONE",
29.663732,2026-09-05T19:24:58.682+01:00,1901888,1612545,194,194,True,True,0x02,"NO_IRQ,OK,NO_IRQ,NO_IRQ","NONE,DELTA,NONE,NONE",
29.673928,2026-09-05T19:24:58.687+01:00,1902082,1612546,204,204,True,True,0x02,"NO_IRQ,OK,NO_IRQ,NO_IRQ","NONE,DELTA,NONE,NONE",
29.674802,2026-09-05T19:24:58.698+01:00,1902286,1612547,192,192,True,True,0x02,"NO_IRQ,OK,NO_IRQ,NO_IRQ","NONE,DELTA,NONE,NONE",
29.678515,2026-09-05T19:24:58.698+01:00,1902478,1612548,200,200,True,True,0x02,"NO_IRQ,OK,NO_IRQ,NO_IRQ","NONE,DELTA,NONE,NONE",
29.683481,2026-09-05T19:24:58.702+01:00,1902678,1612549,192,192,True,True,0x02,"NO_IRQ,OK,NO_IRQ,NO_IRQ","NONE,DELTA,NONE,NONE",
29.690782,2026-09-05T19:24:58.707+01:00,1902870,1612550,198,198,True,True,0x02,"NO_IRQ,OK,NO_IRQ,NO_IRQ","NONE,DELTA,NONE,NONE",
29.693742,2026-09-05T19:24:58.714+01:00,1903068,1612551,204,204,True,True,0x02,"NO_IRQ,OK,NO_IRQ,NO_IRQ","NONE,DELTA,NONE,NONE",
29.698287,2026-09-05T19:24:58.718+01:00,1903272,1612552,208,208,True,True,0x02,"NO_IRQ,OK,NO_IRQ,NO_IRQ","NONE,DELTA,NONE,NONE",
29.707773,2026-09-05T19:24:58.722+01:00,1903480,1612553,206,206,True,True,0x02,"NO_IRQ,OK,NO_IRQ,NO_IRQ","NONE,DELTA,NONE,NONE",
29.708641,2026-09-05T19:24:58.732+01:00,1903686,1612554,228,228,True,True,0x02,"NO_IRQ,OK,NO_IRQ,NO_IRQ","NONE,DELTA,NONE,NONE",
29.713464,2026-09-05T19:24:58.732+01:00,1903914,1612555,190,190,True,True,0x02,"NO_IRQ,OK,NO_IRQ,NO_IRQ","NONE,DELTA,NONE,NONE",
29.723814,2026-09-05T19:24:58.737+01:00,1904104,1612556,198,198,True,True,0x02,"NO_IRQ,OK,NO_IRQ,NO_IRQ","NONE,DELTA,NONE,NONE",
29.724564,2026-09-05T19:24:58.748+01:00,1904302,1612557,190,190,True,True,0x02,"NO_IRQ,OK,NO_IRQ,NO_IRQ","NONE,DELTA,NONE,NONE",
29.728461,2026-09-05T19:24:58.748+01:00,1904492,1612558,196,196,True,True,0x02,"NO_IRQ,OK,NO_IRQ,NO_IRQ","NONE,DELTA,NONE,NONE",
29.733142,2026-09-05T19:24:58.752+01:00,1904688,1612559,204,204,True,True,0x02,"NO_IRQ,OK,NO_IRQ,NO_IRQ","NONE,DELTA,NONE,NONE",
29.740276,2026-09-05T19:24:58.757+01:00,1904892,1612560,196,196,True,True,0x02,"NO_IRQ,OK,NO_IRQ,NO_IRQ","NONE,DELTA,NONE,NONE",
29.744266,2026-09-05T19:24:58.764+01:00,1905088,1612561,236,236,True,True,0x02,"NO_IRQ,OK,NO_IRQ,NO_IRQ","NONE,DELTA,NONE,NONE",
29.748165,2026-09-05T19:24:58.768+01:00,1905324,1612562,224,224,True,True,0x02,"NO_IRQ,OK,NO_IRQ,NO_IRQ","NONE,DELTA,NONE,NONE",
29.753529,2026-09-05T19:24:58.772+01:00,1905548,1612563,188,188,True,True,0x02,"NO_IRQ,OK,NO_IRQ,NO_IRQ","NONE,DELTA,NONE,NONE",
29.759010,2026-09-05T19:24:58.777+01:00,1905736,1612564,188,188,True,True,0x02,"NO_IRQ,OK,NO_IRQ,NO_IRQ","NONE,DELTA,NONE,NONE",
29.763135,2026-09-05T19:24:58.783+01:00,1905924,1612565,212,212,True,True,0x02,"NO_IRQ,OK,NO_IRQ,NO_IRQ","NONE,DELTA,NONE,NONE",
29.768056,2026-09-05T19:24:58.787+01:00,1906136,1612566,204,204,True,True,0x02,"NO_IRQ,OK,NO_IRQ,NO_IRQ","NONE,DELTA,NONE,NONE",
29.782811,2026-09-05T19:24:58.792+01:00,1906340,1612567,202,202,True,True,0x02,"NO_IRQ,OK,NO_IRQ,NO_IRQ","NONE,DELTA,NONE,NONE",
29.783693,2026-09-05T19:24:58.806+01:00,1906542,1612568,236,236,True,True,0x02,"NO_IRQ,OK,NO_IRQ,NO_IRQ","NONE,DELTA,NONE,NONE",
29.784414,2026-09-05T19:24:58.807+01:00,1906778,1612569,198,198,True,True,0x02,"NO_IRQ,OK,NO_IRQ,NO_IRQ","NONE,DELTA,NONE,NONE",
29.788235,2026-09-05T19:24:58.808+01:00,1906976,1612570,172,172,True,True,0x02,"NO_IRQ,OK,NO_IRQ,NO_IRQ","NONE,DELTA,NONE,NONE",
29.800159,2026-09-05T19:24:58.812+01:00,1907148,1612571,202,202,True,True,0x02,"NO_IRQ,OK,NO_IRQ,NO_IRQ","NONE,DELTA,NONE,NONE",
29.800869,2026-09-05T19:24:58.824+01:00,1907350,1612572,210,210,True,True,0x02,"NO_IRQ,OK,NO_IRQ,NO_IRQ","NONE,DELTA,NONE,NONE",
29.803460,2026-09-05T19:24:58.824+01:00,1907560,1612573,208,208,True,True,0x02,"NO_IRQ,OK,NO_IRQ,NO_IRQ","NONE,DELTA,NONE,NONE",
29.808280,2026-09-05T19:24:58.827+01:00,1907768,1612574,210,210,True,True,0x02,"NO_IRQ,OK,NO_IRQ,NO_IRQ","NONE,DELTA,NONE,NONE",
29.817472,2026-09-05T19:24:58.832+01:00,1907978,1612575,192,192,True,True,0x02,"NO_IRQ,OK,NO_IRQ,NO_IRQ","NONE,DELTA,NONE,NONE",
29.818186,2026-09-05T19:24:58.841+01:00,1908170,1612576,198,198,True,True,0x02,"NO_IRQ,OK,NO_IRQ,NO_IRQ","NONE,DELTA,NONE,NONE",
29.823142,2026-09-05T19:24:58.842+01:00,1908368,1612577,162,162,True,True,0x02,"NO_IRQ,OK,NO_IRQ,NO_IRQ","NONE,DELTA,NONE,NONE",
29.834023,2026-09-05T19:24:58.847+01:00,1908530,1612578,198,198,True,True,0x02,"NO_IRQ,OK,NO_IRQ,NO_IRQ","NONE,DELTA,NONE,NONE",
29.834739,2026-09-05T19:24:58.858+01:00,1908728,1612579,194,194,True,True,0x02,"NO_IRQ,OK,NO_IRQ,NO_IRQ","NONE,DELTA,NONE,NONE",
29.838167,2026-09-05T19:24:58.858+01:00,1908922,1612580,172,172,True,True,0x02,"NO_IRQ,OK,NO_IRQ,NO_IRQ","NONE,DELTA,NONE,NONE",
29.843345,2026-09-05T19:24:58.862+01:00,1909094,1612581,180,180,True,True,0x02,"NO_IRQ,OK,NO_IRQ,NO_IRQ","NONE,DELTA,NONE,NONE",
29.851020,2026-09-05T19:24:58.867+01:00,1909274,1612582,158,158,True,True,0x02,"NO_IRQ,OK,NO_IRQ,NO_IRQ","NONE,DELTA,NONE,NONE",
29.853054,2026-09-05T19:24:58.875+01:00,1909432,1612583,174,174,True,True,0x02,"NO_IRQ,OK,NO_IRQ,NO_IRQ","NONE,DELTA,NONE,NONE",
29.858108,2026-09-05T19:24:58.877+01:00,1909606,1612584,176,176,True,True,0x02,"NO_IRQ,OK,NO_IRQ,NO_IRQ","NONE,DELTA,NONE,NONE",
29.868412,2026-09-05T19:24:58.882+01:00,1909782,1612585,172,172,True,True,0x02,"NO_IRQ,OK,NO_IRQ,NO_IRQ","NONE,DELTA,NONE,NONE",
29.869078,2026-09-05T19:24:58.892+01:00,1909954,1612586,184,184,True,True,0x02,"NO_IRQ,OK,NO_IRQ,NO_IRQ","NONE,DELTA,NONE,NONE",
29.873076,2026-09-05T19:24:58.893+01:00,1910138,1612587,200,200,True,True,0x02,"NO_IRQ,OK,NO_IRQ,NO_IRQ","NONE,DELTA,NONE,NONE",
29.878439,2026-09-05T19:24:58.897+01:00,1910338,1612588,168,168,True,True,0x02,"NO_IRQ,OK,NO_IRQ,NO_IRQ","NONE,DELTA,NONE,NONE",
29.885072,2026-09-05T19:24:58.902+01:00,1910506,1612589,176,176,True,True,0x02,"NO_IRQ,OK,NO_IRQ,NO_IRQ","NONE,DELTA,NONE,NONE",
29.888015,2026-09-05T19:24:58.909+01:00,1910682,1612590,158,158,True,True,0x02,"NO_IRQ,OK,NO_IRQ,NO_IRQ","NONE,DELTA,NONE,NONE",
29.893743,2026-09-05T19:24:58.912+01:00,1910840,1612591,170,170,True,True,0x02,"NO_IRQ,OK,NO_IRQ,NO_IRQ","NONE,DELTA,NONE,NONE",
29.901609,2026-09-05T19:24:58.918+01:00,1911010,1612592,174,174,True,True,0x02,"NO_IRQ,OK,NO_IRQ,NO_IRQ","NONE,DELTA,NONE,NONE",
29.902813,2026-09-05T19:24:58.925+01:00,1911184,1612593,192,192,True,True,0x02,"NO_IRQ,OK,NO_IRQ,NO_IRQ","NONE,DELTA,NONE,NONE",
29.908337,2026-09-05T19:24:58.926+01:00,1911376,1612594,188,188,True,True,0x02,"NO_IRQ,OK,NO_IRQ,NO_IRQ","NONE,DELTA,NONE,NONE",
29.914054,2026-09-05T19:24:58.932+01:00,1911564,1612595,198,198,True,True,0x02,"NO_IRQ,OK,NO_IRQ,NO_IRQ","NONE,DELTA,NONE,NONE",
29.918374,2026-09-05T19:24:58.938+01:00,1911762,1612596,176,176,True,True,0x02,"NO_IRQ,OK,NO_IRQ,NO_IRQ","NONE,DELTA,NONE,NONE",
29.923179,2026-09-05T19:24:58.942+01:00,1911938,1612597,198,198,True,True,0x02,"NO_IRQ,OK,NO_IRQ,NO_IRQ","NONE,DELTA,NONE,NONE",
29.927974,2026-09-05T19:24:58.947+01:00,1912136,1612598,208,208,True,True,0x02,"NO_IRQ,OK,NO_IRQ,NO_IRQ","NONE,DELTA,NONE,NONE",
29.940021,2026-09-05T19:24:58.952+01:00,1912344,1612599,168,168,True,True,0x02,"NO_IRQ,OK,NO_IRQ,NO_IRQ","NONE,DELTA,NONE,NONE",
29.940334,2026-09-05T19:24:58.964+01:00,1912512,1612600,168,168,True,True,0x02,"NO_IRQ,OK,NO_IRQ,NO_IRQ","NONE,DELTA,NONE,NONE",
29.953543,2026-09-05T19:24:58.964+01:00,1912680,1612601,180,180,True,True,0x02,"NO_IRQ,OK,NO_IRQ,NO_IRQ","NONE,DELTA,NONE,NONE",
29.954395,2026-09-05T19:24:58.977+01:00,1912860,1612602,168,168,True,True,0x02,"NO_IRQ,OK,NO_IRQ,NO_IRQ","NONE,DELTA,NONE,NONE",
29.955084,2026-09-05T19:24:58.978+01:00,1913028,1612603,160,160,True,True,0x02,"NO_IRQ,OK,NO_IRQ,NO_IRQ","NONE,DELTA,NONE,NONE",
29.958027,2026-09-05T19:24:58.979+01:00,1913188,1612604,184,184,True,True,0x02,"NO_IRQ,OK,NO_IRQ,NO_IRQ","NONE,DELTA,NONE,NONE",
29.962878,2026-09-05T19:24:58.982+01:00,1913372,1612605,172,172,True,True,0x02,"NO_IRQ,OK,NO_IRQ,NO_IRQ","NONE,DELTA,NONE,NONE",
29.971127,2026-09-05T19:24:58.987+01:00,1913544,1612606,182,182,True,True,0x02,"NO_IRQ,OK,NO_IRQ,NO_IRQ","NONE,DELTA,NONE,NONE",
29.972922,2026-09-05T19:24:58.995+01:00,1913726,1612607,186,186,True,True,0x02,"NO_IRQ,OK,NO_IRQ,NO_IRQ","NONE,DELTA,NONE,NONE",
29.977947,2026-09-05T19:24:58.996+01:00,1913912,1612608,136,136,True,True,0x02,"NO_IRQ,OK,NO_IRQ,NO_IRQ","NONE,DELTA,NONE,NONE",
29.988661,2026-09-05T19:24:59.002+01:00,1914048,1612609,156,156,True,True,0x02,"NO_IRQ,OK,NO_IRQ,NO_IRQ","NONE,DELTA,NONE,NONE",
29.989270,2026-09-05T19:24:59.012+01:00,1914204,1612610,174,174,True,True,0x02,"NO_IRQ,OK,NO_IRQ,NO_IRQ","NONE,DELTA,NONE,NONE",
29.992890,2026-09-05T19:24:59.013+01:00,1914378,1612611,186,186,True,True,0x02,"NO_IRQ,OK,NO_IRQ,NO_IRQ","NONE,DELTA,NONE,NONE",
29.998051,2026-09-05T19:24:59.017+01:00,1914564,1612612,176,176,True,True,0x02,"NO_IRQ,OK,NO_IRQ,NO_IRQ","NONE,DELTA,NONE,NONE",
30.004842,2026-09-05T19:24:59.022+01:00,1914740,1612613,174,174,True,True,0x02,"NO_IRQ,OK,NO_IRQ,NO_IRQ","NONE,DELTA,NONE,NONE",
